#2026 08 25 11:28:16.856#Z#INFO#1118e5ca-a078-11f1-87c7-eeee0a8e79e5.OPERATION#http-nio-0.0.0.0-8080-exec-3#
[XS2StartProcessListener] Operation ID: 1118e5ca-a078-11f1-87c7-eeee0a8e79e5#
#2026 08 25 11:28:16.875#Z#DEBUG#1118e5ca-a078-11f1-87c7-eeee0a8e79e5.OPERATION#http-nio-0.0.0.0-8080-exec-3#
[XS2StartProcessListener] Process environment: {
  "SKIP_SSL_VALIDATION" : "false",
  "FLOWABLE_JOB_EXECUTOR_MAX_THREADS" : "32",
  "VERSION" : "2.52.0",
  "BASIC_AUTH_ENABLED" : "true",
  "FLOWABLE_JOB_EXECUTOR_QUEUE_CAPACITY" : "16",
  "FLOWABLE_JOB_EXECUTOR_CORE_THREADS" : "8"
}#
#2026 08 25 11:28:16.875#Z#DEBUG#1118e5ca-a078-11f1-87c7-eeee0a8e79e5.OPERATION#http-nio-0.0.0.0-8080-exec-3#
[XS2StartProcessListener] Current user: satyasri.thotakura98@gmail.com#
#2026 08 25 11:28:16.875#Z#DEBUG#1118e5ca-a078-11f1-87c7-eeee0a8e79e5.OPERATION#http-nio-0.0.0.0-8080-exec-3#
[XS2StartProcessListener] Client space: dev#
#2026 08 25 11:28:16.875#Z#DEBUG#1118e5ca-a078-11f1-87c7-eeee0a8e79e5.OPERATION#http-nio-0.0.0.0-8080-exec-3#
[XS2StartProcessListener] Client organization: 94060551trial#
#2026 08 25 11:28:16.875#Z#INFO#1118e5ca-a078-11f1-87c7-eeee0a8e79e5.OPERATION#http-nio-0.0.0.0-8080-exec-3#
[XS2StartProcessListener] Process variables: {
  "keepFiles" : false,
  "skipAppDigestCalculation" : false,
  "abortOnError" : false,
  "mtaId" : "ResilienceCockpit",
  "noFailOnMissingPermissions" : false,
  "isSecurityEnabled" : false,
  "apiRequestPath" : "https://deploy-service.cf.us10-003.hana.ondemand.com/api/v1/spaces/039a1fe6-69a4-4c1e-9b8f-a64d47329d3e/operations",
  "deleteServiceBrokers" : false,
  "appArchiveId" : "0328aeb5-cccc-49e0-a453-d11f5db57446",
  "isDisposableUserProvidedServiceEnabled" : false,
  "deleteServiceKeys" : false,
  "noRestartSubscribedApps" : false,
  "noStart" : false,
  "deleteServices" : false
}#
#2026 08 25 11:28:16.916#Z#DEBUG#1118e5ca-a078-11f1-87c7-eeee0a8e79e5.OPERATION#flowable-async-job-executor-thread-4366#
[ValidateDeployParametersStep] Executing task "validateParametersTask" of process "1118e5f0-a078-11f1-87c7-eeee0a8e79e5"...#
#2026 08 25 11:28:16.916#Z#DEBUG#1118e5ca-a078-11f1-87c7-eeee0a8e79e5.OPERATION#flowable-async-job-executor-thread-4366#
[ValidateDeployParametersStep] Validating parameters...#
#2026 08 25 11:28:16.917#Z#INFO#1118e5ca-a078-11f1-87c7-eeee0a8e79e5.OPERATION#flowable-async-job-executor-thread-4366#
[ValidateDeployParametersStep] Size of mtars is 17,585,972 and size of extension descriptors is 0#
#2026 08 25 11:28:16.950#Z#INFO#1118e5ca-a078-11f1-87c7-eeee0a8e79e5.OPERATION#flowable-async-job-executor-thread-4366#
[ValidateDeployParametersStep] Archive was not split! Total size in bytes: 17,585,972#
#2026 08 25 11:28:16.950#Z#INFO#1118e5ca-a078-11f1-87c7-eeee0a8e79e5.OPERATION#flowable-async-job-executor-thread-4366#
[ValidateDeployParametersStep] Deploying in org "94060551trial" and space "dev"#
#2026 08 25 11:28:16.954#Z#DEBUG#1118e5ca-a078-11f1-87c7-eeee0a8e79e5.OPERATION#flowable-async-job-executor-thread-4366#
[ValidateDeployParametersStep] Parameters validated#
#2026 08 25 11:28:16.954#Z#DEBUG#1118e5ca-a078-11f1-87c7-eeee0a8e79e5.OPERATION#flowable-async-job-executor-thread-4366#
Step "Validate Parameters" finished#
#2026 08 25 11:28:16.973#Z#DEBUG#1118e5ca-a078-11f1-87c7-eeee0a8e79e5.OPERATION#flowable-async-job-executor-thread-4367#
[DeleteRemainingFileParts] Executing task "deleteRemainingFileParts" of process "1118e5f0-a078-11f1-87c7-eeee0a8e79e5"...#
#2026 08 25 11:28:16.974#Z#DEBUG#1118e5ca-a078-11f1-87c7-eeee0a8e79e5.OPERATION#flowable-async-job-executor-thread-4367#
Step "Delete Remaining File Parts" finished#
#2026 08 25 11:28:16.993#Z#DEBUG#1118e5ca-a078-11f1-87c7-eeee0a8e79e5.OPERATION#flowable-async-job-executor-thread-4368#
[XS2ProcessMtaArchiveStep] Executing task "processArchiveTask" of process "1118e5f0-a078-11f1-87c7-eeee0a8e79e5"...#
#2026 08 25 11:28:16.993#Z#DEBUG#1118e5ca-a078-11f1-87c7-eeee0a8e79e5.OPERATION#flowable-async-job-executor-thread-4368#
[XS2ProcessMtaArchiveStep] Processing MTA archive...#
#2026 08 25 11:28:16.993#Z#DEBUG#1118e5ca-a078-11f1-87c7-eeee0a8e79e5.OPERATION#flowable-async-job-executor-thread-4368#
[XS2ProcessMtaArchiveStep] MTA Archive ID: 0328aeb5-cccc-49e0-a453-d11f5db57446#
#2026 08 25 11:28:17.235#Z#DEBUG#1118e5ca-a078-11f1-87c7-eeee0a8e79e5.OPERATION#flowable-async-job-executor-thread-4368#
[XS2ProcessMtaArchiveStep] MTA Descriptor length: 4,039#
#2026 08 25 11:28:17.235#Z#DEBUG#1118e5ca-a078-11f1-87c7-eeee0a8e79e5.OPERATION#flowable-async-job-executor-thread-4368#
[XS2ProcessMtaArchiveStep] MTA Archive Modules: [ResilienceCockpit-srv, ResilienceCockpit-app-deployer, ResilienceCockpit-db-deployer]#
#2026 08 25 11:28:17.235#Z#DEBUG#1118e5ca-a078-11f1-87c7-eeee0a8e79e5.OPERATION#flowable-async-job-executor-thread-4368#
[XS2ProcessMtaArchiveStep] MTA Archive Requires: []#
#2026 08 25 11:28:17.235#Z#DEBUG#1118e5ca-a078-11f1-87c7-eeee0a8e79e5.OPERATION#flowable-async-job-executor-thread-4368#
[XS2ProcessMtaArchiveStep] MTA Archive Resources: [ResilienceCockpit-auth]#
#2026 08 25 11:28:17.242#Z#DEBUG#1118e5ca-a078-11f1-87c7-eeee0a8e79e5.OPERATION#flowable-async-job-executor-thread-4368#
[XS2ProcessMtaArchiveStep] MTA archive processed#
#2026 08 25 11:28:17.242#Z#DEBUG#1118e5ca-a078-11f1-87c7-eeee0a8e79e5.OPERATION#flowable-async-job-executor-thread-4368#
Step "Process Archive" finished#
#2026 08 25 11:28:17.266#Z#DEBUG#1118e5ca-a078-11f1-87c7-eeee0a8e79e5.OPERATION#flowable-async-job-executor-thread-4369#
[ProcessMtaExtensionDescriptorsStep] Executing task "processExtensionDescriptorsTask" of process "1118e5f0-a078-11f1-87c7-eeee0a8e79e5"...#
#2026 08 25 11:28:17.267#Z#DEBUG#1118e5ca-a078-11f1-87c7-eeee0a8e79e5.OPERATION#flowable-async-job-executor-thread-4369#
[ProcessMtaExtensionDescriptorsStep] Processing MTA extension descriptors...#
#2026 08 25 11:28:17.268#Z#DEBUG#1118e5ca-a078-11f1-87c7-eeee0a8e79e5.OPERATION#flowable-async-job-executor-thread-4369#
[ProcessMtaExtensionDescriptorsStep] Provided extension descriptors: [ ]#
#2026 08 25 11:28:17.268#Z#DEBUG#1118e5ca-a078-11f1-87c7-eeee0a8e79e5.OPERATION#flowable-async-job-executor-thread-4369#
[ProcessMtaExtensionDescriptorsStep] No extension descriptors in use#
#2026 08 25 11:28:17.268#Z#DEBUG#1118e5ca-a078-11f1-87c7-eeee0a8e79e5.OPERATION#flowable-async-job-executor-thread-4369#
[ProcessMtaExtensionDescriptorsStep] MTA extension descriptors processed#
#2026 08 25 11:28:17.268#Z#DEBUG#1118e5ca-a078-11f1-87c7-eeee0a8e79e5.OPERATION#flowable-async-job-executor-thread-4369#
Step "Process Extension Descriptors" finished#
#2026 08 25 11:28:17.288#Z#DEBUG#1118e5ca-a078-11f1-87c7-eeee0a8e79e5.OPERATION#flowable-async-job-executor-thread-4370#
[XS2DetectMtaSchemaVersionStep] Executing task "detectSchemaVersionTask" of process "1118e5f0-a078-11f1-87c7-eeee0a8e79e5"...#
#2026 08 25 11:28:17.289#Z#DEBUG#1118e5ca-a078-11f1-87c7-eeee0a8e79e5.OPERATION#flowable-async-job-executor-thread-4370#
[XS2DetectMtaSchemaVersionStep] Detecting MTA major schema version...#
#2026 08 25 11:28:17.290#Z#INFO#1118e5ca-a078-11f1-87c7-eeee0a8e79e5.OPERATION#flowable-async-job-executor-thread-4370#
[XS2DetectMtaSchemaVersionStep] Detected MTA schema version: "3"#
#2026 08 25 11:28:17.293#Z#DEBUG#1118e5ca-a078-11f1-87c7-eeee0a8e79e5.OPERATION#flowable-async-job-executor-thread-4370#
Step "Detect Schema Version" finished#
#2026 08 25 11:28:17.312#Z#DEBUG#1118e5ca-a078-11f1-87c7-eeee0a8e79e5.OPERATION#flowable-async-job-executor-thread-4371#
[MergeDescriptorsStep] Executing task "mergeDescriptorsTask" of process "1118e5f0-a078-11f1-87c7-eeee0a8e79e5"...#
#2026 08 25 11:28:17.313#Z#DEBUG#1118e5ca-a078-11f1-87c7-eeee0a8e79e5.OPERATION#flowable-async-job-executor-thread-4371#
[MergeDescriptorsStep] Validating and merging descriptors...#
#2026 08 25 11:28:17.315#Z#DEBUG#1118e5ca-a078-11f1-87c7-eeee0a8e79e5.OPERATION#flowable-async-job-executor-thread-4371#
[MergeDescriptorsStep] Merged deployment descriptor: {
  "majorSchemaVersion" : 3,
  "schemaVersion" : "3.3.0",
  "id" : "ResilienceCockpit",
  "version" : "1.0.0",
  "modules" : [ {
    "majorSchemaVersion" : 3,
    "name" : "ResilienceCockpit-srv",
    "type" : "javascript.nodejs",
    "path" : "ResilienceCockpit-srv",
    "properties" : { },
    "parameters" : {
      "buildpack" : "nodejs_buildpack",
      "instances" : 1
    },
    "requiredDependencies" : [ {
      "majorSchemaVersion" : 3,
      "name" : "********",
      "properties" : { },
      "parameters" : { },
      "propertiesMetadata" : {
        "metadata" : { }
      },
      "parametersMetadata" : {
        "metadata" : { }
      }
    }, {
      "majorSchemaVersion" : 3,
      "name" : "ResilienceCockpit-db",
      "properties" : { },
      "parameters" : { },
      "propertiesMetadata" : {
        "metadata" : { }
      },
      "parametersMetadata" : {
        "metadata" : { }
      }
    }, {
      "majorSchemaVersion" : 3,
      "name" : "ResilienceCockpit-connectivity",
      "properties" : { },
      "parameters" : { },
      "propertiesMetadata" : {
        "metadata" : { }
      },
      "parametersMetadata" : {
        "metadata" : { }
      }
    }, {
      "majorSchemaVersion" : 3,
      "name" : "ResilienceCockpit-destination",
      "properties" : { },
      "parameters" : { },
      "propertiesMetadata" : {
        "metadata" : { }
      },
      "parametersMetadata" : {
        "metadata" : { }
      }
    }, {
      "majorSchemaVersion" : 3,
      "name" : "ResilienceCockpit-logging",
      "properties" : { },
      "parameters" : { },
      "propertiesMetadata" : {
        "metadata" : { }
      },
      "parametersMetadata" : {
        "metadata" : { }
      }
    } ],
    "providedDependencies" : [ {
      "majorSchemaVersion" : 3,
      "name" : "srv-api",
      "isPublic" : false,
      "properties" : {
        "srv-url" : "${default-url}"
      },
      "parameters" : { },
      "propertiesMetadata" : {
        "metadata" : { }
      },
      "parametersMetadata" : {
        "metadata" : { }
      }
    }, {
      "majorSchemaVersion" : 3,
      "name" : "ResilienceCockpit-srv",
      "isPublic" : false,
      "properties" : { },
      "parameters" : { },
      "propertiesMetadata" : {
        "metadata" : { }
      },
      "parametersMetadata" : {
        "metadata" : { }
      }
    } ],
    "propertiesMetadata" : {
      "metadata" : { }
    },
    "parametersMetadata" : {
      "metadata" : { }
    },
    "hooks" : [ ]
  }, {
    "majorSchemaVersion" : 3,
    "name" : "ResilienceCockpit-db-deployer",
    "type" : "com.sap.xs.hdi",
    "path" : "ResilienceCockpit-db-deployer",
    "properties" : {
      "EXIT" : 1
    },
    "parameters" : {
      "memory" : "256M",
      "buildpack" : "nodejs_buildpack",
      "no-route" : true,
      "dependency-type" : "hard",
      "tasks" : [ {
        "name" : "deploy",
        "memory" : "256M",
        "command" : "npm start"
      } ],
      "no-start" : true
    },
    "requiredDependencies" : [ {
      "majorSchemaVersion" : 3,
      "name" : "ResilienceCockpit-db",
      "properties" : { },
      "parameters" : { },
      "propertiesMetadata" : {
        "metadata" : { }
      },
      "parametersMetadata" : {
        "metadata" : { }
      }
    } ],
    "providedDependencies" : [ {
      "majorSchemaVersion" : 3,
      "name" : "ResilienceCockpit-db-deployer",
      "isPublic" : false,
      "properties" : { },
      "parameters" : { },
      "propertiesMetadata" : {
        "metadata" : { }
      },
      "parametersMetadata" : {
        "metadata" : { }
      }
    } ],
    "propertiesMetadata" : {
      "metadata" : { }
    },
    "parametersMetadata" : {
      "metadata" : { }
    },
    "hooks" : [ ]
  }, {
    "majorSchemaVersion" : 3,
    "name" : "ResilienceCockpit-app-deployer",
    "type" : "com.sap.application.content",
    "path" : "ResilienceCockpit-app-deployer",
    "properties" : { },
    "parameters" : { },
    "requiredDependencies" : [ {
      "majorSchemaVersion" : 3,
      "name" : "********",
      "properties" : { },
      "parameters" : { },
      "propertiesMetadata" : {
        "metadata" : { }
      },
      "parametersMetadata" : {
        "metadata" : { }
      }
    }, {
      "majorSchemaVersion" : 3,
      "name" : "srv-api",
      "properties" : { },
      "parameters" : { },
      "propertiesMetadata" : {
        "metadata" : { }
      },
      "parametersMetadata" : {
        "metadata" : { }
      }
    }, {
      "majorSchemaVersion" : 3,
      "name" : "ResilienceCockpit-html5-repo-host",
      "properties" : { },
      "parameters" : {
        "config" : {
          "HTML5Runtime_enabled" : false
        },
        "content-target" : true
      },
      "propertiesMetadata" : {
        "metadata" : { }
      },
      "parametersMetadata" : {
        "metadata" : { }
      }
    } ],
    "providedDependencies" : [ {
      "majorSchemaVersion" : 3,
      "name" : "ResilienceCockpit-app-deployer",
      "isPublic" : false,
      "properties" : { },
      "parameters" : { },
      "propertiesMetadata" : {
        "metadata" : { }
      },
      "parametersMetadata" : {
        "metadata" : { }
      }
    } ],
    "propertiesMetadata" : {
      "metadata" : { }
    },
    "parametersMetadata" : {
      "metadata" : { }
    },
    "hooks" : [ ]
  }, {
    "majorSchemaVersion" : 3,
    "name" : "ResilienceCockpit-destination-content",
    "type" : "com.sap.application.content",
    "properties" : { },
    "parameters" : {
      "content" : {
        "instance" : {
          "destinations" : [ {
            "Authentication" : "********",
            "Name" : "srv-api",
            "TokenServiceInstanceName" : "********",
            "TokenServiceKeyName" : "********",
            "URL" : "~{srv-api/srv-url}"
          }, {
            "Name" : "ResilienceCockpit-html5-repo-host",
            "ServiceInstanceName" : "ResilienceCockpit-html5-repo-host",
            "ServiceKeyName" : "********",
            "sap.cloud.service" : "nexus"
          }, {
            "Authentication" : "********",
            "Name" : "********",
            "ServiceInstanceName" : "********",
            "ServiceKeyName" : "********"
          } ],
          "existing_destinations_policy" : "update"
        }
      }
    },
    "requiredDependencies" : [ {
      "majorSchemaVersion" : 3,
      "name" : "********",
      "properties" : { },
      "parameters" : {
        "service-key" : "********"
      },
      "propertiesMetadata" : {
        "metadata" : { }
      },
      "parametersMetadata" : {
        "metadata" : { }
      }
    }, {
      "majorSchemaVersion" : 3,
      "name" : "ResilienceCockpit-html5-repo-host",
      "properties" : { },
      "parameters" : {
        "service-key" : "********"
      },
      "propertiesMetadata" : {
        "metadata" : { }
      },
      "parametersMetadata" : {
        "metadata" : { }
      }
    }, {
      "majorSchemaVersion" : 3,
      "name" : "srv-api",
      "properties" : { },
      "parameters" : { },
      "propertiesMetadata" : {
        "metadata" : { }
      },
      "parametersMetadata" : {
        "metadata" : { }
      }
    }, {
      "majorSchemaVersion" : 3,
      "name" : "ResilienceCockpit-destination",
      "properties" : { },
      "parameters" : {
        "content-target" : true
      },
      "propertiesMetadata" : {
        "metadata" : { }
      },
      "parametersMetadata" : {
        "metadata" : { }
      }
    } ],
    "providedDependencies" : [ {
      "majorSchemaVersion" : 3,
      "name" : "ResilienceCockpit-destination-content",
      "isPublic" : false,
      "properties" : { },
      "parameters" : { },
      "propertiesMetadata" : {
        "metadata" : { }
      },
      "parametersMetadata" : {
        "metadata" : { }
      }
    } ],
    "propertiesMetadata" : {
      "metadata" : { }
    },
    "parametersMetadata" : {
      "metadata" : { }
    },
    "hooks" : [ ]
  } ],
  "resources" : [ {
    "majorSchemaVersion" : 3,
    "name" : "********",
    "type" : "org.cloudfoundry.managed-service",
    "properties" : { },
    "parameters" : {
      "path" : "./xs-security.json",
      "service-plan" : "application",
      "type" : "managed-service",
      "config" : {
        "oauth2-configuration" : "********",
        "tenant-mode" : "dedicated",
        "xsappname" : "ResilienceCockpit-${org}-${space}"
      },
      "service" : "xsuaa"
    },
    "isActive" : true,
    "isOptional" : false,
    "propertiesMetadata" : {
      "metadata" : { }
    },
    "parametersMetadata" : {
      "metadata" : { }
    },
    "requiredDependencies" : [ ],
    "processedAfter" : [ ]
  }, {
    "majorSchemaVersion" : 3,
    "name" : "ResilienceCockpit-db",
    "type" : "com.sap.xs.hdi-container",
    "properties" : { },
    "parameters" : {
      "type" : "managed-service",
      "service" : "hana",
      "service-plan" : "hdi-shared"
    },
    "isActive" : true,
    "isOptional" : false,
    "propertiesMetadata" : {
      "metadata" : { }
    },
    "parametersMetadata" : {
      "metadata" : { }
    },
    "requiredDependencies" : [ ],
    "processedAfter" : [ ]
  }, {
    "majorSchemaVersion" : 3,
    "name" : "ResilienceCockpit-connectivity",
    "type" : "org.cloudfoundry.managed-service",
    "properties" : { },
    "parameters" : {
      "type" : "managed-service",
      "service" : "connectivity",
      "service-plan" : "lite"
    },
    "isActive" : true,
    "isOptional" : false,
    "propertiesMetadata" : {
      "metadata" : { }
    },
    "parametersMetadata" : {
      "metadata" : { }
    },
    "requiredDependencies" : [ ],
    "processedAfter" : [ ]
  }, {
    "majorSchemaVersion" : 3,
    "name" : "ResilienceCockpit-destination",
    "type" : "org.cloudfoundry.managed-service",
    "properties" : { },
    "parameters" : {
      "service-plan" : "lite",
      "type" : "managed-service",
      "config" : {
        "HTML5Runtime_enabled" : true,
        "init_data" : {
          "instance" : {
            "destinations" : [ {
              "Authentication" : "********",
              "Name" : "ui5",
              "ProxyType" : "Internet",
              "Type" : "HTTP",
              "URL" : "https://ui5.sap.com"
            }, {
              "Authentication" : "********",
              "HTML5.DynamicDestination" : true,
              "HTML5.ForwardAuthToken" : "********",
              "Name" : "srv-api",
              "ProxyType" : "Internet",
              "Type" : "HTTP",
              "URL" : "~{srv-api/srv-url}"
            } ],
            "existing_destinations_policy" : "update"
          }
        }
      },
      "service" : "destination"
    },
    "isActive" : true,
    "isOptional" : false,
    "propertiesMetadata" : {
      "metadata" : { }
    },
    "parametersMetadata" : {
      "metadata" : { }
    },
    "requiredDependencies" : [ {
      "majorSchemaVersion" : 3,
      "name" : "srv-api",
      "properties" : { },
      "parameters" : { },
      "propertiesMetadata" : {
        "metadata" : { }
      },
      "parametersMetadata" : {
        "metadata" : { }
      }
    } ],
    "processedAfter" : [ ]
  }, {
    "majorSchemaVersion" : 3,
    "name" : "ResilienceCockpit-html5-repo-host",
    "type" : "org.cloudfoundry.managed-service",
    "properties" : { },
    "parameters" : {
      "type" : "managed-service",
      "service" : "html5-apps-repo",
      "service-plan" : "app-host"
    },
    "isActive" : true,
    "isOptional" : false,
    "propertiesMetadata" : {
      "metadata" : { }
    },
    "parametersMetadata" : {
      "metadata" : { }
    },
    "requiredDependencies" : [ ],
    "processedAfter" : [ ]
  }, {
    "majorSchemaVersion" : 3,
    "name" : "ResilienceCockpit-logging",
    "type" : "org.cloudfoundry.managed-service",
    "properties" : { },
    "parameters" : {
      "type" : "managed-service",
      "service" : "application-logs",
      "service-plan" : "lite"
    },
    "isActive" : true,
    "isOptional" : false,
    "propertiesMetadata" : {
      "metadata" : { }
    },
    "parametersMetadata" : {
      "metadata" : { }
    },
    "requiredDependencies" : [ ],
    "processedAfter" : [ ]
  } ],
  "parameters" : {
    "enable-parallel-deployments" : true,
    "deploy_mode" : "html5-repo"
  },
  "parametersMetadata" : {
    "metadata" : { }
  }
}#
#2026 08 25 11:28:17.317#Z#DEBUG#1118e5ca-a078-11f1-87c7-eeee0a8e79e5.OPERATION#flowable-async-job-executor-thread-4371#
[MergeDescriptorsStep] Descriptors validated and merged#
#2026 08 25 11:28:17.317#Z#DEBUG#1118e5ca-a078-11f1-87c7-eeee0a8e79e5.OPERATION#flowable-async-job-executor-thread-4371#
Step "Merge Descriptors" finished#
#2026 08 25 11:28:17.339#Z#DEBUG#1118e5ca-a078-11f1-87c7-eeee0a8e79e5.OPERATION#flowable-async-job-executor-thread-4372#
[DetectDeployedMtaStep] Executing task "detectDeployedMtaTask" of process "1118e5f0-a078-11f1-87c7-eeee0a8e79e5"...#
#2026 08 25 11:28:17.339#Z#DEBUG#1118e5ca-a078-11f1-87c7-eeee0a8e79e5.OPERATION#flowable-async-job-executor-thread-4372#
[DetectDeployedMtaStep] Detecting deployed MTA...#
#2026 08 25 11:28:17.405#Z#DEBUG#1118e5ca-a078-11f1-87c7-eeee0a8e79e5.OPERATION#flowable-async-job-executor-thread-4372#
[DetectDeployedMtaStep] Detecting MTA by id ResilienceCockpit and namespace null#
#2026 08 25 11:28:17.405#Z#DEBUG#1118e5ca-a078-11f1-87c7-eeee0a8e79e5.OPERATION#flowable-async-job-executor-thread-4372#
[DetectDeployedMtaStep] Getting applications by metadata label selector "mta_id=12714f170fc41ee91010bfb8bfd6b5c9,!mta_namespace"...#
#2026 08 25 11:28:17.454#Z#DEBUG#1118e5ca-a078-11f1-87c7-eeee0a8e79e5.OPERATION#flowable-async-job-executor-thread-4372#
[DetectDeployedMtaStep] Getting service instances by metadata label selector "mta_id=12714f170fc41ee91010bfb8bfd6b5c9,!mta_namespace"...#
#2026 08 25 11:28:17.567#Z#DEBUG#1118e5ca-a078-11f1-87c7-eeee0a8e79e5.OPERATION#flowable-async-job-executor-thread-4372#
[DetectDeployedMtaStep] Deployed MTA: {
  "metadata" : {
    "id" : "ResilienceCockpit",
    "version" : "1.0.0"
  },
  "applications" : [ {
    "name" : "ResilienceCockpit-srv",
    "metadata" : {
      "guid" : "846298f7-a9cf-4b9f-a20b-63e370407f6e",
      "createdAt" : [ 2026, 8, 25, 8, 30, 21 ],
      "updatedAt" : [ 2026, 8, 25, 10, 40, 45 ]
    },
    "v3Metadata" : {
      "annotations" : {
        "mta_id" : "ResilienceCockpit",
        "mta_version" : "1.0.0",
        "mta_module" : "{\"name\":\"ResilienceCockpit-srv\"}",
        "mta_module_provided_dependencies" : "[]",
        "mta_bound_services" : "********"
      },
      "labels" : {
        "mta_id" : "12714f170fc41ee91010bfb8bfd6b5c9"
      }
    },
    "state" : "STARTED",
    "lifecycle" : {
      "type" : "BUILDPACK",
      "data" : {
        "stack" : "cflinuxfs4",
        "buildpacks" : [ "nodejs_buildpack" ]
      }
    },
    "space" : {
      "name" : "dev",
      "metadata" : {
        "guid" : "039a1fe6-69a4-4c1e-9b8f-a64d47329d3e",
        "createdAt" : [ 2026, 7, 19, 3, 49, 2 ],
        "updatedAt" : [ 2026, 7, 19, 3, 49, 2 ]
      },
      "organization" : {
        "name" : "94060551trial",
        "metadata" : {
          "guid" : "78e7b825-503f-4bdc-af4e-be86d7f43c8e",
          "createdAt" : [ 2026, 7, 19, 3, 49, 1 ],
          "updatedAt" : [ 2026, 7, 19, 3, 49, 2 ]
        }
      }
    },
    "moduleName" : "ResilienceCockpit-srv",
    "boundMtaServices" : [ "********", "ResilienceCockpit-db", "ResilienceCockpit-connectivity", "ResilienceCockpit-destination", "ResilienceCockpit-logging" ],
    "providedDependencyNames" : [ ],
    "productizationState" : "LIVE"
  }, {
    "name" : "ResilienceCockpit-db-deployer",
    "metadata" : {
      "guid" : "2d23200b-60aa-4519-b7f8-9f40de7a8ecc",
      "createdAt" : [ 2026, 8, 25, 8, 30, 23 ],
      "updatedAt" : [ 2026, 8, 25, 10, 40, 14 ]
    },
    "v3Metadata" : {
      "annotations" : {
        "mta_id" : "ResilienceCockpit",
        "mta_version" : "1.0.0",
        "mta_module" : "{\"name\":\"ResilienceCockpit-db-deployer\"}",
        "mta_module_provided_dependencies" : "[]",
        "mta_bound_services" : "[\"ResilienceCockpit-db\"]"
      },
      "labels" : {
        "mta_id" : "12714f170fc41ee91010bfb8bfd6b5c9"
      }
    },
    "state" : "STOPPED",
    "lifecycle" : {
      "type" : "BUILDPACK",
      "data" : {
        "stack" : "cflinuxfs4",
        "buildpacks" : [ "nodejs_buildpack" ]
      }
    },
    "space" : {
      "name" : "dev",
      "metadata" : {
        "guid" : "039a1fe6-69a4-4c1e-9b8f-a64d47329d3e",
        "createdAt" : [ 2026, 7, 19, 3, 49, 2 ],
        "updatedAt" : [ 2026, 7, 19, 3, 49, 2 ]
      },
      "organization" : {
        "name" : "94060551trial",
        "metadata" : {
          "guid" : "78e7b825-503f-4bdc-af4e-be86d7f43c8e",
          "createdAt" : [ 2026, 7, 19, 3, 49, 1 ],
          "updatedAt" : [ 2026, 7, 19, 3, 49, 2 ]
        }
      }
    },
    "moduleName" : "ResilienceCockpit-db-deployer",
    "boundMtaServices" : [ "ResilienceCockpit-db" ],
    "providedDependencyNames" : [ ],
    "productizationState" : "LIVE"
  } ],
  "services" : [ {
    "name" : "ResilienceCockpit-connectivity",
    "metadata" : {
      "guid" : "57ce73c3-9d98-4630-a914-bb3fe51155dc",
      "createdAt" : [ 2026, 8, 25, 8, 30, 4 ],
      "updatedAt" : [ 2026, 8, 25, 8, 30, 6 ]
    },
    "v3Metadata" : {
      "annotations" : {
        "mta_id" : "ResilienceCockpit",
        "mta_version" : "1.0.0",
        "mta_resource" : "{\"name\":\"ResilienceCockpit-connectivity\"}"
      },
      "labels" : {
        "mta_id" : "12714f170fc41ee91010bfb8bfd6b5c9"
      }
    },
    "label" : "connectivity",
    "plan" : "lite",
    "credentials" : "********",
    "tags" : [ ],
    "type" : "managed",
    "lastOperation" : {
      "type" : "CREATE",
      "description" : "",
      "state" : "SUCCEEDED"
    },
    "resourceName" : "ResilienceCockpit-connectivity"
  }, {
    "name" : "ResilienceCockpit-db",
    "metadata" : {
      "guid" : "793c82c4-0c29-4054-8664-8ad70f1aaf7d",
      "createdAt" : [ 2026, 8, 25, 8, 30, 5 ],
      "updatedAt" : [ 2026, 8, 25, 8, 30, 5 ]
    },
    "v3Metadata" : {
      "annotations" : {
        "mta_id" : "ResilienceCockpit",
        "mta_version" : "1.0.0",
        "mta_resource" : "{\"name\":\"ResilienceCockpit-db\"}"
      },
      "labels" : {
        "mta_id" : "12714f170fc41ee91010bfb8bfd6b5c9"
      }
    },
    "label" : "hana",
    "plan" : "hdi-shared",
    "credentials" : "********",
    "tags" : [ ],
    "type" : "managed",
    "lastOperation" : {
      "type" : "CREATE",
      "state" : "SUCCEEDED"
    },
    "resourceName" : "ResilienceCockpit-db"
  }, {
    "name" : "ResilienceCockpit-logging",
    "metadata" : {
      "guid" : "336ec7d3-cd56-4076-bb50-7f23f8654af2",
      "createdAt" : [ 2026, 8, 25, 8, 30, 2 ],
      "updatedAt" : [ 2026, 8, 25, 8, 30, 3 ]
    },
    "v3Metadata" : {
      "annotations" : {
        "mta_id" : "ResilienceCockpit",
        "mta_version" : "1.0.0",
        "mta_resource" : "{\"name\":\"ResilienceCockpit-logging\"}"
      },
      "labels" : {
        "mta_id" : "12714f170fc41ee91010bfb8bfd6b5c9"
      }
    },
    "label" : "application-logs",
    "plan" : "lite",
    "credentials" : "********",
    "tags" : [ ],
    "type" : "managed",
    "lastOperation" : {
      "type" : "CREATE",
      "description" : "",
      "state" : "SUCCEEDED"
    },
    "resourceName" : "ResilienceCockpit-logging"
  }, {
    "name" : "********",
    "metadata" : {
      "guid" : "a4201f74-f0ad-456c-947a-8ce52d2ae7ca",
      "createdAt" : [ 2026, 8, 25, 8, 30, 2 ],
      "updatedAt" : [ 2026, 8, 25, 8, 30, 3 ]
    },
    "v3Metadata" : {
      "annotations" : {
        "mta_id" : "ResilienceCockpit",
        "mta_version" : "1.0.0",
        "mta_resource" : "********"
      },
      "labels" : {
        "mta_id" : "12714f170fc41ee91010bfb8bfd6b5c9"
      }
    },
    "label" : "xsuaa",
    "plan" : "application",
    "credentials" : "********",
    "tags" : [ ],
    "type" : "managed",
    "lastOperation" : {
      "type" : "UPDATE",
      "description" : "",
      "state" : "SUCCEEDED"
    },
    "resourceName" : "********"
  }, {
    "name" : "ResilienceCockpit-destination",
    "metadata" : {
      "guid" : "01ee3953-9bb6-4134-988a-deaf8ca2479c",
      "createdAt" : [ 2026, 8, 25, 8, 30, 3 ],
      "updatedAt" : [ 2026, 8, 25, 8, 30, 7 ]
    },
    "v3Metadata" : {
      "annotations" : {
        "mta_id" : "ResilienceCockpit",
        "mta_version" : "1.0.0",
        "mta_resource" : "{\"name\":\"ResilienceCockpit-destination\"}"
      },
      "labels" : {
        "mta_id" : "12714f170fc41ee91010bfb8bfd6b5c9"
      }
    },
    "label" : "destination",
    "plan" : "lite",
    "credentials" : "********",
    "tags" : [ ],
    "type" : "managed",
    "lastOperation" : {
      "type" : "UPDATE",
      "description" : "********",
      "state" : "FAILED"
    },
    "resourceName" : "ResilienceCockpit-destination"
  }, {
    "name" : "ResilienceCockpit-html5-repo-host",
    "metadata" : {
      "guid" : "fd6aaf90-4cca-4826-9764-60a919421480",
      "createdAt" : [ 2026, 8, 25, 8, 30, 6 ],
      "updatedAt" : [ 2026, 8, 25, 8, 30, 7 ]
    },
    "v3Metadata" : {
      "annotations" : {
        "mta_id" : "ResilienceCockpit",
        "mta_version" : "1.0.0",
        "mta_resource" : "{\"name\":\"ResilienceCockpit-html5-repo-host\"}"
      },
      "labels" : {
        "mta_id" : "12714f170fc41ee91010bfb8bfd6b5c9"
      }
    },
    "label" : "html5-apps-repo",
    "plan" : "app-host",
    "credentials" : "********",
    "tags" : [ ],
    "type" : "managed",
    "lastOperation" : {
      "type" : "CREATE",
      "description" : "",
      "state" : "SUCCEEDED"
    },
    "resourceName" : "ResilienceCockpit-html5-repo-host"
  } ]
}#
#2026 08 25 11:28:17.567#Z#INFO#1118e5ca-a078-11f1-87c7-eeee0a8e79e5.OPERATION#flowable-async-job-executor-thread-4372#
[DetectDeployedMtaStep] Detected deployed MTA with ID "ResilienceCockpit" and version "1.0.0"#
#2026 08 25 11:28:17.571#Z#DEBUG#1118e5ca-a078-11f1-87c7-eeee0a8e79e5.OPERATION#flowable-async-job-executor-thread-4372#
[DetectDeployedMtaStep] Detecting backup mta by id "ResilienceCockpit" and namespace "null"#
#2026 08 25 11:28:17.571#Z#DEBUG#1118e5ca-a078-11f1-87c7-eeee0a8e79e5.OPERATION#flowable-async-job-executor-thread-4372#
[DetectDeployedMtaStep] Getting applications by metadata label selector "mta_id=12714f170fc41ee91010bfb8bfd6b5c9,mta_namespace=b698114a0995e936895b9598a6c19a2c"...#
#2026 08 25 11:28:17.598#Z#DEBUG#1118e5ca-a078-11f1-87c7-eeee0a8e79e5.OPERATION#flowable-async-job-executor-thread-4372#
[DetectDeployedMtaStep] Getting service instances by metadata label selector "mta_id=12714f170fc41ee91010bfb8bfd6b5c9,mta_namespace=b698114a0995e936895b9598a6c19a2c"...#
#2026 08 25 11:28:17.660#Z#DEBUG#1118e5ca-a078-11f1-87c7-eeee0a8e79e5.OPERATION#flowable-async-job-executor-thread-4372#
[DetectDeployedMtaStep] Deployed MTA service keys: [ {
  "name" : "********",
  "metadata" : {
    "guid" : "5d6a90ac-d2af-4efb-9c74-52d5e2c186dd",
    "createdAt" : [ 2026, 8, 25, 8, 30, 22 ],
    "updatedAt" : [ 2026, 8, 25, 8, 30, 23 ]
  },
  "v3Metadata" : {
    "annotations" : {
      "mta_id" : "ResilienceCockpit",
      "mta_version" : "1.0.0"
    },
    "labels" : {
      "mta_id" : "12714f170fc41ee91010bfb8bfd6b5c9",
      "space_guid" : "039a1fe6-69a4-4c1e-9b8f-a64d47329d3e"
    }
  },
  "serviceInstance" : {
    "name" : "********",
    "metadata" : {
      "guid" : "a4201f74-f0ad-456c-947a-8ce52d2ae7ca",
      "createdAt" : [ 2026, 8, 25, 8, 30, 2 ],
      "updatedAt" : [ 2026, 8, 25, 8, 30, 3 ]
    },
    "v3Metadata" : {
      "annotations" : {
        "mta_id" : "ResilienceCockpit",
        "mta_version" : "1.0.0",
        "mta_resource" : "********"
      },
      "labels" : {
        "mta_id" : "12714f170fc41ee91010bfb8bfd6b5c9"
      }
    },
    "credentials" : "********",
    "tags" : [ ],
    "type" : "managed"
  }
}, {
  "name" : "********",
  "metadata" : {
    "guid" : "de7350a4-f280-459d-afc2-ad86ef46b093",
    "createdAt" : [ 2026, 8, 25, 8, 30, 22 ],
    "updatedAt" : [ 2026, 8, 25, 8, 30, 23 ]
  },
  "v3Metadata" : {
    "annotations" : {
      "mta_id" : "ResilienceCockpit",
      "mta_version" : "1.0.0"
    },
    "labels" : {
      "mta_id" : "12714f170fc41ee91010bfb8bfd6b5c9",
      "space_guid" : "039a1fe6-69a4-4c1e-9b8f-a64d47329d3e"
    }
  },
  "serviceInstance" : {
    "name" : "ResilienceCockpit-html5-repo-host",
    "metadata" : {
      "guid" : "fd6aaf90-4cca-4826-9764-60a919421480",
      "createdAt" : [ 2026, 8, 25, 8, 30, 6 ],
      "updatedAt" : [ 2026, 8, 25, 8, 30, 7 ]
    },
    "v3Metadata" : {
      "annotations" : {
        "mta_id" : "ResilienceCockpit",
        "mta_version" : "1.0.0",
        "mta_resource" : "{\"name\":\"ResilienceCockpit-html5-repo-host\"}"
      },
      "labels" : {
        "mta_id" : "12714f170fc41ee91010bfb8bfd6b5c9"
      }
    },
    "credentials" : "********",
    "tags" : [ ],
    "type" : "managed"
  }
}, {
  "name" : "********",
  "metadata" : {
    "guid" : "a740b217-4eaa-4fba-94d5-6b134f537e01",
    "createdAt" : [ 2026, 8, 25, 8, 30, 23 ],
    "updatedAt" : [ 2026, 8, 25, 8, 30, 23 ]
  },
  "v3Metadata" : {
    "annotations" : {
      "mta_id" : "ResilienceCockpit",
      "mta_version" : "1.0.0"
    },
    "labels" : {
      "mta_id" : "12714f170fc41ee91010bfb8bfd6b5c9",
      "space_guid" : "039a1fe6-69a4-4c1e-9b8f-a64d47329d3e"
    }
  },
  "serviceInstance" : {
    "name" : "********",
    "metadata" : {
      "guid" : "a4201f74-f0ad-456c-947a-8ce52d2ae7ca",
      "createdAt" : [ 2026, 8, 25, 8, 30, 2 ],
      "updatedAt" : [ 2026, 8, 25, 8, 30, 3 ]
    },
    "v3Metadata" : {
      "annotations" : {
        "mta_id" : "ResilienceCockpit",
        "mta_version" : "1.0.0",
        "mta_resource" : "********"
      },
      "labels" : {
        "mta_id" : "12714f170fc41ee91010bfb8bfd6b5c9"
      }
    },
    "credentials" : "********",
    "tags" : [ ],
    "type" : "managed"
  }
}, {
  "name" : "********",
  "metadata" : {
    "guid" : "5ec0d7e3-b2f8-45f2-a6c1-420e9a46d4a6",
    "createdAt" : [ 2026, 8, 25, 8, 30, 23 ],
    "updatedAt" : [ 2026, 8, 25, 8, 30, 24 ]
  },
  "v3Metadata" : {
    "annotations" : {
      "mta_id" : "ResilienceCockpit",
      "mta_version" : "1.0.0"
    },
    "labels" : {
      "mta_id" : "12714f170fc41ee91010bfb8bfd6b5c9",
      "space_guid" : "039a1fe6-69a4-4c1e-9b8f-a64d47329d3e"
    }
  },
  "serviceInstance" : {
    "name" : "ResilienceCockpit-destination",
    "metadata" : {
      "guid" : "01ee3953-9bb6-4134-988a-deaf8ca2479c",
      "createdAt" : [ 2026, 8, 25, 8, 30, 3 ],
      "updatedAt" : [ 2026, 8, 25, 8, 30, 7 ]
    },
    "v3Metadata" : {
      "annotations" : {
        "mta_id" : "ResilienceCockpit",
        "mta_version" : "1.0.0",
        "mta_resource" : "{\"name\":\"ResilienceCockpit-destination\"}"
      },
      "labels" : {
        "mta_id" : "12714f170fc41ee91010bfb8bfd6b5c9"
      }
    },
    "credentials" : "********",
    "tags" : [ ],
    "type" : "managed"
  }
}, {
  "name" : "********",
  "metadata" : {
    "guid" : "67b06842-65c2-44d3-9ce0-5b5dfc51df85",
    "createdAt" : [ 2026, 8, 25, 8, 30, 23 ],
    "updatedAt" : [ 2026, 8, 25, 8, 30, 24 ]
  },
  "v3Metadata" : {
    "annotations" : {
      "mta_id" : "ResilienceCockpit",
      "mta_version" : "1.0.0"
    },
    "labels" : {
      "mta_id" : "12714f170fc41ee91010bfb8bfd6b5c9",
      "space_guid" : "039a1fe6-69a4-4c1e-9b8f-a64d47329d3e"
    }
  },
  "serviceInstance" : {
    "name" : "ResilienceCockpit-html5-repo-host",
    "metadata" : {
      "guid" : "fd6aaf90-4cca-4826-9764-60a919421480",
      "createdAt" : [ 2026, 8, 25, 8, 30, 6 ],
      "updatedAt" : [ 2026, 8, 25, 8, 30, 7 ]
    },
    "v3Metadata" : {
      "annotations" : {
        "mta_id" : "ResilienceCockpit",
        "mta_version" : "1.0.0",
        "mta_resource" : "{\"name\":\"ResilienceCockpit-html5-repo-host\"}"
      },
      "labels" : {
        "mta_id" : "12714f170fc41ee91010bfb8bfd6b5c9"
      }
    },
    "credentials" : "********",
    "tags" : [ ],
    "type" : "managed"
  }
} ]#
#2026 08 25 11:28:17.660#Z#DEBUG#1118e5ca-a078-11f1-87c7-eeee0a8e79e5.OPERATION#flowable-async-job-executor-thread-4372#
Step "Detect Deployed MTA" finished#
#2026 08 25 11:28:17.683#Z#DEBUG#1118e5ca-a078-11f1-87c7-eeee0a8e79e5.OPERATION#flowable-async-job-executor-thread-4373#
[XS2CollectSystemParametersStep] Executing task "collectSystemParametersTask" of process "1118e5f0-a078-11f1-87c7-eeee0a8e79e5"...#
#2026 08 25 11:28:17.683#Z#DEBUG#1118e5ca-a078-11f1-87c7-eeee0a8e79e5.OPERATION#flowable-async-job-executor-thread-4373#
[XS2CollectSystemParametersStep] Collecting system parameters...#
#2026 08 25 11:28:17.684#Z#DEBUG#1118e5ca-a078-11f1-87c7-eeee0a8e79e5.OPERATION#flowable-async-job-executor-thread-4373#
[XS2CollectSystemParametersStep] Getting default domain...#
#2026 08 25 11:28:17.715#Z#DEBUG#1118e5ca-a078-11f1-87c7-eeee0a8e79e5.OPERATION#flowable-async-job-executor-thread-4373#
[XS2CollectSystemParametersStep] Default domain: cfapps.us10-003.hana.ondemand.com#
#2026 08 25 11:28:17.716#Z#DEBUG#1118e5ca-a078-11f1-87c7-eeee0a8e79e5.OPERATION#flowable-async-job-executor-thread-4373#
[XS2CollectSystemParametersStep] Checking for overwriting read-only parameters for mta with id: "ResilienceCockpit"#
#2026 08 25 11:28:17.716#Z#DEBUG#1118e5ca-a078-11f1-87c7-eeee0a8e79e5.OPERATION#flowable-async-job-executor-thread-4373#
[XS2CollectSystemParametersStep] No read-only parameters are overwritten#
#2026 08 25 11:28:17.727#Z#DEBUG#1118e5ca-a078-11f1-87c7-eeee0a8e79e5.OPERATION#flowable-async-job-executor-thread-4373#
[XS2CollectSystemParametersStep] Descriptor with system parameters: {
  "majorSchemaVersion" : 3,
  "schemaVersion" : "3.3.0",
  "id" : "ResilienceCockpit",
  "version" : "1.0.0",
  "modules" : [ {
    "majorSchemaVersion" : 3,
    "name" : "ResilienceCockpit-srv",
    "type" : "javascript.nodejs",
    "path" : "ResilienceCockpit-srv",
    "properties" : { },
    "parameters" : {
      "default-url" : "${protocol}://${default-uri}",
      "default-app-name" : "ResilienceCockpit-srv",
      "generated-password" : "********",
      "default-live-url" : "${protocol}://${default-live-uri}",
      "default-uri" : "${host}.${domain}",
      "default-instances" : 1,
      "default-live-host" : "94060551trial-dev-resiliencecockpit-srv",
      "instances" : 1,
      "buildpack" : "nodejs_buildpack",
      "default-host" : "94060551trial-dev-resiliencecockpit-srv",
      "app-name" : "${default-app-name}",
      "default-live-uri" : "94060551trial-dev-resiliencecockpit-srv.${domain}",
      "protocol" : "https",
      "default-live-app-name" : "ResilienceCockpit-srv",
      "default-live-domain" : "cfapps.us10-003.hana.ondemand.com",
      "domain" : "${default-domain}",
      "host" : "${default-host}",
      "generated-user" : "********"
    },
    "requiredDependencies" : [ {
      "majorSchemaVersion" : 3,
      "name" : "********",
      "properties" : { },
      "parameters" : { },
      "propertiesMetadata" : {
        "metadata" : { }
      },
      "parametersMetadata" : {
        "metadata" : { }
      }
    }, {
      "majorSchemaVersion" : 3,
      "name" : "ResilienceCockpit-db",
      "properties" : { },
      "parameters" : { },
      "propertiesMetadata" : {
        "metadata" : { }
      },
      "parametersMetadata" : {
        "metadata" : { }
      }
    }, {
      "majorSchemaVersion" : 3,
      "name" : "ResilienceCockpit-connectivity",
      "properties" : { },
      "parameters" : { },
      "propertiesMetadata" : {
        "metadata" : { }
      },
      "parametersMetadata" : {
        "metadata" : { }
      }
    }, {
      "majorSchemaVersion" : 3,
      "name" : "ResilienceCockpit-destination",
      "properties" : { },
      "parameters" : { },
      "propertiesMetadata" : {
        "metadata" : { }
      },
      "parametersMetadata" : {
        "metadata" : { }
      }
    }, {
      "majorSchemaVersion" : 3,
      "name" : "ResilienceCockpit-logging",
      "properties" : { },
      "parameters" : { },
      "propertiesMetadata" : {
        "metadata" : { }
      },
      "parametersMetadata" : {
        "metadata" : { }
      }
    } ],
    "providedDependencies" : [ {
      "majorSchemaVersion" : 3,
      "name" : "srv-api",
      "isPublic" : false,
      "properties" : {
        "srv-url" : "${default-url}"
      },
      "parameters" : { },
      "propertiesMetadata" : {
        "metadata" : { }
      },
      "parametersMetadata" : {
        "metadata" : { }
      }
    }, {
      "majorSchemaVersion" : 3,
      "name" : "ResilienceCockpit-srv",
      "isPublic" : false,
      "properties" : { },
      "parameters" : { },
      "propertiesMetadata" : {
        "metadata" : { }
      },
      "parametersMetadata" : {
        "metadata" : { }
      }
    } ],
    "propertiesMetadata" : {
      "metadata" : { }
    },
    "parametersMetadata" : {
      "metadata" : { }
    },
    "hooks" : [ ]
  }, {
    "majorSchemaVersion" : 3,
    "name" : "ResilienceCockpit-db-deployer",
    "type" : "com.sap.xs.hdi",
    "path" : "ResilienceCockpit-db-deployer",
    "properties" : {
      "EXIT" : 1
    },
    "parameters" : {
      "default-url" : "${protocol}://${default-uri}",
      "default-app-name" : "ResilienceCockpit-db-deployer",
      "generated-password" : "********",
      "default-live-url" : "${protocol}://${default-live-uri}",
      "default-uri" : "${host}.${domain}",
      "memory" : "256M",
      "default-instances" : 1,
      "no-route" : true,
      "default-live-host" : "94060551trial-dev-resiliencecockpit-db-deployer",
      "instances" : "${default-instances}",
      "buildpack" : "nodejs_buildpack",
      "default-host" : "94060551trial-dev-resiliencecockpit-db-deployer",
      "app-name" : "${default-app-name}",
      "default-live-uri" : "94060551trial-dev-resiliencecockpit-db-deployer.${domain}",
      "protocol" : "https",
      "default-live-app-name" : "ResilienceCockpit-db-deployer",
      "default-live-domain" : "cfapps.us10-003.hana.ondemand.com",
      "dependency-type" : "hard",
      "domain" : "${default-domain}",
      "host" : "${default-host}",
      "generated-user" : "********",
      "tasks" : [ {
        "name" : "deploy",
        "memory" : "256M",
        "command" : "npm start"
      } ],
      "no-start" : true
    },
    "requiredDependencies" : [ {
      "majorSchemaVersion" : 3,
      "name" : "ResilienceCockpit-db",
      "properties" : { },
      "parameters" : { },
      "propertiesMetadata" : {
        "metadata" : { }
      },
      "parametersMetadata" : {
        "metadata" : { }
      }
    } ],
    "providedDependencies" : [ {
      "majorSchemaVersion" : 3,
      "name" : "ResilienceCockpit-db-deployer",
      "isPublic" : false,
      "properties" : { },
      "parameters" : { },
      "propertiesMetadata" : {
        "metadata" : { }
      },
      "parametersMetadata" : {
        "metadata" : { }
      }
    } ],
    "propertiesMetadata" : {
      "metadata" : { }
    },
    "parametersMetadata" : {
      "metadata" : { }
    },
    "hooks" : [ ]
  }, {
    "majorSchemaVersion" : 3,
    "name" : "ResilienceCockpit-app-deployer",
    "type" : "com.sap.application.content",
    "path" : "ResilienceCockpit-app-deployer",
    "properties" : { },
    "parameters" : {
      "default-url" : "${protocol}://${default-uri}",
      "default-app-name" : "ResilienceCockpit-app-deployer",
      "generated-password" : "********",
      "default-live-url" : "${protocol}://${default-live-uri}",
      "default-uri" : "${host}.${domain}",
      "default-instances" : 1,
      "default-live-host" : "94060551trial-dev-resiliencecockpit-app-deployer",
      "instances" : "${default-instances}",
      "default-host" : "94060551trial-dev-resiliencecockpit-app-deployer",
      "app-name" : "${default-app-name}",
      "default-live-uri" : "94060551trial-dev-resiliencecockpit-app-deployer.${domain}",
      "protocol" : "https",
      "default-live-app-name" : "ResilienceCockpit-app-deployer",
      "default-live-domain" : "cfapps.us10-003.hana.ondemand.com",
      "domain" : "${default-domain}",
      "host" : "${default-host}",
      "generated-user" : "********"
    },
    "requiredDependencies" : [ {
      "majorSchemaVersion" : 3,
      "name" : "********",
      "properties" : { },
      "parameters" : { },
      "propertiesMetadata" : {
        "metadata" : { }
      },
      "parametersMetadata" : {
        "metadata" : { }
      }
    }, {
      "majorSchemaVersion" : 3,
      "name" : "srv-api",
      "properties" : { },
      "parameters" : { },
      "propertiesMetadata" : {
        "metadata" : { }
      },
      "parametersMetadata" : {
        "metadata" : { }
      }
    }, {
      "majorSchemaVersion" : 3,
      "name" : "ResilienceCockpit-html5-repo-host",
      "properties" : { },
      "parameters" : {
        "config" : {
          "HTML5Runtime_enabled" : false
        },
        "content-target" : true
      },
      "propertiesMetadata" : {
        "metadata" : { }
      },
      "parametersMetadata" : {
        "metadata" : { }
      }
    } ],
    "providedDependencies" : [ {
      "majorSchemaVersion" : 3,
      "name" : "ResilienceCockpit-app-deployer",
      "isPublic" : false,
      "properties" : { },
      "parameters" : { },
      "propertiesMetadata" : {
        "metadata" : { }
      },
      "parametersMetadata" : {
        "metadata" : { }
      }
    } ],
    "propertiesMetadata" : {
      "metadata" : { }
    },
    "parametersMetadata" : {
      "metadata" : { }
    },
    "hooks" : [ ]
  }, {
    "majorSchemaVersion" : 3,
    "name" : "ResilienceCockpit-destination-content",
    "type" : "com.sap.application.content",
    "properties" : { },
    "parameters" : {
      "default-url" : "${protocol}://${default-uri}",
      "default-app-name" : "ResilienceCockpit-destination-content",
      "generated-password" : "********",
      "default-live-url" : "${protocol}://${default-live-uri}",
      "default-uri" : "${host}.${domain}",
      "default-instances" : 1,
      "default-live-host" : "94060551trial-dev-resiliencecockpit-destination-content",
      "instances" : "${default-instances}",
      "default-host" : "94060551trial-dev-resiliencecockpit-destination-content",
      "content" : {
        "instance" : {
          "destinations" : [ {
            "Authentication" : "********",
            "Name" : "srv-api",
            "TokenServiceInstanceName" : "********",
            "TokenServiceKeyName" : "********",
            "URL" : "~{srv-api/srv-url}"
          }, {
            "Name" : "ResilienceCockpit-html5-repo-host",
            "ServiceInstanceName" : "ResilienceCockpit-html5-repo-host",
            "ServiceKeyName" : "********",
            "sap.cloud.service" : "nexus"
          }, {
            "Authentication" : "********",
            "Name" : "********",
            "ServiceInstanceName" : "********",
            "ServiceKeyName" : "********"
          } ],
          "existing_destinations_policy" : "update"
        }
      },
      "app-name" : "${default-app-name}",
      "default-live-uri" : "94060551trial-dev-resiliencecockpit-destination-content.${domain}",
      "protocol" : "https",
      "default-live-app-name" : "ResilienceCockpit-destination-content",
      "default-live-domain" : "cfapps.us10-003.hana.ondemand.com",
      "domain" : "${default-domain}",
      "host" : "${default-host}",
      "generated-user" : "********"
    },
    "requiredDependencies" : [ {
      "majorSchemaVersion" : 3,
      "name" : "********",
      "properties" : { },
      "parameters" : {
        "service-key" : "********"
      },
      "propertiesMetadata" : {
        "metadata" : { }
      },
      "parametersMetadata" : {
        "metadata" : { }
      }
    }, {
      "majorSchemaVersion" : 3,
      "name" : "ResilienceCockpit-html5-repo-host",
      "properties" : { },
      "parameters" : {
        "service-key" : "********"
      },
      "propertiesMetadata" : {
        "metadata" : { }
      },
      "parametersMetadata" : {
        "metadata" : { }
      }
    }, {
      "majorSchemaVersion" : 3,
      "name" : "srv-api",
      "properties" : { },
      "parameters" : { },
      "propertiesMetadata" : {
        "metadata" : { }
      },
      "parametersMetadata" : {
        "metadata" : { }
      }
    }, {
      "majorSchemaVersion" : 3,
      "name" : "ResilienceCockpit-destination",
      "properties" : { },
      "parameters" : {
        "content-target" : true
      },
      "propertiesMetadata" : {
        "metadata" : { }
      },
      "parametersMetadata" : {
        "metadata" : { }
      }
    } ],
    "providedDependencies" : [ {
      "majorSchemaVersion" : 3,
      "name" : "ResilienceCockpit-destination-content",
      "isPublic" : false,
      "properties" : { },
      "parameters" : { },
      "propertiesMetadata" : {
        "metadata" : { }
      },
      "parametersMetadata" : {
        "metadata" : { }
      }
    } ],
    "propertiesMetadata" : {
      "metadata" : { }
    },
    "parametersMetadata" : {
      "metadata" : { }
    },
    "hooks" : [ ]
  } ],
  "resources" : [ {
    "majorSchemaVersion" : 3,
    "name" : "********",
    "type" : "org.cloudfoundry.managed-service",
    "properties" : { },
    "parameters" : {
      "generated-password" : "********",
      "path" : "./xs-security.json",
      "service-name" : "${default-service-name}",
      "service-plan" : "application",
      "service" : "xsuaa",
      "generated-user" : "********",
      "default-xsappname" : "********",
      "type" : "managed-service",
      "config" : {
        "oauth2-configuration" : "********",
        "tenant-mode" : "dedicated",
        "xsappname" : "ResilienceCockpit-${org}-${space}"
      },
      "default-service-name" : "********",
      "default-container-name" : "********"
    },
    "isActive" : true,
    "isOptional" : false,
    "propertiesMetadata" : {
      "metadata" : { }
    },
    "parametersMetadata" : {
      "metadata" : { }
    },
    "requiredDependencies" : [ ],
    "processedAfter" : [ ]
  }, {
    "majorSchemaVersion" : 3,
    "name" : "ResilienceCockpit-db",
    "type" : "com.sap.xs.hdi-container",
    "properties" : { },
    "parameters" : {
      "generated-password" : "********",
      "service-name" : "${default-service-name}",
      "service-plan" : "hdi-shared",
      "service" : "hana",
      "generated-user" : "********",
      "default-xsappname" : "ResilienceCockpit-db",
      "type" : "managed-service",
      "default-service-name" : "ResilienceCockpit-db",
      "default-container-name" : "94060551TRIAL_DEV_RESILIENCECOCKPIT_DB"
    },
    "isActive" : true,
    "isOptional" : false,
    "propertiesMetadata" : {
      "metadata" : { }
    },
    "parametersMetadata" : {
      "metadata" : { }
    },
    "requiredDependencies" : [ ],
    "processedAfter" : [ ]
  }, {
    "majorSchemaVersion" : 3,
    "name" : "ResilienceCockpit-connectivity",
    "type" : "org.cloudfoundry.managed-service",
    "properties" : { },
    "parameters" : {
      "generated-password" : "********",
      "service-name" : "${default-service-name}",
      "service-plan" : "lite",
      "service" : "connectivity",
      "generated-user" : "********",
      "default-xsappname" : "ResilienceCockpit-connectivity",
      "type" : "managed-service",
      "default-service-name" : "ResilienceCockpit-connectivity",
      "default-container-name" : "94060551TRIAL_DEV_RESILIENCECOCKPIT_CONNECTIVITY"
    },
    "isActive" : true,
    "isOptional" : false,
    "propertiesMetadata" : {
      "metadata" : { }
    },
    "parametersMetadata" : {
      "metadata" : { }
    },
    "requiredDependencies" : [ ],
    "processedAfter" : [ ]
  }, {
    "majorSchemaVersion" : 3,
    "name" : "ResilienceCockpit-destination",
    "type" : "org.cloudfoundry.managed-service",
    "properties" : { },
    "parameters" : {
      "generated-password" : "********",
      "service-name" : "${default-service-name}",
      "service-plan" : "lite",
      "service" : "destination",
      "generated-user" : "********",
      "default-xsappname" : "ResilienceCockpit-destination",
      "type" : "managed-service",
      "config" : {
        "HTML5Runtime_enabled" : true,
        "init_data" : {
          "instance" : {
            "destinations" : [ {
              "Authentication" : "********",
              "Name" : "ui5",
              "ProxyType" : "Internet",
              "Type" : "HTTP",
              "URL" : "https://ui5.sap.com"
            }, {
              "Authentication" : "********",
              "HTML5.DynamicDestination" : true,
              "HTML5.ForwardAuthToken" : "********",
              "Name" : "srv-api",
              "ProxyType" : "Internet",
              "Type" : "HTTP",
              "URL" : "~{srv-api/srv-url}"
            } ],
            "existing_destinations_policy" : "update"
          }
        }
      },
      "default-service-name" : "ResilienceCockpit-destination",
      "default-container-name" : "94060551TRIAL_DEV_RESILIENCECOCKPIT_DESTINATION"
    },
    "isActive" : true,
    "isOptional" : false,
    "propertiesMetadata" : {
      "metadata" : { }
    },
    "parametersMetadata" : {
      "metadata" : { }
    },
    "requiredDependencies" : [ {
      "majorSchemaVersion" : 3,
      "name" : "srv-api",
      "properties" : { },
      "parameters" : { },
      "propertiesMetadata" : {
        "metadata" : { }
      },
      "parametersMetadata" : {
        "metadata" : { }
      }
    } ],
    "processedAfter" : [ ]
  }, {
    "majorSchemaVersion" : 3,
    "name" : "ResilienceCockpit-html5-repo-host",
    "type" : "org.cloudfoundry.managed-service",
    "properties" : { },
    "parameters" : {
      "generated-password" : "********",
      "service-name" : "${default-service-name}",
      "service-plan" : "app-host",
      "service" : "html5-apps-repo",
      "generated-user" : "********",
      "default-xsappname" : "ResilienceCockpit-html5-repo-host",
      "type" : "managed-service",
      "default-service-name" : "ResilienceCockpit-html5-repo-host",
      "default-container-name" : "94060551TRIAL_DEV_RESILIENCECOCKPIT_HTML5_REPO_HOST"
    },
    "isActive" : true,
    "isOptional" : false,
    "propertiesMetadata" : {
      "metadata" : { }
    },
    "parametersMetadata" : {
      "metadata" : { }
    },
    "requiredDependencies" : [ ],
    "processedAfter" : [ ]
  }, {
    "majorSchemaVersion" : 3,
    "name" : "ResilienceCockpit-logging",
    "type" : "org.cloudfoundry.managed-service",
    "properties" : { },
    "parameters" : {
      "generated-password" : "********",
      "service-name" : "${default-service-name}",
      "service-plan" : "lite",
      "service" : "application-logs",
      "generated-user" : "********",
      "default-xsappname" : "ResilienceCockpit-logging",
      "type" : "managed-service",
      "default-service-name" : "ResilienceCockpit-logging",
      "default-container-name" : "94060551TRIAL_DEV_RESILIENCECOCKPIT_LOGGING"
    },
    "isActive" : true,
    "isOptional" : false,
    "propertiesMetadata" : {
      "metadata" : { }
    },
    "parametersMetadata" : {
      "metadata" : { }
    },
    "requiredDependencies" : [ ],
    "processedAfter" : [ ]
  } ],
  "parameters" : {
    "deploy_mode" : "html5-repo",
    "mta-id" : "ResilienceCockpit",
    "authorization-url" : "********",
    "org-guid" : "78e7b825-503f-4bdc-af4e-be86d7f43c8e",
    "org" : "94060551trial",
    "deploy-target" : "94060551trial dev",
    "enable-parallel-deployments" : true,
    "space" : "dev",
    "xs-api-url" : "https://api.cf.us10-003.hana.ondemand.com",
    "deploy-url" : "deploy-service.cfapps.us10-003.hana.ondemand.com",
    "xs-type" : "CF",
    "default-domain" : "cfapps.us10-003.hana.ondemand.com",
    "mta-version" : "1.0.0",
    "xs-auth-url" : "********",
    "space-guid" : "039a1fe6-69a4-4c1e-9b8f-a64d47329d3e",
    "user" : "********",
    "controller-url" : "https://api.cf.us10-003.hana.ondemand.com",
    "timestamp" : "20260825112816"
  },
  "parametersMetadata" : {
    "metadata" : { }
  }
}#
#2026 08 25 11:28:17.729#Z#DEBUG#1118e5ca-a078-11f1-87c7-eeee0a8e79e5.OPERATION#flowable-async-job-executor-thread-4373#
[XS2CollectSystemParametersStep] Version rule: SAME_HIGHER#
#2026 08 25 11:28:17.729#Z#INFO#1118e5ca-a078-11f1-87c7-eeee0a8e79e5.OPERATION#flowable-async-job-executor-thread-4373#
[XS2CollectSystemParametersStep] Detected new MTA version: "1.0.0"#
#2026 08 25 11:28:17.732#Z#INFO#1118e5ca-a078-11f1-87c7-eeee0a8e79e5.OPERATION#flowable-async-job-executor-thread-4373#
[XS2CollectSystemParametersStep] Deployed MTA version: "1.0.0"#
#2026 08 25 11:28:17.734#Z#DEBUG#1118e5ca-a078-11f1-87c7-eeee0a8e79e5.OPERATION#flowable-async-job-executor-thread-4373#
[XS2CollectSystemParametersStep] MTA accepted for deployment#
#2026 08 25 11:28:17.735#Z#DEBUG#1118e5ca-a078-11f1-87c7-eeee0a8e79e5.OPERATION#flowable-async-job-executor-thread-4373#
[XS2CollectSystemParametersStep] System parameters collected#
#2026 08 25 11:28:17.735#Z#DEBUG#1118e5ca-a078-11f1-87c7-eeee0a8e79e5.OPERATION#flowable-async-job-executor-thread-4373#
Step "Collect System Parameters" finished#
#2026 08 25 11:28:17.756#Z#DEBUG#1118e5ca-a078-11f1-87c7-eeee0a8e79e5.OPERATION#flowable-async-job-executor-thread-4373#
[ProcessDescriptorStep] Executing task "processDescriptorTask" of process "1118e5f0-a078-11f1-87c7-eeee0a8e79e5"...#
#2026 08 25 11:28:17.756#Z#DEBUG#1118e5ca-a078-11f1-87c7-eeee0a8e79e5.OPERATION#flowable-async-job-executor-thread-4373#
[ProcessDescriptorStep] Resolving properties and parameters in merged descriptor...#
#2026 08 25 11:28:17.760#Z#DEBUG#1118e5ca-a078-11f1-87c7-eeee0a8e79e5.OPERATION#flowable-async-job-executor-thread-4373#
[ProcessDescriptorStep] Subscriptions: [ ]#
#2026 08 25 11:28:17.760#Z#DEBUG#1118e5ca-a078-11f1-87c7-eeee0a8e79e5.OPERATION#flowable-async-job-executor-thread-4373#
[ProcessDescriptorStep] MTA modules: [ResilienceCockpit-srv, ResilienceCockpit-app-deployer, ResilienceCockpit-destination-content, ResilienceCockpit-db-deployer]#
#2026 08 25 11:28:17.761#Z#DEBUG#1118e5ca-a078-11f1-87c7-eeee0a8e79e5.OPERATION#flowable-async-job-executor-thread-4373#
[ProcessDescriptorStep] Resolved deployment descriptor: {
  "majorSchemaVersion" : 3,
  "schemaVersion" : "3.3.0",
  "id" : "ResilienceCockpit",
  "version" : "1.0.0",
  "modules" : [ {
    "majorSchemaVersion" : 3,
    "name" : "ResilienceCockpit-srv",
    "type" : "javascript.nodejs",
    "path" : "ResilienceCockpit-srv",
    "properties" : { },
    "parameters" : {
      "default-url" : "https://94060551trial-dev-resiliencecockpit-srv.cfapps.us10-003.hana.ondemand.com",
      "default-app-name" : "ResilienceCockpit-srv",
      "generated-password" : "********",
      "default-live-url" : "https://94060551trial-dev-resiliencecockpit-srv.cfapps.us10-003.hana.ondemand.com",
      "default-uri" : "94060551trial-dev-resiliencecockpit-srv.cfapps.us10-003.hana.ondemand.com",
      "default-instances" : 1,
      "default-live-host" : "94060551trial-dev-resiliencecockpit-srv",
      "instances" : 1,
      "buildpack" : "nodejs_buildpack",
      "default-host" : "94060551trial-dev-resiliencecockpit-srv",
      "app-name" : "ResilienceCockpit-srv",
      "default-live-uri" : "94060551trial-dev-resiliencecockpit-srv.cfapps.us10-003.hana.ondemand.com",
      "protocol" : "https",
      "default-live-app-name" : "ResilienceCockpit-srv",
      "default-live-domain" : "cfapps.us10-003.hana.ondemand.com",
      "domain" : "cfapps.us10-003.hana.ondemand.com",
      "host" : "94060551trial-dev-resiliencecockpit-srv",
      "generated-user" : "********"
    },
    "requiredDependencies" : [ {
      "majorSchemaVersion" : 3,
      "name" : "********",
      "properties" : { },
      "parameters" : { },
      "propertiesMetadata" : {
        "metadata" : { }
      },
      "parametersMetadata" : {
        "metadata" : { }
      }
    }, {
      "majorSchemaVersion" : 3,
      "name" : "ResilienceCockpit-db",
      "properties" : { },
      "parameters" : { },
      "propertiesMetadata" : {
        "metadata" : { }
      },
      "parametersMetadata" : {
        "metadata" : { }
      }
    }, {
      "majorSchemaVersion" : 3,
      "name" : "ResilienceCockpit-connectivity",
      "properties" : { },
      "parameters" : { },
      "propertiesMetadata" : {
        "metadata" : { }
      },
      "parametersMetadata" : {
        "metadata" : { }
      }
    }, {
      "majorSchemaVersion" : 3,
      "name" : "ResilienceCockpit-destination",
      "properties" : { },
      "parameters" : { },
      "propertiesMetadata" : {
        "metadata" : { }
      },
      "parametersMetadata" : {
        "metadata" : { }
      }
    }, {
      "majorSchemaVersion" : 3,
      "name" : "ResilienceCockpit-logging",
      "properties" : { },
      "parameters" : { },
      "propertiesMetadata" : {
        "metadata" : { }
      },
      "parametersMetadata" : {
        "metadata" : { }
      }
    } ],
    "providedDependencies" : [ {
      "majorSchemaVersion" : 3,
      "name" : "srv-api",
      "isPublic" : false,
      "properties" : {
        "srv-url" : "https://94060551trial-dev-resiliencecockpit-srv.cfapps.us10-003.hana.ondemand.com"
      },
      "parameters" : { },
      "propertiesMetadata" : {
        "metadata" : { }
      },
      "parametersMetadata" : {
        "metadata" : { }
      }
    }, {
      "majorSchemaVersion" : 3,
      "name" : "ResilienceCockpit-srv",
      "isPublic" : false,
      "properties" : { },
      "parameters" : { },
      "propertiesMetadata" : {
        "metadata" : { }
      },
      "parametersMetadata" : {
        "metadata" : { }
      }
    } ],
    "propertiesMetadata" : {
      "metadata" : { }
    },
    "parametersMetadata" : {
      "metadata" : { }
    },
    "hooks" : [ ]
  }, {
    "majorSchemaVersion" : 3,
    "name" : "ResilienceCockpit-db-deployer",
    "type" : "com.sap.xs.hdi",
    "path" : "ResilienceCockpit-db-deployer",
    "properties" : {
      "EXIT" : 1
    },
    "parameters" : {
      "default-url" : "https://94060551trial-dev-resiliencecockpit-db-deployer.cfapps.us10-003.hana.ondemand.com",
      "default-app-name" : "ResilienceCockpit-db-deployer",
      "generated-password" : "********",
      "default-live-url" : "https://94060551trial-dev-resiliencecockpit-db-deployer.cfapps.us10-003.hana.ondemand.com",
      "default-uri" : "94060551trial-dev-resiliencecockpit-db-deployer.cfapps.us10-003.hana.ondemand.com",
      "memory" : "256M",
      "default-instances" : 1,
      "no-route" : true,
      "default-live-host" : "94060551trial-dev-resiliencecockpit-db-deployer",
      "instances" : 1,
      "buildpack" : "nodejs_buildpack",
      "default-host" : "94060551trial-dev-resiliencecockpit-db-deployer",
      "app-name" : "ResilienceCockpit-db-deployer",
      "default-live-uri" : "94060551trial-dev-resiliencecockpit-db-deployer.cfapps.us10-003.hana.ondemand.com",
      "protocol" : "https",
      "default-live-app-name" : "ResilienceCockpit-db-deployer",
      "default-live-domain" : "cfapps.us10-003.hana.ondemand.com",
      "dependency-type" : "hard",
      "domain" : "cfapps.us10-003.hana.ondemand.com",
      "host" : "94060551trial-dev-resiliencecockpit-db-deployer",
      "generated-user" : "********",
      "tasks" : [ {
        "command" : "npm start",
        "memory" : "256M",
        "name" : "deploy"
      } ],
      "no-start" : true
    },
    "requiredDependencies" : [ {
      "majorSchemaVersion" : 3,
      "name" : "ResilienceCockpit-db",
      "properties" : { },
      "parameters" : { },
      "propertiesMetadata" : {
        "metadata" : { }
      },
      "parametersMetadata" : {
        "metadata" : { }
      }
    } ],
    "providedDependencies" : [ {
      "majorSchemaVersion" : 3,
      "name" : "ResilienceCockpit-db-deployer",
      "isPublic" : false,
      "properties" : { },
      "parameters" : { },
      "propertiesMetadata" : {
        "metadata" : { }
      },
      "parametersMetadata" : {
        "metadata" : { }
      }
    } ],
    "propertiesMetadata" : {
      "metadata" : { }
    },
    "parametersMetadata" : {
      "metadata" : { }
    },
    "hooks" : [ ]
  }, {
    "majorSchemaVersion" : 3,
    "name" : "ResilienceCockpit-app-deployer",
    "type" : "com.sap.application.content",
    "path" : "ResilienceCockpit-app-deployer",
    "properties" : { },
    "parameters" : {
      "default-url" : "https://94060551trial-dev-resiliencecockpit-app-deployer.cfapps.us10-003.hana.ondemand.com",
      "default-app-name" : "ResilienceCockpit-app-deployer",
      "generated-password" : "********",
      "default-live-url" : "https://94060551trial-dev-resiliencecockpit-app-deployer.cfapps.us10-003.hana.ondemand.com",
      "default-uri" : "94060551trial-dev-resiliencecockpit-app-deployer.cfapps.us10-003.hana.ondemand.com",
      "default-instances" : 1,
      "default-live-host" : "94060551trial-dev-resiliencecockpit-app-deployer",
      "instances" : 1,
      "default-host" : "94060551trial-dev-resiliencecockpit-app-deployer",
      "app-name" : "ResilienceCockpit-app-deployer",
      "default-live-uri" : "94060551trial-dev-resiliencecockpit-app-deployer.cfapps.us10-003.hana.ondemand.com",
      "protocol" : "https",
      "default-live-app-name" : "ResilienceCockpit-app-deployer",
      "default-live-domain" : "cfapps.us10-003.hana.ondemand.com",
      "domain" : "cfapps.us10-003.hana.ondemand.com",
      "host" : "94060551trial-dev-resiliencecockpit-app-deployer",
      "generated-user" : "********"
    },
    "requiredDependencies" : [ {
      "majorSchemaVersion" : 3,
      "name" : "********",
      "properties" : { },
      "parameters" : { },
      "propertiesMetadata" : {
        "metadata" : { }
      },
      "parametersMetadata" : {
        "metadata" : { }
      }
    }, {
      "majorSchemaVersion" : 3,
      "name" : "srv-api",
      "properties" : { },
      "parameters" : { },
      "propertiesMetadata" : {
        "metadata" : { }
      },
      "parametersMetadata" : {
        "metadata" : { }
      }
    }, {
      "majorSchemaVersion" : 3,
      "name" : "ResilienceCockpit-html5-repo-host",
      "properties" : { },
      "parameters" : {
        "config" : {
          "HTML5Runtime_enabled" : false
        },
        "content-target" : true
      },
      "propertiesMetadata" : {
        "metadata" : { }
      },
      "parametersMetadata" : {
        "metadata" : { }
      }
    } ],
    "providedDependencies" : [ {
      "majorSchemaVersion" : 3,
      "name" : "ResilienceCockpit-app-deployer",
      "isPublic" : false,
      "properties" : { },
      "parameters" : { },
      "propertiesMetadata" : {
        "metadata" : { }
      },
      "parametersMetadata" : {
        "metadata" : { }
      }
    } ],
    "propertiesMetadata" : {
      "metadata" : { }
    },
    "parametersMetadata" : {
      "metadata" : { }
    },
    "hooks" : [ ]
  }, {
    "majorSchemaVersion" : 3,
    "name" : "ResilienceCockpit-destination-content",
    "type" : "com.sap.application.content",
    "properties" : { },
    "parameters" : {
      "default-url" : "https://94060551trial-dev-resiliencecockpit-destination-content.cfapps.us10-003.hana.ondemand.com",
      "default-app-name" : "ResilienceCockpit-destination-content",
      "generated-password" : "********",
      "default-live-url" : "https://94060551trial-dev-resiliencecockpit-destination-content.cfapps.us10-003.hana.ondemand.com",
      "default-uri" : "94060551trial-dev-resiliencecockpit-destination-content.cfapps.us10-003.hana.ondemand.com",
      "default-instances" : 1,
      "default-live-host" : "94060551trial-dev-resiliencecockpit-destination-content",
      "instances" : 1,
      "default-host" : "94060551trial-dev-resiliencecockpit-destination-content",
      "content" : {
        "instance" : {
          "destinations" : [ {
            "Authentication" : "********",
            "Name" : "srv-api",
            "TokenServiceInstanceName" : "********",
            "TokenServiceKeyName" : "********",
            "URL" : "https://94060551trial-dev-resiliencecockpit-srv.cfapps.us10-003.hana.ondemand.com"
          }, {
            "Name" : "ResilienceCockpit-html5-repo-host",
            "ServiceInstanceName" : "ResilienceCockpit-html5-repo-host",
            "ServiceKeyName" : "********",
            "sap.cloud.service" : "nexus"
          }, {
            "Authentication" : "********",
            "Name" : "********",
            "ServiceInstanceName" : "********",
            "ServiceKeyName" : "********"
          } ],
          "existing_destinations_policy" : "update"
        }
      },
      "app-name" : "ResilienceCockpit-destination-content",
      "default-live-uri" : "94060551trial-dev-resiliencecockpit-destination-content.cfapps.us10-003.hana.ondemand.com",
      "protocol" : "https",
      "default-live-app-name" : "ResilienceCockpit-destination-content",
      "default-live-domain" : "cfapps.us10-003.hana.ondemand.com",
      "domain" : "cfapps.us10-003.hana.ondemand.com",
      "host" : "94060551trial-dev-resiliencecockpit-destination-content",
      "generated-user" : "********"
    },
    "requiredDependencies" : [ {
      "majorSchemaVersion" : 3,
      "name" : "********",
      "properties" : { },
      "parameters" : {
        "service-key" : "********"
      },
      "propertiesMetadata" : {
        "metadata" : { }
      },
      "parametersMetadata" : {
        "metadata" : { }
      }
    }, {
      "majorSchemaVersion" : 3,
      "name" : "ResilienceCockpit-html5-repo-host",
      "properties" : { },
      "parameters" : {
        "service-key" : "********"
      },
      "propertiesMetadata" : {
        "metadata" : { }
      },
      "parametersMetadata" : {
        "metadata" : { }
      }
    }, {
      "majorSchemaVersion" : 3,
      "name" : "srv-api",
      "properties" : { },
      "parameters" : { },
      "propertiesMetadata" : {
        "metadata" : { }
      },
      "parametersMetadata" : {
        "metadata" : { }
      }
    }, {
      "majorSchemaVersion" : 3,
      "name" : "ResilienceCockpit-destination",
      "properties" : { },
      "parameters" : {
        "content-target" : true
      },
      "propertiesMetadata" : {
        "metadata" : { }
      },
      "parametersMetadata" : {
        "metadata" : { }
      }
    } ],
    "providedDependencies" : [ {
      "majorSchemaVersion" : 3,
      "name" : "ResilienceCockpit-destination-content",
      "isPublic" : false,
      "properties" : { },
      "parameters" : { },
      "propertiesMetadata" : {
        "metadata" : { }
      },
      "parametersMetadata" : {
        "metadata" : { }
      }
    } ],
    "propertiesMetadata" : {
      "metadata" : { }
    },
    "parametersMetadata" : {
      "metadata" : { }
    },
    "hooks" : [ ]
  } ],
  "resources" : [ {
    "majorSchemaVersion" : 3,
    "name" : "********",
    "type" : "org.cloudfoundry.managed-service",
    "properties" : { },
    "parameters" : {
      "generated-password" : "********",
      "path" : "./xs-security.json",
      "service-name" : "********",
      "service-plan" : "application",
      "service" : "xsuaa",
      "generated-user" : "********",
      "default-xsappname" : "********",
      "type" : "managed-service",
      "config" : {
        "oauth2-configuration" : "********",
        "tenant-mode" : "dedicated",
        "xsappname" : "ResilienceCockpit-94060551trial-dev"
      },
      "default-service-name" : "********",
      "default-container-name" : "********"
    },
    "isActive" : true,
    "isOptional" : false,
    "propertiesMetadata" : {
      "metadata" : { }
    },
    "parametersMetadata" : {
      "metadata" : { }
    },
    "requiredDependencies" : [ ],
    "processedAfter" : [ ]
  }, {
    "majorSchemaVersion" : 3,
    "name" : "ResilienceCockpit-db",
    "type" : "com.sap.xs.hdi-container",
    "properties" : { },
    "parameters" : {
      "generated-password" : "********",
      "service-name" : "ResilienceCockpit-db",
      "service-plan" : "hdi-shared",
      "service" : "hana",
      "generated-user" : "********",
      "default-xsappname" : "ResilienceCockpit-db",
      "type" : "managed-service",
      "default-service-name" : "ResilienceCockpit-db",
      "default-container-name" : "94060551TRIAL_DEV_RESILIENCECOCKPIT_DB"
    },
    "isActive" : true,
    "isOptional" : false,
    "propertiesMetadata" : {
      "metadata" : { }
    },
    "parametersMetadata" : {
      "metadata" : { }
    },
    "requiredDependencies" : [ ],
    "processedAfter" : [ ]
  }, {
    "majorSchemaVersion" : 3,
    "name" : "ResilienceCockpit-connectivity",
    "type" : "org.cloudfoundry.managed-service",
    "properties" : { },
    "parameters" : {
      "generated-password" : "********",
      "service-name" : "ResilienceCockpit-connectivity",
      "service-plan" : "lite",
      "service" : "connectivity",
      "generated-user" : "********",
      "default-xsappname" : "ResilienceCockpit-connectivity",
      "type" : "managed-service",
      "default-service-name" : "ResilienceCockpit-connectivity",
      "default-container-name" : "94060551TRIAL_DEV_RESILIENCECOCKPIT_CONNECTIVITY"
    },
    "isActive" : true,
    "isOptional" : false,
    "propertiesMetadata" : {
      "metadata" : { }
    },
    "parametersMetadata" : {
      "metadata" : { }
    },
    "requiredDependencies" : [ ],
    "processedAfter" : [ ]
  }, {
    "majorSchemaVersion" : 3,
    "name" : "ResilienceCockpit-destination",
    "type" : "org.cloudfoundry.managed-service",
    "properties" : { },
    "parameters" : {
      "generated-password" : "********",
      "service-name" : "ResilienceCockpit-destination",
      "service-plan" : "lite",
      "service" : "destination",
      "generated-user" : "********",
      "default-xsappname" : "ResilienceCockpit-destination",
      "type" : "managed-service",
      "config" : {
        "HTML5Runtime_enabled" : true,
        "init_data" : {
          "instance" : {
            "destinations" : [ {
              "Authentication" : "********",
              "Name" : "ui5",
              "ProxyType" : "Internet",
              "Type" : "HTTP",
              "URL" : "https://ui5.sap.com"
            }, {
              "Authentication" : "********",
              "HTML5.DynamicDestination" : true,
              "HTML5.ForwardAuthToken" : "********",
              "Name" : "srv-api",
              "ProxyType" : "Internet",
              "Type" : "HTTP",
              "URL" : "https://94060551trial-dev-resiliencecockpit-srv.cfapps.us10-003.hana.ondemand.com"
            } ],
            "existing_destinations_policy" : "update"
          }
        }
      },
      "default-service-name" : "ResilienceCockpit-destination",
      "default-container-name" : "94060551TRIAL_DEV_RESILIENCECOCKPIT_DESTINATION"
    },
    "isActive" : true,
    "isOptional" : false,
    "propertiesMetadata" : {
      "metadata" : { }
    },
    "parametersMetadata" : {
      "metadata" : { }
    },
    "requiredDependencies" : [ {
      "majorSchemaVersion" : 3,
      "name" : "srv-api",
      "properties" : { },
      "parameters" : { },
      "propertiesMetadata" : {
        "metadata" : { }
      },
      "parametersMetadata" : {
        "metadata" : { }
      }
    } ],
    "processedAfter" : [ ]
  }, {
    "majorSchemaVersion" : 3,
    "name" : "ResilienceCockpit-html5-repo-host",
    "type" : "org.cloudfoundry.managed-service",
    "properties" : { },
    "parameters" : {
      "generated-password" : "********",
      "service-name" : "ResilienceCockpit-html5-repo-host",
      "service-plan" : "app-host",
      "service" : "html5-apps-repo",
      "generated-user" : "********",
      "default-xsappname" : "ResilienceCockpit-html5-repo-host",
      "type" : "managed-service",
      "default-service-name" : "ResilienceCockpit-html5-repo-host",
      "default-container-name" : "94060551TRIAL_DEV_RESILIENCECOCKPIT_HTML5_REPO_HOST"
    },
    "isActive" : true,
    "isOptional" : false,
    "propertiesMetadata" : {
      "metadata" : { }
    },
    "parametersMetadata" : {
      "metadata" : { }
    },
    "requiredDependencies" : [ ],
    "processedAfter" : [ ]
  }, {
    "majorSchemaVersion" : 3,
    "name" : "ResilienceCockpit-logging",
    "type" : "org.cloudfoundry.managed-service",
    "properties" : { },
    "parameters" : {
      "generated-password" : "********",
      "service-name" : "ResilienceCockpit-logging",
      "service-plan" : "lite",
      "service" : "application-logs",
      "generated-user" : "********",
      "default-xsappname" : "ResilienceCockpit-logging",
      "type" : "managed-service",
      "default-service-name" : "ResilienceCockpit-logging",
      "default-container-name" : "94060551TRIAL_DEV_RESILIENCECOCKPIT_LOGGING"
    },
    "isActive" : true,
    "isOptional" : false,
    "propertiesMetadata" : {
      "metadata" : { }
    },
    "parametersMetadata" : {
      "metadata" : { }
    },
    "requiredDependencies" : [ ],
    "processedAfter" : [ ]
  } ],
  "parameters" : {
    "deploy_mode" : "html5-repo",
    "mta-id" : "ResilienceCockpit",
    "authorization-url" : "********",
    "org-guid" : "78e7b825-503f-4bdc-af4e-be86d7f43c8e",
    "org" : "94060551trial",
    "deploy-target" : "94060551trial dev",
    "enable-parallel-deployments" : true,
    "region-primary-domain" : "us10.hana.ondemand.com",
    "space" : "dev",
    "region-domain" : "us10-003.hana.ondemand.com",
    "xs-api-url" : "https://api.cf.us10-003.hana.ondemand.com",
    "deploy-url" : "deploy-service.cfapps.us10-003.hana.ondemand.com",
    "xs-type" : "CF",
    "default-domain" : "cfapps.us10-003.hana.ondemand.com",
    "mta-version" : "1.0.0",
    "xs-auth-url" : "********",
    "space-guid" : "039a1fe6-69a4-4c1e-9b8f-a64d47329d3e",
    "user" : "********",
    "controller-url" : "https://api.cf.us10-003.hana.ondemand.com",
    "timestamp" : "20260825112816"
  },
  "parametersMetadata" : {
    "metadata" : { }
  }
}#
#2026 08 25 11:28:17.761#Z#DEBUG#1118e5ca-a078-11f1-87c7-eeee0a8e79e5.OPERATION#flowable-async-job-executor-thread-4373#
[ProcessDescriptorStep] Merged descriptor properties and parameters resolved#
#2026 08 25 11:28:17.761#Z#DEBUG#1118e5ca-a078-11f1-87c7-eeee0a8e79e5.OPERATION#flowable-async-job-executor-thread-4373#
Step "Process Descriptor Step" finished#
#2026 08 25 11:28:17.781#Z#DEBUG#1118e5ca-a078-11f1-87c7-eeee0a8e79e5.OPERATION#flowable-async-job-executor-thread-4373#
[XS2BuildCloudDeployModelStep] Executing task "buildDeployModelTask" of process "1118e5f0-a078-11f1-87c7-eeee0a8e79e5"...#
#2026 08 25 11:28:17.783#Z#DEBUG#1118e5ca-a078-11f1-87c7-eeee0a8e79e5.OPERATION#flowable-async-job-executor-thread-4373#
[XS2BuildCloudDeployModelStep] Service keys defined for content deployment grouped by service name: {
  "ResilienceCockpit-auth" : "********",
  "ResilienceCockpit-html5-repo-host" : [ {
    "name" : "********",
    "v3Metadata" : {
      "annotations" : {
        "mta_id" : "ResilienceCockpit",
        "mta_version" : "1.0.0"
      },
      "labels" : {
        "mta_id" : "12714f170fc41ee91010bfb8bfd6b5c9",
        "space_guid" : "039a1fe6-69a4-4c1e-9b8f-a64d47329d3e"
      }
    },
    "credentials" : "********",
    "moduleName" : "ResilienceCockpit-app-deployer",
    "resourceName" : "ResilienceCockpit-html5-repo-host",
    "serviceInstance" : {
      "isOptional" : false,
      "isManaged" : false,
      "name" : "ResilienceCockpit-html5-repo-host",
      "credentials" : "********",
      "tags" : [ ],
      "shouldSkipParametersUpdate" : false,
      "shouldSkipPlanUpdate" : false,
      "shouldSkipTagsUpdate" : false,
      "shouldSkipSyslogUrlUpdate" : false
    },
    "shouldDeleteServiceKeyAfterDeploy" : "********",
    "resourceType" : "org.cloudfoundry.managed-service"
  }, {
    "name" : "********",
    "v3Metadata" : {
      "annotations" : {
        "mta_id" : "ResilienceCockpit",
        "mta_version" : "1.0.0"
      },
      "labels" : {
        "mta_id" : "12714f170fc41ee91010bfb8bfd6b5c9",
        "space_guid" : "039a1fe6-69a4-4c1e-9b8f-a64d47329d3e"
      }
    },
    "credentials" : "********",
    "moduleName" : "ResilienceCockpit-destination-content",
    "resourceName" : "ResilienceCockpit-html5-repo-host",
    "serviceInstance" : {
      "isOptional" : false,
      "isManaged" : false,
      "name" : "ResilienceCockpit-html5-repo-host",
      "credentials" : "********",
      "tags" : [ ],
      "shouldSkipParametersUpdate" : false,
      "shouldSkipPlanUpdate" : false,
      "shouldSkipTagsUpdate" : false,
      "shouldSkipSyslogUrlUpdate" : false
    },
    "shouldDeleteServiceKeyAfterDeploy" : "********",
    "resourceType" : "org.cloudfoundry.managed-service"
  } ],
  "ResilienceCockpit-destination" : [ {
    "name" : "********",
    "v3Metadata" : {
      "annotations" : {
        "mta_id" : "ResilienceCockpit",
        "mta_version" : "1.0.0"
      },
      "labels" : {
        "mta_id" : "12714f170fc41ee91010bfb8bfd6b5c9",
        "space_guid" : "039a1fe6-69a4-4c1e-9b8f-a64d47329d3e"
      }
    },
    "credentials" : "********",
    "moduleName" : "ResilienceCockpit-destination-content",
    "resourceName" : "ResilienceCockpit-destination",
    "serviceInstance" : {
      "isOptional" : false,
      "isManaged" : false,
      "name" : "ResilienceCockpit-destination",
      "credentials" : "********",
      "tags" : [ ],
      "shouldSkipParametersUpdate" : false,
      "shouldSkipPlanUpdate" : false,
      "shouldSkipTagsUpdate" : false,
      "shouldSkipSyslogUrlUpdate" : false
    },
    "shouldDeleteServiceKeyAfterDeploy" : "********",
    "resourceType" : "org.cloudfoundry.managed-service"
  } ]
}#
#2026 08 25 11:28:17.783#Z#DEBUG#1118e5ca-a078-11f1-87c7-eeee0a8e79e5.OPERATION#flowable-async-job-executor-thread-4373#
[XS2BuildCloudDeployModelStep] Building cloud deployment model...#
#2026 08 25 11:28:17.784#Z#DEBUG#1118e5ca-a078-11f1-87c7-eeee0a8e79e5.OPERATION#flowable-async-job-executor-thread-4373#
[XS2BuildCloudDeployModelStep] MTA archive modules: [ResilienceCockpit-srv, ResilienceCockpit-app-deployer, ResilienceCockpit-db-deployer]#
#2026 08 25 11:28:17.784#Z#DEBUG#1118e5ca-a078-11f1-87c7-eeee0a8e79e5.OPERATION#flowable-async-job-executor-thread-4373#
[XS2BuildCloudDeployModelStep] Deployed modules: [ResilienceCockpit-db-deployer, ResilienceCockpit-srv]#
#2026 08 25 11:28:17.785#Z#DEBUG#1118e5ca-a078-11f1-87c7-eeee0a8e79e5.OPERATION#flowable-async-job-executor-thread-4373#
[XS2BuildCloudDeployModelStep] MTA modules: [ResilienceCockpit-srv, ResilienceCockpit-app-deployer, ResilienceCockpit-destination-content, ResilienceCockpit-db-deployer]#
#2026 08 25 11:28:17.785#Z#DEBUG#1118e5ca-a078-11f1-87c7-eeee0a8e79e5.OPERATION#flowable-async-job-executor-thread-4373#
[XS2BuildCloudDeployModelStep] Service keys to create: {
  "ResilienceCockpit-db" : [ ],
  "ResilienceCockpit-auth" : "********",
  "ResilienceCockpit-html5-repo-host" : [ ],
  "ResilienceCockpit-connectivity" : [ ],
  "ResilienceCockpit-destination" : [ ],
  "ResilienceCockpit-logging" : [ ]
}#
#2026 08 25 11:28:17.786#Z#DEBUG#1118e5ca-a078-11f1-87c7-eeee0a8e79e5.OPERATION#flowable-async-job-executor-thread-4373#
[XS2BuildCloudDeployModelStep] Modules to deploy: [{
  "majorSchemaVersion" : 3,
  "name" : "ResilienceCockpit-srv",
  "type" : "javascript.nodejs",
  "path" : "ResilienceCockpit-srv",
  "properties" : { },
  "parameters" : {
    "default-url" : "https://94060551trial-dev-resiliencecockpit-srv.cfapps.us10-003.hana.ondemand.com",
    "default-app-name" : "ResilienceCockpit-srv",
    "generated-password" : "********",
    "default-live-url" : "https://94060551trial-dev-resiliencecockpit-srv.cfapps.us10-003.hana.ondemand.com",
    "default-uri" : "94060551trial-dev-resiliencecockpit-srv.cfapps.us10-003.hana.ondemand.com",
    "default-instances" : 1,
    "default-live-host" : "94060551trial-dev-resiliencecockpit-srv",
    "instances" : 1,
    "buildpack" : "nodejs_buildpack",
    "default-host" : "94060551trial-dev-resiliencecockpit-srv",
    "app-name" : "ResilienceCockpit-srv",
    "default-live-uri" : "94060551trial-dev-resiliencecockpit-srv.cfapps.us10-003.hana.ondemand.com",
    "protocol" : "https",
    "default-live-app-name" : "ResilienceCockpit-srv",
    "default-live-domain" : "cfapps.us10-003.hana.ondemand.com",
    "dependency-type" : "soft",
    "domain" : "cfapps.us10-003.hana.ondemand.com",
    "host" : "94060551trial-dev-resiliencecockpit-srv",
    "generated-user" : "********"
  },
  "requiredDependencies" : [ {
    "majorSchemaVersion" : 3,
    "name" : "********",
    "properties" : { },
    "parameters" : { },
    "propertiesMetadata" : {
      "metadata" : { }
    },
    "parametersMetadata" : {
      "metadata" : { }
    }
  }, {
    "majorSchemaVersion" : 3,
    "name" : "ResilienceCockpit-db",
    "properties" : { },
    "parameters" : { },
    "propertiesMetadata" : {
      "metadata" : { }
    },
    "parametersMetadata" : {
      "metadata" : { }
    }
  }, {
    "majorSchemaVersion" : 3,
    "name" : "ResilienceCockpit-connectivity",
    "properties" : { },
    "parameters" : { },
    "propertiesMetadata" : {
      "metadata" : { }
    },
    "parametersMetadata" : {
      "metadata" : { }
    }
  }, {
    "majorSchemaVersion" : 3,
    "name" : "ResilienceCockpit-destination",
    "properties" : { },
    "parameters" : { },
    "propertiesMetadata" : {
      "metadata" : { }
    },
    "parametersMetadata" : {
      "metadata" : { }
    }
  }, {
    "majorSchemaVersion" : 3,
    "name" : "ResilienceCockpit-logging",
    "properties" : { },
    "parameters" : { },
    "propertiesMetadata" : {
      "metadata" : { }
    },
    "parametersMetadata" : {
      "metadata" : { }
    }
  } ],
  "providedDependencies" : [ {
    "majorSchemaVersion" : 3,
    "name" : "srv-api",
    "isPublic" : false,
    "properties" : {
      "srv-url" : "https://94060551trial-dev-resiliencecockpit-srv.cfapps.us10-003.hana.ondemand.com"
    },
    "parameters" : { },
    "propertiesMetadata" : {
      "metadata" : { }
    },
    "parametersMetadata" : {
      "metadata" : { }
    }
  }, {
    "majorSchemaVersion" : 3,
    "name" : "ResilienceCockpit-srv",
    "isPublic" : false,
    "properties" : { },
    "parameters" : { },
    "propertiesMetadata" : {
      "metadata" : { }
    },
    "parametersMetadata" : {
      "metadata" : { }
    }
  } ],
  "propertiesMetadata" : {
    "metadata" : { }
  },
  "parametersMetadata" : {
    "metadata" : { }
  },
  "deployedAfter" : [ ],
  "hooks" : [ ]
}, {
  "majorSchemaVersion" : 3,
  "name" : "ResilienceCockpit-db-deployer",
  "type" : "com.sap.xs.hdi",
  "path" : "ResilienceCockpit-db-deployer",
  "properties" : {
    "EXIT" : 1
  },
  "parameters" : {
    "default-url" : "https://94060551trial-dev-resiliencecockpit-db-deployer.cfapps.us10-003.hana.ondemand.com",
    "default-app-name" : "ResilienceCockpit-db-deployer",
    "generated-password" : "********",
    "default-live-url" : "https://94060551trial-dev-resiliencecockpit-db-deployer.cfapps.us10-003.hana.ondemand.com",
    "default-uri" : "94060551trial-dev-resiliencecockpit-db-deployer.cfapps.us10-003.hana.ondemand.com",
    "memory" : "256M",
    "default-instances" : 1,
    "no-route" : true,
    "default-live-host" : "94060551trial-dev-resiliencecockpit-db-deployer",
    "instances" : 1,
    "buildpack" : "nodejs_buildpack",
    "default-host" : "94060551trial-dev-resiliencecockpit-db-deployer",
    "app-name" : "ResilienceCockpit-db-deployer",
    "default-live-uri" : "94060551trial-dev-resiliencecockpit-db-deployer.cfapps.us10-003.hana.ondemand.com",
    "protocol" : "https",
    "default-live-app-name" : "ResilienceCockpit-db-deployer",
    "default-live-domain" : "cfapps.us10-003.hana.ondemand.com",
    "dependency-type" : "hard",
    "domain" : "cfapps.us10-003.hana.ondemand.com",
    "host" : "94060551trial-dev-resiliencecockpit-db-deployer",
    "generated-user" : "********",
    "tasks" : [ {
      "command" : "npm start",
      "memory" : "256M",
      "name" : "deploy"
    } ],
    "no-start" : true
  },
  "requiredDependencies" : [ {
    "majorSchemaVersion" : 3,
    "name" : "ResilienceCockpit-db",
    "properties" : { },
    "parameters" : { },
    "propertiesMetadata" : {
      "metadata" : { }
    },
    "parametersMetadata" : {
      "metadata" : { }
    }
  } ],
  "providedDependencies" : [ {
    "majorSchemaVersion" : 3,
    "name" : "ResilienceCockpit-db-deployer",
    "isPublic" : false,
    "properties" : { },
    "parameters" : { },
    "propertiesMetadata" : {
      "metadata" : { }
    },
    "parametersMetadata" : {
      "metadata" : { }
    }
  } ],
  "propertiesMetadata" : {
    "metadata" : { }
  },
  "parametersMetadata" : {
    "metadata" : { }
  },
  "deployedAfter" : [ ],
  "hooks" : [ ]
}, {
  "majorSchemaVersion" : 3,
  "name" : "ResilienceCockpit-app-deployer",
  "type" : "com.sap.application.content",
  "path" : "ResilienceCockpit-app-deployer",
  "properties" : { },
  "parameters" : {
    "default-url" : "https://94060551trial-dev-resiliencecockpit-app-deployer.cfapps.us10-003.hana.ondemand.com",
    "default-app-name" : "ResilienceCockpit-app-deployer",
    "generated-password" : "********",
    "default-live-url" : "https://94060551trial-dev-resiliencecockpit-app-deployer.cfapps.us10-003.hana.ondemand.com",
    "default-uri" : "94060551trial-dev-resiliencecockpit-app-deployer.cfapps.us10-003.hana.ondemand.com",
    "default-instances" : 1,
    "default-live-host" : "94060551trial-dev-resiliencecockpit-app-deployer",
    "instances" : 1,
    "default-host" : "94060551trial-dev-resiliencecockpit-app-deployer",
    "app-name" : "ResilienceCockpit-app-deployer",
    "default-live-uri" : "94060551trial-dev-resiliencecockpit-app-deployer.cfapps.us10-003.hana.ondemand.com",
    "protocol" : "https",
    "default-live-app-name" : "ResilienceCockpit-app-deployer",
    "default-live-domain" : "cfapps.us10-003.hana.ondemand.com",
    "dependency-type" : "soft",
    "domain" : "cfapps.us10-003.hana.ondemand.com",
    "host" : "94060551trial-dev-resiliencecockpit-app-deployer",
    "generated-user" : "********"
  },
  "requiredDependencies" : [ {
    "majorSchemaVersion" : 3,
    "name" : "********",
    "properties" : { },
    "parameters" : { },
    "propertiesMetadata" : {
      "metadata" : { }
    },
    "parametersMetadata" : {
      "metadata" : { }
    }
  }, {
    "majorSchemaVersion" : 3,
    "name" : "srv-api",
    "properties" : { },
    "parameters" : { },
    "propertiesMetadata" : {
      "metadata" : { }
    },
    "parametersMetadata" : {
      "metadata" : { }
    }
  }, {
    "majorSchemaVersion" : 3,
    "name" : "ResilienceCockpit-html5-repo-host",
    "properties" : { },
    "parameters" : {
      "config" : {
        "HTML5Runtime_enabled" : false
      },
      "content-target" : true
    },
    "propertiesMetadata" : {
      "metadata" : { }
    },
    "parametersMetadata" : {
      "metadata" : { }
    }
  } ],
  "providedDependencies" : [ {
    "majorSchemaVersion" : 3,
    "name" : "ResilienceCockpit-app-deployer",
    "isPublic" : false,
    "properties" : { },
    "parameters" : { },
    "propertiesMetadata" : {
      "metadata" : { }
    },
    "parametersMetadata" : {
      "metadata" : { }
    }
  } ],
  "propertiesMetadata" : {
    "metadata" : { }
  },
  "parametersMetadata" : {
    "metadata" : { }
  },
  "deployedAfter" : [ ],
  "hooks" : [ ]
}, {
  "majorSchemaVersion" : 3,
  "name" : "ResilienceCockpit-destination-content",
  "type" : "com.sap.application.content",
  "properties" : { },
  "parameters" : {
    "default-url" : "https://94060551trial-dev-resiliencecockpit-destination-content.cfapps.us10-003.hana.ondemand.com",
    "default-app-name" : "ResilienceCockpit-destination-content",
    "generated-password" : "********",
    "default-live-url" : "https://94060551trial-dev-resiliencecockpit-destination-content.cfapps.us10-003.hana.ondemand.com",
    "default-uri" : "94060551trial-dev-resiliencecockpit-destination-content.cfapps.us10-003.hana.ondemand.com",
    "default-instances" : 1,
    "default-live-host" : "94060551trial-dev-resiliencecockpit-destination-content",
    "instances" : 1,
    "default-host" : "94060551trial-dev-resiliencecockpit-destination-content",
    "content" : {
      "instance" : {
        "destinations" : [ {
          "Authentication" : "********",
          "Name" : "srv-api",
          "TokenServiceInstanceName" : "********",
          "TokenServiceKeyName" : "********",
          "URL" : "https://94060551trial-dev-resiliencecockpit-srv.cfapps.us10-003.hana.ondemand.com"
        }, {
          "Name" : "ResilienceCockpit-html5-repo-host",
          "ServiceInstanceName" : "ResilienceCockpit-html5-repo-host",
          "ServiceKeyName" : "********",
          "sap.cloud.service" : "nexus"
        }, {
          "Authentication" : "********",
          "Name" : "********",
          "ServiceInstanceName" : "********",
          "ServiceKeyName" : "********"
        } ],
        "existing_destinations_policy" : "update"
      }
    },
    "app-name" : "ResilienceCockpit-destination-content",
    "default-live-uri" : "94060551trial-dev-resiliencecockpit-destination-content.cfapps.us10-003.hana.ondemand.com",
    "protocol" : "https",
    "default-live-app-name" : "ResilienceCockpit-destination-content",
    "default-live-domain" : "cfapps.us10-003.hana.ondemand.com",
    "dependency-type" : "soft",
    "domain" : "cfapps.us10-003.hana.ondemand.com",
    "host" : "94060551trial-dev-resiliencecockpit-destination-content",
    "generated-user" : "********"
  },
  "requiredDependencies" : [ {
    "majorSchemaVersion" : 3,
    "name" : "********",
    "properties" : { },
    "parameters" : {
      "service-key" : "********"
    },
    "propertiesMetadata" : {
      "metadata" : { }
    },
    "parametersMetadata" : {
      "metadata" : { }
    }
  }, {
    "majorSchemaVersion" : 3,
    "name" : "ResilienceCockpit-html5-repo-host",
    "properties" : { },
    "parameters" : {
      "service-key" : "********"
    },
    "propertiesMetadata" : {
      "metadata" : { }
    },
    "parametersMetadata" : {
      "metadata" : { }
    }
  }, {
    "majorSchemaVersion" : 3,
    "name" : "srv-api",
    "properties" : { },
    "parameters" : { },
    "propertiesMetadata" : {
      "metadata" : { }
    },
    "parametersMetadata" : {
      "metadata" : { }
    }
  }, {
    "majorSchemaVersion" : 3,
    "name" : "ResilienceCockpit-destination",
    "properties" : { },
    "parameters" : {
      "content-target" : true
    },
    "propertiesMetadata" : {
      "metadata" : { }
    },
    "parametersMetadata" : {
      "metadata" : { }
    }
  } ],
  "providedDependencies" : [ {
    "majorSchemaVersion" : 3,
    "name" : "ResilienceCockpit-destination-content",
    "isPublic" : false,
    "properties" : { },
    "parameters" : { },
    "propertiesMetadata" : {
      "metadata" : { }
    },
    "parametersMetadata" : {
      "metadata" : { }
    }
  } ],
  "propertiesMetadata" : {
    "metadata" : { }
  },
  "parametersMetadata" : {
    "metadata" : { }
  },
  "deployedAfter" : [ ],
  "hooks" : [ ]
}]#
#2026 08 25 11:28:17.786#Z#DEBUG#1118e5ca-a078-11f1-87c7-eeee0a8e79e5.OPERATION#flowable-async-job-executor-thread-4373#
[XS2BuildCloudDeployModelStep] Custom domains: []#
#2026 08 25 11:28:17.788#Z#DEBUG#1118e5ca-a078-11f1-87c7-eeee0a8e79e5.OPERATION#flowable-async-job-executor-thread-4373#
[XS2BuildCloudDeployModelStep] Calculating resource batches...#
#2026 08 25 11:28:17.789#Z#DEBUG#1118e5ca-a078-11f1-87c7-eeee0a8e79e5.OPERATION#flowable-async-job-executor-thread-4373#
[XS2BuildCloudDeployModelStep] Calculating resource batches completed.#
#2026 08 25 11:28:17.789#Z#DEBUG#1118e5ca-a078-11f1-87c7-eeee0a8e79e5.OPERATION#flowable-async-job-executor-thread-4373#
[XS2BuildCloudDeployModelStep] Cloud deployment model built#
#2026 08 25 11:28:17.789#Z#DEBUG#1118e5ca-a078-11f1-87c7-eeee0a8e79e5.OPERATION#flowable-async-job-executor-thread-4373#
Step "Build Deploy Model" finished#
#2026 08 25 11:28:17.813#Z#DEBUG#1118e5ca-a078-11f1-87c7-eeee0a8e79e5.OPERATION#flowable-async-job-executor-thread-4373#
[BuildCloudUndeployModelStep] Executing task "buildUndeployModelTask" of process "1118e5f0-a078-11f1-87c7-eeee0a8e79e5"...#
#2026 08 25 11:28:17.813#Z#DEBUG#1118e5ca-a078-11f1-87c7-eeee0a8e79e5.OPERATION#flowable-async-job-executor-thread-4373#
[BuildCloudUndeployModelStep] Building cloud undeployment model...#
#2026 08 25 11:28:17.815#Z#DEBUG#1118e5ca-a078-11f1-87c7-eeee0a8e79e5.OPERATION#flowable-async-job-executor-thread-4373#
[BuildCloudUndeployModelStep] Detecting service keys to delete.#
#2026 08 25 11:28:17.816#Z#DEBUG#1118e5ca-a078-11f1-87c7-eeee0a8e79e5.OPERATION#flowable-async-job-executor-thread-4373#
[BuildCloudUndeployModelStep] Detected deployed service keys by service "{ResilienceCockpit-auth=[DeployedMtaServiceKey{name=ResilienceCockpit-app-deployer-ResilienceCockpit-auth-credentials, metadata=CloudMetadata{guid=5d6a90ac-d2af-4efb-9c74-52d5e2c186dd, createdAt=2026-08-25T08:30:22, updatedAt=2026-08-25T08:30:23, url=null}, v3Metadata=Metadata{annotations={mta_id=ResilienceCockpit, mta_version=1.0.0}, labels={mta_id=12714f170fc41ee91010bfb8bfd6b5c9, space_guid=039a1fe6-69a4-4c1e-9b8f-a64d47329d3e}}, credentials=null, serviceInstance=CloudServiceInstance{name=ResilienceCockpit-auth, metadata=CloudMetadata{guid=a4201f74-f0ad-456c-947a-8ce52d2ae7ca, createdAt=2026-08-25T08:30:02, updatedAt=2026-08-25T08:30:03, url=null}, v3Metadata=Metadata{annotations={mta_id=ResilienceCockpit, mta_version=1.0.0, mta_resource={"name":"ResilienceCockpit-auth"}}, labels={mta_id=12714f170fc41ee91010bfb8bfd6b5c9}}, label=null, plan=null, provider=null, broker=null, version=null, credentials={}, syslogDrainUrl=null, tags=[], type=managed, lastOperation=null}, serviceKeyOperation=null, resourceName=null}, DeployedMtaServiceKey{name=ResilienceCockpit-auth-key, metadata=CloudMetadata{guid=a740b217-4eaa-4fba-94d5-6b134f537e01, createdAt=2026-08-25T08:30:23, updatedAt=2026-08-25T08:30:23, url=null}, v3Metadata=Metadata{annotations={mta_id=ResilienceCockpit, mta_version=1.0.0}, labels={mta_id=12714f170fc41ee91010bfb8bfd6b5c9, space_guid=039a1fe6-69a4-4c1e-9b8f-a64d47329d3e}}, credentials=null, serviceInstance=CloudServiceInstance{name=ResilienceCockpit-auth, metadata=CloudMetadata{guid=a4201f74-f0ad-456c-947a-8ce52d2ae7ca, createdAt=2026-08-25T08:30:02, updatedAt=2026-08-25T08:30:03, url=null}, v3Metadata=Metadata{annotations={mta_id=ResilienceCockpit, mta_version=1.0.0, mta_resource={"name":"ResilienceCockpit-auth"}}, labels={mta_id=12714f170fc41ee91010bfb8bfd6b5c9}}, label=null, plan=null, provider=null, broker=null, version=null, credentials={}, syslogDrainUrl=null, tags=[], type=managed, lastOperation=null}, serviceKeyOperation=null, resourceName=null}], ResilienceCockpit-html5-repo-host=[DeployedMtaServiceKey{name=ResilienceCockpit-app-deployer-ResilienceCockpit-html5-repo-host-credentials, metadata=CloudMetadata{guid=de7350a4-f280-459d-afc2-ad86ef46b093, createdAt=2026-08-25T08:30:22, updatedAt=2026-08-25T08:30:23, url=null}, v3Metadata=Metadata{annotations={mta_id=ResilienceCockpit, mta_version=1.0.0}, labels={mta_id=12714f170fc41ee91010bfb8bfd6b5c9, space_guid=039a1fe6-69a4-4c1e-9b8f-a64d47329d3e}}, credentials=null, serviceInstance=CloudServiceInstance{name=ResilienceCockpit-html5-repo-host, metadata=CloudMetadata{guid=fd6aaf90-4cca-4826-9764-60a919421480, createdAt=2026-08-25T08:30:06, updatedAt=2026-08-25T08:30:07, url=null}, v3Metadata=Metadata{annotations={mta_id=ResilienceCockpit, mta_version=1.0.0, mta_resource={"name":"ResilienceCockpit-html5-repo-host"}}, labels={mta_id=12714f170fc41ee91010bfb8bfd6b5c9}}, label=null, plan=null, provider=null, broker=null, version=null, credentials={}, syslogDrainUrl=null, tags=[], type=managed, lastOperation=null}, serviceKeyOperation=null, resourceName=null}, DeployedMtaServiceKey{name=ResilienceCockpit-html5-repo-host-key, metadata=CloudMetadata{guid=67b06842-65c2-44d3-9ce0-5b5dfc51df85, createdAt=2026-08-25T08:30:23, updatedAt=2026-08-25T08:30:24, url=null}, v3Metadata=Metadata{annotations={mta_id=ResilienceCockpit, mta_version=1.0.0}, labels={mta_id=12714f170fc41ee91010bfb8bfd6b5c9, space_guid=039a1fe6-69a4-4c1e-9b8f-a64d47329d3e}}, credentials=null, serviceInstance=CloudServiceInstance{name=ResilienceCockpit-html5-repo-host, metadata=CloudMetadata{guid=fd6aaf90-4cca-4826-9764-60a919421480, createdAt=2026-08-25T08:30:06, updatedAt=2026-08-25T08:30:07, url=null}, v3Metadata=Metadata{annotations={mta_id=ResilienceCockpit, mta_version=1.0.0, mta_resource={"name":"ResilienceCockpit-html5-repo-host"}}, labels={mta_id=12714f170fc41ee91010bfb8bfd6b5c9}}, label=null, plan=null, provider=null, broker=null, version=null, credentials={}, syslogDrainUrl=null, tags=[], type=managed, lastOperation=null}, serviceKeyOperation=null, resourceName=null}], ResilienceCockpit-destination=[DeployedMtaServiceKey{name=ResilienceCockpit-destination-content-ResilienceCockpit-destination-credentials, metadata=CloudMetadata{guid=5ec0d7e3-b2f8-45f2-a6c1-420e9a46d4a6, createdAt=2026-08-25T08:30:23, updatedAt=2026-08-25T08:30:24, url=null}, v3Metadata=Metadata{annotations={mta_id=ResilienceCockpit, mta_version=1.0.0}, labels={mta_id=12714f170fc41ee91010bfb8bfd6b5c9, space_guid=039a1fe6-69a4-4c1e-9b8f-a64d47329d3e}}, credentials=null, serviceInstance=CloudServiceInstance{name=ResilienceCockpit-destination, metadata=CloudMetadata{guid=01ee3953-9bb6-4134-988a-deaf8ca2479c, createdAt=2026-08-25T08:30:03, updatedAt=2026-08-25T08:30:07, url=null}, v3Metadata=Metadata{annotations={mta_id=ResilienceCockpit, mta_version=1.0.0, mta_resource={"name":"ResilienceCockpit-destination"}}, labels={mta_id=12714f170fc41ee91010bfb8bfd6b5c9}}, label=null, plan=null, provider=null, broker=null, version=null, credentials={}, syslogDrainUrl=null, tags=[], type=managed, lastOperation=null}, serviceKeyOperation=null, resourceName=null}]}"#
#2026 08 25 11:28:17.817#Z#DEBUG#1118e5ca-a078-11f1-87c7-eeee0a8e79e5.OPERATION#flowable-async-job-executor-thread-4373#
[BuildCloudUndeployModelStep] New service keys by service "{ResilienceCockpit-auth=[ResilienceCockpit-app-deployer-ResilienceCockpit-auth-credentials, ResilienceCockpit-auth-key], ResilienceCockpit-html5-repo-host=[ResilienceCockpit-app-deployer-ResilienceCockpit-html5-repo-host-credentials, ResilienceCockpit-html5-repo-host-key], ResilienceCockpit-destination=[ResilienceCockpit-destination-content-ResilienceCockpit-destination-credentials]}"#
#2026 08 25 11:28:17.817#Z#DEBUG#1118e5ca-a078-11f1-87c7-eeee0a8e79e5.OPERATION#flowable-async-job-executor-thread-4373#
[BuildCloudUndeployModelStep] Existing service keys by service "{}"#
#2026 08 25 11:28:17.817#Z#DEBUG#1118e5ca-a078-11f1-87c7-eeee0a8e79e5.OPERATION#flowable-async-job-executor-thread-4373#
[BuildCloudUndeployModelStep] Detected service keys to delete "[]"#
#2026 08 25 11:28:17.820#Z#DEBUG#1118e5ca-a078-11f1-87c7-eeee0a8e79e5.OPERATION#flowable-async-job-executor-thread-4373#
[BuildCloudUndeployModelStep] MTA modules: [ResilienceCockpit-srv, ResilienceCockpit-app-deployer, ResilienceCockpit-destination-content, ResilienceCockpit-db-deployer]#
#2026 08 25 11:28:17.820#Z#DEBUG#1118e5ca-a078-11f1-87c7-eeee0a8e79e5.OPERATION#flowable-async-job-executor-thread-4373#
[BuildCloudUndeployModelStep] Modules to undeploy: [ ]#
#2026 08 25 11:28:17.820#Z#DEBUG#1118e5ca-a078-11f1-87c7-eeee0a8e79e5.OPERATION#flowable-async-job-executor-thread-4373#
[BuildCloudUndeployModelStep] Modules that won't be changed: [ ]#
#2026 08 25 11:28:17.821#Z#DEBUG#1118e5ca-a078-11f1-87c7-eeee0a8e79e5.OPERATION#flowable-async-job-executor-thread-4373#
[BuildCloudUndeployModelStep] Subscriptions to delete: [ ]#
#2026 08 25 11:28:17.823#Z#DEBUG#1118e5ca-a078-11f1-87c7-eeee0a8e79e5.OPERATION#flowable-async-job-executor-thread-4373#
[BuildCloudUndeployModelStep] Cloud services to delete: []#
#2026 08 25 11:28:17.823#Z#DEBUG#1118e5ca-a078-11f1-87c7-eeee0a8e79e5.OPERATION#flowable-async-job-executor-thread-4373#
[BuildCloudUndeployModelStep] Cloud applications to undeploy: [ ]#
#2026 08 25 11:28:17.824#Z#DEBUG#1118e5ca-a078-11f1-87c7-eeee0a8e79e5.OPERATION#flowable-async-job-executor-thread-4373#
[BuildCloudUndeployModelStep] Cloud undeployment model built#
#2026 08 25 11:28:17.824#Z#DEBUG#1118e5ca-a078-11f1-87c7-eeee0a8e79e5.OPERATION#flowable-async-job-executor-thread-4373#
Step "Build Undeploy Model" finished#
#2026 08 25 11:28:17.844#Z#DEBUG#1118e5ca-a078-11f1-87c7-eeee0a8e79e5.OPERATION#flowable-async-job-executor-thread-4373#
[AddDomainsStep] Executing task "addDomainsTask" of process "1118e5f0-a078-11f1-87c7-eeee0a8e79e5"...#
#2026 08 25 11:28:17.845#Z#DEBUG#1118e5ca-a078-11f1-87c7-eeee0a8e79e5.OPERATION#flowable-async-job-executor-thread-4373#
[AddDomainsStep] Custom domains: []#
#2026 08 25 11:28:17.845#Z#DEBUG#1118e5ca-a078-11f1-87c7-eeee0a8e79e5.OPERATION#flowable-async-job-executor-thread-4373#
Step "Add Domains" finished#
#2026 08 25 11:28:17.927#Z#DEBUG#1118e5ca-a078-11f1-87c7-eeee0a8e79e5.OPERATION#flowable-async-job-executor-thread-4373#
[ExtractBatchedServicesWithResolvedDynamicParametersStep] Executing task "prepareModulesDeploymentTask" of process "11b59b30-a078-11f1-87c7-eeee0a8e79e5"...#
#2026 08 25 11:28:17.928#Z#DEBUG#1118e5ca-a078-11f1-87c7-eeee0a8e79e5.OPERATION#flowable-async-job-executor-thread-4373#
[ExtractBatchedServicesWithResolvedDynamicParametersStep] Extracting services and resolving dynamic parameters from batch#
#2026 08 25 11:28:17.929#Z#DEBUG#1118e5ca-a078-11f1-87c7-eeee0a8e79e5.OPERATION#flowable-async-job-executor-thread-4373#
[ExtractBatchedServicesWithResolvedDynamicParametersStep] Services to create: [ {
  "isOptional" : false,
  "isManaged" : true,
  "name" : "********",
  "v3Metadata" : {
    "annotations" : {
      "mta_id" : "ResilienceCockpit",
      "mta_version" : "1.0.0",
      "mta_resource" : "********"
    },
    "labels" : {
      "mta_id" : "12714f170fc41ee91010bfb8bfd6b5c9"
    }
  },
  "label" : "xsuaa",
  "plan" : "application",
  "credentials" : "********",
  "tags" : [ ],
  "type" : "managed",
  "resourceName" : "********",
  "shouldSkipParametersUpdate" : false,
  "shouldSkipPlanUpdate" : false,
  "shouldSkipTagsUpdate" : false,
  "shouldSkipSyslogUrlUpdate" : false
}, {
  "isOptional" : false,
  "isManaged" : true,
  "name" : "ResilienceCockpit-db",
  "v3Metadata" : {
    "annotations" : {
      "mta_id" : "ResilienceCockpit",
      "mta_version" : "1.0.0",
      "mta_resource" : "{\"name\":\"ResilienceCockpit-db\"}"
    },
    "labels" : {
      "mta_id" : "12714f170fc41ee91010bfb8bfd6b5c9"
    }
  },
  "label" : "hana",
  "plan" : "hdi-shared",
  "credentials" : "********",
  "tags" : [ ],
  "type" : "managed",
  "resourceName" : "ResilienceCockpit-db",
  "shouldSkipParametersUpdate" : false,
  "shouldSkipPlanUpdate" : false,
  "shouldSkipTagsUpdate" : false,
  "shouldSkipSyslogUrlUpdate" : false
}, {
  "isOptional" : false,
  "isManaged" : true,
  "name" : "ResilienceCockpit-connectivity",
  "v3Metadata" : {
    "annotations" : {
      "mta_id" : "ResilienceCockpit",
      "mta_version" : "1.0.0",
      "mta_resource" : "{\"name\":\"ResilienceCockpit-connectivity\"}"
    },
    "labels" : {
      "mta_id" : "12714f170fc41ee91010bfb8bfd6b5c9"
    }
  },
  "label" : "connectivity",
  "plan" : "lite",
  "credentials" : "********",
  "tags" : [ ],
  "type" : "managed",
  "resourceName" : "ResilienceCockpit-connectivity",
  "shouldSkipParametersUpdate" : false,
  "shouldSkipPlanUpdate" : false,
  "shouldSkipTagsUpdate" : false,
  "shouldSkipSyslogUrlUpdate" : false
}, {
  "isOptional" : false,
  "isManaged" : true,
  "name" : "ResilienceCockpit-destination",
  "v3Metadata" : {
    "annotations" : {
      "mta_id" : "ResilienceCockpit",
      "mta_version" : "1.0.0",
      "mta_resource" : "{\"name\":\"ResilienceCockpit-destination\"}"
    },
    "labels" : {
      "mta_id" : "12714f170fc41ee91010bfb8bfd6b5c9"
    }
  },
  "label" : "destination",
  "plan" : "lite",
  "credentials" : "********",
  "tags" : [ ],
  "type" : "managed",
  "resourceName" : "ResilienceCockpit-destination",
  "shouldSkipParametersUpdate" : false,
  "shouldSkipPlanUpdate" : false,
  "shouldSkipTagsUpdate" : false,
  "shouldSkipSyslogUrlUpdate" : false
}, {
  "isOptional" : false,
  "isManaged" : true,
  "name" : "ResilienceCockpit-html5-repo-host",
  "v3Metadata" : {
    "annotations" : {
      "mta_id" : "ResilienceCockpit",
      "mta_version" : "1.0.0",
      "mta_resource" : "{\"name\":\"ResilienceCockpit-html5-repo-host\"}"
    },
    "labels" : {
      "mta_id" : "12714f170fc41ee91010bfb8bfd6b5c9"
    }
  },
  "label" : "html5-apps-repo",
  "plan" : "app-host",
  "credentials" : "********",
  "tags" : [ ],
  "type" : "managed",
  "resourceName" : "ResilienceCockpit-html5-repo-host",
  "shouldSkipParametersUpdate" : false,
  "shouldSkipPlanUpdate" : false,
  "shouldSkipTagsUpdate" : false,
  "shouldSkipSyslogUrlUpdate" : false
}, {
  "isOptional" : false,
  "isManaged" : true,
  "name" : "ResilienceCockpit-logging",
  "v3Metadata" : {
    "annotations" : {
      "mta_id" : "ResilienceCockpit",
      "mta_version" : "1.0.0",
      "mta_resource" : "{\"name\":\"ResilienceCockpit-logging\"}"
    },
    "labels" : {
      "mta_id" : "12714f170fc41ee91010bfb8bfd6b5c9"
    }
  },
  "label" : "application-logs",
  "plan" : "lite",
  "credentials" : "********",
  "tags" : [ ],
  "type" : "managed",
  "resourceName" : "ResilienceCockpit-logging",
  "shouldSkipParametersUpdate" : false,
  "shouldSkipPlanUpdate" : false,
  "shouldSkipTagsUpdate" : false,
  "shouldSkipSyslogUrlUpdate" : false
} ]#
#2026 08 25 11:28:17.929#Z#DEBUG#1118e5ca-a078-11f1-87c7-eeee0a8e79e5.OPERATION#flowable-async-job-executor-thread-4373#
Step "Extract Services with Resolved Dynamic parameters from batch" finished#
#2026 08 25 11:28:18.005#Z#DEBUG#1118e5ca-a078-11f1-87c7-eeee0a8e79e5.OPERATION#flowable-async-job-executor-thread-4371#
[CheckServiceOperationStateStep] Executing task "CheckServiceOperationStateTask" of process "11c245b2-a078-11f1-87c7-eeee0a8e79e5"...#
#2026 08 25 11:28:18.006#Z#DEBUG#1118e5ca-a078-11f1-87c7-eeee0a8e79e5.OPERATION#flowable-async-job-executor-thread-4371#
[CheckServiceOperationStateStep] Getting service instance "ResilienceCockpit-auth"...#
#2026 08 25 11:28:18.140#Z#DEBUG#1118e5ca-a078-11f1-87c7-eeee0a8e79e5.OPERATION#flowable-async-job-executor-thread-4371#
Step "Check for service operations in Progress" finished#
#2026 08 25 11:28:18.164#Z#DEBUG#1118e5ca-a078-11f1-87c7-eeee0a8e79e5.OPERATION#flowable-async-job-executor-thread-4370#
[DetermineServiceCreateUpdateServiceActionsStep] Executing task "DetermineServiceCreateUpdateActionsTask" of process "11c245b2-a078-11f1-87c7-eeee0a8e79e5"...#
#2026 08 25 11:28:18.165#Z#INFO#1118e5ca-a078-11f1-87c7-eeee0a8e79e5.OPERATION#flowable-async-job-executor-thread-4370#
[DetermineServiceCreateUpdateServiceActionsStep] Processing service "ResilienceCockpit-auth"...#
#2026 08 25 11:28:18.170#Z#DEBUG#1118e5ca-a078-11f1-87c7-eeee0a8e79e5.OPERATION#flowable-async-job-executor-thread-4370#
[DetermineServiceCreateUpdateServiceActionsStep] Getting service instance "ResilienceCockpit-auth"...#
#2026 08 25 11:28:18.258#Z#INFO#1118e5ca-a078-11f1-87c7-eeee0a8e79e5.OPERATION#flowable-async-job-executor-thread-4370#
[DetermineServiceCreateUpdateServiceActionsStep] Setting service "ResilienceCockpit-auth" parameters from "xs-security.json"#
#2026 08 25 11:28:18.288#Z#DEBUG#1118e5ca-a078-11f1-87c7-eeee0a8e79e5.OPERATION#flowable-async-job-executor-thread-4370#
[DetermineServiceCreateUpdateServiceActionsStep] Existing service: {
  "name" : "********",
  "metadata" : {
    "guid" : "a4201f74-f0ad-456c-947a-8ce52d2ae7ca",
    "createdAt" : [ 2026, 8, 25, 8, 30, 2 ],
    "updatedAt" : [ 2026, 8, 25, 8, 30, 3 ]
  },
  "v3Metadata" : {
    "annotations" : {
      "mta_id" : "ResilienceCockpit",
      "mta_version" : "1.0.0",
      "mta_resource" : "********"
    },
    "labels" : {
      "mta_id" : "12714f170fc41ee91010bfb8bfd6b5c9"
    }
  },
  "label" : "xsuaa",
  "plan" : "application",
  "credentials" : "********",
  "tags" : [ ],
  "type" : "managed",
  "lastOperation" : {
    "type" : "UPDATE",
    "description" : "",
    "state" : "SUCCEEDED"
  }
}#
#2026 08 25 11:28:18.288#Z#DEBUG#1118e5ca-a078-11f1-87c7-eeee0a8e79e5.OPERATION#flowable-async-job-executor-thread-4370#
[DetermineServiceCreateUpdateServiceActionsStep] Service parameters will be updated#
#2026 08 25 11:28:18.288#Z#DEBUG#1118e5ca-a078-11f1-87c7-eeee0a8e79e5.OPERATION#flowable-async-job-executor-thread-4370#
[DetermineServiceCreateUpdateServiceActionsStep] New parameters: {
  "attributes" : [ ],
  "oauth2-configuration" : "********",
  "role-templates" : [ {
    "name" : "NX-SC-ANL",
    "description" : "generated",
    "scope-references" : [ "$XSAPPNAME.NX-SC-ANL", "********" ],
    "attribute-references" : [ ]
  }, {
    "name" : "NX-PR-ANL",
    "description" : "generated",
    "scope-references" : [ "$XSAPPNAME.NX-PR-ANL", "********" ],
    "attribute-references" : [ ]
  }, {
    "name" : "NX-SC-MGR",
    "description" : "generated",
    "scope-references" : [ "$XSAPPNAME.NX-SC-MGR", "********" ],
    "attribute-references" : [ ]
  } ],
  "scopes" : [ {
    "name" : "********",
    "description" : "********"
  }, {
    "name" : "$XSAPPNAME.NX-SC-ANL",
    "description" : "NX-SC-ANL"
  }, {
    "name" : "$XSAPPNAME.NX-PR-ANL",
    "description" : "NX-PR-ANL"
  }, {
    "name" : "$XSAPPNAME.NX-SC-MGR",
    "description" : "NX-SC-MGR"
  } ],
  "tenant-mode" : "dedicated",
  "xsappname" : "ResilienceCockpit-94060551trial-dev"
}#
#2026 08 25 11:28:18.288#Z#DEBUG#1118e5ca-a078-11f1-87c7-eeee0a8e79e5.OPERATION#flowable-async-job-executor-thread-4370#
Step "Determine update actions" finished#
#2026 08 25 11:28:18.320#Z#DEBUG#1118e5ca-a078-11f1-87c7-eeee0a8e79e5.OPERATION#flowable-async-job-executor-thread-4370#
[CheckForServiceBindingOrKeyOperationStep] Executing task "CheckForServiceBindingOrKeyCreation" of process "11c245b2-a078-11f1-87c7-eeee0a8e79e5"...#
#2026 08 25 11:28:18.321#Z#DEBUG#1118e5ca-a078-11f1-87c7-eeee0a8e79e5.OPERATION#flowable-async-job-executor-thread-4370#
Step "Check for service binding or key creation" finished#
#2026 08 25 11:28:18.344#Z#DEBUG#1118e5ca-a078-11f1-87c7-eeee0a8e79e5.OPERATION#flowable-async-job-executor-thread-4370#
[UpdateServiceParametersStep] Executing task "UpdateServiceParametersTask" of process "11c245b2-a078-11f1-87c7-eeee0a8e79e5"...#
#2026 08 25 11:28:18.345#Z#INFO#1118e5ca-a078-11f1-87c7-eeee0a8e79e5.OPERATION#flowable-async-job-executor-thread-4370#
[UpdateServiceParametersStep] Updating service "ResilienceCockpit-auth"...#
#2026 08 25 11:28:18.348#Z#DEBUG#1118e5ca-a078-11f1-87c7-eeee0a8e79e5.OPERATION#flowable-async-job-executor-thread-4370#
[UpdateServiceParametersStep] Updating service parameters for service "ResilienceCockpit-auth"...#
#2026 08 25 11:28:18.455#Z#DEBUG#1118e5ca-a078-11f1-87c7-eeee0a8e79e5.OPERATION#flowable-async-job-executor-thread-4370#
[UpdateServiceParametersStep] Service "ResilienceCockpit-auth" updated#
#2026 08 25 11:28:18.455#Z#DEBUG#1118e5ca-a078-11f1-87c7-eeee0a8e79e5.OPERATION#flowable-async-job-executor-thread-4370#
[UpdateServiceParametersStep] Triggered service operations: {
  "ResilienceCockpit-auth" : "UPDATE"
}#
#2026 08 25 11:28:18.455#Z#DEBUG#1118e5ca-a078-11f1-87c7-eeee0a8e79e5.OPERATION#flowable-async-job-executor-thread-4370#
Step "Update parameters" finished#
#2026 08 25 11:28:19.248#Z#DEBUG#1118e5ca-a078-11f1-87c7-eeee0a8e79e5.OPERATION#flowable-async-job-executor-thread-4366#
[CheckServiceOperationStateStep] Executing task "CheckServiceOperationStateTask" of process "1281c47b-a078-11f1-87c7-eeee0a8e79e5"...#
#2026 08 25 11:28:19.249#Z#DEBUG#1118e5ca-a078-11f1-87c7-eeee0a8e79e5.OPERATION#flowable-async-job-executor-thread-4366#
[CheckServiceOperationStateStep] Getting service instance "ResilienceCockpit-logging"...#
#2026 08 25 11:28:19.341#Z#DEBUG#1118e5ca-a078-11f1-87c7-eeee0a8e79e5.OPERATION#flowable-async-job-executor-thread-4366#
Step "Check for service operations in Progress" finished#
#2026 08 25 11:28:19.176#Z#DEBUG#1118e5ca-a078-11f1-87c7-eeee0a8e79e5.OPERATION#flowable-async-job-executor-thread-14263#
[CheckServiceOperationStateStep] Executing task "CheckServiceOperationStateTask" of process "12773dd4-a078-11f1-b78a-eeee0a986e3f"...#
#2026 08 25 11:28:19.212#Z#DEBUG#1118e5ca-a078-11f1-87c7-eeee0a8e79e5.OPERATION#flowable-async-job-executor-thread-14260#
[CheckServiceOperationStateStep] Executing task "CheckServiceOperationStateTask" of process "127bf8f3-a078-11f1-b78a-eeee0a986e3f"...#
#2026 08 25 11:28:19.249#Z#DEBUG#1118e5ca-a078-11f1-87c7-eeee0a8e79e5.OPERATION#flowable-async-job-executor-thread-14263#
[CheckServiceOperationStateStep] Getting service instance "ResilienceCockpit-db"...#
#2026 08 25 11:28:19.273#Z#DEBUG#1118e5ca-a078-11f1-87c7-eeee0a8e79e5.OPERATION#flowable-async-job-executor-thread-14260#
[CheckServiceOperationStateStep] Getting service instance "ResilienceCockpit-connectivity"...#
#2026 08 25 11:28:19.350#Z#DEBUG#1118e5ca-a078-11f1-87c7-eeee0a8e79e5.OPERATION#flowable-async-job-executor-thread-14263#
Step "Check for service operations in Progress" finished#
#2026 08 25 11:28:19.373#Z#DEBUG#1118e5ca-a078-11f1-87c7-eeee0a8e79e5.OPERATION#flowable-async-job-executor-thread-14260#
Step "Check for service operations in Progress" finished#
#2026 08 25 11:28:19.365#Z#DEBUG#1118e5ca-a078-11f1-87c7-eeee0a8e79e5.OPERATION#flowable-async-job-executor-thread-14263#
[DetermineServiceCreateUpdateServiceActionsStep] Executing task "DetermineServiceCreateUpdateActionsTask" of process "12773dd4-a078-11f1-b78a-eeee0a986e3f"...#
#2026 08 25 11:28:19.366#Z#INFO#1118e5ca-a078-11f1-87c7-eeee0a8e79e5.OPERATION#flowable-async-job-executor-thread-14263#
[DetermineServiceCreateUpdateServiceActionsStep] Processing service "ResilienceCockpit-db"...#
#2026 08 25 11:28:19.369#Z#DEBUG#1118e5ca-a078-11f1-87c7-eeee0a8e79e5.OPERATION#flowable-async-job-executor-thread-14263#
[DetermineServiceCreateUpdateServiceActionsStep] Getting service instance "ResilienceCockpit-db"...#
#2026 08 25 11:28:19.389#Z#DEBUG#1118e5ca-a078-11f1-87c7-eeee0a8e79e5.OPERATION#flowable-async-job-executor-thread-14260#
[DetermineServiceCreateUpdateServiceActionsStep] Executing task "DetermineServiceCreateUpdateActionsTask" of process "127bf8f3-a078-11f1-b78a-eeee0a986e3f"...#
#2026 08 25 11:28:19.390#Z#INFO#1118e5ca-a078-11f1-87c7-eeee0a8e79e5.OPERATION#flowable-async-job-executor-thread-14260#
[DetermineServiceCreateUpdateServiceActionsStep] Processing service "ResilienceCockpit-connectivity"...#
#2026 08 25 11:28:19.392#Z#DEBUG#1118e5ca-a078-11f1-87c7-eeee0a8e79e5.OPERATION#flowable-async-job-executor-thread-14260#
[DetermineServiceCreateUpdateServiceActionsStep] Getting service instance "ResilienceCockpit-connectivity"...#
#2026 08 25 11:28:19.453#Z#DEBUG#1118e5ca-a078-11f1-87c7-eeee0a8e79e5.OPERATION#flowable-async-job-executor-thread-14263#
[DetermineServiceCreateUpdateServiceActionsStep] Existing service: {
  "name" : "ResilienceCockpit-db",
  "metadata" : {
    "guid" : "793c82c4-0c29-4054-8664-8ad70f1aaf7d",
    "createdAt" : [ 2026, 8, 25, 8, 30, 5 ],
    "updatedAt" : [ 2026, 8, 25, 8, 30, 5 ]
  },
  "v3Metadata" : {
    "annotations" : {
      "mta_id" : "ResilienceCockpit",
      "mta_version" : "1.0.0",
      "mta_resource" : "{\"name\":\"ResilienceCockpit-db\"}"
    },
    "labels" : {
      "mta_id" : "12714f170fc41ee91010bfb8bfd6b5c9"
    }
  },
  "label" : "hana",
  "plan" : "hdi-shared",
  "credentials" : "********",
  "tags" : [ ],
  "type" : "managed",
  "lastOperation" : {
    "type" : "CREATE",
    "state" : "SUCCEEDED"
  }
}#
#2026 08 25 11:28:19.453#Z#WARN#1118e5ca-a078-11f1-87c7-eeee0a8e79e5.OPERATION#flowable-async-job-executor-thread-14263#
[DetermineServiceCreateUpdateServiceActionsStep] Service parameters for service "ResilienceCockpit-db" will not be updated, as the parameters are not defined or empty.#
#2026 08 25 11:28:19.453#Z#DEBUG#1118e5ca-a078-11f1-87c7-eeee0a8e79e5.OPERATION#flowable-async-job-executor-thread-14263#
Step "Determine update actions" finished#
#2026 08 25 11:28:19.475#Z#DEBUG#1118e5ca-a078-11f1-87c7-eeee0a8e79e5.OPERATION#flowable-async-job-executor-thread-14263#
[CheckForServiceBindingOrKeyOperationStep] Executing task "CheckForServiceBindingOrKeyCreation" of process "12773dd4-a078-11f1-b78a-eeee0a986e3f"...#
#2026 08 25 11:28:19.476#Z#DEBUG#1118e5ca-a078-11f1-87c7-eeee0a8e79e5.OPERATION#flowable-async-job-executor-thread-14263#
Step "Check for service binding or key creation" finished#
#2026 08 25 11:28:19.361#Z#DEBUG#1118e5ca-a078-11f1-87c7-eeee0a8e79e5.OPERATION#flowable-async-job-executor-thread-4366#
[DetermineServiceCreateUpdateServiceActionsStep] Executing task "DetermineServiceCreateUpdateActionsTask" of process "1281c47b-a078-11f1-87c7-eeee0a8e79e5"...#
#2026 08 25 11:28:19.362#Z#INFO#1118e5ca-a078-11f1-87c7-eeee0a8e79e5.OPERATION#flowable-async-job-executor-thread-4366#
[DetermineServiceCreateUpdateServiceActionsStep] Processing service "ResilienceCockpit-logging"...#
#2026 08 25 11:28:19.365#Z#DEBUG#1118e5ca-a078-11f1-87c7-eeee0a8e79e5.OPERATION#flowable-async-job-executor-thread-4366#
[DetermineServiceCreateUpdateServiceActionsStep] Getting service instance "ResilienceCockpit-logging"...#
#2026 08 25 11:28:19.481#Z#DEBUG#1118e5ca-a078-11f1-87c7-eeee0a8e79e5.OPERATION#flowable-async-job-executor-thread-4366#
[DetermineServiceCreateUpdateServiceActionsStep] Existing service: {
  "name" : "ResilienceCockpit-logging",
  "metadata" : {
    "guid" : "336ec7d3-cd56-4076-bb50-7f23f8654af2",
    "createdAt" : [ 2026, 8, 25, 8, 30, 2 ],
    "updatedAt" : [ 2026, 8, 25, 8, 30, 3 ]
  },
  "v3Metadata" : {
    "annotations" : {
      "mta_id" : "ResilienceCockpit",
      "mta_version" : "1.0.0",
      "mta_resource" : "{\"name\":\"ResilienceCockpit-logging\"}"
    },
    "labels" : {
      "mta_id" : "12714f170fc41ee91010bfb8bfd6b5c9"
    }
  },
  "label" : "application-logs",
  "plan" : "lite",
  "credentials" : "********",
  "tags" : [ ],
  "type" : "managed",
  "lastOperation" : {
    "type" : "CREATE",
    "description" : "",
    "state" : "SUCCEEDED"
  }
}#
#2026 08 25 11:28:19.481#Z#WARN#1118e5ca-a078-11f1-87c7-eeee0a8e79e5.OPERATION#flowable-async-job-executor-thread-4366#
[DetermineServiceCreateUpdateServiceActionsStep] Service parameters for service "ResilienceCockpit-logging" will not be updated, as the parameters are not defined or empty.#
#2026 08 25 11:28:19.481#Z#DEBUG#1118e5ca-a078-11f1-87c7-eeee0a8e79e5.OPERATION#flowable-async-job-executor-thread-4366#
Step "Determine update actions" finished#
#2026 08 25 11:28:19.482#Z#DEBUG#1118e5ca-a078-11f1-87c7-eeee0a8e79e5.OPERATION#flowable-async-job-executor-thread-14260#
[DetermineServiceCreateUpdateServiceActionsStep] Existing service: {
  "name" : "ResilienceCockpit-connectivity",
  "metadata" : {
    "guid" : "57ce73c3-9d98-4630-a914-bb3fe51155dc",
    "createdAt" : [ 2026, 8, 25, 8, 30, 4 ],
    "updatedAt" : [ 2026, 8, 25, 8, 30, 6 ]
  },
  "v3Metadata" : {
    "annotations" : {
      "mta_id" : "ResilienceCockpit",
      "mta_version" : "1.0.0",
      "mta_resource" : "{\"name\":\"ResilienceCockpit-connectivity\"}"
    },
    "labels" : {
      "mta_id" : "12714f170fc41ee91010bfb8bfd6b5c9"
    }
  },
  "label" : "connectivity",
  "plan" : "lite",
  "credentials" : "********",
  "tags" : [ ],
  "type" : "managed",
  "lastOperation" : {
    "type" : "CREATE",
    "description" : "",
    "state" : "SUCCEEDED"
  }
}#
#2026 08 25 11:28:19.482#Z#WARN#1118e5ca-a078-11f1-87c7-eeee0a8e79e5.OPERATION#flowable-async-job-executor-thread-14260#
[DetermineServiceCreateUpdateServiceActionsStep] Service parameters for service "ResilienceCockpit-connectivity" will not be updated, as the parameters are not defined or empty.#
#2026 08 25 11:28:19.482#Z#DEBUG#1118e5ca-a078-11f1-87c7-eeee0a8e79e5.OPERATION#flowable-async-job-executor-thread-14260#
Step "Determine update actions" finished#
#2026 08 25 11:28:19.510#Z#DEBUG#1118e5ca-a078-11f1-87c7-eeee0a8e79e5.OPERATION#flowable-async-job-executor-thread-14260#
[CheckForServiceBindingOrKeyOperationStep] Executing task "CheckForServiceBindingOrKeyCreation" of process "127bf8f3-a078-11f1-b78a-eeee0a986e3f"...#
#2026 08 25 11:28:19.511#Z#DEBUG#1118e5ca-a078-11f1-87c7-eeee0a8e79e5.OPERATION#flowable-async-job-executor-thread-14260#
Step "Check for service binding or key creation" finished#
#2026 08 25 11:28:19.517#Z#DEBUG#1118e5ca-a078-11f1-87c7-eeee0a8e79e5.OPERATION#flowable-async-job-executor-thread-4366#
[CheckForServiceBindingOrKeyOperationStep] Executing task "CheckForServiceBindingOrKeyCreation" of process "1281c47b-a078-11f1-87c7-eeee0a8e79e5"...#
#2026 08 25 11:28:19.518#Z#DEBUG#1118e5ca-a078-11f1-87c7-eeee0a8e79e5.OPERATION#flowable-async-job-executor-thread-4366#
Step "Check for service binding or key creation" finished#
#2026 08 25 11:28:19.522#Z#DEBUG#1118e5ca-a078-11f1-87c7-eeee0a8e79e5.OPERATION#flowable-async-job-executor-thread-3045#
[CheckServiceOperationStateStep] Executing task "CheckServiceOperationStateTask" of process "12a94a74-a078-11f1-b87e-eeee0a95c1ad"...#
#2026 08 25 11:28:19.603#Z#DEBUG#1118e5ca-a078-11f1-87c7-eeee0a8e79e5.OPERATION#flowable-async-job-executor-thread-3045#
[CheckServiceOperationStateStep] Getting service instance "ResilienceCockpit-destination"...#
#2026 08 25 11:28:19.714#Z#DEBUG#1118e5ca-a078-11f1-87c7-eeee0a8e79e5.OPERATION#flowable-async-job-executor-thread-3045#
Step "Check for service operations in Progress" finished#
#2026 08 25 11:28:19.743#Z#DEBUG#1118e5ca-a078-11f1-87c7-eeee0a8e79e5.OPERATION#flowable-async-job-executor-thread-3046#
[DetermineServiceCreateUpdateServiceActionsStep] Executing task "DetermineServiceCreateUpdateActionsTask" of process "12a94a74-a078-11f1-b87e-eeee0a95c1ad"...#
#2026 08 25 11:28:19.745#Z#INFO#1118e5ca-a078-11f1-87c7-eeee0a8e79e5.OPERATION#flowable-async-job-executor-thread-3046#
[DetermineServiceCreateUpdateServiceActionsStep] Processing service "ResilienceCockpit-destination"...#
#2026 08 25 11:28:19.750#Z#DEBUG#1118e5ca-a078-11f1-87c7-eeee0a8e79e5.OPERATION#flowable-async-job-executor-thread-3046#
[DetermineServiceCreateUpdateServiceActionsStep] Getting service instance "ResilienceCockpit-destination"...#
#2026 08 25 11:28:19.872#Z#DEBUG#1118e5ca-a078-11f1-87c7-eeee0a8e79e5.OPERATION#flowable-async-job-executor-thread-3046#
[DetermineServiceCreateUpdateServiceActionsStep] Existing service: {
  "name" : "ResilienceCockpit-destination",
  "metadata" : {
    "guid" : "01ee3953-9bb6-4134-988a-deaf8ca2479c",
    "createdAt" : [ 2026, 8, 25, 8, 30, 3 ],
    "updatedAt" : [ 2026, 8, 25, 8, 30, 7 ]
  },
  "v3Metadata" : {
    "annotations" : {
      "mta_id" : "ResilienceCockpit",
      "mta_version" : "1.0.0",
      "mta_resource" : "{\"name\":\"ResilienceCockpit-destination\"}"
    },
    "labels" : {
      "mta_id" : "12714f170fc41ee91010bfb8bfd6b5c9"
    }
  },
  "label" : "destination",
  "plan" : "lite",
  "credentials" : "********",
  "tags" : [ ],
  "type" : "managed",
  "lastOperation" : {
    "type" : "UPDATE",
    "description" : "********",
    "state" : "FAILED"
  }
}#
#2026 08 25 11:28:19.872#Z#DEBUG#1118e5ca-a078-11f1-87c7-eeee0a8e79e5.OPERATION#flowable-async-job-executor-thread-3046#
[DetermineServiceCreateUpdateServiceActionsStep] Service parameters will be updated#
#2026 08 25 11:28:19.872#Z#DEBUG#1118e5ca-a078-11f1-87c7-eeee0a8e79e5.OPERATION#flowable-async-job-executor-thread-3046#
[DetermineServiceCreateUpdateServiceActionsStep] New parameters: {
  "HTML5Runtime_enabled" : true,
  "init_data" : {
    "instance" : {
      "destinations" : [ {
        "Authentication" : "********",
        "Name" : "ui5",
        "ProxyType" : "Internet",
        "Type" : "HTTP",
        "URL" : "https://ui5.sap.com"
      }, {
        "Authentication" : "********",
        "HTML5.DynamicDestination" : true,
        "HTML5.ForwardAuthToken" : "********",
        "Name" : "srv-api",
        "ProxyType" : "Internet",
        "Type" : "HTTP",
        "URL" : "https://94060551trial-dev-resiliencecockpit-srv.cfapps.us10-003.hana.ondemand.com"
      } ],
      "existing_destinations_policy" : "update"
    }
  }
}#
#2026 08 25 11:28:19.872#Z#DEBUG#1118e5ca-a078-11f1-87c7-eeee0a8e79e5.OPERATION#flowable-async-job-executor-thread-3046#
Step "Determine update actions" finished#
#2026 08 25 11:28:19.916#Z#DEBUG#1118e5ca-a078-11f1-87c7-eeee0a8e79e5.OPERATION#flowable-async-job-executor-thread-3047#
[CheckForServiceBindingOrKeyOperationStep] Executing task "CheckForServiceBindingOrKeyCreation" of process "12a94a74-a078-11f1-b87e-eeee0a95c1ad"...#
#2026 08 25 11:28:19.918#Z#DEBUG#1118e5ca-a078-11f1-87c7-eeee0a8e79e5.OPERATION#flowable-async-job-executor-thread-3047#
Step "Check for service binding or key creation" finished#
#2026 08 25 11:28:19.955#Z#DEBUG#1118e5ca-a078-11f1-87c7-eeee0a8e79e5.OPERATION#flowable-async-job-executor-thread-3048#
[UpdateServiceParametersStep] Executing task "UpdateServiceParametersTask" of process "12a94a74-a078-11f1-b87e-eeee0a95c1ad"...#
#2026 08 25 11:28:19.958#Z#INFO#1118e5ca-a078-11f1-87c7-eeee0a8e79e5.OPERATION#flowable-async-job-executor-thread-3048#
[UpdateServiceParametersStep] Updating service "ResilienceCockpit-destination"...#
#2026 08 25 11:28:19.962#Z#DEBUG#1118e5ca-a078-11f1-87c7-eeee0a8e79e5.OPERATION#flowable-async-job-executor-thread-3048#
[UpdateServiceParametersStep] Updating service parameters for service "ResilienceCockpit-destination"...#
#2026 08 25 11:28:20.065#Z#DEBUG#1118e5ca-a078-11f1-87c7-eeee0a8e79e5.OPERATION#flowable-async-job-executor-thread-3048#
[UpdateServiceParametersStep] Service "ResilienceCockpit-destination" updated#
#2026 08 25 11:28:20.065#Z#DEBUG#1118e5ca-a078-11f1-87c7-eeee0a8e79e5.OPERATION#flowable-async-job-executor-thread-3048#
[UpdateServiceParametersStep] Triggered service operations: {
  "ResilienceCockpit-destination" : "UPDATE"
}#
#2026 08 25 11:28:20.067#Z#DEBUG#1118e5ca-a078-11f1-87c7-eeee0a8e79e5.OPERATION#flowable-async-job-executor-thread-3048#
Step "Update parameters" finished#
#2026 08 25 11:28:22.227#Z#DEBUG#1118e5ca-a078-11f1-87c7-eeee0a8e79e5.OPERATION#flowable-async-job-executor-thread-14257#
[CheckServiceOperationStateStep] Executing task "CheckServiceOperationStateTask" of process "14482cf6-a078-11f1-b78a-eeee0a986e3f"...#
#2026 08 25 11:28:22.227#Z#DEBUG#1118e5ca-a078-11f1-87c7-eeee0a8e79e5.OPERATION#flowable-async-job-executor-thread-14257#
[CheckServiceOperationStateStep] Getting service instance "ResilienceCockpit-html5-repo-host"...#
#2026 08 25 11:28:22.316#Z#DEBUG#1118e5ca-a078-11f1-87c7-eeee0a8e79e5.OPERATION#flowable-async-job-executor-thread-14257#
Step "Check for service operations in Progress" finished#
#2026 08 25 11:28:22.334#Z#DEBUG#1118e5ca-a078-11f1-87c7-eeee0a8e79e5.OPERATION#flowable-async-job-executor-thread-14257#
[DetermineServiceCreateUpdateServiceActionsStep] Executing task "DetermineServiceCreateUpdateActionsTask" of process "14482cf6-a078-11f1-b78a-eeee0a986e3f"...#
#2026 08 25 11:28:22.335#Z#INFO#1118e5ca-a078-11f1-87c7-eeee0a8e79e5.OPERATION#flowable-async-job-executor-thread-14257#
[DetermineServiceCreateUpdateServiceActionsStep] Processing service "ResilienceCockpit-html5-repo-host"...#
#2026 08 25 11:28:22.338#Z#DEBUG#1118e5ca-a078-11f1-87c7-eeee0a8e79e5.OPERATION#flowable-async-job-executor-thread-14257#
[DetermineServiceCreateUpdateServiceActionsStep] Getting service instance "ResilienceCockpit-html5-repo-host"...#
#2026 08 25 11:28:22.416#Z#DEBUG#1118e5ca-a078-11f1-87c7-eeee0a8e79e5.OPERATION#flowable-async-job-executor-thread-14257#
[DetermineServiceCreateUpdateServiceActionsStep] Existing service: {
  "name" : "ResilienceCockpit-html5-repo-host",
  "metadata" : {
    "guid" : "fd6aaf90-4cca-4826-9764-60a919421480",
    "createdAt" : [ 2026, 8, 25, 8, 30, 6 ],
    "updatedAt" : [ 2026, 8, 25, 8, 30, 7 ]
  },
  "v3Metadata" : {
    "annotations" : {
      "mta_id" : "ResilienceCockpit",
      "mta_version" : "1.0.0",
      "mta_resource" : "{\"name\":\"ResilienceCockpit-html5-repo-host\"}"
    },
    "labels" : {
      "mta_id" : "12714f170fc41ee91010bfb8bfd6b5c9"
    }
  },
  "label" : "html5-apps-repo",
  "plan" : "app-host",
  "credentials" : "********",
  "tags" : [ ],
  "type" : "managed",
  "lastOperation" : {
    "type" : "CREATE",
    "description" : "",
    "state" : "SUCCEEDED"
  }
}#
#2026 08 25 11:28:22.416#Z#WARN#1118e5ca-a078-11f1-87c7-eeee0a8e79e5.OPERATION#flowable-async-job-executor-thread-14257#
[DetermineServiceCreateUpdateServiceActionsStep] Service parameters for service "ResilienceCockpit-html5-repo-host" will not be updated, as the parameters are not defined or empty.#
#2026 08 25 11:28:22.416#Z#DEBUG#1118e5ca-a078-11f1-87c7-eeee0a8e79e5.OPERATION#flowable-async-job-executor-thread-14257#
Step "Determine update actions" finished#
#2026 08 25 11:28:22.439#Z#DEBUG#1118e5ca-a078-11f1-87c7-eeee0a8e79e5.OPERATION#flowable-async-job-executor-thread-14257#
[CheckForServiceBindingOrKeyOperationStep] Executing task "CheckForServiceBindingOrKeyCreation" of process "14482cf6-a078-11f1-b78a-eeee0a986e3f"...#
#2026 08 25 11:28:22.440#Z#DEBUG#1118e5ca-a078-11f1-87c7-eeee0a8e79e5.OPERATION#flowable-async-job-executor-thread-14257#
Step "Check for service binding or key creation" finished#
#2026 08 25 11:28:26.658#Z#DEBUG#1118e5ca-a078-11f1-87c7-eeee0a8e79e5.OPERATION#flowable-async-job-executor-thread-4376#
[UpdateServiceParametersStep] Executing task "UpdateServiceParametersTask" of process "11c245b2-a078-11f1-87c7-eeee0a8e79e5"...#
#2026 08 25 11:28:26.659#Z#DEBUG#1118e5ca-a078-11f1-87c7-eeee0a8e79e5.OPERATION#flowable-async-job-executor-thread-4376#
[UpdateServiceParametersStep] Polling service operations...#
#2026 08 25 11:28:26.660#Z#DEBUG#1118e5ca-a078-11f1-87c7-eeee0a8e79e5.OPERATION#flowable-async-job-executor-thread-4376#
[UpdateServiceParametersStep] Getting service instance "ResilienceCockpit-auth"...#
#2026 08 25 11:28:26.662#Z#DEBUG#1118e5ca-a078-11f1-87c7-eeee0a8e79e5.OPERATION#flowable-async-job-executor-thread-4377#
[UpdateServiceParametersStep] Executing task "UpdateServiceParametersTask" of process "12a94a74-a078-11f1-b87e-eeee0a95c1ad"...#
#2026 08 25 11:28:26.663#Z#DEBUG#1118e5ca-a078-11f1-87c7-eeee0a8e79e5.OPERATION#flowable-async-job-executor-thread-4377#
[UpdateServiceParametersStep] Polling service operations...#
#2026 08 25 11:28:26.665#Z#DEBUG#1118e5ca-a078-11f1-87c7-eeee0a8e79e5.OPERATION#flowable-async-job-executor-thread-4377#
[UpdateServiceParametersStep] Getting service instance "ResilienceCockpit-destination"...#
#2026 08 25 11:28:26.754#Z#WARN#1118e5ca-a078-11f1-87c7-eeee0a8e79e5.OPERATION#flowable-async-job-executor-thread-4377#
[UpdateServiceParametersStep] Updating service "ResilienceCockpit-destination" failed: Service broker error: Service broker destination-service-broker failed with: Failed to update the destination service instance with the user provided configuration.#
#2026 08 25 11:28:26.755#Z#DEBUG#1118e5ca-a078-11f1-87c7-eeee0a8e79e5.OPERATION#flowable-async-job-executor-thread-4376#
[UpdateServiceParametersStep] Last operation for service "ResilienceCockpit-auth": {
  "type" : "UPDATE",
  "description" : "",
  "state" : "SUCCEEDED"
}#
#2026 08 25 11:28:26.755#Z#DEBUG#1118e5ca-a078-11f1-87c7-eeee0a8e79e5.OPERATION#flowable-async-job-executor-thread-4376#
[UpdateServiceParametersStep] Service "ResilienceCockpit-auth" updated#
#2026 08 25 11:28:26.755#Z#INFO#1118e5ca-a078-11f1-87c7-eeee0a8e79e5.OPERATION#flowable-async-job-executor-thread-4376#
[UpdateServiceParametersStep] 1 of 1 done#
#2026 08 25 11:28:26.758#Z#DEBUG#1118e5ca-a078-11f1-87c7-eeee0a8e79e5.OPERATION#flowable-async-job-executor-thread-4377#
[UpdateServiceParametersStep] Last operation for service "ResilienceCockpit-destination": {
  "type" : "UPDATE",
  "description" : "Service broker error: Service broker destination-service-broker failed with: Failed to update the destination service instance with the user provided configuration.",
  "state" : "SUCCEEDED"
}#
#2026 08 25 11:28:26.758#Z#DEBUG#1118e5ca-a078-11f1-87c7-eeee0a8e79e5.OPERATION#flowable-async-job-executor-thread-4377#
[UpdateServiceParametersStep] Service "ResilienceCockpit-destination" updated#
#2026 08 25 11:28:26.758#Z#INFO#1118e5ca-a078-11f1-87c7-eeee0a8e79e5.OPERATION#flowable-async-job-executor-thread-4377#
[UpdateServiceParametersStep] 1 of 1 done#
#2026 08 25 11:28:26.759#Z#DEBUG#1118e5ca-a078-11f1-87c7-eeee0a8e79e5.OPERATION#flowable-async-job-executor-thread-4376#
[UpdateServiceParametersStep] Remaining services to poll: [ ]#
#2026 08 25 11:28:26.760#Z#DEBUG#1118e5ca-a078-11f1-87c7-eeee0a8e79e5.OPERATION#flowable-async-job-executor-thread-4376#
Step "Update parameters" finished#
#2026 08 25 11:28:26.761#Z#DEBUG#1118e5ca-a078-11f1-87c7-eeee0a8e79e5.OPERATION#flowable-async-job-executor-thread-4377#
[UpdateServiceParametersStep] Remaining services to poll: [ ]#
#2026 08 25 11:28:26.762#Z#DEBUG#1118e5ca-a078-11f1-87c7-eeee0a8e79e5.OPERATION#flowable-async-job-executor-thread-4377#
Step "Update parameters" finished#
#2026 08 25 11:28:28.344#Z#DEBUG#1118e5ca-a078-11f1-87c7-eeee0a8e79e5.OPERATION#flowable-async-job-executor-thread-14269#
[PrepareModulesDeploymentStep] Executing task "prepareModulesDeploymentTask" of process "17eaf68b-a078-11f1-b78a-eeee0a986e3f"...#
#2026 08 25 11:28:28.344#Z#DEBUG#1118e5ca-a078-11f1-87c7-eeee0a8e79e5.OPERATION#flowable-async-job-executor-thread-14269#
[PrepareModulesDeploymentStep] Preparing modules deployment...#
#2026 08 25 11:28:28.347#Z#DEBUG#1118e5ca-a078-11f1-87c7-eeee0a8e79e5.OPERATION#flowable-async-job-executor-thread-14269#
Step "Prepare Modules Deployment" finished#
#2026 08 25 11:28:28.369#Z#DEBUG#1118e5ca-a078-11f1-87c7-eeee0a8e79e5.OPERATION#flowable-async-job-executor-thread-14270#
[ComputeNextModulesStep] Executing task "computeNextModulesToDeployInParallel" of process "17eaf68b-a078-11f1-b78a-eeee0a986e3f"...#
#2026 08 25 11:28:28.369#Z#DEBUG#1118e5ca-a078-11f1-87c7-eeee0a8e79e5.OPERATION#flowable-async-job-executor-thread-14270#
[ComputeNextModulesStep] Computing modules for next parallel iteration...#
#2026 08 25 11:28:28.371#Z#DEBUG#1118e5ca-a078-11f1-87c7-eeee0a8e79e5.OPERATION#flowable-async-job-executor-thread-14270#
[ComputeNextModulesStep] Completed modules detected: []#
#2026 08 25 11:28:28.371#Z#DEBUG#1118e5ca-a078-11f1-87c7-eeee0a8e79e5.OPERATION#flowable-async-job-executor-thread-14270#
[ComputeNextModulesStep] All modules for deploy detected: [ResilienceCockpit-srv, ResilienceCockpit-app-deployer, ResilienceCockpit-destination-content, ResilienceCockpit-db-deployer]#
#2026 08 25 11:28:28.371#Z#DEBUG#1118e5ca-a078-11f1-87c7-eeee0a8e79e5.OPERATION#flowable-async-job-executor-thread-14270#
[ComputeNextModulesStep] Modules not for deploy detected: []#
#2026 08 25 11:28:28.372#Z#DEBUG#1118e5ca-a078-11f1-87c7-eeee0a8e79e5.OPERATION#flowable-async-job-executor-thread-14270#
[ComputeNextModulesStep] Computed modules for next parallel iteration: [ {
  "majorSchemaVersion" : 3,
  "name" : "ResilienceCockpit-srv",
  "type" : "javascript.nodejs",
  "path" : "ResilienceCockpit-srv",
  "properties" : { },
  "parameters" : {
    "app-name" : "ResilienceCockpit-srv",
    "buildpack" : "nodejs_buildpack",
    "default-app-name" : "ResilienceCockpit-srv",
    "default-host" : "94060551trial-dev-resiliencecockpit-srv",
    "default-instances" : 1,
    "default-live-app-name" : "ResilienceCockpit-srv",
    "default-live-domain" : "cfapps.us10-003.hana.ondemand.com",
    "default-live-host" : "94060551trial-dev-resiliencecockpit-srv",
    "default-live-uri" : "94060551trial-dev-resiliencecockpit-srv.cfapps.us10-003.hana.ondemand.com",
    "default-live-url" : "https://94060551trial-dev-resiliencecockpit-srv.cfapps.us10-003.hana.ondemand.com",
    "default-uri" : "94060551trial-dev-resiliencecockpit-srv.cfapps.us10-003.hana.ondemand.com",
    "default-url" : "https://94060551trial-dev-resiliencecockpit-srv.cfapps.us10-003.hana.ondemand.com",
    "dependency-type" : "soft",
    "domain" : "cfapps.us10-003.hana.ondemand.com",
    "generated-password" : "********",
    "generated-user" : "********",
    "host" : "94060551trial-dev-resiliencecockpit-srv",
    "instances" : 1,
    "protocol" : "https"
  },
  "requiredDependencies" : [ {
    "majorSchemaVersion" : 3,
    "name" : "********",
    "properties" : { },
    "parameters" : { },
    "propertiesMetadata" : {
      "metadata" : { }
    },
    "parametersMetadata" : {
      "metadata" : { }
    }
  }, {
    "majorSchemaVersion" : 3,
    "name" : "ResilienceCockpit-db",
    "properties" : { },
    "parameters" : { },
    "propertiesMetadata" : {
      "metadata" : { }
    },
    "parametersMetadata" : {
      "metadata" : { }
    }
  }, {
    "majorSchemaVersion" : 3,
    "name" : "ResilienceCockpit-connectivity",
    "properties" : { },
    "parameters" : { },
    "propertiesMetadata" : {
      "metadata" : { }
    },
    "parametersMetadata" : {
      "metadata" : { }
    }
  }, {
    "majorSchemaVersion" : 3,
    "name" : "ResilienceCockpit-destination",
    "properties" : { },
    "parameters" : { },
    "propertiesMetadata" : {
      "metadata" : { }
    },
    "parametersMetadata" : {
      "metadata" : { }
    }
  }, {
    "majorSchemaVersion" : 3,
    "name" : "ResilienceCockpit-logging",
    "properties" : { },
    "parameters" : { },
    "propertiesMetadata" : {
      "metadata" : { }
    },
    "parametersMetadata" : {
      "metadata" : { }
    }
  } ],
  "providedDependencies" : [ {
    "majorSchemaVersion" : 3,
    "name" : "srv-api",
    "isPublic" : false,
    "properties" : {
      "srv-url" : "https://94060551trial-dev-resiliencecockpit-srv.cfapps.us10-003.hana.ondemand.com"
    },
    "parameters" : { },
    "propertiesMetadata" : {
      "metadata" : { }
    },
    "parametersMetadata" : {
      "metadata" : { }
    }
  }, {
    "majorSchemaVersion" : 3,
    "name" : "ResilienceCockpit-srv",
    "isPublic" : false,
    "properties" : { },
    "parameters" : { },
    "propertiesMetadata" : {
      "metadata" : { }
    },
    "parametersMetadata" : {
      "metadata" : { }
    }
  } ],
  "propertiesMetadata" : {
    "metadata" : { }
  },
  "parametersMetadata" : {
    "metadata" : { }
  },
  "deployedAfter" : [ ],
  "hooks" : [ ]
}, {
  "majorSchemaVersion" : 3,
  "name" : "ResilienceCockpit-db-deployer",
  "type" : "com.sap.xs.hdi",
  "path" : "ResilienceCockpit-db-deployer",
  "properties" : {
    "EXIT" : 1
  },
  "parameters" : {
    "app-name" : "ResilienceCockpit-db-deployer",
    "buildpack" : "nodejs_buildpack",
    "default-app-name" : "ResilienceCockpit-db-deployer",
    "default-host" : "94060551trial-dev-resiliencecockpit-db-deployer",
    "default-instances" : 1,
    "default-live-app-name" : "ResilienceCockpit-db-deployer",
    "default-live-domain" : "cfapps.us10-003.hana.ondemand.com",
    "default-live-host" : "94060551trial-dev-resiliencecockpit-db-deployer",
    "default-live-uri" : "94060551trial-dev-resiliencecockpit-db-deployer.cfapps.us10-003.hana.ondemand.com",
    "default-live-url" : "https://94060551trial-dev-resiliencecockpit-db-deployer.cfapps.us10-003.hana.ondemand.com",
    "default-uri" : "94060551trial-dev-resiliencecockpit-db-deployer.cfapps.us10-003.hana.ondemand.com",
    "default-url" : "https://94060551trial-dev-resiliencecockpit-db-deployer.cfapps.us10-003.hana.ondemand.com",
    "dependency-type" : "hard",
    "domain" : "cfapps.us10-003.hana.ondemand.com",
    "generated-password" : "********",
    "generated-user" : "********",
    "host" : "94060551trial-dev-resiliencecockpit-db-deployer",
    "instances" : 1,
    "memory" : "256M",
    "no-route" : true,
    "no-start" : true,
    "protocol" : "https",
    "tasks" : [ {
      "command" : "npm start",
      "memory" : "256M",
      "name" : "deploy"
    } ]
  },
  "requiredDependencies" : [ {
    "majorSchemaVersion" : 3,
    "name" : "ResilienceCockpit-db",
    "properties" : { },
    "parameters" : { },
    "propertiesMetadata" : {
      "metadata" : { }
    },
    "parametersMetadata" : {
      "metadata" : { }
    }
  } ],
  "providedDependencies" : [ {
    "majorSchemaVersion" : 3,
    "name" : "ResilienceCockpit-db-deployer",
    "isPublic" : false,
    "properties" : { },
    "parameters" : { },
    "propertiesMetadata" : {
      "metadata" : { }
    },
    "parametersMetadata" : {
      "metadata" : { }
    }
  } ],
  "propertiesMetadata" : {
    "metadata" : { }
  },
  "parametersMetadata" : {
    "metadata" : { }
  },
  "deployedAfter" : [ ],
  "hooks" : [ ]
}, {
  "majorSchemaVersion" : 3,
  "name" : "ResilienceCockpit-app-deployer",
  "type" : "com.sap.application.content",
  "path" : "ResilienceCockpit-app-deployer",
  "properties" : { },
  "parameters" : {
    "app-name" : "ResilienceCockpit-app-deployer",
    "default-app-name" : "ResilienceCockpit-app-deployer",
    "default-host" : "94060551trial-dev-resiliencecockpit-app-deployer",
    "default-instances" : 1,
    "default-live-app-name" : "ResilienceCockpit-app-deployer",
    "default-live-domain" : "cfapps.us10-003.hana.ondemand.com",
    "default-live-host" : "94060551trial-dev-resiliencecockpit-app-deployer",
    "default-live-uri" : "94060551trial-dev-resiliencecockpit-app-deployer.cfapps.us10-003.hana.ondemand.com",
    "default-live-url" : "https://94060551trial-dev-resiliencecockpit-app-deployer.cfapps.us10-003.hana.ondemand.com",
    "default-uri" : "94060551trial-dev-resiliencecockpit-app-deployer.cfapps.us10-003.hana.ondemand.com",
    "default-url" : "https://94060551trial-dev-resiliencecockpit-app-deployer.cfapps.us10-003.hana.ondemand.com",
    "dependency-type" : "soft",
    "domain" : "cfapps.us10-003.hana.ondemand.com",
    "generated-password" : "********",
    "generated-user" : "********",
    "host" : "94060551trial-dev-resiliencecockpit-app-deployer",
    "instances" : 1,
    "protocol" : "https"
  },
  "requiredDependencies" : [ {
    "majorSchemaVersion" : 3,
    "name" : "********",
    "properties" : { },
    "parameters" : { },
    "propertiesMetadata" : {
      "metadata" : { }
    },
    "parametersMetadata" : {
      "metadata" : { }
    }
  }, {
    "majorSchemaVersion" : 3,
    "name" : "srv-api",
    "properties" : { },
    "parameters" : { },
    "propertiesMetadata" : {
      "metadata" : { }
    },
    "parametersMetadata" : {
      "metadata" : { }
    }
  }, {
    "majorSchemaVersion" : 3,
    "name" : "ResilienceCockpit-html5-repo-host",
    "properties" : { },
    "parameters" : {
      "config" : {
        "HTML5Runtime_enabled" : false
      },
      "content-target" : true
    },
    "propertiesMetadata" : {
      "metadata" : { }
    },
    "parametersMetadata" : {
      "metadata" : { }
    }
  } ],
  "providedDependencies" : [ {
    "majorSchemaVersion" : 3,
    "name" : "ResilienceCockpit-app-deployer",
    "isPublic" : false,
    "properties" : { },
    "parameters" : { },
    "propertiesMetadata" : {
      "metadata" : { }
    },
    "parametersMetadata" : {
      "metadata" : { }
    }
  } ],
  "propertiesMetadata" : {
    "metadata" : { }
  },
  "parametersMetadata" : {
    "metadata" : { }
  },
  "deployedAfter" : [ ],
  "hooks" : [ ]
}, {
  "majorSchemaVersion" : 3,
  "name" : "ResilienceCockpit-destination-content",
  "type" : "com.sap.application.content",
  "properties" : { },
  "parameters" : {
    "app-name" : "ResilienceCockpit-destination-content",
    "content" : {
      "instance" : {
        "destinations" : [ {
          "Authentication" : "********",
          "Name" : "srv-api",
          "TokenServiceInstanceName" : "********",
          "TokenServiceKeyName" : "********",
          "URL" : "https://94060551trial-dev-resiliencecockpit-srv.cfapps.us10-003.hana.ondemand.com"
        }, {
          "Name" : "ResilienceCockpit-html5-repo-host",
          "ServiceInstanceName" : "ResilienceCockpit-html5-repo-host",
          "ServiceKeyName" : "********",
          "sap.cloud.service" : "nexus"
        }, {
          "Authentication" : "********",
          "Name" : "********",
          "ServiceInstanceName" : "********",
          "ServiceKeyName" : "********"
        } ],
        "existing_destinations_policy" : "update"
      }
    },
    "default-app-name" : "ResilienceCockpit-destination-content",
    "default-host" : "94060551trial-dev-resiliencecockpit-destination-content",
    "default-instances" : 1,
    "default-live-app-name" : "ResilienceCockpit-destination-content",
    "default-live-domain" : "cfapps.us10-003.hana.ondemand.com",
    "default-live-host" : "94060551trial-dev-resiliencecockpit-destination-content",
    "default-live-uri" : "94060551trial-dev-resiliencecockpit-destination-content.cfapps.us10-003.hana.ondemand.com",
    "default-live-url" : "https://94060551trial-dev-resiliencecockpit-destination-content.cfapps.us10-003.hana.ondemand.com",
    "default-uri" : "94060551trial-dev-resiliencecockpit-destination-content.cfapps.us10-003.hana.ondemand.com",
    "default-url" : "https://94060551trial-dev-resiliencecockpit-destination-content.cfapps.us10-003.hana.ondemand.com",
    "dependency-type" : "soft",
    "domain" : "cfapps.us10-003.hana.ondemand.com",
    "generated-password" : "********",
    "generated-user" : "********",
    "host" : "94060551trial-dev-resiliencecockpit-destination-content",
    "instances" : 1,
    "protocol" : "https"
  },
  "requiredDependencies" : [ {
    "majorSchemaVersion" : 3,
    "name" : "********",
    "properties" : { },
    "parameters" : {
      "service-key" : "********"
    },
    "propertiesMetadata" : {
      "metadata" : { }
    },
    "parametersMetadata" : {
      "metadata" : { }
    }
  }, {
    "majorSchemaVersion" : 3,
    "name" : "ResilienceCockpit-html5-repo-host",
    "properties" : { },
    "parameters" : {
      "service-key" : "********"
    },
    "propertiesMetadata" : {
      "metadata" : { }
    },
    "parametersMetadata" : {
      "metadata" : { }
    }
  }, {
    "majorSchemaVersion" : 3,
    "name" : "srv-api",
    "properties" : { },
    "parameters" : { },
    "propertiesMetadata" : {
      "metadata" : { }
    },
    "parametersMetadata" : {
      "metadata" : { }
    }
  }, {
    "majorSchemaVersion" : 3,
    "name" : "ResilienceCockpit-destination",
    "properties" : { },
    "parameters" : {
      "content-target" : true
    },
    "propertiesMetadata" : {
      "metadata" : { }
    },
    "parametersMetadata" : {
      "metadata" : { }
    }
  } ],
  "providedDependencies" : [ {
    "majorSchemaVersion" : 3,
    "name" : "ResilienceCockpit-destination-content",
    "isPublic" : false,
    "properties" : { },
    "parameters" : { },
    "propertiesMetadata" : {
      "metadata" : { }
    },
    "parametersMetadata" : {
      "metadata" : { }
    }
  } ],
  "propertiesMetadata" : {
    "metadata" : { }
  },
  "parametersMetadata" : {
    "metadata" : { }
  },
  "deployedAfter" : [ ],
  "hooks" : [ ]
} ]#
#2026 08 25 11:28:28.372#Z#DEBUG#1118e5ca-a078-11f1-87c7-eeee0a8e79e5.OPERATION#flowable-async-job-executor-thread-14270#
Step "Compute Next Modules To Deploy" finished#
#2026 08 25 11:28:28.452#Z#DEBUG#1118e5ca-a078-11f1-87c7-eeee0a8e79e5.OPERATION#flowable-async-job-executor-thread-14270#
[ProcessDescriptorStep] Executing task "reprocessDescriptorTask" of process "17fbe659-a078-11f1-b78a-eeee0a986e3f"...#
#2026 08 25 11:28:28.453#Z#DEBUG#1118e5ca-a078-11f1-87c7-eeee0a8e79e5.OPERATION#flowable-async-job-executor-thread-14270#
[ProcessDescriptorStep] Resolving properties and parameters in merged descriptor...#
#2026 08 25 11:28:28.456#Z#DEBUG#1118e5ca-a078-11f1-87c7-eeee0a8e79e5.OPERATION#flowable-async-job-executor-thread-14270#
[ProcessDescriptorStep] Subscriptions: [ ]#
#2026 08 25 11:28:28.459#Z#DEBUG#1118e5ca-a078-11f1-87c7-eeee0a8e79e5.OPERATION#flowable-async-job-executor-thread-14270#
[ProcessDescriptorStep] MTA modules: [ResilienceCockpit-srv, ResilienceCockpit-app-deployer, ResilienceCockpit-destination-content, ResilienceCockpit-db-deployer]#
#2026 08 25 11:28:28.461#Z#DEBUG#1118e5ca-a078-11f1-87c7-eeee0a8e79e5.OPERATION#flowable-async-job-executor-thread-14270#
[ProcessDescriptorStep] Resolved deployment descriptor: {
  "majorSchemaVersion" : 3,
  "schemaVersion" : "3.3.0",
  "id" : "ResilienceCockpit",
  "version" : "1.0.0",
  "modules" : [ {
    "majorSchemaVersion" : 3,
    "name" : "ResilienceCockpit-srv",
    "type" : "javascript.nodejs",
    "path" : "ResilienceCockpit-srv",
    "properties" : { },
    "parameters" : {
      "default-url" : "https://94060551trial-dev-resiliencecockpit-srv.cfapps.us10-003.hana.ondemand.com",
      "default-app-name" : "ResilienceCockpit-srv",
      "generated-password" : "********",
      "default-live-url" : "https://94060551trial-dev-resiliencecockpit-srv.cfapps.us10-003.hana.ondemand.com",
      "default-uri" : "94060551trial-dev-resiliencecockpit-srv.cfapps.us10-003.hana.ondemand.com",
      "default-instances" : 1,
      "default-live-host" : "94060551trial-dev-resiliencecockpit-srv",
      "instances" : 1,
      "buildpack" : "nodejs_buildpack",
      "default-host" : "94060551trial-dev-resiliencecockpit-srv",
      "app-name" : "ResilienceCockpit-srv",
      "default-live-uri" : "94060551trial-dev-resiliencecockpit-srv.cfapps.us10-003.hana.ondemand.com",
      "protocol" : "https",
      "default-live-app-name" : "ResilienceCockpit-srv",
      "default-live-domain" : "cfapps.us10-003.hana.ondemand.com",
      "domain" : "cfapps.us10-003.hana.ondemand.com",
      "host" : "94060551trial-dev-resiliencecockpit-srv",
      "generated-user" : "********"
    },
    "requiredDependencies" : [ {
      "majorSchemaVersion" : 3,
      "name" : "********",
      "properties" : { },
      "parameters" : { },
      "propertiesMetadata" : {
        "metadata" : { }
      },
      "parametersMetadata" : {
        "metadata" : { }
      }
    }, {
      "majorSchemaVersion" : 3,
      "name" : "ResilienceCockpit-db",
      "properties" : { },
      "parameters" : { },
      "propertiesMetadata" : {
        "metadata" : { }
      },
      "parametersMetadata" : {
        "metadata" : { }
      }
    }, {
      "majorSchemaVersion" : 3,
      "name" : "ResilienceCockpit-connectivity",
      "properties" : { },
      "parameters" : { },
      "propertiesMetadata" : {
        "metadata" : { }
      },
      "parametersMetadata" : {
        "metadata" : { }
      }
    }, {
      "majorSchemaVersion" : 3,
      "name" : "ResilienceCockpit-destination",
      "properties" : { },
      "parameters" : { },
      "propertiesMetadata" : {
        "metadata" : { }
      },
      "parametersMetadata" : {
        "metadata" : { }
      }
    }, {
      "majorSchemaVersion" : 3,
      "name" : "ResilienceCockpit-logging",
      "properties" : { },
      "parameters" : { },
      "propertiesMetadata" : {
        "metadata" : { }
      },
      "parametersMetadata" : {
        "metadata" : { }
      }
    } ],
    "providedDependencies" : [ {
      "majorSchemaVersion" : 3,
      "name" : "srv-api",
      "isPublic" : false,
      "properties" : {
        "srv-url" : "https://94060551trial-dev-resiliencecockpit-srv.cfapps.us10-003.hana.ondemand.com"
      },
      "parameters" : { },
      "propertiesMetadata" : {
        "metadata" : { }
      },
      "parametersMetadata" : {
        "metadata" : { }
      }
    }, {
      "majorSchemaVersion" : 3,
      "name" : "ResilienceCockpit-srv",
      "isPublic" : false,
      "properties" : { },
      "parameters" : { },
      "propertiesMetadata" : {
        "metadata" : { }
      },
      "parametersMetadata" : {
        "metadata" : { }
      }
    } ],
    "propertiesMetadata" : {
      "metadata" : { }
    },
    "parametersMetadata" : {
      "metadata" : { }
    },
    "hooks" : [ ]
  }, {
    "majorSchemaVersion" : 3,
    "name" : "ResilienceCockpit-db-deployer",
    "type" : "com.sap.xs.hdi",
    "path" : "ResilienceCockpit-db-deployer",
    "properties" : {
      "EXIT" : 1
    },
    "parameters" : {
      "default-url" : "https://94060551trial-dev-resiliencecockpit-db-deployer.cfapps.us10-003.hana.ondemand.com",
      "default-app-name" : "ResilienceCockpit-db-deployer",
      "generated-password" : "********",
      "default-live-url" : "https://94060551trial-dev-resiliencecockpit-db-deployer.cfapps.us10-003.hana.ondemand.com",
      "default-uri" : "94060551trial-dev-resiliencecockpit-db-deployer.cfapps.us10-003.hana.ondemand.com",
      "memory" : "256M",
      "default-instances" : 1,
      "no-route" : true,
      "default-live-host" : "94060551trial-dev-resiliencecockpit-db-deployer",
      "instances" : 1,
      "buildpack" : "nodejs_buildpack",
      "default-host" : "94060551trial-dev-resiliencecockpit-db-deployer",
      "app-name" : "ResilienceCockpit-db-deployer",
      "default-live-uri" : "94060551trial-dev-resiliencecockpit-db-deployer.cfapps.us10-003.hana.ondemand.com",
      "protocol" : "https",
      "default-live-app-name" : "ResilienceCockpit-db-deployer",
      "default-live-domain" : "cfapps.us10-003.hana.ondemand.com",
      "dependency-type" : "hard",
      "domain" : "cfapps.us10-003.hana.ondemand.com",
      "host" : "94060551trial-dev-resiliencecockpit-db-deployer",
      "generated-user" : "********",
      "tasks" : [ {
        "command" : "npm start",
        "memory" : "256M",
        "name" : "deploy"
      } ],
      "no-start" : true
    },
    "requiredDependencies" : [ {
      "majorSchemaVersion" : 3,
      "name" : "ResilienceCockpit-db",
      "properties" : { },
      "parameters" : { },
      "propertiesMetadata" : {
        "metadata" : { }
      },
      "parametersMetadata" : {
        "metadata" : { }
      }
    } ],
    "providedDependencies" : [ {
      "majorSchemaVersion" : 3,
      "name" : "ResilienceCockpit-db-deployer",
      "isPublic" : false,
      "properties" : { },
      "parameters" : { },
      "propertiesMetadata" : {
        "metadata" : { }
      },
      "parametersMetadata" : {
        "metadata" : { }
      }
    } ],
    "propertiesMetadata" : {
      "metadata" : { }
    },
    "parametersMetadata" : {
      "metadata" : { }
    },
    "hooks" : [ ]
  }, {
    "majorSchemaVersion" : 3,
    "name" : "ResilienceCockpit-app-deployer",
    "type" : "com.sap.application.content",
    "path" : "ResilienceCockpit-app-deployer",
    "properties" : { },
    "parameters" : {
      "default-url" : "https://94060551trial-dev-resiliencecockpit-app-deployer.cfapps.us10-003.hana.ondemand.com",
      "default-app-name" : "ResilienceCockpit-app-deployer",
      "generated-password" : "********",
      "default-live-url" : "https://94060551trial-dev-resiliencecockpit-app-deployer.cfapps.us10-003.hana.ondemand.com",
      "default-uri" : "94060551trial-dev-resiliencecockpit-app-deployer.cfapps.us10-003.hana.ondemand.com",
      "default-instances" : 1,
      "default-live-host" : "94060551trial-dev-resiliencecockpit-app-deployer",
      "instances" : 1,
      "default-host" : "94060551trial-dev-resiliencecockpit-app-deployer",
      "app-name" : "ResilienceCockpit-app-deployer",
      "default-live-uri" : "94060551trial-dev-resiliencecockpit-app-deployer.cfapps.us10-003.hana.ondemand.com",
      "protocol" : "https",
      "default-live-app-name" : "ResilienceCockpit-app-deployer",
      "default-live-domain" : "cfapps.us10-003.hana.ondemand.com",
      "domain" : "cfapps.us10-003.hana.ondemand.com",
      "host" : "94060551trial-dev-resiliencecockpit-app-deployer",
      "generated-user" : "********"
    },
    "requiredDependencies" : [ {
      "majorSchemaVersion" : 3,
      "name" : "********",
      "properties" : { },
      "parameters" : { },
      "propertiesMetadata" : {
        "metadata" : { }
      },
      "parametersMetadata" : {
        "metadata" : { }
      }
    }, {
      "majorSchemaVersion" : 3,
      "name" : "srv-api",
      "properties" : { },
      "parameters" : { },
      "propertiesMetadata" : {
        "metadata" : { }
      },
      "parametersMetadata" : {
        "metadata" : { }
      }
    }, {
      "majorSchemaVersion" : 3,
      "name" : "ResilienceCockpit-html5-repo-host",
      "properties" : { },
      "parameters" : {
        "config" : {
          "HTML5Runtime_enabled" : false
        },
        "content-target" : true
      },
      "propertiesMetadata" : {
        "metadata" : { }
      },
      "parametersMetadata" : {
        "metadata" : { }
      }
    } ],
    "providedDependencies" : [ {
      "majorSchemaVersion" : 3,
      "name" : "ResilienceCockpit-app-deployer",
      "isPublic" : false,
      "properties" : { },
      "parameters" : { },
      "propertiesMetadata" : {
        "metadata" : { }
      },
      "parametersMetadata" : {
        "metadata" : { }
      }
    } ],
    "propertiesMetadata" : {
      "metadata" : { }
    },
    "parametersMetadata" : {
      "metadata" : { }
    },
    "hooks" : [ ]
  }, {
    "majorSchemaVersion" : 3,
    "name" : "ResilienceCockpit-destination-content",
    "type" : "com.sap.application.content",
    "properties" : { },
    "parameters" : {
      "default-url" : "https://94060551trial-dev-resiliencecockpit-destination-content.cfapps.us10-003.hana.ondemand.com",
      "default-app-name" : "ResilienceCockpit-destination-content",
      "generated-password" : "********",
      "default-live-url" : "https://94060551trial-dev-resiliencecockpit-destination-content.cfapps.us10-003.hana.ondemand.com",
      "default-uri" : "94060551trial-dev-resiliencecockpit-destination-content.cfapps.us10-003.hana.ondemand.com",
      "default-instances" : 1,
      "default-live-host" : "94060551trial-dev-resiliencecockpit-destination-content",
      "instances" : 1,
      "default-host" : "94060551trial-dev-resiliencecockpit-destination-content",
      "content" : {
        "instance" : {
          "destinations" : [ {
            "Authentication" : "********",
            "Name" : "srv-api",
            "TokenServiceInstanceName" : "********",
            "TokenServiceKeyName" : "********",
            "URL" : "https://94060551trial-dev-resiliencecockpit-srv.cfapps.us10-003.hana.ondemand.com"
          }, {
            "Name" : "ResilienceCockpit-html5-repo-host",
            "ServiceInstanceName" : "ResilienceCockpit-html5-repo-host",
            "ServiceKeyName" : "********",
            "sap.cloud.service" : "nexus"
          }, {
            "Authentication" : "********",
            "Name" : "********",
            "ServiceInstanceName" : "********",
            "ServiceKeyName" : "********"
          } ],
          "existing_destinations_policy" : "update"
        }
      },
      "app-name" : "ResilienceCockpit-destination-content",
      "default-live-uri" : "94060551trial-dev-resiliencecockpit-destination-content.cfapps.us10-003.hana.ondemand.com",
      "protocol" : "https",
      "default-live-app-name" : "ResilienceCockpit-destination-content",
      "default-live-domain" : "cfapps.us10-003.hana.ondemand.com",
      "domain" : "cfapps.us10-003.hana.ondemand.com",
      "host" : "94060551trial-dev-resiliencecockpit-destination-content",
      "generated-user" : "********"
    },
    "requiredDependencies" : [ {
      "majorSchemaVersion" : 3,
      "name" : "********",
      "properties" : { },
      "parameters" : {
        "service-key" : "********"
      },
      "propertiesMetadata" : {
        "metadata" : { }
      },
      "parametersMetadata" : {
        "metadata" : { }
      }
    }, {
      "majorSchemaVersion" : 3,
      "name" : "ResilienceCockpit-html5-repo-host",
      "properties" : { },
      "parameters" : {
        "service-key" : "********"
      },
      "propertiesMetadata" : {
        "metadata" : { }
      },
      "parametersMetadata" : {
        "metadata" : { }
      }
    }, {
      "majorSchemaVersion" : 3,
      "name" : "srv-api",
      "properties" : { },
      "parameters" : { },
      "propertiesMetadata" : {
        "metadata" : { }
      },
      "parametersMetadata" : {
        "metadata" : { }
      }
    }, {
      "majorSchemaVersion" : 3,
      "name" : "ResilienceCockpit-destination",
      "properties" : { },
      "parameters" : {
        "content-target" : true
      },
      "propertiesMetadata" : {
        "metadata" : { }
      },
      "parametersMetadata" : {
        "metadata" : { }
      }
    } ],
    "providedDependencies" : [ {
      "majorSchemaVersion" : 3,
      "name" : "ResilienceCockpit-destination-content",
      "isPublic" : false,
      "properties" : { },
      "parameters" : { },
      "propertiesMetadata" : {
        "metadata" : { }
      },
      "parametersMetadata" : {
        "metadata" : { }
      }
    } ],
    "propertiesMetadata" : {
      "metadata" : { }
    },
    "parametersMetadata" : {
      "metadata" : { }
    },
    "hooks" : [ ]
  } ],
  "resources" : [ {
    "majorSchemaVersion" : 3,
    "name" : "********",
    "type" : "org.cloudfoundry.managed-service",
    "properties" : { },
    "parameters" : {
      "generated-password" : "********",
      "path" : "./xs-security.json",
      "service-name" : "********",
      "service-plan" : "application",
      "service" : "xsuaa",
      "generated-user" : "********",
      "default-xsappname" : "********",
      "type" : "managed-service",
      "config" : {
        "oauth2-configuration" : "********",
        "tenant-mode" : "dedicated",
        "xsappname" : "ResilienceCockpit-94060551trial-dev"
      },
      "default-service-name" : "********",
      "default-container-name" : "********"
    },
    "isActive" : true,
    "isOptional" : false,
    "propertiesMetadata" : {
      "metadata" : { }
    },
    "parametersMetadata" : {
      "metadata" : { }
    },
    "requiredDependencies" : [ ],
    "processedAfter" : [ ]
  }, {
    "majorSchemaVersion" : 3,
    "name" : "ResilienceCockpit-db",
    "type" : "com.sap.xs.hdi-container",
    "properties" : { },
    "parameters" : {
      "generated-password" : "********",
      "service-name" : "ResilienceCockpit-db",
      "service-plan" : "hdi-shared",
      "service" : "hana",
      "generated-user" : "********",
      "default-xsappname" : "ResilienceCockpit-db",
      "type" : "managed-service",
      "default-service-name" : "ResilienceCockpit-db",
      "default-container-name" : "94060551TRIAL_DEV_RESILIENCECOCKPIT_DB"
    },
    "isActive" : true,
    "isOptional" : false,
    "propertiesMetadata" : {
      "metadata" : { }
    },
    "parametersMetadata" : {
      "metadata" : { }
    },
    "requiredDependencies" : [ ],
    "processedAfter" : [ ]
  }, {
    "majorSchemaVersion" : 3,
    "name" : "ResilienceCockpit-connectivity",
    "type" : "org.cloudfoundry.managed-service",
    "properties" : { },
    "parameters" : {
      "generated-password" : "********",
      "service-name" : "ResilienceCockpit-connectivity",
      "service-plan" : "lite",
      "service" : "connectivity",
      "generated-user" : "********",
      "default-xsappname" : "ResilienceCockpit-connectivity",
      "type" : "managed-service",
      "default-service-name" : "ResilienceCockpit-connectivity",
      "default-container-name" : "94060551TRIAL_DEV_RESILIENCECOCKPIT_CONNECTIVITY"
    },
    "isActive" : true,
    "isOptional" : false,
    "propertiesMetadata" : {
      "metadata" : { }
    },
    "parametersMetadata" : {
      "metadata" : { }
    },
    "requiredDependencies" : [ ],
    "processedAfter" : [ ]
  }, {
    "majorSchemaVersion" : 3,
    "name" : "ResilienceCockpit-destination",
    "type" : "org.cloudfoundry.managed-service",
    "properties" : { },
    "parameters" : {
      "generated-password" : "********",
      "service-name" : "ResilienceCockpit-destination",
      "service-plan" : "lite",
      "service" : "destination",
      "generated-user" : "********",
      "default-xsappname" : "ResilienceCockpit-destination",
      "type" : "managed-service",
      "config" : {
        "HTML5Runtime_enabled" : true,
        "init_data" : {
          "instance" : {
            "destinations" : [ {
              "Authentication" : "********",
              "Name" : "ui5",
              "ProxyType" : "Internet",
              "Type" : "HTTP",
              "URL" : "https://ui5.sap.com"
            }, {
              "Authentication" : "********",
              "HTML5.DynamicDestination" : true,
              "HTML5.ForwardAuthToken" : "********",
              "Name" : "srv-api",
              "ProxyType" : "Internet",
              "Type" : "HTTP",
              "URL" : "https://94060551trial-dev-resiliencecockpit-srv.cfapps.us10-003.hana.ondemand.com"
            } ],
            "existing_destinations_policy" : "update"
          }
        }
      },
      "default-service-name" : "ResilienceCockpit-destination",
      "default-container-name" : "94060551TRIAL_DEV_RESILIENCECOCKPIT_DESTINATION"
    },
    "isActive" : true,
    "isOptional" : false,
    "propertiesMetadata" : {
      "metadata" : { }
    },
    "parametersMetadata" : {
      "metadata" : { }
    },
    "requiredDependencies" : [ {
      "majorSchemaVersion" : 3,
      "name" : "srv-api",
      "properties" : { },
      "parameters" : { },
      "propertiesMetadata" : {
        "metadata" : { }
      },
      "parametersMetadata" : {
        "metadata" : { }
      }
    } ],
    "processedAfter" : [ ]
  }, {
    "majorSchemaVersion" : 3,
    "name" : "ResilienceCockpit-html5-repo-host",
    "type" : "org.cloudfoundry.managed-service",
    "properties" : { },
    "parameters" : {
      "generated-password" : "********",
      "service-name" : "ResilienceCockpit-html5-repo-host",
      "service-plan" : "app-host",
      "service" : "html5-apps-repo",
      "generated-user" : "********",
      "default-xsappname" : "ResilienceCockpit-html5-repo-host",
      "type" : "managed-service",
      "default-service-name" : "ResilienceCockpit-html5-repo-host",
      "default-container-name" : "94060551TRIAL_DEV_RESILIENCECOCKPIT_HTML5_REPO_HOST"
    },
    "isActive" : true,
    "isOptional" : false,
    "propertiesMetadata" : {
      "metadata" : { }
    },
    "parametersMetadata" : {
      "metadata" : { }
    },
    "requiredDependencies" : [ ],
    "processedAfter" : [ ]
  }, {
    "majorSchemaVersion" : 3,
    "name" : "ResilienceCockpit-logging",
    "type" : "org.cloudfoundry.managed-service",
    "properties" : { },
    "parameters" : {
      "generated-password" : "********",
      "service-name" : "ResilienceCockpit-logging",
      "service-plan" : "lite",
      "service" : "application-logs",
      "generated-user" : "********",
      "default-xsappname" : "ResilienceCockpit-logging",
      "type" : "managed-service",
      "default-service-name" : "ResilienceCockpit-logging",
      "default-container-name" : "94060551TRIAL_DEV_RESILIENCECOCKPIT_LOGGING"
    },
    "isActive" : true,
    "isOptional" : false,
    "propertiesMetadata" : {
      "metadata" : { }
    },
    "parametersMetadata" : {
      "metadata" : { }
    },
    "requiredDependencies" : [ ],
    "processedAfter" : [ ]
  } ],
  "parameters" : {
    "deploy_mode" : "html5-repo",
    "mta-id" : "ResilienceCockpit",
    "authorization-url" : "********",
    "org-guid" : "78e7b825-503f-4bdc-af4e-be86d7f43c8e",
    "org" : "94060551trial",
    "deploy-target" : "94060551trial dev",
    "enable-parallel-deployments" : true,
    "region-primary-domain" : "us10.hana.ondemand.com",
    "space" : "dev",
    "region-domain" : "us10-003.hana.ondemand.com",
    "xs-api-url" : "https://api.cf.us10-003.hana.ondemand.com",
    "deploy-url" : "deploy-service.cfapps.us10-003.hana.ondemand.com",
    "xs-type" : "CF",
    "default-domain" : "cfapps.us10-003.hana.ondemand.com",
    "mta-version" : "1.0.0",
    "xs-auth-url" : "********",
    "space-guid" : "039a1fe6-69a4-4c1e-9b8f-a64d47329d3e",
    "user" : "********",
    "controller-url" : "https://api.cf.us10-003.hana.ondemand.com",
    "timestamp" : "20260825112816"
  },
  "parametersMetadata" : {
    "metadata" : { }
  }
}#
#2026 08 25 11:28:28.461#Z#DEBUG#1118e5ca-a078-11f1-87c7-eeee0a8e79e5.OPERATION#flowable-async-job-executor-thread-14270#
[ProcessDescriptorStep] Merged descriptor properties and parameters resolved#
#2026 08 25 11:28:28.461#Z#DEBUG#1118e5ca-a078-11f1-87c7-eeee0a8e79e5.OPERATION#flowable-async-job-executor-thread-14270#
Step "Re-Process Descriptor Step" finished#
#2026 08 25 11:28:28.475#Z#DEBUG#1118e5ca-a078-11f1-87c7-eeee0a8e79e5.OPERATION#flowable-async-job-executor-thread-14270#
[BuildApplicationDeployModelStep] Executing task "buildApplicationDeployModelTask" of process "17fbe659-a078-11f1-b78a-eeee0a986e3f"...#
#2026 08 25 11:28:28.477#Z#DEBUG#1118e5ca-a078-11f1-87c7-eeee0a8e79e5.OPERATION#flowable-async-job-executor-thread-14270#
[BuildApplicationDeployModelStep] Building cloud deployment model for application "ResilienceCockpit-db-deployer"...#
#2026 08 25 11:28:28.480#Z#DEBUG#1118e5ca-a078-11f1-87c7-eeee0a8e79e5.OPERATION#flowable-async-job-executor-thread-14270#
[BuildApplicationDeployModelStep] No health-check-type is specified. Setting default type: port#
#2026 08 25 11:28:28.480#Z#INFO#1118e5ca-a078-11f1-87c7-eeee0a8e79e5.OPERATION#flowable-async-job-executor-thread-14270#
[BuildApplicationDeployModelStep] Building configuration entries for org 94060551trial, space dev, spaceId 039a1fe6-69a4-4c1e-9b8f-a64d47329d3e and namespace null!#
#2026 08 25 11:28:28.481#Z#DEBUG#1118e5ca-a078-11f1-87c7-eeee0a8e79e5.OPERATION#flowable-async-job-executor-thread-14270#
[BuildApplicationDeployModelStep] Configuration entries to publish: [ ]#
#2026 08 25 11:28:28.481#Z#DEBUG#1118e5ca-a078-11f1-87c7-eeee0a8e79e5.OPERATION#flowable-async-job-executor-thread-14270#
[BuildApplicationDeployModelStep] Cloud deployment model for application built#
#2026 08 25 11:28:28.481#Z#DEBUG#1118e5ca-a078-11f1-87c7-eeee0a8e79e5.OPERATION#flowable-async-job-executor-thread-14270#
Step "Build Application Deploy Model" finished#
#2026 08 25 11:28:28.593#Z#DEBUG#1118e5ca-a078-11f1-87c7-eeee0a8e79e5.OPERATION#flowable-async-job-executor-thread-3056#
[BuildContentDeploymentConfigurationStep] Executing task "buildContentDeploymentConfigurationTask" of process "180e5d20-a078-11f1-b87e-eeee0a95c1ad"...#
#2026 08 25 11:28:28.599#Z#DEBUG#1118e5ca-a078-11f1-87c7-eeee0a8e79e5.OPERATION#ForkJoinPool-23-worker-1#
[BuildContentDeploymentConfigurationStep] Getting service key "ResilienceCockpit-app-deployer-ResilienceCockpit-html5-repo-host-credentials" for service instance "ResilienceCockpit-html5-repo-host"...#
#2026 08 25 11:28:28.600#Z#DEBUG#1118e5ca-a078-11f1-87c7-eeee0a8e79e5.OPERATION#ForkJoinPool-23-worker-2#
[BuildContentDeploymentConfigurationStep] Getting service key "ResilienceCockpit-app-deployer-ResilienceCockpit-auth-credentials" for service instance "ResilienceCockpit-auth"...#
#2026 08 25 11:28:28.777#Z#INFO#1118e5ca-a078-11f1-87c7-eeee0a8e79e5.OPERATION#ForkJoinPool-23-worker-1#
[BuildContentDeploymentConfigurationStep] Service key "ResilienceCockpit-app-deployer-ResilienceCockpit-html5-repo-host-credentials" for service "ResilienceCockpit-html5-repo-host" already exists#
#2026 08 25 11:28:28.789#Z#INFO#1118e5ca-a078-11f1-87c7-eeee0a8e79e5.OPERATION#ForkJoinPool-23-worker-2#
[BuildContentDeploymentConfigurationStep] Service key "ResilienceCockpit-app-deployer-ResilienceCockpit-auth-credentials" for service "ResilienceCockpit-auth" already exists#
#2026 08 25 11:28:28.795#Z#DEBUG#1118e5ca-a078-11f1-87c7-eeee0a8e79e5.OPERATION#flowable-async-job-executor-thread-3056#
Step "Build Content Deployment Configuration" finished#
#2026 08 25 11:28:28.500#Z#DEBUG#1118e5ca-a078-11f1-87c7-eeee0a8e79e5.OPERATION#flowable-async-job-executor-thread-14270#
[CreateOrUpdateAppStep] Executing task "createAppTask" of process "17fbe659-a078-11f1-b78a-eeee0a986e3f"...#
#2026 08 25 11:28:28.500#Z#DEBUG#1118e5ca-a078-11f1-87c7-eeee0a8e79e5.OPERATION#flowable-async-job-executor-thread-14270#
[CreateOrUpdateAppStep] Getting application "ResilienceCockpit-db-deployer"...#
#2026 08 25 11:28:28.533#Z#INFO#1118e5ca-a078-11f1-87c7-eeee0a8e79e5.OPERATION#flowable-async-job-executor-thread-14270#
[CreateOrUpdateAppStep] Updating application "ResilienceCockpit-db-deployer"...#
#2026 08 25 11:28:28.536#Z#DEBUG#1118e5ca-a078-11f1-87c7-eeee0a8e79e5.OPERATION#flowable-async-job-executor-thread-14270#
[CreateOrUpdateAppStep] Getting process for application "2d23200b-60aa-4519-b7f8-9f40de7a8ecc"...#
#2026 08 25 11:28:28.586#Z#DEBUG#1118e5ca-a078-11f1-87c7-eeee0a8e79e5.OPERATION#flowable-async-job-executor-thread-14270#
[CreateOrUpdateAppStep] Getting routes for application "2d23200b-60aa-4519-b7f8-9f40de7a8ecc"...#
#2026 08 25 11:28:28.606#Z#DEBUG#1118e5ca-a078-11f1-87c7-eeee0a8e79e5.OPERATION#flowable-async-job-executor-thread-14270#
[CreateOrUpdateAppStep] Getting features for application "2d23200b-60aa-4519-b7f8-9f40de7a8ecc"#
#2026 08 25 11:28:28.631#Z#DEBUG#1118e5ca-a078-11f1-87c7-eeee0a8e79e5.OPERATION#flowable-async-job-executor-thread-14270#
[CreateOrUpdateAppStep] Updating staging of application "ResilienceCockpit-db-deployer" to: {
  "buildpacks" : [ "nodejs_buildpack" ],
  "healthCheckType" : "port",
  "appFeatures" : { }
}#
#2026 08 25 11:28:28.852#Z#DEBUG#1118e5ca-a078-11f1-87c7-eeee0a8e79e5.OPERATION#flowable-async-job-executor-thread-14270#
[CreateOrUpdateAppStep] Application "ResilienceCockpit-db-deployer" updated#
#2026 08 25 11:28:28.852#Z#DEBUG#1118e5ca-a078-11f1-87c7-eeee0a8e79e5.OPERATION#flowable-async-job-executor-thread-14270#
[CreateOrUpdateAppStep] Getting environment of application "2d23200b-60aa-4519-b7f8-9f40de7a8ecc"...#
#2026 08 25 11:28:28.930#Z#DEBUG#1118e5ca-a078-11f1-87c7-eeee0a8e79e5.OPERATION#flowable-async-job-executor-thread-14270#
[CreateOrUpdateAppStep] Application "ResilienceCockpit-db-deployer" updated#
#2026 08 25 11:28:28.930#Z#DEBUG#1118e5ca-a078-11f1-87c7-eeee0a8e79e5.OPERATION#flowable-async-job-executor-thread-14270#
Step "Create App" finished#
#2026 08 25 11:28:28.799#Z#DEBUG#1118e5ca-a078-11f1-87c7-eeee0a8e79e5.OPERATION#flowable-async-job-executor-thread-3056#
[CreateContentDeployClientConfigurationStep] Executing task "createContentDeployClientConfigurationTask" of process "183719e6-a078-11f1-b87e-eeee0a95c1ad"...#
#2026 08 25 11:28:28.800#Z#DEBUG#1118e5ca-a078-11f1-87c7-eeee0a8e79e5.OPERATION#flowable-async-job-executor-thread-3056#
[CreateContentDeployClientConfigurationStep] Content deployer client configuration: {
  "contentDeployerUrl" : "https://html5-apps-repo-dt.cfapps.us10.hana.ondemand.com",
  "uaaClientConfiguration" : {
    "url" : "********",
    "credentials" : "********",
    "authenticationStrategyType" : "********"
  },
  "httpRequestHeaders" : {
    "X-CorrelationID" : "1118e5ca-a078-11f1-87c7-eeee0a8e79e5"
  },
  "spaceId" : "039a1fe6-69a4-4c1e-9b8f-a64d47329d3e",
  "serviceName" : "ResilienceCockpit-html5-repo-host"
}#
#2026 08 25 11:28:29.047#Z#DEBUG#1118e5ca-a078-11f1-87c7-eeee0a8e79e5.OPERATION#flowable-async-job-executor-thread-3056#
Step "Create Content Deploy Client Configuration" finished#
#2026 08 25 11:28:29.048#Z#DEBUG#1118e5ca-a078-11f1-87c7-eeee0a8e79e5.OPERATION#flowable-async-job-executor-thread-3056#
[GetContentFromDeploymentDescriptorStep] Executing task "getContentFromDeploymentDescriptorTask" of process "183719e6-a078-11f1-b87e-eeee0a95c1ad"...#
#2026 08 25 11:28:29.049#Z#DEBUG#1118e5ca-a078-11f1-87c7-eeee0a8e79e5.OPERATION#flowable-async-job-executor-thread-3056#
Step "Get Content From Deployment Descriptor" finished#
#2026 08 25 11:28:28.975#Z#DEBUG#1118e5ca-a078-11f1-87c7-eeee0a8e79e5.OPERATION#flowable-async-job-executor-thread-14270#
[CheckServiceBindingOperationStep] Executing task "checkForServiceBindingOperationInProgress" of process "184ee8ac-a078-11f1-b78a-eeee0a986e3f"...#
#2026 08 25 11:28:28.976#Z#DEBUG#1118e5ca-a078-11f1-87c7-eeee0a8e79e5.OPERATION#flowable-async-job-executor-thread-14270#
[CheckServiceBindingOperationStep] Checking for service binding operation in progress between app "ResilienceCockpit-db-deployer" and service instance "ResilienceCockpit-db"#
#2026 08 25 11:28:28.976#Z#DEBUG#1118e5ca-a078-11f1-87c7-eeee0a8e79e5.OPERATION#flowable-async-job-executor-thread-14270#
[CheckServiceBindingOperationStep] Getting application guid "ResilienceCockpit-db-deployer"...#
#2026 08 25 11:28:29.007#Z#DEBUG#1118e5ca-a078-11f1-87c7-eeee0a8e79e5.OPERATION#flowable-async-job-executor-thread-14270#
[CheckServiceBindingOperationStep] Getting GUID of required service instance "ResilienceCockpit-db"...#
#2026 08 25 11:28:29.031#Z#DEBUG#1118e5ca-a078-11f1-87c7-eeee0a8e79e5.OPERATION#flowable-async-job-executor-thread-14270#
[CheckServiceBindingOperationStep] Getting binding of service instance "793c82c4-0c29-4054-8664-8ad70f1aaf7d" with application "2d23200b-60aa-4519-b7f8-9f40de7a8ecc"...#
#2026 08 25 11:28:29.061#Z#DEBUG#1118e5ca-a078-11f1-87c7-eeee0a8e79e5.OPERATION#flowable-async-job-executor-thread-14270#
[CheckServiceBindingOperationStep] Service binding operation "2a9f65f0-baa1-4922-a94a-66d6df3eb107" with type "create" is in state "succeeded"#
#2026 08 25 11:28:29.061#Z#DEBUG#1118e5ca-a078-11f1-87c7-eeee0a8e79e5.OPERATION#flowable-async-job-executor-thread-14270#
Step "Check For Service Binding Operation In Progress" finished#
#2026 08 25 11:28:29.076#Z#DEBUG#1118e5ca-a078-11f1-87c7-eeee0a8e79e5.OPERATION#flowable-async-job-executor-thread-14270#
[DetermineApplicationServiceBindingActionsStep] Executing task "determineApplicationServiceBindingActionsTask" of process "184ee8ac-a078-11f1-b78a-eeee0a986e3f"...#
#2026 08 25 11:28:29.077#Z#DEBUG#1118e5ca-a078-11f1-87c7-eeee0a8e79e5.OPERATION#flowable-async-job-executor-thread-14270#
[DetermineApplicationServiceBindingActionsStep] Determine bind/unbind operations of application "ResilienceCockpit-db-deployer" to service instance "ResilienceCockpit-db"#
#2026 08 25 11:28:29.077#Z#DEBUG#1118e5ca-a078-11f1-87c7-eeee0a8e79e5.OPERATION#flowable-async-job-executor-thread-14270#
[DetermineApplicationServiceBindingActionsStep] Getting application "ResilienceCockpit-db-deployer"...#
#2026 08 25 11:28:29.112#Z#DEBUG#1118e5ca-a078-11f1-87c7-eeee0a8e79e5.OPERATION#flowable-async-job-executor-thread-14270#
[DetermineApplicationServiceBindingActionsStep] Binding parameters for application "ResilienceCockpit-db-deployer": { }#
#2026 08 25 11:28:29.143#Z#DEBUG#1118e5ca-a078-11f1-87c7-eeee0a8e79e5.OPERATION#flowable-async-job-executor-thread-14270#
[DetermineApplicationServiceBindingActionsStep] Check should rebind application "ResilienceCockpit-db-deployer" and service instance "ResilienceCockpit-db"#
#2026 08 25 11:28:29.143#Z#DEBUG#1118e5ca-a078-11f1-87c7-eeee0a8e79e5.OPERATION#flowable-async-job-executor-thread-14270#
[DetermineApplicationServiceBindingActionsStep] Getting GUID of required service instance "ResilienceCockpit-db"...#
#2026 08 25 11:28:29.166#Z#DEBUG#1118e5ca-a078-11f1-87c7-eeee0a8e79e5.OPERATION#flowable-async-job-executor-thread-14270#
[DetermineApplicationServiceBindingActionsStep] Getting binding of service instance "793c82c4-0c29-4054-8664-8ad70f1aaf7d" with application "2d23200b-60aa-4519-b7f8-9f40de7a8ecc"...#
#2026 08 25 11:28:29.195#Z#DEBUG#1118e5ca-a078-11f1-87c7-eeee0a8e79e5.OPERATION#flowable-async-job-executor-thread-14270#
[DetermineApplicationServiceBindingActionsStep] Getting parameters of service binding "2a9f65f0-baa1-4922-a94a-66d6df3eb107"...#
#2026 08 25 11:28:29.424#Z#INFO#1118e5ca-a078-11f1-87c7-eeee0a8e79e5.OPERATION#flowable-async-job-executor-thread-14270#
[DetermineApplicationServiceBindingActionsStep] Service instance "ResilienceCockpit-db" will not be rebound to application "ResilienceCockpit-db-deployer" because the binding parameters are not modified#
#2026 08 25 11:28:29.427#Z#DEBUG#1118e5ca-a078-11f1-87c7-eeee0a8e79e5.OPERATION#flowable-async-job-executor-thread-14270#
[DetermineApplicationServiceBindingActionsStep] Calculated binding operations between application "ResilienceCockpit-db-deployer" and service instance "ResilienceCockpit-db": unbind - false bind - false#
#2026 08 25 11:28:29.427#Z#DEBUG#1118e5ca-a078-11f1-87c7-eeee0a8e79e5.OPERATION#flowable-async-job-executor-thread-14270#
Step "Determine Application Service Binding Actions" finished#
#2026 08 25 11:28:29.482#Z#DEBUG#1118e5ca-a078-11f1-87c7-eeee0a8e79e5.OPERATION#flowable-async-job-executor-thread-14270#
[DetermineVcapServicesPropertiesChangedStep] Executing task "determineVcapServicesPropertiesChangedTask" of process "189c1d66-a078-11f1-b78a-eeee0a986e3f"...#
#2026 08 25 11:28:29.483#Z#DEBUG#1118e5ca-a078-11f1-87c7-eeee0a8e79e5.OPERATION#flowable-async-job-executor-thread-14270#
[DetermineVcapServicesPropertiesChangedStep] VCAP_SERVICES properties for application "ResilienceCockpit-db-deployer" changed: false#
#2026 08 25 11:28:29.483#Z#DEBUG#1118e5ca-a078-11f1-87c7-eeee0a8e79e5.OPERATION#flowable-async-job-executor-thread-14270#
Step "Determine vcap services properties changed" finished#
#2026 08 25 11:28:29.498#Z#DEBUG#1118e5ca-a078-11f1-87c7-eeee0a8e79e5.OPERATION#flowable-async-job-executor-thread-14270#
[UploadAppStep] Executing task "uploadAppTask" of process "189c1d66-a078-11f1-b78a-eeee0a986e3f"...#
#2026 08 25 11:28:29.499#Z#DEBUG#1118e5ca-a078-11f1-87c7-eeee0a8e79e5.OPERATION#flowable-async-job-executor-thread-14270#
[UploadAppStep] Application upload timeout is default one: 3,600 seconds#
#2026 08 25 11:28:29.499#Z#INFO#1118e5ca-a078-11f1-87c7-eeee0a8e79e5.OPERATION#flowable-async-job-executor-thread-14270#
[UploadAppStep] Uploading application "ResilienceCockpit-db-deployer"...#
#2026 08 25 11:28:29.502#Z#DEBUG#1118e5ca-a078-11f1-87c7-eeee0a8e79e5.OPERATION#flowable-async-job-executor-thread-14270#
[UploadAppStep] Getting application "ResilienceCockpit-db-deployer"...#
#2026 08 25 11:28:29.532#Z#DEBUG#1118e5ca-a078-11f1-87c7-eeee0a8e79e5.OPERATION#flowable-async-job-executor-thread-14270#
[UploadAppStep] Getting environment of application "2d23200b-60aa-4519-b7f8-9f40de7a8ecc"...#
#2026 08 25 11:28:29.558#Z#INFO#1118e5ca-a078-11f1-87c7-eeee0a8e79e5.OPERATION#flowable-async-job-executor-thread-14270#
[UploadAppStep] Calculating application digest: "ResilienceCockpit-db-deployer"#
#2026 08 25 11:28:29.656#Z#DEBUG#1118e5ca-a078-11f1-87c7-eeee0a8e79e5.OPERATION#flowable-async-job-executor-thread-14270#
Step "Upload App" finished#
#2026 08 25 11:28:29.050#Z#DEBUG#1118e5ca-a078-11f1-87c7-eeee0a8e79e5.OPERATION#flowable-async-job-executor-thread-3056#
[UploadContentStep] Executing task "uploadContentTask" of process "183719e6-a078-11f1-b87e-eeee0a95c1ad"...#
#2026 08 25 11:28:29.050#Z#INFO#1118e5ca-a078-11f1-87c7-eeee0a8e79e5.OPERATION#flowable-async-job-executor-thread-3056#
[UploadContentStep] Uploading content module "ResilienceCockpit-app-deployer" in target service "ResilienceCockpit-html5-repo-host"...#
#2026 08 25 11:28:29.055#Z#DEBUG#1118e5ca-a078-11f1-87c7-eeee0a8e79e5.OPERATION#flowable-async-job-executor-thread-3056#
[UploadContentStep] Uploading file "ResilienceCockpit-app-deployer/app/data.zip" for content module "ResilienceCockpit-app-deployer" in service "ResilienceCockpit-html5-repo-host"#
#2026 08 25 11:28:29.344#Z#INFO#1118e5ca-a078-11f1-87c7-eeee0a8e79e5.OPERATION#flowable-async-job-executor-thread-3056#
[UploadContentStep] Content to deploy size: 11,752 in bytes#
#2026 08 25 11:28:29.848#Z#DEBUG#1118e5ca-a078-11f1-87c7-eeee0a8e79e5.OPERATION#flowable-async-job-executor-thread-3056#
[UploadContentStep] Uploaded content: {
  "id" : "9c316321-7fda-4cb5-8c82-67006d82cd88",
  "name" : "content.zip",
  "contentType" : "FILE"
}#
#2026 08 25 11:28:29.848#Z#DEBUG#1118e5ca-a078-11f1-87c7-eeee0a8e79e5.OPERATION#flowable-async-job-executor-thread-3056#
Step "Upload Content" finished#
#2026 08 25 11:28:29.851#Z#DEBUG#1118e5ca-a078-11f1-87c7-eeee0a8e79e5.OPERATION#flowable-async-job-executor-thread-3056#
[StartContentDeployStep] Executing task "startContentDeployTask" of process "183719e6-a078-11f1-b87e-eeee0a95c1ad"...#
#2026 08 25 11:28:29.851#Z#INFO#1118e5ca-a078-11f1-87c7-eeee0a8e79e5.OPERATION#flowable-async-job-executor-thread-3056#
[StartContentDeployStep] Deploying content module "ResilienceCockpit-app-deployer" in target service "ResilienceCockpit-html5-repo-host"...#
#2026 08 25 11:28:30.086#Z#DEBUG#1118e5ca-a078-11f1-87c7-eeee0a8e79e5.OPERATION#flowable-async-job-executor-thread-3056#
Step "Start Content Deploy" finished#
#2026 08 25 11:28:31.275#Z#DEBUG#1118e5ca-a078-11f1-87c7-eeee0a8e79e5.OPERATION#flowable-async-job-executor-thread-14269#
[BuildContentDeploymentConfigurationStep] Executing task "buildContentDeploymentConfigurationTask" of process "19aa59cf-a078-11f1-b78a-eeee0a986e3f"...#
#2026 08 25 11:28:31.280#Z#DEBUG#1118e5ca-a078-11f1-87c7-eeee0a8e79e5.OPERATION#ForkJoinPool-44-worker-1#
[BuildContentDeploymentConfigurationStep] Getting service key "ResilienceCockpit-html5-repo-host-key" for service instance "ResilienceCockpit-html5-repo-host"...#
#2026 08 25 11:28:31.280#Z#DEBUG#1118e5ca-a078-11f1-87c7-eeee0a8e79e5.OPERATION#ForkJoinPool-44-worker-2#
[BuildContentDeploymentConfigurationStep] Getting service key "ResilienceCockpit-auth-key" for service instance "ResilienceCockpit-auth"...#
#2026 08 25 11:28:31.281#Z#DEBUG#1118e5ca-a078-11f1-87c7-eeee0a8e79e5.OPERATION#ForkJoinPool-44-worker-3#
[BuildContentDeploymentConfigurationStep] Getting service key "ResilienceCockpit-destination-content-ResilienceCockpit-destination-credentials" for service instance "ResilienceCockpit-destination"...#
#2026 08 25 11:28:31.446#Z#INFO#1118e5ca-a078-11f1-87c7-eeee0a8e79e5.OPERATION#ForkJoinPool-44-worker-3#
[BuildContentDeploymentConfigurationStep] Service key "ResilienceCockpit-destination-content-ResilienceCockpit-destination-credentials" for service "ResilienceCockpit-destination" already exists#
#2026 08 25 11:28:31.448#Z#INFO#1118e5ca-a078-11f1-87c7-eeee0a8e79e5.OPERATION#ForkJoinPool-44-worker-1#
[BuildContentDeploymentConfigurationStep] Service key "ResilienceCockpit-html5-repo-host-key" for service "ResilienceCockpit-html5-repo-host" already exists#
#2026 08 25 11:28:31.453#Z#INFO#1118e5ca-a078-11f1-87c7-eeee0a8e79e5.OPERATION#ForkJoinPool-44-worker-2#
[BuildContentDeploymentConfigurationStep] Service key "ResilienceCockpit-auth-key" for service "ResilienceCockpit-auth" already exists#
#2026 08 25 11:28:31.457#Z#DEBUG#1118e5ca-a078-11f1-87c7-eeee0a8e79e5.OPERATION#flowable-async-job-executor-thread-14269#
Step "Build Content Deployment Configuration" finished#
#2026 08 25 11:28:31.618#Z#DEBUG#1118e5ca-a078-11f1-87c7-eeee0a8e79e5.OPERATION#flowable-async-job-executor-thread-3053#
[ProcessDescriptorStep] Executing task "reprocessDescriptorTask" of process "19db2db2-a078-11f1-b87e-eeee0a95c1ad"...#
#2026 08 25 11:28:31.619#Z#DEBUG#1118e5ca-a078-11f1-87c7-eeee0a8e79e5.OPERATION#flowable-async-job-executor-thread-3053#
[ProcessDescriptorStep] Resolving properties and parameters in merged descriptor...#
#2026 08 25 11:28:31.625#Z#DEBUG#1118e5ca-a078-11f1-87c7-eeee0a8e79e5.OPERATION#flowable-async-job-executor-thread-3053#
[ProcessDescriptorStep] Subscriptions: [ ]#
#2026 08 25 11:28:31.632#Z#DEBUG#1118e5ca-a078-11f1-87c7-eeee0a8e79e5.OPERATION#flowable-async-job-executor-thread-3053#
[ProcessDescriptorStep] MTA modules: [ResilienceCockpit-srv, ResilienceCockpit-app-deployer, ResilienceCockpit-destination-content, ResilienceCockpit-db-deployer]#
#2026 08 25 11:28:31.636#Z#DEBUG#1118e5ca-a078-11f1-87c7-eeee0a8e79e5.OPERATION#flowable-async-job-executor-thread-3053#
[ProcessDescriptorStep] Resolved deployment descriptor: {
  "majorSchemaVersion" : 3,
  "schemaVersion" : "3.3.0",
  "id" : "ResilienceCockpit",
  "version" : "1.0.0",
  "modules" : [ {
    "majorSchemaVersion" : 3,
    "name" : "ResilienceCockpit-srv",
    "type" : "javascript.nodejs",
    "path" : "ResilienceCockpit-srv",
    "properties" : { },
    "parameters" : {
      "default-url" : "https://94060551trial-dev-resiliencecockpit-srv.cfapps.us10-003.hana.ondemand.com",
      "default-app-name" : "ResilienceCockpit-srv",
      "generated-password" : "********",
      "default-live-url" : "https://94060551trial-dev-resiliencecockpit-srv.cfapps.us10-003.hana.ondemand.com",
      "default-uri" : "94060551trial-dev-resiliencecockpit-srv.cfapps.us10-003.hana.ondemand.com",
      "default-instances" : 1,
      "default-live-host" : "94060551trial-dev-resiliencecockpit-srv",
      "instances" : 1,
      "buildpack" : "nodejs_buildpack",
      "default-host" : "94060551trial-dev-resiliencecockpit-srv",
      "app-name" : "ResilienceCockpit-srv",
      "default-live-uri" : "94060551trial-dev-resiliencecockpit-srv.cfapps.us10-003.hana.ondemand.com",
      "protocol" : "https",
      "default-live-app-name" : "ResilienceCockpit-srv",
      "default-live-domain" : "cfapps.us10-003.hana.ondemand.com",
      "domain" : "cfapps.us10-003.hana.ondemand.com",
      "host" : "94060551trial-dev-resiliencecockpit-srv",
      "generated-user" : "********"
    },
    "requiredDependencies" : [ {
      "majorSchemaVersion" : 3,
      "name" : "********",
      "properties" : { },
      "parameters" : { },
      "propertiesMetadata" : {
        "metadata" : { }
      },
      "parametersMetadata" : {
        "metadata" : { }
      }
    }, {
      "majorSchemaVersion" : 3,
      "name" : "ResilienceCockpit-db",
      "properties" : { },
      "parameters" : { },
      "propertiesMetadata" : {
        "metadata" : { }
      },
      "parametersMetadata" : {
        "metadata" : { }
      }
    }, {
      "majorSchemaVersion" : 3,
      "name" : "ResilienceCockpit-connectivity",
      "properties" : { },
      "parameters" : { },
      "propertiesMetadata" : {
        "metadata" : { }
      },
      "parametersMetadata" : {
        "metadata" : { }
      }
    }, {
      "majorSchemaVersion" : 3,
      "name" : "ResilienceCockpit-destination",
      "properties" : { },
      "parameters" : { },
      "propertiesMetadata" : {
        "metadata" : { }
      },
      "parametersMetadata" : {
        "metadata" : { }
      }
    }, {
      "majorSchemaVersion" : 3,
      "name" : "ResilienceCockpit-logging",
      "properties" : { },
      "parameters" : { },
      "propertiesMetadata" : {
        "metadata" : { }
      },
      "parametersMetadata" : {
        "metadata" : { }
      }
    } ],
    "providedDependencies" : [ {
      "majorSchemaVersion" : 3,
      "name" : "srv-api",
      "isPublic" : false,
      "properties" : {
        "srv-url" : "https://94060551trial-dev-resiliencecockpit-srv.cfapps.us10-003.hana.ondemand.com"
      },
      "parameters" : { },
      "propertiesMetadata" : {
        "metadata" : { }
      },
      "parametersMetadata" : {
        "metadata" : { }
      }
    }, {
      "majorSchemaVersion" : 3,
      "name" : "ResilienceCockpit-srv",
      "isPublic" : false,
      "properties" : { },
      "parameters" : { },
      "propertiesMetadata" : {
        "metadata" : { }
      },
      "parametersMetadata" : {
        "metadata" : { }
      }
    } ],
    "propertiesMetadata" : {
      "metadata" : { }
    },
    "parametersMetadata" : {
      "metadata" : { }
    },
    "hooks" : [ ]
  }, {
    "majorSchemaVersion" : 3,
    "name" : "ResilienceCockpit-db-deployer",
    "type" : "com.sap.xs.hdi",
    "path" : "ResilienceCockpit-db-deployer",
    "properties" : {
      "EXIT" : 1
    },
    "parameters" : {
      "default-url" : "https://94060551trial-dev-resiliencecockpit-db-deployer.cfapps.us10-003.hana.ondemand.com",
      "default-app-name" : "ResilienceCockpit-db-deployer",
      "generated-password" : "********",
      "default-live-url" : "https://94060551trial-dev-resiliencecockpit-db-deployer.cfapps.us10-003.hana.ondemand.com",
      "default-uri" : "94060551trial-dev-resiliencecockpit-db-deployer.cfapps.us10-003.hana.ondemand.com",
      "memory" : "256M",
      "default-instances" : 1,
      "no-route" : true,
      "default-live-host" : "94060551trial-dev-resiliencecockpit-db-deployer",
      "instances" : 1,
      "buildpack" : "nodejs_buildpack",
      "default-host" : "94060551trial-dev-resiliencecockpit-db-deployer",
      "app-name" : "ResilienceCockpit-db-deployer",
      "default-live-uri" : "94060551trial-dev-resiliencecockpit-db-deployer.cfapps.us10-003.hana.ondemand.com",
      "protocol" : "https",
      "default-live-app-name" : "ResilienceCockpit-db-deployer",
      "default-live-domain" : "cfapps.us10-003.hana.ondemand.com",
      "dependency-type" : "hard",
      "domain" : "cfapps.us10-003.hana.ondemand.com",
      "host" : "94060551trial-dev-resiliencecockpit-db-deployer",
      "generated-user" : "********",
      "tasks" : [ {
        "command" : "npm start",
        "memory" : "256M",
        "name" : "deploy"
      } ],
      "no-start" : true
    },
    "requiredDependencies" : [ {
      "majorSchemaVersion" : 3,
      "name" : "ResilienceCockpit-db",
      "properties" : { },
      "parameters" : { },
      "propertiesMetadata" : {
        "metadata" : { }
      },
      "parametersMetadata" : {
        "metadata" : { }
      }
    } ],
    "providedDependencies" : [ {
      "majorSchemaVersion" : 3,
      "name" : "ResilienceCockpit-db-deployer",
      "isPublic" : false,
      "properties" : { },
      "parameters" : { },
      "propertiesMetadata" : {
        "metadata" : { }
      },
      "parametersMetadata" : {
        "metadata" : { }
      }
    } ],
    "propertiesMetadata" : {
      "metadata" : { }
    },
    "parametersMetadata" : {
      "metadata" : { }
    },
    "hooks" : [ ]
  }, {
    "majorSchemaVersion" : 3,
    "name" : "ResilienceCockpit-app-deployer",
    "type" : "com.sap.application.content",
    "path" : "ResilienceCockpit-app-deployer",
    "properties" : { },
    "parameters" : {
      "default-url" : "https://94060551trial-dev-resiliencecockpit-app-deployer.cfapps.us10-003.hana.ondemand.com",
      "default-app-name" : "ResilienceCockpit-app-deployer",
      "generated-password" : "********",
      "default-live-url" : "https://94060551trial-dev-resiliencecockpit-app-deployer.cfapps.us10-003.hana.ondemand.com",
      "default-uri" : "94060551trial-dev-resiliencecockpit-app-deployer.cfapps.us10-003.hana.ondemand.com",
      "default-instances" : 1,
      "default-live-host" : "94060551trial-dev-resiliencecockpit-app-deployer",
      "instances" : 1,
      "default-host" : "94060551trial-dev-resiliencecockpit-app-deployer",
      "app-name" : "ResilienceCockpit-app-deployer",
      "default-live-uri" : "94060551trial-dev-resiliencecockpit-app-deployer.cfapps.us10-003.hana.ondemand.com",
      "protocol" : "https",
      "default-live-app-name" : "ResilienceCockpit-app-deployer",
      "default-live-domain" : "cfapps.us10-003.hana.ondemand.com",
      "domain" : "cfapps.us10-003.hana.ondemand.com",
      "host" : "94060551trial-dev-resiliencecockpit-app-deployer",
      "generated-user" : "********"
    },
    "requiredDependencies" : [ {
      "majorSchemaVersion" : 3,
      "name" : "********",
      "properties" : { },
      "parameters" : { },
      "propertiesMetadata" : {
        "metadata" : { }
      },
      "parametersMetadata" : {
        "metadata" : { }
      }
    }, {
      "majorSchemaVersion" : 3,
      "name" : "srv-api",
      "properties" : { },
      "parameters" : { },
      "propertiesMetadata" : {
        "metadata" : { }
      },
      "parametersMetadata" : {
        "metadata" : { }
      }
    }, {
      "majorSchemaVersion" : 3,
      "name" : "ResilienceCockpit-html5-repo-host",
      "properties" : { },
      "parameters" : {
        "config" : {
          "HTML5Runtime_enabled" : false
        },
        "content-target" : true
      },
      "propertiesMetadata" : {
        "metadata" : { }
      },
      "parametersMetadata" : {
        "metadata" : { }
      }
    } ],
    "providedDependencies" : [ {
      "majorSchemaVersion" : 3,
      "name" : "ResilienceCockpit-app-deployer",
      "isPublic" : false,
      "properties" : { },
      "parameters" : { },
      "propertiesMetadata" : {
        "metadata" : { }
      },
      "parametersMetadata" : {
        "metadata" : { }
      }
    } ],
    "propertiesMetadata" : {
      "metadata" : { }
    },
    "parametersMetadata" : {
      "metadata" : { }
    },
    "hooks" : [ ]
  }, {
    "majorSchemaVersion" : 3,
    "name" : "ResilienceCockpit-destination-content",
    "type" : "com.sap.application.content",
    "properties" : { },
    "parameters" : {
      "default-url" : "https://94060551trial-dev-resiliencecockpit-destination-content.cfapps.us10-003.hana.ondemand.com",
      "default-app-name" : "ResilienceCockpit-destination-content",
      "generated-password" : "********",
      "default-live-url" : "https://94060551trial-dev-resiliencecockpit-destination-content.cfapps.us10-003.hana.ondemand.com",
      "default-uri" : "94060551trial-dev-resiliencecockpit-destination-content.cfapps.us10-003.hana.ondemand.com",
      "default-instances" : 1,
      "default-live-host" : "94060551trial-dev-resiliencecockpit-destination-content",
      "instances" : 1,
      "default-host" : "94060551trial-dev-resiliencecockpit-destination-content",
      "content" : {
        "instance" : {
          "destinations" : [ {
            "Authentication" : "********",
            "Name" : "srv-api",
            "TokenServiceInstanceName" : "********",
            "TokenServiceKeyName" : "********",
            "URL" : "https://94060551trial-dev-resiliencecockpit-srv.cfapps.us10-003.hana.ondemand.com"
          }, {
            "Name" : "ResilienceCockpit-html5-repo-host",
            "ServiceInstanceName" : "ResilienceCockpit-html5-repo-host",
            "ServiceKeyName" : "********",
            "sap.cloud.service" : "nexus"
          }, {
            "Authentication" : "********",
            "Name" : "********",
            "ServiceInstanceName" : "********",
            "ServiceKeyName" : "********"
          } ],
          "existing_destinations_policy" : "update"
        }
      },
      "app-name" : "ResilienceCockpit-destination-content",
      "default-live-uri" : "94060551trial-dev-resiliencecockpit-destination-content.cfapps.us10-003.hana.ondemand.com",
      "protocol" : "https",
      "default-live-app-name" : "ResilienceCockpit-destination-content",
      "default-live-domain" : "cfapps.us10-003.hana.ondemand.com",
      "domain" : "cfapps.us10-003.hana.ondemand.com",
      "host" : "94060551trial-dev-resiliencecockpit-destination-content",
      "generated-user" : "********"
    },
    "requiredDependencies" : [ {
      "majorSchemaVersion" : 3,
      "name" : "********",
      "properties" : { },
      "parameters" : {
        "service-key" : "********"
      },
      "propertiesMetadata" : {
        "metadata" : { }
      },
      "parametersMetadata" : {
        "metadata" : { }
      }
    }, {
      "majorSchemaVersion" : 3,
      "name" : "ResilienceCockpit-html5-repo-host",
      "properties" : { },
      "parameters" : {
        "service-key" : "********"
      },
      "propertiesMetadata" : {
        "metadata" : { }
      },
      "parametersMetadata" : {
        "metadata" : { }
      }
    }, {
      "majorSchemaVersion" : 3,
      "name" : "srv-api",
      "properties" : { },
      "parameters" : { },
      "propertiesMetadata" : {
        "metadata" : { }
      },
      "parametersMetadata" : {
        "metadata" : { }
      }
    }, {
      "majorSchemaVersion" : 3,
      "name" : "ResilienceCockpit-destination",
      "properties" : { },
      "parameters" : {
        "content-target" : true
      },
      "propertiesMetadata" : {
        "metadata" : { }
      },
      "parametersMetadata" : {
        "metadata" : { }
      }
    } ],
    "providedDependencies" : [ {
      "majorSchemaVersion" : 3,
      "name" : "ResilienceCockpit-destination-content",
      "isPublic" : false,
      "properties" : { },
      "parameters" : { },
      "propertiesMetadata" : {
        "metadata" : { }
      },
      "parametersMetadata" : {
        "metadata" : { }
      }
    } ],
    "propertiesMetadata" : {
      "metadata" : { }
    },
    "parametersMetadata" : {
      "metadata" : { }
    },
    "hooks" : [ ]
  } ],
  "resources" : [ {
    "majorSchemaVersion" : 3,
    "name" : "********",
    "type" : "org.cloudfoundry.managed-service",
    "properties" : { },
    "parameters" : {
      "generated-password" : "********",
      "path" : "./xs-security.json",
      "service-name" : "********",
      "service-plan" : "application",
      "service" : "xsuaa",
      "generated-user" : "********",
      "default-xsappname" : "********",
      "type" : "managed-service",
      "config" : {
        "oauth2-configuration" : "********",
        "tenant-mode" : "dedicated",
        "xsappname" : "ResilienceCockpit-94060551trial-dev"
      },
      "default-service-name" : "********",
      "default-container-name" : "********"
    },
    "isActive" : true,
    "isOptional" : false,
    "propertiesMetadata" : {
      "metadata" : { }
    },
    "parametersMetadata" : {
      "metadata" : { }
    },
    "requiredDependencies" : [ ],
    "processedAfter" : [ ]
  }, {
    "majorSchemaVersion" : 3,
    "name" : "ResilienceCockpit-db",
    "type" : "com.sap.xs.hdi-container",
    "properties" : { },
    "parameters" : {
      "generated-password" : "********",
      "service-name" : "ResilienceCockpit-db",
      "service-plan" : "hdi-shared",
      "service" : "hana",
      "generated-user" : "********",
      "default-xsappname" : "ResilienceCockpit-db",
      "type" : "managed-service",
      "default-service-name" : "ResilienceCockpit-db",
      "default-container-name" : "94060551TRIAL_DEV_RESILIENCECOCKPIT_DB"
    },
    "isActive" : true,
    "isOptional" : false,
    "propertiesMetadata" : {
      "metadata" : { }
    },
    "parametersMetadata" : {
      "metadata" : { }
    },
    "requiredDependencies" : [ ],
    "processedAfter" : [ ]
  }, {
    "majorSchemaVersion" : 3,
    "name" : "ResilienceCockpit-connectivity",
    "type" : "org.cloudfoundry.managed-service",
    "properties" : { },
    "parameters" : {
      "generated-password" : "********",
      "service-name" : "ResilienceCockpit-connectivity",
      "service-plan" : "lite",
      "service" : "connectivity",
      "generated-user" : "********",
      "default-xsappname" : "ResilienceCockpit-connectivity",
      "type" : "managed-service",
      "default-service-name" : "ResilienceCockpit-connectivity",
      "default-container-name" : "94060551TRIAL_DEV_RESILIENCECOCKPIT_CONNECTIVITY"
    },
    "isActive" : true,
    "isOptional" : false,
    "propertiesMetadata" : {
      "metadata" : { }
    },
    "parametersMetadata" : {
      "metadata" : { }
    },
    "requiredDependencies" : [ ],
    "processedAfter" : [ ]
  }, {
    "majorSchemaVersion" : 3,
    "name" : "ResilienceCockpit-destination",
    "type" : "org.cloudfoundry.managed-service",
    "properties" : { },
    "parameters" : {
      "generated-password" : "********",
      "service-name" : "ResilienceCockpit-destination",
      "service-plan" : "lite",
      "service" : "destination",
      "generated-user" : "********",
      "default-xsappname" : "ResilienceCockpit-destination",
      "type" : "managed-service",
      "config" : {
        "HTML5Runtime_enabled" : true,
        "init_data" : {
          "instance" : {
            "destinations" : [ {
              "Authentication" : "********",
              "Name" : "ui5",
              "ProxyType" : "Internet",
              "Type" : "HTTP",
              "URL" : "https://ui5.sap.com"
            }, {
              "Authentication" : "********",
              "HTML5.DynamicDestination" : true,
              "HTML5.ForwardAuthToken" : "********",
              "Name" : "srv-api",
              "ProxyType" : "Internet",
              "Type" : "HTTP",
              "URL" : "https://94060551trial-dev-resiliencecockpit-srv.cfapps.us10-003.hana.ondemand.com"
            } ],
            "existing_destinations_policy" : "update"
          }
        }
      },
      "default-service-name" : "ResilienceCockpit-destination",
      "default-container-name" : "94060551TRIAL_DEV_RESILIENCECOCKPIT_DESTINATION"
    },
    "isActive" : true,
    "isOptional" : false,
    "propertiesMetadata" : {
      "metadata" : { }
    },
    "parametersMetadata" : {
      "metadata" : { }
    },
    "requiredDependencies" : [ {
      "majorSchemaVersion" : 3,
      "name" : "srv-api",
      "properties" : { },
      "parameters" : { },
      "propertiesMetadata" : {
        "metadata" : { }
      },
      "parametersMetadata" : {
        "metadata" : { }
      }
    } ],
    "processedAfter" : [ ]
  }, {
    "majorSchemaVersion" : 3,
    "name" : "ResilienceCockpit-html5-repo-host",
    "type" : "org.cloudfoundry.managed-service",
    "properties" : { },
    "parameters" : {
      "generated-password" : "********",
      "service-name" : "ResilienceCockpit-html5-repo-host",
      "service-plan" : "app-host",
      "service" : "html5-apps-repo",
      "generated-user" : "********",
      "default-xsappname" : "ResilienceCockpit-html5-repo-host",
      "type" : "managed-service",
      "default-service-name" : "ResilienceCockpit-html5-repo-host",
      "default-container-name" : "94060551TRIAL_DEV_RESILIENCECOCKPIT_HTML5_REPO_HOST"
    },
    "isActive" : true,
    "isOptional" : false,
    "propertiesMetadata" : {
      "metadata" : { }
    },
    "parametersMetadata" : {
      "metadata" : { }
    },
    "requiredDependencies" : [ ],
    "processedAfter" : [ ]
  }, {
    "majorSchemaVersion" : 3,
    "name" : "ResilienceCockpit-logging",
    "type" : "org.cloudfoundry.managed-service",
    "properties" : { },
    "parameters" : {
      "generated-password" : "********",
      "service-name" : "ResilienceCockpit-logging",
      "service-plan" : "lite",
      "service" : "application-logs",
      "generated-user" : "********",
      "default-xsappname" : "ResilienceCockpit-logging",
      "type" : "managed-service",
      "default-service-name" : "ResilienceCockpit-logging",
      "default-container-name" : "94060551TRIAL_DEV_RESILIENCECOCKPIT_LOGGING"
    },
    "isActive" : true,
    "isOptional" : false,
    "propertiesMetadata" : {
      "metadata" : { }
    },
    "parametersMetadata" : {
      "metadata" : { }
    },
    "requiredDependencies" : [ ],
    "processedAfter" : [ ]
  } ],
  "parameters" : {
    "deploy_mode" : "html5-repo",
    "mta-id" : "ResilienceCockpit",
    "authorization-url" : "********",
    "org-guid" : "78e7b825-503f-4bdc-af4e-be86d7f43c8e",
    "org" : "94060551trial",
    "deploy-target" : "94060551trial dev",
    "enable-parallel-deployments" : true,
    "region-primary-domain" : "us10.hana.ondemand.com",
    "space" : "dev",
    "region-domain" : "us10-003.hana.ondemand.com",
    "xs-api-url" : "https://api.cf.us10-003.hana.ondemand.com",
    "deploy-url" : "deploy-service.cfapps.us10-003.hana.ondemand.com",
    "xs-type" : "CF",
    "default-domain" : "cfapps.us10-003.hana.ondemand.com",
    "mta-version" : "1.0.0",
    "xs-auth-url" : "********",
    "space-guid" : "039a1fe6-69a4-4c1e-9b8f-a64d47329d3e",
    "user" : "********",
    "controller-url" : "https://api.cf.us10-003.hana.ondemand.com",
    "timestamp" : "20260825112816"
  },
  "parametersMetadata" : {
    "metadata" : { }
  }
}#
#2026 08 25 11:28:31.636#Z#DEBUG#1118e5ca-a078-11f1-87c7-eeee0a8e79e5.OPERATION#flowable-async-job-executor-thread-3053#
[ProcessDescriptorStep] Merged descriptor properties and parameters resolved#
#2026 08 25 11:28:31.636#Z#DEBUG#1118e5ca-a078-11f1-87c7-eeee0a8e79e5.OPERATION#flowable-async-job-executor-thread-3053#
Step "Re-Process Descriptor Step" finished#
#2026 08 25 11:28:31.683#Z#DEBUG#1118e5ca-a078-11f1-87c7-eeee0a8e79e5.OPERATION#flowable-async-job-executor-thread-3053#
[BuildApplicationDeployModelStep] Executing task "buildApplicationDeployModelTask" of process "19db2db2-a078-11f1-b87e-eeee0a95c1ad"...#
#2026 08 25 11:28:31.687#Z#DEBUG#1118e5ca-a078-11f1-87c7-eeee0a8e79e5.OPERATION#flowable-async-job-executor-thread-3053#
[BuildApplicationDeployModelStep] Building cloud deployment model for application "ResilienceCockpit-srv"...#
#2026 08 25 11:28:31.694#Z#DEBUG#1118e5ca-a078-11f1-87c7-eeee0a8e79e5.OPERATION#flowable-async-job-executor-thread-3053#
[BuildApplicationDeployModelStep] No health-check-type is specified. Setting default type: port#
#2026 08 25 11:28:31.695#Z#INFO#1118e5ca-a078-11f1-87c7-eeee0a8e79e5.OPERATION#flowable-async-job-executor-thread-3053#
[BuildApplicationDeployModelStep] Building configuration entries for org 94060551trial, space dev, spaceId 039a1fe6-69a4-4c1e-9b8f-a64d47329d3e and namespace null!#
#2026 08 25 11:28:31.696#Z#DEBUG#1118e5ca-a078-11f1-87c7-eeee0a8e79e5.OPERATION#flowable-async-job-executor-thread-3053#
[BuildApplicationDeployModelStep] Configuration entries to publish: [ ]#
#2026 08 25 11:28:31.696#Z#DEBUG#1118e5ca-a078-11f1-87c7-eeee0a8e79e5.OPERATION#flowable-async-job-executor-thread-3053#
[BuildApplicationDeployModelStep] Cloud deployment model for application built#
#2026 08 25 11:28:31.696#Z#DEBUG#1118e5ca-a078-11f1-87c7-eeee0a8e79e5.OPERATION#flowable-async-job-executor-thread-3053#
Step "Build Application Deploy Model" finished#
#2026 08 25 11:28:31.459#Z#DEBUG#1118e5ca-a078-11f1-87c7-eeee0a8e79e5.OPERATION#flowable-async-job-executor-thread-14269#
[CreateContentDeployClientConfigurationStep] Executing task "createContentDeployClientConfigurationTask" of process "19ccfd15-a078-11f1-b78a-eeee0a986e3f"...#
#2026 08 25 11:28:31.459#Z#DEBUG#1118e5ca-a078-11f1-87c7-eeee0a8e79e5.OPERATION#flowable-async-job-executor-thread-14269#
[CreateContentDeployClientConfigurationStep] Content deployer client configuration: {
  "contentDeployerUrl" : "https://destination-configuration.cfapps.us10.hana.ondemand.com/destination-configuration/gacd",
  "uaaClientConfiguration" : {
    "url" : "********",
    "credentials" : "********",
    "authenticationStrategyType" : "********"
  },
  "httpRequestHeaders" : {
    "X-CorrelationID" : "1118e5ca-a078-11f1-87c7-eeee0a8e79e5"
  },
  "spaceId" : "039a1fe6-69a4-4c1e-9b8f-a64d47329d3e",
  "serviceName" : "ResilienceCockpit-destination"
}#
#2026 08 25 11:28:31.700#Z#DEBUG#1118e5ca-a078-11f1-87c7-eeee0a8e79e5.OPERATION#flowable-async-job-executor-thread-14269#
Step "Create Content Deploy Client Configuration" finished#
#2026 08 25 11:28:31.701#Z#DEBUG#1118e5ca-a078-11f1-87c7-eeee0a8e79e5.OPERATION#flowable-async-job-executor-thread-14269#
[GetContentFromDeploymentDescriptorStep] Executing task "getContentFromDeploymentDescriptorTask" of process "19ccfd15-a078-11f1-b78a-eeee0a986e3f"...#
#2026 08 25 11:28:31.701#Z#DEBUG#1118e5ca-a078-11f1-87c7-eeee0a8e79e5.OPERATION#flowable-async-job-executor-thread-14269#
[GetContentFromDeploymentDescriptorStep] Content for module: "ResilienceCockpit-destination-content" is: "{
  "id" : "b55e8dd1-7241-4db7-93af-b46403af415d",
  "contentType" : "EMBEDDED",
  "content" : {
    "instance" : {
      "destinations" : [ {
        "Authentication" : "********",
        "Name" : "srv-api",
        "TokenServiceInstanceName" : "********",
        "TokenServiceKeyName" : "********",
        "URL" : "https://94060551trial-dev-resiliencecockpit-srv.cfapps.us10-003.hana.ondemand.com"
      }, {
        "Name" : "ResilienceCockpit-html5-repo-host",
        "ServiceInstanceName" : "ResilienceCockpit-html5-repo-host",
        "ServiceKeyName" : "********",
        "sap.cloud.service" : "nexus"
      }, {
        "Authentication" : "********",
        "Name" : "********",
        "ServiceInstanceName" : "********",
        "ServiceKeyName" : "********"
      } ],
      "existing_destinations_policy" : "update"
    }
  }
}"#
#2026 08 25 11:28:31.701#Z#DEBUG#1118e5ca-a078-11f1-87c7-eeee0a8e79e5.OPERATION#flowable-async-job-executor-thread-14269#
Step "Get Content From Deployment Descriptor" finished#
#2026 08 25 11:28:31.702#Z#DEBUG#1118e5ca-a078-11f1-87c7-eeee0a8e79e5.OPERATION#flowable-async-job-executor-thread-14269#
[SynchronousContentDeployStep] Executing task "synchronousContentDeployTask" of process "19ccfd15-a078-11f1-b78a-eeee0a986e3f"...#
#2026 08 25 11:28:31.702#Z#INFO#1118e5ca-a078-11f1-87c7-eeee0a8e79e5.OPERATION#flowable-async-job-executor-thread-14269#
[SynchronousContentDeployStep] Deploying content module "ResilienceCockpit-destination-content" in target service "ResilienceCockpit-destination"...#
#2026 08 25 11:28:31.846#Z#DEBUG#1118e5ca-a078-11f1-87c7-eeee0a8e79e5.OPERATION#flowable-async-job-executor-thread-14269#
[SynchronousContentDeployStep] Processing inline content upload for module: ResilienceCockpit-destination-content#
#2026 08 25 11:28:32.044#Z#DEBUG#1118e5ca-a078-11f1-87c7-eeee0a8e79e5.OPERATION#flowable-async-job-executor-thread-14269#
Step "Synchronous Deploy" finished#
#2026 08 25 11:28:31.734#Z#DEBUG#1118e5ca-a078-11f1-87c7-eeee0a8e79e5.OPERATION#flowable-async-job-executor-thread-3053#
[CreateOrUpdateAppStep] Executing task "createAppTask" of process "19db2db2-a078-11f1-b87e-eeee0a95c1ad"...#
#2026 08 25 11:28:31.737#Z#DEBUG#1118e5ca-a078-11f1-87c7-eeee0a8e79e5.OPERATION#flowable-async-job-executor-thread-3053#
[CreateOrUpdateAppStep] Getting application "ResilienceCockpit-srv"...#
#2026 08 25 11:28:31.772#Z#INFO#1118e5ca-a078-11f1-87c7-eeee0a8e79e5.OPERATION#flowable-async-job-executor-thread-3053#
[CreateOrUpdateAppStep] Updating application "ResilienceCockpit-srv"...#
#2026 08 25 11:28:31.780#Z#DEBUG#1118e5ca-a078-11f1-87c7-eeee0a8e79e5.OPERATION#flowable-async-job-executor-thread-3053#
[CreateOrUpdateAppStep] Getting process for application "846298f7-a9cf-4b9f-a20b-63e370407f6e"...#
#2026 08 25 11:28:31.812#Z#DEBUG#1118e5ca-a078-11f1-87c7-eeee0a8e79e5.OPERATION#flowable-async-job-executor-thread-3053#
[CreateOrUpdateAppStep] Getting routes for application "846298f7-a9cf-4b9f-a20b-63e370407f6e"...#
#2026 08 25 11:28:31.845#Z#DEBUG#1118e5ca-a078-11f1-87c7-eeee0a8e79e5.OPERATION#flowable-async-job-executor-thread-3053#
[CreateOrUpdateAppStep] Getting features for application "846298f7-a9cf-4b9f-a20b-63e370407f6e"#
#2026 08 25 11:28:31.890#Z#DEBUG#1118e5ca-a078-11f1-87c7-eeee0a8e79e5.OPERATION#flowable-async-job-executor-thread-3053#
[CreateOrUpdateAppStep] Updating staging of application "ResilienceCockpit-srv" to: {
  "buildpacks" : [ "nodejs_buildpack" ],
  "healthCheckType" : "port",
  "appFeatures" : { }
}#
#2026 08 25 11:28:32.112#Z#DEBUG#1118e5ca-a078-11f1-87c7-eeee0a8e79e5.OPERATION#flowable-async-job-executor-thread-3053#
[CreateOrUpdateAppStep] Application "ResilienceCockpit-srv" updated#
#2026 08 25 11:28:32.112#Z#DEBUG#1118e5ca-a078-11f1-87c7-eeee0a8e79e5.OPERATION#flowable-async-job-executor-thread-3053#
[CreateOrUpdateAppStep] Getting environment of application "846298f7-a9cf-4b9f-a20b-63e370407f6e"...#
#2026 08 25 11:28:32.189#Z#DEBUG#1118e5ca-a078-11f1-87c7-eeee0a8e79e5.OPERATION#flowable-async-job-executor-thread-3053#
[CreateOrUpdateAppStep] Application "ResilienceCockpit-srv" updated#
#2026 08 25 11:28:32.189#Z#DEBUG#1118e5ca-a078-11f1-87c7-eeee0a8e79e5.OPERATION#flowable-async-job-executor-thread-3053#
Step "Create App" finished#
#2026 08 25 11:28:32.286#Z#DEBUG#1118e5ca-a078-11f1-87c7-eeee0a8e79e5.OPERATION#flowable-async-job-executor-thread-3053#
[CheckServiceBindingOperationStep] Executing task "checkForServiceBindingOperationInProgress" of process "1a45d5c9-a078-11f1-b87e-eeee0a95c1ad"...#
#2026 08 25 11:28:32.286#Z#DEBUG#1118e5ca-a078-11f1-87c7-eeee0a8e79e5.OPERATION#flowable-async-job-executor-thread-3053#
[CheckServiceBindingOperationStep] Checking for service binding operation in progress between app "ResilienceCockpit-srv" and service instance "ResilienceCockpit-destination"#
#2026 08 25 11:28:32.287#Z#DEBUG#1118e5ca-a078-11f1-87c7-eeee0a8e79e5.OPERATION#flowable-async-job-executor-thread-3053#
[CheckServiceBindingOperationStep] Getting application guid "ResilienceCockpit-srv"...#
#2026 08 25 11:28:32.318#Z#DEBUG#1118e5ca-a078-11f1-87c7-eeee0a8e79e5.OPERATION#flowable-async-job-executor-thread-3053#
[CheckServiceBindingOperationStep] Getting GUID of required service instance "ResilienceCockpit-destination"...#
#2026 08 25 11:28:32.351#Z#DEBUG#1118e5ca-a078-11f1-87c7-eeee0a8e79e5.OPERATION#flowable-async-job-executor-thread-3053#
[CheckServiceBindingOperationStep] Getting binding of service instance "01ee3953-9bb6-4134-988a-deaf8ca2479c" with application "846298f7-a9cf-4b9f-a20b-63e370407f6e"...#
#2026 08 25 11:28:32.391#Z#DEBUG#1118e5ca-a078-11f1-87c7-eeee0a8e79e5.OPERATION#flowable-async-job-executor-thread-3053#
[CheckServiceBindingOperationStep] Service binding operation "a5cf4159-8a57-4cc4-9085-4fd0834b6d90" with type "create" is in state "succeeded"#
#2026 08 25 11:28:32.391#Z#DEBUG#1118e5ca-a078-11f1-87c7-eeee0a8e79e5.OPERATION#flowable-async-job-executor-thread-3053#
Step "Check For Service Binding Operation In Progress" finished#
#2026 08 25 11:28:32.419#Z#DEBUG#1118e5ca-a078-11f1-87c7-eeee0a8e79e5.OPERATION#flowable-async-job-executor-thread-3053#
[DetermineApplicationServiceBindingActionsStep] Executing task "determineApplicationServiceBindingActionsTask" of process "1a45d5c9-a078-11f1-b87e-eeee0a95c1ad"...#
#2026 08 25 11:28:32.421#Z#DEBUG#1118e5ca-a078-11f1-87c7-eeee0a8e79e5.OPERATION#flowable-async-job-executor-thread-3053#
[DetermineApplicationServiceBindingActionsStep] Determine bind/unbind operations of application "ResilienceCockpit-srv" to service instance "ResilienceCockpit-destination"#
#2026 08 25 11:28:32.421#Z#DEBUG#1118e5ca-a078-11f1-87c7-eeee0a8e79e5.OPERATION#flowable-async-job-executor-thread-3053#
[DetermineApplicationServiceBindingActionsStep] Getting application "ResilienceCockpit-srv"...#
#2026 08 25 11:28:32.449#Z#DEBUG#1118e5ca-a078-11f1-87c7-eeee0a8e79e5.OPERATION#flowable-async-job-executor-thread-3053#
[DetermineApplicationServiceBindingActionsStep] Binding parameters for application "ResilienceCockpit-srv": { }#
#2026 08 25 11:28:32.483#Z#DEBUG#1118e5ca-a078-11f1-87c7-eeee0a8e79e5.OPERATION#flowable-async-job-executor-thread-3053#
[DetermineApplicationServiceBindingActionsStep] Check should rebind application "ResilienceCockpit-srv" and service instance "ResilienceCockpit-destination"#
#2026 08 25 11:28:32.483#Z#DEBUG#1118e5ca-a078-11f1-87c7-eeee0a8e79e5.OPERATION#flowable-async-job-executor-thread-3053#
[DetermineApplicationServiceBindingActionsStep] Getting GUID of required service instance "ResilienceCockpit-destination"...#
#2026 08 25 11:28:32.515#Z#DEBUG#1118e5ca-a078-11f1-87c7-eeee0a8e79e5.OPERATION#flowable-async-job-executor-thread-3053#
[DetermineApplicationServiceBindingActionsStep] Getting binding of service instance "01ee3953-9bb6-4134-988a-deaf8ca2479c" with application "846298f7-a9cf-4b9f-a20b-63e370407f6e"...#
#2026 08 25 11:28:32.546#Z#DEBUG#1118e5ca-a078-11f1-87c7-eeee0a8e79e5.OPERATION#flowable-async-job-executor-thread-3053#
[DetermineApplicationServiceBindingActionsStep] Getting parameters of service binding "a5cf4159-8a57-4cc4-9085-4fd0834b6d90"...#
#2026 08 25 11:28:32.575#Z#WARN#1118e5ca-a078-11f1-87c7-eeee0a8e79e5.OPERATION#flowable-async-job-executor-thread-3053#
[DetermineApplicationServiceBindingActionsStep] Cannot retrieve parameters of binding between application "ResilienceCockpit-srv" and service instance "ResilienceCockpit-destination"#
#2026 08 25 11:28:32.576#Z#DEBUG#1118e5ca-a078-11f1-87c7-eeee0a8e79e5.OPERATION#flowable-async-job-executor-thread-3053#
[DetermineApplicationServiceBindingActionsStep] Calculated binding operations between application "ResilienceCockpit-srv" and service instance "ResilienceCockpit-destination": unbind - true bind - true#
#2026 08 25 11:28:32.576#Z#DEBUG#1118e5ca-a078-11f1-87c7-eeee0a8e79e5.OPERATION#flowable-async-job-executor-thread-3053#
Step "Determine Application Service Binding Actions" finished#
#2026 08 25 11:28:32.611#Z#DEBUG#1118e5ca-a078-11f1-87c7-eeee0a8e79e5.OPERATION#flowable-async-job-executor-thread-3053#
[UnbindServiceFromApplicationStep] Executing task "unbindServiceFromApplicationTask" of process "1a45d5c9-a078-11f1-b87e-eeee0a95c1ad"...#
#2026 08 25 11:28:32.614#Z#INFO#1118e5ca-a078-11f1-87c7-eeee0a8e79e5.OPERATION#flowable-async-job-executor-thread-3053#
[UnbindServiceFromApplicationStep] Unbinding service instance "ResilienceCockpit-destination" from application "ResilienceCockpit-srv"...#
#2026 08 25 11:28:32.618#Z#DEBUG#1118e5ca-a078-11f1-87c7-eeee0a8e79e5.OPERATION#flowable-async-job-executor-thread-3053#
[UnbindServiceFromApplicationStep] Unbinding application "ResilienceCockpit-srv" from service instance "ResilienceCockpit-destination"...#
#2026 08 25 11:28:32.775#Z#DEBUG#1118e5ca-a078-11f1-87c7-eeee0a8e79e5.OPERATION#flowable-async-job-executor-thread-3053#
Step "Unbind Service from Application" finished#
#2026 08 25 11:28:34.258#Z#DEBUG#1118e5ca-a078-11f1-87c7-eeee0a8e79e5.OPERATION#flowable-async-job-executor-thread-14272#
[CheckServiceBindingOperationStep] Executing task "checkForServiceBindingOperationInProgress" of process "1b73ce7b-a078-11f1-b78a-eeee0a986e3f"...#
#2026 08 25 11:28:34.258#Z#DEBUG#1118e5ca-a078-11f1-87c7-eeee0a8e79e5.OPERATION#flowable-async-job-executor-thread-14272#
[CheckServiceBindingOperationStep] Checking for service binding operation in progress between app "ResilienceCockpit-srv" and service instance "ResilienceCockpit-db"#
#2026 08 25 11:28:34.258#Z#DEBUG#1118e5ca-a078-11f1-87c7-eeee0a8e79e5.OPERATION#flowable-async-job-executor-thread-14272#
[CheckServiceBindingOperationStep] Getting application guid "ResilienceCockpit-srv"...#
#2026 08 25 11:28:34.291#Z#DEBUG#1118e5ca-a078-11f1-87c7-eeee0a8e79e5.OPERATION#flowable-async-job-executor-thread-14272#
[CheckServiceBindingOperationStep] Getting GUID of required service instance "ResilienceCockpit-db"...#
#2026 08 25 11:28:34.316#Z#DEBUG#1118e5ca-a078-11f1-87c7-eeee0a8e79e5.OPERATION#flowable-async-job-executor-thread-14272#
[CheckServiceBindingOperationStep] Getting binding of service instance "793c82c4-0c29-4054-8664-8ad70f1aaf7d" with application "846298f7-a9cf-4b9f-a20b-63e370407f6e"...#
#2026 08 25 11:28:34.346#Z#DEBUG#1118e5ca-a078-11f1-87c7-eeee0a8e79e5.OPERATION#flowable-async-job-executor-thread-14272#
[CheckServiceBindingOperationStep] Service binding operation "7af3739a-f0a8-472f-b962-c8d6cfea5843" with type "create" is in state "succeeded"#
#2026 08 25 11:28:34.346#Z#DEBUG#1118e5ca-a078-11f1-87c7-eeee0a8e79e5.OPERATION#flowable-async-job-executor-thread-14272#
Step "Check For Service Binding Operation In Progress" finished#
#2026 08 25 11:28:34.294#Z#DEBUG#1118e5ca-a078-11f1-87c7-eeee0a8e79e5.OPERATION#flowable-async-job-executor-thread-4387#
[CheckServiceBindingOperationStep] Executing task "checkForServiceBindingOperationInProgress" of process "1b794d3d-a078-11f1-87c7-eeee0a8e79e5"...#
#2026 08 25 11:28:34.295#Z#DEBUG#1118e5ca-a078-11f1-87c7-eeee0a8e79e5.OPERATION#flowable-async-job-executor-thread-4387#
[CheckServiceBindingOperationStep] Checking for service binding operation in progress between app "ResilienceCockpit-srv" and service instance "ResilienceCockpit-connectivity"#
#2026 08 25 11:28:34.295#Z#DEBUG#1118e5ca-a078-11f1-87c7-eeee0a8e79e5.OPERATION#flowable-async-job-executor-thread-4387#
[CheckServiceBindingOperationStep] Getting application guid "ResilienceCockpit-srv"...#
#2026 08 25 11:28:34.326#Z#DEBUG#1118e5ca-a078-11f1-87c7-eeee0a8e79e5.OPERATION#flowable-async-job-executor-thread-4387#
[CheckServiceBindingOperationStep] Getting GUID of required service instance "ResilienceCockpit-connectivity"...#
#2026 08 25 11:28:34.358#Z#DEBUG#1118e5ca-a078-11f1-87c7-eeee0a8e79e5.OPERATION#flowable-async-job-executor-thread-4387#
[CheckServiceBindingOperationStep] Getting binding of service instance "57ce73c3-9d98-4630-a914-bb3fe51155dc" with application "846298f7-a9cf-4b9f-a20b-63e370407f6e"...#
#2026 08 25 11:28:34.396#Z#DEBUG#1118e5ca-a078-11f1-87c7-eeee0a8e79e5.OPERATION#flowable-async-job-executor-thread-4387#
[CheckServiceBindingOperationStep] Service binding operation "bc574a5b-ee46-4269-aab2-bee986036191" with type "create" is in state "succeeded"#
#2026 08 25 11:28:34.396#Z#DEBUG#1118e5ca-a078-11f1-87c7-eeee0a8e79e5.OPERATION#flowable-async-job-executor-thread-4387#
Step "Check For Service Binding Operation In Progress" finished#
#2026 08 25 11:28:34.416#Z#DEBUG#1118e5ca-a078-11f1-87c7-eeee0a8e79e5.OPERATION#flowable-async-job-executor-thread-4387#
[DetermineApplicationServiceBindingActionsStep] Executing task "determineApplicationServiceBindingActionsTask" of process "1b794d3d-a078-11f1-87c7-eeee0a8e79e5"...#
#2026 08 25 11:28:34.417#Z#DEBUG#1118e5ca-a078-11f1-87c7-eeee0a8e79e5.OPERATION#flowable-async-job-executor-thread-4387#
[DetermineApplicationServiceBindingActionsStep] Determine bind/unbind operations of application "ResilienceCockpit-srv" to service instance "ResilienceCockpit-connectivity"#
#2026 08 25 11:28:34.417#Z#DEBUG#1118e5ca-a078-11f1-87c7-eeee0a8e79e5.OPERATION#flowable-async-job-executor-thread-4387#
[DetermineApplicationServiceBindingActionsStep] Getting application "ResilienceCockpit-srv"...#
#2026 08 25 11:28:34.445#Z#DEBUG#1118e5ca-a078-11f1-87c7-eeee0a8e79e5.OPERATION#flowable-async-job-executor-thread-4387#
[DetermineApplicationServiceBindingActionsStep] Binding parameters for application "ResilienceCockpit-srv": { }#
#2026 08 25 11:28:34.484#Z#DEBUG#1118e5ca-a078-11f1-87c7-eeee0a8e79e5.OPERATION#flowable-async-job-executor-thread-4387#
[DetermineApplicationServiceBindingActionsStep] Check should rebind application "ResilienceCockpit-srv" and service instance "ResilienceCockpit-connectivity"#
#2026 08 25 11:28:34.484#Z#DEBUG#1118e5ca-a078-11f1-87c7-eeee0a8e79e5.OPERATION#flowable-async-job-executor-thread-4387#
[DetermineApplicationServiceBindingActionsStep] Getting GUID of required service instance "ResilienceCockpit-connectivity"...#
#2026 08 25 11:28:34.519#Z#DEBUG#1118e5ca-a078-11f1-87c7-eeee0a8e79e5.OPERATION#flowable-async-job-executor-thread-4387#
[DetermineApplicationServiceBindingActionsStep] Getting binding of service instance "57ce73c3-9d98-4630-a914-bb3fe51155dc" with application "846298f7-a9cf-4b9f-a20b-63e370407f6e"...#
#2026 08 25 11:28:34.550#Z#DEBUG#1118e5ca-a078-11f1-87c7-eeee0a8e79e5.OPERATION#flowable-async-job-executor-thread-4387#
[DetermineApplicationServiceBindingActionsStep] Getting parameters of service binding "bc574a5b-ee46-4269-aab2-bee986036191"...#
#2026 08 25 11:28:34.581#Z#WARN#1118e5ca-a078-11f1-87c7-eeee0a8e79e5.OPERATION#flowable-async-job-executor-thread-4387#
[DetermineApplicationServiceBindingActionsStep] Cannot retrieve parameters of binding between application "ResilienceCockpit-srv" and service instance "ResilienceCockpit-connectivity"#
#2026 08 25 11:28:34.582#Z#DEBUG#1118e5ca-a078-11f1-87c7-eeee0a8e79e5.OPERATION#flowable-async-job-executor-thread-4387#
[DetermineApplicationServiceBindingActionsStep] Calculated binding operations between application "ResilienceCockpit-srv" and service instance "ResilienceCockpit-connectivity": unbind - true bind - true#
#2026 08 25 11:28:34.582#Z#DEBUG#1118e5ca-a078-11f1-87c7-eeee0a8e79e5.OPERATION#flowable-async-job-executor-thread-4387#
Step "Determine Application Service Binding Actions" finished#
#2026 08 25 11:28:34.561#Z#DEBUG#1118e5ca-a078-11f1-87c7-eeee0a8e79e5.OPERATION#flowable-async-job-executor-thread-3061#
[CheckServiceBindingOperationStep] Executing task "checkForServiceBindingOperationInProgress" of process "1ba0f93d-a078-11f1-b87e-eeee0a95c1ad"...#
#2026 08 25 11:28:34.561#Z#DEBUG#1118e5ca-a078-11f1-87c7-eeee0a8e79e5.OPERATION#flowable-async-job-executor-thread-3061#
[CheckServiceBindingOperationStep] Checking for service binding operation in progress between app "ResilienceCockpit-srv" and service instance "ResilienceCockpit-logging"#
#2026 08 25 11:28:34.562#Z#DEBUG#1118e5ca-a078-11f1-87c7-eeee0a8e79e5.OPERATION#flowable-async-job-executor-thread-3061#
[CheckServiceBindingOperationStep] Getting application guid "ResilienceCockpit-srv"...#
#2026 08 25 11:28:34.593#Z#DEBUG#1118e5ca-a078-11f1-87c7-eeee0a8e79e5.OPERATION#flowable-async-job-executor-thread-3061#
[CheckServiceBindingOperationStep] Getting GUID of required service instance "ResilienceCockpit-logging"...#
#2026 08 25 11:28:34.620#Z#DEBUG#1118e5ca-a078-11f1-87c7-eeee0a8e79e5.OPERATION#flowable-async-job-executor-thread-3061#
[CheckServiceBindingOperationStep] Getting binding of service instance "336ec7d3-cd56-4076-bb50-7f23f8654af2" with application "846298f7-a9cf-4b9f-a20b-63e370407f6e"...#
#2026 08 25 11:28:34.651#Z#DEBUG#1118e5ca-a078-11f1-87c7-eeee0a8e79e5.OPERATION#flowable-async-job-executor-thread-3061#
[CheckServiceBindingOperationStep] Service binding operation "47215259-b950-4619-ae47-12e6286ec33a" with type "create" is in state "succeeded"#
#2026 08 25 11:28:34.651#Z#DEBUG#1118e5ca-a078-11f1-87c7-eeee0a8e79e5.OPERATION#flowable-async-job-executor-thread-3061#
Step "Check For Service Binding Operation In Progress" finished#
#2026 08 25 11:28:34.363#Z#DEBUG#1118e5ca-a078-11f1-87c7-eeee0a8e79e5.OPERATION#flowable-async-job-executor-thread-14272#
[DetermineApplicationServiceBindingActionsStep] Executing task "determineApplicationServiceBindingActionsTask" of process "1b73ce7b-a078-11f1-b78a-eeee0a986e3f"...#
#2026 08 25 11:28:34.363#Z#DEBUG#1118e5ca-a078-11f1-87c7-eeee0a8e79e5.OPERATION#flowable-async-job-executor-thread-14272#
[DetermineApplicationServiceBindingActionsStep] Determine bind/unbind operations of application "ResilienceCockpit-srv" to service instance "ResilienceCockpit-db"#
#2026 08 25 11:28:34.363#Z#DEBUG#1118e5ca-a078-11f1-87c7-eeee0a8e79e5.OPERATION#flowable-async-job-executor-thread-14272#
[DetermineApplicationServiceBindingActionsStep] Getting application "ResilienceCockpit-srv"...#
#2026 08 25 11:28:34.392#Z#DEBUG#1118e5ca-a078-11f1-87c7-eeee0a8e79e5.OPERATION#flowable-async-job-executor-thread-14272#
[DetermineApplicationServiceBindingActionsStep] Binding parameters for application "ResilienceCockpit-srv": { }#
#2026 08 25 11:28:34.422#Z#DEBUG#1118e5ca-a078-11f1-87c7-eeee0a8e79e5.OPERATION#flowable-async-job-executor-thread-14272#
[DetermineApplicationServiceBindingActionsStep] Check should rebind application "ResilienceCockpit-srv" and service instance "ResilienceCockpit-db"#
#2026 08 25 11:28:34.422#Z#DEBUG#1118e5ca-a078-11f1-87c7-eeee0a8e79e5.OPERATION#flowable-async-job-executor-thread-14272#
[DetermineApplicationServiceBindingActionsStep] Getting GUID of required service instance "ResilienceCockpit-db"...#
#2026 08 25 11:28:34.446#Z#DEBUG#1118e5ca-a078-11f1-87c7-eeee0a8e79e5.OPERATION#flowable-async-job-executor-thread-14272#
[DetermineApplicationServiceBindingActionsStep] Getting binding of service instance "793c82c4-0c29-4054-8664-8ad70f1aaf7d" with application "846298f7-a9cf-4b9f-a20b-63e370407f6e"...#
#2026 08 25 11:28:34.483#Z#DEBUG#1118e5ca-a078-11f1-87c7-eeee0a8e79e5.OPERATION#flowable-async-job-executor-thread-14272#
[DetermineApplicationServiceBindingActionsStep] Getting parameters of service binding "7af3739a-f0a8-472f-b962-c8d6cfea5843"...#
#2026 08 25 11:28:34.674#Z#INFO#1118e5ca-a078-11f1-87c7-eeee0a8e79e5.OPERATION#flowable-async-job-executor-thread-14272#
[DetermineApplicationServiceBindingActionsStep] Service instance "ResilienceCockpit-db" will not be rebound to application "ResilienceCockpit-srv" because the binding parameters are not modified#
#2026 08 25 11:28:34.677#Z#DEBUG#1118e5ca-a078-11f1-87c7-eeee0a8e79e5.OPERATION#flowable-async-job-executor-thread-14272#
[DetermineApplicationServiceBindingActionsStep] Calculated binding operations between application "ResilienceCockpit-srv" and service instance "ResilienceCockpit-db": unbind - false bind - false#
#2026 08 25 11:28:34.677#Z#DEBUG#1118e5ca-a078-11f1-87c7-eeee0a8e79e5.OPERATION#flowable-async-job-executor-thread-14272#
Step "Determine Application Service Binding Actions" finished#
#2026 08 25 11:28:34.603#Z#DEBUG#1118e5ca-a078-11f1-87c7-eeee0a8e79e5.OPERATION#flowable-async-job-executor-thread-4387#
[UnbindServiceFromApplicationStep] Executing task "unbindServiceFromApplicationTask" of process "1b794d3d-a078-11f1-87c7-eeee0a8e79e5"...#
#2026 08 25 11:28:34.605#Z#INFO#1118e5ca-a078-11f1-87c7-eeee0a8e79e5.OPERATION#flowable-async-job-executor-thread-4387#
[UnbindServiceFromApplicationStep] Unbinding service instance "ResilienceCockpit-connectivity" from application "ResilienceCockpit-srv"...#
#2026 08 25 11:28:34.608#Z#DEBUG#1118e5ca-a078-11f1-87c7-eeee0a8e79e5.OPERATION#flowable-async-job-executor-thread-4387#
[UnbindServiceFromApplicationStep] Unbinding application "ResilienceCockpit-srv" from service instance "ResilienceCockpit-connectivity"...#
#2026 08 25 11:28:34.747#Z#DEBUG#1118e5ca-a078-11f1-87c7-eeee0a8e79e5.OPERATION#flowable-async-job-executor-thread-4387#
Step "Unbind Service from Application" finished#
#2026 08 25 11:28:34.680#Z#DEBUG#1118e5ca-a078-11f1-87c7-eeee0a8e79e5.OPERATION#flowable-async-job-executor-thread-3061#
[DetermineApplicationServiceBindingActionsStep] Executing task "determineApplicationServiceBindingActionsTask" of process "1ba0f93d-a078-11f1-b87e-eeee0a95c1ad"...#
#2026 08 25 11:28:34.682#Z#DEBUG#1118e5ca-a078-11f1-87c7-eeee0a8e79e5.OPERATION#flowable-async-job-executor-thread-3061#
[DetermineApplicationServiceBindingActionsStep] Determine bind/unbind operations of application "ResilienceCockpit-srv" to service instance "ResilienceCockpit-logging"#
#2026 08 25 11:28:34.682#Z#DEBUG#1118e5ca-a078-11f1-87c7-eeee0a8e79e5.OPERATION#flowable-async-job-executor-thread-3061#
[DetermineApplicationServiceBindingActionsStep] Getting application "ResilienceCockpit-srv"...#
#2026 08 25 11:28:34.723#Z#DEBUG#1118e5ca-a078-11f1-87c7-eeee0a8e79e5.OPERATION#flowable-async-job-executor-thread-3061#
[DetermineApplicationServiceBindingActionsStep] Binding parameters for application "ResilienceCockpit-srv": { }#
#2026 08 25 11:28:34.766#Z#DEBUG#1118e5ca-a078-11f1-87c7-eeee0a8e79e5.OPERATION#flowable-async-job-executor-thread-3061#
[DetermineApplicationServiceBindingActionsStep] Check should rebind application "ResilienceCockpit-srv" and service instance "ResilienceCockpit-logging"#
#2026 08 25 11:28:34.766#Z#DEBUG#1118e5ca-a078-11f1-87c7-eeee0a8e79e5.OPERATION#flowable-async-job-executor-thread-3061#
[DetermineApplicationServiceBindingActionsStep] Getting GUID of required service instance "ResilienceCockpit-logging"...#
#2026 08 25 11:28:34.801#Z#DEBUG#1118e5ca-a078-11f1-87c7-eeee0a8e79e5.OPERATION#flowable-async-job-executor-thread-3061#
[DetermineApplicationServiceBindingActionsStep] Getting binding of service instance "336ec7d3-cd56-4076-bb50-7f23f8654af2" with application "846298f7-a9cf-4b9f-a20b-63e370407f6e"...#
#2026 08 25 11:28:34.834#Z#DEBUG#1118e5ca-a078-11f1-87c7-eeee0a8e79e5.OPERATION#flowable-async-job-executor-thread-3061#
[DetermineApplicationServiceBindingActionsStep] Getting parameters of service binding "47215259-b950-4619-ae47-12e6286ec33a"...#
#2026 08 25 11:28:34.864#Z#WARN#1118e5ca-a078-11f1-87c7-eeee0a8e79e5.OPERATION#flowable-async-job-executor-thread-3061#
[DetermineApplicationServiceBindingActionsStep] Cannot retrieve parameters of binding between application "ResilienceCockpit-srv" and service instance "ResilienceCockpit-logging"#
#2026 08 25 11:28:34.865#Z#DEBUG#1118e5ca-a078-11f1-87c7-eeee0a8e79e5.OPERATION#flowable-async-job-executor-thread-3061#
[DetermineApplicationServiceBindingActionsStep] Calculated binding operations between application "ResilienceCockpit-srv" and service instance "ResilienceCockpit-logging": unbind - true bind - true#
#2026 08 25 11:28:34.866#Z#DEBUG#1118e5ca-a078-11f1-87c7-eeee0a8e79e5.OPERATION#flowable-async-job-executor-thread-3061#
Step "Determine Application Service Binding Actions" finished#
#2026 08 25 11:28:34.900#Z#DEBUG#1118e5ca-a078-11f1-87c7-eeee0a8e79e5.OPERATION#flowable-async-job-executor-thread-3061#
[UnbindServiceFromApplicationStep] Executing task "unbindServiceFromApplicationTask" of process "1ba0f93d-a078-11f1-b87e-eeee0a95c1ad"...#
#2026 08 25 11:28:34.903#Z#INFO#1118e5ca-a078-11f1-87c7-eeee0a8e79e5.OPERATION#flowable-async-job-executor-thread-3061#
[UnbindServiceFromApplicationStep] Unbinding service instance "ResilienceCockpit-logging" from application "ResilienceCockpit-srv"...#
#2026 08 25 11:28:34.908#Z#DEBUG#1118e5ca-a078-11f1-87c7-eeee0a8e79e5.OPERATION#flowable-async-job-executor-thread-3061#
[UnbindServiceFromApplicationStep] Unbinding application "ResilienceCockpit-srv" from service instance "ResilienceCockpit-logging"...#
#2026 08 25 11:28:35.068#Z#DEBUG#1118e5ca-a078-11f1-87c7-eeee0a8e79e5.OPERATION#flowable-async-job-executor-thread-3061#
Step "Unbind Service from Application" finished#
#2026 08 25 11:28:36.662#Z#DEBUG#1118e5ca-a078-11f1-87c7-eeee0a8e79e5.OPERATION#flowable-async-job-executor-thread-14276#
[UploadAppStep] Executing task "uploadAppTask" of process "189c1d66-a078-11f1-b78a-eeee0a986e3f"...#
#2026 08 25 11:28:36.663#Z#DEBUG#1118e5ca-a078-11f1-87c7-eeee0a8e79e5.OPERATION#flowable-async-job-executor-thread-14276#
[UploadAppStep] Application upload timeout is default one: 3,600 seconds#
#2026 08 25 11:28:36.664#Z#DEBUG#1118e5ca-a078-11f1-87c7-eeee0a8e79e5.OPERATION#pool-20-thread-1#
[UploadAppStep] Upload of application: ResilienceCockpit-db-deployer started on instance: 1#
#2026 08 25 11:28:36.664#Z#DEBUG#1118e5ca-a078-11f1-87c7-eeee0a8e79e5.OPERATION#pool-20-thread-1#
[UploadAppStep] Uploading file "ResilienceCockpit-db-deployer/data.zip" for application "ResilienceCockpit-db-deployer"#
#2026 08 25 11:28:36.739#Z#INFO#1118e5ca-a078-11f1-87c7-eeee0a8e79e5.OPERATION#pool-20-thread-1#
[UploadAppStep] Time elapsed for app binary download: 74 in millis#
#2026 08 25 11:28:36.739#Z#INFO#1118e5ca-a078-11f1-87c7-eeee0a8e79e5.OPERATION#pool-20-thread-1#
[UploadAppStep] Size of app ResilienceCockpit-db-deployer is 2,605,014 bytes#
#2026 08 25 11:28:36.739#Z#DEBUG#1118e5ca-a078-11f1-87c7-eeee0a8e79e5.OPERATION#pool-20-thread-1#
[UploadAppStep] Asynchronously uploading binaries for application "ResilienceCockpit-db-deployer"...#
#2026 08 25 11:28:36.951#Z#INFO#1118e5ca-a078-11f1-87c7-eeee0a8e79e5.OPERATION#pool-20-thread-1#
[UploadAppStep] Started async upload of application "ResilienceCockpit-db-deployer"#
#2026 08 25 11:28:36.954#Z#INFO#1118e5ca-a078-11f1-87c7-eeee0a8e79e5.OPERATION#flowable-async-job-executor-thread-14276#
[UploadAppStep] Time elapsed for upload: 291 in millis#
#2026 08 25 11:28:36.955#Z#DEBUG#1118e5ca-a078-11f1-87c7-eeee0a8e79e5.OPERATION#flowable-async-job-executor-thread-14276#
[UploadAppStep] Getting application "ResilienceCockpit-db-deployer"...#
#2026 08 25 11:28:36.980#Z#DEBUG#1118e5ca-a078-11f1-87c7-eeee0a8e79e5.OPERATION#App upload monitor: 71eb549a-fb2e-484d-b696-b1d93733ff04#
[UploadAppStep] Upload status: PROCESSING_UPLOAD#
#2026 08 25 11:28:36.984#Z#DEBUG#1118e5ca-a078-11f1-87c7-eeee0a8e79e5.OPERATION#flowable-async-job-executor-thread-14276#
[UploadAppStep] Getting environment of application "2d23200b-60aa-4519-b7f8-9f40de7a8ecc"...#
#2026 08 25 11:28:37.024#Z#DEBUG#1118e5ca-a078-11f1-87c7-eeee0a8e79e5.OPERATION#flowable-async-job-executor-thread-14276#
[UploadAppStep] Updating environment of application "ResilienceCockpit-db-deployer"#
#2026 08 25 11:28:37.104#Z#DEBUG#1118e5ca-a078-11f1-87c7-eeee0a8e79e5.OPERATION#flowable-async-job-executor-thread-14276#
Step "Upload App" finished#
#2026 08 25 11:28:36.657#Z#DEBUG#1118e5ca-a078-11f1-87c7-eeee0a8e79e5.OPERATION#flowable-async-job-executor-thread-14270#
[StartContentDeployStep] Executing task "startContentDeployTask" of process "183719e6-a078-11f1-b87e-eeee0a95c1ad"...#
#2026 08 25 11:28:36.658#Z#DEBUG#1118e5ca-a078-11f1-87c7-eeee0a8e79e5.OPERATION#flowable-async-job-executor-thread-14270#
[StartContentDeployStep] Checking status of module content deployment "ResilienceCockpit-app-deployer" in service "ResilienceCockpit-html5-repo-host"...#
#2026 08 25 11:28:37.182#Z#DEBUG#1118e5ca-a078-11f1-87c7-eeee0a8e79e5.OPERATION#flowable-async-job-executor-thread-14270#
[StartContentDeployStep] Deleting content deployment resource "9c316321-7fda-4cb5-8c82-67006d82cd88"...#
#2026 08 25 11:28:37.218#Z#DEBUG#1118e5ca-a078-11f1-87c7-eeee0a8e79e5.OPERATION#flowable-async-job-executor-thread-14270#
Step "Start Content Deploy" finished#
#2026 08 25 11:28:37.304#Z#DEBUG#1118e5ca-a078-11f1-87c7-eeee0a8e79e5.OPERATION#flowable-async-job-executor-thread-14277#
[CheckServiceBindingOperationStep] Executing task "checkForServiceBindingOperationInProgress" of process "1d41ff29-a078-11f1-b78a-eeee0a986e3f"...#
#2026 08 25 11:28:37.304#Z#DEBUG#1118e5ca-a078-11f1-87c7-eeee0a8e79e5.OPERATION#flowable-async-job-executor-thread-14277#
[CheckServiceBindingOperationStep] Checking for service binding operation in progress between app "ResilienceCockpit-srv" and service instance "ResilienceCockpit-auth"#
#2026 08 25 11:28:37.304#Z#DEBUG#1118e5ca-a078-11f1-87c7-eeee0a8e79e5.OPERATION#flowable-async-job-executor-thread-14277#
[CheckServiceBindingOperationStep] Getting application guid "ResilienceCockpit-srv"...#
#2026 08 25 11:28:37.342#Z#DEBUG#1118e5ca-a078-11f1-87c7-eeee0a8e79e5.OPERATION#flowable-async-job-executor-thread-14277#
[CheckServiceBindingOperationStep] Getting GUID of required service instance "ResilienceCockpit-auth"...#
#2026 08 25 11:28:37.370#Z#DEBUG#1118e5ca-a078-11f1-87c7-eeee0a8e79e5.OPERATION#flowable-async-job-executor-thread-14277#
[CheckServiceBindingOperationStep] Getting binding of service instance "a4201f74-f0ad-456c-947a-8ce52d2ae7ca" with application "846298f7-a9cf-4b9f-a20b-63e370407f6e"...#
#2026 08 25 11:28:37.398#Z#DEBUG#1118e5ca-a078-11f1-87c7-eeee0a8e79e5.OPERATION#flowable-async-job-executor-thread-14277#
[CheckServiceBindingOperationStep] Service binding operation "e3dc6ac4-8f36-4bb4-b98f-953468b1b09f" with type "create" is in state "succeeded"#
#2026 08 25 11:28:37.398#Z#DEBUG#1118e5ca-a078-11f1-87c7-eeee0a8e79e5.OPERATION#flowable-async-job-executor-thread-14277#
Step "Check For Service Binding Operation In Progress" finished#
#2026 08 25 11:28:37.416#Z#DEBUG#1118e5ca-a078-11f1-87c7-eeee0a8e79e5.OPERATION#flowable-async-job-executor-thread-14277#
[DetermineApplicationServiceBindingActionsStep] Executing task "determineApplicationServiceBindingActionsTask" of process "1d41ff29-a078-11f1-b78a-eeee0a986e3f"...#
#2026 08 25 11:28:37.417#Z#DEBUG#1118e5ca-a078-11f1-87c7-eeee0a8e79e5.OPERATION#flowable-async-job-executor-thread-14277#
[DetermineApplicationServiceBindingActionsStep] Determine bind/unbind operations of application "ResilienceCockpit-srv" to service instance "ResilienceCockpit-auth"#
#2026 08 25 11:28:37.417#Z#DEBUG#1118e5ca-a078-11f1-87c7-eeee0a8e79e5.OPERATION#flowable-async-job-executor-thread-14277#
[DetermineApplicationServiceBindingActionsStep] Getting application "ResilienceCockpit-srv"...#
#2026 08 25 11:28:37.452#Z#DEBUG#1118e5ca-a078-11f1-87c7-eeee0a8e79e5.OPERATION#flowable-async-job-executor-thread-14277#
[DetermineApplicationServiceBindingActionsStep] Binding parameters for application "ResilienceCockpit-srv": { }#
#2026 08 25 11:28:37.481#Z#DEBUG#1118e5ca-a078-11f1-87c7-eeee0a8e79e5.OPERATION#flowable-async-job-executor-thread-14277#
[DetermineApplicationServiceBindingActionsStep] Check should rebind application "ResilienceCockpit-srv" and service instance "ResilienceCockpit-auth"#
#2026 08 25 11:28:37.481#Z#DEBUG#1118e5ca-a078-11f1-87c7-eeee0a8e79e5.OPERATION#flowable-async-job-executor-thread-14277#
[DetermineApplicationServiceBindingActionsStep] Getting GUID of required service instance "ResilienceCockpit-auth"...#
#2026 08 25 11:28:37.516#Z#DEBUG#1118e5ca-a078-11f1-87c7-eeee0a8e79e5.OPERATION#flowable-async-job-executor-thread-14277#
[DetermineApplicationServiceBindingActionsStep] Getting binding of service instance "a4201f74-f0ad-456c-947a-8ce52d2ae7ca" with application "846298f7-a9cf-4b9f-a20b-63e370407f6e"...#
#2026 08 25 11:28:37.548#Z#DEBUG#1118e5ca-a078-11f1-87c7-eeee0a8e79e5.OPERATION#flowable-async-job-executor-thread-14277#
[DetermineApplicationServiceBindingActionsStep] Getting parameters of service binding "e3dc6ac4-8f36-4bb4-b98f-953468b1b09f"...#
#2026 08 25 11:28:37.577#Z#WARN#1118e5ca-a078-11f1-87c7-eeee0a8e79e5.OPERATION#flowable-async-job-executor-thread-14277#
[DetermineApplicationServiceBindingActionsStep] Cannot retrieve parameters of binding between application "ResilienceCockpit-srv" and service instance "ResilienceCockpit-auth"#
#2026 08 25 11:28:37.578#Z#DEBUG#1118e5ca-a078-11f1-87c7-eeee0a8e79e5.OPERATION#flowable-async-job-executor-thread-14277#
[DetermineApplicationServiceBindingActionsStep] Calculated binding operations between application "ResilienceCockpit-srv" and service instance "ResilienceCockpit-auth": unbind - true bind - true#
#2026 08 25 11:28:37.578#Z#DEBUG#1118e5ca-a078-11f1-87c7-eeee0a8e79e5.OPERATION#flowable-async-job-executor-thread-14277#
Step "Determine Application Service Binding Actions" finished#
#2026 08 25 11:28:37.598#Z#DEBUG#1118e5ca-a078-11f1-87c7-eeee0a8e79e5.OPERATION#flowable-async-job-executor-thread-14277#
[UnbindServiceFromApplicationStep] Executing task "unbindServiceFromApplicationTask" of process "1d41ff29-a078-11f1-b78a-eeee0a986e3f"...#
#2026 08 25 11:28:37.599#Z#INFO#1118e5ca-a078-11f1-87c7-eeee0a8e79e5.OPERATION#flowable-async-job-executor-thread-14277#
[UnbindServiceFromApplicationStep] Unbinding service instance "ResilienceCockpit-auth" from application "ResilienceCockpit-srv"...#
#2026 08 25 11:28:37.602#Z#DEBUG#1118e5ca-a078-11f1-87c7-eeee0a8e79e5.OPERATION#flowable-async-job-executor-thread-14277#
[UnbindServiceFromApplicationStep] Unbinding application "ResilienceCockpit-srv" from service instance "ResilienceCockpit-auth"...#
#2026 08 25 11:28:37.744#Z#DEBUG#1118e5ca-a078-11f1-87c7-eeee0a8e79e5.OPERATION#flowable-async-job-executor-thread-14277#
Step "Unbind Service from Application" finished#
#2026 08 25 11:28:42.006#Z#DEBUG#1118e5ca-a078-11f1-87c7-eeee0a8e79e5.OPERATION#App upload monitor: 71eb549a-fb2e-484d-b696-b1d93733ff04#
[UploadAppStep] Upload status: READY#
#2026 08 25 11:28:46.682#Z#DEBUG#1118e5ca-a078-11f1-87c7-eeee0a8e79e5.OPERATION#flowable-async-job-executor-thread-14285#
[UploadAppStep] Executing task "uploadAppTask" of process "189c1d66-a078-11f1-b78a-eeee0a986e3f"...#
#2026 08 25 11:28:46.683#Z#DEBUG#1118e5ca-a078-11f1-87c7-eeee0a8e79e5.OPERATION#flowable-async-job-executor-thread-14285#
[UploadAppStep] Application upload timeout is default one: 3,600 seconds#
#2026 08 25 11:28:46.683#Z#DEBUG#1118e5ca-a078-11f1-87c7-eeee0a8e79e5.OPERATION#flowable-async-job-executor-thread-14285#
[UploadAppStep] Checking upload status of application "ResilienceCockpit-db-deployer"...#
#2026 08 25 11:28:46.684#Z#DEBUG#1118e5ca-a078-11f1-87c7-eeee0a8e79e5.OPERATION#flowable-async-job-executor-thread-14285#
[UploadAppStep] Getting package "71eb549a-fb2e-484d-b696-b1d93733ff04"...#
#2026 08 25 11:28:46.716#Z#DEBUG#1118e5ca-a078-11f1-87c7-eeee0a8e79e5.OPERATION#flowable-async-job-executor-thread-14285#
[UploadAppStep] Application "ResilienceCockpit-db-deployer" uploaded#
#2026 08 25 11:28:46.717#Z#DEBUG#1118e5ca-a078-11f1-87c7-eeee0a8e79e5.OPERATION#flowable-async-job-executor-thread-14285#
Step "Upload App" finished#
#2026 08 25 11:28:46.684#Z#DEBUG#1118e5ca-a078-11f1-87c7-eeee0a8e79e5.OPERATION#flowable-async-job-executor-thread-14280#
[UnbindServiceFromApplicationStep] Executing task "unbindServiceFromApplicationTask" of process "1d41ff29-a078-11f1-b78a-eeee0a986e3f"...#
#2026 08 25 11:28:46.686#Z#DEBUG#1118e5ca-a078-11f1-87c7-eeee0a8e79e5.OPERATION#flowable-async-job-executor-thread-14281#
[UnbindServiceFromApplicationStep] Executing task "unbindServiceFromApplicationTask" of process "1a45d5c9-a078-11f1-b87e-eeee0a95c1ad"...#
#2026 08 25 11:28:46.686#Z#DEBUG#1118e5ca-a078-11f1-87c7-eeee0a8e79e5.OPERATION#flowable-async-job-executor-thread-14280#
[UnbindServiceFromApplicationStep] Getting async job "30e29137-1dd3-400d-bdcd-9ca1b53ba67e"#
#2026 08 25 11:28:46.687#Z#DEBUG#1118e5ca-a078-11f1-87c7-eeee0a8e79e5.OPERATION#flowable-async-job-executor-thread-14281#
[UnbindServiceFromApplicationStep] Getting async job "43654133-582d-42f0-bb49-f3120fb67f31"#
#2026 08 25 11:28:46.688#Z#DEBUG#1118e5ca-a078-11f1-87c7-eeee0a8e79e5.OPERATION#flowable-async-job-executor-thread-14283#
[UnbindServiceFromApplicationStep] Executing task "unbindServiceFromApplicationTask" of process "1b794d3d-a078-11f1-87c7-eeee0a8e79e5"...#
#2026 08 25 11:28:46.689#Z#DEBUG#1118e5ca-a078-11f1-87c7-eeee0a8e79e5.OPERATION#flowable-async-job-executor-thread-14283#
[UnbindServiceFromApplicationStep] Getting async job "9606bbf8-dfc6-414b-8ef7-9b726c95372a"#
#2026 08 25 11:28:46.691#Z#DEBUG#1118e5ca-a078-11f1-87c7-eeee0a8e79e5.OPERATION#flowable-async-job-executor-thread-14284#
[UnbindServiceFromApplicationStep] Executing task "unbindServiceFromApplicationTask" of process "1ba0f93d-a078-11f1-b87e-eeee0a95c1ad"...#
#2026 08 25 11:28:46.692#Z#DEBUG#1118e5ca-a078-11f1-87c7-eeee0a8e79e5.OPERATION#flowable-async-job-executor-thread-14284#
[UnbindServiceFromApplicationStep] Getting async job "b341ffae-cdac-4fcc-8d30-a834292cdb6b"#
#2026 08 25 11:28:46.714#Z#DEBUG#1118e5ca-a078-11f1-87c7-eeee0a8e79e5.OPERATION#flowable-async-job-executor-thread-14281#
[UnbindServiceFromApplicationStep] Getting service instance "ResilienceCockpit-destination"...#
#2026 08 25 11:28:46.717#Z#DEBUG#1118e5ca-a078-11f1-87c7-eeee0a8e79e5.OPERATION#flowable-async-job-executor-thread-14283#
[UnbindServiceFromApplicationStep] Getting service instance "ResilienceCockpit-connectivity"...#
#2026 08 25 11:28:46.718#Z#DEBUG#1118e5ca-a078-11f1-87c7-eeee0a8e79e5.OPERATION#flowable-async-job-executor-thread-14284#
[UnbindServiceFromApplicationStep] Getting service instance "ResilienceCockpit-logging"...#
#2026 08 25 11:28:46.736#Z#DEBUG#1118e5ca-a078-11f1-87c7-eeee0a8e79e5.OPERATION#flowable-async-job-executor-thread-14280#
[UnbindServiceFromApplicationStep] Getting service instance "ResilienceCockpit-auth"...#
#2026 08 25 11:28:46.807#Z#DEBUG#1118e5ca-a078-11f1-87c7-eeee0a8e79e5.OPERATION#flowable-async-job-executor-thread-14284#
[UnbindServiceFromApplicationStep] Async service binding operation with id "b341ffae-cdac-4fcc-8d30-a834292cdb6b" finished#
#2026 08 25 11:28:46.808#Z#DEBUG#1118e5ca-a078-11f1-87c7-eeee0a8e79e5.OPERATION#flowable-async-job-executor-thread-14284#
Step "Unbind Service from Application" finished#
#2026 08 25 11:28:46.733#Z#DEBUG#1118e5ca-a078-11f1-87c7-eeee0a8e79e5.OPERATION#flowable-async-job-executor-thread-14285#
[ScaleAppStep] Executing task "scaleAppTask" of process "189c1d66-a078-11f1-b78a-eeee0a986e3f"...#
#2026 08 25 11:28:46.734#Z#DEBUG#1118e5ca-a078-11f1-87c7-eeee0a8e79e5.OPERATION#flowable-async-job-executor-thread-14285#
[ScaleAppStep] Scaling application "ResilienceCockpit-db-deployer"...#
#2026 08 25 11:28:46.735#Z#DEBUG#1118e5ca-a078-11f1-87c7-eeee0a8e79e5.OPERATION#flowable-async-job-executor-thread-14285#
[ScaleAppStep] Getting application guid "ResilienceCockpit-db-deployer"...#
#2026 08 25 11:28:46.762#Z#DEBUG#1118e5ca-a078-11f1-87c7-eeee0a8e79e5.OPERATION#flowable-async-job-executor-thread-14285#
[ScaleAppStep] Getting process for application "2d23200b-60aa-4519-b7f8-9f40de7a8ecc"...#
#2026 08 25 11:28:46.812#Z#DEBUG#1118e5ca-a078-11f1-87c7-eeee0a8e79e5.OPERATION#flowable-async-job-executor-thread-14285#
[ScaleAppStep] Application "ResilienceCockpit-db-deployer" scaled#
#2026 08 25 11:28:46.812#Z#DEBUG#1118e5ca-a078-11f1-87c7-eeee0a8e79e5.OPERATION#flowable-async-job-executor-thread-14285#
Step "Scale App" finished#
#2026 08 25 11:28:46.811#Z#DEBUG#1118e5ca-a078-11f1-87c7-eeee0a8e79e5.OPERATION#flowable-async-job-executor-thread-14283#
[UnbindServiceFromApplicationStep] Async service binding operation with id "9606bbf8-dfc6-414b-8ef7-9b726c95372a" finished#
#2026 08 25 11:28:46.812#Z#DEBUG#1118e5ca-a078-11f1-87c7-eeee0a8e79e5.OPERATION#flowable-async-job-executor-thread-14281#
[UnbindServiceFromApplicationStep] Async service binding operation with id "43654133-582d-42f0-bb49-f3120fb67f31" finished#
#2026 08 25 11:28:46.813#Z#DEBUG#1118e5ca-a078-11f1-87c7-eeee0a8e79e5.OPERATION#flowable-async-job-executor-thread-14283#
Step "Unbind Service from Application" finished#
#2026 08 25 11:28:46.813#Z#DEBUG#1118e5ca-a078-11f1-87c7-eeee0a8e79e5.OPERATION#flowable-async-job-executor-thread-14281#
Step "Unbind Service from Application" finished#
#2026 08 25 11:28:46.820#Z#DEBUG#1118e5ca-a078-11f1-87c7-eeee0a8e79e5.OPERATION#flowable-async-job-executor-thread-14280#
[UnbindServiceFromApplicationStep] Async service binding operation with id "30e29137-1dd3-400d-bdcd-9ca1b53ba67e" finished#
#2026 08 25 11:28:46.821#Z#DEBUG#1118e5ca-a078-11f1-87c7-eeee0a8e79e5.OPERATION#flowable-async-job-executor-thread-14280#
Step "Unbind Service from Application" finished#
#2026 08 25 11:28:46.835#Z#DEBUG#1118e5ca-a078-11f1-87c7-eeee0a8e79e5.OPERATION#flowable-async-job-executor-thread-14285#
[DetermineDesiredStateAchievingActionsStep] Executing task "determineDesiredStateAchievingActionsTask" of process "189c1d66-a078-11f1-b78a-eeee0a986e3f"...#
#2026 08 25 11:28:46.836#Z#DEBUG#1118e5ca-a078-11f1-87c7-eeee0a8e79e5.OPERATION#flowable-async-job-executor-thread-14285#
[DetermineDesiredStateAchievingActionsStep] Getting application "ResilienceCockpit-db-deployer"...#
#2026 08 25 11:28:46.868#Z#DEBUG#1118e5ca-a078-11f1-87c7-eeee0a8e79e5.OPERATION#flowable-async-job-executor-thread-14285#
[DetermineDesiredStateAchievingActionsStep] Getting instances for application "ResilienceCockpit-db-deployer"...#
#2026 08 25 11:28:46.868#Z#DEBUG#1118e5ca-a078-11f1-87c7-eeee0a8e79e5.OPERATION#flowable-async-job-executor-thread-14285#
[DetermineDesiredStateAchievingActionsStep] Getting environment of application "2d23200b-60aa-4519-b7f8-9f40de7a8ecc"...#
#2026 08 25 11:28:46.892#Z#DEBUG#1118e5ca-a078-11f1-87c7-eeee0a8e79e5.OPERATION#flowable-async-job-executor-thread-14285#
[DetermineDesiredStateAchievingActionsStep] Current state of application ResilienceCockpit-db-deployer: STOPPED#
#2026 08 25 11:28:46.892#Z#DEBUG#1118e5ca-a078-11f1-87c7-eeee0a8e79e5.OPERATION#flowable-async-job-executor-thread-14285#
[DetermineDesiredStateAchievingActionsStep] Desired state of application ResilienceCockpit-db-deployer: STOPPED#
#2026 08 25 11:28:46.893#Z#DEBUG#1118e5ca-a078-11f1-87c7-eeee0a8e79e5.OPERATION#flowable-async-job-executor-thread-14285#
[DetermineDesiredStateAchievingActionsStep] Actions that should be executed on application ResilienceCockpit-db-deployer: [STAGE]#
#2026 08 25 11:28:46.893#Z#DEBUG#1118e5ca-a078-11f1-87c7-eeee0a8e79e5.OPERATION#flowable-async-job-executor-thread-14285#
Step "Determine Desired State Achieving Actions" finished#
#2026 08 25 11:28:46.835#Z#DEBUG#1118e5ca-a078-11f1-87c7-eeee0a8e79e5.OPERATION#flowable-async-job-executor-thread-14284#
[BindServiceToApplicationStep] Executing task "bindServiceToApplicationTask" of process "1ba0f93d-a078-11f1-b87e-eeee0a95c1ad"...#
#2026 08 25 11:28:46.836#Z#INFO#1118e5ca-a078-11f1-87c7-eeee0a8e79e5.OPERATION#flowable-async-job-executor-thread-14284#
[BindServiceToApplicationStep] Binding service instance "ResilienceCockpit-logging" to application "ResilienceCockpit-srv"...#
#2026 08 25 11:28:46.839#Z#DEBUG#1118e5ca-a078-11f1-87c7-eeee0a8e79e5.OPERATION#flowable-async-job-executor-thread-14284#
[BindServiceToApplicationStep] Binding service instance "ResilienceCockpit-logging" to application "ResilienceCockpit-srv" with parameters: { }#
#2026 08 25 11:28:46.840#Z#DEBUG#1118e5ca-a078-11f1-87c7-eeee0a8e79e5.OPERATION#flowable-async-job-executor-thread-14283#
[BindServiceToApplicationStep] Executing task "bindServiceToApplicationTask" of process "1b794d3d-a078-11f1-87c7-eeee0a8e79e5"...#
#2026 08 25 11:28:46.841#Z#INFO#1118e5ca-a078-11f1-87c7-eeee0a8e79e5.OPERATION#flowable-async-job-executor-thread-14283#
[BindServiceToApplicationStep] Binding service instance "ResilienceCockpit-connectivity" to application "ResilienceCockpit-srv"...#
#2026 08 25 11:28:46.841#Z#DEBUG#1118e5ca-a078-11f1-87c7-eeee0a8e79e5.OPERATION#flowable-async-job-executor-thread-14281#
[BindServiceToApplicationStep] Executing task "bindServiceToApplicationTask" of process "1a45d5c9-a078-11f1-b87e-eeee0a95c1ad"...#
#2026 08 25 11:28:46.842#Z#INFO#1118e5ca-a078-11f1-87c7-eeee0a8e79e5.OPERATION#flowable-async-job-executor-thread-14281#
[BindServiceToApplicationStep] Binding service instance "ResilienceCockpit-destination" to application "ResilienceCockpit-srv"...#
#2026 08 25 11:28:46.845#Z#DEBUG#1118e5ca-a078-11f1-87c7-eeee0a8e79e5.OPERATION#flowable-async-job-executor-thread-14283#
[BindServiceToApplicationStep] Binding service instance "ResilienceCockpit-connectivity" to application "ResilienceCockpit-srv" with parameters: { }#
#2026 08 25 11:28:46.846#Z#DEBUG#1118e5ca-a078-11f1-87c7-eeee0a8e79e5.OPERATION#flowable-async-job-executor-thread-14281#
[BindServiceToApplicationStep] Binding service instance "ResilienceCockpit-destination" to application "ResilienceCockpit-srv" with parameters: { }#
#2026 08 25 11:28:46.849#Z#DEBUG#1118e5ca-a078-11f1-87c7-eeee0a8e79e5.OPERATION#flowable-async-job-executor-thread-14280#
[BindServiceToApplicationStep] Executing task "bindServiceToApplicationTask" of process "1d41ff29-a078-11f1-b78a-eeee0a986e3f"...#
#2026 08 25 11:28:46.850#Z#INFO#1118e5ca-a078-11f1-87c7-eeee0a8e79e5.OPERATION#flowable-async-job-executor-thread-14280#
[BindServiceToApplicationStep] Binding service instance "ResilienceCockpit-auth" to application "ResilienceCockpit-srv"...#
#2026 08 25 11:28:46.855#Z#DEBUG#1118e5ca-a078-11f1-87c7-eeee0a8e79e5.OPERATION#flowable-async-job-executor-thread-14280#
[BindServiceToApplicationStep] Binding service instance "ResilienceCockpit-auth" to application "ResilienceCockpit-srv" with parameters: { }#
#2026 08 25 11:28:46.966#Z#DEBUG#1118e5ca-a078-11f1-87c7-eeee0a8e79e5.OPERATION#flowable-async-job-executor-thread-14284#
Step "Bind Service to Application" finished#
#2026 08 25 11:28:46.985#Z#DEBUG#1118e5ca-a078-11f1-87c7-eeee0a8e79e5.OPERATION#flowable-async-job-executor-thread-14283#
Step "Bind Service to Application" finished#
#2026 08 25 11:28:47.002#Z#DEBUG#1118e5ca-a078-11f1-87c7-eeee0a8e79e5.OPERATION#flowable-async-job-executor-thread-14280#
Step "Bind Service to Application" finished#
#2026 08 25 11:28:47.018#Z#DEBUG#1118e5ca-a078-11f1-87c7-eeee0a8e79e5.OPERATION#flowable-async-job-executor-thread-14281#
Step "Bind Service to Application" finished#
#2026 08 25 11:28:46.911#Z#DEBUG#1118e5ca-a078-11f1-87c7-eeee0a8e79e5.OPERATION#flowable-async-job-executor-thread-14285#
[StageAppStep] Executing task "stageAppTask" of process "189c1d66-a078-11f1-b78a-eeee0a986e3f"...#
#2026 08 25 11:28:46.912#Z#DEBUG#1118e5ca-a078-11f1-87c7-eeee0a8e79e5.OPERATION#flowable-async-job-executor-thread-14285#
[StageAppStep] Application stage timeout is default one: 3,600 seconds#
#2026 08 25 11:28:46.912#Z#INFO#1118e5ca-a078-11f1-87c7-eeee0a8e79e5.OPERATION#flowable-async-job-executor-thread-14285#
[StageAppStep] Staging application "ResilienceCockpit-db-deployer"...#
#2026 08 25 11:28:46.915#Z#DEBUG#1118e5ca-a078-11f1-87c7-eeee0a8e79e5.OPERATION#flowable-async-job-executor-thread-14285#
[StageAppStep] Creating build for package "71eb549a-fb2e-484d-b696-b1d93733ff04"...#
#2026 08 25 11:28:47.269#Z#DEBUG#1118e5ca-a078-11f1-87c7-eeee0a8e79e5.OPERATION#flowable-async-job-executor-thread-14285#
Step "Stage App" finished#
#2026 08 25 11:28:56.695#Z#DEBUG#1118e5ca-a078-11f1-87c7-eeee0a8e79e5.OPERATION#flowable-async-job-executor-thread-14290#
[BindServiceToApplicationStep] Executing task "bindServiceToApplicationTask" of process "1ba0f93d-a078-11f1-b87e-eeee0a95c1ad"...#
#2026 08 25 11:28:56.696#Z#DEBUG#1118e5ca-a078-11f1-87c7-eeee0a8e79e5.OPERATION#flowable-async-job-executor-thread-14290#
[BindServiceToApplicationStep] Getting async job "a73b1488-0bfd-4c13-affd-513ed0fdc425"#
#2026 08 25 11:28:56.698#Z#DEBUG#1118e5ca-a078-11f1-87c7-eeee0a8e79e5.OPERATION#flowable-async-job-executor-thread-14292#
[BindServiceToApplicationStep] Executing task "bindServiceToApplicationTask" of process "1b794d3d-a078-11f1-87c7-eeee0a8e79e5"...#
#2026 08 25 11:28:56.699#Z#DEBUG#1118e5ca-a078-11f1-87c7-eeee0a8e79e5.OPERATION#flowable-async-job-executor-thread-14292#
[BindServiceToApplicationStep] Getting async job "2d7ada56-89cf-4b0d-af10-6d2c4c6218e0"#
#2026 08 25 11:28:56.702#Z#DEBUG#1118e5ca-a078-11f1-87c7-eeee0a8e79e5.OPERATION#flowable-async-job-executor-thread-14288#
[BindServiceToApplicationStep] Executing task "bindServiceToApplicationTask" of process "1d41ff29-a078-11f1-b78a-eeee0a986e3f"...#
#2026 08 25 11:28:56.703#Z#DEBUG#1118e5ca-a078-11f1-87c7-eeee0a8e79e5.OPERATION#flowable-async-job-executor-thread-14288#
[BindServiceToApplicationStep] Getting async job "9326d684-7dcb-4351-907f-df68e14c446e"#
#2026 08 25 11:28:56.707#Z#DEBUG#1118e5ca-a078-11f1-87c7-eeee0a8e79e5.OPERATION#flowable-async-job-executor-thread-14289#
[BindServiceToApplicationStep] Executing task "bindServiceToApplicationTask" of process "1a45d5c9-a078-11f1-b87e-eeee0a95c1ad"...#
#2026 08 25 11:28:56.708#Z#DEBUG#1118e5ca-a078-11f1-87c7-eeee0a8e79e5.OPERATION#flowable-async-job-executor-thread-14289#
[BindServiceToApplicationStep] Getting async job "13a17c50-9f30-4bb0-9417-aaa4511d64b9"#
#2026 08 25 11:28:56.724#Z#DEBUG#1118e5ca-a078-11f1-87c7-eeee0a8e79e5.OPERATION#flowable-async-job-executor-thread-14292#
[BindServiceToApplicationStep] Getting service instance "ResilienceCockpit-connectivity"...#
#2026 08 25 11:28:56.726#Z#DEBUG#1118e5ca-a078-11f1-87c7-eeee0a8e79e5.OPERATION#flowable-async-job-executor-thread-14290#
[BindServiceToApplicationStep] Getting service instance "ResilienceCockpit-logging"...#
#2026 08 25 11:28:56.727#Z#DEBUG#1118e5ca-a078-11f1-87c7-eeee0a8e79e5.OPERATION#flowable-async-job-executor-thread-14288#
[BindServiceToApplicationStep] Getting service instance "ResilienceCockpit-auth"...#
#2026 08 25 11:28:56.733#Z#DEBUG#1118e5ca-a078-11f1-87c7-eeee0a8e79e5.OPERATION#flowable-async-job-executor-thread-14289#
[BindServiceToApplicationStep] Getting service instance "ResilienceCockpit-destination"...#
#2026 08 25 11:28:56.808#Z#DEBUG#1118e5ca-a078-11f1-87c7-eeee0a8e79e5.OPERATION#flowable-async-job-executor-thread-14290#
[BindServiceToApplicationStep] Async service binding operation with id "a73b1488-0bfd-4c13-affd-513ed0fdc425" finished#
#2026 08 25 11:28:56.809#Z#DEBUG#1118e5ca-a078-11f1-87c7-eeee0a8e79e5.OPERATION#flowable-async-job-executor-thread-14290#
Step "Bind Service to Application" finished#
#2026 08 25 11:28:56.818#Z#DEBUG#1118e5ca-a078-11f1-87c7-eeee0a8e79e5.OPERATION#flowable-async-job-executor-thread-14289#
[BindServiceToApplicationStep] Async service binding operation with id "13a17c50-9f30-4bb0-9417-aaa4511d64b9" finished#
#2026 08 25 11:28:56.819#Z#DEBUG#1118e5ca-a078-11f1-87c7-eeee0a8e79e5.OPERATION#flowable-async-job-executor-thread-14289#
Step "Bind Service to Application" finished#
#2026 08 25 11:28:56.821#Z#DEBUG#1118e5ca-a078-11f1-87c7-eeee0a8e79e5.OPERATION#flowable-async-job-executor-thread-14292#
[BindServiceToApplicationStep] Async service binding operation with id "2d7ada56-89cf-4b0d-af10-6d2c4c6218e0" finished#
#2026 08 25 11:28:56.821#Z#DEBUG#1118e5ca-a078-11f1-87c7-eeee0a8e79e5.OPERATION#flowable-async-job-executor-thread-14292#
Step "Bind Service to Application" finished#
#2026 08 25 11:28:56.822#Z#DEBUG#1118e5ca-a078-11f1-87c7-eeee0a8e79e5.OPERATION#flowable-async-job-executor-thread-14288#
[BindServiceToApplicationStep] Async service binding operation with id "9326d684-7dcb-4351-907f-df68e14c446e" finished#
#2026 08 25 11:28:56.823#Z#DEBUG#1118e5ca-a078-11f1-87c7-eeee0a8e79e5.OPERATION#flowable-async-job-executor-thread-14288#
Step "Bind Service to Application" finished#
#2026 08 25 11:28:56.710#Z#DEBUG#1118e5ca-a078-11f1-87c7-eeee0a8e79e5.OPERATION#flowable-async-job-executor-thread-14293#
[StageAppStep] Executing task "stageAppTask" of process "189c1d66-a078-11f1-b78a-eeee0a986e3f"...#
#2026 08 25 11:28:56.711#Z#DEBUG#1118e5ca-a078-11f1-87c7-eeee0a8e79e5.OPERATION#flowable-async-job-executor-thread-14293#
[StageAppStep] Application stage timeout is default one: 3,600 seconds#
#2026 08 25 11:28:56.712#Z#DEBUG#1118e5ca-a078-11f1-87c7-eeee0a8e79e5.OPERATION#flowable-async-job-executor-thread-14293#
[StageAppStep] Checking status of application "ResilienceCockpit-db-deployer"...#
#2026 08 25 11:28:56.712#Z#DEBUG#1118e5ca-a078-11f1-87c7-eeee0a8e79e5.OPERATION#flowable-async-job-executor-thread-14293#
[StageAppStep] Getting build "39312afa-51c8-4ade-bc6c-2faf13f3062a"...#
#2026 08 25 11:28:56.744#Z#DEBUG#1118e5ca-a078-11f1-87c7-eeee0a8e79e5.OPERATION#flowable-async-job-executor-thread-14293#
[StageAppStep] Staging status of application "ResilienceCockpit-db-deployer": PENDING#
#2026 08 25 11:28:56.745#Z#DEBUG#1118e5ca-a078-11f1-87c7-eeee0a8e79e5.OPERATION#flowable-async-job-executor-thread-14293#
[StageAppStep] Getting application guid "ResilienceCockpit-db-deployer"...#
#2026 08 25 11:28:56.879#Z#DEBUG#1118e5ca-a078-11f1-87c7-eeee0a8e79e5.OPERATION#flowable-async-job-executor-thread-14293#
Step "Stage App" finished#
#2026 08 25 11:28:58.664#Z#DEBUG#1118e5ca-a078-11f1-87c7-eeee0a8e79e5.OPERATION#flowable-async-job-executor-thread-3063#
[DetermineVcapServicesPropertiesChangedStep] Executing task "determineVcapServicesPropertiesChangedTask" of process "29f9eacf-a078-11f1-b87e-eeee0a95c1ad"...#
#2026 08 25 11:28:58.666#Z#DEBUG#1118e5ca-a078-11f1-87c7-eeee0a8e79e5.OPERATION#flowable-async-job-executor-thread-3063#
[DetermineVcapServicesPropertiesChangedStep] VCAP_SERVICES properties for application "ResilienceCockpit-srv" changed: true#
#2026 08 25 11:28:58.666#Z#DEBUG#1118e5ca-a078-11f1-87c7-eeee0a8e79e5.OPERATION#flowable-async-job-executor-thread-3063#
Step "Determine vcap services properties changed" finished#
#2026 08 25 11:28:58.698#Z#DEBUG#1118e5ca-a078-11f1-87c7-eeee0a8e79e5.OPERATION#flowable-async-job-executor-thread-3064#
[UploadAppStep] Executing task "uploadAppTask" of process "29f9eacf-a078-11f1-b87e-eeee0a95c1ad"...#
#2026 08 25 11:28:58.700#Z#DEBUG#1118e5ca-a078-11f1-87c7-eeee0a8e79e5.OPERATION#flowable-async-job-executor-thread-3064#
[UploadAppStep] Application upload timeout is default one: 3,600 seconds#
#2026 08 25 11:28:58.700#Z#INFO#1118e5ca-a078-11f1-87c7-eeee0a8e79e5.OPERATION#flowable-async-job-executor-thread-3064#
[UploadAppStep] Uploading application "ResilienceCockpit-srv"...#
#2026 08 25 11:28:58.705#Z#DEBUG#1118e5ca-a078-11f1-87c7-eeee0a8e79e5.OPERATION#flowable-async-job-executor-thread-3064#
[UploadAppStep] Getting application "ResilienceCockpit-srv"...#
#2026 08 25 11:28:58.737#Z#DEBUG#1118e5ca-a078-11f1-87c7-eeee0a8e79e5.OPERATION#flowable-async-job-executor-thread-3064#
[UploadAppStep] Getting environment of application "846298f7-a9cf-4b9f-a20b-63e370407f6e"...#
#2026 08 25 11:28:58.778#Z#INFO#1118e5ca-a078-11f1-87c7-eeee0a8e79e5.OPERATION#flowable-async-job-executor-thread-3064#
[UploadAppStep] Calculating application digest: "ResilienceCockpit-srv"#
#2026 08 25 11:28:59.027#Z#DEBUG#1118e5ca-a078-11f1-87c7-eeee0a8e79e5.OPERATION#flowable-async-job-executor-thread-3064#
Step "Upload App" finished#
#2026 08 25 11:29:06.717#Z#DEBUG#1118e5ca-a078-11f1-87c7-eeee0a8e79e5.OPERATION#flowable-async-job-executor-thread-14298#
[StageAppStep] Executing task "stageAppTask" of process "189c1d66-a078-11f1-b78a-eeee0a986e3f"...#
#2026 08 25 11:29:06.718#Z#DEBUG#1118e5ca-a078-11f1-87c7-eeee0a8e79e5.OPERATION#flowable-async-job-executor-thread-14298#
[StageAppStep] Application stage timeout is default one: 3,600 seconds#
#2026 08 25 11:29:06.719#Z#DEBUG#1118e5ca-a078-11f1-87c7-eeee0a8e79e5.OPERATION#flowable-async-job-executor-thread-14298#
[StageAppStep] Checking status of application "ResilienceCockpit-db-deployer"...#
#2026 08 25 11:29:06.719#Z#DEBUG#1118e5ca-a078-11f1-87c7-eeee0a8e79e5.OPERATION#flowable-async-job-executor-thread-14298#
[StageAppStep] Getting build "39312afa-51c8-4ade-bc6c-2faf13f3062a"...#
#2026 08 25 11:29:06.751#Z#DEBUG#1118e5ca-a078-11f1-87c7-eeee0a8e79e5.OPERATION#flowable-async-job-executor-thread-14298#
[StageAppStep] Staging status of application "ResilienceCockpit-db-deployer": STAGED#
#2026 08 25 11:29:06.752#Z#DEBUG#1118e5ca-a078-11f1-87c7-eeee0a8e79e5.OPERATION#flowable-async-job-executor-thread-14298#
[StageAppStep] Getting application guid "ResilienceCockpit-db-deployer"...#
#2026 08 25 11:29:06.844#Z#DEBUG#1118e5ca-a078-11f1-87c7-eeee0a8e79e5.OPERATION#flowable-async-job-executor-thread-14298#
[StageAppStep] Getting build "39312afa-51c8-4ade-bc6c-2faf13f3062a"...#
#2026 08 25 11:29:06.879#Z#DEBUG#1118e5ca-a078-11f1-87c7-eeee0a8e79e5.OPERATION#flowable-async-job-executor-thread-14298#
[StageAppStep] Binding droplet "6f72ba00-8914-4335-81d0-c5f6cf85e8c4" to application "2d23200b-60aa-4519-b7f8-9f40de7a8ecc"...#
#2026 08 25 11:29:06.938#Z#INFO#1118e5ca-a078-11f1-87c7-eeee0a8e79e5.OPERATION#flowable-async-job-executor-thread-14298#
[StageAppStep] Application "ResilienceCockpit-db-deployer" staged#
#2026 08 25 11:29:06.941#Z#DEBUG#1118e5ca-a078-11f1-87c7-eeee0a8e79e5.OPERATION#flowable-async-job-executor-thread-14298#
Step "Stage App" finished#
#2026 08 25 11:29:06.986#Z#DEBUG#1118e5ca-a078-11f1-87c7-eeee0a8e79e5.OPERATION#flowable-async-job-executor-thread-14301#
[PrepareToExecuteTasksStep] Executing task "prepareToExecuteTasksTask" of process "2ef6ed06-a078-11f1-b78a-eeee0a986e3f"...#
#2026 08 25 11:29:06.987#Z#DEBUG#1118e5ca-a078-11f1-87c7-eeee0a8e79e5.OPERATION#flowable-async-job-executor-thread-14301#
Step "Prepare To Execute Tasks" finished#
#2026 08 25 11:29:07.002#Z#DEBUG#1118e5ca-a078-11f1-87c7-eeee0a8e79e5.OPERATION#flowable-async-job-executor-thread-14301#
[ExecuteTaskStep] Executing task "executeTaskTask" of process "2ef6ed06-a078-11f1-b78a-eeee0a986e3f"...#
#2026 08 25 11:29:07.003#Z#DEBUG#1118e5ca-a078-11f1-87c7-eeee0a8e79e5.OPERATION#flowable-async-job-executor-thread-14301#
[ExecuteTaskStep] Application task execution timeout is default one: 43,200 seconds#
#2026 08 25 11:29:07.004#Z#INFO#1118e5ca-a078-11f1-87c7-eeee0a8e79e5.OPERATION#flowable-async-job-executor-thread-14301#
[ExecuteTaskStep] Executing task "deploy" on application "ResilienceCockpit-db-deployer"...#
#2026 08 25 11:29:07.006#Z#DEBUG#1118e5ca-a078-11f1-87c7-eeee0a8e79e5.OPERATION#flowable-async-job-executor-thread-14301#
[ExecuteTaskStep] Running task on application "ResilienceCockpit-db-deployer": {
  "name" : "deploy",
  "command" : "npm start",
  "limits" : {
    "memory" : 256
  }
}#
#2026 08 25 11:29:07.254#Z#DEBUG#1118e5ca-a078-11f1-87c7-eeee0a8e79e5.OPERATION#flowable-async-job-executor-thread-14301#
Step "Execute Task" finished#
#2026 08 25 11:29:06.721#Z#DEBUG#1118e5ca-a078-11f1-87c7-eeee0a8e79e5.OPERATION#flowable-async-job-executor-thread-14299#
[UploadAppStep] Executing task "uploadAppTask" of process "29f9eacf-a078-11f1-b87e-eeee0a95c1ad"...#
#2026 08 25 11:29:06.722#Z#DEBUG#1118e5ca-a078-11f1-87c7-eeee0a8e79e5.OPERATION#flowable-async-job-executor-thread-14299#
[UploadAppStep] Application upload timeout is default one: 3,600 seconds#
#2026 08 25 11:29:06.723#Z#DEBUG#1118e5ca-a078-11f1-87c7-eeee0a8e79e5.OPERATION#pool-20-thread-1#
[UploadAppStep] Upload of application: ResilienceCockpit-srv started on instance: 1#
#2026 08 25 11:29:06.723#Z#DEBUG#1118e5ca-a078-11f1-87c7-eeee0a8e79e5.OPERATION#pool-20-thread-1#
[UploadAppStep] Uploading file "ResilienceCockpit-srv/data.zip" for application "ResilienceCockpit-srv"#
#2026 08 25 11:29:06.972#Z#INFO#1118e5ca-a078-11f1-87c7-eeee0a8e79e5.OPERATION#pool-20-thread-1#
[UploadAppStep] Time elapsed for app binary download: 248 in millis#
#2026 08 25 11:29:06.972#Z#INFO#1118e5ca-a078-11f1-87c7-eeee0a8e79e5.OPERATION#pool-20-thread-1#
[UploadAppStep] Size of app ResilienceCockpit-srv is 16,187,844 bytes#
#2026 08 25 11:29:06.972#Z#DEBUG#1118e5ca-a078-11f1-87c7-eeee0a8e79e5.OPERATION#pool-20-thread-1#
[UploadAppStep] Asynchronously uploading binaries for application "ResilienceCockpit-srv"...#
#2026 08 25 11:29:07.217#Z#INFO#1118e5ca-a078-11f1-87c7-eeee0a8e79e5.OPERATION#pool-20-thread-1#
[UploadAppStep] Started async upload of application "ResilienceCockpit-srv"#
#2026 08 25 11:29:07.220#Z#INFO#1118e5ca-a078-11f1-87c7-eeee0a8e79e5.OPERATION#flowable-async-job-executor-thread-14299#
[UploadAppStep] Time elapsed for upload: 497 in millis#
#2026 08 25 11:29:07.220#Z#DEBUG#1118e5ca-a078-11f1-87c7-eeee0a8e79e5.OPERATION#flowable-async-job-executor-thread-14299#
[UploadAppStep] Getting application "ResilienceCockpit-srv"...#
#2026 08 25 11:29:07.242#Z#DEBUG#1118e5ca-a078-11f1-87c7-eeee0a8e79e5.OPERATION#App upload monitor: e7bb171b-fbc0-49e7-bcf7-c7b017eccbd0#
[UploadAppStep] Upload status: PROCESSING_UPLOAD#
#2026 08 25 11:29:07.250#Z#DEBUG#1118e5ca-a078-11f1-87c7-eeee0a8e79e5.OPERATION#flowable-async-job-executor-thread-14299#
[UploadAppStep] Getting environment of application "846298f7-a9cf-4b9f-a20b-63e370407f6e"...#
#2026 08 25 11:29:07.283#Z#DEBUG#1118e5ca-a078-11f1-87c7-eeee0a8e79e5.OPERATION#flowable-async-job-executor-thread-14299#
[UploadAppStep] Updating environment of application "ResilienceCockpit-srv"#
#2026 08 25 11:29:07.351#Z#DEBUG#1118e5ca-a078-11f1-87c7-eeee0a8e79e5.OPERATION#flowable-async-job-executor-thread-14299#
Step "Upload App" finished#
#2026 08 25 11:29:12.266#Z#DEBUG#1118e5ca-a078-11f1-87c7-eeee0a8e79e5.OPERATION#App upload monitor: e7bb171b-fbc0-49e7-bcf7-c7b017eccbd0#
[UploadAppStep] Upload status: PROCESSING_UPLOAD#
#2026 08 25 11:29:16.743#Z#DEBUG#1118e5ca-a078-11f1-87c7-eeee0a8e79e5.OPERATION#flowable-async-job-executor-thread-14305#
[UploadAppStep] Executing task "uploadAppTask" of process "29f9eacf-a078-11f1-b87e-eeee0a95c1ad"...#
#2026 08 25 11:29:16.744#Z#DEBUG#1118e5ca-a078-11f1-87c7-eeee0a8e79e5.OPERATION#flowable-async-job-executor-thread-14305#
[UploadAppStep] Application upload timeout is default one: 3,600 seconds#
#2026 08 25 11:29:16.744#Z#DEBUG#1118e5ca-a078-11f1-87c7-eeee0a8e79e5.OPERATION#flowable-async-job-executor-thread-14305#
[UploadAppStep] Checking upload status of application "ResilienceCockpit-srv"...#
#2026 08 25 11:29:16.744#Z#DEBUG#1118e5ca-a078-11f1-87c7-eeee0a8e79e5.OPERATION#flowable-async-job-executor-thread-14305#
[UploadAppStep] Getting package "e7bb171b-fbc0-49e7-bcf7-c7b017eccbd0"...#
#2026 08 25 11:29:16.773#Z#DEBUG#1118e5ca-a078-11f1-87c7-eeee0a8e79e5.OPERATION#flowable-async-job-executor-thread-14305#
[UploadAppStep] Application "ResilienceCockpit-srv" uploaded#
#2026 08 25 11:29:16.774#Z#DEBUG#1118e5ca-a078-11f1-87c7-eeee0a8e79e5.OPERATION#flowable-async-job-executor-thread-14305#
Step "Upload App" finished#
#2026 08 25 11:29:16.793#Z#DEBUG#1118e5ca-a078-11f1-87c7-eeee0a8e79e5.OPERATION#flowable-async-job-executor-thread-14308#
[ScaleAppStep] Executing task "scaleAppTask" of process "29f9eacf-a078-11f1-b87e-eeee0a95c1ad"...#
#2026 08 25 11:29:16.795#Z#DEBUG#1118e5ca-a078-11f1-87c7-eeee0a8e79e5.OPERATION#flowable-async-job-executor-thread-14308#
[ScaleAppStep] Scaling application "ResilienceCockpit-srv"...#
#2026 08 25 11:29:16.795#Z#DEBUG#1118e5ca-a078-11f1-87c7-eeee0a8e79e5.OPERATION#flowable-async-job-executor-thread-14308#
[ScaleAppStep] Getting application guid "ResilienceCockpit-srv"...#
#2026 08 25 11:29:16.825#Z#DEBUG#1118e5ca-a078-11f1-87c7-eeee0a8e79e5.OPERATION#flowable-async-job-executor-thread-14308#
[ScaleAppStep] Getting process for application "846298f7-a9cf-4b9f-a20b-63e370407f6e"...#
#2026 08 25 11:29:16.858#Z#DEBUG#1118e5ca-a078-11f1-87c7-eeee0a8e79e5.OPERATION#flowable-async-job-executor-thread-14308#
[ScaleAppStep] Application "ResilienceCockpit-srv" scaled#
#2026 08 25 11:29:16.858#Z#DEBUG#1118e5ca-a078-11f1-87c7-eeee0a8e79e5.OPERATION#flowable-async-job-executor-thread-14308#
Step "Scale App" finished#
#2026 08 25 11:29:16.757#Z#DEBUG#1118e5ca-a078-11f1-87c7-eeee0a8e79e5.OPERATION#flowable-async-job-executor-thread-3066#
[ExecuteTaskStep] Executing task "executeTaskTask" of process "2ef6ed06-a078-11f1-b78a-eeee0a986e3f"...#
#2026 08 25 11:29:16.761#Z#DEBUG#1118e5ca-a078-11f1-87c7-eeee0a8e79e5.OPERATION#flowable-async-job-executor-thread-3066#
[ExecuteTaskStep] Application task execution timeout is default one: 43,200 seconds#
#2026 08 25 11:29:16.763#Z#DEBUG#1118e5ca-a078-11f1-87c7-eeee0a8e79e5.OPERATION#flowable-async-job-executor-thread-3066#
[ExecuteTaskStep] Getting task "86d13861-ded4-4ea6-8d9e-a362d64def96"...#
#2026 08 25 11:29:16.792#Z#DEBUG#1118e5ca-a078-11f1-87c7-eeee0a8e79e5.OPERATION#flowable-async-job-executor-thread-3066#
[ExecuteTaskStep] Task execution status: succeeded#
#2026 08 25 11:29:16.794#Z#DEBUG#1118e5ca-a078-11f1-87c7-eeee0a8e79e5.OPERATION#flowable-async-job-executor-thread-3066#
[ExecuteTaskStep] Getting application guid "ResilienceCockpit-db-deployer"...#
#2026 08 25 11:29:16.918#Z#DEBUG#1118e5ca-a078-11f1-87c7-eeee0a8e79e5.OPERATION#flowable-async-job-executor-thread-3066#
Step "Execute Task" finished#
#2026 08 25 11:29:16.955#Z#DEBUG#1118e5ca-a078-11f1-87c7-eeee0a8e79e5.OPERATION#flowable-async-job-executor-thread-3067#
[IncrementIndexStep] Executing task "incrementTaskIndexTask" of process "2ef6ed06-a078-11f1-b78a-eeee0a986e3f"...#
#2026 08 25 11:29:16.956#Z#DEBUG#1118e5ca-a078-11f1-87c7-eeee0a8e79e5.OPERATION#flowable-async-job-executor-thread-3067#
Step "Increment Task Index" finished#
#2026 08 25 11:29:16.872#Z#DEBUG#1118e5ca-a078-11f1-87c7-eeee0a8e79e5.OPERATION#flowable-async-job-executor-thread-14308#
[DetermineDesiredStateAchievingActionsStep] Executing task "determineDesiredStateAchievingActionsTask" of process "29f9eacf-a078-11f1-b87e-eeee0a95c1ad"...#
#2026 08 25 11:29:16.872#Z#DEBUG#1118e5ca-a078-11f1-87c7-eeee0a8e79e5.OPERATION#flowable-async-job-executor-thread-14308#
[DetermineDesiredStateAchievingActionsStep] Getting application "ResilienceCockpit-srv"...#
#2026 08 25 11:29:16.898#Z#DEBUG#1118e5ca-a078-11f1-87c7-eeee0a8e79e5.OPERATION#flowable-async-job-executor-thread-14308#
[DetermineDesiredStateAchievingActionsStep] Getting instances for application "ResilienceCockpit-srv"...#
#2026 08 25 11:29:16.965#Z#DEBUG#1118e5ca-a078-11f1-87c7-eeee0a8e79e5.OPERATION#flowable-async-job-executor-thread-14308#
[DetermineDesiredStateAchievingActionsStep] Getting environment of application "846298f7-a9cf-4b9f-a20b-63e370407f6e"...#
#2026 08 25 11:29:17.005#Z#DEBUG#1118e5ca-a078-11f1-87c7-eeee0a8e79e5.OPERATION#flowable-async-job-executor-thread-14308#
[DetermineDesiredStateAchievingActionsStep] Current state of application ResilienceCockpit-srv: STARTED#
#2026 08 25 11:29:17.005#Z#DEBUG#1118e5ca-a078-11f1-87c7-eeee0a8e79e5.OPERATION#flowable-async-job-executor-thread-14308#
[DetermineDesiredStateAchievingActionsStep] Desired state of application ResilienceCockpit-srv: STARTED#
#2026 08 25 11:29:17.005#Z#DEBUG#1118e5ca-a078-11f1-87c7-eeee0a8e79e5.OPERATION#flowable-async-job-executor-thread-14308#
[DetermineDesiredStateAchievingActionsStep] Actions that should be executed on application ResilienceCockpit-srv: [STOP, STAGE, START]#
#2026 08 25 11:29:17.005#Z#DEBUG#1118e5ca-a078-11f1-87c7-eeee0a8e79e5.OPERATION#flowable-async-job-executor-thread-14308#
Step "Determine Desired State Achieving Actions" finished#
#2026 08 25 11:29:17.029#Z#DEBUG#1118e5ca-a078-11f1-87c7-eeee0a8e79e5.OPERATION#flowable-async-job-executor-thread-3068#
[PublishConfigurationEntriesStep] Executing task "publishProvidedDependenciesTask" of process "189c1d66-a078-11f1-b78a-eeee0a986e3f"...#
#2026 08 25 11:29:17.030#Z#DEBUG#1118e5ca-a078-11f1-87c7-eeee0a8e79e5.OPERATION#flowable-async-job-executor-thread-3068#
[PublishConfigurationEntriesStep] Publishing public provided dependencies for application "ResilienceCockpit-db-deployer"...#
#2026 08 25 11:29:17.031#Z#DEBUG#1118e5ca-a078-11f1-87c7-eeee0a8e79e5.OPERATION#flowable-async-job-executor-thread-3068#
[PublishConfigurationEntriesStep] No public provided dependencies for publishing#
#2026 08 25 11:29:17.031#Z#DEBUG#1118e5ca-a078-11f1-87c7-eeee0a8e79e5.OPERATION#flowable-async-job-executor-thread-3068#
Step "Publish Provided Dependencies" finished#
#2026 08 25 11:29:17.065#Z#DEBUG#1118e5ca-a078-11f1-87c7-eeee0a8e79e5.OPERATION#flowable-async-job-executor-thread-3069#
[CreateOrUpdateServiceBrokerStep] Executing task "createOrUpdateServiceBrokerTask" of process "189c1d66-a078-11f1-b78a-eeee0a986e3f"...#
#2026 08 25 11:29:17.066#Z#DEBUG#1118e5ca-a078-11f1-87c7-eeee0a8e79e5.OPERATION#flowable-async-job-executor-thread-3069#
[CreateOrUpdateServiceBrokerStep] Creating service brokers...#
#2026 08 25 11:29:17.068#Z#DEBUG#1118e5ca-a078-11f1-87c7-eeee0a8e79e5.OPERATION#flowable-async-job-executor-thread-3069#
Step "Create Or Update Service Broker " finished#
#2026 08 25 11:29:17.024#Z#DEBUG#1118e5ca-a078-11f1-87c7-eeee0a8e79e5.OPERATION#flowable-async-job-executor-thread-14308#
[StopAppStep] Executing task "stopAppTask" of process "29f9eacf-a078-11f1-b87e-eeee0a95c1ad"...#
#2026 08 25 11:29:17.025#Z#INFO#1118e5ca-a078-11f1-87c7-eeee0a8e79e5.OPERATION#flowable-async-job-executor-thread-14308#
[StopAppStep] Stopping application "ResilienceCockpit-srv"...#
#2026 08 25 11:29:17.029#Z#DEBUG#1118e5ca-a078-11f1-87c7-eeee0a8e79e5.OPERATION#flowable-async-job-executor-thread-14308#
[StopAppStep] Stopping application "ResilienceCockpit-srv"...#
#2026 08 25 11:29:17.154#Z#DEBUG#1118e5ca-a078-11f1-87c7-eeee0a8e79e5.OPERATION#flowable-async-job-executor-thread-14308#
[StopAppStep] Application "ResilienceCockpit-srv" stopped#
#2026 08 25 11:29:17.154#Z#DEBUG#1118e5ca-a078-11f1-87c7-eeee0a8e79e5.OPERATION#flowable-async-job-executor-thread-14308#
[StopAppStep] Getting environment of application "846298f7-a9cf-4b9f-a20b-63e370407f6e"...#
#2026 08 25 11:29:17.189#Z#DEBUG#1118e5ca-a078-11f1-87c7-eeee0a8e79e5.OPERATION#flowable-async-job-executor-thread-14308#
Step "Stop App" finished#
#2026 08 25 11:29:17.294#Z#DEBUG#1118e5ca-a078-11f1-87c7-eeee0a8e79e5.OPERATION#App upload monitor: e7bb171b-fbc0-49e7-bcf7-c7b017eccbd0#
[UploadAppStep] Upload status: READY#
#2026 08 25 11:29:17.212#Z#DEBUG#1118e5ca-a078-11f1-87c7-eeee0a8e79e5.OPERATION#flowable-async-job-executor-thread-14308#
[StageAppStep] Executing task "stageAppTask" of process "350f49f8-a078-11f1-b78a-eeee0a986e3f"...#
#2026 08 25 11:29:17.213#Z#DEBUG#1118e5ca-a078-11f1-87c7-eeee0a8e79e5.OPERATION#flowable-async-job-executor-thread-14308#
[StageAppStep] Application stage timeout is default one: 3,600 seconds#
#2026 08 25 11:29:17.214#Z#INFO#1118e5ca-a078-11f1-87c7-eeee0a8e79e5.OPERATION#flowable-async-job-executor-thread-14308#
[StageAppStep] Staging application "ResilienceCockpit-srv"...#
#2026 08 25 11:29:17.217#Z#DEBUG#1118e5ca-a078-11f1-87c7-eeee0a8e79e5.OPERATION#flowable-async-job-executor-thread-14308#
[StageAppStep] Creating build for package "e7bb171b-fbc0-49e7-bcf7-c7b017eccbd0"...#
#2026 08 25 11:29:17.633#Z#DEBUG#1118e5ca-a078-11f1-87c7-eeee0a8e79e5.OPERATION#flowable-async-job-executor-thread-14308#
Step "Stage App" finished#
#2026 08 25 11:29:26.746#Z#DEBUG#1118e5ca-a078-11f1-87c7-eeee0a8e79e5.OPERATION#flowable-async-job-executor-thread-14311#
[StageAppStep] Executing task "stageAppTask" of process "350f49f8-a078-11f1-b78a-eeee0a986e3f"...#
#2026 08 25 11:29:26.747#Z#DEBUG#1118e5ca-a078-11f1-87c7-eeee0a8e79e5.OPERATION#flowable-async-job-executor-thread-14311#
[StageAppStep] Application stage timeout is default one: 3,600 seconds#
#2026 08 25 11:29:26.747#Z#DEBUG#1118e5ca-a078-11f1-87c7-eeee0a8e79e5.OPERATION#flowable-async-job-executor-thread-14311#
[StageAppStep] Checking status of application "ResilienceCockpit-srv"...#
#2026 08 25 11:29:26.747#Z#DEBUG#1118e5ca-a078-11f1-87c7-eeee0a8e79e5.OPERATION#flowable-async-job-executor-thread-14311#
[StageAppStep] Getting build "e7a5bce1-a1c1-474a-b01b-2411db15d266"...#
#2026 08 25 11:29:26.781#Z#DEBUG#1118e5ca-a078-11f1-87c7-eeee0a8e79e5.OPERATION#flowable-async-job-executor-thread-14311#
[StageAppStep] Staging status of application "ResilienceCockpit-srv": PENDING#
#2026 08 25 11:29:26.782#Z#DEBUG#1118e5ca-a078-11f1-87c7-eeee0a8e79e5.OPERATION#flowable-async-job-executor-thread-14311#
[StageAppStep] Getting application guid "ResilienceCockpit-srv"...#
#2026 08 25 11:29:26.908#Z#DEBUG#1118e5ca-a078-11f1-87c7-eeee0a8e79e5.OPERATION#flowable-async-job-executor-thread-14311#
Step "Stage App" finished#
#2026 08 25 11:29:36.745#Z#DEBUG#1118e5ca-a078-11f1-87c7-eeee0a8e79e5.OPERATION#flowable-async-job-executor-thread-14314#
[StageAppStep] Executing task "stageAppTask" of process "350f49f8-a078-11f1-b78a-eeee0a986e3f"...#
#2026 08 25 11:29:36.746#Z#DEBUG#1118e5ca-a078-11f1-87c7-eeee0a8e79e5.OPERATION#flowable-async-job-executor-thread-14314#
[StageAppStep] Application stage timeout is default one: 3,600 seconds#
#2026 08 25 11:29:36.746#Z#DEBUG#1118e5ca-a078-11f1-87c7-eeee0a8e79e5.OPERATION#flowable-async-job-executor-thread-14314#
[StageAppStep] Checking status of application "ResilienceCockpit-srv"...#
#2026 08 25 11:29:36.746#Z#DEBUG#1118e5ca-a078-11f1-87c7-eeee0a8e79e5.OPERATION#flowable-async-job-executor-thread-14314#
[StageAppStep] Getting build "e7a5bce1-a1c1-474a-b01b-2411db15d266"...#
#2026 08 25 11:29:36.771#Z#DEBUG#1118e5ca-a078-11f1-87c7-eeee0a8e79e5.OPERATION#flowable-async-job-executor-thread-14314#
[StageAppStep] Staging status of application "ResilienceCockpit-srv": PENDING#
#2026 08 25 11:29:36.772#Z#DEBUG#1118e5ca-a078-11f1-87c7-eeee0a8e79e5.OPERATION#flowable-async-job-executor-thread-14314#
[StageAppStep] Getting application guid "ResilienceCockpit-srv"...#
#2026 08 25 11:29:36.837#Z#DEBUG#1118e5ca-a078-11f1-87c7-eeee0a8e79e5.OPERATION#flowable-async-job-executor-thread-14314#
Step "Stage App" finished#
#2026 08 25 11:29:46.759#Z#DEBUG#1118e5ca-a078-11f1-87c7-eeee0a8e79e5.OPERATION#flowable-async-job-executor-thread-14318#
[StageAppStep] Executing task "stageAppTask" of process "350f49f8-a078-11f1-b78a-eeee0a986e3f"...#
#2026 08 25 11:29:46.760#Z#DEBUG#1118e5ca-a078-11f1-87c7-eeee0a8e79e5.OPERATION#flowable-async-job-executor-thread-14318#
[StageAppStep] Application stage timeout is default one: 3,600 seconds#
#2026 08 25 11:29:46.761#Z#DEBUG#1118e5ca-a078-11f1-87c7-eeee0a8e79e5.OPERATION#flowable-async-job-executor-thread-14318#
[StageAppStep] Checking status of application "ResilienceCockpit-srv"...#
#2026 08 25 11:29:46.761#Z#DEBUG#1118e5ca-a078-11f1-87c7-eeee0a8e79e5.OPERATION#flowable-async-job-executor-thread-14318#
[StageAppStep] Getting build "e7a5bce1-a1c1-474a-b01b-2411db15d266"...#
#2026 08 25 11:29:46.799#Z#DEBUG#1118e5ca-a078-11f1-87c7-eeee0a8e79e5.OPERATION#flowable-async-job-executor-thread-14318#
[StageAppStep] Staging status of application "ResilienceCockpit-srv": STAGED#
#2026 08 25 11:29:46.801#Z#DEBUG#1118e5ca-a078-11f1-87c7-eeee0a8e79e5.OPERATION#flowable-async-job-executor-thread-14318#
[StageAppStep] Getting application guid "ResilienceCockpit-srv"...#
#2026 08 25 11:29:46.881#Z#DEBUG#1118e5ca-a078-11f1-87c7-eeee0a8e79e5.OPERATION#flowable-async-job-executor-thread-14318#
[StageAppStep] Getting build "e7a5bce1-a1c1-474a-b01b-2411db15d266"...#
#2026 08 25 11:29:46.910#Z#DEBUG#1118e5ca-a078-11f1-87c7-eeee0a8e79e5.OPERATION#flowable-async-job-executor-thread-14318#
[StageAppStep] Binding droplet "998ec5a8-9a92-4125-8029-187342a90f27" to application "846298f7-a9cf-4b9f-a20b-63e370407f6e"...#
#2026 08 25 11:29:46.977#Z#INFO#1118e5ca-a078-11f1-87c7-eeee0a8e79e5.OPERATION#flowable-async-job-executor-thread-14318#
[StageAppStep] Application "ResilienceCockpit-srv" staged#
#2026 08 25 11:29:46.980#Z#DEBUG#1118e5ca-a078-11f1-87c7-eeee0a8e79e5.OPERATION#flowable-async-job-executor-thread-14318#
Step "Stage App" finished#
#2026 08 25 11:29:47.000#Z#DEBUG#1118e5ca-a078-11f1-87c7-eeee0a8e79e5.OPERATION#flowable-async-job-executor-thread-14323#
[RestartAppStep] Executing task "startAppTask" of process "350f49f8-a078-11f1-b78a-eeee0a986e3f"...#
#2026 08 25 11:29:47.001#Z#DEBUG#1118e5ca-a078-11f1-87c7-eeee0a8e79e5.OPERATION#flowable-async-job-executor-thread-14323#
[RestartAppStep] Application start timeout is default one: 3,600 seconds#
#2026 08 25 11:29:47.005#Z#DEBUG#1118e5ca-a078-11f1-87c7-eeee0a8e79e5.OPERATION#flowable-async-job-executor-thread-14323#
[RestartAppStep] Getting application "ResilienceCockpit-srv"...#
#2026 08 25 11:29:47.033#Z#INFO#1118e5ca-a078-11f1-87c7-eeee0a8e79e5.OPERATION#flowable-async-job-executor-thread-14323#
[RestartAppStep] Starting application "ResilienceCockpit-srv"...#
#2026 08 25 11:29:47.035#Z#DEBUG#1118e5ca-a078-11f1-87c7-eeee0a8e79e5.OPERATION#flowable-async-job-executor-thread-14323#
[RestartAppStep] Starting application "ResilienceCockpit-srv"...#
#2026 08 25 11:29:47.262#Z#DEBUG#1118e5ca-a078-11f1-87c7-eeee0a8e79e5.OPERATION#flowable-async-job-executor-thread-14323#
Step "Start App" finished#
#2026 08 25 11:29:56.765#Z#DEBUG#1118e5ca-a078-11f1-87c7-eeee0a8e79e5.OPERATION#flowable-async-job-executor-thread-14327#
[RestartAppStep] Executing task "startAppTask" of process "46fbe9e0-a078-11f1-b78a-eeee0a986e3f"...#
#2026 08 25 11:29:56.767#Z#DEBUG#1118e5ca-a078-11f1-87c7-eeee0a8e79e5.OPERATION#flowable-async-job-executor-thread-14327#
[RestartAppStep] Application start timeout is default one: 3,600 seconds#
#2026 08 25 11:29:56.767#Z#DEBUG#1118e5ca-a078-11f1-87c7-eeee0a8e79e5.OPERATION#flowable-async-job-executor-thread-14327#
[RestartAppStep] Checking status of application "ResilienceCockpit-srv"...#
#2026 08 25 11:29:56.767#Z#DEBUG#1118e5ca-a078-11f1-87c7-eeee0a8e79e5.OPERATION#flowable-async-job-executor-thread-14327#
[RestartAppStep] Getting application "ResilienceCockpit-srv"...#
#2026 08 25 11:29:56.800#Z#DEBUG#1118e5ca-a078-11f1-87c7-eeee0a8e79e5.OPERATION#flowable-async-job-executor-thread-14327#
[RestartAppStep] Getting instances for application "ResilienceCockpit-srv"...#
#2026 08 25 11:29:56.858#Z#DEBUG#1118e5ca-a078-11f1-87c7-eeee0a8e79e5.OPERATION#flowable-async-job-executor-thread-14327#
[RestartAppStep] Application "ResilienceCockpit-srv": 1 of 1 instances running (1 running)#
#2026 08 25 11:29:56.884#Z#DEBUG#1118e5ca-a078-11f1-87c7-eeee0a8e79e5.OPERATION#flowable-async-job-executor-thread-14327#
[RestartAppStep] Getting routes for application "846298f7-a9cf-4b9f-a20b-63e370407f6e"...#
#2026 08 25 11:29:56.925#Z#INFO#1118e5ca-a078-11f1-87c7-eeee0a8e79e5.OPERATION#flowable-async-job-executor-thread-14327#
[RestartAppStep] Application "ResilienceCockpit-srv" started and available at "94060551trial-dev-resiliencecockpit-srv.cfapps.us10-003.hana.ondemand.com"#
#2026 08 25 11:29:56.928#Z#DEBUG#1118e5ca-a078-11f1-87c7-eeee0a8e79e5.OPERATION#flowable-async-job-executor-thread-14327#
Step "Start App" finished#
#2026 08 25 11:30:06.770#Z#DEBUG#1118e5ca-a078-11f1-87c7-eeee0a8e79e5.OPERATION#flowable-async-job-executor-thread-14336#
[RestartAppStep] Executing task "startAppTask" of process "4cbefa25-a078-11f1-b78a-eeee0a986e3f"...#
#2026 08 25 11:30:06.772#Z#DEBUG#1118e5ca-a078-11f1-87c7-eeee0a8e79e5.OPERATION#flowable-async-job-executor-thread-14336#
[RestartAppStep] Application start timeout is default one: 3,600 seconds#
#2026 08 25 11:30:06.772#Z#DEBUG#1118e5ca-a078-11f1-87c7-eeee0a8e79e5.OPERATION#flowable-async-job-executor-thread-14336#
Step "Start App" finished#
#2026 08 25 11:30:06.813#Z#DEBUG#1118e5ca-a078-11f1-87c7-eeee0a8e79e5.OPERATION#flowable-async-job-executor-thread-14336#
[PrepareToExecuteTasksStep] Executing task "prepareToExecuteTasksTask" of process "529ff419-a078-11f1-b78a-eeee0a986e3f"...#
#2026 08 25 11:30:06.814#Z#DEBUG#1118e5ca-a078-11f1-87c7-eeee0a8e79e5.OPERATION#flowable-async-job-executor-thread-14336#
Step "Prepare To Execute Tasks" finished#
#2026 08 25 11:30:06.844#Z#DEBUG#1118e5ca-a078-11f1-87c7-eeee0a8e79e5.OPERATION#flowable-async-job-executor-thread-14336#
[PublishConfigurationEntriesStep] Executing task "publishProvidedDependenciesTask" of process "529d0dc6-a078-11f1-b78a-eeee0a986e3f"...#
#2026 08 25 11:30:06.845#Z#DEBUG#1118e5ca-a078-11f1-87c7-eeee0a8e79e5.OPERATION#flowable-async-job-executor-thread-14336#
[PublishConfigurationEntriesStep] Publishing public provided dependencies for application "ResilienceCockpit-srv"...#
#2026 08 25 11:30:06.845#Z#DEBUG#1118e5ca-a078-11f1-87c7-eeee0a8e79e5.OPERATION#flowable-async-job-executor-thread-14336#
[PublishConfigurationEntriesStep] No public provided dependencies for publishing#
#2026 08 25 11:30:06.845#Z#DEBUG#1118e5ca-a078-11f1-87c7-eeee0a8e79e5.OPERATION#flowable-async-job-executor-thread-14336#
Step "Publish Provided Dependencies" finished#
#2026 08 25 11:30:06.861#Z#DEBUG#1118e5ca-a078-11f1-87c7-eeee0a8e79e5.OPERATION#flowable-async-job-executor-thread-14336#
[CreateOrUpdateServiceBrokerStep] Executing task "createOrUpdateServiceBrokerTask" of process "529d0dc6-a078-11f1-b78a-eeee0a986e3f"...#
#2026 08 25 11:30:06.861#Z#DEBUG#1118e5ca-a078-11f1-87c7-eeee0a8e79e5.OPERATION#flowable-async-job-executor-thread-14336#
[CreateOrUpdateServiceBrokerStep] Creating service brokers...#
#2026 08 25 11:30:06.862#Z#DEBUG#1118e5ca-a078-11f1-87c7-eeee0a8e79e5.OPERATION#flowable-async-job-executor-thread-14336#
Step "Create Or Update Service Broker " finished#
#2026 08 25 11:30:06.953#Z#DEBUG#1118e5ca-a078-11f1-87c7-eeee0a8e79e5.OPERATION#flowable-async-job-executor-thread-14336#
[CreateSubscriptionsStep] Executing task "createSubscriptionsTask" of process "52af0f71-a078-11f1-b78a-eeee0a986e3f"...#
#2026 08 25 11:30:06.953#Z#DEBUG#1118e5ca-a078-11f1-87c7-eeee0a8e79e5.OPERATION#flowable-async-job-executor-thread-14336#
[CreateSubscriptionsStep] Creating subscriptions...#
#2026 08 25 11:30:06.954#Z#DEBUG#1118e5ca-a078-11f1-87c7-eeee0a8e79e5.OPERATION#flowable-async-job-executor-thread-14336#
[CreateSubscriptionsStep] Subscriptions created#
#2026 08 25 11:30:06.954#Z#DEBUG#1118e5ca-a078-11f1-87c7-eeee0a8e79e5.OPERATION#flowable-async-job-executor-thread-14336#
Step "Create Subscriptions" finished#
#2026 08 25 11:30:06.966#Z#DEBUG#1118e5ca-a078-11f1-87c7-eeee0a8e79e5.OPERATION#flowable-async-job-executor-thread-14336#
[DeleteSubscriptionsStep] Executing task "deleteSubscriptionsTask" of process "52af0f71-a078-11f1-b78a-eeee0a986e3f"...#
#2026 08 25 11:30:06.966#Z#DEBUG#1118e5ca-a078-11f1-87c7-eeee0a8e79e5.OPERATION#flowable-async-job-executor-thread-14336#
[DeleteSubscriptionsStep] Deleting discontinued subscriptions...#
#2026 08 25 11:30:06.967#Z#DEBUG#1118e5ca-a078-11f1-87c7-eeee0a8e79e5.OPERATION#flowable-async-job-executor-thread-14336#
[DeleteSubscriptionsStep] Subscriptions to delete: [ ]#
#2026 08 25 11:30:06.967#Z#DEBUG#1118e5ca-a078-11f1-87c7-eeee0a8e79e5.OPERATION#flowable-async-job-executor-thread-14336#
[DeleteSubscriptionsStep] Deleted discontinued subscriptions#
#2026 08 25 11:30:06.967#Z#DEBUG#1118e5ca-a078-11f1-87c7-eeee0a8e79e5.OPERATION#flowable-async-job-executor-thread-14336#
Step "Delete Subscriptions" finished#
#2026 08 25 11:30:06.979#Z#DEBUG#1118e5ca-a078-11f1-87c7-eeee0a8e79e5.OPERATION#flowable-async-job-executor-thread-14336#
[DeleteDiscontinuedConfigurationEntriesStep] Executing task "deleteDiscontinuedConfigurationEntriesTask" of process "52af0f71-a078-11f1-b78a-eeee0a986e3f"...#
#2026 08 25 11:30:06.979#Z#DEBUG#1118e5ca-a078-11f1-87c7-eeee0a8e79e5.OPERATION#flowable-async-job-executor-thread-14336#
[DeleteDiscontinuedConfigurationEntriesStep] Deleting discontinued published dependencies...#
#2026 08 25 11:30:06.994#Z#DEBUG#1118e5ca-a078-11f1-87c7-eeee0a8e79e5.OPERATION#flowable-async-job-executor-thread-14336#
[DeleteDiscontinuedConfigurationEntriesStep] Deleted entries: [ ]#
#2026 08 25 11:30:06.994#Z#DEBUG#1118e5ca-a078-11f1-87c7-eeee0a8e79e5.OPERATION#flowable-async-job-executor-thread-14336#
[DeleteDiscontinuedConfigurationEntriesStep] Discontinued published dependencies deleted#
#2026 08 25 11:30:06.994#Z#DEBUG#1118e5ca-a078-11f1-87c7-eeee0a8e79e5.OPERATION#flowable-async-job-executor-thread-14336#
Step "Delete Discontinued Configuration Entries" finished#
#2026 08 25 11:30:06.997#Z#WARN#1118e5ca-a078-11f1-87c7-eeee0a8e79e5.OPERATION#flowable-async-job-executor-thread-14336#
[DoNotDeleteServicesListener] Skipping deletion of services, because the command line option "--delete-services" is not specified.#
#2026 08 25 11:30:07.016#Z#DEBUG#1118e5ca-a078-11f1-87c7-eeee0a8e79e5.OPERATION#flowable-async-job-executor-thread-14336#
[DetachServicesFromMtaStep] Executing task "detachServicesFromMtaTask" of process "52bf1523-a078-11f1-b78a-eeee0a986e3f"...#
#2026 08 25 11:30:07.017#Z#DEBUG#1118e5ca-a078-11f1-87c7-eeee0a8e79e5.OPERATION#flowable-async-job-executor-thread-14336#
[DetachServicesFromMtaStep] Detaching services from MTA...#
#2026 08 25 11:30:07.017#Z#DEBUG#1118e5ca-a078-11f1-87c7-eeee0a8e79e5.OPERATION#flowable-async-job-executor-thread-14336#
[DetachServicesFromMtaStep] Getting service instances without auxiliary content by names []...#
#2026 08 25 11:30:07.017#Z#DEBUG#1118e5ca-a078-11f1-87c7-eeee0a8e79e5.OPERATION#flowable-async-job-executor-thread-14336#
[DetachServicesFromMtaStep] Detached services from MTA#
#2026 08 25 11:30:07.017#Z#DEBUG#1118e5ca-a078-11f1-87c7-eeee0a8e79e5.OPERATION#flowable-async-job-executor-thread-14336#
Step "Detach Services from MTA" finished#
#2026 08 25 11:30:07.029#Z#DEBUG#1118e5ca-a078-11f1-87c7-eeee0a8e79e5.OPERATION#flowable-async-job-executor-thread-14336#
[UpdateSubscribersStep] Executing task "updateSubscribersTask" of process "52bf1523-a078-11f1-b78a-eeee0a986e3f"...#
#2026 08 25 11:30:07.029#Z#DEBUG#1118e5ca-a078-11f1-87c7-eeee0a8e79e5.OPERATION#flowable-async-job-executor-thread-14336#
[UpdateSubscribersStep] Updating subscribers...#
#2026 08 25 11:30:07.062#Z#DEBUG#1118e5ca-a078-11f1-87c7-eeee0a8e79e5.OPERATION#flowable-async-job-executor-thread-14336#
[UpdateSubscribersStep] Subscribers updated#
#2026 08 25 11:30:07.062#Z#DEBUG#1118e5ca-a078-11f1-87c7-eeee0a8e79e5.OPERATION#flowable-async-job-executor-thread-14336#
Step "Update Subscribers" finished#
#2026 08 25 11:30:07.077#Z#DEBUG#1118e5ca-a078-11f1-87c7-eeee0a8e79e5.OPERATION#flowable-async-job-executor-thread-14336#
[RestartSubscribersStep] Executing task "restartSubscribersTask" of process "52bf1523-a078-11f1-b78a-eeee0a986e3f"...#
#2026 08 25 11:30:07.078#Z#DEBUG#1118e5ca-a078-11f1-87c7-eeee0a8e79e5.OPERATION#flowable-async-job-executor-thread-14336#
Step "Restart Subscribers" finished#
#2026 08 25 11:30:07.090#Z#DEBUG#1118e5ca-a078-11f1-87c7-eeee0a8e79e5.OPERATION#flowable-async-job-executor-thread-14336#
[PrepareToRestartServiceBrokerSubscribersStep] Executing task "prepareToRestartServiceBrokerSubscribersTask" of process "52bf1523-a078-11f1-b78a-eeee0a986e3f"...#
#2026 08 25 11:30:07.091#Z#DEBUG#1118e5ca-a078-11f1-87c7-eeee0a8e79e5.OPERATION#flowable-async-job-executor-thread-14336#
Step "Prepare To Restart Service Brokers Subscribers" finished#
