#2026 08 25 11:28:56.877#Z#DEBUG#1118e5ca-a078-11f1-87c7-eeee0a8e79e5.ResilienceCockpit-db-deployer#flowable-async-job-executor-thread-14293#
[PollStageAppStatusExecution] 2d23200b-60aa-4519-b7f8-9f40de7a8ecc [2026-08-25T08:31:31.459245] Deploying "src/gen/data/sap-common-Countries_texts_ko.hdbtabledata$0.expand"... ok (0s 44ms) (STDOUT, APP/TASK/deploy)#
#2026 08 25 11:28:56.877#Z#DEBUG#1118e5ca-a078-11f1-87c7-eeee0a8e79e5.ResilienceCockpit-db-deployer#flowable-async-job-executor-thread-14293#
[PollStageAppStatusExecution] 2d23200b-60aa-4519-b7f8-9f40de7a8ecc [2026-08-25T08:31:31.459247] Deploying "src/gen/data/sap-common-Countries_texts_no.hdbtabledata$0.expand"... (STDOUT, APP/TASK/deploy)#
#2026 08 25 11:28:56.877#Z#DEBUG#1118e5ca-a078-11f1-87c7-eeee0a8e79e5.ResilienceCockpit-db-deployer#flowable-async-job-executor-thread-14293#
[PollStageAppStatusExecution] 2d23200b-60aa-4519-b7f8-9f40de7a8ecc [2026-08-25T08:31:31.459250] Expanded from "src/gen/data/sap-common-Countries_texts_no.hdbtabledata" (STDOUT, APP/TASK/deploy)#
#2026 08 25 11:28:56.877#Z#DEBUG#1118e5ca-a078-11f1-87c7-eeee0a8e79e5.ResilienceCockpit-db-deployer#flowable-async-job-executor-thread-14293#
[PollStageAppStatusExecution] 2d23200b-60aa-4519-b7f8-9f40de7a8ecc [2026-08-25T08:31:31.459252] Inserted 246 records of the data source file "sap-common-Countries_texts_ms.csv" into the target table "SAP_COMMON_COUNTRIES_TEXTS" (STDOUT, APP/TASK/deploy)#
#2026 08 25 11:28:56.877#Z#DEBUG#1118e5ca-a078-11f1-87c7-eeee0a8e79e5.ResilienceCockpit-db-deployer#flowable-async-job-executor-thread-14293#
[PollStageAppStatusExecution] 2d23200b-60aa-4519-b7f8-9f40de7a8ecc [2026-08-25T08:31:31.459266] Deploying "src/gen/data/sap-common-Countries_texts_ms.hdbtabledata$0.expand"... ok (0s 46ms) (STDOUT, APP/TASK/deploy)#
#2026 08 25 11:28:56.877#Z#DEBUG#1118e5ca-a078-11f1-87c7-eeee0a8e79e5.ResilienceCockpit-db-deployer#flowable-async-job-executor-thread-14293#
[PollStageAppStatusExecution] 2d23200b-60aa-4519-b7f8-9f40de7a8ecc [2026-08-25T08:31:31.459269] Deploying "src/gen/data/sap-common-Countries_texts_pl.hdbtabledata$0.expand"... (STDOUT, APP/TASK/deploy)#
#2026 08 25 11:28:56.877#Z#DEBUG#1118e5ca-a078-11f1-87c7-eeee0a8e79e5.ResilienceCockpit-db-deployer#flowable-async-job-executor-thread-14293#
[PollStageAppStatusExecution] 2d23200b-60aa-4519-b7f8-9f40de7a8ecc [2026-08-25T08:31:31.459271] Expanded from "src/gen/data/sap-common-Countries_texts_pl.hdbtabledata" (STDOUT, APP/TASK/deploy)#
#2026 08 25 11:28:56.877#Z#DEBUG#1118e5ca-a078-11f1-87c7-eeee0a8e79e5.ResilienceCockpit-db-deployer#flowable-async-job-executor-thread-14293#
[PollStageAppStatusExecution] 2d23200b-60aa-4519-b7f8-9f40de7a8ecc [2026-08-25T08:31:31.459273] Inserted 246 records of the data source file "sap-common-Countries_texts_nl.csv" into the target table "SAP_COMMON_COUNTRIES_TEXTS" (STDOUT, APP/TASK/deploy)#
#2026 08 25 11:28:56.877#Z#DEBUG#1118e5ca-a078-11f1-87c7-eeee0a8e79e5.ResilienceCockpit-db-deployer#flowable-async-job-executor-thread-14293#
[PollStageAppStatusExecution] 2d23200b-60aa-4519-b7f8-9f40de7a8ecc [2026-08-25T08:31:31.459300] Deploying "src/gen/data/sap-common-Countries_texts_nl.hdbtabledata$0.expand"... ok (0s 46ms) (STDOUT, APP/TASK/deploy)#
#2026 08 25 11:28:56.877#Z#DEBUG#1118e5ca-a078-11f1-87c7-eeee0a8e79e5.ResilienceCockpit-db-deployer#flowable-async-job-executor-thread-14293#
[PollStageAppStatusExecution] 2d23200b-60aa-4519-b7f8-9f40de7a8ecc [2026-08-25T08:31:31.459303] Deploying "src/gen/data/sap-common-Countries_texts_pt.hdbtabledata$0.expand"... (STDOUT, APP/TASK/deploy)#
#2026 08 25 11:28:56.877#Z#DEBUG#1118e5ca-a078-11f1-87c7-eeee0a8e79e5.ResilienceCockpit-db-deployer#flowable-async-job-executor-thread-14293#
[PollStageAppStatusExecution] 2d23200b-60aa-4519-b7f8-9f40de7a8ecc [2026-08-25T08:31:31.459307] Expanded from "src/gen/data/sap-common-Countries_texts_pt.hdbtabledata" (STDOUT, APP/TASK/deploy)#
#2026 08 25 11:28:56.877#Z#DEBUG#1118e5ca-a078-11f1-87c7-eeee0a8e79e5.ResilienceCockpit-db-deployer#flowable-async-job-executor-thread-14293#
[PollStageAppStatusExecution] 2d23200b-60aa-4519-b7f8-9f40de7a8ecc [2026-08-25T08:31:31.459313] Inserted 246 records of the data source file "sap-common-Countries_texts_no.csv" into the target table "SAP_COMMON_COUNTRIES_TEXTS" (STDOUT, APP/TASK/deploy)#
#2026 08 25 11:28:56.877#Z#DEBUG#1118e5ca-a078-11f1-87c7-eeee0a8e79e5.ResilienceCockpit-db-deployer#flowable-async-job-executor-thread-14293#
[PollStageAppStatusExecution] 2d23200b-60aa-4519-b7f8-9f40de7a8ecc [2026-08-25T08:31:31.459315] Deploying "src/gen/data/sap-common-Countries_texts_no.hdbtabledata$0.expand"... ok (0s 42ms) (STDOUT, APP/TASK/deploy)#
#2026 08 25 11:28:56.877#Z#DEBUG#1118e5ca-a078-11f1-87c7-eeee0a8e79e5.ResilienceCockpit-db-deployer#flowable-async-job-executor-thread-14293#
[PollStageAppStatusExecution] 2d23200b-60aa-4519-b7f8-9f40de7a8ecc [2026-08-25T08:31:31.459318] Deploying "src/gen/data/sap-common-Countries_texts_ro.hdbtabledata$0.expand"... (STDOUT, APP/TASK/deploy)#
#2026 08 25 11:28:56.877#Z#DEBUG#1118e5ca-a078-11f1-87c7-eeee0a8e79e5.ResilienceCockpit-db-deployer#flowable-async-job-executor-thread-14293#
[PollStageAppStatusExecution] 2d23200b-60aa-4519-b7f8-9f40de7a8ecc [2026-08-25T08:31:31.459319] Expanded from "src/gen/data/sap-common-Countries_texts_ro.hdbtabledata" (STDOUT, APP/TASK/deploy)#
#2026 08 25 11:28:56.877#Z#DEBUG#1118e5ca-a078-11f1-87c7-eeee0a8e79e5.ResilienceCockpit-db-deployer#flowable-async-job-executor-thread-14293#
[PollStageAppStatusExecution] 2d23200b-60aa-4519-b7f8-9f40de7a8ecc [2026-08-25T08:31:31.459322] Inserted 246 records of the data source file "sap-common-Countries_texts_pl.csv" into the target table "SAP_COMMON_COUNTRIES_TEXTS" (STDOUT, APP/TASK/deploy)#
#2026 08 25 11:28:56.877#Z#DEBUG#1118e5ca-a078-11f1-87c7-eeee0a8e79e5.ResilienceCockpit-db-deployer#flowable-async-job-executor-thread-14293#
[PollStageAppStatusExecution] 2d23200b-60aa-4519-b7f8-9f40de7a8ecc [2026-08-25T08:31:31.459324] Deploying "src/gen/data/sap-common-Countries_texts_pl.hdbtabledata$0.expand"... ok (0s 56ms) (STDOUT, APP/TASK/deploy)#
#2026 08 25 11:28:56.877#Z#DEBUG#1118e5ca-a078-11f1-87c7-eeee0a8e79e5.ResilienceCockpit-db-deployer#flowable-async-job-executor-thread-14293#
[PollStageAppStatusExecution] 2d23200b-60aa-4519-b7f8-9f40de7a8ecc [2026-08-25T08:31:31.459327] Deploying "src/gen/data/sap-common-Countries_texts_ru.hdbtabledata$0.expand"... (STDOUT, APP/TASK/deploy)#
#2026 08 25 11:28:56.877#Z#DEBUG#1118e5ca-a078-11f1-87c7-eeee0a8e79e5.ResilienceCockpit-db-deployer#flowable-async-job-executor-thread-14293#
[PollStageAppStatusExecution] 2d23200b-60aa-4519-b7f8-9f40de7a8ecc [2026-08-25T08:31:31.459333] Expanded from "src/gen/data/sap-common-Countries_texts_ru.hdbtabledata" (STDOUT, APP/TASK/deploy)#
#2026 08 25 11:28:56.877#Z#DEBUG#1118e5ca-a078-11f1-87c7-eeee0a8e79e5.ResilienceCockpit-db-deployer#flowable-async-job-executor-thread-14293#
[PollStageAppStatusExecution] 2d23200b-60aa-4519-b7f8-9f40de7a8ecc [2026-08-25T08:31:31.459335] Inserted 246 records of the data source file "sap-common-Countries_texts_pt.csv" into the target table "SAP_COMMON_COUNTRIES_TEXTS" (STDOUT, APP/TASK/deploy)#
#2026 08 25 11:28:56.877#Z#DEBUG#1118e5ca-a078-11f1-87c7-eeee0a8e79e5.ResilienceCockpit-db-deployer#flowable-async-job-executor-thread-14293#
[PollStageAppStatusExecution] 2d23200b-60aa-4519-b7f8-9f40de7a8ecc [2026-08-25T08:31:31.459337] Deploying "src/gen/data/sap-common-Countries_texts_pt.hdbtabledata$0.expand"... ok (0s 51ms) (STDOUT, APP/TASK/deploy)#
#2026 08 25 11:28:56.877#Z#DEBUG#1118e5ca-a078-11f1-87c7-eeee0a8e79e5.ResilienceCockpit-db-deployer#flowable-async-job-executor-thread-14293#
[PollStageAppStatusExecution] 2d23200b-60aa-4519-b7f8-9f40de7a8ecc [2026-08-25T08:31:31.459339] Deploying "src/gen/data/sap-common-Countries_texts_sh.hdbtabledata$0.expand"... (STDOUT, APP/TASK/deploy)#
#2026 08 25 11:28:56.877#Z#DEBUG#1118e5ca-a078-11f1-87c7-eeee0a8e79e5.ResilienceCockpit-db-deployer#flowable-async-job-executor-thread-14293#
[PollStageAppStatusExecution] 2d23200b-60aa-4519-b7f8-9f40de7a8ecc [2026-08-25T08:31:31.459340] Expanded from "src/gen/data/sap-common-Countries_texts_sh.hdbtabledata" (STDOUT, APP/TASK/deploy)#
#2026 08 25 11:28:56.877#Z#DEBUG#1118e5ca-a078-11f1-87c7-eeee0a8e79e5.ResilienceCockpit-db-deployer#flowable-async-job-executor-thread-14293#
[PollStageAppStatusExecution] 2d23200b-60aa-4519-b7f8-9f40de7a8ecc [2026-08-25T08:31:31.459343] Inserted 246 records of the data source file "sap-common-Countries_texts_ro.csv" into the target table "SAP_COMMON_COUNTRIES_TEXTS" (STDOUT, APP/TASK/deploy)#
#2026 08 25 11:28:56.877#Z#DEBUG#1118e5ca-a078-11f1-87c7-eeee0a8e79e5.ResilienceCockpit-db-deployer#flowable-async-job-executor-thread-14293#
[PollStageAppStatusExecution] 2d23200b-60aa-4519-b7f8-9f40de7a8ecc [2026-08-25T08:31:31.459344] Deploying "src/gen/data/sap-common-Countries_texts_ro.hdbtabledata$0.expand"... ok (0s 54ms) (STDOUT, APP/TASK/deploy)#
#2026 08 25 11:28:56.877#Z#DEBUG#1118e5ca-a078-11f1-87c7-eeee0a8e79e5.ResilienceCockpit-db-deployer#flowable-async-job-executor-thread-14293#
[PollStageAppStatusExecution] 2d23200b-60aa-4519-b7f8-9f40de7a8ecc [2026-08-25T08:31:31.459349] Deploying "src/gen/data/sap-common-Countries_texts_sk.hdbtabledata$0.expand"... (STDOUT, APP/TASK/deploy)#
#2026 08 25 11:28:56.877#Z#DEBUG#1118e5ca-a078-11f1-87c7-eeee0a8e79e5.ResilienceCockpit-db-deployer#flowable-async-job-executor-thread-14293#
[PollStageAppStatusExecution] 2d23200b-60aa-4519-b7f8-9f40de7a8ecc [2026-08-25T08:31:31.459351] Expanded from "src/gen/data/sap-common-Countries_texts_sk.hdbtabledata" (STDOUT, APP/TASK/deploy)#
#2026 08 25 11:28:56.877#Z#DEBUG#1118e5ca-a078-11f1-87c7-eeee0a8e79e5.ResilienceCockpit-db-deployer#flowable-async-job-executor-thread-14293#
[PollStageAppStatusExecution] 2d23200b-60aa-4519-b7f8-9f40de7a8ecc [2026-08-25T08:31:31.459352] Inserted 246 records of the data source file "sap-common-Countries_texts_ru.csv" into the target table "SAP_COMMON_COUNTRIES_TEXTS" (STDOUT, APP/TASK/deploy)#
#2026 08 25 11:28:56.877#Z#DEBUG#1118e5ca-a078-11f1-87c7-eeee0a8e79e5.ResilienceCockpit-db-deployer#flowable-async-job-executor-thread-14293#
[PollStageAppStatusExecution] 2d23200b-60aa-4519-b7f8-9f40de7a8ecc [2026-08-25T08:31:31.459376] Deploying "src/gen/data/sap-common-Countries_texts_ru.hdbtabledata$0.expand"... ok (0s 36ms) (STDOUT, APP/TASK/deploy)#
#2026 08 25 11:28:56.877#Z#DEBUG#1118e5ca-a078-11f1-87c7-eeee0a8e79e5.ResilienceCockpit-db-deployer#flowable-async-job-executor-thread-14293#
[PollStageAppStatusExecution] 2d23200b-60aa-4519-b7f8-9f40de7a8ecc [2026-08-25T08:31:31.459378] Deploying "src/gen/data/sap-common-Countries_texts_sl.hdbtabledata$0.expand"... (STDOUT, APP/TASK/deploy)#
#2026 08 25 11:28:56.877#Z#DEBUG#1118e5ca-a078-11f1-87c7-eeee0a8e79e5.ResilienceCockpit-db-deployer#flowable-async-job-executor-thread-14293#
[PollStageAppStatusExecution] 2d23200b-60aa-4519-b7f8-9f40de7a8ecc [2026-08-25T08:31:31.459380] Expanded from "src/gen/data/sap-common-Countries_texts_sl.hdbtabledata" (STDOUT, APP/TASK/deploy)#
#2026 08 25 11:28:56.877#Z#DEBUG#1118e5ca-a078-11f1-87c7-eeee0a8e79e5.ResilienceCockpit-db-deployer#flowable-async-job-executor-thread-14293#
[PollStageAppStatusExecution] 2d23200b-60aa-4519-b7f8-9f40de7a8ecc [2026-08-25T08:31:31.459381] Inserted 246 records of the data source file "sap-common-Countries_texts_sh.csv" into the target table "SAP_COMMON_COUNTRIES_TEXTS" (STDOUT, APP/TASK/deploy)#
#2026 08 25 11:28:56.877#Z#DEBUG#1118e5ca-a078-11f1-87c7-eeee0a8e79e5.ResilienceCockpit-db-deployer#flowable-async-job-executor-thread-14293#
[PollStageAppStatusExecution] 2d23200b-60aa-4519-b7f8-9f40de7a8ecc [2026-08-25T08:31:31.459387] Deploying "src/gen/data/sap-common-Countries_texts_sh.hdbtabledata$0.expand"... ok (0s 43ms) (STDOUT, APP/TASK/deploy)#
#2026 08 25 11:28:56.877#Z#DEBUG#1118e5ca-a078-11f1-87c7-eeee0a8e79e5.ResilienceCockpit-db-deployer#flowable-async-job-executor-thread-14293#
[PollStageAppStatusExecution] 2d23200b-60aa-4519-b7f8-9f40de7a8ecc [2026-08-25T08:31:31.459389] Deploying "src/gen/data/sap-common-Countries_texts_sv.hdbtabledata$0.expand"... (STDOUT, APP/TASK/deploy)#
#2026 08 25 11:28:56.877#Z#DEBUG#1118e5ca-a078-11f1-87c7-eeee0a8e79e5.ResilienceCockpit-db-deployer#flowable-async-job-executor-thread-14293#
[PollStageAppStatusExecution] 2d23200b-60aa-4519-b7f8-9f40de7a8ecc [2026-08-25T08:31:31.459391] Expanded from "src/gen/data/sap-common-Countries_texts_sv.hdbtabledata" (STDOUT, APP/TASK/deploy)#
#2026 08 25 11:28:56.877#Z#DEBUG#1118e5ca-a078-11f1-87c7-eeee0a8e79e5.ResilienceCockpit-db-deployer#flowable-async-job-executor-thread-14293#
[PollStageAppStatusExecution] 2d23200b-60aa-4519-b7f8-9f40de7a8ecc [2026-08-25T08:31:31.459393] Inserted 246 records of the data source file "sap-common-Countries_texts_sk.csv" into the target table "SAP_COMMON_COUNTRIES_TEXTS" (STDOUT, APP/TASK/deploy)#
#2026 08 25 11:28:56.877#Z#DEBUG#1118e5ca-a078-11f1-87c7-eeee0a8e79e5.ResilienceCockpit-db-deployer#flowable-async-job-executor-thread-14293#
[PollStageAppStatusExecution] 2d23200b-60aa-4519-b7f8-9f40de7a8ecc [2026-08-25T08:31:31.459396] Deploying "src/gen/data/sap-common-Countries_texts_sk.hdbtabledata$0.expand"... ok (0s 38ms) (STDOUT, APP/TASK/deploy)#
#2026 08 25 11:28:56.877#Z#DEBUG#1118e5ca-a078-11f1-87c7-eeee0a8e79e5.ResilienceCockpit-db-deployer#flowable-async-job-executor-thread-14293#
[PollStageAppStatusExecution] 2d23200b-60aa-4519-b7f8-9f40de7a8ecc [2026-08-25T08:31:31.459398] Deploying "src/gen/data/sap-common-Countries_texts_th.hdbtabledata$0.expand"... (STDOUT, APP/TASK/deploy)#
#2026 08 25 11:28:56.877#Z#DEBUG#1118e5ca-a078-11f1-87c7-eeee0a8e79e5.ResilienceCockpit-db-deployer#flowable-async-job-executor-thread-14293#
[PollStageAppStatusExecution] 2d23200b-60aa-4519-b7f8-9f40de7a8ecc [2026-08-25T08:31:31.459400] Expanded from "src/gen/data/sap-common-Countries_texts_th.hdbtabledata" (STDOUT, APP/TASK/deploy)#
#2026 08 25 11:28:56.877#Z#DEBUG#1118e5ca-a078-11f1-87c7-eeee0a8e79e5.ResilienceCockpit-db-deployer#flowable-async-job-executor-thread-14293#
[PollStageAppStatusExecution] 2d23200b-60aa-4519-b7f8-9f40de7a8ecc [2026-08-25T08:31:31.459405] Inserted 246 records of the data source file "sap-common-Countries_texts_sl.csv" into the target table "SAP_COMMON_COUNTRIES_TEXTS" (STDOUT, APP/TASK/deploy)#
#2026 08 25 11:28:56.877#Z#DEBUG#1118e5ca-a078-11f1-87c7-eeee0a8e79e5.ResilienceCockpit-db-deployer#flowable-async-job-executor-thread-14293#
[PollStageAppStatusExecution] 2d23200b-60aa-4519-b7f8-9f40de7a8ecc [2026-08-25T08:31:31.459431] Deploying "src/gen/data/sap-common-Countries_texts_sl.hdbtabledata$0.expand"... ok (0s 32ms) (STDOUT, APP/TASK/deploy)#
#2026 08 25 11:28:56.877#Z#DEBUG#1118e5ca-a078-11f1-87c7-eeee0a8e79e5.ResilienceCockpit-db-deployer#flowable-async-job-executor-thread-14293#
[PollStageAppStatusExecution] 2d23200b-60aa-4519-b7f8-9f40de7a8ecc [2026-08-25T08:31:31.459434] Deploying "src/gen/data/sap-common-Countries_texts_tr.hdbtabledata$0.expand"... (STDOUT, APP/TASK/deploy)#
#2026 08 25 11:28:56.877#Z#DEBUG#1118e5ca-a078-11f1-87c7-eeee0a8e79e5.ResilienceCockpit-db-deployer#flowable-async-job-executor-thread-14293#
[PollStageAppStatusExecution] 2d23200b-60aa-4519-b7f8-9f40de7a8ecc [2026-08-25T08:31:31.459436] Expanded from "src/gen/data/sap-common-Countries_texts_tr.hdbtabledata" (STDOUT, APP/TASK/deploy)#
#2026 08 25 11:28:56.877#Z#DEBUG#1118e5ca-a078-11f1-87c7-eeee0a8e79e5.ResilienceCockpit-db-deployer#flowable-async-job-executor-thread-14293#
[PollStageAppStatusExecution] 2d23200b-60aa-4519-b7f8-9f40de7a8ecc [2026-08-25T08:31:31.459438] Inserted 246 records of the data source file "sap-common-Countries_texts_sv.csv" into the target table "SAP_COMMON_COUNTRIES_TEXTS" (STDOUT, APP/TASK/deploy)#
#2026 08 25 11:28:56.877#Z#DEBUG#1118e5ca-a078-11f1-87c7-eeee0a8e79e5.ResilienceCockpit-db-deployer#flowable-async-job-executor-thread-14293#
[PollStageAppStatusExecution] 2d23200b-60aa-4519-b7f8-9f40de7a8ecc [2026-08-25T08:31:31.459440] Deploying "src/gen/data/sap-common-Countries_texts_sv.hdbtabledata$0.expand"... ok (0s 33ms) (STDOUT, APP/TASK/deploy)#
#2026 08 25 11:28:56.877#Z#DEBUG#1118e5ca-a078-11f1-87c7-eeee0a8e79e5.ResilienceCockpit-db-deployer#flowable-async-job-executor-thread-14293#
[PollStageAppStatusExecution] 2d23200b-60aa-4519-b7f8-9f40de7a8ecc [2026-08-25T08:31:31.459442] Deploying "src/gen/data/sap-common-Countries_texts_uk.hdbtabledata$0.expand"... (STDOUT, APP/TASK/deploy)#
#2026 08 25 11:28:56.877#Z#DEBUG#1118e5ca-a078-11f1-87c7-eeee0a8e79e5.ResilienceCockpit-db-deployer#flowable-async-job-executor-thread-14293#
[PollStageAppStatusExecution] 2d23200b-60aa-4519-b7f8-9f40de7a8ecc [2026-08-25T08:31:31.459447] Expanded from "src/gen/data/sap-common-Countries_texts_uk.hdbtabledata" (STDOUT, APP/TASK/deploy)#
#2026 08 25 11:28:56.877#Z#DEBUG#1118e5ca-a078-11f1-87c7-eeee0a8e79e5.ResilienceCockpit-db-deployer#flowable-async-job-executor-thread-14293#
[PollStageAppStatusExecution] 2d23200b-60aa-4519-b7f8-9f40de7a8ecc [2026-08-25T08:31:31.459450] Inserted 246 records of the data source file "sap-common-Countries_texts_th.csv" into the target table "SAP_COMMON_COUNTRIES_TEXTS" (STDOUT, APP/TASK/deploy)#
#2026 08 25 11:28:56.877#Z#DEBUG#1118e5ca-a078-11f1-87c7-eeee0a8e79e5.ResilienceCockpit-db-deployer#flowable-async-job-executor-thread-14293#
[PollStageAppStatusExecution] 2d23200b-60aa-4519-b7f8-9f40de7a8ecc [2026-08-25T08:31:31.459451] Deploying "src/gen/data/sap-common-Countries_texts_th.hdbtabledata$0.expand"... ok (0s 41ms) (STDOUT, APP/TASK/deploy)#
#2026 08 25 11:28:56.877#Z#DEBUG#1118e5ca-a078-11f1-87c7-eeee0a8e79e5.ResilienceCockpit-db-deployer#flowable-async-job-executor-thread-14293#
[PollStageAppStatusExecution] 2d23200b-60aa-4519-b7f8-9f40de7a8ecc [2026-08-25T08:31:31.459453] Deploying "src/gen/data/sap-common-Countries_texts_zh_CN.hdbtabledata$0.expand"... (STDOUT, APP/TASK/deploy)#
#2026 08 25 11:28:56.877#Z#DEBUG#1118e5ca-a078-11f1-87c7-eeee0a8e79e5.ResilienceCockpit-db-deployer#flowable-async-job-executor-thread-14293#
[PollStageAppStatusExecution] 2d23200b-60aa-4519-b7f8-9f40de7a8ecc [2026-08-25T08:31:31.459455] Expanded from "src/gen/data/sap-common-Countries_texts_zh_CN.hdbtabledata" (STDOUT, APP/TASK/deploy)#
#2026 08 25 11:28:56.877#Z#DEBUG#1118e5ca-a078-11f1-87c7-eeee0a8e79e5.ResilienceCockpit-db-deployer#flowable-async-job-executor-thread-14293#
[PollStageAppStatusExecution] 2d23200b-60aa-4519-b7f8-9f40de7a8ecc [2026-08-25T08:31:31.459457] Inserted 246 records of the data source file "sap-common-Countries_texts_tr.csv" into the target table "SAP_COMMON_COUNTRIES_TEXTS" (STDOUT, APP/TASK/deploy)#
#2026 08 25 11:28:56.877#Z#DEBUG#1118e5ca-a078-11f1-87c7-eeee0a8e79e5.ResilienceCockpit-db-deployer#flowable-async-job-executor-thread-14293#
[PollStageAppStatusExecution] 2d23200b-60aa-4519-b7f8-9f40de7a8ecc [2026-08-25T08:31:31.459459] Deploying "src/gen/data/sap-common-Countries_texts_tr.hdbtabledata$0.expand"... ok (0s 41ms) (STDOUT, APP/TASK/deploy)#
#2026 08 25 11:28:56.877#Z#DEBUG#1118e5ca-a078-11f1-87c7-eeee0a8e79e5.ResilienceCockpit-db-deployer#flowable-async-job-executor-thread-14293#
[PollStageAppStatusExecution] 2d23200b-60aa-4519-b7f8-9f40de7a8ecc [2026-08-25T08:31:31.459466] Deploying "src/gen/data/sap-common-Countries_texts_zh_TW.hdbtabledata$0.expand"... (STDOUT, APP/TASK/deploy)#
#2026 08 25 11:28:56.877#Z#DEBUG#1118e5ca-a078-11f1-87c7-eeee0a8e79e5.ResilienceCockpit-db-deployer#flowable-async-job-executor-thread-14293#
[PollStageAppStatusExecution] 2d23200b-60aa-4519-b7f8-9f40de7a8ecc [2026-08-25T08:31:31.459469] Expanded from "src/gen/data/sap-common-Countries_texts_zh_TW.hdbtabledata" (STDOUT, APP/TASK/deploy)#
#2026 08 25 11:28:56.877#Z#DEBUG#1118e5ca-a078-11f1-87c7-eeee0a8e79e5.ResilienceCockpit-db-deployer#flowable-async-job-executor-thread-14293#
[PollStageAppStatusExecution] 2d23200b-60aa-4519-b7f8-9f40de7a8ecc [2026-08-25T08:31:31.459498] Inserted 246 records of the data source file "sap-common-Countries_texts_uk.csv" into the target table "SAP_COMMON_COUNTRIES_TEXTS" (STDOUT, APP/TASK/deploy)#
#2026 08 25 11:28:56.877#Z#DEBUG#1118e5ca-a078-11f1-87c7-eeee0a8e79e5.ResilienceCockpit-db-deployer#flowable-async-job-executor-thread-14293#
[PollStageAppStatusExecution] 2d23200b-60aa-4519-b7f8-9f40de7a8ecc [2026-08-25T08:31:31.459501] Deploying "src/gen/data/sap-common-Countries_texts_uk.hdbtabledata$0.expand"... ok (0s 40ms) (STDOUT, APP/TASK/deploy)#
#2026 08 25 11:28:56.877#Z#DEBUG#1118e5ca-a078-11f1-87c7-eeee0a8e79e5.ResilienceCockpit-db-deployer#flowable-async-job-executor-thread-14293#
[PollStageAppStatusExecution] 2d23200b-60aa-4519-b7f8-9f40de7a8ecc [2026-08-25T08:31:31.459502] Deploying "src/gen/ResilienceCockpitService.AlternativeMaterials.hdbview"... (STDOUT, APP/TASK/deploy)#
#2026 08 25 11:28:56.877#Z#DEBUG#1118e5ca-a078-11f1-87c7-eeee0a8e79e5.ResilienceCockpit-db-deployer#flowable-async-job-executor-thread-14293#
[PollStageAppStatusExecution] 2d23200b-60aa-4519-b7f8-9f40de7a8ecc [2026-08-25T08:31:31.459505] Deploying "src/gen/ResilienceCockpitService.AlternativeMaterials.hdbview"... ok (0s 17ms) (STDOUT, APP/TASK/deploy)#
#2026 08 25 11:28:56.877#Z#DEBUG#1118e5ca-a078-11f1-87c7-eeee0a8e79e5.ResilienceCockpit-db-deployer#flowable-async-job-executor-thread-14293#
[PollStageAppStatusExecution] 2d23200b-60aa-4519-b7f8-9f40de7a8ecc [2026-08-25T08:31:31.459509] Deploying "src/gen/ResilienceCockpitService.AlternateSuppliers.hdbview"... (STDOUT, APP/TASK/deploy)#
#2026 08 25 11:28:56.877#Z#DEBUG#1118e5ca-a078-11f1-87c7-eeee0a8e79e5.ResilienceCockpit-db-deployer#flowable-async-job-executor-thread-14293#
[PollStageAppStatusExecution] 2d23200b-60aa-4519-b7f8-9f40de7a8ecc [2026-08-25T08:31:31.459516] Deploying "src/gen/ResilienceCockpitService.AlternateSuppliers.hdbview"... ok (0s 34ms) (STDOUT, APP/TASK/deploy)#
#2026 08 25 11:28:56.877#Z#DEBUG#1118e5ca-a078-11f1-87c7-eeee0a8e79e5.ResilienceCockpit-db-deployer#flowable-async-job-executor-thread-14293#
[PollStageAppStatusExecution] 2d23200b-60aa-4519-b7f8-9f40de7a8ecc [2026-08-25T08:31:31.459517] Deploying "src/gen/ResilienceCockpitService.Countries.hdbview"... (STDOUT, APP/TASK/deploy)#
#2026 08 25 11:28:56.877#Z#DEBUG#1118e5ca-a078-11f1-87c7-eeee0a8e79e5.ResilienceCockpit-db-deployer#flowable-async-job-executor-thread-14293#
[PollStageAppStatusExecution] 2d23200b-60aa-4519-b7f8-9f40de7a8ecc [2026-08-25T08:31:31.459519] Inserted 246 records of the data source file "sap-common-Countries_texts_zh_CN.csv" into the target table "SAP_COMMON_COUNTRIES_TEXTS" (STDOUT, APP/TASK/deploy)#
#2026 08 25 11:28:56.877#Z#DEBUG#1118e5ca-a078-11f1-87c7-eeee0a8e79e5.ResilienceCockpit-db-deployer#flowable-async-job-executor-thread-14293#
[PollStageAppStatusExecution] 2d23200b-60aa-4519-b7f8-9f40de7a8ecc [2026-08-25T08:31:31.459522] Deploying "src/gen/data/sap-common-Countries_texts_zh_CN.hdbtabledata$0.expand"... ok (0s 80ms) (STDOUT, APP/TASK/deploy)#
#2026 08 25 11:28:56.877#Z#DEBUG#1118e5ca-a078-11f1-87c7-eeee0a8e79e5.ResilienceCockpit-db-deployer#flowable-async-job-executor-thread-14293#
[PollStageAppStatusExecution] 2d23200b-60aa-4519-b7f8-9f40de7a8ecc [2026-08-25T08:31:31.459526] Deploying "src/gen/ResilienceCockpitService.SupplierMaterials.hdbview"... (STDOUT, APP/TASK/deploy)#
#2026 08 25 11:28:56.877#Z#DEBUG#1118e5ca-a078-11f1-87c7-eeee0a8e79e5.ResilienceCockpit-db-deployer#flowable-async-job-executor-thread-14293#
[PollStageAppStatusExecution] 2d23200b-60aa-4519-b7f8-9f40de7a8ecc [2026-08-25T08:31:31.459528] Inserted 246 records of the data source file "sap-common-Countries_texts_zh_TW.csv" into the target table "SAP_COMMON_COUNTRIES_TEXTS" (STDOUT, APP/TASK/deploy)#
#2026 08 25 11:28:56.877#Z#DEBUG#1118e5ca-a078-11f1-87c7-eeee0a8e79e5.ResilienceCockpit-db-deployer#flowable-async-job-executor-thread-14293#
[PollStageAppStatusExecution] 2d23200b-60aa-4519-b7f8-9f40de7a8ecc [2026-08-25T08:31:31.459530] Deploying "src/gen/data/sap-common-Countries_texts_zh_TW.hdbtabledata$0.expand"... ok (0s 85ms) (STDOUT, APP/TASK/deploy)#
#2026 08 25 11:28:56.877#Z#DEBUG#1118e5ca-a078-11f1-87c7-eeee0a8e79e5.ResilienceCockpit-db-deployer#flowable-async-job-executor-thread-14293#
[PollStageAppStatusExecution] 2d23200b-60aa-4519-b7f8-9f40de7a8ecc [2026-08-25T08:31:31.459535] Deploying "src/gen/ResilienceCockpitService.Countries_texts.hdbview"... (STDOUT, APP/TASK/deploy)#
#2026 08 25 11:28:56.877#Z#DEBUG#1118e5ca-a078-11f1-87c7-eeee0a8e79e5.ResilienceCockpit-db-deployer#flowable-async-job-executor-thread-14293#
[PollStageAppStatusExecution] 2d23200b-60aa-4519-b7f8-9f40de7a8ecc [2026-08-25T08:31:31.459537] Deploying "src/gen/ResilienceCockpitService.Countries.hdbview"... ok (0s 29ms) (STDOUT, APP/TASK/deploy)#
#2026 08 25 11:28:56.877#Z#DEBUG#1118e5ca-a078-11f1-87c7-eeee0a8e79e5.ResilienceCockpit-db-deployer#flowable-async-job-executor-thread-14293#
[PollStageAppStatusExecution] 2d23200b-60aa-4519-b7f8-9f40de7a8ecc [2026-08-25T08:31:31.459539] Deploying "src/gen/localized.sap.common.Countries.hdbview"... (STDOUT, APP/TASK/deploy)#
#2026 08 25 11:28:56.877#Z#DEBUG#1118e5ca-a078-11f1-87c7-eeee0a8e79e5.ResilienceCockpit-db-deployer#flowable-async-job-executor-thread-14293#
[PollStageAppStatusExecution] 2d23200b-60aa-4519-b7f8-9f40de7a8ecc [2026-08-25T08:31:31.459541] Deploying "src/gen/ResilienceCockpitService.SupplierMaterials.hdbview"... ok (0s 37ms) (STDOUT, APP/TASK/deploy)#
#2026 08 25 11:28:56.877#Z#DEBUG#1118e5ca-a078-11f1-87c7-eeee0a8e79e5.ResilienceCockpit-db-deployer#flowable-async-job-executor-thread-14293#
[PollStageAppStatusExecution] 2d23200b-60aa-4519-b7f8-9f40de7a8ecc [2026-08-25T08:31:31.459543] Deploying "src/gen/ResilienceCockpitService.Countries_texts.hdbview"... ok (0s 35ms) (STDOUT, APP/TASK/deploy)#
#2026 08 25 11:28:56.877#Z#DEBUG#1118e5ca-a078-11f1-87c7-eeee0a8e79e5.ResilienceCockpit-db-deployer#flowable-async-job-executor-thread-14293#
[PollStageAppStatusExecution] 2d23200b-60aa-4519-b7f8-9f40de7a8ecc [2026-08-25T08:31:31.459559] Deploying "src/gen/localized.sap.common.Countries.hdbview"... ok (0s 23ms) (STDOUT, APP/TASK/deploy)#
#2026 08 25 11:28:56.877#Z#DEBUG#1118e5ca-a078-11f1-87c7-eeee0a8e79e5.ResilienceCockpit-db-deployer#flowable-async-job-executor-thread-14293#
[PollStageAppStatusExecution] 2d23200b-60aa-4519-b7f8-9f40de7a8ecc [2026-08-25T08:31:31.459562] Deploying "src/gen/localized.ResilienceCockpitService.Countries.hdbview"... (STDOUT, APP/TASK/deploy)#
#2026 08 25 11:28:56.877#Z#DEBUG#1118e5ca-a078-11f1-87c7-eeee0a8e79e5.ResilienceCockpit-db-deployer#flowable-async-job-executor-thread-14293#
[PollStageAppStatusExecution] 2d23200b-60aa-4519-b7f8-9f40de7a8ecc [2026-08-25T08:31:31.459570] Deploying "src/gen/localized.ResilienceCockpitService.Countries.hdbview"... ok (0s 18ms) (STDOUT, APP/TASK/deploy)#
#2026 08 25 11:28:56.877#Z#DEBUG#1118e5ca-a078-11f1-87c7-eeee0a8e79e5.ResilienceCockpit-db-deployer#flowable-async-job-executor-thread-14293#
[PollStageAppStatusExecution] 2d23200b-60aa-4519-b7f8-9f40de7a8ecc [2026-08-25T08:31:31.459572] Processing work list... ok (1s 608ms) (STDOUT, APP/TASK/deploy)#
#2026 08 25 11:28:56.877#Z#DEBUG#1118e5ca-a078-11f1-87c7-eeee0a8e79e5.ResilienceCockpit-db-deployer#flowable-async-job-executor-thread-14293#
[PollStageAppStatusExecution] 2d23200b-60aa-4519-b7f8-9f40de7a8ecc [2026-08-25T08:31:31.459575] Finalizing... (STDOUT, APP/TASK/deploy)#
#2026 08 25 11:28:56.877#Z#DEBUG#1118e5ca-a078-11f1-87c7-eeee0a8e79e5.ResilienceCockpit-db-deployer#flowable-async-job-executor-thread-14293#
[PollStageAppStatusExecution] 2d23200b-60aa-4519-b7f8-9f40de7a8ecc [2026-08-25T08:31:31.459578] Finalizing... ok (0s 183ms) (STDOUT, APP/TASK/deploy)#
#2026 08 25 11:28:56.877#Z#DEBUG#1118e5ca-a078-11f1-87c7-eeee0a8e79e5.ResilienceCockpit-db-deployer#flowable-async-job-executor-thread-14293#
[PollStageAppStatusExecution] 2d23200b-60aa-4519-b7f8-9f40de7a8ecc [2026-08-25T08:31:31.459582] Make succeeded (0 warnings): 100 files deployed (effective 140), 0 files undeployed (effective 0), 0 dependent files redeployed (STDOUT, APP/TASK/deploy)#
#2026 08 25 11:28:56.877#Z#DEBUG#1118e5ca-a078-11f1-87c7-eeee0a8e79e5.ResilienceCockpit-db-deployer#flowable-async-job-executor-thread-14293#
[PollStageAppStatusExecution] 2d23200b-60aa-4519-b7f8-9f40de7a8ecc [2026-08-25T08:31:31.459583] Making... ok (3s 633ms) (STDOUT, APP/TASK/deploy)#
#2026 08 25 11:28:56.877#Z#DEBUG#1118e5ca-a078-11f1-87c7-eeee0a8e79e5.ResilienceCockpit-db-deployer#flowable-async-job-executor-thread-14293#
[PollStageAppStatusExecution] 2d23200b-60aa-4519-b7f8-9f40de7a8ecc [2026-08-25T08:31:31.459585] Enabling table replication for the container schema "8697B1A4A8B84AC49EFF171810969752"... (STDOUT, APP/TASK/deploy)#
#2026 08 25 11:28:56.877#Z#DEBUG#1118e5ca-a078-11f1-87c7-eeee0a8e79e5.ResilienceCockpit-db-deployer#flowable-async-job-executor-thread-14293#
[PollStageAppStatusExecution] 2d23200b-60aa-4519-b7f8-9f40de7a8ecc [2026-08-25T08:31:31.459591] Enabling table replication for the container schema "8697B1A4A8B84AC49EFF171810969752"... ok (0s 10ms) (STDOUT, APP/TASK/deploy)#
#2026 08 25 11:28:56.877#Z#DEBUG#1118e5ca-a078-11f1-87c7-eeee0a8e79e5.ResilienceCockpit-db-deployer#flowable-async-job-executor-thread-14293#
[PollStageAppStatusExecution] 2d23200b-60aa-4519-b7f8-9f40de7a8ecc [2026-08-25T08:31:31.459593] Starting make in the container "8697B1A4A8B84AC49EFF171810969752" with 100 files to deploy, 0 files to undeploy... ok (3s 706ms) (STDOUT, APP/TASK/deploy)#
#2026 08 25 11:28:56.877#Z#DEBUG#1118e5ca-a078-11f1-87c7-eeee0a8e79e5.ResilienceCockpit-db-deployer#flowable-async-job-executor-thread-14293#
[PollStageAppStatusExecution] 2d23200b-60aa-4519-b7f8-9f40de7a8ecc [2026-08-25T08:31:31.459605] Deploying to the container "8697B1A4A8B84AC49EFF171810969752"... ok (4s 319ms) (STDOUT, APP/TASK/deploy)#
#2026 08 25 11:28:56.877#Z#DEBUG#1118e5ca-a078-11f1-87c7-eeee0a8e79e5.ResilienceCockpit-db-deployer#flowable-async-job-executor-thread-14293#
[PollStageAppStatusExecution] 2d23200b-60aa-4519-b7f8-9f40de7a8ecc [2026-08-25T08:31:31.459818] No default-access-role handling needed; global role "8697B1A4A8B84AC49EFF171810969752::access_role" will not be adapted (STDOUT, APP/TASK/deploy)#
#2026 08 25 11:28:56.877#Z#DEBUG#1118e5ca-a078-11f1-87c7-eeee0a8e79e5.ResilienceCockpit-db-deployer#flowable-async-job-executor-thread-14293#
[PollStageAppStatusExecution] 2d23200b-60aa-4519-b7f8-9f40de7a8ecc [2026-08-25T08:31:31.459887] Unlocking the container "8697B1A4A8B84AC49EFF171810969752"... (STDOUT, APP/TASK/deploy)#
#2026 08 25 11:28:56.877#Z#DEBUG#1118e5ca-a078-11f1-87c7-eeee0a8e79e5.ResilienceCockpit-db-deployer#flowable-async-job-executor-thread-14293#
[PollStageAppStatusExecution] 2d23200b-60aa-4519-b7f8-9f40de7a8ecc [2026-08-25T08:31:31.460056] Unlocking the container "8697B1A4A8B84AC49EFF171810969752"... ok (0s 0ms) (STDOUT, APP/TASK/deploy)#
#2026 08 25 11:28:56.877#Z#DEBUG#1118e5ca-a078-11f1-87c7-eeee0a8e79e5.ResilienceCockpit-db-deployer#flowable-async-job-executor-thread-14293#
[PollStageAppStatusExecution] 2d23200b-60aa-4519-b7f8-9f40de7a8ecc [2026-08-25T08:31:31.460121] Deployment to container 8697B1A4A8B84AC49EFF171810969752 done [Deployment ID: none]. (STDOUT, APP/TASK/deploy)#
#2026 08 25 11:28:56.877#Z#DEBUG#1118e5ca-a078-11f1-87c7-eeee0a8e79e5.ResilienceCockpit-db-deployer#flowable-async-job-executor-thread-14293#
[PollStageAppStatusExecution] 2d23200b-60aa-4519-b7f8-9f40de7a8ecc [2026-08-25T08:31:31.460387] Deployment ended at 2026-08-25 08:31:31 (STDOUT, APP/TASK/deploy)#
#2026 08 25 11:28:56.878#Z#DEBUG#1118e5ca-a078-11f1-87c7-eeee0a8e79e5.ResilienceCockpit-db-deployer#flowable-async-job-executor-thread-14293#
[PollStageAppStatusExecution] 2d23200b-60aa-4519-b7f8-9f40de7a8ecc [2026-08-25T08:31:31.460616] (6s 482ms) (STDOUT, APP/TASK/deploy)#
#2026 08 25 11:28:56.878#Z#DEBUG#1118e5ca-a078-11f1-87c7-eeee0a8e79e5.ResilienceCockpit-db-deployer#flowable-async-job-executor-thread-14293#
[PollStageAppStatusExecution] 2d23200b-60aa-4519-b7f8-9f40de7a8ecc [2026-08-25T08:31:31.471117] npm notice (STDERR, APP/TASK/deploy)#
#2026 08 25 11:28:56.878#Z#DEBUG#1118e5ca-a078-11f1-87c7-eeee0a8e79e5.ResilienceCockpit-db-deployer#flowable-async-job-executor-thread-14293#
[PollStageAppStatusExecution] 2d23200b-60aa-4519-b7f8-9f40de7a8ecc [2026-08-25T08:31:31.471138] npm notice New major version of npm available! 11.16.0 -> 12.0.2 (STDERR, APP/TASK/deploy)#
#2026 08 25 11:28:56.878#Z#DEBUG#1118e5ca-a078-11f1-87c7-eeee0a8e79e5.ResilienceCockpit-db-deployer#flowable-async-job-executor-thread-14293#
[PollStageAppStatusExecution] 2d23200b-60aa-4519-b7f8-9f40de7a8ecc [2026-08-25T08:31:31.471143] npm notice Changelog: https://github.com/npm/cli/releases/tag/v12.0.2 (STDERR, APP/TASK/deploy)#
#2026 08 25 11:28:56.878#Z#DEBUG#1118e5ca-a078-11f1-87c7-eeee0a8e79e5.ResilienceCockpit-db-deployer#flowable-async-job-executor-thread-14293#
[PollStageAppStatusExecution] 2d23200b-60aa-4519-b7f8-9f40de7a8ecc [2026-08-25T08:31:31.471147] npm notice To update run: npm install -g npm@12.0.2 (STDERR, APP/TASK/deploy)#
#2026 08 25 11:28:56.878#Z#DEBUG#1118e5ca-a078-11f1-87c7-eeee0a8e79e5.ResilienceCockpit-db-deployer#flowable-async-job-executor-thread-14293#
[PollStageAppStatusExecution] 2d23200b-60aa-4519-b7f8-9f40de7a8ecc [2026-08-25T08:31:31.471152] npm notice (STDERR, APP/TASK/deploy)#
#2026 08 25 11:28:56.878#Z#DEBUG#1118e5ca-a078-11f1-87c7-eeee0a8e79e5.ResilienceCockpit-db-deployer#flowable-async-job-executor-thread-14293#
[PollStageAppStatusExecution] 2d23200b-60aa-4519-b7f8-9f40de7a8ecc [2026-08-25T08:31:31.519170] Exit status 0 (STDOUT, APP/TASK/deploy)#
#2026 08 25 11:28:56.878#Z#DEBUG#1118e5ca-a078-11f1-87c7-eeee0a8e79e5.ResilienceCockpit-db-deployer#flowable-async-job-executor-thread-14293#
[PollStageAppStatusExecution] 2d23200b-60aa-4519-b7f8-9f40de7a8ecc [2026-08-25T08:31:32.253698] Cell 13752499-11e5-4ce9-a7df-2188d5ab1e0d stopping instance 566f5328-b580-4b01-b524-877683a9bd34 (STDOUT, CELL)#
#2026 08 25 11:28:56.878#Z#DEBUG#1118e5ca-a078-11f1-87c7-eeee0a8e79e5.ResilienceCockpit-db-deployer#flowable-async-job-executor-thread-14293#
[PollStageAppStatusExecution] 2d23200b-60aa-4519-b7f8-9f40de7a8ecc [2026-08-25T08:31:32.253782] Cell 13752499-11e5-4ce9-a7df-2188d5ab1e0d destroying container for instance 566f5328-b580-4b01-b524-877683a9bd34 (STDOUT, CELL)#
#2026 08 25 11:28:56.878#Z#DEBUG#1118e5ca-a078-11f1-87c7-eeee0a8e79e5.ResilienceCockpit-db-deployer#flowable-async-job-executor-thread-14293#
[PollStageAppStatusExecution] 2d23200b-60aa-4519-b7f8-9f40de7a8ecc [2026-08-25T08:31:34.205065] Cell 13752499-11e5-4ce9-a7df-2188d5ab1e0d successfully destroyed container for instance 566f5328-b580-4b01-b524-877683a9bd34 (STDOUT, CELL)#
#2026 08 25 11:28:56.878#Z#DEBUG#1118e5ca-a078-11f1-87c7-eeee0a8e79e5.ResilienceCockpit-db-deployer#flowable-async-job-executor-thread-14293#
[PollStageAppStatusExecution] 2d23200b-60aa-4519-b7f8-9f40de7a8ecc [2026-08-25T08:47:32.342799] Updated app with guid 2d23200b-60aa-4519-b7f8-9f40de7a8ecc ({"lifecycle"=>{"data"=>{"buildpacks"=>["nodejs_buildpack"]}, "type"=>"buildpack"}}) (STDOUT, API)#
#2026 08 25 11:28:56.878#Z#DEBUG#1118e5ca-a078-11f1-87c7-eeee0a8e79e5.ResilienceCockpit-db-deployer#flowable-async-job-executor-thread-14293#
[PollStageAppStatusExecution] 2d23200b-60aa-4519-b7f8-9f40de7a8ecc [2026-08-25T08:47:32.416683] Updating process: "web" (STDOUT, API)#
#2026 08 25 11:28:56.878#Z#DEBUG#1118e5ca-a078-11f1-87c7-eeee0a8e79e5.ResilienceCockpit-db-deployer#flowable-async-job-executor-thread-14293#
[PollStageAppStatusExecution] 2d23200b-60aa-4519-b7f8-9f40de7a8ecc [2026-08-25T08:47:41.167187] Uploading app package for app with guid 2d23200b-60aa-4519-b7f8-9f40de7a8ecc (STDOUT, API)#
#2026 08 25 11:28:56.878#Z#DEBUG#1118e5ca-a078-11f1-87c7-eeee0a8e79e5.ResilienceCockpit-db-deployer#flowable-async-job-executor-thread-14293#
[PollStageAppStatusExecution] 2d23200b-60aa-4519-b7f8-9f40de7a8ecc [2026-08-25T08:47:41.330308] Updated app with guid 2d23200b-60aa-4519-b7f8-9f40de7a8ecc ({"environment_variables"=>"[PRIVATE DATA HIDDEN]"}) (STDOUT, API)#
#2026 08 25 11:28:56.878#Z#DEBUG#1118e5ca-a078-11f1-87c7-eeee0a8e79e5.ResilienceCockpit-db-deployer#flowable-async-job-executor-thread-14293#
[PollStageAppStatusExecution] 2d23200b-60aa-4519-b7f8-9f40de7a8ecc [2026-08-25T08:47:51.207912] Creating build for app with guid 2d23200b-60aa-4519-b7f8-9f40de7a8ecc (STDOUT, API)#
#2026 08 25 11:28:56.878#Z#DEBUG#1118e5ca-a078-11f1-87c7-eeee0a8e79e5.ResilienceCockpit-db-deployer#flowable-async-job-executor-thread-14293#
[PollStageAppStatusExecution] 2d23200b-60aa-4519-b7f8-9f40de7a8ecc [2026-08-25T08:47:51.523787] Downloading nodejs_buildpack... (STDOUT, STG)#
#2026 08 25 11:28:56.878#Z#DEBUG#1118e5ca-a078-11f1-87c7-eeee0a8e79e5.ResilienceCockpit-db-deployer#flowable-async-job-executor-thread-14293#
[PollStageAppStatusExecution] 2d23200b-60aa-4519-b7f8-9f40de7a8ecc [2026-08-25T08:47:51.558302] Downloaded nodejs_buildpack (STDOUT, STG)#
#2026 08 25 11:28:56.878#Z#DEBUG#1118e5ca-a078-11f1-87c7-eeee0a8e79e5.ResilienceCockpit-db-deployer#flowable-async-job-executor-thread-14293#
[PollStageAppStatusExecution] 2d23200b-60aa-4519-b7f8-9f40de7a8ecc [2026-08-25T08:47:51.558386] Cell 2cba0a63-a06b-4c2d-9ff8-cb3bec259489 creating container for instance a5f5b43d-9b95-439a-8e8d-ed06b9cccd71 (STDOUT, STG)#
#2026 08 25 11:28:56.878#Z#DEBUG#1118e5ca-a078-11f1-87c7-eeee0a8e79e5.ResilienceCockpit-db-deployer#flowable-async-job-executor-thread-14293#
[PollStageAppStatusExecution] 2d23200b-60aa-4519-b7f8-9f40de7a8ecc [2026-08-25T08:47:51.845307] Security group rules were updated (STDOUT, STG)#
#2026 08 25 11:28:56.878#Z#DEBUG#1118e5ca-a078-11f1-87c7-eeee0a8e79e5.ResilienceCockpit-db-deployer#flowable-async-job-executor-thread-14293#
[PollStageAppStatusExecution] 2d23200b-60aa-4519-b7f8-9f40de7a8ecc [2026-08-25T08:47:51.895968] Cell 2cba0a63-a06b-4c2d-9ff8-cb3bec259489 successfully created container for instance a5f5b43d-9b95-439a-8e8d-ed06b9cccd71 (STDOUT, STG)#
#2026 08 25 11:28:56.878#Z#DEBUG#1118e5ca-a078-11f1-87c7-eeee0a8e79e5.ResilienceCockpit-db-deployer#flowable-async-job-executor-thread-14293#
[PollStageAppStatusExecution] 2d23200b-60aa-4519-b7f8-9f40de7a8ecc [2026-08-25T08:47:52.160290] Downloading app package... (STDOUT, STG)#
#2026 08 25 11:28:56.878#Z#DEBUG#1118e5ca-a078-11f1-87c7-eeee0a8e79e5.ResilienceCockpit-db-deployer#flowable-async-job-executor-thread-14293#
[PollStageAppStatusExecution] 2d23200b-60aa-4519-b7f8-9f40de7a8ecc [2026-08-25T08:47:52.160318] Downloading build artifacts cache... (STDOUT, STG)#
#2026 08 25 11:28:56.878#Z#DEBUG#1118e5ca-a078-11f1-87c7-eeee0a8e79e5.ResilienceCockpit-db-deployer#flowable-async-job-executor-thread-14293#
[PollStageAppStatusExecution] 2d23200b-60aa-4519-b7f8-9f40de7a8ecc [2026-08-25T08:47:52.225433] Downloaded build artifacts cache (218B) (STDOUT, STG)#
#2026 08 25 11:28:56.878#Z#DEBUG#1118e5ca-a078-11f1-87c7-eeee0a8e79e5.ResilienceCockpit-db-deployer#flowable-async-job-executor-thread-14293#
[PollStageAppStatusExecution] 2d23200b-60aa-4519-b7f8-9f40de7a8ecc [2026-08-25T08:47:52.380777] Downloaded app package (2.5M) (STDOUT, STG)#
#2026 08 25 11:28:56.878#Z#DEBUG#1118e5ca-a078-11f1-87c7-eeee0a8e79e5.ResilienceCockpit-db-deployer#flowable-async-job-executor-thread-14293#
[PollStageAppStatusExecution] 2d23200b-60aa-4519-b7f8-9f40de7a8ecc [2026-08-25T08:47:52.429658] -----> Nodejs Buildpack version 1.9.3 (STDOUT, STG)#
#2026 08 25 11:28:56.878#Z#DEBUG#1118e5ca-a078-11f1-87c7-eeee0a8e79e5.ResilienceCockpit-db-deployer#flowable-async-job-executor-thread-14293#
[PollStageAppStatusExecution] 2d23200b-60aa-4519-b7f8-9f40de7a8ecc [2026-08-25T08:47:52.518264] -----> Bootstrapping python (STDOUT, STG)#
#2026 08 25 11:28:56.878#Z#DEBUG#1118e5ca-a078-11f1-87c7-eeee0a8e79e5.ResilienceCockpit-db-deployer#flowable-async-job-executor-thread-14293#
[PollStageAppStatusExecution] 2d23200b-60aa-4519-b7f8-9f40de7a8ecc [2026-08-25T08:47:52.518282] -----> Installing python 3.13.14 (STDOUT, STG)#
#2026 08 25 11:28:56.878#Z#DEBUG#1118e5ca-a078-11f1-87c7-eeee0a8e79e5.ResilienceCockpit-db-deployer#flowable-async-job-executor-thread-14293#
[PollStageAppStatusExecution] 2d23200b-60aa-4519-b7f8-9f40de7a8ecc [2026-08-25T08:47:52.518363] Copy [/tmp/buildpacks/adc5840e3e50b48d/dependencies/4b4266a2ff36730aef37b88b668ca327/python_3.13.14_linux_x64_cflinuxfs4_b80d4954.tgz] (STDOUT, STG)#
#2026 08 25 11:28:56.878#Z#DEBUG#1118e5ca-a078-11f1-87c7-eeee0a8e79e5.ResilienceCockpit-db-deployer#flowable-async-job-executor-thread-14293#
[PollStageAppStatusExecution] 2d23200b-60aa-4519-b7f8-9f40de7a8ecc [2026-08-25T08:47:55.506487] -----> Installing binaries (STDOUT, STG)#
#2026 08 25 11:28:56.878#Z#DEBUG#1118e5ca-a078-11f1-87c7-eeee0a8e79e5.ResilienceCockpit-db-deployer#flowable-async-job-executor-thread-14293#
[PollStageAppStatusExecution] 2d23200b-60aa-4519-b7f8-9f40de7a8ecc [2026-08-25T08:47:55.506514] engines.node (package.json): >=18 (STDOUT, STG)#
#2026 08 25 11:28:56.878#Z#DEBUG#1118e5ca-a078-11f1-87c7-eeee0a8e79e5.ResilienceCockpit-db-deployer#flowable-async-job-executor-thread-14293#
[PollStageAppStatusExecution] 2d23200b-60aa-4519-b7f8-9f40de7a8ecc [2026-08-25T08:47:55.506521] engines.npm (package.json): unspecified (use default) (STDOUT, STG)#
#2026 08 25 11:28:56.878#Z#DEBUG#1118e5ca-a078-11f1-87c7-eeee0a8e79e5.ResilienceCockpit-db-deployer#flowable-async-job-executor-thread-14293#
[PollStageAppStatusExecution] 2d23200b-60aa-4519-b7f8-9f40de7a8ecc [2026-08-25T08:47:55.506551] [31;1m**WARNING**[0m Dangerous semver range (>) in engines.node. See: http://docs.cloudfoundry.org/buildpacks/node/node-tips.html (STDOUT, STG)#
#2026 08 25 11:28:56.878#Z#DEBUG#1118e5ca-a078-11f1-87c7-eeee0a8e79e5.ResilienceCockpit-db-deployer#flowable-async-job-executor-thread-14293#
[PollStageAppStatusExecution] 2d23200b-60aa-4519-b7f8-9f40de7a8ecc [2026-08-25T08:47:55.506556] -----> Installing node 24.18.0 (STDOUT, STG)#
#2026 08 25 11:28:56.878#Z#DEBUG#1118e5ca-a078-11f1-87c7-eeee0a8e79e5.ResilienceCockpit-db-deployer#flowable-async-job-executor-thread-14293#
[PollStageAppStatusExecution] 2d23200b-60aa-4519-b7f8-9f40de7a8ecc [2026-08-25T08:47:55.506705] Copy [/tmp/buildpacks/adc5840e3e50b48d/dependencies/dffbbb835fcd073c4544f78eb6247fac/node_24.18.0_linux_x64_cflinuxfs4_cdfed650.tgz] (STDOUT, STG)#
#2026 08 25 11:28:56.878#Z#DEBUG#1118e5ca-a078-11f1-87c7-eeee0a8e79e5.ResilienceCockpit-db-deployer#flowable-async-job-executor-thread-14293#
[PollStageAppStatusExecution] 2d23200b-60aa-4519-b7f8-9f40de7a8ecc [2026-08-25T08:47:57.236559] Using default npm version: 11.16.0 (STDOUT, STG)#
#2026 08 25 11:28:56.878#Z#DEBUG#1118e5ca-a078-11f1-87c7-eeee0a8e79e5.ResilienceCockpit-db-deployer#flowable-async-job-executor-thread-14293#
[PollStageAppStatusExecution] 2d23200b-60aa-4519-b7f8-9f40de7a8ecc [2026-08-25T08:47:57.236657] -----> Installing yarn 1.22.22 (STDOUT, STG)#
#2026 08 25 11:28:56.878#Z#DEBUG#1118e5ca-a078-11f1-87c7-eeee0a8e79e5.ResilienceCockpit-db-deployer#flowable-async-job-executor-thread-14293#
[PollStageAppStatusExecution] 2d23200b-60aa-4519-b7f8-9f40de7a8ecc [2026-08-25T08:47:57.236684] Copy [/tmp/buildpacks/adc5840e3e50b48d/dependencies/e4fe26756e9984a665478d350474fa2e/yarn_1.22.22_linux_noarch_any-stack_b6132b86.tgz] (STDOUT, STG)#
#2026 08 25 11:28:56.878#Z#DEBUG#1118e5ca-a078-11f1-87c7-eeee0a8e79e5.ResilienceCockpit-db-deployer#flowable-async-job-executor-thread-14293#
[PollStageAppStatusExecution] 2d23200b-60aa-4519-b7f8-9f40de7a8ecc [2026-08-25T08:47:57.485750] Installed yarn 1.22.22 (STDOUT, STG)#
#2026 08 25 11:28:56.878#Z#DEBUG#1118e5ca-a078-11f1-87c7-eeee0a8e79e5.ResilienceCockpit-db-deployer#flowable-async-job-executor-thread-14293#
[PollStageAppStatusExecution] 2d23200b-60aa-4519-b7f8-9f40de7a8ecc [2026-08-25T08:47:57.485775] -----> Creating runtime environment (STDOUT, STG)#
#2026 08 25 11:28:56.878#Z#DEBUG#1118e5ca-a078-11f1-87c7-eeee0a8e79e5.ResilienceCockpit-db-deployer#flowable-async-job-executor-thread-14293#
[PollStageAppStatusExecution] 2d23200b-60aa-4519-b7f8-9f40de7a8ecc [2026-08-25T08:47:57.487004] NODE_ENV=production (STDOUT, STG)#
#2026 08 25 11:28:56.878#Z#DEBUG#1118e5ca-a078-11f1-87c7-eeee0a8e79e5.ResilienceCockpit-db-deployer#flowable-async-job-executor-thread-14293#
[PollStageAppStatusExecution] 2d23200b-60aa-4519-b7f8-9f40de7a8ecc [2026-08-25T08:47:57.487021] NODE_HOME=/tmp/contents3251821280/deps/0/node (STDOUT, STG)#
#2026 08 25 11:28:56.878#Z#DEBUG#1118e5ca-a078-11f1-87c7-eeee0a8e79e5.ResilienceCockpit-db-deployer#flowable-async-job-executor-thread-14293#
[PollStageAppStatusExecution] 2d23200b-60aa-4519-b7f8-9f40de7a8ecc [2026-08-25T08:47:57.487025] NODE_MODULES_CACHE=true (STDOUT, STG)#
#2026 08 25 11:28:56.878#Z#DEBUG#1118e5ca-a078-11f1-87c7-eeee0a8e79e5.ResilienceCockpit-db-deployer#flowable-async-job-executor-thread-14293#
[PollStageAppStatusExecution] 2d23200b-60aa-4519-b7f8-9f40de7a8ecc [2026-08-25T08:47:57.487028] NODE_VERBOSE=false (STDOUT, STG)#
#2026 08 25 11:28:56.878#Z#DEBUG#1118e5ca-a078-11f1-87c7-eeee0a8e79e5.ResilienceCockpit-db-deployer#flowable-async-job-executor-thread-14293#
[PollStageAppStatusExecution] 2d23200b-60aa-4519-b7f8-9f40de7a8ecc [2026-08-25T08:47:57.487036] NPM_CONFIG_LOGLEVEL=error (STDOUT, STG)#
#2026 08 25 11:28:56.878#Z#DEBUG#1118e5ca-a078-11f1-87c7-eeee0a8e79e5.ResilienceCockpit-db-deployer#flowable-async-job-executor-thread-14293#
[PollStageAppStatusExecution] 2d23200b-60aa-4519-b7f8-9f40de7a8ecc [2026-08-25T08:47:57.487041] NPM_CONFIG_PRODUCTION=true (STDOUT, STG)#
#2026 08 25 11:28:56.878#Z#DEBUG#1118e5ca-a078-11f1-87c7-eeee0a8e79e5.ResilienceCockpit-db-deployer#flowable-async-job-executor-thread-14293#
[PollStageAppStatusExecution] 2d23200b-60aa-4519-b7f8-9f40de7a8ecc [2026-08-25T08:47:57.487094] -----> Building dependencies (STDOUT, STG)#
#2026 08 25 11:28:56.878#Z#DEBUG#1118e5ca-a078-11f1-87c7-eeee0a8e79e5.ResilienceCockpit-db-deployer#flowable-async-job-executor-thread-14293#
[PollStageAppStatusExecution] 2d23200b-60aa-4519-b7f8-9f40de7a8ecc [2026-08-25T08:47:57.487098] Prebuild detected (node_modules already exists) (STDOUT, STG)#
#2026 08 25 11:28:56.878#Z#DEBUG#1118e5ca-a078-11f1-87c7-eeee0a8e79e5.ResilienceCockpit-db-deployer#flowable-async-job-executor-thread-14293#
[PollStageAppStatusExecution] 2d23200b-60aa-4519-b7f8-9f40de7a8ecc [2026-08-25T08:47:57.487101] Rebuilding any native modules (STDOUT, STG)#
#2026 08 25 11:28:56.878#Z#DEBUG#1118e5ca-a078-11f1-87c7-eeee0a8e79e5.ResilienceCockpit-db-deployer#flowable-async-job-executor-thread-14293#
[PollStageAppStatusExecution] 2d23200b-60aa-4519-b7f8-9f40de7a8ecc [2026-08-25T08:47:57.872933] rebuilt dependencies successfully (STDOUT, STG)#
#2026 08 25 11:28:56.878#Z#DEBUG#1118e5ca-a078-11f1-87c7-eeee0a8e79e5.ResilienceCockpit-db-deployer#flowable-async-job-executor-thread-14293#
[PollStageAppStatusExecution] 2d23200b-60aa-4519-b7f8-9f40de7a8ecc [2026-08-25T08:47:57.919673] Installing any new modules (package.json + package-lock.json) (STDOUT, STG)#
#2026 08 25 11:28:56.878#Z#DEBUG#1118e5ca-a078-11f1-87c7-eeee0a8e79e5.ResilienceCockpit-db-deployer#flowable-async-job-executor-thread-14293#
[PollStageAppStatusExecution] 2d23200b-60aa-4519-b7f8-9f40de7a8ecc [2026-08-25T08:47:58.248541] up to date in 270ms (STDOUT, STG)#
#2026 08 25 11:28:56.878#Z#DEBUG#1118e5ca-a078-11f1-87c7-eeee0a8e79e5.ResilienceCockpit-db-deployer#flowable-async-job-executor-thread-14293#
[PollStageAppStatusExecution] 2d23200b-60aa-4519-b7f8-9f40de7a8ecc [2026-08-25T08:47:58.248839] 4 packages are looking for funding (STDOUT, STG)#
#2026 08 25 11:28:56.878#Z#DEBUG#1118e5ca-a078-11f1-87c7-eeee0a8e79e5.ResilienceCockpit-db-deployer#flowable-async-job-executor-thread-14293#
[PollStageAppStatusExecution] 2d23200b-60aa-4519-b7f8-9f40de7a8ecc [2026-08-25T08:47:58.248878] run `npm fund` for details (STDOUT, STG)#
#2026 08 25 11:28:56.878#Z#DEBUG#1118e5ca-a078-11f1-87c7-eeee0a8e79e5.ResilienceCockpit-db-deployer#flowable-async-job-executor-thread-14293#
[PollStageAppStatusExecution] 2d23200b-60aa-4519-b7f8-9f40de7a8ecc [2026-08-25T08:47:58.699625] Contrast Security no credentials found. Will not write environment files. (STDOUT, STG)#
#2026 08 25 11:28:56.878#Z#DEBUG#1118e5ca-a078-11f1-87c7-eeee0a8e79e5.ResilienceCockpit-db-deployer#flowable-async-job-executor-thread-14293#
[PollStageAppStatusExecution] 2d23200b-60aa-4519-b7f8-9f40de7a8ecc [2026-08-25T08:48:06.242404] Exit status 0 (STDOUT, STG)#
#2026 08 25 11:28:56.878#Z#DEBUG#1118e5ca-a078-11f1-87c7-eeee0a8e79e5.ResilienceCockpit-db-deployer#flowable-async-job-executor-thread-14293#
[PollStageAppStatusExecution] 2d23200b-60aa-4519-b7f8-9f40de7a8ecc [2026-08-25T08:48:06.242449] Uploading droplet, build artifacts cache... (STDOUT, STG)#
#2026 08 25 11:28:56.878#Z#DEBUG#1118e5ca-a078-11f1-87c7-eeee0a8e79e5.ResilienceCockpit-db-deployer#flowable-async-job-executor-thread-14293#
[PollStageAppStatusExecution] 2d23200b-60aa-4519-b7f8-9f40de7a8ecc [2026-08-25T08:48:06.242480] Uploading droplet... (STDOUT, STG)#
#2026 08 25 11:28:56.878#Z#DEBUG#1118e5ca-a078-11f1-87c7-eeee0a8e79e5.ResilienceCockpit-db-deployer#flowable-async-job-executor-thread-14293#
[PollStageAppStatusExecution] 2d23200b-60aa-4519-b7f8-9f40de7a8ecc [2026-08-25T08:48:06.242543] Uploading build artifacts cache... (STDOUT, STG)#
#2026 08 25 11:28:56.878#Z#DEBUG#1118e5ca-a078-11f1-87c7-eeee0a8e79e5.ResilienceCockpit-db-deployer#flowable-async-job-executor-thread-14293#
[PollStageAppStatusExecution] 2d23200b-60aa-4519-b7f8-9f40de7a8ecc [2026-08-25T08:48:06.261512] Uploaded build artifacts cache (222B) (STDOUT, STG)#
#2026 08 25 11:28:56.878#Z#DEBUG#1118e5ca-a078-11f1-87c7-eeee0a8e79e5.ResilienceCockpit-db-deployer#flowable-async-job-executor-thread-14293#
[PollStageAppStatusExecution] 2d23200b-60aa-4519-b7f8-9f40de7a8ecc [2026-08-25T08:48:06.831230] Creating droplet for app with guid 2d23200b-60aa-4519-b7f8-9f40de7a8ecc (STDOUT, API)#
#2026 08 25 11:28:56.878#Z#DEBUG#1118e5ca-a078-11f1-87c7-eeee0a8e79e5.ResilienceCockpit-db-deployer#flowable-async-job-executor-thread-14293#
[PollStageAppStatusExecution] 2d23200b-60aa-4519-b7f8-9f40de7a8ecc [2026-08-25T08:48:10.904338] Uploaded droplet (59.3M) (STDOUT, STG)#
#2026 08 25 11:28:56.878#Z#DEBUG#1118e5ca-a078-11f1-87c7-eeee0a8e79e5.ResilienceCockpit-db-deployer#flowable-async-job-executor-thread-14293#
[PollStageAppStatusExecution] 2d23200b-60aa-4519-b7f8-9f40de7a8ecc [2026-08-25T08:48:10.919573] Uploading complete (STDOUT, STG)#
#2026 08 25 11:28:56.878#Z#DEBUG#1118e5ca-a078-11f1-87c7-eeee0a8e79e5.ResilienceCockpit-db-deployer#flowable-async-job-executor-thread-14293#
[PollStageAppStatusExecution] 2d23200b-60aa-4519-b7f8-9f40de7a8ecc [2026-08-25T08:48:11.265767] Cell 2cba0a63-a06b-4c2d-9ff8-cb3bec259489 stopping instance a5f5b43d-9b95-439a-8e8d-ed06b9cccd71 (STDOUT, STG)#
#2026 08 25 11:28:56.878#Z#DEBUG#1118e5ca-a078-11f1-87c7-eeee0a8e79e5.ResilienceCockpit-db-deployer#flowable-async-job-executor-thread-14293#
[PollStageAppStatusExecution] 2d23200b-60aa-4519-b7f8-9f40de7a8ecc [2026-08-25T08:48:11.265824] Cell 2cba0a63-a06b-4c2d-9ff8-cb3bec259489 destroying container for instance a5f5b43d-9b95-439a-8e8d-ed06b9cccd71 (STDOUT, STG)#
#2026 08 25 11:28:56.878#Z#DEBUG#1118e5ca-a078-11f1-87c7-eeee0a8e79e5.ResilienceCockpit-db-deployer#flowable-async-job-executor-thread-14293#
[PollStageAppStatusExecution] 2d23200b-60aa-4519-b7f8-9f40de7a8ecc [2026-08-25T08:48:11.338133] Staging complete for build a5f5b43d-9b95-439a-8e8d-ed06b9cccd71 (STDOUT, API)#
#2026 08 25 11:28:56.878#Z#DEBUG#1118e5ca-a078-11f1-87c7-eeee0a8e79e5.ResilienceCockpit-db-deployer#flowable-async-job-executor-thread-14293#
[PollStageAppStatusExecution] 2d23200b-60aa-4519-b7f8-9f40de7a8ecc [2026-08-25T08:48:16.297923] Cell 2cba0a63-a06b-4c2d-9ff8-cb3bec259489 successfully destroyed container for instance a5f5b43d-9b95-439a-8e8d-ed06b9cccd71 (STDOUT, STG)#
#2026 08 25 11:28:56.878#Z#DEBUG#1118e5ca-a078-11f1-87c7-eeee0a8e79e5.ResilienceCockpit-db-deployer#flowable-async-job-executor-thread-14293#
[PollStageAppStatusExecution] 2d23200b-60aa-4519-b7f8-9f40de7a8ecc [2026-08-25T08:48:21.143248] Updated app with guid 2d23200b-60aa-4519-b7f8-9f40de7a8ecc ({:droplet_guid=>"fd4bf71e-9655-46fd-a9f0-f6a6cc1edc7a"}) (STDOUT, API)#
#2026 08 25 11:28:56.878#Z#DEBUG#1118e5ca-a078-11f1-87c7-eeee0a8e79e5.ResilienceCockpit-db-deployer#flowable-async-job-executor-thread-14293#
[PollStageAppStatusExecution] 2d23200b-60aa-4519-b7f8-9f40de7a8ecc [2026-08-25T08:48:21.507367] Cell 2f709810-9b95-445d-9c2a-0d5af0af5ace creating container for instance 67601bc4-e420-4e0e-8b9f-73543b1ddaf0 (STDOUT, CELL)#
#2026 08 25 11:28:56.878#Z#DEBUG#1118e5ca-a078-11f1-87c7-eeee0a8e79e5.ResilienceCockpit-db-deployer#flowable-async-job-executor-thread-14293#
[PollStageAppStatusExecution] 2d23200b-60aa-4519-b7f8-9f40de7a8ecc [2026-08-25T08:48:21.843535] Security group rules were updated (STDOUT, CELL)#
#2026 08 25 11:28:56.878#Z#DEBUG#1118e5ca-a078-11f1-87c7-eeee0a8e79e5.ResilienceCockpit-db-deployer#flowable-async-job-executor-thread-14293#
[PollStageAppStatusExecution] 2d23200b-60aa-4519-b7f8-9f40de7a8ecc [2026-08-25T08:48:21.899261] Cell 2f709810-9b95-445d-9c2a-0d5af0af5ace successfully created container for instance 67601bc4-e420-4e0e-8b9f-73543b1ddaf0 (STDOUT, CELL)#
#2026 08 25 11:28:56.878#Z#DEBUG#1118e5ca-a078-11f1-87c7-eeee0a8e79e5.ResilienceCockpit-db-deployer#flowable-async-job-executor-thread-14293#
[PollStageAppStatusExecution] 2d23200b-60aa-4519-b7f8-9f40de7a8ecc [2026-08-25T08:48:25.409428] Invoking pre-start scripts. (STDOUT, APP/TASK/deploy)#
#2026 08 25 11:28:56.878#Z#DEBUG#1118e5ca-a078-11f1-87c7-eeee0a8e79e5.ResilienceCockpit-db-deployer#flowable-async-job-executor-thread-14293#
[PollStageAppStatusExecution] 2d23200b-60aa-4519-b7f8-9f40de7a8ecc [2026-08-25T08:48:25.551373] Invoking start command. (STDOUT, APP/TASK/deploy)#
#2026 08 25 11:28:56.878#Z#DEBUG#1118e5ca-a078-11f1-87c7-eeee0a8e79e5.ResilienceCockpit-db-deployer#flowable-async-job-executor-thread-14293#
[PollStageAppStatusExecution] 2d23200b-60aa-4519-b7f8-9f40de7a8ecc [2026-08-25T08:48:25.844951] > start (STDOUT, APP/TASK/deploy)#
#2026 08 25 11:28:56.878#Z#DEBUG#1118e5ca-a078-11f1-87c7-eeee0a8e79e5.ResilienceCockpit-db-deployer#flowable-async-job-executor-thread-14293#
[PollStageAppStatusExecution] 2d23200b-60aa-4519-b7f8-9f40de7a8ecc [2026-08-25T08:48:25.844979] > node node_modules/@sap/hdi-deploy/deploy.js --use-hdb --parameter com.sap.hana.di.table/try_fast_table_migration=true (STDOUT, APP/TASK/deploy)#
#2026 08 25 11:28:56.878#Z#DEBUG#1118e5ca-a078-11f1-87c7-eeee0a8e79e5.ResilienceCockpit-db-deployer#flowable-async-job-executor-thread-14293#
[PollStageAppStatusExecution] 2d23200b-60aa-4519-b7f8-9f40de7a8ecc [2026-08-25T08:48:25.943720] VCAP_SERVICES: (STDOUT, APP/TASK/deploy)#
#2026 08 25 11:28:56.878#Z#DEBUG#1118e5ca-a078-11f1-87c7-eeee0a8e79e5.ResilienceCockpit-db-deployer#flowable-async-job-executor-thread-14293#
[PollStageAppStatusExecution] 2d23200b-60aa-4519-b7f8-9f40de7a8ecc [2026-08-25T08:48:25.944152] { (STDOUT, APP/TASK/deploy)#
#2026 08 25 11:28:56.878#Z#DEBUG#1118e5ca-a078-11f1-87c7-eeee0a8e79e5.ResilienceCockpit-db-deployer#flowable-async-job-executor-thread-14293#
[PollStageAppStatusExecution] 2d23200b-60aa-4519-b7f8-9f40de7a8ecc [2026-08-25T08:48:25.944170] "hana": [ (STDOUT, APP/TASK/deploy)#
#2026 08 25 11:28:56.878#Z#DEBUG#1118e5ca-a078-11f1-87c7-eeee0a8e79e5.ResilienceCockpit-db-deployer#flowable-async-job-executor-thread-14293#
[PollStageAppStatusExecution] 2d23200b-60aa-4519-b7f8-9f40de7a8ecc [2026-08-25T08:48:25.944173] { (STDOUT, APP/TASK/deploy)#
#2026 08 25 11:28:56.878#Z#DEBUG#1118e5ca-a078-11f1-87c7-eeee0a8e79e5.ResilienceCockpit-db-deployer#flowable-async-job-executor-thread-14293#
[PollStageAppStatusExecution] 2d23200b-60aa-4519-b7f8-9f40de7a8ecc [2026-08-25T08:48:25.944177] "name": "ResilienceCockpit-db", (STDOUT, APP/TASK/deploy)#
#2026 08 25 11:28:56.878#Z#DEBUG#1118e5ca-a078-11f1-87c7-eeee0a8e79e5.ResilienceCockpit-db-deployer#flowable-async-job-executor-thread-14293#
[PollStageAppStatusExecution] 2d23200b-60aa-4519-b7f8-9f40de7a8ecc [2026-08-25T08:48:25.944179] "label": "hana", (STDOUT, APP/TASK/deploy)#
#2026 08 25 11:28:56.878#Z#DEBUG#1118e5ca-a078-11f1-87c7-eeee0a8e79e5.ResilienceCockpit-db-deployer#flowable-async-job-executor-thread-14293#
[PollStageAppStatusExecution] 2d23200b-60aa-4519-b7f8-9f40de7a8ecc [2026-08-25T08:48:25.944184] "plan": "hdi-shared", (STDOUT, APP/TASK/deploy)#
#2026 08 25 11:28:56.878#Z#DEBUG#1118e5ca-a078-11f1-87c7-eeee0a8e79e5.ResilienceCockpit-db-deployer#flowable-async-job-executor-thread-14293#
[PollStageAppStatusExecution] 2d23200b-60aa-4519-b7f8-9f40de7a8ecc [2026-08-25T08:48:25.944186] "credentials": { (STDOUT, APP/TASK/deploy)#
#2026 08 25 11:28:56.878#Z#DEBUG#1118e5ca-a078-11f1-87c7-eeee0a8e79e5.ResilienceCockpit-db-deployer#flowable-async-job-executor-thread-14293#
[PollStageAppStatusExecution] 2d23200b-60aa-4519-b7f8-9f40de7a8ecc [2026-08-25T08:48:25.944190] "schema": "8697B1A4A8B84AC49EFF171810969752", (STDOUT, APP/TASK/deploy)#
#2026 08 25 11:28:56.878#Z#DEBUG#1118e5ca-a078-11f1-87c7-eeee0a8e79e5.ResilienceCockpit-db-deployer#flowable-async-job-executor-thread-14293#
[PollStageAppStatusExecution] 2d23200b-60aa-4519-b7f8-9f40de7a8ecc [2026-08-25T08:48:25.944192] "database_id": "eb9e608b-a8d8-462e-98e7-906abde25244", (STDOUT, APP/TASK/deploy)#
#2026 08 25 11:28:56.878#Z#DEBUG#1118e5ca-a078-11f1-87c7-eeee0a8e79e5.ResilienceCockpit-db-deployer#flowable-async-job-executor-thread-14293#
[PollStageAppStatusExecution] 2d23200b-60aa-4519-b7f8-9f40de7a8ecc [2026-08-25T08:48:25.944198] "user": "8697B1A4A8B84AC49EFF171810969752_94GU5GV2BBQ6JWQX102ZOJ91W_RT", (STDOUT, APP/TASK/deploy)#
#2026 08 25 11:28:56.878#Z#DEBUG#1118e5ca-a078-11f1-87c7-eeee0a8e79e5.ResilienceCockpit-db-deployer#flowable-async-job-executor-thread-14293#
[PollStageAppStatusExecution] 2d23200b-60aa-4519-b7f8-9f40de7a8ecc [2026-08-25T08:48:25.944202] "hdi_user": "8697B1A4A8B84AC49EFF171810969752_94GU5GV2BBQ6JWQX102ZOJ91W_DT" (STDOUT, APP/TASK/deploy)#
#2026 08 25 11:28:56.878#Z#DEBUG#1118e5ca-a078-11f1-87c7-eeee0a8e79e5.ResilienceCockpit-db-deployer#flowable-async-job-executor-thread-14293#
[PollStageAppStatusExecution] 2d23200b-60aa-4519-b7f8-9f40de7a8ecc [2026-08-25T08:48:25.944205] }, (STDOUT, APP/TASK/deploy)#
#2026 08 25 11:28:56.878#Z#DEBUG#1118e5ca-a078-11f1-87c7-eeee0a8e79e5.ResilienceCockpit-db-deployer#flowable-async-job-executor-thread-14293#
[PollStageAppStatusExecution] 2d23200b-60aa-4519-b7f8-9f40de7a8ecc [2026-08-25T08:48:25.944208] "tags": [ (STDOUT, APP/TASK/deploy)#
#2026 08 25 11:28:56.878#Z#DEBUG#1118e5ca-a078-11f1-87c7-eeee0a8e79e5.ResilienceCockpit-db-deployer#flowable-async-job-executor-thread-14293#
[PollStageAppStatusExecution] 2d23200b-60aa-4519-b7f8-9f40de7a8ecc [2026-08-25T08:48:25.944211] "hana", (STDOUT, APP/TASK/deploy)#
#2026 08 25 11:28:56.878#Z#DEBUG#1118e5ca-a078-11f1-87c7-eeee0a8e79e5.ResilienceCockpit-db-deployer#flowable-async-job-executor-thread-14293#
[PollStageAppStatusExecution] 2d23200b-60aa-4519-b7f8-9f40de7a8ecc [2026-08-25T08:48:25.944214] "database", (STDOUT, APP/TASK/deploy)#
#2026 08 25 11:28:56.878#Z#DEBUG#1118e5ca-a078-11f1-87c7-eeee0a8e79e5.ResilienceCockpit-db-deployer#flowable-async-job-executor-thread-14293#
[PollStageAppStatusExecution] 2d23200b-60aa-4519-b7f8-9f40de7a8ecc [2026-08-25T08:48:25.944217] "relational" (STDOUT, APP/TASK/deploy)#
#2026 08 25 11:28:56.878#Z#DEBUG#1118e5ca-a078-11f1-87c7-eeee0a8e79e5.ResilienceCockpit-db-deployer#flowable-async-job-executor-thread-14293#
[PollStageAppStatusExecution] 2d23200b-60aa-4519-b7f8-9f40de7a8ecc [2026-08-25T08:48:25.944220] ] (STDOUT, APP/TASK/deploy)#
#2026 08 25 11:28:56.878#Z#DEBUG#1118e5ca-a078-11f1-87c7-eeee0a8e79e5.ResilienceCockpit-db-deployer#flowable-async-job-executor-thread-14293#
[PollStageAppStatusExecution] 2d23200b-60aa-4519-b7f8-9f40de7a8ecc [2026-08-25T08:48:25.944223] } (STDOUT, APP/TASK/deploy)#
#2026 08 25 11:28:56.878#Z#DEBUG#1118e5ca-a078-11f1-87c7-eeee0a8e79e5.ResilienceCockpit-db-deployer#flowable-async-job-executor-thread-14293#
[PollStageAppStatusExecution] 2d23200b-60aa-4519-b7f8-9f40de7a8ecc [2026-08-25T08:48:25.944228] ] (STDOUT, APP/TASK/deploy)#
#2026 08 25 11:28:56.878#Z#DEBUG#1118e5ca-a078-11f1-87c7-eeee0a8e79e5.ResilienceCockpit-db-deployer#flowable-async-job-executor-thread-14293#
[PollStageAppStatusExecution] 2d23200b-60aa-4519-b7f8-9f40de7a8ecc [2026-08-25T08:48:25.944230] } (STDOUT, APP/TASK/deploy)#
#2026 08 25 11:28:56.878#Z#DEBUG#1118e5ca-a078-11f1-87c7-eeee0a8e79e5.ResilienceCockpit-db-deployer#flowable-async-job-executor-thread-14293#
[PollStageAppStatusExecution] 2d23200b-60aa-4519-b7f8-9f40de7a8ecc [2026-08-25T08:48:26.389222] @sap/hdi-deploy, version 5.7.0 (mode default), server version 4.00.000.00.1785832557 (4.0.0.0), cloud version 2026.14.14, node version 24.18.0, HDI version 1016, container API version 1007 (STDOUT, APP/TASK/deploy)#
#2026 08 25 11:28:56.878#Z#DEBUG#1118e5ca-a078-11f1-87c7-eeee0a8e79e5.ResilienceCockpit-db-deployer#flowable-async-job-executor-thread-14293#
[PollStageAppStatusExecution] 2d23200b-60aa-4519-b7f8-9f40de7a8ecc [2026-08-25T08:48:26.389259] Deployment started at 2026-08-25 08:48:26 (STDOUT, APP/TASK/deploy)#
#2026 08 25 11:28:56.878#Z#DEBUG#1118e5ca-a078-11f1-87c7-eeee0a8e79e5.ResilienceCockpit-db-deployer#flowable-async-job-executor-thread-14293#
[PollStageAppStatusExecution] 2d23200b-60aa-4519-b7f8-9f40de7a8ecc [2026-08-25T08:48:26.389383] Using hdb@2.29.6 for connection (STDOUT, APP/TASK/deploy)#
#2026 08 25 11:28:56.878#Z#DEBUG#1118e5ca-a078-11f1-87c7-eeee0a8e79e5.ResilienceCockpit-db-deployer#flowable-async-job-executor-thread-14293#
[PollStageAppStatusExecution] 2d23200b-60aa-4519-b7f8-9f40de7a8ecc [2026-08-25T08:48:26.402398] No ignore file at /home/vcap/app/.hdiignore. (STDOUT, APP/TASK/deploy)#
#2026 08 25 11:28:56.878#Z#DEBUG#1118e5ca-a078-11f1-87c7-eeee0a8e79e5.ResilienceCockpit-db-deployer#flowable-async-job-executor-thread-14293#
[PollStageAppStatusExecution] 2d23200b-60aa-4519-b7f8-9f40de7a8ecc [2026-08-25T08:48:26.402601] Collecting files... (STDOUT, APP/TASK/deploy)#
#2026 08 25 11:28:56.878#Z#DEBUG#1118e5ca-a078-11f1-87c7-eeee0a8e79e5.ResilienceCockpit-db-deployer#flowable-async-job-executor-thread-14293#
[PollStageAppStatusExecution] 2d23200b-60aa-4519-b7f8-9f40de7a8ecc [2026-08-25T08:48:26.406842] Collecting files... ok (0s 4ms) (STDOUT, APP/TASK/deploy)#
#2026 08 25 11:28:56.878#Z#DEBUG#1118e5ca-a078-11f1-87c7-eeee0a8e79e5.ResilienceCockpit-db-deployer#flowable-async-job-executor-thread-14293#
[PollStageAppStatusExecution] 2d23200b-60aa-4519-b7f8-9f40de7a8ecc [2026-08-25T08:48:26.406866] 3 directories collected (STDOUT, APP/TASK/deploy)#
#2026 08 25 11:28:56.878#Z#DEBUG#1118e5ca-a078-11f1-87c7-eeee0a8e79e5.ResilienceCockpit-db-deployer#flowable-async-job-executor-thread-14293#
[PollStageAppStatusExecution] 2d23200b-60aa-4519-b7f8-9f40de7a8ecc [2026-08-25T08:48:26.406869] 100 files collected (STDOUT, APP/TASK/deploy)#
#2026 08 25 11:28:56.878#Z#DEBUG#1118e5ca-a078-11f1-87c7-eeee0a8e79e5.ResilienceCockpit-db-deployer#flowable-async-job-executor-thread-14293#
[PollStageAppStatusExecution] 2d23200b-60aa-4519-b7f8-9f40de7a8ecc [2026-08-25T08:48:26.406872] 0 reusable modules collected (STDOUT, APP/TASK/deploy)#
#2026 08 25 11:28:56.878#Z#DEBUG#1118e5ca-a078-11f1-87c7-eeee0a8e79e5.ResilienceCockpit-db-deployer#flowable-async-job-executor-thread-14293#
[PollStageAppStatusExecution] 2d23200b-60aa-4519-b7f8-9f40de7a8ecc [2026-08-25T08:48:26.406932] Target service: ResilienceCockpit-db (STDOUT, APP/TASK/deploy)#
#2026 08 25 11:28:56.878#Z#DEBUG#1118e5ca-a078-11f1-87c7-eeee0a8e79e5.ResilienceCockpit-db-deployer#flowable-async-job-executor-thread-14293#
[PollStageAppStatusExecution] 2d23200b-60aa-4519-b7f8-9f40de7a8ecc [2026-08-25T08:48:26.678011] Previous build with request ID 50 finished at 2026-08-25T08:31:31.38 with status Committed and message: Make succeeded (0 warnings): 100 files deployed (effective 140), 0 files undeployed (effective 0), 0 dependent files redeployed. (STDOUT, APP/TASK/deploy)#
#2026 08 25 11:28:56.878#Z#DEBUG#1118e5ca-a078-11f1-87c7-eeee0a8e79e5.ResilienceCockpit-db-deployer#flowable-async-job-executor-thread-14293#
[PollStageAppStatusExecution] 2d23200b-60aa-4519-b7f8-9f40de7a8ecc [2026-08-25T08:48:26.678035] Processing revoke files... (STDOUT, APP/TASK/deploy)#
#2026 08 25 11:28:56.878#Z#DEBUG#1118e5ca-a078-11f1-87c7-eeee0a8e79e5.ResilienceCockpit-db-deployer#flowable-async-job-executor-thread-14293#
[PollStageAppStatusExecution] 2d23200b-60aa-4519-b7f8-9f40de7a8ecc [2026-08-25T08:48:26.678054] Processing revoke files... ok (0s 0ms) (STDOUT, APP/TASK/deploy)#
#2026 08 25 11:28:56.878#Z#DEBUG#1118e5ca-a078-11f1-87c7-eeee0a8e79e5.ResilienceCockpit-db-deployer#flowable-async-job-executor-thread-14293#
[PollStageAppStatusExecution] 2d23200b-60aa-4519-b7f8-9f40de7a8ecc [2026-08-25T08:48:26.678197] Processing grants files... (STDOUT, APP/TASK/deploy)#
#2026 08 25 11:28:56.878#Z#DEBUG#1118e5ca-a078-11f1-87c7-eeee0a8e79e5.ResilienceCockpit-db-deployer#flowable-async-job-executor-thread-14293#
[PollStageAppStatusExecution] 2d23200b-60aa-4519-b7f8-9f40de7a8ecc [2026-08-25T08:48:26.678229] Processing grants files... ok (0s 0ms) (STDOUT, APP/TASK/deploy)#
#2026 08 25 11:28:56.878#Z#DEBUG#1118e5ca-a078-11f1-87c7-eeee0a8e79e5.ResilienceCockpit-db-deployer#flowable-async-job-executor-thread-14293#
[PollStageAppStatusExecution] 2d23200b-60aa-4519-b7f8-9f40de7a8ecc [2026-08-25T08:48:26.680017] Preprocessing files... (STDOUT, APP/TASK/deploy)#
#2026 08 25 11:28:56.878#Z#DEBUG#1118e5ca-a078-11f1-87c7-eeee0a8e79e5.ResilienceCockpit-db-deployer#flowable-async-job-executor-thread-14293#
[PollStageAppStatusExecution] 2d23200b-60aa-4519-b7f8-9f40de7a8ecc [2026-08-25T08:48:26.680179] Preprocessing files... ok (0s 0ms) (STDOUT, APP/TASK/deploy)#
#2026 08 25 11:28:56.878#Z#DEBUG#1118e5ca-a078-11f1-87c7-eeee0a8e79e5.ResilienceCockpit-db-deployer#flowable-async-job-executor-thread-14293#
[PollStageAppStatusExecution] 2d23200b-60aa-4519-b7f8-9f40de7a8ecc [2026-08-25T08:48:26.680244] Connecting to the container "8697B1A4A8B84AC49EFF171810969752"... (STDOUT, APP/TASK/deploy)#
#2026 08 25 11:28:56.878#Z#DEBUG#1118e5ca-a078-11f1-87c7-eeee0a8e79e5.ResilienceCockpit-db-deployer#flowable-async-job-executor-thread-14293#
[PollStageAppStatusExecution] 2d23200b-60aa-4519-b7f8-9f40de7a8ecc [2026-08-25T08:48:26.753379] Connecting to the container "8697B1A4A8B84AC49EFF171810969752"... ok (0s 73ms) (STDOUT, APP/TASK/deploy)#
#2026 08 25 11:28:56.878#Z#DEBUG#1118e5ca-a078-11f1-87c7-eeee0a8e79e5.ResilienceCockpit-db-deployer#flowable-async-job-executor-thread-14293#
[PollStageAppStatusExecution] 2d23200b-60aa-4519-b7f8-9f40de7a8ecc [2026-08-25T08:48:26.753405] Locking the container "8697B1A4A8B84AC49EFF171810969752"... (STDOUT, APP/TASK/deploy)#
#2026 08 25 11:28:56.878#Z#DEBUG#1118e5ca-a078-11f1-87c7-eeee0a8e79e5.ResilienceCockpit-db-deployer#flowable-async-job-executor-thread-14293#
[PollStageAppStatusExecution] 2d23200b-60aa-4519-b7f8-9f40de7a8ecc [2026-08-25T08:48:27.010130] Locking the container "8697B1A4A8B84AC49EFF171810969752"... ok (0s 257ms) (STDOUT, APP/TASK/deploy)#
#2026 08 25 11:28:56.878#Z#DEBUG#1118e5ca-a078-11f1-87c7-eeee0a8e79e5.ResilienceCockpit-db-deployer#flowable-async-job-executor-thread-14293#
[PollStageAppStatusExecution] 2d23200b-60aa-4519-b7f8-9f40de7a8ecc [2026-08-25T08:48:27.010146] Synchronizing files with the container "8697B1A4A8B84AC49EFF171810969752"... (STDOUT, APP/TASK/deploy)#
#2026 08 25 11:28:56.878#Z#DEBUG#1118e5ca-a078-11f1-87c7-eeee0a8e79e5.ResilienceCockpit-db-deployer#flowable-async-job-executor-thread-14293#
[PollStageAppStatusExecution] 2d23200b-60aa-4519-b7f8-9f40de7a8ecc [2026-08-25T08:48:27.638094] Deleting files... (STDOUT, APP/TASK/deploy)#
#2026 08 25 11:28:56.878#Z#DEBUG#1118e5ca-a078-11f1-87c7-eeee0a8e79e5.ResilienceCockpit-db-deployer#flowable-async-job-executor-thread-14293#
[PollStageAppStatusExecution] 2d23200b-60aa-4519-b7f8-9f40de7a8ecc [2026-08-25T08:48:27.865459] Deleting files... ok (STDOUT, APP/TASK/deploy)#
#2026 08 25 11:28:56.878#Z#DEBUG#1118e5ca-a078-11f1-87c7-eeee0a8e79e5.ResilienceCockpit-db-deployer#flowable-async-job-executor-thread-14293#
[PollStageAppStatusExecution] 2d23200b-60aa-4519-b7f8-9f40de7a8ecc [2026-08-25T08:48:27.865477] Writing files... (STDOUT, APP/TASK/deploy)#
#2026 08 25 11:28:56.878#Z#DEBUG#1118e5ca-a078-11f1-87c7-eeee0a8e79e5.ResilienceCockpit-db-deployer#flowable-async-job-executor-thread-14293#
[PollStageAppStatusExecution] 2d23200b-60aa-4519-b7f8-9f40de7a8ecc [2026-08-25T08:48:27.865628] Writing 3 items (STDOUT, APP/TASK/deploy)#
#2026 08 25 11:28:56.878#Z#DEBUG#1118e5ca-a078-11f1-87c7-eeee0a8e79e5.ResilienceCockpit-db-deployer#flowable-async-job-executor-thread-14293#
[PollStageAppStatusExecution] 2d23200b-60aa-4519-b7f8-9f40de7a8ecc [2026-08-25T08:48:28.116442] Writing files... ok (STDOUT, APP/TASK/deploy)#
#2026 08 25 11:28:56.878#Z#DEBUG#1118e5ca-a078-11f1-87c7-eeee0a8e79e5.ResilienceCockpit-db-deployer#flowable-async-job-executor-thread-14293#
[PollStageAppStatusExecution] 2d23200b-60aa-4519-b7f8-9f40de7a8ecc [2026-08-25T08:48:28.116457] Synchronizing files with the container "8697B1A4A8B84AC49EFF171810969752"... ok (1s 106ms) (STDOUT, APP/TASK/deploy)#
#2026 08 25 11:28:56.878#Z#DEBUG#1118e5ca-a078-11f1-87c7-eeee0a8e79e5.ResilienceCockpit-db-deployer#flowable-async-job-executor-thread-14293#
[PollStageAppStatusExecution] 2d23200b-60aa-4519-b7f8-9f40de7a8ecc [2026-08-25T08:48:28.116689] added files: [] (STDOUT, APP/TASK/deploy)#
#2026 08 25 11:28:56.878#Z#DEBUG#1118e5ca-a078-11f1-87c7-eeee0a8e79e5.ResilienceCockpit-db-deployer#flowable-async-job-executor-thread-14293#
[PollStageAppStatusExecution] 2d23200b-60aa-4519-b7f8-9f40de7a8ecc [2026-08-25T08:48:28.116700] modified files: [] (STDOUT, APP/TASK/deploy)#
#2026 08 25 11:28:56.878#Z#DEBUG#1118e5ca-a078-11f1-87c7-eeee0a8e79e5.ResilienceCockpit-db-deployer#flowable-async-job-executor-thread-14293#
[PollStageAppStatusExecution] 2d23200b-60aa-4519-b7f8-9f40de7a8ecc [2026-08-25T08:48:28.116706] deleted files: [] (STDOUT, APP/TASK/deploy)#
#2026 08 25 11:28:56.878#Z#DEBUG#1118e5ca-a078-11f1-87c7-eeee0a8e79e5.ResilienceCockpit-db-deployer#flowable-async-job-executor-thread-14293#
[PollStageAppStatusExecution] 2d23200b-60aa-4519-b7f8-9f40de7a8ecc [2026-08-25T08:48:28.116785] 0 modified or added files are scheduled for deploy based on delta detection (STDOUT, APP/TASK/deploy)#
#2026 08 25 11:28:56.878#Z#DEBUG#1118e5ca-a078-11f1-87c7-eeee0a8e79e5.ResilienceCockpit-db-deployer#flowable-async-job-executor-thread-14293#
[PollStageAppStatusExecution] 2d23200b-60aa-4519-b7f8-9f40de7a8ecc [2026-08-25T08:48:28.116957] 0 deleted files are scheduled for undeploy based on delta detection (filtered by undeploy allowlist) (STDOUT, APP/TASK/deploy)#
#2026 08 25 11:28:56.878#Z#DEBUG#1118e5ca-a078-11f1-87c7-eeee0a8e79e5.ResilienceCockpit-db-deployer#flowable-async-job-executor-thread-14293#
[PollStageAppStatusExecution] 2d23200b-60aa-4519-b7f8-9f40de7a8ecc [2026-08-25T08:48:28.117024] 0 files are scheduled for deploy based on explicit specification (STDOUT, APP/TASK/deploy)#
#2026 08 25 11:28:56.878#Z#DEBUG#1118e5ca-a078-11f1-87c7-eeee0a8e79e5.ResilienceCockpit-db-deployer#flowable-async-job-executor-thread-14293#
[PollStageAppStatusExecution] 2d23200b-60aa-4519-b7f8-9f40de7a8ecc [2026-08-25T08:48:28.117033] 0 files are scheduled for undeploy based on explicit specification (STDOUT, APP/TASK/deploy)#
#2026 08 25 11:28:56.878#Z#DEBUG#1118e5ca-a078-11f1-87c7-eeee0a8e79e5.ResilienceCockpit-db-deployer#flowable-async-job-executor-thread-14293#
[PollStageAppStatusExecution] 2d23200b-60aa-4519-b7f8-9f40de7a8ecc [2026-08-25T08:48:28.117047] Deploying to the container "8697B1A4A8B84AC49EFF171810969752"... (STDOUT, APP/TASK/deploy)#
#2026 08 25 11:28:56.878#Z#DEBUG#1118e5ca-a078-11f1-87c7-eeee0a8e79e5.ResilienceCockpit-db-deployer#flowable-async-job-executor-thread-14293#
[PollStageAppStatusExecution] 2d23200b-60aa-4519-b7f8-9f40de7a8ecc [2026-08-25T08:48:28.607462] Starting make in the container "8697B1A4A8B84AC49EFF171810969752" with 0 files to deploy, 0 files to undeploy... (STDOUT, APP/TASK/deploy)#
#2026 08 25 11:28:56.878#Z#DEBUG#1118e5ca-a078-11f1-87c7-eeee0a8e79e5.ResilienceCockpit-db-deployer#flowable-async-job-executor-thread-14293#
[PollStageAppStatusExecution] 2d23200b-60aa-4519-b7f8-9f40de7a8ecc [2026-08-25T08:48:28.607476] Disabling table replication for the container schema "8697B1A4A8B84AC49EFF171810969752"... (STDOUT, APP/TASK/deploy)#
#2026 08 25 11:28:56.878#Z#DEBUG#1118e5ca-a078-11f1-87c7-eeee0a8e79e5.ResilienceCockpit-db-deployer#flowable-async-job-executor-thread-14293#
[PollStageAppStatusExecution] 2d23200b-60aa-4519-b7f8-9f40de7a8ecc [2026-08-25T08:48:28.607479] Disabling table replication for the container schema "8697B1A4A8B84AC49EFF171810969752"... ok (0s 26ms) (STDOUT, APP/TASK/deploy)#
#2026 08 25 11:28:56.878#Z#DEBUG#1118e5ca-a078-11f1-87c7-eeee0a8e79e5.ResilienceCockpit-db-deployer#flowable-async-job-executor-thread-14293#
[PollStageAppStatusExecution] 2d23200b-60aa-4519-b7f8-9f40de7a8ecc [2026-08-25T08:48:28.607482] Migrating libraries... (STDOUT, APP/TASK/deploy)#
#2026 08 25 11:28:56.878#Z#DEBUG#1118e5ca-a078-11f1-87c7-eeee0a8e79e5.ResilienceCockpit-db-deployer#flowable-async-job-executor-thread-14293#
[PollStageAppStatusExecution] 2d23200b-60aa-4519-b7f8-9f40de7a8ecc [2026-08-25T08:48:28.607492] Migrating libraries... ok (0s 29ms) (STDOUT, APP/TASK/deploy)#
#2026 08 25 11:28:56.878#Z#DEBUG#1118e5ca-a078-11f1-87c7-eeee0a8e79e5.ResilienceCockpit-db-deployer#flowable-async-job-executor-thread-14293#
[PollStageAppStatusExecution] 2d23200b-60aa-4519-b7f8-9f40de7a8ecc [2026-08-25T08:48:28.607494] Making... (STDOUT, APP/TASK/deploy)#
#2026 08 25 11:28:56.878#Z#DEBUG#1118e5ca-a078-11f1-87c7-eeee0a8e79e5.ResilienceCockpit-db-deployer#flowable-async-job-executor-thread-14293#
[PollStageAppStatusExecution] 2d23200b-60aa-4519-b7f8-9f40de7a8ecc [2026-08-25T08:48:28.607496] Preparing... (STDOUT, APP/TASK/deploy)#
#2026 08 25 11:28:56.878#Z#DEBUG#1118e5ca-a078-11f1-87c7-eeee0a8e79e5.ResilienceCockpit-db-deployer#flowable-async-job-executor-thread-14293#
[PollStageAppStatusExecution] 2d23200b-60aa-4519-b7f8-9f40de7a8ecc [2026-08-25T08:48:28.607498] Preparing... ok (0s 0ms) (STDOUT, APP/TASK/deploy)#
#2026 08 25 11:28:56.878#Z#DEBUG#1118e5ca-a078-11f1-87c7-eeee0a8e79e5.ResilienceCockpit-db-deployer#flowable-async-job-executor-thread-14293#
[PollStageAppStatusExecution] 2d23200b-60aa-4519-b7f8-9f40de7a8ecc [2026-08-25T08:48:28.607568] Preparing the make transaction... (STDOUT, APP/TASK/deploy)#
#2026 08 25 11:28:56.878#Z#DEBUG#1118e5ca-a078-11f1-87c7-eeee0a8e79e5.ResilienceCockpit-db-deployer#flowable-async-job-executor-thread-14293#
[PollStageAppStatusExecution] 2d23200b-60aa-4519-b7f8-9f40de7a8ecc [2026-08-25T08:48:28.607636] Preparing the make transaction... ok (0s 27ms) (STDOUT, APP/TASK/deploy)#
#2026 08 25 11:28:56.878#Z#DEBUG#1118e5ca-a078-11f1-87c7-eeee0a8e79e5.ResilienceCockpit-db-deployer#flowable-async-job-executor-thread-14293#
[PollStageAppStatusExecution] 2d23200b-60aa-4519-b7f8-9f40de7a8ecc [2026-08-25T08:48:28.607653] Calculating dependencies... (STDOUT, APP/TASK/deploy)#
#2026 08 25 11:28:56.878#Z#DEBUG#1118e5ca-a078-11f1-87c7-eeee0a8e79e5.ResilienceCockpit-db-deployer#flowable-async-job-executor-thread-14293#
[PollStageAppStatusExecution] 2d23200b-60aa-4519-b7f8-9f40de7a8ecc [2026-08-25T08:48:28.607656] Expanding... (STDOUT, APP/TASK/deploy)#
#2026 08 25 11:28:56.878#Z#DEBUG#1118e5ca-a078-11f1-87c7-eeee0a8e79e5.ResilienceCockpit-db-deployer#flowable-async-job-executor-thread-14293#
[PollStageAppStatusExecution] 2d23200b-60aa-4519-b7f8-9f40de7a8ecc [2026-08-25T08:48:28.607659] Expanding... ok (0s 13ms) (STDOUT, APP/TASK/deploy)#
#2026 08 25 11:28:56.878#Z#DEBUG#1118e5ca-a078-11f1-87c7-eeee0a8e79e5.ResilienceCockpit-db-deployer#flowable-async-job-executor-thread-14293#
[PollStageAppStatusExecution] 2d23200b-60aa-4519-b7f8-9f40de7a8ecc [2026-08-25T08:48:28.607682] Precompiling... (STDOUT, APP/TASK/deploy)#
#2026 08 25 11:28:56.878#Z#DEBUG#1118e5ca-a078-11f1-87c7-eeee0a8e79e5.ResilienceCockpit-db-deployer#flowable-async-job-executor-thread-14293#
[PollStageAppStatusExecution] 2d23200b-60aa-4519-b7f8-9f40de7a8ecc [2026-08-25T08:48:28.607685] Precompiling... ok (0s 0ms) (STDOUT, APP/TASK/deploy)#
#2026 08 25 11:28:56.878#Z#DEBUG#1118e5ca-a078-11f1-87c7-eeee0a8e79e5.ResilienceCockpit-db-deployer#flowable-async-job-executor-thread-14293#
[PollStageAppStatusExecution] 2d23200b-60aa-4519-b7f8-9f40de7a8ecc [2026-08-25T08:48:28.607688] Merging... (STDOUT, APP/TASK/deploy)#
#2026 08 25 11:28:56.878#Z#DEBUG#1118e5ca-a078-11f1-87c7-eeee0a8e79e5.ResilienceCockpit-db-deployer#flowable-async-job-executor-thread-14293#
[PollStageAppStatusExecution] 2d23200b-60aa-4519-b7f8-9f40de7a8ecc [2026-08-25T08:48:28.607704] Merging... ok (0s 0ms) (STDOUT, APP/TASK/deploy)#
#2026 08 25 11:28:56.878#Z#DEBUG#1118e5ca-a078-11f1-87c7-eeee0a8e79e5.ResilienceCockpit-db-deployer#flowable-async-job-executor-thread-14293#
[PollStageAppStatusExecution] 2d23200b-60aa-4519-b7f8-9f40de7a8ecc [2026-08-25T08:48:28.607708] Calculating dependencies... ok (0s 13ms) (STDOUT, APP/TASK/deploy)#
#2026 08 25 11:28:56.878#Z#DEBUG#1118e5ca-a078-11f1-87c7-eeee0a8e79e5.ResilienceCockpit-db-deployer#flowable-async-job-executor-thread-14293#
[PollStageAppStatusExecution] 2d23200b-60aa-4519-b7f8-9f40de7a8ecc [2026-08-25T08:48:28.607711] No make necessary (STDOUT, APP/TASK/deploy)#
#2026 08 25 11:28:56.878#Z#DEBUG#1118e5ca-a078-11f1-87c7-eeee0a8e79e5.ResilienceCockpit-db-deployer#flowable-async-job-executor-thread-14293#
[PollStageAppStatusExecution] 2d23200b-60aa-4519-b7f8-9f40de7a8ecc [2026-08-25T08:48:28.607714] Making... ok (0s 114ms) (STDOUT, APP/TASK/deploy)#
#2026 08 25 11:28:56.878#Z#DEBUG#1118e5ca-a078-11f1-87c7-eeee0a8e79e5.ResilienceCockpit-db-deployer#flowable-async-job-executor-thread-14293#
[PollStageAppStatusExecution] 2d23200b-60aa-4519-b7f8-9f40de7a8ecc [2026-08-25T08:48:28.607718] Enabling table replication for the container schema "8697B1A4A8B84AC49EFF171810969752"... (STDOUT, APP/TASK/deploy)#
#2026 08 25 11:28:56.878#Z#DEBUG#1118e5ca-a078-11f1-87c7-eeee0a8e79e5.ResilienceCockpit-db-deployer#flowable-async-job-executor-thread-14293#
[PollStageAppStatusExecution] 2d23200b-60aa-4519-b7f8-9f40de7a8ecc [2026-08-25T08:48:28.607734] Enabling table replication for the container schema "8697B1A4A8B84AC49EFF171810969752"... ok (0s 21ms) (STDOUT, APP/TASK/deploy)#
#2026 08 25 11:28:56.878#Z#DEBUG#1118e5ca-a078-11f1-87c7-eeee0a8e79e5.ResilienceCockpit-db-deployer#flowable-async-job-executor-thread-14293#
[PollStageAppStatusExecution] 2d23200b-60aa-4519-b7f8-9f40de7a8ecc [2026-08-25T08:48:28.607739] Starting make in the container "8697B1A4A8B84AC49EFF171810969752" with 0 files to deploy, 0 files to undeploy... ok (0s 200ms) (STDOUT, APP/TASK/deploy)#
#2026 08 25 11:28:56.878#Z#DEBUG#1118e5ca-a078-11f1-87c7-eeee0a8e79e5.ResilienceCockpit-db-deployer#flowable-async-job-executor-thread-14293#
[PollStageAppStatusExecution] 2d23200b-60aa-4519-b7f8-9f40de7a8ecc [2026-08-25T08:48:28.608012] Deploying to the container "8697B1A4A8B84AC49EFF171810969752"... ok (0s 491ms) (STDOUT, APP/TASK/deploy)#
#2026 08 25 11:28:56.878#Z#DEBUG#1118e5ca-a078-11f1-87c7-eeee0a8e79e5.ResilienceCockpit-db-deployer#flowable-async-job-executor-thread-14293#
[PollStageAppStatusExecution] 2d23200b-60aa-4519-b7f8-9f40de7a8ecc [2026-08-25T08:48:28.608190] No default-access-role handling needed; global role "8697B1A4A8B84AC49EFF171810969752::access_role" will not be adapted (STDOUT, APP/TASK/deploy)#
#2026 08 25 11:28:56.878#Z#DEBUG#1118e5ca-a078-11f1-87c7-eeee0a8e79e5.ResilienceCockpit-db-deployer#flowable-async-job-executor-thread-14293#
[PollStageAppStatusExecution] 2d23200b-60aa-4519-b7f8-9f40de7a8ecc [2026-08-25T08:48:28.608276] Unlocking the container "8697B1A4A8B84AC49EFF171810969752"... (STDOUT, APP/TASK/deploy)#
#2026 08 25 11:28:56.878#Z#DEBUG#1118e5ca-a078-11f1-87c7-eeee0a8e79e5.ResilienceCockpit-db-deployer#flowable-async-job-executor-thread-14293#
[PollStageAppStatusExecution] 2d23200b-60aa-4519-b7f8-9f40de7a8ecc [2026-08-25T08:48:28.608497] Unlocking the container "8697B1A4A8B84AC49EFF171810969752"... ok (0s 0ms) (STDOUT, APP/TASK/deploy)#
#2026 08 25 11:28:56.878#Z#DEBUG#1118e5ca-a078-11f1-87c7-eeee0a8e79e5.ResilienceCockpit-db-deployer#flowable-async-job-executor-thread-14293#
[PollStageAppStatusExecution] 2d23200b-60aa-4519-b7f8-9f40de7a8ecc [2026-08-25T08:48:28.608605] Deployment to container 8697B1A4A8B84AC49EFF171810969752 done [Deployment ID: none]. (STDOUT, APP/TASK/deploy)#
#2026 08 25 11:28:56.878#Z#DEBUG#1118e5ca-a078-11f1-87c7-eeee0a8e79e5.ResilienceCockpit-db-deployer#flowable-async-job-executor-thread-14293#
[PollStageAppStatusExecution] 2d23200b-60aa-4519-b7f8-9f40de7a8ecc [2026-08-25T08:48:28.608901] Deployment ended at 2026-08-25 08:48:28 (STDOUT, APP/TASK/deploy)#
#2026 08 25 11:28:56.878#Z#DEBUG#1118e5ca-a078-11f1-87c7-eeee0a8e79e5.ResilienceCockpit-db-deployer#flowable-async-job-executor-thread-14293#
[PollStageAppStatusExecution] 2d23200b-60aa-4519-b7f8-9f40de7a8ecc [2026-08-25T08:48:28.609094] (2s 733ms) (STDOUT, APP/TASK/deploy)#
#2026 08 25 11:28:56.878#Z#DEBUG#1118e5ca-a078-11f1-87c7-eeee0a8e79e5.ResilienceCockpit-db-deployer#flowable-async-job-executor-thread-14293#
[PollStageAppStatusExecution] 2d23200b-60aa-4519-b7f8-9f40de7a8ecc [2026-08-25T08:48:28.618452] npm notice (STDERR, APP/TASK/deploy)#
#2026 08 25 11:28:56.878#Z#DEBUG#1118e5ca-a078-11f1-87c7-eeee0a8e79e5.ResilienceCockpit-db-deployer#flowable-async-job-executor-thread-14293#
[PollStageAppStatusExecution] 2d23200b-60aa-4519-b7f8-9f40de7a8ecc [2026-08-25T08:48:28.618467] npm notice New major version of npm available! 11.16.0 -> 12.0.2 (STDERR, APP/TASK/deploy)#
#2026 08 25 11:28:56.878#Z#DEBUG#1118e5ca-a078-11f1-87c7-eeee0a8e79e5.ResilienceCockpit-db-deployer#flowable-async-job-executor-thread-14293#
[PollStageAppStatusExecution] 2d23200b-60aa-4519-b7f8-9f40de7a8ecc [2026-08-25T08:48:28.618470] npm notice Changelog: https://github.com/npm/cli/releases/tag/v12.0.2 (STDERR, APP/TASK/deploy)#
#2026 08 25 11:28:56.878#Z#DEBUG#1118e5ca-a078-11f1-87c7-eeee0a8e79e5.ResilienceCockpit-db-deployer#flowable-async-job-executor-thread-14293#
[PollStageAppStatusExecution] 2d23200b-60aa-4519-b7f8-9f40de7a8ecc [2026-08-25T08:48:28.618472] npm notice To update run: npm install -g npm@12.0.2 (STDERR, APP/TASK/deploy)#
#2026 08 25 11:28:56.878#Z#DEBUG#1118e5ca-a078-11f1-87c7-eeee0a8e79e5.ResilienceCockpit-db-deployer#flowable-async-job-executor-thread-14293#
[PollStageAppStatusExecution] 2d23200b-60aa-4519-b7f8-9f40de7a8ecc [2026-08-25T08:48:28.618474] npm notice (STDERR, APP/TASK/deploy)#
#2026 08 25 11:28:56.878#Z#DEBUG#1118e5ca-a078-11f1-87c7-eeee0a8e79e5.ResilienceCockpit-db-deployer#flowable-async-job-executor-thread-14293#
[PollStageAppStatusExecution] 2d23200b-60aa-4519-b7f8-9f40de7a8ecc [2026-08-25T08:48:28.665938] Exit status 0 (STDOUT, APP/TASK/deploy)#
#2026 08 25 11:28:56.878#Z#DEBUG#1118e5ca-a078-11f1-87c7-eeee0a8e79e5.ResilienceCockpit-db-deployer#flowable-async-job-executor-thread-14293#
[PollStageAppStatusExecution] 2d23200b-60aa-4519-b7f8-9f40de7a8ecc [2026-08-25T08:48:29.555302] Cell 2f709810-9b95-445d-9c2a-0d5af0af5ace stopping instance 67601bc4-e420-4e0e-8b9f-73543b1ddaf0 (STDOUT, CELL)#
#2026 08 25 11:28:56.878#Z#DEBUG#1118e5ca-a078-11f1-87c7-eeee0a8e79e5.ResilienceCockpit-db-deployer#flowable-async-job-executor-thread-14293#
[PollStageAppStatusExecution] 2d23200b-60aa-4519-b7f8-9f40de7a8ecc [2026-08-25T08:48:29.555362] Cell 2f709810-9b95-445d-9c2a-0d5af0af5ace destroying container for instance 67601bc4-e420-4e0e-8b9f-73543b1ddaf0 (STDOUT, CELL)#
#2026 08 25 11:28:56.878#Z#DEBUG#1118e5ca-a078-11f1-87c7-eeee0a8e79e5.ResilienceCockpit-db-deployer#flowable-async-job-executor-thread-14293#
[PollStageAppStatusExecution] 2d23200b-60aa-4519-b7f8-9f40de7a8ecc [2026-08-25T08:48:31.681404] Cell 2f709810-9b95-445d-9c2a-0d5af0af5ace successfully destroyed container for instance 67601bc4-e420-4e0e-8b9f-73543b1ddaf0 (STDOUT, CELL)#
#2026 08 25 11:28:56.878#Z#DEBUG#1118e5ca-a078-11f1-87c7-eeee0a8e79e5.ResilienceCockpit-db-deployer#flowable-async-job-executor-thread-14293#
[PollStageAppStatusExecution] 2d23200b-60aa-4519-b7f8-9f40de7a8ecc [2026-08-25T08:52:14.731069] Updated app with guid 2d23200b-60aa-4519-b7f8-9f40de7a8ecc ({"lifecycle"=>{"data"=>{"buildpacks"=>["nodejs_buildpack"]}, "type"=>"buildpack"}}) (STDOUT, API)#
#2026 08 25 11:28:56.878#Z#DEBUG#1118e5ca-a078-11f1-87c7-eeee0a8e79e5.ResilienceCockpit-db-deployer#flowable-async-job-executor-thread-14293#
[PollStageAppStatusExecution] 2d23200b-60aa-4519-b7f8-9f40de7a8ecc [2026-08-25T08:52:14.820979] Updating process: "web" (STDOUT, API)#
#2026 08 25 11:28:56.878#Z#DEBUG#1118e5ca-a078-11f1-87c7-eeee0a8e79e5.ResilienceCockpit-db-deployer#flowable-async-job-executor-thread-14293#
[PollStageAppStatusExecution] 2d23200b-60aa-4519-b7f8-9f40de7a8ecc [2026-08-25T08:52:21.300681] Uploading app package for app with guid 2d23200b-60aa-4519-b7f8-9f40de7a8ecc (STDOUT, API)#
#2026 08 25 11:28:56.878#Z#DEBUG#1118e5ca-a078-11f1-87c7-eeee0a8e79e5.ResilienceCockpit-db-deployer#flowable-async-job-executor-thread-14293#
[PollStageAppStatusExecution] 2d23200b-60aa-4519-b7f8-9f40de7a8ecc [2026-08-25T08:52:21.473100] Updated app with guid 2d23200b-60aa-4519-b7f8-9f40de7a8ecc ({"environment_variables"=>"[PRIVATE DATA HIDDEN]"}) (STDOUT, API)#
#2026 08 25 11:28:56.878#Z#DEBUG#1118e5ca-a078-11f1-87c7-eeee0a8e79e5.ResilienceCockpit-db-deployer#flowable-async-job-executor-thread-14293#
[PollStageAppStatusExecution] 2d23200b-60aa-4519-b7f8-9f40de7a8ecc [2026-08-25T08:52:31.383492] Creating build for app with guid 2d23200b-60aa-4519-b7f8-9f40de7a8ecc (STDOUT, API)#
#2026 08 25 11:28:56.878#Z#DEBUG#1118e5ca-a078-11f1-87c7-eeee0a8e79e5.ResilienceCockpit-db-deployer#flowable-async-job-executor-thread-14293#
[PollStageAppStatusExecution] 2d23200b-60aa-4519-b7f8-9f40de7a8ecc [2026-08-25T08:52:31.677107] Downloading nodejs_buildpack... (STDOUT, STG)#
#2026 08 25 11:28:56.878#Z#DEBUG#1118e5ca-a078-11f1-87c7-eeee0a8e79e5.ResilienceCockpit-db-deployer#flowable-async-job-executor-thread-14293#
[PollStageAppStatusExecution] 2d23200b-60aa-4519-b7f8-9f40de7a8ecc [2026-08-25T08:52:31.716312] Downloaded nodejs_buildpack (STDOUT, STG)#
#2026 08 25 11:28:56.878#Z#DEBUG#1118e5ca-a078-11f1-87c7-eeee0a8e79e5.ResilienceCockpit-db-deployer#flowable-async-job-executor-thread-14293#
[PollStageAppStatusExecution] 2d23200b-60aa-4519-b7f8-9f40de7a8ecc [2026-08-25T08:52:31.716396] Cell f95ef7fb-a2f2-480d-af80-cd44d0d9846b creating container for instance 19c542bd-8389-4d20-8a1f-a4c27dc35b5f (STDOUT, STG)#
#2026 08 25 11:28:56.878#Z#DEBUG#1118e5ca-a078-11f1-87c7-eeee0a8e79e5.ResilienceCockpit-db-deployer#flowable-async-job-executor-thread-14293#
[PollStageAppStatusExecution] 2d23200b-60aa-4519-b7f8-9f40de7a8ecc [2026-08-25T08:52:32.046228] Security group rules were updated (STDOUT, STG)#
#2026 08 25 11:28:56.878#Z#DEBUG#1118e5ca-a078-11f1-87c7-eeee0a8e79e5.ResilienceCockpit-db-deployer#flowable-async-job-executor-thread-14293#
[PollStageAppStatusExecution] 2d23200b-60aa-4519-b7f8-9f40de7a8ecc [2026-08-25T08:52:32.100741] Cell f95ef7fb-a2f2-480d-af80-cd44d0d9846b successfully created container for instance 19c542bd-8389-4d20-8a1f-a4c27dc35b5f (STDOUT, STG)#
#2026 08 25 11:28:56.878#Z#DEBUG#1118e5ca-a078-11f1-87c7-eeee0a8e79e5.ResilienceCockpit-db-deployer#flowable-async-job-executor-thread-14293#
[PollStageAppStatusExecution] 2d23200b-60aa-4519-b7f8-9f40de7a8ecc [2026-08-25T08:52:32.542143] Downloading app package... (STDOUT, STG)#
#2026 08 25 11:28:56.878#Z#DEBUG#1118e5ca-a078-11f1-87c7-eeee0a8e79e5.ResilienceCockpit-db-deployer#flowable-async-job-executor-thread-14293#
[PollStageAppStatusExecution] 2d23200b-60aa-4519-b7f8-9f40de7a8ecc [2026-08-25T08:52:32.542262] Downloading build artifacts cache... (STDOUT, STG)#
#2026 08 25 11:28:56.878#Z#DEBUG#1118e5ca-a078-11f1-87c7-eeee0a8e79e5.ResilienceCockpit-db-deployer#flowable-async-job-executor-thread-14293#
[PollStageAppStatusExecution] 2d23200b-60aa-4519-b7f8-9f40de7a8ecc [2026-08-25T08:52:32.613615] Downloaded build artifacts cache (222B) (STDOUT, STG)#
#2026 08 25 11:28:56.878#Z#DEBUG#1118e5ca-a078-11f1-87c7-eeee0a8e79e5.ResilienceCockpit-db-deployer#flowable-async-job-executor-thread-14293#
[PollStageAppStatusExecution] 2d23200b-60aa-4519-b7f8-9f40de7a8ecc [2026-08-25T08:52:32.774704] Downloaded app package (2.5M) (STDOUT, STG)#
#2026 08 25 11:28:56.878#Z#DEBUG#1118e5ca-a078-11f1-87c7-eeee0a8e79e5.ResilienceCockpit-db-deployer#flowable-async-job-executor-thread-14293#
[PollStageAppStatusExecution] 2d23200b-60aa-4519-b7f8-9f40de7a8ecc [2026-08-25T08:52:32.836062] -----> Nodejs Buildpack version 1.9.3 (STDOUT, STG)#
#2026 08 25 11:28:56.878#Z#DEBUG#1118e5ca-a078-11f1-87c7-eeee0a8e79e5.ResilienceCockpit-db-deployer#flowable-async-job-executor-thread-14293#
[PollStageAppStatusExecution] 2d23200b-60aa-4519-b7f8-9f40de7a8ecc [2026-08-25T08:52:32.914668] -----> Bootstrapping python (STDOUT, STG)#
#2026 08 25 11:28:56.878#Z#DEBUG#1118e5ca-a078-11f1-87c7-eeee0a8e79e5.ResilienceCockpit-db-deployer#flowable-async-job-executor-thread-14293#
[PollStageAppStatusExecution] 2d23200b-60aa-4519-b7f8-9f40de7a8ecc [2026-08-25T08:52:32.914694] -----> Installing python 3.13.14 (STDOUT, STG)#
#2026 08 25 11:28:56.878#Z#DEBUG#1118e5ca-a078-11f1-87c7-eeee0a8e79e5.ResilienceCockpit-db-deployer#flowable-async-job-executor-thread-14293#
[PollStageAppStatusExecution] 2d23200b-60aa-4519-b7f8-9f40de7a8ecc [2026-08-25T08:52:32.914746] Copy [/tmp/buildpacks/adc5840e3e50b48d/dependencies/4b4266a2ff36730aef37b88b668ca327/python_3.13.14_linux_x64_cflinuxfs4_b80d4954.tgz] (STDOUT, STG)#
#2026 08 25 11:28:56.878#Z#DEBUG#1118e5ca-a078-11f1-87c7-eeee0a8e79e5.ResilienceCockpit-db-deployer#flowable-async-job-executor-thread-14293#
[PollStageAppStatusExecution] 2d23200b-60aa-4519-b7f8-9f40de7a8ecc [2026-08-25T08:52:35.899293] -----> Installing binaries (STDOUT, STG)#
#2026 08 25 11:28:56.878#Z#DEBUG#1118e5ca-a078-11f1-87c7-eeee0a8e79e5.ResilienceCockpit-db-deployer#flowable-async-job-executor-thread-14293#
[PollStageAppStatusExecution] 2d23200b-60aa-4519-b7f8-9f40de7a8ecc [2026-08-25T08:52:35.899321] engines.node (package.json): >=18 (STDOUT, STG)#
#2026 08 25 11:28:56.878#Z#DEBUG#1118e5ca-a078-11f1-87c7-eeee0a8e79e5.ResilienceCockpit-db-deployer#flowable-async-job-executor-thread-14293#
[PollStageAppStatusExecution] 2d23200b-60aa-4519-b7f8-9f40de7a8ecc [2026-08-25T08:52:35.899332] engines.npm (package.json): unspecified (use default) (STDOUT, STG)#
#2026 08 25 11:28:56.878#Z#DEBUG#1118e5ca-a078-11f1-87c7-eeee0a8e79e5.ResilienceCockpit-db-deployer#flowable-async-job-executor-thread-14293#
[PollStageAppStatusExecution] 2d23200b-60aa-4519-b7f8-9f40de7a8ecc [2026-08-25T08:52:35.899497] [31;1m**WARNING**[0m Dangerous semver range (>) in engines.node. See: http://docs.cloudfoundry.org/buildpacks/node/node-tips.html (STDOUT, STG)#
#2026 08 25 11:28:56.878#Z#DEBUG#1118e5ca-a078-11f1-87c7-eeee0a8e79e5.ResilienceCockpit-db-deployer#flowable-async-job-executor-thread-14293#
[PollStageAppStatusExecution] 2d23200b-60aa-4519-b7f8-9f40de7a8ecc [2026-08-25T08:52:35.899527] -----> Installing node 24.18.0 (STDOUT, STG)#
#2026 08 25 11:28:56.878#Z#DEBUG#1118e5ca-a078-11f1-87c7-eeee0a8e79e5.ResilienceCockpit-db-deployer#flowable-async-job-executor-thread-14293#
[PollStageAppStatusExecution] 2d23200b-60aa-4519-b7f8-9f40de7a8ecc [2026-08-25T08:52:35.899552] Copy [/tmp/buildpacks/adc5840e3e50b48d/dependencies/dffbbb835fcd073c4544f78eb6247fac/node_24.18.0_linux_x64_cflinuxfs4_cdfed650.tgz] (STDOUT, STG)#
#2026 08 25 11:28:56.878#Z#DEBUG#1118e5ca-a078-11f1-87c7-eeee0a8e79e5.ResilienceCockpit-db-deployer#flowable-async-job-executor-thread-14293#
[PollStageAppStatusExecution] 2d23200b-60aa-4519-b7f8-9f40de7a8ecc [2026-08-25T08:52:37.635948] Using default npm version: 11.16.0 (STDOUT, STG)#
#2026 08 25 11:28:56.878#Z#DEBUG#1118e5ca-a078-11f1-87c7-eeee0a8e79e5.ResilienceCockpit-db-deployer#flowable-async-job-executor-thread-14293#
[PollStageAppStatusExecution] 2d23200b-60aa-4519-b7f8-9f40de7a8ecc [2026-08-25T08:52:37.635974] -----> Installing yarn 1.22.22 (STDOUT, STG)#
#2026 08 25 11:28:56.878#Z#DEBUG#1118e5ca-a078-11f1-87c7-eeee0a8e79e5.ResilienceCockpit-db-deployer#flowable-async-job-executor-thread-14293#
[PollStageAppStatusExecution] 2d23200b-60aa-4519-b7f8-9f40de7a8ecc [2026-08-25T08:52:37.635980] Copy [/tmp/buildpacks/adc5840e3e50b48d/dependencies/e4fe26756e9984a665478d350474fa2e/yarn_1.22.22_linux_noarch_any-stack_b6132b86.tgz] (STDOUT, STG)#
#2026 08 25 11:28:56.878#Z#DEBUG#1118e5ca-a078-11f1-87c7-eeee0a8e79e5.ResilienceCockpit-db-deployer#flowable-async-job-executor-thread-14293#
[PollStageAppStatusExecution] 2d23200b-60aa-4519-b7f8-9f40de7a8ecc [2026-08-25T08:52:37.886616] Installed yarn 1.22.22 (STDOUT, STG)#
#2026 08 25 11:28:56.878#Z#DEBUG#1118e5ca-a078-11f1-87c7-eeee0a8e79e5.ResilienceCockpit-db-deployer#flowable-async-job-executor-thread-14293#
[PollStageAppStatusExecution] 2d23200b-60aa-4519-b7f8-9f40de7a8ecc [2026-08-25T08:52:37.886645] -----> Creating runtime environment (STDOUT, STG)#
#2026 08 25 11:28:56.878#Z#DEBUG#1118e5ca-a078-11f1-87c7-eeee0a8e79e5.ResilienceCockpit-db-deployer#flowable-async-job-executor-thread-14293#
[PollStageAppStatusExecution] 2d23200b-60aa-4519-b7f8-9f40de7a8ecc [2026-08-25T08:52:37.887823] NODE_ENV=production (STDOUT, STG)#
#2026 08 25 11:28:56.878#Z#DEBUG#1118e5ca-a078-11f1-87c7-eeee0a8e79e5.ResilienceCockpit-db-deployer#flowable-async-job-executor-thread-14293#
[PollStageAppStatusExecution] 2d23200b-60aa-4519-b7f8-9f40de7a8ecc [2026-08-25T08:52:37.887849] NODE_HOME=/tmp/contents1028148666/deps/0/node (STDOUT, STG)#
#2026 08 25 11:28:56.878#Z#DEBUG#1118e5ca-a078-11f1-87c7-eeee0a8e79e5.ResilienceCockpit-db-deployer#flowable-async-job-executor-thread-14293#
[PollStageAppStatusExecution] 2d23200b-60aa-4519-b7f8-9f40de7a8ecc [2026-08-25T08:52:37.887853] NODE_MODULES_CACHE=true (STDOUT, STG)#
#2026 08 25 11:28:56.878#Z#DEBUG#1118e5ca-a078-11f1-87c7-eeee0a8e79e5.ResilienceCockpit-db-deployer#flowable-async-job-executor-thread-14293#
[PollStageAppStatusExecution] 2d23200b-60aa-4519-b7f8-9f40de7a8ecc [2026-08-25T08:52:37.887855] NODE_VERBOSE=false (STDOUT, STG)#
#2026 08 25 11:28:56.878#Z#DEBUG#1118e5ca-a078-11f1-87c7-eeee0a8e79e5.ResilienceCockpit-db-deployer#flowable-async-job-executor-thread-14293#
[PollStageAppStatusExecution] 2d23200b-60aa-4519-b7f8-9f40de7a8ecc [2026-08-25T08:52:37.887861] NPM_CONFIG_LOGLEVEL=error (STDOUT, STG)#
#2026 08 25 11:28:56.878#Z#DEBUG#1118e5ca-a078-11f1-87c7-eeee0a8e79e5.ResilienceCockpit-db-deployer#flowable-async-job-executor-thread-14293#
[PollStageAppStatusExecution] 2d23200b-60aa-4519-b7f8-9f40de7a8ecc [2026-08-25T08:52:37.887864] NPM_CONFIG_PRODUCTION=true (STDOUT, STG)#
#2026 08 25 11:28:56.878#Z#DEBUG#1118e5ca-a078-11f1-87c7-eeee0a8e79e5.ResilienceCockpit-db-deployer#flowable-async-job-executor-thread-14293#
[PollStageAppStatusExecution] 2d23200b-60aa-4519-b7f8-9f40de7a8ecc [2026-08-25T08:52:37.887884] -----> Building dependencies (STDOUT, STG)#
#2026 08 25 11:28:56.878#Z#DEBUG#1118e5ca-a078-11f1-87c7-eeee0a8e79e5.ResilienceCockpit-db-deployer#flowable-async-job-executor-thread-14293#
[PollStageAppStatusExecution] 2d23200b-60aa-4519-b7f8-9f40de7a8ecc [2026-08-25T08:52:37.887887] Prebuild detected (node_modules already exists) (STDOUT, STG)#
#2026 08 25 11:28:56.878#Z#DEBUG#1118e5ca-a078-11f1-87c7-eeee0a8e79e5.ResilienceCockpit-db-deployer#flowable-async-job-executor-thread-14293#
[PollStageAppStatusExecution] 2d23200b-60aa-4519-b7f8-9f40de7a8ecc [2026-08-25T08:52:37.887891] Rebuilding any native modules (STDOUT, STG)#
#2026 08 25 11:28:56.878#Z#DEBUG#1118e5ca-a078-11f1-87c7-eeee0a8e79e5.ResilienceCockpit-db-deployer#flowable-async-job-executor-thread-14293#
[PollStageAppStatusExecution] 2d23200b-60aa-4519-b7f8-9f40de7a8ecc [2026-08-25T08:52:38.279107] rebuilt dependencies successfully (STDOUT, STG)#
#2026 08 25 11:28:56.878#Z#DEBUG#1118e5ca-a078-11f1-87c7-eeee0a8e79e5.ResilienceCockpit-db-deployer#flowable-async-job-executor-thread-14293#
[PollStageAppStatusExecution] 2d23200b-60aa-4519-b7f8-9f40de7a8ecc [2026-08-25T08:52:38.326972] Installing any new modules (package.json + package-lock.json) (STDOUT, STG)#
#2026 08 25 11:28:56.878#Z#DEBUG#1118e5ca-a078-11f1-87c7-eeee0a8e79e5.ResilienceCockpit-db-deployer#flowable-async-job-executor-thread-14293#
[PollStageAppStatusExecution] 2d23200b-60aa-4519-b7f8-9f40de7a8ecc [2026-08-25T08:52:38.648671] up to date in 265ms (STDOUT, STG)#
#2026 08 25 11:28:56.878#Z#DEBUG#1118e5ca-a078-11f1-87c7-eeee0a8e79e5.ResilienceCockpit-db-deployer#flowable-async-job-executor-thread-14293#
[PollStageAppStatusExecution] 2d23200b-60aa-4519-b7f8-9f40de7a8ecc [2026-08-25T08:52:38.648942] 4 packages are looking for funding (STDOUT, STG)#
#2026 08 25 11:28:56.878#Z#DEBUG#1118e5ca-a078-11f1-87c7-eeee0a8e79e5.ResilienceCockpit-db-deployer#flowable-async-job-executor-thread-14293#
[PollStageAppStatusExecution] 2d23200b-60aa-4519-b7f8-9f40de7a8ecc [2026-08-25T08:52:38.648986] run `npm fund` for details (STDOUT, STG)#
#2026 08 25 11:28:56.878#Z#DEBUG#1118e5ca-a078-11f1-87c7-eeee0a8e79e5.ResilienceCockpit-db-deployer#flowable-async-job-executor-thread-14293#
[PollStageAppStatusExecution] 2d23200b-60aa-4519-b7f8-9f40de7a8ecc [2026-08-25T08:52:39.107309] Contrast Security no credentials found. Will not write environment files. (STDOUT, STG)#
#2026 08 25 11:28:56.878#Z#DEBUG#1118e5ca-a078-11f1-87c7-eeee0a8e79e5.ResilienceCockpit-db-deployer#flowable-async-job-executor-thread-14293#
[PollStageAppStatusExecution] 2d23200b-60aa-4519-b7f8-9f40de7a8ecc [2026-08-25T08:52:46.647341] Exit status 0 (STDOUT, STG)#
#2026 08 25 11:28:56.878#Z#DEBUG#1118e5ca-a078-11f1-87c7-eeee0a8e79e5.ResilienceCockpit-db-deployer#flowable-async-job-executor-thread-14293#
[PollStageAppStatusExecution] 2d23200b-60aa-4519-b7f8-9f40de7a8ecc [2026-08-25T08:52:46.647376] Uploading droplet, build artifacts cache... (STDOUT, STG)#
#2026 08 25 11:28:56.878#Z#DEBUG#1118e5ca-a078-11f1-87c7-eeee0a8e79e5.ResilienceCockpit-db-deployer#flowable-async-job-executor-thread-14293#
[PollStageAppStatusExecution] 2d23200b-60aa-4519-b7f8-9f40de7a8ecc [2026-08-25T08:52:46.647405] Uploading droplet... (STDOUT, STG)#
#2026 08 25 11:28:56.878#Z#DEBUG#1118e5ca-a078-11f1-87c7-eeee0a8e79e5.ResilienceCockpit-db-deployer#flowable-async-job-executor-thread-14293#
[PollStageAppStatusExecution] 2d23200b-60aa-4519-b7f8-9f40de7a8ecc [2026-08-25T08:52:46.647470] Uploading build artifacts cache... (STDOUT, STG)#
#2026 08 25 11:28:56.878#Z#DEBUG#1118e5ca-a078-11f1-87c7-eeee0a8e79e5.ResilienceCockpit-db-deployer#flowable-async-job-executor-thread-14293#
[PollStageAppStatusExecution] 2d23200b-60aa-4519-b7f8-9f40de7a8ecc [2026-08-25T08:52:46.663811] Uploaded build artifacts cache (221B) (STDOUT, STG)#
#2026 08 25 11:28:56.878#Z#DEBUG#1118e5ca-a078-11f1-87c7-eeee0a8e79e5.ResilienceCockpit-db-deployer#flowable-async-job-executor-thread-14293#
[PollStageAppStatusExecution] 2d23200b-60aa-4519-b7f8-9f40de7a8ecc [2026-08-25T08:52:47.173367] Creating droplet for app with guid 2d23200b-60aa-4519-b7f8-9f40de7a8ecc (STDOUT, API)#
#2026 08 25 11:28:56.878#Z#DEBUG#1118e5ca-a078-11f1-87c7-eeee0a8e79e5.ResilienceCockpit-db-deployer#flowable-async-job-executor-thread-14293#
[PollStageAppStatusExecution] 2d23200b-60aa-4519-b7f8-9f40de7a8ecc [2026-08-25T08:52:50.241269] Uploaded droplet (59.3M) (STDOUT, STG)#
#2026 08 25 11:28:56.878#Z#DEBUG#1118e5ca-a078-11f1-87c7-eeee0a8e79e5.ResilienceCockpit-db-deployer#flowable-async-job-executor-thread-14293#
[PollStageAppStatusExecution] 2d23200b-60aa-4519-b7f8-9f40de7a8ecc [2026-08-25T08:52:50.255627] Uploading complete (STDOUT, STG)#
#2026 08 25 11:28:56.878#Z#DEBUG#1118e5ca-a078-11f1-87c7-eeee0a8e79e5.ResilienceCockpit-db-deployer#flowable-async-job-executor-thread-14293#
[PollStageAppStatusExecution] 2d23200b-60aa-4519-b7f8-9f40de7a8ecc [2026-08-25T08:52:50.411332] Cell f95ef7fb-a2f2-480d-af80-cd44d0d9846b stopping instance 19c542bd-8389-4d20-8a1f-a4c27dc35b5f (STDOUT, STG)#
#2026 08 25 11:28:56.878#Z#DEBUG#1118e5ca-a078-11f1-87c7-eeee0a8e79e5.ResilienceCockpit-db-deployer#flowable-async-job-executor-thread-14293#
[PollStageAppStatusExecution] 2d23200b-60aa-4519-b7f8-9f40de7a8ecc [2026-08-25T08:52:50.411381] Cell f95ef7fb-a2f2-480d-af80-cd44d0d9846b destroying container for instance 19c542bd-8389-4d20-8a1f-a4c27dc35b5f (STDOUT, STG)#
#2026 08 25 11:28:56.878#Z#DEBUG#1118e5ca-a078-11f1-87c7-eeee0a8e79e5.ResilienceCockpit-db-deployer#flowable-async-job-executor-thread-14293#
[PollStageAppStatusExecution] 2d23200b-60aa-4519-b7f8-9f40de7a8ecc [2026-08-25T08:52:50.477913] Staging complete for build 19c542bd-8389-4d20-8a1f-a4c27dc35b5f (STDOUT, API)#
#2026 08 25 11:28:56.878#Z#DEBUG#1118e5ca-a078-11f1-87c7-eeee0a8e79e5.ResilienceCockpit-db-deployer#flowable-async-job-executor-thread-14293#
[PollStageAppStatusExecution] 2d23200b-60aa-4519-b7f8-9f40de7a8ecc [2026-08-25T08:52:51.281633] Updated app with guid 2d23200b-60aa-4519-b7f8-9f40de7a8ecc ({:droplet_guid=>"fd646573-0a99-47d7-8929-d02265e322a4"}) (STDOUT, API)#
#2026 08 25 11:28:56.878#Z#DEBUG#1118e5ca-a078-11f1-87c7-eeee0a8e79e5.ResilienceCockpit-db-deployer#flowable-async-job-executor-thread-14293#
[PollStageAppStatusExecution] 2d23200b-60aa-4519-b7f8-9f40de7a8ecc [2026-08-25T08:52:51.647632] Cell 2cba0a63-a06b-4c2d-9ff8-cb3bec259489 creating container for instance e16cf0ea-1e39-44f1-b4f4-5cc402ba3ac4 (STDOUT, CELL)#
#2026 08 25 11:28:56.878#Z#DEBUG#1118e5ca-a078-11f1-87c7-eeee0a8e79e5.ResilienceCockpit-db-deployer#flowable-async-job-executor-thread-14293#
[PollStageAppStatusExecution] 2d23200b-60aa-4519-b7f8-9f40de7a8ecc [2026-08-25T08:52:51.670097] Cell f95ef7fb-a2f2-480d-af80-cd44d0d9846b successfully destroyed container for instance 19c542bd-8389-4d20-8a1f-a4c27dc35b5f (STDOUT, STG)#
#2026 08 25 11:28:56.878#Z#DEBUG#1118e5ca-a078-11f1-87c7-eeee0a8e79e5.ResilienceCockpit-db-deployer#flowable-async-job-executor-thread-14293#
[PollStageAppStatusExecution] 2d23200b-60aa-4519-b7f8-9f40de7a8ecc [2026-08-25T08:52:51.912669] Security group rules were updated (STDOUT, CELL)#
#2026 08 25 11:28:56.878#Z#DEBUG#1118e5ca-a078-11f1-87c7-eeee0a8e79e5.ResilienceCockpit-db-deployer#flowable-async-job-executor-thread-14293#
[PollStageAppStatusExecution] 2d23200b-60aa-4519-b7f8-9f40de7a8ecc [2026-08-25T08:52:51.972032] Cell 2cba0a63-a06b-4c2d-9ff8-cb3bec259489 successfully created container for instance e16cf0ea-1e39-44f1-b4f4-5cc402ba3ac4 (STDOUT, CELL)#
#2026 08 25 11:28:56.878#Z#DEBUG#1118e5ca-a078-11f1-87c7-eeee0a8e79e5.ResilienceCockpit-db-deployer#flowable-async-job-executor-thread-14293#
[PollStageAppStatusExecution] 2d23200b-60aa-4519-b7f8-9f40de7a8ecc [2026-08-25T08:52:55.803423] Invoking pre-start scripts. (STDOUT, APP/TASK/deploy)#
#2026 08 25 11:28:56.878#Z#DEBUG#1118e5ca-a078-11f1-87c7-eeee0a8e79e5.ResilienceCockpit-db-deployer#flowable-async-job-executor-thread-14293#
[PollStageAppStatusExecution] 2d23200b-60aa-4519-b7f8-9f40de7a8ecc [2026-08-25T08:52:55.944117] Invoking start command. (STDOUT, APP/TASK/deploy)#
#2026 08 25 11:28:56.878#Z#DEBUG#1118e5ca-a078-11f1-87c7-eeee0a8e79e5.ResilienceCockpit-db-deployer#flowable-async-job-executor-thread-14293#
[PollStageAppStatusExecution] 2d23200b-60aa-4519-b7f8-9f40de7a8ecc [2026-08-25T08:52:56.232197] > start (STDOUT, APP/TASK/deploy)#
#2026 08 25 11:28:56.878#Z#DEBUG#1118e5ca-a078-11f1-87c7-eeee0a8e79e5.ResilienceCockpit-db-deployer#flowable-async-job-executor-thread-14293#
[PollStageAppStatusExecution] 2d23200b-60aa-4519-b7f8-9f40de7a8ecc [2026-08-25T08:52:56.232223] > node node_modules/@sap/hdi-deploy/deploy.js --use-hdb --parameter com.sap.hana.di.table/try_fast_table_migration=true (STDOUT, APP/TASK/deploy)#
#2026 08 25 11:28:56.878#Z#DEBUG#1118e5ca-a078-11f1-87c7-eeee0a8e79e5.ResilienceCockpit-db-deployer#flowable-async-job-executor-thread-14293#
[PollStageAppStatusExecution] 2d23200b-60aa-4519-b7f8-9f40de7a8ecc [2026-08-25T08:52:56.330220] VCAP_SERVICES: (STDOUT, APP/TASK/deploy)#
#2026 08 25 11:28:56.878#Z#DEBUG#1118e5ca-a078-11f1-87c7-eeee0a8e79e5.ResilienceCockpit-db-deployer#flowable-async-job-executor-thread-14293#
[PollStageAppStatusExecution] 2d23200b-60aa-4519-b7f8-9f40de7a8ecc [2026-08-25T08:52:56.330626] { (STDOUT, APP/TASK/deploy)#
#2026 08 25 11:28:56.878#Z#DEBUG#1118e5ca-a078-11f1-87c7-eeee0a8e79e5.ResilienceCockpit-db-deployer#flowable-async-job-executor-thread-14293#
[PollStageAppStatusExecution] 2d23200b-60aa-4519-b7f8-9f40de7a8ecc [2026-08-25T08:52:56.330643] "hana": [ (STDOUT, APP/TASK/deploy)#
#2026 08 25 11:28:56.878#Z#DEBUG#1118e5ca-a078-11f1-87c7-eeee0a8e79e5.ResilienceCockpit-db-deployer#flowable-async-job-executor-thread-14293#
[PollStageAppStatusExecution] 2d23200b-60aa-4519-b7f8-9f40de7a8ecc [2026-08-25T08:52:56.330645] { (STDOUT, APP/TASK/deploy)#
#2026 08 25 11:28:56.878#Z#DEBUG#1118e5ca-a078-11f1-87c7-eeee0a8e79e5.ResilienceCockpit-db-deployer#flowable-async-job-executor-thread-14293#
[PollStageAppStatusExecution] 2d23200b-60aa-4519-b7f8-9f40de7a8ecc [2026-08-25T08:52:56.330649] "name": "ResilienceCockpit-db", (STDOUT, APP/TASK/deploy)#
#2026 08 25 11:28:56.878#Z#DEBUG#1118e5ca-a078-11f1-87c7-eeee0a8e79e5.ResilienceCockpit-db-deployer#flowable-async-job-executor-thread-14293#
[PollStageAppStatusExecution] 2d23200b-60aa-4519-b7f8-9f40de7a8ecc [2026-08-25T08:52:56.330656] "label": "hana", (STDOUT, APP/TASK/deploy)#
#2026 08 25 11:28:56.878#Z#DEBUG#1118e5ca-a078-11f1-87c7-eeee0a8e79e5.ResilienceCockpit-db-deployer#flowable-async-job-executor-thread-14293#
[PollStageAppStatusExecution] 2d23200b-60aa-4519-b7f8-9f40de7a8ecc [2026-08-25T08:52:56.330659] "plan": "hdi-shared", (STDOUT, APP/TASK/deploy)#
#2026 08 25 11:28:56.878#Z#DEBUG#1118e5ca-a078-11f1-87c7-eeee0a8e79e5.ResilienceCockpit-db-deployer#flowable-async-job-executor-thread-14293#
[PollStageAppStatusExecution] 2d23200b-60aa-4519-b7f8-9f40de7a8ecc [2026-08-25T08:52:56.330664] "credentials": { (STDOUT, APP/TASK/deploy)#
#2026 08 25 11:28:56.878#Z#DEBUG#1118e5ca-a078-11f1-87c7-eeee0a8e79e5.ResilienceCockpit-db-deployer#flowable-async-job-executor-thread-14293#
[PollStageAppStatusExecution] 2d23200b-60aa-4519-b7f8-9f40de7a8ecc [2026-08-25T08:52:56.330667] "schema": "8697B1A4A8B84AC49EFF171810969752", (STDOUT, APP/TASK/deploy)#
#2026 08 25 11:28:56.878#Z#DEBUG#1118e5ca-a078-11f1-87c7-eeee0a8e79e5.ResilienceCockpit-db-deployer#flowable-async-job-executor-thread-14293#
[PollStageAppStatusExecution] 2d23200b-60aa-4519-b7f8-9f40de7a8ecc [2026-08-25T08:52:56.330674] "database_id": "eb9e608b-a8d8-462e-98e7-906abde25244", (STDOUT, APP/TASK/deploy)#
#2026 08 25 11:28:56.878#Z#DEBUG#1118e5ca-a078-11f1-87c7-eeee0a8e79e5.ResilienceCockpit-db-deployer#flowable-async-job-executor-thread-14293#
[PollStageAppStatusExecution] 2d23200b-60aa-4519-b7f8-9f40de7a8ecc [2026-08-25T08:52:56.330677] "user": "8697B1A4A8B84AC49EFF171810969752_94GU5GV2BBQ6JWQX102ZOJ91W_RT", (STDOUT, APP/TASK/deploy)#
#2026 08 25 11:28:56.878#Z#DEBUG#1118e5ca-a078-11f1-87c7-eeee0a8e79e5.ResilienceCockpit-db-deployer#flowable-async-job-executor-thread-14293#
[PollStageAppStatusExecution] 2d23200b-60aa-4519-b7f8-9f40de7a8ecc [2026-08-25T08:52:56.330679] "hdi_user": "8697B1A4A8B84AC49EFF171810969752_94GU5GV2BBQ6JWQX102ZOJ91W_DT" (STDOUT, APP/TASK/deploy)#
#2026 08 25 11:28:56.878#Z#DEBUG#1118e5ca-a078-11f1-87c7-eeee0a8e79e5.ResilienceCockpit-db-deployer#flowable-async-job-executor-thread-14293#
[PollStageAppStatusExecution] 2d23200b-60aa-4519-b7f8-9f40de7a8ecc [2026-08-25T08:52:56.330683] }, (STDOUT, APP/TASK/deploy)#
#2026 08 25 11:28:56.878#Z#DEBUG#1118e5ca-a078-11f1-87c7-eeee0a8e79e5.ResilienceCockpit-db-deployer#flowable-async-job-executor-thread-14293#
[PollStageAppStatusExecution] 2d23200b-60aa-4519-b7f8-9f40de7a8ecc [2026-08-25T08:52:56.330688] "tags": [ (STDOUT, APP/TASK/deploy)#
#2026 08 25 11:28:56.878#Z#DEBUG#1118e5ca-a078-11f1-87c7-eeee0a8e79e5.ResilienceCockpit-db-deployer#flowable-async-job-executor-thread-14293#
[PollStageAppStatusExecution] 2d23200b-60aa-4519-b7f8-9f40de7a8ecc [2026-08-25T08:52:56.330692] "hana", (STDOUT, APP/TASK/deploy)#
#2026 08 25 11:28:56.878#Z#DEBUG#1118e5ca-a078-11f1-87c7-eeee0a8e79e5.ResilienceCockpit-db-deployer#flowable-async-job-executor-thread-14293#
[PollStageAppStatusExecution] 2d23200b-60aa-4519-b7f8-9f40de7a8ecc [2026-08-25T08:52:56.330694] "database", (STDOUT, APP/TASK/deploy)#
#2026 08 25 11:28:56.878#Z#DEBUG#1118e5ca-a078-11f1-87c7-eeee0a8e79e5.ResilienceCockpit-db-deployer#flowable-async-job-executor-thread-14293#
[PollStageAppStatusExecution] 2d23200b-60aa-4519-b7f8-9f40de7a8ecc [2026-08-25T08:52:56.330696] "relational" (STDOUT, APP/TASK/deploy)#
#2026 08 25 11:28:56.878#Z#DEBUG#1118e5ca-a078-11f1-87c7-eeee0a8e79e5.ResilienceCockpit-db-deployer#flowable-async-job-executor-thread-14293#
[PollStageAppStatusExecution] 2d23200b-60aa-4519-b7f8-9f40de7a8ecc [2026-08-25T08:52:56.330698] ] (STDOUT, APP/TASK/deploy)#
#2026 08 25 11:28:56.878#Z#DEBUG#1118e5ca-a078-11f1-87c7-eeee0a8e79e5.ResilienceCockpit-db-deployer#flowable-async-job-executor-thread-14293#
[PollStageAppStatusExecution] 2d23200b-60aa-4519-b7f8-9f40de7a8ecc [2026-08-25T08:52:56.330699] } (STDOUT, APP/TASK/deploy)#
#2026 08 25 11:28:56.878#Z#DEBUG#1118e5ca-a078-11f1-87c7-eeee0a8e79e5.ResilienceCockpit-db-deployer#flowable-async-job-executor-thread-14293#
[PollStageAppStatusExecution] 2d23200b-60aa-4519-b7f8-9f40de7a8ecc [2026-08-25T08:52:56.330701] ] (STDOUT, APP/TASK/deploy)#
#2026 08 25 11:28:56.878#Z#DEBUG#1118e5ca-a078-11f1-87c7-eeee0a8e79e5.ResilienceCockpit-db-deployer#flowable-async-job-executor-thread-14293#
[PollStageAppStatusExecution] 2d23200b-60aa-4519-b7f8-9f40de7a8ecc [2026-08-25T08:52:56.330702] } (STDOUT, APP/TASK/deploy)#
#2026 08 25 11:28:56.878#Z#DEBUG#1118e5ca-a078-11f1-87c7-eeee0a8e79e5.ResilienceCockpit-db-deployer#flowable-async-job-executor-thread-14293#
[PollStageAppStatusExecution] 2d23200b-60aa-4519-b7f8-9f40de7a8ecc [2026-08-25T08:52:56.703854] @sap/hdi-deploy, version 5.7.0 (mode default), server version 4.00.000.00.1785832557 (4.0.0.0), cloud version 2026.14.14, node version 24.18.0, HDI version 1016, container API version 1007 (STDOUT, APP/TASK/deploy)#
#2026 08 25 11:28:56.878#Z#DEBUG#1118e5ca-a078-11f1-87c7-eeee0a8e79e5.ResilienceCockpit-db-deployer#flowable-async-job-executor-thread-14293#
[PollStageAppStatusExecution] 2d23200b-60aa-4519-b7f8-9f40de7a8ecc [2026-08-25T08:52:56.703888] Deployment started at 2026-08-25 08:52:56 (STDOUT, APP/TASK/deploy)#
#2026 08 25 11:28:56.878#Z#DEBUG#1118e5ca-a078-11f1-87c7-eeee0a8e79e5.ResilienceCockpit-db-deployer#flowable-async-job-executor-thread-14293#
[PollStageAppStatusExecution] 2d23200b-60aa-4519-b7f8-9f40de7a8ecc [2026-08-25T08:52:56.704137] Using hdb@2.29.6 for connection (STDOUT, APP/TASK/deploy)#
#2026 08 25 11:28:56.878#Z#DEBUG#1118e5ca-a078-11f1-87c7-eeee0a8e79e5.ResilienceCockpit-db-deployer#flowable-async-job-executor-thread-14293#
[PollStageAppStatusExecution] 2d23200b-60aa-4519-b7f8-9f40de7a8ecc [2026-08-25T08:52:56.716840] No ignore file at /home/vcap/app/.hdiignore. (STDOUT, APP/TASK/deploy)#
#2026 08 25 11:28:56.878#Z#DEBUG#1118e5ca-a078-11f1-87c7-eeee0a8e79e5.ResilienceCockpit-db-deployer#flowable-async-job-executor-thread-14293#
[PollStageAppStatusExecution] 2d23200b-60aa-4519-b7f8-9f40de7a8ecc [2026-08-25T08:52:56.717144] Collecting files... (STDOUT, APP/TASK/deploy)#
#2026 08 25 11:28:56.878#Z#DEBUG#1118e5ca-a078-11f1-87c7-eeee0a8e79e5.ResilienceCockpit-db-deployer#flowable-async-job-executor-thread-14293#
[PollStageAppStatusExecution] 2d23200b-60aa-4519-b7f8-9f40de7a8ecc [2026-08-25T08:52:56.721297] Collecting files... ok (0s 4ms) (STDOUT, APP/TASK/deploy)#
#2026 08 25 11:28:56.878#Z#DEBUG#1118e5ca-a078-11f1-87c7-eeee0a8e79e5.ResilienceCockpit-db-deployer#flowable-async-job-executor-thread-14293#
[PollStageAppStatusExecution] 2d23200b-60aa-4519-b7f8-9f40de7a8ecc [2026-08-25T08:52:56.721310] 3 directories collected (STDOUT, APP/TASK/deploy)#
#2026 08 25 11:28:56.878#Z#DEBUG#1118e5ca-a078-11f1-87c7-eeee0a8e79e5.ResilienceCockpit-db-deployer#flowable-async-job-executor-thread-14293#
[PollStageAppStatusExecution] 2d23200b-60aa-4519-b7f8-9f40de7a8ecc [2026-08-25T08:52:56.721313] 100 files collected (STDOUT, APP/TASK/deploy)#
#2026 08 25 11:28:56.878#Z#DEBUG#1118e5ca-a078-11f1-87c7-eeee0a8e79e5.ResilienceCockpit-db-deployer#flowable-async-job-executor-thread-14293#
[PollStageAppStatusExecution] 2d23200b-60aa-4519-b7f8-9f40de7a8ecc [2026-08-25T08:52:56.721315] 0 reusable modules collected (STDOUT, APP/TASK/deploy)#
#2026 08 25 11:28:56.878#Z#DEBUG#1118e5ca-a078-11f1-87c7-eeee0a8e79e5.ResilienceCockpit-db-deployer#flowable-async-job-executor-thread-14293#
[PollStageAppStatusExecution] 2d23200b-60aa-4519-b7f8-9f40de7a8ecc [2026-08-25T08:52:56.721330] Target service: ResilienceCockpit-db (STDOUT, APP/TASK/deploy)#
#2026 08 25 11:28:56.878#Z#DEBUG#1118e5ca-a078-11f1-87c7-eeee0a8e79e5.ResilienceCockpit-db-deployer#flowable-async-job-executor-thread-14293#
[PollStageAppStatusExecution] 2d23200b-60aa-4519-b7f8-9f40de7a8ecc [2026-08-25T08:52:56.894494] Previous build with request ID 55 finished at 2026-08-25T08:48:28.575 with status Rolled back and message: Starting make in the container "8697B1A4A8B84AC49EFF171810969752" with 0 files to deploy, 0 files to undeploy... ok. (STDOUT, APP/TASK/deploy)#
#2026 08 25 11:28:56.878#Z#DEBUG#1118e5ca-a078-11f1-87c7-eeee0a8e79e5.ResilienceCockpit-db-deployer#flowable-async-job-executor-thread-14293#
[PollStageAppStatusExecution] 2d23200b-60aa-4519-b7f8-9f40de7a8ecc [2026-08-25T08:52:56.894520] Processing revoke files... (STDOUT, APP/TASK/deploy)#
#2026 08 25 11:28:56.878#Z#DEBUG#1118e5ca-a078-11f1-87c7-eeee0a8e79e5.ResilienceCockpit-db-deployer#flowable-async-job-executor-thread-14293#
[PollStageAppStatusExecution] 2d23200b-60aa-4519-b7f8-9f40de7a8ecc [2026-08-25T08:52:56.894548] Processing revoke files... ok (0s 0ms) (STDOUT, APP/TASK/deploy)#
#2026 08 25 11:28:56.878#Z#DEBUG#1118e5ca-a078-11f1-87c7-eeee0a8e79e5.ResilienceCockpit-db-deployer#flowable-async-job-executor-thread-14293#
[PollStageAppStatusExecution] 2d23200b-60aa-4519-b7f8-9f40de7a8ecc [2026-08-25T08:52:56.894656] Processing grants files... (STDOUT, APP/TASK/deploy)#
#2026 08 25 11:28:56.878#Z#DEBUG#1118e5ca-a078-11f1-87c7-eeee0a8e79e5.ResilienceCockpit-db-deployer#flowable-async-job-executor-thread-14293#
[PollStageAppStatusExecution] 2d23200b-60aa-4519-b7f8-9f40de7a8ecc [2026-08-25T08:52:56.894686] Processing grants files... ok (0s 0ms) (STDOUT, APP/TASK/deploy)#
#2026 08 25 11:28:56.878#Z#DEBUG#1118e5ca-a078-11f1-87c7-eeee0a8e79e5.ResilienceCockpit-db-deployer#flowable-async-job-executor-thread-14293#
[PollStageAppStatusExecution] 2d23200b-60aa-4519-b7f8-9f40de7a8ecc [2026-08-25T08:52:56.896332] Preprocessing files... (STDOUT, APP/TASK/deploy)#
#2026 08 25 11:28:56.878#Z#DEBUG#1118e5ca-a078-11f1-87c7-eeee0a8e79e5.ResilienceCockpit-db-deployer#flowable-async-job-executor-thread-14293#
[PollStageAppStatusExecution] 2d23200b-60aa-4519-b7f8-9f40de7a8ecc [2026-08-25T08:52:56.896467] Preprocessing files... ok (0s 0ms) (STDOUT, APP/TASK/deploy)#
#2026 08 25 11:28:56.878#Z#DEBUG#1118e5ca-a078-11f1-87c7-eeee0a8e79e5.ResilienceCockpit-db-deployer#flowable-async-job-executor-thread-14293#
[PollStageAppStatusExecution] 2d23200b-60aa-4519-b7f8-9f40de7a8ecc [2026-08-25T08:52:56.896499] Connecting to the container "8697B1A4A8B84AC49EFF171810969752"... (STDOUT, APP/TASK/deploy)#
#2026 08 25 11:28:56.878#Z#DEBUG#1118e5ca-a078-11f1-87c7-eeee0a8e79e5.ResilienceCockpit-db-deployer#flowable-async-job-executor-thread-14293#
[PollStageAppStatusExecution] 2d23200b-60aa-4519-b7f8-9f40de7a8ecc [2026-08-25T08:52:56.960875] Connecting to the container "8697B1A4A8B84AC49EFF171810969752"... ok (0s 64ms) (STDOUT, APP/TASK/deploy)#
#2026 08 25 11:28:56.878#Z#DEBUG#1118e5ca-a078-11f1-87c7-eeee0a8e79e5.ResilienceCockpit-db-deployer#flowable-async-job-executor-thread-14293#
[PollStageAppStatusExecution] 2d23200b-60aa-4519-b7f8-9f40de7a8ecc [2026-08-25T08:52:56.960897] Locking the container "8697B1A4A8B84AC49EFF171810969752"... (STDOUT, APP/TASK/deploy)#
#2026 08 25 11:28:56.878#Z#DEBUG#1118e5ca-a078-11f1-87c7-eeee0a8e79e5.ResilienceCockpit-db-deployer#flowable-async-job-executor-thread-14293#
[PollStageAppStatusExecution] 2d23200b-60aa-4519-b7f8-9f40de7a8ecc [2026-08-25T08:52:57.076778] Locking the container "8697B1A4A8B84AC49EFF171810969752"... ok (0s 116ms) (STDOUT, APP/TASK/deploy)#
#2026 08 25 11:28:56.878#Z#DEBUG#1118e5ca-a078-11f1-87c7-eeee0a8e79e5.ResilienceCockpit-db-deployer#flowable-async-job-executor-thread-14293#
[PollStageAppStatusExecution] 2d23200b-60aa-4519-b7f8-9f40de7a8ecc [2026-08-25T08:52:57.076799] Synchronizing files with the container "8697B1A4A8B84AC49EFF171810969752"... (STDOUT, APP/TASK/deploy)#
#2026 08 25 11:28:56.878#Z#DEBUG#1118e5ca-a078-11f1-87c7-eeee0a8e79e5.ResilienceCockpit-db-deployer#flowable-async-job-executor-thread-14293#
[PollStageAppStatusExecution] 2d23200b-60aa-4519-b7f8-9f40de7a8ecc [2026-08-25T08:52:57.319990] Deleting files... (STDOUT, APP/TASK/deploy)#
#2026 08 25 11:28:56.878#Z#DEBUG#1118e5ca-a078-11f1-87c7-eeee0a8e79e5.ResilienceCockpit-db-deployer#flowable-async-job-executor-thread-14293#
[PollStageAppStatusExecution] 2d23200b-60aa-4519-b7f8-9f40de7a8ecc [2026-08-25T08:52:57.463477] Deleting files... ok (STDOUT, APP/TASK/deploy)#
#2026 08 25 11:28:56.878#Z#DEBUG#1118e5ca-a078-11f1-87c7-eeee0a8e79e5.ResilienceCockpit-db-deployer#flowable-async-job-executor-thread-14293#
[PollStageAppStatusExecution] 2d23200b-60aa-4519-b7f8-9f40de7a8ecc [2026-08-25T08:52:57.463497] Writing files... (STDOUT, APP/TASK/deploy)#
#2026 08 25 11:28:56.878#Z#DEBUG#1118e5ca-a078-11f1-87c7-eeee0a8e79e5.ResilienceCockpit-db-deployer#flowable-async-job-executor-thread-14293#
[PollStageAppStatusExecution] 2d23200b-60aa-4519-b7f8-9f40de7a8ecc [2026-08-25T08:52:57.463607] Writing 3 items (STDOUT, APP/TASK/deploy)#
#2026 08 25 11:28:56.878#Z#DEBUG#1118e5ca-a078-11f1-87c7-eeee0a8e79e5.ResilienceCockpit-db-deployer#flowable-async-job-executor-thread-14293#
[PollStageAppStatusExecution] 2d23200b-60aa-4519-b7f8-9f40de7a8ecc [2026-08-25T08:52:57.626079] Writing files... ok (STDOUT, APP/TASK/deploy)#
#2026 08 25 11:28:56.878#Z#DEBUG#1118e5ca-a078-11f1-87c7-eeee0a8e79e5.ResilienceCockpit-db-deployer#flowable-async-job-executor-thread-14293#
[PollStageAppStatusExecution] 2d23200b-60aa-4519-b7f8-9f40de7a8ecc [2026-08-25T08:52:57.626094] Synchronizing files with the container "8697B1A4A8B84AC49EFF171810969752"... ok (0s 549ms) (STDOUT, APP/TASK/deploy)#
#2026 08 25 11:28:56.878#Z#DEBUG#1118e5ca-a078-11f1-87c7-eeee0a8e79e5.ResilienceCockpit-db-deployer#flowable-async-job-executor-thread-14293#
[PollStageAppStatusExecution] 2d23200b-60aa-4519-b7f8-9f40de7a8ecc [2026-08-25T08:52:57.626437] added files: [] (STDOUT, APP/TASK/deploy)#
#2026 08 25 11:28:56.878#Z#DEBUG#1118e5ca-a078-11f1-87c7-eeee0a8e79e5.ResilienceCockpit-db-deployer#flowable-async-job-executor-thread-14293#
[PollStageAppStatusExecution] 2d23200b-60aa-4519-b7f8-9f40de7a8ecc [2026-08-25T08:52:57.626459] modified files: [] (STDOUT, APP/TASK/deploy)#
#2026 08 25 11:28:56.878#Z#DEBUG#1118e5ca-a078-11f1-87c7-eeee0a8e79e5.ResilienceCockpit-db-deployer#flowable-async-job-executor-thread-14293#
[PollStageAppStatusExecution] 2d23200b-60aa-4519-b7f8-9f40de7a8ecc [2026-08-25T08:52:57.626464] deleted files: [] (STDOUT, APP/TASK/deploy)#
#2026 08 25 11:28:56.878#Z#DEBUG#1118e5ca-a078-11f1-87c7-eeee0a8e79e5.ResilienceCockpit-db-deployer#flowable-async-job-executor-thread-14293#
[PollStageAppStatusExecution] 2d23200b-60aa-4519-b7f8-9f40de7a8ecc [2026-08-25T08:52:57.626483] 0 modified or added files are scheduled for deploy based on delta detection (STDOUT, APP/TASK/deploy)#
#2026 08 25 11:28:56.878#Z#DEBUG#1118e5ca-a078-11f1-87c7-eeee0a8e79e5.ResilienceCockpit-db-deployer#flowable-async-job-executor-thread-14293#
[PollStageAppStatusExecution] 2d23200b-60aa-4519-b7f8-9f40de7a8ecc [2026-08-25T08:52:57.626670] 0 deleted files are scheduled for undeploy based on delta detection (filtered by undeploy allowlist) (STDOUT, APP/TASK/deploy)#
#2026 08 25 11:28:56.878#Z#DEBUG#1118e5ca-a078-11f1-87c7-eeee0a8e79e5.ResilienceCockpit-db-deployer#flowable-async-job-executor-thread-14293#
[PollStageAppStatusExecution] 2d23200b-60aa-4519-b7f8-9f40de7a8ecc [2026-08-25T08:52:57.626801] 0 files are scheduled for deploy based on explicit specification (STDOUT, APP/TASK/deploy)#
#2026 08 25 11:28:56.878#Z#DEBUG#1118e5ca-a078-11f1-87c7-eeee0a8e79e5.ResilienceCockpit-db-deployer#flowable-async-job-executor-thread-14293#
[PollStageAppStatusExecution] 2d23200b-60aa-4519-b7f8-9f40de7a8ecc [2026-08-25T08:52:57.626827] 0 files are scheduled for undeploy based on explicit specification (STDOUT, APP/TASK/deploy)#
#2026 08 25 11:28:56.878#Z#DEBUG#1118e5ca-a078-11f1-87c7-eeee0a8e79e5.ResilienceCockpit-db-deployer#flowable-async-job-executor-thread-14293#
[PollStageAppStatusExecution] 2d23200b-60aa-4519-b7f8-9f40de7a8ecc [2026-08-25T08:52:57.626832] Deploying to the container "8697B1A4A8B84AC49EFF171810969752"... (STDOUT, APP/TASK/deploy)#
#2026 08 25 11:28:56.878#Z#DEBUG#1118e5ca-a078-11f1-87c7-eeee0a8e79e5.ResilienceCockpit-db-deployer#flowable-async-job-executor-thread-14293#
[PollStageAppStatusExecution] 2d23200b-60aa-4519-b7f8-9f40de7a8ecc [2026-08-25T08:52:57.956776] Starting make in the container "8697B1A4A8B84AC49EFF171810969752" with 0 files to deploy, 0 files to undeploy... (STDOUT, APP/TASK/deploy)#
#2026 08 25 11:28:56.878#Z#DEBUG#1118e5ca-a078-11f1-87c7-eeee0a8e79e5.ResilienceCockpit-db-deployer#flowable-async-job-executor-thread-14293#
[PollStageAppStatusExecution] 2d23200b-60aa-4519-b7f8-9f40de7a8ecc [2026-08-25T08:52:57.956807] Disabling table replication for the container schema "8697B1A4A8B84AC49EFF171810969752"... (STDOUT, APP/TASK/deploy)#
#2026 08 25 11:28:56.878#Z#DEBUG#1118e5ca-a078-11f1-87c7-eeee0a8e79e5.ResilienceCockpit-db-deployer#flowable-async-job-executor-thread-14293#
[PollStageAppStatusExecution] 2d23200b-60aa-4519-b7f8-9f40de7a8ecc [2026-08-25T08:52:57.956815] Disabling table replication for the container schema "8697B1A4A8B84AC49EFF171810969752"... ok (0s 8ms) (STDOUT, APP/TASK/deploy)#
#2026 08 25 11:28:56.878#Z#DEBUG#1118e5ca-a078-11f1-87c7-eeee0a8e79e5.ResilienceCockpit-db-deployer#flowable-async-job-executor-thread-14293#
[PollStageAppStatusExecution] 2d23200b-60aa-4519-b7f8-9f40de7a8ecc [2026-08-25T08:52:57.956821] Migrating libraries... (STDOUT, APP/TASK/deploy)#
#2026 08 25 11:28:56.878#Z#DEBUG#1118e5ca-a078-11f1-87c7-eeee0a8e79e5.ResilienceCockpit-db-deployer#flowable-async-job-executor-thread-14293#
[PollStageAppStatusExecution] 2d23200b-60aa-4519-b7f8-9f40de7a8ecc [2026-08-25T08:52:57.956828] Migrating libraries... ok (0s 10ms) (STDOUT, APP/TASK/deploy)#
#2026 08 25 11:28:56.878#Z#DEBUG#1118e5ca-a078-11f1-87c7-eeee0a8e79e5.ResilienceCockpit-db-deployer#flowable-async-job-executor-thread-14293#
[PollStageAppStatusExecution] 2d23200b-60aa-4519-b7f8-9f40de7a8ecc [2026-08-25T08:52:57.956840] Making... (STDOUT, APP/TASK/deploy)#
#2026 08 25 11:28:56.878#Z#DEBUG#1118e5ca-a078-11f1-87c7-eeee0a8e79e5.ResilienceCockpit-db-deployer#flowable-async-job-executor-thread-14293#
[PollStageAppStatusExecution] 2d23200b-60aa-4519-b7f8-9f40de7a8ecc [2026-08-25T08:52:57.956845] Preparing... (STDOUT, APP/TASK/deploy)#
#2026 08 25 11:28:56.878#Z#DEBUG#1118e5ca-a078-11f1-87c7-eeee0a8e79e5.ResilienceCockpit-db-deployer#flowable-async-job-executor-thread-14293#
[PollStageAppStatusExecution] 2d23200b-60aa-4519-b7f8-9f40de7a8ecc [2026-08-25T08:52:57.956874] Preparing... ok (0s 0ms) (STDOUT, APP/TASK/deploy)#
#2026 08 25 11:28:56.878#Z#DEBUG#1118e5ca-a078-11f1-87c7-eeee0a8e79e5.ResilienceCockpit-db-deployer#flowable-async-job-executor-thread-14293#
[PollStageAppStatusExecution] 2d23200b-60aa-4519-b7f8-9f40de7a8ecc [2026-08-25T08:52:57.956881] Preparing the make transaction... (STDOUT, APP/TASK/deploy)#
#2026 08 25 11:28:56.878#Z#DEBUG#1118e5ca-a078-11f1-87c7-eeee0a8e79e5.ResilienceCockpit-db-deployer#flowable-async-job-executor-thread-14293#
[PollStageAppStatusExecution] 2d23200b-60aa-4519-b7f8-9f40de7a8ecc [2026-08-25T08:52:57.956887] Preparing the make transaction... ok (0s 11ms) (STDOUT, APP/TASK/deploy)#
#2026 08 25 11:28:56.878#Z#DEBUG#1118e5ca-a078-11f1-87c7-eeee0a8e79e5.ResilienceCockpit-db-deployer#flowable-async-job-executor-thread-14293#
[PollStageAppStatusExecution] 2d23200b-60aa-4519-b7f8-9f40de7a8ecc [2026-08-25T08:52:57.956892] Calculating dependencies... (STDOUT, APP/TASK/deploy)#
#2026 08 25 11:28:56.878#Z#DEBUG#1118e5ca-a078-11f1-87c7-eeee0a8e79e5.ResilienceCockpit-db-deployer#flowable-async-job-executor-thread-14293#
[PollStageAppStatusExecution] 2d23200b-60aa-4519-b7f8-9f40de7a8ecc [2026-08-25T08:52:57.956898] Expanding... (STDOUT, APP/TASK/deploy)#
#2026 08 25 11:28:56.878#Z#DEBUG#1118e5ca-a078-11f1-87c7-eeee0a8e79e5.ResilienceCockpit-db-deployer#flowable-async-job-executor-thread-14293#
[PollStageAppStatusExecution] 2d23200b-60aa-4519-b7f8-9f40de7a8ecc [2026-08-25T08:52:57.956905] Expanding... ok (0s 4ms) (STDOUT, APP/TASK/deploy)#
#2026 08 25 11:28:56.878#Z#DEBUG#1118e5ca-a078-11f1-87c7-eeee0a8e79e5.ResilienceCockpit-db-deployer#flowable-async-job-executor-thread-14293#
[PollStageAppStatusExecution] 2d23200b-60aa-4519-b7f8-9f40de7a8ecc [2026-08-25T08:52:57.956911] Precompiling... (STDOUT, APP/TASK/deploy)#
#2026 08 25 11:28:56.878#Z#DEBUG#1118e5ca-a078-11f1-87c7-eeee0a8e79e5.ResilienceCockpit-db-deployer#flowable-async-job-executor-thread-14293#
[PollStageAppStatusExecution] 2d23200b-60aa-4519-b7f8-9f40de7a8ecc [2026-08-25T08:52:57.956918] Precompiling... ok (0s 0ms) (STDOUT, APP/TASK/deploy)#
#2026 08 25 11:28:56.878#Z#DEBUG#1118e5ca-a078-11f1-87c7-eeee0a8e79e5.ResilienceCockpit-db-deployer#flowable-async-job-executor-thread-14293#
[PollStageAppStatusExecution] 2d23200b-60aa-4519-b7f8-9f40de7a8ecc [2026-08-25T08:52:57.956924] Merging... (STDOUT, APP/TASK/deploy)#
#2026 08 25 11:28:56.878#Z#DEBUG#1118e5ca-a078-11f1-87c7-eeee0a8e79e5.ResilienceCockpit-db-deployer#flowable-async-job-executor-thread-14293#
[PollStageAppStatusExecution] 2d23200b-60aa-4519-b7f8-9f40de7a8ecc [2026-08-25T08:52:57.956953] Merging... ok (0s 0ms) (STDOUT, APP/TASK/deploy)#
#2026 08 25 11:28:56.878#Z#DEBUG#1118e5ca-a078-11f1-87c7-eeee0a8e79e5.ResilienceCockpit-db-deployer#flowable-async-job-executor-thread-14293#
[PollStageAppStatusExecution] 2d23200b-60aa-4519-b7f8-9f40de7a8ecc [2026-08-25T08:52:57.956960] Calculating dependencies... ok (0s 4ms) (STDOUT, APP/TASK/deploy)#
#2026 08 25 11:28:56.878#Z#DEBUG#1118e5ca-a078-11f1-87c7-eeee0a8e79e5.ResilienceCockpit-db-deployer#flowable-async-job-executor-thread-14293#
[PollStageAppStatusExecution] 2d23200b-60aa-4519-b7f8-9f40de7a8ecc [2026-08-25T08:52:57.956969] No make necessary (STDOUT, APP/TASK/deploy)#
#2026 08 25 11:28:56.878#Z#DEBUG#1118e5ca-a078-11f1-87c7-eeee0a8e79e5.ResilienceCockpit-db-deployer#flowable-async-job-executor-thread-14293#
[PollStageAppStatusExecution] 2d23200b-60aa-4519-b7f8-9f40de7a8ecc [2026-08-25T08:52:57.956981] Making... ok (0s 41ms) (STDOUT, APP/TASK/deploy)#
#2026 08 25 11:28:56.878#Z#DEBUG#1118e5ca-a078-11f1-87c7-eeee0a8e79e5.ResilienceCockpit-db-deployer#flowable-async-job-executor-thread-14293#
[PollStageAppStatusExecution] 2d23200b-60aa-4519-b7f8-9f40de7a8ecc [2026-08-25T08:52:57.956990] Enabling table replication for the container schema "8697B1A4A8B84AC49EFF171810969752"... (STDOUT, APP/TASK/deploy)#
#2026 08 25 11:28:56.878#Z#DEBUG#1118e5ca-a078-11f1-87c7-eeee0a8e79e5.ResilienceCockpit-db-deployer#flowable-async-job-executor-thread-14293#
[PollStageAppStatusExecution] 2d23200b-60aa-4519-b7f8-9f40de7a8ecc [2026-08-25T08:52:57.957022] Enabling table replication for the container schema "8697B1A4A8B84AC49EFF171810969752"... ok (0s 9ms) (STDOUT, APP/TASK/deploy)#
#2026 08 25 11:28:56.878#Z#DEBUG#1118e5ca-a078-11f1-87c7-eeee0a8e79e5.ResilienceCockpit-db-deployer#flowable-async-job-executor-thread-14293#
[PollStageAppStatusExecution] 2d23200b-60aa-4519-b7f8-9f40de7a8ecc [2026-08-25T08:52:57.957029] Starting make in the container "8697B1A4A8B84AC49EFF171810969752" with 0 files to deploy, 0 files to undeploy... ok (0s 75ms) (STDOUT, APP/TASK/deploy)#
#2026 08 25 11:28:56.878#Z#DEBUG#1118e5ca-a078-11f1-87c7-eeee0a8e79e5.ResilienceCockpit-db-deployer#flowable-async-job-executor-thread-14293#
[PollStageAppStatusExecution] 2d23200b-60aa-4519-b7f8-9f40de7a8ecc [2026-08-25T08:52:57.957303] Deploying to the container "8697B1A4A8B84AC49EFF171810969752"... ok (0s 330ms) (STDOUT, APP/TASK/deploy)#
#2026 08 25 11:28:56.878#Z#DEBUG#1118e5ca-a078-11f1-87c7-eeee0a8e79e5.ResilienceCockpit-db-deployer#flowable-async-job-executor-thread-14293#
[PollStageAppStatusExecution] 2d23200b-60aa-4519-b7f8-9f40de7a8ecc [2026-08-25T08:52:57.957503] No default-access-role handling needed; global role "8697B1A4A8B84AC49EFF171810969752::access_role" will not be adapted (STDOUT, APP/TASK/deploy)#
#2026 08 25 11:28:56.878#Z#DEBUG#1118e5ca-a078-11f1-87c7-eeee0a8e79e5.ResilienceCockpit-db-deployer#flowable-async-job-executor-thread-14293#
[PollStageAppStatusExecution] 2d23200b-60aa-4519-b7f8-9f40de7a8ecc [2026-08-25T08:52:57.957548] Unlocking the container "8697B1A4A8B84AC49EFF171810969752"... (STDOUT, APP/TASK/deploy)#
#2026 08 25 11:28:56.878#Z#DEBUG#1118e5ca-a078-11f1-87c7-eeee0a8e79e5.ResilienceCockpit-db-deployer#flowable-async-job-executor-thread-14293#
[PollStageAppStatusExecution] 2d23200b-60aa-4519-b7f8-9f40de7a8ecc [2026-08-25T08:52:57.957768] Unlocking the container "8697B1A4A8B84AC49EFF171810969752"... ok (0s 0ms) (STDOUT, APP/TASK/deploy)#
#2026 08 25 11:28:56.878#Z#DEBUG#1118e5ca-a078-11f1-87c7-eeee0a8e79e5.ResilienceCockpit-db-deployer#flowable-async-job-executor-thread-14293#
[PollStageAppStatusExecution] 2d23200b-60aa-4519-b7f8-9f40de7a8ecc [2026-08-25T08:52:57.957787] Deployment to container 8697B1A4A8B84AC49EFF171810969752 done [Deployment ID: none]. (STDOUT, APP/TASK/deploy)#
#2026 08 25 11:28:56.878#Z#DEBUG#1118e5ca-a078-11f1-87c7-eeee0a8e79e5.ResilienceCockpit-db-deployer#flowable-async-job-executor-thread-14293#
[PollStageAppStatusExecution] 2d23200b-60aa-4519-b7f8-9f40de7a8ecc [2026-08-25T08:52:57.958078] Deployment ended at 2026-08-25 08:52:57 (STDOUT, APP/TASK/deploy)#
#2026 08 25 11:28:56.878#Z#DEBUG#1118e5ca-a078-11f1-87c7-eeee0a8e79e5.ResilienceCockpit-db-deployer#flowable-async-job-executor-thread-14293#
[PollStageAppStatusExecution] 2d23200b-60aa-4519-b7f8-9f40de7a8ecc [2026-08-25T08:52:57.958351] (1s 694ms) (STDOUT, APP/TASK/deploy)#
#2026 08 25 11:28:56.878#Z#DEBUG#1118e5ca-a078-11f1-87c7-eeee0a8e79e5.ResilienceCockpit-db-deployer#flowable-async-job-executor-thread-14293#
[PollStageAppStatusExecution] 2d23200b-60aa-4519-b7f8-9f40de7a8ecc [2026-08-25T08:52:57.967406] npm notice (STDERR, APP/TASK/deploy)#
#2026 08 25 11:28:56.878#Z#DEBUG#1118e5ca-a078-11f1-87c7-eeee0a8e79e5.ResilienceCockpit-db-deployer#flowable-async-job-executor-thread-14293#
[PollStageAppStatusExecution] 2d23200b-60aa-4519-b7f8-9f40de7a8ecc [2026-08-25T08:52:57.967425] npm notice New major version of npm available! 11.16.0 -> 12.0.2 (STDERR, APP/TASK/deploy)#
#2026 08 25 11:28:56.878#Z#DEBUG#1118e5ca-a078-11f1-87c7-eeee0a8e79e5.ResilienceCockpit-db-deployer#flowable-async-job-executor-thread-14293#
[PollStageAppStatusExecution] 2d23200b-60aa-4519-b7f8-9f40de7a8ecc [2026-08-25T08:52:57.967431] npm notice Changelog: https://github.com/npm/cli/releases/tag/v12.0.2 (STDERR, APP/TASK/deploy)#
#2026 08 25 11:28:56.878#Z#DEBUG#1118e5ca-a078-11f1-87c7-eeee0a8e79e5.ResilienceCockpit-db-deployer#flowable-async-job-executor-thread-14293#
[PollStageAppStatusExecution] 2d23200b-60aa-4519-b7f8-9f40de7a8ecc [2026-08-25T08:52:57.967435] npm notice To update run: npm install -g npm@12.0.2 (STDERR, APP/TASK/deploy)#
#2026 08 25 11:28:56.878#Z#DEBUG#1118e5ca-a078-11f1-87c7-eeee0a8e79e5.ResilienceCockpit-db-deployer#flowable-async-job-executor-thread-14293#
[PollStageAppStatusExecution] 2d23200b-60aa-4519-b7f8-9f40de7a8ecc [2026-08-25T08:52:57.967439] npm notice (STDERR, APP/TASK/deploy)#
#2026 08 25 11:28:56.878#Z#DEBUG#1118e5ca-a078-11f1-87c7-eeee0a8e79e5.ResilienceCockpit-db-deployer#flowable-async-job-executor-thread-14293#
[PollStageAppStatusExecution] 2d23200b-60aa-4519-b7f8-9f40de7a8ecc [2026-08-25T08:52:58.013357] Exit status 0 (STDOUT, APP/TASK/deploy)#
#2026 08 25 11:28:56.878#Z#DEBUG#1118e5ca-a078-11f1-87c7-eeee0a8e79e5.ResilienceCockpit-db-deployer#flowable-async-job-executor-thread-14293#
[PollStageAppStatusExecution] 2d23200b-60aa-4519-b7f8-9f40de7a8ecc [2026-08-25T08:52:58.248645] Cell 2cba0a63-a06b-4c2d-9ff8-cb3bec259489 stopping instance e16cf0ea-1e39-44f1-b4f4-5cc402ba3ac4 (STDOUT, CELL)#
#2026 08 25 11:28:56.878#Z#DEBUG#1118e5ca-a078-11f1-87c7-eeee0a8e79e5.ResilienceCockpit-db-deployer#flowable-async-job-executor-thread-14293#
[PollStageAppStatusExecution] 2d23200b-60aa-4519-b7f8-9f40de7a8ecc [2026-08-25T08:52:58.248709] Cell 2cba0a63-a06b-4c2d-9ff8-cb3bec259489 destroying container for instance e16cf0ea-1e39-44f1-b4f4-5cc402ba3ac4 (STDOUT, CELL)#
#2026 08 25 11:28:56.878#Z#DEBUG#1118e5ca-a078-11f1-87c7-eeee0a8e79e5.ResilienceCockpit-db-deployer#flowable-async-job-executor-thread-14293#
[PollStageAppStatusExecution] 2d23200b-60aa-4519-b7f8-9f40de7a8ecc [2026-08-25T08:53:00.350753] Cell 2cba0a63-a06b-4c2d-9ff8-cb3bec259489 successfully destroyed container for instance e16cf0ea-1e39-44f1-b4f4-5cc402ba3ac4 (STDOUT, CELL)#
#2026 08 25 11:28:56.878#Z#DEBUG#1118e5ca-a078-11f1-87c7-eeee0a8e79e5.ResilienceCockpit-db-deployer#flowable-async-job-executor-thread-14293#
[PollStageAppStatusExecution] 2d23200b-60aa-4519-b7f8-9f40de7a8ecc [2026-08-25T08:58:25.232735] Updated app with guid 2d23200b-60aa-4519-b7f8-9f40de7a8ecc ({"lifecycle"=>{"data"=>{"buildpacks"=>["nodejs_buildpack"]}, "type"=>"buildpack"}}) (STDOUT, API)#
#2026 08 25 11:28:56.878#Z#DEBUG#1118e5ca-a078-11f1-87c7-eeee0a8e79e5.ResilienceCockpit-db-deployer#flowable-async-job-executor-thread-14293#
[PollStageAppStatusExecution] 2d23200b-60aa-4519-b7f8-9f40de7a8ecc [2026-08-25T08:58:25.305565] Updating process: "web" (STDOUT, API)#
#2026 08 25 11:28:56.878#Z#DEBUG#1118e5ca-a078-11f1-87c7-eeee0a8e79e5.ResilienceCockpit-db-deployer#flowable-async-job-executor-thread-14293#
[PollStageAppStatusExecution] 2d23200b-60aa-4519-b7f8-9f40de7a8ecc [2026-08-25T08:58:31.595021] Uploading app package for app with guid 2d23200b-60aa-4519-b7f8-9f40de7a8ecc (STDOUT, API)#
#2026 08 25 11:28:56.878#Z#DEBUG#1118e5ca-a078-11f1-87c7-eeee0a8e79e5.ResilienceCockpit-db-deployer#flowable-async-job-executor-thread-14293#
[PollStageAppStatusExecution] 2d23200b-60aa-4519-b7f8-9f40de7a8ecc [2026-08-25T08:58:31.778543] Updated app with guid 2d23200b-60aa-4519-b7f8-9f40de7a8ecc ({"environment_variables"=>"[PRIVATE DATA HIDDEN]"}) (STDOUT, API)#
#2026 08 25 11:28:56.878#Z#DEBUG#1118e5ca-a078-11f1-87c7-eeee0a8e79e5.ResilienceCockpit-db-deployer#flowable-async-job-executor-thread-14293#
[PollStageAppStatusExecution] 2d23200b-60aa-4519-b7f8-9f40de7a8ecc [2026-08-25T08:58:41.577644] Creating build for app with guid 2d23200b-60aa-4519-b7f8-9f40de7a8ecc (STDOUT, API)#
#2026 08 25 11:28:56.878#Z#DEBUG#1118e5ca-a078-11f1-87c7-eeee0a8e79e5.ResilienceCockpit-db-deployer#flowable-async-job-executor-thread-14293#
[PollStageAppStatusExecution] 2d23200b-60aa-4519-b7f8-9f40de7a8ecc [2026-08-25T08:58:41.883703] Downloading nodejs_buildpack... (STDOUT, STG)#
#2026 08 25 11:28:56.878#Z#DEBUG#1118e5ca-a078-11f1-87c7-eeee0a8e79e5.ResilienceCockpit-db-deployer#flowable-async-job-executor-thread-14293#
[PollStageAppStatusExecution] 2d23200b-60aa-4519-b7f8-9f40de7a8ecc [2026-08-25T08:58:41.921851] Downloaded nodejs_buildpack (STDOUT, STG)#
#2026 08 25 11:28:56.878#Z#DEBUG#1118e5ca-a078-11f1-87c7-eeee0a8e79e5.ResilienceCockpit-db-deployer#flowable-async-job-executor-thread-14293#
[PollStageAppStatusExecution] 2d23200b-60aa-4519-b7f8-9f40de7a8ecc [2026-08-25T08:58:41.921927] Cell 919653e1-7038-451d-ac9f-e4bd0de8dbda creating container for instance 654601d5-baf4-4dc9-b209-ecb3e8bacfba (STDOUT, STG)#
#2026 08 25 11:28:56.878#Z#DEBUG#1118e5ca-a078-11f1-87c7-eeee0a8e79e5.ResilienceCockpit-db-deployer#flowable-async-job-executor-thread-14293#
[PollStageAppStatusExecution] 2d23200b-60aa-4519-b7f8-9f40de7a8ecc [2026-08-25T08:58:42.230613] Security group rules were updated (STDOUT, STG)#
#2026 08 25 11:28:56.878#Z#DEBUG#1118e5ca-a078-11f1-87c7-eeee0a8e79e5.ResilienceCockpit-db-deployer#flowable-async-job-executor-thread-14293#
[PollStageAppStatusExecution] 2d23200b-60aa-4519-b7f8-9f40de7a8ecc [2026-08-25T08:58:42.295419] Cell 919653e1-7038-451d-ac9f-e4bd0de8dbda successfully created container for instance 654601d5-baf4-4dc9-b209-ecb3e8bacfba (STDOUT, STG)#
#2026 08 25 11:28:56.878#Z#DEBUG#1118e5ca-a078-11f1-87c7-eeee0a8e79e5.ResilienceCockpit-db-deployer#flowable-async-job-executor-thread-14293#
[PollStageAppStatusExecution] 2d23200b-60aa-4519-b7f8-9f40de7a8ecc [2026-08-25T08:58:42.640323] Downloading app package... (STDOUT, STG)#
#2026 08 25 11:28:56.878#Z#DEBUG#1118e5ca-a078-11f1-87c7-eeee0a8e79e5.ResilienceCockpit-db-deployer#flowable-async-job-executor-thread-14293#
[PollStageAppStatusExecution] 2d23200b-60aa-4519-b7f8-9f40de7a8ecc [2026-08-25T08:58:42.640348] Downloading build artifacts cache... (STDOUT, STG)#
#2026 08 25 11:28:56.878#Z#DEBUG#1118e5ca-a078-11f1-87c7-eeee0a8e79e5.ResilienceCockpit-db-deployer#flowable-async-job-executor-thread-14293#
[PollStageAppStatusExecution] 2d23200b-60aa-4519-b7f8-9f40de7a8ecc [2026-08-25T08:58:42.699536] Downloaded build artifacts cache (221B) (STDOUT, STG)#
#2026 08 25 11:28:56.878#Z#DEBUG#1118e5ca-a078-11f1-87c7-eeee0a8e79e5.ResilienceCockpit-db-deployer#flowable-async-job-executor-thread-14293#
[PollStageAppStatusExecution] 2d23200b-60aa-4519-b7f8-9f40de7a8ecc [2026-08-25T08:58:42.850578] Downloaded app package (2.5M) (STDOUT, STG)#
#2026 08 25 11:28:56.878#Z#DEBUG#1118e5ca-a078-11f1-87c7-eeee0a8e79e5.ResilienceCockpit-db-deployer#flowable-async-job-executor-thread-14293#
[PollStageAppStatusExecution] 2d23200b-60aa-4519-b7f8-9f40de7a8ecc [2026-08-25T08:58:42.901430] -----> Nodejs Buildpack version 1.9.3 (STDOUT, STG)#
#2026 08 25 11:28:56.878#Z#DEBUG#1118e5ca-a078-11f1-87c7-eeee0a8e79e5.ResilienceCockpit-db-deployer#flowable-async-job-executor-thread-14293#
[PollStageAppStatusExecution] 2d23200b-60aa-4519-b7f8-9f40de7a8ecc [2026-08-25T08:58:42.983182] -----> Bootstrapping python (STDOUT, STG)#
#2026 08 25 11:28:56.878#Z#DEBUG#1118e5ca-a078-11f1-87c7-eeee0a8e79e5.ResilienceCockpit-db-deployer#flowable-async-job-executor-thread-14293#
[PollStageAppStatusExecution] 2d23200b-60aa-4519-b7f8-9f40de7a8ecc [2026-08-25T08:58:42.983203] -----> Installing python 3.13.14 (STDOUT, STG)#
#2026 08 25 11:28:56.878#Z#DEBUG#1118e5ca-a078-11f1-87c7-eeee0a8e79e5.ResilienceCockpit-db-deployer#flowable-async-job-executor-thread-14293#
[PollStageAppStatusExecution] 2d23200b-60aa-4519-b7f8-9f40de7a8ecc [2026-08-25T08:58:42.983207] Copy [/tmp/buildpacks/adc5840e3e50b48d/dependencies/4b4266a2ff36730aef37b88b668ca327/python_3.13.14_linux_x64_cflinuxfs4_b80d4954.tgz] (STDOUT, STG)#
#2026 08 25 11:28:56.878#Z#DEBUG#1118e5ca-a078-11f1-87c7-eeee0a8e79e5.ResilienceCockpit-db-deployer#flowable-async-job-executor-thread-14293#
[PollStageAppStatusExecution] 2d23200b-60aa-4519-b7f8-9f40de7a8ecc [2026-08-25T08:58:45.990809] -----> Installing binaries (STDOUT, STG)#
#2026 08 25 11:28:56.878#Z#DEBUG#1118e5ca-a078-11f1-87c7-eeee0a8e79e5.ResilienceCockpit-db-deployer#flowable-async-job-executor-thread-14293#
[PollStageAppStatusExecution] 2d23200b-60aa-4519-b7f8-9f40de7a8ecc [2026-08-25T08:58:45.990848] engines.node (package.json): >=18 (STDOUT, STG)#
#2026 08 25 11:28:56.878#Z#DEBUG#1118e5ca-a078-11f1-87c7-eeee0a8e79e5.ResilienceCockpit-db-deployer#flowable-async-job-executor-thread-14293#
[PollStageAppStatusExecution] 2d23200b-60aa-4519-b7f8-9f40de7a8ecc [2026-08-25T08:58:45.990855] engines.npm (package.json): unspecified (use default) (STDOUT, STG)#
#2026 08 25 11:28:56.878#Z#DEBUG#1118e5ca-a078-11f1-87c7-eeee0a8e79e5.ResilienceCockpit-db-deployer#flowable-async-job-executor-thread-14293#
[PollStageAppStatusExecution] 2d23200b-60aa-4519-b7f8-9f40de7a8ecc [2026-08-25T08:58:45.990866] [31;1m**WARNING**[0m Dangerous semver range (>) in engines.node. See: http://docs.cloudfoundry.org/buildpacks/node/node-tips.html (STDOUT, STG)#
#2026 08 25 11:28:56.878#Z#DEBUG#1118e5ca-a078-11f1-87c7-eeee0a8e79e5.ResilienceCockpit-db-deployer#flowable-async-job-executor-thread-14293#
[PollStageAppStatusExecution] 2d23200b-60aa-4519-b7f8-9f40de7a8ecc [2026-08-25T08:58:45.990976] -----> Installing node 24.18.0 (STDOUT, STG)#
#2026 08 25 11:28:56.878#Z#DEBUG#1118e5ca-a078-11f1-87c7-eeee0a8e79e5.ResilienceCockpit-db-deployer#flowable-async-job-executor-thread-14293#
[PollStageAppStatusExecution] 2d23200b-60aa-4519-b7f8-9f40de7a8ecc [2026-08-25T08:58:45.991088] Copy [/tmp/buildpacks/adc5840e3e50b48d/dependencies/dffbbb835fcd073c4544f78eb6247fac/node_24.18.0_linux_x64_cflinuxfs4_cdfed650.tgz] (STDOUT, STG)#
#2026 08 25 11:28:56.878#Z#DEBUG#1118e5ca-a078-11f1-87c7-eeee0a8e79e5.ResilienceCockpit-db-deployer#flowable-async-job-executor-thread-14293#
[PollStageAppStatusExecution] 2d23200b-60aa-4519-b7f8-9f40de7a8ecc [2026-08-25T08:58:47.730684] Using default npm version: 11.16.0 (STDOUT, STG)#
#2026 08 25 11:28:56.878#Z#DEBUG#1118e5ca-a078-11f1-87c7-eeee0a8e79e5.ResilienceCockpit-db-deployer#flowable-async-job-executor-thread-14293#
[PollStageAppStatusExecution] 2d23200b-60aa-4519-b7f8-9f40de7a8ecc [2026-08-25T08:58:47.730736] -----> Installing yarn 1.22.22 (STDOUT, STG)#
#2026 08 25 11:28:56.878#Z#DEBUG#1118e5ca-a078-11f1-87c7-eeee0a8e79e5.ResilienceCockpit-db-deployer#flowable-async-job-executor-thread-14293#
[PollStageAppStatusExecution] 2d23200b-60aa-4519-b7f8-9f40de7a8ecc [2026-08-25T08:58:47.730765] Copy [/tmp/buildpacks/adc5840e3e50b48d/dependencies/e4fe26756e9984a665478d350474fa2e/yarn_1.22.22_linux_noarch_any-stack_b6132b86.tgz] (STDOUT, STG)#
#2026 08 25 11:28:56.878#Z#DEBUG#1118e5ca-a078-11f1-87c7-eeee0a8e79e5.ResilienceCockpit-db-deployer#flowable-async-job-executor-thread-14293#
[PollStageAppStatusExecution] 2d23200b-60aa-4519-b7f8-9f40de7a8ecc [2026-08-25T08:58:47.977984] Installed yarn 1.22.22 (STDOUT, STG)#
#2026 08 25 11:28:56.878#Z#DEBUG#1118e5ca-a078-11f1-87c7-eeee0a8e79e5.ResilienceCockpit-db-deployer#flowable-async-job-executor-thread-14293#
[PollStageAppStatusExecution] 2d23200b-60aa-4519-b7f8-9f40de7a8ecc [2026-08-25T08:58:47.978008] -----> Creating runtime environment (STDOUT, STG)#
#2026 08 25 11:28:56.878#Z#DEBUG#1118e5ca-a078-11f1-87c7-eeee0a8e79e5.ResilienceCockpit-db-deployer#flowable-async-job-executor-thread-14293#
[PollStageAppStatusExecution] 2d23200b-60aa-4519-b7f8-9f40de7a8ecc [2026-08-25T08:58:47.980116] NODE_ENV=production (STDOUT, STG)#
#2026 08 25 11:28:56.878#Z#DEBUG#1118e5ca-a078-11f1-87c7-eeee0a8e79e5.ResilienceCockpit-db-deployer#flowable-async-job-executor-thread-14293#
[PollStageAppStatusExecution] 2d23200b-60aa-4519-b7f8-9f40de7a8ecc [2026-08-25T08:58:47.980132] NODE_HOME=/tmp/contents1762114057/deps/0/node (STDOUT, STG)#
#2026 08 25 11:28:56.878#Z#DEBUG#1118e5ca-a078-11f1-87c7-eeee0a8e79e5.ResilienceCockpit-db-deployer#flowable-async-job-executor-thread-14293#
[PollStageAppStatusExecution] 2d23200b-60aa-4519-b7f8-9f40de7a8ecc [2026-08-25T08:58:47.980134] NODE_MODULES_CACHE=true (STDOUT, STG)#
#2026 08 25 11:28:56.878#Z#DEBUG#1118e5ca-a078-11f1-87c7-eeee0a8e79e5.ResilienceCockpit-db-deployer#flowable-async-job-executor-thread-14293#
[PollStageAppStatusExecution] 2d23200b-60aa-4519-b7f8-9f40de7a8ecc [2026-08-25T08:58:47.980136] NODE_VERBOSE=false (STDOUT, STG)#
#2026 08 25 11:28:56.878#Z#DEBUG#1118e5ca-a078-11f1-87c7-eeee0a8e79e5.ResilienceCockpit-db-deployer#flowable-async-job-executor-thread-14293#
[PollStageAppStatusExecution] 2d23200b-60aa-4519-b7f8-9f40de7a8ecc [2026-08-25T08:58:47.980138] NPM_CONFIG_LOGLEVEL=error (STDOUT, STG)#
#2026 08 25 11:28:56.878#Z#DEBUG#1118e5ca-a078-11f1-87c7-eeee0a8e79e5.ResilienceCockpit-db-deployer#flowable-async-job-executor-thread-14293#
[PollStageAppStatusExecution] 2d23200b-60aa-4519-b7f8-9f40de7a8ecc [2026-08-25T08:58:47.980141] NPM_CONFIG_PRODUCTION=true (STDOUT, STG)#
#2026 08 25 11:28:56.878#Z#DEBUG#1118e5ca-a078-11f1-87c7-eeee0a8e79e5.ResilienceCockpit-db-deployer#flowable-async-job-executor-thread-14293#
[PollStageAppStatusExecution] 2d23200b-60aa-4519-b7f8-9f40de7a8ecc [2026-08-25T08:58:47.980201] -----> Building dependencies (STDOUT, STG)#
#2026 08 25 11:28:56.878#Z#DEBUG#1118e5ca-a078-11f1-87c7-eeee0a8e79e5.ResilienceCockpit-db-deployer#flowable-async-job-executor-thread-14293#
[PollStageAppStatusExecution] 2d23200b-60aa-4519-b7f8-9f40de7a8ecc [2026-08-25T08:58:47.980223] Prebuild detected (node_modules already exists) (STDOUT, STG)#
#2026 08 25 11:28:56.878#Z#DEBUG#1118e5ca-a078-11f1-87c7-eeee0a8e79e5.ResilienceCockpit-db-deployer#flowable-async-job-executor-thread-14293#
[PollStageAppStatusExecution] 2d23200b-60aa-4519-b7f8-9f40de7a8ecc [2026-08-25T08:58:47.980228] Rebuilding any native modules (STDOUT, STG)#
#2026 08 25 11:28:56.878#Z#DEBUG#1118e5ca-a078-11f1-87c7-eeee0a8e79e5.ResilienceCockpit-db-deployer#flowable-async-job-executor-thread-14293#
[PollStageAppStatusExecution] 2d23200b-60aa-4519-b7f8-9f40de7a8ecc [2026-08-25T08:58:48.372863] rebuilt dependencies successfully (STDOUT, STG)#
#2026 08 25 11:28:56.878#Z#DEBUG#1118e5ca-a078-11f1-87c7-eeee0a8e79e5.ResilienceCockpit-db-deployer#flowable-async-job-executor-thread-14293#
[PollStageAppStatusExecution] 2d23200b-60aa-4519-b7f8-9f40de7a8ecc [2026-08-25T08:58:48.420157] Installing any new modules (package.json + package-lock.json) (STDOUT, STG)#
#2026 08 25 11:28:56.878#Z#DEBUG#1118e5ca-a078-11f1-87c7-eeee0a8e79e5.ResilienceCockpit-db-deployer#flowable-async-job-executor-thread-14293#
[PollStageAppStatusExecution] 2d23200b-60aa-4519-b7f8-9f40de7a8ecc [2026-08-25T08:58:48.745200] up to date in 264ms (STDOUT, STG)#
#2026 08 25 11:28:56.878#Z#DEBUG#1118e5ca-a078-11f1-87c7-eeee0a8e79e5.ResilienceCockpit-db-deployer#flowable-async-job-executor-thread-14293#
[PollStageAppStatusExecution] 2d23200b-60aa-4519-b7f8-9f40de7a8ecc [2026-08-25T08:58:48.745421] 4 packages are looking for funding (STDOUT, STG)#
#2026 08 25 11:28:56.878#Z#DEBUG#1118e5ca-a078-11f1-87c7-eeee0a8e79e5.ResilienceCockpit-db-deployer#flowable-async-job-executor-thread-14293#
[PollStageAppStatusExecution] 2d23200b-60aa-4519-b7f8-9f40de7a8ecc [2026-08-25T08:58:48.745487] run `npm fund` for details (STDOUT, STG)#
#2026 08 25 11:28:56.878#Z#DEBUG#1118e5ca-a078-11f1-87c7-eeee0a8e79e5.ResilienceCockpit-db-deployer#flowable-async-job-executor-thread-14293#
[PollStageAppStatusExecution] 2d23200b-60aa-4519-b7f8-9f40de7a8ecc [2026-08-25T08:58:49.188414] Contrast Security no credentials found. Will not write environment files. (STDOUT, STG)#
#2026 08 25 11:28:56.878#Z#DEBUG#1118e5ca-a078-11f1-87c7-eeee0a8e79e5.ResilienceCockpit-db-deployer#flowable-async-job-executor-thread-14293#
[PollStageAppStatusExecution] 2d23200b-60aa-4519-b7f8-9f40de7a8ecc [2026-08-25T08:58:56.750410] Exit status 0 (STDOUT, STG)#
#2026 08 25 11:28:56.878#Z#DEBUG#1118e5ca-a078-11f1-87c7-eeee0a8e79e5.ResilienceCockpit-db-deployer#flowable-async-job-executor-thread-14293#
[PollStageAppStatusExecution] 2d23200b-60aa-4519-b7f8-9f40de7a8ecc [2026-08-25T08:58:56.750457] Uploading droplet, build artifacts cache... (STDOUT, STG)#
#2026 08 25 11:28:56.878#Z#DEBUG#1118e5ca-a078-11f1-87c7-eeee0a8e79e5.ResilienceCockpit-db-deployer#flowable-async-job-executor-thread-14293#
[PollStageAppStatusExecution] 2d23200b-60aa-4519-b7f8-9f40de7a8ecc [2026-08-25T08:58:56.750490] Uploading build artifacts cache... (STDOUT, STG)#
#2026 08 25 11:28:56.878#Z#DEBUG#1118e5ca-a078-11f1-87c7-eeee0a8e79e5.ResilienceCockpit-db-deployer#flowable-async-job-executor-thread-14293#
[PollStageAppStatusExecution] 2d23200b-60aa-4519-b7f8-9f40de7a8ecc [2026-08-25T08:58:56.750520] Uploading droplet... (STDOUT, STG)#
#2026 08 25 11:28:56.878#Z#DEBUG#1118e5ca-a078-11f1-87c7-eeee0a8e79e5.ResilienceCockpit-db-deployer#flowable-async-job-executor-thread-14293#
[PollStageAppStatusExecution] 2d23200b-60aa-4519-b7f8-9f40de7a8ecc [2026-08-25T08:58:56.765229] Uploaded build artifacts cache (220B) (STDOUT, STG)#
#2026 08 25 11:28:56.878#Z#DEBUG#1118e5ca-a078-11f1-87c7-eeee0a8e79e5.ResilienceCockpit-db-deployer#flowable-async-job-executor-thread-14293#
[PollStageAppStatusExecution] 2d23200b-60aa-4519-b7f8-9f40de7a8ecc [2026-08-25T08:58:57.272641] Creating droplet for app with guid 2d23200b-60aa-4519-b7f8-9f40de7a8ecc (STDOUT, API)#
#2026 08 25 11:28:56.878#Z#DEBUG#1118e5ca-a078-11f1-87c7-eeee0a8e79e5.ResilienceCockpit-db-deployer#flowable-async-job-executor-thread-14293#
[PollStageAppStatusExecution] 2d23200b-60aa-4519-b7f8-9f40de7a8ecc [2026-08-25T08:59:00.337833] Uploaded droplet (59.3M) (STDOUT, STG)#
#2026 08 25 11:28:56.878#Z#DEBUG#1118e5ca-a078-11f1-87c7-eeee0a8e79e5.ResilienceCockpit-db-deployer#flowable-async-job-executor-thread-14293#
[PollStageAppStatusExecution] 2d23200b-60aa-4519-b7f8-9f40de7a8ecc [2026-08-25T08:59:00.351509] Uploading complete (STDOUT, STG)#
#2026 08 25 11:28:56.878#Z#DEBUG#1118e5ca-a078-11f1-87c7-eeee0a8e79e5.ResilienceCockpit-db-deployer#flowable-async-job-executor-thread-14293#
[PollStageAppStatusExecution] 2d23200b-60aa-4519-b7f8-9f40de7a8ecc [2026-08-25T08:59:00.596509] Cell 919653e1-7038-451d-ac9f-e4bd0de8dbda stopping instance 654601d5-baf4-4dc9-b209-ecb3e8bacfba (STDOUT, STG)#
#2026 08 25 11:28:56.878#Z#DEBUG#1118e5ca-a078-11f1-87c7-eeee0a8e79e5.ResilienceCockpit-db-deployer#flowable-async-job-executor-thread-14293#
[PollStageAppStatusExecution] 2d23200b-60aa-4519-b7f8-9f40de7a8ecc [2026-08-25T08:59:00.596602] Cell 919653e1-7038-451d-ac9f-e4bd0de8dbda destroying container for instance 654601d5-baf4-4dc9-b209-ecb3e8bacfba (STDOUT, STG)#
#2026 08 25 11:28:56.878#Z#DEBUG#1118e5ca-a078-11f1-87c7-eeee0a8e79e5.ResilienceCockpit-db-deployer#flowable-async-job-executor-thread-14293#
[PollStageAppStatusExecution] 2d23200b-60aa-4519-b7f8-9f40de7a8ecc [2026-08-25T08:59:00.664531] Staging complete for build 654601d5-baf4-4dc9-b209-ecb3e8bacfba (STDOUT, API)#
#2026 08 25 11:28:56.878#Z#DEBUG#1118e5ca-a078-11f1-87c7-eeee0a8e79e5.ResilienceCockpit-db-deployer#flowable-async-job-executor-thread-14293#
[PollStageAppStatusExecution] 2d23200b-60aa-4519-b7f8-9f40de7a8ecc [2026-08-25T08:59:01.534915] Updated app with guid 2d23200b-60aa-4519-b7f8-9f40de7a8ecc ({:droplet_guid=>"7abbfbde-772a-46f1-a8aa-a5b9a327d521"}) (STDOUT, API)#
#2026 08 25 11:28:56.878#Z#DEBUG#1118e5ca-a078-11f1-87c7-eeee0a8e79e5.ResilienceCockpit-db-deployer#flowable-async-job-executor-thread-14293#
[PollStageAppStatusExecution] 2d23200b-60aa-4519-b7f8-9f40de7a8ecc [2026-08-25T08:59:01.906549] Cell 919653e1-7038-451d-ac9f-e4bd0de8dbda successfully destroyed container for instance 654601d5-baf4-4dc9-b209-ecb3e8bacfba (STDOUT, STG)#
#2026 08 25 11:28:56.878#Z#DEBUG#1118e5ca-a078-11f1-87c7-eeee0a8e79e5.ResilienceCockpit-db-deployer#flowable-async-job-executor-thread-14293#
[PollStageAppStatusExecution] 2d23200b-60aa-4519-b7f8-9f40de7a8ecc [2026-08-25T08:59:01.908160] Cell 911a2f96-661c-46fd-ae0b-1bce220e9e4e creating container for instance a892dc57-6336-47b3-a179-58cf8145c724 (STDOUT, CELL)#
#2026 08 25 11:28:56.878#Z#DEBUG#1118e5ca-a078-11f1-87c7-eeee0a8e79e5.ResilienceCockpit-db-deployer#flowable-async-job-executor-thread-14293#
[PollStageAppStatusExecution] 2d23200b-60aa-4519-b7f8-9f40de7a8ecc [2026-08-25T08:59:02.209758] Security group rules were updated (STDOUT, CELL)#
#2026 08 25 11:28:56.878#Z#DEBUG#1118e5ca-a078-11f1-87c7-eeee0a8e79e5.ResilienceCockpit-db-deployer#flowable-async-job-executor-thread-14293#
[PollStageAppStatusExecution] 2d23200b-60aa-4519-b7f8-9f40de7a8ecc [2026-08-25T08:59:02.263837] Cell 911a2f96-661c-46fd-ae0b-1bce220e9e4e successfully created container for instance a892dc57-6336-47b3-a179-58cf8145c724 (STDOUT, CELL)#
#2026 08 25 11:28:56.878#Z#DEBUG#1118e5ca-a078-11f1-87c7-eeee0a8e79e5.ResilienceCockpit-db-deployer#flowable-async-job-executor-thread-14293#
[PollStageAppStatusExecution] 2d23200b-60aa-4519-b7f8-9f40de7a8ecc [2026-08-25T08:59:05.624744] Invoking pre-start scripts. (STDOUT, APP/TASK/deploy)#
#2026 08 25 11:28:56.878#Z#DEBUG#1118e5ca-a078-11f1-87c7-eeee0a8e79e5.ResilienceCockpit-db-deployer#flowable-async-job-executor-thread-14293#
[PollStageAppStatusExecution] 2d23200b-60aa-4519-b7f8-9f40de7a8ecc [2026-08-25T08:59:05.761978] Invoking start command. (STDOUT, APP/TASK/deploy)#
#2026 08 25 11:28:56.878#Z#DEBUG#1118e5ca-a078-11f1-87c7-eeee0a8e79e5.ResilienceCockpit-db-deployer#flowable-async-job-executor-thread-14293#
[PollStageAppStatusExecution] 2d23200b-60aa-4519-b7f8-9f40de7a8ecc [2026-08-25T08:59:06.053912] > start (STDOUT, APP/TASK/deploy)#
#2026 08 25 11:28:56.878#Z#DEBUG#1118e5ca-a078-11f1-87c7-eeee0a8e79e5.ResilienceCockpit-db-deployer#flowable-async-job-executor-thread-14293#
[PollStageAppStatusExecution] 2d23200b-60aa-4519-b7f8-9f40de7a8ecc [2026-08-25T08:59:06.053935] > node node_modules/@sap/hdi-deploy/deploy.js --use-hdb --parameter com.sap.hana.di.table/try_fast_table_migration=true (STDOUT, APP/TASK/deploy)#
#2026 08 25 11:28:56.878#Z#DEBUG#1118e5ca-a078-11f1-87c7-eeee0a8e79e5.ResilienceCockpit-db-deployer#flowable-async-job-executor-thread-14293#
[PollStageAppStatusExecution] 2d23200b-60aa-4519-b7f8-9f40de7a8ecc [2026-08-25T08:59:06.157610] VCAP_SERVICES: (STDOUT, APP/TASK/deploy)#
#2026 08 25 11:28:56.878#Z#DEBUG#1118e5ca-a078-11f1-87c7-eeee0a8e79e5.ResilienceCockpit-db-deployer#flowable-async-job-executor-thread-14293#
[PollStageAppStatusExecution] 2d23200b-60aa-4519-b7f8-9f40de7a8ecc [2026-08-25T08:59:06.157967] { (STDOUT, APP/TASK/deploy)#
#2026 08 25 11:28:56.878#Z#DEBUG#1118e5ca-a078-11f1-87c7-eeee0a8e79e5.ResilienceCockpit-db-deployer#flowable-async-job-executor-thread-14293#
[PollStageAppStatusExecution] 2d23200b-60aa-4519-b7f8-9f40de7a8ecc [2026-08-25T08:59:06.157982] "hana": [ (STDOUT, APP/TASK/deploy)#
#2026 08 25 11:28:56.878#Z#DEBUG#1118e5ca-a078-11f1-87c7-eeee0a8e79e5.ResilienceCockpit-db-deployer#flowable-async-job-executor-thread-14293#
[PollStageAppStatusExecution] 2d23200b-60aa-4519-b7f8-9f40de7a8ecc [2026-08-25T08:59:06.157985] { (STDOUT, APP/TASK/deploy)#
#2026 08 25 11:28:56.878#Z#DEBUG#1118e5ca-a078-11f1-87c7-eeee0a8e79e5.ResilienceCockpit-db-deployer#flowable-async-job-executor-thread-14293#
[PollStageAppStatusExecution] 2d23200b-60aa-4519-b7f8-9f40de7a8ecc [2026-08-25T08:59:06.157987] "name": "ResilienceCockpit-db", (STDOUT, APP/TASK/deploy)#
#2026 08 25 11:28:56.878#Z#DEBUG#1118e5ca-a078-11f1-87c7-eeee0a8e79e5.ResilienceCockpit-db-deployer#flowable-async-job-executor-thread-14293#
[PollStageAppStatusExecution] 2d23200b-60aa-4519-b7f8-9f40de7a8ecc [2026-08-25T08:59:06.157990] "label": "hana", (STDOUT, APP/TASK/deploy)#
#2026 08 25 11:28:56.878#Z#DEBUG#1118e5ca-a078-11f1-87c7-eeee0a8e79e5.ResilienceCockpit-db-deployer#flowable-async-job-executor-thread-14293#
[PollStageAppStatusExecution] 2d23200b-60aa-4519-b7f8-9f40de7a8ecc [2026-08-25T08:59:06.157992] "plan": "hdi-shared", (STDOUT, APP/TASK/deploy)#
#2026 08 25 11:28:56.878#Z#DEBUG#1118e5ca-a078-11f1-87c7-eeee0a8e79e5.ResilienceCockpit-db-deployer#flowable-async-job-executor-thread-14293#
[PollStageAppStatusExecution] 2d23200b-60aa-4519-b7f8-9f40de7a8ecc [2026-08-25T08:59:06.157994] "credentials": { (STDOUT, APP/TASK/deploy)#
#2026 08 25 11:28:56.878#Z#DEBUG#1118e5ca-a078-11f1-87c7-eeee0a8e79e5.ResilienceCockpit-db-deployer#flowable-async-job-executor-thread-14293#
[PollStageAppStatusExecution] 2d23200b-60aa-4519-b7f8-9f40de7a8ecc [2026-08-25T08:59:06.157998] "schema": "8697B1A4A8B84AC49EFF171810969752", (STDOUT, APP/TASK/deploy)#
#2026 08 25 11:28:56.878#Z#DEBUG#1118e5ca-a078-11f1-87c7-eeee0a8e79e5.ResilienceCockpit-db-deployer#flowable-async-job-executor-thread-14293#
[PollStageAppStatusExecution] 2d23200b-60aa-4519-b7f8-9f40de7a8ecc [2026-08-25T08:59:06.158] "database_id": "eb9e608b-a8d8-462e-98e7-906abde25244", (STDOUT, APP/TASK/deploy)#
#2026 08 25 11:28:56.878#Z#DEBUG#1118e5ca-a078-11f1-87c7-eeee0a8e79e5.ResilienceCockpit-db-deployer#flowable-async-job-executor-thread-14293#
[PollStageAppStatusExecution] 2d23200b-60aa-4519-b7f8-9f40de7a8ecc [2026-08-25T08:59:06.158008] "user": "8697B1A4A8B84AC49EFF171810969752_94GU5GV2BBQ6JWQX102ZOJ91W_RT", (STDOUT, APP/TASK/deploy)#
#2026 08 25 11:28:56.878#Z#DEBUG#1118e5ca-a078-11f1-87c7-eeee0a8e79e5.ResilienceCockpit-db-deployer#flowable-async-job-executor-thread-14293#
[PollStageAppStatusExecution] 2d23200b-60aa-4519-b7f8-9f40de7a8ecc [2026-08-25T08:59:06.158012] "hdi_user": "8697B1A4A8B84AC49EFF171810969752_94GU5GV2BBQ6JWQX102ZOJ91W_DT" (STDOUT, APP/TASK/deploy)#
#2026 08 25 11:28:56.878#Z#DEBUG#1118e5ca-a078-11f1-87c7-eeee0a8e79e5.ResilienceCockpit-db-deployer#flowable-async-job-executor-thread-14293#
[PollStageAppStatusExecution] 2d23200b-60aa-4519-b7f8-9f40de7a8ecc [2026-08-25T08:59:06.158016] }, (STDOUT, APP/TASK/deploy)#
#2026 08 25 11:28:56.878#Z#DEBUG#1118e5ca-a078-11f1-87c7-eeee0a8e79e5.ResilienceCockpit-db-deployer#flowable-async-job-executor-thread-14293#
[PollStageAppStatusExecution] 2d23200b-60aa-4519-b7f8-9f40de7a8ecc [2026-08-25T08:59:06.158018] "tags": [ (STDOUT, APP/TASK/deploy)#
#2026 08 25 11:28:56.878#Z#DEBUG#1118e5ca-a078-11f1-87c7-eeee0a8e79e5.ResilienceCockpit-db-deployer#flowable-async-job-executor-thread-14293#
[PollStageAppStatusExecution] 2d23200b-60aa-4519-b7f8-9f40de7a8ecc [2026-08-25T08:59:06.158020] "hana", (STDOUT, APP/TASK/deploy)#
#2026 08 25 11:28:56.878#Z#DEBUG#1118e5ca-a078-11f1-87c7-eeee0a8e79e5.ResilienceCockpit-db-deployer#flowable-async-job-executor-thread-14293#
[PollStageAppStatusExecution] 2d23200b-60aa-4519-b7f8-9f40de7a8ecc [2026-08-25T08:59:06.158022] "database", (STDOUT, APP/TASK/deploy)#
#2026 08 25 11:28:56.878#Z#DEBUG#1118e5ca-a078-11f1-87c7-eeee0a8e79e5.ResilienceCockpit-db-deployer#flowable-async-job-executor-thread-14293#
[PollStageAppStatusExecution] 2d23200b-60aa-4519-b7f8-9f40de7a8ecc [2026-08-25T08:59:06.158024] "relational" (STDOUT, APP/TASK/deploy)#
#2026 08 25 11:28:56.878#Z#DEBUG#1118e5ca-a078-11f1-87c7-eeee0a8e79e5.ResilienceCockpit-db-deployer#flowable-async-job-executor-thread-14293#
[PollStageAppStatusExecution] 2d23200b-60aa-4519-b7f8-9f40de7a8ecc [2026-08-25T08:59:06.158026] ] (STDOUT, APP/TASK/deploy)#
#2026 08 25 11:28:56.878#Z#DEBUG#1118e5ca-a078-11f1-87c7-eeee0a8e79e5.ResilienceCockpit-db-deployer#flowable-async-job-executor-thread-14293#
[PollStageAppStatusExecution] 2d23200b-60aa-4519-b7f8-9f40de7a8ecc [2026-08-25T08:59:06.158027] } (STDOUT, APP/TASK/deploy)#
#2026 08 25 11:28:56.878#Z#DEBUG#1118e5ca-a078-11f1-87c7-eeee0a8e79e5.ResilienceCockpit-db-deployer#flowable-async-job-executor-thread-14293#
[PollStageAppStatusExecution] 2d23200b-60aa-4519-b7f8-9f40de7a8ecc [2026-08-25T08:59:06.158030] ] (STDOUT, APP/TASK/deploy)#
#2026 08 25 11:28:56.878#Z#DEBUG#1118e5ca-a078-11f1-87c7-eeee0a8e79e5.ResilienceCockpit-db-deployer#flowable-async-job-executor-thread-14293#
[PollStageAppStatusExecution] 2d23200b-60aa-4519-b7f8-9f40de7a8ecc [2026-08-25T08:59:06.158031] } (STDOUT, APP/TASK/deploy)#
#2026 08 25 11:28:56.878#Z#DEBUG#1118e5ca-a078-11f1-87c7-eeee0a8e79e5.ResilienceCockpit-db-deployer#flowable-async-job-executor-thread-14293#
[PollStageAppStatusExecution] 2d23200b-60aa-4519-b7f8-9f40de7a8ecc [2026-08-25T08:59:06.501078] @sap/hdi-deploy, version 5.7.0 (mode default), server version 4.00.000.00.1785832557 (4.0.0.0), cloud version 2026.14.14, node version 24.18.0, HDI version 1016, container API version 1007 (STDOUT, APP/TASK/deploy)#
#2026 08 25 11:28:56.878#Z#DEBUG#1118e5ca-a078-11f1-87c7-eeee0a8e79e5.ResilienceCockpit-db-deployer#flowable-async-job-executor-thread-14293#
[PollStageAppStatusExecution] 2d23200b-60aa-4519-b7f8-9f40de7a8ecc [2026-08-25T08:59:06.501137] Deployment started at 2026-08-25 08:59:06 (STDOUT, APP/TASK/deploy)#
#2026 08 25 11:28:56.878#Z#DEBUG#1118e5ca-a078-11f1-87c7-eeee0a8e79e5.ResilienceCockpit-db-deployer#flowable-async-job-executor-thread-14293#
[PollStageAppStatusExecution] 2d23200b-60aa-4519-b7f8-9f40de7a8ecc [2026-08-25T08:59:06.501304] Using hdb@2.29.6 for connection (STDOUT, APP/TASK/deploy)#
#2026 08 25 11:28:56.878#Z#DEBUG#1118e5ca-a078-11f1-87c7-eeee0a8e79e5.ResilienceCockpit-db-deployer#flowable-async-job-executor-thread-14293#
[PollStageAppStatusExecution] 2d23200b-60aa-4519-b7f8-9f40de7a8ecc [2026-08-25T08:59:06.514592] No ignore file at /home/vcap/app/.hdiignore. (STDOUT, APP/TASK/deploy)#
#2026 08 25 11:28:56.878#Z#DEBUG#1118e5ca-a078-11f1-87c7-eeee0a8e79e5.ResilienceCockpit-db-deployer#flowable-async-job-executor-thread-14293#
[PollStageAppStatusExecution] 2d23200b-60aa-4519-b7f8-9f40de7a8ecc [2026-08-25T08:59:06.514789] Collecting files... (STDOUT, APP/TASK/deploy)#
#2026 08 25 11:28:56.878#Z#DEBUG#1118e5ca-a078-11f1-87c7-eeee0a8e79e5.ResilienceCockpit-db-deployer#flowable-async-job-executor-thread-14293#
[PollStageAppStatusExecution] 2d23200b-60aa-4519-b7f8-9f40de7a8ecc [2026-08-25T08:59:06.519516] Collecting files... ok (0s 5ms) (STDOUT, APP/TASK/deploy)#
#2026 08 25 11:28:56.878#Z#DEBUG#1118e5ca-a078-11f1-87c7-eeee0a8e79e5.ResilienceCockpit-db-deployer#flowable-async-job-executor-thread-14293#
[PollStageAppStatusExecution] 2d23200b-60aa-4519-b7f8-9f40de7a8ecc [2026-08-25T08:59:06.519545] 3 directories collected (STDOUT, APP/TASK/deploy)#
#2026 08 25 11:28:56.878#Z#DEBUG#1118e5ca-a078-11f1-87c7-eeee0a8e79e5.ResilienceCockpit-db-deployer#flowable-async-job-executor-thread-14293#
[PollStageAppStatusExecution] 2d23200b-60aa-4519-b7f8-9f40de7a8ecc [2026-08-25T08:59:06.519555] 100 files collected (STDOUT, APP/TASK/deploy)#
#2026 08 25 11:28:56.878#Z#DEBUG#1118e5ca-a078-11f1-87c7-eeee0a8e79e5.ResilienceCockpit-db-deployer#flowable-async-job-executor-thread-14293#
[PollStageAppStatusExecution] 2d23200b-60aa-4519-b7f8-9f40de7a8ecc [2026-08-25T08:59:06.519558] 0 reusable modules collected (STDOUT, APP/TASK/deploy)#
#2026 08 25 11:28:56.878#Z#DEBUG#1118e5ca-a078-11f1-87c7-eeee0a8e79e5.ResilienceCockpit-db-deployer#flowable-async-job-executor-thread-14293#
[PollStageAppStatusExecution] 2d23200b-60aa-4519-b7f8-9f40de7a8ecc [2026-08-25T08:59:06.519627] Target service: ResilienceCockpit-db (STDOUT, APP/TASK/deploy)#
#2026 08 25 11:28:56.878#Z#DEBUG#1118e5ca-a078-11f1-87c7-eeee0a8e79e5.ResilienceCockpit-db-deployer#flowable-async-job-executor-thread-14293#
[PollStageAppStatusExecution] 2d23200b-60aa-4519-b7f8-9f40de7a8ecc [2026-08-25T08:59:06.658825] Previous build with request ID 60 finished at 2026-08-25T08:52:57.928 with status Rolled back and message: Starting make in the container "8697B1A4A8B84AC49EFF171810969752" with 0 files to deploy, 0 files to undeploy... ok. (STDOUT, APP/TASK/deploy)#
#2026 08 25 11:28:56.878#Z#DEBUG#1118e5ca-a078-11f1-87c7-eeee0a8e79e5.ResilienceCockpit-db-deployer#flowable-async-job-executor-thread-14293#
[PollStageAppStatusExecution] 2d23200b-60aa-4519-b7f8-9f40de7a8ecc [2026-08-25T08:59:06.658950] Processing revoke files... (STDOUT, APP/TASK/deploy)#
#2026 08 25 11:28:56.878#Z#DEBUG#1118e5ca-a078-11f1-87c7-eeee0a8e79e5.ResilienceCockpit-db-deployer#flowable-async-job-executor-thread-14293#
[PollStageAppStatusExecution] 2d23200b-60aa-4519-b7f8-9f40de7a8ecc [2026-08-25T08:59:06.659025] Processing revoke files... ok (0s 0ms) (STDOUT, APP/TASK/deploy)#
#2026 08 25 11:28:56.878#Z#DEBUG#1118e5ca-a078-11f1-87c7-eeee0a8e79e5.ResilienceCockpit-db-deployer#flowable-async-job-executor-thread-14293#
[PollStageAppStatusExecution] 2d23200b-60aa-4519-b7f8-9f40de7a8ecc [2026-08-25T08:59:06.659193] Processing grants files... (STDOUT, APP/TASK/deploy)#
#2026 08 25 11:28:56.878#Z#DEBUG#1118e5ca-a078-11f1-87c7-eeee0a8e79e5.ResilienceCockpit-db-deployer#flowable-async-job-executor-thread-14293#
[PollStageAppStatusExecution] 2d23200b-60aa-4519-b7f8-9f40de7a8ecc [2026-08-25T08:59:06.659239] Processing grants files... ok (0s 0ms) (STDOUT, APP/TASK/deploy)#
#2026 08 25 11:28:56.878#Z#DEBUG#1118e5ca-a078-11f1-87c7-eeee0a8e79e5.ResilienceCockpit-db-deployer#flowable-async-job-executor-thread-14293#
[PollStageAppStatusExecution] 2d23200b-60aa-4519-b7f8-9f40de7a8ecc [2026-08-25T08:59:06.660961] Preprocessing files... (STDOUT, APP/TASK/deploy)#
#2026 08 25 11:28:56.878#Z#DEBUG#1118e5ca-a078-11f1-87c7-eeee0a8e79e5.ResilienceCockpit-db-deployer#flowable-async-job-executor-thread-14293#
[PollStageAppStatusExecution] 2d23200b-60aa-4519-b7f8-9f40de7a8ecc [2026-08-25T08:59:06.661159] Preprocessing files... ok (0s 0ms) (STDOUT, APP/TASK/deploy)#
#2026 08 25 11:28:56.878#Z#DEBUG#1118e5ca-a078-11f1-87c7-eeee0a8e79e5.ResilienceCockpit-db-deployer#flowable-async-job-executor-thread-14293#
[PollStageAppStatusExecution] 2d23200b-60aa-4519-b7f8-9f40de7a8ecc [2026-08-25T08:59:06.661289] Connecting to the container "8697B1A4A8B84AC49EFF171810969752"... (STDOUT, APP/TASK/deploy)#
#2026 08 25 11:28:56.878#Z#DEBUG#1118e5ca-a078-11f1-87c7-eeee0a8e79e5.ResilienceCockpit-db-deployer#flowable-async-job-executor-thread-14293#
[PollStageAppStatusExecution] 2d23200b-60aa-4519-b7f8-9f40de7a8ecc [2026-08-25T08:59:06.718118] Connecting to the container "8697B1A4A8B84AC49EFF171810969752"... ok (0s 57ms) (STDOUT, APP/TASK/deploy)#
#2026 08 25 11:28:56.878#Z#DEBUG#1118e5ca-a078-11f1-87c7-eeee0a8e79e5.ResilienceCockpit-db-deployer#flowable-async-job-executor-thread-14293#
[PollStageAppStatusExecution] 2d23200b-60aa-4519-b7f8-9f40de7a8ecc [2026-08-25T08:59:06.718132] Locking the container "8697B1A4A8B84AC49EFF171810969752"... (STDOUT, APP/TASK/deploy)#
#2026 08 25 11:28:56.878#Z#DEBUG#1118e5ca-a078-11f1-87c7-eeee0a8e79e5.ResilienceCockpit-db-deployer#flowable-async-job-executor-thread-14293#
[PollStageAppStatusExecution] 2d23200b-60aa-4519-b7f8-9f40de7a8ecc [2026-08-25T08:59:06.826245] Locking the container "8697B1A4A8B84AC49EFF171810969752"... ok (0s 108ms) (STDOUT, APP/TASK/deploy)#
#2026 08 25 11:28:56.878#Z#DEBUG#1118e5ca-a078-11f1-87c7-eeee0a8e79e5.ResilienceCockpit-db-deployer#flowable-async-job-executor-thread-14293#
[PollStageAppStatusExecution] 2d23200b-60aa-4519-b7f8-9f40de7a8ecc [2026-08-25T08:59:06.826262] Synchronizing files with the container "8697B1A4A8B84AC49EFF171810969752"... (STDOUT, APP/TASK/deploy)#
#2026 08 25 11:28:56.878#Z#DEBUG#1118e5ca-a078-11f1-87c7-eeee0a8e79e5.ResilienceCockpit-db-deployer#flowable-async-job-executor-thread-14293#
[PollStageAppStatusExecution] 2d23200b-60aa-4519-b7f8-9f40de7a8ecc [2026-08-25T08:59:07.041657] Deleting files... (STDOUT, APP/TASK/deploy)#
#2026 08 25 11:28:56.878#Z#DEBUG#1118e5ca-a078-11f1-87c7-eeee0a8e79e5.ResilienceCockpit-db-deployer#flowable-async-job-executor-thread-14293#
[PollStageAppStatusExecution] 2d23200b-60aa-4519-b7f8-9f40de7a8ecc [2026-08-25T08:59:07.176474] Deleting files... ok (STDOUT, APP/TASK/deploy)#
#2026 08 25 11:28:56.878#Z#DEBUG#1118e5ca-a078-11f1-87c7-eeee0a8e79e5.ResilienceCockpit-db-deployer#flowable-async-job-executor-thread-14293#
[PollStageAppStatusExecution] 2d23200b-60aa-4519-b7f8-9f40de7a8ecc [2026-08-25T08:59:07.176496] Writing files... (STDOUT, APP/TASK/deploy)#
#2026 08 25 11:28:56.878#Z#DEBUG#1118e5ca-a078-11f1-87c7-eeee0a8e79e5.ResilienceCockpit-db-deployer#flowable-async-job-executor-thread-14293#
[PollStageAppStatusExecution] 2d23200b-60aa-4519-b7f8-9f40de7a8ecc [2026-08-25T08:59:07.176625] Writing 3 items (STDOUT, APP/TASK/deploy)#
#2026 08 25 11:28:56.878#Z#DEBUG#1118e5ca-a078-11f1-87c7-eeee0a8e79e5.ResilienceCockpit-db-deployer#flowable-async-job-executor-thread-14293#
[PollStageAppStatusExecution] 2d23200b-60aa-4519-b7f8-9f40de7a8ecc [2026-08-25T08:59:07.317140] Writing files... ok (STDOUT, APP/TASK/deploy)#
#2026 08 25 11:28:56.878#Z#DEBUG#1118e5ca-a078-11f1-87c7-eeee0a8e79e5.ResilienceCockpit-db-deployer#flowable-async-job-executor-thread-14293#
[PollStageAppStatusExecution] 2d23200b-60aa-4519-b7f8-9f40de7a8ecc [2026-08-25T08:59:07.317155] Synchronizing files with the container "8697B1A4A8B84AC49EFF171810969752"... ok (0s 491ms) (STDOUT, APP/TASK/deploy)#
#2026 08 25 11:28:56.878#Z#DEBUG#1118e5ca-a078-11f1-87c7-eeee0a8e79e5.ResilienceCockpit-db-deployer#flowable-async-job-executor-thread-14293#
[PollStageAppStatusExecution] 2d23200b-60aa-4519-b7f8-9f40de7a8ecc [2026-08-25T08:59:07.317405] added files: [] (STDOUT, APP/TASK/deploy)#
#2026 08 25 11:28:56.878#Z#DEBUG#1118e5ca-a078-11f1-87c7-eeee0a8e79e5.ResilienceCockpit-db-deployer#flowable-async-job-executor-thread-14293#
[PollStageAppStatusExecution] 2d23200b-60aa-4519-b7f8-9f40de7a8ecc [2026-08-25T08:59:07.317415] modified files: [] (STDOUT, APP/TASK/deploy)#
#2026 08 25 11:28:56.878#Z#DEBUG#1118e5ca-a078-11f1-87c7-eeee0a8e79e5.ResilienceCockpit-db-deployer#flowable-async-job-executor-thread-14293#
[PollStageAppStatusExecution] 2d23200b-60aa-4519-b7f8-9f40de7a8ecc [2026-08-25T08:59:07.317422] deleted files: [] (STDOUT, APP/TASK/deploy)#
#2026 08 25 11:28:56.878#Z#DEBUG#1118e5ca-a078-11f1-87c7-eeee0a8e79e5.ResilienceCockpit-db-deployer#flowable-async-job-executor-thread-14293#
[PollStageAppStatusExecution] 2d23200b-60aa-4519-b7f8-9f40de7a8ecc [2026-08-25T08:59:07.317552] 0 modified or added files are scheduled for deploy based on delta detection (STDOUT, APP/TASK/deploy)#
#2026 08 25 11:28:56.878#Z#DEBUG#1118e5ca-a078-11f1-87c7-eeee0a8e79e5.ResilienceCockpit-db-deployer#flowable-async-job-executor-thread-14293#
[PollStageAppStatusExecution] 2d23200b-60aa-4519-b7f8-9f40de7a8ecc [2026-08-25T08:59:07.317738] 0 deleted files are scheduled for undeploy based on delta detection (filtered by undeploy allowlist) (STDOUT, APP/TASK/deploy)#
#2026 08 25 11:28:56.878#Z#DEBUG#1118e5ca-a078-11f1-87c7-eeee0a8e79e5.ResilienceCockpit-db-deployer#flowable-async-job-executor-thread-14293#
[PollStageAppStatusExecution] 2d23200b-60aa-4519-b7f8-9f40de7a8ecc [2026-08-25T08:59:07.317824] 0 files are scheduled for deploy based on explicit specification (STDOUT, APP/TASK/deploy)#
#2026 08 25 11:28:56.878#Z#DEBUG#1118e5ca-a078-11f1-87c7-eeee0a8e79e5.ResilienceCockpit-db-deployer#flowable-async-job-executor-thread-14293#
[PollStageAppStatusExecution] 2d23200b-60aa-4519-b7f8-9f40de7a8ecc [2026-08-25T08:59:07.317853] 0 files are scheduled for undeploy based on explicit specification (STDOUT, APP/TASK/deploy)#
#2026 08 25 11:28:56.878#Z#DEBUG#1118e5ca-a078-11f1-87c7-eeee0a8e79e5.ResilienceCockpit-db-deployer#flowable-async-job-executor-thread-14293#
[PollStageAppStatusExecution] 2d23200b-60aa-4519-b7f8-9f40de7a8ecc [2026-08-25T08:59:07.317883] Deploying to the container "8697B1A4A8B84AC49EFF171810969752"... (STDOUT, APP/TASK/deploy)#
#2026 08 25 11:28:56.878#Z#DEBUG#1118e5ca-a078-11f1-87c7-eeee0a8e79e5.ResilienceCockpit-db-deployer#flowable-async-job-executor-thread-14293#
[PollStageAppStatusExecution] 2d23200b-60aa-4519-b7f8-9f40de7a8ecc [2026-08-25T08:59:07.618960] Starting make in the container "8697B1A4A8B84AC49EFF171810969752" with 0 files to deploy, 0 files to undeploy... (STDOUT, APP/TASK/deploy)#
#2026 08 25 11:28:56.878#Z#DEBUG#1118e5ca-a078-11f1-87c7-eeee0a8e79e5.ResilienceCockpit-db-deployer#flowable-async-job-executor-thread-14293#
[PollStageAppStatusExecution] 2d23200b-60aa-4519-b7f8-9f40de7a8ecc [2026-08-25T08:59:07.618975] Disabling table replication for the container schema "8697B1A4A8B84AC49EFF171810969752"... (STDOUT, APP/TASK/deploy)#
#2026 08 25 11:28:56.878#Z#DEBUG#1118e5ca-a078-11f1-87c7-eeee0a8e79e5.ResilienceCockpit-db-deployer#flowable-async-job-executor-thread-14293#
[PollStageAppStatusExecution] 2d23200b-60aa-4519-b7f8-9f40de7a8ecc [2026-08-25T08:59:07.618979] Disabling table replication for the container schema "8697B1A4A8B84AC49EFF171810969752"... ok (0s 14ms) (STDOUT, APP/TASK/deploy)#
#2026 08 25 11:28:56.878#Z#DEBUG#1118e5ca-a078-11f1-87c7-eeee0a8e79e5.ResilienceCockpit-db-deployer#flowable-async-job-executor-thread-14293#
[PollStageAppStatusExecution] 2d23200b-60aa-4519-b7f8-9f40de7a8ecc [2026-08-25T08:59:07.618982] Migrating libraries... (STDOUT, APP/TASK/deploy)#
#2026 08 25 11:28:56.878#Z#DEBUG#1118e5ca-a078-11f1-87c7-eeee0a8e79e5.ResilienceCockpit-db-deployer#flowable-async-job-executor-thread-14293#
[PollStageAppStatusExecution] 2d23200b-60aa-4519-b7f8-9f40de7a8ecc [2026-08-25T08:59:07.618984] Migrating libraries... ok (0s 17ms) (STDOUT, APP/TASK/deploy)#
#2026 08 25 11:28:56.878#Z#DEBUG#1118e5ca-a078-11f1-87c7-eeee0a8e79e5.ResilienceCockpit-db-deployer#flowable-async-job-executor-thread-14293#
[PollStageAppStatusExecution] 2d23200b-60aa-4519-b7f8-9f40de7a8ecc [2026-08-25T08:59:07.618986] Making... (STDOUT, APP/TASK/deploy)#
#2026 08 25 11:28:56.878#Z#DEBUG#1118e5ca-a078-11f1-87c7-eeee0a8e79e5.ResilienceCockpit-db-deployer#flowable-async-job-executor-thread-14293#
[PollStageAppStatusExecution] 2d23200b-60aa-4519-b7f8-9f40de7a8ecc [2026-08-25T08:59:07.618988] Preparing... (STDOUT, APP/TASK/deploy)#
#2026 08 25 11:28:56.878#Z#DEBUG#1118e5ca-a078-11f1-87c7-eeee0a8e79e5.ResilienceCockpit-db-deployer#flowable-async-job-executor-thread-14293#
[PollStageAppStatusExecution] 2d23200b-60aa-4519-b7f8-9f40de7a8ecc [2026-08-25T08:59:07.618989] Preparing... ok (0s 0ms) (STDOUT, APP/TASK/deploy)#
#2026 08 25 11:28:56.878#Z#DEBUG#1118e5ca-a078-11f1-87c7-eeee0a8e79e5.ResilienceCockpit-db-deployer#flowable-async-job-executor-thread-14293#
[PollStageAppStatusExecution] 2d23200b-60aa-4519-b7f8-9f40de7a8ecc [2026-08-25T08:59:07.619018] Preparing the make transaction... (STDOUT, APP/TASK/deploy)#
#2026 08 25 11:28:56.878#Z#DEBUG#1118e5ca-a078-11f1-87c7-eeee0a8e79e5.ResilienceCockpit-db-deployer#flowable-async-job-executor-thread-14293#
[PollStageAppStatusExecution] 2d23200b-60aa-4519-b7f8-9f40de7a8ecc [2026-08-25T08:59:07.619072] Preparing the make transaction... ok (0s 26ms) (STDOUT, APP/TASK/deploy)#
#2026 08 25 11:28:56.878#Z#DEBUG#1118e5ca-a078-11f1-87c7-eeee0a8e79e5.ResilienceCockpit-db-deployer#flowable-async-job-executor-thread-14293#
[PollStageAppStatusExecution] 2d23200b-60aa-4519-b7f8-9f40de7a8ecc [2026-08-25T08:59:07.619080] Calculating dependencies... (STDOUT, APP/TASK/deploy)#
#2026 08 25 11:28:56.878#Z#DEBUG#1118e5ca-a078-11f1-87c7-eeee0a8e79e5.ResilienceCockpit-db-deployer#flowable-async-job-executor-thread-14293#
[PollStageAppStatusExecution] 2d23200b-60aa-4519-b7f8-9f40de7a8ecc [2026-08-25T08:59:07.619084] Expanding... (STDOUT, APP/TASK/deploy)#
#2026 08 25 11:28:56.878#Z#DEBUG#1118e5ca-a078-11f1-87c7-eeee0a8e79e5.ResilienceCockpit-db-deployer#flowable-async-job-executor-thread-14293#
[PollStageAppStatusExecution] 2d23200b-60aa-4519-b7f8-9f40de7a8ecc [2026-08-25T08:59:07.619089] Expanding... ok (0s 7ms) (STDOUT, APP/TASK/deploy)#
#2026 08 25 11:28:56.878#Z#DEBUG#1118e5ca-a078-11f1-87c7-eeee0a8e79e5.ResilienceCockpit-db-deployer#flowable-async-job-executor-thread-14293#
[PollStageAppStatusExecution] 2d23200b-60aa-4519-b7f8-9f40de7a8ecc [2026-08-25T08:59:07.619100] Precompiling... (STDOUT, APP/TASK/deploy)#
#2026 08 25 11:28:56.878#Z#DEBUG#1118e5ca-a078-11f1-87c7-eeee0a8e79e5.ResilienceCockpit-db-deployer#flowable-async-job-executor-thread-14293#
[PollStageAppStatusExecution] 2d23200b-60aa-4519-b7f8-9f40de7a8ecc [2026-08-25T08:59:07.619102] Precompiling... ok (0s 0ms) (STDOUT, APP/TASK/deploy)#
#2026 08 25 11:28:56.878#Z#DEBUG#1118e5ca-a078-11f1-87c7-eeee0a8e79e5.ResilienceCockpit-db-deployer#flowable-async-job-executor-thread-14293#
[PollStageAppStatusExecution] 2d23200b-60aa-4519-b7f8-9f40de7a8ecc [2026-08-25T08:59:07.619104] Merging... (STDOUT, APP/TASK/deploy)#
#2026 08 25 11:28:56.878#Z#DEBUG#1118e5ca-a078-11f1-87c7-eeee0a8e79e5.ResilienceCockpit-db-deployer#flowable-async-job-executor-thread-14293#
[PollStageAppStatusExecution] 2d23200b-60aa-4519-b7f8-9f40de7a8ecc [2026-08-25T08:59:07.619106] Merging... ok (0s 0ms) (STDOUT, APP/TASK/deploy)#
#2026 08 25 11:28:56.878#Z#DEBUG#1118e5ca-a078-11f1-87c7-eeee0a8e79e5.ResilienceCockpit-db-deployer#flowable-async-job-executor-thread-14293#
[PollStageAppStatusExecution] 2d23200b-60aa-4519-b7f8-9f40de7a8ecc [2026-08-25T08:59:07.619113] Calculating dependencies... ok (0s 8ms) (STDOUT, APP/TASK/deploy)#
#2026 08 25 11:28:56.878#Z#DEBUG#1118e5ca-a078-11f1-87c7-eeee0a8e79e5.ResilienceCockpit-db-deployer#flowable-async-job-executor-thread-14293#
[PollStageAppStatusExecution] 2d23200b-60aa-4519-b7f8-9f40de7a8ecc [2026-08-25T08:59:07.619115] No make necessary (STDOUT, APP/TASK/deploy)#
#2026 08 25 11:28:56.878#Z#DEBUG#1118e5ca-a078-11f1-87c7-eeee0a8e79e5.ResilienceCockpit-db-deployer#flowable-async-job-executor-thread-14293#
[PollStageAppStatusExecution] 2d23200b-60aa-4519-b7f8-9f40de7a8ecc [2026-08-25T08:59:07.619121] Making... ok (0s 76ms) (STDOUT, APP/TASK/deploy)#
#2026 08 25 11:28:56.878#Z#DEBUG#1118e5ca-a078-11f1-87c7-eeee0a8e79e5.ResilienceCockpit-db-deployer#flowable-async-job-executor-thread-14293#
[PollStageAppStatusExecution] 2d23200b-60aa-4519-b7f8-9f40de7a8ecc [2026-08-25T08:59:07.619123] Enabling table replication for the container schema "8697B1A4A8B84AC49EFF171810969752"... (STDOUT, APP/TASK/deploy)#
#2026 08 25 11:28:56.878#Z#DEBUG#1118e5ca-a078-11f1-87c7-eeee0a8e79e5.ResilienceCockpit-db-deployer#flowable-async-job-executor-thread-14293#
[PollStageAppStatusExecution] 2d23200b-60aa-4519-b7f8-9f40de7a8ecc [2026-08-25T08:59:07.619241] Enabling table replication for the container schema "8697B1A4A8B84AC49EFF171810969752"... ok (0s 9ms) (STDOUT, APP/TASK/deploy)#
#2026 08 25 11:28:56.878#Z#DEBUG#1118e5ca-a078-11f1-87c7-eeee0a8e79e5.ResilienceCockpit-db-deployer#flowable-async-job-executor-thread-14293#
[PollStageAppStatusExecution] 2d23200b-60aa-4519-b7f8-9f40de7a8ecc [2026-08-25T08:59:07.619265] Starting make in the container "8697B1A4A8B84AC49EFF171810969752" with 0 files to deploy, 0 files to undeploy... ok (0s 123ms) (STDOUT, APP/TASK/deploy)#
#2026 08 25 11:28:56.878#Z#DEBUG#1118e5ca-a078-11f1-87c7-eeee0a8e79e5.ResilienceCockpit-db-deployer#flowable-async-job-executor-thread-14293#
[PollStageAppStatusExecution] 2d23200b-60aa-4519-b7f8-9f40de7a8ecc [2026-08-25T08:59:07.619425] Deploying to the container "8697B1A4A8B84AC49EFF171810969752"... ok (0s 302ms) (STDOUT, APP/TASK/deploy)#
#2026 08 25 11:28:56.878#Z#DEBUG#1118e5ca-a078-11f1-87c7-eeee0a8e79e5.ResilienceCockpit-db-deployer#flowable-async-job-executor-thread-14293#
[PollStageAppStatusExecution] 2d23200b-60aa-4519-b7f8-9f40de7a8ecc [2026-08-25T08:59:07.619628] No default-access-role handling needed; global role "8697B1A4A8B84AC49EFF171810969752::access_role" will not be adapted (STDOUT, APP/TASK/deploy)#
#2026 08 25 11:28:56.878#Z#DEBUG#1118e5ca-a078-11f1-87c7-eeee0a8e79e5.ResilienceCockpit-db-deployer#flowable-async-job-executor-thread-14293#
[PollStageAppStatusExecution] 2d23200b-60aa-4519-b7f8-9f40de7a8ecc [2026-08-25T08:59:07.619736] Unlocking the container "8697B1A4A8B84AC49EFF171810969752"... (STDOUT, APP/TASK/deploy)#
#2026 08 25 11:28:56.878#Z#DEBUG#1118e5ca-a078-11f1-87c7-eeee0a8e79e5.ResilienceCockpit-db-deployer#flowable-async-job-executor-thread-14293#
[PollStageAppStatusExecution] 2d23200b-60aa-4519-b7f8-9f40de7a8ecc [2026-08-25T08:59:07.619893] Unlocking the container "8697B1A4A8B84AC49EFF171810969752"... ok (0s 0ms) (STDOUT, APP/TASK/deploy)#
#2026 08 25 11:28:56.878#Z#DEBUG#1118e5ca-a078-11f1-87c7-eeee0a8e79e5.ResilienceCockpit-db-deployer#flowable-async-job-executor-thread-14293#
[PollStageAppStatusExecution] 2d23200b-60aa-4519-b7f8-9f40de7a8ecc [2026-08-25T08:59:07.619969] Deployment to container 8697B1A4A8B84AC49EFF171810969752 done [Deployment ID: none]. (STDOUT, APP/TASK/deploy)#
#2026 08 25 11:28:56.878#Z#DEBUG#1118e5ca-a078-11f1-87c7-eeee0a8e79e5.ResilienceCockpit-db-deployer#flowable-async-job-executor-thread-14293#
[PollStageAppStatusExecution] 2d23200b-60aa-4519-b7f8-9f40de7a8ecc [2026-08-25T08:59:07.620247] Deployment ended at 2026-08-25 08:59:07 (STDOUT, APP/TASK/deploy)#
#2026 08 25 11:28:56.878#Z#DEBUG#1118e5ca-a078-11f1-87c7-eeee0a8e79e5.ResilienceCockpit-db-deployer#flowable-async-job-executor-thread-14293#
[PollStageAppStatusExecution] 2d23200b-60aa-4519-b7f8-9f40de7a8ecc [2026-08-25T08:59:07.620467] (1s 536ms) (STDOUT, APP/TASK/deploy)#
#2026 08 25 11:28:56.878#Z#DEBUG#1118e5ca-a078-11f1-87c7-eeee0a8e79e5.ResilienceCockpit-db-deployer#flowable-async-job-executor-thread-14293#
[PollStageAppStatusExecution] 2d23200b-60aa-4519-b7f8-9f40de7a8ecc [2026-08-25T08:59:07.629549] npm notice (STDERR, APP/TASK/deploy)#
#2026 08 25 11:28:56.878#Z#DEBUG#1118e5ca-a078-11f1-87c7-eeee0a8e79e5.ResilienceCockpit-db-deployer#flowable-async-job-executor-thread-14293#
[PollStageAppStatusExecution] 2d23200b-60aa-4519-b7f8-9f40de7a8ecc [2026-08-25T08:59:07.629559] npm notice New major version of npm available! 11.16.0 -> 12.0.2 (STDERR, APP/TASK/deploy)#
#2026 08 25 11:28:56.878#Z#DEBUG#1118e5ca-a078-11f1-87c7-eeee0a8e79e5.ResilienceCockpit-db-deployer#flowable-async-job-executor-thread-14293#
[PollStageAppStatusExecution] 2d23200b-60aa-4519-b7f8-9f40de7a8ecc [2026-08-25T08:59:07.629561] npm notice Changelog: https://github.com/npm/cli/releases/tag/v12.0.2 (STDERR, APP/TASK/deploy)#
#2026 08 25 11:28:56.878#Z#DEBUG#1118e5ca-a078-11f1-87c7-eeee0a8e79e5.ResilienceCockpit-db-deployer#flowable-async-job-executor-thread-14293#
[PollStageAppStatusExecution] 2d23200b-60aa-4519-b7f8-9f40de7a8ecc [2026-08-25T08:59:07.629569] npm notice To update run: npm install -g npm@12.0.2 (STDERR, APP/TASK/deploy)#
#2026 08 25 11:28:56.878#Z#DEBUG#1118e5ca-a078-11f1-87c7-eeee0a8e79e5.ResilienceCockpit-db-deployer#flowable-async-job-executor-thread-14293#
[PollStageAppStatusExecution] 2d23200b-60aa-4519-b7f8-9f40de7a8ecc [2026-08-25T08:59:07.629571] npm notice (STDERR, APP/TASK/deploy)#
#2026 08 25 11:28:56.878#Z#DEBUG#1118e5ca-a078-11f1-87c7-eeee0a8e79e5.ResilienceCockpit-db-deployer#flowable-async-job-executor-thread-14293#
[PollStageAppStatusExecution] 2d23200b-60aa-4519-b7f8-9f40de7a8ecc [2026-08-25T08:59:07.675010] Exit status 0 (STDOUT, APP/TASK/deploy)#
#2026 08 25 11:28:56.878#Z#DEBUG#1118e5ca-a078-11f1-87c7-eeee0a8e79e5.ResilienceCockpit-db-deployer#flowable-async-job-executor-thread-14293#
[PollStageAppStatusExecution] 2d23200b-60aa-4519-b7f8-9f40de7a8ecc [2026-08-25T08:59:08.010222] Cell 911a2f96-661c-46fd-ae0b-1bce220e9e4e stopping instance a892dc57-6336-47b3-a179-58cf8145c724 (STDOUT, CELL)#
#2026 08 25 11:28:56.878#Z#DEBUG#1118e5ca-a078-11f1-87c7-eeee0a8e79e5.ResilienceCockpit-db-deployer#flowable-async-job-executor-thread-14293#
[PollStageAppStatusExecution] 2d23200b-60aa-4519-b7f8-9f40de7a8ecc [2026-08-25T08:59:08.010243] Cell 911a2f96-661c-46fd-ae0b-1bce220e9e4e destroying container for instance a892dc57-6336-47b3-a179-58cf8145c724 (STDOUT, CELL)#
#2026 08 25 11:28:56.878#Z#DEBUG#1118e5ca-a078-11f1-87c7-eeee0a8e79e5.ResilienceCockpit-db-deployer#flowable-async-job-executor-thread-14293#
[PollStageAppStatusExecution] 2d23200b-60aa-4519-b7f8-9f40de7a8ecc [2026-08-25T08:59:10.023232] Cell 911a2f96-661c-46fd-ae0b-1bce220e9e4e successfully destroyed container for instance a892dc57-6336-47b3-a179-58cf8145c724 (STDOUT, CELL)#
#2026 08 25 11:28:56.878#Z#DEBUG#1118e5ca-a078-11f1-87c7-eeee0a8e79e5.ResilienceCockpit-db-deployer#flowable-async-job-executor-thread-14293#
[PollStageAppStatusExecution] 2d23200b-60aa-4519-b7f8-9f40de7a8ecc [2026-08-25T10:36:28.500150] Updated app with guid 2d23200b-60aa-4519-b7f8-9f40de7a8ecc ({"lifecycle"=>{"data"=>{"buildpacks"=>["nodejs_buildpack"]}, "type"=>"buildpack"}}) (STDOUT, API)#
#2026 08 25 11:28:56.878#Z#DEBUG#1118e5ca-a078-11f1-87c7-eeee0a8e79e5.ResilienceCockpit-db-deployer#flowable-async-job-executor-thread-14293#
[PollStageAppStatusExecution] 2d23200b-60aa-4519-b7f8-9f40de7a8ecc [2026-08-25T10:36:28.582692] Updating process: "web" (STDOUT, API)#
#2026 08 25 11:28:56.878#Z#DEBUG#1118e5ca-a078-11f1-87c7-eeee0a8e79e5.ResilienceCockpit-db-deployer#flowable-async-job-executor-thread-14293#
[PollStageAppStatusExecution] 2d23200b-60aa-4519-b7f8-9f40de7a8ecc [2026-08-25T10:36:44.719030] Uploading app package for app with guid 2d23200b-60aa-4519-b7f8-9f40de7a8ecc (STDOUT, API)#
#2026 08 25 11:28:56.878#Z#DEBUG#1118e5ca-a078-11f1-87c7-eeee0a8e79e5.ResilienceCockpit-db-deployer#flowable-async-job-executor-thread-14293#
[PollStageAppStatusExecution] 2d23200b-60aa-4519-b7f8-9f40de7a8ecc [2026-08-25T10:36:44.884966] Updated app with guid 2d23200b-60aa-4519-b7f8-9f40de7a8ecc ({"environment_variables"=>"[PRIVATE DATA HIDDEN]"}) (STDOUT, API)#
#2026 08 25 11:28:56.878#Z#DEBUG#1118e5ca-a078-11f1-87c7-eeee0a8e79e5.ResilienceCockpit-db-deployer#flowable-async-job-executor-thread-14293#
[PollStageAppStatusExecution] 2d23200b-60aa-4519-b7f8-9f40de7a8ecc [2026-08-25T10:36:54.733786] Creating build for app with guid 2d23200b-60aa-4519-b7f8-9f40de7a8ecc (STDOUT, API)#
#2026 08 25 11:28:56.878#Z#DEBUG#1118e5ca-a078-11f1-87c7-eeee0a8e79e5.ResilienceCockpit-db-deployer#flowable-async-job-executor-thread-14293#
[PollStageAppStatusExecution] 2d23200b-60aa-4519-b7f8-9f40de7a8ecc [2026-08-25T10:36:55.076391] Downloading nodejs_buildpack... (STDOUT, STG)#
#2026 08 25 11:28:56.878#Z#DEBUG#1118e5ca-a078-11f1-87c7-eeee0a8e79e5.ResilienceCockpit-db-deployer#flowable-async-job-executor-thread-14293#
[PollStageAppStatusExecution] 2d23200b-60aa-4519-b7f8-9f40de7a8ecc [2026-08-25T10:36:55.118771] Downloaded nodejs_buildpack (STDOUT, STG)#
#2026 08 25 11:28:56.878#Z#DEBUG#1118e5ca-a078-11f1-87c7-eeee0a8e79e5.ResilienceCockpit-db-deployer#flowable-async-job-executor-thread-14293#
[PollStageAppStatusExecution] 2d23200b-60aa-4519-b7f8-9f40de7a8ecc [2026-08-25T10:36:55.118870] Cell cdd66a98-00c8-41cf-94b2-8f9408d19596 creating container for instance 89f17975-e605-4e0f-aa6a-4ef0872dc4e9 (STDOUT, STG)#
#2026 08 25 11:28:56.878#Z#DEBUG#1118e5ca-a078-11f1-87c7-eeee0a8e79e5.ResilienceCockpit-db-deployer#flowable-async-job-executor-thread-14293#
[PollStageAppStatusExecution] 2d23200b-60aa-4519-b7f8-9f40de7a8ecc [2026-08-25T10:36:55.419746] Security group rules were updated (STDOUT, STG)#
#2026 08 25 11:28:56.878#Z#DEBUG#1118e5ca-a078-11f1-87c7-eeee0a8e79e5.ResilienceCockpit-db-deployer#flowable-async-job-executor-thread-14293#
[PollStageAppStatusExecution] 2d23200b-60aa-4519-b7f8-9f40de7a8ecc [2026-08-25T10:36:55.482050] Cell cdd66a98-00c8-41cf-94b2-8f9408d19596 successfully created container for instance 89f17975-e605-4e0f-aa6a-4ef0872dc4e9 (STDOUT, STG)#
#2026 08 25 11:28:56.878#Z#DEBUG#1118e5ca-a078-11f1-87c7-eeee0a8e79e5.ResilienceCockpit-db-deployer#flowable-async-job-executor-thread-14293#
[PollStageAppStatusExecution] 2d23200b-60aa-4519-b7f8-9f40de7a8ecc [2026-08-25T10:36:55.951918] Downloading app package... (STDOUT, STG)#
#2026 08 25 11:28:56.878#Z#DEBUG#1118e5ca-a078-11f1-87c7-eeee0a8e79e5.ResilienceCockpit-db-deployer#flowable-async-job-executor-thread-14293#
[PollStageAppStatusExecution] 2d23200b-60aa-4519-b7f8-9f40de7a8ecc [2026-08-25T10:36:55.951933] Downloading build artifacts cache... (STDOUT, STG)#
#2026 08 25 11:28:56.878#Z#DEBUG#1118e5ca-a078-11f1-87c7-eeee0a8e79e5.ResilienceCockpit-db-deployer#flowable-async-job-executor-thread-14293#
[PollStageAppStatusExecution] 2d23200b-60aa-4519-b7f8-9f40de7a8ecc [2026-08-25T10:36:56.056232] Downloaded build artifacts cache (220B) (STDOUT, STG)#
#2026 08 25 11:28:56.878#Z#DEBUG#1118e5ca-a078-11f1-87c7-eeee0a8e79e5.ResilienceCockpit-db-deployer#flowable-async-job-executor-thread-14293#
[PollStageAppStatusExecution] 2d23200b-60aa-4519-b7f8-9f40de7a8ecc [2026-08-25T10:36:56.214212] Downloaded app package (2.5M) (STDOUT, STG)#
#2026 08 25 11:28:56.878#Z#DEBUG#1118e5ca-a078-11f1-87c7-eeee0a8e79e5.ResilienceCockpit-db-deployer#flowable-async-job-executor-thread-14293#
[PollStageAppStatusExecution] 2d23200b-60aa-4519-b7f8-9f40de7a8ecc [2026-08-25T10:36:56.263827] -----> Nodejs Buildpack version 1.9.3 (STDOUT, STG)#
#2026 08 25 11:28:56.878#Z#DEBUG#1118e5ca-a078-11f1-87c7-eeee0a8e79e5.ResilienceCockpit-db-deployer#flowable-async-job-executor-thread-14293#
[PollStageAppStatusExecution] 2d23200b-60aa-4519-b7f8-9f40de7a8ecc [2026-08-25T10:36:56.360491] -----> Bootstrapping python (STDOUT, STG)#
#2026 08 25 11:28:56.878#Z#DEBUG#1118e5ca-a078-11f1-87c7-eeee0a8e79e5.ResilienceCockpit-db-deployer#flowable-async-job-executor-thread-14293#
[PollStageAppStatusExecution] 2d23200b-60aa-4519-b7f8-9f40de7a8ecc [2026-08-25T10:36:56.360592] -----> Installing python 3.13.14 (STDOUT, STG)#
#2026 08 25 11:28:56.878#Z#DEBUG#1118e5ca-a078-11f1-87c7-eeee0a8e79e5.ResilienceCockpit-db-deployer#flowable-async-job-executor-thread-14293#
[PollStageAppStatusExecution] 2d23200b-60aa-4519-b7f8-9f40de7a8ecc [2026-08-25T10:36:56.360672] Copy [/tmp/buildpacks/adc5840e3e50b48d/dependencies/4b4266a2ff36730aef37b88b668ca327/python_3.13.14_linux_x64_cflinuxfs4_b80d4954.tgz] (STDOUT, STG)#
#2026 08 25 11:28:56.878#Z#DEBUG#1118e5ca-a078-11f1-87c7-eeee0a8e79e5.ResilienceCockpit-db-deployer#flowable-async-job-executor-thread-14293#
[PollStageAppStatusExecution] 2d23200b-60aa-4519-b7f8-9f40de7a8ecc [2026-08-25T10:36:59.339247] -----> Installing binaries (STDOUT, STG)#
#2026 08 25 11:28:56.878#Z#DEBUG#1118e5ca-a078-11f1-87c7-eeee0a8e79e5.ResilienceCockpit-db-deployer#flowable-async-job-executor-thread-14293#
[PollStageAppStatusExecution] 2d23200b-60aa-4519-b7f8-9f40de7a8ecc [2026-08-25T10:36:59.339275] engines.node (package.json): >=18 (STDOUT, STG)#
#2026 08 25 11:28:56.878#Z#DEBUG#1118e5ca-a078-11f1-87c7-eeee0a8e79e5.ResilienceCockpit-db-deployer#flowable-async-job-executor-thread-14293#
[PollStageAppStatusExecution] 2d23200b-60aa-4519-b7f8-9f40de7a8ecc [2026-08-25T10:36:59.339280] engines.npm (package.json): unspecified (use default) (STDOUT, STG)#
#2026 08 25 11:28:56.878#Z#DEBUG#1118e5ca-a078-11f1-87c7-eeee0a8e79e5.ResilienceCockpit-db-deployer#flowable-async-job-executor-thread-14293#
[PollStageAppStatusExecution] 2d23200b-60aa-4519-b7f8-9f40de7a8ecc [2026-08-25T10:36:59.339309] [31;1m**WARNING**[0m Dangerous semver range (>) in engines.node. See: http://docs.cloudfoundry.org/buildpacks/node/node-tips.html (STDOUT, STG)#
#2026 08 25 11:28:56.878#Z#DEBUG#1118e5ca-a078-11f1-87c7-eeee0a8e79e5.ResilienceCockpit-db-deployer#flowable-async-job-executor-thread-14293#
[PollStageAppStatusExecution] 2d23200b-60aa-4519-b7f8-9f40de7a8ecc [2026-08-25T10:36:59.339313] -----> Installing node 24.18.0 (STDOUT, STG)#
#2026 08 25 11:28:56.878#Z#DEBUG#1118e5ca-a078-11f1-87c7-eeee0a8e79e5.ResilienceCockpit-db-deployer#flowable-async-job-executor-thread-14293#
[PollStageAppStatusExecution] 2d23200b-60aa-4519-b7f8-9f40de7a8ecc [2026-08-25T10:36:59.339494] Copy [/tmp/buildpacks/adc5840e3e50b48d/dependencies/dffbbb835fcd073c4544f78eb6247fac/node_24.18.0_linux_x64_cflinuxfs4_cdfed650.tgz] (STDOUT, STG)#
#2026 08 25 11:28:56.878#Z#DEBUG#1118e5ca-a078-11f1-87c7-eeee0a8e79e5.ResilienceCockpit-db-deployer#flowable-async-job-executor-thread-14293#
[PollStageAppStatusExecution] 2d23200b-60aa-4519-b7f8-9f40de7a8ecc [2026-08-25T10:37:01.071233] Using default npm version: 11.16.0 (STDOUT, STG)#
#2026 08 25 11:28:56.878#Z#DEBUG#1118e5ca-a078-11f1-87c7-eeee0a8e79e5.ResilienceCockpit-db-deployer#flowable-async-job-executor-thread-14293#
[PollStageAppStatusExecution] 2d23200b-60aa-4519-b7f8-9f40de7a8ecc [2026-08-25T10:37:01.071255] -----> Installing yarn 1.22.22 (STDOUT, STG)#
#2026 08 25 11:28:56.878#Z#DEBUG#1118e5ca-a078-11f1-87c7-eeee0a8e79e5.ResilienceCockpit-db-deployer#flowable-async-job-executor-thread-14293#
[PollStageAppStatusExecution] 2d23200b-60aa-4519-b7f8-9f40de7a8ecc [2026-08-25T10:37:01.071374] Copy [/tmp/buildpacks/adc5840e3e50b48d/dependencies/e4fe26756e9984a665478d350474fa2e/yarn_1.22.22_linux_noarch_any-stack_b6132b86.tgz] (STDOUT, STG)#
#2026 08 25 11:28:56.878#Z#DEBUG#1118e5ca-a078-11f1-87c7-eeee0a8e79e5.ResilienceCockpit-db-deployer#flowable-async-job-executor-thread-14293#
[PollStageAppStatusExecution] 2d23200b-60aa-4519-b7f8-9f40de7a8ecc [2026-08-25T10:37:01.318775] Installed yarn 1.22.22 (STDOUT, STG)#
#2026 08 25 11:28:56.878#Z#DEBUG#1118e5ca-a078-11f1-87c7-eeee0a8e79e5.ResilienceCockpit-db-deployer#flowable-async-job-executor-thread-14293#
[PollStageAppStatusExecution] 2d23200b-60aa-4519-b7f8-9f40de7a8ecc [2026-08-25T10:37:01.318820] -----> Creating runtime environment (STDOUT, STG)#
#2026 08 25 11:28:56.879#Z#DEBUG#1118e5ca-a078-11f1-87c7-eeee0a8e79e5.ResilienceCockpit-db-deployer#flowable-async-job-executor-thread-14293#
[PollStageAppStatusExecution] 2d23200b-60aa-4519-b7f8-9f40de7a8ecc [2026-08-25T10:37:01.320902] NODE_ENV=production (STDOUT, STG)#
#2026 08 25 11:28:56.879#Z#DEBUG#1118e5ca-a078-11f1-87c7-eeee0a8e79e5.ResilienceCockpit-db-deployer#flowable-async-job-executor-thread-14293#
[PollStageAppStatusExecution] 2d23200b-60aa-4519-b7f8-9f40de7a8ecc [2026-08-25T10:37:01.320923] NODE_HOME=/tmp/contents1087687460/deps/0/node (STDOUT, STG)#
#2026 08 25 11:28:56.879#Z#DEBUG#1118e5ca-a078-11f1-87c7-eeee0a8e79e5.ResilienceCockpit-db-deployer#flowable-async-job-executor-thread-14293#
[PollStageAppStatusExecution] 2d23200b-60aa-4519-b7f8-9f40de7a8ecc [2026-08-25T10:37:01.320925] NODE_MODULES_CACHE=true (STDOUT, STG)#
#2026 08 25 11:28:56.879#Z#DEBUG#1118e5ca-a078-11f1-87c7-eeee0a8e79e5.ResilienceCockpit-db-deployer#flowable-async-job-executor-thread-14293#
[PollStageAppStatusExecution] 2d23200b-60aa-4519-b7f8-9f40de7a8ecc [2026-08-25T10:37:01.320927] NODE_VERBOSE=false (STDOUT, STG)#
#2026 08 25 11:28:56.879#Z#DEBUG#1118e5ca-a078-11f1-87c7-eeee0a8e79e5.ResilienceCockpit-db-deployer#flowable-async-job-executor-thread-14293#
[PollStageAppStatusExecution] 2d23200b-60aa-4519-b7f8-9f40de7a8ecc [2026-08-25T10:37:01.320929] NPM_CONFIG_LOGLEVEL=error (STDOUT, STG)#
#2026 08 25 11:28:56.879#Z#DEBUG#1118e5ca-a078-11f1-87c7-eeee0a8e79e5.ResilienceCockpit-db-deployer#flowable-async-job-executor-thread-14293#
[PollStageAppStatusExecution] 2d23200b-60aa-4519-b7f8-9f40de7a8ecc [2026-08-25T10:37:01.320944] NPM_CONFIG_PRODUCTION=true (STDOUT, STG)#
#2026 08 25 11:28:56.879#Z#DEBUG#1118e5ca-a078-11f1-87c7-eeee0a8e79e5.ResilienceCockpit-db-deployer#flowable-async-job-executor-thread-14293#
[PollStageAppStatusExecution] 2d23200b-60aa-4519-b7f8-9f40de7a8ecc [2026-08-25T10:37:01.320952] -----> Building dependencies (STDOUT, STG)#
#2026 08 25 11:28:56.879#Z#DEBUG#1118e5ca-a078-11f1-87c7-eeee0a8e79e5.ResilienceCockpit-db-deployer#flowable-async-job-executor-thread-14293#
[PollStageAppStatusExecution] 2d23200b-60aa-4519-b7f8-9f40de7a8ecc [2026-08-25T10:37:01.320954] Prebuild detected (node_modules already exists) (STDOUT, STG)#
#2026 08 25 11:28:56.879#Z#DEBUG#1118e5ca-a078-11f1-87c7-eeee0a8e79e5.ResilienceCockpit-db-deployer#flowable-async-job-executor-thread-14293#
[PollStageAppStatusExecution] 2d23200b-60aa-4519-b7f8-9f40de7a8ecc [2026-08-25T10:37:01.320995] Rebuilding any native modules (STDOUT, STG)#
#2026 08 25 11:28:56.879#Z#DEBUG#1118e5ca-a078-11f1-87c7-eeee0a8e79e5.ResilienceCockpit-db-deployer#flowable-async-job-executor-thread-14293#
[PollStageAppStatusExecution] 2d23200b-60aa-4519-b7f8-9f40de7a8ecc [2026-08-25T10:37:01.704501] rebuilt dependencies successfully (STDOUT, STG)#
#2026 08 25 11:28:56.879#Z#DEBUG#1118e5ca-a078-11f1-87c7-eeee0a8e79e5.ResilienceCockpit-db-deployer#flowable-async-job-executor-thread-14293#
[PollStageAppStatusExecution] 2d23200b-60aa-4519-b7f8-9f40de7a8ecc [2026-08-25T10:37:01.751684] Installing any new modules (package.json + package-lock.json) (STDOUT, STG)#
#2026 08 25 11:28:56.879#Z#DEBUG#1118e5ca-a078-11f1-87c7-eeee0a8e79e5.ResilienceCockpit-db-deployer#flowable-async-job-executor-thread-14293#
[PollStageAppStatusExecution] 2d23200b-60aa-4519-b7f8-9f40de7a8ecc [2026-08-25T10:37:02.073533] up to date in 264ms (STDOUT, STG)#
#2026 08 25 11:28:56.879#Z#DEBUG#1118e5ca-a078-11f1-87c7-eeee0a8e79e5.ResilienceCockpit-db-deployer#flowable-async-job-executor-thread-14293#
[PollStageAppStatusExecution] 2d23200b-60aa-4519-b7f8-9f40de7a8ecc [2026-08-25T10:37:02.073737] 4 packages are looking for funding (STDOUT, STG)#
#2026 08 25 11:28:56.879#Z#DEBUG#1118e5ca-a078-11f1-87c7-eeee0a8e79e5.ResilienceCockpit-db-deployer#flowable-async-job-executor-thread-14293#
[PollStageAppStatusExecution] 2d23200b-60aa-4519-b7f8-9f40de7a8ecc [2026-08-25T10:37:02.073766] run `npm fund` for details (STDOUT, STG)#
#2026 08 25 11:28:56.879#Z#DEBUG#1118e5ca-a078-11f1-87c7-eeee0a8e79e5.ResilienceCockpit-db-deployer#flowable-async-job-executor-thread-14293#
[PollStageAppStatusExecution] 2d23200b-60aa-4519-b7f8-9f40de7a8ecc [2026-08-25T10:37:02.534501] Contrast Security no credentials found. Will not write environment files. (STDOUT, STG)#
#2026 08 25 11:28:56.879#Z#DEBUG#1118e5ca-a078-11f1-87c7-eeee0a8e79e5.ResilienceCockpit-db-deployer#flowable-async-job-executor-thread-14293#
[PollStageAppStatusExecution] 2d23200b-60aa-4519-b7f8-9f40de7a8ecc [2026-08-25T10:37:10.077293] Exit status 0 (STDOUT, STG)#
#2026 08 25 11:28:56.879#Z#DEBUG#1118e5ca-a078-11f1-87c7-eeee0a8e79e5.ResilienceCockpit-db-deployer#flowable-async-job-executor-thread-14293#
[PollStageAppStatusExecution] 2d23200b-60aa-4519-b7f8-9f40de7a8ecc [2026-08-25T10:37:10.077335] Uploading droplet, build artifacts cache... (STDOUT, STG)#
#2026 08 25 11:28:56.879#Z#DEBUG#1118e5ca-a078-11f1-87c7-eeee0a8e79e5.ResilienceCockpit-db-deployer#flowable-async-job-executor-thread-14293#
[PollStageAppStatusExecution] 2d23200b-60aa-4519-b7f8-9f40de7a8ecc [2026-08-25T10:37:10.077404] Uploading droplet... (STDOUT, STG)#
#2026 08 25 11:28:56.879#Z#DEBUG#1118e5ca-a078-11f1-87c7-eeee0a8e79e5.ResilienceCockpit-db-deployer#flowable-async-job-executor-thread-14293#
[PollStageAppStatusExecution] 2d23200b-60aa-4519-b7f8-9f40de7a8ecc [2026-08-25T10:37:10.077435] Uploading build artifacts cache... (STDOUT, STG)#
#2026 08 25 11:28:56.879#Z#DEBUG#1118e5ca-a078-11f1-87c7-eeee0a8e79e5.ResilienceCockpit-db-deployer#flowable-async-job-executor-thread-14293#
[PollStageAppStatusExecution] 2d23200b-60aa-4519-b7f8-9f40de7a8ecc [2026-08-25T10:37:10.107710] Uploaded build artifacts cache (223B) (STDOUT, STG)#
#2026 08 25 11:28:56.879#Z#DEBUG#1118e5ca-a078-11f1-87c7-eeee0a8e79e5.ResilienceCockpit-db-deployer#flowable-async-job-executor-thread-14293#
[PollStageAppStatusExecution] 2d23200b-60aa-4519-b7f8-9f40de7a8ecc [2026-08-25T10:37:10.607403] Creating droplet for app with guid 2d23200b-60aa-4519-b7f8-9f40de7a8ecc (STDOUT, API)#
#2026 08 25 11:28:56.879#Z#DEBUG#1118e5ca-a078-11f1-87c7-eeee0a8e79e5.ResilienceCockpit-db-deployer#flowable-async-job-executor-thread-14293#
[PollStageAppStatusExecution] 2d23200b-60aa-4519-b7f8-9f40de7a8ecc [2026-08-25T10:37:15.677753] Uploaded droplet (59.3M) (STDOUT, STG)#
#2026 08 25 11:28:56.879#Z#DEBUG#1118e5ca-a078-11f1-87c7-eeee0a8e79e5.ResilienceCockpit-db-deployer#flowable-async-job-executor-thread-14293#
[PollStageAppStatusExecution] 2d23200b-60aa-4519-b7f8-9f40de7a8ecc [2026-08-25T10:37:15.691740] Uploading complete (STDOUT, STG)#
#2026 08 25 11:28:56.879#Z#DEBUG#1118e5ca-a078-11f1-87c7-eeee0a8e79e5.ResilienceCockpit-db-deployer#flowable-async-job-executor-thread-14293#
[PollStageAppStatusExecution] 2d23200b-60aa-4519-b7f8-9f40de7a8ecc [2026-08-25T10:37:16.586599] Cell cdd66a98-00c8-41cf-94b2-8f9408d19596 stopping instance 89f17975-e605-4e0f-aa6a-4ef0872dc4e9 (STDOUT, STG)#
#2026 08 25 11:28:56.879#Z#DEBUG#1118e5ca-a078-11f1-87c7-eeee0a8e79e5.ResilienceCockpit-db-deployer#flowable-async-job-executor-thread-14293#
[PollStageAppStatusExecution] 2d23200b-60aa-4519-b7f8-9f40de7a8ecc [2026-08-25T10:37:16.586657] Cell cdd66a98-00c8-41cf-94b2-8f9408d19596 destroying container for instance 89f17975-e605-4e0f-aa6a-4ef0872dc4e9 (STDOUT, STG)#
#2026 08 25 11:28:56.879#Z#DEBUG#1118e5ca-a078-11f1-87c7-eeee0a8e79e5.ResilienceCockpit-db-deployer#flowable-async-job-executor-thread-14293#
[PollStageAppStatusExecution] 2d23200b-60aa-4519-b7f8-9f40de7a8ecc [2026-08-25T10:37:16.657943] Staging complete for build 89f17975-e605-4e0f-aa6a-4ef0872dc4e9 (STDOUT, API)#
#2026 08 25 11:28:56.879#Z#DEBUG#1118e5ca-a078-11f1-87c7-eeee0a8e79e5.ResilienceCockpit-db-deployer#flowable-async-job-executor-thread-14293#
[PollStageAppStatusExecution] 2d23200b-60aa-4519-b7f8-9f40de7a8ecc [2026-08-25T10:37:21.654768] Cell cdd66a98-00c8-41cf-94b2-8f9408d19596 successfully destroyed container for instance 89f17975-e605-4e0f-aa6a-4ef0872dc4e9 (STDOUT, STG)#
#2026 08 25 11:28:56.879#Z#DEBUG#1118e5ca-a078-11f1-87c7-eeee0a8e79e5.ResilienceCockpit-db-deployer#flowable-async-job-executor-thread-14293#
[PollStageAppStatusExecution] 2d23200b-60aa-4519-b7f8-9f40de7a8ecc [2026-08-25T10:37:24.659279] Updated app with guid 2d23200b-60aa-4519-b7f8-9f40de7a8ecc ({:droplet_guid=>"a05415ed-e448-472f-8a2e-b75fdb1c6ca9"}) (STDOUT, API)#
#2026 08 25 11:28:56.879#Z#DEBUG#1118e5ca-a078-11f1-87c7-eeee0a8e79e5.ResilienceCockpit-db-deployer#flowable-async-job-executor-thread-14293#
[PollStageAppStatusExecution] 2d23200b-60aa-4519-b7f8-9f40de7a8ecc [2026-08-25T10:37:25.000637] Cell 4761c3fb-8e91-4ced-804b-3db53058de34 creating container for instance a85ac3f2-2e4f-44cb-bdc1-ff4ce58b902e (STDOUT, CELL)#
#2026 08 25 11:28:56.879#Z#DEBUG#1118e5ca-a078-11f1-87c7-eeee0a8e79e5.ResilienceCockpit-db-deployer#flowable-async-job-executor-thread-14293#
[PollStageAppStatusExecution] 2d23200b-60aa-4519-b7f8-9f40de7a8ecc [2026-08-25T10:37:25.297847] Security group rules were updated (STDOUT, CELL)#
#2026 08 25 11:28:56.879#Z#DEBUG#1118e5ca-a078-11f1-87c7-eeee0a8e79e5.ResilienceCockpit-db-deployer#flowable-async-job-executor-thread-14293#
[PollStageAppStatusExecution] 2d23200b-60aa-4519-b7f8-9f40de7a8ecc [2026-08-25T10:37:25.352313] Cell 4761c3fb-8e91-4ced-804b-3db53058de34 successfully created container for instance a85ac3f2-2e4f-44cb-bdc1-ff4ce58b902e (STDOUT, CELL)#
#2026 08 25 11:28:56.879#Z#DEBUG#1118e5ca-a078-11f1-87c7-eeee0a8e79e5.ResilienceCockpit-db-deployer#flowable-async-job-executor-thread-14293#
[PollStageAppStatusExecution] 2d23200b-60aa-4519-b7f8-9f40de7a8ecc [2026-08-25T10:37:28.650698] Invoking pre-start scripts. (STDOUT, APP/TASK/deploy)#
#2026 08 25 11:28:56.879#Z#DEBUG#1118e5ca-a078-11f1-87c7-eeee0a8e79e5.ResilienceCockpit-db-deployer#flowable-async-job-executor-thread-14293#
[PollStageAppStatusExecution] 2d23200b-60aa-4519-b7f8-9f40de7a8ecc [2026-08-25T10:37:28.794435] Invoking start command. (STDOUT, APP/TASK/deploy)#
#2026 08 25 11:28:56.879#Z#DEBUG#1118e5ca-a078-11f1-87c7-eeee0a8e79e5.ResilienceCockpit-db-deployer#flowable-async-job-executor-thread-14293#
[PollStageAppStatusExecution] 2d23200b-60aa-4519-b7f8-9f40de7a8ecc [2026-08-25T10:37:29.088347] > start (STDOUT, APP/TASK/deploy)#
#2026 08 25 11:28:56.879#Z#DEBUG#1118e5ca-a078-11f1-87c7-eeee0a8e79e5.ResilienceCockpit-db-deployer#flowable-async-job-executor-thread-14293#
[PollStageAppStatusExecution] 2d23200b-60aa-4519-b7f8-9f40de7a8ecc [2026-08-25T10:37:29.088368] > node node_modules/@sap/hdi-deploy/deploy.js --use-hdb --parameter com.sap.hana.di.table/try_fast_table_migration=true (STDOUT, APP/TASK/deploy)#
#2026 08 25 11:28:56.879#Z#DEBUG#1118e5ca-a078-11f1-87c7-eeee0a8e79e5.ResilienceCockpit-db-deployer#flowable-async-job-executor-thread-14293#
[PollStageAppStatusExecution] 2d23200b-60aa-4519-b7f8-9f40de7a8ecc [2026-08-25T10:37:29.188423] VCAP_SERVICES: (STDOUT, APP/TASK/deploy)#
#2026 08 25 11:28:56.879#Z#DEBUG#1118e5ca-a078-11f1-87c7-eeee0a8e79e5.ResilienceCockpit-db-deployer#flowable-async-job-executor-thread-14293#
[PollStageAppStatusExecution] 2d23200b-60aa-4519-b7f8-9f40de7a8ecc [2026-08-25T10:37:29.188774] { (STDOUT, APP/TASK/deploy)#
#2026 08 25 11:28:56.879#Z#DEBUG#1118e5ca-a078-11f1-87c7-eeee0a8e79e5.ResilienceCockpit-db-deployer#flowable-async-job-executor-thread-14293#
[PollStageAppStatusExecution] 2d23200b-60aa-4519-b7f8-9f40de7a8ecc [2026-08-25T10:37:29.188796] "hana": [ (STDOUT, APP/TASK/deploy)#
#2026 08 25 11:28:56.879#Z#DEBUG#1118e5ca-a078-11f1-87c7-eeee0a8e79e5.ResilienceCockpit-db-deployer#flowable-async-job-executor-thread-14293#
[PollStageAppStatusExecution] 2d23200b-60aa-4519-b7f8-9f40de7a8ecc [2026-08-25T10:37:29.188800] { (STDOUT, APP/TASK/deploy)#
#2026 08 25 11:28:56.879#Z#DEBUG#1118e5ca-a078-11f1-87c7-eeee0a8e79e5.ResilienceCockpit-db-deployer#flowable-async-job-executor-thread-14293#
[PollStageAppStatusExecution] 2d23200b-60aa-4519-b7f8-9f40de7a8ecc [2026-08-25T10:37:29.188805] "name": "ResilienceCockpit-db", (STDOUT, APP/TASK/deploy)#
#2026 08 25 11:28:56.879#Z#DEBUG#1118e5ca-a078-11f1-87c7-eeee0a8e79e5.ResilienceCockpit-db-deployer#flowable-async-job-executor-thread-14293#
[PollStageAppStatusExecution] 2d23200b-60aa-4519-b7f8-9f40de7a8ecc [2026-08-25T10:37:29.188810] "label": "hana", (STDOUT, APP/TASK/deploy)#
#2026 08 25 11:28:56.879#Z#DEBUG#1118e5ca-a078-11f1-87c7-eeee0a8e79e5.ResilienceCockpit-db-deployer#flowable-async-job-executor-thread-14293#
[PollStageAppStatusExecution] 2d23200b-60aa-4519-b7f8-9f40de7a8ecc [2026-08-25T10:37:29.188815] "plan": "hdi-shared", (STDOUT, APP/TASK/deploy)#
#2026 08 25 11:28:56.879#Z#DEBUG#1118e5ca-a078-11f1-87c7-eeee0a8e79e5.ResilienceCockpit-db-deployer#flowable-async-job-executor-thread-14293#
[PollStageAppStatusExecution] 2d23200b-60aa-4519-b7f8-9f40de7a8ecc [2026-08-25T10:37:29.188823] "credentials": { (STDOUT, APP/TASK/deploy)#
#2026 08 25 11:28:56.879#Z#DEBUG#1118e5ca-a078-11f1-87c7-eeee0a8e79e5.ResilienceCockpit-db-deployer#flowable-async-job-executor-thread-14293#
[PollStageAppStatusExecution] 2d23200b-60aa-4519-b7f8-9f40de7a8ecc [2026-08-25T10:37:29.188830] "schema": "8697B1A4A8B84AC49EFF171810969752", (STDOUT, APP/TASK/deploy)#
#2026 08 25 11:28:56.879#Z#DEBUG#1118e5ca-a078-11f1-87c7-eeee0a8e79e5.ResilienceCockpit-db-deployer#flowable-async-job-executor-thread-14293#
[PollStageAppStatusExecution] 2d23200b-60aa-4519-b7f8-9f40de7a8ecc [2026-08-25T10:37:29.188834] "database_id": "eb9e608b-a8d8-462e-98e7-906abde25244", (STDOUT, APP/TASK/deploy)#
#2026 08 25 11:28:56.879#Z#DEBUG#1118e5ca-a078-11f1-87c7-eeee0a8e79e5.ResilienceCockpit-db-deployer#flowable-async-job-executor-thread-14293#
[PollStageAppStatusExecution] 2d23200b-60aa-4519-b7f8-9f40de7a8ecc [2026-08-25T10:37:29.188839] "user": "8697B1A4A8B84AC49EFF171810969752_94GU5GV2BBQ6JWQX102ZOJ91W_RT", (STDOUT, APP/TASK/deploy)#
#2026 08 25 11:28:56.879#Z#DEBUG#1118e5ca-a078-11f1-87c7-eeee0a8e79e5.ResilienceCockpit-db-deployer#flowable-async-job-executor-thread-14293#
[PollStageAppStatusExecution] 2d23200b-60aa-4519-b7f8-9f40de7a8ecc [2026-08-25T10:37:29.188843] "hdi_user": "8697B1A4A8B84AC49EFF171810969752_94GU5GV2BBQ6JWQX102ZOJ91W_DT" (STDOUT, APP/TASK/deploy)#
#2026 08 25 11:28:56.879#Z#DEBUG#1118e5ca-a078-11f1-87c7-eeee0a8e79e5.ResilienceCockpit-db-deployer#flowable-async-job-executor-thread-14293#
[PollStageAppStatusExecution] 2d23200b-60aa-4519-b7f8-9f40de7a8ecc [2026-08-25T10:37:29.188846] }, (STDOUT, APP/TASK/deploy)#
#2026 08 25 11:28:56.879#Z#DEBUG#1118e5ca-a078-11f1-87c7-eeee0a8e79e5.ResilienceCockpit-db-deployer#flowable-async-job-executor-thread-14293#
[PollStageAppStatusExecution] 2d23200b-60aa-4519-b7f8-9f40de7a8ecc [2026-08-25T10:37:29.188849] "tags": [ (STDOUT, APP/TASK/deploy)#
#2026 08 25 11:28:56.879#Z#DEBUG#1118e5ca-a078-11f1-87c7-eeee0a8e79e5.ResilienceCockpit-db-deployer#flowable-async-job-executor-thread-14293#
[PollStageAppStatusExecution] 2d23200b-60aa-4519-b7f8-9f40de7a8ecc [2026-08-25T10:37:29.188853] "hana", (STDOUT, APP/TASK/deploy)#
#2026 08 25 11:28:56.879#Z#DEBUG#1118e5ca-a078-11f1-87c7-eeee0a8e79e5.ResilienceCockpit-db-deployer#flowable-async-job-executor-thread-14293#
[PollStageAppStatusExecution] 2d23200b-60aa-4519-b7f8-9f40de7a8ecc [2026-08-25T10:37:29.188856] "database", (STDOUT, APP/TASK/deploy)#
#2026 08 25 11:28:56.879#Z#DEBUG#1118e5ca-a078-11f1-87c7-eeee0a8e79e5.ResilienceCockpit-db-deployer#flowable-async-job-executor-thread-14293#
[PollStageAppStatusExecution] 2d23200b-60aa-4519-b7f8-9f40de7a8ecc [2026-08-25T10:37:29.188860] "relational" (STDOUT, APP/TASK/deploy)#
#2026 08 25 11:28:56.879#Z#DEBUG#1118e5ca-a078-11f1-87c7-eeee0a8e79e5.ResilienceCockpit-db-deployer#flowable-async-job-executor-thread-14293#
[PollStageAppStatusExecution] 2d23200b-60aa-4519-b7f8-9f40de7a8ecc [2026-08-25T10:37:29.188863] ] (STDOUT, APP/TASK/deploy)#
#2026 08 25 11:28:56.879#Z#DEBUG#1118e5ca-a078-11f1-87c7-eeee0a8e79e5.ResilienceCockpit-db-deployer#flowable-async-job-executor-thread-14293#
[PollStageAppStatusExecution] 2d23200b-60aa-4519-b7f8-9f40de7a8ecc [2026-08-25T10:37:29.188865] } (STDOUT, APP/TASK/deploy)#
#2026 08 25 11:28:56.879#Z#DEBUG#1118e5ca-a078-11f1-87c7-eeee0a8e79e5.ResilienceCockpit-db-deployer#flowable-async-job-executor-thread-14293#
[PollStageAppStatusExecution] 2d23200b-60aa-4519-b7f8-9f40de7a8ecc [2026-08-25T10:37:29.188869] ] (STDOUT, APP/TASK/deploy)#
#2026 08 25 11:28:56.879#Z#DEBUG#1118e5ca-a078-11f1-87c7-eeee0a8e79e5.ResilienceCockpit-db-deployer#flowable-async-job-executor-thread-14293#
[PollStageAppStatusExecution] 2d23200b-60aa-4519-b7f8-9f40de7a8ecc [2026-08-25T10:37:29.188872] } (STDOUT, APP/TASK/deploy)#
#2026 08 25 11:28:56.879#Z#DEBUG#1118e5ca-a078-11f1-87c7-eeee0a8e79e5.ResilienceCockpit-db-deployer#flowable-async-job-executor-thread-14293#
[PollStageAppStatusExecution] 2d23200b-60aa-4519-b7f8-9f40de7a8ecc [2026-08-25T10:37:29.658389] @sap/hdi-deploy, version 5.7.0 (mode default), server version 4.00.000.00.1785832557 (4.0.0.0), cloud version 2026.14.14, node version 24.18.0, HDI version 1016, container API version 1007 (STDOUT, APP/TASK/deploy)#
#2026 08 25 11:28:56.879#Z#DEBUG#1118e5ca-a078-11f1-87c7-eeee0a8e79e5.ResilienceCockpit-db-deployer#flowable-async-job-executor-thread-14293#
[PollStageAppStatusExecution] 2d23200b-60aa-4519-b7f8-9f40de7a8ecc [2026-08-25T10:37:29.658408] Deployment started at 2026-08-25 10:37:29 (STDOUT, APP/TASK/deploy)#
#2026 08 25 11:28:56.879#Z#DEBUG#1118e5ca-a078-11f1-87c7-eeee0a8e79e5.ResilienceCockpit-db-deployer#flowable-async-job-executor-thread-14293#
[PollStageAppStatusExecution] 2d23200b-60aa-4519-b7f8-9f40de7a8ecc [2026-08-25T10:37:29.658564] Using hdb@2.29.6 for connection (STDOUT, APP/TASK/deploy)#
#2026 08 25 11:28:56.879#Z#DEBUG#1118e5ca-a078-11f1-87c7-eeee0a8e79e5.ResilienceCockpit-db-deployer#flowable-async-job-executor-thread-14293#
[PollStageAppStatusExecution] 2d23200b-60aa-4519-b7f8-9f40de7a8ecc [2026-08-25T10:37:29.671646] No ignore file at /home/vcap/app/.hdiignore. (STDOUT, APP/TASK/deploy)#
#2026 08 25 11:28:56.879#Z#DEBUG#1118e5ca-a078-11f1-87c7-eeee0a8e79e5.ResilienceCockpit-db-deployer#flowable-async-job-executor-thread-14293#
[PollStageAppStatusExecution] 2d23200b-60aa-4519-b7f8-9f40de7a8ecc [2026-08-25T10:37:29.671886] Collecting files... (STDOUT, APP/TASK/deploy)#
#2026 08 25 11:28:56.879#Z#DEBUG#1118e5ca-a078-11f1-87c7-eeee0a8e79e5.ResilienceCockpit-db-deployer#flowable-async-job-executor-thread-14293#
[PollStageAppStatusExecution] 2d23200b-60aa-4519-b7f8-9f40de7a8ecc [2026-08-25T10:37:29.676142] Collecting files... ok (0s 4ms) (STDOUT, APP/TASK/deploy)#
#2026 08 25 11:28:56.879#Z#DEBUG#1118e5ca-a078-11f1-87c7-eeee0a8e79e5.ResilienceCockpit-db-deployer#flowable-async-job-executor-thread-14293#
[PollStageAppStatusExecution] 2d23200b-60aa-4519-b7f8-9f40de7a8ecc [2026-08-25T10:37:29.676156] 3 directories collected (STDOUT, APP/TASK/deploy)#
#2026 08 25 11:28:56.879#Z#DEBUG#1118e5ca-a078-11f1-87c7-eeee0a8e79e5.ResilienceCockpit-db-deployer#flowable-async-job-executor-thread-14293#
[PollStageAppStatusExecution] 2d23200b-60aa-4519-b7f8-9f40de7a8ecc [2026-08-25T10:37:29.676158] 100 files collected (STDOUT, APP/TASK/deploy)#
#2026 08 25 11:28:56.879#Z#DEBUG#1118e5ca-a078-11f1-87c7-eeee0a8e79e5.ResilienceCockpit-db-deployer#flowable-async-job-executor-thread-14293#
[PollStageAppStatusExecution] 2d23200b-60aa-4519-b7f8-9f40de7a8ecc [2026-08-25T10:37:29.676161] 0 reusable modules collected (STDOUT, APP/TASK/deploy)#
#2026 08 25 11:28:56.879#Z#DEBUG#1118e5ca-a078-11f1-87c7-eeee0a8e79e5.ResilienceCockpit-db-deployer#flowable-async-job-executor-thread-14293#
[PollStageAppStatusExecution] 2d23200b-60aa-4519-b7f8-9f40de7a8ecc [2026-08-25T10:37:29.676175] Target service: ResilienceCockpit-db (STDOUT, APP/TASK/deploy)#
#2026 08 25 11:28:56.879#Z#DEBUG#1118e5ca-a078-11f1-87c7-eeee0a8e79e5.ResilienceCockpit-db-deployer#flowable-async-job-executor-thread-14293#
[PollStageAppStatusExecution] 2d23200b-60aa-4519-b7f8-9f40de7a8ecc [2026-08-25T10:37:29.846816] Previous build with request ID 65 finished at 2026-08-25T08:59:07.59 with status Rolled back and message: Starting make in the container "8697B1A4A8B84AC49EFF171810969752" with 0 files to deploy, 0 files to undeploy... ok. (STDOUT, APP/TASK/deploy)#
#2026 08 25 11:28:56.879#Z#DEBUG#1118e5ca-a078-11f1-87c7-eeee0a8e79e5.ResilienceCockpit-db-deployer#flowable-async-job-executor-thread-14293#
[PollStageAppStatusExecution] 2d23200b-60aa-4519-b7f8-9f40de7a8ecc [2026-08-25T10:37:29.846850] Processing revoke files... (STDOUT, APP/TASK/deploy)#
#2026 08 25 11:28:56.879#Z#DEBUG#1118e5ca-a078-11f1-87c7-eeee0a8e79e5.ResilienceCockpit-db-deployer#flowable-async-job-executor-thread-14293#
[PollStageAppStatusExecution] 2d23200b-60aa-4519-b7f8-9f40de7a8ecc [2026-08-25T10:37:29.846921] Processing revoke files... ok (0s 0ms) (STDOUT, APP/TASK/deploy)#
#2026 08 25 11:28:56.879#Z#DEBUG#1118e5ca-a078-11f1-87c7-eeee0a8e79e5.ResilienceCockpit-db-deployer#flowable-async-job-executor-thread-14293#
[PollStageAppStatusExecution] 2d23200b-60aa-4519-b7f8-9f40de7a8ecc [2026-08-25T10:37:29.847040] Processing grants files... (STDOUT, APP/TASK/deploy)#
#2026 08 25 11:28:56.879#Z#DEBUG#1118e5ca-a078-11f1-87c7-eeee0a8e79e5.ResilienceCockpit-db-deployer#flowable-async-job-executor-thread-14293#
[PollStageAppStatusExecution] 2d23200b-60aa-4519-b7f8-9f40de7a8ecc [2026-08-25T10:37:29.847111] Processing grants files... ok (0s 0ms) (STDOUT, APP/TASK/deploy)#
#2026 08 25 11:28:56.879#Z#DEBUG#1118e5ca-a078-11f1-87c7-eeee0a8e79e5.ResilienceCockpit-db-deployer#flowable-async-job-executor-thread-14293#
[PollStageAppStatusExecution] 2d23200b-60aa-4519-b7f8-9f40de7a8ecc [2026-08-25T10:37:29.848708] Preprocessing files... (STDOUT, APP/TASK/deploy)#
#2026 08 25 11:28:56.879#Z#DEBUG#1118e5ca-a078-11f1-87c7-eeee0a8e79e5.ResilienceCockpit-db-deployer#flowable-async-job-executor-thread-14293#
[PollStageAppStatusExecution] 2d23200b-60aa-4519-b7f8-9f40de7a8ecc [2026-08-25T10:37:29.848863] Preprocessing files... ok (0s 0ms) (STDOUT, APP/TASK/deploy)#
#2026 08 25 11:28:56.879#Z#DEBUG#1118e5ca-a078-11f1-87c7-eeee0a8e79e5.ResilienceCockpit-db-deployer#flowable-async-job-executor-thread-14293#
[PollStageAppStatusExecution] 2d23200b-60aa-4519-b7f8-9f40de7a8ecc [2026-08-25T10:37:29.848933] Connecting to the container "8697B1A4A8B84AC49EFF171810969752"... (STDOUT, APP/TASK/deploy)#
#2026 08 25 11:28:56.879#Z#DEBUG#1118e5ca-a078-11f1-87c7-eeee0a8e79e5.ResilienceCockpit-db-deployer#flowable-async-job-executor-thread-14293#
[PollStageAppStatusExecution] 2d23200b-60aa-4519-b7f8-9f40de7a8ecc [2026-08-25T10:37:29.912968] Connecting to the container "8697B1A4A8B84AC49EFF171810969752"... ok (0s 64ms) (STDOUT, APP/TASK/deploy)#
#2026 08 25 11:28:56.879#Z#DEBUG#1118e5ca-a078-11f1-87c7-eeee0a8e79e5.ResilienceCockpit-db-deployer#flowable-async-job-executor-thread-14293#
[PollStageAppStatusExecution] 2d23200b-60aa-4519-b7f8-9f40de7a8ecc [2026-08-25T10:37:29.912982] Locking the container "8697B1A4A8B84AC49EFF171810969752"... (STDOUT, APP/TASK/deploy)#
#2026 08 25 11:28:56.879#Z#DEBUG#1118e5ca-a078-11f1-87c7-eeee0a8e79e5.ResilienceCockpit-db-deployer#flowable-async-job-executor-thread-14293#
[PollStageAppStatusExecution] 2d23200b-60aa-4519-b7f8-9f40de7a8ecc [2026-08-25T10:37:30.120599] Locking the container "8697B1A4A8B84AC49EFF171810969752"... ok (0s 208ms) (STDOUT, APP/TASK/deploy)#
#2026 08 25 11:28:56.879#Z#DEBUG#1118e5ca-a078-11f1-87c7-eeee0a8e79e5.ResilienceCockpit-db-deployer#flowable-async-job-executor-thread-14293#
[PollStageAppStatusExecution] 2d23200b-60aa-4519-b7f8-9f40de7a8ecc [2026-08-25T10:37:30.120622] Synchronizing files with the container "8697B1A4A8B84AC49EFF171810969752"... (STDOUT, APP/TASK/deploy)#
#2026 08 25 11:28:56.879#Z#DEBUG#1118e5ca-a078-11f1-87c7-eeee0a8e79e5.ResilienceCockpit-db-deployer#flowable-async-job-executor-thread-14293#
[PollStageAppStatusExecution] 2d23200b-60aa-4519-b7f8-9f40de7a8ecc [2026-08-25T10:37:30.548370] Deleting files... (STDOUT, APP/TASK/deploy)#
#2026 08 25 11:28:56.879#Z#DEBUG#1118e5ca-a078-11f1-87c7-eeee0a8e79e5.ResilienceCockpit-db-deployer#flowable-async-job-executor-thread-14293#
[PollStageAppStatusExecution] 2d23200b-60aa-4519-b7f8-9f40de7a8ecc [2026-08-25T10:37:30.699546] Deleting files... ok (STDOUT, APP/TASK/deploy)#
#2026 08 25 11:28:56.879#Z#DEBUG#1118e5ca-a078-11f1-87c7-eeee0a8e79e5.ResilienceCockpit-db-deployer#flowable-async-job-executor-thread-14293#
[PollStageAppStatusExecution] 2d23200b-60aa-4519-b7f8-9f40de7a8ecc [2026-08-25T10:37:30.699569] Writing files... (STDOUT, APP/TASK/deploy)#
#2026 08 25 11:28:56.879#Z#DEBUG#1118e5ca-a078-11f1-87c7-eeee0a8e79e5.ResilienceCockpit-db-deployer#flowable-async-job-executor-thread-14293#
[PollStageAppStatusExecution] 2d23200b-60aa-4519-b7f8-9f40de7a8ecc [2026-08-25T10:37:30.699652] Writing 3 items (STDOUT, APP/TASK/deploy)#
#2026 08 25 11:28:56.879#Z#DEBUG#1118e5ca-a078-11f1-87c7-eeee0a8e79e5.ResilienceCockpit-db-deployer#flowable-async-job-executor-thread-14293#
[PollStageAppStatusExecution] 2d23200b-60aa-4519-b7f8-9f40de7a8ecc [2026-08-25T10:37:30.897533] Writing files... ok (STDOUT, APP/TASK/deploy)#
#2026 08 25 11:28:56.879#Z#DEBUG#1118e5ca-a078-11f1-87c7-eeee0a8e79e5.ResilienceCockpit-db-deployer#flowable-async-job-executor-thread-14293#
[PollStageAppStatusExecution] 2d23200b-60aa-4519-b7f8-9f40de7a8ecc [2026-08-25T10:37:30.897549] Synchronizing files with the container "8697B1A4A8B84AC49EFF171810969752"... ok (0s 777ms) (STDOUT, APP/TASK/deploy)#
#2026 08 25 11:28:56.879#Z#DEBUG#1118e5ca-a078-11f1-87c7-eeee0a8e79e5.ResilienceCockpit-db-deployer#flowable-async-job-executor-thread-14293#
[PollStageAppStatusExecution] 2d23200b-60aa-4519-b7f8-9f40de7a8ecc [2026-08-25T10:37:30.897746] added files: [] (STDOUT, APP/TASK/deploy)#
#2026 08 25 11:28:56.879#Z#DEBUG#1118e5ca-a078-11f1-87c7-eeee0a8e79e5.ResilienceCockpit-db-deployer#flowable-async-job-executor-thread-14293#
[PollStageAppStatusExecution] 2d23200b-60aa-4519-b7f8-9f40de7a8ecc [2026-08-25T10:37:30.897762] modified files: [] (STDOUT, APP/TASK/deploy)#
#2026 08 25 11:28:56.879#Z#DEBUG#1118e5ca-a078-11f1-87c7-eeee0a8e79e5.ResilienceCockpit-db-deployer#flowable-async-job-executor-thread-14293#
[PollStageAppStatusExecution] 2d23200b-60aa-4519-b7f8-9f40de7a8ecc [2026-08-25T10:37:30.897774] deleted files: [] (STDOUT, APP/TASK/deploy)#
#2026 08 25 11:28:56.879#Z#DEBUG#1118e5ca-a078-11f1-87c7-eeee0a8e79e5.ResilienceCockpit-db-deployer#flowable-async-job-executor-thread-14293#
[PollStageAppStatusExecution] 2d23200b-60aa-4519-b7f8-9f40de7a8ecc [2026-08-25T10:37:30.897860] 0 modified or added files are scheduled for deploy based on delta detection (STDOUT, APP/TASK/deploy)#
#2026 08 25 11:28:56.879#Z#DEBUG#1118e5ca-a078-11f1-87c7-eeee0a8e79e5.ResilienceCockpit-db-deployer#flowable-async-job-executor-thread-14293#
[PollStageAppStatusExecution] 2d23200b-60aa-4519-b7f8-9f40de7a8ecc [2026-08-25T10:37:30.898031] 0 deleted files are scheduled for undeploy based on delta detection (filtered by undeploy allowlist) (STDOUT, APP/TASK/deploy)#
#2026 08 25 11:28:56.879#Z#DEBUG#1118e5ca-a078-11f1-87c7-eeee0a8e79e5.ResilienceCockpit-db-deployer#flowable-async-job-executor-thread-14293#
[PollStageAppStatusExecution] 2d23200b-60aa-4519-b7f8-9f40de7a8ecc [2026-08-25T10:37:30.898093] 0 files are scheduled for deploy based on explicit specification (STDOUT, APP/TASK/deploy)#
#2026 08 25 11:28:56.879#Z#DEBUG#1118e5ca-a078-11f1-87c7-eeee0a8e79e5.ResilienceCockpit-db-deployer#flowable-async-job-executor-thread-14293#
[PollStageAppStatusExecution] 2d23200b-60aa-4519-b7f8-9f40de7a8ecc [2026-08-25T10:37:30.898108] 0 files are scheduled for undeploy based on explicit specification (STDOUT, APP/TASK/deploy)#
#2026 08 25 11:28:56.879#Z#DEBUG#1118e5ca-a078-11f1-87c7-eeee0a8e79e5.ResilienceCockpit-db-deployer#flowable-async-job-executor-thread-14293#
[PollStageAppStatusExecution] 2d23200b-60aa-4519-b7f8-9f40de7a8ecc [2026-08-25T10:37:30.898120] Deploying to the container "8697B1A4A8B84AC49EFF171810969752"... (STDOUT, APP/TASK/deploy)#
#2026 08 25 11:28:56.879#Z#DEBUG#1118e5ca-a078-11f1-87c7-eeee0a8e79e5.ResilienceCockpit-db-deployer#flowable-async-job-executor-thread-14293#
[PollStageAppStatusExecution] 2d23200b-60aa-4519-b7f8-9f40de7a8ecc [2026-08-25T10:37:31.492739] Polling messages for request id: 70 (STDOUT, APP/TASK/deploy)#
#2026 08 25 11:28:56.879#Z#DEBUG#1118e5ca-a078-11f1-87c7-eeee0a8e79e5.ResilienceCockpit-db-deployer#flowable-async-job-executor-thread-14293#
[PollStageAppStatusExecution] 2d23200b-60aa-4519-b7f8-9f40de7a8ecc [2026-08-25T10:37:31.520852] Starting make in the container "8697B1A4A8B84AC49EFF171810969752" with 0 files to deploy, 0 files to undeploy... (STDOUT, APP/TASK/deploy)#
#2026 08 25 11:28:56.879#Z#DEBUG#1118e5ca-a078-11f1-87c7-eeee0a8e79e5.ResilienceCockpit-db-deployer#flowable-async-job-executor-thread-14293#
[PollStageAppStatusExecution] 2d23200b-60aa-4519-b7f8-9f40de7a8ecc [2026-08-25T10:37:31.520866] Disabling table replication for the container schema "8697B1A4A8B84AC49EFF171810969752"... (STDOUT, APP/TASK/deploy)#
#2026 08 25 11:28:56.879#Z#DEBUG#1118e5ca-a078-11f1-87c7-eeee0a8e79e5.ResilienceCockpit-db-deployer#flowable-async-job-executor-thread-14293#
[PollStageAppStatusExecution] 2d23200b-60aa-4519-b7f8-9f40de7a8ecc [2026-08-25T10:37:31.520870] Disabling table replication for the container schema "8697B1A4A8B84AC49EFF171810969752"... ok (0s 19ms) (STDOUT, APP/TASK/deploy)#
#2026 08 25 11:28:56.879#Z#DEBUG#1118e5ca-a078-11f1-87c7-eeee0a8e79e5.ResilienceCockpit-db-deployer#flowable-async-job-executor-thread-14293#
[PollStageAppStatusExecution] 2d23200b-60aa-4519-b7f8-9f40de7a8ecc [2026-08-25T10:37:31.521098] Migrating libraries... (STDOUT, APP/TASK/deploy)#
#2026 08 25 11:28:56.879#Z#DEBUG#1118e5ca-a078-11f1-87c7-eeee0a8e79e5.ResilienceCockpit-db-deployer#flowable-async-job-executor-thread-14293#
[PollStageAppStatusExecution] 2d23200b-60aa-4519-b7f8-9f40de7a8ecc [2026-08-25T10:37:31.521127] Migrating libraries... ok (0s 45ms) (STDOUT, APP/TASK/deploy)#
#2026 08 25 11:28:56.879#Z#DEBUG#1118e5ca-a078-11f1-87c7-eeee0a8e79e5.ResilienceCockpit-db-deployer#flowable-async-job-executor-thread-14293#
[PollStageAppStatusExecution] 2d23200b-60aa-4519-b7f8-9f40de7a8ecc [2026-08-25T10:37:31.521135] Making... (STDOUT, APP/TASK/deploy)#
#2026 08 25 11:28:56.879#Z#DEBUG#1118e5ca-a078-11f1-87c7-eeee0a8e79e5.ResilienceCockpit-db-deployer#flowable-async-job-executor-thread-14293#
[PollStageAppStatusExecution] 2d23200b-60aa-4519-b7f8-9f40de7a8ecc [2026-08-25T10:37:31.521139] Preparing... (STDOUT, APP/TASK/deploy)#
#2026 08 25 11:28:56.879#Z#DEBUG#1118e5ca-a078-11f1-87c7-eeee0a8e79e5.ResilienceCockpit-db-deployer#flowable-async-job-executor-thread-14293#
[PollStageAppStatusExecution] 2d23200b-60aa-4519-b7f8-9f40de7a8ecc [2026-08-25T10:37:31.521143] Preparing... ok (0s 0ms) (STDOUT, APP/TASK/deploy)#
#2026 08 25 11:28:56.879#Z#DEBUG#1118e5ca-a078-11f1-87c7-eeee0a8e79e5.ResilienceCockpit-db-deployer#flowable-async-job-executor-thread-14293#
[PollStageAppStatusExecution] 2d23200b-60aa-4519-b7f8-9f40de7a8ecc [2026-08-25T10:37:31.521147] Preparing the make transaction... (STDOUT, APP/TASK/deploy)#
#2026 08 25 11:28:56.879#Z#DEBUG#1118e5ca-a078-11f1-87c7-eeee0a8e79e5.ResilienceCockpit-db-deployer#flowable-async-job-executor-thread-14293#
[PollStageAppStatusExecution] 2d23200b-60aa-4519-b7f8-9f40de7a8ecc [2026-08-25T10:37:31.743214] Preparing the make transaction... ok (0s 419ms) (STDOUT, APP/TASK/deploy)#
#2026 08 25 11:28:56.879#Z#DEBUG#1118e5ca-a078-11f1-87c7-eeee0a8e79e5.ResilienceCockpit-db-deployer#flowable-async-job-executor-thread-14293#
[PollStageAppStatusExecution] 2d23200b-60aa-4519-b7f8-9f40de7a8ecc [2026-08-25T10:37:31.743230] Calculating dependencies... (STDOUT, APP/TASK/deploy)#
#2026 08 25 11:28:56.879#Z#DEBUG#1118e5ca-a078-11f1-87c7-eeee0a8e79e5.ResilienceCockpit-db-deployer#flowable-async-job-executor-thread-14293#
[PollStageAppStatusExecution] 2d23200b-60aa-4519-b7f8-9f40de7a8ecc [2026-08-25T10:37:31.743233] Expanding... (STDOUT, APP/TASK/deploy)#
#2026 08 25 11:28:56.879#Z#DEBUG#1118e5ca-a078-11f1-87c7-eeee0a8e79e5.ResilienceCockpit-db-deployer#flowable-async-job-executor-thread-14293#
[PollStageAppStatusExecution] 2d23200b-60aa-4519-b7f8-9f40de7a8ecc [2026-08-25T10:37:31.743236] Expanding... ok (0s 20ms) (STDOUT, APP/TASK/deploy)#
#2026 08 25 11:28:56.879#Z#DEBUG#1118e5ca-a078-11f1-87c7-eeee0a8e79e5.ResilienceCockpit-db-deployer#flowable-async-job-executor-thread-14293#
[PollStageAppStatusExecution] 2d23200b-60aa-4519-b7f8-9f40de7a8ecc [2026-08-25T10:37:31.743238] Precompiling... (STDOUT, APP/TASK/deploy)#
#2026 08 25 11:28:56.879#Z#DEBUG#1118e5ca-a078-11f1-87c7-eeee0a8e79e5.ResilienceCockpit-db-deployer#flowable-async-job-executor-thread-14293#
[PollStageAppStatusExecution] 2d23200b-60aa-4519-b7f8-9f40de7a8ecc [2026-08-25T10:37:31.743240] Precompiling... ok (0s 0ms) (STDOUT, APP/TASK/deploy)#
#2026 08 25 11:28:56.879#Z#DEBUG#1118e5ca-a078-11f1-87c7-eeee0a8e79e5.ResilienceCockpit-db-deployer#flowable-async-job-executor-thread-14293#
[PollStageAppStatusExecution] 2d23200b-60aa-4519-b7f8-9f40de7a8ecc [2026-08-25T10:37:31.743245] Merging... (STDOUT, APP/TASK/deploy)#
#2026 08 25 11:28:56.879#Z#DEBUG#1118e5ca-a078-11f1-87c7-eeee0a8e79e5.ResilienceCockpit-db-deployer#flowable-async-job-executor-thread-14293#
[PollStageAppStatusExecution] 2d23200b-60aa-4519-b7f8-9f40de7a8ecc [2026-08-25T10:37:31.743265] Merging... ok (0s 0ms) (STDOUT, APP/TASK/deploy)#
#2026 08 25 11:28:56.879#Z#DEBUG#1118e5ca-a078-11f1-87c7-eeee0a8e79e5.ResilienceCockpit-db-deployer#flowable-async-job-executor-thread-14293#
[PollStageAppStatusExecution] 2d23200b-60aa-4519-b7f8-9f40de7a8ecc [2026-08-25T10:37:31.743269] Calculating dependencies... ok (0s 20ms) (STDOUT, APP/TASK/deploy)#
#2026 08 25 11:28:56.879#Z#DEBUG#1118e5ca-a078-11f1-87c7-eeee0a8e79e5.ResilienceCockpit-db-deployer#flowable-async-job-executor-thread-14293#
[PollStageAppStatusExecution] 2d23200b-60aa-4519-b7f8-9f40de7a8ecc [2026-08-25T10:37:31.743271] No make necessary (STDOUT, APP/TASK/deploy)#
#2026 08 25 11:28:56.879#Z#DEBUG#1118e5ca-a078-11f1-87c7-eeee0a8e79e5.ResilienceCockpit-db-deployer#flowable-async-job-executor-thread-14293#
[PollStageAppStatusExecution] 2d23200b-60aa-4519-b7f8-9f40de7a8ecc [2026-08-25T10:37:31.743273] Making... ok (0s 578ms) (STDOUT, APP/TASK/deploy)#
#2026 08 25 11:28:56.879#Z#DEBUG#1118e5ca-a078-11f1-87c7-eeee0a8e79e5.ResilienceCockpit-db-deployer#flowable-async-job-executor-thread-14293#
[PollStageAppStatusExecution] 2d23200b-60aa-4519-b7f8-9f40de7a8ecc [2026-08-25T10:37:31.743276] Enabling table replication for the container schema "8697B1A4A8B84AC49EFF171810969752"... (STDOUT, APP/TASK/deploy)#
#2026 08 25 11:28:56.879#Z#DEBUG#1118e5ca-a078-11f1-87c7-eeee0a8e79e5.ResilienceCockpit-db-deployer#flowable-async-job-executor-thread-14293#
[PollStageAppStatusExecution] 2d23200b-60aa-4519-b7f8-9f40de7a8ecc [2026-08-25T10:37:31.743279] Enabling table replication for the container schema "8697B1A4A8B84AC49EFF171810969752"... ok (0s 9ms) (STDOUT, APP/TASK/deploy)#
#2026 08 25 11:28:56.879#Z#DEBUG#1118e5ca-a078-11f1-87c7-eeee0a8e79e5.ResilienceCockpit-db-deployer#flowable-async-job-executor-thread-14293#
[PollStageAppStatusExecution] 2d23200b-60aa-4519-b7f8-9f40de7a8ecc [2026-08-25T10:37:31.743281] Starting make in the container "8697B1A4A8B84AC49EFF171810969752" with 0 files to deploy, 0 files to undeploy... ok (0s 658ms) (STDOUT, APP/TASK/deploy)#
#2026 08 25 11:28:56.879#Z#DEBUG#1118e5ca-a078-11f1-87c7-eeee0a8e79e5.ResilienceCockpit-db-deployer#flowable-async-job-executor-thread-14293#
[PollStageAppStatusExecution] 2d23200b-60aa-4519-b7f8-9f40de7a8ecc [2026-08-25T10:37:31.743378] Deploying to the container "8697B1A4A8B84AC49EFF171810969752"... ok (0s 845ms) (STDOUT, APP/TASK/deploy)#
#2026 08 25 11:28:56.879#Z#DEBUG#1118e5ca-a078-11f1-87c7-eeee0a8e79e5.ResilienceCockpit-db-deployer#flowable-async-job-executor-thread-14293#
[PollStageAppStatusExecution] 2d23200b-60aa-4519-b7f8-9f40de7a8ecc [2026-08-25T10:37:31.743679] No default-access-role handling needed; global role "8697B1A4A8B84AC49EFF171810969752::access_role" will not be adapted (STDOUT, APP/TASK/deploy)#
#2026 08 25 11:28:56.879#Z#DEBUG#1118e5ca-a078-11f1-87c7-eeee0a8e79e5.ResilienceCockpit-db-deployer#flowable-async-job-executor-thread-14293#
[PollStageAppStatusExecution] 2d23200b-60aa-4519-b7f8-9f40de7a8ecc [2026-08-25T10:37:31.743703] Unlocking the container "8697B1A4A8B84AC49EFF171810969752"... (STDOUT, APP/TASK/deploy)#
#2026 08 25 11:28:56.879#Z#DEBUG#1118e5ca-a078-11f1-87c7-eeee0a8e79e5.ResilienceCockpit-db-deployer#flowable-async-job-executor-thread-14293#
[PollStageAppStatusExecution] 2d23200b-60aa-4519-b7f8-9f40de7a8ecc [2026-08-25T10:37:31.743915] Unlocking the container "8697B1A4A8B84AC49EFF171810969752"... ok (0s 0ms) (STDOUT, APP/TASK/deploy)#
#2026 08 25 11:28:56.879#Z#DEBUG#1118e5ca-a078-11f1-87c7-eeee0a8e79e5.ResilienceCockpit-db-deployer#flowable-async-job-executor-thread-14293#
[PollStageAppStatusExecution] 2d23200b-60aa-4519-b7f8-9f40de7a8ecc [2026-08-25T10:37:31.743961] Deployment to container 8697B1A4A8B84AC49EFF171810969752 done [Deployment ID: none]. (STDOUT, APP/TASK/deploy)#
#2026 08 25 11:28:56.879#Z#DEBUG#1118e5ca-a078-11f1-87c7-eeee0a8e79e5.ResilienceCockpit-db-deployer#flowable-async-job-executor-thread-14293#
[PollStageAppStatusExecution] 2d23200b-60aa-4519-b7f8-9f40de7a8ecc [2026-08-25T10:37:31.744263] Deployment ended at 2026-08-25 10:37:31 (STDOUT, APP/TASK/deploy)#
#2026 08 25 11:28:56.879#Z#DEBUG#1118e5ca-a078-11f1-87c7-eeee0a8e79e5.ResilienceCockpit-db-deployer#flowable-async-job-executor-thread-14293#
[PollStageAppStatusExecution] 2d23200b-60aa-4519-b7f8-9f40de7a8ecc [2026-08-25T10:37:31.744471] (2s 624ms) (STDOUT, APP/TASK/deploy)#
#2026 08 25 11:28:56.879#Z#DEBUG#1118e5ca-a078-11f1-87c7-eeee0a8e79e5.ResilienceCockpit-db-deployer#flowable-async-job-executor-thread-14293#
[PollStageAppStatusExecution] 2d23200b-60aa-4519-b7f8-9f40de7a8ecc [2026-08-25T10:37:31.752564] npm notice (STDERR, APP/TASK/deploy)#
#2026 08 25 11:28:56.879#Z#DEBUG#1118e5ca-a078-11f1-87c7-eeee0a8e79e5.ResilienceCockpit-db-deployer#flowable-async-job-executor-thread-14293#
[PollStageAppStatusExecution] 2d23200b-60aa-4519-b7f8-9f40de7a8ecc [2026-08-25T10:37:31.752581] npm notice New major version of npm available! 11.16.0 -> 12.0.2 (STDERR, APP/TASK/deploy)#
#2026 08 25 11:28:56.879#Z#DEBUG#1118e5ca-a078-11f1-87c7-eeee0a8e79e5.ResilienceCockpit-db-deployer#flowable-async-job-executor-thread-14293#
[PollStageAppStatusExecution] 2d23200b-60aa-4519-b7f8-9f40de7a8ecc [2026-08-25T10:37:31.752586] npm notice Changelog: https://github.com/npm/cli/releases/tag/v12.0.2 (STDERR, APP/TASK/deploy)#
#2026 08 25 11:28:56.879#Z#DEBUG#1118e5ca-a078-11f1-87c7-eeee0a8e79e5.ResilienceCockpit-db-deployer#flowable-async-job-executor-thread-14293#
[PollStageAppStatusExecution] 2d23200b-60aa-4519-b7f8-9f40de7a8ecc [2026-08-25T10:37:31.752589] npm notice To update run: npm install -g npm@12.0.2 (STDERR, APP/TASK/deploy)#
#2026 08 25 11:28:56.879#Z#DEBUG#1118e5ca-a078-11f1-87c7-eeee0a8e79e5.ResilienceCockpit-db-deployer#flowable-async-job-executor-thread-14293#
[PollStageAppStatusExecution] 2d23200b-60aa-4519-b7f8-9f40de7a8ecc [2026-08-25T10:37:31.752591] npm notice (STDERR, APP/TASK/deploy)#
#2026 08 25 11:28:56.879#Z#DEBUG#1118e5ca-a078-11f1-87c7-eeee0a8e79e5.ResilienceCockpit-db-deployer#flowable-async-job-executor-thread-14293#
[PollStageAppStatusExecution] 2d23200b-60aa-4519-b7f8-9f40de7a8ecc [2026-08-25T10:37:31.795598] Exit status 0 (STDOUT, APP/TASK/deploy)#
#2026 08 25 11:28:56.879#Z#DEBUG#1118e5ca-a078-11f1-87c7-eeee0a8e79e5.ResilienceCockpit-db-deployer#flowable-async-job-executor-thread-14293#
[PollStageAppStatusExecution] 2d23200b-60aa-4519-b7f8-9f40de7a8ecc [2026-08-25T10:37:32.115132] Cell 4761c3fb-8e91-4ced-804b-3db53058de34 stopping instance a85ac3f2-2e4f-44cb-bdc1-ff4ce58b902e (STDOUT, CELL)#
#2026 08 25 11:28:56.879#Z#DEBUG#1118e5ca-a078-11f1-87c7-eeee0a8e79e5.ResilienceCockpit-db-deployer#flowable-async-job-executor-thread-14293#
[PollStageAppStatusExecution] 2d23200b-60aa-4519-b7f8-9f40de7a8ecc [2026-08-25T10:37:32.115159] Cell 4761c3fb-8e91-4ced-804b-3db53058de34 destroying container for instance a85ac3f2-2e4f-44cb-bdc1-ff4ce58b902e (STDOUT, CELL)#
#2026 08 25 11:28:56.879#Z#DEBUG#1118e5ca-a078-11f1-87c7-eeee0a8e79e5.ResilienceCockpit-db-deployer#flowable-async-job-executor-thread-14293#
[PollStageAppStatusExecution] 2d23200b-60aa-4519-b7f8-9f40de7a8ecc [2026-08-25T10:37:34.286142] Cell 4761c3fb-8e91-4ced-804b-3db53058de34 successfully destroyed container for instance a85ac3f2-2e4f-44cb-bdc1-ff4ce58b902e (STDOUT, CELL)#
#2026 08 25 11:28:56.879#Z#DEBUG#1118e5ca-a078-11f1-87c7-eeee0a8e79e5.ResilienceCockpit-db-deployer#flowable-async-job-executor-thread-14293#
[PollStageAppStatusExecution] 2d23200b-60aa-4519-b7f8-9f40de7a8ecc [2026-08-25T10:38:46.538678] Updated app with guid 2d23200b-60aa-4519-b7f8-9f40de7a8ecc ({"lifecycle"=>{"data"=>{"buildpacks"=>["nodejs_buildpack"]}, "type"=>"buildpack"}}) (STDOUT, API)#
#2026 08 25 11:28:56.879#Z#DEBUG#1118e5ca-a078-11f1-87c7-eeee0a8e79e5.ResilienceCockpit-db-deployer#flowable-async-job-executor-thread-14293#
[PollStageAppStatusExecution] 2d23200b-60aa-4519-b7f8-9f40de7a8ecc [2026-08-25T10:38:46.640438] Updating process: "web" (STDOUT, API)#
#2026 08 25 11:28:56.879#Z#DEBUG#1118e5ca-a078-11f1-87c7-eeee0a8e79e5.ResilienceCockpit-db-deployer#flowable-async-job-executor-thread-14293#
[PollStageAppStatusExecution] 2d23200b-60aa-4519-b7f8-9f40de7a8ecc [2026-08-25T10:38:54.905211] Uploading app package for app with guid 2d23200b-60aa-4519-b7f8-9f40de7a8ecc (STDOUT, API)#
#2026 08 25 11:28:56.879#Z#DEBUG#1118e5ca-a078-11f1-87c7-eeee0a8e79e5.ResilienceCockpit-db-deployer#flowable-async-job-executor-thread-14293#
[PollStageAppStatusExecution] 2d23200b-60aa-4519-b7f8-9f40de7a8ecc [2026-08-25T10:38:55.082953] Updated app with guid 2d23200b-60aa-4519-b7f8-9f40de7a8ecc ({"environment_variables"=>"[PRIVATE DATA HIDDEN]"}) (STDOUT, API)#
#2026 08 25 11:28:56.879#Z#DEBUG#1118e5ca-a078-11f1-87c7-eeee0a8e79e5.ResilienceCockpit-db-deployer#flowable-async-job-executor-thread-14293#
[PollStageAppStatusExecution] 2d23200b-60aa-4519-b7f8-9f40de7a8ecc [2026-08-25T10:39:04.933598] Creating build for app with guid 2d23200b-60aa-4519-b7f8-9f40de7a8ecc (STDOUT, API)#
#2026 08 25 11:28:56.879#Z#DEBUG#1118e5ca-a078-11f1-87c7-eeee0a8e79e5.ResilienceCockpit-db-deployer#flowable-async-job-executor-thread-14293#
[PollStageAppStatusExecution] 2d23200b-60aa-4519-b7f8-9f40de7a8ecc [2026-08-25T10:39:05.234102] Downloading nodejs_buildpack... (STDOUT, STG)#
#2026 08 25 11:28:56.879#Z#DEBUG#1118e5ca-a078-11f1-87c7-eeee0a8e79e5.ResilienceCockpit-db-deployer#flowable-async-job-executor-thread-14293#
[PollStageAppStatusExecution] 2d23200b-60aa-4519-b7f8-9f40de7a8ecc [2026-08-25T10:39:05.271752] Downloaded nodejs_buildpack (STDOUT, STG)#
#2026 08 25 11:28:56.879#Z#DEBUG#1118e5ca-a078-11f1-87c7-eeee0a8e79e5.ResilienceCockpit-db-deployer#flowable-async-job-executor-thread-14293#
[PollStageAppStatusExecution] 2d23200b-60aa-4519-b7f8-9f40de7a8ecc [2026-08-25T10:39:05.271797] Cell 2f709810-9b95-445d-9c2a-0d5af0af5ace creating container for instance 503ff3cb-a68a-428a-87ac-7fda8f763ce1 (STDOUT, STG)#
#2026 08 25 11:28:56.879#Z#DEBUG#1118e5ca-a078-11f1-87c7-eeee0a8e79e5.ResilienceCockpit-db-deployer#flowable-async-job-executor-thread-14293#
[PollStageAppStatusExecution] 2d23200b-60aa-4519-b7f8-9f40de7a8ecc [2026-08-25T10:39:05.572593] Security group rules were updated (STDOUT, STG)#
#2026 08 25 11:28:56.879#Z#DEBUG#1118e5ca-a078-11f1-87c7-eeee0a8e79e5.ResilienceCockpit-db-deployer#flowable-async-job-executor-thread-14293#
[PollStageAppStatusExecution] 2d23200b-60aa-4519-b7f8-9f40de7a8ecc [2026-08-25T10:39:05.629729] Cell 2f709810-9b95-445d-9c2a-0d5af0af5ace successfully created container for instance 503ff3cb-a68a-428a-87ac-7fda8f763ce1 (STDOUT, STG)#
#2026 08 25 11:28:56.879#Z#DEBUG#1118e5ca-a078-11f1-87c7-eeee0a8e79e5.ResilienceCockpit-db-deployer#flowable-async-job-executor-thread-14293#
[PollStageAppStatusExecution] 2d23200b-60aa-4519-b7f8-9f40de7a8ecc [2026-08-25T10:39:06.005352] Downloading app package... (STDOUT, STG)#
#2026 08 25 11:28:56.879#Z#DEBUG#1118e5ca-a078-11f1-87c7-eeee0a8e79e5.ResilienceCockpit-db-deployer#flowable-async-job-executor-thread-14293#
[PollStageAppStatusExecution] 2d23200b-60aa-4519-b7f8-9f40de7a8ecc [2026-08-25T10:39:06.005388] Downloading build artifacts cache... (STDOUT, STG)#
#2026 08 25 11:28:56.879#Z#DEBUG#1118e5ca-a078-11f1-87c7-eeee0a8e79e5.ResilienceCockpit-db-deployer#flowable-async-job-executor-thread-14293#
[PollStageAppStatusExecution] 2d23200b-60aa-4519-b7f8-9f40de7a8ecc [2026-08-25T10:39:06.056720] Downloaded build artifacts cache (223B) (STDOUT, STG)#
#2026 08 25 11:28:56.879#Z#DEBUG#1118e5ca-a078-11f1-87c7-eeee0a8e79e5.ResilienceCockpit-db-deployer#flowable-async-job-executor-thread-14293#
[PollStageAppStatusExecution] 2d23200b-60aa-4519-b7f8-9f40de7a8ecc [2026-08-25T10:39:06.218775] Downloaded app package (2.5M) (STDOUT, STG)#
#2026 08 25 11:28:56.879#Z#DEBUG#1118e5ca-a078-11f1-87c7-eeee0a8e79e5.ResilienceCockpit-db-deployer#flowable-async-job-executor-thread-14293#
[PollStageAppStatusExecution] 2d23200b-60aa-4519-b7f8-9f40de7a8ecc [2026-08-25T10:39:06.270281] -----> Nodejs Buildpack version 1.9.3 (STDOUT, STG)#
#2026 08 25 11:28:56.879#Z#DEBUG#1118e5ca-a078-11f1-87c7-eeee0a8e79e5.ResilienceCockpit-db-deployer#flowable-async-job-executor-thread-14293#
[PollStageAppStatusExecution] 2d23200b-60aa-4519-b7f8-9f40de7a8ecc [2026-08-25T10:39:06.363951] -----> Bootstrapping python (STDOUT, STG)#
#2026 08 25 11:28:56.879#Z#DEBUG#1118e5ca-a078-11f1-87c7-eeee0a8e79e5.ResilienceCockpit-db-deployer#flowable-async-job-executor-thread-14293#
[PollStageAppStatusExecution] 2d23200b-60aa-4519-b7f8-9f40de7a8ecc [2026-08-25T10:39:06.363975] -----> Installing python 3.13.14 (STDOUT, STG)#
#2026 08 25 11:28:56.879#Z#DEBUG#1118e5ca-a078-11f1-87c7-eeee0a8e79e5.ResilienceCockpit-db-deployer#flowable-async-job-executor-thread-14293#
[PollStageAppStatusExecution] 2d23200b-60aa-4519-b7f8-9f40de7a8ecc [2026-08-25T10:39:06.364065] Copy [/tmp/buildpacks/adc5840e3e50b48d/dependencies/4b4266a2ff36730aef37b88b668ca327/python_3.13.14_linux_x64_cflinuxfs4_b80d4954.tgz] (STDOUT, STG)#
#2026 08 25 11:28:56.879#Z#DEBUG#1118e5ca-a078-11f1-87c7-eeee0a8e79e5.ResilienceCockpit-db-deployer#flowable-async-job-executor-thread-14293#
[PollStageAppStatusExecution] 2d23200b-60aa-4519-b7f8-9f40de7a8ecc [2026-08-25T10:39:09.355915] -----> Installing binaries (STDOUT, STG)#
#2026 08 25 11:28:56.879#Z#DEBUG#1118e5ca-a078-11f1-87c7-eeee0a8e79e5.ResilienceCockpit-db-deployer#flowable-async-job-executor-thread-14293#
[PollStageAppStatusExecution] 2d23200b-60aa-4519-b7f8-9f40de7a8ecc [2026-08-25T10:39:09.355953] engines.node (package.json): >=18 (STDOUT, STG)#
#2026 08 25 11:28:56.879#Z#DEBUG#1118e5ca-a078-11f1-87c7-eeee0a8e79e5.ResilienceCockpit-db-deployer#flowable-async-job-executor-thread-14293#
[PollStageAppStatusExecution] 2d23200b-60aa-4519-b7f8-9f40de7a8ecc [2026-08-25T10:39:09.355957] engines.npm (package.json): unspecified (use default) (STDOUT, STG)#
#2026 08 25 11:28:56.879#Z#DEBUG#1118e5ca-a078-11f1-87c7-eeee0a8e79e5.ResilienceCockpit-db-deployer#flowable-async-job-executor-thread-14293#
[PollStageAppStatusExecution] 2d23200b-60aa-4519-b7f8-9f40de7a8ecc [2026-08-25T10:39:09.355960] [31;1m**WARNING**[0m Dangerous semver range (>) in engines.node. See: http://docs.cloudfoundry.org/buildpacks/node/node-tips.html (STDOUT, STG)#
#2026 08 25 11:28:56.879#Z#DEBUG#1118e5ca-a078-11f1-87c7-eeee0a8e79e5.ResilienceCockpit-db-deployer#flowable-async-job-executor-thread-14293#
[PollStageAppStatusExecution] 2d23200b-60aa-4519-b7f8-9f40de7a8ecc [2026-08-25T10:39:09.356051] -----> Installing node 24.18.0 (STDOUT, STG)#
#2026 08 25 11:28:56.879#Z#DEBUG#1118e5ca-a078-11f1-87c7-eeee0a8e79e5.ResilienceCockpit-db-deployer#flowable-async-job-executor-thread-14293#
[PollStageAppStatusExecution] 2d23200b-60aa-4519-b7f8-9f40de7a8ecc [2026-08-25T10:39:09.356158] Copy [/tmp/buildpacks/adc5840e3e50b48d/dependencies/dffbbb835fcd073c4544f78eb6247fac/node_24.18.0_linux_x64_cflinuxfs4_cdfed650.tgz] (STDOUT, STG)#
#2026 08 25 11:28:56.879#Z#DEBUG#1118e5ca-a078-11f1-87c7-eeee0a8e79e5.ResilienceCockpit-db-deployer#flowable-async-job-executor-thread-14293#
[PollStageAppStatusExecution] 2d23200b-60aa-4519-b7f8-9f40de7a8ecc [2026-08-25T10:39:11.098301] Using default npm version: 11.16.0 (STDOUT, STG)#
#2026 08 25 11:28:56.879#Z#DEBUG#1118e5ca-a078-11f1-87c7-eeee0a8e79e5.ResilienceCockpit-db-deployer#flowable-async-job-executor-thread-14293#
[PollStageAppStatusExecution] 2d23200b-60aa-4519-b7f8-9f40de7a8ecc [2026-08-25T10:39:11.098324] -----> Installing yarn 1.22.22 (STDOUT, STG)#
#2026 08 25 11:28:56.879#Z#DEBUG#1118e5ca-a078-11f1-87c7-eeee0a8e79e5.ResilienceCockpit-db-deployer#flowable-async-job-executor-thread-14293#
[PollStageAppStatusExecution] 2d23200b-60aa-4519-b7f8-9f40de7a8ecc [2026-08-25T10:39:11.098700] Copy [/tmp/buildpacks/adc5840e3e50b48d/dependencies/e4fe26756e9984a665478d350474fa2e/yarn_1.22.22_linux_noarch_any-stack_b6132b86.tgz] (STDOUT, STG)#
#2026 08 25 11:28:56.879#Z#DEBUG#1118e5ca-a078-11f1-87c7-eeee0a8e79e5.ResilienceCockpit-db-deployer#flowable-async-job-executor-thread-14293#
[PollStageAppStatusExecution] 2d23200b-60aa-4519-b7f8-9f40de7a8ecc [2026-08-25T10:39:11.350030] Installed yarn 1.22.22 (STDOUT, STG)#
#2026 08 25 11:28:56.879#Z#DEBUG#1118e5ca-a078-11f1-87c7-eeee0a8e79e5.ResilienceCockpit-db-deployer#flowable-async-job-executor-thread-14293#
[PollStageAppStatusExecution] 2d23200b-60aa-4519-b7f8-9f40de7a8ecc [2026-08-25T10:39:11.350058] -----> Creating runtime environment (STDOUT, STG)#
#2026 08 25 11:28:56.879#Z#DEBUG#1118e5ca-a078-11f1-87c7-eeee0a8e79e5.ResilienceCockpit-db-deployer#flowable-async-job-executor-thread-14293#
[PollStageAppStatusExecution] 2d23200b-60aa-4519-b7f8-9f40de7a8ecc [2026-08-25T10:39:11.351431] NODE_ENV=production (STDOUT, STG)#
#2026 08 25 11:28:56.879#Z#DEBUG#1118e5ca-a078-11f1-87c7-eeee0a8e79e5.ResilienceCockpit-db-deployer#flowable-async-job-executor-thread-14293#
[PollStageAppStatusExecution] 2d23200b-60aa-4519-b7f8-9f40de7a8ecc [2026-08-25T10:39:11.351454] NODE_HOME=/tmp/contents1577920391/deps/0/node (STDOUT, STG)#
#2026 08 25 11:28:56.879#Z#DEBUG#1118e5ca-a078-11f1-87c7-eeee0a8e79e5.ResilienceCockpit-db-deployer#flowable-async-job-executor-thread-14293#
[PollStageAppStatusExecution] 2d23200b-60aa-4519-b7f8-9f40de7a8ecc [2026-08-25T10:39:11.351457] NODE_MODULES_CACHE=true (STDOUT, STG)#
#2026 08 25 11:28:56.879#Z#DEBUG#1118e5ca-a078-11f1-87c7-eeee0a8e79e5.ResilienceCockpit-db-deployer#flowable-async-job-executor-thread-14293#
[PollStageAppStatusExecution] 2d23200b-60aa-4519-b7f8-9f40de7a8ecc [2026-08-25T10:39:11.351459] NODE_VERBOSE=false (STDOUT, STG)#
#2026 08 25 11:28:56.879#Z#DEBUG#1118e5ca-a078-11f1-87c7-eeee0a8e79e5.ResilienceCockpit-db-deployer#flowable-async-job-executor-thread-14293#
[PollStageAppStatusExecution] 2d23200b-60aa-4519-b7f8-9f40de7a8ecc [2026-08-25T10:39:11.351461] NPM_CONFIG_LOGLEVEL=error (STDOUT, STG)#
#2026 08 25 11:28:56.879#Z#DEBUG#1118e5ca-a078-11f1-87c7-eeee0a8e79e5.ResilienceCockpit-db-deployer#flowable-async-job-executor-thread-14293#
[PollStageAppStatusExecution] 2d23200b-60aa-4519-b7f8-9f40de7a8ecc [2026-08-25T10:39:11.351464] NPM_CONFIG_PRODUCTION=true (STDOUT, STG)#
#2026 08 25 11:28:56.879#Z#DEBUG#1118e5ca-a078-11f1-87c7-eeee0a8e79e5.ResilienceCockpit-db-deployer#flowable-async-job-executor-thread-14293#
[PollStageAppStatusExecution] 2d23200b-60aa-4519-b7f8-9f40de7a8ecc [2026-08-25T10:39:11.351477] -----> Building dependencies (STDOUT, STG)#
#2026 08 25 11:28:56.879#Z#DEBUG#1118e5ca-a078-11f1-87c7-eeee0a8e79e5.ResilienceCockpit-db-deployer#flowable-async-job-executor-thread-14293#
[PollStageAppStatusExecution] 2d23200b-60aa-4519-b7f8-9f40de7a8ecc [2026-08-25T10:39:11.351480] Prebuild detected (node_modules already exists) (STDOUT, STG)#
#2026 08 25 11:28:56.879#Z#DEBUG#1118e5ca-a078-11f1-87c7-eeee0a8e79e5.ResilienceCockpit-db-deployer#flowable-async-job-executor-thread-14293#
[PollStageAppStatusExecution] 2d23200b-60aa-4519-b7f8-9f40de7a8ecc [2026-08-25T10:39:11.351500] Rebuilding any native modules (STDOUT, STG)#
#2026 08 25 11:28:56.879#Z#DEBUG#1118e5ca-a078-11f1-87c7-eeee0a8e79e5.ResilienceCockpit-db-deployer#flowable-async-job-executor-thread-14293#
[PollStageAppStatusExecution] 2d23200b-60aa-4519-b7f8-9f40de7a8ecc [2026-08-25T10:39:11.742896] rebuilt dependencies successfully (STDOUT, STG)#
#2026 08 25 11:28:56.879#Z#DEBUG#1118e5ca-a078-11f1-87c7-eeee0a8e79e5.ResilienceCockpit-db-deployer#flowable-async-job-executor-thread-14293#
[PollStageAppStatusExecution] 2d23200b-60aa-4519-b7f8-9f40de7a8ecc [2026-08-25T10:39:11.791630] Installing any new modules (package.json + package-lock.json) (STDOUT, STG)#
#2026 08 25 11:28:56.879#Z#DEBUG#1118e5ca-a078-11f1-87c7-eeee0a8e79e5.ResilienceCockpit-db-deployer#flowable-async-job-executor-thread-14293#
[PollStageAppStatusExecution] 2d23200b-60aa-4519-b7f8-9f40de7a8ecc [2026-08-25T10:39:12.119987] up to date in 268ms (STDOUT, STG)#
#2026 08 25 11:28:56.879#Z#DEBUG#1118e5ca-a078-11f1-87c7-eeee0a8e79e5.ResilienceCockpit-db-deployer#flowable-async-job-executor-thread-14293#
[PollStageAppStatusExecution] 2d23200b-60aa-4519-b7f8-9f40de7a8ecc [2026-08-25T10:39:12.120178] 4 packages are looking for funding (STDOUT, STG)#
#2026 08 25 11:28:56.879#Z#DEBUG#1118e5ca-a078-11f1-87c7-eeee0a8e79e5.ResilienceCockpit-db-deployer#flowable-async-job-executor-thread-14293#
[PollStageAppStatusExecution] 2d23200b-60aa-4519-b7f8-9f40de7a8ecc [2026-08-25T10:39:12.120280] run `npm fund` for details (STDOUT, STG)#
#2026 08 25 11:28:56.879#Z#DEBUG#1118e5ca-a078-11f1-87c7-eeee0a8e79e5.ResilienceCockpit-db-deployer#flowable-async-job-executor-thread-14293#
[PollStageAppStatusExecution] 2d23200b-60aa-4519-b7f8-9f40de7a8ecc [2026-08-25T10:39:12.528500] Contrast Security no credentials found. Will not write environment files. (STDOUT, STG)#
#2026 08 25 11:28:56.879#Z#DEBUG#1118e5ca-a078-11f1-87c7-eeee0a8e79e5.ResilienceCockpit-db-deployer#flowable-async-job-executor-thread-14293#
[PollStageAppStatusExecution] 2d23200b-60aa-4519-b7f8-9f40de7a8ecc [2026-08-25T10:39:20.086220] Exit status 0 (STDOUT, STG)#
#2026 08 25 11:28:56.879#Z#DEBUG#1118e5ca-a078-11f1-87c7-eeee0a8e79e5.ResilienceCockpit-db-deployer#flowable-async-job-executor-thread-14293#
[PollStageAppStatusExecution] 2d23200b-60aa-4519-b7f8-9f40de7a8ecc [2026-08-25T10:39:20.086253] Uploading droplet, build artifacts cache... (STDOUT, STG)#
#2026 08 25 11:28:56.879#Z#DEBUG#1118e5ca-a078-11f1-87c7-eeee0a8e79e5.ResilienceCockpit-db-deployer#flowable-async-job-executor-thread-14293#
[PollStageAppStatusExecution] 2d23200b-60aa-4519-b7f8-9f40de7a8ecc [2026-08-25T10:39:20.086284] Uploading droplet... (STDOUT, STG)#
#2026 08 25 11:28:56.879#Z#DEBUG#1118e5ca-a078-11f1-87c7-eeee0a8e79e5.ResilienceCockpit-db-deployer#flowable-async-job-executor-thread-14293#
[PollStageAppStatusExecution] 2d23200b-60aa-4519-b7f8-9f40de7a8ecc [2026-08-25T10:39:20.086385] Uploading build artifacts cache... (STDOUT, STG)#
#2026 08 25 11:28:56.879#Z#DEBUG#1118e5ca-a078-11f1-87c7-eeee0a8e79e5.ResilienceCockpit-db-deployer#flowable-async-job-executor-thread-14293#
[PollStageAppStatusExecution] 2d23200b-60aa-4519-b7f8-9f40de7a8ecc [2026-08-25T10:39:20.106966] Uploaded build artifacts cache (223B) (STDOUT, STG)#
#2026 08 25 11:28:56.879#Z#DEBUG#1118e5ca-a078-11f1-87c7-eeee0a8e79e5.ResilienceCockpit-db-deployer#flowable-async-job-executor-thread-14293#
[PollStageAppStatusExecution] 2d23200b-60aa-4519-b7f8-9f40de7a8ecc [2026-08-25T10:39:20.674189] Creating droplet for app with guid 2d23200b-60aa-4519-b7f8-9f40de7a8ecc (STDOUT, API)#
#2026 08 25 11:28:56.879#Z#DEBUG#1118e5ca-a078-11f1-87c7-eeee0a8e79e5.ResilienceCockpit-db-deployer#flowable-async-job-executor-thread-14293#
[PollStageAppStatusExecution] 2d23200b-60aa-4519-b7f8-9f40de7a8ecc [2026-08-25T10:39:24.744983] Uploaded droplet (59.3M) (STDOUT, STG)#
#2026 08 25 11:28:56.879#Z#DEBUG#1118e5ca-a078-11f1-87c7-eeee0a8e79e5.ResilienceCockpit-db-deployer#flowable-async-job-executor-thread-14293#
[PollStageAppStatusExecution] 2d23200b-60aa-4519-b7f8-9f40de7a8ecc [2026-08-25T10:39:24.760372] Uploading complete (STDOUT, STG)#
#2026 08 25 11:28:56.879#Z#DEBUG#1118e5ca-a078-11f1-87c7-eeee0a8e79e5.ResilienceCockpit-db-deployer#flowable-async-job-executor-thread-14293#
[PollStageAppStatusExecution] 2d23200b-60aa-4519-b7f8-9f40de7a8ecc [2026-08-25T10:39:25.143913] Cell 2f709810-9b95-445d-9c2a-0d5af0af5ace stopping instance 503ff3cb-a68a-428a-87ac-7fda8f763ce1 (STDOUT, STG)#
#2026 08 25 11:28:56.879#Z#DEBUG#1118e5ca-a078-11f1-87c7-eeee0a8e79e5.ResilienceCockpit-db-deployer#flowable-async-job-executor-thread-14293#
[PollStageAppStatusExecution] 2d23200b-60aa-4519-b7f8-9f40de7a8ecc [2026-08-25T10:39:25.143957] Cell 2f709810-9b95-445d-9c2a-0d5af0af5ace destroying container for instance 503ff3cb-a68a-428a-87ac-7fda8f763ce1 (STDOUT, STG)#
#2026 08 25 11:28:56.879#Z#DEBUG#1118e5ca-a078-11f1-87c7-eeee0a8e79e5.ResilienceCockpit-db-deployer#flowable-async-job-executor-thread-14293#
[PollStageAppStatusExecution] 2d23200b-60aa-4519-b7f8-9f40de7a8ecc [2026-08-25T10:39:25.197738] Staging complete for build 503ff3cb-a68a-428a-87ac-7fda8f763ce1 (STDOUT, API)#
#2026 08 25 11:28:56.879#Z#DEBUG#1118e5ca-a078-11f1-87c7-eeee0a8e79e5.ResilienceCockpit-db-deployer#flowable-async-job-executor-thread-14293#
[PollStageAppStatusExecution] 2d23200b-60aa-4519-b7f8-9f40de7a8ecc [2026-08-25T10:39:28.691622] Updated app with guid 2d23200b-60aa-4519-b7f8-9f40de7a8ecc ({"lifecycle"=>{"data"=>{"buildpacks"=>["nodejs_buildpack"]}, "type"=>"buildpack"}}) (STDOUT, API)#
#2026 08 25 11:28:56.879#Z#DEBUG#1118e5ca-a078-11f1-87c7-eeee0a8e79e5.ResilienceCockpit-db-deployer#flowable-async-job-executor-thread-14293#
[PollStageAppStatusExecution] 2d23200b-60aa-4519-b7f8-9f40de7a8ecc [2026-08-25T10:39:28.806157] Updating process: "web" (STDOUT, API)#
#2026 08 25 11:28:56.879#Z#DEBUG#1118e5ca-a078-11f1-87c7-eeee0a8e79e5.ResilienceCockpit-db-deployer#flowable-async-job-executor-thread-14293#
[PollStageAppStatusExecution] 2d23200b-60aa-4519-b7f8-9f40de7a8ecc [2026-08-25T10:39:30.272466] Cell 2f709810-9b95-445d-9c2a-0d5af0af5ace successfully destroyed container for instance 503ff3cb-a68a-428a-87ac-7fda8f763ce1 (STDOUT, STG)#
#2026 08 25 11:28:56.879#Z#DEBUG#1118e5ca-a078-11f1-87c7-eeee0a8e79e5.ResilienceCockpit-db-deployer#flowable-async-job-executor-thread-14293#
[PollStageAppStatusExecution] 2d23200b-60aa-4519-b7f8-9f40de7a8ecc [2026-08-25T10:39:44.887392] Uploading app package for app with guid 2d23200b-60aa-4519-b7f8-9f40de7a8ecc (STDOUT, API)#
#2026 08 25 11:28:56.879#Z#DEBUG#1118e5ca-a078-11f1-87c7-eeee0a8e79e5.ResilienceCockpit-db-deployer#flowable-async-job-executor-thread-14293#
[PollStageAppStatusExecution] 2d23200b-60aa-4519-b7f8-9f40de7a8ecc [2026-08-25T10:39:45.054796] Updated app with guid 2d23200b-60aa-4519-b7f8-9f40de7a8ecc ({"environment_variables"=>"[PRIVATE DATA HIDDEN]"}) (STDOUT, API)#
#2026 08 25 11:28:56.879#Z#DEBUG#1118e5ca-a078-11f1-87c7-eeee0a8e79e5.ResilienceCockpit-db-deployer#flowable-async-job-executor-thread-14293#
[PollStageAppStatusExecution] 2d23200b-60aa-4519-b7f8-9f40de7a8ecc [2026-08-25T10:39:54.906534] Creating build for app with guid 2d23200b-60aa-4519-b7f8-9f40de7a8ecc (STDOUT, API)#
#2026 08 25 11:28:56.879#Z#DEBUG#1118e5ca-a078-11f1-87c7-eeee0a8e79e5.ResilienceCockpit-db-deployer#flowable-async-job-executor-thread-14293#
[PollStageAppStatusExecution] 2d23200b-60aa-4519-b7f8-9f40de7a8ecc [2026-08-25T10:39:55.196039] Downloading nodejs_buildpack... (STDOUT, STG)#
#2026 08 25 11:28:56.879#Z#DEBUG#1118e5ca-a078-11f1-87c7-eeee0a8e79e5.ResilienceCockpit-db-deployer#flowable-async-job-executor-thread-14293#
[PollStageAppStatusExecution] 2d23200b-60aa-4519-b7f8-9f40de7a8ecc [2026-08-25T10:39:55.237087] Downloaded nodejs_buildpack (STDOUT, STG)#
#2026 08 25 11:28:56.879#Z#DEBUG#1118e5ca-a078-11f1-87c7-eeee0a8e79e5.ResilienceCockpit-db-deployer#flowable-async-job-executor-thread-14293#
[PollStageAppStatusExecution] 2d23200b-60aa-4519-b7f8-9f40de7a8ecc [2026-08-25T10:39:55.237206] Cell 911a2f96-661c-46fd-ae0b-1bce220e9e4e creating container for instance f3b7a101-3416-4d71-800d-a4838b657b93 (STDOUT, STG)#
#2026 08 25 11:28:56.879#Z#DEBUG#1118e5ca-a078-11f1-87c7-eeee0a8e79e5.ResilienceCockpit-db-deployer#flowable-async-job-executor-thread-14293#
[PollStageAppStatusExecution] 2d23200b-60aa-4519-b7f8-9f40de7a8ecc [2026-08-25T10:39:55.542153] Security group rules were updated (STDOUT, STG)#
#2026 08 25 11:28:56.879#Z#DEBUG#1118e5ca-a078-11f1-87c7-eeee0a8e79e5.ResilienceCockpit-db-deployer#flowable-async-job-executor-thread-14293#
[PollStageAppStatusExecution] 2d23200b-60aa-4519-b7f8-9f40de7a8ecc [2026-08-25T10:39:55.601114] Cell 911a2f96-661c-46fd-ae0b-1bce220e9e4e successfully created container for instance f3b7a101-3416-4d71-800d-a4838b657b93 (STDOUT, STG)#
#2026 08 25 11:28:56.879#Z#DEBUG#1118e5ca-a078-11f1-87c7-eeee0a8e79e5.ResilienceCockpit-db-deployer#flowable-async-job-executor-thread-14293#
[PollStageAppStatusExecution] 2d23200b-60aa-4519-b7f8-9f40de7a8ecc [2026-08-25T10:39:56.051970] Downloading app package... (STDOUT, STG)#
#2026 08 25 11:28:56.879#Z#DEBUG#1118e5ca-a078-11f1-87c7-eeee0a8e79e5.ResilienceCockpit-db-deployer#flowable-async-job-executor-thread-14293#
[PollStageAppStatusExecution] 2d23200b-60aa-4519-b7f8-9f40de7a8ecc [2026-08-25T10:39:56.051988] Downloading build artifacts cache... (STDOUT, STG)#
#2026 08 25 11:28:56.879#Z#DEBUG#1118e5ca-a078-11f1-87c7-eeee0a8e79e5.ResilienceCockpit-db-deployer#flowable-async-job-executor-thread-14293#
[PollStageAppStatusExecution] 2d23200b-60aa-4519-b7f8-9f40de7a8ecc [2026-08-25T10:39:56.111039] Downloaded build artifacts cache (223B) (STDOUT, STG)#
#2026 08 25 11:28:56.879#Z#DEBUG#1118e5ca-a078-11f1-87c7-eeee0a8e79e5.ResilienceCockpit-db-deployer#flowable-async-job-executor-thread-14293#
[PollStageAppStatusExecution] 2d23200b-60aa-4519-b7f8-9f40de7a8ecc [2026-08-25T10:39:56.259139] Downloaded app package (2.5M) (STDOUT, STG)#
#2026 08 25 11:28:56.879#Z#DEBUG#1118e5ca-a078-11f1-87c7-eeee0a8e79e5.ResilienceCockpit-db-deployer#flowable-async-job-executor-thread-14293#
[PollStageAppStatusExecution] 2d23200b-60aa-4519-b7f8-9f40de7a8ecc [2026-08-25T10:39:56.310608] -----> Nodejs Buildpack version 1.9.3 (STDOUT, STG)#
#2026 08 25 11:28:56.879#Z#DEBUG#1118e5ca-a078-11f1-87c7-eeee0a8e79e5.ResilienceCockpit-db-deployer#flowable-async-job-executor-thread-14293#
[PollStageAppStatusExecution] 2d23200b-60aa-4519-b7f8-9f40de7a8ecc [2026-08-25T10:39:56.407048] -----> Bootstrapping python (STDOUT, STG)#
#2026 08 25 11:28:56.879#Z#DEBUG#1118e5ca-a078-11f1-87c7-eeee0a8e79e5.ResilienceCockpit-db-deployer#flowable-async-job-executor-thread-14293#
[PollStageAppStatusExecution] 2d23200b-60aa-4519-b7f8-9f40de7a8ecc [2026-08-25T10:39:56.407414] -----> Installing python 3.13.14 (STDOUT, STG)#
#2026 08 25 11:28:56.879#Z#DEBUG#1118e5ca-a078-11f1-87c7-eeee0a8e79e5.ResilienceCockpit-db-deployer#flowable-async-job-executor-thread-14293#
[PollStageAppStatusExecution] 2d23200b-60aa-4519-b7f8-9f40de7a8ecc [2026-08-25T10:39:56.407530] Copy [/tmp/buildpacks/adc5840e3e50b48d/dependencies/4b4266a2ff36730aef37b88b668ca327/python_3.13.14_linux_x64_cflinuxfs4_b80d4954.tgz] (STDOUT, STG)#
#2026 08 25 11:28:56.879#Z#DEBUG#1118e5ca-a078-11f1-87c7-eeee0a8e79e5.ResilienceCockpit-db-deployer#flowable-async-job-executor-thread-14293#
[PollStageAppStatusExecution] 2d23200b-60aa-4519-b7f8-9f40de7a8ecc [2026-08-25T10:39:59.397533] -----> Installing binaries (STDOUT, STG)#
#2026 08 25 11:28:56.879#Z#DEBUG#1118e5ca-a078-11f1-87c7-eeee0a8e79e5.ResilienceCockpit-db-deployer#flowable-async-job-executor-thread-14293#
[PollStageAppStatusExecution] 2d23200b-60aa-4519-b7f8-9f40de7a8ecc [2026-08-25T10:39:59.397725] engines.node (package.json): >=18 (STDOUT, STG)#
#2026 08 25 11:28:56.879#Z#DEBUG#1118e5ca-a078-11f1-87c7-eeee0a8e79e5.ResilienceCockpit-db-deployer#flowable-async-job-executor-thread-14293#
[PollStageAppStatusExecution] 2d23200b-60aa-4519-b7f8-9f40de7a8ecc [2026-08-25T10:39:59.397746] engines.npm (package.json): unspecified (use default) (STDOUT, STG)#
#2026 08 25 11:28:56.879#Z#DEBUG#1118e5ca-a078-11f1-87c7-eeee0a8e79e5.ResilienceCockpit-db-deployer#flowable-async-job-executor-thread-14293#
[PollStageAppStatusExecution] 2d23200b-60aa-4519-b7f8-9f40de7a8ecc [2026-08-25T10:39:59.397753] [31;1m**WARNING**[0m Dangerous semver range (>) in engines.node. See: http://docs.cloudfoundry.org/buildpacks/node/node-tips.html (STDOUT, STG)#
#2026 08 25 11:28:56.879#Z#DEBUG#1118e5ca-a078-11f1-87c7-eeee0a8e79e5.ResilienceCockpit-db-deployer#flowable-async-job-executor-thread-14293#
[PollStageAppStatusExecution] 2d23200b-60aa-4519-b7f8-9f40de7a8ecc [2026-08-25T10:39:59.397756] -----> Installing node 24.18.0 (STDOUT, STG)#
#2026 08 25 11:28:56.879#Z#DEBUG#1118e5ca-a078-11f1-87c7-eeee0a8e79e5.ResilienceCockpit-db-deployer#flowable-async-job-executor-thread-14293#
[PollStageAppStatusExecution] 2d23200b-60aa-4519-b7f8-9f40de7a8ecc [2026-08-25T10:39:59.397779] Copy [/tmp/buildpacks/adc5840e3e50b48d/dependencies/dffbbb835fcd073c4544f78eb6247fac/node_24.18.0_linux_x64_cflinuxfs4_cdfed650.tgz] (STDOUT, STG)#
#2026 08 25 11:28:56.879#Z#DEBUG#1118e5ca-a078-11f1-87c7-eeee0a8e79e5.ResilienceCockpit-db-deployer#flowable-async-job-executor-thread-14293#
[PollStageAppStatusExecution] 2d23200b-60aa-4519-b7f8-9f40de7a8ecc [2026-08-25T10:40:01.136885] Using default npm version: 11.16.0 (STDOUT, STG)#
#2026 08 25 11:28:56.879#Z#DEBUG#1118e5ca-a078-11f1-87c7-eeee0a8e79e5.ResilienceCockpit-db-deployer#flowable-async-job-executor-thread-14293#
[PollStageAppStatusExecution] 2d23200b-60aa-4519-b7f8-9f40de7a8ecc [2026-08-25T10:40:01.136911] -----> Installing yarn 1.22.22 (STDOUT, STG)#
#2026 08 25 11:28:56.879#Z#DEBUG#1118e5ca-a078-11f1-87c7-eeee0a8e79e5.ResilienceCockpit-db-deployer#flowable-async-job-executor-thread-14293#
[PollStageAppStatusExecution] 2d23200b-60aa-4519-b7f8-9f40de7a8ecc [2026-08-25T10:40:01.136952] Copy [/tmp/buildpacks/adc5840e3e50b48d/dependencies/e4fe26756e9984a665478d350474fa2e/yarn_1.22.22_linux_noarch_any-stack_b6132b86.tgz] (STDOUT, STG)#
#2026 08 25 11:28:56.879#Z#DEBUG#1118e5ca-a078-11f1-87c7-eeee0a8e79e5.ResilienceCockpit-db-deployer#flowable-async-job-executor-thread-14293#
[PollStageAppStatusExecution] 2d23200b-60aa-4519-b7f8-9f40de7a8ecc [2026-08-25T10:40:01.385755] Installed yarn 1.22.22 (STDOUT, STG)#
#2026 08 25 11:28:56.879#Z#DEBUG#1118e5ca-a078-11f1-87c7-eeee0a8e79e5.ResilienceCockpit-db-deployer#flowable-async-job-executor-thread-14293#
[PollStageAppStatusExecution] 2d23200b-60aa-4519-b7f8-9f40de7a8ecc [2026-08-25T10:40:01.385791] -----> Creating runtime environment (STDOUT, STG)#
#2026 08 25 11:28:56.879#Z#DEBUG#1118e5ca-a078-11f1-87c7-eeee0a8e79e5.ResilienceCockpit-db-deployer#flowable-async-job-executor-thread-14293#
[PollStageAppStatusExecution] 2d23200b-60aa-4519-b7f8-9f40de7a8ecc [2026-08-25T10:40:01.387466] NODE_ENV=production (STDOUT, STG)#
#2026 08 25 11:28:56.879#Z#DEBUG#1118e5ca-a078-11f1-87c7-eeee0a8e79e5.ResilienceCockpit-db-deployer#flowable-async-job-executor-thread-14293#
[PollStageAppStatusExecution] 2d23200b-60aa-4519-b7f8-9f40de7a8ecc [2026-08-25T10:40:01.387488] NODE_HOME=/tmp/contents2413704163/deps/0/node (STDOUT, STG)#
#2026 08 25 11:28:56.879#Z#DEBUG#1118e5ca-a078-11f1-87c7-eeee0a8e79e5.ResilienceCockpit-db-deployer#flowable-async-job-executor-thread-14293#
[PollStageAppStatusExecution] 2d23200b-60aa-4519-b7f8-9f40de7a8ecc [2026-08-25T10:40:01.387492] NODE_MODULES_CACHE=true (STDOUT, STG)#
#2026 08 25 11:28:56.879#Z#DEBUG#1118e5ca-a078-11f1-87c7-eeee0a8e79e5.ResilienceCockpit-db-deployer#flowable-async-job-executor-thread-14293#
[PollStageAppStatusExecution] 2d23200b-60aa-4519-b7f8-9f40de7a8ecc [2026-08-25T10:40:01.387497] NODE_VERBOSE=false (STDOUT, STG)#
#2026 08 25 11:28:56.879#Z#DEBUG#1118e5ca-a078-11f1-87c7-eeee0a8e79e5.ResilienceCockpit-db-deployer#flowable-async-job-executor-thread-14293#
[PollStageAppStatusExecution] 2d23200b-60aa-4519-b7f8-9f40de7a8ecc [2026-08-25T10:40:01.387500] NPM_CONFIG_LOGLEVEL=error (STDOUT, STG)#
#2026 08 25 11:28:56.879#Z#DEBUG#1118e5ca-a078-11f1-87c7-eeee0a8e79e5.ResilienceCockpit-db-deployer#flowable-async-job-executor-thread-14293#
[PollStageAppStatusExecution] 2d23200b-60aa-4519-b7f8-9f40de7a8ecc [2026-08-25T10:40:01.387505] NPM_CONFIG_PRODUCTION=true (STDOUT, STG)#
#2026 08 25 11:28:56.879#Z#DEBUG#1118e5ca-a078-11f1-87c7-eeee0a8e79e5.ResilienceCockpit-db-deployer#flowable-async-job-executor-thread-14293#
[PollStageAppStatusExecution] 2d23200b-60aa-4519-b7f8-9f40de7a8ecc [2026-08-25T10:40:01.387519] -----> Building dependencies (STDOUT, STG)#
#2026 08 25 11:28:56.879#Z#DEBUG#1118e5ca-a078-11f1-87c7-eeee0a8e79e5.ResilienceCockpit-db-deployer#flowable-async-job-executor-thread-14293#
[PollStageAppStatusExecution] 2d23200b-60aa-4519-b7f8-9f40de7a8ecc [2026-08-25T10:40:01.387521] Prebuild detected (node_modules already exists) (STDOUT, STG)#
#2026 08 25 11:28:56.879#Z#DEBUG#1118e5ca-a078-11f1-87c7-eeee0a8e79e5.ResilienceCockpit-db-deployer#flowable-async-job-executor-thread-14293#
[PollStageAppStatusExecution] 2d23200b-60aa-4519-b7f8-9f40de7a8ecc [2026-08-25T10:40:01.387523] Rebuilding any native modules (STDOUT, STG)#
#2026 08 25 11:28:56.879#Z#DEBUG#1118e5ca-a078-11f1-87c7-eeee0a8e79e5.ResilienceCockpit-db-deployer#flowable-async-job-executor-thread-14293#
[PollStageAppStatusExecution] 2d23200b-60aa-4519-b7f8-9f40de7a8ecc [2026-08-25T10:40:01.777905] rebuilt dependencies successfully (STDOUT, STG)#
#2026 08 25 11:28:56.879#Z#DEBUG#1118e5ca-a078-11f1-87c7-eeee0a8e79e5.ResilienceCockpit-db-deployer#flowable-async-job-executor-thread-14293#
[PollStageAppStatusExecution] 2d23200b-60aa-4519-b7f8-9f40de7a8ecc [2026-08-25T10:40:01.824941] Installing any new modules (package.json + package-lock.json) (STDOUT, STG)#
#2026 08 25 11:28:56.879#Z#DEBUG#1118e5ca-a078-11f1-87c7-eeee0a8e79e5.ResilienceCockpit-db-deployer#flowable-async-job-executor-thread-14293#
[PollStageAppStatusExecution] 2d23200b-60aa-4519-b7f8-9f40de7a8ecc [2026-08-25T10:40:02.147506] up to date in 266ms (STDOUT, STG)#
#2026 08 25 11:28:56.879#Z#DEBUG#1118e5ca-a078-11f1-87c7-eeee0a8e79e5.ResilienceCockpit-db-deployer#flowable-async-job-executor-thread-14293#
[PollStageAppStatusExecution] 2d23200b-60aa-4519-b7f8-9f40de7a8ecc [2026-08-25T10:40:02.147692] 4 packages are looking for funding (STDOUT, STG)#
#2026 08 25 11:28:56.879#Z#DEBUG#1118e5ca-a078-11f1-87c7-eeee0a8e79e5.ResilienceCockpit-db-deployer#flowable-async-job-executor-thread-14293#
[PollStageAppStatusExecution] 2d23200b-60aa-4519-b7f8-9f40de7a8ecc [2026-08-25T10:40:02.147752] run `npm fund` for details (STDOUT, STG)#
#2026 08 25 11:28:56.879#Z#DEBUG#1118e5ca-a078-11f1-87c7-eeee0a8e79e5.ResilienceCockpit-db-deployer#flowable-async-job-executor-thread-14293#
[PollStageAppStatusExecution] 2d23200b-60aa-4519-b7f8-9f40de7a8ecc [2026-08-25T10:40:02.583279] Contrast Security no credentials found. Will not write environment files. (STDOUT, STG)#
#2026 08 25 11:28:56.879#Z#DEBUG#1118e5ca-a078-11f1-87c7-eeee0a8e79e5.ResilienceCockpit-db-deployer#flowable-async-job-executor-thread-14293#
[PollStageAppStatusExecution] 2d23200b-60aa-4519-b7f8-9f40de7a8ecc [2026-08-25T10:40:10.131709] Exit status 0 (STDOUT, STG)#
#2026 08 25 11:28:56.879#Z#DEBUG#1118e5ca-a078-11f1-87c7-eeee0a8e79e5.ResilienceCockpit-db-deployer#flowable-async-job-executor-thread-14293#
[PollStageAppStatusExecution] 2d23200b-60aa-4519-b7f8-9f40de7a8ecc [2026-08-25T10:40:10.131762] Uploading droplet, build artifacts cache... (STDOUT, STG)#
#2026 08 25 11:28:56.879#Z#DEBUG#1118e5ca-a078-11f1-87c7-eeee0a8e79e5.ResilienceCockpit-db-deployer#flowable-async-job-executor-thread-14293#
[PollStageAppStatusExecution] 2d23200b-60aa-4519-b7f8-9f40de7a8ecc [2026-08-25T10:40:10.131840] Uploading build artifacts cache... (STDOUT, STG)#
#2026 08 25 11:28:56.879#Z#DEBUG#1118e5ca-a078-11f1-87c7-eeee0a8e79e5.ResilienceCockpit-db-deployer#flowable-async-job-executor-thread-14293#
[PollStageAppStatusExecution] 2d23200b-60aa-4519-b7f8-9f40de7a8ecc [2026-08-25T10:40:10.131841] Uploading droplet... (STDOUT, STG)#
#2026 08 25 11:28:56.879#Z#DEBUG#1118e5ca-a078-11f1-87c7-eeee0a8e79e5.ResilienceCockpit-db-deployer#flowable-async-job-executor-thread-14293#
[PollStageAppStatusExecution] 2d23200b-60aa-4519-b7f8-9f40de7a8ecc [2026-08-25T10:40:10.161314] Uploaded build artifacts cache (222B) (STDOUT, STG)#
#2026 08 25 11:28:56.879#Z#DEBUG#1118e5ca-a078-11f1-87c7-eeee0a8e79e5.ResilienceCockpit-db-deployer#flowable-async-job-executor-thread-14293#
[PollStageAppStatusExecution] 2d23200b-60aa-4519-b7f8-9f40de7a8ecc [2026-08-25T10:40:10.693878] Creating droplet for app with guid 2d23200b-60aa-4519-b7f8-9f40de7a8ecc (STDOUT, API)#
#2026 08 25 11:28:56.879#Z#DEBUG#1118e5ca-a078-11f1-87c7-eeee0a8e79e5.ResilienceCockpit-db-deployer#flowable-async-job-executor-thread-14293#
[PollStageAppStatusExecution] 2d23200b-60aa-4519-b7f8-9f40de7a8ecc [2026-08-25T10:40:12.768273] Uploaded droplet (59.3M) (STDOUT, STG)#
#2026 08 25 11:28:56.879#Z#DEBUG#1118e5ca-a078-11f1-87c7-eeee0a8e79e5.ResilienceCockpit-db-deployer#flowable-async-job-executor-thread-14293#
[PollStageAppStatusExecution] 2d23200b-60aa-4519-b7f8-9f40de7a8ecc [2026-08-25T10:40:12.783332] Uploading complete (STDOUT, STG)#
#2026 08 25 11:28:56.879#Z#DEBUG#1118e5ca-a078-11f1-87c7-eeee0a8e79e5.ResilienceCockpit-db-deployer#flowable-async-job-executor-thread-14293#
[PollStageAppStatusExecution] 2d23200b-60aa-4519-b7f8-9f40de7a8ecc [2026-08-25T10:40:13.102730] Cell 911a2f96-661c-46fd-ae0b-1bce220e9e4e stopping instance f3b7a101-3416-4d71-800d-a4838b657b93 (STDOUT, STG)#
#2026 08 25 11:28:56.879#Z#DEBUG#1118e5ca-a078-11f1-87c7-eeee0a8e79e5.ResilienceCockpit-db-deployer#flowable-async-job-executor-thread-14293#
[PollStageAppStatusExecution] 2d23200b-60aa-4519-b7f8-9f40de7a8ecc [2026-08-25T10:40:13.102765] Cell 911a2f96-661c-46fd-ae0b-1bce220e9e4e destroying container for instance f3b7a101-3416-4d71-800d-a4838b657b93 (STDOUT, STG)#
#2026 08 25 11:28:56.879#Z#DEBUG#1118e5ca-a078-11f1-87c7-eeee0a8e79e5.ResilienceCockpit-db-deployer#flowable-async-job-executor-thread-14293#
[PollStageAppStatusExecution] 2d23200b-60aa-4519-b7f8-9f40de7a8ecc [2026-08-25T10:40:13.155060] Staging complete for build f3b7a101-3416-4d71-800d-a4838b657b93 (STDOUT, API)#
#2026 08 25 11:28:56.879#Z#DEBUG#1118e5ca-a078-11f1-87c7-eeee0a8e79e5.ResilienceCockpit-db-deployer#flowable-async-job-executor-thread-14293#
[PollStageAppStatusExecution] 2d23200b-60aa-4519-b7f8-9f40de7a8ecc [2026-08-25T10:40:14.842311] Updated app with guid 2d23200b-60aa-4519-b7f8-9f40de7a8ecc ({:droplet_guid=>"3072d543-ef6a-4dd0-9dbb-4f6c2d8813f3"}) (STDOUT, API)#
#2026 08 25 11:28:56.879#Z#DEBUG#1118e5ca-a078-11f1-87c7-eeee0a8e79e5.ResilienceCockpit-db-deployer#flowable-async-job-executor-thread-14293#
[PollStageAppStatusExecution] 2d23200b-60aa-4519-b7f8-9f40de7a8ecc [2026-08-25T10:40:15.225126] Cell 4761c3fb-8e91-4ced-804b-3db53058de34 creating container for instance 996b4066-3ad0-4f9a-becb-c153e62624d4 (STDOUT, CELL)#
#2026 08 25 11:28:56.879#Z#DEBUG#1118e5ca-a078-11f1-87c7-eeee0a8e79e5.ResilienceCockpit-db-deployer#flowable-async-job-executor-thread-14293#
[PollStageAppStatusExecution] 2d23200b-60aa-4519-b7f8-9f40de7a8ecc [2026-08-25T10:40:15.537686] Security group rules were updated (STDOUT, CELL)#
#2026 08 25 11:28:56.879#Z#DEBUG#1118e5ca-a078-11f1-87c7-eeee0a8e79e5.ResilienceCockpit-db-deployer#flowable-async-job-executor-thread-14293#
[PollStageAppStatusExecution] 2d23200b-60aa-4519-b7f8-9f40de7a8ecc [2026-08-25T10:40:15.596832] Cell 4761c3fb-8e91-4ced-804b-3db53058de34 successfully created container for instance 996b4066-3ad0-4f9a-becb-c153e62624d4 (STDOUT, CELL)#
#2026 08 25 11:28:56.879#Z#DEBUG#1118e5ca-a078-11f1-87c7-eeee0a8e79e5.ResilienceCockpit-db-deployer#flowable-async-job-executor-thread-14293#
[PollStageAppStatusExecution] 2d23200b-60aa-4519-b7f8-9f40de7a8ecc [2026-08-25T10:40:15.925744] Cell 911a2f96-661c-46fd-ae0b-1bce220e9e4e successfully destroyed container for instance f3b7a101-3416-4d71-800d-a4838b657b93 (STDOUT, STG)#
#2026 08 25 11:28:56.879#Z#DEBUG#1118e5ca-a078-11f1-87c7-eeee0a8e79e5.ResilienceCockpit-db-deployer#flowable-async-job-executor-thread-14293#
[PollStageAppStatusExecution] 2d23200b-60aa-4519-b7f8-9f40de7a8ecc [2026-08-25T10:40:18.790478] Invoking pre-start scripts. (STDOUT, APP/TASK/deploy)#
#2026 08 25 11:28:56.879#Z#DEBUG#1118e5ca-a078-11f1-87c7-eeee0a8e79e5.ResilienceCockpit-db-deployer#flowable-async-job-executor-thread-14293#
[PollStageAppStatusExecution] 2d23200b-60aa-4519-b7f8-9f40de7a8ecc [2026-08-25T10:40:18.928883] Invoking start command. (STDOUT, APP/TASK/deploy)#
#2026 08 25 11:28:56.879#Z#DEBUG#1118e5ca-a078-11f1-87c7-eeee0a8e79e5.ResilienceCockpit-db-deployer#flowable-async-job-executor-thread-14293#
[PollStageAppStatusExecution] 2d23200b-60aa-4519-b7f8-9f40de7a8ecc [2026-08-25T10:40:19.214672] > start (STDOUT, APP/TASK/deploy)#
#2026 08 25 11:28:56.879#Z#DEBUG#1118e5ca-a078-11f1-87c7-eeee0a8e79e5.ResilienceCockpit-db-deployer#flowable-async-job-executor-thread-14293#
[PollStageAppStatusExecution] 2d23200b-60aa-4519-b7f8-9f40de7a8ecc [2026-08-25T10:40:19.214700] > node node_modules/@sap/hdi-deploy/deploy.js --use-hdb --parameter com.sap.hana.di.table/try_fast_table_migration=true (STDOUT, APP/TASK/deploy)#
#2026 08 25 11:28:56.879#Z#DEBUG#1118e5ca-a078-11f1-87c7-eeee0a8e79e5.ResilienceCockpit-db-deployer#flowable-async-job-executor-thread-14293#
[PollStageAppStatusExecution] 2d23200b-60aa-4519-b7f8-9f40de7a8ecc [2026-08-25T10:40:19.312020] VCAP_SERVICES: (STDOUT, APP/TASK/deploy)#
#2026 08 25 11:28:56.879#Z#DEBUG#1118e5ca-a078-11f1-87c7-eeee0a8e79e5.ResilienceCockpit-db-deployer#flowable-async-job-executor-thread-14293#
[PollStageAppStatusExecution] 2d23200b-60aa-4519-b7f8-9f40de7a8ecc [2026-08-25T10:40:19.312467] { (STDOUT, APP/TASK/deploy)#
#2026 08 25 11:28:56.879#Z#DEBUG#1118e5ca-a078-11f1-87c7-eeee0a8e79e5.ResilienceCockpit-db-deployer#flowable-async-job-executor-thread-14293#
[PollStageAppStatusExecution] 2d23200b-60aa-4519-b7f8-9f40de7a8ecc [2026-08-25T10:40:19.312478] "hana": [ (STDOUT, APP/TASK/deploy)#
#2026 08 25 11:28:56.879#Z#DEBUG#1118e5ca-a078-11f1-87c7-eeee0a8e79e5.ResilienceCockpit-db-deployer#flowable-async-job-executor-thread-14293#
[PollStageAppStatusExecution] 2d23200b-60aa-4519-b7f8-9f40de7a8ecc [2026-08-25T10:40:19.312481] { (STDOUT, APP/TASK/deploy)#
#2026 08 25 11:28:56.879#Z#DEBUG#1118e5ca-a078-11f1-87c7-eeee0a8e79e5.ResilienceCockpit-db-deployer#flowable-async-job-executor-thread-14293#
[PollStageAppStatusExecution] 2d23200b-60aa-4519-b7f8-9f40de7a8ecc [2026-08-25T10:40:19.312486] "name": "ResilienceCockpit-db", (STDOUT, APP/TASK/deploy)#
#2026 08 25 11:28:56.879#Z#DEBUG#1118e5ca-a078-11f1-87c7-eeee0a8e79e5.ResilienceCockpit-db-deployer#flowable-async-job-executor-thread-14293#
[PollStageAppStatusExecution] 2d23200b-60aa-4519-b7f8-9f40de7a8ecc [2026-08-25T10:40:19.312489] "label": "hana", (STDOUT, APP/TASK/deploy)#
#2026 08 25 11:28:56.879#Z#DEBUG#1118e5ca-a078-11f1-87c7-eeee0a8e79e5.ResilienceCockpit-db-deployer#flowable-async-job-executor-thread-14293#
[PollStageAppStatusExecution] 2d23200b-60aa-4519-b7f8-9f40de7a8ecc [2026-08-25T10:40:19.312491] "plan": "hdi-shared", (STDOUT, APP/TASK/deploy)#
#2026 08 25 11:28:56.879#Z#DEBUG#1118e5ca-a078-11f1-87c7-eeee0a8e79e5.ResilienceCockpit-db-deployer#flowable-async-job-executor-thread-14293#
[PollStageAppStatusExecution] 2d23200b-60aa-4519-b7f8-9f40de7a8ecc [2026-08-25T10:40:19.312493] "credentials": { (STDOUT, APP/TASK/deploy)#
#2026 08 25 11:28:56.879#Z#DEBUG#1118e5ca-a078-11f1-87c7-eeee0a8e79e5.ResilienceCockpit-db-deployer#flowable-async-job-executor-thread-14293#
[PollStageAppStatusExecution] 2d23200b-60aa-4519-b7f8-9f40de7a8ecc [2026-08-25T10:40:19.312496] "schema": "8697B1A4A8B84AC49EFF171810969752", (STDOUT, APP/TASK/deploy)#
#2026 08 25 11:28:56.879#Z#DEBUG#1118e5ca-a078-11f1-87c7-eeee0a8e79e5.ResilienceCockpit-db-deployer#flowable-async-job-executor-thread-14293#
[PollStageAppStatusExecution] 2d23200b-60aa-4519-b7f8-9f40de7a8ecc [2026-08-25T10:40:19.312498] "database_id": "eb9e608b-a8d8-462e-98e7-906abde25244", (STDOUT, APP/TASK/deploy)#
#2026 08 25 11:28:56.879#Z#DEBUG#1118e5ca-a078-11f1-87c7-eeee0a8e79e5.ResilienceCockpit-db-deployer#flowable-async-job-executor-thread-14293#
[PollStageAppStatusExecution] 2d23200b-60aa-4519-b7f8-9f40de7a8ecc [2026-08-25T10:40:19.312500] "user": "8697B1A4A8B84AC49EFF171810969752_94GU5GV2BBQ6JWQX102ZOJ91W_RT", (STDOUT, APP/TASK/deploy)#
#2026 08 25 11:28:56.879#Z#DEBUG#1118e5ca-a078-11f1-87c7-eeee0a8e79e5.ResilienceCockpit-db-deployer#flowable-async-job-executor-thread-14293#
[PollStageAppStatusExecution] 2d23200b-60aa-4519-b7f8-9f40de7a8ecc [2026-08-25T10:40:19.312503] "hdi_user": "8697B1A4A8B84AC49EFF171810969752_94GU5GV2BBQ6JWQX102ZOJ91W_DT" (STDOUT, APP/TASK/deploy)#
#2026 08 25 11:28:56.879#Z#DEBUG#1118e5ca-a078-11f1-87c7-eeee0a8e79e5.ResilienceCockpit-db-deployer#flowable-async-job-executor-thread-14293#
[PollStageAppStatusExecution] 2d23200b-60aa-4519-b7f8-9f40de7a8ecc [2026-08-25T10:40:19.312505] }, (STDOUT, APP/TASK/deploy)#
#2026 08 25 11:28:56.879#Z#DEBUG#1118e5ca-a078-11f1-87c7-eeee0a8e79e5.ResilienceCockpit-db-deployer#flowable-async-job-executor-thread-14293#
[PollStageAppStatusExecution] 2d23200b-60aa-4519-b7f8-9f40de7a8ecc [2026-08-25T10:40:19.312510] "tags": [ (STDOUT, APP/TASK/deploy)#
#2026 08 25 11:28:56.879#Z#DEBUG#1118e5ca-a078-11f1-87c7-eeee0a8e79e5.ResilienceCockpit-db-deployer#flowable-async-job-executor-thread-14293#
[PollStageAppStatusExecution] 2d23200b-60aa-4519-b7f8-9f40de7a8ecc [2026-08-25T10:40:19.312513] "hana", (STDOUT, APP/TASK/deploy)#
#2026 08 25 11:28:56.879#Z#DEBUG#1118e5ca-a078-11f1-87c7-eeee0a8e79e5.ResilienceCockpit-db-deployer#flowable-async-job-executor-thread-14293#
[PollStageAppStatusExecution] 2d23200b-60aa-4519-b7f8-9f40de7a8ecc [2026-08-25T10:40:19.312515] "database", (STDOUT, APP/TASK/deploy)#
#2026 08 25 11:28:56.879#Z#DEBUG#1118e5ca-a078-11f1-87c7-eeee0a8e79e5.ResilienceCockpit-db-deployer#flowable-async-job-executor-thread-14293#
[PollStageAppStatusExecution] 2d23200b-60aa-4519-b7f8-9f40de7a8ecc [2026-08-25T10:40:19.312518] "relational" (STDOUT, APP/TASK/deploy)#
#2026 08 25 11:28:56.879#Z#DEBUG#1118e5ca-a078-11f1-87c7-eeee0a8e79e5.ResilienceCockpit-db-deployer#flowable-async-job-executor-thread-14293#
[PollStageAppStatusExecution] 2d23200b-60aa-4519-b7f8-9f40de7a8ecc [2026-08-25T10:40:19.312519] ] (STDOUT, APP/TASK/deploy)#
#2026 08 25 11:28:56.879#Z#DEBUG#1118e5ca-a078-11f1-87c7-eeee0a8e79e5.ResilienceCockpit-db-deployer#flowable-async-job-executor-thread-14293#
[PollStageAppStatusExecution] 2d23200b-60aa-4519-b7f8-9f40de7a8ecc [2026-08-25T10:40:19.312521] } (STDOUT, APP/TASK/deploy)#
#2026 08 25 11:28:56.879#Z#DEBUG#1118e5ca-a078-11f1-87c7-eeee0a8e79e5.ResilienceCockpit-db-deployer#flowable-async-job-executor-thread-14293#
[PollStageAppStatusExecution] 2d23200b-60aa-4519-b7f8-9f40de7a8ecc [2026-08-25T10:40:19.312523] ] (STDOUT, APP/TASK/deploy)#
#2026 08 25 11:28:56.879#Z#DEBUG#1118e5ca-a078-11f1-87c7-eeee0a8e79e5.ResilienceCockpit-db-deployer#flowable-async-job-executor-thread-14293#
[PollStageAppStatusExecution] 2d23200b-60aa-4519-b7f8-9f40de7a8ecc [2026-08-25T10:40:19.312525] } (STDOUT, APP/TASK/deploy)#
#2026 08 25 11:28:56.879#Z#DEBUG#1118e5ca-a078-11f1-87c7-eeee0a8e79e5.ResilienceCockpit-db-deployer#flowable-async-job-executor-thread-14293#
[PollStageAppStatusExecution] 2d23200b-60aa-4519-b7f8-9f40de7a8ecc [2026-08-25T10:40:19.641949] @sap/hdi-deploy, version 5.7.0 (mode default), server version 4.00.000.00.1785832557 (4.0.0.0), cloud version 2026.14.14, node version 24.18.0, HDI version 1016, container API version 1007 (STDOUT, APP/TASK/deploy)#
#2026 08 25 11:28:56.879#Z#DEBUG#1118e5ca-a078-11f1-87c7-eeee0a8e79e5.ResilienceCockpit-db-deployer#flowable-async-job-executor-thread-14293#
[PollStageAppStatusExecution] 2d23200b-60aa-4519-b7f8-9f40de7a8ecc [2026-08-25T10:40:19.641996] Deployment started at 2026-08-25 10:40:19 (STDOUT, APP/TASK/deploy)#
#2026 08 25 11:28:56.879#Z#DEBUG#1118e5ca-a078-11f1-87c7-eeee0a8e79e5.ResilienceCockpit-db-deployer#flowable-async-job-executor-thread-14293#
[PollStageAppStatusExecution] 2d23200b-60aa-4519-b7f8-9f40de7a8ecc [2026-08-25T10:40:19.642105] Using hdb@2.29.6 for connection (STDOUT, APP/TASK/deploy)#
#2026 08 25 11:28:56.879#Z#DEBUG#1118e5ca-a078-11f1-87c7-eeee0a8e79e5.ResilienceCockpit-db-deployer#flowable-async-job-executor-thread-14293#
[PollStageAppStatusExecution] 2d23200b-60aa-4519-b7f8-9f40de7a8ecc [2026-08-25T10:40:19.654789] No ignore file at /home/vcap/app/.hdiignore. (STDOUT, APP/TASK/deploy)#
#2026 08 25 11:28:56.879#Z#DEBUG#1118e5ca-a078-11f1-87c7-eeee0a8e79e5.ResilienceCockpit-db-deployer#flowable-async-job-executor-thread-14293#
[PollStageAppStatusExecution] 2d23200b-60aa-4519-b7f8-9f40de7a8ecc [2026-08-25T10:40:19.655086] Collecting files... (STDOUT, APP/TASK/deploy)#
#2026 08 25 11:28:56.879#Z#DEBUG#1118e5ca-a078-11f1-87c7-eeee0a8e79e5.ResilienceCockpit-db-deployer#flowable-async-job-executor-thread-14293#
[PollStageAppStatusExecution] 2d23200b-60aa-4519-b7f8-9f40de7a8ecc [2026-08-25T10:40:19.659480] Collecting files... ok (0s 4ms) (STDOUT, APP/TASK/deploy)#
#2026 08 25 11:28:56.879#Z#DEBUG#1118e5ca-a078-11f1-87c7-eeee0a8e79e5.ResilienceCockpit-db-deployer#flowable-async-job-executor-thread-14293#
[PollStageAppStatusExecution] 2d23200b-60aa-4519-b7f8-9f40de7a8ecc [2026-08-25T10:40:19.659493] 3 directories collected (STDOUT, APP/TASK/deploy)#
#2026 08 25 11:28:56.879#Z#DEBUG#1118e5ca-a078-11f1-87c7-eeee0a8e79e5.ResilienceCockpit-db-deployer#flowable-async-job-executor-thread-14293#
[PollStageAppStatusExecution] 2d23200b-60aa-4519-b7f8-9f40de7a8ecc [2026-08-25T10:40:19.659496] 100 files collected (STDOUT, APP/TASK/deploy)#
#2026 08 25 11:28:56.879#Z#DEBUG#1118e5ca-a078-11f1-87c7-eeee0a8e79e5.ResilienceCockpit-db-deployer#flowable-async-job-executor-thread-14293#
[PollStageAppStatusExecution] 2d23200b-60aa-4519-b7f8-9f40de7a8ecc [2026-08-25T10:40:19.659519] 0 reusable modules collected (STDOUT, APP/TASK/deploy)#
#2026 08 25 11:28:56.879#Z#DEBUG#1118e5ca-a078-11f1-87c7-eeee0a8e79e5.ResilienceCockpit-db-deployer#flowable-async-job-executor-thread-14293#
[PollStageAppStatusExecution] 2d23200b-60aa-4519-b7f8-9f40de7a8ecc [2026-08-25T10:40:19.659521] Target service: ResilienceCockpit-db (STDOUT, APP/TASK/deploy)#
#2026 08 25 11:28:56.879#Z#DEBUG#1118e5ca-a078-11f1-87c7-eeee0a8e79e5.ResilienceCockpit-db-deployer#flowable-async-job-executor-thread-14293#
[PollStageAppStatusExecution] 2d23200b-60aa-4519-b7f8-9f40de7a8ecc [2026-08-25T10:40:19.818121] Previous build with request ID 70 finished at 2026-08-25T10:37:31.715 with status Rolled back and message: Starting make in the container "8697B1A4A8B84AC49EFF171810969752" with 0 files to deploy, 0 files to undeploy... ok. (STDOUT, APP/TASK/deploy)#
#2026 08 25 11:28:56.879#Z#DEBUG#1118e5ca-a078-11f1-87c7-eeee0a8e79e5.ResilienceCockpit-db-deployer#flowable-async-job-executor-thread-14293#
[PollStageAppStatusExecution] 2d23200b-60aa-4519-b7f8-9f40de7a8ecc [2026-08-25T10:40:19.818142] Processing revoke files... (STDOUT, APP/TASK/deploy)#
#2026 08 25 11:28:56.879#Z#DEBUG#1118e5ca-a078-11f1-87c7-eeee0a8e79e5.ResilienceCockpit-db-deployer#flowable-async-job-executor-thread-14293#
[PollStageAppStatusExecution] 2d23200b-60aa-4519-b7f8-9f40de7a8ecc [2026-08-25T10:40:19.818179] Processing revoke files... ok (0s 0ms) (STDOUT, APP/TASK/deploy)#
#2026 08 25 11:28:56.879#Z#DEBUG#1118e5ca-a078-11f1-87c7-eeee0a8e79e5.ResilienceCockpit-db-deployer#flowable-async-job-executor-thread-14293#
[PollStageAppStatusExecution] 2d23200b-60aa-4519-b7f8-9f40de7a8ecc [2026-08-25T10:40:19.818365] Processing grants files... (STDOUT, APP/TASK/deploy)#
#2026 08 25 11:28:56.879#Z#DEBUG#1118e5ca-a078-11f1-87c7-eeee0a8e79e5.ResilienceCockpit-db-deployer#flowable-async-job-executor-thread-14293#
[PollStageAppStatusExecution] 2d23200b-60aa-4519-b7f8-9f40de7a8ecc [2026-08-25T10:40:19.818387] Processing grants files... ok (0s 0ms) (STDOUT, APP/TASK/deploy)#
#2026 08 25 11:28:56.879#Z#DEBUG#1118e5ca-a078-11f1-87c7-eeee0a8e79e5.ResilienceCockpit-db-deployer#flowable-async-job-executor-thread-14293#
[PollStageAppStatusExecution] 2d23200b-60aa-4519-b7f8-9f40de7a8ecc [2026-08-25T10:40:19.820088] Preprocessing files... (STDOUT, APP/TASK/deploy)#
#2026 08 25 11:28:56.879#Z#DEBUG#1118e5ca-a078-11f1-87c7-eeee0a8e79e5.ResilienceCockpit-db-deployer#flowable-async-job-executor-thread-14293#
[PollStageAppStatusExecution] 2d23200b-60aa-4519-b7f8-9f40de7a8ecc [2026-08-25T10:40:19.820290] Preprocessing files... ok (0s 0ms) (STDOUT, APP/TASK/deploy)#
#2026 08 25 11:28:56.879#Z#DEBUG#1118e5ca-a078-11f1-87c7-eeee0a8e79e5.ResilienceCockpit-db-deployer#flowable-async-job-executor-thread-14293#
[PollStageAppStatusExecution] 2d23200b-60aa-4519-b7f8-9f40de7a8ecc [2026-08-25T10:40:19.820324] Connecting to the container "8697B1A4A8B84AC49EFF171810969752"... (STDOUT, APP/TASK/deploy)#
#2026 08 25 11:28:56.879#Z#DEBUG#1118e5ca-a078-11f1-87c7-eeee0a8e79e5.ResilienceCockpit-db-deployer#flowable-async-job-executor-thread-14293#
[PollStageAppStatusExecution] 2d23200b-60aa-4519-b7f8-9f40de7a8ecc [2026-08-25T10:40:19.879398] Connecting to the container "8697B1A4A8B84AC49EFF171810969752"... ok (0s 59ms) (STDOUT, APP/TASK/deploy)#
#2026 08 25 11:28:56.879#Z#DEBUG#1118e5ca-a078-11f1-87c7-eeee0a8e79e5.ResilienceCockpit-db-deployer#flowable-async-job-executor-thread-14293#
[PollStageAppStatusExecution] 2d23200b-60aa-4519-b7f8-9f40de7a8ecc [2026-08-25T10:40:19.879411] Locking the container "8697B1A4A8B84AC49EFF171810969752"... (STDOUT, APP/TASK/deploy)#
#2026 08 25 11:28:56.879#Z#DEBUG#1118e5ca-a078-11f1-87c7-eeee0a8e79e5.ResilienceCockpit-db-deployer#flowable-async-job-executor-thread-14293#
[PollStageAppStatusExecution] 2d23200b-60aa-4519-b7f8-9f40de7a8ecc [2026-08-25T10:40:19.994933] Locking the container "8697B1A4A8B84AC49EFF171810969752"... ok (0s 115ms) (STDOUT, APP/TASK/deploy)#
#2026 08 25 11:28:56.879#Z#DEBUG#1118e5ca-a078-11f1-87c7-eeee0a8e79e5.ResilienceCockpit-db-deployer#flowable-async-job-executor-thread-14293#
[PollStageAppStatusExecution] 2d23200b-60aa-4519-b7f8-9f40de7a8ecc [2026-08-25T10:40:19.994971] Synchronizing files with the container "8697B1A4A8B84AC49EFF171810969752"... (STDOUT, APP/TASK/deploy)#
#2026 08 25 11:28:56.879#Z#DEBUG#1118e5ca-a078-11f1-87c7-eeee0a8e79e5.ResilienceCockpit-db-deployer#flowable-async-job-executor-thread-14293#
[PollStageAppStatusExecution] 2d23200b-60aa-4519-b7f8-9f40de7a8ecc [2026-08-25T10:40:20.237318] Deleting files... (STDOUT, APP/TASK/deploy)#
#2026 08 25 11:28:56.879#Z#DEBUG#1118e5ca-a078-11f1-87c7-eeee0a8e79e5.ResilienceCockpit-db-deployer#flowable-async-job-executor-thread-14293#
[PollStageAppStatusExecution] 2d23200b-60aa-4519-b7f8-9f40de7a8ecc [2026-08-25T10:40:20.389585] Deleting files... ok (STDOUT, APP/TASK/deploy)#
#2026 08 25 11:28:56.879#Z#DEBUG#1118e5ca-a078-11f1-87c7-eeee0a8e79e5.ResilienceCockpit-db-deployer#flowable-async-job-executor-thread-14293#
[PollStageAppStatusExecution] 2d23200b-60aa-4519-b7f8-9f40de7a8ecc [2026-08-25T10:40:20.389611] Writing files... (STDOUT, APP/TASK/deploy)#
#2026 08 25 11:28:56.879#Z#DEBUG#1118e5ca-a078-11f1-87c7-eeee0a8e79e5.ResilienceCockpit-db-deployer#flowable-async-job-executor-thread-14293#
[PollStageAppStatusExecution] 2d23200b-60aa-4519-b7f8-9f40de7a8ecc [2026-08-25T10:40:20.389685] Writing 3 items (STDOUT, APP/TASK/deploy)#
#2026 08 25 11:28:56.879#Z#DEBUG#1118e5ca-a078-11f1-87c7-eeee0a8e79e5.ResilienceCockpit-db-deployer#flowable-async-job-executor-thread-14293#
[PollStageAppStatusExecution] 2d23200b-60aa-4519-b7f8-9f40de7a8ecc [2026-08-25T10:40:20.571100] Writing files... ok (STDOUT, APP/TASK/deploy)#
#2026 08 25 11:28:56.879#Z#DEBUG#1118e5ca-a078-11f1-87c7-eeee0a8e79e5.ResilienceCockpit-db-deployer#flowable-async-job-executor-thread-14293#
[PollStageAppStatusExecution] 2d23200b-60aa-4519-b7f8-9f40de7a8ecc [2026-08-25T10:40:20.571123] Synchronizing files with the container "8697B1A4A8B84AC49EFF171810969752"... ok (0s 576ms) (STDOUT, APP/TASK/deploy)#
#2026 08 25 11:28:56.879#Z#DEBUG#1118e5ca-a078-11f1-87c7-eeee0a8e79e5.ResilienceCockpit-db-deployer#flowable-async-job-executor-thread-14293#
[PollStageAppStatusExecution] 2d23200b-60aa-4519-b7f8-9f40de7a8ecc [2026-08-25T10:40:20.571288] added files: [] (STDOUT, APP/TASK/deploy)#
#2026 08 25 11:28:56.879#Z#DEBUG#1118e5ca-a078-11f1-87c7-eeee0a8e79e5.ResilienceCockpit-db-deployer#flowable-async-job-executor-thread-14293#
[PollStageAppStatusExecution] 2d23200b-60aa-4519-b7f8-9f40de7a8ecc [2026-08-25T10:40:20.571301] modified files: [] (STDOUT, APP/TASK/deploy)#
#2026 08 25 11:28:56.879#Z#DEBUG#1118e5ca-a078-11f1-87c7-eeee0a8e79e5.ResilienceCockpit-db-deployer#flowable-async-job-executor-thread-14293#
[PollStageAppStatusExecution] 2d23200b-60aa-4519-b7f8-9f40de7a8ecc [2026-08-25T10:40:20.571304] deleted files: [] (STDOUT, APP/TASK/deploy)#
#2026 08 25 11:28:56.879#Z#DEBUG#1118e5ca-a078-11f1-87c7-eeee0a8e79e5.ResilienceCockpit-db-deployer#flowable-async-job-executor-thread-14293#
[PollStageAppStatusExecution] 2d23200b-60aa-4519-b7f8-9f40de7a8ecc [2026-08-25T10:40:20.571384] 0 modified or added files are scheduled for deploy based on delta detection (STDOUT, APP/TASK/deploy)#
#2026 08 25 11:28:56.879#Z#DEBUG#1118e5ca-a078-11f1-87c7-eeee0a8e79e5.ResilienceCockpit-db-deployer#flowable-async-job-executor-thread-14293#
[PollStageAppStatusExecution] 2d23200b-60aa-4519-b7f8-9f40de7a8ecc [2026-08-25T10:40:20.571557] 0 deleted files are scheduled for undeploy based on delta detection (filtered by undeploy allowlist) (STDOUT, APP/TASK/deploy)#
#2026 08 25 11:28:56.879#Z#DEBUG#1118e5ca-a078-11f1-87c7-eeee0a8e79e5.ResilienceCockpit-db-deployer#flowable-async-job-executor-thread-14293#
[PollStageAppStatusExecution] 2d23200b-60aa-4519-b7f8-9f40de7a8ecc [2026-08-25T10:40:20.571608] 0 files are scheduled for deploy based on explicit specification (STDOUT, APP/TASK/deploy)#
#2026 08 25 11:28:56.879#Z#DEBUG#1118e5ca-a078-11f1-87c7-eeee0a8e79e5.ResilienceCockpit-db-deployer#flowable-async-job-executor-thread-14293#
[PollStageAppStatusExecution] 2d23200b-60aa-4519-b7f8-9f40de7a8ecc [2026-08-25T10:40:20.571617] 0 files are scheduled for undeploy based on explicit specification (STDOUT, APP/TASK/deploy)#
#2026 08 25 11:28:56.879#Z#DEBUG#1118e5ca-a078-11f1-87c7-eeee0a8e79e5.ResilienceCockpit-db-deployer#flowable-async-job-executor-thread-14293#
[PollStageAppStatusExecution] 2d23200b-60aa-4519-b7f8-9f40de7a8ecc [2026-08-25T10:40:20.571663] Deploying to the container "8697B1A4A8B84AC49EFF171810969752"... (STDOUT, APP/TASK/deploy)#
#2026 08 25 11:28:56.879#Z#DEBUG#1118e5ca-a078-11f1-87c7-eeee0a8e79e5.ResilienceCockpit-db-deployer#flowable-async-job-executor-thread-14293#
[PollStageAppStatusExecution] 2d23200b-60aa-4519-b7f8-9f40de7a8ecc [2026-08-25T10:40:20.978733] Starting make in the container "8697B1A4A8B84AC49EFF171810969752" with 0 files to deploy, 0 files to undeploy... (STDOUT, APP/TASK/deploy)#
#2026 08 25 11:28:56.879#Z#DEBUG#1118e5ca-a078-11f1-87c7-eeee0a8e79e5.ResilienceCockpit-db-deployer#flowable-async-job-executor-thread-14293#
[PollStageAppStatusExecution] 2d23200b-60aa-4519-b7f8-9f40de7a8ecc [2026-08-25T10:40:20.978752] Disabling table replication for the container schema "8697B1A4A8B84AC49EFF171810969752"... (STDOUT, APP/TASK/deploy)#
#2026 08 25 11:28:56.879#Z#DEBUG#1118e5ca-a078-11f1-87c7-eeee0a8e79e5.ResilienceCockpit-db-deployer#flowable-async-job-executor-thread-14293#
[PollStageAppStatusExecution] 2d23200b-60aa-4519-b7f8-9f40de7a8ecc [2026-08-25T10:40:20.978755] Disabling table replication for the container schema "8697B1A4A8B84AC49EFF171810969752"... ok (0s 18ms) (STDOUT, APP/TASK/deploy)#
#2026 08 25 11:28:56.879#Z#DEBUG#1118e5ca-a078-11f1-87c7-eeee0a8e79e5.ResilienceCockpit-db-deployer#flowable-async-job-executor-thread-14293#
[PollStageAppStatusExecution] 2d23200b-60aa-4519-b7f8-9f40de7a8ecc [2026-08-25T10:40:20.978760] Migrating libraries... (STDOUT, APP/TASK/deploy)#
#2026 08 25 11:28:56.879#Z#DEBUG#1118e5ca-a078-11f1-87c7-eeee0a8e79e5.ResilienceCockpit-db-deployer#flowable-async-job-executor-thread-14293#
[PollStageAppStatusExecution] 2d23200b-60aa-4519-b7f8-9f40de7a8ecc [2026-08-25T10:40:20.978763] Migrating libraries... ok (0s 22ms) (STDOUT, APP/TASK/deploy)#
#2026 08 25 11:28:56.879#Z#DEBUG#1118e5ca-a078-11f1-87c7-eeee0a8e79e5.ResilienceCockpit-db-deployer#flowable-async-job-executor-thread-14293#
[PollStageAppStatusExecution] 2d23200b-60aa-4519-b7f8-9f40de7a8ecc [2026-08-25T10:40:20.978767] Making... (STDOUT, APP/TASK/deploy)#
#2026 08 25 11:28:56.879#Z#DEBUG#1118e5ca-a078-11f1-87c7-eeee0a8e79e5.ResilienceCockpit-db-deployer#flowable-async-job-executor-thread-14293#
[PollStageAppStatusExecution] 2d23200b-60aa-4519-b7f8-9f40de7a8ecc [2026-08-25T10:40:20.978780] Preparing... (STDOUT, APP/TASK/deploy)#
#2026 08 25 11:28:56.879#Z#DEBUG#1118e5ca-a078-11f1-87c7-eeee0a8e79e5.ResilienceCockpit-db-deployer#flowable-async-job-executor-thread-14293#
[PollStageAppStatusExecution] 2d23200b-60aa-4519-b7f8-9f40de7a8ecc [2026-08-25T10:40:20.978782] Preparing... ok (0s 0ms) (STDOUT, APP/TASK/deploy)#
#2026 08 25 11:28:56.879#Z#DEBUG#1118e5ca-a078-11f1-87c7-eeee0a8e79e5.ResilienceCockpit-db-deployer#flowable-async-job-executor-thread-14293#
[PollStageAppStatusExecution] 2d23200b-60aa-4519-b7f8-9f40de7a8ecc [2026-08-25T10:40:20.978821] Preparing the make transaction... (STDOUT, APP/TASK/deploy)#
#2026 08 25 11:28:56.879#Z#DEBUG#1118e5ca-a078-11f1-87c7-eeee0a8e79e5.ResilienceCockpit-db-deployer#flowable-async-job-executor-thread-14293#
[PollStageAppStatusExecution] 2d23200b-60aa-4519-b7f8-9f40de7a8ecc [2026-08-25T10:40:20.978859] Preparing the make transaction... ok (0s 36ms) (STDOUT, APP/TASK/deploy)#
#2026 08 25 11:28:56.879#Z#DEBUG#1118e5ca-a078-11f1-87c7-eeee0a8e79e5.ResilienceCockpit-db-deployer#flowable-async-job-executor-thread-14293#
[PollStageAppStatusExecution] 2d23200b-60aa-4519-b7f8-9f40de7a8ecc [2026-08-25T10:40:20.978865] Calculating dependencies... (STDOUT, APP/TASK/deploy)#
#2026 08 25 11:28:56.879#Z#DEBUG#1118e5ca-a078-11f1-87c7-eeee0a8e79e5.ResilienceCockpit-db-deployer#flowable-async-job-executor-thread-14293#
[PollStageAppStatusExecution] 2d23200b-60aa-4519-b7f8-9f40de7a8ecc [2026-08-25T10:40:20.978870] Expanding... (STDOUT, APP/TASK/deploy)#
#2026 08 25 11:28:56.879#Z#DEBUG#1118e5ca-a078-11f1-87c7-eeee0a8e79e5.ResilienceCockpit-db-deployer#flowable-async-job-executor-thread-14293#
[PollStageAppStatusExecution] 2d23200b-60aa-4519-b7f8-9f40de7a8ecc [2026-08-25T10:40:20.978874] Expanding... ok (0s 11ms) (STDOUT, APP/TASK/deploy)#
#2026 08 25 11:28:56.879#Z#DEBUG#1118e5ca-a078-11f1-87c7-eeee0a8e79e5.ResilienceCockpit-db-deployer#flowable-async-job-executor-thread-14293#
[PollStageAppStatusExecution] 2d23200b-60aa-4519-b7f8-9f40de7a8ecc [2026-08-25T10:40:20.978885] Precompiling... (STDOUT, APP/TASK/deploy)#
#2026 08 25 11:28:56.879#Z#DEBUG#1118e5ca-a078-11f1-87c7-eeee0a8e79e5.ResilienceCockpit-db-deployer#flowable-async-job-executor-thread-14293#
[PollStageAppStatusExecution] 2d23200b-60aa-4519-b7f8-9f40de7a8ecc [2026-08-25T10:40:20.978889] Precompiling... ok (0s 0ms) (STDOUT, APP/TASK/deploy)#
#2026 08 25 11:28:56.879#Z#DEBUG#1118e5ca-a078-11f1-87c7-eeee0a8e79e5.ResilienceCockpit-db-deployer#flowable-async-job-executor-thread-14293#
[PollStageAppStatusExecution] 2d23200b-60aa-4519-b7f8-9f40de7a8ecc [2026-08-25T10:40:20.978893] Merging... (STDOUT, APP/TASK/deploy)#
#2026 08 25 11:28:56.879#Z#DEBUG#1118e5ca-a078-11f1-87c7-eeee0a8e79e5.ResilienceCockpit-db-deployer#flowable-async-job-executor-thread-14293#
[PollStageAppStatusExecution] 2d23200b-60aa-4519-b7f8-9f40de7a8ecc [2026-08-25T10:40:20.978925] Merging... ok (0s 0ms) (STDOUT, APP/TASK/deploy)#
#2026 08 25 11:28:56.879#Z#DEBUG#1118e5ca-a078-11f1-87c7-eeee0a8e79e5.ResilienceCockpit-db-deployer#flowable-async-job-executor-thread-14293#
[PollStageAppStatusExecution] 2d23200b-60aa-4519-b7f8-9f40de7a8ecc [2026-08-25T10:40:20.978944] Calculating dependencies... ok (0s 11ms) (STDOUT, APP/TASK/deploy)#
#2026 08 25 11:28:56.879#Z#DEBUG#1118e5ca-a078-11f1-87c7-eeee0a8e79e5.ResilienceCockpit-db-deployer#flowable-async-job-executor-thread-14293#
[PollStageAppStatusExecution] 2d23200b-60aa-4519-b7f8-9f40de7a8ecc [2026-08-25T10:40:20.978963] No make necessary (STDOUT, APP/TASK/deploy)#
#2026 08 25 11:28:56.879#Z#DEBUG#1118e5ca-a078-11f1-87c7-eeee0a8e79e5.ResilienceCockpit-db-deployer#flowable-async-job-executor-thread-14293#
[PollStageAppStatusExecution] 2d23200b-60aa-4519-b7f8-9f40de7a8ecc [2026-08-25T10:40:20.979008] Making... ok (0s 148ms) (STDOUT, APP/TASK/deploy)#
#2026 08 25 11:28:56.879#Z#DEBUG#1118e5ca-a078-11f1-87c7-eeee0a8e79e5.ResilienceCockpit-db-deployer#flowable-async-job-executor-thread-14293#
[PollStageAppStatusExecution] 2d23200b-60aa-4519-b7f8-9f40de7a8ecc [2026-08-25T10:40:20.979023] Enabling table replication for the container schema "8697B1A4A8B84AC49EFF171810969752"... (STDOUT, APP/TASK/deploy)#
#2026 08 25 11:28:56.879#Z#DEBUG#1118e5ca-a078-11f1-87c7-eeee0a8e79e5.ResilienceCockpit-db-deployer#flowable-async-job-executor-thread-14293#
[PollStageAppStatusExecution] 2d23200b-60aa-4519-b7f8-9f40de7a8ecc [2026-08-25T10:40:20.979027] Enabling table replication for the container schema "8697B1A4A8B84AC49EFF171810969752"... ok (0s 13ms) (STDOUT, APP/TASK/deploy)#
#2026 08 25 11:28:56.879#Z#DEBUG#1118e5ca-a078-11f1-87c7-eeee0a8e79e5.ResilienceCockpit-db-deployer#flowable-async-job-executor-thread-14293#
[PollStageAppStatusExecution] 2d23200b-60aa-4519-b7f8-9f40de7a8ecc [2026-08-25T10:40:20.979029] Starting make in the container "8697B1A4A8B84AC49EFF171810969752" with 0 files to deploy, 0 files to undeploy... ok (0s 210ms) (STDOUT, APP/TASK/deploy)#
#2026 08 25 11:28:56.879#Z#DEBUG#1118e5ca-a078-11f1-87c7-eeee0a8e79e5.ResilienceCockpit-db-deployer#flowable-async-job-executor-thread-14293#
[PollStageAppStatusExecution] 2d23200b-60aa-4519-b7f8-9f40de7a8ecc [2026-08-25T10:40:20.979251] Deploying to the container "8697B1A4A8B84AC49EFF171810969752"... ok (0s 408ms) (STDOUT, APP/TASK/deploy)#
#2026 08 25 11:28:56.879#Z#DEBUG#1118e5ca-a078-11f1-87c7-eeee0a8e79e5.ResilienceCockpit-db-deployer#flowable-async-job-executor-thread-14293#
[PollStageAppStatusExecution] 2d23200b-60aa-4519-b7f8-9f40de7a8ecc [2026-08-25T10:40:20.979480] No default-access-role handling needed; global role "8697B1A4A8B84AC49EFF171810969752::access_role" will not be adapted (STDOUT, APP/TASK/deploy)#
#2026 08 25 11:28:56.879#Z#DEBUG#1118e5ca-a078-11f1-87c7-eeee0a8e79e5.ResilienceCockpit-db-deployer#flowable-async-job-executor-thread-14293#
[PollStageAppStatusExecution] 2d23200b-60aa-4519-b7f8-9f40de7a8ecc [2026-08-25T10:40:20.979543] Unlocking the container "8697B1A4A8B84AC49EFF171810969752"... (STDOUT, APP/TASK/deploy)#
#2026 08 25 11:28:56.879#Z#DEBUG#1118e5ca-a078-11f1-87c7-eeee0a8e79e5.ResilienceCockpit-db-deployer#flowable-async-job-executor-thread-14293#
[PollStageAppStatusExecution] 2d23200b-60aa-4519-b7f8-9f40de7a8ecc [2026-08-25T10:40:20.979741] Unlocking the container "8697B1A4A8B84AC49EFF171810969752"... ok (0s 0ms) (STDOUT, APP/TASK/deploy)#
#2026 08 25 11:28:56.879#Z#DEBUG#1118e5ca-a078-11f1-87c7-eeee0a8e79e5.ResilienceCockpit-db-deployer#flowable-async-job-executor-thread-14293#
[PollStageAppStatusExecution] 2d23200b-60aa-4519-b7f8-9f40de7a8ecc [2026-08-25T10:40:20.979846] Deployment to container 8697B1A4A8B84AC49EFF171810969752 done [Deployment ID: none]. (STDOUT, APP/TASK/deploy)#
#2026 08 25 11:28:56.879#Z#DEBUG#1118e5ca-a078-11f1-87c7-eeee0a8e79e5.ResilienceCockpit-db-deployer#flowable-async-job-executor-thread-14293#
[PollStageAppStatusExecution] 2d23200b-60aa-4519-b7f8-9f40de7a8ecc [2026-08-25T10:40:20.980200] Deployment ended at 2026-08-25 10:40:20 (STDOUT, APP/TASK/deploy)#
#2026 08 25 11:28:56.879#Z#DEBUG#1118e5ca-a078-11f1-87c7-eeee0a8e79e5.ResilienceCockpit-db-deployer#flowable-async-job-executor-thread-14293#
[PollStageAppStatusExecution] 2d23200b-60aa-4519-b7f8-9f40de7a8ecc [2026-08-25T10:40:20.980413] (1s 736ms) (STDOUT, APP/TASK/deploy)#
#2026 08 25 11:28:56.879#Z#DEBUG#1118e5ca-a078-11f1-87c7-eeee0a8e79e5.ResilienceCockpit-db-deployer#flowable-async-job-executor-thread-14293#
[PollStageAppStatusExecution] 2d23200b-60aa-4519-b7f8-9f40de7a8ecc [2026-08-25T10:40:20.989667] npm notice (STDERR, APP/TASK/deploy)#
#2026 08 25 11:28:56.879#Z#DEBUG#1118e5ca-a078-11f1-87c7-eeee0a8e79e5.ResilienceCockpit-db-deployer#flowable-async-job-executor-thread-14293#
[PollStageAppStatusExecution] 2d23200b-60aa-4519-b7f8-9f40de7a8ecc [2026-08-25T10:40:20.989681] npm notice New major version of npm available! 11.16.0 -> 12.0.2 (STDERR, APP/TASK/deploy)#
#2026 08 25 11:28:56.879#Z#DEBUG#1118e5ca-a078-11f1-87c7-eeee0a8e79e5.ResilienceCockpit-db-deployer#flowable-async-job-executor-thread-14293#
[PollStageAppStatusExecution] 2d23200b-60aa-4519-b7f8-9f40de7a8ecc [2026-08-25T10:40:20.989684] npm notice Changelog: https://github.com/npm/cli/releases/tag/v12.0.2 (STDERR, APP/TASK/deploy)#
#2026 08 25 11:28:56.879#Z#DEBUG#1118e5ca-a078-11f1-87c7-eeee0a8e79e5.ResilienceCockpit-db-deployer#flowable-async-job-executor-thread-14293#
[PollStageAppStatusExecution] 2d23200b-60aa-4519-b7f8-9f40de7a8ecc [2026-08-25T10:40:20.989687] npm notice To update run: npm install -g npm@12.0.2 (STDERR, APP/TASK/deploy)#
#2026 08 25 11:28:56.879#Z#DEBUG#1118e5ca-a078-11f1-87c7-eeee0a8e79e5.ResilienceCockpit-db-deployer#flowable-async-job-executor-thread-14293#
[PollStageAppStatusExecution] 2d23200b-60aa-4519-b7f8-9f40de7a8ecc [2026-08-25T10:40:20.989689] npm notice (STDERR, APP/TASK/deploy)#
#2026 08 25 11:28:56.879#Z#DEBUG#1118e5ca-a078-11f1-87c7-eeee0a8e79e5.ResilienceCockpit-db-deployer#flowable-async-job-executor-thread-14293#
[PollStageAppStatusExecution] 2d23200b-60aa-4519-b7f8-9f40de7a8ecc [2026-08-25T10:40:21.035736] Exit status 0 (STDOUT, APP/TASK/deploy)#
#2026 08 25 11:28:56.879#Z#DEBUG#1118e5ca-a078-11f1-87c7-eeee0a8e79e5.ResilienceCockpit-db-deployer#flowable-async-job-executor-thread-14293#
[PollStageAppStatusExecution] 2d23200b-60aa-4519-b7f8-9f40de7a8ecc [2026-08-25T10:40:21.871131] Cell 4761c3fb-8e91-4ced-804b-3db53058de34 stopping instance 996b4066-3ad0-4f9a-becb-c153e62624d4 (STDOUT, CELL)#
#2026 08 25 11:28:56.879#Z#DEBUG#1118e5ca-a078-11f1-87c7-eeee0a8e79e5.ResilienceCockpit-db-deployer#flowable-async-job-executor-thread-14293#
[PollStageAppStatusExecution] 2d23200b-60aa-4519-b7f8-9f40de7a8ecc [2026-08-25T10:40:21.871175] Cell 4761c3fb-8e91-4ced-804b-3db53058de34 destroying container for instance 996b4066-3ad0-4f9a-becb-c153e62624d4 (STDOUT, CELL)#
#2026 08 25 11:28:56.879#Z#DEBUG#1118e5ca-a078-11f1-87c7-eeee0a8e79e5.ResilienceCockpit-db-deployer#flowable-async-job-executor-thread-14293#
[PollStageAppStatusExecution] 2d23200b-60aa-4519-b7f8-9f40de7a8ecc [2026-08-25T10:40:24.044613] Cell 4761c3fb-8e91-4ced-804b-3db53058de34 successfully destroyed container for instance 996b4066-3ad0-4f9a-becb-c153e62624d4 (STDOUT, CELL)#
#2026 08 25 11:28:56.879#Z#DEBUG#1118e5ca-a078-11f1-87c7-eeee0a8e79e5.ResilienceCockpit-db-deployer#flowable-async-job-executor-thread-14293#
[PollStageAppStatusExecution] 2d23200b-60aa-4519-b7f8-9f40de7a8ecc [2026-08-25T11:28:28.745197] Updated app with guid 2d23200b-60aa-4519-b7f8-9f40de7a8ecc ({"lifecycle"=>{"data"=>{"buildpacks"=>["nodejs_buildpack"]}, "type"=>"buildpack"}}) (STDOUT, API)#
#2026 08 25 11:28:56.879#Z#DEBUG#1118e5ca-a078-11f1-87c7-eeee0a8e79e5.ResilienceCockpit-db-deployer#flowable-async-job-executor-thread-14293#
[PollStageAppStatusExecution] 2d23200b-60aa-4519-b7f8-9f40de7a8ecc [2026-08-25T11:28:28.838775] Updating process: "web" (STDOUT, API)#
#2026 08 25 11:28:56.879#Z#DEBUG#1118e5ca-a078-11f1-87c7-eeee0a8e79e5.ResilienceCockpit-db-deployer#flowable-async-job-executor-thread-14293#
[PollStageAppStatusExecution] 2d23200b-60aa-4519-b7f8-9f40de7a8ecc [2026-08-25T11:28:36.913903] Uploading app package for app with guid 2d23200b-60aa-4519-b7f8-9f40de7a8ecc (STDOUT, API)#
#2026 08 25 11:28:56.879#Z#DEBUG#1118e5ca-a078-11f1-87c7-eeee0a8e79e5.ResilienceCockpit-db-deployer#flowable-async-job-executor-thread-14293#
[PollStageAppStatusExecution] 2d23200b-60aa-4519-b7f8-9f40de7a8ecc [2026-08-25T11:28:37.093573] Updated app with guid 2d23200b-60aa-4519-b7f8-9f40de7a8ecc ({"environment_variables"=>"[PRIVATE DATA HIDDEN]"}) (STDOUT, API)#
#2026 08 25 11:28:56.879#Z#DEBUG#1118e5ca-a078-11f1-87c7-eeee0a8e79e5.ResilienceCockpit-db-deployer#flowable-async-job-executor-thread-14293#
[PollStageAppStatusExecution] 2d23200b-60aa-4519-b7f8-9f40de7a8ecc [2026-08-25T11:28:46.981950] Creating build for app with guid 2d23200b-60aa-4519-b7f8-9f40de7a8ecc (STDOUT, API)#
#2026 08 25 11:28:56.879#Z#DEBUG#1118e5ca-a078-11f1-87c7-eeee0a8e79e5.ResilienceCockpit-db-deployer#flowable-async-job-executor-thread-14293#
[PollStageAppStatusExecution] 2d23200b-60aa-4519-b7f8-9f40de7a8ecc [2026-08-25T11:28:47.276209] Downloading nodejs_buildpack... (STDOUT, STG)#
#2026 08 25 11:28:56.879#Z#DEBUG#1118e5ca-a078-11f1-87c7-eeee0a8e79e5.ResilienceCockpit-db-deployer#flowable-async-job-executor-thread-14293#
[PollStageAppStatusExecution] 2d23200b-60aa-4519-b7f8-9f40de7a8ecc [2026-08-25T11:28:47.314208] Downloaded nodejs_buildpack (STDOUT, STG)#
#2026 08 25 11:28:56.879#Z#DEBUG#1118e5ca-a078-11f1-87c7-eeee0a8e79e5.ResilienceCockpit-db-deployer#flowable-async-job-executor-thread-14293#
[PollStageAppStatusExecution] 2d23200b-60aa-4519-b7f8-9f40de7a8ecc [2026-08-25T11:28:47.314319] Cell 911a2f96-661c-46fd-ae0b-1bce220e9e4e creating container for instance 39312afa-51c8-4ade-bc6c-2faf13f3062a (STDOUT, STG)#
#2026 08 25 11:28:56.879#Z#DEBUG#1118e5ca-a078-11f1-87c7-eeee0a8e79e5.ResilienceCockpit-db-deployer#flowable-async-job-executor-thread-14293#
[PollStageAppStatusExecution] 2d23200b-60aa-4519-b7f8-9f40de7a8ecc [2026-08-25T11:28:47.649858] Security group rules were updated (STDOUT, STG)#
#2026 08 25 11:28:56.879#Z#DEBUG#1118e5ca-a078-11f1-87c7-eeee0a8e79e5.ResilienceCockpit-db-deployer#flowable-async-job-executor-thread-14293#
[PollStageAppStatusExecution] 2d23200b-60aa-4519-b7f8-9f40de7a8ecc [2026-08-25T11:28:47.708122] Cell 911a2f96-661c-46fd-ae0b-1bce220e9e4e successfully created container for instance 39312afa-51c8-4ade-bc6c-2faf13f3062a (STDOUT, STG)#
#2026 08 25 11:28:56.879#Z#DEBUG#1118e5ca-a078-11f1-87c7-eeee0a8e79e5.ResilienceCockpit-db-deployer#flowable-async-job-executor-thread-14293#
[PollStageAppStatusExecution] 2d23200b-60aa-4519-b7f8-9f40de7a8ecc [2026-08-25T11:28:47.964086] Downloading app package... (STDOUT, STG)#
#2026 08 25 11:28:56.879#Z#DEBUG#1118e5ca-a078-11f1-87c7-eeee0a8e79e5.ResilienceCockpit-db-deployer#flowable-async-job-executor-thread-14293#
[PollStageAppStatusExecution] 2d23200b-60aa-4519-b7f8-9f40de7a8ecc [2026-08-25T11:28:47.964119] Downloading build artifacts cache... (STDOUT, STG)#
#2026 08 25 11:28:56.879#Z#DEBUG#1118e5ca-a078-11f1-87c7-eeee0a8e79e5.ResilienceCockpit-db-deployer#flowable-async-job-executor-thread-14293#
[PollStageAppStatusExecution] 2d23200b-60aa-4519-b7f8-9f40de7a8ecc [2026-08-25T11:28:48.025253] Downloaded build artifacts cache (222B) (STDOUT, STG)#
#2026 08 25 11:28:56.879#Z#DEBUG#1118e5ca-a078-11f1-87c7-eeee0a8e79e5.ResilienceCockpit-db-deployer#flowable-async-job-executor-thread-14293#
[PollStageAppStatusExecution] 2d23200b-60aa-4519-b7f8-9f40de7a8ecc [2026-08-25T11:28:48.233340] Downloaded app package (2.5M) (STDOUT, STG)#
#2026 08 25 11:28:56.879#Z#DEBUG#1118e5ca-a078-11f1-87c7-eeee0a8e79e5.ResilienceCockpit-db-deployer#flowable-async-job-executor-thread-14293#
[PollStageAppStatusExecution] 2d23200b-60aa-4519-b7f8-9f40de7a8ecc [2026-08-25T11:28:48.283170] -----> Nodejs Buildpack version 1.9.3 (STDOUT, STG)#
#2026 08 25 11:28:56.879#Z#DEBUG#1118e5ca-a078-11f1-87c7-eeee0a8e79e5.ResilienceCockpit-db-deployer#flowable-async-job-executor-thread-14293#
[PollStageAppStatusExecution] 2d23200b-60aa-4519-b7f8-9f40de7a8ecc [2026-08-25T11:28:48.364649] -----> Bootstrapping python (STDOUT, STG)#
#2026 08 25 11:28:56.879#Z#DEBUG#1118e5ca-a078-11f1-87c7-eeee0a8e79e5.ResilienceCockpit-db-deployer#flowable-async-job-executor-thread-14293#
[PollStageAppStatusExecution] 2d23200b-60aa-4519-b7f8-9f40de7a8ecc [2026-08-25T11:28:48.364670] -----> Installing python 3.13.14 (STDOUT, STG)#
#2026 08 25 11:28:56.879#Z#DEBUG#1118e5ca-a078-11f1-87c7-eeee0a8e79e5.ResilienceCockpit-db-deployer#flowable-async-job-executor-thread-14293#
[PollStageAppStatusExecution] 2d23200b-60aa-4519-b7f8-9f40de7a8ecc [2026-08-25T11:28:48.364722] Copy [/tmp/buildpacks/adc5840e3e50b48d/dependencies/4b4266a2ff36730aef37b88b668ca327/python_3.13.14_linux_x64_cflinuxfs4_b80d4954.tgz] (STDOUT, STG)#
#2026 08 25 11:28:56.879#Z#DEBUG#1118e5ca-a078-11f1-87c7-eeee0a8e79e5.ResilienceCockpit-db-deployer#flowable-async-job-executor-thread-14293#
[PollStageAppStatusExecution] 2d23200b-60aa-4519-b7f8-9f40de7a8ecc [2026-08-25T11:28:51.349766] -----> Installing binaries (STDOUT, STG)#
#2026 08 25 11:28:56.879#Z#DEBUG#1118e5ca-a078-11f1-87c7-eeee0a8e79e5.ResilienceCockpit-db-deployer#flowable-async-job-executor-thread-14293#
[PollStageAppStatusExecution] 2d23200b-60aa-4519-b7f8-9f40de7a8ecc [2026-08-25T11:28:51.349852] engines.node (package.json): >=18 (STDOUT, STG)#
#2026 08 25 11:28:56.879#Z#DEBUG#1118e5ca-a078-11f1-87c7-eeee0a8e79e5.ResilienceCockpit-db-deployer#flowable-async-job-executor-thread-14293#
[PollStageAppStatusExecution] 2d23200b-60aa-4519-b7f8-9f40de7a8ecc [2026-08-25T11:28:51.349867] engines.npm (package.json): unspecified (use default) (STDOUT, STG)#
#2026 08 25 11:28:56.879#Z#DEBUG#1118e5ca-a078-11f1-87c7-eeee0a8e79e5.ResilienceCockpit-db-deployer#flowable-async-job-executor-thread-14293#
[PollStageAppStatusExecution] 2d23200b-60aa-4519-b7f8-9f40de7a8ecc [2026-08-25T11:28:51.349871] [31;1m**WARNING**[0m Dangerous semver range (>) in engines.node. See: http://docs.cloudfoundry.org/buildpacks/node/node-tips.html (STDOUT, STG)#
#2026 08 25 11:28:56.879#Z#DEBUG#1118e5ca-a078-11f1-87c7-eeee0a8e79e5.ResilienceCockpit-db-deployer#flowable-async-job-executor-thread-14293#
[PollStageAppStatusExecution] 2d23200b-60aa-4519-b7f8-9f40de7a8ecc [2026-08-25T11:28:51.349923] -----> Installing node 24.18.0 (STDOUT, STG)#
#2026 08 25 11:28:56.879#Z#DEBUG#1118e5ca-a078-11f1-87c7-eeee0a8e79e5.ResilienceCockpit-db-deployer#flowable-async-job-executor-thread-14293#
[PollStageAppStatusExecution] 2d23200b-60aa-4519-b7f8-9f40de7a8ecc [2026-08-25T11:28:51.350066] Copy [/tmp/buildpacks/adc5840e3e50b48d/dependencies/dffbbb835fcd073c4544f78eb6247fac/node_24.18.0_linux_x64_cflinuxfs4_cdfed650.tgz] (STDOUT, STG)#
#2026 08 25 11:28:56.879#Z#DEBUG#1118e5ca-a078-11f1-87c7-eeee0a8e79e5.ResilienceCockpit-db-deployer#flowable-async-job-executor-thread-14293#
[PollStageAppStatusExecution] 2d23200b-60aa-4519-b7f8-9f40de7a8ecc [2026-08-25T11:28:53.093903] Using default npm version: 11.16.0 (STDOUT, STG)#
#2026 08 25 11:28:56.879#Z#DEBUG#1118e5ca-a078-11f1-87c7-eeee0a8e79e5.ResilienceCockpit-db-deployer#flowable-async-job-executor-thread-14293#
[PollStageAppStatusExecution] 2d23200b-60aa-4519-b7f8-9f40de7a8ecc [2026-08-25T11:28:53.093921] -----> Installing yarn 1.22.22 (STDOUT, STG)#
#2026 08 25 11:28:56.879#Z#DEBUG#1118e5ca-a078-11f1-87c7-eeee0a8e79e5.ResilienceCockpit-db-deployer#flowable-async-job-executor-thread-14293#
[PollStageAppStatusExecution] 2d23200b-60aa-4519-b7f8-9f40de7a8ecc [2026-08-25T11:28:53.094173] Copy [/tmp/buildpacks/adc5840e3e50b48d/dependencies/e4fe26756e9984a665478d350474fa2e/yarn_1.22.22_linux_noarch_any-stack_b6132b86.tgz] (STDOUT, STG)#
#2026 08 25 11:28:56.879#Z#DEBUG#1118e5ca-a078-11f1-87c7-eeee0a8e79e5.ResilienceCockpit-db-deployer#flowable-async-job-executor-thread-14293#
[PollStageAppStatusExecution] 2d23200b-60aa-4519-b7f8-9f40de7a8ecc [2026-08-25T11:28:53.339943] Installed yarn 1.22.22 (STDOUT, STG)#
#2026 08 25 11:28:56.879#Z#DEBUG#1118e5ca-a078-11f1-87c7-eeee0a8e79e5.ResilienceCockpit-db-deployer#flowable-async-job-executor-thread-14293#
[PollStageAppStatusExecution] 2d23200b-60aa-4519-b7f8-9f40de7a8ecc [2026-08-25T11:28:53.339968] -----> Creating runtime environment (STDOUT, STG)#
#2026 08 25 11:28:56.879#Z#DEBUG#1118e5ca-a078-11f1-87c7-eeee0a8e79e5.ResilienceCockpit-db-deployer#flowable-async-job-executor-thread-14293#
[PollStageAppStatusExecution] 2d23200b-60aa-4519-b7f8-9f40de7a8ecc [2026-08-25T11:28:53.343031] NODE_ENV=production (STDOUT, STG)#
#2026 08 25 11:28:56.879#Z#DEBUG#1118e5ca-a078-11f1-87c7-eeee0a8e79e5.ResilienceCockpit-db-deployer#flowable-async-job-executor-thread-14293#
[PollStageAppStatusExecution] 2d23200b-60aa-4519-b7f8-9f40de7a8ecc [2026-08-25T11:28:53.343069] NODE_HOME=/tmp/contents4247045597/deps/0/node (STDOUT, STG)#
#2026 08 25 11:28:56.879#Z#DEBUG#1118e5ca-a078-11f1-87c7-eeee0a8e79e5.ResilienceCockpit-db-deployer#flowable-async-job-executor-thread-14293#
[PollStageAppStatusExecution] 2d23200b-60aa-4519-b7f8-9f40de7a8ecc [2026-08-25T11:28:53.343076] NODE_MODULES_CACHE=true (STDOUT, STG)#
#2026 08 25 11:28:56.879#Z#DEBUG#1118e5ca-a078-11f1-87c7-eeee0a8e79e5.ResilienceCockpit-db-deployer#flowable-async-job-executor-thread-14293#
[PollStageAppStatusExecution] 2d23200b-60aa-4519-b7f8-9f40de7a8ecc [2026-08-25T11:28:53.343081] NODE_VERBOSE=false (STDOUT, STG)#
#2026 08 25 11:28:56.879#Z#DEBUG#1118e5ca-a078-11f1-87c7-eeee0a8e79e5.ResilienceCockpit-db-deployer#flowable-async-job-executor-thread-14293#
[PollStageAppStatusExecution] 2d23200b-60aa-4519-b7f8-9f40de7a8ecc [2026-08-25T11:28:53.343086] NPM_CONFIG_LOGLEVEL=error (STDOUT, STG)#
#2026 08 25 11:28:56.879#Z#DEBUG#1118e5ca-a078-11f1-87c7-eeee0a8e79e5.ResilienceCockpit-db-deployer#flowable-async-job-executor-thread-14293#
[PollStageAppStatusExecution] 2d23200b-60aa-4519-b7f8-9f40de7a8ecc [2026-08-25T11:28:53.343095] NPM_CONFIG_PRODUCTION=true (STDOUT, STG)#
#2026 08 25 11:28:56.879#Z#DEBUG#1118e5ca-a078-11f1-87c7-eeee0a8e79e5.ResilienceCockpit-db-deployer#flowable-async-job-executor-thread-14293#
[PollStageAppStatusExecution] 2d23200b-60aa-4519-b7f8-9f40de7a8ecc [2026-08-25T11:28:53.343123] -----> Building dependencies (STDOUT, STG)#
#2026 08 25 11:28:56.879#Z#DEBUG#1118e5ca-a078-11f1-87c7-eeee0a8e79e5.ResilienceCockpit-db-deployer#flowable-async-job-executor-thread-14293#
[PollStageAppStatusExecution] 2d23200b-60aa-4519-b7f8-9f40de7a8ecc [2026-08-25T11:28:53.343128] Prebuild detected (node_modules already exists) (STDOUT, STG)#
#2026 08 25 11:28:56.879#Z#DEBUG#1118e5ca-a078-11f1-87c7-eeee0a8e79e5.ResilienceCockpit-db-deployer#flowable-async-job-executor-thread-14293#
[PollStageAppStatusExecution] 2d23200b-60aa-4519-b7f8-9f40de7a8ecc [2026-08-25T11:28:53.343246] Rebuilding any native modules (STDOUT, STG)#
#2026 08 25 11:28:56.879#Z#DEBUG#1118e5ca-a078-11f1-87c7-eeee0a8e79e5.ResilienceCockpit-db-deployer#flowable-async-job-executor-thread-14293#
[PollStageAppStatusExecution] 2d23200b-60aa-4519-b7f8-9f40de7a8ecc [2026-08-25T11:28:53.740181] rebuilt dependencies successfully (STDOUT, STG)#
#2026 08 25 11:28:56.879#Z#DEBUG#1118e5ca-a078-11f1-87c7-eeee0a8e79e5.ResilienceCockpit-db-deployer#flowable-async-job-executor-thread-14293#
[PollStageAppStatusExecution] 2d23200b-60aa-4519-b7f8-9f40de7a8ecc [2026-08-25T11:28:53.787301] Installing any new modules (package.json + package-lock.json) (STDOUT, STG)#
#2026 08 25 11:28:56.879#Z#DEBUG#1118e5ca-a078-11f1-87c7-eeee0a8e79e5.ResilienceCockpit-db-deployer#flowable-async-job-executor-thread-14293#
[PollStageAppStatusExecution] 2d23200b-60aa-4519-b7f8-9f40de7a8ecc [2026-08-25T11:28:54.114828] up to date in 269ms (STDOUT, STG)#
#2026 08 25 11:28:56.879#Z#DEBUG#1118e5ca-a078-11f1-87c7-eeee0a8e79e5.ResilienceCockpit-db-deployer#flowable-async-job-executor-thread-14293#
[PollStageAppStatusExecution] 2d23200b-60aa-4519-b7f8-9f40de7a8ecc [2026-08-25T11:28:54.114966] 4 packages are looking for funding (STDOUT, STG)#
#2026 08 25 11:28:56.879#Z#DEBUG#1118e5ca-a078-11f1-87c7-eeee0a8e79e5.ResilienceCockpit-db-deployer#flowable-async-job-executor-thread-14293#
[PollStageAppStatusExecution] 2d23200b-60aa-4519-b7f8-9f40de7a8ecc [2026-08-25T11:28:54.115088] run `npm fund` for details (STDOUT, STG)#
#2026 08 25 11:28:56.879#Z#DEBUG#1118e5ca-a078-11f1-87c7-eeee0a8e79e5.ResilienceCockpit-db-deployer#flowable-async-job-executor-thread-14293#
[PollStageAppStatusExecution] 2d23200b-60aa-4519-b7f8-9f40de7a8ecc [2026-08-25T11:28:54.591752] Contrast Security no credentials found. Will not write environment files. (STDOUT, STG)#
#2026 08 25 11:29:06.844#Z#DEBUG#1118e5ca-a078-11f1-87c7-eeee0a8e79e5.ResilienceCockpit-db-deployer#flowable-async-job-executor-thread-14298#
[PollStageAppStatusExecution] 2d23200b-60aa-4519-b7f8-9f40de7a8ecc [2026-08-25T11:29:02.148081] Exit status 0 (STDOUT, STG)#
#2026 08 25 11:29:06.844#Z#DEBUG#1118e5ca-a078-11f1-87c7-eeee0a8e79e5.ResilienceCockpit-db-deployer#flowable-async-job-executor-thread-14298#
[PollStageAppStatusExecution] 2d23200b-60aa-4519-b7f8-9f40de7a8ecc [2026-08-25T11:29:02.148134] Uploading droplet, build artifacts cache... (STDOUT, STG)#
#2026 08 25 11:29:06.844#Z#DEBUG#1118e5ca-a078-11f1-87c7-eeee0a8e79e5.ResilienceCockpit-db-deployer#flowable-async-job-executor-thread-14298#
[PollStageAppStatusExecution] 2d23200b-60aa-4519-b7f8-9f40de7a8ecc [2026-08-25T11:29:02.148195] Uploading build artifacts cache... (STDOUT, STG)#
#2026 08 25 11:29:06.844#Z#DEBUG#1118e5ca-a078-11f1-87c7-eeee0a8e79e5.ResilienceCockpit-db-deployer#flowable-async-job-executor-thread-14298#
[PollStageAppStatusExecution] 2d23200b-60aa-4519-b7f8-9f40de7a8ecc [2026-08-25T11:29:02.148202] Uploading droplet... (STDOUT, STG)#
#2026 08 25 11:29:06.844#Z#DEBUG#1118e5ca-a078-11f1-87c7-eeee0a8e79e5.ResilienceCockpit-db-deployer#flowable-async-job-executor-thread-14298#
[PollStageAppStatusExecution] 2d23200b-60aa-4519-b7f8-9f40de7a8ecc [2026-08-25T11:29:02.167645] Uploaded build artifacts cache (222B) (STDOUT, STG)#
#2026 08 25 11:29:06.844#Z#DEBUG#1118e5ca-a078-11f1-87c7-eeee0a8e79e5.ResilienceCockpit-db-deployer#flowable-async-job-executor-thread-14298#
[PollStageAppStatusExecution] 2d23200b-60aa-4519-b7f8-9f40de7a8ecc [2026-08-25T11:29:02.702591] Creating droplet for app with guid 2d23200b-60aa-4519-b7f8-9f40de7a8ecc (STDOUT, API)#
#2026 08 25 11:29:06.844#Z#DEBUG#1118e5ca-a078-11f1-87c7-eeee0a8e79e5.ResilienceCockpit-db-deployer#flowable-async-job-executor-thread-14298#
[PollStageAppStatusExecution] 2d23200b-60aa-4519-b7f8-9f40de7a8ecc [2026-08-25T11:29:04.774608] Uploaded droplet (59.3M) (STDOUT, STG)#
#2026 08 25 11:29:06.844#Z#DEBUG#1118e5ca-a078-11f1-87c7-eeee0a8e79e5.ResilienceCockpit-db-deployer#flowable-async-job-executor-thread-14298#
[PollStageAppStatusExecution] 2d23200b-60aa-4519-b7f8-9f40de7a8ecc [2026-08-25T11:29:04.788528] Uploading complete (STDOUT, STG)#
#2026 08 25 11:29:06.844#Z#DEBUG#1118e5ca-a078-11f1-87c7-eeee0a8e79e5.ResilienceCockpit-db-deployer#flowable-async-job-executor-thread-14298#
[PollStageAppStatusExecution] 2d23200b-60aa-4519-b7f8-9f40de7a8ecc [2026-08-25T11:29:05.111136] Cell 911a2f96-661c-46fd-ae0b-1bce220e9e4e stopping instance 39312afa-51c8-4ade-bc6c-2faf13f3062a (STDOUT, STG)#
#2026 08 25 11:29:06.844#Z#DEBUG#1118e5ca-a078-11f1-87c7-eeee0a8e79e5.ResilienceCockpit-db-deployer#flowable-async-job-executor-thread-14298#
[PollStageAppStatusExecution] 2d23200b-60aa-4519-b7f8-9f40de7a8ecc [2026-08-25T11:29:05.111183] Cell 911a2f96-661c-46fd-ae0b-1bce220e9e4e destroying container for instance 39312afa-51c8-4ade-bc6c-2faf13f3062a (STDOUT, STG)#
#2026 08 25 11:29:06.844#Z#DEBUG#1118e5ca-a078-11f1-87c7-eeee0a8e79e5.ResilienceCockpit-db-deployer#flowable-async-job-executor-thread-14298#
[PollStageAppStatusExecution] 2d23200b-60aa-4519-b7f8-9f40de7a8ecc [2026-08-25T11:29:05.155679] Staging complete for build 39312afa-51c8-4ade-bc6c-2faf13f3062a (STDOUT, API)#
#2026 08 25 11:29:16.914#Z#DEBUG#1118e5ca-a078-11f1-87c7-eeee0a8e79e5.ResilienceCockpit-db-deployer#flowable-async-job-executor-thread-3066#
[PollExecuteTaskStatusExecution] 2d23200b-60aa-4519-b7f8-9f40de7a8ecc [2026-08-25T08:47:52.518363] Copy [/tmp/buildpacks/adc5840e3e50b48d/dependencies/4b4266a2ff36730aef37b88b668ca327/python_3.13.14_linux_x64_cflinuxfs4_b80d4954.tgz] (STDOUT, STG)#
#2026 08 25 11:29:16.914#Z#DEBUG#1118e5ca-a078-11f1-87c7-eeee0a8e79e5.ResilienceCockpit-db-deployer#flowable-async-job-executor-thread-3066#
[PollExecuteTaskStatusExecution] 2d23200b-60aa-4519-b7f8-9f40de7a8ecc [2026-08-25T08:47:55.506487] -----> Installing binaries (STDOUT, STG)#
#2026 08 25 11:29:16.914#Z#DEBUG#1118e5ca-a078-11f1-87c7-eeee0a8e79e5.ResilienceCockpit-db-deployer#flowable-async-job-executor-thread-3066#
[PollExecuteTaskStatusExecution] 2d23200b-60aa-4519-b7f8-9f40de7a8ecc [2026-08-25T08:47:55.506514] engines.node (package.json): >=18 (STDOUT, STG)#
#2026 08 25 11:29:16.914#Z#DEBUG#1118e5ca-a078-11f1-87c7-eeee0a8e79e5.ResilienceCockpit-db-deployer#flowable-async-job-executor-thread-3066#
[PollExecuteTaskStatusExecution] 2d23200b-60aa-4519-b7f8-9f40de7a8ecc [2026-08-25T08:47:55.506521] engines.npm (package.json): unspecified (use default) (STDOUT, STG)#
#2026 08 25 11:29:16.914#Z#DEBUG#1118e5ca-a078-11f1-87c7-eeee0a8e79e5.ResilienceCockpit-db-deployer#flowable-async-job-executor-thread-3066#
[PollExecuteTaskStatusExecution] 2d23200b-60aa-4519-b7f8-9f40de7a8ecc [2026-08-25T08:47:55.506551] [31;1m**WARNING**[0m Dangerous semver range (>) in engines.node. See: http://docs.cloudfoundry.org/buildpacks/node/node-tips.html (STDOUT, STG)#
#2026 08 25 11:29:16.914#Z#DEBUG#1118e5ca-a078-11f1-87c7-eeee0a8e79e5.ResilienceCockpit-db-deployer#flowable-async-job-executor-thread-3066#
[PollExecuteTaskStatusExecution] 2d23200b-60aa-4519-b7f8-9f40de7a8ecc [2026-08-25T08:47:55.506556] -----> Installing node 24.18.0 (STDOUT, STG)#
#2026 08 25 11:29:16.914#Z#DEBUG#1118e5ca-a078-11f1-87c7-eeee0a8e79e5.ResilienceCockpit-db-deployer#flowable-async-job-executor-thread-3066#
[PollExecuteTaskStatusExecution] 2d23200b-60aa-4519-b7f8-9f40de7a8ecc [2026-08-25T08:47:55.506705] Copy [/tmp/buildpacks/adc5840e3e50b48d/dependencies/dffbbb835fcd073c4544f78eb6247fac/node_24.18.0_linux_x64_cflinuxfs4_cdfed650.tgz] (STDOUT, STG)#
#2026 08 25 11:29:16.914#Z#DEBUG#1118e5ca-a078-11f1-87c7-eeee0a8e79e5.ResilienceCockpit-db-deployer#flowable-async-job-executor-thread-3066#
[PollExecuteTaskStatusExecution] 2d23200b-60aa-4519-b7f8-9f40de7a8ecc [2026-08-25T08:47:57.236559] Using default npm version: 11.16.0 (STDOUT, STG)#
#2026 08 25 11:29:16.914#Z#DEBUG#1118e5ca-a078-11f1-87c7-eeee0a8e79e5.ResilienceCockpit-db-deployer#flowable-async-job-executor-thread-3066#
[PollExecuteTaskStatusExecution] 2d23200b-60aa-4519-b7f8-9f40de7a8ecc [2026-08-25T08:47:57.236657] -----> Installing yarn 1.22.22 (STDOUT, STG)#
#2026 08 25 11:29:16.914#Z#DEBUG#1118e5ca-a078-11f1-87c7-eeee0a8e79e5.ResilienceCockpit-db-deployer#flowable-async-job-executor-thread-3066#
[PollExecuteTaskStatusExecution] 2d23200b-60aa-4519-b7f8-9f40de7a8ecc [2026-08-25T08:47:57.236684] Copy [/tmp/buildpacks/adc5840e3e50b48d/dependencies/e4fe26756e9984a665478d350474fa2e/yarn_1.22.22_linux_noarch_any-stack_b6132b86.tgz] (STDOUT, STG)#
#2026 08 25 11:29:16.914#Z#DEBUG#1118e5ca-a078-11f1-87c7-eeee0a8e79e5.ResilienceCockpit-db-deployer#flowable-async-job-executor-thread-3066#
[PollExecuteTaskStatusExecution] 2d23200b-60aa-4519-b7f8-9f40de7a8ecc [2026-08-25T08:47:57.485750] Installed yarn 1.22.22 (STDOUT, STG)#
#2026 08 25 11:29:16.914#Z#DEBUG#1118e5ca-a078-11f1-87c7-eeee0a8e79e5.ResilienceCockpit-db-deployer#flowable-async-job-executor-thread-3066#
[PollExecuteTaskStatusExecution] 2d23200b-60aa-4519-b7f8-9f40de7a8ecc [2026-08-25T08:47:57.485775] -----> Creating runtime environment (STDOUT, STG)#
#2026 08 25 11:29:16.914#Z#DEBUG#1118e5ca-a078-11f1-87c7-eeee0a8e79e5.ResilienceCockpit-db-deployer#flowable-async-job-executor-thread-3066#
[PollExecuteTaskStatusExecution] 2d23200b-60aa-4519-b7f8-9f40de7a8ecc [2026-08-25T08:47:57.487004] NODE_ENV=production (STDOUT, STG)#
#2026 08 25 11:29:16.914#Z#DEBUG#1118e5ca-a078-11f1-87c7-eeee0a8e79e5.ResilienceCockpit-db-deployer#flowable-async-job-executor-thread-3066#
[PollExecuteTaskStatusExecution] 2d23200b-60aa-4519-b7f8-9f40de7a8ecc [2026-08-25T08:47:57.487021] NODE_HOME=/tmp/contents3251821280/deps/0/node (STDOUT, STG)#
#2026 08 25 11:29:16.914#Z#DEBUG#1118e5ca-a078-11f1-87c7-eeee0a8e79e5.ResilienceCockpit-db-deployer#flowable-async-job-executor-thread-3066#
[PollExecuteTaskStatusExecution] 2d23200b-60aa-4519-b7f8-9f40de7a8ecc [2026-08-25T08:47:57.487025] NODE_MODULES_CACHE=true (STDOUT, STG)#
#2026 08 25 11:29:16.914#Z#DEBUG#1118e5ca-a078-11f1-87c7-eeee0a8e79e5.ResilienceCockpit-db-deployer#flowable-async-job-executor-thread-3066#
[PollExecuteTaskStatusExecution] 2d23200b-60aa-4519-b7f8-9f40de7a8ecc [2026-08-25T08:47:57.487028] NODE_VERBOSE=false (STDOUT, STG)#
#2026 08 25 11:29:16.915#Z#DEBUG#1118e5ca-a078-11f1-87c7-eeee0a8e79e5.ResilienceCockpit-db-deployer#flowable-async-job-executor-thread-3066#
[PollExecuteTaskStatusExecution] 2d23200b-60aa-4519-b7f8-9f40de7a8ecc [2026-08-25T08:47:57.487036] NPM_CONFIG_LOGLEVEL=error (STDOUT, STG)#
#2026 08 25 11:29:16.915#Z#DEBUG#1118e5ca-a078-11f1-87c7-eeee0a8e79e5.ResilienceCockpit-db-deployer#flowable-async-job-executor-thread-3066#
[PollExecuteTaskStatusExecution] 2d23200b-60aa-4519-b7f8-9f40de7a8ecc [2026-08-25T08:47:57.487041] NPM_CONFIG_PRODUCTION=true (STDOUT, STG)#
#2026 08 25 11:29:16.915#Z#DEBUG#1118e5ca-a078-11f1-87c7-eeee0a8e79e5.ResilienceCockpit-db-deployer#flowable-async-job-executor-thread-3066#
[PollExecuteTaskStatusExecution] 2d23200b-60aa-4519-b7f8-9f40de7a8ecc [2026-08-25T08:47:57.487094] -----> Building dependencies (STDOUT, STG)#
#2026 08 25 11:29:16.915#Z#DEBUG#1118e5ca-a078-11f1-87c7-eeee0a8e79e5.ResilienceCockpit-db-deployer#flowable-async-job-executor-thread-3066#
[PollExecuteTaskStatusExecution] 2d23200b-60aa-4519-b7f8-9f40de7a8ecc [2026-08-25T08:47:57.487098] Prebuild detected (node_modules already exists) (STDOUT, STG)#
#2026 08 25 11:29:16.915#Z#DEBUG#1118e5ca-a078-11f1-87c7-eeee0a8e79e5.ResilienceCockpit-db-deployer#flowable-async-job-executor-thread-3066#
[PollExecuteTaskStatusExecution] 2d23200b-60aa-4519-b7f8-9f40de7a8ecc [2026-08-25T08:47:57.487101] Rebuilding any native modules (STDOUT, STG)#
#2026 08 25 11:29:16.915#Z#DEBUG#1118e5ca-a078-11f1-87c7-eeee0a8e79e5.ResilienceCockpit-db-deployer#flowable-async-job-executor-thread-3066#
[PollExecuteTaskStatusExecution] 2d23200b-60aa-4519-b7f8-9f40de7a8ecc [2026-08-25T08:47:57.872933] rebuilt dependencies successfully (STDOUT, STG)#
#2026 08 25 11:29:16.915#Z#DEBUG#1118e5ca-a078-11f1-87c7-eeee0a8e79e5.ResilienceCockpit-db-deployer#flowable-async-job-executor-thread-3066#
[PollExecuteTaskStatusExecution] 2d23200b-60aa-4519-b7f8-9f40de7a8ecc [2026-08-25T08:47:57.919673] Installing any new modules (package.json + package-lock.json) (STDOUT, STG)#
#2026 08 25 11:29:16.915#Z#DEBUG#1118e5ca-a078-11f1-87c7-eeee0a8e79e5.ResilienceCockpit-db-deployer#flowable-async-job-executor-thread-3066#
[PollExecuteTaskStatusExecution] 2d23200b-60aa-4519-b7f8-9f40de7a8ecc [2026-08-25T08:47:58.248541] up to date in 270ms (STDOUT, STG)#
#2026 08 25 11:29:16.915#Z#DEBUG#1118e5ca-a078-11f1-87c7-eeee0a8e79e5.ResilienceCockpit-db-deployer#flowable-async-job-executor-thread-3066#
[PollExecuteTaskStatusExecution] 2d23200b-60aa-4519-b7f8-9f40de7a8ecc [2026-08-25T08:47:58.248839] 4 packages are looking for funding (STDOUT, STG)#
#2026 08 25 11:29:16.915#Z#DEBUG#1118e5ca-a078-11f1-87c7-eeee0a8e79e5.ResilienceCockpit-db-deployer#flowable-async-job-executor-thread-3066#
[PollExecuteTaskStatusExecution] 2d23200b-60aa-4519-b7f8-9f40de7a8ecc [2026-08-25T08:47:58.248878] run `npm fund` for details (STDOUT, STG)#
#2026 08 25 11:29:16.915#Z#DEBUG#1118e5ca-a078-11f1-87c7-eeee0a8e79e5.ResilienceCockpit-db-deployer#flowable-async-job-executor-thread-3066#
[PollExecuteTaskStatusExecution] 2d23200b-60aa-4519-b7f8-9f40de7a8ecc [2026-08-25T08:47:58.699625] Contrast Security no credentials found. Will not write environment files. (STDOUT, STG)#
#2026 08 25 11:29:16.915#Z#DEBUG#1118e5ca-a078-11f1-87c7-eeee0a8e79e5.ResilienceCockpit-db-deployer#flowable-async-job-executor-thread-3066#
[PollExecuteTaskStatusExecution] 2d23200b-60aa-4519-b7f8-9f40de7a8ecc [2026-08-25T08:48:06.242404] Exit status 0 (STDOUT, STG)#
#2026 08 25 11:29:16.915#Z#DEBUG#1118e5ca-a078-11f1-87c7-eeee0a8e79e5.ResilienceCockpit-db-deployer#flowable-async-job-executor-thread-3066#
[PollExecuteTaskStatusExecution] 2d23200b-60aa-4519-b7f8-9f40de7a8ecc [2026-08-25T08:48:06.242449] Uploading droplet, build artifacts cache... (STDOUT, STG)#
#2026 08 25 11:29:16.915#Z#DEBUG#1118e5ca-a078-11f1-87c7-eeee0a8e79e5.ResilienceCockpit-db-deployer#flowable-async-job-executor-thread-3066#
[PollExecuteTaskStatusExecution] 2d23200b-60aa-4519-b7f8-9f40de7a8ecc [2026-08-25T08:48:06.242480] Uploading droplet... (STDOUT, STG)#
#2026 08 25 11:29:16.915#Z#DEBUG#1118e5ca-a078-11f1-87c7-eeee0a8e79e5.ResilienceCockpit-db-deployer#flowable-async-job-executor-thread-3066#
[PollExecuteTaskStatusExecution] 2d23200b-60aa-4519-b7f8-9f40de7a8ecc [2026-08-25T08:48:06.242543] Uploading build artifacts cache... (STDOUT, STG)#
#2026 08 25 11:29:16.915#Z#DEBUG#1118e5ca-a078-11f1-87c7-eeee0a8e79e5.ResilienceCockpit-db-deployer#flowable-async-job-executor-thread-3066#
[PollExecuteTaskStatusExecution] 2d23200b-60aa-4519-b7f8-9f40de7a8ecc [2026-08-25T08:48:06.261512] Uploaded build artifacts cache (222B) (STDOUT, STG)#
#2026 08 25 11:29:16.915#Z#DEBUG#1118e5ca-a078-11f1-87c7-eeee0a8e79e5.ResilienceCockpit-db-deployer#flowable-async-job-executor-thread-3066#
[PollExecuteTaskStatusExecution] 2d23200b-60aa-4519-b7f8-9f40de7a8ecc [2026-08-25T08:48:06.831230] Creating droplet for app with guid 2d23200b-60aa-4519-b7f8-9f40de7a8ecc (STDOUT, API)#
#2026 08 25 11:29:16.915#Z#DEBUG#1118e5ca-a078-11f1-87c7-eeee0a8e79e5.ResilienceCockpit-db-deployer#flowable-async-job-executor-thread-3066#
[PollExecuteTaskStatusExecution] 2d23200b-60aa-4519-b7f8-9f40de7a8ecc [2026-08-25T08:48:10.904338] Uploaded droplet (59.3M) (STDOUT, STG)#
#2026 08 25 11:29:16.915#Z#DEBUG#1118e5ca-a078-11f1-87c7-eeee0a8e79e5.ResilienceCockpit-db-deployer#flowable-async-job-executor-thread-3066#
[PollExecuteTaskStatusExecution] 2d23200b-60aa-4519-b7f8-9f40de7a8ecc [2026-08-25T08:48:10.919573] Uploading complete (STDOUT, STG)#
#2026 08 25 11:29:16.915#Z#DEBUG#1118e5ca-a078-11f1-87c7-eeee0a8e79e5.ResilienceCockpit-db-deployer#flowable-async-job-executor-thread-3066#
[PollExecuteTaskStatusExecution] 2d23200b-60aa-4519-b7f8-9f40de7a8ecc [2026-08-25T08:48:11.265767] Cell 2cba0a63-a06b-4c2d-9ff8-cb3bec259489 stopping instance a5f5b43d-9b95-439a-8e8d-ed06b9cccd71 (STDOUT, STG)#
#2026 08 25 11:29:16.915#Z#DEBUG#1118e5ca-a078-11f1-87c7-eeee0a8e79e5.ResilienceCockpit-db-deployer#flowable-async-job-executor-thread-3066#
[PollExecuteTaskStatusExecution] 2d23200b-60aa-4519-b7f8-9f40de7a8ecc [2026-08-25T08:48:11.265824] Cell 2cba0a63-a06b-4c2d-9ff8-cb3bec259489 destroying container for instance a5f5b43d-9b95-439a-8e8d-ed06b9cccd71 (STDOUT, STG)#
#2026 08 25 11:29:16.915#Z#DEBUG#1118e5ca-a078-11f1-87c7-eeee0a8e79e5.ResilienceCockpit-db-deployer#flowable-async-job-executor-thread-3066#
[PollExecuteTaskStatusExecution] 2d23200b-60aa-4519-b7f8-9f40de7a8ecc [2026-08-25T08:48:11.338133] Staging complete for build a5f5b43d-9b95-439a-8e8d-ed06b9cccd71 (STDOUT, API)#
#2026 08 25 11:29:16.915#Z#DEBUG#1118e5ca-a078-11f1-87c7-eeee0a8e79e5.ResilienceCockpit-db-deployer#flowable-async-job-executor-thread-3066#
[PollExecuteTaskStatusExecution] 2d23200b-60aa-4519-b7f8-9f40de7a8ecc [2026-08-25T08:48:16.297923] Cell 2cba0a63-a06b-4c2d-9ff8-cb3bec259489 successfully destroyed container for instance a5f5b43d-9b95-439a-8e8d-ed06b9cccd71 (STDOUT, STG)#
#2026 08 25 11:29:16.915#Z#DEBUG#1118e5ca-a078-11f1-87c7-eeee0a8e79e5.ResilienceCockpit-db-deployer#flowable-async-job-executor-thread-3066#
[PollExecuteTaskStatusExecution] 2d23200b-60aa-4519-b7f8-9f40de7a8ecc [2026-08-25T08:48:21.143248] Updated app with guid 2d23200b-60aa-4519-b7f8-9f40de7a8ecc ({:droplet_guid=>"fd4bf71e-9655-46fd-a9f0-f6a6cc1edc7a"}) (STDOUT, API)#
#2026 08 25 11:29:16.915#Z#DEBUG#1118e5ca-a078-11f1-87c7-eeee0a8e79e5.ResilienceCockpit-db-deployer#flowable-async-job-executor-thread-3066#
[PollExecuteTaskStatusExecution] 2d23200b-60aa-4519-b7f8-9f40de7a8ecc [2026-08-25T08:48:21.507367] Cell 2f709810-9b95-445d-9c2a-0d5af0af5ace creating container for instance 67601bc4-e420-4e0e-8b9f-73543b1ddaf0 (STDOUT, CELL)#
#2026 08 25 11:29:16.915#Z#DEBUG#1118e5ca-a078-11f1-87c7-eeee0a8e79e5.ResilienceCockpit-db-deployer#flowable-async-job-executor-thread-3066#
[PollExecuteTaskStatusExecution] 2d23200b-60aa-4519-b7f8-9f40de7a8ecc [2026-08-25T08:48:21.843535] Security group rules were updated (STDOUT, CELL)#
#2026 08 25 11:29:16.915#Z#DEBUG#1118e5ca-a078-11f1-87c7-eeee0a8e79e5.ResilienceCockpit-db-deployer#flowable-async-job-executor-thread-3066#
[PollExecuteTaskStatusExecution] 2d23200b-60aa-4519-b7f8-9f40de7a8ecc [2026-08-25T08:48:21.899261] Cell 2f709810-9b95-445d-9c2a-0d5af0af5ace successfully created container for instance 67601bc4-e420-4e0e-8b9f-73543b1ddaf0 (STDOUT, CELL)#
#2026 08 25 11:29:16.915#Z#DEBUG#1118e5ca-a078-11f1-87c7-eeee0a8e79e5.ResilienceCockpit-db-deployer#flowable-async-job-executor-thread-3066#
[PollExecuteTaskStatusExecution] 2d23200b-60aa-4519-b7f8-9f40de7a8ecc [2026-08-25T08:48:25.409428] Invoking pre-start scripts. (STDOUT, APP/TASK/deploy)#
#2026 08 25 11:29:16.915#Z#DEBUG#1118e5ca-a078-11f1-87c7-eeee0a8e79e5.ResilienceCockpit-db-deployer#flowable-async-job-executor-thread-3066#
[PollExecuteTaskStatusExecution] 2d23200b-60aa-4519-b7f8-9f40de7a8ecc [2026-08-25T08:48:25.551373] Invoking start command. (STDOUT, APP/TASK/deploy)#
#2026 08 25 11:29:16.915#Z#DEBUG#1118e5ca-a078-11f1-87c7-eeee0a8e79e5.ResilienceCockpit-db-deployer#flowable-async-job-executor-thread-3066#
[PollExecuteTaskStatusExecution] 2d23200b-60aa-4519-b7f8-9f40de7a8ecc [2026-08-25T08:48:25.844951] > start (STDOUT, APP/TASK/deploy)#
#2026 08 25 11:29:16.915#Z#DEBUG#1118e5ca-a078-11f1-87c7-eeee0a8e79e5.ResilienceCockpit-db-deployer#flowable-async-job-executor-thread-3066#
[PollExecuteTaskStatusExecution] 2d23200b-60aa-4519-b7f8-9f40de7a8ecc [2026-08-25T08:48:25.844979] > node node_modules/@sap/hdi-deploy/deploy.js --use-hdb --parameter com.sap.hana.di.table/try_fast_table_migration=true (STDOUT, APP/TASK/deploy)#
#2026 08 25 11:29:16.915#Z#DEBUG#1118e5ca-a078-11f1-87c7-eeee0a8e79e5.ResilienceCockpit-db-deployer#flowable-async-job-executor-thread-3066#
[PollExecuteTaskStatusExecution] 2d23200b-60aa-4519-b7f8-9f40de7a8ecc [2026-08-25T08:48:25.943720] VCAP_SERVICES: (STDOUT, APP/TASK/deploy)#
#2026 08 25 11:29:16.915#Z#DEBUG#1118e5ca-a078-11f1-87c7-eeee0a8e79e5.ResilienceCockpit-db-deployer#flowable-async-job-executor-thread-3066#
[PollExecuteTaskStatusExecution] 2d23200b-60aa-4519-b7f8-9f40de7a8ecc [2026-08-25T08:48:25.944152] { (STDOUT, APP/TASK/deploy)#
#2026 08 25 11:29:16.915#Z#DEBUG#1118e5ca-a078-11f1-87c7-eeee0a8e79e5.ResilienceCockpit-db-deployer#flowable-async-job-executor-thread-3066#
[PollExecuteTaskStatusExecution] 2d23200b-60aa-4519-b7f8-9f40de7a8ecc [2026-08-25T08:48:25.944170] "hana": [ (STDOUT, APP/TASK/deploy)#
#2026 08 25 11:29:16.915#Z#DEBUG#1118e5ca-a078-11f1-87c7-eeee0a8e79e5.ResilienceCockpit-db-deployer#flowable-async-job-executor-thread-3066#
[PollExecuteTaskStatusExecution] 2d23200b-60aa-4519-b7f8-9f40de7a8ecc [2026-08-25T08:48:25.944173] { (STDOUT, APP/TASK/deploy)#
#2026 08 25 11:29:16.915#Z#DEBUG#1118e5ca-a078-11f1-87c7-eeee0a8e79e5.ResilienceCockpit-db-deployer#flowable-async-job-executor-thread-3066#
[PollExecuteTaskStatusExecution] 2d23200b-60aa-4519-b7f8-9f40de7a8ecc [2026-08-25T08:48:25.944177] "name": "ResilienceCockpit-db", (STDOUT, APP/TASK/deploy)#
#2026 08 25 11:29:16.915#Z#DEBUG#1118e5ca-a078-11f1-87c7-eeee0a8e79e5.ResilienceCockpit-db-deployer#flowable-async-job-executor-thread-3066#
[PollExecuteTaskStatusExecution] 2d23200b-60aa-4519-b7f8-9f40de7a8ecc [2026-08-25T08:48:25.944179] "label": "hana", (STDOUT, APP/TASK/deploy)#
#2026 08 25 11:29:16.915#Z#DEBUG#1118e5ca-a078-11f1-87c7-eeee0a8e79e5.ResilienceCockpit-db-deployer#flowable-async-job-executor-thread-3066#
[PollExecuteTaskStatusExecution] 2d23200b-60aa-4519-b7f8-9f40de7a8ecc [2026-08-25T08:48:25.944184] "plan": "hdi-shared", (STDOUT, APP/TASK/deploy)#
#2026 08 25 11:29:16.915#Z#DEBUG#1118e5ca-a078-11f1-87c7-eeee0a8e79e5.ResilienceCockpit-db-deployer#flowable-async-job-executor-thread-3066#
[PollExecuteTaskStatusExecution] 2d23200b-60aa-4519-b7f8-9f40de7a8ecc [2026-08-25T08:48:25.944186] "credentials": { (STDOUT, APP/TASK/deploy)#
#2026 08 25 11:29:16.915#Z#DEBUG#1118e5ca-a078-11f1-87c7-eeee0a8e79e5.ResilienceCockpit-db-deployer#flowable-async-job-executor-thread-3066#
[PollExecuteTaskStatusExecution] 2d23200b-60aa-4519-b7f8-9f40de7a8ecc [2026-08-25T08:48:25.944190] "schema": "8697B1A4A8B84AC49EFF171810969752", (STDOUT, APP/TASK/deploy)#
#2026 08 25 11:29:16.915#Z#DEBUG#1118e5ca-a078-11f1-87c7-eeee0a8e79e5.ResilienceCockpit-db-deployer#flowable-async-job-executor-thread-3066#
[PollExecuteTaskStatusExecution] 2d23200b-60aa-4519-b7f8-9f40de7a8ecc [2026-08-25T08:48:25.944192] "database_id": "eb9e608b-a8d8-462e-98e7-906abde25244", (STDOUT, APP/TASK/deploy)#
#2026 08 25 11:29:16.915#Z#DEBUG#1118e5ca-a078-11f1-87c7-eeee0a8e79e5.ResilienceCockpit-db-deployer#flowable-async-job-executor-thread-3066#
[PollExecuteTaskStatusExecution] 2d23200b-60aa-4519-b7f8-9f40de7a8ecc [2026-08-25T08:48:25.944198] "user": "8697B1A4A8B84AC49EFF171810969752_94GU5GV2BBQ6JWQX102ZOJ91W_RT", (STDOUT, APP/TASK/deploy)#
#2026 08 25 11:29:16.915#Z#DEBUG#1118e5ca-a078-11f1-87c7-eeee0a8e79e5.ResilienceCockpit-db-deployer#flowable-async-job-executor-thread-3066#
[PollExecuteTaskStatusExecution] 2d23200b-60aa-4519-b7f8-9f40de7a8ecc [2026-08-25T08:48:25.944202] "hdi_user": "8697B1A4A8B84AC49EFF171810969752_94GU5GV2BBQ6JWQX102ZOJ91W_DT" (STDOUT, APP/TASK/deploy)#
#2026 08 25 11:29:16.915#Z#DEBUG#1118e5ca-a078-11f1-87c7-eeee0a8e79e5.ResilienceCockpit-db-deployer#flowable-async-job-executor-thread-3066#
[PollExecuteTaskStatusExecution] 2d23200b-60aa-4519-b7f8-9f40de7a8ecc [2026-08-25T08:48:25.944205] }, (STDOUT, APP/TASK/deploy)#
#2026 08 25 11:29:16.915#Z#DEBUG#1118e5ca-a078-11f1-87c7-eeee0a8e79e5.ResilienceCockpit-db-deployer#flowable-async-job-executor-thread-3066#
[PollExecuteTaskStatusExecution] 2d23200b-60aa-4519-b7f8-9f40de7a8ecc [2026-08-25T08:48:25.944208] "tags": [ (STDOUT, APP/TASK/deploy)#
#2026 08 25 11:29:16.915#Z#DEBUG#1118e5ca-a078-11f1-87c7-eeee0a8e79e5.ResilienceCockpit-db-deployer#flowable-async-job-executor-thread-3066#
[PollExecuteTaskStatusExecution] 2d23200b-60aa-4519-b7f8-9f40de7a8ecc [2026-08-25T08:48:25.944211] "hana", (STDOUT, APP/TASK/deploy)#
#2026 08 25 11:29:16.915#Z#DEBUG#1118e5ca-a078-11f1-87c7-eeee0a8e79e5.ResilienceCockpit-db-deployer#flowable-async-job-executor-thread-3066#
[PollExecuteTaskStatusExecution] 2d23200b-60aa-4519-b7f8-9f40de7a8ecc [2026-08-25T08:48:25.944214] "database", (STDOUT, APP/TASK/deploy)#
#2026 08 25 11:29:16.915#Z#DEBUG#1118e5ca-a078-11f1-87c7-eeee0a8e79e5.ResilienceCockpit-db-deployer#flowable-async-job-executor-thread-3066#
[PollExecuteTaskStatusExecution] 2d23200b-60aa-4519-b7f8-9f40de7a8ecc [2026-08-25T08:48:25.944217] "relational" (STDOUT, APP/TASK/deploy)#
#2026 08 25 11:29:16.915#Z#DEBUG#1118e5ca-a078-11f1-87c7-eeee0a8e79e5.ResilienceCockpit-db-deployer#flowable-async-job-executor-thread-3066#
[PollExecuteTaskStatusExecution] 2d23200b-60aa-4519-b7f8-9f40de7a8ecc [2026-08-25T08:48:25.944220] ] (STDOUT, APP/TASK/deploy)#
#2026 08 25 11:29:16.915#Z#DEBUG#1118e5ca-a078-11f1-87c7-eeee0a8e79e5.ResilienceCockpit-db-deployer#flowable-async-job-executor-thread-3066#
[PollExecuteTaskStatusExecution] 2d23200b-60aa-4519-b7f8-9f40de7a8ecc [2026-08-25T08:48:25.944223] } (STDOUT, APP/TASK/deploy)#
#2026 08 25 11:29:16.915#Z#DEBUG#1118e5ca-a078-11f1-87c7-eeee0a8e79e5.ResilienceCockpit-db-deployer#flowable-async-job-executor-thread-3066#
[PollExecuteTaskStatusExecution] 2d23200b-60aa-4519-b7f8-9f40de7a8ecc [2026-08-25T08:48:25.944228] ] (STDOUT, APP/TASK/deploy)#
#2026 08 25 11:29:16.915#Z#DEBUG#1118e5ca-a078-11f1-87c7-eeee0a8e79e5.ResilienceCockpit-db-deployer#flowable-async-job-executor-thread-3066#
[PollExecuteTaskStatusExecution] 2d23200b-60aa-4519-b7f8-9f40de7a8ecc [2026-08-25T08:48:25.944230] } (STDOUT, APP/TASK/deploy)#
#2026 08 25 11:29:16.915#Z#DEBUG#1118e5ca-a078-11f1-87c7-eeee0a8e79e5.ResilienceCockpit-db-deployer#flowable-async-job-executor-thread-3066#
[PollExecuteTaskStatusExecution] 2d23200b-60aa-4519-b7f8-9f40de7a8ecc [2026-08-25T08:48:26.389222] @sap/hdi-deploy, version 5.7.0 (mode default), server version 4.00.000.00.1785832557 (4.0.0.0), cloud version 2026.14.14, node version 24.18.0, HDI version 1016, container API version 1007 (STDOUT, APP/TASK/deploy)#
#2026 08 25 11:29:16.915#Z#DEBUG#1118e5ca-a078-11f1-87c7-eeee0a8e79e5.ResilienceCockpit-db-deployer#flowable-async-job-executor-thread-3066#
[PollExecuteTaskStatusExecution] 2d23200b-60aa-4519-b7f8-9f40de7a8ecc [2026-08-25T08:48:26.389259] Deployment started at 2026-08-25 08:48:26 (STDOUT, APP/TASK/deploy)#
#2026 08 25 11:29:16.915#Z#DEBUG#1118e5ca-a078-11f1-87c7-eeee0a8e79e5.ResilienceCockpit-db-deployer#flowable-async-job-executor-thread-3066#
[PollExecuteTaskStatusExecution] 2d23200b-60aa-4519-b7f8-9f40de7a8ecc [2026-08-25T08:48:26.389383] Using hdb@2.29.6 for connection (STDOUT, APP/TASK/deploy)#
#2026 08 25 11:29:16.915#Z#DEBUG#1118e5ca-a078-11f1-87c7-eeee0a8e79e5.ResilienceCockpit-db-deployer#flowable-async-job-executor-thread-3066#
[PollExecuteTaskStatusExecution] 2d23200b-60aa-4519-b7f8-9f40de7a8ecc [2026-08-25T08:48:26.402398] No ignore file at /home/vcap/app/.hdiignore. (STDOUT, APP/TASK/deploy)#
#2026 08 25 11:29:16.915#Z#DEBUG#1118e5ca-a078-11f1-87c7-eeee0a8e79e5.ResilienceCockpit-db-deployer#flowable-async-job-executor-thread-3066#
[PollExecuteTaskStatusExecution] 2d23200b-60aa-4519-b7f8-9f40de7a8ecc [2026-08-25T08:48:26.402601] Collecting files... (STDOUT, APP/TASK/deploy)#
#2026 08 25 11:29:16.915#Z#DEBUG#1118e5ca-a078-11f1-87c7-eeee0a8e79e5.ResilienceCockpit-db-deployer#flowable-async-job-executor-thread-3066#
[PollExecuteTaskStatusExecution] 2d23200b-60aa-4519-b7f8-9f40de7a8ecc [2026-08-25T08:48:26.406842] Collecting files... ok (0s 4ms) (STDOUT, APP/TASK/deploy)#
#2026 08 25 11:29:16.915#Z#DEBUG#1118e5ca-a078-11f1-87c7-eeee0a8e79e5.ResilienceCockpit-db-deployer#flowable-async-job-executor-thread-3066#
[PollExecuteTaskStatusExecution] 2d23200b-60aa-4519-b7f8-9f40de7a8ecc [2026-08-25T08:48:26.406866] 3 directories collected (STDOUT, APP/TASK/deploy)#
#2026 08 25 11:29:16.915#Z#DEBUG#1118e5ca-a078-11f1-87c7-eeee0a8e79e5.ResilienceCockpit-db-deployer#flowable-async-job-executor-thread-3066#
[PollExecuteTaskStatusExecution] 2d23200b-60aa-4519-b7f8-9f40de7a8ecc [2026-08-25T08:48:26.406869] 100 files collected (STDOUT, APP/TASK/deploy)#
#2026 08 25 11:29:16.915#Z#DEBUG#1118e5ca-a078-11f1-87c7-eeee0a8e79e5.ResilienceCockpit-db-deployer#flowable-async-job-executor-thread-3066#
[PollExecuteTaskStatusExecution] 2d23200b-60aa-4519-b7f8-9f40de7a8ecc [2026-08-25T08:48:26.406872] 0 reusable modules collected (STDOUT, APP/TASK/deploy)#
#2026 08 25 11:29:16.915#Z#DEBUG#1118e5ca-a078-11f1-87c7-eeee0a8e79e5.ResilienceCockpit-db-deployer#flowable-async-job-executor-thread-3066#
[PollExecuteTaskStatusExecution] 2d23200b-60aa-4519-b7f8-9f40de7a8ecc [2026-08-25T08:48:26.406932] Target service: ResilienceCockpit-db (STDOUT, APP/TASK/deploy)#
#2026 08 25 11:29:16.915#Z#DEBUG#1118e5ca-a078-11f1-87c7-eeee0a8e79e5.ResilienceCockpit-db-deployer#flowable-async-job-executor-thread-3066#
[PollExecuteTaskStatusExecution] 2d23200b-60aa-4519-b7f8-9f40de7a8ecc [2026-08-25T08:48:26.678011] Previous build with request ID 50 finished at 2026-08-25T08:31:31.38 with status Committed and message: Make succeeded (0 warnings): 100 files deployed (effective 140), 0 files undeployed (effective 0), 0 dependent files redeployed. (STDOUT, APP/TASK/deploy)#
#2026 08 25 11:29:16.915#Z#DEBUG#1118e5ca-a078-11f1-87c7-eeee0a8e79e5.ResilienceCockpit-db-deployer#flowable-async-job-executor-thread-3066#
[PollExecuteTaskStatusExecution] 2d23200b-60aa-4519-b7f8-9f40de7a8ecc [2026-08-25T08:48:26.678035] Processing revoke files... (STDOUT, APP/TASK/deploy)#
#2026 08 25 11:29:16.915#Z#DEBUG#1118e5ca-a078-11f1-87c7-eeee0a8e79e5.ResilienceCockpit-db-deployer#flowable-async-job-executor-thread-3066#
[PollExecuteTaskStatusExecution] 2d23200b-60aa-4519-b7f8-9f40de7a8ecc [2026-08-25T08:48:26.678054] Processing revoke files... ok (0s 0ms) (STDOUT, APP/TASK/deploy)#
#2026 08 25 11:29:16.915#Z#DEBUG#1118e5ca-a078-11f1-87c7-eeee0a8e79e5.ResilienceCockpit-db-deployer#flowable-async-job-executor-thread-3066#
[PollExecuteTaskStatusExecution] 2d23200b-60aa-4519-b7f8-9f40de7a8ecc [2026-08-25T08:48:26.678197] Processing grants files... (STDOUT, APP/TASK/deploy)#
#2026 08 25 11:29:16.915#Z#DEBUG#1118e5ca-a078-11f1-87c7-eeee0a8e79e5.ResilienceCockpit-db-deployer#flowable-async-job-executor-thread-3066#
[PollExecuteTaskStatusExecution] 2d23200b-60aa-4519-b7f8-9f40de7a8ecc [2026-08-25T08:48:26.678229] Processing grants files... ok (0s 0ms) (STDOUT, APP/TASK/deploy)#
#2026 08 25 11:29:16.915#Z#DEBUG#1118e5ca-a078-11f1-87c7-eeee0a8e79e5.ResilienceCockpit-db-deployer#flowable-async-job-executor-thread-3066#
[PollExecuteTaskStatusExecution] 2d23200b-60aa-4519-b7f8-9f40de7a8ecc [2026-08-25T08:48:26.680017] Preprocessing files... (STDOUT, APP/TASK/deploy)#
#2026 08 25 11:29:16.915#Z#DEBUG#1118e5ca-a078-11f1-87c7-eeee0a8e79e5.ResilienceCockpit-db-deployer#flowable-async-job-executor-thread-3066#
[PollExecuteTaskStatusExecution] 2d23200b-60aa-4519-b7f8-9f40de7a8ecc [2026-08-25T08:48:26.680179] Preprocessing files... ok (0s 0ms) (STDOUT, APP/TASK/deploy)#
#2026 08 25 11:29:16.915#Z#DEBUG#1118e5ca-a078-11f1-87c7-eeee0a8e79e5.ResilienceCockpit-db-deployer#flowable-async-job-executor-thread-3066#
[PollExecuteTaskStatusExecution] 2d23200b-60aa-4519-b7f8-9f40de7a8ecc [2026-08-25T08:48:26.680244] Connecting to the container "8697B1A4A8B84AC49EFF171810969752"... (STDOUT, APP/TASK/deploy)#
#2026 08 25 11:29:16.915#Z#DEBUG#1118e5ca-a078-11f1-87c7-eeee0a8e79e5.ResilienceCockpit-db-deployer#flowable-async-job-executor-thread-3066#
[PollExecuteTaskStatusExecution] 2d23200b-60aa-4519-b7f8-9f40de7a8ecc [2026-08-25T08:48:26.753379] Connecting to the container "8697B1A4A8B84AC49EFF171810969752"... ok (0s 73ms) (STDOUT, APP/TASK/deploy)#
#2026 08 25 11:29:16.915#Z#DEBUG#1118e5ca-a078-11f1-87c7-eeee0a8e79e5.ResilienceCockpit-db-deployer#flowable-async-job-executor-thread-3066#
[PollExecuteTaskStatusExecution] 2d23200b-60aa-4519-b7f8-9f40de7a8ecc [2026-08-25T08:48:26.753405] Locking the container "8697B1A4A8B84AC49EFF171810969752"... (STDOUT, APP/TASK/deploy)#
#2026 08 25 11:29:16.915#Z#DEBUG#1118e5ca-a078-11f1-87c7-eeee0a8e79e5.ResilienceCockpit-db-deployer#flowable-async-job-executor-thread-3066#
[PollExecuteTaskStatusExecution] 2d23200b-60aa-4519-b7f8-9f40de7a8ecc [2026-08-25T08:48:27.010130] Locking the container "8697B1A4A8B84AC49EFF171810969752"... ok (0s 257ms) (STDOUT, APP/TASK/deploy)#
#2026 08 25 11:29:16.915#Z#DEBUG#1118e5ca-a078-11f1-87c7-eeee0a8e79e5.ResilienceCockpit-db-deployer#flowable-async-job-executor-thread-3066#
[PollExecuteTaskStatusExecution] 2d23200b-60aa-4519-b7f8-9f40de7a8ecc [2026-08-25T08:48:27.010146] Synchronizing files with the container "8697B1A4A8B84AC49EFF171810969752"... (STDOUT, APP/TASK/deploy)#
#2026 08 25 11:29:16.915#Z#DEBUG#1118e5ca-a078-11f1-87c7-eeee0a8e79e5.ResilienceCockpit-db-deployer#flowable-async-job-executor-thread-3066#
[PollExecuteTaskStatusExecution] 2d23200b-60aa-4519-b7f8-9f40de7a8ecc [2026-08-25T08:48:27.638094] Deleting files... (STDOUT, APP/TASK/deploy)#
#2026 08 25 11:29:16.915#Z#DEBUG#1118e5ca-a078-11f1-87c7-eeee0a8e79e5.ResilienceCockpit-db-deployer#flowable-async-job-executor-thread-3066#
[PollExecuteTaskStatusExecution] 2d23200b-60aa-4519-b7f8-9f40de7a8ecc [2026-08-25T08:48:27.865459] Deleting files... ok (STDOUT, APP/TASK/deploy)#
#2026 08 25 11:29:16.915#Z#DEBUG#1118e5ca-a078-11f1-87c7-eeee0a8e79e5.ResilienceCockpit-db-deployer#flowable-async-job-executor-thread-3066#
[PollExecuteTaskStatusExecution] 2d23200b-60aa-4519-b7f8-9f40de7a8ecc [2026-08-25T08:48:27.865477] Writing files... (STDOUT, APP/TASK/deploy)#
#2026 08 25 11:29:16.915#Z#DEBUG#1118e5ca-a078-11f1-87c7-eeee0a8e79e5.ResilienceCockpit-db-deployer#flowable-async-job-executor-thread-3066#
[PollExecuteTaskStatusExecution] 2d23200b-60aa-4519-b7f8-9f40de7a8ecc [2026-08-25T08:48:27.865628] Writing 3 items (STDOUT, APP/TASK/deploy)#
#2026 08 25 11:29:16.915#Z#DEBUG#1118e5ca-a078-11f1-87c7-eeee0a8e79e5.ResilienceCockpit-db-deployer#flowable-async-job-executor-thread-3066#
[PollExecuteTaskStatusExecution] 2d23200b-60aa-4519-b7f8-9f40de7a8ecc [2026-08-25T08:48:28.116442] Writing files... ok (STDOUT, APP/TASK/deploy)#
#2026 08 25 11:29:16.915#Z#DEBUG#1118e5ca-a078-11f1-87c7-eeee0a8e79e5.ResilienceCockpit-db-deployer#flowable-async-job-executor-thread-3066#
[PollExecuteTaskStatusExecution] 2d23200b-60aa-4519-b7f8-9f40de7a8ecc [2026-08-25T08:48:28.116457] Synchronizing files with the container "8697B1A4A8B84AC49EFF171810969752"... ok (1s 106ms) (STDOUT, APP/TASK/deploy)#
#2026 08 25 11:29:16.915#Z#DEBUG#1118e5ca-a078-11f1-87c7-eeee0a8e79e5.ResilienceCockpit-db-deployer#flowable-async-job-executor-thread-3066#
[PollExecuteTaskStatusExecution] 2d23200b-60aa-4519-b7f8-9f40de7a8ecc [2026-08-25T08:48:28.116689] added files: [] (STDOUT, APP/TASK/deploy)#
#2026 08 25 11:29:16.915#Z#DEBUG#1118e5ca-a078-11f1-87c7-eeee0a8e79e5.ResilienceCockpit-db-deployer#flowable-async-job-executor-thread-3066#
[PollExecuteTaskStatusExecution] 2d23200b-60aa-4519-b7f8-9f40de7a8ecc [2026-08-25T08:48:28.116700] modified files: [] (STDOUT, APP/TASK/deploy)#
#2026 08 25 11:29:16.915#Z#DEBUG#1118e5ca-a078-11f1-87c7-eeee0a8e79e5.ResilienceCockpit-db-deployer#flowable-async-job-executor-thread-3066#
[PollExecuteTaskStatusExecution] 2d23200b-60aa-4519-b7f8-9f40de7a8ecc [2026-08-25T08:48:28.116706] deleted files: [] (STDOUT, APP/TASK/deploy)#
#2026 08 25 11:29:16.915#Z#DEBUG#1118e5ca-a078-11f1-87c7-eeee0a8e79e5.ResilienceCockpit-db-deployer#flowable-async-job-executor-thread-3066#
[PollExecuteTaskStatusExecution] 2d23200b-60aa-4519-b7f8-9f40de7a8ecc [2026-08-25T08:48:28.116785] 0 modified or added files are scheduled for deploy based on delta detection (STDOUT, APP/TASK/deploy)#
#2026 08 25 11:29:16.915#Z#DEBUG#1118e5ca-a078-11f1-87c7-eeee0a8e79e5.ResilienceCockpit-db-deployer#flowable-async-job-executor-thread-3066#
[PollExecuteTaskStatusExecution] 2d23200b-60aa-4519-b7f8-9f40de7a8ecc [2026-08-25T08:48:28.116957] 0 deleted files are scheduled for undeploy based on delta detection (filtered by undeploy allowlist) (STDOUT, APP/TASK/deploy)#
#2026 08 25 11:29:16.915#Z#DEBUG#1118e5ca-a078-11f1-87c7-eeee0a8e79e5.ResilienceCockpit-db-deployer#flowable-async-job-executor-thread-3066#
[PollExecuteTaskStatusExecution] 2d23200b-60aa-4519-b7f8-9f40de7a8ecc [2026-08-25T08:48:28.117024] 0 files are scheduled for deploy based on explicit specification (STDOUT, APP/TASK/deploy)#
#2026 08 25 11:29:16.915#Z#DEBUG#1118e5ca-a078-11f1-87c7-eeee0a8e79e5.ResilienceCockpit-db-deployer#flowable-async-job-executor-thread-3066#
[PollExecuteTaskStatusExecution] 2d23200b-60aa-4519-b7f8-9f40de7a8ecc [2026-08-25T08:48:28.117033] 0 files are scheduled for undeploy based on explicit specification (STDOUT, APP/TASK/deploy)#
#2026 08 25 11:29:16.915#Z#DEBUG#1118e5ca-a078-11f1-87c7-eeee0a8e79e5.ResilienceCockpit-db-deployer#flowable-async-job-executor-thread-3066#
[PollExecuteTaskStatusExecution] 2d23200b-60aa-4519-b7f8-9f40de7a8ecc [2026-08-25T08:48:28.117047] Deploying to the container "8697B1A4A8B84AC49EFF171810969752"... (STDOUT, APP/TASK/deploy)#
#2026 08 25 11:29:16.915#Z#DEBUG#1118e5ca-a078-11f1-87c7-eeee0a8e79e5.ResilienceCockpit-db-deployer#flowable-async-job-executor-thread-3066#
[PollExecuteTaskStatusExecution] 2d23200b-60aa-4519-b7f8-9f40de7a8ecc [2026-08-25T08:48:28.607462] Starting make in the container "8697B1A4A8B84AC49EFF171810969752" with 0 files to deploy, 0 files to undeploy... (STDOUT, APP/TASK/deploy)#
#2026 08 25 11:29:16.915#Z#DEBUG#1118e5ca-a078-11f1-87c7-eeee0a8e79e5.ResilienceCockpit-db-deployer#flowable-async-job-executor-thread-3066#
[PollExecuteTaskStatusExecution] 2d23200b-60aa-4519-b7f8-9f40de7a8ecc [2026-08-25T08:48:28.607476] Disabling table replication for the container schema "8697B1A4A8B84AC49EFF171810969752"... (STDOUT, APP/TASK/deploy)#
#2026 08 25 11:29:16.915#Z#DEBUG#1118e5ca-a078-11f1-87c7-eeee0a8e79e5.ResilienceCockpit-db-deployer#flowable-async-job-executor-thread-3066#
[PollExecuteTaskStatusExecution] 2d23200b-60aa-4519-b7f8-9f40de7a8ecc [2026-08-25T08:48:28.607479] Disabling table replication for the container schema "8697B1A4A8B84AC49EFF171810969752"... ok (0s 26ms) (STDOUT, APP/TASK/deploy)#
#2026 08 25 11:29:16.915#Z#DEBUG#1118e5ca-a078-11f1-87c7-eeee0a8e79e5.ResilienceCockpit-db-deployer#flowable-async-job-executor-thread-3066#
[PollExecuteTaskStatusExecution] 2d23200b-60aa-4519-b7f8-9f40de7a8ecc [2026-08-25T08:48:28.607482] Migrating libraries... (STDOUT, APP/TASK/deploy)#
#2026 08 25 11:29:16.915#Z#DEBUG#1118e5ca-a078-11f1-87c7-eeee0a8e79e5.ResilienceCockpit-db-deployer#flowable-async-job-executor-thread-3066#
[PollExecuteTaskStatusExecution] 2d23200b-60aa-4519-b7f8-9f40de7a8ecc [2026-08-25T08:48:28.607492] Migrating libraries... ok (0s 29ms) (STDOUT, APP/TASK/deploy)#
#2026 08 25 11:29:16.915#Z#DEBUG#1118e5ca-a078-11f1-87c7-eeee0a8e79e5.ResilienceCockpit-db-deployer#flowable-async-job-executor-thread-3066#
[PollExecuteTaskStatusExecution] 2d23200b-60aa-4519-b7f8-9f40de7a8ecc [2026-08-25T08:48:28.607494] Making... (STDOUT, APP/TASK/deploy)#
#2026 08 25 11:29:16.915#Z#DEBUG#1118e5ca-a078-11f1-87c7-eeee0a8e79e5.ResilienceCockpit-db-deployer#flowable-async-job-executor-thread-3066#
[PollExecuteTaskStatusExecution] 2d23200b-60aa-4519-b7f8-9f40de7a8ecc [2026-08-25T08:48:28.607496] Preparing... (STDOUT, APP/TASK/deploy)#
#2026 08 25 11:29:16.915#Z#DEBUG#1118e5ca-a078-11f1-87c7-eeee0a8e79e5.ResilienceCockpit-db-deployer#flowable-async-job-executor-thread-3066#
[PollExecuteTaskStatusExecution] 2d23200b-60aa-4519-b7f8-9f40de7a8ecc [2026-08-25T08:48:28.607498] Preparing... ok (0s 0ms) (STDOUT, APP/TASK/deploy)#
#2026 08 25 11:29:16.915#Z#DEBUG#1118e5ca-a078-11f1-87c7-eeee0a8e79e5.ResilienceCockpit-db-deployer#flowable-async-job-executor-thread-3066#
[PollExecuteTaskStatusExecution] 2d23200b-60aa-4519-b7f8-9f40de7a8ecc [2026-08-25T08:48:28.607568] Preparing the make transaction... (STDOUT, APP/TASK/deploy)#
#2026 08 25 11:29:16.915#Z#DEBUG#1118e5ca-a078-11f1-87c7-eeee0a8e79e5.ResilienceCockpit-db-deployer#flowable-async-job-executor-thread-3066#
[PollExecuteTaskStatusExecution] 2d23200b-60aa-4519-b7f8-9f40de7a8ecc [2026-08-25T08:48:28.607636] Preparing the make transaction... ok (0s 27ms) (STDOUT, APP/TASK/deploy)#
#2026 08 25 11:29:16.915#Z#DEBUG#1118e5ca-a078-11f1-87c7-eeee0a8e79e5.ResilienceCockpit-db-deployer#flowable-async-job-executor-thread-3066#
[PollExecuteTaskStatusExecution] 2d23200b-60aa-4519-b7f8-9f40de7a8ecc [2026-08-25T08:48:28.607653] Calculating dependencies... (STDOUT, APP/TASK/deploy)#
#2026 08 25 11:29:16.915#Z#DEBUG#1118e5ca-a078-11f1-87c7-eeee0a8e79e5.ResilienceCockpit-db-deployer#flowable-async-job-executor-thread-3066#
[PollExecuteTaskStatusExecution] 2d23200b-60aa-4519-b7f8-9f40de7a8ecc [2026-08-25T08:48:28.607656] Expanding... (STDOUT, APP/TASK/deploy)#
#2026 08 25 11:29:16.915#Z#DEBUG#1118e5ca-a078-11f1-87c7-eeee0a8e79e5.ResilienceCockpit-db-deployer#flowable-async-job-executor-thread-3066#
[PollExecuteTaskStatusExecution] 2d23200b-60aa-4519-b7f8-9f40de7a8ecc [2026-08-25T08:48:28.607659] Expanding... ok (0s 13ms) (STDOUT, APP/TASK/deploy)#
#2026 08 25 11:29:16.915#Z#DEBUG#1118e5ca-a078-11f1-87c7-eeee0a8e79e5.ResilienceCockpit-db-deployer#flowable-async-job-executor-thread-3066#
[PollExecuteTaskStatusExecution] 2d23200b-60aa-4519-b7f8-9f40de7a8ecc [2026-08-25T08:48:28.607682] Precompiling... (STDOUT, APP/TASK/deploy)#
#2026 08 25 11:29:16.915#Z#DEBUG#1118e5ca-a078-11f1-87c7-eeee0a8e79e5.ResilienceCockpit-db-deployer#flowable-async-job-executor-thread-3066#
[PollExecuteTaskStatusExecution] 2d23200b-60aa-4519-b7f8-9f40de7a8ecc [2026-08-25T08:48:28.607685] Precompiling... ok (0s 0ms) (STDOUT, APP/TASK/deploy)#
#2026 08 25 11:29:16.915#Z#DEBUG#1118e5ca-a078-11f1-87c7-eeee0a8e79e5.ResilienceCockpit-db-deployer#flowable-async-job-executor-thread-3066#
[PollExecuteTaskStatusExecution] 2d23200b-60aa-4519-b7f8-9f40de7a8ecc [2026-08-25T08:48:28.607688] Merging... (STDOUT, APP/TASK/deploy)#
#2026 08 25 11:29:16.915#Z#DEBUG#1118e5ca-a078-11f1-87c7-eeee0a8e79e5.ResilienceCockpit-db-deployer#flowable-async-job-executor-thread-3066#
[PollExecuteTaskStatusExecution] 2d23200b-60aa-4519-b7f8-9f40de7a8ecc [2026-08-25T08:48:28.607704] Merging... ok (0s 0ms) (STDOUT, APP/TASK/deploy)#
#2026 08 25 11:29:16.915#Z#DEBUG#1118e5ca-a078-11f1-87c7-eeee0a8e79e5.ResilienceCockpit-db-deployer#flowable-async-job-executor-thread-3066#
[PollExecuteTaskStatusExecution] 2d23200b-60aa-4519-b7f8-9f40de7a8ecc [2026-08-25T08:48:28.607708] Calculating dependencies... ok (0s 13ms) (STDOUT, APP/TASK/deploy)#
#2026 08 25 11:29:16.915#Z#DEBUG#1118e5ca-a078-11f1-87c7-eeee0a8e79e5.ResilienceCockpit-db-deployer#flowable-async-job-executor-thread-3066#
[PollExecuteTaskStatusExecution] 2d23200b-60aa-4519-b7f8-9f40de7a8ecc [2026-08-25T08:48:28.607711] No make necessary (STDOUT, APP/TASK/deploy)#
#2026 08 25 11:29:16.915#Z#DEBUG#1118e5ca-a078-11f1-87c7-eeee0a8e79e5.ResilienceCockpit-db-deployer#flowable-async-job-executor-thread-3066#
[PollExecuteTaskStatusExecution] 2d23200b-60aa-4519-b7f8-9f40de7a8ecc [2026-08-25T08:48:28.607714] Making... ok (0s 114ms) (STDOUT, APP/TASK/deploy)#
#2026 08 25 11:29:16.915#Z#DEBUG#1118e5ca-a078-11f1-87c7-eeee0a8e79e5.ResilienceCockpit-db-deployer#flowable-async-job-executor-thread-3066#
[PollExecuteTaskStatusExecution] 2d23200b-60aa-4519-b7f8-9f40de7a8ecc [2026-08-25T08:48:28.607718] Enabling table replication for the container schema "8697B1A4A8B84AC49EFF171810969752"... (STDOUT, APP/TASK/deploy)#
#2026 08 25 11:29:16.915#Z#DEBUG#1118e5ca-a078-11f1-87c7-eeee0a8e79e5.ResilienceCockpit-db-deployer#flowable-async-job-executor-thread-3066#
[PollExecuteTaskStatusExecution] 2d23200b-60aa-4519-b7f8-9f40de7a8ecc [2026-08-25T08:48:28.607734] Enabling table replication for the container schema "8697B1A4A8B84AC49EFF171810969752"... ok (0s 21ms) (STDOUT, APP/TASK/deploy)#
#2026 08 25 11:29:16.915#Z#DEBUG#1118e5ca-a078-11f1-87c7-eeee0a8e79e5.ResilienceCockpit-db-deployer#flowable-async-job-executor-thread-3066#
[PollExecuteTaskStatusExecution] 2d23200b-60aa-4519-b7f8-9f40de7a8ecc [2026-08-25T08:48:28.607739] Starting make in the container "8697B1A4A8B84AC49EFF171810969752" with 0 files to deploy, 0 files to undeploy... ok (0s 200ms) (STDOUT, APP/TASK/deploy)#
#2026 08 25 11:29:16.915#Z#DEBUG#1118e5ca-a078-11f1-87c7-eeee0a8e79e5.ResilienceCockpit-db-deployer#flowable-async-job-executor-thread-3066#
[PollExecuteTaskStatusExecution] 2d23200b-60aa-4519-b7f8-9f40de7a8ecc [2026-08-25T08:48:28.608012] Deploying to the container "8697B1A4A8B84AC49EFF171810969752"... ok (0s 491ms) (STDOUT, APP/TASK/deploy)#
#2026 08 25 11:29:16.915#Z#DEBUG#1118e5ca-a078-11f1-87c7-eeee0a8e79e5.ResilienceCockpit-db-deployer#flowable-async-job-executor-thread-3066#
[PollExecuteTaskStatusExecution] 2d23200b-60aa-4519-b7f8-9f40de7a8ecc [2026-08-25T08:48:28.608190] No default-access-role handling needed; global role "8697B1A4A8B84AC49EFF171810969752::access_role" will not be adapted (STDOUT, APP/TASK/deploy)#
#2026 08 25 11:29:16.915#Z#DEBUG#1118e5ca-a078-11f1-87c7-eeee0a8e79e5.ResilienceCockpit-db-deployer#flowable-async-job-executor-thread-3066#
[PollExecuteTaskStatusExecution] 2d23200b-60aa-4519-b7f8-9f40de7a8ecc [2026-08-25T08:48:28.608276] Unlocking the container "8697B1A4A8B84AC49EFF171810969752"... (STDOUT, APP/TASK/deploy)#
#2026 08 25 11:29:16.915#Z#DEBUG#1118e5ca-a078-11f1-87c7-eeee0a8e79e5.ResilienceCockpit-db-deployer#flowable-async-job-executor-thread-3066#
[PollExecuteTaskStatusExecution] 2d23200b-60aa-4519-b7f8-9f40de7a8ecc [2026-08-25T08:48:28.608497] Unlocking the container "8697B1A4A8B84AC49EFF171810969752"... ok (0s 0ms) (STDOUT, APP/TASK/deploy)#
#2026 08 25 11:29:16.915#Z#DEBUG#1118e5ca-a078-11f1-87c7-eeee0a8e79e5.ResilienceCockpit-db-deployer#flowable-async-job-executor-thread-3066#
[PollExecuteTaskStatusExecution] 2d23200b-60aa-4519-b7f8-9f40de7a8ecc [2026-08-25T08:48:28.608605] Deployment to container 8697B1A4A8B84AC49EFF171810969752 done [Deployment ID: none]. (STDOUT, APP/TASK/deploy)#
#2026 08 25 11:29:16.915#Z#DEBUG#1118e5ca-a078-11f1-87c7-eeee0a8e79e5.ResilienceCockpit-db-deployer#flowable-async-job-executor-thread-3066#
[PollExecuteTaskStatusExecution] 2d23200b-60aa-4519-b7f8-9f40de7a8ecc [2026-08-25T08:48:28.608901] Deployment ended at 2026-08-25 08:48:28 (STDOUT, APP/TASK/deploy)#
#2026 08 25 11:29:16.915#Z#DEBUG#1118e5ca-a078-11f1-87c7-eeee0a8e79e5.ResilienceCockpit-db-deployer#flowable-async-job-executor-thread-3066#
[PollExecuteTaskStatusExecution] 2d23200b-60aa-4519-b7f8-9f40de7a8ecc [2026-08-25T08:48:28.609094] (2s 733ms) (STDOUT, APP/TASK/deploy)#
#2026 08 25 11:29:16.915#Z#DEBUG#1118e5ca-a078-11f1-87c7-eeee0a8e79e5.ResilienceCockpit-db-deployer#flowable-async-job-executor-thread-3066#
[PollExecuteTaskStatusExecution] 2d23200b-60aa-4519-b7f8-9f40de7a8ecc [2026-08-25T08:48:28.618452] npm notice (STDERR, APP/TASK/deploy)#
#2026 08 25 11:29:16.915#Z#DEBUG#1118e5ca-a078-11f1-87c7-eeee0a8e79e5.ResilienceCockpit-db-deployer#flowable-async-job-executor-thread-3066#
[PollExecuteTaskStatusExecution] 2d23200b-60aa-4519-b7f8-9f40de7a8ecc [2026-08-25T08:48:28.618467] npm notice New major version of npm available! 11.16.0 -> 12.0.2 (STDERR, APP/TASK/deploy)#
#2026 08 25 11:29:16.915#Z#DEBUG#1118e5ca-a078-11f1-87c7-eeee0a8e79e5.ResilienceCockpit-db-deployer#flowable-async-job-executor-thread-3066#
[PollExecuteTaskStatusExecution] 2d23200b-60aa-4519-b7f8-9f40de7a8ecc [2026-08-25T08:48:28.618470] npm notice Changelog: https://github.com/npm/cli/releases/tag/v12.0.2 (STDERR, APP/TASK/deploy)#
#2026 08 25 11:29:16.915#Z#DEBUG#1118e5ca-a078-11f1-87c7-eeee0a8e79e5.ResilienceCockpit-db-deployer#flowable-async-job-executor-thread-3066#
[PollExecuteTaskStatusExecution] 2d23200b-60aa-4519-b7f8-9f40de7a8ecc [2026-08-25T08:48:28.618472] npm notice To update run: npm install -g npm@12.0.2 (STDERR, APP/TASK/deploy)#
#2026 08 25 11:29:16.915#Z#DEBUG#1118e5ca-a078-11f1-87c7-eeee0a8e79e5.ResilienceCockpit-db-deployer#flowable-async-job-executor-thread-3066#
[PollExecuteTaskStatusExecution] 2d23200b-60aa-4519-b7f8-9f40de7a8ecc [2026-08-25T08:48:28.618474] npm notice (STDERR, APP/TASK/deploy)#
#2026 08 25 11:29:16.915#Z#DEBUG#1118e5ca-a078-11f1-87c7-eeee0a8e79e5.ResilienceCockpit-db-deployer#flowable-async-job-executor-thread-3066#
[PollExecuteTaskStatusExecution] 2d23200b-60aa-4519-b7f8-9f40de7a8ecc [2026-08-25T08:48:28.665938] Exit status 0 (STDOUT, APP/TASK/deploy)#
#2026 08 25 11:29:16.915#Z#DEBUG#1118e5ca-a078-11f1-87c7-eeee0a8e79e5.ResilienceCockpit-db-deployer#flowable-async-job-executor-thread-3066#
[PollExecuteTaskStatusExecution] 2d23200b-60aa-4519-b7f8-9f40de7a8ecc [2026-08-25T08:48:29.555302] Cell 2f709810-9b95-445d-9c2a-0d5af0af5ace stopping instance 67601bc4-e420-4e0e-8b9f-73543b1ddaf0 (STDOUT, CELL)#
#2026 08 25 11:29:16.915#Z#DEBUG#1118e5ca-a078-11f1-87c7-eeee0a8e79e5.ResilienceCockpit-db-deployer#flowable-async-job-executor-thread-3066#
[PollExecuteTaskStatusExecution] 2d23200b-60aa-4519-b7f8-9f40de7a8ecc [2026-08-25T08:48:29.555362] Cell 2f709810-9b95-445d-9c2a-0d5af0af5ace destroying container for instance 67601bc4-e420-4e0e-8b9f-73543b1ddaf0 (STDOUT, CELL)#
#2026 08 25 11:29:16.915#Z#DEBUG#1118e5ca-a078-11f1-87c7-eeee0a8e79e5.ResilienceCockpit-db-deployer#flowable-async-job-executor-thread-3066#
[PollExecuteTaskStatusExecution] 2d23200b-60aa-4519-b7f8-9f40de7a8ecc [2026-08-25T08:48:31.681404] Cell 2f709810-9b95-445d-9c2a-0d5af0af5ace successfully destroyed container for instance 67601bc4-e420-4e0e-8b9f-73543b1ddaf0 (STDOUT, CELL)#
#2026 08 25 11:29:16.915#Z#DEBUG#1118e5ca-a078-11f1-87c7-eeee0a8e79e5.ResilienceCockpit-db-deployer#flowable-async-job-executor-thread-3066#
[PollExecuteTaskStatusExecution] 2d23200b-60aa-4519-b7f8-9f40de7a8ecc [2026-08-25T08:52:14.731069] Updated app with guid 2d23200b-60aa-4519-b7f8-9f40de7a8ecc ({"lifecycle"=>{"data"=>{"buildpacks"=>["nodejs_buildpack"]}, "type"=>"buildpack"}}) (STDOUT, API)#
#2026 08 25 11:29:16.915#Z#DEBUG#1118e5ca-a078-11f1-87c7-eeee0a8e79e5.ResilienceCockpit-db-deployer#flowable-async-job-executor-thread-3066#
[PollExecuteTaskStatusExecution] 2d23200b-60aa-4519-b7f8-9f40de7a8ecc [2026-08-25T08:52:14.820979] Updating process: "web" (STDOUT, API)#
#2026 08 25 11:29:16.915#Z#DEBUG#1118e5ca-a078-11f1-87c7-eeee0a8e79e5.ResilienceCockpit-db-deployer#flowable-async-job-executor-thread-3066#
[PollExecuteTaskStatusExecution] 2d23200b-60aa-4519-b7f8-9f40de7a8ecc [2026-08-25T08:52:21.300681] Uploading app package for app with guid 2d23200b-60aa-4519-b7f8-9f40de7a8ecc (STDOUT, API)#
#2026 08 25 11:29:16.915#Z#DEBUG#1118e5ca-a078-11f1-87c7-eeee0a8e79e5.ResilienceCockpit-db-deployer#flowable-async-job-executor-thread-3066#
[PollExecuteTaskStatusExecution] 2d23200b-60aa-4519-b7f8-9f40de7a8ecc [2026-08-25T08:52:21.473100] Updated app with guid 2d23200b-60aa-4519-b7f8-9f40de7a8ecc ({"environment_variables"=>"[PRIVATE DATA HIDDEN]"}) (STDOUT, API)#
#2026 08 25 11:29:16.915#Z#DEBUG#1118e5ca-a078-11f1-87c7-eeee0a8e79e5.ResilienceCockpit-db-deployer#flowable-async-job-executor-thread-3066#
[PollExecuteTaskStatusExecution] 2d23200b-60aa-4519-b7f8-9f40de7a8ecc [2026-08-25T08:52:31.383492] Creating build for app with guid 2d23200b-60aa-4519-b7f8-9f40de7a8ecc (STDOUT, API)#
#2026 08 25 11:29:16.915#Z#DEBUG#1118e5ca-a078-11f1-87c7-eeee0a8e79e5.ResilienceCockpit-db-deployer#flowable-async-job-executor-thread-3066#
[PollExecuteTaskStatusExecution] 2d23200b-60aa-4519-b7f8-9f40de7a8ecc [2026-08-25T08:52:31.677107] Downloading nodejs_buildpack... (STDOUT, STG)#
#2026 08 25 11:29:16.915#Z#DEBUG#1118e5ca-a078-11f1-87c7-eeee0a8e79e5.ResilienceCockpit-db-deployer#flowable-async-job-executor-thread-3066#
[PollExecuteTaskStatusExecution] 2d23200b-60aa-4519-b7f8-9f40de7a8ecc [2026-08-25T08:52:31.716312] Downloaded nodejs_buildpack (STDOUT, STG)#
#2026 08 25 11:29:16.915#Z#DEBUG#1118e5ca-a078-11f1-87c7-eeee0a8e79e5.ResilienceCockpit-db-deployer#flowable-async-job-executor-thread-3066#
[PollExecuteTaskStatusExecution] 2d23200b-60aa-4519-b7f8-9f40de7a8ecc [2026-08-25T08:52:31.716396] Cell f95ef7fb-a2f2-480d-af80-cd44d0d9846b creating container for instance 19c542bd-8389-4d20-8a1f-a4c27dc35b5f (STDOUT, STG)#
#2026 08 25 11:29:16.915#Z#DEBUG#1118e5ca-a078-11f1-87c7-eeee0a8e79e5.ResilienceCockpit-db-deployer#flowable-async-job-executor-thread-3066#
[PollExecuteTaskStatusExecution] 2d23200b-60aa-4519-b7f8-9f40de7a8ecc [2026-08-25T08:52:32.046228] Security group rules were updated (STDOUT, STG)#
#2026 08 25 11:29:16.915#Z#DEBUG#1118e5ca-a078-11f1-87c7-eeee0a8e79e5.ResilienceCockpit-db-deployer#flowable-async-job-executor-thread-3066#
[PollExecuteTaskStatusExecution] 2d23200b-60aa-4519-b7f8-9f40de7a8ecc [2026-08-25T08:52:32.100741] Cell f95ef7fb-a2f2-480d-af80-cd44d0d9846b successfully created container for instance 19c542bd-8389-4d20-8a1f-a4c27dc35b5f (STDOUT, STG)#
#2026 08 25 11:29:16.915#Z#DEBUG#1118e5ca-a078-11f1-87c7-eeee0a8e79e5.ResilienceCockpit-db-deployer#flowable-async-job-executor-thread-3066#
[PollExecuteTaskStatusExecution] 2d23200b-60aa-4519-b7f8-9f40de7a8ecc [2026-08-25T08:52:32.542143] Downloading app package... (STDOUT, STG)#
#2026 08 25 11:29:16.915#Z#DEBUG#1118e5ca-a078-11f1-87c7-eeee0a8e79e5.ResilienceCockpit-db-deployer#flowable-async-job-executor-thread-3066#
[PollExecuteTaskStatusExecution] 2d23200b-60aa-4519-b7f8-9f40de7a8ecc [2026-08-25T08:52:32.542262] Downloading build artifacts cache... (STDOUT, STG)#
#2026 08 25 11:29:16.915#Z#DEBUG#1118e5ca-a078-11f1-87c7-eeee0a8e79e5.ResilienceCockpit-db-deployer#flowable-async-job-executor-thread-3066#
[PollExecuteTaskStatusExecution] 2d23200b-60aa-4519-b7f8-9f40de7a8ecc [2026-08-25T08:52:32.613615] Downloaded build artifacts cache (222B) (STDOUT, STG)#
#2026 08 25 11:29:16.915#Z#DEBUG#1118e5ca-a078-11f1-87c7-eeee0a8e79e5.ResilienceCockpit-db-deployer#flowable-async-job-executor-thread-3066#
[PollExecuteTaskStatusExecution] 2d23200b-60aa-4519-b7f8-9f40de7a8ecc [2026-08-25T08:52:32.774704] Downloaded app package (2.5M) (STDOUT, STG)#
#2026 08 25 11:29:16.915#Z#DEBUG#1118e5ca-a078-11f1-87c7-eeee0a8e79e5.ResilienceCockpit-db-deployer#flowable-async-job-executor-thread-3066#
[PollExecuteTaskStatusExecution] 2d23200b-60aa-4519-b7f8-9f40de7a8ecc [2026-08-25T08:52:32.836062] -----> Nodejs Buildpack version 1.9.3 (STDOUT, STG)#
#2026 08 25 11:29:16.915#Z#DEBUG#1118e5ca-a078-11f1-87c7-eeee0a8e79e5.ResilienceCockpit-db-deployer#flowable-async-job-executor-thread-3066#
[PollExecuteTaskStatusExecution] 2d23200b-60aa-4519-b7f8-9f40de7a8ecc [2026-08-25T08:52:32.914668] -----> Bootstrapping python (STDOUT, STG)#
#2026 08 25 11:29:16.915#Z#DEBUG#1118e5ca-a078-11f1-87c7-eeee0a8e79e5.ResilienceCockpit-db-deployer#flowable-async-job-executor-thread-3066#
[PollExecuteTaskStatusExecution] 2d23200b-60aa-4519-b7f8-9f40de7a8ecc [2026-08-25T08:52:32.914694] -----> Installing python 3.13.14 (STDOUT, STG)#
#2026 08 25 11:29:16.915#Z#DEBUG#1118e5ca-a078-11f1-87c7-eeee0a8e79e5.ResilienceCockpit-db-deployer#flowable-async-job-executor-thread-3066#
[PollExecuteTaskStatusExecution] 2d23200b-60aa-4519-b7f8-9f40de7a8ecc [2026-08-25T08:52:32.914746] Copy [/tmp/buildpacks/adc5840e3e50b48d/dependencies/4b4266a2ff36730aef37b88b668ca327/python_3.13.14_linux_x64_cflinuxfs4_b80d4954.tgz] (STDOUT, STG)#
#2026 08 25 11:29:16.915#Z#DEBUG#1118e5ca-a078-11f1-87c7-eeee0a8e79e5.ResilienceCockpit-db-deployer#flowable-async-job-executor-thread-3066#
[PollExecuteTaskStatusExecution] 2d23200b-60aa-4519-b7f8-9f40de7a8ecc [2026-08-25T08:52:35.899293] -----> Installing binaries (STDOUT, STG)#
#2026 08 25 11:29:16.915#Z#DEBUG#1118e5ca-a078-11f1-87c7-eeee0a8e79e5.ResilienceCockpit-db-deployer#flowable-async-job-executor-thread-3066#
[PollExecuteTaskStatusExecution] 2d23200b-60aa-4519-b7f8-9f40de7a8ecc [2026-08-25T08:52:35.899321] engines.node (package.json): >=18 (STDOUT, STG)#
#2026 08 25 11:29:16.915#Z#DEBUG#1118e5ca-a078-11f1-87c7-eeee0a8e79e5.ResilienceCockpit-db-deployer#flowable-async-job-executor-thread-3066#
[PollExecuteTaskStatusExecution] 2d23200b-60aa-4519-b7f8-9f40de7a8ecc [2026-08-25T08:52:35.899332] engines.npm (package.json): unspecified (use default) (STDOUT, STG)#
#2026 08 25 11:29:16.915#Z#DEBUG#1118e5ca-a078-11f1-87c7-eeee0a8e79e5.ResilienceCockpit-db-deployer#flowable-async-job-executor-thread-3066#
[PollExecuteTaskStatusExecution] 2d23200b-60aa-4519-b7f8-9f40de7a8ecc [2026-08-25T08:52:35.899497] [31;1m**WARNING**[0m Dangerous semver range (>) in engines.node. See: http://docs.cloudfoundry.org/buildpacks/node/node-tips.html (STDOUT, STG)#
#2026 08 25 11:29:16.915#Z#DEBUG#1118e5ca-a078-11f1-87c7-eeee0a8e79e5.ResilienceCockpit-db-deployer#flowable-async-job-executor-thread-3066#
[PollExecuteTaskStatusExecution] 2d23200b-60aa-4519-b7f8-9f40de7a8ecc [2026-08-25T08:52:35.899527] -----> Installing node 24.18.0 (STDOUT, STG)#
#2026 08 25 11:29:16.915#Z#DEBUG#1118e5ca-a078-11f1-87c7-eeee0a8e79e5.ResilienceCockpit-db-deployer#flowable-async-job-executor-thread-3066#
[PollExecuteTaskStatusExecution] 2d23200b-60aa-4519-b7f8-9f40de7a8ecc [2026-08-25T08:52:35.899552] Copy [/tmp/buildpacks/adc5840e3e50b48d/dependencies/dffbbb835fcd073c4544f78eb6247fac/node_24.18.0_linux_x64_cflinuxfs4_cdfed650.tgz] (STDOUT, STG)#
#2026 08 25 11:29:16.915#Z#DEBUG#1118e5ca-a078-11f1-87c7-eeee0a8e79e5.ResilienceCockpit-db-deployer#flowable-async-job-executor-thread-3066#
[PollExecuteTaskStatusExecution] 2d23200b-60aa-4519-b7f8-9f40de7a8ecc [2026-08-25T08:52:37.635948] Using default npm version: 11.16.0 (STDOUT, STG)#
#2026 08 25 11:29:16.915#Z#DEBUG#1118e5ca-a078-11f1-87c7-eeee0a8e79e5.ResilienceCockpit-db-deployer#flowable-async-job-executor-thread-3066#
[PollExecuteTaskStatusExecution] 2d23200b-60aa-4519-b7f8-9f40de7a8ecc [2026-08-25T08:52:37.635974] -----> Installing yarn 1.22.22 (STDOUT, STG)#
#2026 08 25 11:29:16.915#Z#DEBUG#1118e5ca-a078-11f1-87c7-eeee0a8e79e5.ResilienceCockpit-db-deployer#flowable-async-job-executor-thread-3066#
[PollExecuteTaskStatusExecution] 2d23200b-60aa-4519-b7f8-9f40de7a8ecc [2026-08-25T08:52:37.635980] Copy [/tmp/buildpacks/adc5840e3e50b48d/dependencies/e4fe26756e9984a665478d350474fa2e/yarn_1.22.22_linux_noarch_any-stack_b6132b86.tgz] (STDOUT, STG)#
#2026 08 25 11:29:16.915#Z#DEBUG#1118e5ca-a078-11f1-87c7-eeee0a8e79e5.ResilienceCockpit-db-deployer#flowable-async-job-executor-thread-3066#
[PollExecuteTaskStatusExecution] 2d23200b-60aa-4519-b7f8-9f40de7a8ecc [2026-08-25T08:52:37.886616] Installed yarn 1.22.22 (STDOUT, STG)#
#2026 08 25 11:29:16.915#Z#DEBUG#1118e5ca-a078-11f1-87c7-eeee0a8e79e5.ResilienceCockpit-db-deployer#flowable-async-job-executor-thread-3066#
[PollExecuteTaskStatusExecution] 2d23200b-60aa-4519-b7f8-9f40de7a8ecc [2026-08-25T08:52:37.886645] -----> Creating runtime environment (STDOUT, STG)#
#2026 08 25 11:29:16.915#Z#DEBUG#1118e5ca-a078-11f1-87c7-eeee0a8e79e5.ResilienceCockpit-db-deployer#flowable-async-job-executor-thread-3066#
[PollExecuteTaskStatusExecution] 2d23200b-60aa-4519-b7f8-9f40de7a8ecc [2026-08-25T08:52:37.887823] NODE_ENV=production (STDOUT, STG)#
#2026 08 25 11:29:16.915#Z#DEBUG#1118e5ca-a078-11f1-87c7-eeee0a8e79e5.ResilienceCockpit-db-deployer#flowable-async-job-executor-thread-3066#
[PollExecuteTaskStatusExecution] 2d23200b-60aa-4519-b7f8-9f40de7a8ecc [2026-08-25T08:52:37.887849] NODE_HOME=/tmp/contents1028148666/deps/0/node (STDOUT, STG)#
#2026 08 25 11:29:16.915#Z#DEBUG#1118e5ca-a078-11f1-87c7-eeee0a8e79e5.ResilienceCockpit-db-deployer#flowable-async-job-executor-thread-3066#
[PollExecuteTaskStatusExecution] 2d23200b-60aa-4519-b7f8-9f40de7a8ecc [2026-08-25T08:52:37.887853] NODE_MODULES_CACHE=true (STDOUT, STG)#
#2026 08 25 11:29:16.915#Z#DEBUG#1118e5ca-a078-11f1-87c7-eeee0a8e79e5.ResilienceCockpit-db-deployer#flowable-async-job-executor-thread-3066#
[PollExecuteTaskStatusExecution] 2d23200b-60aa-4519-b7f8-9f40de7a8ecc [2026-08-25T08:52:37.887855] NODE_VERBOSE=false (STDOUT, STG)#
#2026 08 25 11:29:16.915#Z#DEBUG#1118e5ca-a078-11f1-87c7-eeee0a8e79e5.ResilienceCockpit-db-deployer#flowable-async-job-executor-thread-3066#
[PollExecuteTaskStatusExecution] 2d23200b-60aa-4519-b7f8-9f40de7a8ecc [2026-08-25T08:52:37.887861] NPM_CONFIG_LOGLEVEL=error (STDOUT, STG)#
#2026 08 25 11:29:16.915#Z#DEBUG#1118e5ca-a078-11f1-87c7-eeee0a8e79e5.ResilienceCockpit-db-deployer#flowable-async-job-executor-thread-3066#
[PollExecuteTaskStatusExecution] 2d23200b-60aa-4519-b7f8-9f40de7a8ecc [2026-08-25T08:52:37.887864] NPM_CONFIG_PRODUCTION=true (STDOUT, STG)#
#2026 08 25 11:29:16.915#Z#DEBUG#1118e5ca-a078-11f1-87c7-eeee0a8e79e5.ResilienceCockpit-db-deployer#flowable-async-job-executor-thread-3066#
[PollExecuteTaskStatusExecution] 2d23200b-60aa-4519-b7f8-9f40de7a8ecc [2026-08-25T08:52:37.887884] -----> Building dependencies (STDOUT, STG)#
#2026 08 25 11:29:16.915#Z#DEBUG#1118e5ca-a078-11f1-87c7-eeee0a8e79e5.ResilienceCockpit-db-deployer#flowable-async-job-executor-thread-3066#
[PollExecuteTaskStatusExecution] 2d23200b-60aa-4519-b7f8-9f40de7a8ecc [2026-08-25T08:52:37.887887] Prebuild detected (node_modules already exists) (STDOUT, STG)#
#2026 08 25 11:29:16.915#Z#DEBUG#1118e5ca-a078-11f1-87c7-eeee0a8e79e5.ResilienceCockpit-db-deployer#flowable-async-job-executor-thread-3066#
[PollExecuteTaskStatusExecution] 2d23200b-60aa-4519-b7f8-9f40de7a8ecc [2026-08-25T08:52:37.887891] Rebuilding any native modules (STDOUT, STG)#
#2026 08 25 11:29:16.915#Z#DEBUG#1118e5ca-a078-11f1-87c7-eeee0a8e79e5.ResilienceCockpit-db-deployer#flowable-async-job-executor-thread-3066#
[PollExecuteTaskStatusExecution] 2d23200b-60aa-4519-b7f8-9f40de7a8ecc [2026-08-25T08:52:38.279107] rebuilt dependencies successfully (STDOUT, STG)#
#2026 08 25 11:29:16.915#Z#DEBUG#1118e5ca-a078-11f1-87c7-eeee0a8e79e5.ResilienceCockpit-db-deployer#flowable-async-job-executor-thread-3066#
[PollExecuteTaskStatusExecution] 2d23200b-60aa-4519-b7f8-9f40de7a8ecc [2026-08-25T08:52:38.326972] Installing any new modules (package.json + package-lock.json) (STDOUT, STG)#
#2026 08 25 11:29:16.915#Z#DEBUG#1118e5ca-a078-11f1-87c7-eeee0a8e79e5.ResilienceCockpit-db-deployer#flowable-async-job-executor-thread-3066#
[PollExecuteTaskStatusExecution] 2d23200b-60aa-4519-b7f8-9f40de7a8ecc [2026-08-25T08:52:38.648671] up to date in 265ms (STDOUT, STG)#
#2026 08 25 11:29:16.915#Z#DEBUG#1118e5ca-a078-11f1-87c7-eeee0a8e79e5.ResilienceCockpit-db-deployer#flowable-async-job-executor-thread-3066#
[PollExecuteTaskStatusExecution] 2d23200b-60aa-4519-b7f8-9f40de7a8ecc [2026-08-25T08:52:38.648942] 4 packages are looking for funding (STDOUT, STG)#
#2026 08 25 11:29:16.915#Z#DEBUG#1118e5ca-a078-11f1-87c7-eeee0a8e79e5.ResilienceCockpit-db-deployer#flowable-async-job-executor-thread-3066#
[PollExecuteTaskStatusExecution] 2d23200b-60aa-4519-b7f8-9f40de7a8ecc [2026-08-25T08:52:38.648986] run `npm fund` for details (STDOUT, STG)#
#2026 08 25 11:29:16.915#Z#DEBUG#1118e5ca-a078-11f1-87c7-eeee0a8e79e5.ResilienceCockpit-db-deployer#flowable-async-job-executor-thread-3066#
[PollExecuteTaskStatusExecution] 2d23200b-60aa-4519-b7f8-9f40de7a8ecc [2026-08-25T08:52:39.107309] Contrast Security no credentials found. Will not write environment files. (STDOUT, STG)#
#2026 08 25 11:29:16.915#Z#DEBUG#1118e5ca-a078-11f1-87c7-eeee0a8e79e5.ResilienceCockpit-db-deployer#flowable-async-job-executor-thread-3066#
[PollExecuteTaskStatusExecution] 2d23200b-60aa-4519-b7f8-9f40de7a8ecc [2026-08-25T08:52:46.647341] Exit status 0 (STDOUT, STG)#
#2026 08 25 11:29:16.915#Z#DEBUG#1118e5ca-a078-11f1-87c7-eeee0a8e79e5.ResilienceCockpit-db-deployer#flowable-async-job-executor-thread-3066#
[PollExecuteTaskStatusExecution] 2d23200b-60aa-4519-b7f8-9f40de7a8ecc [2026-08-25T08:52:46.647376] Uploading droplet, build artifacts cache... (STDOUT, STG)#
#2026 08 25 11:29:16.915#Z#DEBUG#1118e5ca-a078-11f1-87c7-eeee0a8e79e5.ResilienceCockpit-db-deployer#flowable-async-job-executor-thread-3066#
[PollExecuteTaskStatusExecution] 2d23200b-60aa-4519-b7f8-9f40de7a8ecc [2026-08-25T08:52:46.647405] Uploading droplet... (STDOUT, STG)#
#2026 08 25 11:29:16.915#Z#DEBUG#1118e5ca-a078-11f1-87c7-eeee0a8e79e5.ResilienceCockpit-db-deployer#flowable-async-job-executor-thread-3066#
[PollExecuteTaskStatusExecution] 2d23200b-60aa-4519-b7f8-9f40de7a8ecc [2026-08-25T08:52:46.647470] Uploading build artifacts cache... (STDOUT, STG)#
#2026 08 25 11:29:16.915#Z#DEBUG#1118e5ca-a078-11f1-87c7-eeee0a8e79e5.ResilienceCockpit-db-deployer#flowable-async-job-executor-thread-3066#
[PollExecuteTaskStatusExecution] 2d23200b-60aa-4519-b7f8-9f40de7a8ecc [2026-08-25T08:52:46.663811] Uploaded build artifacts cache (221B) (STDOUT, STG)#
#2026 08 25 11:29:16.915#Z#DEBUG#1118e5ca-a078-11f1-87c7-eeee0a8e79e5.ResilienceCockpit-db-deployer#flowable-async-job-executor-thread-3066#
[PollExecuteTaskStatusExecution] 2d23200b-60aa-4519-b7f8-9f40de7a8ecc [2026-08-25T08:52:47.173367] Creating droplet for app with guid 2d23200b-60aa-4519-b7f8-9f40de7a8ecc (STDOUT, API)#
#2026 08 25 11:29:16.915#Z#DEBUG#1118e5ca-a078-11f1-87c7-eeee0a8e79e5.ResilienceCockpit-db-deployer#flowable-async-job-executor-thread-3066#
[PollExecuteTaskStatusExecution] 2d23200b-60aa-4519-b7f8-9f40de7a8ecc [2026-08-25T08:52:50.241269] Uploaded droplet (59.3M) (STDOUT, STG)#
#2026 08 25 11:29:16.915#Z#DEBUG#1118e5ca-a078-11f1-87c7-eeee0a8e79e5.ResilienceCockpit-db-deployer#flowable-async-job-executor-thread-3066#
[PollExecuteTaskStatusExecution] 2d23200b-60aa-4519-b7f8-9f40de7a8ecc [2026-08-25T08:52:50.255627] Uploading complete (STDOUT, STG)#
#2026 08 25 11:29:16.915#Z#DEBUG#1118e5ca-a078-11f1-87c7-eeee0a8e79e5.ResilienceCockpit-db-deployer#flowable-async-job-executor-thread-3066#
[PollExecuteTaskStatusExecution] 2d23200b-60aa-4519-b7f8-9f40de7a8ecc [2026-08-25T08:52:50.411332] Cell f95ef7fb-a2f2-480d-af80-cd44d0d9846b stopping instance 19c542bd-8389-4d20-8a1f-a4c27dc35b5f (STDOUT, STG)#
#2026 08 25 11:29:16.915#Z#DEBUG#1118e5ca-a078-11f1-87c7-eeee0a8e79e5.ResilienceCockpit-db-deployer#flowable-async-job-executor-thread-3066#
[PollExecuteTaskStatusExecution] 2d23200b-60aa-4519-b7f8-9f40de7a8ecc [2026-08-25T08:52:50.411381] Cell f95ef7fb-a2f2-480d-af80-cd44d0d9846b destroying container for instance 19c542bd-8389-4d20-8a1f-a4c27dc35b5f (STDOUT, STG)#
#2026 08 25 11:29:16.915#Z#DEBUG#1118e5ca-a078-11f1-87c7-eeee0a8e79e5.ResilienceCockpit-db-deployer#flowable-async-job-executor-thread-3066#
[PollExecuteTaskStatusExecution] 2d23200b-60aa-4519-b7f8-9f40de7a8ecc [2026-08-25T08:52:50.477913] Staging complete for build 19c542bd-8389-4d20-8a1f-a4c27dc35b5f (STDOUT, API)#
#2026 08 25 11:29:16.915#Z#DEBUG#1118e5ca-a078-11f1-87c7-eeee0a8e79e5.ResilienceCockpit-db-deployer#flowable-async-job-executor-thread-3066#
[PollExecuteTaskStatusExecution] 2d23200b-60aa-4519-b7f8-9f40de7a8ecc [2026-08-25T08:52:51.281633] Updated app with guid 2d23200b-60aa-4519-b7f8-9f40de7a8ecc ({:droplet_guid=>"fd646573-0a99-47d7-8929-d02265e322a4"}) (STDOUT, API)#
#2026 08 25 11:29:16.915#Z#DEBUG#1118e5ca-a078-11f1-87c7-eeee0a8e79e5.ResilienceCockpit-db-deployer#flowable-async-job-executor-thread-3066#
[PollExecuteTaskStatusExecution] 2d23200b-60aa-4519-b7f8-9f40de7a8ecc [2026-08-25T08:52:51.647632] Cell 2cba0a63-a06b-4c2d-9ff8-cb3bec259489 creating container for instance e16cf0ea-1e39-44f1-b4f4-5cc402ba3ac4 (STDOUT, CELL)#
#2026 08 25 11:29:16.915#Z#DEBUG#1118e5ca-a078-11f1-87c7-eeee0a8e79e5.ResilienceCockpit-db-deployer#flowable-async-job-executor-thread-3066#
[PollExecuteTaskStatusExecution] 2d23200b-60aa-4519-b7f8-9f40de7a8ecc [2026-08-25T08:52:51.670097] Cell f95ef7fb-a2f2-480d-af80-cd44d0d9846b successfully destroyed container for instance 19c542bd-8389-4d20-8a1f-a4c27dc35b5f (STDOUT, STG)#
#2026 08 25 11:29:16.915#Z#DEBUG#1118e5ca-a078-11f1-87c7-eeee0a8e79e5.ResilienceCockpit-db-deployer#flowable-async-job-executor-thread-3066#
[PollExecuteTaskStatusExecution] 2d23200b-60aa-4519-b7f8-9f40de7a8ecc [2026-08-25T08:52:51.912669] Security group rules were updated (STDOUT, CELL)#
#2026 08 25 11:29:16.915#Z#DEBUG#1118e5ca-a078-11f1-87c7-eeee0a8e79e5.ResilienceCockpit-db-deployer#flowable-async-job-executor-thread-3066#
[PollExecuteTaskStatusExecution] 2d23200b-60aa-4519-b7f8-9f40de7a8ecc [2026-08-25T08:52:51.972032] Cell 2cba0a63-a06b-4c2d-9ff8-cb3bec259489 successfully created container for instance e16cf0ea-1e39-44f1-b4f4-5cc402ba3ac4 (STDOUT, CELL)#
#2026 08 25 11:29:16.915#Z#DEBUG#1118e5ca-a078-11f1-87c7-eeee0a8e79e5.ResilienceCockpit-db-deployer#flowable-async-job-executor-thread-3066#
[PollExecuteTaskStatusExecution] 2d23200b-60aa-4519-b7f8-9f40de7a8ecc [2026-08-25T08:52:55.803423] Invoking pre-start scripts. (STDOUT, APP/TASK/deploy)#
#2026 08 25 11:29:16.915#Z#DEBUG#1118e5ca-a078-11f1-87c7-eeee0a8e79e5.ResilienceCockpit-db-deployer#flowable-async-job-executor-thread-3066#
[PollExecuteTaskStatusExecution] 2d23200b-60aa-4519-b7f8-9f40de7a8ecc [2026-08-25T08:52:55.944117] Invoking start command. (STDOUT, APP/TASK/deploy)#
#2026 08 25 11:29:16.915#Z#DEBUG#1118e5ca-a078-11f1-87c7-eeee0a8e79e5.ResilienceCockpit-db-deployer#flowable-async-job-executor-thread-3066#
[PollExecuteTaskStatusExecution] 2d23200b-60aa-4519-b7f8-9f40de7a8ecc [2026-08-25T08:52:56.232197] > start (STDOUT, APP/TASK/deploy)#
#2026 08 25 11:29:16.915#Z#DEBUG#1118e5ca-a078-11f1-87c7-eeee0a8e79e5.ResilienceCockpit-db-deployer#flowable-async-job-executor-thread-3066#
[PollExecuteTaskStatusExecution] 2d23200b-60aa-4519-b7f8-9f40de7a8ecc [2026-08-25T08:52:56.232223] > node node_modules/@sap/hdi-deploy/deploy.js --use-hdb --parameter com.sap.hana.di.table/try_fast_table_migration=true (STDOUT, APP/TASK/deploy)#
#2026 08 25 11:29:16.915#Z#DEBUG#1118e5ca-a078-11f1-87c7-eeee0a8e79e5.ResilienceCockpit-db-deployer#flowable-async-job-executor-thread-3066#
[PollExecuteTaskStatusExecution] 2d23200b-60aa-4519-b7f8-9f40de7a8ecc [2026-08-25T08:52:56.330220] VCAP_SERVICES: (STDOUT, APP/TASK/deploy)#
#2026 08 25 11:29:16.915#Z#DEBUG#1118e5ca-a078-11f1-87c7-eeee0a8e79e5.ResilienceCockpit-db-deployer#flowable-async-job-executor-thread-3066#
[PollExecuteTaskStatusExecution] 2d23200b-60aa-4519-b7f8-9f40de7a8ecc [2026-08-25T08:52:56.330626] { (STDOUT, APP/TASK/deploy)#
#2026 08 25 11:29:16.915#Z#DEBUG#1118e5ca-a078-11f1-87c7-eeee0a8e79e5.ResilienceCockpit-db-deployer#flowable-async-job-executor-thread-3066#
[PollExecuteTaskStatusExecution] 2d23200b-60aa-4519-b7f8-9f40de7a8ecc [2026-08-25T08:52:56.330643] "hana": [ (STDOUT, APP/TASK/deploy)#
#2026 08 25 11:29:16.915#Z#DEBUG#1118e5ca-a078-11f1-87c7-eeee0a8e79e5.ResilienceCockpit-db-deployer#flowable-async-job-executor-thread-3066#
[PollExecuteTaskStatusExecution] 2d23200b-60aa-4519-b7f8-9f40de7a8ecc [2026-08-25T08:52:56.330645] { (STDOUT, APP/TASK/deploy)#
#2026 08 25 11:29:16.915#Z#DEBUG#1118e5ca-a078-11f1-87c7-eeee0a8e79e5.ResilienceCockpit-db-deployer#flowable-async-job-executor-thread-3066#
[PollExecuteTaskStatusExecution] 2d23200b-60aa-4519-b7f8-9f40de7a8ecc [2026-08-25T08:52:56.330649] "name": "ResilienceCockpit-db", (STDOUT, APP/TASK/deploy)#
#2026 08 25 11:29:16.915#Z#DEBUG#1118e5ca-a078-11f1-87c7-eeee0a8e79e5.ResilienceCockpit-db-deployer#flowable-async-job-executor-thread-3066#
[PollExecuteTaskStatusExecution] 2d23200b-60aa-4519-b7f8-9f40de7a8ecc [2026-08-25T08:52:56.330656] "label": "hana", (STDOUT, APP/TASK/deploy)#
#2026 08 25 11:29:16.915#Z#DEBUG#1118e5ca-a078-11f1-87c7-eeee0a8e79e5.ResilienceCockpit-db-deployer#flowable-async-job-executor-thread-3066#
[PollExecuteTaskStatusExecution] 2d23200b-60aa-4519-b7f8-9f40de7a8ecc [2026-08-25T08:52:56.330659] "plan": "hdi-shared", (STDOUT, APP/TASK/deploy)#
#2026 08 25 11:29:16.915#Z#DEBUG#1118e5ca-a078-11f1-87c7-eeee0a8e79e5.ResilienceCockpit-db-deployer#flowable-async-job-executor-thread-3066#
[PollExecuteTaskStatusExecution] 2d23200b-60aa-4519-b7f8-9f40de7a8ecc [2026-08-25T08:52:56.330664] "credentials": { (STDOUT, APP/TASK/deploy)#
#2026 08 25 11:29:16.915#Z#DEBUG#1118e5ca-a078-11f1-87c7-eeee0a8e79e5.ResilienceCockpit-db-deployer#flowable-async-job-executor-thread-3066#
[PollExecuteTaskStatusExecution] 2d23200b-60aa-4519-b7f8-9f40de7a8ecc [2026-08-25T08:52:56.330667] "schema": "8697B1A4A8B84AC49EFF171810969752", (STDOUT, APP/TASK/deploy)#
#2026 08 25 11:29:16.915#Z#DEBUG#1118e5ca-a078-11f1-87c7-eeee0a8e79e5.ResilienceCockpit-db-deployer#flowable-async-job-executor-thread-3066#
[PollExecuteTaskStatusExecution] 2d23200b-60aa-4519-b7f8-9f40de7a8ecc [2026-08-25T08:52:56.330674] "database_id": "eb9e608b-a8d8-462e-98e7-906abde25244", (STDOUT, APP/TASK/deploy)#
#2026 08 25 11:29:16.915#Z#DEBUG#1118e5ca-a078-11f1-87c7-eeee0a8e79e5.ResilienceCockpit-db-deployer#flowable-async-job-executor-thread-3066#
[PollExecuteTaskStatusExecution] 2d23200b-60aa-4519-b7f8-9f40de7a8ecc [2026-08-25T08:52:56.330677] "user": "8697B1A4A8B84AC49EFF171810969752_94GU5GV2BBQ6JWQX102ZOJ91W_RT", (STDOUT, APP/TASK/deploy)#
#2026 08 25 11:29:16.915#Z#DEBUG#1118e5ca-a078-11f1-87c7-eeee0a8e79e5.ResilienceCockpit-db-deployer#flowable-async-job-executor-thread-3066#
[PollExecuteTaskStatusExecution] 2d23200b-60aa-4519-b7f8-9f40de7a8ecc [2026-08-25T08:52:56.330679] "hdi_user": "8697B1A4A8B84AC49EFF171810969752_94GU5GV2BBQ6JWQX102ZOJ91W_DT" (STDOUT, APP/TASK/deploy)#
#2026 08 25 11:29:16.915#Z#DEBUG#1118e5ca-a078-11f1-87c7-eeee0a8e79e5.ResilienceCockpit-db-deployer#flowable-async-job-executor-thread-3066#
[PollExecuteTaskStatusExecution] 2d23200b-60aa-4519-b7f8-9f40de7a8ecc [2026-08-25T08:52:56.330683] }, (STDOUT, APP/TASK/deploy)#
#2026 08 25 11:29:16.915#Z#DEBUG#1118e5ca-a078-11f1-87c7-eeee0a8e79e5.ResilienceCockpit-db-deployer#flowable-async-job-executor-thread-3066#
[PollExecuteTaskStatusExecution] 2d23200b-60aa-4519-b7f8-9f40de7a8ecc [2026-08-25T08:52:56.330688] "tags": [ (STDOUT, APP/TASK/deploy)#
#2026 08 25 11:29:16.915#Z#DEBUG#1118e5ca-a078-11f1-87c7-eeee0a8e79e5.ResilienceCockpit-db-deployer#flowable-async-job-executor-thread-3066#
[PollExecuteTaskStatusExecution] 2d23200b-60aa-4519-b7f8-9f40de7a8ecc [2026-08-25T08:52:56.330692] "hana", (STDOUT, APP/TASK/deploy)#
#2026 08 25 11:29:16.915#Z#DEBUG#1118e5ca-a078-11f1-87c7-eeee0a8e79e5.ResilienceCockpit-db-deployer#flowable-async-job-executor-thread-3066#
[PollExecuteTaskStatusExecution] 2d23200b-60aa-4519-b7f8-9f40de7a8ecc [2026-08-25T08:52:56.330694] "database", (STDOUT, APP/TASK/deploy)#
#2026 08 25 11:29:16.915#Z#DEBUG#1118e5ca-a078-11f1-87c7-eeee0a8e79e5.ResilienceCockpit-db-deployer#flowable-async-job-executor-thread-3066#
[PollExecuteTaskStatusExecution] 2d23200b-60aa-4519-b7f8-9f40de7a8ecc [2026-08-25T08:52:56.330696] "relational" (STDOUT, APP/TASK/deploy)#
#2026 08 25 11:29:16.915#Z#DEBUG#1118e5ca-a078-11f1-87c7-eeee0a8e79e5.ResilienceCockpit-db-deployer#flowable-async-job-executor-thread-3066#
[PollExecuteTaskStatusExecution] 2d23200b-60aa-4519-b7f8-9f40de7a8ecc [2026-08-25T08:52:56.330698] ] (STDOUT, APP/TASK/deploy)#
#2026 08 25 11:29:16.915#Z#DEBUG#1118e5ca-a078-11f1-87c7-eeee0a8e79e5.ResilienceCockpit-db-deployer#flowable-async-job-executor-thread-3066#
[PollExecuteTaskStatusExecution] 2d23200b-60aa-4519-b7f8-9f40de7a8ecc [2026-08-25T08:52:56.330699] } (STDOUT, APP/TASK/deploy)#
#2026 08 25 11:29:16.915#Z#DEBUG#1118e5ca-a078-11f1-87c7-eeee0a8e79e5.ResilienceCockpit-db-deployer#flowable-async-job-executor-thread-3066#
[PollExecuteTaskStatusExecution] 2d23200b-60aa-4519-b7f8-9f40de7a8ecc [2026-08-25T08:52:56.330701] ] (STDOUT, APP/TASK/deploy)#
#2026 08 25 11:29:16.915#Z#DEBUG#1118e5ca-a078-11f1-87c7-eeee0a8e79e5.ResilienceCockpit-db-deployer#flowable-async-job-executor-thread-3066#
[PollExecuteTaskStatusExecution] 2d23200b-60aa-4519-b7f8-9f40de7a8ecc [2026-08-25T08:52:56.330702] } (STDOUT, APP/TASK/deploy)#
#2026 08 25 11:29:16.915#Z#DEBUG#1118e5ca-a078-11f1-87c7-eeee0a8e79e5.ResilienceCockpit-db-deployer#flowable-async-job-executor-thread-3066#
[PollExecuteTaskStatusExecution] 2d23200b-60aa-4519-b7f8-9f40de7a8ecc [2026-08-25T08:52:56.703854] @sap/hdi-deploy, version 5.7.0 (mode default), server version 4.00.000.00.1785832557 (4.0.0.0), cloud version 2026.14.14, node version 24.18.0, HDI version 1016, container API version 1007 (STDOUT, APP/TASK/deploy)#
#2026 08 25 11:29:16.915#Z#DEBUG#1118e5ca-a078-11f1-87c7-eeee0a8e79e5.ResilienceCockpit-db-deployer#flowable-async-job-executor-thread-3066#
[PollExecuteTaskStatusExecution] 2d23200b-60aa-4519-b7f8-9f40de7a8ecc [2026-08-25T08:52:56.703888] Deployment started at 2026-08-25 08:52:56 (STDOUT, APP/TASK/deploy)#
#2026 08 25 11:29:16.915#Z#DEBUG#1118e5ca-a078-11f1-87c7-eeee0a8e79e5.ResilienceCockpit-db-deployer#flowable-async-job-executor-thread-3066#
[PollExecuteTaskStatusExecution] 2d23200b-60aa-4519-b7f8-9f40de7a8ecc [2026-08-25T08:52:56.704137] Using hdb@2.29.6 for connection (STDOUT, APP/TASK/deploy)#
#2026 08 25 11:29:16.915#Z#DEBUG#1118e5ca-a078-11f1-87c7-eeee0a8e79e5.ResilienceCockpit-db-deployer#flowable-async-job-executor-thread-3066#
[PollExecuteTaskStatusExecution] 2d23200b-60aa-4519-b7f8-9f40de7a8ecc [2026-08-25T08:52:56.716840] No ignore file at /home/vcap/app/.hdiignore. (STDOUT, APP/TASK/deploy)#
#2026 08 25 11:29:16.915#Z#DEBUG#1118e5ca-a078-11f1-87c7-eeee0a8e79e5.ResilienceCockpit-db-deployer#flowable-async-job-executor-thread-3066#
[PollExecuteTaskStatusExecution] 2d23200b-60aa-4519-b7f8-9f40de7a8ecc [2026-08-25T08:52:56.717144] Collecting files... (STDOUT, APP/TASK/deploy)#
#2026 08 25 11:29:16.915#Z#DEBUG#1118e5ca-a078-11f1-87c7-eeee0a8e79e5.ResilienceCockpit-db-deployer#flowable-async-job-executor-thread-3066#
[PollExecuteTaskStatusExecution] 2d23200b-60aa-4519-b7f8-9f40de7a8ecc [2026-08-25T08:52:56.721297] Collecting files... ok (0s 4ms) (STDOUT, APP/TASK/deploy)#
#2026 08 25 11:29:16.915#Z#DEBUG#1118e5ca-a078-11f1-87c7-eeee0a8e79e5.ResilienceCockpit-db-deployer#flowable-async-job-executor-thread-3066#
[PollExecuteTaskStatusExecution] 2d23200b-60aa-4519-b7f8-9f40de7a8ecc [2026-08-25T08:52:56.721310] 3 directories collected (STDOUT, APP/TASK/deploy)#
#2026 08 25 11:29:16.915#Z#DEBUG#1118e5ca-a078-11f1-87c7-eeee0a8e79e5.ResilienceCockpit-db-deployer#flowable-async-job-executor-thread-3066#
[PollExecuteTaskStatusExecution] 2d23200b-60aa-4519-b7f8-9f40de7a8ecc [2026-08-25T08:52:56.721313] 100 files collected (STDOUT, APP/TASK/deploy)#
#2026 08 25 11:29:16.915#Z#DEBUG#1118e5ca-a078-11f1-87c7-eeee0a8e79e5.ResilienceCockpit-db-deployer#flowable-async-job-executor-thread-3066#
[PollExecuteTaskStatusExecution] 2d23200b-60aa-4519-b7f8-9f40de7a8ecc [2026-08-25T08:52:56.721315] 0 reusable modules collected (STDOUT, APP/TASK/deploy)#
#2026 08 25 11:29:16.915#Z#DEBUG#1118e5ca-a078-11f1-87c7-eeee0a8e79e5.ResilienceCockpit-db-deployer#flowable-async-job-executor-thread-3066#
[PollExecuteTaskStatusExecution] 2d23200b-60aa-4519-b7f8-9f40de7a8ecc [2026-08-25T08:52:56.721330] Target service: ResilienceCockpit-db (STDOUT, APP/TASK/deploy)#
#2026 08 25 11:29:16.915#Z#DEBUG#1118e5ca-a078-11f1-87c7-eeee0a8e79e5.ResilienceCockpit-db-deployer#flowable-async-job-executor-thread-3066#
[PollExecuteTaskStatusExecution] 2d23200b-60aa-4519-b7f8-9f40de7a8ecc [2026-08-25T08:52:56.894494] Previous build with request ID 55 finished at 2026-08-25T08:48:28.575 with status Rolled back and message: Starting make in the container "8697B1A4A8B84AC49EFF171810969752" with 0 files to deploy, 0 files to undeploy... ok. (STDOUT, APP/TASK/deploy)#
#2026 08 25 11:29:16.915#Z#DEBUG#1118e5ca-a078-11f1-87c7-eeee0a8e79e5.ResilienceCockpit-db-deployer#flowable-async-job-executor-thread-3066#
[PollExecuteTaskStatusExecution] 2d23200b-60aa-4519-b7f8-9f40de7a8ecc [2026-08-25T08:52:56.894520] Processing revoke files... (STDOUT, APP/TASK/deploy)#
#2026 08 25 11:29:16.915#Z#DEBUG#1118e5ca-a078-11f1-87c7-eeee0a8e79e5.ResilienceCockpit-db-deployer#flowable-async-job-executor-thread-3066#
[PollExecuteTaskStatusExecution] 2d23200b-60aa-4519-b7f8-9f40de7a8ecc [2026-08-25T08:52:56.894548] Processing revoke files... ok (0s 0ms) (STDOUT, APP/TASK/deploy)#
#2026 08 25 11:29:16.915#Z#DEBUG#1118e5ca-a078-11f1-87c7-eeee0a8e79e5.ResilienceCockpit-db-deployer#flowable-async-job-executor-thread-3066#
[PollExecuteTaskStatusExecution] 2d23200b-60aa-4519-b7f8-9f40de7a8ecc [2026-08-25T08:52:56.894656] Processing grants files... (STDOUT, APP/TASK/deploy)#
#2026 08 25 11:29:16.915#Z#DEBUG#1118e5ca-a078-11f1-87c7-eeee0a8e79e5.ResilienceCockpit-db-deployer#flowable-async-job-executor-thread-3066#
[PollExecuteTaskStatusExecution] 2d23200b-60aa-4519-b7f8-9f40de7a8ecc [2026-08-25T08:52:56.894686] Processing grants files... ok (0s 0ms) (STDOUT, APP/TASK/deploy)#
#2026 08 25 11:29:16.915#Z#DEBUG#1118e5ca-a078-11f1-87c7-eeee0a8e79e5.ResilienceCockpit-db-deployer#flowable-async-job-executor-thread-3066#
[PollExecuteTaskStatusExecution] 2d23200b-60aa-4519-b7f8-9f40de7a8ecc [2026-08-25T08:52:56.896332] Preprocessing files... (STDOUT, APP/TASK/deploy)#
#2026 08 25 11:29:16.915#Z#DEBUG#1118e5ca-a078-11f1-87c7-eeee0a8e79e5.ResilienceCockpit-db-deployer#flowable-async-job-executor-thread-3066#
[PollExecuteTaskStatusExecution] 2d23200b-60aa-4519-b7f8-9f40de7a8ecc [2026-08-25T08:52:56.896467] Preprocessing files... ok (0s 0ms) (STDOUT, APP/TASK/deploy)#
#2026 08 25 11:29:16.915#Z#DEBUG#1118e5ca-a078-11f1-87c7-eeee0a8e79e5.ResilienceCockpit-db-deployer#flowable-async-job-executor-thread-3066#
[PollExecuteTaskStatusExecution] 2d23200b-60aa-4519-b7f8-9f40de7a8ecc [2026-08-25T08:52:56.896499] Connecting to the container "8697B1A4A8B84AC49EFF171810969752"... (STDOUT, APP/TASK/deploy)#
#2026 08 25 11:29:16.915#Z#DEBUG#1118e5ca-a078-11f1-87c7-eeee0a8e79e5.ResilienceCockpit-db-deployer#flowable-async-job-executor-thread-3066#
[PollExecuteTaskStatusExecution] 2d23200b-60aa-4519-b7f8-9f40de7a8ecc [2026-08-25T08:52:56.960875] Connecting to the container "8697B1A4A8B84AC49EFF171810969752"... ok (0s 64ms) (STDOUT, APP/TASK/deploy)#
#2026 08 25 11:29:16.915#Z#DEBUG#1118e5ca-a078-11f1-87c7-eeee0a8e79e5.ResilienceCockpit-db-deployer#flowable-async-job-executor-thread-3066#
[PollExecuteTaskStatusExecution] 2d23200b-60aa-4519-b7f8-9f40de7a8ecc [2026-08-25T08:52:56.960897] Locking the container "8697B1A4A8B84AC49EFF171810969752"... (STDOUT, APP/TASK/deploy)#
#2026 08 25 11:29:16.915#Z#DEBUG#1118e5ca-a078-11f1-87c7-eeee0a8e79e5.ResilienceCockpit-db-deployer#flowable-async-job-executor-thread-3066#
[PollExecuteTaskStatusExecution] 2d23200b-60aa-4519-b7f8-9f40de7a8ecc [2026-08-25T08:52:57.076778] Locking the container "8697B1A4A8B84AC49EFF171810969752"... ok (0s 116ms) (STDOUT, APP/TASK/deploy)#
#2026 08 25 11:29:16.915#Z#DEBUG#1118e5ca-a078-11f1-87c7-eeee0a8e79e5.ResilienceCockpit-db-deployer#flowable-async-job-executor-thread-3066#
[PollExecuteTaskStatusExecution] 2d23200b-60aa-4519-b7f8-9f40de7a8ecc [2026-08-25T08:52:57.076799] Synchronizing files with the container "8697B1A4A8B84AC49EFF171810969752"... (STDOUT, APP/TASK/deploy)#
#2026 08 25 11:29:16.915#Z#DEBUG#1118e5ca-a078-11f1-87c7-eeee0a8e79e5.ResilienceCockpit-db-deployer#flowable-async-job-executor-thread-3066#
[PollExecuteTaskStatusExecution] 2d23200b-60aa-4519-b7f8-9f40de7a8ecc [2026-08-25T08:52:57.319990] Deleting files... (STDOUT, APP/TASK/deploy)#
#2026 08 25 11:29:16.915#Z#DEBUG#1118e5ca-a078-11f1-87c7-eeee0a8e79e5.ResilienceCockpit-db-deployer#flowable-async-job-executor-thread-3066#
[PollExecuteTaskStatusExecution] 2d23200b-60aa-4519-b7f8-9f40de7a8ecc [2026-08-25T08:52:57.463477] Deleting files... ok (STDOUT, APP/TASK/deploy)#
#2026 08 25 11:29:16.915#Z#DEBUG#1118e5ca-a078-11f1-87c7-eeee0a8e79e5.ResilienceCockpit-db-deployer#flowable-async-job-executor-thread-3066#
[PollExecuteTaskStatusExecution] 2d23200b-60aa-4519-b7f8-9f40de7a8ecc [2026-08-25T08:52:57.463497] Writing files... (STDOUT, APP/TASK/deploy)#
#2026 08 25 11:29:16.915#Z#DEBUG#1118e5ca-a078-11f1-87c7-eeee0a8e79e5.ResilienceCockpit-db-deployer#flowable-async-job-executor-thread-3066#
[PollExecuteTaskStatusExecution] 2d23200b-60aa-4519-b7f8-9f40de7a8ecc [2026-08-25T08:52:57.463607] Writing 3 items (STDOUT, APP/TASK/deploy)#
#2026 08 25 11:29:16.915#Z#DEBUG#1118e5ca-a078-11f1-87c7-eeee0a8e79e5.ResilienceCockpit-db-deployer#flowable-async-job-executor-thread-3066#
[PollExecuteTaskStatusExecution] 2d23200b-60aa-4519-b7f8-9f40de7a8ecc [2026-08-25T08:52:57.626079] Writing files... ok (STDOUT, APP/TASK/deploy)#
#2026 08 25 11:29:16.915#Z#DEBUG#1118e5ca-a078-11f1-87c7-eeee0a8e79e5.ResilienceCockpit-db-deployer#flowable-async-job-executor-thread-3066#
[PollExecuteTaskStatusExecution] 2d23200b-60aa-4519-b7f8-9f40de7a8ecc [2026-08-25T08:52:57.626094] Synchronizing files with the container "8697B1A4A8B84AC49EFF171810969752"... ok (0s 549ms) (STDOUT, APP/TASK/deploy)#
#2026 08 25 11:29:16.915#Z#DEBUG#1118e5ca-a078-11f1-87c7-eeee0a8e79e5.ResilienceCockpit-db-deployer#flowable-async-job-executor-thread-3066#
[PollExecuteTaskStatusExecution] 2d23200b-60aa-4519-b7f8-9f40de7a8ecc [2026-08-25T08:52:57.626437] added files: [] (STDOUT, APP/TASK/deploy)#
#2026 08 25 11:29:16.915#Z#DEBUG#1118e5ca-a078-11f1-87c7-eeee0a8e79e5.ResilienceCockpit-db-deployer#flowable-async-job-executor-thread-3066#
[PollExecuteTaskStatusExecution] 2d23200b-60aa-4519-b7f8-9f40de7a8ecc [2026-08-25T08:52:57.626459] modified files: [] (STDOUT, APP/TASK/deploy)#
#2026 08 25 11:29:16.915#Z#DEBUG#1118e5ca-a078-11f1-87c7-eeee0a8e79e5.ResilienceCockpit-db-deployer#flowable-async-job-executor-thread-3066#
[PollExecuteTaskStatusExecution] 2d23200b-60aa-4519-b7f8-9f40de7a8ecc [2026-08-25T08:52:57.626464] deleted files: [] (STDOUT, APP/TASK/deploy)#
#2026 08 25 11:29:16.915#Z#DEBUG#1118e5ca-a078-11f1-87c7-eeee0a8e79e5.ResilienceCockpit-db-deployer#flowable-async-job-executor-thread-3066#
[PollExecuteTaskStatusExecution] 2d23200b-60aa-4519-b7f8-9f40de7a8ecc [2026-08-25T08:52:57.626483] 0 modified or added files are scheduled for deploy based on delta detection (STDOUT, APP/TASK/deploy)#
#2026 08 25 11:29:16.915#Z#DEBUG#1118e5ca-a078-11f1-87c7-eeee0a8e79e5.ResilienceCockpit-db-deployer#flowable-async-job-executor-thread-3066#
[PollExecuteTaskStatusExecution] 2d23200b-60aa-4519-b7f8-9f40de7a8ecc [2026-08-25T08:52:57.626670] 0 deleted files are scheduled for undeploy based on delta detection (filtered by undeploy allowlist) (STDOUT, APP/TASK/deploy)#
#2026 08 25 11:29:16.915#Z#DEBUG#1118e5ca-a078-11f1-87c7-eeee0a8e79e5.ResilienceCockpit-db-deployer#flowable-async-job-executor-thread-3066#
[PollExecuteTaskStatusExecution] 2d23200b-60aa-4519-b7f8-9f40de7a8ecc [2026-08-25T08:52:57.626801] 0 files are scheduled for deploy based on explicit specification (STDOUT, APP/TASK/deploy)#
#2026 08 25 11:29:16.915#Z#DEBUG#1118e5ca-a078-11f1-87c7-eeee0a8e79e5.ResilienceCockpit-db-deployer#flowable-async-job-executor-thread-3066#
[PollExecuteTaskStatusExecution] 2d23200b-60aa-4519-b7f8-9f40de7a8ecc [2026-08-25T08:52:57.626827] 0 files are scheduled for undeploy based on explicit specification (STDOUT, APP/TASK/deploy)#
#2026 08 25 11:29:16.915#Z#DEBUG#1118e5ca-a078-11f1-87c7-eeee0a8e79e5.ResilienceCockpit-db-deployer#flowable-async-job-executor-thread-3066#
[PollExecuteTaskStatusExecution] 2d23200b-60aa-4519-b7f8-9f40de7a8ecc [2026-08-25T08:52:57.626832] Deploying to the container "8697B1A4A8B84AC49EFF171810969752"... (STDOUT, APP/TASK/deploy)#
#2026 08 25 11:29:16.915#Z#DEBUG#1118e5ca-a078-11f1-87c7-eeee0a8e79e5.ResilienceCockpit-db-deployer#flowable-async-job-executor-thread-3066#
[PollExecuteTaskStatusExecution] 2d23200b-60aa-4519-b7f8-9f40de7a8ecc [2026-08-25T08:52:57.956776] Starting make in the container "8697B1A4A8B84AC49EFF171810969752" with 0 files to deploy, 0 files to undeploy... (STDOUT, APP/TASK/deploy)#
#2026 08 25 11:29:16.915#Z#DEBUG#1118e5ca-a078-11f1-87c7-eeee0a8e79e5.ResilienceCockpit-db-deployer#flowable-async-job-executor-thread-3066#
[PollExecuteTaskStatusExecution] 2d23200b-60aa-4519-b7f8-9f40de7a8ecc [2026-08-25T08:52:57.956807] Disabling table replication for the container schema "8697B1A4A8B84AC49EFF171810969752"... (STDOUT, APP/TASK/deploy)#
#2026 08 25 11:29:16.915#Z#DEBUG#1118e5ca-a078-11f1-87c7-eeee0a8e79e5.ResilienceCockpit-db-deployer#flowable-async-job-executor-thread-3066#
[PollExecuteTaskStatusExecution] 2d23200b-60aa-4519-b7f8-9f40de7a8ecc [2026-08-25T08:52:57.956815] Disabling table replication for the container schema "8697B1A4A8B84AC49EFF171810969752"... ok (0s 8ms) (STDOUT, APP/TASK/deploy)#
#2026 08 25 11:29:16.915#Z#DEBUG#1118e5ca-a078-11f1-87c7-eeee0a8e79e5.ResilienceCockpit-db-deployer#flowable-async-job-executor-thread-3066#
[PollExecuteTaskStatusExecution] 2d23200b-60aa-4519-b7f8-9f40de7a8ecc [2026-08-25T08:52:57.956821] Migrating libraries... (STDOUT, APP/TASK/deploy)#
#2026 08 25 11:29:16.915#Z#DEBUG#1118e5ca-a078-11f1-87c7-eeee0a8e79e5.ResilienceCockpit-db-deployer#flowable-async-job-executor-thread-3066#
[PollExecuteTaskStatusExecution] 2d23200b-60aa-4519-b7f8-9f40de7a8ecc [2026-08-25T08:52:57.956828] Migrating libraries... ok (0s 10ms) (STDOUT, APP/TASK/deploy)#
#2026 08 25 11:29:16.915#Z#DEBUG#1118e5ca-a078-11f1-87c7-eeee0a8e79e5.ResilienceCockpit-db-deployer#flowable-async-job-executor-thread-3066#
[PollExecuteTaskStatusExecution] 2d23200b-60aa-4519-b7f8-9f40de7a8ecc [2026-08-25T08:52:57.956840] Making... (STDOUT, APP/TASK/deploy)#
#2026 08 25 11:29:16.915#Z#DEBUG#1118e5ca-a078-11f1-87c7-eeee0a8e79e5.ResilienceCockpit-db-deployer#flowable-async-job-executor-thread-3066#
[PollExecuteTaskStatusExecution] 2d23200b-60aa-4519-b7f8-9f40de7a8ecc [2026-08-25T08:52:57.956845] Preparing... (STDOUT, APP/TASK/deploy)#
#2026 08 25 11:29:16.915#Z#DEBUG#1118e5ca-a078-11f1-87c7-eeee0a8e79e5.ResilienceCockpit-db-deployer#flowable-async-job-executor-thread-3066#
[PollExecuteTaskStatusExecution] 2d23200b-60aa-4519-b7f8-9f40de7a8ecc [2026-08-25T08:52:57.956874] Preparing... ok (0s 0ms) (STDOUT, APP/TASK/deploy)#
#2026 08 25 11:29:16.915#Z#DEBUG#1118e5ca-a078-11f1-87c7-eeee0a8e79e5.ResilienceCockpit-db-deployer#flowable-async-job-executor-thread-3066#
[PollExecuteTaskStatusExecution] 2d23200b-60aa-4519-b7f8-9f40de7a8ecc [2026-08-25T08:52:57.956881] Preparing the make transaction... (STDOUT, APP/TASK/deploy)#
#2026 08 25 11:29:16.915#Z#DEBUG#1118e5ca-a078-11f1-87c7-eeee0a8e79e5.ResilienceCockpit-db-deployer#flowable-async-job-executor-thread-3066#
[PollExecuteTaskStatusExecution] 2d23200b-60aa-4519-b7f8-9f40de7a8ecc [2026-08-25T08:52:57.956887] Preparing the make transaction... ok (0s 11ms) (STDOUT, APP/TASK/deploy)#
#2026 08 25 11:29:16.915#Z#DEBUG#1118e5ca-a078-11f1-87c7-eeee0a8e79e5.ResilienceCockpit-db-deployer#flowable-async-job-executor-thread-3066#
[PollExecuteTaskStatusExecution] 2d23200b-60aa-4519-b7f8-9f40de7a8ecc [2026-08-25T08:52:57.956892] Calculating dependencies... (STDOUT, APP/TASK/deploy)#
#2026 08 25 11:29:16.915#Z#DEBUG#1118e5ca-a078-11f1-87c7-eeee0a8e79e5.ResilienceCockpit-db-deployer#flowable-async-job-executor-thread-3066#
[PollExecuteTaskStatusExecution] 2d23200b-60aa-4519-b7f8-9f40de7a8ecc [2026-08-25T08:52:57.956898] Expanding... (STDOUT, APP/TASK/deploy)#
#2026 08 25 11:29:16.915#Z#DEBUG#1118e5ca-a078-11f1-87c7-eeee0a8e79e5.ResilienceCockpit-db-deployer#flowable-async-job-executor-thread-3066#
[PollExecuteTaskStatusExecution] 2d23200b-60aa-4519-b7f8-9f40de7a8ecc [2026-08-25T08:52:57.956905] Expanding... ok (0s 4ms) (STDOUT, APP/TASK/deploy)#
#2026 08 25 11:29:16.915#Z#DEBUG#1118e5ca-a078-11f1-87c7-eeee0a8e79e5.ResilienceCockpit-db-deployer#flowable-async-job-executor-thread-3066#
[PollExecuteTaskStatusExecution] 2d23200b-60aa-4519-b7f8-9f40de7a8ecc [2026-08-25T08:52:57.956911] Precompiling... (STDOUT, APP/TASK/deploy)#
#2026 08 25 11:29:16.915#Z#DEBUG#1118e5ca-a078-11f1-87c7-eeee0a8e79e5.ResilienceCockpit-db-deployer#flowable-async-job-executor-thread-3066#
[PollExecuteTaskStatusExecution] 2d23200b-60aa-4519-b7f8-9f40de7a8ecc [2026-08-25T08:52:57.956918] Precompiling... ok (0s 0ms) (STDOUT, APP/TASK/deploy)#
#2026 08 25 11:29:16.915#Z#DEBUG#1118e5ca-a078-11f1-87c7-eeee0a8e79e5.ResilienceCockpit-db-deployer#flowable-async-job-executor-thread-3066#
[PollExecuteTaskStatusExecution] 2d23200b-60aa-4519-b7f8-9f40de7a8ecc [2026-08-25T08:52:57.956924] Merging... (STDOUT, APP/TASK/deploy)#
#2026 08 25 11:29:16.915#Z#DEBUG#1118e5ca-a078-11f1-87c7-eeee0a8e79e5.ResilienceCockpit-db-deployer#flowable-async-job-executor-thread-3066#
[PollExecuteTaskStatusExecution] 2d23200b-60aa-4519-b7f8-9f40de7a8ecc [2026-08-25T08:52:57.956953] Merging... ok (0s 0ms) (STDOUT, APP/TASK/deploy)#
#2026 08 25 11:29:16.915#Z#DEBUG#1118e5ca-a078-11f1-87c7-eeee0a8e79e5.ResilienceCockpit-db-deployer#flowable-async-job-executor-thread-3066#
[PollExecuteTaskStatusExecution] 2d23200b-60aa-4519-b7f8-9f40de7a8ecc [2026-08-25T08:52:57.956960] Calculating dependencies... ok (0s 4ms) (STDOUT, APP/TASK/deploy)#
#2026 08 25 11:29:16.915#Z#DEBUG#1118e5ca-a078-11f1-87c7-eeee0a8e79e5.ResilienceCockpit-db-deployer#flowable-async-job-executor-thread-3066#
[PollExecuteTaskStatusExecution] 2d23200b-60aa-4519-b7f8-9f40de7a8ecc [2026-08-25T08:52:57.956969] No make necessary (STDOUT, APP/TASK/deploy)#
#2026 08 25 11:29:16.915#Z#DEBUG#1118e5ca-a078-11f1-87c7-eeee0a8e79e5.ResilienceCockpit-db-deployer#flowable-async-job-executor-thread-3066#
[PollExecuteTaskStatusExecution] 2d23200b-60aa-4519-b7f8-9f40de7a8ecc [2026-08-25T08:52:57.956981] Making... ok (0s 41ms) (STDOUT, APP/TASK/deploy)#
#2026 08 25 11:29:16.915#Z#DEBUG#1118e5ca-a078-11f1-87c7-eeee0a8e79e5.ResilienceCockpit-db-deployer#flowable-async-job-executor-thread-3066#
[PollExecuteTaskStatusExecution] 2d23200b-60aa-4519-b7f8-9f40de7a8ecc [2026-08-25T08:52:57.956990] Enabling table replication for the container schema "8697B1A4A8B84AC49EFF171810969752"... (STDOUT, APP/TASK/deploy)#
#2026 08 25 11:29:16.915#Z#DEBUG#1118e5ca-a078-11f1-87c7-eeee0a8e79e5.ResilienceCockpit-db-deployer#flowable-async-job-executor-thread-3066#
[PollExecuteTaskStatusExecution] 2d23200b-60aa-4519-b7f8-9f40de7a8ecc [2026-08-25T08:52:57.957022] Enabling table replication for the container schema "8697B1A4A8B84AC49EFF171810969752"... ok (0s 9ms) (STDOUT, APP/TASK/deploy)#
#2026 08 25 11:29:16.915#Z#DEBUG#1118e5ca-a078-11f1-87c7-eeee0a8e79e5.ResilienceCockpit-db-deployer#flowable-async-job-executor-thread-3066#
[PollExecuteTaskStatusExecution] 2d23200b-60aa-4519-b7f8-9f40de7a8ecc [2026-08-25T08:52:57.957029] Starting make in the container "8697B1A4A8B84AC49EFF171810969752" with 0 files to deploy, 0 files to undeploy... ok (0s 75ms) (STDOUT, APP/TASK/deploy)#
#2026 08 25 11:29:16.915#Z#DEBUG#1118e5ca-a078-11f1-87c7-eeee0a8e79e5.ResilienceCockpit-db-deployer#flowable-async-job-executor-thread-3066#
[PollExecuteTaskStatusExecution] 2d23200b-60aa-4519-b7f8-9f40de7a8ecc [2026-08-25T08:52:57.957303] Deploying to the container "8697B1A4A8B84AC49EFF171810969752"... ok (0s 330ms) (STDOUT, APP/TASK/deploy)#
#2026 08 25 11:29:16.915#Z#DEBUG#1118e5ca-a078-11f1-87c7-eeee0a8e79e5.ResilienceCockpit-db-deployer#flowable-async-job-executor-thread-3066#
[PollExecuteTaskStatusExecution] 2d23200b-60aa-4519-b7f8-9f40de7a8ecc [2026-08-25T08:52:57.957503] No default-access-role handling needed; global role "8697B1A4A8B84AC49EFF171810969752::access_role" will not be adapted (STDOUT, APP/TASK/deploy)#
#2026 08 25 11:29:16.915#Z#DEBUG#1118e5ca-a078-11f1-87c7-eeee0a8e79e5.ResilienceCockpit-db-deployer#flowable-async-job-executor-thread-3066#
[PollExecuteTaskStatusExecution] 2d23200b-60aa-4519-b7f8-9f40de7a8ecc [2026-08-25T08:52:57.957548] Unlocking the container "8697B1A4A8B84AC49EFF171810969752"... (STDOUT, APP/TASK/deploy)#
#2026 08 25 11:29:16.915#Z#DEBUG#1118e5ca-a078-11f1-87c7-eeee0a8e79e5.ResilienceCockpit-db-deployer#flowable-async-job-executor-thread-3066#
[PollExecuteTaskStatusExecution] 2d23200b-60aa-4519-b7f8-9f40de7a8ecc [2026-08-25T08:52:57.957768] Unlocking the container "8697B1A4A8B84AC49EFF171810969752"... ok (0s 0ms) (STDOUT, APP/TASK/deploy)#
#2026 08 25 11:29:16.915#Z#DEBUG#1118e5ca-a078-11f1-87c7-eeee0a8e79e5.ResilienceCockpit-db-deployer#flowable-async-job-executor-thread-3066#
[PollExecuteTaskStatusExecution] 2d23200b-60aa-4519-b7f8-9f40de7a8ecc [2026-08-25T08:52:57.957787] Deployment to container 8697B1A4A8B84AC49EFF171810969752 done [Deployment ID: none]. (STDOUT, APP/TASK/deploy)#
#2026 08 25 11:29:16.915#Z#DEBUG#1118e5ca-a078-11f1-87c7-eeee0a8e79e5.ResilienceCockpit-db-deployer#flowable-async-job-executor-thread-3066#
[PollExecuteTaskStatusExecution] 2d23200b-60aa-4519-b7f8-9f40de7a8ecc [2026-08-25T08:52:57.958078] Deployment ended at 2026-08-25 08:52:57 (STDOUT, APP/TASK/deploy)#
#2026 08 25 11:29:16.915#Z#DEBUG#1118e5ca-a078-11f1-87c7-eeee0a8e79e5.ResilienceCockpit-db-deployer#flowable-async-job-executor-thread-3066#
[PollExecuteTaskStatusExecution] 2d23200b-60aa-4519-b7f8-9f40de7a8ecc [2026-08-25T08:52:57.958351] (1s 694ms) (STDOUT, APP/TASK/deploy)#
#2026 08 25 11:29:16.915#Z#DEBUG#1118e5ca-a078-11f1-87c7-eeee0a8e79e5.ResilienceCockpit-db-deployer#flowable-async-job-executor-thread-3066#
[PollExecuteTaskStatusExecution] 2d23200b-60aa-4519-b7f8-9f40de7a8ecc [2026-08-25T08:52:57.967406] npm notice (STDERR, APP/TASK/deploy)#
#2026 08 25 11:29:16.915#Z#DEBUG#1118e5ca-a078-11f1-87c7-eeee0a8e79e5.ResilienceCockpit-db-deployer#flowable-async-job-executor-thread-3066#
[PollExecuteTaskStatusExecution] 2d23200b-60aa-4519-b7f8-9f40de7a8ecc [2026-08-25T08:52:57.967425] npm notice New major version of npm available! 11.16.0 -> 12.0.2 (STDERR, APP/TASK/deploy)#
#2026 08 25 11:29:16.915#Z#DEBUG#1118e5ca-a078-11f1-87c7-eeee0a8e79e5.ResilienceCockpit-db-deployer#flowable-async-job-executor-thread-3066#
[PollExecuteTaskStatusExecution] 2d23200b-60aa-4519-b7f8-9f40de7a8ecc [2026-08-25T08:52:57.967431] npm notice Changelog: https://github.com/npm/cli/releases/tag/v12.0.2 (STDERR, APP/TASK/deploy)#
#2026 08 25 11:29:16.915#Z#DEBUG#1118e5ca-a078-11f1-87c7-eeee0a8e79e5.ResilienceCockpit-db-deployer#flowable-async-job-executor-thread-3066#
[PollExecuteTaskStatusExecution] 2d23200b-60aa-4519-b7f8-9f40de7a8ecc [2026-08-25T08:52:57.967435] npm notice To update run: npm install -g npm@12.0.2 (STDERR, APP/TASK/deploy)#
#2026 08 25 11:29:16.915#Z#DEBUG#1118e5ca-a078-11f1-87c7-eeee0a8e79e5.ResilienceCockpit-db-deployer#flowable-async-job-executor-thread-3066#
[PollExecuteTaskStatusExecution] 2d23200b-60aa-4519-b7f8-9f40de7a8ecc [2026-08-25T08:52:57.967439] npm notice (STDERR, APP/TASK/deploy)#
#2026 08 25 11:29:16.915#Z#DEBUG#1118e5ca-a078-11f1-87c7-eeee0a8e79e5.ResilienceCockpit-db-deployer#flowable-async-job-executor-thread-3066#
[PollExecuteTaskStatusExecution] 2d23200b-60aa-4519-b7f8-9f40de7a8ecc [2026-08-25T08:52:58.013357] Exit status 0 (STDOUT, APP/TASK/deploy)#
#2026 08 25 11:29:16.915#Z#DEBUG#1118e5ca-a078-11f1-87c7-eeee0a8e79e5.ResilienceCockpit-db-deployer#flowable-async-job-executor-thread-3066#
[PollExecuteTaskStatusExecution] 2d23200b-60aa-4519-b7f8-9f40de7a8ecc [2026-08-25T08:52:58.248645] Cell 2cba0a63-a06b-4c2d-9ff8-cb3bec259489 stopping instance e16cf0ea-1e39-44f1-b4f4-5cc402ba3ac4 (STDOUT, CELL)#
#2026 08 25 11:29:16.915#Z#DEBUG#1118e5ca-a078-11f1-87c7-eeee0a8e79e5.ResilienceCockpit-db-deployer#flowable-async-job-executor-thread-3066#
[PollExecuteTaskStatusExecution] 2d23200b-60aa-4519-b7f8-9f40de7a8ecc [2026-08-25T08:52:58.248709] Cell 2cba0a63-a06b-4c2d-9ff8-cb3bec259489 destroying container for instance e16cf0ea-1e39-44f1-b4f4-5cc402ba3ac4 (STDOUT, CELL)#
#2026 08 25 11:29:16.915#Z#DEBUG#1118e5ca-a078-11f1-87c7-eeee0a8e79e5.ResilienceCockpit-db-deployer#flowable-async-job-executor-thread-3066#
[PollExecuteTaskStatusExecution] 2d23200b-60aa-4519-b7f8-9f40de7a8ecc [2026-08-25T08:53:00.350753] Cell 2cba0a63-a06b-4c2d-9ff8-cb3bec259489 successfully destroyed container for instance e16cf0ea-1e39-44f1-b4f4-5cc402ba3ac4 (STDOUT, CELL)#
#2026 08 25 11:29:16.915#Z#DEBUG#1118e5ca-a078-11f1-87c7-eeee0a8e79e5.ResilienceCockpit-db-deployer#flowable-async-job-executor-thread-3066#
[PollExecuteTaskStatusExecution] 2d23200b-60aa-4519-b7f8-9f40de7a8ecc [2026-08-25T08:58:25.232735] Updated app with guid 2d23200b-60aa-4519-b7f8-9f40de7a8ecc ({"lifecycle"=>{"data"=>{"buildpacks"=>["nodejs_buildpack"]}, "type"=>"buildpack"}}) (STDOUT, API)#
#2026 08 25 11:29:16.915#Z#DEBUG#1118e5ca-a078-11f1-87c7-eeee0a8e79e5.ResilienceCockpit-db-deployer#flowable-async-job-executor-thread-3066#
[PollExecuteTaskStatusExecution] 2d23200b-60aa-4519-b7f8-9f40de7a8ecc [2026-08-25T08:58:25.305565] Updating process: "web" (STDOUT, API)#
#2026 08 25 11:29:16.915#Z#DEBUG#1118e5ca-a078-11f1-87c7-eeee0a8e79e5.ResilienceCockpit-db-deployer#flowable-async-job-executor-thread-3066#
[PollExecuteTaskStatusExecution] 2d23200b-60aa-4519-b7f8-9f40de7a8ecc [2026-08-25T08:58:31.595021] Uploading app package for app with guid 2d23200b-60aa-4519-b7f8-9f40de7a8ecc (STDOUT, API)#
#2026 08 25 11:29:16.915#Z#DEBUG#1118e5ca-a078-11f1-87c7-eeee0a8e79e5.ResilienceCockpit-db-deployer#flowable-async-job-executor-thread-3066#
[PollExecuteTaskStatusExecution] 2d23200b-60aa-4519-b7f8-9f40de7a8ecc [2026-08-25T08:58:31.778543] Updated app with guid 2d23200b-60aa-4519-b7f8-9f40de7a8ecc ({"environment_variables"=>"[PRIVATE DATA HIDDEN]"}) (STDOUT, API)#
#2026 08 25 11:29:16.915#Z#DEBUG#1118e5ca-a078-11f1-87c7-eeee0a8e79e5.ResilienceCockpit-db-deployer#flowable-async-job-executor-thread-3066#
[PollExecuteTaskStatusExecution] 2d23200b-60aa-4519-b7f8-9f40de7a8ecc [2026-08-25T08:58:41.577644] Creating build for app with guid 2d23200b-60aa-4519-b7f8-9f40de7a8ecc (STDOUT, API)#
#2026 08 25 11:29:16.915#Z#DEBUG#1118e5ca-a078-11f1-87c7-eeee0a8e79e5.ResilienceCockpit-db-deployer#flowable-async-job-executor-thread-3066#
[PollExecuteTaskStatusExecution] 2d23200b-60aa-4519-b7f8-9f40de7a8ecc [2026-08-25T08:58:41.883703] Downloading nodejs_buildpack... (STDOUT, STG)#
#2026 08 25 11:29:16.915#Z#DEBUG#1118e5ca-a078-11f1-87c7-eeee0a8e79e5.ResilienceCockpit-db-deployer#flowable-async-job-executor-thread-3066#
[PollExecuteTaskStatusExecution] 2d23200b-60aa-4519-b7f8-9f40de7a8ecc [2026-08-25T08:58:41.921851] Downloaded nodejs_buildpack (STDOUT, STG)#
#2026 08 25 11:29:16.915#Z#DEBUG#1118e5ca-a078-11f1-87c7-eeee0a8e79e5.ResilienceCockpit-db-deployer#flowable-async-job-executor-thread-3066#
[PollExecuteTaskStatusExecution] 2d23200b-60aa-4519-b7f8-9f40de7a8ecc [2026-08-25T08:58:41.921927] Cell 919653e1-7038-451d-ac9f-e4bd0de8dbda creating container for instance 654601d5-baf4-4dc9-b209-ecb3e8bacfba (STDOUT, STG)#
#2026 08 25 11:29:16.915#Z#DEBUG#1118e5ca-a078-11f1-87c7-eeee0a8e79e5.ResilienceCockpit-db-deployer#flowable-async-job-executor-thread-3066#
[PollExecuteTaskStatusExecution] 2d23200b-60aa-4519-b7f8-9f40de7a8ecc [2026-08-25T08:58:42.230613] Security group rules were updated (STDOUT, STG)#
#2026 08 25 11:29:16.915#Z#DEBUG#1118e5ca-a078-11f1-87c7-eeee0a8e79e5.ResilienceCockpit-db-deployer#flowable-async-job-executor-thread-3066#
[PollExecuteTaskStatusExecution] 2d23200b-60aa-4519-b7f8-9f40de7a8ecc [2026-08-25T08:58:42.295419] Cell 919653e1-7038-451d-ac9f-e4bd0de8dbda successfully created container for instance 654601d5-baf4-4dc9-b209-ecb3e8bacfba (STDOUT, STG)#
#2026 08 25 11:29:16.915#Z#DEBUG#1118e5ca-a078-11f1-87c7-eeee0a8e79e5.ResilienceCockpit-db-deployer#flowable-async-job-executor-thread-3066#
[PollExecuteTaskStatusExecution] 2d23200b-60aa-4519-b7f8-9f40de7a8ecc [2026-08-25T08:58:42.640323] Downloading app package... (STDOUT, STG)#
#2026 08 25 11:29:16.915#Z#DEBUG#1118e5ca-a078-11f1-87c7-eeee0a8e79e5.ResilienceCockpit-db-deployer#flowable-async-job-executor-thread-3066#
[PollExecuteTaskStatusExecution] 2d23200b-60aa-4519-b7f8-9f40de7a8ecc [2026-08-25T08:58:42.640348] Downloading build artifacts cache... (STDOUT, STG)#
#2026 08 25 11:29:16.915#Z#DEBUG#1118e5ca-a078-11f1-87c7-eeee0a8e79e5.ResilienceCockpit-db-deployer#flowable-async-job-executor-thread-3066#
[PollExecuteTaskStatusExecution] 2d23200b-60aa-4519-b7f8-9f40de7a8ecc [2026-08-25T08:58:42.699536] Downloaded build artifacts cache (221B) (STDOUT, STG)#
#2026 08 25 11:29:16.915#Z#DEBUG#1118e5ca-a078-11f1-87c7-eeee0a8e79e5.ResilienceCockpit-db-deployer#flowable-async-job-executor-thread-3066#
[PollExecuteTaskStatusExecution] 2d23200b-60aa-4519-b7f8-9f40de7a8ecc [2026-08-25T08:58:42.850578] Downloaded app package (2.5M) (STDOUT, STG)#
#2026 08 25 11:29:16.915#Z#DEBUG#1118e5ca-a078-11f1-87c7-eeee0a8e79e5.ResilienceCockpit-db-deployer#flowable-async-job-executor-thread-3066#
[PollExecuteTaskStatusExecution] 2d23200b-60aa-4519-b7f8-9f40de7a8ecc [2026-08-25T08:58:42.901430] -----> Nodejs Buildpack version 1.9.3 (STDOUT, STG)#
#2026 08 25 11:29:16.915#Z#DEBUG#1118e5ca-a078-11f1-87c7-eeee0a8e79e5.ResilienceCockpit-db-deployer#flowable-async-job-executor-thread-3066#
[PollExecuteTaskStatusExecution] 2d23200b-60aa-4519-b7f8-9f40de7a8ecc [2026-08-25T08:58:42.983182] -----> Bootstrapping python (STDOUT, STG)#
#2026 08 25 11:29:16.915#Z#DEBUG#1118e5ca-a078-11f1-87c7-eeee0a8e79e5.ResilienceCockpit-db-deployer#flowable-async-job-executor-thread-3066#
[PollExecuteTaskStatusExecution] 2d23200b-60aa-4519-b7f8-9f40de7a8ecc [2026-08-25T08:58:42.983203] -----> Installing python 3.13.14 (STDOUT, STG)#
#2026 08 25 11:29:16.915#Z#DEBUG#1118e5ca-a078-11f1-87c7-eeee0a8e79e5.ResilienceCockpit-db-deployer#flowable-async-job-executor-thread-3066#
[PollExecuteTaskStatusExecution] 2d23200b-60aa-4519-b7f8-9f40de7a8ecc [2026-08-25T08:58:42.983207] Copy [/tmp/buildpacks/adc5840e3e50b48d/dependencies/4b4266a2ff36730aef37b88b668ca327/python_3.13.14_linux_x64_cflinuxfs4_b80d4954.tgz] (STDOUT, STG)#
#2026 08 25 11:29:16.915#Z#DEBUG#1118e5ca-a078-11f1-87c7-eeee0a8e79e5.ResilienceCockpit-db-deployer#flowable-async-job-executor-thread-3066#
[PollExecuteTaskStatusExecution] 2d23200b-60aa-4519-b7f8-9f40de7a8ecc [2026-08-25T08:58:45.990809] -----> Installing binaries (STDOUT, STG)#
#2026 08 25 11:29:16.915#Z#DEBUG#1118e5ca-a078-11f1-87c7-eeee0a8e79e5.ResilienceCockpit-db-deployer#flowable-async-job-executor-thread-3066#
[PollExecuteTaskStatusExecution] 2d23200b-60aa-4519-b7f8-9f40de7a8ecc [2026-08-25T08:58:45.990848] engines.node (package.json): >=18 (STDOUT, STG)#
#2026 08 25 11:29:16.915#Z#DEBUG#1118e5ca-a078-11f1-87c7-eeee0a8e79e5.ResilienceCockpit-db-deployer#flowable-async-job-executor-thread-3066#
[PollExecuteTaskStatusExecution] 2d23200b-60aa-4519-b7f8-9f40de7a8ecc [2026-08-25T08:58:45.990855] engines.npm (package.json): unspecified (use default) (STDOUT, STG)#
#2026 08 25 11:29:16.915#Z#DEBUG#1118e5ca-a078-11f1-87c7-eeee0a8e79e5.ResilienceCockpit-db-deployer#flowable-async-job-executor-thread-3066#
[PollExecuteTaskStatusExecution] 2d23200b-60aa-4519-b7f8-9f40de7a8ecc [2026-08-25T08:58:45.990866] [31;1m**WARNING**[0m Dangerous semver range (>) in engines.node. See: http://docs.cloudfoundry.org/buildpacks/node/node-tips.html (STDOUT, STG)#
#2026 08 25 11:29:16.915#Z#DEBUG#1118e5ca-a078-11f1-87c7-eeee0a8e79e5.ResilienceCockpit-db-deployer#flowable-async-job-executor-thread-3066#
[PollExecuteTaskStatusExecution] 2d23200b-60aa-4519-b7f8-9f40de7a8ecc [2026-08-25T08:58:45.990976] -----> Installing node 24.18.0 (STDOUT, STG)#
#2026 08 25 11:29:16.915#Z#DEBUG#1118e5ca-a078-11f1-87c7-eeee0a8e79e5.ResilienceCockpit-db-deployer#flowable-async-job-executor-thread-3066#
[PollExecuteTaskStatusExecution] 2d23200b-60aa-4519-b7f8-9f40de7a8ecc [2026-08-25T08:58:45.991088] Copy [/tmp/buildpacks/adc5840e3e50b48d/dependencies/dffbbb835fcd073c4544f78eb6247fac/node_24.18.0_linux_x64_cflinuxfs4_cdfed650.tgz] (STDOUT, STG)#
#2026 08 25 11:29:16.915#Z#DEBUG#1118e5ca-a078-11f1-87c7-eeee0a8e79e5.ResilienceCockpit-db-deployer#flowable-async-job-executor-thread-3066#
[PollExecuteTaskStatusExecution] 2d23200b-60aa-4519-b7f8-9f40de7a8ecc [2026-08-25T08:58:47.730684] Using default npm version: 11.16.0 (STDOUT, STG)#
#2026 08 25 11:29:16.915#Z#DEBUG#1118e5ca-a078-11f1-87c7-eeee0a8e79e5.ResilienceCockpit-db-deployer#flowable-async-job-executor-thread-3066#
[PollExecuteTaskStatusExecution] 2d23200b-60aa-4519-b7f8-9f40de7a8ecc [2026-08-25T08:58:47.730736] -----> Installing yarn 1.22.22 (STDOUT, STG)#
#2026 08 25 11:29:16.915#Z#DEBUG#1118e5ca-a078-11f1-87c7-eeee0a8e79e5.ResilienceCockpit-db-deployer#flowable-async-job-executor-thread-3066#
[PollExecuteTaskStatusExecution] 2d23200b-60aa-4519-b7f8-9f40de7a8ecc [2026-08-25T08:58:47.730765] Copy [/tmp/buildpacks/adc5840e3e50b48d/dependencies/e4fe26756e9984a665478d350474fa2e/yarn_1.22.22_linux_noarch_any-stack_b6132b86.tgz] (STDOUT, STG)#
#2026 08 25 11:29:16.915#Z#DEBUG#1118e5ca-a078-11f1-87c7-eeee0a8e79e5.ResilienceCockpit-db-deployer#flowable-async-job-executor-thread-3066#
[PollExecuteTaskStatusExecution] 2d23200b-60aa-4519-b7f8-9f40de7a8ecc [2026-08-25T08:58:47.977984] Installed yarn 1.22.22 (STDOUT, STG)#
#2026 08 25 11:29:16.915#Z#DEBUG#1118e5ca-a078-11f1-87c7-eeee0a8e79e5.ResilienceCockpit-db-deployer#flowable-async-job-executor-thread-3066#
[PollExecuteTaskStatusExecution] 2d23200b-60aa-4519-b7f8-9f40de7a8ecc [2026-08-25T08:58:47.978008] -----> Creating runtime environment (STDOUT, STG)#
#2026 08 25 11:29:16.915#Z#DEBUG#1118e5ca-a078-11f1-87c7-eeee0a8e79e5.ResilienceCockpit-db-deployer#flowable-async-job-executor-thread-3066#
[PollExecuteTaskStatusExecution] 2d23200b-60aa-4519-b7f8-9f40de7a8ecc [2026-08-25T08:58:47.980116] NODE_ENV=production (STDOUT, STG)#
#2026 08 25 11:29:16.915#Z#DEBUG#1118e5ca-a078-11f1-87c7-eeee0a8e79e5.ResilienceCockpit-db-deployer#flowable-async-job-executor-thread-3066#
[PollExecuteTaskStatusExecution] 2d23200b-60aa-4519-b7f8-9f40de7a8ecc [2026-08-25T08:58:47.980132] NODE_HOME=/tmp/contents1762114057/deps/0/node (STDOUT, STG)#
#2026 08 25 11:29:16.915#Z#DEBUG#1118e5ca-a078-11f1-87c7-eeee0a8e79e5.ResilienceCockpit-db-deployer#flowable-async-job-executor-thread-3066#
[PollExecuteTaskStatusExecution] 2d23200b-60aa-4519-b7f8-9f40de7a8ecc [2026-08-25T08:58:47.980134] NODE_MODULES_CACHE=true (STDOUT, STG)#
#2026 08 25 11:29:16.915#Z#DEBUG#1118e5ca-a078-11f1-87c7-eeee0a8e79e5.ResilienceCockpit-db-deployer#flowable-async-job-executor-thread-3066#
[PollExecuteTaskStatusExecution] 2d23200b-60aa-4519-b7f8-9f40de7a8ecc [2026-08-25T08:58:47.980136] NODE_VERBOSE=false (STDOUT, STG)#
#2026 08 25 11:29:16.915#Z#DEBUG#1118e5ca-a078-11f1-87c7-eeee0a8e79e5.ResilienceCockpit-db-deployer#flowable-async-job-executor-thread-3066#
[PollExecuteTaskStatusExecution] 2d23200b-60aa-4519-b7f8-9f40de7a8ecc [2026-08-25T08:58:47.980138] NPM_CONFIG_LOGLEVEL=error (STDOUT, STG)#
#2026 08 25 11:29:16.915#Z#DEBUG#1118e5ca-a078-11f1-87c7-eeee0a8e79e5.ResilienceCockpit-db-deployer#flowable-async-job-executor-thread-3066#
[PollExecuteTaskStatusExecution] 2d23200b-60aa-4519-b7f8-9f40de7a8ecc [2026-08-25T08:58:47.980141] NPM_CONFIG_PRODUCTION=true (STDOUT, STG)#
#2026 08 25 11:29:16.915#Z#DEBUG#1118e5ca-a078-11f1-87c7-eeee0a8e79e5.ResilienceCockpit-db-deployer#flowable-async-job-executor-thread-3066#
[PollExecuteTaskStatusExecution] 2d23200b-60aa-4519-b7f8-9f40de7a8ecc [2026-08-25T08:58:47.980201] -----> Building dependencies (STDOUT, STG)#
#2026 08 25 11:29:16.915#Z#DEBUG#1118e5ca-a078-11f1-87c7-eeee0a8e79e5.ResilienceCockpit-db-deployer#flowable-async-job-executor-thread-3066#
[PollExecuteTaskStatusExecution] 2d23200b-60aa-4519-b7f8-9f40de7a8ecc [2026-08-25T08:58:47.980223] Prebuild detected (node_modules already exists) (STDOUT, STG)#
#2026 08 25 11:29:16.915#Z#DEBUG#1118e5ca-a078-11f1-87c7-eeee0a8e79e5.ResilienceCockpit-db-deployer#flowable-async-job-executor-thread-3066#
[PollExecuteTaskStatusExecution] 2d23200b-60aa-4519-b7f8-9f40de7a8ecc [2026-08-25T08:58:47.980228] Rebuilding any native modules (STDOUT, STG)#
#2026 08 25 11:29:16.915#Z#DEBUG#1118e5ca-a078-11f1-87c7-eeee0a8e79e5.ResilienceCockpit-db-deployer#flowable-async-job-executor-thread-3066#
[PollExecuteTaskStatusExecution] 2d23200b-60aa-4519-b7f8-9f40de7a8ecc [2026-08-25T08:58:48.372863] rebuilt dependencies successfully (STDOUT, STG)#
#2026 08 25 11:29:16.915#Z#DEBUG#1118e5ca-a078-11f1-87c7-eeee0a8e79e5.ResilienceCockpit-db-deployer#flowable-async-job-executor-thread-3066#
[PollExecuteTaskStatusExecution] 2d23200b-60aa-4519-b7f8-9f40de7a8ecc [2026-08-25T08:58:48.420157] Installing any new modules (package.json + package-lock.json) (STDOUT, STG)#
#2026 08 25 11:29:16.915#Z#DEBUG#1118e5ca-a078-11f1-87c7-eeee0a8e79e5.ResilienceCockpit-db-deployer#flowable-async-job-executor-thread-3066#
[PollExecuteTaskStatusExecution] 2d23200b-60aa-4519-b7f8-9f40de7a8ecc [2026-08-25T08:58:48.745200] up to date in 264ms (STDOUT, STG)#
#2026 08 25 11:29:16.915#Z#DEBUG#1118e5ca-a078-11f1-87c7-eeee0a8e79e5.ResilienceCockpit-db-deployer#flowable-async-job-executor-thread-3066#
[PollExecuteTaskStatusExecution] 2d23200b-60aa-4519-b7f8-9f40de7a8ecc [2026-08-25T08:58:48.745421] 4 packages are looking for funding (STDOUT, STG)#
#2026 08 25 11:29:16.915#Z#DEBUG#1118e5ca-a078-11f1-87c7-eeee0a8e79e5.ResilienceCockpit-db-deployer#flowable-async-job-executor-thread-3066#
[PollExecuteTaskStatusExecution] 2d23200b-60aa-4519-b7f8-9f40de7a8ecc [2026-08-25T08:58:48.745487] run `npm fund` for details (STDOUT, STG)#
#2026 08 25 11:29:16.915#Z#DEBUG#1118e5ca-a078-11f1-87c7-eeee0a8e79e5.ResilienceCockpit-db-deployer#flowable-async-job-executor-thread-3066#
[PollExecuteTaskStatusExecution] 2d23200b-60aa-4519-b7f8-9f40de7a8ecc [2026-08-25T08:58:49.188414] Contrast Security no credentials found. Will not write environment files. (STDOUT, STG)#
#2026 08 25 11:29:16.915#Z#DEBUG#1118e5ca-a078-11f1-87c7-eeee0a8e79e5.ResilienceCockpit-db-deployer#flowable-async-job-executor-thread-3066#
[PollExecuteTaskStatusExecution] 2d23200b-60aa-4519-b7f8-9f40de7a8ecc [2026-08-25T08:58:56.750410] Exit status 0 (STDOUT, STG)#
#2026 08 25 11:29:16.915#Z#DEBUG#1118e5ca-a078-11f1-87c7-eeee0a8e79e5.ResilienceCockpit-db-deployer#flowable-async-job-executor-thread-3066#
[PollExecuteTaskStatusExecution] 2d23200b-60aa-4519-b7f8-9f40de7a8ecc [2026-08-25T08:58:56.750457] Uploading droplet, build artifacts cache... (STDOUT, STG)#
#2026 08 25 11:29:16.915#Z#DEBUG#1118e5ca-a078-11f1-87c7-eeee0a8e79e5.ResilienceCockpit-db-deployer#flowable-async-job-executor-thread-3066#
[PollExecuteTaskStatusExecution] 2d23200b-60aa-4519-b7f8-9f40de7a8ecc [2026-08-25T08:58:56.750490] Uploading build artifacts cache... (STDOUT, STG)#
#2026 08 25 11:29:16.915#Z#DEBUG#1118e5ca-a078-11f1-87c7-eeee0a8e79e5.ResilienceCockpit-db-deployer#flowable-async-job-executor-thread-3066#
[PollExecuteTaskStatusExecution] 2d23200b-60aa-4519-b7f8-9f40de7a8ecc [2026-08-25T08:58:56.750520] Uploading droplet... (STDOUT, STG)#
#2026 08 25 11:29:16.915#Z#DEBUG#1118e5ca-a078-11f1-87c7-eeee0a8e79e5.ResilienceCockpit-db-deployer#flowable-async-job-executor-thread-3066#
[PollExecuteTaskStatusExecution] 2d23200b-60aa-4519-b7f8-9f40de7a8ecc [2026-08-25T08:58:56.765229] Uploaded build artifacts cache (220B) (STDOUT, STG)#
#2026 08 25 11:29:16.915#Z#DEBUG#1118e5ca-a078-11f1-87c7-eeee0a8e79e5.ResilienceCockpit-db-deployer#flowable-async-job-executor-thread-3066#
[PollExecuteTaskStatusExecution] 2d23200b-60aa-4519-b7f8-9f40de7a8ecc [2026-08-25T08:58:57.272641] Creating droplet for app with guid 2d23200b-60aa-4519-b7f8-9f40de7a8ecc (STDOUT, API)#
#2026 08 25 11:29:16.915#Z#DEBUG#1118e5ca-a078-11f1-87c7-eeee0a8e79e5.ResilienceCockpit-db-deployer#flowable-async-job-executor-thread-3066#
[PollExecuteTaskStatusExecution] 2d23200b-60aa-4519-b7f8-9f40de7a8ecc [2026-08-25T08:59:00.337833] Uploaded droplet (59.3M) (STDOUT, STG)#
#2026 08 25 11:29:16.915#Z#DEBUG#1118e5ca-a078-11f1-87c7-eeee0a8e79e5.ResilienceCockpit-db-deployer#flowable-async-job-executor-thread-3066#
[PollExecuteTaskStatusExecution] 2d23200b-60aa-4519-b7f8-9f40de7a8ecc [2026-08-25T08:59:00.351509] Uploading complete (STDOUT, STG)#
#2026 08 25 11:29:16.915#Z#DEBUG#1118e5ca-a078-11f1-87c7-eeee0a8e79e5.ResilienceCockpit-db-deployer#flowable-async-job-executor-thread-3066#
[PollExecuteTaskStatusExecution] 2d23200b-60aa-4519-b7f8-9f40de7a8ecc [2026-08-25T08:59:00.596509] Cell 919653e1-7038-451d-ac9f-e4bd0de8dbda stopping instance 654601d5-baf4-4dc9-b209-ecb3e8bacfba (STDOUT, STG)#
#2026 08 25 11:29:16.915#Z#DEBUG#1118e5ca-a078-11f1-87c7-eeee0a8e79e5.ResilienceCockpit-db-deployer#flowable-async-job-executor-thread-3066#
[PollExecuteTaskStatusExecution] 2d23200b-60aa-4519-b7f8-9f40de7a8ecc [2026-08-25T08:59:00.596602] Cell 919653e1-7038-451d-ac9f-e4bd0de8dbda destroying container for instance 654601d5-baf4-4dc9-b209-ecb3e8bacfba (STDOUT, STG)#
#2026 08 25 11:29:16.915#Z#DEBUG#1118e5ca-a078-11f1-87c7-eeee0a8e79e5.ResilienceCockpit-db-deployer#flowable-async-job-executor-thread-3066#
[PollExecuteTaskStatusExecution] 2d23200b-60aa-4519-b7f8-9f40de7a8ecc [2026-08-25T08:59:00.664531] Staging complete for build 654601d5-baf4-4dc9-b209-ecb3e8bacfba (STDOUT, API)#
#2026 08 25 11:29:16.915#Z#DEBUG#1118e5ca-a078-11f1-87c7-eeee0a8e79e5.ResilienceCockpit-db-deployer#flowable-async-job-executor-thread-3066#
[PollExecuteTaskStatusExecution] 2d23200b-60aa-4519-b7f8-9f40de7a8ecc [2026-08-25T08:59:01.534915] Updated app with guid 2d23200b-60aa-4519-b7f8-9f40de7a8ecc ({:droplet_guid=>"7abbfbde-772a-46f1-a8aa-a5b9a327d521"}) (STDOUT, API)#
#2026 08 25 11:29:16.915#Z#DEBUG#1118e5ca-a078-11f1-87c7-eeee0a8e79e5.ResilienceCockpit-db-deployer#flowable-async-job-executor-thread-3066#
[PollExecuteTaskStatusExecution] 2d23200b-60aa-4519-b7f8-9f40de7a8ecc [2026-08-25T08:59:01.906549] Cell 919653e1-7038-451d-ac9f-e4bd0de8dbda successfully destroyed container for instance 654601d5-baf4-4dc9-b209-ecb3e8bacfba (STDOUT, STG)#
#2026 08 25 11:29:16.915#Z#DEBUG#1118e5ca-a078-11f1-87c7-eeee0a8e79e5.ResilienceCockpit-db-deployer#flowable-async-job-executor-thread-3066#
[PollExecuteTaskStatusExecution] 2d23200b-60aa-4519-b7f8-9f40de7a8ecc [2026-08-25T08:59:01.908160] Cell 911a2f96-661c-46fd-ae0b-1bce220e9e4e creating container for instance a892dc57-6336-47b3-a179-58cf8145c724 (STDOUT, CELL)#
#2026 08 25 11:29:16.915#Z#DEBUG#1118e5ca-a078-11f1-87c7-eeee0a8e79e5.ResilienceCockpit-db-deployer#flowable-async-job-executor-thread-3066#
[PollExecuteTaskStatusExecution] 2d23200b-60aa-4519-b7f8-9f40de7a8ecc [2026-08-25T08:59:02.209758] Security group rules were updated (STDOUT, CELL)#
#2026 08 25 11:29:16.915#Z#DEBUG#1118e5ca-a078-11f1-87c7-eeee0a8e79e5.ResilienceCockpit-db-deployer#flowable-async-job-executor-thread-3066#
[PollExecuteTaskStatusExecution] 2d23200b-60aa-4519-b7f8-9f40de7a8ecc [2026-08-25T08:59:02.263837] Cell 911a2f96-661c-46fd-ae0b-1bce220e9e4e successfully created container for instance a892dc57-6336-47b3-a179-58cf8145c724 (STDOUT, CELL)#
#2026 08 25 11:29:16.915#Z#DEBUG#1118e5ca-a078-11f1-87c7-eeee0a8e79e5.ResilienceCockpit-db-deployer#flowable-async-job-executor-thread-3066#
[PollExecuteTaskStatusExecution] 2d23200b-60aa-4519-b7f8-9f40de7a8ecc [2026-08-25T08:59:05.624744] Invoking pre-start scripts. (STDOUT, APP/TASK/deploy)#
#2026 08 25 11:29:16.915#Z#DEBUG#1118e5ca-a078-11f1-87c7-eeee0a8e79e5.ResilienceCockpit-db-deployer#flowable-async-job-executor-thread-3066#
[PollExecuteTaskStatusExecution] 2d23200b-60aa-4519-b7f8-9f40de7a8ecc [2026-08-25T08:59:05.761978] Invoking start command. (STDOUT, APP/TASK/deploy)#
#2026 08 25 11:29:16.915#Z#DEBUG#1118e5ca-a078-11f1-87c7-eeee0a8e79e5.ResilienceCockpit-db-deployer#flowable-async-job-executor-thread-3066#
[PollExecuteTaskStatusExecution] 2d23200b-60aa-4519-b7f8-9f40de7a8ecc [2026-08-25T08:59:06.053912] > start (STDOUT, APP/TASK/deploy)#
#2026 08 25 11:29:16.915#Z#DEBUG#1118e5ca-a078-11f1-87c7-eeee0a8e79e5.ResilienceCockpit-db-deployer#flowable-async-job-executor-thread-3066#
[PollExecuteTaskStatusExecution] 2d23200b-60aa-4519-b7f8-9f40de7a8ecc [2026-08-25T08:59:06.053935] > node node_modules/@sap/hdi-deploy/deploy.js --use-hdb --parameter com.sap.hana.di.table/try_fast_table_migration=true (STDOUT, APP/TASK/deploy)#
#2026 08 25 11:29:16.915#Z#DEBUG#1118e5ca-a078-11f1-87c7-eeee0a8e79e5.ResilienceCockpit-db-deployer#flowable-async-job-executor-thread-3066#
[PollExecuteTaskStatusExecution] 2d23200b-60aa-4519-b7f8-9f40de7a8ecc [2026-08-25T08:59:06.157610] VCAP_SERVICES: (STDOUT, APP/TASK/deploy)#
#2026 08 25 11:29:16.915#Z#DEBUG#1118e5ca-a078-11f1-87c7-eeee0a8e79e5.ResilienceCockpit-db-deployer#flowable-async-job-executor-thread-3066#
[PollExecuteTaskStatusExecution] 2d23200b-60aa-4519-b7f8-9f40de7a8ecc [2026-08-25T08:59:06.157967] { (STDOUT, APP/TASK/deploy)#
#2026 08 25 11:29:16.915#Z#DEBUG#1118e5ca-a078-11f1-87c7-eeee0a8e79e5.ResilienceCockpit-db-deployer#flowable-async-job-executor-thread-3066#
[PollExecuteTaskStatusExecution] 2d23200b-60aa-4519-b7f8-9f40de7a8ecc [2026-08-25T08:59:06.157982] "hana": [ (STDOUT, APP/TASK/deploy)#
#2026 08 25 11:29:16.915#Z#DEBUG#1118e5ca-a078-11f1-87c7-eeee0a8e79e5.ResilienceCockpit-db-deployer#flowable-async-job-executor-thread-3066#
[PollExecuteTaskStatusExecution] 2d23200b-60aa-4519-b7f8-9f40de7a8ecc [2026-08-25T08:59:06.157985] { (STDOUT, APP/TASK/deploy)#
#2026 08 25 11:29:16.915#Z#DEBUG#1118e5ca-a078-11f1-87c7-eeee0a8e79e5.ResilienceCockpit-db-deployer#flowable-async-job-executor-thread-3066#
[PollExecuteTaskStatusExecution] 2d23200b-60aa-4519-b7f8-9f40de7a8ecc [2026-08-25T08:59:06.157987] "name": "ResilienceCockpit-db", (STDOUT, APP/TASK/deploy)#
#2026 08 25 11:29:16.915#Z#DEBUG#1118e5ca-a078-11f1-87c7-eeee0a8e79e5.ResilienceCockpit-db-deployer#flowable-async-job-executor-thread-3066#
[PollExecuteTaskStatusExecution] 2d23200b-60aa-4519-b7f8-9f40de7a8ecc [2026-08-25T08:59:06.157990] "label": "hana", (STDOUT, APP/TASK/deploy)#
#2026 08 25 11:29:16.915#Z#DEBUG#1118e5ca-a078-11f1-87c7-eeee0a8e79e5.ResilienceCockpit-db-deployer#flowable-async-job-executor-thread-3066#
[PollExecuteTaskStatusExecution] 2d23200b-60aa-4519-b7f8-9f40de7a8ecc [2026-08-25T08:59:06.157992] "plan": "hdi-shared", (STDOUT, APP/TASK/deploy)#
#2026 08 25 11:29:16.915#Z#DEBUG#1118e5ca-a078-11f1-87c7-eeee0a8e79e5.ResilienceCockpit-db-deployer#flowable-async-job-executor-thread-3066#
[PollExecuteTaskStatusExecution] 2d23200b-60aa-4519-b7f8-9f40de7a8ecc [2026-08-25T08:59:06.157994] "credentials": { (STDOUT, APP/TASK/deploy)#
#2026 08 25 11:29:16.915#Z#DEBUG#1118e5ca-a078-11f1-87c7-eeee0a8e79e5.ResilienceCockpit-db-deployer#flowable-async-job-executor-thread-3066#
[PollExecuteTaskStatusExecution] 2d23200b-60aa-4519-b7f8-9f40de7a8ecc [2026-08-25T08:59:06.157998] "schema": "8697B1A4A8B84AC49EFF171810969752", (STDOUT, APP/TASK/deploy)#
#2026 08 25 11:29:16.915#Z#DEBUG#1118e5ca-a078-11f1-87c7-eeee0a8e79e5.ResilienceCockpit-db-deployer#flowable-async-job-executor-thread-3066#
[PollExecuteTaskStatusExecution] 2d23200b-60aa-4519-b7f8-9f40de7a8ecc [2026-08-25T08:59:06.158] "database_id": "eb9e608b-a8d8-462e-98e7-906abde25244", (STDOUT, APP/TASK/deploy)#
#2026 08 25 11:29:16.915#Z#DEBUG#1118e5ca-a078-11f1-87c7-eeee0a8e79e5.ResilienceCockpit-db-deployer#flowable-async-job-executor-thread-3066#
[PollExecuteTaskStatusExecution] 2d23200b-60aa-4519-b7f8-9f40de7a8ecc [2026-08-25T08:59:06.158008] "user": "8697B1A4A8B84AC49EFF171810969752_94GU5GV2BBQ6JWQX102ZOJ91W_RT", (STDOUT, APP/TASK/deploy)#
#2026 08 25 11:29:16.915#Z#DEBUG#1118e5ca-a078-11f1-87c7-eeee0a8e79e5.ResilienceCockpit-db-deployer#flowable-async-job-executor-thread-3066#
[PollExecuteTaskStatusExecution] 2d23200b-60aa-4519-b7f8-9f40de7a8ecc [2026-08-25T08:59:06.158012] "hdi_user": "8697B1A4A8B84AC49EFF171810969752_94GU5GV2BBQ6JWQX102ZOJ91W_DT" (STDOUT, APP/TASK/deploy)#
#2026 08 25 11:29:16.915#Z#DEBUG#1118e5ca-a078-11f1-87c7-eeee0a8e79e5.ResilienceCockpit-db-deployer#flowable-async-job-executor-thread-3066#
[PollExecuteTaskStatusExecution] 2d23200b-60aa-4519-b7f8-9f40de7a8ecc [2026-08-25T08:59:06.158016] }, (STDOUT, APP/TASK/deploy)#
#2026 08 25 11:29:16.915#Z#DEBUG#1118e5ca-a078-11f1-87c7-eeee0a8e79e5.ResilienceCockpit-db-deployer#flowable-async-job-executor-thread-3066#
[PollExecuteTaskStatusExecution] 2d23200b-60aa-4519-b7f8-9f40de7a8ecc [2026-08-25T08:59:06.158018] "tags": [ (STDOUT, APP/TASK/deploy)#
#2026 08 25 11:29:16.915#Z#DEBUG#1118e5ca-a078-11f1-87c7-eeee0a8e79e5.ResilienceCockpit-db-deployer#flowable-async-job-executor-thread-3066#
[PollExecuteTaskStatusExecution] 2d23200b-60aa-4519-b7f8-9f40de7a8ecc [2026-08-25T08:59:06.158020] "hana", (STDOUT, APP/TASK/deploy)#
#2026 08 25 11:29:16.915#Z#DEBUG#1118e5ca-a078-11f1-87c7-eeee0a8e79e5.ResilienceCockpit-db-deployer#flowable-async-job-executor-thread-3066#
[PollExecuteTaskStatusExecution] 2d23200b-60aa-4519-b7f8-9f40de7a8ecc [2026-08-25T08:59:06.158022] "database", (STDOUT, APP/TASK/deploy)#
#2026 08 25 11:29:16.915#Z#DEBUG#1118e5ca-a078-11f1-87c7-eeee0a8e79e5.ResilienceCockpit-db-deployer#flowable-async-job-executor-thread-3066#
[PollExecuteTaskStatusExecution] 2d23200b-60aa-4519-b7f8-9f40de7a8ecc [2026-08-25T08:59:06.158024] "relational" (STDOUT, APP/TASK/deploy)#
#2026 08 25 11:29:16.915#Z#DEBUG#1118e5ca-a078-11f1-87c7-eeee0a8e79e5.ResilienceCockpit-db-deployer#flowable-async-job-executor-thread-3066#
[PollExecuteTaskStatusExecution] 2d23200b-60aa-4519-b7f8-9f40de7a8ecc [2026-08-25T08:59:06.158026] ] (STDOUT, APP/TASK/deploy)#
#2026 08 25 11:29:16.915#Z#DEBUG#1118e5ca-a078-11f1-87c7-eeee0a8e79e5.ResilienceCockpit-db-deployer#flowable-async-job-executor-thread-3066#
[PollExecuteTaskStatusExecution] 2d23200b-60aa-4519-b7f8-9f40de7a8ecc [2026-08-25T08:59:06.158027] } (STDOUT, APP/TASK/deploy)#
#2026 08 25 11:29:16.915#Z#DEBUG#1118e5ca-a078-11f1-87c7-eeee0a8e79e5.ResilienceCockpit-db-deployer#flowable-async-job-executor-thread-3066#
[PollExecuteTaskStatusExecution] 2d23200b-60aa-4519-b7f8-9f40de7a8ecc [2026-08-25T08:59:06.158030] ] (STDOUT, APP/TASK/deploy)#
#2026 08 25 11:29:16.915#Z#DEBUG#1118e5ca-a078-11f1-87c7-eeee0a8e79e5.ResilienceCockpit-db-deployer#flowable-async-job-executor-thread-3066#
[PollExecuteTaskStatusExecution] 2d23200b-60aa-4519-b7f8-9f40de7a8ecc [2026-08-25T08:59:06.158031] } (STDOUT, APP/TASK/deploy)#
#2026 08 25 11:29:16.915#Z#DEBUG#1118e5ca-a078-11f1-87c7-eeee0a8e79e5.ResilienceCockpit-db-deployer#flowable-async-job-executor-thread-3066#
[PollExecuteTaskStatusExecution] 2d23200b-60aa-4519-b7f8-9f40de7a8ecc [2026-08-25T08:59:06.501078] @sap/hdi-deploy, version 5.7.0 (mode default), server version 4.00.000.00.1785832557 (4.0.0.0), cloud version 2026.14.14, node version 24.18.0, HDI version 1016, container API version 1007 (STDOUT, APP/TASK/deploy)#
#2026 08 25 11:29:16.915#Z#DEBUG#1118e5ca-a078-11f1-87c7-eeee0a8e79e5.ResilienceCockpit-db-deployer#flowable-async-job-executor-thread-3066#
[PollExecuteTaskStatusExecution] 2d23200b-60aa-4519-b7f8-9f40de7a8ecc [2026-08-25T08:59:06.501137] Deployment started at 2026-08-25 08:59:06 (STDOUT, APP/TASK/deploy)#
#2026 08 25 11:29:16.915#Z#DEBUG#1118e5ca-a078-11f1-87c7-eeee0a8e79e5.ResilienceCockpit-db-deployer#flowable-async-job-executor-thread-3066#
[PollExecuteTaskStatusExecution] 2d23200b-60aa-4519-b7f8-9f40de7a8ecc [2026-08-25T08:59:06.501304] Using hdb@2.29.6 for connection (STDOUT, APP/TASK/deploy)#
#2026 08 25 11:29:16.915#Z#DEBUG#1118e5ca-a078-11f1-87c7-eeee0a8e79e5.ResilienceCockpit-db-deployer#flowable-async-job-executor-thread-3066#
[PollExecuteTaskStatusExecution] 2d23200b-60aa-4519-b7f8-9f40de7a8ecc [2026-08-25T08:59:06.514592] No ignore file at /home/vcap/app/.hdiignore. (STDOUT, APP/TASK/deploy)#
#2026 08 25 11:29:16.915#Z#DEBUG#1118e5ca-a078-11f1-87c7-eeee0a8e79e5.ResilienceCockpit-db-deployer#flowable-async-job-executor-thread-3066#
[PollExecuteTaskStatusExecution] 2d23200b-60aa-4519-b7f8-9f40de7a8ecc [2026-08-25T08:59:06.514789] Collecting files... (STDOUT, APP/TASK/deploy)#
#2026 08 25 11:29:16.915#Z#DEBUG#1118e5ca-a078-11f1-87c7-eeee0a8e79e5.ResilienceCockpit-db-deployer#flowable-async-job-executor-thread-3066#
[PollExecuteTaskStatusExecution] 2d23200b-60aa-4519-b7f8-9f40de7a8ecc [2026-08-25T08:59:06.519516] Collecting files... ok (0s 5ms) (STDOUT, APP/TASK/deploy)#
#2026 08 25 11:29:16.915#Z#DEBUG#1118e5ca-a078-11f1-87c7-eeee0a8e79e5.ResilienceCockpit-db-deployer#flowable-async-job-executor-thread-3066#
[PollExecuteTaskStatusExecution] 2d23200b-60aa-4519-b7f8-9f40de7a8ecc [2026-08-25T08:59:06.519545] 3 directories collected (STDOUT, APP/TASK/deploy)#
#2026 08 25 11:29:16.915#Z#DEBUG#1118e5ca-a078-11f1-87c7-eeee0a8e79e5.ResilienceCockpit-db-deployer#flowable-async-job-executor-thread-3066#
[PollExecuteTaskStatusExecution] 2d23200b-60aa-4519-b7f8-9f40de7a8ecc [2026-08-25T08:59:06.519555] 100 files collected (STDOUT, APP/TASK/deploy)#
#2026 08 25 11:29:16.915#Z#DEBUG#1118e5ca-a078-11f1-87c7-eeee0a8e79e5.ResilienceCockpit-db-deployer#flowable-async-job-executor-thread-3066#
[PollExecuteTaskStatusExecution] 2d23200b-60aa-4519-b7f8-9f40de7a8ecc [2026-08-25T08:59:06.519558] 0 reusable modules collected (STDOUT, APP/TASK/deploy)#
#2026 08 25 11:29:16.915#Z#DEBUG#1118e5ca-a078-11f1-87c7-eeee0a8e79e5.ResilienceCockpit-db-deployer#flowable-async-job-executor-thread-3066#
[PollExecuteTaskStatusExecution] 2d23200b-60aa-4519-b7f8-9f40de7a8ecc [2026-08-25T08:59:06.519627] Target service: ResilienceCockpit-db (STDOUT, APP/TASK/deploy)#
#2026 08 25 11:29:16.915#Z#DEBUG#1118e5ca-a078-11f1-87c7-eeee0a8e79e5.ResilienceCockpit-db-deployer#flowable-async-job-executor-thread-3066#
[PollExecuteTaskStatusExecution] 2d23200b-60aa-4519-b7f8-9f40de7a8ecc [2026-08-25T08:59:06.658825] Previous build with request ID 60 finished at 2026-08-25T08:52:57.928 with status Rolled back and message: Starting make in the container "8697B1A4A8B84AC49EFF171810969752" with 0 files to deploy, 0 files to undeploy... ok. (STDOUT, APP/TASK/deploy)#
#2026 08 25 11:29:16.915#Z#DEBUG#1118e5ca-a078-11f1-87c7-eeee0a8e79e5.ResilienceCockpit-db-deployer#flowable-async-job-executor-thread-3066#
[PollExecuteTaskStatusExecution] 2d23200b-60aa-4519-b7f8-9f40de7a8ecc [2026-08-25T08:59:06.658950] Processing revoke files... (STDOUT, APP/TASK/deploy)#
#2026 08 25 11:29:16.915#Z#DEBUG#1118e5ca-a078-11f1-87c7-eeee0a8e79e5.ResilienceCockpit-db-deployer#flowable-async-job-executor-thread-3066#
[PollExecuteTaskStatusExecution] 2d23200b-60aa-4519-b7f8-9f40de7a8ecc [2026-08-25T08:59:06.659025] Processing revoke files... ok (0s 0ms) (STDOUT, APP/TASK/deploy)#
#2026 08 25 11:29:16.915#Z#DEBUG#1118e5ca-a078-11f1-87c7-eeee0a8e79e5.ResilienceCockpit-db-deployer#flowable-async-job-executor-thread-3066#
[PollExecuteTaskStatusExecution] 2d23200b-60aa-4519-b7f8-9f40de7a8ecc [2026-08-25T08:59:06.659193] Processing grants files... (STDOUT, APP/TASK/deploy)#
#2026 08 25 11:29:16.915#Z#DEBUG#1118e5ca-a078-11f1-87c7-eeee0a8e79e5.ResilienceCockpit-db-deployer#flowable-async-job-executor-thread-3066#
[PollExecuteTaskStatusExecution] 2d23200b-60aa-4519-b7f8-9f40de7a8ecc [2026-08-25T08:59:06.659239] Processing grants files... ok (0s 0ms) (STDOUT, APP/TASK/deploy)#
#2026 08 25 11:29:16.915#Z#DEBUG#1118e5ca-a078-11f1-87c7-eeee0a8e79e5.ResilienceCockpit-db-deployer#flowable-async-job-executor-thread-3066#
[PollExecuteTaskStatusExecution] 2d23200b-60aa-4519-b7f8-9f40de7a8ecc [2026-08-25T08:59:06.660961] Preprocessing files... (STDOUT, APP/TASK/deploy)#
#2026 08 25 11:29:16.915#Z#DEBUG#1118e5ca-a078-11f1-87c7-eeee0a8e79e5.ResilienceCockpit-db-deployer#flowable-async-job-executor-thread-3066#
[PollExecuteTaskStatusExecution] 2d23200b-60aa-4519-b7f8-9f40de7a8ecc [2026-08-25T08:59:06.661159] Preprocessing files... ok (0s 0ms) (STDOUT, APP/TASK/deploy)#
#2026 08 25 11:29:16.915#Z#DEBUG#1118e5ca-a078-11f1-87c7-eeee0a8e79e5.ResilienceCockpit-db-deployer#flowable-async-job-executor-thread-3066#
[PollExecuteTaskStatusExecution] 2d23200b-60aa-4519-b7f8-9f40de7a8ecc [2026-08-25T08:59:06.661289] Connecting to the container "8697B1A4A8B84AC49EFF171810969752"... (STDOUT, APP/TASK/deploy)#
#2026 08 25 11:29:16.915#Z#DEBUG#1118e5ca-a078-11f1-87c7-eeee0a8e79e5.ResilienceCockpit-db-deployer#flowable-async-job-executor-thread-3066#
[PollExecuteTaskStatusExecution] 2d23200b-60aa-4519-b7f8-9f40de7a8ecc [2026-08-25T08:59:06.718118] Connecting to the container "8697B1A4A8B84AC49EFF171810969752"... ok (0s 57ms) (STDOUT, APP/TASK/deploy)#
#2026 08 25 11:29:16.915#Z#DEBUG#1118e5ca-a078-11f1-87c7-eeee0a8e79e5.ResilienceCockpit-db-deployer#flowable-async-job-executor-thread-3066#
[PollExecuteTaskStatusExecution] 2d23200b-60aa-4519-b7f8-9f40de7a8ecc [2026-08-25T08:59:06.718132] Locking the container "8697B1A4A8B84AC49EFF171810969752"... (STDOUT, APP/TASK/deploy)#
#2026 08 25 11:29:16.915#Z#DEBUG#1118e5ca-a078-11f1-87c7-eeee0a8e79e5.ResilienceCockpit-db-deployer#flowable-async-job-executor-thread-3066#
[PollExecuteTaskStatusExecution] 2d23200b-60aa-4519-b7f8-9f40de7a8ecc [2026-08-25T08:59:06.826245] Locking the container "8697B1A4A8B84AC49EFF171810969752"... ok (0s 108ms) (STDOUT, APP/TASK/deploy)#
#2026 08 25 11:29:16.915#Z#DEBUG#1118e5ca-a078-11f1-87c7-eeee0a8e79e5.ResilienceCockpit-db-deployer#flowable-async-job-executor-thread-3066#
[PollExecuteTaskStatusExecution] 2d23200b-60aa-4519-b7f8-9f40de7a8ecc [2026-08-25T08:59:06.826262] Synchronizing files with the container "8697B1A4A8B84AC49EFF171810969752"... (STDOUT, APP/TASK/deploy)#
#2026 08 25 11:29:16.915#Z#DEBUG#1118e5ca-a078-11f1-87c7-eeee0a8e79e5.ResilienceCockpit-db-deployer#flowable-async-job-executor-thread-3066#
[PollExecuteTaskStatusExecution] 2d23200b-60aa-4519-b7f8-9f40de7a8ecc [2026-08-25T08:59:07.041657] Deleting files... (STDOUT, APP/TASK/deploy)#
#2026 08 25 11:29:16.915#Z#DEBUG#1118e5ca-a078-11f1-87c7-eeee0a8e79e5.ResilienceCockpit-db-deployer#flowable-async-job-executor-thread-3066#
[PollExecuteTaskStatusExecution] 2d23200b-60aa-4519-b7f8-9f40de7a8ecc [2026-08-25T08:59:07.176474] Deleting files... ok (STDOUT, APP/TASK/deploy)#
#2026 08 25 11:29:16.915#Z#DEBUG#1118e5ca-a078-11f1-87c7-eeee0a8e79e5.ResilienceCockpit-db-deployer#flowable-async-job-executor-thread-3066#
[PollExecuteTaskStatusExecution] 2d23200b-60aa-4519-b7f8-9f40de7a8ecc [2026-08-25T08:59:07.176496] Writing files... (STDOUT, APP/TASK/deploy)#
#2026 08 25 11:29:16.915#Z#DEBUG#1118e5ca-a078-11f1-87c7-eeee0a8e79e5.ResilienceCockpit-db-deployer#flowable-async-job-executor-thread-3066#
[PollExecuteTaskStatusExecution] 2d23200b-60aa-4519-b7f8-9f40de7a8ecc [2026-08-25T08:59:07.176625] Writing 3 items (STDOUT, APP/TASK/deploy)#
#2026 08 25 11:29:16.915#Z#DEBUG#1118e5ca-a078-11f1-87c7-eeee0a8e79e5.ResilienceCockpit-db-deployer#flowable-async-job-executor-thread-3066#
[PollExecuteTaskStatusExecution] 2d23200b-60aa-4519-b7f8-9f40de7a8ecc [2026-08-25T08:59:07.317140] Writing files... ok (STDOUT, APP/TASK/deploy)#
#2026 08 25 11:29:16.915#Z#DEBUG#1118e5ca-a078-11f1-87c7-eeee0a8e79e5.ResilienceCockpit-db-deployer#flowable-async-job-executor-thread-3066#
[PollExecuteTaskStatusExecution] 2d23200b-60aa-4519-b7f8-9f40de7a8ecc [2026-08-25T08:59:07.317155] Synchronizing files with the container "8697B1A4A8B84AC49EFF171810969752"... ok (0s 491ms) (STDOUT, APP/TASK/deploy)#
#2026 08 25 11:29:16.915#Z#DEBUG#1118e5ca-a078-11f1-87c7-eeee0a8e79e5.ResilienceCockpit-db-deployer#flowable-async-job-executor-thread-3066#
[PollExecuteTaskStatusExecution] 2d23200b-60aa-4519-b7f8-9f40de7a8ecc [2026-08-25T08:59:07.317405] added files: [] (STDOUT, APP/TASK/deploy)#
#2026 08 25 11:29:16.915#Z#DEBUG#1118e5ca-a078-11f1-87c7-eeee0a8e79e5.ResilienceCockpit-db-deployer#flowable-async-job-executor-thread-3066#
[PollExecuteTaskStatusExecution] 2d23200b-60aa-4519-b7f8-9f40de7a8ecc [2026-08-25T08:59:07.317415] modified files: [] (STDOUT, APP/TASK/deploy)#
#2026 08 25 11:29:16.915#Z#DEBUG#1118e5ca-a078-11f1-87c7-eeee0a8e79e5.ResilienceCockpit-db-deployer#flowable-async-job-executor-thread-3066#
[PollExecuteTaskStatusExecution] 2d23200b-60aa-4519-b7f8-9f40de7a8ecc [2026-08-25T08:59:07.317422] deleted files: [] (STDOUT, APP/TASK/deploy)#
#2026 08 25 11:29:16.915#Z#DEBUG#1118e5ca-a078-11f1-87c7-eeee0a8e79e5.ResilienceCockpit-db-deployer#flowable-async-job-executor-thread-3066#
[PollExecuteTaskStatusExecution] 2d23200b-60aa-4519-b7f8-9f40de7a8ecc [2026-08-25T08:59:07.317552] 0 modified or added files are scheduled for deploy based on delta detection (STDOUT, APP/TASK/deploy)#
#2026 08 25 11:29:16.915#Z#DEBUG#1118e5ca-a078-11f1-87c7-eeee0a8e79e5.ResilienceCockpit-db-deployer#flowable-async-job-executor-thread-3066#
[PollExecuteTaskStatusExecution] 2d23200b-60aa-4519-b7f8-9f40de7a8ecc [2026-08-25T08:59:07.317738] 0 deleted files are scheduled for undeploy based on delta detection (filtered by undeploy allowlist) (STDOUT, APP/TASK/deploy)#
#2026 08 25 11:29:16.915#Z#DEBUG#1118e5ca-a078-11f1-87c7-eeee0a8e79e5.ResilienceCockpit-db-deployer#flowable-async-job-executor-thread-3066#
[PollExecuteTaskStatusExecution] 2d23200b-60aa-4519-b7f8-9f40de7a8ecc [2026-08-25T08:59:07.317824] 0 files are scheduled for deploy based on explicit specification (STDOUT, APP/TASK/deploy)#
#2026 08 25 11:29:16.916#Z#DEBUG#1118e5ca-a078-11f1-87c7-eeee0a8e79e5.ResilienceCockpit-db-deployer#flowable-async-job-executor-thread-3066#
[PollExecuteTaskStatusExecution] 2d23200b-60aa-4519-b7f8-9f40de7a8ecc [2026-08-25T08:59:07.317853] 0 files are scheduled for undeploy based on explicit specification (STDOUT, APP/TASK/deploy)#
#2026 08 25 11:29:16.916#Z#DEBUG#1118e5ca-a078-11f1-87c7-eeee0a8e79e5.ResilienceCockpit-db-deployer#flowable-async-job-executor-thread-3066#
[PollExecuteTaskStatusExecution] 2d23200b-60aa-4519-b7f8-9f40de7a8ecc [2026-08-25T08:59:07.317883] Deploying to the container "8697B1A4A8B84AC49EFF171810969752"... (STDOUT, APP/TASK/deploy)#
#2026 08 25 11:29:16.916#Z#DEBUG#1118e5ca-a078-11f1-87c7-eeee0a8e79e5.ResilienceCockpit-db-deployer#flowable-async-job-executor-thread-3066#
[PollExecuteTaskStatusExecution] 2d23200b-60aa-4519-b7f8-9f40de7a8ecc [2026-08-25T08:59:07.618960] Starting make in the container "8697B1A4A8B84AC49EFF171810969752" with 0 files to deploy, 0 files to undeploy... (STDOUT, APP/TASK/deploy)#
#2026 08 25 11:29:16.916#Z#DEBUG#1118e5ca-a078-11f1-87c7-eeee0a8e79e5.ResilienceCockpit-db-deployer#flowable-async-job-executor-thread-3066#
[PollExecuteTaskStatusExecution] 2d23200b-60aa-4519-b7f8-9f40de7a8ecc [2026-08-25T08:59:07.618975] Disabling table replication for the container schema "8697B1A4A8B84AC49EFF171810969752"... (STDOUT, APP/TASK/deploy)#
#2026 08 25 11:29:16.916#Z#DEBUG#1118e5ca-a078-11f1-87c7-eeee0a8e79e5.ResilienceCockpit-db-deployer#flowable-async-job-executor-thread-3066#
[PollExecuteTaskStatusExecution] 2d23200b-60aa-4519-b7f8-9f40de7a8ecc [2026-08-25T08:59:07.618979] Disabling table replication for the container schema "8697B1A4A8B84AC49EFF171810969752"... ok (0s 14ms) (STDOUT, APP/TASK/deploy)#
#2026 08 25 11:29:16.916#Z#DEBUG#1118e5ca-a078-11f1-87c7-eeee0a8e79e5.ResilienceCockpit-db-deployer#flowable-async-job-executor-thread-3066#
[PollExecuteTaskStatusExecution] 2d23200b-60aa-4519-b7f8-9f40de7a8ecc [2026-08-25T08:59:07.618982] Migrating libraries... (STDOUT, APP/TASK/deploy)#
#2026 08 25 11:29:16.916#Z#DEBUG#1118e5ca-a078-11f1-87c7-eeee0a8e79e5.ResilienceCockpit-db-deployer#flowable-async-job-executor-thread-3066#
[PollExecuteTaskStatusExecution] 2d23200b-60aa-4519-b7f8-9f40de7a8ecc [2026-08-25T08:59:07.618984] Migrating libraries... ok (0s 17ms) (STDOUT, APP/TASK/deploy)#
#2026 08 25 11:29:16.916#Z#DEBUG#1118e5ca-a078-11f1-87c7-eeee0a8e79e5.ResilienceCockpit-db-deployer#flowable-async-job-executor-thread-3066#
[PollExecuteTaskStatusExecution] 2d23200b-60aa-4519-b7f8-9f40de7a8ecc [2026-08-25T08:59:07.618986] Making... (STDOUT, APP/TASK/deploy)#
#2026 08 25 11:29:16.916#Z#DEBUG#1118e5ca-a078-11f1-87c7-eeee0a8e79e5.ResilienceCockpit-db-deployer#flowable-async-job-executor-thread-3066#
[PollExecuteTaskStatusExecution] 2d23200b-60aa-4519-b7f8-9f40de7a8ecc [2026-08-25T08:59:07.618988] Preparing... (STDOUT, APP/TASK/deploy)#
#2026 08 25 11:29:16.916#Z#DEBUG#1118e5ca-a078-11f1-87c7-eeee0a8e79e5.ResilienceCockpit-db-deployer#flowable-async-job-executor-thread-3066#
[PollExecuteTaskStatusExecution] 2d23200b-60aa-4519-b7f8-9f40de7a8ecc [2026-08-25T08:59:07.618989] Preparing... ok (0s 0ms) (STDOUT, APP/TASK/deploy)#
#2026 08 25 11:29:16.916#Z#DEBUG#1118e5ca-a078-11f1-87c7-eeee0a8e79e5.ResilienceCockpit-db-deployer#flowable-async-job-executor-thread-3066#
[PollExecuteTaskStatusExecution] 2d23200b-60aa-4519-b7f8-9f40de7a8ecc [2026-08-25T08:59:07.619018] Preparing the make transaction... (STDOUT, APP/TASK/deploy)#
#2026 08 25 11:29:16.916#Z#DEBUG#1118e5ca-a078-11f1-87c7-eeee0a8e79e5.ResilienceCockpit-db-deployer#flowable-async-job-executor-thread-3066#
[PollExecuteTaskStatusExecution] 2d23200b-60aa-4519-b7f8-9f40de7a8ecc [2026-08-25T08:59:07.619072] Preparing the make transaction... ok (0s 26ms) (STDOUT, APP/TASK/deploy)#
#2026 08 25 11:29:16.916#Z#DEBUG#1118e5ca-a078-11f1-87c7-eeee0a8e79e5.ResilienceCockpit-db-deployer#flowable-async-job-executor-thread-3066#
[PollExecuteTaskStatusExecution] 2d23200b-60aa-4519-b7f8-9f40de7a8ecc [2026-08-25T08:59:07.619080] Calculating dependencies... (STDOUT, APP/TASK/deploy)#
#2026 08 25 11:29:16.916#Z#DEBUG#1118e5ca-a078-11f1-87c7-eeee0a8e79e5.ResilienceCockpit-db-deployer#flowable-async-job-executor-thread-3066#
[PollExecuteTaskStatusExecution] 2d23200b-60aa-4519-b7f8-9f40de7a8ecc [2026-08-25T08:59:07.619084] Expanding... (STDOUT, APP/TASK/deploy)#
#2026 08 25 11:29:16.916#Z#DEBUG#1118e5ca-a078-11f1-87c7-eeee0a8e79e5.ResilienceCockpit-db-deployer#flowable-async-job-executor-thread-3066#
[PollExecuteTaskStatusExecution] 2d23200b-60aa-4519-b7f8-9f40de7a8ecc [2026-08-25T08:59:07.619089] Expanding... ok (0s 7ms) (STDOUT, APP/TASK/deploy)#
#2026 08 25 11:29:16.916#Z#DEBUG#1118e5ca-a078-11f1-87c7-eeee0a8e79e5.ResilienceCockpit-db-deployer#flowable-async-job-executor-thread-3066#
[PollExecuteTaskStatusExecution] 2d23200b-60aa-4519-b7f8-9f40de7a8ecc [2026-08-25T08:59:07.619100] Precompiling... (STDOUT, APP/TASK/deploy)#
#2026 08 25 11:29:16.916#Z#DEBUG#1118e5ca-a078-11f1-87c7-eeee0a8e79e5.ResilienceCockpit-db-deployer#flowable-async-job-executor-thread-3066#
[PollExecuteTaskStatusExecution] 2d23200b-60aa-4519-b7f8-9f40de7a8ecc [2026-08-25T08:59:07.619102] Precompiling... ok (0s 0ms) (STDOUT, APP/TASK/deploy)#
#2026 08 25 11:29:16.916#Z#DEBUG#1118e5ca-a078-11f1-87c7-eeee0a8e79e5.ResilienceCockpit-db-deployer#flowable-async-job-executor-thread-3066#
[PollExecuteTaskStatusExecution] 2d23200b-60aa-4519-b7f8-9f40de7a8ecc [2026-08-25T08:59:07.619104] Merging... (STDOUT, APP/TASK/deploy)#
#2026 08 25 11:29:16.916#Z#DEBUG#1118e5ca-a078-11f1-87c7-eeee0a8e79e5.ResilienceCockpit-db-deployer#flowable-async-job-executor-thread-3066#
[PollExecuteTaskStatusExecution] 2d23200b-60aa-4519-b7f8-9f40de7a8ecc [2026-08-25T08:59:07.619106] Merging... ok (0s 0ms) (STDOUT, APP/TASK/deploy)#
#2026 08 25 11:29:16.916#Z#DEBUG#1118e5ca-a078-11f1-87c7-eeee0a8e79e5.ResilienceCockpit-db-deployer#flowable-async-job-executor-thread-3066#
[PollExecuteTaskStatusExecution] 2d23200b-60aa-4519-b7f8-9f40de7a8ecc [2026-08-25T08:59:07.619113] Calculating dependencies... ok (0s 8ms) (STDOUT, APP/TASK/deploy)#
#2026 08 25 11:29:16.916#Z#DEBUG#1118e5ca-a078-11f1-87c7-eeee0a8e79e5.ResilienceCockpit-db-deployer#flowable-async-job-executor-thread-3066#
[PollExecuteTaskStatusExecution] 2d23200b-60aa-4519-b7f8-9f40de7a8ecc [2026-08-25T08:59:07.619115] No make necessary (STDOUT, APP/TASK/deploy)#
#2026 08 25 11:29:16.916#Z#DEBUG#1118e5ca-a078-11f1-87c7-eeee0a8e79e5.ResilienceCockpit-db-deployer#flowable-async-job-executor-thread-3066#
[PollExecuteTaskStatusExecution] 2d23200b-60aa-4519-b7f8-9f40de7a8ecc [2026-08-25T08:59:07.619121] Making... ok (0s 76ms) (STDOUT, APP/TASK/deploy)#
#2026 08 25 11:29:16.916#Z#DEBUG#1118e5ca-a078-11f1-87c7-eeee0a8e79e5.ResilienceCockpit-db-deployer#flowable-async-job-executor-thread-3066#
[PollExecuteTaskStatusExecution] 2d23200b-60aa-4519-b7f8-9f40de7a8ecc [2026-08-25T08:59:07.619123] Enabling table replication for the container schema "8697B1A4A8B84AC49EFF171810969752"... (STDOUT, APP/TASK/deploy)#
#2026 08 25 11:29:16.916#Z#DEBUG#1118e5ca-a078-11f1-87c7-eeee0a8e79e5.ResilienceCockpit-db-deployer#flowable-async-job-executor-thread-3066#
[PollExecuteTaskStatusExecution] 2d23200b-60aa-4519-b7f8-9f40de7a8ecc [2026-08-25T08:59:07.619241] Enabling table replication for the container schema "8697B1A4A8B84AC49EFF171810969752"... ok (0s 9ms) (STDOUT, APP/TASK/deploy)#
#2026 08 25 11:29:16.916#Z#DEBUG#1118e5ca-a078-11f1-87c7-eeee0a8e79e5.ResilienceCockpit-db-deployer#flowable-async-job-executor-thread-3066#
[PollExecuteTaskStatusExecution] 2d23200b-60aa-4519-b7f8-9f40de7a8ecc [2026-08-25T08:59:07.619265] Starting make in the container "8697B1A4A8B84AC49EFF171810969752" with 0 files to deploy, 0 files to undeploy... ok (0s 123ms) (STDOUT, APP/TASK/deploy)#
#2026 08 25 11:29:16.916#Z#DEBUG#1118e5ca-a078-11f1-87c7-eeee0a8e79e5.ResilienceCockpit-db-deployer#flowable-async-job-executor-thread-3066#
[PollExecuteTaskStatusExecution] 2d23200b-60aa-4519-b7f8-9f40de7a8ecc [2026-08-25T08:59:07.619425] Deploying to the container "8697B1A4A8B84AC49EFF171810969752"... ok (0s 302ms) (STDOUT, APP/TASK/deploy)#
#2026 08 25 11:29:16.916#Z#DEBUG#1118e5ca-a078-11f1-87c7-eeee0a8e79e5.ResilienceCockpit-db-deployer#flowable-async-job-executor-thread-3066#
[PollExecuteTaskStatusExecution] 2d23200b-60aa-4519-b7f8-9f40de7a8ecc [2026-08-25T08:59:07.619628] No default-access-role handling needed; global role "8697B1A4A8B84AC49EFF171810969752::access_role" will not be adapted (STDOUT, APP/TASK/deploy)#
#2026 08 25 11:29:16.916#Z#DEBUG#1118e5ca-a078-11f1-87c7-eeee0a8e79e5.ResilienceCockpit-db-deployer#flowable-async-job-executor-thread-3066#
[PollExecuteTaskStatusExecution] 2d23200b-60aa-4519-b7f8-9f40de7a8ecc [2026-08-25T08:59:07.619736] Unlocking the container "8697B1A4A8B84AC49EFF171810969752"... (STDOUT, APP/TASK/deploy)#
#2026 08 25 11:29:16.916#Z#DEBUG#1118e5ca-a078-11f1-87c7-eeee0a8e79e5.ResilienceCockpit-db-deployer#flowable-async-job-executor-thread-3066#
[PollExecuteTaskStatusExecution] 2d23200b-60aa-4519-b7f8-9f40de7a8ecc [2026-08-25T08:59:07.619893] Unlocking the container "8697B1A4A8B84AC49EFF171810969752"... ok (0s 0ms) (STDOUT, APP/TASK/deploy)#
#2026 08 25 11:29:16.916#Z#DEBUG#1118e5ca-a078-11f1-87c7-eeee0a8e79e5.ResilienceCockpit-db-deployer#flowable-async-job-executor-thread-3066#
[PollExecuteTaskStatusExecution] 2d23200b-60aa-4519-b7f8-9f40de7a8ecc [2026-08-25T08:59:07.619969] Deployment to container 8697B1A4A8B84AC49EFF171810969752 done [Deployment ID: none]. (STDOUT, APP/TASK/deploy)#
#2026 08 25 11:29:16.916#Z#DEBUG#1118e5ca-a078-11f1-87c7-eeee0a8e79e5.ResilienceCockpit-db-deployer#flowable-async-job-executor-thread-3066#
[PollExecuteTaskStatusExecution] 2d23200b-60aa-4519-b7f8-9f40de7a8ecc [2026-08-25T08:59:07.620247] Deployment ended at 2026-08-25 08:59:07 (STDOUT, APP/TASK/deploy)#
#2026 08 25 11:29:16.916#Z#DEBUG#1118e5ca-a078-11f1-87c7-eeee0a8e79e5.ResilienceCockpit-db-deployer#flowable-async-job-executor-thread-3066#
[PollExecuteTaskStatusExecution] 2d23200b-60aa-4519-b7f8-9f40de7a8ecc [2026-08-25T08:59:07.620467] (1s 536ms) (STDOUT, APP/TASK/deploy)#
#2026 08 25 11:29:16.916#Z#DEBUG#1118e5ca-a078-11f1-87c7-eeee0a8e79e5.ResilienceCockpit-db-deployer#flowable-async-job-executor-thread-3066#
[PollExecuteTaskStatusExecution] 2d23200b-60aa-4519-b7f8-9f40de7a8ecc [2026-08-25T08:59:07.629549] npm notice (STDERR, APP/TASK/deploy)#
#2026 08 25 11:29:16.916#Z#DEBUG#1118e5ca-a078-11f1-87c7-eeee0a8e79e5.ResilienceCockpit-db-deployer#flowable-async-job-executor-thread-3066#
[PollExecuteTaskStatusExecution] 2d23200b-60aa-4519-b7f8-9f40de7a8ecc [2026-08-25T08:59:07.629559] npm notice New major version of npm available! 11.16.0 -> 12.0.2 (STDERR, APP/TASK/deploy)#
#2026 08 25 11:29:16.916#Z#DEBUG#1118e5ca-a078-11f1-87c7-eeee0a8e79e5.ResilienceCockpit-db-deployer#flowable-async-job-executor-thread-3066#
[PollExecuteTaskStatusExecution] 2d23200b-60aa-4519-b7f8-9f40de7a8ecc [2026-08-25T08:59:07.629561] npm notice Changelog: https://github.com/npm/cli/releases/tag/v12.0.2 (STDERR, APP/TASK/deploy)#
#2026 08 25 11:29:16.916#Z#DEBUG#1118e5ca-a078-11f1-87c7-eeee0a8e79e5.ResilienceCockpit-db-deployer#flowable-async-job-executor-thread-3066#
[PollExecuteTaskStatusExecution] 2d23200b-60aa-4519-b7f8-9f40de7a8ecc [2026-08-25T08:59:07.629569] npm notice To update run: npm install -g npm@12.0.2 (STDERR, APP/TASK/deploy)#
#2026 08 25 11:29:16.916#Z#DEBUG#1118e5ca-a078-11f1-87c7-eeee0a8e79e5.ResilienceCockpit-db-deployer#flowable-async-job-executor-thread-3066#
[PollExecuteTaskStatusExecution] 2d23200b-60aa-4519-b7f8-9f40de7a8ecc [2026-08-25T08:59:07.629571] npm notice (STDERR, APP/TASK/deploy)#
#2026 08 25 11:29:16.916#Z#DEBUG#1118e5ca-a078-11f1-87c7-eeee0a8e79e5.ResilienceCockpit-db-deployer#flowable-async-job-executor-thread-3066#
[PollExecuteTaskStatusExecution] 2d23200b-60aa-4519-b7f8-9f40de7a8ecc [2026-08-25T08:59:07.675010] Exit status 0 (STDOUT, APP/TASK/deploy)#
#2026 08 25 11:29:16.916#Z#DEBUG#1118e5ca-a078-11f1-87c7-eeee0a8e79e5.ResilienceCockpit-db-deployer#flowable-async-job-executor-thread-3066#
[PollExecuteTaskStatusExecution] 2d23200b-60aa-4519-b7f8-9f40de7a8ecc [2026-08-25T08:59:08.010222] Cell 911a2f96-661c-46fd-ae0b-1bce220e9e4e stopping instance a892dc57-6336-47b3-a179-58cf8145c724 (STDOUT, CELL)#
#2026 08 25 11:29:16.916#Z#DEBUG#1118e5ca-a078-11f1-87c7-eeee0a8e79e5.ResilienceCockpit-db-deployer#flowable-async-job-executor-thread-3066#
[PollExecuteTaskStatusExecution] 2d23200b-60aa-4519-b7f8-9f40de7a8ecc [2026-08-25T08:59:08.010243] Cell 911a2f96-661c-46fd-ae0b-1bce220e9e4e destroying container for instance a892dc57-6336-47b3-a179-58cf8145c724 (STDOUT, CELL)#
#2026 08 25 11:29:16.916#Z#DEBUG#1118e5ca-a078-11f1-87c7-eeee0a8e79e5.ResilienceCockpit-db-deployer#flowable-async-job-executor-thread-3066#
[PollExecuteTaskStatusExecution] 2d23200b-60aa-4519-b7f8-9f40de7a8ecc [2026-08-25T08:59:10.023232] Cell 911a2f96-661c-46fd-ae0b-1bce220e9e4e successfully destroyed container for instance a892dc57-6336-47b3-a179-58cf8145c724 (STDOUT, CELL)#
#2026 08 25 11:29:16.916#Z#DEBUG#1118e5ca-a078-11f1-87c7-eeee0a8e79e5.ResilienceCockpit-db-deployer#flowable-async-job-executor-thread-3066#
[PollExecuteTaskStatusExecution] 2d23200b-60aa-4519-b7f8-9f40de7a8ecc [2026-08-25T10:36:28.500150] Updated app with guid 2d23200b-60aa-4519-b7f8-9f40de7a8ecc ({"lifecycle"=>{"data"=>{"buildpacks"=>["nodejs_buildpack"]}, "type"=>"buildpack"}}) (STDOUT, API)#
#2026 08 25 11:29:16.916#Z#DEBUG#1118e5ca-a078-11f1-87c7-eeee0a8e79e5.ResilienceCockpit-db-deployer#flowable-async-job-executor-thread-3066#
[PollExecuteTaskStatusExecution] 2d23200b-60aa-4519-b7f8-9f40de7a8ecc [2026-08-25T10:36:28.582692] Updating process: "web" (STDOUT, API)#
#2026 08 25 11:29:16.916#Z#DEBUG#1118e5ca-a078-11f1-87c7-eeee0a8e79e5.ResilienceCockpit-db-deployer#flowable-async-job-executor-thread-3066#
[PollExecuteTaskStatusExecution] 2d23200b-60aa-4519-b7f8-9f40de7a8ecc [2026-08-25T10:36:44.719030] Uploading app package for app with guid 2d23200b-60aa-4519-b7f8-9f40de7a8ecc (STDOUT, API)#
#2026 08 25 11:29:16.916#Z#DEBUG#1118e5ca-a078-11f1-87c7-eeee0a8e79e5.ResilienceCockpit-db-deployer#flowable-async-job-executor-thread-3066#
[PollExecuteTaskStatusExecution] 2d23200b-60aa-4519-b7f8-9f40de7a8ecc [2026-08-25T10:36:44.884966] Updated app with guid 2d23200b-60aa-4519-b7f8-9f40de7a8ecc ({"environment_variables"=>"[PRIVATE DATA HIDDEN]"}) (STDOUT, API)#
#2026 08 25 11:29:16.916#Z#DEBUG#1118e5ca-a078-11f1-87c7-eeee0a8e79e5.ResilienceCockpit-db-deployer#flowable-async-job-executor-thread-3066#
[PollExecuteTaskStatusExecution] 2d23200b-60aa-4519-b7f8-9f40de7a8ecc [2026-08-25T10:36:54.733786] Creating build for app with guid 2d23200b-60aa-4519-b7f8-9f40de7a8ecc (STDOUT, API)#
#2026 08 25 11:29:16.916#Z#DEBUG#1118e5ca-a078-11f1-87c7-eeee0a8e79e5.ResilienceCockpit-db-deployer#flowable-async-job-executor-thread-3066#
[PollExecuteTaskStatusExecution] 2d23200b-60aa-4519-b7f8-9f40de7a8ecc [2026-08-25T10:36:55.076391] Downloading nodejs_buildpack... (STDOUT, STG)#
#2026 08 25 11:29:16.916#Z#DEBUG#1118e5ca-a078-11f1-87c7-eeee0a8e79e5.ResilienceCockpit-db-deployer#flowable-async-job-executor-thread-3066#
[PollExecuteTaskStatusExecution] 2d23200b-60aa-4519-b7f8-9f40de7a8ecc [2026-08-25T10:36:55.118771] Downloaded nodejs_buildpack (STDOUT, STG)#
#2026 08 25 11:29:16.916#Z#DEBUG#1118e5ca-a078-11f1-87c7-eeee0a8e79e5.ResilienceCockpit-db-deployer#flowable-async-job-executor-thread-3066#
[PollExecuteTaskStatusExecution] 2d23200b-60aa-4519-b7f8-9f40de7a8ecc [2026-08-25T10:36:55.118870] Cell cdd66a98-00c8-41cf-94b2-8f9408d19596 creating container for instance 89f17975-e605-4e0f-aa6a-4ef0872dc4e9 (STDOUT, STG)#
#2026 08 25 11:29:16.916#Z#DEBUG#1118e5ca-a078-11f1-87c7-eeee0a8e79e5.ResilienceCockpit-db-deployer#flowable-async-job-executor-thread-3066#
[PollExecuteTaskStatusExecution] 2d23200b-60aa-4519-b7f8-9f40de7a8ecc [2026-08-25T10:36:55.419746] Security group rules were updated (STDOUT, STG)#
#2026 08 25 11:29:16.916#Z#DEBUG#1118e5ca-a078-11f1-87c7-eeee0a8e79e5.ResilienceCockpit-db-deployer#flowable-async-job-executor-thread-3066#
[PollExecuteTaskStatusExecution] 2d23200b-60aa-4519-b7f8-9f40de7a8ecc [2026-08-25T10:36:55.482050] Cell cdd66a98-00c8-41cf-94b2-8f9408d19596 successfully created container for instance 89f17975-e605-4e0f-aa6a-4ef0872dc4e9 (STDOUT, STG)#
#2026 08 25 11:29:16.916#Z#DEBUG#1118e5ca-a078-11f1-87c7-eeee0a8e79e5.ResilienceCockpit-db-deployer#flowable-async-job-executor-thread-3066#
[PollExecuteTaskStatusExecution] 2d23200b-60aa-4519-b7f8-9f40de7a8ecc [2026-08-25T10:36:55.951918] Downloading app package... (STDOUT, STG)#
#2026 08 25 11:29:16.916#Z#DEBUG#1118e5ca-a078-11f1-87c7-eeee0a8e79e5.ResilienceCockpit-db-deployer#flowable-async-job-executor-thread-3066#
[PollExecuteTaskStatusExecution] 2d23200b-60aa-4519-b7f8-9f40de7a8ecc [2026-08-25T10:36:55.951933] Downloading build artifacts cache... (STDOUT, STG)#
#2026 08 25 11:29:16.916#Z#DEBUG#1118e5ca-a078-11f1-87c7-eeee0a8e79e5.ResilienceCockpit-db-deployer#flowable-async-job-executor-thread-3066#
[PollExecuteTaskStatusExecution] 2d23200b-60aa-4519-b7f8-9f40de7a8ecc [2026-08-25T10:36:56.056232] Downloaded build artifacts cache (220B) (STDOUT, STG)#
#2026 08 25 11:29:16.916#Z#DEBUG#1118e5ca-a078-11f1-87c7-eeee0a8e79e5.ResilienceCockpit-db-deployer#flowable-async-job-executor-thread-3066#
[PollExecuteTaskStatusExecution] 2d23200b-60aa-4519-b7f8-9f40de7a8ecc [2026-08-25T10:36:56.214212] Downloaded app package (2.5M) (STDOUT, STG)#
#2026 08 25 11:29:16.916#Z#DEBUG#1118e5ca-a078-11f1-87c7-eeee0a8e79e5.ResilienceCockpit-db-deployer#flowable-async-job-executor-thread-3066#
[PollExecuteTaskStatusExecution] 2d23200b-60aa-4519-b7f8-9f40de7a8ecc [2026-08-25T10:36:56.263827] -----> Nodejs Buildpack version 1.9.3 (STDOUT, STG)#
#2026 08 25 11:29:16.916#Z#DEBUG#1118e5ca-a078-11f1-87c7-eeee0a8e79e5.ResilienceCockpit-db-deployer#flowable-async-job-executor-thread-3066#
[PollExecuteTaskStatusExecution] 2d23200b-60aa-4519-b7f8-9f40de7a8ecc [2026-08-25T10:36:56.360491] -----> Bootstrapping python (STDOUT, STG)#
#2026 08 25 11:29:16.916#Z#DEBUG#1118e5ca-a078-11f1-87c7-eeee0a8e79e5.ResilienceCockpit-db-deployer#flowable-async-job-executor-thread-3066#
[PollExecuteTaskStatusExecution] 2d23200b-60aa-4519-b7f8-9f40de7a8ecc [2026-08-25T10:36:56.360592] -----> Installing python 3.13.14 (STDOUT, STG)#
#2026 08 25 11:29:16.916#Z#DEBUG#1118e5ca-a078-11f1-87c7-eeee0a8e79e5.ResilienceCockpit-db-deployer#flowable-async-job-executor-thread-3066#
[PollExecuteTaskStatusExecution] 2d23200b-60aa-4519-b7f8-9f40de7a8ecc [2026-08-25T10:36:56.360672] Copy [/tmp/buildpacks/adc5840e3e50b48d/dependencies/4b4266a2ff36730aef37b88b668ca327/python_3.13.14_linux_x64_cflinuxfs4_b80d4954.tgz] (STDOUT, STG)#
#2026 08 25 11:29:16.916#Z#DEBUG#1118e5ca-a078-11f1-87c7-eeee0a8e79e5.ResilienceCockpit-db-deployer#flowable-async-job-executor-thread-3066#
[PollExecuteTaskStatusExecution] 2d23200b-60aa-4519-b7f8-9f40de7a8ecc [2026-08-25T10:36:59.339247] -----> Installing binaries (STDOUT, STG)#
#2026 08 25 11:29:16.916#Z#DEBUG#1118e5ca-a078-11f1-87c7-eeee0a8e79e5.ResilienceCockpit-db-deployer#flowable-async-job-executor-thread-3066#
[PollExecuteTaskStatusExecution] 2d23200b-60aa-4519-b7f8-9f40de7a8ecc [2026-08-25T10:36:59.339275] engines.node (package.json): >=18 (STDOUT, STG)#
#2026 08 25 11:29:16.916#Z#DEBUG#1118e5ca-a078-11f1-87c7-eeee0a8e79e5.ResilienceCockpit-db-deployer#flowable-async-job-executor-thread-3066#
[PollExecuteTaskStatusExecution] 2d23200b-60aa-4519-b7f8-9f40de7a8ecc [2026-08-25T10:36:59.339280] engines.npm (package.json): unspecified (use default) (STDOUT, STG)#
#2026 08 25 11:29:16.916#Z#DEBUG#1118e5ca-a078-11f1-87c7-eeee0a8e79e5.ResilienceCockpit-db-deployer#flowable-async-job-executor-thread-3066#
[PollExecuteTaskStatusExecution] 2d23200b-60aa-4519-b7f8-9f40de7a8ecc [2026-08-25T10:36:59.339309] [31;1m**WARNING**[0m Dangerous semver range (>) in engines.node. See: http://docs.cloudfoundry.org/buildpacks/node/node-tips.html (STDOUT, STG)#
#2026 08 25 11:29:16.916#Z#DEBUG#1118e5ca-a078-11f1-87c7-eeee0a8e79e5.ResilienceCockpit-db-deployer#flowable-async-job-executor-thread-3066#
[PollExecuteTaskStatusExecution] 2d23200b-60aa-4519-b7f8-9f40de7a8ecc [2026-08-25T10:36:59.339313] -----> Installing node 24.18.0 (STDOUT, STG)#
#2026 08 25 11:29:16.916#Z#DEBUG#1118e5ca-a078-11f1-87c7-eeee0a8e79e5.ResilienceCockpit-db-deployer#flowable-async-job-executor-thread-3066#
[PollExecuteTaskStatusExecution] 2d23200b-60aa-4519-b7f8-9f40de7a8ecc [2026-08-25T10:36:59.339494] Copy [/tmp/buildpacks/adc5840e3e50b48d/dependencies/dffbbb835fcd073c4544f78eb6247fac/node_24.18.0_linux_x64_cflinuxfs4_cdfed650.tgz] (STDOUT, STG)#
#2026 08 25 11:29:16.916#Z#DEBUG#1118e5ca-a078-11f1-87c7-eeee0a8e79e5.ResilienceCockpit-db-deployer#flowable-async-job-executor-thread-3066#
[PollExecuteTaskStatusExecution] 2d23200b-60aa-4519-b7f8-9f40de7a8ecc [2026-08-25T10:37:01.071233] Using default npm version: 11.16.0 (STDOUT, STG)#
#2026 08 25 11:29:16.916#Z#DEBUG#1118e5ca-a078-11f1-87c7-eeee0a8e79e5.ResilienceCockpit-db-deployer#flowable-async-job-executor-thread-3066#
[PollExecuteTaskStatusExecution] 2d23200b-60aa-4519-b7f8-9f40de7a8ecc [2026-08-25T10:37:01.071255] -----> Installing yarn 1.22.22 (STDOUT, STG)#
#2026 08 25 11:29:16.916#Z#DEBUG#1118e5ca-a078-11f1-87c7-eeee0a8e79e5.ResilienceCockpit-db-deployer#flowable-async-job-executor-thread-3066#
[PollExecuteTaskStatusExecution] 2d23200b-60aa-4519-b7f8-9f40de7a8ecc [2026-08-25T10:37:01.071374] Copy [/tmp/buildpacks/adc5840e3e50b48d/dependencies/e4fe26756e9984a665478d350474fa2e/yarn_1.22.22_linux_noarch_any-stack_b6132b86.tgz] (STDOUT, STG)#
#2026 08 25 11:29:16.916#Z#DEBUG#1118e5ca-a078-11f1-87c7-eeee0a8e79e5.ResilienceCockpit-db-deployer#flowable-async-job-executor-thread-3066#
[PollExecuteTaskStatusExecution] 2d23200b-60aa-4519-b7f8-9f40de7a8ecc [2026-08-25T10:37:01.318775] Installed yarn 1.22.22 (STDOUT, STG)#
#2026 08 25 11:29:16.916#Z#DEBUG#1118e5ca-a078-11f1-87c7-eeee0a8e79e5.ResilienceCockpit-db-deployer#flowable-async-job-executor-thread-3066#
[PollExecuteTaskStatusExecution] 2d23200b-60aa-4519-b7f8-9f40de7a8ecc [2026-08-25T10:37:01.318820] -----> Creating runtime environment (STDOUT, STG)#
#2026 08 25 11:29:16.916#Z#DEBUG#1118e5ca-a078-11f1-87c7-eeee0a8e79e5.ResilienceCockpit-db-deployer#flowable-async-job-executor-thread-3066#
[PollExecuteTaskStatusExecution] 2d23200b-60aa-4519-b7f8-9f40de7a8ecc [2026-08-25T10:37:01.320902] NODE_ENV=production (STDOUT, STG)#
#2026 08 25 11:29:16.916#Z#DEBUG#1118e5ca-a078-11f1-87c7-eeee0a8e79e5.ResilienceCockpit-db-deployer#flowable-async-job-executor-thread-3066#
[PollExecuteTaskStatusExecution] 2d23200b-60aa-4519-b7f8-9f40de7a8ecc [2026-08-25T10:37:01.320923] NODE_HOME=/tmp/contents1087687460/deps/0/node (STDOUT, STG)#
#2026 08 25 11:29:16.916#Z#DEBUG#1118e5ca-a078-11f1-87c7-eeee0a8e79e5.ResilienceCockpit-db-deployer#flowable-async-job-executor-thread-3066#
[PollExecuteTaskStatusExecution] 2d23200b-60aa-4519-b7f8-9f40de7a8ecc [2026-08-25T10:37:01.320925] NODE_MODULES_CACHE=true (STDOUT, STG)#
#2026 08 25 11:29:16.916#Z#DEBUG#1118e5ca-a078-11f1-87c7-eeee0a8e79e5.ResilienceCockpit-db-deployer#flowable-async-job-executor-thread-3066#
[PollExecuteTaskStatusExecution] 2d23200b-60aa-4519-b7f8-9f40de7a8ecc [2026-08-25T10:37:01.320927] NODE_VERBOSE=false (STDOUT, STG)#
#2026 08 25 11:29:16.916#Z#DEBUG#1118e5ca-a078-11f1-87c7-eeee0a8e79e5.ResilienceCockpit-db-deployer#flowable-async-job-executor-thread-3066#
[PollExecuteTaskStatusExecution] 2d23200b-60aa-4519-b7f8-9f40de7a8ecc [2026-08-25T10:37:01.320929] NPM_CONFIG_LOGLEVEL=error (STDOUT, STG)#
#2026 08 25 11:29:16.916#Z#DEBUG#1118e5ca-a078-11f1-87c7-eeee0a8e79e5.ResilienceCockpit-db-deployer#flowable-async-job-executor-thread-3066#
[PollExecuteTaskStatusExecution] 2d23200b-60aa-4519-b7f8-9f40de7a8ecc [2026-08-25T10:37:01.320944] NPM_CONFIG_PRODUCTION=true (STDOUT, STG)#
#2026 08 25 11:29:16.916#Z#DEBUG#1118e5ca-a078-11f1-87c7-eeee0a8e79e5.ResilienceCockpit-db-deployer#flowable-async-job-executor-thread-3066#
[PollExecuteTaskStatusExecution] 2d23200b-60aa-4519-b7f8-9f40de7a8ecc [2026-08-25T10:37:01.320952] -----> Building dependencies (STDOUT, STG)#
#2026 08 25 11:29:16.916#Z#DEBUG#1118e5ca-a078-11f1-87c7-eeee0a8e79e5.ResilienceCockpit-db-deployer#flowable-async-job-executor-thread-3066#
[PollExecuteTaskStatusExecution] 2d23200b-60aa-4519-b7f8-9f40de7a8ecc [2026-08-25T10:37:01.320954] Prebuild detected (node_modules already exists) (STDOUT, STG)#
#2026 08 25 11:29:16.916#Z#DEBUG#1118e5ca-a078-11f1-87c7-eeee0a8e79e5.ResilienceCockpit-db-deployer#flowable-async-job-executor-thread-3066#
[PollExecuteTaskStatusExecution] 2d23200b-60aa-4519-b7f8-9f40de7a8ecc [2026-08-25T10:37:01.320995] Rebuilding any native modules (STDOUT, STG)#
#2026 08 25 11:29:16.916#Z#DEBUG#1118e5ca-a078-11f1-87c7-eeee0a8e79e5.ResilienceCockpit-db-deployer#flowable-async-job-executor-thread-3066#
[PollExecuteTaskStatusExecution] 2d23200b-60aa-4519-b7f8-9f40de7a8ecc [2026-08-25T10:37:01.704501] rebuilt dependencies successfully (STDOUT, STG)#
#2026 08 25 11:29:16.916#Z#DEBUG#1118e5ca-a078-11f1-87c7-eeee0a8e79e5.ResilienceCockpit-db-deployer#flowable-async-job-executor-thread-3066#
[PollExecuteTaskStatusExecution] 2d23200b-60aa-4519-b7f8-9f40de7a8ecc [2026-08-25T10:37:01.751684] Installing any new modules (package.json + package-lock.json) (STDOUT, STG)#
#2026 08 25 11:29:16.916#Z#DEBUG#1118e5ca-a078-11f1-87c7-eeee0a8e79e5.ResilienceCockpit-db-deployer#flowable-async-job-executor-thread-3066#
[PollExecuteTaskStatusExecution] 2d23200b-60aa-4519-b7f8-9f40de7a8ecc [2026-08-25T10:37:02.073533] up to date in 264ms (STDOUT, STG)#
#2026 08 25 11:29:16.916#Z#DEBUG#1118e5ca-a078-11f1-87c7-eeee0a8e79e5.ResilienceCockpit-db-deployer#flowable-async-job-executor-thread-3066#
[PollExecuteTaskStatusExecution] 2d23200b-60aa-4519-b7f8-9f40de7a8ecc [2026-08-25T10:37:02.073737] 4 packages are looking for funding (STDOUT, STG)#
#2026 08 25 11:29:16.916#Z#DEBUG#1118e5ca-a078-11f1-87c7-eeee0a8e79e5.ResilienceCockpit-db-deployer#flowable-async-job-executor-thread-3066#
[PollExecuteTaskStatusExecution] 2d23200b-60aa-4519-b7f8-9f40de7a8ecc [2026-08-25T10:37:02.073766] run `npm fund` for details (STDOUT, STG)#
#2026 08 25 11:29:16.916#Z#DEBUG#1118e5ca-a078-11f1-87c7-eeee0a8e79e5.ResilienceCockpit-db-deployer#flowable-async-job-executor-thread-3066#
[PollExecuteTaskStatusExecution] 2d23200b-60aa-4519-b7f8-9f40de7a8ecc [2026-08-25T10:37:02.534501] Contrast Security no credentials found. Will not write environment files. (STDOUT, STG)#
#2026 08 25 11:29:16.916#Z#DEBUG#1118e5ca-a078-11f1-87c7-eeee0a8e79e5.ResilienceCockpit-db-deployer#flowable-async-job-executor-thread-3066#
[PollExecuteTaskStatusExecution] 2d23200b-60aa-4519-b7f8-9f40de7a8ecc [2026-08-25T10:37:10.077293] Exit status 0 (STDOUT, STG)#
#2026 08 25 11:29:16.916#Z#DEBUG#1118e5ca-a078-11f1-87c7-eeee0a8e79e5.ResilienceCockpit-db-deployer#flowable-async-job-executor-thread-3066#
[PollExecuteTaskStatusExecution] 2d23200b-60aa-4519-b7f8-9f40de7a8ecc [2026-08-25T10:37:10.077335] Uploading droplet, build artifacts cache... (STDOUT, STG)#
#2026 08 25 11:29:16.916#Z#DEBUG#1118e5ca-a078-11f1-87c7-eeee0a8e79e5.ResilienceCockpit-db-deployer#flowable-async-job-executor-thread-3066#
[PollExecuteTaskStatusExecution] 2d23200b-60aa-4519-b7f8-9f40de7a8ecc [2026-08-25T10:37:10.077404] Uploading droplet... (STDOUT, STG)#
#2026 08 25 11:29:16.916#Z#DEBUG#1118e5ca-a078-11f1-87c7-eeee0a8e79e5.ResilienceCockpit-db-deployer#flowable-async-job-executor-thread-3066#
[PollExecuteTaskStatusExecution] 2d23200b-60aa-4519-b7f8-9f40de7a8ecc [2026-08-25T10:37:10.077435] Uploading build artifacts cache... (STDOUT, STG)#
#2026 08 25 11:29:16.916#Z#DEBUG#1118e5ca-a078-11f1-87c7-eeee0a8e79e5.ResilienceCockpit-db-deployer#flowable-async-job-executor-thread-3066#
[PollExecuteTaskStatusExecution] 2d23200b-60aa-4519-b7f8-9f40de7a8ecc [2026-08-25T10:37:10.107710] Uploaded build artifacts cache (223B) (STDOUT, STG)#
#2026 08 25 11:29:16.916#Z#DEBUG#1118e5ca-a078-11f1-87c7-eeee0a8e79e5.ResilienceCockpit-db-deployer#flowable-async-job-executor-thread-3066#
[PollExecuteTaskStatusExecution] 2d23200b-60aa-4519-b7f8-9f40de7a8ecc [2026-08-25T10:37:10.607403] Creating droplet for app with guid 2d23200b-60aa-4519-b7f8-9f40de7a8ecc (STDOUT, API)#
#2026 08 25 11:29:16.916#Z#DEBUG#1118e5ca-a078-11f1-87c7-eeee0a8e79e5.ResilienceCockpit-db-deployer#flowable-async-job-executor-thread-3066#
[PollExecuteTaskStatusExecution] 2d23200b-60aa-4519-b7f8-9f40de7a8ecc [2026-08-25T10:37:15.677753] Uploaded droplet (59.3M) (STDOUT, STG)#
#2026 08 25 11:29:16.916#Z#DEBUG#1118e5ca-a078-11f1-87c7-eeee0a8e79e5.ResilienceCockpit-db-deployer#flowable-async-job-executor-thread-3066#
[PollExecuteTaskStatusExecution] 2d23200b-60aa-4519-b7f8-9f40de7a8ecc [2026-08-25T10:37:15.691740] Uploading complete (STDOUT, STG)#
#2026 08 25 11:29:16.916#Z#DEBUG#1118e5ca-a078-11f1-87c7-eeee0a8e79e5.ResilienceCockpit-db-deployer#flowable-async-job-executor-thread-3066#
[PollExecuteTaskStatusExecution] 2d23200b-60aa-4519-b7f8-9f40de7a8ecc [2026-08-25T10:37:16.586599] Cell cdd66a98-00c8-41cf-94b2-8f9408d19596 stopping instance 89f17975-e605-4e0f-aa6a-4ef0872dc4e9 (STDOUT, STG)#
#2026 08 25 11:29:16.916#Z#DEBUG#1118e5ca-a078-11f1-87c7-eeee0a8e79e5.ResilienceCockpit-db-deployer#flowable-async-job-executor-thread-3066#
[PollExecuteTaskStatusExecution] 2d23200b-60aa-4519-b7f8-9f40de7a8ecc [2026-08-25T10:37:16.586657] Cell cdd66a98-00c8-41cf-94b2-8f9408d19596 destroying container for instance 89f17975-e605-4e0f-aa6a-4ef0872dc4e9 (STDOUT, STG)#
#2026 08 25 11:29:16.916#Z#DEBUG#1118e5ca-a078-11f1-87c7-eeee0a8e79e5.ResilienceCockpit-db-deployer#flowable-async-job-executor-thread-3066#
[PollExecuteTaskStatusExecution] 2d23200b-60aa-4519-b7f8-9f40de7a8ecc [2026-08-25T10:37:16.657943] Staging complete for build 89f17975-e605-4e0f-aa6a-4ef0872dc4e9 (STDOUT, API)#
#2026 08 25 11:29:16.916#Z#DEBUG#1118e5ca-a078-11f1-87c7-eeee0a8e79e5.ResilienceCockpit-db-deployer#flowable-async-job-executor-thread-3066#
[PollExecuteTaskStatusExecution] 2d23200b-60aa-4519-b7f8-9f40de7a8ecc [2026-08-25T10:37:21.654768] Cell cdd66a98-00c8-41cf-94b2-8f9408d19596 successfully destroyed container for instance 89f17975-e605-4e0f-aa6a-4ef0872dc4e9 (STDOUT, STG)#
#2026 08 25 11:29:16.916#Z#DEBUG#1118e5ca-a078-11f1-87c7-eeee0a8e79e5.ResilienceCockpit-db-deployer#flowable-async-job-executor-thread-3066#
[PollExecuteTaskStatusExecution] 2d23200b-60aa-4519-b7f8-9f40de7a8ecc [2026-08-25T10:37:24.659279] Updated app with guid 2d23200b-60aa-4519-b7f8-9f40de7a8ecc ({:droplet_guid=>"a05415ed-e448-472f-8a2e-b75fdb1c6ca9"}) (STDOUT, API)#
#2026 08 25 11:29:16.916#Z#DEBUG#1118e5ca-a078-11f1-87c7-eeee0a8e79e5.ResilienceCockpit-db-deployer#flowable-async-job-executor-thread-3066#
[PollExecuteTaskStatusExecution] 2d23200b-60aa-4519-b7f8-9f40de7a8ecc [2026-08-25T10:37:25.000637] Cell 4761c3fb-8e91-4ced-804b-3db53058de34 creating container for instance a85ac3f2-2e4f-44cb-bdc1-ff4ce58b902e (STDOUT, CELL)#
#2026 08 25 11:29:16.916#Z#DEBUG#1118e5ca-a078-11f1-87c7-eeee0a8e79e5.ResilienceCockpit-db-deployer#flowable-async-job-executor-thread-3066#
[PollExecuteTaskStatusExecution] 2d23200b-60aa-4519-b7f8-9f40de7a8ecc [2026-08-25T10:37:25.297847] Security group rules were updated (STDOUT, CELL)#
#2026 08 25 11:29:16.916#Z#DEBUG#1118e5ca-a078-11f1-87c7-eeee0a8e79e5.ResilienceCockpit-db-deployer#flowable-async-job-executor-thread-3066#
[PollExecuteTaskStatusExecution] 2d23200b-60aa-4519-b7f8-9f40de7a8ecc [2026-08-25T10:37:25.352313] Cell 4761c3fb-8e91-4ced-804b-3db53058de34 successfully created container for instance a85ac3f2-2e4f-44cb-bdc1-ff4ce58b902e (STDOUT, CELL)#
#2026 08 25 11:29:16.916#Z#DEBUG#1118e5ca-a078-11f1-87c7-eeee0a8e79e5.ResilienceCockpit-db-deployer#flowable-async-job-executor-thread-3066#
[PollExecuteTaskStatusExecution] 2d23200b-60aa-4519-b7f8-9f40de7a8ecc [2026-08-25T10:37:28.650698] Invoking pre-start scripts. (STDOUT, APP/TASK/deploy)#
#2026 08 25 11:29:16.916#Z#DEBUG#1118e5ca-a078-11f1-87c7-eeee0a8e79e5.ResilienceCockpit-db-deployer#flowable-async-job-executor-thread-3066#
[PollExecuteTaskStatusExecution] 2d23200b-60aa-4519-b7f8-9f40de7a8ecc [2026-08-25T10:37:28.794435] Invoking start command. (STDOUT, APP/TASK/deploy)#
#2026 08 25 11:29:16.916#Z#DEBUG#1118e5ca-a078-11f1-87c7-eeee0a8e79e5.ResilienceCockpit-db-deployer#flowable-async-job-executor-thread-3066#
[PollExecuteTaskStatusExecution] 2d23200b-60aa-4519-b7f8-9f40de7a8ecc [2026-08-25T10:37:29.088347] > start (STDOUT, APP/TASK/deploy)#
#2026 08 25 11:29:16.916#Z#DEBUG#1118e5ca-a078-11f1-87c7-eeee0a8e79e5.ResilienceCockpit-db-deployer#flowable-async-job-executor-thread-3066#
[PollExecuteTaskStatusExecution] 2d23200b-60aa-4519-b7f8-9f40de7a8ecc [2026-08-25T10:37:29.088368] > node node_modules/@sap/hdi-deploy/deploy.js --use-hdb --parameter com.sap.hana.di.table/try_fast_table_migration=true (STDOUT, APP/TASK/deploy)#
#2026 08 25 11:29:16.916#Z#DEBUG#1118e5ca-a078-11f1-87c7-eeee0a8e79e5.ResilienceCockpit-db-deployer#flowable-async-job-executor-thread-3066#
[PollExecuteTaskStatusExecution] 2d23200b-60aa-4519-b7f8-9f40de7a8ecc [2026-08-25T10:37:29.188423] VCAP_SERVICES: (STDOUT, APP/TASK/deploy)#
#2026 08 25 11:29:16.916#Z#DEBUG#1118e5ca-a078-11f1-87c7-eeee0a8e79e5.ResilienceCockpit-db-deployer#flowable-async-job-executor-thread-3066#
[PollExecuteTaskStatusExecution] 2d23200b-60aa-4519-b7f8-9f40de7a8ecc [2026-08-25T10:37:29.188774] { (STDOUT, APP/TASK/deploy)#
#2026 08 25 11:29:16.916#Z#DEBUG#1118e5ca-a078-11f1-87c7-eeee0a8e79e5.ResilienceCockpit-db-deployer#flowable-async-job-executor-thread-3066#
[PollExecuteTaskStatusExecution] 2d23200b-60aa-4519-b7f8-9f40de7a8ecc [2026-08-25T10:37:29.188796] "hana": [ (STDOUT, APP/TASK/deploy)#
#2026 08 25 11:29:16.916#Z#DEBUG#1118e5ca-a078-11f1-87c7-eeee0a8e79e5.ResilienceCockpit-db-deployer#flowable-async-job-executor-thread-3066#
[PollExecuteTaskStatusExecution] 2d23200b-60aa-4519-b7f8-9f40de7a8ecc [2026-08-25T10:37:29.188800] { (STDOUT, APP/TASK/deploy)#
#2026 08 25 11:29:16.916#Z#DEBUG#1118e5ca-a078-11f1-87c7-eeee0a8e79e5.ResilienceCockpit-db-deployer#flowable-async-job-executor-thread-3066#
[PollExecuteTaskStatusExecution] 2d23200b-60aa-4519-b7f8-9f40de7a8ecc [2026-08-25T10:37:29.188805] "name": "ResilienceCockpit-db", (STDOUT, APP/TASK/deploy)#
#2026 08 25 11:29:16.916#Z#DEBUG#1118e5ca-a078-11f1-87c7-eeee0a8e79e5.ResilienceCockpit-db-deployer#flowable-async-job-executor-thread-3066#
[PollExecuteTaskStatusExecution] 2d23200b-60aa-4519-b7f8-9f40de7a8ecc [2026-08-25T10:37:29.188810] "label": "hana", (STDOUT, APP/TASK/deploy)#
#2026 08 25 11:29:16.916#Z#DEBUG#1118e5ca-a078-11f1-87c7-eeee0a8e79e5.ResilienceCockpit-db-deployer#flowable-async-job-executor-thread-3066#
[PollExecuteTaskStatusExecution] 2d23200b-60aa-4519-b7f8-9f40de7a8ecc [2026-08-25T10:37:29.188815] "plan": "hdi-shared", (STDOUT, APP/TASK/deploy)#
#2026 08 25 11:29:16.916#Z#DEBUG#1118e5ca-a078-11f1-87c7-eeee0a8e79e5.ResilienceCockpit-db-deployer#flowable-async-job-executor-thread-3066#
[PollExecuteTaskStatusExecution] 2d23200b-60aa-4519-b7f8-9f40de7a8ecc [2026-08-25T10:37:29.188823] "credentials": { (STDOUT, APP/TASK/deploy)#
#2026 08 25 11:29:16.916#Z#DEBUG#1118e5ca-a078-11f1-87c7-eeee0a8e79e5.ResilienceCockpit-db-deployer#flowable-async-job-executor-thread-3066#
[PollExecuteTaskStatusExecution] 2d23200b-60aa-4519-b7f8-9f40de7a8ecc [2026-08-25T10:37:29.188830] "schema": "8697B1A4A8B84AC49EFF171810969752", (STDOUT, APP/TASK/deploy)#
#2026 08 25 11:29:16.916#Z#DEBUG#1118e5ca-a078-11f1-87c7-eeee0a8e79e5.ResilienceCockpit-db-deployer#flowable-async-job-executor-thread-3066#
[PollExecuteTaskStatusExecution] 2d23200b-60aa-4519-b7f8-9f40de7a8ecc [2026-08-25T10:37:29.188834] "database_id": "eb9e608b-a8d8-462e-98e7-906abde25244", (STDOUT, APP/TASK/deploy)#
#2026 08 25 11:29:16.916#Z#DEBUG#1118e5ca-a078-11f1-87c7-eeee0a8e79e5.ResilienceCockpit-db-deployer#flowable-async-job-executor-thread-3066#
[PollExecuteTaskStatusExecution] 2d23200b-60aa-4519-b7f8-9f40de7a8ecc [2026-08-25T10:37:29.188839] "user": "8697B1A4A8B84AC49EFF171810969752_94GU5GV2BBQ6JWQX102ZOJ91W_RT", (STDOUT, APP/TASK/deploy)#
#2026 08 25 11:29:16.916#Z#DEBUG#1118e5ca-a078-11f1-87c7-eeee0a8e79e5.ResilienceCockpit-db-deployer#flowable-async-job-executor-thread-3066#
[PollExecuteTaskStatusExecution] 2d23200b-60aa-4519-b7f8-9f40de7a8ecc [2026-08-25T10:37:29.188843] "hdi_user": "8697B1A4A8B84AC49EFF171810969752_94GU5GV2BBQ6JWQX102ZOJ91W_DT" (STDOUT, APP/TASK/deploy)#
#2026 08 25 11:29:16.916#Z#DEBUG#1118e5ca-a078-11f1-87c7-eeee0a8e79e5.ResilienceCockpit-db-deployer#flowable-async-job-executor-thread-3066#
[PollExecuteTaskStatusExecution] 2d23200b-60aa-4519-b7f8-9f40de7a8ecc [2026-08-25T10:37:29.188846] }, (STDOUT, APP/TASK/deploy)#
#2026 08 25 11:29:16.916#Z#DEBUG#1118e5ca-a078-11f1-87c7-eeee0a8e79e5.ResilienceCockpit-db-deployer#flowable-async-job-executor-thread-3066#
[PollExecuteTaskStatusExecution] 2d23200b-60aa-4519-b7f8-9f40de7a8ecc [2026-08-25T10:37:29.188849] "tags": [ (STDOUT, APP/TASK/deploy)#
#2026 08 25 11:29:16.916#Z#DEBUG#1118e5ca-a078-11f1-87c7-eeee0a8e79e5.ResilienceCockpit-db-deployer#flowable-async-job-executor-thread-3066#
[PollExecuteTaskStatusExecution] 2d23200b-60aa-4519-b7f8-9f40de7a8ecc [2026-08-25T10:37:29.188853] "hana", (STDOUT, APP/TASK/deploy)#
#2026 08 25 11:29:16.916#Z#DEBUG#1118e5ca-a078-11f1-87c7-eeee0a8e79e5.ResilienceCockpit-db-deployer#flowable-async-job-executor-thread-3066#
[PollExecuteTaskStatusExecution] 2d23200b-60aa-4519-b7f8-9f40de7a8ecc [2026-08-25T10:37:29.188856] "database", (STDOUT, APP/TASK/deploy)#
#2026 08 25 11:29:16.916#Z#DEBUG#1118e5ca-a078-11f1-87c7-eeee0a8e79e5.ResilienceCockpit-db-deployer#flowable-async-job-executor-thread-3066#
[PollExecuteTaskStatusExecution] 2d23200b-60aa-4519-b7f8-9f40de7a8ecc [2026-08-25T10:37:29.188860] "relational" (STDOUT, APP/TASK/deploy)#
#2026 08 25 11:29:16.916#Z#DEBUG#1118e5ca-a078-11f1-87c7-eeee0a8e79e5.ResilienceCockpit-db-deployer#flowable-async-job-executor-thread-3066#
[PollExecuteTaskStatusExecution] 2d23200b-60aa-4519-b7f8-9f40de7a8ecc [2026-08-25T10:37:29.188863] ] (STDOUT, APP/TASK/deploy)#
#2026 08 25 11:29:16.916#Z#DEBUG#1118e5ca-a078-11f1-87c7-eeee0a8e79e5.ResilienceCockpit-db-deployer#flowable-async-job-executor-thread-3066#
[PollExecuteTaskStatusExecution] 2d23200b-60aa-4519-b7f8-9f40de7a8ecc [2026-08-25T10:37:29.188865] } (STDOUT, APP/TASK/deploy)#
#2026 08 25 11:29:16.916#Z#DEBUG#1118e5ca-a078-11f1-87c7-eeee0a8e79e5.ResilienceCockpit-db-deployer#flowable-async-job-executor-thread-3066#
[PollExecuteTaskStatusExecution] 2d23200b-60aa-4519-b7f8-9f40de7a8ecc [2026-08-25T10:37:29.188869] ] (STDOUT, APP/TASK/deploy)#
#2026 08 25 11:29:16.916#Z#DEBUG#1118e5ca-a078-11f1-87c7-eeee0a8e79e5.ResilienceCockpit-db-deployer#flowable-async-job-executor-thread-3066#
[PollExecuteTaskStatusExecution] 2d23200b-60aa-4519-b7f8-9f40de7a8ecc [2026-08-25T10:37:29.188872] } (STDOUT, APP/TASK/deploy)#
#2026 08 25 11:29:16.916#Z#DEBUG#1118e5ca-a078-11f1-87c7-eeee0a8e79e5.ResilienceCockpit-db-deployer#flowable-async-job-executor-thread-3066#
[PollExecuteTaskStatusExecution] 2d23200b-60aa-4519-b7f8-9f40de7a8ecc [2026-08-25T10:37:29.658389] @sap/hdi-deploy, version 5.7.0 (mode default), server version 4.00.000.00.1785832557 (4.0.0.0), cloud version 2026.14.14, node version 24.18.0, HDI version 1016, container API version 1007 (STDOUT, APP/TASK/deploy)#
#2026 08 25 11:29:16.916#Z#DEBUG#1118e5ca-a078-11f1-87c7-eeee0a8e79e5.ResilienceCockpit-db-deployer#flowable-async-job-executor-thread-3066#
[PollExecuteTaskStatusExecution] 2d23200b-60aa-4519-b7f8-9f40de7a8ecc [2026-08-25T10:37:29.658408] Deployment started at 2026-08-25 10:37:29 (STDOUT, APP/TASK/deploy)#
#2026 08 25 11:29:16.916#Z#DEBUG#1118e5ca-a078-11f1-87c7-eeee0a8e79e5.ResilienceCockpit-db-deployer#flowable-async-job-executor-thread-3066#
[PollExecuteTaskStatusExecution] 2d23200b-60aa-4519-b7f8-9f40de7a8ecc [2026-08-25T10:37:29.658564] Using hdb@2.29.6 for connection (STDOUT, APP/TASK/deploy)#
#2026 08 25 11:29:16.916#Z#DEBUG#1118e5ca-a078-11f1-87c7-eeee0a8e79e5.ResilienceCockpit-db-deployer#flowable-async-job-executor-thread-3066#
[PollExecuteTaskStatusExecution] 2d23200b-60aa-4519-b7f8-9f40de7a8ecc [2026-08-25T10:37:29.671646] No ignore file at /home/vcap/app/.hdiignore. (STDOUT, APP/TASK/deploy)#
#2026 08 25 11:29:16.916#Z#DEBUG#1118e5ca-a078-11f1-87c7-eeee0a8e79e5.ResilienceCockpit-db-deployer#flowable-async-job-executor-thread-3066#
[PollExecuteTaskStatusExecution] 2d23200b-60aa-4519-b7f8-9f40de7a8ecc [2026-08-25T10:37:29.671886] Collecting files... (STDOUT, APP/TASK/deploy)#
#2026 08 25 11:29:16.916#Z#DEBUG#1118e5ca-a078-11f1-87c7-eeee0a8e79e5.ResilienceCockpit-db-deployer#flowable-async-job-executor-thread-3066#
[PollExecuteTaskStatusExecution] 2d23200b-60aa-4519-b7f8-9f40de7a8ecc [2026-08-25T10:37:29.676142] Collecting files... ok (0s 4ms) (STDOUT, APP/TASK/deploy)#
#2026 08 25 11:29:16.916#Z#DEBUG#1118e5ca-a078-11f1-87c7-eeee0a8e79e5.ResilienceCockpit-db-deployer#flowable-async-job-executor-thread-3066#
[PollExecuteTaskStatusExecution] 2d23200b-60aa-4519-b7f8-9f40de7a8ecc [2026-08-25T10:37:29.676156] 3 directories collected (STDOUT, APP/TASK/deploy)#
#2026 08 25 11:29:16.916#Z#DEBUG#1118e5ca-a078-11f1-87c7-eeee0a8e79e5.ResilienceCockpit-db-deployer#flowable-async-job-executor-thread-3066#
[PollExecuteTaskStatusExecution] 2d23200b-60aa-4519-b7f8-9f40de7a8ecc [2026-08-25T10:37:29.676158] 100 files collected (STDOUT, APP/TASK/deploy)#
#2026 08 25 11:29:16.916#Z#DEBUG#1118e5ca-a078-11f1-87c7-eeee0a8e79e5.ResilienceCockpit-db-deployer#flowable-async-job-executor-thread-3066#
[PollExecuteTaskStatusExecution] 2d23200b-60aa-4519-b7f8-9f40de7a8ecc [2026-08-25T10:37:29.676161] 0 reusable modules collected (STDOUT, APP/TASK/deploy)#
#2026 08 25 11:29:16.916#Z#DEBUG#1118e5ca-a078-11f1-87c7-eeee0a8e79e5.ResilienceCockpit-db-deployer#flowable-async-job-executor-thread-3066#
[PollExecuteTaskStatusExecution] 2d23200b-60aa-4519-b7f8-9f40de7a8ecc [2026-08-25T10:37:29.676175] Target service: ResilienceCockpit-db (STDOUT, APP/TASK/deploy)#
#2026 08 25 11:29:16.916#Z#DEBUG#1118e5ca-a078-11f1-87c7-eeee0a8e79e5.ResilienceCockpit-db-deployer#flowable-async-job-executor-thread-3066#
[PollExecuteTaskStatusExecution] 2d23200b-60aa-4519-b7f8-9f40de7a8ecc [2026-08-25T10:37:29.846816] Previous build with request ID 65 finished at 2026-08-25T08:59:07.59 with status Rolled back and message: Starting make in the container "8697B1A4A8B84AC49EFF171810969752" with 0 files to deploy, 0 files to undeploy... ok. (STDOUT, APP/TASK/deploy)#
#2026 08 25 11:29:16.916#Z#DEBUG#1118e5ca-a078-11f1-87c7-eeee0a8e79e5.ResilienceCockpit-db-deployer#flowable-async-job-executor-thread-3066#
[PollExecuteTaskStatusExecution] 2d23200b-60aa-4519-b7f8-9f40de7a8ecc [2026-08-25T10:37:29.846850] Processing revoke files... (STDOUT, APP/TASK/deploy)#
#2026 08 25 11:29:16.916#Z#DEBUG#1118e5ca-a078-11f1-87c7-eeee0a8e79e5.ResilienceCockpit-db-deployer#flowable-async-job-executor-thread-3066#
[PollExecuteTaskStatusExecution] 2d23200b-60aa-4519-b7f8-9f40de7a8ecc [2026-08-25T10:37:29.846921] Processing revoke files... ok (0s 0ms) (STDOUT, APP/TASK/deploy)#
#2026 08 25 11:29:16.916#Z#DEBUG#1118e5ca-a078-11f1-87c7-eeee0a8e79e5.ResilienceCockpit-db-deployer#flowable-async-job-executor-thread-3066#
[PollExecuteTaskStatusExecution] 2d23200b-60aa-4519-b7f8-9f40de7a8ecc [2026-08-25T10:37:29.847040] Processing grants files... (STDOUT, APP/TASK/deploy)#
#2026 08 25 11:29:16.916#Z#DEBUG#1118e5ca-a078-11f1-87c7-eeee0a8e79e5.ResilienceCockpit-db-deployer#flowable-async-job-executor-thread-3066#
[PollExecuteTaskStatusExecution] 2d23200b-60aa-4519-b7f8-9f40de7a8ecc [2026-08-25T10:37:29.847111] Processing grants files... ok (0s 0ms) (STDOUT, APP/TASK/deploy)#
#2026 08 25 11:29:16.916#Z#DEBUG#1118e5ca-a078-11f1-87c7-eeee0a8e79e5.ResilienceCockpit-db-deployer#flowable-async-job-executor-thread-3066#
[PollExecuteTaskStatusExecution] 2d23200b-60aa-4519-b7f8-9f40de7a8ecc [2026-08-25T10:37:29.848708] Preprocessing files... (STDOUT, APP/TASK/deploy)#
#2026 08 25 11:29:16.916#Z#DEBUG#1118e5ca-a078-11f1-87c7-eeee0a8e79e5.ResilienceCockpit-db-deployer#flowable-async-job-executor-thread-3066#
[PollExecuteTaskStatusExecution] 2d23200b-60aa-4519-b7f8-9f40de7a8ecc [2026-08-25T10:37:29.848863] Preprocessing files... ok (0s 0ms) (STDOUT, APP/TASK/deploy)#
#2026 08 25 11:29:16.916#Z#DEBUG#1118e5ca-a078-11f1-87c7-eeee0a8e79e5.ResilienceCockpit-db-deployer#flowable-async-job-executor-thread-3066#
[PollExecuteTaskStatusExecution] 2d23200b-60aa-4519-b7f8-9f40de7a8ecc [2026-08-25T10:37:29.848933] Connecting to the container "8697B1A4A8B84AC49EFF171810969752"... (STDOUT, APP/TASK/deploy)#
#2026 08 25 11:29:16.916#Z#DEBUG#1118e5ca-a078-11f1-87c7-eeee0a8e79e5.ResilienceCockpit-db-deployer#flowable-async-job-executor-thread-3066#
[PollExecuteTaskStatusExecution] 2d23200b-60aa-4519-b7f8-9f40de7a8ecc [2026-08-25T10:37:29.912968] Connecting to the container "8697B1A4A8B84AC49EFF171810969752"... ok (0s 64ms) (STDOUT, APP/TASK/deploy)#
#2026 08 25 11:29:16.916#Z#DEBUG#1118e5ca-a078-11f1-87c7-eeee0a8e79e5.ResilienceCockpit-db-deployer#flowable-async-job-executor-thread-3066#
[PollExecuteTaskStatusExecution] 2d23200b-60aa-4519-b7f8-9f40de7a8ecc [2026-08-25T10:37:29.912982] Locking the container "8697B1A4A8B84AC49EFF171810969752"... (STDOUT, APP/TASK/deploy)#
#2026 08 25 11:29:16.916#Z#DEBUG#1118e5ca-a078-11f1-87c7-eeee0a8e79e5.ResilienceCockpit-db-deployer#flowable-async-job-executor-thread-3066#
[PollExecuteTaskStatusExecution] 2d23200b-60aa-4519-b7f8-9f40de7a8ecc [2026-08-25T10:37:30.120599] Locking the container "8697B1A4A8B84AC49EFF171810969752"... ok (0s 208ms) (STDOUT, APP/TASK/deploy)#
#2026 08 25 11:29:16.916#Z#DEBUG#1118e5ca-a078-11f1-87c7-eeee0a8e79e5.ResilienceCockpit-db-deployer#flowable-async-job-executor-thread-3066#
[PollExecuteTaskStatusExecution] 2d23200b-60aa-4519-b7f8-9f40de7a8ecc [2026-08-25T10:37:30.120622] Synchronizing files with the container "8697B1A4A8B84AC49EFF171810969752"... (STDOUT, APP/TASK/deploy)#
#2026 08 25 11:29:16.916#Z#DEBUG#1118e5ca-a078-11f1-87c7-eeee0a8e79e5.ResilienceCockpit-db-deployer#flowable-async-job-executor-thread-3066#
[PollExecuteTaskStatusExecution] 2d23200b-60aa-4519-b7f8-9f40de7a8ecc [2026-08-25T10:37:30.548370] Deleting files... (STDOUT, APP/TASK/deploy)#
#2026 08 25 11:29:16.916#Z#DEBUG#1118e5ca-a078-11f1-87c7-eeee0a8e79e5.ResilienceCockpit-db-deployer#flowable-async-job-executor-thread-3066#
[PollExecuteTaskStatusExecution] 2d23200b-60aa-4519-b7f8-9f40de7a8ecc [2026-08-25T10:37:30.699546] Deleting files... ok (STDOUT, APP/TASK/deploy)#
#2026 08 25 11:29:16.916#Z#DEBUG#1118e5ca-a078-11f1-87c7-eeee0a8e79e5.ResilienceCockpit-db-deployer#flowable-async-job-executor-thread-3066#
[PollExecuteTaskStatusExecution] 2d23200b-60aa-4519-b7f8-9f40de7a8ecc [2026-08-25T10:37:30.699569] Writing files... (STDOUT, APP/TASK/deploy)#
#2026 08 25 11:29:16.916#Z#DEBUG#1118e5ca-a078-11f1-87c7-eeee0a8e79e5.ResilienceCockpit-db-deployer#flowable-async-job-executor-thread-3066#
[PollExecuteTaskStatusExecution] 2d23200b-60aa-4519-b7f8-9f40de7a8ecc [2026-08-25T10:37:30.699652] Writing 3 items (STDOUT, APP/TASK/deploy)#
#2026 08 25 11:29:16.916#Z#DEBUG#1118e5ca-a078-11f1-87c7-eeee0a8e79e5.ResilienceCockpit-db-deployer#flowable-async-job-executor-thread-3066#
[PollExecuteTaskStatusExecution] 2d23200b-60aa-4519-b7f8-9f40de7a8ecc [2026-08-25T10:37:30.897533] Writing files... ok (STDOUT, APP/TASK/deploy)#
#2026 08 25 11:29:16.916#Z#DEBUG#1118e5ca-a078-11f1-87c7-eeee0a8e79e5.ResilienceCockpit-db-deployer#flowable-async-job-executor-thread-3066#
[PollExecuteTaskStatusExecution] 2d23200b-60aa-4519-b7f8-9f40de7a8ecc [2026-08-25T10:37:30.897549] Synchronizing files with the container "8697B1A4A8B84AC49EFF171810969752"... ok (0s 777ms) (STDOUT, APP/TASK/deploy)#
#2026 08 25 11:29:16.916#Z#DEBUG#1118e5ca-a078-11f1-87c7-eeee0a8e79e5.ResilienceCockpit-db-deployer#flowable-async-job-executor-thread-3066#
[PollExecuteTaskStatusExecution] 2d23200b-60aa-4519-b7f8-9f40de7a8ecc [2026-08-25T10:37:30.897746] added files: [] (STDOUT, APP/TASK/deploy)#
#2026 08 25 11:29:16.916#Z#DEBUG#1118e5ca-a078-11f1-87c7-eeee0a8e79e5.ResilienceCockpit-db-deployer#flowable-async-job-executor-thread-3066#
[PollExecuteTaskStatusExecution] 2d23200b-60aa-4519-b7f8-9f40de7a8ecc [2026-08-25T10:37:30.897762] modified files: [] (STDOUT, APP/TASK/deploy)#
#2026 08 25 11:29:16.916#Z#DEBUG#1118e5ca-a078-11f1-87c7-eeee0a8e79e5.ResilienceCockpit-db-deployer#flowable-async-job-executor-thread-3066#
[PollExecuteTaskStatusExecution] 2d23200b-60aa-4519-b7f8-9f40de7a8ecc [2026-08-25T10:37:30.897774] deleted files: [] (STDOUT, APP/TASK/deploy)#
#2026 08 25 11:29:16.916#Z#DEBUG#1118e5ca-a078-11f1-87c7-eeee0a8e79e5.ResilienceCockpit-db-deployer#flowable-async-job-executor-thread-3066#
[PollExecuteTaskStatusExecution] 2d23200b-60aa-4519-b7f8-9f40de7a8ecc [2026-08-25T10:37:30.897860] 0 modified or added files are scheduled for deploy based on delta detection (STDOUT, APP/TASK/deploy)#
#2026 08 25 11:29:16.916#Z#DEBUG#1118e5ca-a078-11f1-87c7-eeee0a8e79e5.ResilienceCockpit-db-deployer#flowable-async-job-executor-thread-3066#
[PollExecuteTaskStatusExecution] 2d23200b-60aa-4519-b7f8-9f40de7a8ecc [2026-08-25T10:37:30.898031] 0 deleted files are scheduled for undeploy based on delta detection (filtered by undeploy allowlist) (STDOUT, APP/TASK/deploy)#
#2026 08 25 11:29:16.916#Z#DEBUG#1118e5ca-a078-11f1-87c7-eeee0a8e79e5.ResilienceCockpit-db-deployer#flowable-async-job-executor-thread-3066#
[PollExecuteTaskStatusExecution] 2d23200b-60aa-4519-b7f8-9f40de7a8ecc [2026-08-25T10:37:30.898093] 0 files are scheduled for deploy based on explicit specification (STDOUT, APP/TASK/deploy)#
#2026 08 25 11:29:16.916#Z#DEBUG#1118e5ca-a078-11f1-87c7-eeee0a8e79e5.ResilienceCockpit-db-deployer#flowable-async-job-executor-thread-3066#
[PollExecuteTaskStatusExecution] 2d23200b-60aa-4519-b7f8-9f40de7a8ecc [2026-08-25T10:37:30.898108] 0 files are scheduled for undeploy based on explicit specification (STDOUT, APP/TASK/deploy)#
#2026 08 25 11:29:16.916#Z#DEBUG#1118e5ca-a078-11f1-87c7-eeee0a8e79e5.ResilienceCockpit-db-deployer#flowable-async-job-executor-thread-3066#
[PollExecuteTaskStatusExecution] 2d23200b-60aa-4519-b7f8-9f40de7a8ecc [2026-08-25T10:37:30.898120] Deploying to the container "8697B1A4A8B84AC49EFF171810969752"... (STDOUT, APP/TASK/deploy)#
#2026 08 25 11:29:16.916#Z#DEBUG#1118e5ca-a078-11f1-87c7-eeee0a8e79e5.ResilienceCockpit-db-deployer#flowable-async-job-executor-thread-3066#
[PollExecuteTaskStatusExecution] 2d23200b-60aa-4519-b7f8-9f40de7a8ecc [2026-08-25T10:37:31.492739] Polling messages for request id: 70 (STDOUT, APP/TASK/deploy)#
#2026 08 25 11:29:16.916#Z#DEBUG#1118e5ca-a078-11f1-87c7-eeee0a8e79e5.ResilienceCockpit-db-deployer#flowable-async-job-executor-thread-3066#
[PollExecuteTaskStatusExecution] 2d23200b-60aa-4519-b7f8-9f40de7a8ecc [2026-08-25T10:37:31.520852] Starting make in the container "8697B1A4A8B84AC49EFF171810969752" with 0 files to deploy, 0 files to undeploy... (STDOUT, APP/TASK/deploy)#
#2026 08 25 11:29:16.916#Z#DEBUG#1118e5ca-a078-11f1-87c7-eeee0a8e79e5.ResilienceCockpit-db-deployer#flowable-async-job-executor-thread-3066#
[PollExecuteTaskStatusExecution] 2d23200b-60aa-4519-b7f8-9f40de7a8ecc [2026-08-25T10:37:31.520866] Disabling table replication for the container schema "8697B1A4A8B84AC49EFF171810969752"... (STDOUT, APP/TASK/deploy)#
#2026 08 25 11:29:16.916#Z#DEBUG#1118e5ca-a078-11f1-87c7-eeee0a8e79e5.ResilienceCockpit-db-deployer#flowable-async-job-executor-thread-3066#
[PollExecuteTaskStatusExecution] 2d23200b-60aa-4519-b7f8-9f40de7a8ecc [2026-08-25T10:37:31.520870] Disabling table replication for the container schema "8697B1A4A8B84AC49EFF171810969752"... ok (0s 19ms) (STDOUT, APP/TASK/deploy)#
#2026 08 25 11:29:16.916#Z#DEBUG#1118e5ca-a078-11f1-87c7-eeee0a8e79e5.ResilienceCockpit-db-deployer#flowable-async-job-executor-thread-3066#
[PollExecuteTaskStatusExecution] 2d23200b-60aa-4519-b7f8-9f40de7a8ecc [2026-08-25T10:37:31.521098] Migrating libraries... (STDOUT, APP/TASK/deploy)#
#2026 08 25 11:29:16.916#Z#DEBUG#1118e5ca-a078-11f1-87c7-eeee0a8e79e5.ResilienceCockpit-db-deployer#flowable-async-job-executor-thread-3066#
[PollExecuteTaskStatusExecution] 2d23200b-60aa-4519-b7f8-9f40de7a8ecc [2026-08-25T10:37:31.521127] Migrating libraries... ok (0s 45ms) (STDOUT, APP/TASK/deploy)#
#2026 08 25 11:29:16.916#Z#DEBUG#1118e5ca-a078-11f1-87c7-eeee0a8e79e5.ResilienceCockpit-db-deployer#flowable-async-job-executor-thread-3066#
[PollExecuteTaskStatusExecution] 2d23200b-60aa-4519-b7f8-9f40de7a8ecc [2026-08-25T10:37:31.521135] Making... (STDOUT, APP/TASK/deploy)#
#2026 08 25 11:29:16.916#Z#DEBUG#1118e5ca-a078-11f1-87c7-eeee0a8e79e5.ResilienceCockpit-db-deployer#flowable-async-job-executor-thread-3066#
[PollExecuteTaskStatusExecution] 2d23200b-60aa-4519-b7f8-9f40de7a8ecc [2026-08-25T10:37:31.521139] Preparing... (STDOUT, APP/TASK/deploy)#
#2026 08 25 11:29:16.916#Z#DEBUG#1118e5ca-a078-11f1-87c7-eeee0a8e79e5.ResilienceCockpit-db-deployer#flowable-async-job-executor-thread-3066#
[PollExecuteTaskStatusExecution] 2d23200b-60aa-4519-b7f8-9f40de7a8ecc [2026-08-25T10:37:31.521143] Preparing... ok (0s 0ms) (STDOUT, APP/TASK/deploy)#
#2026 08 25 11:29:16.916#Z#DEBUG#1118e5ca-a078-11f1-87c7-eeee0a8e79e5.ResilienceCockpit-db-deployer#flowable-async-job-executor-thread-3066#
[PollExecuteTaskStatusExecution] 2d23200b-60aa-4519-b7f8-9f40de7a8ecc [2026-08-25T10:37:31.521147] Preparing the make transaction... (STDOUT, APP/TASK/deploy)#
#2026 08 25 11:29:16.916#Z#DEBUG#1118e5ca-a078-11f1-87c7-eeee0a8e79e5.ResilienceCockpit-db-deployer#flowable-async-job-executor-thread-3066#
[PollExecuteTaskStatusExecution] 2d23200b-60aa-4519-b7f8-9f40de7a8ecc [2026-08-25T10:37:31.743214] Preparing the make transaction... ok (0s 419ms) (STDOUT, APP/TASK/deploy)#
#2026 08 25 11:29:16.916#Z#DEBUG#1118e5ca-a078-11f1-87c7-eeee0a8e79e5.ResilienceCockpit-db-deployer#flowable-async-job-executor-thread-3066#
[PollExecuteTaskStatusExecution] 2d23200b-60aa-4519-b7f8-9f40de7a8ecc [2026-08-25T10:37:31.743230] Calculating dependencies... (STDOUT, APP/TASK/deploy)#
#2026 08 25 11:29:16.916#Z#DEBUG#1118e5ca-a078-11f1-87c7-eeee0a8e79e5.ResilienceCockpit-db-deployer#flowable-async-job-executor-thread-3066#
[PollExecuteTaskStatusExecution] 2d23200b-60aa-4519-b7f8-9f40de7a8ecc [2026-08-25T10:37:31.743233] Expanding... (STDOUT, APP/TASK/deploy)#
#2026 08 25 11:29:16.916#Z#DEBUG#1118e5ca-a078-11f1-87c7-eeee0a8e79e5.ResilienceCockpit-db-deployer#flowable-async-job-executor-thread-3066#
[PollExecuteTaskStatusExecution] 2d23200b-60aa-4519-b7f8-9f40de7a8ecc [2026-08-25T10:37:31.743236] Expanding... ok (0s 20ms) (STDOUT, APP/TASK/deploy)#
#2026 08 25 11:29:16.916#Z#DEBUG#1118e5ca-a078-11f1-87c7-eeee0a8e79e5.ResilienceCockpit-db-deployer#flowable-async-job-executor-thread-3066#
[PollExecuteTaskStatusExecution] 2d23200b-60aa-4519-b7f8-9f40de7a8ecc [2026-08-25T10:37:31.743238] Precompiling... (STDOUT, APP/TASK/deploy)#
#2026 08 25 11:29:16.916#Z#DEBUG#1118e5ca-a078-11f1-87c7-eeee0a8e79e5.ResilienceCockpit-db-deployer#flowable-async-job-executor-thread-3066#
[PollExecuteTaskStatusExecution] 2d23200b-60aa-4519-b7f8-9f40de7a8ecc [2026-08-25T10:37:31.743240] Precompiling... ok (0s 0ms) (STDOUT, APP/TASK/deploy)#
#2026 08 25 11:29:16.916#Z#DEBUG#1118e5ca-a078-11f1-87c7-eeee0a8e79e5.ResilienceCockpit-db-deployer#flowable-async-job-executor-thread-3066#
[PollExecuteTaskStatusExecution] 2d23200b-60aa-4519-b7f8-9f40de7a8ecc [2026-08-25T10:37:31.743245] Merging... (STDOUT, APP/TASK/deploy)#
#2026 08 25 11:29:16.916#Z#DEBUG#1118e5ca-a078-11f1-87c7-eeee0a8e79e5.ResilienceCockpit-db-deployer#flowable-async-job-executor-thread-3066#
[PollExecuteTaskStatusExecution] 2d23200b-60aa-4519-b7f8-9f40de7a8ecc [2026-08-25T10:37:31.743265] Merging... ok (0s 0ms) (STDOUT, APP/TASK/deploy)#
#2026 08 25 11:29:16.916#Z#DEBUG#1118e5ca-a078-11f1-87c7-eeee0a8e79e5.ResilienceCockpit-db-deployer#flowable-async-job-executor-thread-3066#
[PollExecuteTaskStatusExecution] 2d23200b-60aa-4519-b7f8-9f40de7a8ecc [2026-08-25T10:37:31.743269] Calculating dependencies... ok (0s 20ms) (STDOUT, APP/TASK/deploy)#
#2026 08 25 11:29:16.916#Z#DEBUG#1118e5ca-a078-11f1-87c7-eeee0a8e79e5.ResilienceCockpit-db-deployer#flowable-async-job-executor-thread-3066#
[PollExecuteTaskStatusExecution] 2d23200b-60aa-4519-b7f8-9f40de7a8ecc [2026-08-25T10:37:31.743271] No make necessary (STDOUT, APP/TASK/deploy)#
#2026 08 25 11:29:16.916#Z#DEBUG#1118e5ca-a078-11f1-87c7-eeee0a8e79e5.ResilienceCockpit-db-deployer#flowable-async-job-executor-thread-3066#
[PollExecuteTaskStatusExecution] 2d23200b-60aa-4519-b7f8-9f40de7a8ecc [2026-08-25T10:37:31.743273] Making... ok (0s 578ms) (STDOUT, APP/TASK/deploy)#
#2026 08 25 11:29:16.916#Z#DEBUG#1118e5ca-a078-11f1-87c7-eeee0a8e79e5.ResilienceCockpit-db-deployer#flowable-async-job-executor-thread-3066#
[PollExecuteTaskStatusExecution] 2d23200b-60aa-4519-b7f8-9f40de7a8ecc [2026-08-25T10:37:31.743276] Enabling table replication for the container schema "8697B1A4A8B84AC49EFF171810969752"... (STDOUT, APP/TASK/deploy)#
#2026 08 25 11:29:16.916#Z#DEBUG#1118e5ca-a078-11f1-87c7-eeee0a8e79e5.ResilienceCockpit-db-deployer#flowable-async-job-executor-thread-3066#
[PollExecuteTaskStatusExecution] 2d23200b-60aa-4519-b7f8-9f40de7a8ecc [2026-08-25T10:37:31.743279] Enabling table replication for the container schema "8697B1A4A8B84AC49EFF171810969752"... ok (0s 9ms) (STDOUT, APP/TASK/deploy)#
#2026 08 25 11:29:16.916#Z#DEBUG#1118e5ca-a078-11f1-87c7-eeee0a8e79e5.ResilienceCockpit-db-deployer#flowable-async-job-executor-thread-3066#
[PollExecuteTaskStatusExecution] 2d23200b-60aa-4519-b7f8-9f40de7a8ecc [2026-08-25T10:37:31.743281] Starting make in the container "8697B1A4A8B84AC49EFF171810969752" with 0 files to deploy, 0 files to undeploy... ok (0s 658ms) (STDOUT, APP/TASK/deploy)#
#2026 08 25 11:29:16.916#Z#DEBUG#1118e5ca-a078-11f1-87c7-eeee0a8e79e5.ResilienceCockpit-db-deployer#flowable-async-job-executor-thread-3066#
[PollExecuteTaskStatusExecution] 2d23200b-60aa-4519-b7f8-9f40de7a8ecc [2026-08-25T10:37:31.743378] Deploying to the container "8697B1A4A8B84AC49EFF171810969752"... ok (0s 845ms) (STDOUT, APP/TASK/deploy)#
#2026 08 25 11:29:16.916#Z#DEBUG#1118e5ca-a078-11f1-87c7-eeee0a8e79e5.ResilienceCockpit-db-deployer#flowable-async-job-executor-thread-3066#
[PollExecuteTaskStatusExecution] 2d23200b-60aa-4519-b7f8-9f40de7a8ecc [2026-08-25T10:37:31.743679] No default-access-role handling needed; global role "8697B1A4A8B84AC49EFF171810969752::access_role" will not be adapted (STDOUT, APP/TASK/deploy)#
#2026 08 25 11:29:16.916#Z#DEBUG#1118e5ca-a078-11f1-87c7-eeee0a8e79e5.ResilienceCockpit-db-deployer#flowable-async-job-executor-thread-3066#
[PollExecuteTaskStatusExecution] 2d23200b-60aa-4519-b7f8-9f40de7a8ecc [2026-08-25T10:37:31.743703] Unlocking the container "8697B1A4A8B84AC49EFF171810969752"... (STDOUT, APP/TASK/deploy)#
#2026 08 25 11:29:16.916#Z#DEBUG#1118e5ca-a078-11f1-87c7-eeee0a8e79e5.ResilienceCockpit-db-deployer#flowable-async-job-executor-thread-3066#
[PollExecuteTaskStatusExecution] 2d23200b-60aa-4519-b7f8-9f40de7a8ecc [2026-08-25T10:37:31.743915] Unlocking the container "8697B1A4A8B84AC49EFF171810969752"... ok (0s 0ms) (STDOUT, APP/TASK/deploy)#
#2026 08 25 11:29:16.916#Z#DEBUG#1118e5ca-a078-11f1-87c7-eeee0a8e79e5.ResilienceCockpit-db-deployer#flowable-async-job-executor-thread-3066#
[PollExecuteTaskStatusExecution] 2d23200b-60aa-4519-b7f8-9f40de7a8ecc [2026-08-25T10:37:31.743961] Deployment to container 8697B1A4A8B84AC49EFF171810969752 done [Deployment ID: none]. (STDOUT, APP/TASK/deploy)#
#2026 08 25 11:29:16.916#Z#DEBUG#1118e5ca-a078-11f1-87c7-eeee0a8e79e5.ResilienceCockpit-db-deployer#flowable-async-job-executor-thread-3066#
[PollExecuteTaskStatusExecution] 2d23200b-60aa-4519-b7f8-9f40de7a8ecc [2026-08-25T10:37:31.744263] Deployment ended at 2026-08-25 10:37:31 (STDOUT, APP/TASK/deploy)#
#2026 08 25 11:29:16.916#Z#DEBUG#1118e5ca-a078-11f1-87c7-eeee0a8e79e5.ResilienceCockpit-db-deployer#flowable-async-job-executor-thread-3066#
[PollExecuteTaskStatusExecution] 2d23200b-60aa-4519-b7f8-9f40de7a8ecc [2026-08-25T10:37:31.744471] (2s 624ms) (STDOUT, APP/TASK/deploy)#
#2026 08 25 11:29:16.916#Z#DEBUG#1118e5ca-a078-11f1-87c7-eeee0a8e79e5.ResilienceCockpit-db-deployer#flowable-async-job-executor-thread-3066#
[PollExecuteTaskStatusExecution] 2d23200b-60aa-4519-b7f8-9f40de7a8ecc [2026-08-25T10:37:31.752564] npm notice (STDERR, APP/TASK/deploy)#
#2026 08 25 11:29:16.916#Z#DEBUG#1118e5ca-a078-11f1-87c7-eeee0a8e79e5.ResilienceCockpit-db-deployer#flowable-async-job-executor-thread-3066#
[PollExecuteTaskStatusExecution] 2d23200b-60aa-4519-b7f8-9f40de7a8ecc [2026-08-25T10:37:31.752581] npm notice New major version of npm available! 11.16.0 -> 12.0.2 (STDERR, APP/TASK/deploy)#
#2026 08 25 11:29:16.916#Z#DEBUG#1118e5ca-a078-11f1-87c7-eeee0a8e79e5.ResilienceCockpit-db-deployer#flowable-async-job-executor-thread-3066#
[PollExecuteTaskStatusExecution] 2d23200b-60aa-4519-b7f8-9f40de7a8ecc [2026-08-25T10:37:31.752586] npm notice Changelog: https://github.com/npm/cli/releases/tag/v12.0.2 (STDERR, APP/TASK/deploy)#
#2026 08 25 11:29:16.916#Z#DEBUG#1118e5ca-a078-11f1-87c7-eeee0a8e79e5.ResilienceCockpit-db-deployer#flowable-async-job-executor-thread-3066#
[PollExecuteTaskStatusExecution] 2d23200b-60aa-4519-b7f8-9f40de7a8ecc [2026-08-25T10:37:31.752589] npm notice To update run: npm install -g npm@12.0.2 (STDERR, APP/TASK/deploy)#
#2026 08 25 11:29:16.916#Z#DEBUG#1118e5ca-a078-11f1-87c7-eeee0a8e79e5.ResilienceCockpit-db-deployer#flowable-async-job-executor-thread-3066#
[PollExecuteTaskStatusExecution] 2d23200b-60aa-4519-b7f8-9f40de7a8ecc [2026-08-25T10:37:31.752591] npm notice (STDERR, APP/TASK/deploy)#
#2026 08 25 11:29:16.916#Z#DEBUG#1118e5ca-a078-11f1-87c7-eeee0a8e79e5.ResilienceCockpit-db-deployer#flowable-async-job-executor-thread-3066#
[PollExecuteTaskStatusExecution] 2d23200b-60aa-4519-b7f8-9f40de7a8ecc [2026-08-25T10:37:31.795598] Exit status 0 (STDOUT, APP/TASK/deploy)#
#2026 08 25 11:29:16.916#Z#DEBUG#1118e5ca-a078-11f1-87c7-eeee0a8e79e5.ResilienceCockpit-db-deployer#flowable-async-job-executor-thread-3066#
[PollExecuteTaskStatusExecution] 2d23200b-60aa-4519-b7f8-9f40de7a8ecc [2026-08-25T10:37:32.115132] Cell 4761c3fb-8e91-4ced-804b-3db53058de34 stopping instance a85ac3f2-2e4f-44cb-bdc1-ff4ce58b902e (STDOUT, CELL)#
#2026 08 25 11:29:16.916#Z#DEBUG#1118e5ca-a078-11f1-87c7-eeee0a8e79e5.ResilienceCockpit-db-deployer#flowable-async-job-executor-thread-3066#
[PollExecuteTaskStatusExecution] 2d23200b-60aa-4519-b7f8-9f40de7a8ecc [2026-08-25T10:37:32.115159] Cell 4761c3fb-8e91-4ced-804b-3db53058de34 destroying container for instance a85ac3f2-2e4f-44cb-bdc1-ff4ce58b902e (STDOUT, CELL)#
#2026 08 25 11:29:16.916#Z#DEBUG#1118e5ca-a078-11f1-87c7-eeee0a8e79e5.ResilienceCockpit-db-deployer#flowable-async-job-executor-thread-3066#
[PollExecuteTaskStatusExecution] 2d23200b-60aa-4519-b7f8-9f40de7a8ecc [2026-08-25T10:37:34.286142] Cell 4761c3fb-8e91-4ced-804b-3db53058de34 successfully destroyed container for instance a85ac3f2-2e4f-44cb-bdc1-ff4ce58b902e (STDOUT, CELL)#
#2026 08 25 11:29:16.916#Z#DEBUG#1118e5ca-a078-11f1-87c7-eeee0a8e79e5.ResilienceCockpit-db-deployer#flowable-async-job-executor-thread-3066#
[PollExecuteTaskStatusExecution] 2d23200b-60aa-4519-b7f8-9f40de7a8ecc [2026-08-25T10:38:46.538678] Updated app with guid 2d23200b-60aa-4519-b7f8-9f40de7a8ecc ({"lifecycle"=>{"data"=>{"buildpacks"=>["nodejs_buildpack"]}, "type"=>"buildpack"}}) (STDOUT, API)#
#2026 08 25 11:29:16.916#Z#DEBUG#1118e5ca-a078-11f1-87c7-eeee0a8e79e5.ResilienceCockpit-db-deployer#flowable-async-job-executor-thread-3066#
[PollExecuteTaskStatusExecution] 2d23200b-60aa-4519-b7f8-9f40de7a8ecc [2026-08-25T10:38:46.640438] Updating process: "web" (STDOUT, API)#
#2026 08 25 11:29:16.916#Z#DEBUG#1118e5ca-a078-11f1-87c7-eeee0a8e79e5.ResilienceCockpit-db-deployer#flowable-async-job-executor-thread-3066#
[PollExecuteTaskStatusExecution] 2d23200b-60aa-4519-b7f8-9f40de7a8ecc [2026-08-25T10:38:54.905211] Uploading app package for app with guid 2d23200b-60aa-4519-b7f8-9f40de7a8ecc (STDOUT, API)#
#2026 08 25 11:29:16.916#Z#DEBUG#1118e5ca-a078-11f1-87c7-eeee0a8e79e5.ResilienceCockpit-db-deployer#flowable-async-job-executor-thread-3066#
[PollExecuteTaskStatusExecution] 2d23200b-60aa-4519-b7f8-9f40de7a8ecc [2026-08-25T10:38:55.082953] Updated app with guid 2d23200b-60aa-4519-b7f8-9f40de7a8ecc ({"environment_variables"=>"[PRIVATE DATA HIDDEN]"}) (STDOUT, API)#
#2026 08 25 11:29:16.916#Z#DEBUG#1118e5ca-a078-11f1-87c7-eeee0a8e79e5.ResilienceCockpit-db-deployer#flowable-async-job-executor-thread-3066#
[PollExecuteTaskStatusExecution] 2d23200b-60aa-4519-b7f8-9f40de7a8ecc [2026-08-25T10:39:04.933598] Creating build for app with guid 2d23200b-60aa-4519-b7f8-9f40de7a8ecc (STDOUT, API)#
#2026 08 25 11:29:16.916#Z#DEBUG#1118e5ca-a078-11f1-87c7-eeee0a8e79e5.ResilienceCockpit-db-deployer#flowable-async-job-executor-thread-3066#
[PollExecuteTaskStatusExecution] 2d23200b-60aa-4519-b7f8-9f40de7a8ecc [2026-08-25T10:39:05.234102] Downloading nodejs_buildpack... (STDOUT, STG)#
#2026 08 25 11:29:16.916#Z#DEBUG#1118e5ca-a078-11f1-87c7-eeee0a8e79e5.ResilienceCockpit-db-deployer#flowable-async-job-executor-thread-3066#
[PollExecuteTaskStatusExecution] 2d23200b-60aa-4519-b7f8-9f40de7a8ecc [2026-08-25T10:39:05.271752] Downloaded nodejs_buildpack (STDOUT, STG)#
#2026 08 25 11:29:16.916#Z#DEBUG#1118e5ca-a078-11f1-87c7-eeee0a8e79e5.ResilienceCockpit-db-deployer#flowable-async-job-executor-thread-3066#
[PollExecuteTaskStatusExecution] 2d23200b-60aa-4519-b7f8-9f40de7a8ecc [2026-08-25T10:39:05.271797] Cell 2f709810-9b95-445d-9c2a-0d5af0af5ace creating container for instance 503ff3cb-a68a-428a-87ac-7fda8f763ce1 (STDOUT, STG)#
#2026 08 25 11:29:16.916#Z#DEBUG#1118e5ca-a078-11f1-87c7-eeee0a8e79e5.ResilienceCockpit-db-deployer#flowable-async-job-executor-thread-3066#
[PollExecuteTaskStatusExecution] 2d23200b-60aa-4519-b7f8-9f40de7a8ecc [2026-08-25T10:39:05.572593] Security group rules were updated (STDOUT, STG)#
#2026 08 25 11:29:16.916#Z#DEBUG#1118e5ca-a078-11f1-87c7-eeee0a8e79e5.ResilienceCockpit-db-deployer#flowable-async-job-executor-thread-3066#
[PollExecuteTaskStatusExecution] 2d23200b-60aa-4519-b7f8-9f40de7a8ecc [2026-08-25T10:39:05.629729] Cell 2f709810-9b95-445d-9c2a-0d5af0af5ace successfully created container for instance 503ff3cb-a68a-428a-87ac-7fda8f763ce1 (STDOUT, STG)#
#2026 08 25 11:29:16.916#Z#DEBUG#1118e5ca-a078-11f1-87c7-eeee0a8e79e5.ResilienceCockpit-db-deployer#flowable-async-job-executor-thread-3066#
[PollExecuteTaskStatusExecution] 2d23200b-60aa-4519-b7f8-9f40de7a8ecc [2026-08-25T10:39:06.005352] Downloading app package... (STDOUT, STG)#
#2026 08 25 11:29:16.916#Z#DEBUG#1118e5ca-a078-11f1-87c7-eeee0a8e79e5.ResilienceCockpit-db-deployer#flowable-async-job-executor-thread-3066#
[PollExecuteTaskStatusExecution] 2d23200b-60aa-4519-b7f8-9f40de7a8ecc [2026-08-25T10:39:06.005388] Downloading build artifacts cache... (STDOUT, STG)#
#2026 08 25 11:29:16.916#Z#DEBUG#1118e5ca-a078-11f1-87c7-eeee0a8e79e5.ResilienceCockpit-db-deployer#flowable-async-job-executor-thread-3066#
[PollExecuteTaskStatusExecution] 2d23200b-60aa-4519-b7f8-9f40de7a8ecc [2026-08-25T10:39:06.056720] Downloaded build artifacts cache (223B) (STDOUT, STG)#
#2026 08 25 11:29:16.916#Z#DEBUG#1118e5ca-a078-11f1-87c7-eeee0a8e79e5.ResilienceCockpit-db-deployer#flowable-async-job-executor-thread-3066#
[PollExecuteTaskStatusExecution] 2d23200b-60aa-4519-b7f8-9f40de7a8ecc [2026-08-25T10:39:06.218775] Downloaded app package (2.5M) (STDOUT, STG)#
#2026 08 25 11:29:16.916#Z#DEBUG#1118e5ca-a078-11f1-87c7-eeee0a8e79e5.ResilienceCockpit-db-deployer#flowable-async-job-executor-thread-3066#
[PollExecuteTaskStatusExecution] 2d23200b-60aa-4519-b7f8-9f40de7a8ecc [2026-08-25T10:39:06.270281] -----> Nodejs Buildpack version 1.9.3 (STDOUT, STG)#
#2026 08 25 11:29:16.916#Z#DEBUG#1118e5ca-a078-11f1-87c7-eeee0a8e79e5.ResilienceCockpit-db-deployer#flowable-async-job-executor-thread-3066#
[PollExecuteTaskStatusExecution] 2d23200b-60aa-4519-b7f8-9f40de7a8ecc [2026-08-25T10:39:06.363951] -----> Bootstrapping python (STDOUT, STG)#
#2026 08 25 11:29:16.916#Z#DEBUG#1118e5ca-a078-11f1-87c7-eeee0a8e79e5.ResilienceCockpit-db-deployer#flowable-async-job-executor-thread-3066#
[PollExecuteTaskStatusExecution] 2d23200b-60aa-4519-b7f8-9f40de7a8ecc [2026-08-25T10:39:06.363975] -----> Installing python 3.13.14 (STDOUT, STG)#
#2026 08 25 11:29:16.916#Z#DEBUG#1118e5ca-a078-11f1-87c7-eeee0a8e79e5.ResilienceCockpit-db-deployer#flowable-async-job-executor-thread-3066#
[PollExecuteTaskStatusExecution] 2d23200b-60aa-4519-b7f8-9f40de7a8ecc [2026-08-25T10:39:06.364065] Copy [/tmp/buildpacks/adc5840e3e50b48d/dependencies/4b4266a2ff36730aef37b88b668ca327/python_3.13.14_linux_x64_cflinuxfs4_b80d4954.tgz] (STDOUT, STG)#
#2026 08 25 11:29:16.916#Z#DEBUG#1118e5ca-a078-11f1-87c7-eeee0a8e79e5.ResilienceCockpit-db-deployer#flowable-async-job-executor-thread-3066#
[PollExecuteTaskStatusExecution] 2d23200b-60aa-4519-b7f8-9f40de7a8ecc [2026-08-25T10:39:09.355915] -----> Installing binaries (STDOUT, STG)#
#2026 08 25 11:29:16.916#Z#DEBUG#1118e5ca-a078-11f1-87c7-eeee0a8e79e5.ResilienceCockpit-db-deployer#flowable-async-job-executor-thread-3066#
[PollExecuteTaskStatusExecution] 2d23200b-60aa-4519-b7f8-9f40de7a8ecc [2026-08-25T10:39:09.355953] engines.node (package.json): >=18 (STDOUT, STG)#
#2026 08 25 11:29:16.916#Z#DEBUG#1118e5ca-a078-11f1-87c7-eeee0a8e79e5.ResilienceCockpit-db-deployer#flowable-async-job-executor-thread-3066#
[PollExecuteTaskStatusExecution] 2d23200b-60aa-4519-b7f8-9f40de7a8ecc [2026-08-25T10:39:09.355957] engines.npm (package.json): unspecified (use default) (STDOUT, STG)#
#2026 08 25 11:29:16.916#Z#DEBUG#1118e5ca-a078-11f1-87c7-eeee0a8e79e5.ResilienceCockpit-db-deployer#flowable-async-job-executor-thread-3066#
[PollExecuteTaskStatusExecution] 2d23200b-60aa-4519-b7f8-9f40de7a8ecc [2026-08-25T10:39:09.355960] [31;1m**WARNING**[0m Dangerous semver range (>) in engines.node. See: http://docs.cloudfoundry.org/buildpacks/node/node-tips.html (STDOUT, STG)#
#2026 08 25 11:29:16.916#Z#DEBUG#1118e5ca-a078-11f1-87c7-eeee0a8e79e5.ResilienceCockpit-db-deployer#flowable-async-job-executor-thread-3066#
[PollExecuteTaskStatusExecution] 2d23200b-60aa-4519-b7f8-9f40de7a8ecc [2026-08-25T10:39:09.356051] -----> Installing node 24.18.0 (STDOUT, STG)#
#2026 08 25 11:29:16.916#Z#DEBUG#1118e5ca-a078-11f1-87c7-eeee0a8e79e5.ResilienceCockpit-db-deployer#flowable-async-job-executor-thread-3066#
[PollExecuteTaskStatusExecution] 2d23200b-60aa-4519-b7f8-9f40de7a8ecc [2026-08-25T10:39:09.356158] Copy [/tmp/buildpacks/adc5840e3e50b48d/dependencies/dffbbb835fcd073c4544f78eb6247fac/node_24.18.0_linux_x64_cflinuxfs4_cdfed650.tgz] (STDOUT, STG)#
#2026 08 25 11:29:16.916#Z#DEBUG#1118e5ca-a078-11f1-87c7-eeee0a8e79e5.ResilienceCockpit-db-deployer#flowable-async-job-executor-thread-3066#
[PollExecuteTaskStatusExecution] 2d23200b-60aa-4519-b7f8-9f40de7a8ecc [2026-08-25T10:39:11.098301] Using default npm version: 11.16.0 (STDOUT, STG)#
#2026 08 25 11:29:16.916#Z#DEBUG#1118e5ca-a078-11f1-87c7-eeee0a8e79e5.ResilienceCockpit-db-deployer#flowable-async-job-executor-thread-3066#
[PollExecuteTaskStatusExecution] 2d23200b-60aa-4519-b7f8-9f40de7a8ecc [2026-08-25T10:39:11.098324] -----> Installing yarn 1.22.22 (STDOUT, STG)#
#2026 08 25 11:29:16.916#Z#DEBUG#1118e5ca-a078-11f1-87c7-eeee0a8e79e5.ResilienceCockpit-db-deployer#flowable-async-job-executor-thread-3066#
[PollExecuteTaskStatusExecution] 2d23200b-60aa-4519-b7f8-9f40de7a8ecc [2026-08-25T10:39:11.098700] Copy [/tmp/buildpacks/adc5840e3e50b48d/dependencies/e4fe26756e9984a665478d350474fa2e/yarn_1.22.22_linux_noarch_any-stack_b6132b86.tgz] (STDOUT, STG)#
#2026 08 25 11:29:16.916#Z#DEBUG#1118e5ca-a078-11f1-87c7-eeee0a8e79e5.ResilienceCockpit-db-deployer#flowable-async-job-executor-thread-3066#
[PollExecuteTaskStatusExecution] 2d23200b-60aa-4519-b7f8-9f40de7a8ecc [2026-08-25T10:39:11.350030] Installed yarn 1.22.22 (STDOUT, STG)#
#2026 08 25 11:29:16.916#Z#DEBUG#1118e5ca-a078-11f1-87c7-eeee0a8e79e5.ResilienceCockpit-db-deployer#flowable-async-job-executor-thread-3066#
[PollExecuteTaskStatusExecution] 2d23200b-60aa-4519-b7f8-9f40de7a8ecc [2026-08-25T10:39:11.350058] -----> Creating runtime environment (STDOUT, STG)#
#2026 08 25 11:29:16.916#Z#DEBUG#1118e5ca-a078-11f1-87c7-eeee0a8e79e5.ResilienceCockpit-db-deployer#flowable-async-job-executor-thread-3066#
[PollExecuteTaskStatusExecution] 2d23200b-60aa-4519-b7f8-9f40de7a8ecc [2026-08-25T10:39:11.351431] NODE_ENV=production (STDOUT, STG)#
#2026 08 25 11:29:16.916#Z#DEBUG#1118e5ca-a078-11f1-87c7-eeee0a8e79e5.ResilienceCockpit-db-deployer#flowable-async-job-executor-thread-3066#
[PollExecuteTaskStatusExecution] 2d23200b-60aa-4519-b7f8-9f40de7a8ecc [2026-08-25T10:39:11.351454] NODE_HOME=/tmp/contents1577920391/deps/0/node (STDOUT, STG)#
#2026 08 25 11:29:16.916#Z#DEBUG#1118e5ca-a078-11f1-87c7-eeee0a8e79e5.ResilienceCockpit-db-deployer#flowable-async-job-executor-thread-3066#
[PollExecuteTaskStatusExecution] 2d23200b-60aa-4519-b7f8-9f40de7a8ecc [2026-08-25T10:39:11.351457] NODE_MODULES_CACHE=true (STDOUT, STG)#
#2026 08 25 11:29:16.916#Z#DEBUG#1118e5ca-a078-11f1-87c7-eeee0a8e79e5.ResilienceCockpit-db-deployer#flowable-async-job-executor-thread-3066#
[PollExecuteTaskStatusExecution] 2d23200b-60aa-4519-b7f8-9f40de7a8ecc [2026-08-25T10:39:11.351459] NODE_VERBOSE=false (STDOUT, STG)#
#2026 08 25 11:29:16.916#Z#DEBUG#1118e5ca-a078-11f1-87c7-eeee0a8e79e5.ResilienceCockpit-db-deployer#flowable-async-job-executor-thread-3066#
[PollExecuteTaskStatusExecution] 2d23200b-60aa-4519-b7f8-9f40de7a8ecc [2026-08-25T10:39:11.351461] NPM_CONFIG_LOGLEVEL=error (STDOUT, STG)#
#2026 08 25 11:29:16.916#Z#DEBUG#1118e5ca-a078-11f1-87c7-eeee0a8e79e5.ResilienceCockpit-db-deployer#flowable-async-job-executor-thread-3066#
[PollExecuteTaskStatusExecution] 2d23200b-60aa-4519-b7f8-9f40de7a8ecc [2026-08-25T10:39:11.351464] NPM_CONFIG_PRODUCTION=true (STDOUT, STG)#
#2026 08 25 11:29:16.916#Z#DEBUG#1118e5ca-a078-11f1-87c7-eeee0a8e79e5.ResilienceCockpit-db-deployer#flowable-async-job-executor-thread-3066#
[PollExecuteTaskStatusExecution] 2d23200b-60aa-4519-b7f8-9f40de7a8ecc [2026-08-25T10:39:11.351477] -----> Building dependencies (STDOUT, STG)#
#2026 08 25 11:29:16.916#Z#DEBUG#1118e5ca-a078-11f1-87c7-eeee0a8e79e5.ResilienceCockpit-db-deployer#flowable-async-job-executor-thread-3066#
[PollExecuteTaskStatusExecution] 2d23200b-60aa-4519-b7f8-9f40de7a8ecc [2026-08-25T10:39:11.351480] Prebuild detected (node_modules already exists) (STDOUT, STG)#
#2026 08 25 11:29:16.916#Z#DEBUG#1118e5ca-a078-11f1-87c7-eeee0a8e79e5.ResilienceCockpit-db-deployer#flowable-async-job-executor-thread-3066#
[PollExecuteTaskStatusExecution] 2d23200b-60aa-4519-b7f8-9f40de7a8ecc [2026-08-25T10:39:11.351500] Rebuilding any native modules (STDOUT, STG)#
#2026 08 25 11:29:16.916#Z#DEBUG#1118e5ca-a078-11f1-87c7-eeee0a8e79e5.ResilienceCockpit-db-deployer#flowable-async-job-executor-thread-3066#
[PollExecuteTaskStatusExecution] 2d23200b-60aa-4519-b7f8-9f40de7a8ecc [2026-08-25T10:39:11.742896] rebuilt dependencies successfully (STDOUT, STG)#
#2026 08 25 11:29:16.916#Z#DEBUG#1118e5ca-a078-11f1-87c7-eeee0a8e79e5.ResilienceCockpit-db-deployer#flowable-async-job-executor-thread-3066#
[PollExecuteTaskStatusExecution] 2d23200b-60aa-4519-b7f8-9f40de7a8ecc [2026-08-25T10:39:11.791630] Installing any new modules (package.json + package-lock.json) (STDOUT, STG)#
#2026 08 25 11:29:16.916#Z#DEBUG#1118e5ca-a078-11f1-87c7-eeee0a8e79e5.ResilienceCockpit-db-deployer#flowable-async-job-executor-thread-3066#
[PollExecuteTaskStatusExecution] 2d23200b-60aa-4519-b7f8-9f40de7a8ecc [2026-08-25T10:39:12.119987] up to date in 268ms (STDOUT, STG)#
#2026 08 25 11:29:16.916#Z#DEBUG#1118e5ca-a078-11f1-87c7-eeee0a8e79e5.ResilienceCockpit-db-deployer#flowable-async-job-executor-thread-3066#
[PollExecuteTaskStatusExecution] 2d23200b-60aa-4519-b7f8-9f40de7a8ecc [2026-08-25T10:39:12.120178] 4 packages are looking for funding (STDOUT, STG)#
#2026 08 25 11:29:16.916#Z#DEBUG#1118e5ca-a078-11f1-87c7-eeee0a8e79e5.ResilienceCockpit-db-deployer#flowable-async-job-executor-thread-3066#
[PollExecuteTaskStatusExecution] 2d23200b-60aa-4519-b7f8-9f40de7a8ecc [2026-08-25T10:39:12.120280] run `npm fund` for details (STDOUT, STG)#
#2026 08 25 11:29:16.916#Z#DEBUG#1118e5ca-a078-11f1-87c7-eeee0a8e79e5.ResilienceCockpit-db-deployer#flowable-async-job-executor-thread-3066#
[PollExecuteTaskStatusExecution] 2d23200b-60aa-4519-b7f8-9f40de7a8ecc [2026-08-25T10:39:12.528500] Contrast Security no credentials found. Will not write environment files. (STDOUT, STG)#
#2026 08 25 11:29:16.916#Z#DEBUG#1118e5ca-a078-11f1-87c7-eeee0a8e79e5.ResilienceCockpit-db-deployer#flowable-async-job-executor-thread-3066#
[PollExecuteTaskStatusExecution] 2d23200b-60aa-4519-b7f8-9f40de7a8ecc [2026-08-25T10:39:20.086220] Exit status 0 (STDOUT, STG)#
#2026 08 25 11:29:16.916#Z#DEBUG#1118e5ca-a078-11f1-87c7-eeee0a8e79e5.ResilienceCockpit-db-deployer#flowable-async-job-executor-thread-3066#
[PollExecuteTaskStatusExecution] 2d23200b-60aa-4519-b7f8-9f40de7a8ecc [2026-08-25T10:39:20.086253] Uploading droplet, build artifacts cache... (STDOUT, STG)#
#2026 08 25 11:29:16.916#Z#DEBUG#1118e5ca-a078-11f1-87c7-eeee0a8e79e5.ResilienceCockpit-db-deployer#flowable-async-job-executor-thread-3066#
[PollExecuteTaskStatusExecution] 2d23200b-60aa-4519-b7f8-9f40de7a8ecc [2026-08-25T10:39:20.086284] Uploading droplet... (STDOUT, STG)#
#2026 08 25 11:29:16.916#Z#DEBUG#1118e5ca-a078-11f1-87c7-eeee0a8e79e5.ResilienceCockpit-db-deployer#flowable-async-job-executor-thread-3066#
[PollExecuteTaskStatusExecution] 2d23200b-60aa-4519-b7f8-9f40de7a8ecc [2026-08-25T10:39:20.086385] Uploading build artifacts cache... (STDOUT, STG)#
#2026 08 25 11:29:16.916#Z#DEBUG#1118e5ca-a078-11f1-87c7-eeee0a8e79e5.ResilienceCockpit-db-deployer#flowable-async-job-executor-thread-3066#
[PollExecuteTaskStatusExecution] 2d23200b-60aa-4519-b7f8-9f40de7a8ecc [2026-08-25T10:39:20.106966] Uploaded build artifacts cache (223B) (STDOUT, STG)#
#2026 08 25 11:29:16.916#Z#DEBUG#1118e5ca-a078-11f1-87c7-eeee0a8e79e5.ResilienceCockpit-db-deployer#flowable-async-job-executor-thread-3066#
[PollExecuteTaskStatusExecution] 2d23200b-60aa-4519-b7f8-9f40de7a8ecc [2026-08-25T10:39:20.674189] Creating droplet for app with guid 2d23200b-60aa-4519-b7f8-9f40de7a8ecc (STDOUT, API)#
#2026 08 25 11:29:16.916#Z#DEBUG#1118e5ca-a078-11f1-87c7-eeee0a8e79e5.ResilienceCockpit-db-deployer#flowable-async-job-executor-thread-3066#
[PollExecuteTaskStatusExecution] 2d23200b-60aa-4519-b7f8-9f40de7a8ecc [2026-08-25T10:39:24.744983] Uploaded droplet (59.3M) (STDOUT, STG)#
#2026 08 25 11:29:16.916#Z#DEBUG#1118e5ca-a078-11f1-87c7-eeee0a8e79e5.ResilienceCockpit-db-deployer#flowable-async-job-executor-thread-3066#
[PollExecuteTaskStatusExecution] 2d23200b-60aa-4519-b7f8-9f40de7a8ecc [2026-08-25T10:39:24.760372] Uploading complete (STDOUT, STG)#
#2026 08 25 11:29:16.916#Z#DEBUG#1118e5ca-a078-11f1-87c7-eeee0a8e79e5.ResilienceCockpit-db-deployer#flowable-async-job-executor-thread-3066#
[PollExecuteTaskStatusExecution] 2d23200b-60aa-4519-b7f8-9f40de7a8ecc [2026-08-25T10:39:25.143913] Cell 2f709810-9b95-445d-9c2a-0d5af0af5ace stopping instance 503ff3cb-a68a-428a-87ac-7fda8f763ce1 (STDOUT, STG)#
#2026 08 25 11:29:16.916#Z#DEBUG#1118e5ca-a078-11f1-87c7-eeee0a8e79e5.ResilienceCockpit-db-deployer#flowable-async-job-executor-thread-3066#
[PollExecuteTaskStatusExecution] 2d23200b-60aa-4519-b7f8-9f40de7a8ecc [2026-08-25T10:39:25.143957] Cell 2f709810-9b95-445d-9c2a-0d5af0af5ace destroying container for instance 503ff3cb-a68a-428a-87ac-7fda8f763ce1 (STDOUT, STG)#
#2026 08 25 11:29:16.916#Z#DEBUG#1118e5ca-a078-11f1-87c7-eeee0a8e79e5.ResilienceCockpit-db-deployer#flowable-async-job-executor-thread-3066#
[PollExecuteTaskStatusExecution] 2d23200b-60aa-4519-b7f8-9f40de7a8ecc [2026-08-25T10:39:25.197738] Staging complete for build 503ff3cb-a68a-428a-87ac-7fda8f763ce1 (STDOUT, API)#
#2026 08 25 11:29:16.916#Z#DEBUG#1118e5ca-a078-11f1-87c7-eeee0a8e79e5.ResilienceCockpit-db-deployer#flowable-async-job-executor-thread-3066#
[PollExecuteTaskStatusExecution] 2d23200b-60aa-4519-b7f8-9f40de7a8ecc [2026-08-25T10:39:28.691622] Updated app with guid 2d23200b-60aa-4519-b7f8-9f40de7a8ecc ({"lifecycle"=>{"data"=>{"buildpacks"=>["nodejs_buildpack"]}, "type"=>"buildpack"}}) (STDOUT, API)#
#2026 08 25 11:29:16.916#Z#DEBUG#1118e5ca-a078-11f1-87c7-eeee0a8e79e5.ResilienceCockpit-db-deployer#flowable-async-job-executor-thread-3066#
[PollExecuteTaskStatusExecution] 2d23200b-60aa-4519-b7f8-9f40de7a8ecc [2026-08-25T10:39:28.806157] Updating process: "web" (STDOUT, API)#
#2026 08 25 11:29:16.916#Z#DEBUG#1118e5ca-a078-11f1-87c7-eeee0a8e79e5.ResilienceCockpit-db-deployer#flowable-async-job-executor-thread-3066#
[PollExecuteTaskStatusExecution] 2d23200b-60aa-4519-b7f8-9f40de7a8ecc [2026-08-25T10:39:30.272466] Cell 2f709810-9b95-445d-9c2a-0d5af0af5ace successfully destroyed container for instance 503ff3cb-a68a-428a-87ac-7fda8f763ce1 (STDOUT, STG)#
#2026 08 25 11:29:16.916#Z#DEBUG#1118e5ca-a078-11f1-87c7-eeee0a8e79e5.ResilienceCockpit-db-deployer#flowable-async-job-executor-thread-3066#
[PollExecuteTaskStatusExecution] 2d23200b-60aa-4519-b7f8-9f40de7a8ecc [2026-08-25T10:39:44.887392] Uploading app package for app with guid 2d23200b-60aa-4519-b7f8-9f40de7a8ecc (STDOUT, API)#
#2026 08 25 11:29:16.916#Z#DEBUG#1118e5ca-a078-11f1-87c7-eeee0a8e79e5.ResilienceCockpit-db-deployer#flowable-async-job-executor-thread-3066#
[PollExecuteTaskStatusExecution] 2d23200b-60aa-4519-b7f8-9f40de7a8ecc [2026-08-25T10:39:45.054796] Updated app with guid 2d23200b-60aa-4519-b7f8-9f40de7a8ecc ({"environment_variables"=>"[PRIVATE DATA HIDDEN]"}) (STDOUT, API)#
#2026 08 25 11:29:16.916#Z#DEBUG#1118e5ca-a078-11f1-87c7-eeee0a8e79e5.ResilienceCockpit-db-deployer#flowable-async-job-executor-thread-3066#
[PollExecuteTaskStatusExecution] 2d23200b-60aa-4519-b7f8-9f40de7a8ecc [2026-08-25T10:39:54.906534] Creating build for app with guid 2d23200b-60aa-4519-b7f8-9f40de7a8ecc (STDOUT, API)#
#2026 08 25 11:29:16.916#Z#DEBUG#1118e5ca-a078-11f1-87c7-eeee0a8e79e5.ResilienceCockpit-db-deployer#flowable-async-job-executor-thread-3066#
[PollExecuteTaskStatusExecution] 2d23200b-60aa-4519-b7f8-9f40de7a8ecc [2026-08-25T10:39:55.196039] Downloading nodejs_buildpack... (STDOUT, STG)#
#2026 08 25 11:29:16.916#Z#DEBUG#1118e5ca-a078-11f1-87c7-eeee0a8e79e5.ResilienceCockpit-db-deployer#flowable-async-job-executor-thread-3066#
[PollExecuteTaskStatusExecution] 2d23200b-60aa-4519-b7f8-9f40de7a8ecc [2026-08-25T10:39:55.237087] Downloaded nodejs_buildpack (STDOUT, STG)#
#2026 08 25 11:29:16.916#Z#DEBUG#1118e5ca-a078-11f1-87c7-eeee0a8e79e5.ResilienceCockpit-db-deployer#flowable-async-job-executor-thread-3066#
[PollExecuteTaskStatusExecution] 2d23200b-60aa-4519-b7f8-9f40de7a8ecc [2026-08-25T10:39:55.237206] Cell 911a2f96-661c-46fd-ae0b-1bce220e9e4e creating container for instance f3b7a101-3416-4d71-800d-a4838b657b93 (STDOUT, STG)#
#2026 08 25 11:29:16.916#Z#DEBUG#1118e5ca-a078-11f1-87c7-eeee0a8e79e5.ResilienceCockpit-db-deployer#flowable-async-job-executor-thread-3066#
[PollExecuteTaskStatusExecution] 2d23200b-60aa-4519-b7f8-9f40de7a8ecc [2026-08-25T10:39:55.542153] Security group rules were updated (STDOUT, STG)#
#2026 08 25 11:29:16.916#Z#DEBUG#1118e5ca-a078-11f1-87c7-eeee0a8e79e5.ResilienceCockpit-db-deployer#flowable-async-job-executor-thread-3066#
[PollExecuteTaskStatusExecution] 2d23200b-60aa-4519-b7f8-9f40de7a8ecc [2026-08-25T10:39:55.601114] Cell 911a2f96-661c-46fd-ae0b-1bce220e9e4e successfully created container for instance f3b7a101-3416-4d71-800d-a4838b657b93 (STDOUT, STG)#
#2026 08 25 11:29:16.916#Z#DEBUG#1118e5ca-a078-11f1-87c7-eeee0a8e79e5.ResilienceCockpit-db-deployer#flowable-async-job-executor-thread-3066#
[PollExecuteTaskStatusExecution] 2d23200b-60aa-4519-b7f8-9f40de7a8ecc [2026-08-25T10:39:56.051970] Downloading app package... (STDOUT, STG)#
#2026 08 25 11:29:16.916#Z#DEBUG#1118e5ca-a078-11f1-87c7-eeee0a8e79e5.ResilienceCockpit-db-deployer#flowable-async-job-executor-thread-3066#
[PollExecuteTaskStatusExecution] 2d23200b-60aa-4519-b7f8-9f40de7a8ecc [2026-08-25T10:39:56.051988] Downloading build artifacts cache... (STDOUT, STG)#
#2026 08 25 11:29:16.916#Z#DEBUG#1118e5ca-a078-11f1-87c7-eeee0a8e79e5.ResilienceCockpit-db-deployer#flowable-async-job-executor-thread-3066#
[PollExecuteTaskStatusExecution] 2d23200b-60aa-4519-b7f8-9f40de7a8ecc [2026-08-25T10:39:56.111039] Downloaded build artifacts cache (223B) (STDOUT, STG)#
#2026 08 25 11:29:16.916#Z#DEBUG#1118e5ca-a078-11f1-87c7-eeee0a8e79e5.ResilienceCockpit-db-deployer#flowable-async-job-executor-thread-3066#
[PollExecuteTaskStatusExecution] 2d23200b-60aa-4519-b7f8-9f40de7a8ecc [2026-08-25T10:39:56.259139] Downloaded app package (2.5M) (STDOUT, STG)#
#2026 08 25 11:29:16.916#Z#DEBUG#1118e5ca-a078-11f1-87c7-eeee0a8e79e5.ResilienceCockpit-db-deployer#flowable-async-job-executor-thread-3066#
[PollExecuteTaskStatusExecution] 2d23200b-60aa-4519-b7f8-9f40de7a8ecc [2026-08-25T10:39:56.310608] -----> Nodejs Buildpack version 1.9.3 (STDOUT, STG)#
#2026 08 25 11:29:16.916#Z#DEBUG#1118e5ca-a078-11f1-87c7-eeee0a8e79e5.ResilienceCockpit-db-deployer#flowable-async-job-executor-thread-3066#
[PollExecuteTaskStatusExecution] 2d23200b-60aa-4519-b7f8-9f40de7a8ecc [2026-08-25T10:39:56.407048] -----> Bootstrapping python (STDOUT, STG)#
#2026 08 25 11:29:16.916#Z#DEBUG#1118e5ca-a078-11f1-87c7-eeee0a8e79e5.ResilienceCockpit-db-deployer#flowable-async-job-executor-thread-3066#
[PollExecuteTaskStatusExecution] 2d23200b-60aa-4519-b7f8-9f40de7a8ecc [2026-08-25T10:39:56.407414] -----> Installing python 3.13.14 (STDOUT, STG)#
#2026 08 25 11:29:16.916#Z#DEBUG#1118e5ca-a078-11f1-87c7-eeee0a8e79e5.ResilienceCockpit-db-deployer#flowable-async-job-executor-thread-3066#
[PollExecuteTaskStatusExecution] 2d23200b-60aa-4519-b7f8-9f40de7a8ecc [2026-08-25T10:39:56.407530] Copy [/tmp/buildpacks/adc5840e3e50b48d/dependencies/4b4266a2ff36730aef37b88b668ca327/python_3.13.14_linux_x64_cflinuxfs4_b80d4954.tgz] (STDOUT, STG)#
#2026 08 25 11:29:16.916#Z#DEBUG#1118e5ca-a078-11f1-87c7-eeee0a8e79e5.ResilienceCockpit-db-deployer#flowable-async-job-executor-thread-3066#
[PollExecuteTaskStatusExecution] 2d23200b-60aa-4519-b7f8-9f40de7a8ecc [2026-08-25T10:39:59.397533] -----> Installing binaries (STDOUT, STG)#
#2026 08 25 11:29:16.916#Z#DEBUG#1118e5ca-a078-11f1-87c7-eeee0a8e79e5.ResilienceCockpit-db-deployer#flowable-async-job-executor-thread-3066#
[PollExecuteTaskStatusExecution] 2d23200b-60aa-4519-b7f8-9f40de7a8ecc [2026-08-25T10:39:59.397725] engines.node (package.json): >=18 (STDOUT, STG)#
#2026 08 25 11:29:16.916#Z#DEBUG#1118e5ca-a078-11f1-87c7-eeee0a8e79e5.ResilienceCockpit-db-deployer#flowable-async-job-executor-thread-3066#
[PollExecuteTaskStatusExecution] 2d23200b-60aa-4519-b7f8-9f40de7a8ecc [2026-08-25T10:39:59.397746] engines.npm (package.json): unspecified (use default) (STDOUT, STG)#
#2026 08 25 11:29:16.916#Z#DEBUG#1118e5ca-a078-11f1-87c7-eeee0a8e79e5.ResilienceCockpit-db-deployer#flowable-async-job-executor-thread-3066#
[PollExecuteTaskStatusExecution] 2d23200b-60aa-4519-b7f8-9f40de7a8ecc [2026-08-25T10:39:59.397753] [31;1m**WARNING**[0m Dangerous semver range (>) in engines.node. See: http://docs.cloudfoundry.org/buildpacks/node/node-tips.html (STDOUT, STG)#
#2026 08 25 11:29:16.916#Z#DEBUG#1118e5ca-a078-11f1-87c7-eeee0a8e79e5.ResilienceCockpit-db-deployer#flowable-async-job-executor-thread-3066#
[PollExecuteTaskStatusExecution] 2d23200b-60aa-4519-b7f8-9f40de7a8ecc [2026-08-25T10:39:59.397756] -----> Installing node 24.18.0 (STDOUT, STG)#
#2026 08 25 11:29:16.916#Z#DEBUG#1118e5ca-a078-11f1-87c7-eeee0a8e79e5.ResilienceCockpit-db-deployer#flowable-async-job-executor-thread-3066#
[PollExecuteTaskStatusExecution] 2d23200b-60aa-4519-b7f8-9f40de7a8ecc [2026-08-25T10:39:59.397779] Copy [/tmp/buildpacks/adc5840e3e50b48d/dependencies/dffbbb835fcd073c4544f78eb6247fac/node_24.18.0_linux_x64_cflinuxfs4_cdfed650.tgz] (STDOUT, STG)#
#2026 08 25 11:29:16.916#Z#DEBUG#1118e5ca-a078-11f1-87c7-eeee0a8e79e5.ResilienceCockpit-db-deployer#flowable-async-job-executor-thread-3066#
[PollExecuteTaskStatusExecution] 2d23200b-60aa-4519-b7f8-9f40de7a8ecc [2026-08-25T10:40:01.136885] Using default npm version: 11.16.0 (STDOUT, STG)#
#2026 08 25 11:29:16.916#Z#DEBUG#1118e5ca-a078-11f1-87c7-eeee0a8e79e5.ResilienceCockpit-db-deployer#flowable-async-job-executor-thread-3066#
[PollExecuteTaskStatusExecution] 2d23200b-60aa-4519-b7f8-9f40de7a8ecc [2026-08-25T10:40:01.136911] -----> Installing yarn 1.22.22 (STDOUT, STG)#
#2026 08 25 11:29:16.916#Z#DEBUG#1118e5ca-a078-11f1-87c7-eeee0a8e79e5.ResilienceCockpit-db-deployer#flowable-async-job-executor-thread-3066#
[PollExecuteTaskStatusExecution] 2d23200b-60aa-4519-b7f8-9f40de7a8ecc [2026-08-25T10:40:01.136952] Copy [/tmp/buildpacks/adc5840e3e50b48d/dependencies/e4fe26756e9984a665478d350474fa2e/yarn_1.22.22_linux_noarch_any-stack_b6132b86.tgz] (STDOUT, STG)#
#2026 08 25 11:29:16.916#Z#DEBUG#1118e5ca-a078-11f1-87c7-eeee0a8e79e5.ResilienceCockpit-db-deployer#flowable-async-job-executor-thread-3066#
[PollExecuteTaskStatusExecution] 2d23200b-60aa-4519-b7f8-9f40de7a8ecc [2026-08-25T10:40:01.385755] Installed yarn 1.22.22 (STDOUT, STG)#
#2026 08 25 11:29:16.916#Z#DEBUG#1118e5ca-a078-11f1-87c7-eeee0a8e79e5.ResilienceCockpit-db-deployer#flowable-async-job-executor-thread-3066#
[PollExecuteTaskStatusExecution] 2d23200b-60aa-4519-b7f8-9f40de7a8ecc [2026-08-25T10:40:01.385791] -----> Creating runtime environment (STDOUT, STG)#
#2026 08 25 11:29:16.916#Z#DEBUG#1118e5ca-a078-11f1-87c7-eeee0a8e79e5.ResilienceCockpit-db-deployer#flowable-async-job-executor-thread-3066#
[PollExecuteTaskStatusExecution] 2d23200b-60aa-4519-b7f8-9f40de7a8ecc [2026-08-25T10:40:01.387466] NODE_ENV=production (STDOUT, STG)#
#2026 08 25 11:29:16.916#Z#DEBUG#1118e5ca-a078-11f1-87c7-eeee0a8e79e5.ResilienceCockpit-db-deployer#flowable-async-job-executor-thread-3066#
[PollExecuteTaskStatusExecution] 2d23200b-60aa-4519-b7f8-9f40de7a8ecc [2026-08-25T10:40:01.387488] NODE_HOME=/tmp/contents2413704163/deps/0/node (STDOUT, STG)#
#2026 08 25 11:29:16.916#Z#DEBUG#1118e5ca-a078-11f1-87c7-eeee0a8e79e5.ResilienceCockpit-db-deployer#flowable-async-job-executor-thread-3066#
[PollExecuteTaskStatusExecution] 2d23200b-60aa-4519-b7f8-9f40de7a8ecc [2026-08-25T10:40:01.387492] NODE_MODULES_CACHE=true (STDOUT, STG)#
#2026 08 25 11:29:16.916#Z#DEBUG#1118e5ca-a078-11f1-87c7-eeee0a8e79e5.ResilienceCockpit-db-deployer#flowable-async-job-executor-thread-3066#
[PollExecuteTaskStatusExecution] 2d23200b-60aa-4519-b7f8-9f40de7a8ecc [2026-08-25T10:40:01.387497] NODE_VERBOSE=false (STDOUT, STG)#
#2026 08 25 11:29:16.916#Z#DEBUG#1118e5ca-a078-11f1-87c7-eeee0a8e79e5.ResilienceCockpit-db-deployer#flowable-async-job-executor-thread-3066#
[PollExecuteTaskStatusExecution] 2d23200b-60aa-4519-b7f8-9f40de7a8ecc [2026-08-25T10:40:01.387500] NPM_CONFIG_LOGLEVEL=error (STDOUT, STG)#
#2026 08 25 11:29:16.916#Z#DEBUG#1118e5ca-a078-11f1-87c7-eeee0a8e79e5.ResilienceCockpit-db-deployer#flowable-async-job-executor-thread-3066#
[PollExecuteTaskStatusExecution] 2d23200b-60aa-4519-b7f8-9f40de7a8ecc [2026-08-25T10:40:01.387505] NPM_CONFIG_PRODUCTION=true (STDOUT, STG)#
#2026 08 25 11:29:16.916#Z#DEBUG#1118e5ca-a078-11f1-87c7-eeee0a8e79e5.ResilienceCockpit-db-deployer#flowable-async-job-executor-thread-3066#
[PollExecuteTaskStatusExecution] 2d23200b-60aa-4519-b7f8-9f40de7a8ecc [2026-08-25T10:40:01.387519] -----> Building dependencies (STDOUT, STG)#
#2026 08 25 11:29:16.916#Z#DEBUG#1118e5ca-a078-11f1-87c7-eeee0a8e79e5.ResilienceCockpit-db-deployer#flowable-async-job-executor-thread-3066#
[PollExecuteTaskStatusExecution] 2d23200b-60aa-4519-b7f8-9f40de7a8ecc [2026-08-25T10:40:01.387521] Prebuild detected (node_modules already exists) (STDOUT, STG)#
#2026 08 25 11:29:16.916#Z#DEBUG#1118e5ca-a078-11f1-87c7-eeee0a8e79e5.ResilienceCockpit-db-deployer#flowable-async-job-executor-thread-3066#
[PollExecuteTaskStatusExecution] 2d23200b-60aa-4519-b7f8-9f40de7a8ecc [2026-08-25T10:40:01.387523] Rebuilding any native modules (STDOUT, STG)#
#2026 08 25 11:29:16.916#Z#DEBUG#1118e5ca-a078-11f1-87c7-eeee0a8e79e5.ResilienceCockpit-db-deployer#flowable-async-job-executor-thread-3066#
[PollExecuteTaskStatusExecution] 2d23200b-60aa-4519-b7f8-9f40de7a8ecc [2026-08-25T10:40:01.777905] rebuilt dependencies successfully (STDOUT, STG)#
#2026 08 25 11:29:16.916#Z#DEBUG#1118e5ca-a078-11f1-87c7-eeee0a8e79e5.ResilienceCockpit-db-deployer#flowable-async-job-executor-thread-3066#
[PollExecuteTaskStatusExecution] 2d23200b-60aa-4519-b7f8-9f40de7a8ecc [2026-08-25T10:40:01.824941] Installing any new modules (package.json + package-lock.json) (STDOUT, STG)#
#2026 08 25 11:29:16.916#Z#DEBUG#1118e5ca-a078-11f1-87c7-eeee0a8e79e5.ResilienceCockpit-db-deployer#flowable-async-job-executor-thread-3066#
[PollExecuteTaskStatusExecution] 2d23200b-60aa-4519-b7f8-9f40de7a8ecc [2026-08-25T10:40:02.147506] up to date in 266ms (STDOUT, STG)#
#2026 08 25 11:29:16.916#Z#DEBUG#1118e5ca-a078-11f1-87c7-eeee0a8e79e5.ResilienceCockpit-db-deployer#flowable-async-job-executor-thread-3066#
[PollExecuteTaskStatusExecution] 2d23200b-60aa-4519-b7f8-9f40de7a8ecc [2026-08-25T10:40:02.147692] 4 packages are looking for funding (STDOUT, STG)#
#2026 08 25 11:29:16.916#Z#DEBUG#1118e5ca-a078-11f1-87c7-eeee0a8e79e5.ResilienceCockpit-db-deployer#flowable-async-job-executor-thread-3066#
[PollExecuteTaskStatusExecution] 2d23200b-60aa-4519-b7f8-9f40de7a8ecc [2026-08-25T10:40:02.147752] run `npm fund` for details (STDOUT, STG)#
#2026 08 25 11:29:16.916#Z#DEBUG#1118e5ca-a078-11f1-87c7-eeee0a8e79e5.ResilienceCockpit-db-deployer#flowable-async-job-executor-thread-3066#
[PollExecuteTaskStatusExecution] 2d23200b-60aa-4519-b7f8-9f40de7a8ecc [2026-08-25T10:40:02.583279] Contrast Security no credentials found. Will not write environment files. (STDOUT, STG)#
#2026 08 25 11:29:16.916#Z#DEBUG#1118e5ca-a078-11f1-87c7-eeee0a8e79e5.ResilienceCockpit-db-deployer#flowable-async-job-executor-thread-3066#
[PollExecuteTaskStatusExecution] 2d23200b-60aa-4519-b7f8-9f40de7a8ecc [2026-08-25T10:40:10.131709] Exit status 0 (STDOUT, STG)#
#2026 08 25 11:29:16.916#Z#DEBUG#1118e5ca-a078-11f1-87c7-eeee0a8e79e5.ResilienceCockpit-db-deployer#flowable-async-job-executor-thread-3066#
[PollExecuteTaskStatusExecution] 2d23200b-60aa-4519-b7f8-9f40de7a8ecc [2026-08-25T10:40:10.131762] Uploading droplet, build artifacts cache... (STDOUT, STG)#
#2026 08 25 11:29:16.916#Z#DEBUG#1118e5ca-a078-11f1-87c7-eeee0a8e79e5.ResilienceCockpit-db-deployer#flowable-async-job-executor-thread-3066#
[PollExecuteTaskStatusExecution] 2d23200b-60aa-4519-b7f8-9f40de7a8ecc [2026-08-25T10:40:10.131840] Uploading build artifacts cache... (STDOUT, STG)#
#2026 08 25 11:29:16.916#Z#DEBUG#1118e5ca-a078-11f1-87c7-eeee0a8e79e5.ResilienceCockpit-db-deployer#flowable-async-job-executor-thread-3066#
[PollExecuteTaskStatusExecution] 2d23200b-60aa-4519-b7f8-9f40de7a8ecc [2026-08-25T10:40:10.131841] Uploading droplet... (STDOUT, STG)#
#2026 08 25 11:29:16.916#Z#DEBUG#1118e5ca-a078-11f1-87c7-eeee0a8e79e5.ResilienceCockpit-db-deployer#flowable-async-job-executor-thread-3066#
[PollExecuteTaskStatusExecution] 2d23200b-60aa-4519-b7f8-9f40de7a8ecc [2026-08-25T10:40:10.161314] Uploaded build artifacts cache (222B) (STDOUT, STG)#
#2026 08 25 11:29:16.916#Z#DEBUG#1118e5ca-a078-11f1-87c7-eeee0a8e79e5.ResilienceCockpit-db-deployer#flowable-async-job-executor-thread-3066#
[PollExecuteTaskStatusExecution] 2d23200b-60aa-4519-b7f8-9f40de7a8ecc [2026-08-25T10:40:10.693878] Creating droplet for app with guid 2d23200b-60aa-4519-b7f8-9f40de7a8ecc (STDOUT, API)#
#2026 08 25 11:29:16.916#Z#DEBUG#1118e5ca-a078-11f1-87c7-eeee0a8e79e5.ResilienceCockpit-db-deployer#flowable-async-job-executor-thread-3066#
[PollExecuteTaskStatusExecution] 2d23200b-60aa-4519-b7f8-9f40de7a8ecc [2026-08-25T10:40:12.768273] Uploaded droplet (59.3M) (STDOUT, STG)#
#2026 08 25 11:29:16.916#Z#DEBUG#1118e5ca-a078-11f1-87c7-eeee0a8e79e5.ResilienceCockpit-db-deployer#flowable-async-job-executor-thread-3066#
[PollExecuteTaskStatusExecution] 2d23200b-60aa-4519-b7f8-9f40de7a8ecc [2026-08-25T10:40:12.783332] Uploading complete (STDOUT, STG)#
#2026 08 25 11:29:16.916#Z#DEBUG#1118e5ca-a078-11f1-87c7-eeee0a8e79e5.ResilienceCockpit-db-deployer#flowable-async-job-executor-thread-3066#
[PollExecuteTaskStatusExecution] 2d23200b-60aa-4519-b7f8-9f40de7a8ecc [2026-08-25T10:40:13.102730] Cell 911a2f96-661c-46fd-ae0b-1bce220e9e4e stopping instance f3b7a101-3416-4d71-800d-a4838b657b93 (STDOUT, STG)#
#2026 08 25 11:29:16.916#Z#DEBUG#1118e5ca-a078-11f1-87c7-eeee0a8e79e5.ResilienceCockpit-db-deployer#flowable-async-job-executor-thread-3066#
[PollExecuteTaskStatusExecution] 2d23200b-60aa-4519-b7f8-9f40de7a8ecc [2026-08-25T10:40:13.102765] Cell 911a2f96-661c-46fd-ae0b-1bce220e9e4e destroying container for instance f3b7a101-3416-4d71-800d-a4838b657b93 (STDOUT, STG)#
#2026 08 25 11:29:16.916#Z#DEBUG#1118e5ca-a078-11f1-87c7-eeee0a8e79e5.ResilienceCockpit-db-deployer#flowable-async-job-executor-thread-3066#
[PollExecuteTaskStatusExecution] 2d23200b-60aa-4519-b7f8-9f40de7a8ecc [2026-08-25T10:40:13.155060] Staging complete for build f3b7a101-3416-4d71-800d-a4838b657b93 (STDOUT, API)#
#2026 08 25 11:29:16.916#Z#DEBUG#1118e5ca-a078-11f1-87c7-eeee0a8e79e5.ResilienceCockpit-db-deployer#flowable-async-job-executor-thread-3066#
[PollExecuteTaskStatusExecution] 2d23200b-60aa-4519-b7f8-9f40de7a8ecc [2026-08-25T10:40:14.842311] Updated app with guid 2d23200b-60aa-4519-b7f8-9f40de7a8ecc ({:droplet_guid=>"3072d543-ef6a-4dd0-9dbb-4f6c2d8813f3"}) (STDOUT, API)#
#2026 08 25 11:29:16.916#Z#DEBUG#1118e5ca-a078-11f1-87c7-eeee0a8e79e5.ResilienceCockpit-db-deployer#flowable-async-job-executor-thread-3066#
[PollExecuteTaskStatusExecution] 2d23200b-60aa-4519-b7f8-9f40de7a8ecc [2026-08-25T10:40:15.225126] Cell 4761c3fb-8e91-4ced-804b-3db53058de34 creating container for instance 996b4066-3ad0-4f9a-becb-c153e62624d4 (STDOUT, CELL)#
#2026 08 25 11:29:16.916#Z#DEBUG#1118e5ca-a078-11f1-87c7-eeee0a8e79e5.ResilienceCockpit-db-deployer#flowable-async-job-executor-thread-3066#
[PollExecuteTaskStatusExecution] 2d23200b-60aa-4519-b7f8-9f40de7a8ecc [2026-08-25T10:40:15.537686] Security group rules were updated (STDOUT, CELL)#
#2026 08 25 11:29:16.916#Z#DEBUG#1118e5ca-a078-11f1-87c7-eeee0a8e79e5.ResilienceCockpit-db-deployer#flowable-async-job-executor-thread-3066#
[PollExecuteTaskStatusExecution] 2d23200b-60aa-4519-b7f8-9f40de7a8ecc [2026-08-25T10:40:15.596832] Cell 4761c3fb-8e91-4ced-804b-3db53058de34 successfully created container for instance 996b4066-3ad0-4f9a-becb-c153e62624d4 (STDOUT, CELL)#
#2026 08 25 11:29:16.916#Z#DEBUG#1118e5ca-a078-11f1-87c7-eeee0a8e79e5.ResilienceCockpit-db-deployer#flowable-async-job-executor-thread-3066#
[PollExecuteTaskStatusExecution] 2d23200b-60aa-4519-b7f8-9f40de7a8ecc [2026-08-25T10:40:15.925744] Cell 911a2f96-661c-46fd-ae0b-1bce220e9e4e successfully destroyed container for instance f3b7a101-3416-4d71-800d-a4838b657b93 (STDOUT, STG)#
#2026 08 25 11:29:16.916#Z#DEBUG#1118e5ca-a078-11f1-87c7-eeee0a8e79e5.ResilienceCockpit-db-deployer#flowable-async-job-executor-thread-3066#
[PollExecuteTaskStatusExecution] 2d23200b-60aa-4519-b7f8-9f40de7a8ecc [2026-08-25T10:40:18.790478] Invoking pre-start scripts. (STDOUT, APP/TASK/deploy)#
#2026 08 25 11:29:16.916#Z#DEBUG#1118e5ca-a078-11f1-87c7-eeee0a8e79e5.ResilienceCockpit-db-deployer#flowable-async-job-executor-thread-3066#
[PollExecuteTaskStatusExecution] 2d23200b-60aa-4519-b7f8-9f40de7a8ecc [2026-08-25T10:40:18.928883] Invoking start command. (STDOUT, APP/TASK/deploy)#
#2026 08 25 11:29:16.916#Z#DEBUG#1118e5ca-a078-11f1-87c7-eeee0a8e79e5.ResilienceCockpit-db-deployer#flowable-async-job-executor-thread-3066#
[PollExecuteTaskStatusExecution] 2d23200b-60aa-4519-b7f8-9f40de7a8ecc [2026-08-25T10:40:19.214672] > start (STDOUT, APP/TASK/deploy)#
#2026 08 25 11:29:16.916#Z#DEBUG#1118e5ca-a078-11f1-87c7-eeee0a8e79e5.ResilienceCockpit-db-deployer#flowable-async-job-executor-thread-3066#
[PollExecuteTaskStatusExecution] 2d23200b-60aa-4519-b7f8-9f40de7a8ecc [2026-08-25T10:40:19.214700] > node node_modules/@sap/hdi-deploy/deploy.js --use-hdb --parameter com.sap.hana.di.table/try_fast_table_migration=true (STDOUT, APP/TASK/deploy)#
#2026 08 25 11:29:16.916#Z#DEBUG#1118e5ca-a078-11f1-87c7-eeee0a8e79e5.ResilienceCockpit-db-deployer#flowable-async-job-executor-thread-3066#
[PollExecuteTaskStatusExecution] 2d23200b-60aa-4519-b7f8-9f40de7a8ecc [2026-08-25T10:40:19.312020] VCAP_SERVICES: (STDOUT, APP/TASK/deploy)#
#2026 08 25 11:29:16.916#Z#DEBUG#1118e5ca-a078-11f1-87c7-eeee0a8e79e5.ResilienceCockpit-db-deployer#flowable-async-job-executor-thread-3066#
[PollExecuteTaskStatusExecution] 2d23200b-60aa-4519-b7f8-9f40de7a8ecc [2026-08-25T10:40:19.312467] { (STDOUT, APP/TASK/deploy)#
#2026 08 25 11:29:16.916#Z#DEBUG#1118e5ca-a078-11f1-87c7-eeee0a8e79e5.ResilienceCockpit-db-deployer#flowable-async-job-executor-thread-3066#
[PollExecuteTaskStatusExecution] 2d23200b-60aa-4519-b7f8-9f40de7a8ecc [2026-08-25T10:40:19.312478] "hana": [ (STDOUT, APP/TASK/deploy)#
#2026 08 25 11:29:16.916#Z#DEBUG#1118e5ca-a078-11f1-87c7-eeee0a8e79e5.ResilienceCockpit-db-deployer#flowable-async-job-executor-thread-3066#
[PollExecuteTaskStatusExecution] 2d23200b-60aa-4519-b7f8-9f40de7a8ecc [2026-08-25T10:40:19.312481] { (STDOUT, APP/TASK/deploy)#
#2026 08 25 11:29:16.916#Z#DEBUG#1118e5ca-a078-11f1-87c7-eeee0a8e79e5.ResilienceCockpit-db-deployer#flowable-async-job-executor-thread-3066#
[PollExecuteTaskStatusExecution] 2d23200b-60aa-4519-b7f8-9f40de7a8ecc [2026-08-25T10:40:19.312486] "name": "ResilienceCockpit-db", (STDOUT, APP/TASK/deploy)#
#2026 08 25 11:29:16.916#Z#DEBUG#1118e5ca-a078-11f1-87c7-eeee0a8e79e5.ResilienceCockpit-db-deployer#flowable-async-job-executor-thread-3066#
[PollExecuteTaskStatusExecution] 2d23200b-60aa-4519-b7f8-9f40de7a8ecc [2026-08-25T10:40:19.312489] "label": "hana", (STDOUT, APP/TASK/deploy)#
#2026 08 25 11:29:16.916#Z#DEBUG#1118e5ca-a078-11f1-87c7-eeee0a8e79e5.ResilienceCockpit-db-deployer#flowable-async-job-executor-thread-3066#
[PollExecuteTaskStatusExecution] 2d23200b-60aa-4519-b7f8-9f40de7a8ecc [2026-08-25T10:40:19.312491] "plan": "hdi-shared", (STDOUT, APP/TASK/deploy)#
#2026 08 25 11:29:16.916#Z#DEBUG#1118e5ca-a078-11f1-87c7-eeee0a8e79e5.ResilienceCockpit-db-deployer#flowable-async-job-executor-thread-3066#
[PollExecuteTaskStatusExecution] 2d23200b-60aa-4519-b7f8-9f40de7a8ecc [2026-08-25T10:40:19.312493] "credentials": { (STDOUT, APP/TASK/deploy)#
#2026 08 25 11:29:16.916#Z#DEBUG#1118e5ca-a078-11f1-87c7-eeee0a8e79e5.ResilienceCockpit-db-deployer#flowable-async-job-executor-thread-3066#
[PollExecuteTaskStatusExecution] 2d23200b-60aa-4519-b7f8-9f40de7a8ecc [2026-08-25T10:40:19.312496] "schema": "8697B1A4A8B84AC49EFF171810969752", (STDOUT, APP/TASK/deploy)#
#2026 08 25 11:29:16.916#Z#DEBUG#1118e5ca-a078-11f1-87c7-eeee0a8e79e5.ResilienceCockpit-db-deployer#flowable-async-job-executor-thread-3066#
[PollExecuteTaskStatusExecution] 2d23200b-60aa-4519-b7f8-9f40de7a8ecc [2026-08-25T10:40:19.312498] "database_id": "eb9e608b-a8d8-462e-98e7-906abde25244", (STDOUT, APP/TASK/deploy)#
#2026 08 25 11:29:16.916#Z#DEBUG#1118e5ca-a078-11f1-87c7-eeee0a8e79e5.ResilienceCockpit-db-deployer#flowable-async-job-executor-thread-3066#
[PollExecuteTaskStatusExecution] 2d23200b-60aa-4519-b7f8-9f40de7a8ecc [2026-08-25T10:40:19.312500] "user": "8697B1A4A8B84AC49EFF171810969752_94GU5GV2BBQ6JWQX102ZOJ91W_RT", (STDOUT, APP/TASK/deploy)#
#2026 08 25 11:29:16.916#Z#DEBUG#1118e5ca-a078-11f1-87c7-eeee0a8e79e5.ResilienceCockpit-db-deployer#flowable-async-job-executor-thread-3066#
[PollExecuteTaskStatusExecution] 2d23200b-60aa-4519-b7f8-9f40de7a8ecc [2026-08-25T10:40:19.312503] "hdi_user": "8697B1A4A8B84AC49EFF171810969752_94GU5GV2BBQ6JWQX102ZOJ91W_DT" (STDOUT, APP/TASK/deploy)#
#2026 08 25 11:29:16.916#Z#DEBUG#1118e5ca-a078-11f1-87c7-eeee0a8e79e5.ResilienceCockpit-db-deployer#flowable-async-job-executor-thread-3066#
[PollExecuteTaskStatusExecution] 2d23200b-60aa-4519-b7f8-9f40de7a8ecc [2026-08-25T10:40:19.312505] }, (STDOUT, APP/TASK/deploy)#
#2026 08 25 11:29:16.916#Z#DEBUG#1118e5ca-a078-11f1-87c7-eeee0a8e79e5.ResilienceCockpit-db-deployer#flowable-async-job-executor-thread-3066#
[PollExecuteTaskStatusExecution] 2d23200b-60aa-4519-b7f8-9f40de7a8ecc [2026-08-25T10:40:19.312510] "tags": [ (STDOUT, APP/TASK/deploy)#
#2026 08 25 11:29:16.916#Z#DEBUG#1118e5ca-a078-11f1-87c7-eeee0a8e79e5.ResilienceCockpit-db-deployer#flowable-async-job-executor-thread-3066#
[PollExecuteTaskStatusExecution] 2d23200b-60aa-4519-b7f8-9f40de7a8ecc [2026-08-25T10:40:19.312513] "hana", (STDOUT, APP/TASK/deploy)#
#2026 08 25 11:29:16.916#Z#DEBUG#1118e5ca-a078-11f1-87c7-eeee0a8e79e5.ResilienceCockpit-db-deployer#flowable-async-job-executor-thread-3066#
[PollExecuteTaskStatusExecution] 2d23200b-60aa-4519-b7f8-9f40de7a8ecc [2026-08-25T10:40:19.312515] "database", (STDOUT, APP/TASK/deploy)#
#2026 08 25 11:29:16.916#Z#DEBUG#1118e5ca-a078-11f1-87c7-eeee0a8e79e5.ResilienceCockpit-db-deployer#flowable-async-job-executor-thread-3066#
[PollExecuteTaskStatusExecution] 2d23200b-60aa-4519-b7f8-9f40de7a8ecc [2026-08-25T10:40:19.312518] "relational" (STDOUT, APP/TASK/deploy)#
#2026 08 25 11:29:16.916#Z#DEBUG#1118e5ca-a078-11f1-87c7-eeee0a8e79e5.ResilienceCockpit-db-deployer#flowable-async-job-executor-thread-3066#
[PollExecuteTaskStatusExecution] 2d23200b-60aa-4519-b7f8-9f40de7a8ecc [2026-08-25T10:40:19.312519] ] (STDOUT, APP/TASK/deploy)#
#2026 08 25 11:29:16.916#Z#DEBUG#1118e5ca-a078-11f1-87c7-eeee0a8e79e5.ResilienceCockpit-db-deployer#flowable-async-job-executor-thread-3066#
[PollExecuteTaskStatusExecution] 2d23200b-60aa-4519-b7f8-9f40de7a8ecc [2026-08-25T10:40:19.312521] } (STDOUT, APP/TASK/deploy)#
#2026 08 25 11:29:16.916#Z#DEBUG#1118e5ca-a078-11f1-87c7-eeee0a8e79e5.ResilienceCockpit-db-deployer#flowable-async-job-executor-thread-3066#
[PollExecuteTaskStatusExecution] 2d23200b-60aa-4519-b7f8-9f40de7a8ecc [2026-08-25T10:40:19.312523] ] (STDOUT, APP/TASK/deploy)#
#2026 08 25 11:29:16.916#Z#DEBUG#1118e5ca-a078-11f1-87c7-eeee0a8e79e5.ResilienceCockpit-db-deployer#flowable-async-job-executor-thread-3066#
[PollExecuteTaskStatusExecution] 2d23200b-60aa-4519-b7f8-9f40de7a8ecc [2026-08-25T10:40:19.312525] } (STDOUT, APP/TASK/deploy)#
#2026 08 25 11:29:16.916#Z#DEBUG#1118e5ca-a078-11f1-87c7-eeee0a8e79e5.ResilienceCockpit-db-deployer#flowable-async-job-executor-thread-3066#
[PollExecuteTaskStatusExecution] 2d23200b-60aa-4519-b7f8-9f40de7a8ecc [2026-08-25T10:40:19.641949] @sap/hdi-deploy, version 5.7.0 (mode default), server version 4.00.000.00.1785832557 (4.0.0.0), cloud version 2026.14.14, node version 24.18.0, HDI version 1016, container API version 1007 (STDOUT, APP/TASK/deploy)#
#2026 08 25 11:29:16.916#Z#DEBUG#1118e5ca-a078-11f1-87c7-eeee0a8e79e5.ResilienceCockpit-db-deployer#flowable-async-job-executor-thread-3066#
[PollExecuteTaskStatusExecution] 2d23200b-60aa-4519-b7f8-9f40de7a8ecc [2026-08-25T10:40:19.641996] Deployment started at 2026-08-25 10:40:19 (STDOUT, APP/TASK/deploy)#
#2026 08 25 11:29:16.916#Z#DEBUG#1118e5ca-a078-11f1-87c7-eeee0a8e79e5.ResilienceCockpit-db-deployer#flowable-async-job-executor-thread-3066#
[PollExecuteTaskStatusExecution] 2d23200b-60aa-4519-b7f8-9f40de7a8ecc [2026-08-25T10:40:19.642105] Using hdb@2.29.6 for connection (STDOUT, APP/TASK/deploy)#
#2026 08 25 11:29:16.916#Z#DEBUG#1118e5ca-a078-11f1-87c7-eeee0a8e79e5.ResilienceCockpit-db-deployer#flowable-async-job-executor-thread-3066#
[PollExecuteTaskStatusExecution] 2d23200b-60aa-4519-b7f8-9f40de7a8ecc [2026-08-25T10:40:19.654789] No ignore file at /home/vcap/app/.hdiignore. (STDOUT, APP/TASK/deploy)#
#2026 08 25 11:29:16.916#Z#DEBUG#1118e5ca-a078-11f1-87c7-eeee0a8e79e5.ResilienceCockpit-db-deployer#flowable-async-job-executor-thread-3066#
[PollExecuteTaskStatusExecution] 2d23200b-60aa-4519-b7f8-9f40de7a8ecc [2026-08-25T10:40:19.655086] Collecting files... (STDOUT, APP/TASK/deploy)#
#2026 08 25 11:29:16.916#Z#DEBUG#1118e5ca-a078-11f1-87c7-eeee0a8e79e5.ResilienceCockpit-db-deployer#flowable-async-job-executor-thread-3066#
[PollExecuteTaskStatusExecution] 2d23200b-60aa-4519-b7f8-9f40de7a8ecc [2026-08-25T10:40:19.659480] Collecting files... ok (0s 4ms) (STDOUT, APP/TASK/deploy)#
#2026 08 25 11:29:16.916#Z#DEBUG#1118e5ca-a078-11f1-87c7-eeee0a8e79e5.ResilienceCockpit-db-deployer#flowable-async-job-executor-thread-3066#
[PollExecuteTaskStatusExecution] 2d23200b-60aa-4519-b7f8-9f40de7a8ecc [2026-08-25T10:40:19.659493] 3 directories collected (STDOUT, APP/TASK/deploy)#
#2026 08 25 11:29:16.916#Z#DEBUG#1118e5ca-a078-11f1-87c7-eeee0a8e79e5.ResilienceCockpit-db-deployer#flowable-async-job-executor-thread-3066#
[PollExecuteTaskStatusExecution] 2d23200b-60aa-4519-b7f8-9f40de7a8ecc [2026-08-25T10:40:19.659496] 100 files collected (STDOUT, APP/TASK/deploy)#
#2026 08 25 11:29:16.916#Z#DEBUG#1118e5ca-a078-11f1-87c7-eeee0a8e79e5.ResilienceCockpit-db-deployer#flowable-async-job-executor-thread-3066#
[PollExecuteTaskStatusExecution] 2d23200b-60aa-4519-b7f8-9f40de7a8ecc [2026-08-25T10:40:19.659519] 0 reusable modules collected (STDOUT, APP/TASK/deploy)#
#2026 08 25 11:29:16.916#Z#DEBUG#1118e5ca-a078-11f1-87c7-eeee0a8e79e5.ResilienceCockpit-db-deployer#flowable-async-job-executor-thread-3066#
[PollExecuteTaskStatusExecution] 2d23200b-60aa-4519-b7f8-9f40de7a8ecc [2026-08-25T10:40:19.659521] Target service: ResilienceCockpit-db (STDOUT, APP/TASK/deploy)#
#2026 08 25 11:29:16.916#Z#DEBUG#1118e5ca-a078-11f1-87c7-eeee0a8e79e5.ResilienceCockpit-db-deployer#flowable-async-job-executor-thread-3066#
[PollExecuteTaskStatusExecution] 2d23200b-60aa-4519-b7f8-9f40de7a8ecc [2026-08-25T10:40:19.818121] Previous build with request ID 70 finished at 2026-08-25T10:37:31.715 with status Rolled back and message: Starting make in the container "8697B1A4A8B84AC49EFF171810969752" with 0 files to deploy, 0 files to undeploy... ok. (STDOUT, APP/TASK/deploy)#
#2026 08 25 11:29:16.916#Z#DEBUG#1118e5ca-a078-11f1-87c7-eeee0a8e79e5.ResilienceCockpit-db-deployer#flowable-async-job-executor-thread-3066#
[PollExecuteTaskStatusExecution] 2d23200b-60aa-4519-b7f8-9f40de7a8ecc [2026-08-25T10:40:19.818142] Processing revoke files... (STDOUT, APP/TASK/deploy)#
#2026 08 25 11:29:16.916#Z#DEBUG#1118e5ca-a078-11f1-87c7-eeee0a8e79e5.ResilienceCockpit-db-deployer#flowable-async-job-executor-thread-3066#
[PollExecuteTaskStatusExecution] 2d23200b-60aa-4519-b7f8-9f40de7a8ecc [2026-08-25T10:40:19.818179] Processing revoke files... ok (0s 0ms) (STDOUT, APP/TASK/deploy)#
#2026 08 25 11:29:16.916#Z#DEBUG#1118e5ca-a078-11f1-87c7-eeee0a8e79e5.ResilienceCockpit-db-deployer#flowable-async-job-executor-thread-3066#
[PollExecuteTaskStatusExecution] 2d23200b-60aa-4519-b7f8-9f40de7a8ecc [2026-08-25T10:40:19.818365] Processing grants files... (STDOUT, APP/TASK/deploy)#
#2026 08 25 11:29:16.916#Z#DEBUG#1118e5ca-a078-11f1-87c7-eeee0a8e79e5.ResilienceCockpit-db-deployer#flowable-async-job-executor-thread-3066#
[PollExecuteTaskStatusExecution] 2d23200b-60aa-4519-b7f8-9f40de7a8ecc [2026-08-25T10:40:19.818387] Processing grants files... ok (0s 0ms) (STDOUT, APP/TASK/deploy)#
#2026 08 25 11:29:16.916#Z#DEBUG#1118e5ca-a078-11f1-87c7-eeee0a8e79e5.ResilienceCockpit-db-deployer#flowable-async-job-executor-thread-3066#
[PollExecuteTaskStatusExecution] 2d23200b-60aa-4519-b7f8-9f40de7a8ecc [2026-08-25T10:40:19.820088] Preprocessing files... (STDOUT, APP/TASK/deploy)#
#2026 08 25 11:29:16.916#Z#DEBUG#1118e5ca-a078-11f1-87c7-eeee0a8e79e5.ResilienceCockpit-db-deployer#flowable-async-job-executor-thread-3066#
[PollExecuteTaskStatusExecution] 2d23200b-60aa-4519-b7f8-9f40de7a8ecc [2026-08-25T10:40:19.820290] Preprocessing files... ok (0s 0ms) (STDOUT, APP/TASK/deploy)#
#2026 08 25 11:29:16.916#Z#DEBUG#1118e5ca-a078-11f1-87c7-eeee0a8e79e5.ResilienceCockpit-db-deployer#flowable-async-job-executor-thread-3066#
[PollExecuteTaskStatusExecution] 2d23200b-60aa-4519-b7f8-9f40de7a8ecc [2026-08-25T10:40:19.820324] Connecting to the container "8697B1A4A8B84AC49EFF171810969752"... (STDOUT, APP/TASK/deploy)#
#2026 08 25 11:29:16.916#Z#DEBUG#1118e5ca-a078-11f1-87c7-eeee0a8e79e5.ResilienceCockpit-db-deployer#flowable-async-job-executor-thread-3066#
[PollExecuteTaskStatusExecution] 2d23200b-60aa-4519-b7f8-9f40de7a8ecc [2026-08-25T10:40:19.879398] Connecting to the container "8697B1A4A8B84AC49EFF171810969752"... ok (0s 59ms) (STDOUT, APP/TASK/deploy)#
#2026 08 25 11:29:16.916#Z#DEBUG#1118e5ca-a078-11f1-87c7-eeee0a8e79e5.ResilienceCockpit-db-deployer#flowable-async-job-executor-thread-3066#
[PollExecuteTaskStatusExecution] 2d23200b-60aa-4519-b7f8-9f40de7a8ecc [2026-08-25T10:40:19.879411] Locking the container "8697B1A4A8B84AC49EFF171810969752"... (STDOUT, APP/TASK/deploy)#
#2026 08 25 11:29:16.916#Z#DEBUG#1118e5ca-a078-11f1-87c7-eeee0a8e79e5.ResilienceCockpit-db-deployer#flowable-async-job-executor-thread-3066#
[PollExecuteTaskStatusExecution] 2d23200b-60aa-4519-b7f8-9f40de7a8ecc [2026-08-25T10:40:19.994933] Locking the container "8697B1A4A8B84AC49EFF171810969752"... ok (0s 115ms) (STDOUT, APP/TASK/deploy)#
#2026 08 25 11:29:16.916#Z#DEBUG#1118e5ca-a078-11f1-87c7-eeee0a8e79e5.ResilienceCockpit-db-deployer#flowable-async-job-executor-thread-3066#
[PollExecuteTaskStatusExecution] 2d23200b-60aa-4519-b7f8-9f40de7a8ecc [2026-08-25T10:40:19.994971] Synchronizing files with the container "8697B1A4A8B84AC49EFF171810969752"... (STDOUT, APP/TASK/deploy)#
#2026 08 25 11:29:16.916#Z#DEBUG#1118e5ca-a078-11f1-87c7-eeee0a8e79e5.ResilienceCockpit-db-deployer#flowable-async-job-executor-thread-3066#
[PollExecuteTaskStatusExecution] 2d23200b-60aa-4519-b7f8-9f40de7a8ecc [2026-08-25T10:40:20.237318] Deleting files... (STDOUT, APP/TASK/deploy)#
#2026 08 25 11:29:16.916#Z#DEBUG#1118e5ca-a078-11f1-87c7-eeee0a8e79e5.ResilienceCockpit-db-deployer#flowable-async-job-executor-thread-3066#
[PollExecuteTaskStatusExecution] 2d23200b-60aa-4519-b7f8-9f40de7a8ecc [2026-08-25T10:40:20.389585] Deleting files... ok (STDOUT, APP/TASK/deploy)#
#2026 08 25 11:29:16.916#Z#DEBUG#1118e5ca-a078-11f1-87c7-eeee0a8e79e5.ResilienceCockpit-db-deployer#flowable-async-job-executor-thread-3066#
[PollExecuteTaskStatusExecution] 2d23200b-60aa-4519-b7f8-9f40de7a8ecc [2026-08-25T10:40:20.389611] Writing files... (STDOUT, APP/TASK/deploy)#
#2026 08 25 11:29:16.916#Z#DEBUG#1118e5ca-a078-11f1-87c7-eeee0a8e79e5.ResilienceCockpit-db-deployer#flowable-async-job-executor-thread-3066#
[PollExecuteTaskStatusExecution] 2d23200b-60aa-4519-b7f8-9f40de7a8ecc [2026-08-25T10:40:20.389685] Writing 3 items (STDOUT, APP/TASK/deploy)#
#2026 08 25 11:29:16.916#Z#DEBUG#1118e5ca-a078-11f1-87c7-eeee0a8e79e5.ResilienceCockpit-db-deployer#flowable-async-job-executor-thread-3066#
[PollExecuteTaskStatusExecution] 2d23200b-60aa-4519-b7f8-9f40de7a8ecc [2026-08-25T10:40:20.571100] Writing files... ok (STDOUT, APP/TASK/deploy)#
#2026 08 25 11:29:16.916#Z#DEBUG#1118e5ca-a078-11f1-87c7-eeee0a8e79e5.ResilienceCockpit-db-deployer#flowable-async-job-executor-thread-3066#
[PollExecuteTaskStatusExecution] 2d23200b-60aa-4519-b7f8-9f40de7a8ecc [2026-08-25T10:40:20.571123] Synchronizing files with the container "8697B1A4A8B84AC49EFF171810969752"... ok (0s 576ms) (STDOUT, APP/TASK/deploy)#
#2026 08 25 11:29:16.916#Z#DEBUG#1118e5ca-a078-11f1-87c7-eeee0a8e79e5.ResilienceCockpit-db-deployer#flowable-async-job-executor-thread-3066#
[PollExecuteTaskStatusExecution] 2d23200b-60aa-4519-b7f8-9f40de7a8ecc [2026-08-25T10:40:20.571288] added files: [] (STDOUT, APP/TASK/deploy)#
#2026 08 25 11:29:16.916#Z#DEBUG#1118e5ca-a078-11f1-87c7-eeee0a8e79e5.ResilienceCockpit-db-deployer#flowable-async-job-executor-thread-3066#
[PollExecuteTaskStatusExecution] 2d23200b-60aa-4519-b7f8-9f40de7a8ecc [2026-08-25T10:40:20.571301] modified files: [] (STDOUT, APP/TASK/deploy)#
#2026 08 25 11:29:16.916#Z#DEBUG#1118e5ca-a078-11f1-87c7-eeee0a8e79e5.ResilienceCockpit-db-deployer#flowable-async-job-executor-thread-3066#
[PollExecuteTaskStatusExecution] 2d23200b-60aa-4519-b7f8-9f40de7a8ecc [2026-08-25T10:40:20.571304] deleted files: [] (STDOUT, APP/TASK/deploy)#
#2026 08 25 11:29:16.916#Z#DEBUG#1118e5ca-a078-11f1-87c7-eeee0a8e79e5.ResilienceCockpit-db-deployer#flowable-async-job-executor-thread-3066#
[PollExecuteTaskStatusExecution] 2d23200b-60aa-4519-b7f8-9f40de7a8ecc [2026-08-25T10:40:20.571384] 0 modified or added files are scheduled for deploy based on delta detection (STDOUT, APP/TASK/deploy)#
#2026 08 25 11:29:16.916#Z#DEBUG#1118e5ca-a078-11f1-87c7-eeee0a8e79e5.ResilienceCockpit-db-deployer#flowable-async-job-executor-thread-3066#
[PollExecuteTaskStatusExecution] 2d23200b-60aa-4519-b7f8-9f40de7a8ecc [2026-08-25T10:40:20.571557] 0 deleted files are scheduled for undeploy based on delta detection (filtered by undeploy allowlist) (STDOUT, APP/TASK/deploy)#
#2026 08 25 11:29:16.916#Z#DEBUG#1118e5ca-a078-11f1-87c7-eeee0a8e79e5.ResilienceCockpit-db-deployer#flowable-async-job-executor-thread-3066#
[PollExecuteTaskStatusExecution] 2d23200b-60aa-4519-b7f8-9f40de7a8ecc [2026-08-25T10:40:20.571608] 0 files are scheduled for deploy based on explicit specification (STDOUT, APP/TASK/deploy)#
#2026 08 25 11:29:16.916#Z#DEBUG#1118e5ca-a078-11f1-87c7-eeee0a8e79e5.ResilienceCockpit-db-deployer#flowable-async-job-executor-thread-3066#
[PollExecuteTaskStatusExecution] 2d23200b-60aa-4519-b7f8-9f40de7a8ecc [2026-08-25T10:40:20.571617] 0 files are scheduled for undeploy based on explicit specification (STDOUT, APP/TASK/deploy)#
#2026 08 25 11:29:16.916#Z#DEBUG#1118e5ca-a078-11f1-87c7-eeee0a8e79e5.ResilienceCockpit-db-deployer#flowable-async-job-executor-thread-3066#
[PollExecuteTaskStatusExecution] 2d23200b-60aa-4519-b7f8-9f40de7a8ecc [2026-08-25T10:40:20.571663] Deploying to the container "8697B1A4A8B84AC49EFF171810969752"... (STDOUT, APP/TASK/deploy)#
#2026 08 25 11:29:16.916#Z#DEBUG#1118e5ca-a078-11f1-87c7-eeee0a8e79e5.ResilienceCockpit-db-deployer#flowable-async-job-executor-thread-3066#
[PollExecuteTaskStatusExecution] 2d23200b-60aa-4519-b7f8-9f40de7a8ecc [2026-08-25T10:40:20.978733] Starting make in the container "8697B1A4A8B84AC49EFF171810969752" with 0 files to deploy, 0 files to undeploy... (STDOUT, APP/TASK/deploy)#
#2026 08 25 11:29:16.916#Z#DEBUG#1118e5ca-a078-11f1-87c7-eeee0a8e79e5.ResilienceCockpit-db-deployer#flowable-async-job-executor-thread-3066#
[PollExecuteTaskStatusExecution] 2d23200b-60aa-4519-b7f8-9f40de7a8ecc [2026-08-25T10:40:20.978752] Disabling table replication for the container schema "8697B1A4A8B84AC49EFF171810969752"... (STDOUT, APP/TASK/deploy)#
#2026 08 25 11:29:16.916#Z#DEBUG#1118e5ca-a078-11f1-87c7-eeee0a8e79e5.ResilienceCockpit-db-deployer#flowable-async-job-executor-thread-3066#
[PollExecuteTaskStatusExecution] 2d23200b-60aa-4519-b7f8-9f40de7a8ecc [2026-08-25T10:40:20.978755] Disabling table replication for the container schema "8697B1A4A8B84AC49EFF171810969752"... ok (0s 18ms) (STDOUT, APP/TASK/deploy)#
#2026 08 25 11:29:16.916#Z#DEBUG#1118e5ca-a078-11f1-87c7-eeee0a8e79e5.ResilienceCockpit-db-deployer#flowable-async-job-executor-thread-3066#
[PollExecuteTaskStatusExecution] 2d23200b-60aa-4519-b7f8-9f40de7a8ecc [2026-08-25T10:40:20.978760] Migrating libraries... (STDOUT, APP/TASK/deploy)#
#2026 08 25 11:29:16.916#Z#DEBUG#1118e5ca-a078-11f1-87c7-eeee0a8e79e5.ResilienceCockpit-db-deployer#flowable-async-job-executor-thread-3066#
[PollExecuteTaskStatusExecution] 2d23200b-60aa-4519-b7f8-9f40de7a8ecc [2026-08-25T10:40:20.978763] Migrating libraries... ok (0s 22ms) (STDOUT, APP/TASK/deploy)#
#2026 08 25 11:29:16.916#Z#DEBUG#1118e5ca-a078-11f1-87c7-eeee0a8e79e5.ResilienceCockpit-db-deployer#flowable-async-job-executor-thread-3066#
[PollExecuteTaskStatusExecution] 2d23200b-60aa-4519-b7f8-9f40de7a8ecc [2026-08-25T10:40:20.978767] Making... (STDOUT, APP/TASK/deploy)#
#2026 08 25 11:29:16.916#Z#DEBUG#1118e5ca-a078-11f1-87c7-eeee0a8e79e5.ResilienceCockpit-db-deployer#flowable-async-job-executor-thread-3066#
[PollExecuteTaskStatusExecution] 2d23200b-60aa-4519-b7f8-9f40de7a8ecc [2026-08-25T10:40:20.978780] Preparing... (STDOUT, APP/TASK/deploy)#
#2026 08 25 11:29:16.916#Z#DEBUG#1118e5ca-a078-11f1-87c7-eeee0a8e79e5.ResilienceCockpit-db-deployer#flowable-async-job-executor-thread-3066#
[PollExecuteTaskStatusExecution] 2d23200b-60aa-4519-b7f8-9f40de7a8ecc [2026-08-25T10:40:20.978782] Preparing... ok (0s 0ms) (STDOUT, APP/TASK/deploy)#
#2026 08 25 11:29:16.916#Z#DEBUG#1118e5ca-a078-11f1-87c7-eeee0a8e79e5.ResilienceCockpit-db-deployer#flowable-async-job-executor-thread-3066#
[PollExecuteTaskStatusExecution] 2d23200b-60aa-4519-b7f8-9f40de7a8ecc [2026-08-25T10:40:20.978821] Preparing the make transaction... (STDOUT, APP/TASK/deploy)#
#2026 08 25 11:29:16.917#Z#DEBUG#1118e5ca-a078-11f1-87c7-eeee0a8e79e5.ResilienceCockpit-db-deployer#flowable-async-job-executor-thread-3066#
[PollExecuteTaskStatusExecution] 2d23200b-60aa-4519-b7f8-9f40de7a8ecc [2026-08-25T10:40:20.978859] Preparing the make transaction... ok (0s 36ms) (STDOUT, APP/TASK/deploy)#
#2026 08 25 11:29:16.917#Z#DEBUG#1118e5ca-a078-11f1-87c7-eeee0a8e79e5.ResilienceCockpit-db-deployer#flowable-async-job-executor-thread-3066#
[PollExecuteTaskStatusExecution] 2d23200b-60aa-4519-b7f8-9f40de7a8ecc [2026-08-25T10:40:20.978865] Calculating dependencies... (STDOUT, APP/TASK/deploy)#
#2026 08 25 11:29:16.917#Z#DEBUG#1118e5ca-a078-11f1-87c7-eeee0a8e79e5.ResilienceCockpit-db-deployer#flowable-async-job-executor-thread-3066#
[PollExecuteTaskStatusExecution] 2d23200b-60aa-4519-b7f8-9f40de7a8ecc [2026-08-25T10:40:20.978870] Expanding... (STDOUT, APP/TASK/deploy)#
#2026 08 25 11:29:16.917#Z#DEBUG#1118e5ca-a078-11f1-87c7-eeee0a8e79e5.ResilienceCockpit-db-deployer#flowable-async-job-executor-thread-3066#
[PollExecuteTaskStatusExecution] 2d23200b-60aa-4519-b7f8-9f40de7a8ecc [2026-08-25T10:40:20.978874] Expanding... ok (0s 11ms) (STDOUT, APP/TASK/deploy)#
#2026 08 25 11:29:16.917#Z#DEBUG#1118e5ca-a078-11f1-87c7-eeee0a8e79e5.ResilienceCockpit-db-deployer#flowable-async-job-executor-thread-3066#
[PollExecuteTaskStatusExecution] 2d23200b-60aa-4519-b7f8-9f40de7a8ecc [2026-08-25T10:40:20.978885] Precompiling... (STDOUT, APP/TASK/deploy)#
#2026 08 25 11:29:16.917#Z#DEBUG#1118e5ca-a078-11f1-87c7-eeee0a8e79e5.ResilienceCockpit-db-deployer#flowable-async-job-executor-thread-3066#
[PollExecuteTaskStatusExecution] 2d23200b-60aa-4519-b7f8-9f40de7a8ecc [2026-08-25T10:40:20.978889] Precompiling... ok (0s 0ms) (STDOUT, APP/TASK/deploy)#
#2026 08 25 11:29:16.917#Z#DEBUG#1118e5ca-a078-11f1-87c7-eeee0a8e79e5.ResilienceCockpit-db-deployer#flowable-async-job-executor-thread-3066#
[PollExecuteTaskStatusExecution] 2d23200b-60aa-4519-b7f8-9f40de7a8ecc [2026-08-25T10:40:20.978893] Merging... (STDOUT, APP/TASK/deploy)#
#2026 08 25 11:29:16.917#Z#DEBUG#1118e5ca-a078-11f1-87c7-eeee0a8e79e5.ResilienceCockpit-db-deployer#flowable-async-job-executor-thread-3066#
[PollExecuteTaskStatusExecution] 2d23200b-60aa-4519-b7f8-9f40de7a8ecc [2026-08-25T10:40:20.978925] Merging... ok (0s 0ms) (STDOUT, APP/TASK/deploy)#
#2026 08 25 11:29:16.917#Z#DEBUG#1118e5ca-a078-11f1-87c7-eeee0a8e79e5.ResilienceCockpit-db-deployer#flowable-async-job-executor-thread-3066#
[PollExecuteTaskStatusExecution] 2d23200b-60aa-4519-b7f8-9f40de7a8ecc [2026-08-25T10:40:20.978944] Calculating dependencies... ok (0s 11ms) (STDOUT, APP/TASK/deploy)#
#2026 08 25 11:29:16.917#Z#DEBUG#1118e5ca-a078-11f1-87c7-eeee0a8e79e5.ResilienceCockpit-db-deployer#flowable-async-job-executor-thread-3066#
[PollExecuteTaskStatusExecution] 2d23200b-60aa-4519-b7f8-9f40de7a8ecc [2026-08-25T10:40:20.978963] No make necessary (STDOUT, APP/TASK/deploy)#
#2026 08 25 11:29:16.917#Z#DEBUG#1118e5ca-a078-11f1-87c7-eeee0a8e79e5.ResilienceCockpit-db-deployer#flowable-async-job-executor-thread-3066#
[PollExecuteTaskStatusExecution] 2d23200b-60aa-4519-b7f8-9f40de7a8ecc [2026-08-25T10:40:20.979008] Making... ok (0s 148ms) (STDOUT, APP/TASK/deploy)#
#2026 08 25 11:29:16.917#Z#DEBUG#1118e5ca-a078-11f1-87c7-eeee0a8e79e5.ResilienceCockpit-db-deployer#flowable-async-job-executor-thread-3066#
[PollExecuteTaskStatusExecution] 2d23200b-60aa-4519-b7f8-9f40de7a8ecc [2026-08-25T10:40:20.979023] Enabling table replication for the container schema "8697B1A4A8B84AC49EFF171810969752"... (STDOUT, APP/TASK/deploy)#
#2026 08 25 11:29:16.917#Z#DEBUG#1118e5ca-a078-11f1-87c7-eeee0a8e79e5.ResilienceCockpit-db-deployer#flowable-async-job-executor-thread-3066#
[PollExecuteTaskStatusExecution] 2d23200b-60aa-4519-b7f8-9f40de7a8ecc [2026-08-25T10:40:20.979027] Enabling table replication for the container schema "8697B1A4A8B84AC49EFF171810969752"... ok (0s 13ms) (STDOUT, APP/TASK/deploy)#
#2026 08 25 11:29:16.917#Z#DEBUG#1118e5ca-a078-11f1-87c7-eeee0a8e79e5.ResilienceCockpit-db-deployer#flowable-async-job-executor-thread-3066#
[PollExecuteTaskStatusExecution] 2d23200b-60aa-4519-b7f8-9f40de7a8ecc [2026-08-25T10:40:20.979029] Starting make in the container "8697B1A4A8B84AC49EFF171810969752" with 0 files to deploy, 0 files to undeploy... ok (0s 210ms) (STDOUT, APP/TASK/deploy)#
#2026 08 25 11:29:16.917#Z#DEBUG#1118e5ca-a078-11f1-87c7-eeee0a8e79e5.ResilienceCockpit-db-deployer#flowable-async-job-executor-thread-3066#
[PollExecuteTaskStatusExecution] 2d23200b-60aa-4519-b7f8-9f40de7a8ecc [2026-08-25T10:40:20.979251] Deploying to the container "8697B1A4A8B84AC49EFF171810969752"... ok (0s 408ms) (STDOUT, APP/TASK/deploy)#
#2026 08 25 11:29:16.917#Z#DEBUG#1118e5ca-a078-11f1-87c7-eeee0a8e79e5.ResilienceCockpit-db-deployer#flowable-async-job-executor-thread-3066#
[PollExecuteTaskStatusExecution] 2d23200b-60aa-4519-b7f8-9f40de7a8ecc [2026-08-25T10:40:20.979480] No default-access-role handling needed; global role "8697B1A4A8B84AC49EFF171810969752::access_role" will not be adapted (STDOUT, APP/TASK/deploy)#
#2026 08 25 11:29:16.917#Z#DEBUG#1118e5ca-a078-11f1-87c7-eeee0a8e79e5.ResilienceCockpit-db-deployer#flowable-async-job-executor-thread-3066#
[PollExecuteTaskStatusExecution] 2d23200b-60aa-4519-b7f8-9f40de7a8ecc [2026-08-25T10:40:20.979543] Unlocking the container "8697B1A4A8B84AC49EFF171810969752"... (STDOUT, APP/TASK/deploy)#
#2026 08 25 11:29:16.917#Z#DEBUG#1118e5ca-a078-11f1-87c7-eeee0a8e79e5.ResilienceCockpit-db-deployer#flowable-async-job-executor-thread-3066#
[PollExecuteTaskStatusExecution] 2d23200b-60aa-4519-b7f8-9f40de7a8ecc [2026-08-25T10:40:20.979741] Unlocking the container "8697B1A4A8B84AC49EFF171810969752"... ok (0s 0ms) (STDOUT, APP/TASK/deploy)#
#2026 08 25 11:29:16.917#Z#DEBUG#1118e5ca-a078-11f1-87c7-eeee0a8e79e5.ResilienceCockpit-db-deployer#flowable-async-job-executor-thread-3066#
[PollExecuteTaskStatusExecution] 2d23200b-60aa-4519-b7f8-9f40de7a8ecc [2026-08-25T10:40:20.979846] Deployment to container 8697B1A4A8B84AC49EFF171810969752 done [Deployment ID: none]. (STDOUT, APP/TASK/deploy)#
#2026 08 25 11:29:16.917#Z#DEBUG#1118e5ca-a078-11f1-87c7-eeee0a8e79e5.ResilienceCockpit-db-deployer#flowable-async-job-executor-thread-3066#
[PollExecuteTaskStatusExecution] 2d23200b-60aa-4519-b7f8-9f40de7a8ecc [2026-08-25T10:40:20.980200] Deployment ended at 2026-08-25 10:40:20 (STDOUT, APP/TASK/deploy)#
#2026 08 25 11:29:16.917#Z#DEBUG#1118e5ca-a078-11f1-87c7-eeee0a8e79e5.ResilienceCockpit-db-deployer#flowable-async-job-executor-thread-3066#
[PollExecuteTaskStatusExecution] 2d23200b-60aa-4519-b7f8-9f40de7a8ecc [2026-08-25T10:40:20.980413] (1s 736ms) (STDOUT, APP/TASK/deploy)#
#2026 08 25 11:29:16.917#Z#DEBUG#1118e5ca-a078-11f1-87c7-eeee0a8e79e5.ResilienceCockpit-db-deployer#flowable-async-job-executor-thread-3066#
[PollExecuteTaskStatusExecution] 2d23200b-60aa-4519-b7f8-9f40de7a8ecc [2026-08-25T10:40:20.989667] npm notice (STDERR, APP/TASK/deploy)#
#2026 08 25 11:29:16.917#Z#DEBUG#1118e5ca-a078-11f1-87c7-eeee0a8e79e5.ResilienceCockpit-db-deployer#flowable-async-job-executor-thread-3066#
[PollExecuteTaskStatusExecution] 2d23200b-60aa-4519-b7f8-9f40de7a8ecc [2026-08-25T10:40:20.989681] npm notice New major version of npm available! 11.16.0 -> 12.0.2 (STDERR, APP/TASK/deploy)#
#2026 08 25 11:29:16.917#Z#DEBUG#1118e5ca-a078-11f1-87c7-eeee0a8e79e5.ResilienceCockpit-db-deployer#flowable-async-job-executor-thread-3066#
[PollExecuteTaskStatusExecution] 2d23200b-60aa-4519-b7f8-9f40de7a8ecc [2026-08-25T10:40:20.989684] npm notice Changelog: https://github.com/npm/cli/releases/tag/v12.0.2 (STDERR, APP/TASK/deploy)#
#2026 08 25 11:29:16.917#Z#DEBUG#1118e5ca-a078-11f1-87c7-eeee0a8e79e5.ResilienceCockpit-db-deployer#flowable-async-job-executor-thread-3066#
[PollExecuteTaskStatusExecution] 2d23200b-60aa-4519-b7f8-9f40de7a8ecc [2026-08-25T10:40:20.989687] npm notice To update run: npm install -g npm@12.0.2 (STDERR, APP/TASK/deploy)#
#2026 08 25 11:29:16.917#Z#DEBUG#1118e5ca-a078-11f1-87c7-eeee0a8e79e5.ResilienceCockpit-db-deployer#flowable-async-job-executor-thread-3066#
[PollExecuteTaskStatusExecution] 2d23200b-60aa-4519-b7f8-9f40de7a8ecc [2026-08-25T10:40:20.989689] npm notice (STDERR, APP/TASK/deploy)#
#2026 08 25 11:29:16.917#Z#DEBUG#1118e5ca-a078-11f1-87c7-eeee0a8e79e5.ResilienceCockpit-db-deployer#flowable-async-job-executor-thread-3066#
[PollExecuteTaskStatusExecution] 2d23200b-60aa-4519-b7f8-9f40de7a8ecc [2026-08-25T10:40:21.035736] Exit status 0 (STDOUT, APP/TASK/deploy)#
#2026 08 25 11:29:16.917#Z#DEBUG#1118e5ca-a078-11f1-87c7-eeee0a8e79e5.ResilienceCockpit-db-deployer#flowable-async-job-executor-thread-3066#
[PollExecuteTaskStatusExecution] 2d23200b-60aa-4519-b7f8-9f40de7a8ecc [2026-08-25T10:40:21.871131] Cell 4761c3fb-8e91-4ced-804b-3db53058de34 stopping instance 996b4066-3ad0-4f9a-becb-c153e62624d4 (STDOUT, CELL)#
#2026 08 25 11:29:16.917#Z#DEBUG#1118e5ca-a078-11f1-87c7-eeee0a8e79e5.ResilienceCockpit-db-deployer#flowable-async-job-executor-thread-3066#
[PollExecuteTaskStatusExecution] 2d23200b-60aa-4519-b7f8-9f40de7a8ecc [2026-08-25T10:40:21.871175] Cell 4761c3fb-8e91-4ced-804b-3db53058de34 destroying container for instance 996b4066-3ad0-4f9a-becb-c153e62624d4 (STDOUT, CELL)#
#2026 08 25 11:29:16.917#Z#DEBUG#1118e5ca-a078-11f1-87c7-eeee0a8e79e5.ResilienceCockpit-db-deployer#flowable-async-job-executor-thread-3066#
[PollExecuteTaskStatusExecution] 2d23200b-60aa-4519-b7f8-9f40de7a8ecc [2026-08-25T10:40:24.044613] Cell 4761c3fb-8e91-4ced-804b-3db53058de34 successfully destroyed container for instance 996b4066-3ad0-4f9a-becb-c153e62624d4 (STDOUT, CELL)#
#2026 08 25 11:29:16.917#Z#DEBUG#1118e5ca-a078-11f1-87c7-eeee0a8e79e5.ResilienceCockpit-db-deployer#flowable-async-job-executor-thread-3066#
[PollExecuteTaskStatusExecution] 2d23200b-60aa-4519-b7f8-9f40de7a8ecc [2026-08-25T11:28:28.745197] Updated app with guid 2d23200b-60aa-4519-b7f8-9f40de7a8ecc ({"lifecycle"=>{"data"=>{"buildpacks"=>["nodejs_buildpack"]}, "type"=>"buildpack"}}) (STDOUT, API)#
#2026 08 25 11:29:16.917#Z#DEBUG#1118e5ca-a078-11f1-87c7-eeee0a8e79e5.ResilienceCockpit-db-deployer#flowable-async-job-executor-thread-3066#
[PollExecuteTaskStatusExecution] 2d23200b-60aa-4519-b7f8-9f40de7a8ecc [2026-08-25T11:28:28.838775] Updating process: "web" (STDOUT, API)#
#2026 08 25 11:29:16.917#Z#DEBUG#1118e5ca-a078-11f1-87c7-eeee0a8e79e5.ResilienceCockpit-db-deployer#flowable-async-job-executor-thread-3066#
[PollExecuteTaskStatusExecution] 2d23200b-60aa-4519-b7f8-9f40de7a8ecc [2026-08-25T11:28:36.913903] Uploading app package for app with guid 2d23200b-60aa-4519-b7f8-9f40de7a8ecc (STDOUT, API)#
#2026 08 25 11:29:16.917#Z#DEBUG#1118e5ca-a078-11f1-87c7-eeee0a8e79e5.ResilienceCockpit-db-deployer#flowable-async-job-executor-thread-3066#
[PollExecuteTaskStatusExecution] 2d23200b-60aa-4519-b7f8-9f40de7a8ecc [2026-08-25T11:28:37.093573] Updated app with guid 2d23200b-60aa-4519-b7f8-9f40de7a8ecc ({"environment_variables"=>"[PRIVATE DATA HIDDEN]"}) (STDOUT, API)#
#2026 08 25 11:29:16.917#Z#DEBUG#1118e5ca-a078-11f1-87c7-eeee0a8e79e5.ResilienceCockpit-db-deployer#flowable-async-job-executor-thread-3066#
[PollExecuteTaskStatusExecution] 2d23200b-60aa-4519-b7f8-9f40de7a8ecc [2026-08-25T11:28:46.981950] Creating build for app with guid 2d23200b-60aa-4519-b7f8-9f40de7a8ecc (STDOUT, API)#
#2026 08 25 11:29:16.917#Z#DEBUG#1118e5ca-a078-11f1-87c7-eeee0a8e79e5.ResilienceCockpit-db-deployer#flowable-async-job-executor-thread-3066#
[PollExecuteTaskStatusExecution] 2d23200b-60aa-4519-b7f8-9f40de7a8ecc [2026-08-25T11:28:47.276209] Downloading nodejs_buildpack... (STDOUT, STG)#
#2026 08 25 11:29:16.917#Z#DEBUG#1118e5ca-a078-11f1-87c7-eeee0a8e79e5.ResilienceCockpit-db-deployer#flowable-async-job-executor-thread-3066#
[PollExecuteTaskStatusExecution] 2d23200b-60aa-4519-b7f8-9f40de7a8ecc [2026-08-25T11:28:47.314208] Downloaded nodejs_buildpack (STDOUT, STG)#
#2026 08 25 11:29:16.917#Z#DEBUG#1118e5ca-a078-11f1-87c7-eeee0a8e79e5.ResilienceCockpit-db-deployer#flowable-async-job-executor-thread-3066#
[PollExecuteTaskStatusExecution] 2d23200b-60aa-4519-b7f8-9f40de7a8ecc [2026-08-25T11:28:47.314319] Cell 911a2f96-661c-46fd-ae0b-1bce220e9e4e creating container for instance 39312afa-51c8-4ade-bc6c-2faf13f3062a (STDOUT, STG)#
#2026 08 25 11:29:16.917#Z#DEBUG#1118e5ca-a078-11f1-87c7-eeee0a8e79e5.ResilienceCockpit-db-deployer#flowable-async-job-executor-thread-3066#
[PollExecuteTaskStatusExecution] 2d23200b-60aa-4519-b7f8-9f40de7a8ecc [2026-08-25T11:28:47.649858] Security group rules were updated (STDOUT, STG)#
#2026 08 25 11:29:16.917#Z#DEBUG#1118e5ca-a078-11f1-87c7-eeee0a8e79e5.ResilienceCockpit-db-deployer#flowable-async-job-executor-thread-3066#
[PollExecuteTaskStatusExecution] 2d23200b-60aa-4519-b7f8-9f40de7a8ecc [2026-08-25T11:28:47.708122] Cell 911a2f96-661c-46fd-ae0b-1bce220e9e4e successfully created container for instance 39312afa-51c8-4ade-bc6c-2faf13f3062a (STDOUT, STG)#
#2026 08 25 11:29:16.917#Z#DEBUG#1118e5ca-a078-11f1-87c7-eeee0a8e79e5.ResilienceCockpit-db-deployer#flowable-async-job-executor-thread-3066#
[PollExecuteTaskStatusExecution] 2d23200b-60aa-4519-b7f8-9f40de7a8ecc [2026-08-25T11:28:47.964086] Downloading app package... (STDOUT, STG)#
#2026 08 25 11:29:16.917#Z#DEBUG#1118e5ca-a078-11f1-87c7-eeee0a8e79e5.ResilienceCockpit-db-deployer#flowable-async-job-executor-thread-3066#
[PollExecuteTaskStatusExecution] 2d23200b-60aa-4519-b7f8-9f40de7a8ecc [2026-08-25T11:28:47.964119] Downloading build artifacts cache... (STDOUT, STG)#
#2026 08 25 11:29:16.917#Z#DEBUG#1118e5ca-a078-11f1-87c7-eeee0a8e79e5.ResilienceCockpit-db-deployer#flowable-async-job-executor-thread-3066#
[PollExecuteTaskStatusExecution] 2d23200b-60aa-4519-b7f8-9f40de7a8ecc [2026-08-25T11:28:48.025253] Downloaded build artifacts cache (222B) (STDOUT, STG)#
#2026 08 25 11:29:16.917#Z#DEBUG#1118e5ca-a078-11f1-87c7-eeee0a8e79e5.ResilienceCockpit-db-deployer#flowable-async-job-executor-thread-3066#
[PollExecuteTaskStatusExecution] 2d23200b-60aa-4519-b7f8-9f40de7a8ecc [2026-08-25T11:28:48.233340] Downloaded app package (2.5M) (STDOUT, STG)#
#2026 08 25 11:29:16.917#Z#DEBUG#1118e5ca-a078-11f1-87c7-eeee0a8e79e5.ResilienceCockpit-db-deployer#flowable-async-job-executor-thread-3066#
[PollExecuteTaskStatusExecution] 2d23200b-60aa-4519-b7f8-9f40de7a8ecc [2026-08-25T11:28:48.283170] -----> Nodejs Buildpack version 1.9.3 (STDOUT, STG)#
#2026 08 25 11:29:16.917#Z#DEBUG#1118e5ca-a078-11f1-87c7-eeee0a8e79e5.ResilienceCockpit-db-deployer#flowable-async-job-executor-thread-3066#
[PollExecuteTaskStatusExecution] 2d23200b-60aa-4519-b7f8-9f40de7a8ecc [2026-08-25T11:28:48.364649] -----> Bootstrapping python (STDOUT, STG)#
#2026 08 25 11:29:16.917#Z#DEBUG#1118e5ca-a078-11f1-87c7-eeee0a8e79e5.ResilienceCockpit-db-deployer#flowable-async-job-executor-thread-3066#
[PollExecuteTaskStatusExecution] 2d23200b-60aa-4519-b7f8-9f40de7a8ecc [2026-08-25T11:28:48.364670] -----> Installing python 3.13.14 (STDOUT, STG)#
#2026 08 25 11:29:16.917#Z#DEBUG#1118e5ca-a078-11f1-87c7-eeee0a8e79e5.ResilienceCockpit-db-deployer#flowable-async-job-executor-thread-3066#
[PollExecuteTaskStatusExecution] 2d23200b-60aa-4519-b7f8-9f40de7a8ecc [2026-08-25T11:28:48.364722] Copy [/tmp/buildpacks/adc5840e3e50b48d/dependencies/4b4266a2ff36730aef37b88b668ca327/python_3.13.14_linux_x64_cflinuxfs4_b80d4954.tgz] (STDOUT, STG)#
#2026 08 25 11:29:16.917#Z#DEBUG#1118e5ca-a078-11f1-87c7-eeee0a8e79e5.ResilienceCockpit-db-deployer#flowable-async-job-executor-thread-3066#
[PollExecuteTaskStatusExecution] 2d23200b-60aa-4519-b7f8-9f40de7a8ecc [2026-08-25T11:28:51.349766] -----> Installing binaries (STDOUT, STG)#
#2026 08 25 11:29:16.917#Z#DEBUG#1118e5ca-a078-11f1-87c7-eeee0a8e79e5.ResilienceCockpit-db-deployer#flowable-async-job-executor-thread-3066#
[PollExecuteTaskStatusExecution] 2d23200b-60aa-4519-b7f8-9f40de7a8ecc [2026-08-25T11:28:51.349852] engines.node (package.json): >=18 (STDOUT, STG)#
#2026 08 25 11:29:16.917#Z#DEBUG#1118e5ca-a078-11f1-87c7-eeee0a8e79e5.ResilienceCockpit-db-deployer#flowable-async-job-executor-thread-3066#
[PollExecuteTaskStatusExecution] 2d23200b-60aa-4519-b7f8-9f40de7a8ecc [2026-08-25T11:28:51.349867] engines.npm (package.json): unspecified (use default) (STDOUT, STG)#
#2026 08 25 11:29:16.917#Z#DEBUG#1118e5ca-a078-11f1-87c7-eeee0a8e79e5.ResilienceCockpit-db-deployer#flowable-async-job-executor-thread-3066#
[PollExecuteTaskStatusExecution] 2d23200b-60aa-4519-b7f8-9f40de7a8ecc [2026-08-25T11:28:51.349871] [31;1m**WARNING**[0m Dangerous semver range (>) in engines.node. See: http://docs.cloudfoundry.org/buildpacks/node/node-tips.html (STDOUT, STG)#
#2026 08 25 11:29:16.917#Z#DEBUG#1118e5ca-a078-11f1-87c7-eeee0a8e79e5.ResilienceCockpit-db-deployer#flowable-async-job-executor-thread-3066#
[PollExecuteTaskStatusExecution] 2d23200b-60aa-4519-b7f8-9f40de7a8ecc [2026-08-25T11:28:51.349923] -----> Installing node 24.18.0 (STDOUT, STG)#
#2026 08 25 11:29:16.917#Z#DEBUG#1118e5ca-a078-11f1-87c7-eeee0a8e79e5.ResilienceCockpit-db-deployer#flowable-async-job-executor-thread-3066#
[PollExecuteTaskStatusExecution] 2d23200b-60aa-4519-b7f8-9f40de7a8ecc [2026-08-25T11:28:51.350066] Copy [/tmp/buildpacks/adc5840e3e50b48d/dependencies/dffbbb835fcd073c4544f78eb6247fac/node_24.18.0_linux_x64_cflinuxfs4_cdfed650.tgz] (STDOUT, STG)#
#2026 08 25 11:29:16.917#Z#DEBUG#1118e5ca-a078-11f1-87c7-eeee0a8e79e5.ResilienceCockpit-db-deployer#flowable-async-job-executor-thread-3066#
[PollExecuteTaskStatusExecution] 2d23200b-60aa-4519-b7f8-9f40de7a8ecc [2026-08-25T11:28:53.093903] Using default npm version: 11.16.0 (STDOUT, STG)#
#2026 08 25 11:29:16.917#Z#DEBUG#1118e5ca-a078-11f1-87c7-eeee0a8e79e5.ResilienceCockpit-db-deployer#flowable-async-job-executor-thread-3066#
[PollExecuteTaskStatusExecution] 2d23200b-60aa-4519-b7f8-9f40de7a8ecc [2026-08-25T11:28:53.093921] -----> Installing yarn 1.22.22 (STDOUT, STG)#
#2026 08 25 11:29:16.917#Z#DEBUG#1118e5ca-a078-11f1-87c7-eeee0a8e79e5.ResilienceCockpit-db-deployer#flowable-async-job-executor-thread-3066#
[PollExecuteTaskStatusExecution] 2d23200b-60aa-4519-b7f8-9f40de7a8ecc [2026-08-25T11:28:53.094173] Copy [/tmp/buildpacks/adc5840e3e50b48d/dependencies/e4fe26756e9984a665478d350474fa2e/yarn_1.22.22_linux_noarch_any-stack_b6132b86.tgz] (STDOUT, STG)#
#2026 08 25 11:29:16.917#Z#DEBUG#1118e5ca-a078-11f1-87c7-eeee0a8e79e5.ResilienceCockpit-db-deployer#flowable-async-job-executor-thread-3066#
[PollExecuteTaskStatusExecution] 2d23200b-60aa-4519-b7f8-9f40de7a8ecc [2026-08-25T11:28:53.339943] Installed yarn 1.22.22 (STDOUT, STG)#
#2026 08 25 11:29:16.917#Z#DEBUG#1118e5ca-a078-11f1-87c7-eeee0a8e79e5.ResilienceCockpit-db-deployer#flowable-async-job-executor-thread-3066#
[PollExecuteTaskStatusExecution] 2d23200b-60aa-4519-b7f8-9f40de7a8ecc [2026-08-25T11:28:53.339968] -----> Creating runtime environment (STDOUT, STG)#
#2026 08 25 11:29:16.917#Z#DEBUG#1118e5ca-a078-11f1-87c7-eeee0a8e79e5.ResilienceCockpit-db-deployer#flowable-async-job-executor-thread-3066#
[PollExecuteTaskStatusExecution] 2d23200b-60aa-4519-b7f8-9f40de7a8ecc [2026-08-25T11:28:53.343031] NODE_ENV=production (STDOUT, STG)#
#2026 08 25 11:29:16.917#Z#DEBUG#1118e5ca-a078-11f1-87c7-eeee0a8e79e5.ResilienceCockpit-db-deployer#flowable-async-job-executor-thread-3066#
[PollExecuteTaskStatusExecution] 2d23200b-60aa-4519-b7f8-9f40de7a8ecc [2026-08-25T11:28:53.343069] NODE_HOME=/tmp/contents4247045597/deps/0/node (STDOUT, STG)#
#2026 08 25 11:29:16.917#Z#DEBUG#1118e5ca-a078-11f1-87c7-eeee0a8e79e5.ResilienceCockpit-db-deployer#flowable-async-job-executor-thread-3066#
[PollExecuteTaskStatusExecution] 2d23200b-60aa-4519-b7f8-9f40de7a8ecc [2026-08-25T11:28:53.343076] NODE_MODULES_CACHE=true (STDOUT, STG)#
#2026 08 25 11:29:16.917#Z#DEBUG#1118e5ca-a078-11f1-87c7-eeee0a8e79e5.ResilienceCockpit-db-deployer#flowable-async-job-executor-thread-3066#
[PollExecuteTaskStatusExecution] 2d23200b-60aa-4519-b7f8-9f40de7a8ecc [2026-08-25T11:28:53.343081] NODE_VERBOSE=false (STDOUT, STG)#
#2026 08 25 11:29:16.917#Z#DEBUG#1118e5ca-a078-11f1-87c7-eeee0a8e79e5.ResilienceCockpit-db-deployer#flowable-async-job-executor-thread-3066#
[PollExecuteTaskStatusExecution] 2d23200b-60aa-4519-b7f8-9f40de7a8ecc [2026-08-25T11:28:53.343086] NPM_CONFIG_LOGLEVEL=error (STDOUT, STG)#
#2026 08 25 11:29:16.917#Z#DEBUG#1118e5ca-a078-11f1-87c7-eeee0a8e79e5.ResilienceCockpit-db-deployer#flowable-async-job-executor-thread-3066#
[PollExecuteTaskStatusExecution] 2d23200b-60aa-4519-b7f8-9f40de7a8ecc [2026-08-25T11:28:53.343095] NPM_CONFIG_PRODUCTION=true (STDOUT, STG)#
#2026 08 25 11:29:16.917#Z#DEBUG#1118e5ca-a078-11f1-87c7-eeee0a8e79e5.ResilienceCockpit-db-deployer#flowable-async-job-executor-thread-3066#
[PollExecuteTaskStatusExecution] 2d23200b-60aa-4519-b7f8-9f40de7a8ecc [2026-08-25T11:28:53.343123] -----> Building dependencies (STDOUT, STG)#
#2026 08 25 11:29:16.917#Z#DEBUG#1118e5ca-a078-11f1-87c7-eeee0a8e79e5.ResilienceCockpit-db-deployer#flowable-async-job-executor-thread-3066#
[PollExecuteTaskStatusExecution] 2d23200b-60aa-4519-b7f8-9f40de7a8ecc [2026-08-25T11:28:53.343128] Prebuild detected (node_modules already exists) (STDOUT, STG)#
#2026 08 25 11:29:16.917#Z#DEBUG#1118e5ca-a078-11f1-87c7-eeee0a8e79e5.ResilienceCockpit-db-deployer#flowable-async-job-executor-thread-3066#
[PollExecuteTaskStatusExecution] 2d23200b-60aa-4519-b7f8-9f40de7a8ecc [2026-08-25T11:28:53.343246] Rebuilding any native modules (STDOUT, STG)#
#2026 08 25 11:29:16.917#Z#DEBUG#1118e5ca-a078-11f1-87c7-eeee0a8e79e5.ResilienceCockpit-db-deployer#flowable-async-job-executor-thread-3066#
[PollExecuteTaskStatusExecution] 2d23200b-60aa-4519-b7f8-9f40de7a8ecc [2026-08-25T11:28:53.740181] rebuilt dependencies successfully (STDOUT, STG)#
#2026 08 25 11:29:16.917#Z#DEBUG#1118e5ca-a078-11f1-87c7-eeee0a8e79e5.ResilienceCockpit-db-deployer#flowable-async-job-executor-thread-3066#
[PollExecuteTaskStatusExecution] 2d23200b-60aa-4519-b7f8-9f40de7a8ecc [2026-08-25T11:28:53.787301] Installing any new modules (package.json + package-lock.json) (STDOUT, STG)#
#2026 08 25 11:29:16.917#Z#DEBUG#1118e5ca-a078-11f1-87c7-eeee0a8e79e5.ResilienceCockpit-db-deployer#flowable-async-job-executor-thread-3066#
[PollExecuteTaskStatusExecution] 2d23200b-60aa-4519-b7f8-9f40de7a8ecc [2026-08-25T11:28:54.114828] up to date in 269ms (STDOUT, STG)#
#2026 08 25 11:29:16.917#Z#DEBUG#1118e5ca-a078-11f1-87c7-eeee0a8e79e5.ResilienceCockpit-db-deployer#flowable-async-job-executor-thread-3066#
[PollExecuteTaskStatusExecution] 2d23200b-60aa-4519-b7f8-9f40de7a8ecc [2026-08-25T11:28:54.114966] 4 packages are looking for funding (STDOUT, STG)#
#2026 08 25 11:29:16.917#Z#DEBUG#1118e5ca-a078-11f1-87c7-eeee0a8e79e5.ResilienceCockpit-db-deployer#flowable-async-job-executor-thread-3066#
[PollExecuteTaskStatusExecution] 2d23200b-60aa-4519-b7f8-9f40de7a8ecc [2026-08-25T11:28:54.115088] run `npm fund` for details (STDOUT, STG)#
#2026 08 25 11:29:16.917#Z#DEBUG#1118e5ca-a078-11f1-87c7-eeee0a8e79e5.ResilienceCockpit-db-deployer#flowable-async-job-executor-thread-3066#
[PollExecuteTaskStatusExecution] 2d23200b-60aa-4519-b7f8-9f40de7a8ecc [2026-08-25T11:28:54.591752] Contrast Security no credentials found. Will not write environment files. (STDOUT, STG)#
#2026 08 25 11:29:16.917#Z#DEBUG#1118e5ca-a078-11f1-87c7-eeee0a8e79e5.ResilienceCockpit-db-deployer#flowable-async-job-executor-thread-3066#
[PollExecuteTaskStatusExecution] 2d23200b-60aa-4519-b7f8-9f40de7a8ecc [2026-08-25T11:29:02.148081] Exit status 0 (STDOUT, STG)#
#2026 08 25 11:29:16.917#Z#DEBUG#1118e5ca-a078-11f1-87c7-eeee0a8e79e5.ResilienceCockpit-db-deployer#flowable-async-job-executor-thread-3066#
[PollExecuteTaskStatusExecution] 2d23200b-60aa-4519-b7f8-9f40de7a8ecc [2026-08-25T11:29:02.148134] Uploading droplet, build artifacts cache... (STDOUT, STG)#
#2026 08 25 11:29:16.917#Z#DEBUG#1118e5ca-a078-11f1-87c7-eeee0a8e79e5.ResilienceCockpit-db-deployer#flowable-async-job-executor-thread-3066#
[PollExecuteTaskStatusExecution] 2d23200b-60aa-4519-b7f8-9f40de7a8ecc [2026-08-25T11:29:02.148195] Uploading build artifacts cache... (STDOUT, STG)#
#2026 08 25 11:29:16.917#Z#DEBUG#1118e5ca-a078-11f1-87c7-eeee0a8e79e5.ResilienceCockpit-db-deployer#flowable-async-job-executor-thread-3066#
[PollExecuteTaskStatusExecution] 2d23200b-60aa-4519-b7f8-9f40de7a8ecc [2026-08-25T11:29:02.148202] Uploading droplet... (STDOUT, STG)#
#2026 08 25 11:29:16.917#Z#DEBUG#1118e5ca-a078-11f1-87c7-eeee0a8e79e5.ResilienceCockpit-db-deployer#flowable-async-job-executor-thread-3066#
[PollExecuteTaskStatusExecution] 2d23200b-60aa-4519-b7f8-9f40de7a8ecc [2026-08-25T11:29:02.167645] Uploaded build artifacts cache (222B) (STDOUT, STG)#
#2026 08 25 11:29:16.917#Z#DEBUG#1118e5ca-a078-11f1-87c7-eeee0a8e79e5.ResilienceCockpit-db-deployer#flowable-async-job-executor-thread-3066#
[PollExecuteTaskStatusExecution] 2d23200b-60aa-4519-b7f8-9f40de7a8ecc [2026-08-25T11:29:02.702591] Creating droplet for app with guid 2d23200b-60aa-4519-b7f8-9f40de7a8ecc (STDOUT, API)#
#2026 08 25 11:29:16.917#Z#DEBUG#1118e5ca-a078-11f1-87c7-eeee0a8e79e5.ResilienceCockpit-db-deployer#flowable-async-job-executor-thread-3066#
[PollExecuteTaskStatusExecution] 2d23200b-60aa-4519-b7f8-9f40de7a8ecc [2026-08-25T11:29:04.774608] Uploaded droplet (59.3M) (STDOUT, STG)#
#2026 08 25 11:29:16.917#Z#DEBUG#1118e5ca-a078-11f1-87c7-eeee0a8e79e5.ResilienceCockpit-db-deployer#flowable-async-job-executor-thread-3066#
[PollExecuteTaskStatusExecution] 2d23200b-60aa-4519-b7f8-9f40de7a8ecc [2026-08-25T11:29:04.788528] Uploading complete (STDOUT, STG)#
#2026 08 25 11:29:16.917#Z#DEBUG#1118e5ca-a078-11f1-87c7-eeee0a8e79e5.ResilienceCockpit-db-deployer#flowable-async-job-executor-thread-3066#
[PollExecuteTaskStatusExecution] 2d23200b-60aa-4519-b7f8-9f40de7a8ecc [2026-08-25T11:29:05.111136] Cell 911a2f96-661c-46fd-ae0b-1bce220e9e4e stopping instance 39312afa-51c8-4ade-bc6c-2faf13f3062a (STDOUT, STG)#
#2026 08 25 11:29:16.917#Z#DEBUG#1118e5ca-a078-11f1-87c7-eeee0a8e79e5.ResilienceCockpit-db-deployer#flowable-async-job-executor-thread-3066#
[PollExecuteTaskStatusExecution] 2d23200b-60aa-4519-b7f8-9f40de7a8ecc [2026-08-25T11:29:05.111183] Cell 911a2f96-661c-46fd-ae0b-1bce220e9e4e destroying container for instance 39312afa-51c8-4ade-bc6c-2faf13f3062a (STDOUT, STG)#
#2026 08 25 11:29:16.917#Z#DEBUG#1118e5ca-a078-11f1-87c7-eeee0a8e79e5.ResilienceCockpit-db-deployer#flowable-async-job-executor-thread-3066#
[PollExecuteTaskStatusExecution] 2d23200b-60aa-4519-b7f8-9f40de7a8ecc [2026-08-25T11:29:05.155679] Staging complete for build 39312afa-51c8-4ade-bc6c-2faf13f3062a (STDOUT, API)#
#2026 08 25 11:29:16.917#Z#DEBUG#1118e5ca-a078-11f1-87c7-eeee0a8e79e5.ResilienceCockpit-db-deployer#flowable-async-job-executor-thread-3066#
[PollExecuteTaskStatusExecution] 2d23200b-60aa-4519-b7f8-9f40de7a8ecc [2026-08-25T11:29:06.921509] Updated app with guid 2d23200b-60aa-4519-b7f8-9f40de7a8ecc ({:droplet_guid=>"6f72ba00-8914-4335-81d0-c5f6cf85e8c4"}) (STDOUT, API)#
#2026 08 25 11:29:16.917#Z#DEBUG#1118e5ca-a078-11f1-87c7-eeee0a8e79e5.ResilienceCockpit-db-deployer#flowable-async-job-executor-thread-3066#
[PollExecuteTaskStatusExecution] 2d23200b-60aa-4519-b7f8-9f40de7a8ecc [2026-08-25T11:29:07.262810] Cell f95ef7fb-a2f2-480d-af80-cd44d0d9846b creating container for instance 86d13861-ded4-4ea6-8d9e-a362d64def96 (STDOUT, CELL)#
#2026 08 25 11:29:16.917#Z#DEBUG#1118e5ca-a078-11f1-87c7-eeee0a8e79e5.ResilienceCockpit-db-deployer#flowable-async-job-executor-thread-3066#
[PollExecuteTaskStatusExecution] 2d23200b-60aa-4519-b7f8-9f40de7a8ecc [2026-08-25T11:29:07.589966] Security group rules were updated (STDOUT, CELL)#
#2026 08 25 11:29:16.917#Z#DEBUG#1118e5ca-a078-11f1-87c7-eeee0a8e79e5.ResilienceCockpit-db-deployer#flowable-async-job-executor-thread-3066#
[PollExecuteTaskStatusExecution] 2d23200b-60aa-4519-b7f8-9f40de7a8ecc [2026-08-25T11:29:07.645663] Cell f95ef7fb-a2f2-480d-af80-cd44d0d9846b successfully created container for instance 86d13861-ded4-4ea6-8d9e-a362d64def96 (STDOUT, CELL)#
#2026 08 25 11:29:16.917#Z#DEBUG#1118e5ca-a078-11f1-87c7-eeee0a8e79e5.ResilienceCockpit-db-deployer#flowable-async-job-executor-thread-3066#
[PollExecuteTaskStatusExecution] 2d23200b-60aa-4519-b7f8-9f40de7a8ecc [2026-08-25T11:29:07.834494] Cell 911a2f96-661c-46fd-ae0b-1bce220e9e4e successfully destroyed container for instance 39312afa-51c8-4ade-bc6c-2faf13f3062a (STDOUT, STG)#
#2026 08 25 11:29:16.917#Z#DEBUG#1118e5ca-a078-11f1-87c7-eeee0a8e79e5.ResilienceCockpit-db-deployer#flowable-async-job-executor-thread-3066#
[PollExecuteTaskStatusExecution] 2d23200b-60aa-4519-b7f8-9f40de7a8ecc [2026-08-25T11:29:10.460988] Invoking pre-start scripts. (STDOUT, APP/TASK/deploy)#
#2026 08 25 11:29:16.917#Z#DEBUG#1118e5ca-a078-11f1-87c7-eeee0a8e79e5.ResilienceCockpit-db-deployer#flowable-async-job-executor-thread-3066#
[PollExecuteTaskStatusExecution] 2d23200b-60aa-4519-b7f8-9f40de7a8ecc [2026-08-25T11:29:10.601457] Invoking start command. (STDOUT, APP/TASK/deploy)#
#2026 08 25 11:29:16.917#Z#DEBUG#1118e5ca-a078-11f1-87c7-eeee0a8e79e5.ResilienceCockpit-db-deployer#flowable-async-job-executor-thread-3066#
[PollExecuteTaskStatusExecution] 2d23200b-60aa-4519-b7f8-9f40de7a8ecc [2026-08-25T11:29:10.890669] > start (STDOUT, APP/TASK/deploy)#
#2026 08 25 11:29:16.917#Z#DEBUG#1118e5ca-a078-11f1-87c7-eeee0a8e79e5.ResilienceCockpit-db-deployer#flowable-async-job-executor-thread-3066#
[PollExecuteTaskStatusExecution] 2d23200b-60aa-4519-b7f8-9f40de7a8ecc [2026-08-25T11:29:10.890700] > node node_modules/@sap/hdi-deploy/deploy.js --use-hdb --parameter com.sap.hana.di.table/try_fast_table_migration=true (STDOUT, APP/TASK/deploy)#
#2026 08 25 11:29:16.917#Z#DEBUG#1118e5ca-a078-11f1-87c7-eeee0a8e79e5.ResilienceCockpit-db-deployer#flowable-async-job-executor-thread-3066#
[PollExecuteTaskStatusExecution] 2d23200b-60aa-4519-b7f8-9f40de7a8ecc [2026-08-25T11:29:10.992985] VCAP_SERVICES: (STDOUT, APP/TASK/deploy)#
#2026 08 25 11:29:16.917#Z#DEBUG#1118e5ca-a078-11f1-87c7-eeee0a8e79e5.ResilienceCockpit-db-deployer#flowable-async-job-executor-thread-3066#
[PollExecuteTaskStatusExecution] 2d23200b-60aa-4519-b7f8-9f40de7a8ecc [2026-08-25T11:29:10.993380] { (STDOUT, APP/TASK/deploy)#
#2026 08 25 11:29:16.917#Z#DEBUG#1118e5ca-a078-11f1-87c7-eeee0a8e79e5.ResilienceCockpit-db-deployer#flowable-async-job-executor-thread-3066#
[PollExecuteTaskStatusExecution] 2d23200b-60aa-4519-b7f8-9f40de7a8ecc [2026-08-25T11:29:10.993400] "hana": [ (STDOUT, APP/TASK/deploy)#
#2026 08 25 11:29:16.917#Z#DEBUG#1118e5ca-a078-11f1-87c7-eeee0a8e79e5.ResilienceCockpit-db-deployer#flowable-async-job-executor-thread-3066#
[PollExecuteTaskStatusExecution] 2d23200b-60aa-4519-b7f8-9f40de7a8ecc [2026-08-25T11:29:10.993404] { (STDOUT, APP/TASK/deploy)#
#2026 08 25 11:29:16.917#Z#DEBUG#1118e5ca-a078-11f1-87c7-eeee0a8e79e5.ResilienceCockpit-db-deployer#flowable-async-job-executor-thread-3066#
[PollExecuteTaskStatusExecution] 2d23200b-60aa-4519-b7f8-9f40de7a8ecc [2026-08-25T11:29:10.993408] "name": "ResilienceCockpit-db", (STDOUT, APP/TASK/deploy)#
#2026 08 25 11:29:16.917#Z#DEBUG#1118e5ca-a078-11f1-87c7-eeee0a8e79e5.ResilienceCockpit-db-deployer#flowable-async-job-executor-thread-3066#
[PollExecuteTaskStatusExecution] 2d23200b-60aa-4519-b7f8-9f40de7a8ecc [2026-08-25T11:29:10.993413] "label": "hana", (STDOUT, APP/TASK/deploy)#
#2026 08 25 11:29:16.917#Z#DEBUG#1118e5ca-a078-11f1-87c7-eeee0a8e79e5.ResilienceCockpit-db-deployer#flowable-async-job-executor-thread-3066#
[PollExecuteTaskStatusExecution] 2d23200b-60aa-4519-b7f8-9f40de7a8ecc [2026-08-25T11:29:10.993416] "plan": "hdi-shared", (STDOUT, APP/TASK/deploy)#
#2026 08 25 11:29:16.917#Z#DEBUG#1118e5ca-a078-11f1-87c7-eeee0a8e79e5.ResilienceCockpit-db-deployer#flowable-async-job-executor-thread-3066#
[PollExecuteTaskStatusExecution] 2d23200b-60aa-4519-b7f8-9f40de7a8ecc [2026-08-25T11:29:10.993420] "credentials": { (STDOUT, APP/TASK/deploy)#
#2026 08 25 11:29:16.917#Z#DEBUG#1118e5ca-a078-11f1-87c7-eeee0a8e79e5.ResilienceCockpit-db-deployer#flowable-async-job-executor-thread-3066#
[PollExecuteTaskStatusExecution] 2d23200b-60aa-4519-b7f8-9f40de7a8ecc [2026-08-25T11:29:10.993425] "schema": "8697B1A4A8B84AC49EFF171810969752", (STDOUT, APP/TASK/deploy)#
#2026 08 25 11:29:16.917#Z#DEBUG#1118e5ca-a078-11f1-87c7-eeee0a8e79e5.ResilienceCockpit-db-deployer#flowable-async-job-executor-thread-3066#
[PollExecuteTaskStatusExecution] 2d23200b-60aa-4519-b7f8-9f40de7a8ecc [2026-08-25T11:29:10.993430] "database_id": "eb9e608b-a8d8-462e-98e7-906abde25244", (STDOUT, APP/TASK/deploy)#
#2026 08 25 11:29:16.917#Z#DEBUG#1118e5ca-a078-11f1-87c7-eeee0a8e79e5.ResilienceCockpit-db-deployer#flowable-async-job-executor-thread-3066#
[PollExecuteTaskStatusExecution] 2d23200b-60aa-4519-b7f8-9f40de7a8ecc [2026-08-25T11:29:10.993435] "user": "8697B1A4A8B84AC49EFF171810969752_94GU5GV2BBQ6JWQX102ZOJ91W_RT", (STDOUT, APP/TASK/deploy)#
#2026 08 25 11:29:16.917#Z#DEBUG#1118e5ca-a078-11f1-87c7-eeee0a8e79e5.ResilienceCockpit-db-deployer#flowable-async-job-executor-thread-3066#
[PollExecuteTaskStatusExecution] 2d23200b-60aa-4519-b7f8-9f40de7a8ecc [2026-08-25T11:29:10.993440] "hdi_user": "8697B1A4A8B84AC49EFF171810969752_94GU5GV2BBQ6JWQX102ZOJ91W_DT" (STDOUT, APP/TASK/deploy)#
#2026 08 25 11:29:16.917#Z#DEBUG#1118e5ca-a078-11f1-87c7-eeee0a8e79e5.ResilienceCockpit-db-deployer#flowable-async-job-executor-thread-3066#
[PollExecuteTaskStatusExecution] 2d23200b-60aa-4519-b7f8-9f40de7a8ecc [2026-08-25T11:29:10.993444] }, (STDOUT, APP/TASK/deploy)#
#2026 08 25 11:29:16.917#Z#DEBUG#1118e5ca-a078-11f1-87c7-eeee0a8e79e5.ResilienceCockpit-db-deployer#flowable-async-job-executor-thread-3066#
[PollExecuteTaskStatusExecution] 2d23200b-60aa-4519-b7f8-9f40de7a8ecc [2026-08-25T11:29:10.993447] "tags": [ (STDOUT, APP/TASK/deploy)#
#2026 08 25 11:29:16.917#Z#DEBUG#1118e5ca-a078-11f1-87c7-eeee0a8e79e5.ResilienceCockpit-db-deployer#flowable-async-job-executor-thread-3066#
[PollExecuteTaskStatusExecution] 2d23200b-60aa-4519-b7f8-9f40de7a8ecc [2026-08-25T11:29:10.993451] "hana", (STDOUT, APP/TASK/deploy)#
#2026 08 25 11:29:16.917#Z#DEBUG#1118e5ca-a078-11f1-87c7-eeee0a8e79e5.ResilienceCockpit-db-deployer#flowable-async-job-executor-thread-3066#
[PollExecuteTaskStatusExecution] 2d23200b-60aa-4519-b7f8-9f40de7a8ecc [2026-08-25T11:29:10.993456] "database", (STDOUT, APP/TASK/deploy)#
#2026 08 25 11:29:16.917#Z#DEBUG#1118e5ca-a078-11f1-87c7-eeee0a8e79e5.ResilienceCockpit-db-deployer#flowable-async-job-executor-thread-3066#
[PollExecuteTaskStatusExecution] 2d23200b-60aa-4519-b7f8-9f40de7a8ecc [2026-08-25T11:29:10.993460] "relational" (STDOUT, APP/TASK/deploy)#
#2026 08 25 11:29:16.917#Z#DEBUG#1118e5ca-a078-11f1-87c7-eeee0a8e79e5.ResilienceCockpit-db-deployer#flowable-async-job-executor-thread-3066#
[PollExecuteTaskStatusExecution] 2d23200b-60aa-4519-b7f8-9f40de7a8ecc [2026-08-25T11:29:10.993463] ] (STDOUT, APP/TASK/deploy)#
#2026 08 25 11:29:16.917#Z#DEBUG#1118e5ca-a078-11f1-87c7-eeee0a8e79e5.ResilienceCockpit-db-deployer#flowable-async-job-executor-thread-3066#
[PollExecuteTaskStatusExecution] 2d23200b-60aa-4519-b7f8-9f40de7a8ecc [2026-08-25T11:29:10.993468] } (STDOUT, APP/TASK/deploy)#
#2026 08 25 11:29:16.917#Z#DEBUG#1118e5ca-a078-11f1-87c7-eeee0a8e79e5.ResilienceCockpit-db-deployer#flowable-async-job-executor-thread-3066#
[PollExecuteTaskStatusExecution] 2d23200b-60aa-4519-b7f8-9f40de7a8ecc [2026-08-25T11:29:10.993473] ] (STDOUT, APP/TASK/deploy)#
#2026 08 25 11:29:16.917#Z#DEBUG#1118e5ca-a078-11f1-87c7-eeee0a8e79e5.ResilienceCockpit-db-deployer#flowable-async-job-executor-thread-3066#
[PollExecuteTaskStatusExecution] 2d23200b-60aa-4519-b7f8-9f40de7a8ecc [2026-08-25T11:29:10.993478] } (STDOUT, APP/TASK/deploy)#
#2026 08 25 11:29:16.917#Z#DEBUG#1118e5ca-a078-11f1-87c7-eeee0a8e79e5.ResilienceCockpit-db-deployer#flowable-async-job-executor-thread-3066#
[PollExecuteTaskStatusExecution] 2d23200b-60aa-4519-b7f8-9f40de7a8ecc [2026-08-25T11:29:11.336774] @sap/hdi-deploy, version 5.7.0 (mode default), server version 4.00.000.00.1785832557 (4.0.0.0), cloud version 2026.14.14, node version 24.18.0, HDI version 1016, container API version 1007 (STDOUT, APP/TASK/deploy)#
#2026 08 25 11:29:16.917#Z#DEBUG#1118e5ca-a078-11f1-87c7-eeee0a8e79e5.ResilienceCockpit-db-deployer#flowable-async-job-executor-thread-3066#
[PollExecuteTaskStatusExecution] 2d23200b-60aa-4519-b7f8-9f40de7a8ecc [2026-08-25T11:29:11.336801] Deployment started at 2026-08-25 11:29:11 (STDOUT, APP/TASK/deploy)#
#2026 08 25 11:29:16.917#Z#DEBUG#1118e5ca-a078-11f1-87c7-eeee0a8e79e5.ResilienceCockpit-db-deployer#flowable-async-job-executor-thread-3066#
[PollExecuteTaskStatusExecution] 2d23200b-60aa-4519-b7f8-9f40de7a8ecc [2026-08-25T11:29:11.336971] Using hdb@2.29.6 for connection (STDOUT, APP/TASK/deploy)#
#2026 08 25 11:29:16.917#Z#DEBUG#1118e5ca-a078-11f1-87c7-eeee0a8e79e5.ResilienceCockpit-db-deployer#flowable-async-job-executor-thread-3066#
[PollExecuteTaskStatusExecution] 2d23200b-60aa-4519-b7f8-9f40de7a8ecc [2026-08-25T11:29:11.350154] No ignore file at /home/vcap/app/.hdiignore. (STDOUT, APP/TASK/deploy)#
#2026 08 25 11:29:16.917#Z#DEBUG#1118e5ca-a078-11f1-87c7-eeee0a8e79e5.ResilienceCockpit-db-deployer#flowable-async-job-executor-thread-3066#
[PollExecuteTaskStatusExecution] 2d23200b-60aa-4519-b7f8-9f40de7a8ecc [2026-08-25T11:29:11.350292] Collecting files... (STDOUT, APP/TASK/deploy)#
#2026 08 25 11:29:16.917#Z#DEBUG#1118e5ca-a078-11f1-87c7-eeee0a8e79e5.ResilienceCockpit-db-deployer#flowable-async-job-executor-thread-3066#
[PollExecuteTaskStatusExecution] 2d23200b-60aa-4519-b7f8-9f40de7a8ecc [2026-08-25T11:29:11.354977] Collecting files... ok (0s 5ms) (STDOUT, APP/TASK/deploy)#
#2026 08 25 11:29:16.917#Z#DEBUG#1118e5ca-a078-11f1-87c7-eeee0a8e79e5.ResilienceCockpit-db-deployer#flowable-async-job-executor-thread-3066#
[PollExecuteTaskStatusExecution] 2d23200b-60aa-4519-b7f8-9f40de7a8ecc [2026-08-25T11:29:11.354999] 3 directories collected (STDOUT, APP/TASK/deploy)#
#2026 08 25 11:29:16.917#Z#DEBUG#1118e5ca-a078-11f1-87c7-eeee0a8e79e5.ResilienceCockpit-db-deployer#flowable-async-job-executor-thread-3066#
[PollExecuteTaskStatusExecution] 2d23200b-60aa-4519-b7f8-9f40de7a8ecc [2026-08-25T11:29:11.355024] 100 files collected (STDOUT, APP/TASK/deploy)#
#2026 08 25 11:29:16.917#Z#DEBUG#1118e5ca-a078-11f1-87c7-eeee0a8e79e5.ResilienceCockpit-db-deployer#flowable-async-job-executor-thread-3066#
[PollExecuteTaskStatusExecution] 2d23200b-60aa-4519-b7f8-9f40de7a8ecc [2026-08-25T11:29:11.355028] 0 reusable modules collected (STDOUT, APP/TASK/deploy)#
#2026 08 25 11:29:16.917#Z#DEBUG#1118e5ca-a078-11f1-87c7-eeee0a8e79e5.ResilienceCockpit-db-deployer#flowable-async-job-executor-thread-3066#
[PollExecuteTaskStatusExecution] 2d23200b-60aa-4519-b7f8-9f40de7a8ecc [2026-08-25T11:29:11.355032] Target service: ResilienceCockpit-db (STDOUT, APP/TASK/deploy)#
#2026 08 25 11:29:16.917#Z#DEBUG#1118e5ca-a078-11f1-87c7-eeee0a8e79e5.ResilienceCockpit-db-deployer#flowable-async-job-executor-thread-3066#
[PollExecuteTaskStatusExecution] 2d23200b-60aa-4519-b7f8-9f40de7a8ecc [2026-08-25T11:29:11.490904] Previous build with request ID 75 finished at 2026-08-25T10:40:20.945 with status Rolled back and message: Starting make in the container "8697B1A4A8B84AC49EFF171810969752" with 0 files to deploy, 0 files to undeploy... ok. (STDOUT, APP/TASK/deploy)#
#2026 08 25 11:29:16.917#Z#DEBUG#1118e5ca-a078-11f1-87c7-eeee0a8e79e5.ResilienceCockpit-db-deployer#flowable-async-job-executor-thread-3066#
[PollExecuteTaskStatusExecution] 2d23200b-60aa-4519-b7f8-9f40de7a8ecc [2026-08-25T11:29:11.490922] Processing revoke files... (STDOUT, APP/TASK/deploy)#
#2026 08 25 11:29:16.917#Z#DEBUG#1118e5ca-a078-11f1-87c7-eeee0a8e79e5.ResilienceCockpit-db-deployer#flowable-async-job-executor-thread-3066#
[PollExecuteTaskStatusExecution] 2d23200b-60aa-4519-b7f8-9f40de7a8ecc [2026-08-25T11:29:11.491019] Processing revoke files... ok (0s 0ms) (STDOUT, APP/TASK/deploy)#
#2026 08 25 11:29:16.917#Z#DEBUG#1118e5ca-a078-11f1-87c7-eeee0a8e79e5.ResilienceCockpit-db-deployer#flowable-async-job-executor-thread-3066#
[PollExecuteTaskStatusExecution] 2d23200b-60aa-4519-b7f8-9f40de7a8ecc [2026-08-25T11:29:11.491154] Processing grants files... (STDOUT, APP/TASK/deploy)#
#2026 08 25 11:29:16.917#Z#DEBUG#1118e5ca-a078-11f1-87c7-eeee0a8e79e5.ResilienceCockpit-db-deployer#flowable-async-job-executor-thread-3066#
[PollExecuteTaskStatusExecution] 2d23200b-60aa-4519-b7f8-9f40de7a8ecc [2026-08-25T11:29:11.491171] Processing grants files... ok (0s 0ms) (STDOUT, APP/TASK/deploy)#
#2026 08 25 11:29:16.917#Z#DEBUG#1118e5ca-a078-11f1-87c7-eeee0a8e79e5.ResilienceCockpit-db-deployer#flowable-async-job-executor-thread-3066#
[PollExecuteTaskStatusExecution] 2d23200b-60aa-4519-b7f8-9f40de7a8ecc [2026-08-25T11:29:11.492773] Preprocessing files... (STDOUT, APP/TASK/deploy)#
#2026 08 25 11:29:16.917#Z#DEBUG#1118e5ca-a078-11f1-87c7-eeee0a8e79e5.ResilienceCockpit-db-deployer#flowable-async-job-executor-thread-3066#
[PollExecuteTaskStatusExecution] 2d23200b-60aa-4519-b7f8-9f40de7a8ecc [2026-08-25T11:29:11.492978] Preprocessing files... ok (0s 0ms) (STDOUT, APP/TASK/deploy)#
#2026 08 25 11:29:16.917#Z#DEBUG#1118e5ca-a078-11f1-87c7-eeee0a8e79e5.ResilienceCockpit-db-deployer#flowable-async-job-executor-thread-3066#
[PollExecuteTaskStatusExecution] 2d23200b-60aa-4519-b7f8-9f40de7a8ecc [2026-08-25T11:29:11.493006] Connecting to the container "8697B1A4A8B84AC49EFF171810969752"... (STDOUT, APP/TASK/deploy)#
#2026 08 25 11:29:16.917#Z#DEBUG#1118e5ca-a078-11f1-87c7-eeee0a8e79e5.ResilienceCockpit-db-deployer#flowable-async-job-executor-thread-3066#
[PollExecuteTaskStatusExecution] 2d23200b-60aa-4519-b7f8-9f40de7a8ecc [2026-08-25T11:29:11.554779] Connecting to the container "8697B1A4A8B84AC49EFF171810969752"... ok (0s 62ms) (STDOUT, APP/TASK/deploy)#
#2026 08 25 11:29:16.917#Z#DEBUG#1118e5ca-a078-11f1-87c7-eeee0a8e79e5.ResilienceCockpit-db-deployer#flowable-async-job-executor-thread-3066#
[PollExecuteTaskStatusExecution] 2d23200b-60aa-4519-b7f8-9f40de7a8ecc [2026-08-25T11:29:11.554797] Locking the container "8697B1A4A8B84AC49EFF171810969752"... (STDOUT, APP/TASK/deploy)#
#2026 08 25 11:29:16.917#Z#DEBUG#1118e5ca-a078-11f1-87c7-eeee0a8e79e5.ResilienceCockpit-db-deployer#flowable-async-job-executor-thread-3066#
[PollExecuteTaskStatusExecution] 2d23200b-60aa-4519-b7f8-9f40de7a8ecc [2026-08-25T11:29:11.671521] Locking the container "8697B1A4A8B84AC49EFF171810969752"... ok (0s 117ms) (STDOUT, APP/TASK/deploy)#
#2026 08 25 11:29:16.917#Z#DEBUG#1118e5ca-a078-11f1-87c7-eeee0a8e79e5.ResilienceCockpit-db-deployer#flowable-async-job-executor-thread-3066#
[PollExecuteTaskStatusExecution] 2d23200b-60aa-4519-b7f8-9f40de7a8ecc [2026-08-25T11:29:11.671543] Synchronizing files with the container "8697B1A4A8B84AC49EFF171810969752"... (STDOUT, APP/TASK/deploy)#
#2026 08 25 11:29:16.917#Z#DEBUG#1118e5ca-a078-11f1-87c7-eeee0a8e79e5.ResilienceCockpit-db-deployer#flowable-async-job-executor-thread-3066#
[PollExecuteTaskStatusExecution] 2d23200b-60aa-4519-b7f8-9f40de7a8ecc [2026-08-25T11:29:11.905257] Deleting files... (STDOUT, APP/TASK/deploy)#
#2026 08 25 11:29:16.917#Z#DEBUG#1118e5ca-a078-11f1-87c7-eeee0a8e79e5.ResilienceCockpit-db-deployer#flowable-async-job-executor-thread-3066#
[PollExecuteTaskStatusExecution] 2d23200b-60aa-4519-b7f8-9f40de7a8ecc [2026-08-25T11:29:12.062613] Deleting files... ok (STDOUT, APP/TASK/deploy)#
#2026 08 25 11:29:16.917#Z#DEBUG#1118e5ca-a078-11f1-87c7-eeee0a8e79e5.ResilienceCockpit-db-deployer#flowable-async-job-executor-thread-3066#
[PollExecuteTaskStatusExecution] 2d23200b-60aa-4519-b7f8-9f40de7a8ecc [2026-08-25T11:29:12.062647] Writing files... (STDOUT, APP/TASK/deploy)#
#2026 08 25 11:29:16.917#Z#DEBUG#1118e5ca-a078-11f1-87c7-eeee0a8e79e5.ResilienceCockpit-db-deployer#flowable-async-job-executor-thread-3066#
[PollExecuteTaskStatusExecution] 2d23200b-60aa-4519-b7f8-9f40de7a8ecc [2026-08-25T11:29:12.062672] Writing 3 items (STDOUT, APP/TASK/deploy)#
#2026 08 25 11:29:16.917#Z#DEBUG#1118e5ca-a078-11f1-87c7-eeee0a8e79e5.ResilienceCockpit-db-deployer#flowable-async-job-executor-thread-3066#
[PollExecuteTaskStatusExecution] 2d23200b-60aa-4519-b7f8-9f40de7a8ecc [2026-08-25T11:29:12.226966] Writing files... ok (STDOUT, APP/TASK/deploy)#
#2026 08 25 11:29:16.917#Z#DEBUG#1118e5ca-a078-11f1-87c7-eeee0a8e79e5.ResilienceCockpit-db-deployer#flowable-async-job-executor-thread-3066#
[PollExecuteTaskStatusExecution] 2d23200b-60aa-4519-b7f8-9f40de7a8ecc [2026-08-25T11:29:12.226985] Synchronizing files with the container "8697B1A4A8B84AC49EFF171810969752"... ok (0s 555ms) (STDOUT, APP/TASK/deploy)#
#2026 08 25 11:29:16.917#Z#DEBUG#1118e5ca-a078-11f1-87c7-eeee0a8e79e5.ResilienceCockpit-db-deployer#flowable-async-job-executor-thread-3066#
[PollExecuteTaskStatusExecution] 2d23200b-60aa-4519-b7f8-9f40de7a8ecc [2026-08-25T11:29:12.227188] added files: [] (STDOUT, APP/TASK/deploy)#
#2026 08 25 11:29:16.917#Z#DEBUG#1118e5ca-a078-11f1-87c7-eeee0a8e79e5.ResilienceCockpit-db-deployer#flowable-async-job-executor-thread-3066#
[PollExecuteTaskStatusExecution] 2d23200b-60aa-4519-b7f8-9f40de7a8ecc [2026-08-25T11:29:12.227234] modified files: [] (STDOUT, APP/TASK/deploy)#
#2026 08 25 11:29:16.917#Z#DEBUG#1118e5ca-a078-11f1-87c7-eeee0a8e79e5.ResilienceCockpit-db-deployer#flowable-async-job-executor-thread-3066#
[PollExecuteTaskStatusExecution] 2d23200b-60aa-4519-b7f8-9f40de7a8ecc [2026-08-25T11:29:12.227241] deleted files: [] (STDOUT, APP/TASK/deploy)#
#2026 08 25 11:29:16.917#Z#DEBUG#1118e5ca-a078-11f1-87c7-eeee0a8e79e5.ResilienceCockpit-db-deployer#flowable-async-job-executor-thread-3066#
[PollExecuteTaskStatusExecution] 2d23200b-60aa-4519-b7f8-9f40de7a8ecc [2026-08-25T11:29:12.227357] 0 modified or added files are scheduled for deploy based on delta detection (STDOUT, APP/TASK/deploy)#
#2026 08 25 11:29:16.917#Z#DEBUG#1118e5ca-a078-11f1-87c7-eeee0a8e79e5.ResilienceCockpit-db-deployer#flowable-async-job-executor-thread-3066#
[PollExecuteTaskStatusExecution] 2d23200b-60aa-4519-b7f8-9f40de7a8ecc [2026-08-25T11:29:12.227492] 0 deleted files are scheduled for undeploy based on delta detection (filtered by undeploy allowlist) (STDOUT, APP/TASK/deploy)#
#2026 08 25 11:29:16.917#Z#DEBUG#1118e5ca-a078-11f1-87c7-eeee0a8e79e5.ResilienceCockpit-db-deployer#flowable-async-job-executor-thread-3066#
[PollExecuteTaskStatusExecution] 2d23200b-60aa-4519-b7f8-9f40de7a8ecc [2026-08-25T11:29:12.227536] 0 files are scheduled for deploy based on explicit specification (STDOUT, APP/TASK/deploy)#
#2026 08 25 11:29:16.917#Z#DEBUG#1118e5ca-a078-11f1-87c7-eeee0a8e79e5.ResilienceCockpit-db-deployer#flowable-async-job-executor-thread-3066#
[PollExecuteTaskStatusExecution] 2d23200b-60aa-4519-b7f8-9f40de7a8ecc [2026-08-25T11:29:12.227548] 0 files are scheduled for undeploy based on explicit specification (STDOUT, APP/TASK/deploy)#
#2026 08 25 11:29:16.917#Z#DEBUG#1118e5ca-a078-11f1-87c7-eeee0a8e79e5.ResilienceCockpit-db-deployer#flowable-async-job-executor-thread-3066#
[PollExecuteTaskStatusExecution] 2d23200b-60aa-4519-b7f8-9f40de7a8ecc [2026-08-25T11:29:12.227586] Deploying to the container "8697B1A4A8B84AC49EFF171810969752"... (STDOUT, APP/TASK/deploy)#
#2026 08 25 11:29:16.917#Z#DEBUG#1118e5ca-a078-11f1-87c7-eeee0a8e79e5.ResilienceCockpit-db-deployer#flowable-async-job-executor-thread-3066#
[PollExecuteTaskStatusExecution] 2d23200b-60aa-4519-b7f8-9f40de7a8ecc [2026-08-25T11:29:12.502966] Starting make in the container "8697B1A4A8B84AC49EFF171810969752" with 0 files to deploy, 0 files to undeploy... (STDOUT, APP/TASK/deploy)#
#2026 08 25 11:29:16.917#Z#DEBUG#1118e5ca-a078-11f1-87c7-eeee0a8e79e5.ResilienceCockpit-db-deployer#flowable-async-job-executor-thread-3066#
[PollExecuteTaskStatusExecution] 2d23200b-60aa-4519-b7f8-9f40de7a8ecc [2026-08-25T11:29:12.502986] Disabling table replication for the container schema "8697B1A4A8B84AC49EFF171810969752"... (STDOUT, APP/TASK/deploy)#
#2026 08 25 11:29:16.917#Z#DEBUG#1118e5ca-a078-11f1-87c7-eeee0a8e79e5.ResilienceCockpit-db-deployer#flowable-async-job-executor-thread-3066#
[PollExecuteTaskStatusExecution] 2d23200b-60aa-4519-b7f8-9f40de7a8ecc [2026-08-25T11:29:12.502989] Disabling table replication for the container schema "8697B1A4A8B84AC49EFF171810969752"... ok (0s 13ms) (STDOUT, APP/TASK/deploy)#
#2026 08 25 11:29:16.917#Z#DEBUG#1118e5ca-a078-11f1-87c7-eeee0a8e79e5.ResilienceCockpit-db-deployer#flowable-async-job-executor-thread-3066#
[PollExecuteTaskStatusExecution] 2d23200b-60aa-4519-b7f8-9f40de7a8ecc [2026-08-25T11:29:12.502992] Migrating libraries... (STDOUT, APP/TASK/deploy)#
#2026 08 25 11:29:16.917#Z#DEBUG#1118e5ca-a078-11f1-87c7-eeee0a8e79e5.ResilienceCockpit-db-deployer#flowable-async-job-executor-thread-3066#
[PollExecuteTaskStatusExecution] 2d23200b-60aa-4519-b7f8-9f40de7a8ecc [2026-08-25T11:29:12.503001] Migrating libraries... ok (0s 9ms) (STDOUT, APP/TASK/deploy)#
#2026 08 25 11:29:16.917#Z#DEBUG#1118e5ca-a078-11f1-87c7-eeee0a8e79e5.ResilienceCockpit-db-deployer#flowable-async-job-executor-thread-3066#
[PollExecuteTaskStatusExecution] 2d23200b-60aa-4519-b7f8-9f40de7a8ecc [2026-08-25T11:29:12.503044] Making... (STDOUT, APP/TASK/deploy)#
#2026 08 25 11:29:16.917#Z#DEBUG#1118e5ca-a078-11f1-87c7-eeee0a8e79e5.ResilienceCockpit-db-deployer#flowable-async-job-executor-thread-3066#
[PollExecuteTaskStatusExecution] 2d23200b-60aa-4519-b7f8-9f40de7a8ecc [2026-08-25T11:29:12.503057] Preparing... (STDOUT, APP/TASK/deploy)#
#2026 08 25 11:29:16.917#Z#DEBUG#1118e5ca-a078-11f1-87c7-eeee0a8e79e5.ResilienceCockpit-db-deployer#flowable-async-job-executor-thread-3066#
[PollExecuteTaskStatusExecution] 2d23200b-60aa-4519-b7f8-9f40de7a8ecc [2026-08-25T11:29:12.503059] Preparing... ok (0s 0ms) (STDOUT, APP/TASK/deploy)#
#2026 08 25 11:29:16.917#Z#DEBUG#1118e5ca-a078-11f1-87c7-eeee0a8e79e5.ResilienceCockpit-db-deployer#flowable-async-job-executor-thread-3066#
[PollExecuteTaskStatusExecution] 2d23200b-60aa-4519-b7f8-9f40de7a8ecc [2026-08-25T11:29:12.503065] Preparing the make transaction... (STDOUT, APP/TASK/deploy)#
#2026 08 25 11:29:16.917#Z#DEBUG#1118e5ca-a078-11f1-87c7-eeee0a8e79e5.ResilienceCockpit-db-deployer#flowable-async-job-executor-thread-3066#
[PollExecuteTaskStatusExecution] 2d23200b-60aa-4519-b7f8-9f40de7a8ecc [2026-08-25T11:29:12.503117] Preparing the make transaction... ok (0s 10ms) (STDOUT, APP/TASK/deploy)#
#2026 08 25 11:29:16.917#Z#DEBUG#1118e5ca-a078-11f1-87c7-eeee0a8e79e5.ResilienceCockpit-db-deployer#flowable-async-job-executor-thread-3066#
[PollExecuteTaskStatusExecution] 2d23200b-60aa-4519-b7f8-9f40de7a8ecc [2026-08-25T11:29:12.503127] Calculating dependencies... (STDOUT, APP/TASK/deploy)#
#2026 08 25 11:29:16.917#Z#DEBUG#1118e5ca-a078-11f1-87c7-eeee0a8e79e5.ResilienceCockpit-db-deployer#flowable-async-job-executor-thread-3066#
[PollExecuteTaskStatusExecution] 2d23200b-60aa-4519-b7f8-9f40de7a8ecc [2026-08-25T11:29:12.503130] Expanding... (STDOUT, APP/TASK/deploy)#
#2026 08 25 11:29:16.917#Z#DEBUG#1118e5ca-a078-11f1-87c7-eeee0a8e79e5.ResilienceCockpit-db-deployer#flowable-async-job-executor-thread-3066#
[PollExecuteTaskStatusExecution] 2d23200b-60aa-4519-b7f8-9f40de7a8ecc [2026-08-25T11:29:12.503136] Expanding... ok (0s 5ms) (STDOUT, APP/TASK/deploy)#
#2026 08 25 11:29:16.917#Z#DEBUG#1118e5ca-a078-11f1-87c7-eeee0a8e79e5.ResilienceCockpit-db-deployer#flowable-async-job-executor-thread-3066#
[PollExecuteTaskStatusExecution] 2d23200b-60aa-4519-b7f8-9f40de7a8ecc [2026-08-25T11:29:12.503175] Precompiling... (STDOUT, APP/TASK/deploy)#
#2026 08 25 11:29:16.917#Z#DEBUG#1118e5ca-a078-11f1-87c7-eeee0a8e79e5.ResilienceCockpit-db-deployer#flowable-async-job-executor-thread-3066#
[PollExecuteTaskStatusExecution] 2d23200b-60aa-4519-b7f8-9f40de7a8ecc [2026-08-25T11:29:12.503184] Precompiling... ok (0s 0ms) (STDOUT, APP/TASK/deploy)#
#2026 08 25 11:29:16.917#Z#DEBUG#1118e5ca-a078-11f1-87c7-eeee0a8e79e5.ResilienceCockpit-db-deployer#flowable-async-job-executor-thread-3066#
[PollExecuteTaskStatusExecution] 2d23200b-60aa-4519-b7f8-9f40de7a8ecc [2026-08-25T11:29:12.503187] Merging... (STDOUT, APP/TASK/deploy)#
#2026 08 25 11:29:16.917#Z#DEBUG#1118e5ca-a078-11f1-87c7-eeee0a8e79e5.ResilienceCockpit-db-deployer#flowable-async-job-executor-thread-3066#
[PollExecuteTaskStatusExecution] 2d23200b-60aa-4519-b7f8-9f40de7a8ecc [2026-08-25T11:29:12.503189] Merging... ok (0s 0ms) (STDOUT, APP/TASK/deploy)#
#2026 08 25 11:29:16.917#Z#DEBUG#1118e5ca-a078-11f1-87c7-eeee0a8e79e5.ResilienceCockpit-db-deployer#flowable-async-job-executor-thread-3066#
[PollExecuteTaskStatusExecution] 2d23200b-60aa-4519-b7f8-9f40de7a8ecc [2026-08-25T11:29:12.503205] Calculating dependencies... ok (0s 5ms) (STDOUT, APP/TASK/deploy)#
#2026 08 25 11:29:16.917#Z#DEBUG#1118e5ca-a078-11f1-87c7-eeee0a8e79e5.ResilienceCockpit-db-deployer#flowable-async-job-executor-thread-3066#
[PollExecuteTaskStatusExecution] 2d23200b-60aa-4519-b7f8-9f40de7a8ecc [2026-08-25T11:29:12.503207] No make necessary (STDOUT, APP/TASK/deploy)#
#2026 08 25 11:29:16.917#Z#DEBUG#1118e5ca-a078-11f1-87c7-eeee0a8e79e5.ResilienceCockpit-db-deployer#flowable-async-job-executor-thread-3066#
[PollExecuteTaskStatusExecution] 2d23200b-60aa-4519-b7f8-9f40de7a8ecc [2026-08-25T11:29:12.503213] Making... ok (0s 42ms) (STDOUT, APP/TASK/deploy)#
#2026 08 25 11:29:16.917#Z#DEBUG#1118e5ca-a078-11f1-87c7-eeee0a8e79e5.ResilienceCockpit-db-deployer#flowable-async-job-executor-thread-3066#
[PollExecuteTaskStatusExecution] 2d23200b-60aa-4519-b7f8-9f40de7a8ecc [2026-08-25T11:29:12.503281] Enabling table replication for the container schema "8697B1A4A8B84AC49EFF171810969752"... (STDOUT, APP/TASK/deploy)#
#2026 08 25 11:29:16.917#Z#DEBUG#1118e5ca-a078-11f1-87c7-eeee0a8e79e5.ResilienceCockpit-db-deployer#flowable-async-job-executor-thread-3066#
[PollExecuteTaskStatusExecution] 2d23200b-60aa-4519-b7f8-9f40de7a8ecc [2026-08-25T11:29:12.503294] Enabling table replication for the container schema "8697B1A4A8B84AC49EFF171810969752"... ok (0s 9ms) (STDOUT, APP/TASK/deploy)#
#2026 08 25 11:29:16.917#Z#DEBUG#1118e5ca-a078-11f1-87c7-eeee0a8e79e5.ResilienceCockpit-db-deployer#flowable-async-job-executor-thread-3066#
[PollExecuteTaskStatusExecution] 2d23200b-60aa-4519-b7f8-9f40de7a8ecc [2026-08-25T11:29:12.503297] Starting make in the container "8697B1A4A8B84AC49EFF171810969752" with 0 files to deploy, 0 files to undeploy... ok (0s 79ms) (STDOUT, APP/TASK/deploy)#
#2026 08 25 11:29:16.917#Z#DEBUG#1118e5ca-a078-11f1-87c7-eeee0a8e79e5.ResilienceCockpit-db-deployer#flowable-async-job-executor-thread-3066#
[PollExecuteTaskStatusExecution] 2d23200b-60aa-4519-b7f8-9f40de7a8ecc [2026-08-25T11:29:12.503535] Deploying to the container "8697B1A4A8B84AC49EFF171810969752"... ok (0s 276ms) (STDOUT, APP/TASK/deploy)#
#2026 08 25 11:29:16.917#Z#DEBUG#1118e5ca-a078-11f1-87c7-eeee0a8e79e5.ResilienceCockpit-db-deployer#flowable-async-job-executor-thread-3066#
[PollExecuteTaskStatusExecution] 2d23200b-60aa-4519-b7f8-9f40de7a8ecc [2026-08-25T11:29:12.503759] No default-access-role handling needed; global role "8697B1A4A8B84AC49EFF171810969752::access_role" will not be adapted (STDOUT, APP/TASK/deploy)#
#2026 08 25 11:29:16.917#Z#DEBUG#1118e5ca-a078-11f1-87c7-eeee0a8e79e5.ResilienceCockpit-db-deployer#flowable-async-job-executor-thread-3066#
[PollExecuteTaskStatusExecution] 2d23200b-60aa-4519-b7f8-9f40de7a8ecc [2026-08-25T11:29:12.503852] Unlocking the container "8697B1A4A8B84AC49EFF171810969752"... (STDOUT, APP/TASK/deploy)#
#2026 08 25 11:29:16.917#Z#DEBUG#1118e5ca-a078-11f1-87c7-eeee0a8e79e5.ResilienceCockpit-db-deployer#flowable-async-job-executor-thread-3066#
[PollExecuteTaskStatusExecution] 2d23200b-60aa-4519-b7f8-9f40de7a8ecc [2026-08-25T11:29:12.504024] Unlocking the container "8697B1A4A8B84AC49EFF171810969752"... ok (0s 0ms) (STDOUT, APP/TASK/deploy)#
#2026 08 25 11:29:16.917#Z#DEBUG#1118e5ca-a078-11f1-87c7-eeee0a8e79e5.ResilienceCockpit-db-deployer#flowable-async-job-executor-thread-3066#
[PollExecuteTaskStatusExecution] 2d23200b-60aa-4519-b7f8-9f40de7a8ecc [2026-08-25T11:29:12.504105] Deployment to container 8697B1A4A8B84AC49EFF171810969752 done [Deployment ID: none]. (STDOUT, APP/TASK/deploy)#
#2026 08 25 11:29:16.917#Z#DEBUG#1118e5ca-a078-11f1-87c7-eeee0a8e79e5.ResilienceCockpit-db-deployer#flowable-async-job-executor-thread-3066#
[PollExecuteTaskStatusExecution] 2d23200b-60aa-4519-b7f8-9f40de7a8ecc [2026-08-25T11:29:12.504378] Deployment ended at 2026-08-25 11:29:12 (STDOUT, APP/TASK/deploy)#
#2026 08 25 11:29:16.917#Z#DEBUG#1118e5ca-a078-11f1-87c7-eeee0a8e79e5.ResilienceCockpit-db-deployer#flowable-async-job-executor-thread-3066#
[PollExecuteTaskStatusExecution] 2d23200b-60aa-4519-b7f8-9f40de7a8ecc [2026-08-25T11:29:12.504594] (1s 584ms) (STDOUT, APP/TASK/deploy)#
#2026 08 25 11:29:16.917#Z#DEBUG#1118e5ca-a078-11f1-87c7-eeee0a8e79e5.ResilienceCockpit-db-deployer#flowable-async-job-executor-thread-3066#
[PollExecuteTaskStatusExecution] 2d23200b-60aa-4519-b7f8-9f40de7a8ecc [2026-08-25T11:29:12.513284] npm notice (STDERR, APP/TASK/deploy)#
#2026 08 25 11:29:16.917#Z#DEBUG#1118e5ca-a078-11f1-87c7-eeee0a8e79e5.ResilienceCockpit-db-deployer#flowable-async-job-executor-thread-3066#
[PollExecuteTaskStatusExecution] 2d23200b-60aa-4519-b7f8-9f40de7a8ecc [2026-08-25T11:29:12.513303] npm notice New major version of npm available! 11.16.0 -> 12.0.2 (STDERR, APP/TASK/deploy)#
#2026 08 25 11:29:16.917#Z#DEBUG#1118e5ca-a078-11f1-87c7-eeee0a8e79e5.ResilienceCockpit-db-deployer#flowable-async-job-executor-thread-3066#
[PollExecuteTaskStatusExecution] 2d23200b-60aa-4519-b7f8-9f40de7a8ecc [2026-08-25T11:29:12.513308] npm notice Changelog: https://github.com/npm/cli/releases/tag/v12.0.2 (STDERR, APP/TASK/deploy)#
#2026 08 25 11:29:16.917#Z#DEBUG#1118e5ca-a078-11f1-87c7-eeee0a8e79e5.ResilienceCockpit-db-deployer#flowable-async-job-executor-thread-3066#
[PollExecuteTaskStatusExecution] 2d23200b-60aa-4519-b7f8-9f40de7a8ecc [2026-08-25T11:29:12.513313] npm notice To update run: npm install -g npm@12.0.2 (STDERR, APP/TASK/deploy)#
#2026 08 25 11:29:16.917#Z#DEBUG#1118e5ca-a078-11f1-87c7-eeee0a8e79e5.ResilienceCockpit-db-deployer#flowable-async-job-executor-thread-3066#
[PollExecuteTaskStatusExecution] 2d23200b-60aa-4519-b7f8-9f40de7a8ecc [2026-08-25T11:29:12.513317] npm notice (STDERR, APP/TASK/deploy)#
#2026 08 25 11:29:16.917#Z#DEBUG#1118e5ca-a078-11f1-87c7-eeee0a8e79e5.ResilienceCockpit-db-deployer#flowable-async-job-executor-thread-3066#
[PollExecuteTaskStatusExecution] 2d23200b-60aa-4519-b7f8-9f40de7a8ecc [2026-08-25T11:29:12.561375] Exit status 0 (STDOUT, APP/TASK/deploy)#
#2026 08 25 11:29:16.917#Z#DEBUG#1118e5ca-a078-11f1-87c7-eeee0a8e79e5.ResilienceCockpit-db-deployer#flowable-async-job-executor-thread-3066#
[PollExecuteTaskStatusExecution] 2d23200b-60aa-4519-b7f8-9f40de7a8ecc [2026-08-25T11:29:12.750484] Cell f95ef7fb-a2f2-480d-af80-cd44d0d9846b stopping instance 86d13861-ded4-4ea6-8d9e-a362d64def96 (STDOUT, CELL)#
#2026 08 25 11:29:16.917#Z#DEBUG#1118e5ca-a078-11f1-87c7-eeee0a8e79e5.ResilienceCockpit-db-deployer#flowable-async-job-executor-thread-3066#
[PollExecuteTaskStatusExecution] 2d23200b-60aa-4519-b7f8-9f40de7a8ecc [2026-08-25T11:29:12.750535] Cell f95ef7fb-a2f2-480d-af80-cd44d0d9846b destroying container for instance 86d13861-ded4-4ea6-8d9e-a362d64def96 (STDOUT, CELL)#
#2026 08 25 11:29:16.917#Z#DEBUG#1118e5ca-a078-11f1-87c7-eeee0a8e79e5.ResilienceCockpit-db-deployer#flowable-async-job-executor-thread-3066#
[PollExecuteTaskStatusExecution] 2d23200b-60aa-4519-b7f8-9f40de7a8ecc [2026-08-25T11:29:15.064822] Cell f95ef7fb-a2f2-480d-af80-cd44d0d9846b successfully destroyed container for instance 86d13861-ded4-4ea6-8d9e-a362d64def96 (STDOUT, CELL)#
