#2026 08 25 11:29:26.907#Z#DEBUG#1118e5ca-a078-11f1-87c7-eeee0a8e79e5.ResilienceCockpit-srv#flowable-async-job-executor-thread-14311#
[PollStageAppStatusExecution] 846298f7-a9cf-4b9f-a20b-63e370407f6e [2026-08-25T08:30:21.841960] Added process: "web" (STDOUT, API)#
#2026 08 25 11:29:26.907#Z#DEBUG#1118e5ca-a078-11f1-87c7-eeee0a8e79e5.ResilienceCockpit-srv#flowable-async-job-executor-thread-14311#
[PollStageAppStatusExecution] 846298f7-a9cf-4b9f-a20b-63e370407f6e [2026-08-25T08:30:21.852526] Created app with guid 846298f7-a9cf-4b9f-a20b-63e370407f6e (STDOUT, API)#
#2026 08 25 11:29:26.907#Z#DEBUG#1118e5ca-a078-11f1-87c7-eeee0a8e79e5.ResilienceCockpit-srv#flowable-async-job-executor-thread-14311#
[PollStageAppStatusExecution] 846298f7-a9cf-4b9f-a20b-63e370407f6e [2026-08-25T08:30:21.945316] Updating process: "web" (STDOUT, API)#
#2026 08 25 11:29:26.907#Z#DEBUG#1118e5ca-a078-11f1-87c7-eeee0a8e79e5.ResilienceCockpit-srv#flowable-async-job-executor-thread-14311#
[PollStageAppStatusExecution] 846298f7-a9cf-4b9f-a20b-63e370407f6e [2026-08-25T08:30:22.005073] Scaling process: "web" (STDOUT, API)#
#2026 08 25 11:29:26.907#Z#DEBUG#1118e5ca-a078-11f1-87c7-eeee0a8e79e5.ResilienceCockpit-srv#flowable-async-job-executor-thread-14311#
[PollStageAppStatusExecution] 846298f7-a9cf-4b9f-a20b-63e370407f6e [2026-08-25T08:30:40.661002] Uploading app package for app with guid 846298f7-a9cf-4b9f-a20b-63e370407f6e (STDOUT, API)#
#2026 08 25 11:29:26.907#Z#DEBUG#1118e5ca-a078-11f1-87c7-eeee0a8e79e5.ResilienceCockpit-srv#flowable-async-job-executor-thread-14311#
[PollStageAppStatusExecution] 846298f7-a9cf-4b9f-a20b-63e370407f6e [2026-08-25T08:30:40.836348] Updated app with guid 846298f7-a9cf-4b9f-a20b-63e370407f6e ({"environment_variables"=>"[PRIVATE DATA HIDDEN]"}) (STDOUT, API)#
#2026 08 25 11:29:26.907#Z#DEBUG#1118e5ca-a078-11f1-87c7-eeee0a8e79e5.ResilienceCockpit-srv#flowable-async-job-executor-thread-14311#
[PollStageAppStatusExecution] 846298f7-a9cf-4b9f-a20b-63e370407f6e [2026-08-25T08:31:00.423732] Creating build for app with guid 846298f7-a9cf-4b9f-a20b-63e370407f6e (STDOUT, API)#
#2026 08 25 11:29:26.907#Z#DEBUG#1118e5ca-a078-11f1-87c7-eeee0a8e79e5.ResilienceCockpit-srv#flowable-async-job-executor-thread-14311#
[PollStageAppStatusExecution] 846298f7-a9cf-4b9f-a20b-63e370407f6e [2026-08-25T08:31:00.698817] Downloading nodejs_buildpack... (STDOUT, STG)#
#2026 08 25 11:29:26.907#Z#DEBUG#1118e5ca-a078-11f1-87c7-eeee0a8e79e5.ResilienceCockpit-srv#flowable-async-job-executor-thread-14311#
[PollStageAppStatusExecution] 846298f7-a9cf-4b9f-a20b-63e370407f6e [2026-08-25T08:31:00.747728] Downloaded nodejs_buildpack (STDOUT, STG)#
#2026 08 25 11:29:26.907#Z#DEBUG#1118e5ca-a078-11f1-87c7-eeee0a8e79e5.ResilienceCockpit-srv#flowable-async-job-executor-thread-14311#
[PollStageAppStatusExecution] 846298f7-a9cf-4b9f-a20b-63e370407f6e [2026-08-25T08:31:00.747821] Cell f95ef7fb-a2f2-480d-af80-cd44d0d9846b creating container for instance 2db5db4a-4486-4036-a9b3-7aeaaf4c412e (STDOUT, STG)#
#2026 08 25 11:29:26.907#Z#DEBUG#1118e5ca-a078-11f1-87c7-eeee0a8e79e5.ResilienceCockpit-srv#flowable-async-job-executor-thread-14311#
[PollStageAppStatusExecution] 846298f7-a9cf-4b9f-a20b-63e370407f6e [2026-08-25T08:31:01.062914] Security group rules were updated (STDOUT, STG)#
#2026 08 25 11:29:26.907#Z#DEBUG#1118e5ca-a078-11f1-87c7-eeee0a8e79e5.ResilienceCockpit-srv#flowable-async-job-executor-thread-14311#
[PollStageAppStatusExecution] 846298f7-a9cf-4b9f-a20b-63e370407f6e [2026-08-25T08:31:01.116804] Cell f95ef7fb-a2f2-480d-af80-cd44d0d9846b successfully created container for instance 2db5db4a-4486-4036-a9b3-7aeaaf4c412e (STDOUT, STG)#
#2026 08 25 11:29:26.907#Z#DEBUG#1118e5ca-a078-11f1-87c7-eeee0a8e79e5.ResilienceCockpit-srv#flowable-async-job-executor-thread-14311#
[PollStageAppStatusExecution] 846298f7-a9cf-4b9f-a20b-63e370407f6e [2026-08-25T08:31:01.783981] Downloading app package... (STDOUT, STG)#
#2026 08 25 11:29:26.907#Z#DEBUG#1118e5ca-a078-11f1-87c7-eeee0a8e79e5.ResilienceCockpit-srv#flowable-async-job-executor-thread-14311#
[PollStageAppStatusExecution] 846298f7-a9cf-4b9f-a20b-63e370407f6e [2026-08-25T08:31:02.921939] Downloaded app package (15.2M) (STDOUT, STG)#
#2026 08 25 11:29:26.907#Z#DEBUG#1118e5ca-a078-11f1-87c7-eeee0a8e79e5.ResilienceCockpit-srv#flowable-async-job-executor-thread-14311#
[PollStageAppStatusExecution] 846298f7-a9cf-4b9f-a20b-63e370407f6e [2026-08-25T08:31:02.973084] -----> Nodejs Buildpack version 1.9.3 (STDOUT, STG)#
#2026 08 25 11:29:26.907#Z#DEBUG#1118e5ca-a078-11f1-87c7-eeee0a8e79e5.ResilienceCockpit-srv#flowable-async-job-executor-thread-14311#
[PollStageAppStatusExecution] 846298f7-a9cf-4b9f-a20b-63e370407f6e [2026-08-25T08:31:03.322899] -----> Bootstrapping python (STDOUT, STG)#
#2026 08 25 11:29:26.907#Z#DEBUG#1118e5ca-a078-11f1-87c7-eeee0a8e79e5.ResilienceCockpit-srv#flowable-async-job-executor-thread-14311#
[PollStageAppStatusExecution] 846298f7-a9cf-4b9f-a20b-63e370407f6e [2026-08-25T08:31:03.322925] -----> Installing python 3.13.14 (STDOUT, STG)#
#2026 08 25 11:29:26.907#Z#DEBUG#1118e5ca-a078-11f1-87c7-eeee0a8e79e5.ResilienceCockpit-srv#flowable-async-job-executor-thread-14311#
[PollStageAppStatusExecution] 846298f7-a9cf-4b9f-a20b-63e370407f6e [2026-08-25T08:31:03.322948] Copy [/tmp/buildpacks/adc5840e3e50b48d/dependencies/4b4266a2ff36730aef37b88b668ca327/python_3.13.14_linux_x64_cflinuxfs4_b80d4954.tgz] (STDOUT, STG)#
#2026 08 25 11:29:26.907#Z#DEBUG#1118e5ca-a078-11f1-87c7-eeee0a8e79e5.ResilienceCockpit-srv#flowable-async-job-executor-thread-14311#
[PollStageAppStatusExecution] 846298f7-a9cf-4b9f-a20b-63e370407f6e [2026-08-25T08:31:06.313083] -----> Installing binaries (STDOUT, STG)#
#2026 08 25 11:29:26.907#Z#DEBUG#1118e5ca-a078-11f1-87c7-eeee0a8e79e5.ResilienceCockpit-srv#flowable-async-job-executor-thread-14311#
[PollStageAppStatusExecution] 846298f7-a9cf-4b9f-a20b-63e370407f6e [2026-08-25T08:31:06.313106] engines.node (package.json): >=20 (STDOUT, STG)#
#2026 08 25 11:29:26.907#Z#DEBUG#1118e5ca-a078-11f1-87c7-eeee0a8e79e5.ResilienceCockpit-srv#flowable-async-job-executor-thread-14311#
[PollStageAppStatusExecution] 846298f7-a9cf-4b9f-a20b-63e370407f6e [2026-08-25T08:31:06.313113] engines.npm (package.json): unspecified (use default) (STDOUT, STG)#
#2026 08 25 11:29:26.907#Z#DEBUG#1118e5ca-a078-11f1-87c7-eeee0a8e79e5.ResilienceCockpit-srv#flowable-async-job-executor-thread-14311#
[PollStageAppStatusExecution] 846298f7-a9cf-4b9f-a20b-63e370407f6e [2026-08-25T08:31:06.313123] [31;1m**WARNING**[0m Dangerous semver range (>) in engines.node. See: http://docs.cloudfoundry.org/buildpacks/node/node-tips.html (STDOUT, STG)#
#2026 08 25 11:29:26.907#Z#DEBUG#1118e5ca-a078-11f1-87c7-eeee0a8e79e5.ResilienceCockpit-srv#flowable-async-job-executor-thread-14311#
[PollStageAppStatusExecution] 846298f7-a9cf-4b9f-a20b-63e370407f6e [2026-08-25T08:31:06.313139] -----> Installing node 24.18.0 (STDOUT, STG)#
#2026 08 25 11:29:26.907#Z#DEBUG#1118e5ca-a078-11f1-87c7-eeee0a8e79e5.ResilienceCockpit-srv#flowable-async-job-executor-thread-14311#
[PollStageAppStatusExecution] 846298f7-a9cf-4b9f-a20b-63e370407f6e [2026-08-25T08:31:06.313253] Copy [/tmp/buildpacks/adc5840e3e50b48d/dependencies/dffbbb835fcd073c4544f78eb6247fac/node_24.18.0_linux_x64_cflinuxfs4_cdfed650.tgz] (STDOUT, STG)#
#2026 08 25 11:29:26.907#Z#DEBUG#1118e5ca-a078-11f1-87c7-eeee0a8e79e5.ResilienceCockpit-srv#flowable-async-job-executor-thread-14311#
[PollStageAppStatusExecution] 846298f7-a9cf-4b9f-a20b-63e370407f6e [2026-08-25T08:31:08.040870] Using default npm version: 11.16.0 (STDOUT, STG)#
#2026 08 25 11:29:26.907#Z#DEBUG#1118e5ca-a078-11f1-87c7-eeee0a8e79e5.ResilienceCockpit-srv#flowable-async-job-executor-thread-14311#
[PollStageAppStatusExecution] 846298f7-a9cf-4b9f-a20b-63e370407f6e [2026-08-25T08:31:08.040913] -----> Installing yarn 1.22.22 (STDOUT, STG)#
#2026 08 25 11:29:26.907#Z#DEBUG#1118e5ca-a078-11f1-87c7-eeee0a8e79e5.ResilienceCockpit-srv#flowable-async-job-executor-thread-14311#
[PollStageAppStatusExecution] 846298f7-a9cf-4b9f-a20b-63e370407f6e [2026-08-25T08:31:08.041039] Copy [/tmp/buildpacks/adc5840e3e50b48d/dependencies/e4fe26756e9984a665478d350474fa2e/yarn_1.22.22_linux_noarch_any-stack_b6132b86.tgz] (STDOUT, STG)#
#2026 08 25 11:29:26.907#Z#DEBUG#1118e5ca-a078-11f1-87c7-eeee0a8e79e5.ResilienceCockpit-srv#flowable-async-job-executor-thread-14311#
[PollStageAppStatusExecution] 846298f7-a9cf-4b9f-a20b-63e370407f6e [2026-08-25T08:31:08.284585] Installed yarn 1.22.22 (STDOUT, STG)#
#2026 08 25 11:29:26.907#Z#DEBUG#1118e5ca-a078-11f1-87c7-eeee0a8e79e5.ResilienceCockpit-srv#flowable-async-job-executor-thread-14311#
[PollStageAppStatusExecution] 846298f7-a9cf-4b9f-a20b-63e370407f6e [2026-08-25T08:31:08.284606] -----> Creating runtime environment (STDOUT, STG)#
#2026 08 25 11:29:26.907#Z#DEBUG#1118e5ca-a078-11f1-87c7-eeee0a8e79e5.ResilienceCockpit-srv#flowable-async-job-executor-thread-14311#
[PollStageAppStatusExecution] 846298f7-a9cf-4b9f-a20b-63e370407f6e [2026-08-25T08:31:08.285969] NODE_ENV=production (STDOUT, STG)#
#2026 08 25 11:29:26.907#Z#DEBUG#1118e5ca-a078-11f1-87c7-eeee0a8e79e5.ResilienceCockpit-srv#flowable-async-job-executor-thread-14311#
[PollStageAppStatusExecution] 846298f7-a9cf-4b9f-a20b-63e370407f6e [2026-08-25T08:31:08.285986] NODE_HOME=/tmp/contents3594224708/deps/0/node (STDOUT, STG)#
#2026 08 25 11:29:26.907#Z#DEBUG#1118e5ca-a078-11f1-87c7-eeee0a8e79e5.ResilienceCockpit-srv#flowable-async-job-executor-thread-14311#
[PollStageAppStatusExecution] 846298f7-a9cf-4b9f-a20b-63e370407f6e [2026-08-25T08:31:08.285989] NODE_MODULES_CACHE=true (STDOUT, STG)#
#2026 08 25 11:29:26.907#Z#DEBUG#1118e5ca-a078-11f1-87c7-eeee0a8e79e5.ResilienceCockpit-srv#flowable-async-job-executor-thread-14311#
[PollStageAppStatusExecution] 846298f7-a9cf-4b9f-a20b-63e370407f6e [2026-08-25T08:31:08.285992] NODE_VERBOSE=false (STDOUT, STG)#
#2026 08 25 11:29:26.907#Z#DEBUG#1118e5ca-a078-11f1-87c7-eeee0a8e79e5.ResilienceCockpit-srv#flowable-async-job-executor-thread-14311#
[PollStageAppStatusExecution] 846298f7-a9cf-4b9f-a20b-63e370407f6e [2026-08-25T08:31:08.285996] NPM_CONFIG_LOGLEVEL=error (STDOUT, STG)#
#2026 08 25 11:29:26.907#Z#DEBUG#1118e5ca-a078-11f1-87c7-eeee0a8e79e5.ResilienceCockpit-srv#flowable-async-job-executor-thread-14311#
[PollStageAppStatusExecution] 846298f7-a9cf-4b9f-a20b-63e370407f6e [2026-08-25T08:31:08.285999] NPM_CONFIG_PRODUCTION=true (STDOUT, STG)#
#2026 08 25 11:29:26.907#Z#DEBUG#1118e5ca-a078-11f1-87c7-eeee0a8e79e5.ResilienceCockpit-srv#flowable-async-job-executor-thread-14311#
[PollStageAppStatusExecution] 846298f7-a9cf-4b9f-a20b-63e370407f6e [2026-08-25T08:31:08.286009] -----> Building dependencies (STDOUT, STG)#
#2026 08 25 11:29:26.907#Z#DEBUG#1118e5ca-a078-11f1-87c7-eeee0a8e79e5.ResilienceCockpit-srv#flowable-async-job-executor-thread-14311#
[PollStageAppStatusExecution] 846298f7-a9cf-4b9f-a20b-63e370407f6e [2026-08-25T08:31:08.286013] Prebuild detected (node_modules already exists) (STDOUT, STG)#
#2026 08 25 11:29:26.907#Z#DEBUG#1118e5ca-a078-11f1-87c7-eeee0a8e79e5.ResilienceCockpit-srv#flowable-async-job-executor-thread-14311#
[PollStageAppStatusExecution] 846298f7-a9cf-4b9f-a20b-63e370407f6e [2026-08-25T08:31:08.286026] Rebuilding any native modules (STDOUT, STG)#
#2026 08 25 11:29:26.907#Z#DEBUG#1118e5ca-a078-11f1-87c7-eeee0a8e79e5.ResilienceCockpit-srv#flowable-async-job-executor-thread-14311#
[PollStageAppStatusExecution] 846298f7-a9cf-4b9f-a20b-63e370407f6e [2026-08-25T08:31:08.858113] rebuilt dependencies successfully (STDOUT, STG)#
#2026 08 25 11:29:26.907#Z#DEBUG#1118e5ca-a078-11f1-87c7-eeee0a8e79e5.ResilienceCockpit-srv#flowable-async-job-executor-thread-14311#
[PollStageAppStatusExecution] 846298f7-a9cf-4b9f-a20b-63e370407f6e [2026-08-25T08:31:08.859523] npm notice (STDOUT, STG)#
#2026 08 25 11:29:26.907#Z#DEBUG#1118e5ca-a078-11f1-87c7-eeee0a8e79e5.ResilienceCockpit-srv#flowable-async-job-executor-thread-14311#
[PollStageAppStatusExecution] 846298f7-a9cf-4b9f-a20b-63e370407f6e [2026-08-25T08:31:08.859552] npm notice New major version of npm available! 11.16.0 -> 12.0.2 (STDOUT, STG)#
#2026 08 25 11:29:26.907#Z#DEBUG#1118e5ca-a078-11f1-87c7-eeee0a8e79e5.ResilienceCockpit-srv#flowable-async-job-executor-thread-14311#
[PollStageAppStatusExecution] 846298f7-a9cf-4b9f-a20b-63e370407f6e [2026-08-25T08:31:08.859559] npm notice Changelog: https://github.com/npm/cli/releases/tag/v12.0.2 (STDOUT, STG)#
#2026 08 25 11:29:26.907#Z#DEBUG#1118e5ca-a078-11f1-87c7-eeee0a8e79e5.ResilienceCockpit-srv#flowable-async-job-executor-thread-14311#
[PollStageAppStatusExecution] 846298f7-a9cf-4b9f-a20b-63e370407f6e [2026-08-25T08:31:08.859564] npm notice To update run: npm install -g npm@12.0.2 (STDOUT, STG)#
#2026 08 25 11:29:26.907#Z#DEBUG#1118e5ca-a078-11f1-87c7-eeee0a8e79e5.ResilienceCockpit-srv#flowable-async-job-executor-thread-14311#
[PollStageAppStatusExecution] 846298f7-a9cf-4b9f-a20b-63e370407f6e [2026-08-25T08:31:08.859568] npm notice (STDOUT, STG)#
#2026 08 25 11:29:26.907#Z#DEBUG#1118e5ca-a078-11f1-87c7-eeee0a8e79e5.ResilienceCockpit-srv#flowable-async-job-executor-thread-14311#
[PollStageAppStatusExecution] 846298f7-a9cf-4b9f-a20b-63e370407f6e [2026-08-25T08:31:08.907390] Installing any new modules (package.json + package-lock.json) (STDOUT, STG)#
#2026 08 25 11:29:26.907#Z#DEBUG#1118e5ca-a078-11f1-87c7-eeee0a8e79e5.ResilienceCockpit-srv#flowable-async-job-executor-thread-14311#
[PollStageAppStatusExecution] 846298f7-a9cf-4b9f-a20b-63e370407f6e [2026-08-25T08:31:09.518981] up to date in 551ms (STDOUT, STG)#
#2026 08 25 11:29:26.907#Z#DEBUG#1118e5ca-a078-11f1-87c7-eeee0a8e79e5.ResilienceCockpit-srv#flowable-async-job-executor-thread-14311#
[PollStageAppStatusExecution] 846298f7-a9cf-4b9f-a20b-63e370407f6e [2026-08-25T08:31:09.519153] 37 packages are looking for funding (STDOUT, STG)#
#2026 08 25 11:29:26.907#Z#DEBUG#1118e5ca-a078-11f1-87c7-eeee0a8e79e5.ResilienceCockpit-srv#flowable-async-job-executor-thread-14311#
[PollStageAppStatusExecution] 846298f7-a9cf-4b9f-a20b-63e370407f6e [2026-08-25T08:31:09.519238] run `npm fund` for details (STDOUT, STG)#
#2026 08 25 11:29:26.907#Z#DEBUG#1118e5ca-a078-11f1-87c7-eeee0a8e79e5.ResilienceCockpit-srv#flowable-async-job-executor-thread-14311#
[PollStageAppStatusExecution] 846298f7-a9cf-4b9f-a20b-63e370407f6e [2026-08-25T08:31:10.349832] Contrast Security no credentials found. Will not write environment files. (STDOUT, STG)#
#2026 08 25 11:29:26.907#Z#DEBUG#1118e5ca-a078-11f1-87c7-eeee0a8e79e5.ResilienceCockpit-srv#flowable-async-job-executor-thread-14311#
[PollStageAppStatusExecution] 846298f7-a9cf-4b9f-a20b-63e370407f6e [2026-08-25T08:31:19.984987] Exit status 0 (STDOUT, STG)#
#2026 08 25 11:29:26.907#Z#DEBUG#1118e5ca-a078-11f1-87c7-eeee0a8e79e5.ResilienceCockpit-srv#flowable-async-job-executor-thread-14311#
[PollStageAppStatusExecution] 846298f7-a9cf-4b9f-a20b-63e370407f6e [2026-08-25T08:31:19.985014] Uploading droplet, build artifacts cache... (STDOUT, STG)#
#2026 08 25 11:29:26.907#Z#DEBUG#1118e5ca-a078-11f1-87c7-eeee0a8e79e5.ResilienceCockpit-srv#flowable-async-job-executor-thread-14311#
[PollStageAppStatusExecution] 846298f7-a9cf-4b9f-a20b-63e370407f6e [2026-08-25T08:31:19.985044] Uploading droplet... (STDOUT, STG)#
#2026 08 25 11:29:26.907#Z#DEBUG#1118e5ca-a078-11f1-87c7-eeee0a8e79e5.ResilienceCockpit-srv#flowable-async-job-executor-thread-14311#
[PollStageAppStatusExecution] 846298f7-a9cf-4b9f-a20b-63e370407f6e [2026-08-25T08:31:19.985057] Uploading build artifacts cache... (STDOUT, STG)#
#2026 08 25 11:29:26.907#Z#DEBUG#1118e5ca-a078-11f1-87c7-eeee0a8e79e5.ResilienceCockpit-srv#flowable-async-job-executor-thread-14311#
[PollStageAppStatusExecution] 846298f7-a9cf-4b9f-a20b-63e370407f6e [2026-08-25T08:31:20.030823] Uploaded build artifacts cache (215B) (STDOUT, STG)#
#2026 08 25 11:29:26.907#Z#DEBUG#1118e5ca-a078-11f1-87c7-eeee0a8e79e5.ResilienceCockpit-srv#flowable-async-job-executor-thread-14311#
[PollStageAppStatusExecution] 846298f7-a9cf-4b9f-a20b-63e370407f6e [2026-08-25T08:31:20.585399] Creating droplet for app with guid 846298f7-a9cf-4b9f-a20b-63e370407f6e (STDOUT, API)#
#2026 08 25 11:29:26.907#Z#DEBUG#1118e5ca-a078-11f1-87c7-eeee0a8e79e5.ResilienceCockpit-srv#flowable-async-job-executor-thread-14311#
[PollStageAppStatusExecution] 846298f7-a9cf-4b9f-a20b-63e370407f6e [2026-08-25T08:31:25.711375] Uploaded droplet (70.3M) (STDOUT, STG)#
#2026 08 25 11:29:26.907#Z#DEBUG#1118e5ca-a078-11f1-87c7-eeee0a8e79e5.ResilienceCockpit-srv#flowable-async-job-executor-thread-14311#
[PollStageAppStatusExecution] 846298f7-a9cf-4b9f-a20b-63e370407f6e [2026-08-25T08:31:25.727731] Uploading complete (STDOUT, STG)#
#2026 08 25 11:29:26.907#Z#DEBUG#1118e5ca-a078-11f1-87c7-eeee0a8e79e5.ResilienceCockpit-srv#flowable-async-job-executor-thread-14311#
[PollStageAppStatusExecution] 846298f7-a9cf-4b9f-a20b-63e370407f6e [2026-08-25T08:31:25.989204] Cell f95ef7fb-a2f2-480d-af80-cd44d0d9846b stopping instance 2db5db4a-4486-4036-a9b3-7aeaaf4c412e (STDOUT, STG)#
#2026 08 25 11:29:26.907#Z#DEBUG#1118e5ca-a078-11f1-87c7-eeee0a8e79e5.ResilienceCockpit-srv#flowable-async-job-executor-thread-14311#
[PollStageAppStatusExecution] 846298f7-a9cf-4b9f-a20b-63e370407f6e [2026-08-25T08:31:25.989258] Cell f95ef7fb-a2f2-480d-af80-cd44d0d9846b destroying container for instance 2db5db4a-4486-4036-a9b3-7aeaaf4c412e (STDOUT, STG)#
#2026 08 25 11:29:26.907#Z#DEBUG#1118e5ca-a078-11f1-87c7-eeee0a8e79e5.ResilienceCockpit-srv#flowable-async-job-executor-thread-14311#
[PollStageAppStatusExecution] 846298f7-a9cf-4b9f-a20b-63e370407f6e [2026-08-25T08:31:26.033879] Staging complete for build 2db5db4a-4486-4036-a9b3-7aeaaf4c412e (STDOUT, API)#
#2026 08 25 11:29:26.907#Z#DEBUG#1118e5ca-a078-11f1-87c7-eeee0a8e79e5.ResilienceCockpit-srv#flowable-async-job-executor-thread-14311#
[PollStageAppStatusExecution] 846298f7-a9cf-4b9f-a20b-63e370407f6e [2026-08-25T08:31:28.400036] Cell f95ef7fb-a2f2-480d-af80-cd44d0d9846b successfully destroyed container for instance 2db5db4a-4486-4036-a9b3-7aeaaf4c412e (STDOUT, STG)#
#2026 08 25 11:29:26.907#Z#DEBUG#1118e5ca-a078-11f1-87c7-eeee0a8e79e5.ResilienceCockpit-srv#flowable-async-job-executor-thread-14311#
[PollStageAppStatusExecution] 846298f7-a9cf-4b9f-a20b-63e370407f6e [2026-08-25T08:31:30.361069] Updated app with guid 846298f7-a9cf-4b9f-a20b-63e370407f6e ({:droplet_guid=>"d5b16845-0b96-4443-80b0-6137a5e873ba"}) (STDOUT, API)#
#2026 08 25 11:29:26.907#Z#DEBUG#1118e5ca-a078-11f1-87c7-eeee0a8e79e5.ResilienceCockpit-srv#flowable-async-job-executor-thread-14311#
[PollStageAppStatusExecution] 846298f7-a9cf-4b9f-a20b-63e370407f6e [2026-08-25T08:31:30.524741] Creating revision for app with guid 846298f7-a9cf-4b9f-a20b-63e370407f6e (STDOUT, API)#
#2026 08 25 11:29:26.907#Z#DEBUG#1118e5ca-a078-11f1-87c7-eeee0a8e79e5.ResilienceCockpit-srv#flowable-async-job-executor-thread-14311#
[PollStageAppStatusExecution] 846298f7-a9cf-4b9f-a20b-63e370407f6e [2026-08-25T08:31:30.590799] Starting app with guid 846298f7-a9cf-4b9f-a20b-63e370407f6e (STDOUT, API)#
#2026 08 25 11:29:26.907#Z#DEBUG#1118e5ca-a078-11f1-87c7-eeee0a8e79e5.ResilienceCockpit-srv#flowable-async-job-executor-thread-14311#
[PollStageAppStatusExecution] 846298f7-a9cf-4b9f-a20b-63e370407f6e [2026-08-25T08:31:30.796926] Cell f95ef7fb-a2f2-480d-af80-cd44d0d9846b creating container for instance 7056d957-8cf8-47b6-579c-1fce (STDOUT, CELL)#
#2026 08 25 11:29:26.907#Z#DEBUG#1118e5ca-a078-11f1-87c7-eeee0a8e79e5.ResilienceCockpit-srv#flowable-async-job-executor-thread-14311#
[PollStageAppStatusExecution] 846298f7-a9cf-4b9f-a20b-63e370407f6e [2026-08-25T08:31:31.126707] Security group rules were updated (STDOUT, CELL)#
#2026 08 25 11:29:26.907#Z#DEBUG#1118e5ca-a078-11f1-87c7-eeee0a8e79e5.ResilienceCockpit-srv#flowable-async-job-executor-thread-14311#
[PollStageAppStatusExecution] 846298f7-a9cf-4b9f-a20b-63e370407f6e [2026-08-25T08:31:31.192542] Cell f95ef7fb-a2f2-480d-af80-cd44d0d9846b successfully created container for instance 7056d957-8cf8-47b6-579c-1fce (STDOUT, CELL)#
#2026 08 25 11:29:26.907#Z#DEBUG#1118e5ca-a078-11f1-87c7-eeee0a8e79e5.ResilienceCockpit-srv#flowable-async-job-executor-thread-14311#
[PollStageAppStatusExecution] 846298f7-a9cf-4b9f-a20b-63e370407f6e [2026-08-25T08:31:31.823359] Downloading droplet... (STDOUT, CELL)#
#2026 08 25 11:29:26.907#Z#DEBUG#1118e5ca-a078-11f1-87c7-eeee0a8e79e5.ResilienceCockpit-srv#flowable-async-job-executor-thread-14311#
[PollStageAppStatusExecution] 846298f7-a9cf-4b9f-a20b-63e370407f6e [2026-08-25T08:31:35.407439] Downloaded droplet (70.3M) (STDOUT, CELL)#
#2026 08 25 11:29:26.907#Z#DEBUG#1118e5ca-a078-11f1-87c7-eeee0a8e79e5.ResilienceCockpit-srv#flowable-async-job-executor-thread-14311#
[PollStageAppStatusExecution] 846298f7-a9cf-4b9f-a20b-63e370407f6e [2026-08-25T08:31:35.407609] Starting health monitoring of container (STDOUT, CELL)#
#2026 08 25 11:29:26.907#Z#DEBUG#1118e5ca-a078-11f1-87c7-eeee0a8e79e5.ResilienceCockpit-srv#flowable-async-job-executor-thread-14311#
[PollStageAppStatusExecution] 846298f7-a9cf-4b9f-a20b-63e370407f6e [2026-08-25T08:31:35.459060] Invoking pre-start scripts. (STDOUT, APP/PROC/WEB)#
#2026 08 25 11:29:26.907#Z#DEBUG#1118e5ca-a078-11f1-87c7-eeee0a8e79e5.ResilienceCockpit-srv#flowable-async-job-executor-thread-14311#
[PollStageAppStatusExecution] 846298f7-a9cf-4b9f-a20b-63e370407f6e [2026-08-25T08:31:35.601299] Invoking start command. (STDOUT, APP/PROC/WEB)#
#2026 08 25 11:29:26.907#Z#DEBUG#1118e5ca-a078-11f1-87c7-eeee0a8e79e5.ResilienceCockpit-srv#flowable-async-job-executor-thread-14311#
[PollStageAppStatusExecution] 846298f7-a9cf-4b9f-a20b-63e370407f6e [2026-08-25T08:31:35.897808] > ResilienceCockpit@1.0.0 start (STDOUT, APP/PROC/WEB)#
#2026 08 25 11:29:26.907#Z#DEBUG#1118e5ca-a078-11f1-87c7-eeee0a8e79e5.ResilienceCockpit-srv#flowable-async-job-executor-thread-14311#
[PollStageAppStatusExecution] 846298f7-a9cf-4b9f-a20b-63e370407f6e [2026-08-25T08:31:35.897828] > cds-serve (STDOUT, APP/PROC/WEB)#
#2026 08 25 11:29:26.907#Z#DEBUG#1118e5ca-a078-11f1-87c7-eeee0a8e79e5.ResilienceCockpit-srv#flowable-async-job-executor-thread-14311#
[PollStageAppStatusExecution] 846298f7-a9cf-4b9f-a20b-63e370407f6e [2026-08-25T08:31:36.068699] [cds] - bootstrapping from { file: 'srv/server.js' } (STDOUT, APP/PROC/WEB)#
#2026 08 25 11:29:26.907#Z#DEBUG#1118e5ca-a078-11f1-87c7-eeee0a8e79e5.ResilienceCockpit-srv#flowable-async-job-executor-thread-14311#
[PollStageAppStatusExecution] 846298f7-a9cf-4b9f-a20b-63e370407f6e [2026-08-25T08:31:36.265070] {"level":"info","logger":"cds","timestamp":"2026-08-25T08:31:36.264Z","layer":"cds","component_type":"application","container_id":"10.37.129.4","component_id":"846298f7-a9cf-4b9f-a20b-63e370407f6e","component_name":"ResilienceCockpit-srv","component_instance":0,"source_instance":0,"organization_name":"94060551trial","organization_id":"78e7b825-503f-4bdc-af4e-be86d7f43c8e","space_name":"dev","space_id":"039a1fe6-69a4-4c1e-9b8f-a64d47329d3e","msg":"loaded model from 1 file(s):\n ","type":"log"} (STDOUT, APP/PROC/WEB)#
#2026 08 25 11:29:26.907#Z#DEBUG#1118e5ca-a078-11f1-87c7-eeee0a8e79e5.ResilienceCockpit-srv#flowable-async-job-executor-thread-14311#
[PollStageAppStatusExecution] 846298f7-a9cf-4b9f-a20b-63e370407f6e [2026-08-25T08:31:36.265099] srv/csn.json (STDOUT, APP/PROC/WEB)#
#2026 08 25 11:29:26.907#Z#DEBUG#1118e5ca-a078-11f1-87c7-eeee0a8e79e5.ResilienceCockpit-srv#flowable-async-job-executor-thread-14311#
[PollStageAppStatusExecution] 846298f7-a9cf-4b9f-a20b-63e370407f6e [2026-08-25T08:31:36.437468] {"level":"info","logger":"cds","timestamp":"2026-08-25T08:31:36.436Z","layer":"cds","component_type":"application","container_id":"10.37.129.4","component_id":"846298f7-a9cf-4b9f-a20b-63e370407f6e","component_name":"ResilienceCockpit-srv","component_instance":0,"source_instance":0,"organization_name":"94060551trial","organization_id":"78e7b825-503f-4bdc-af4e-be86d7f43c8e","space_name":"dev","space_id":"039a1fe6-69a4-4c1e-9b8f-a64d47329d3e","msg":"connect to db > hana {\n  url: 'jdbc:sap://eb9e608b-a8d8-462e-98e7-906abde25244.hna0.prod-us10.hanacloud.ondemand.com:443?encrypt=true&validateCertificate=true&currentschema=8697B1A4A8B84AC49EFF171810969752',\n  database_id: 'eb9e608b-a8d8-462e-98e7-906abde25244',\n  host: 'eb9e608b-a8d8-462e-98e7-906abde25244.hna0.prod-us10.hanacloud.ondemand.com',\n  port: '443',\n  driver: 'com.sap.db.jdbc.Driver',\n  schema: '8697B1A4A8B84AC49EFF171810969752',\n  certificate: '...',\n  hdi_user: '8697B1A4A8B84AC49EFF171810969752_B4SCSXTFML48V8NFH3EQ9TGHU_DT',\n  hdi_password: '...',\n  user: '8697B1A4A8B84AC49EFF171810969752_B4SCSXTFML48V8NFH3EQ9TGHU_RT',\n  password: '...'\n}","type":"log"} (STDOUT, APP/PROC/WEB)#
#2026 08 25 11:29:26.907#Z#DEBUG#1118e5ca-a078-11f1-87c7-eeee0a8e79e5.ResilienceCockpit-srv#flowable-async-job-executor-thread-14311#
[PollStageAppStatusExecution] 846298f7-a9cf-4b9f-a20b-63e370407f6e [2026-08-25T08:31:36.528913] {"level":"info","logger":"cds","timestamp":"2026-08-25T08:31:36.528Z","layer":"cds","component_type":"application","container_id":"10.37.129.4","component_id":"846298f7-a9cf-4b9f-a20b-63e370407f6e","component_name":"ResilienceCockpit-srv","component_instance":0,"source_instance":0,"organization_name":"94060551trial","organization_id":"78e7b825-503f-4bdc-af4e-be86d7f43c8e","space_name":"dev","space_id":"039a1fe6-69a4-4c1e-9b8f-a64d47329d3e","msg":"connect to ShippingCostAPI > rest { destination: 'jsondb' }","type":"log"} (STDOUT, APP/PROC/WEB)#
#2026 08 25 11:29:26.907#Z#DEBUG#1118e5ca-a078-11f1-87c7-eeee0a8e79e5.ResilienceCockpit-srv#flowable-async-job-executor-thread-14311#
[PollStageAppStatusExecution] 846298f7-a9cf-4b9f-a20b-63e370407f6e [2026-08-25T08:31:36.529315] {"level":"info","logger":"cds","timestamp":"2026-08-25T08:31:36.529Z","layer":"cds","component_type":"application","container_id":"10.37.129.4","component_id":"846298f7-a9cf-4b9f-a20b-63e370407f6e","component_name":"ResilienceCockpit-srv","component_instance":0,"source_instance":0,"organization_name":"94060551trial","organization_id":"78e7b825-503f-4bdc-af4e-be86d7f43c8e","space_name":"dev","space_id":"039a1fe6-69a4-4c1e-9b8f-a64d47329d3e","msg":"connect to API_INFORECORD_PROCESS_SRV > odata-v2 { destination: 'SAP_API_HUB' }","type":"log"} (STDOUT, APP/PROC/WEB)#
#2026 08 25 11:29:26.907#Z#DEBUG#1118e5ca-a078-11f1-87c7-eeee0a8e79e5.ResilienceCockpit-srv#flowable-async-job-executor-thread-14311#
[PollStageAppStatusExecution] 846298f7-a9cf-4b9f-a20b-63e370407f6e [2026-08-25T08:31:36.543525] {"level":"info","logger":"cds","timestamp":"2026-08-25T08:31:36.543Z","layer":"cds","component_type":"application","container_id":"10.37.129.4","component_id":"846298f7-a9cf-4b9f-a20b-63e370407f6e","component_name":"ResilienceCockpit-srv","component_instance":0,"source_instance":0,"organization_name":"94060551trial","organization_id":"78e7b825-503f-4bdc-af4e-be86d7f43c8e","space_name":"dev","space_id":"039a1fe6-69a4-4c1e-9b8f-a64d47329d3e","msg":"using auth strategy { kind: 'xsuaa' }","type":"log"} (STDOUT, APP/PROC/WEB)#
#2026 08 25 11:29:26.907#Z#DEBUG#1118e5ca-a078-11f1-87c7-eeee0a8e79e5.ResilienceCockpit-srv#flowable-async-job-executor-thread-14311#
[PollStageAppStatusExecution] 846298f7-a9cf-4b9f-a20b-63e370407f6e [2026-08-25T08:31:36.577026] {"level":"info","logger":"cds","timestamp":"2026-08-25T08:31:36.576Z","layer":"cds","component_type":"application","container_id":"10.37.129.4","component_id":"846298f7-a9cf-4b9f-a20b-63e370407f6e","component_name":"ResilienceCockpit-srv","component_instance":0,"source_instance":0,"organization_name":"94060551trial","organization_id":"78e7b825-503f-4bdc-af4e-be86d7f43c8e","space_name":"dev","space_id":"039a1fe6-69a4-4c1e-9b8f-a64d47329d3e","msg":"serving ResilienceCockpitService {\n  at: [ '/service/ResilienceCockpitService' ],\n  decl: 'srv/csn.json:313',\n  impl: 'srv/service.js'\n}","type":"log"} (STDOUT, APP/PROC/WEB)#
#2026 08 25 11:29:26.907#Z#DEBUG#1118e5ca-a078-11f1-87c7-eeee0a8e79e5.ResilienceCockpit-srv#flowable-async-job-executor-thread-14311#
[PollStageAppStatusExecution] 846298f7-a9cf-4b9f-a20b-63e370407f6e [2026-08-25T08:31:36.581235] {"level":"info","logger":"cds","timestamp":"2026-08-25T08:31:36.580Z","layer":"cds","component_type":"application","container_id":"10.37.129.4","component_id":"846298f7-a9cf-4b9f-a20b-63e370407f6e","component_name":"ResilienceCockpit-srv","component_instance":0,"source_instance":0,"organization_name":"94060551trial","organization_id":"78e7b825-503f-4bdc-af4e-be86d7f43c8e","space_name":"dev","space_id":"039a1fe6-69a4-4c1e-9b8f-a64d47329d3e","msg":"server listening on { url: 'http://localhost:8080' }","type":"log"} (STDOUT, APP/PROC/WEB)#
#2026 08 25 11:29:26.907#Z#DEBUG#1118e5ca-a078-11f1-87c7-eeee0a8e79e5.ResilienceCockpit-srv#flowable-async-job-executor-thread-14311#
[PollStageAppStatusExecution] 846298f7-a9cf-4b9f-a20b-63e370407f6e [2026-08-25T08:31:36.581277] {"level":"info","logger":"cds","timestamp":"2026-08-25T08:31:36.581Z","layer":"cds","component_type":"application","container_id":"10.37.129.4","component_id":"846298f7-a9cf-4b9f-a20b-63e370407f6e","component_name":"ResilienceCockpit-srv","component_instance":0,"source_instance":0,"organization_name":"94060551trial","organization_id":"78e7b825-503f-4bdc-af4e-be86d7f43c8e","space_name":"dev","space_id":"039a1fe6-69a4-4c1e-9b8f-a64d47329d3e","msg":"server v9.9.3 launched in 675 ms","type":"log"} (STDOUT, APP/PROC/WEB)#
#2026 08 25 11:29:26.907#Z#DEBUG#1118e5ca-a078-11f1-87c7-eeee0a8e79e5.ResilienceCockpit-srv#flowable-async-job-executor-thread-14311#
[PollStageAppStatusExecution] 846298f7-a9cf-4b9f-a20b-63e370407f6e [2026-08-25T08:31:39.647933] Container became healthy (STDOUT, CELL)#
#2026 08 25 11:29:26.907#Z#DEBUG#1118e5ca-a078-11f1-87c7-eeee0a8e79e5.ResilienceCockpit-srv#flowable-async-job-executor-thread-14311#
[PollStageAppStatusExecution] 846298f7-a9cf-4b9f-a20b-63e370407f6e [2026-08-25T08:31:39.675898] Process became ready with guid 846298f7-a9cf-4b9f-a20b-63e370407f6e payload: {"instance"=>"7056d957-8cf8-47b6-579c-1fce", "index"=>0, "cell_id"=>"f95ef7fb-a2f2-480d-af80-cd44d0d9846b", "ready"=>true, "version"=>"244b1fdd-8775-442f-9734-e93a648dd13f"} (STDOUT, API)#
#2026 08 25 11:29:26.907#Z#DEBUG#1118e5ca-a078-11f1-87c7-eeee0a8e79e5.ResilienceCockpit-srv#flowable-async-job-executor-thread-14311#
[PollStageAppStatusExecution] 846298f7-a9cf-4b9f-a20b-63e370407f6e [2026-08-25T08:47:31.483385] Updated app with guid 846298f7-a9cf-4b9f-a20b-63e370407f6e ({"lifecycle"=>{"data"=>{"buildpacks"=>["nodejs_buildpack"]}, "type"=>"buildpack"}}) (STDOUT, API)#
#2026 08 25 11:29:26.907#Z#DEBUG#1118e5ca-a078-11f1-87c7-eeee0a8e79e5.ResilienceCockpit-srv#flowable-async-job-executor-thread-14311#
[PollStageAppStatusExecution] 846298f7-a9cf-4b9f-a20b-63e370407f6e [2026-08-25T08:47:31.603225] Updating process: "web" (STDOUT, API)#
#2026 08 25 11:29:26.907#Z#DEBUG#1118e5ca-a078-11f1-87c7-eeee0a8e79e5.ResilienceCockpit-srv#flowable-async-job-executor-thread-14311#
[PollStageAppStatusExecution] 846298f7-a9cf-4b9f-a20b-63e370407f6e [2026-08-25T08:48:01.407511] Uploading app package for app with guid 846298f7-a9cf-4b9f-a20b-63e370407f6e (STDOUT, API)#
#2026 08 25 11:29:26.907#Z#DEBUG#1118e5ca-a078-11f1-87c7-eeee0a8e79e5.ResilienceCockpit-srv#flowable-async-job-executor-thread-14311#
[PollStageAppStatusExecution] 846298f7-a9cf-4b9f-a20b-63e370407f6e [2026-08-25T08:48:01.576428] Updated app with guid 846298f7-a9cf-4b9f-a20b-63e370407f6e ({"environment_variables"=>"[PRIVATE DATA HIDDEN]"}) (STDOUT, API)#
#2026 08 25 11:29:26.907#Z#DEBUG#1118e5ca-a078-11f1-87c7-eeee0a8e79e5.ResilienceCockpit-srv#flowable-async-job-executor-thread-14311#
[PollStageAppStatusExecution] 846298f7-a9cf-4b9f-a20b-63e370407f6e [2026-08-25T08:48:21.307165] Stopping app with guid 846298f7-a9cf-4b9f-a20b-63e370407f6e (STDOUT, API)#
#2026 08 25 11:29:26.907#Z#DEBUG#1118e5ca-a078-11f1-87c7-eeee0a8e79e5.ResilienceCockpit-srv#flowable-async-job-executor-thread-14311#
[PollStageAppStatusExecution] 846298f7-a9cf-4b9f-a20b-63e370407f6e [2026-08-25T08:48:21.348901] Cell f95ef7fb-a2f2-480d-af80-cd44d0d9846b stopping instance 7056d957-8cf8-47b6-579c-1fce (STDOUT, CELL)#
#2026 08 25 11:29:26.907#Z#DEBUG#1118e5ca-a078-11f1-87c7-eeee0a8e79e5.ResilienceCockpit-srv#flowable-async-job-executor-thread-14311#
[PollStageAppStatusExecution] 846298f7-a9cf-4b9f-a20b-63e370407f6e [2026-08-25T08:48:21.509798] Creating build for app with guid 846298f7-a9cf-4b9f-a20b-63e370407f6e (STDOUT, API)#
#2026 08 25 11:29:26.907#Z#DEBUG#1118e5ca-a078-11f1-87c7-eeee0a8e79e5.ResilienceCockpit-srv#flowable-async-job-executor-thread-14311#
[PollStageAppStatusExecution] 846298f7-a9cf-4b9f-a20b-63e370407f6e [2026-08-25T08:48:21.813180] Downloading nodejs_buildpack... (STDOUT, STG)#
#2026 08 25 11:29:26.907#Z#DEBUG#1118e5ca-a078-11f1-87c7-eeee0a8e79e5.ResilienceCockpit-srv#flowable-async-job-executor-thread-14311#
[PollStageAppStatusExecution] 846298f7-a9cf-4b9f-a20b-63e370407f6e [2026-08-25T08:48:21.848401] Downloaded nodejs_buildpack (STDOUT, STG)#
#2026 08 25 11:29:26.907#Z#DEBUG#1118e5ca-a078-11f1-87c7-eeee0a8e79e5.ResilienceCockpit-srv#flowable-async-job-executor-thread-14311#
[PollStageAppStatusExecution] 846298f7-a9cf-4b9f-a20b-63e370407f6e [2026-08-25T08:48:21.848512] Cell 13752499-11e5-4ce9-a7df-2188d5ab1e0d creating container for instance ee24e400-048d-4e99-a950-ca2dda989c30 (STDOUT, STG)#
#2026 08 25 11:29:26.907#Z#DEBUG#1118e5ca-a078-11f1-87c7-eeee0a8e79e5.ResilienceCockpit-srv#flowable-async-job-executor-thread-14311#
[PollStageAppStatusExecution] 846298f7-a9cf-4b9f-a20b-63e370407f6e [2026-08-25T08:48:22.180022] Security group rules were updated (STDOUT, STG)#
#2026 08 25 11:29:26.907#Z#DEBUG#1118e5ca-a078-11f1-87c7-eeee0a8e79e5.ResilienceCockpit-srv#flowable-async-job-executor-thread-14311#
[PollStageAppStatusExecution] 846298f7-a9cf-4b9f-a20b-63e370407f6e [2026-08-25T08:48:22.225458] Cell 13752499-11e5-4ce9-a7df-2188d5ab1e0d successfully created container for instance ee24e400-048d-4e99-a950-ca2dda989c30 (STDOUT, STG)#
#2026 08 25 11:29:26.907#Z#DEBUG#1118e5ca-a078-11f1-87c7-eeee0a8e79e5.ResilienceCockpit-srv#flowable-async-job-executor-thread-14311#
[PollStageAppStatusExecution] 846298f7-a9cf-4b9f-a20b-63e370407f6e [2026-08-25T08:48:22.859682] Downloading app package... (STDOUT, STG)#
#2026 08 25 11:29:26.907#Z#DEBUG#1118e5ca-a078-11f1-87c7-eeee0a8e79e5.ResilienceCockpit-srv#flowable-async-job-executor-thread-14311#
[PollStageAppStatusExecution] 846298f7-a9cf-4b9f-a20b-63e370407f6e [2026-08-25T08:48:22.859746] Downloading build artifacts cache... (STDOUT, STG)#
#2026 08 25 11:29:26.907#Z#DEBUG#1118e5ca-a078-11f1-87c7-eeee0a8e79e5.ResilienceCockpit-srv#flowable-async-job-executor-thread-14311#
[PollStageAppStatusExecution] 846298f7-a9cf-4b9f-a20b-63e370407f6e [2026-08-25T08:48:22.914176] Downloaded build artifacts cache (215B) (STDOUT, STG)#
#2026 08 25 11:29:26.907#Z#DEBUG#1118e5ca-a078-11f1-87c7-eeee0a8e79e5.ResilienceCockpit-srv#flowable-async-job-executor-thread-14311#
[PollStageAppStatusExecution] 846298f7-a9cf-4b9f-a20b-63e370407f6e [2026-08-25T08:48:23.939344] Downloaded app package (15.2M) (STDOUT, STG)#
#2026 08 25 11:29:26.907#Z#DEBUG#1118e5ca-a078-11f1-87c7-eeee0a8e79e5.ResilienceCockpit-srv#flowable-async-job-executor-thread-14311#
[PollStageAppStatusExecution] 846298f7-a9cf-4b9f-a20b-63e370407f6e [2026-08-25T08:48:23.989674] -----> Nodejs Buildpack version 1.9.3 (STDOUT, STG)#
#2026 08 25 11:29:26.907#Z#DEBUG#1118e5ca-a078-11f1-87c7-eeee0a8e79e5.ResilienceCockpit-srv#flowable-async-job-executor-thread-14311#
[PollStageAppStatusExecution] 846298f7-a9cf-4b9f-a20b-63e370407f6e [2026-08-25T08:48:24.327168] -----> Bootstrapping python (STDOUT, STG)#
#2026 08 25 11:29:26.907#Z#DEBUG#1118e5ca-a078-11f1-87c7-eeee0a8e79e5.ResilienceCockpit-srv#flowable-async-job-executor-thread-14311#
[PollStageAppStatusExecution] 846298f7-a9cf-4b9f-a20b-63e370407f6e [2026-08-25T08:48:24.327182] -----> Installing python 3.13.14 (STDOUT, STG)#
#2026 08 25 11:29:26.907#Z#DEBUG#1118e5ca-a078-11f1-87c7-eeee0a8e79e5.ResilienceCockpit-srv#flowable-async-job-executor-thread-14311#
[PollStageAppStatusExecution] 846298f7-a9cf-4b9f-a20b-63e370407f6e [2026-08-25T08:48:24.327238] Copy [/tmp/buildpacks/adc5840e3e50b48d/dependencies/4b4266a2ff36730aef37b88b668ca327/python_3.13.14_linux_x64_cflinuxfs4_b80d4954.tgz] (STDOUT, STG)#
#2026 08 25 11:29:26.907#Z#DEBUG#1118e5ca-a078-11f1-87c7-eeee0a8e79e5.ResilienceCockpit-srv#flowable-async-job-executor-thread-14311#
[PollStageAppStatusExecution] 846298f7-a9cf-4b9f-a20b-63e370407f6e [2026-08-25T08:48:27.301232] -----> Installing binaries (STDOUT, STG)#
#2026 08 25 11:29:26.907#Z#DEBUG#1118e5ca-a078-11f1-87c7-eeee0a8e79e5.ResilienceCockpit-srv#flowable-async-job-executor-thread-14311#
[PollStageAppStatusExecution] 846298f7-a9cf-4b9f-a20b-63e370407f6e [2026-08-25T08:48:27.301336] engines.node (package.json): >=20 (STDOUT, STG)#
#2026 08 25 11:29:26.907#Z#DEBUG#1118e5ca-a078-11f1-87c7-eeee0a8e79e5.ResilienceCockpit-srv#flowable-async-job-executor-thread-14311#
[PollStageAppStatusExecution] 846298f7-a9cf-4b9f-a20b-63e370407f6e [2026-08-25T08:48:27.301355] engines.npm (package.json): unspecified (use default) (STDOUT, STG)#
#2026 08 25 11:29:26.907#Z#DEBUG#1118e5ca-a078-11f1-87c7-eeee0a8e79e5.ResilienceCockpit-srv#flowable-async-job-executor-thread-14311#
[PollStageAppStatusExecution] 846298f7-a9cf-4b9f-a20b-63e370407f6e [2026-08-25T08:48:27.301375] [31;1m**WARNING**[0m Dangerous semver range (>) in engines.node. See: http://docs.cloudfoundry.org/buildpacks/node/node-tips.html (STDOUT, STG)#
#2026 08 25 11:29:26.907#Z#DEBUG#1118e5ca-a078-11f1-87c7-eeee0a8e79e5.ResilienceCockpit-srv#flowable-async-job-executor-thread-14311#
[PollStageAppStatusExecution] 846298f7-a9cf-4b9f-a20b-63e370407f6e [2026-08-25T08:48:27.301476] -----> Installing node 24.18.0 (STDOUT, STG)#
#2026 08 25 11:29:26.907#Z#DEBUG#1118e5ca-a078-11f1-87c7-eeee0a8e79e5.ResilienceCockpit-srv#flowable-async-job-executor-thread-14311#
[PollStageAppStatusExecution] 846298f7-a9cf-4b9f-a20b-63e370407f6e [2026-08-25T08:48:27.301559] Copy [/tmp/buildpacks/adc5840e3e50b48d/dependencies/dffbbb835fcd073c4544f78eb6247fac/node_24.18.0_linux_x64_cflinuxfs4_cdfed650.tgz] (STDOUT, STG)#
#2026 08 25 11:29:26.907#Z#DEBUG#1118e5ca-a078-11f1-87c7-eeee0a8e79e5.ResilienceCockpit-srv#flowable-async-job-executor-thread-14311#
[PollStageAppStatusExecution] 846298f7-a9cf-4b9f-a20b-63e370407f6e [2026-08-25T08:48:29.025007] Using default npm version: 11.16.0 (STDOUT, STG)#
#2026 08 25 11:29:26.907#Z#DEBUG#1118e5ca-a078-11f1-87c7-eeee0a8e79e5.ResilienceCockpit-srv#flowable-async-job-executor-thread-14311#
[PollStageAppStatusExecution] 846298f7-a9cf-4b9f-a20b-63e370407f6e [2026-08-25T08:48:29.025050] -----> Installing yarn 1.22.22 (STDOUT, STG)#
#2026 08 25 11:29:26.907#Z#DEBUG#1118e5ca-a078-11f1-87c7-eeee0a8e79e5.ResilienceCockpit-srv#flowable-async-job-executor-thread-14311#
[PollStageAppStatusExecution] 846298f7-a9cf-4b9f-a20b-63e370407f6e [2026-08-25T08:48:29.025099] Copy [/tmp/buildpacks/adc5840e3e50b48d/dependencies/e4fe26756e9984a665478d350474fa2e/yarn_1.22.22_linux_noarch_any-stack_b6132b86.tgz] (STDOUT, STG)#
#2026 08 25 11:29:26.907#Z#DEBUG#1118e5ca-a078-11f1-87c7-eeee0a8e79e5.ResilienceCockpit-srv#flowable-async-job-executor-thread-14311#
[PollStageAppStatusExecution] 846298f7-a9cf-4b9f-a20b-63e370407f6e [2026-08-25T08:48:29.274652] Installed yarn 1.22.22 (STDOUT, STG)#
#2026 08 25 11:29:26.907#Z#DEBUG#1118e5ca-a078-11f1-87c7-eeee0a8e79e5.ResilienceCockpit-srv#flowable-async-job-executor-thread-14311#
[PollStageAppStatusExecution] 846298f7-a9cf-4b9f-a20b-63e370407f6e [2026-08-25T08:48:29.274677] -----> Creating runtime environment (STDOUT, STG)#
#2026 08 25 11:29:26.907#Z#DEBUG#1118e5ca-a078-11f1-87c7-eeee0a8e79e5.ResilienceCockpit-srv#flowable-async-job-executor-thread-14311#
[PollStageAppStatusExecution] 846298f7-a9cf-4b9f-a20b-63e370407f6e [2026-08-25T08:48:29.276174] NODE_ENV=production (STDOUT, STG)#
#2026 08 25 11:29:26.907#Z#DEBUG#1118e5ca-a078-11f1-87c7-eeee0a8e79e5.ResilienceCockpit-srv#flowable-async-job-executor-thread-14311#
[PollStageAppStatusExecution] 846298f7-a9cf-4b9f-a20b-63e370407f6e [2026-08-25T08:48:29.276189] NODE_HOME=/tmp/contents2292709696/deps/0/node (STDOUT, STG)#
#2026 08 25 11:29:26.907#Z#DEBUG#1118e5ca-a078-11f1-87c7-eeee0a8e79e5.ResilienceCockpit-srv#flowable-async-job-executor-thread-14311#
[PollStageAppStatusExecution] 846298f7-a9cf-4b9f-a20b-63e370407f6e [2026-08-25T08:48:29.276192] NODE_MODULES_CACHE=true (STDOUT, STG)#
#2026 08 25 11:29:26.907#Z#DEBUG#1118e5ca-a078-11f1-87c7-eeee0a8e79e5.ResilienceCockpit-srv#flowable-async-job-executor-thread-14311#
[PollStageAppStatusExecution] 846298f7-a9cf-4b9f-a20b-63e370407f6e [2026-08-25T08:48:29.276195] NODE_VERBOSE=false (STDOUT, STG)#
#2026 08 25 11:29:26.907#Z#DEBUG#1118e5ca-a078-11f1-87c7-eeee0a8e79e5.ResilienceCockpit-srv#flowable-async-job-executor-thread-14311#
[PollStageAppStatusExecution] 846298f7-a9cf-4b9f-a20b-63e370407f6e [2026-08-25T08:48:29.276197] NPM_CONFIG_LOGLEVEL=error (STDOUT, STG)#
#2026 08 25 11:29:26.907#Z#DEBUG#1118e5ca-a078-11f1-87c7-eeee0a8e79e5.ResilienceCockpit-srv#flowable-async-job-executor-thread-14311#
[PollStageAppStatusExecution] 846298f7-a9cf-4b9f-a20b-63e370407f6e [2026-08-25T08:48:29.276201] NPM_CONFIG_PRODUCTION=true (STDOUT, STG)#
#2026 08 25 11:29:26.907#Z#DEBUG#1118e5ca-a078-11f1-87c7-eeee0a8e79e5.ResilienceCockpit-srv#flowable-async-job-executor-thread-14311#
[PollStageAppStatusExecution] 846298f7-a9cf-4b9f-a20b-63e370407f6e [2026-08-25T08:48:29.276216] -----> Building dependencies (STDOUT, STG)#
#2026 08 25 11:29:26.907#Z#DEBUG#1118e5ca-a078-11f1-87c7-eeee0a8e79e5.ResilienceCockpit-srv#flowable-async-job-executor-thread-14311#
[PollStageAppStatusExecution] 846298f7-a9cf-4b9f-a20b-63e370407f6e [2026-08-25T08:48:29.276218] Prebuild detected (node_modules already exists) (STDOUT, STG)#
#2026 08 25 11:29:26.907#Z#DEBUG#1118e5ca-a078-11f1-87c7-eeee0a8e79e5.ResilienceCockpit-srv#flowable-async-job-executor-thread-14311#
[PollStageAppStatusExecution] 846298f7-a9cf-4b9f-a20b-63e370407f6e [2026-08-25T08:48:29.276233] Rebuilding any native modules (STDOUT, STG)#
#2026 08 25 11:29:26.907#Z#DEBUG#1118e5ca-a078-11f1-87c7-eeee0a8e79e5.ResilienceCockpit-srv#flowable-async-job-executor-thread-14311#
[PollStageAppStatusExecution] 846298f7-a9cf-4b9f-a20b-63e370407f6e [2026-08-25T08:48:29.844900] rebuilt dependencies successfully (STDOUT, STG)#
#2026 08 25 11:29:26.907#Z#DEBUG#1118e5ca-a078-11f1-87c7-eeee0a8e79e5.ResilienceCockpit-srv#flowable-async-job-executor-thread-14311#
[PollStageAppStatusExecution] 846298f7-a9cf-4b9f-a20b-63e370407f6e [2026-08-25T08:48:29.846138] npm notice (STDOUT, STG)#
#2026 08 25 11:29:26.907#Z#DEBUG#1118e5ca-a078-11f1-87c7-eeee0a8e79e5.ResilienceCockpit-srv#flowable-async-job-executor-thread-14311#
[PollStageAppStatusExecution] 846298f7-a9cf-4b9f-a20b-63e370407f6e [2026-08-25T08:48:29.846156] npm notice New major version of npm available! 11.16.0 -> 12.0.2 (STDOUT, STG)#
#2026 08 25 11:29:26.907#Z#DEBUG#1118e5ca-a078-11f1-87c7-eeee0a8e79e5.ResilienceCockpit-srv#flowable-async-job-executor-thread-14311#
[PollStageAppStatusExecution] 846298f7-a9cf-4b9f-a20b-63e370407f6e [2026-08-25T08:48:29.846160] npm notice Changelog: https://github.com/npm/cli/releases/tag/v12.0.2 (STDOUT, STG)#
#2026 08 25 11:29:26.907#Z#DEBUG#1118e5ca-a078-11f1-87c7-eeee0a8e79e5.ResilienceCockpit-srv#flowable-async-job-executor-thread-14311#
[PollStageAppStatusExecution] 846298f7-a9cf-4b9f-a20b-63e370407f6e [2026-08-25T08:48:29.846162] npm notice To update run: npm install -g npm@12.0.2 (STDOUT, STG)#
#2026 08 25 11:29:26.907#Z#DEBUG#1118e5ca-a078-11f1-87c7-eeee0a8e79e5.ResilienceCockpit-srv#flowable-async-job-executor-thread-14311#
[PollStageAppStatusExecution] 846298f7-a9cf-4b9f-a20b-63e370407f6e [2026-08-25T08:48:29.846165] npm notice (STDOUT, STG)#
#2026 08 25 11:29:26.907#Z#DEBUG#1118e5ca-a078-11f1-87c7-eeee0a8e79e5.ResilienceCockpit-srv#flowable-async-job-executor-thread-14311#
[PollStageAppStatusExecution] 846298f7-a9cf-4b9f-a20b-63e370407f6e [2026-08-25T08:48:29.893958] Installing any new modules (package.json + package-lock.json) (STDOUT, STG)#
#2026 08 25 11:29:26.908#Z#DEBUG#1118e5ca-a078-11f1-87c7-eeee0a8e79e5.ResilienceCockpit-srv#flowable-async-job-executor-thread-14311#
[PollStageAppStatusExecution] 846298f7-a9cf-4b9f-a20b-63e370407f6e [2026-08-25T08:48:30.537541] up to date in 586ms (STDOUT, STG)#
#2026 08 25 11:29:26.908#Z#DEBUG#1118e5ca-a078-11f1-87c7-eeee0a8e79e5.ResilienceCockpit-srv#flowable-async-job-executor-thread-14311#
[PollStageAppStatusExecution] 846298f7-a9cf-4b9f-a20b-63e370407f6e [2026-08-25T08:48:30.537612] 37 packages are looking for funding (STDOUT, STG)#
#2026 08 25 11:29:26.908#Z#DEBUG#1118e5ca-a078-11f1-87c7-eeee0a8e79e5.ResilienceCockpit-srv#flowable-async-job-executor-thread-14311#
[PollStageAppStatusExecution] 846298f7-a9cf-4b9f-a20b-63e370407f6e [2026-08-25T08:48:30.537630] run `npm fund` for details (STDOUT, STG)#
#2026 08 25 11:29:26.908#Z#DEBUG#1118e5ca-a078-11f1-87c7-eeee0a8e79e5.ResilienceCockpit-srv#flowable-async-job-executor-thread-14311#
[PollStageAppStatusExecution] 846298f7-a9cf-4b9f-a20b-63e370407f6e [2026-08-25T08:48:31.327931] Contrast Security no credentials found. Will not write environment files. (STDOUT, STG)#
#2026 08 25 11:29:26.908#Z#DEBUG#1118e5ca-a078-11f1-87c7-eeee0a8e79e5.ResilienceCockpit-srv#flowable-async-job-executor-thread-14311#
[PollStageAppStatusExecution] 846298f7-a9cf-4b9f-a20b-63e370407f6e [2026-08-25T08:48:40.936586] Exit status 0 (STDOUT, STG)#
#2026 08 25 11:29:26.908#Z#DEBUG#1118e5ca-a078-11f1-87c7-eeee0a8e79e5.ResilienceCockpit-srv#flowable-async-job-executor-thread-14311#
[PollStageAppStatusExecution] 846298f7-a9cf-4b9f-a20b-63e370407f6e [2026-08-25T08:48:40.936643] Uploading droplet, build artifacts cache... (STDOUT, STG)#
#2026 08 25 11:29:26.908#Z#DEBUG#1118e5ca-a078-11f1-87c7-eeee0a8e79e5.ResilienceCockpit-srv#flowable-async-job-executor-thread-14311#
[PollStageAppStatusExecution] 846298f7-a9cf-4b9f-a20b-63e370407f6e [2026-08-25T08:48:40.936693] Uploading droplet... (STDOUT, STG)#
#2026 08 25 11:29:26.908#Z#DEBUG#1118e5ca-a078-11f1-87c7-eeee0a8e79e5.ResilienceCockpit-srv#flowable-async-job-executor-thread-14311#
[PollStageAppStatusExecution] 846298f7-a9cf-4b9f-a20b-63e370407f6e [2026-08-25T08:48:40.936710] Uploading build artifacts cache... (STDOUT, STG)#
#2026 08 25 11:29:26.908#Z#DEBUG#1118e5ca-a078-11f1-87c7-eeee0a8e79e5.ResilienceCockpit-srv#flowable-async-job-executor-thread-14311#
[PollStageAppStatusExecution] 846298f7-a9cf-4b9f-a20b-63e370407f6e [2026-08-25T08:48:40.955926] Uploaded build artifacts cache (222B) (STDOUT, STG)#
#2026 08 25 11:29:26.908#Z#DEBUG#1118e5ca-a078-11f1-87c7-eeee0a8e79e5.ResilienceCockpit-srv#flowable-async-job-executor-thread-14311#
[PollStageAppStatusExecution] 846298f7-a9cf-4b9f-a20b-63e370407f6e [2026-08-25T08:48:41.580927] Creating droplet for app with guid 846298f7-a9cf-4b9f-a20b-63e370407f6e (STDOUT, API)#
#2026 08 25 11:29:26.908#Z#DEBUG#1118e5ca-a078-11f1-87c7-eeee0a8e79e5.ResilienceCockpit-srv#flowable-async-job-executor-thread-14311#
[PollStageAppStatusExecution] 846298f7-a9cf-4b9f-a20b-63e370407f6e [2026-08-25T08:48:44.661556] Uploaded droplet (70.3M) (STDOUT, STG)#
#2026 08 25 11:29:26.908#Z#DEBUG#1118e5ca-a078-11f1-87c7-eeee0a8e79e5.ResilienceCockpit-srv#flowable-async-job-executor-thread-14311#
[PollStageAppStatusExecution] 846298f7-a9cf-4b9f-a20b-63e370407f6e [2026-08-25T08:48:44.679124] Uploading complete (STDOUT, STG)#
#2026 08 25 11:29:26.908#Z#DEBUG#1118e5ca-a078-11f1-87c7-eeee0a8e79e5.ResilienceCockpit-srv#flowable-async-job-executor-thread-14311#
[PollStageAppStatusExecution] 846298f7-a9cf-4b9f-a20b-63e370407f6e [2026-08-25T08:48:45.479642] Cell 13752499-11e5-4ce9-a7df-2188d5ab1e0d stopping instance ee24e400-048d-4e99-a950-ca2dda989c30 (STDOUT, STG)#
#2026 08 25 11:29:26.908#Z#DEBUG#1118e5ca-a078-11f1-87c7-eeee0a8e79e5.ResilienceCockpit-srv#flowable-async-job-executor-thread-14311#
[PollStageAppStatusExecution] 846298f7-a9cf-4b9f-a20b-63e370407f6e [2026-08-25T08:48:45.479689] Cell 13752499-11e5-4ce9-a7df-2188d5ab1e0d destroying container for instance ee24e400-048d-4e99-a950-ca2dda989c30 (STDOUT, STG)#
#2026 08 25 11:29:26.908#Z#DEBUG#1118e5ca-a078-11f1-87c7-eeee0a8e79e5.ResilienceCockpit-srv#flowable-async-job-executor-thread-14311#
[PollStageAppStatusExecution] 846298f7-a9cf-4b9f-a20b-63e370407f6e [2026-08-25T08:48:45.528829] Staging complete for build ee24e400-048d-4e99-a950-ca2dda989c30 (STDOUT, API)#
#2026 08 25 11:29:26.908#Z#DEBUG#1118e5ca-a078-11f1-87c7-eeee0a8e79e5.ResilienceCockpit-srv#flowable-async-job-executor-thread-14311#
[PollStageAppStatusExecution] 846298f7-a9cf-4b9f-a20b-63e370407f6e [2026-08-25T08:48:48.221758] Cell 13752499-11e5-4ce9-a7df-2188d5ab1e0d successfully destroyed container for instance ee24e400-048d-4e99-a950-ca2dda989c30 (STDOUT, STG)#
#2026 08 25 11:29:26.908#Z#DEBUG#1118e5ca-a078-11f1-87c7-eeee0a8e79e5.ResilienceCockpit-srv#flowable-async-job-executor-thread-14311#
[PollStageAppStatusExecution] 846298f7-a9cf-4b9f-a20b-63e370407f6e [2026-08-25T08:48:51.186024] Updated app with guid 846298f7-a9cf-4b9f-a20b-63e370407f6e ({:droplet_guid=>"eada6305-77f7-482d-a3f3-eeab2f87650c"}) (STDOUT, API)#
#2026 08 25 11:29:26.908#Z#DEBUG#1118e5ca-a078-11f1-87c7-eeee0a8e79e5.ResilienceCockpit-srv#flowable-async-job-executor-thread-14311#
[PollStageAppStatusExecution] 846298f7-a9cf-4b9f-a20b-63e370407f6e [2026-08-25T08:48:51.336049] Creating revision for app with guid 846298f7-a9cf-4b9f-a20b-63e370407f6e (STDOUT, API)#
#2026 08 25 11:29:26.908#Z#DEBUG#1118e5ca-a078-11f1-87c7-eeee0a8e79e5.ResilienceCockpit-srv#flowable-async-job-executor-thread-14311#
[PollStageAppStatusExecution] 846298f7-a9cf-4b9f-a20b-63e370407f6e [2026-08-25T08:48:51.369313] Starting app with guid 846298f7-a9cf-4b9f-a20b-63e370407f6e (STDOUT, API)#
#2026 08 25 11:29:26.908#Z#DEBUG#1118e5ca-a078-11f1-87c7-eeee0a8e79e5.ResilienceCockpit-srv#flowable-async-job-executor-thread-14311#
[PollStageAppStatusExecution] 846298f7-a9cf-4b9f-a20b-63e370407f6e [2026-08-25T08:48:51.517940] Cell c343a1ce-501c-453d-aabd-5a2aaaa23496 creating container for instance d26f5c8d-e684-4c7f-4a01-48da (STDOUT, CELL)#
#2026 08 25 11:29:26.908#Z#DEBUG#1118e5ca-a078-11f1-87c7-eeee0a8e79e5.ResilienceCockpit-srv#flowable-async-job-executor-thread-14311#
[PollStageAppStatusExecution] 846298f7-a9cf-4b9f-a20b-63e370407f6e [2026-08-25T08:48:51.800027] Security group rules were updated (STDOUT, CELL)#
#2026 08 25 11:29:26.908#Z#DEBUG#1118e5ca-a078-11f1-87c7-eeee0a8e79e5.ResilienceCockpit-srv#flowable-async-job-executor-thread-14311#
[PollStageAppStatusExecution] 846298f7-a9cf-4b9f-a20b-63e370407f6e [2026-08-25T08:48:51.859311] Cell c343a1ce-501c-453d-aabd-5a2aaaa23496 successfully created container for instance d26f5c8d-e684-4c7f-4a01-48da (STDOUT, CELL)#
#2026 08 25 11:29:26.908#Z#DEBUG#1118e5ca-a078-11f1-87c7-eeee0a8e79e5.ResilienceCockpit-srv#flowable-async-job-executor-thread-14311#
[PollStageAppStatusExecution] 846298f7-a9cf-4b9f-a20b-63e370407f6e [2026-08-25T08:48:52.642442] Downloading droplet... (STDOUT, CELL)#
#2026 08 25 11:29:26.908#Z#DEBUG#1118e5ca-a078-11f1-87c7-eeee0a8e79e5.ResilienceCockpit-srv#flowable-async-job-executor-thread-14311#
[PollStageAppStatusExecution] 846298f7-a9cf-4b9f-a20b-63e370407f6e [2026-08-25T08:48:56.147098] Downloaded droplet (70.3M) (STDOUT, CELL)#
#2026 08 25 11:29:26.908#Z#DEBUG#1118e5ca-a078-11f1-87c7-eeee0a8e79e5.ResilienceCockpit-srv#flowable-async-job-executor-thread-14311#
[PollStageAppStatusExecution] 846298f7-a9cf-4b9f-a20b-63e370407f6e [2026-08-25T08:48:56.147224] Starting health monitoring of container (STDOUT, CELL)#
#2026 08 25 11:29:26.908#Z#DEBUG#1118e5ca-a078-11f1-87c7-eeee0a8e79e5.ResilienceCockpit-srv#flowable-async-job-executor-thread-14311#
[PollStageAppStatusExecution] 846298f7-a9cf-4b9f-a20b-63e370407f6e [2026-08-25T08:48:56.199761] Invoking pre-start scripts. (STDOUT, APP/PROC/WEB)#
#2026 08 25 11:29:26.908#Z#DEBUG#1118e5ca-a078-11f1-87c7-eeee0a8e79e5.ResilienceCockpit-srv#flowable-async-job-executor-thread-14311#
[PollStageAppStatusExecution] 846298f7-a9cf-4b9f-a20b-63e370407f6e [2026-08-25T08:48:56.339725] Invoking start command. (STDOUT, APP/PROC/WEB)#
#2026 08 25 11:29:26.908#Z#DEBUG#1118e5ca-a078-11f1-87c7-eeee0a8e79e5.ResilienceCockpit-srv#flowable-async-job-executor-thread-14311#
[PollStageAppStatusExecution] 846298f7-a9cf-4b9f-a20b-63e370407f6e [2026-08-25T08:48:56.629069] > ResilienceCockpit@1.0.0 start (STDOUT, APP/PROC/WEB)#
#2026 08 25 11:29:26.908#Z#DEBUG#1118e5ca-a078-11f1-87c7-eeee0a8e79e5.ResilienceCockpit-srv#flowable-async-job-executor-thread-14311#
[PollStageAppStatusExecution] 846298f7-a9cf-4b9f-a20b-63e370407f6e [2026-08-25T08:48:56.629098] > cds-serve (STDOUT, APP/PROC/WEB)#
#2026 08 25 11:29:26.908#Z#DEBUG#1118e5ca-a078-11f1-87c7-eeee0a8e79e5.ResilienceCockpit-srv#flowable-async-job-executor-thread-14311#
[PollStageAppStatusExecution] 846298f7-a9cf-4b9f-a20b-63e370407f6e [2026-08-25T08:48:56.802850] [cds] - bootstrapping from { file: 'srv/server.js' } (STDOUT, APP/PROC/WEB)#
#2026 08 25 11:29:26.908#Z#DEBUG#1118e5ca-a078-11f1-87c7-eeee0a8e79e5.ResilienceCockpit-srv#flowable-async-job-executor-thread-14311#
[PollStageAppStatusExecution] 846298f7-a9cf-4b9f-a20b-63e370407f6e [2026-08-25T08:48:56.992704] {"level":"info","logger":"cds","timestamp":"2026-08-25T08:48:56.991Z","layer":"cds","component_type":"application","container_id":"10.37.192.4","component_id":"846298f7-a9cf-4b9f-a20b-63e370407f6e","component_name":"ResilienceCockpit-srv","component_instance":0,"source_instance":0,"organization_name":"94060551trial","organization_id":"78e7b825-503f-4bdc-af4e-be86d7f43c8e","space_name":"dev","space_id":"039a1fe6-69a4-4c1e-9b8f-a64d47329d3e","msg":"loaded model from 1 file(s):\n ","type":"log"} (STDOUT, APP/PROC/WEB)#
#2026 08 25 11:29:26.908#Z#DEBUG#1118e5ca-a078-11f1-87c7-eeee0a8e79e5.ResilienceCockpit-srv#flowable-async-job-executor-thread-14311#
[PollStageAppStatusExecution] 846298f7-a9cf-4b9f-a20b-63e370407f6e [2026-08-25T08:48:56.992742] srv/csn.json (STDOUT, APP/PROC/WEB)#
#2026 08 25 11:29:26.908#Z#DEBUG#1118e5ca-a078-11f1-87c7-eeee0a8e79e5.ResilienceCockpit-srv#flowable-async-job-executor-thread-14311#
[PollStageAppStatusExecution] 846298f7-a9cf-4b9f-a20b-63e370407f6e [2026-08-25T08:48:57.167840] {"level":"info","logger":"cds","timestamp":"2026-08-25T08:48:57.167Z","layer":"cds","component_type":"application","container_id":"10.37.192.4","component_id":"846298f7-a9cf-4b9f-a20b-63e370407f6e","component_name":"ResilienceCockpit-srv","component_instance":0,"source_instance":0,"organization_name":"94060551trial","organization_id":"78e7b825-503f-4bdc-af4e-be86d7f43c8e","space_name":"dev","space_id":"039a1fe6-69a4-4c1e-9b8f-a64d47329d3e","msg":"connect to db > hana {\n  url: 'jdbc:sap://eb9e608b-a8d8-462e-98e7-906abde25244.hna0.prod-us10.hanacloud.ondemand.com:443?encrypt=true&validateCertificate=true&currentschema=8697B1A4A8B84AC49EFF171810969752',\n  database_id: 'eb9e608b-a8d8-462e-98e7-906abde25244',\n  host: 'eb9e608b-a8d8-462e-98e7-906abde25244.hna0.prod-us10.hanacloud.ondemand.com',\n  port: '443',\n  driver: 'com.sap.db.jdbc.Driver',\n  schema: '8697B1A4A8B84AC49EFF171810969752',\n  certificate: '...',\n  hdi_user: '8697B1A4A8B84AC49EFF171810969752_B4SCSXTFML48V8NFH3EQ9TGHU_DT',\n  hdi_password: '...',\n  user: '8697B1A4A8B84AC49EFF171810969752_B4SCSXTFML48V8NFH3EQ9TGHU_RT',\n  password: '...'\n}","type":"log"} (STDOUT, APP/PROC/WEB)#
#2026 08 25 11:29:26.908#Z#DEBUG#1118e5ca-a078-11f1-87c7-eeee0a8e79e5.ResilienceCockpit-srv#flowable-async-job-executor-thread-14311#
[PollStageAppStatusExecution] 846298f7-a9cf-4b9f-a20b-63e370407f6e [2026-08-25T08:48:57.256571] {"level":"info","logger":"cds","timestamp":"2026-08-25T08:48:57.256Z","layer":"cds","component_type":"application","container_id":"10.37.192.4","component_id":"846298f7-a9cf-4b9f-a20b-63e370407f6e","component_name":"ResilienceCockpit-srv","component_instance":0,"source_instance":0,"organization_name":"94060551trial","organization_id":"78e7b825-503f-4bdc-af4e-be86d7f43c8e","space_name":"dev","space_id":"039a1fe6-69a4-4c1e-9b8f-a64d47329d3e","msg":"connect to ShippingCostAPI > rest { destination: 'jsondb' }","type":"log"} (STDOUT, APP/PROC/WEB)#
#2026 08 25 11:29:26.908#Z#DEBUG#1118e5ca-a078-11f1-87c7-eeee0a8e79e5.ResilienceCockpit-srv#flowable-async-job-executor-thread-14311#
[PollStageAppStatusExecution] 846298f7-a9cf-4b9f-a20b-63e370407f6e [2026-08-25T08:48:57.262028] {"level":"info","logger":"cds","timestamp":"2026-08-25T08:48:57.261Z","layer":"cds","component_type":"application","container_id":"10.37.192.4","component_id":"846298f7-a9cf-4b9f-a20b-63e370407f6e","component_name":"ResilienceCockpit-srv","component_instance":0,"source_instance":0,"organization_name":"94060551trial","organization_id":"78e7b825-503f-4bdc-af4e-be86d7f43c8e","space_name":"dev","space_id":"039a1fe6-69a4-4c1e-9b8f-a64d47329d3e","msg":"connect to API_INFORECORD_PROCESS_SRV > odata-v2 { destination: 'SAP_API_HUB' }","type":"log"} (STDOUT, APP/PROC/WEB)#
#2026 08 25 11:29:26.908#Z#DEBUG#1118e5ca-a078-11f1-87c7-eeee0a8e79e5.ResilienceCockpit-srv#flowable-async-job-executor-thread-14311#
[PollStageAppStatusExecution] 846298f7-a9cf-4b9f-a20b-63e370407f6e [2026-08-25T08:48:57.276484] {"level":"info","logger":"cds","timestamp":"2026-08-25T08:48:57.276Z","layer":"cds","component_type":"application","container_id":"10.37.192.4","component_id":"846298f7-a9cf-4b9f-a20b-63e370407f6e","component_name":"ResilienceCockpit-srv","component_instance":0,"source_instance":0,"organization_name":"94060551trial","organization_id":"78e7b825-503f-4bdc-af4e-be86d7f43c8e","space_name":"dev","space_id":"039a1fe6-69a4-4c1e-9b8f-a64d47329d3e","msg":"using auth strategy { kind: 'xsuaa' }","type":"log"} (STDOUT, APP/PROC/WEB)#
#2026 08 25 11:29:26.908#Z#DEBUG#1118e5ca-a078-11f1-87c7-eeee0a8e79e5.ResilienceCockpit-srv#flowable-async-job-executor-thread-14311#
[PollStageAppStatusExecution] 846298f7-a9cf-4b9f-a20b-63e370407f6e [2026-08-25T08:48:57.310462] {"level":"info","logger":"cds","timestamp":"2026-08-25T08:48:57.310Z","layer":"cds","component_type":"application","container_id":"10.37.192.4","component_id":"846298f7-a9cf-4b9f-a20b-63e370407f6e","component_name":"ResilienceCockpit-srv","component_instance":0,"source_instance":0,"organization_name":"94060551trial","organization_id":"78e7b825-503f-4bdc-af4e-be86d7f43c8e","space_name":"dev","space_id":"039a1fe6-69a4-4c1e-9b8f-a64d47329d3e","msg":"serving ResilienceCockpitService {\n  at: [ '/service/ResilienceCockpitService' ],\n  decl: 'srv/csn.json:313',\n  impl: 'srv/service.js'\n}","type":"log"} (STDOUT, APP/PROC/WEB)#
#2026 08 25 11:29:26.908#Z#DEBUG#1118e5ca-a078-11f1-87c7-eeee0a8e79e5.ResilienceCockpit-srv#flowable-async-job-executor-thread-14311#
[PollStageAppStatusExecution] 846298f7-a9cf-4b9f-a20b-63e370407f6e [2026-08-25T08:48:57.314939] {"level":"info","logger":"cds","timestamp":"2026-08-25T08:48:57.314Z","layer":"cds","component_type":"application","container_id":"10.37.192.4","component_id":"846298f7-a9cf-4b9f-a20b-63e370407f6e","component_name":"ResilienceCockpit-srv","component_instance":0,"source_instance":0,"organization_name":"94060551trial","organization_id":"78e7b825-503f-4bdc-af4e-be86d7f43c8e","space_name":"dev","space_id":"039a1fe6-69a4-4c1e-9b8f-a64d47329d3e","msg":"server listening on { url: 'http://localhost:8080' }","type":"log"} (STDOUT, APP/PROC/WEB)#
#2026 08 25 11:29:26.908#Z#DEBUG#1118e5ca-a078-11f1-87c7-eeee0a8e79e5.ResilienceCockpit-srv#flowable-async-job-executor-thread-14311#
[PollStageAppStatusExecution] 846298f7-a9cf-4b9f-a20b-63e370407f6e [2026-08-25T08:48:57.314979] {"level":"info","logger":"cds","timestamp":"2026-08-25T08:48:57.314Z","layer":"cds","component_type":"application","container_id":"10.37.192.4","component_id":"846298f7-a9cf-4b9f-a20b-63e370407f6e","component_name":"ResilienceCockpit-srv","component_instance":0,"source_instance":0,"organization_name":"94060551trial","organization_id":"78e7b825-503f-4bdc-af4e-be86d7f43c8e","space_name":"dev","space_id":"039a1fe6-69a4-4c1e-9b8f-a64d47329d3e","msg":"server v9.9.3 launched in 677 ms","type":"log"} (STDOUT, APP/PROC/WEB)#
#2026 08 25 11:29:26.908#Z#DEBUG#1118e5ca-a078-11f1-87c7-eeee0a8e79e5.ResilienceCockpit-srv#flowable-async-job-executor-thread-14311#
[PollStageAppStatusExecution] 846298f7-a9cf-4b9f-a20b-63e370407f6e [2026-08-25T08:48:59.959079] Container became healthy (STDOUT, CELL)#
#2026 08 25 11:29:26.908#Z#DEBUG#1118e5ca-a078-11f1-87c7-eeee0a8e79e5.ResilienceCockpit-srv#flowable-async-job-executor-thread-14311#
[PollStageAppStatusExecution] 846298f7-a9cf-4b9f-a20b-63e370407f6e [2026-08-25T08:48:59.984137] Process became ready with guid 846298f7-a9cf-4b9f-a20b-63e370407f6e payload: {"instance"=>"d26f5c8d-e684-4c7f-4a01-48da", "index"=>0, "cell_id"=>"c343a1ce-501c-453d-aabd-5a2aaaa23496", "ready"=>true, "version"=>"674462a7-2de7-45b2-aebc-5db8d4aa4e96"} (STDOUT, API)#
#2026 08 25 11:29:26.908#Z#DEBUG#1118e5ca-a078-11f1-87c7-eeee0a8e79e5.ResilienceCockpit-srv#flowable-async-job-executor-thread-14311#
[PollStageAppStatusExecution] 846298f7-a9cf-4b9f-a20b-63e370407f6e [2026-08-25T08:49:27.708241] Cell f95ef7fb-a2f2-480d-af80-cd44d0d9846b destroying container for instance 7056d957-8cf8-47b6-579c-1fce (STDOUT, CELL)#
#2026 08 25 11:29:26.908#Z#DEBUG#1118e5ca-a078-11f1-87c7-eeee0a8e79e5.ResilienceCockpit-srv#flowable-async-job-executor-thread-14311#
[PollStageAppStatusExecution] 846298f7-a9cf-4b9f-a20b-63e370407f6e [2026-08-25T08:49:27.790053] Exit status 137 (STDOUT, PROXY)#
#2026 08 25 11:29:26.908#Z#DEBUG#1118e5ca-a078-11f1-87c7-eeee0a8e79e5.ResilienceCockpit-srv#flowable-async-job-executor-thread-14311#
[PollStageAppStatusExecution] 846298f7-a9cf-4b9f-a20b-63e370407f6e [2026-08-25T08:49:29.177361] Cell f95ef7fb-a2f2-480d-af80-cd44d0d9846b successfully destroyed container for instance 7056d957-8cf8-47b6-579c-1fce (STDOUT, CELL)#
#2026 08 25 11:29:26.908#Z#DEBUG#1118e5ca-a078-11f1-87c7-eeee0a8e79e5.ResilienceCockpit-srv#flowable-async-job-executor-thread-14311#
[PollStageAppStatusExecution] 846298f7-a9cf-4b9f-a20b-63e370407f6e [2026-08-25T08:52:12.919751] Updated app with guid 846298f7-a9cf-4b9f-a20b-63e370407f6e ({"lifecycle"=>{"data"=>{"buildpacks"=>["nodejs_buildpack"]}, "type"=>"buildpack"}}) (STDOUT, API)#
#2026 08 25 11:29:26.908#Z#DEBUG#1118e5ca-a078-11f1-87c7-eeee0a8e79e5.ResilienceCockpit-srv#flowable-async-job-executor-thread-14311#
[PollStageAppStatusExecution] 846298f7-a9cf-4b9f-a20b-63e370407f6e [2026-08-25T08:52:13.029480] Updating process: "web" (STDOUT, API)#
#2026 08 25 11:29:26.908#Z#DEBUG#1118e5ca-a078-11f1-87c7-eeee0a8e79e5.ResilienceCockpit-srv#flowable-async-job-executor-thread-14311#
[PollStageAppStatusExecution] 846298f7-a9cf-4b9f-a20b-63e370407f6e [2026-08-25T08:52:51.544186] Uploading app package for app with guid 846298f7-a9cf-4b9f-a20b-63e370407f6e (STDOUT, API)#
#2026 08 25 11:29:26.908#Z#DEBUG#1118e5ca-a078-11f1-87c7-eeee0a8e79e5.ResilienceCockpit-srv#flowable-async-job-executor-thread-14311#
[PollStageAppStatusExecution] 846298f7-a9cf-4b9f-a20b-63e370407f6e [2026-08-25T08:52:51.698535] Updated app with guid 846298f7-a9cf-4b9f-a20b-63e370407f6e ({"environment_variables"=>"[PRIVATE DATA HIDDEN]"}) (STDOUT, API)#
#2026 08 25 11:29:26.908#Z#DEBUG#1118e5ca-a078-11f1-87c7-eeee0a8e79e5.ResilienceCockpit-srv#flowable-async-job-executor-thread-14311#
[PollStageAppStatusExecution] 846298f7-a9cf-4b9f-a20b-63e370407f6e [2026-08-25T08:53:11.565807] Stopping app with guid 846298f7-a9cf-4b9f-a20b-63e370407f6e (STDOUT, API)#
#2026 08 25 11:29:26.908#Z#DEBUG#1118e5ca-a078-11f1-87c7-eeee0a8e79e5.ResilienceCockpit-srv#flowable-async-job-executor-thread-14311#
[PollStageAppStatusExecution] 846298f7-a9cf-4b9f-a20b-63e370407f6e [2026-08-25T08:53:11.609236] Cell c343a1ce-501c-453d-aabd-5a2aaaa23496 stopping instance d26f5c8d-e684-4c7f-4a01-48da (STDOUT, CELL)#
#2026 08 25 11:29:26.908#Z#DEBUG#1118e5ca-a078-11f1-87c7-eeee0a8e79e5.ResilienceCockpit-srv#flowable-async-job-executor-thread-14311#
[PollStageAppStatusExecution] 846298f7-a9cf-4b9f-a20b-63e370407f6e [2026-08-25T08:53:11.776095] Creating build for app with guid 846298f7-a9cf-4b9f-a20b-63e370407f6e (STDOUT, API)#
#2026 08 25 11:29:26.908#Z#DEBUG#1118e5ca-a078-11f1-87c7-eeee0a8e79e5.ResilienceCockpit-srv#flowable-async-job-executor-thread-14311#
[PollStageAppStatusExecution] 846298f7-a9cf-4b9f-a20b-63e370407f6e [2026-08-25T08:53:12.085479] Downloading nodejs_buildpack... (STDOUT, STG)#
#2026 08 25 11:29:26.908#Z#DEBUG#1118e5ca-a078-11f1-87c7-eeee0a8e79e5.ResilienceCockpit-srv#flowable-async-job-executor-thread-14311#
[PollStageAppStatusExecution] 846298f7-a9cf-4b9f-a20b-63e370407f6e [2026-08-25T08:53:12.120689] Downloaded nodejs_buildpack (STDOUT, STG)#
#2026 08 25 11:29:26.908#Z#DEBUG#1118e5ca-a078-11f1-87c7-eeee0a8e79e5.ResilienceCockpit-srv#flowable-async-job-executor-thread-14311#
[PollStageAppStatusExecution] 846298f7-a9cf-4b9f-a20b-63e370407f6e [2026-08-25T08:53:12.120762] Cell 2cba0a63-a06b-4c2d-9ff8-cb3bec259489 creating container for instance 78379613-b083-4a46-a6eb-08075091b872 (STDOUT, STG)#
#2026 08 25 11:29:26.908#Z#DEBUG#1118e5ca-a078-11f1-87c7-eeee0a8e79e5.ResilienceCockpit-srv#flowable-async-job-executor-thread-14311#
[PollStageAppStatusExecution] 846298f7-a9cf-4b9f-a20b-63e370407f6e [2026-08-25T08:53:12.396855] Security group rules were updated (STDOUT, STG)#
#2026 08 25 11:29:26.908#Z#DEBUG#1118e5ca-a078-11f1-87c7-eeee0a8e79e5.ResilienceCockpit-srv#flowable-async-job-executor-thread-14311#
[PollStageAppStatusExecution] 846298f7-a9cf-4b9f-a20b-63e370407f6e [2026-08-25T08:53:12.451513] Cell 2cba0a63-a06b-4c2d-9ff8-cb3bec259489 successfully created container for instance 78379613-b083-4a46-a6eb-08075091b872 (STDOUT, STG)#
#2026 08 25 11:29:26.908#Z#DEBUG#1118e5ca-a078-11f1-87c7-eeee0a8e79e5.ResilienceCockpit-srv#flowable-async-job-executor-thread-14311#
[PollStageAppStatusExecution] 846298f7-a9cf-4b9f-a20b-63e370407f6e [2026-08-25T08:53:13.012962] Downloading app package... (STDOUT, STG)#
#2026 08 25 11:29:26.908#Z#DEBUG#1118e5ca-a078-11f1-87c7-eeee0a8e79e5.ResilienceCockpit-srv#flowable-async-job-executor-thread-14311#
[PollStageAppStatusExecution] 846298f7-a9cf-4b9f-a20b-63e370407f6e [2026-08-25T08:53:13.013037] Downloading build artifacts cache... (STDOUT, STG)#
#2026 08 25 11:29:26.908#Z#DEBUG#1118e5ca-a078-11f1-87c7-eeee0a8e79e5.ResilienceCockpit-srv#flowable-async-job-executor-thread-14311#
[PollStageAppStatusExecution] 846298f7-a9cf-4b9f-a20b-63e370407f6e [2026-08-25T08:53:13.111345] Downloaded build artifacts cache (222B) (STDOUT, STG)#
#2026 08 25 11:29:26.908#Z#DEBUG#1118e5ca-a078-11f1-87c7-eeee0a8e79e5.ResilienceCockpit-srv#flowable-async-job-executor-thread-14311#
[PollStageAppStatusExecution] 846298f7-a9cf-4b9f-a20b-63e370407f6e [2026-08-25T08:53:14.049076] Downloaded app package (15.2M) (STDOUT, STG)#
#2026 08 25 11:29:26.908#Z#DEBUG#1118e5ca-a078-11f1-87c7-eeee0a8e79e5.ResilienceCockpit-srv#flowable-async-job-executor-thread-14311#
[PollStageAppStatusExecution] 846298f7-a9cf-4b9f-a20b-63e370407f6e [2026-08-25T08:53:14.101202] -----> Nodejs Buildpack version 1.9.3 (STDOUT, STG)#
#2026 08 25 11:29:26.908#Z#DEBUG#1118e5ca-a078-11f1-87c7-eeee0a8e79e5.ResilienceCockpit-srv#flowable-async-job-executor-thread-14311#
[PollStageAppStatusExecution] 846298f7-a9cf-4b9f-a20b-63e370407f6e [2026-08-25T08:53:14.447013] -----> Bootstrapping python (STDOUT, STG)#
#2026 08 25 11:29:26.908#Z#DEBUG#1118e5ca-a078-11f1-87c7-eeee0a8e79e5.ResilienceCockpit-srv#flowable-async-job-executor-thread-14311#
[PollStageAppStatusExecution] 846298f7-a9cf-4b9f-a20b-63e370407f6e [2026-08-25T08:53:14.447035] -----> Installing python 3.13.14 (STDOUT, STG)#
#2026 08 25 11:29:26.908#Z#DEBUG#1118e5ca-a078-11f1-87c7-eeee0a8e79e5.ResilienceCockpit-srv#flowable-async-job-executor-thread-14311#
[PollStageAppStatusExecution] 846298f7-a9cf-4b9f-a20b-63e370407f6e [2026-08-25T08:53:14.447041] Copy [/tmp/buildpacks/adc5840e3e50b48d/dependencies/4b4266a2ff36730aef37b88b668ca327/python_3.13.14_linux_x64_cflinuxfs4_b80d4954.tgz] (STDOUT, STG)#
#2026 08 25 11:29:26.908#Z#DEBUG#1118e5ca-a078-11f1-87c7-eeee0a8e79e5.ResilienceCockpit-srv#flowable-async-job-executor-thread-14311#
[PollStageAppStatusExecution] 846298f7-a9cf-4b9f-a20b-63e370407f6e [2026-08-25T08:53:17.434768] -----> Installing binaries (STDOUT, STG)#
#2026 08 25 11:29:26.908#Z#DEBUG#1118e5ca-a078-11f1-87c7-eeee0a8e79e5.ResilienceCockpit-srv#flowable-async-job-executor-thread-14311#
[PollStageAppStatusExecution] 846298f7-a9cf-4b9f-a20b-63e370407f6e [2026-08-25T08:53:17.434898] engines.node (package.json): >=20 (STDOUT, STG)#
#2026 08 25 11:29:26.908#Z#DEBUG#1118e5ca-a078-11f1-87c7-eeee0a8e79e5.ResilienceCockpit-srv#flowable-async-job-executor-thread-14311#
[PollStageAppStatusExecution] 846298f7-a9cf-4b9f-a20b-63e370407f6e [2026-08-25T08:53:17.434917] engines.npm (package.json): unspecified (use default) (STDOUT, STG)#
#2026 08 25 11:29:26.908#Z#DEBUG#1118e5ca-a078-11f1-87c7-eeee0a8e79e5.ResilienceCockpit-srv#flowable-async-job-executor-thread-14311#
[PollStageAppStatusExecution] 846298f7-a9cf-4b9f-a20b-63e370407f6e [2026-08-25T08:53:17.434922] [31;1m**WARNING**[0m Dangerous semver range (>) in engines.node. See: http://docs.cloudfoundry.org/buildpacks/node/node-tips.html (STDOUT, STG)#
#2026 08 25 11:29:26.908#Z#DEBUG#1118e5ca-a078-11f1-87c7-eeee0a8e79e5.ResilienceCockpit-srv#flowable-async-job-executor-thread-14311#
[PollStageAppStatusExecution] 846298f7-a9cf-4b9f-a20b-63e370407f6e [2026-08-25T08:53:17.434933] -----> Installing node 24.18.0 (STDOUT, STG)#
#2026 08 25 11:29:26.908#Z#DEBUG#1118e5ca-a078-11f1-87c7-eeee0a8e79e5.ResilienceCockpit-srv#flowable-async-job-executor-thread-14311#
[PollStageAppStatusExecution] 846298f7-a9cf-4b9f-a20b-63e370407f6e [2026-08-25T08:53:17.435180] Copy [/tmp/buildpacks/adc5840e3e50b48d/dependencies/dffbbb835fcd073c4544f78eb6247fac/node_24.18.0_linux_x64_cflinuxfs4_cdfed650.tgz] (STDOUT, STG)#
#2026 08 25 11:29:26.908#Z#DEBUG#1118e5ca-a078-11f1-87c7-eeee0a8e79e5.ResilienceCockpit-srv#flowable-async-job-executor-thread-14311#
[PollStageAppStatusExecution] 846298f7-a9cf-4b9f-a20b-63e370407f6e [2026-08-25T08:53:19.181941] Using default npm version: 11.16.0 (STDOUT, STG)#
#2026 08 25 11:29:26.908#Z#DEBUG#1118e5ca-a078-11f1-87c7-eeee0a8e79e5.ResilienceCockpit-srv#flowable-async-job-executor-thread-14311#
[PollStageAppStatusExecution] 846298f7-a9cf-4b9f-a20b-63e370407f6e [2026-08-25T08:53:19.181962] -----> Installing yarn 1.22.22 (STDOUT, STG)#
#2026 08 25 11:29:26.908#Z#DEBUG#1118e5ca-a078-11f1-87c7-eeee0a8e79e5.ResilienceCockpit-srv#flowable-async-job-executor-thread-14311#
[PollStageAppStatusExecution] 846298f7-a9cf-4b9f-a20b-63e370407f6e [2026-08-25T08:53:19.182180] Copy [/tmp/buildpacks/adc5840e3e50b48d/dependencies/e4fe26756e9984a665478d350474fa2e/yarn_1.22.22_linux_noarch_any-stack_b6132b86.tgz] (STDOUT, STG)#
#2026 08 25 11:29:26.908#Z#DEBUG#1118e5ca-a078-11f1-87c7-eeee0a8e79e5.ResilienceCockpit-srv#flowable-async-job-executor-thread-14311#
[PollStageAppStatusExecution] 846298f7-a9cf-4b9f-a20b-63e370407f6e [2026-08-25T08:53:19.428363] Installed yarn 1.22.22 (STDOUT, STG)#
#2026 08 25 11:29:26.908#Z#DEBUG#1118e5ca-a078-11f1-87c7-eeee0a8e79e5.ResilienceCockpit-srv#flowable-async-job-executor-thread-14311#
[PollStageAppStatusExecution] 846298f7-a9cf-4b9f-a20b-63e370407f6e [2026-08-25T08:53:19.428396] -----> Creating runtime environment (STDOUT, STG)#
#2026 08 25 11:29:26.908#Z#DEBUG#1118e5ca-a078-11f1-87c7-eeee0a8e79e5.ResilienceCockpit-srv#flowable-async-job-executor-thread-14311#
[PollStageAppStatusExecution] 846298f7-a9cf-4b9f-a20b-63e370407f6e [2026-08-25T08:53:19.430211] NODE_ENV=production (STDOUT, STG)#
#2026 08 25 11:29:26.908#Z#DEBUG#1118e5ca-a078-11f1-87c7-eeee0a8e79e5.ResilienceCockpit-srv#flowable-async-job-executor-thread-14311#
[PollStageAppStatusExecution] 846298f7-a9cf-4b9f-a20b-63e370407f6e [2026-08-25T08:53:19.430225] NODE_HOME=/tmp/contents3929248952/deps/0/node (STDOUT, STG)#
#2026 08 25 11:29:26.908#Z#DEBUG#1118e5ca-a078-11f1-87c7-eeee0a8e79e5.ResilienceCockpit-srv#flowable-async-job-executor-thread-14311#
[PollStageAppStatusExecution] 846298f7-a9cf-4b9f-a20b-63e370407f6e [2026-08-25T08:53:19.430228] NODE_MODULES_CACHE=true (STDOUT, STG)#
#2026 08 25 11:29:26.908#Z#DEBUG#1118e5ca-a078-11f1-87c7-eeee0a8e79e5.ResilienceCockpit-srv#flowable-async-job-executor-thread-14311#
[PollStageAppStatusExecution] 846298f7-a9cf-4b9f-a20b-63e370407f6e [2026-08-25T08:53:19.430230] NODE_VERBOSE=false (STDOUT, STG)#
#2026 08 25 11:29:26.908#Z#DEBUG#1118e5ca-a078-11f1-87c7-eeee0a8e79e5.ResilienceCockpit-srv#flowable-async-job-executor-thread-14311#
[PollStageAppStatusExecution] 846298f7-a9cf-4b9f-a20b-63e370407f6e [2026-08-25T08:53:19.430232] NPM_CONFIG_LOGLEVEL=error (STDOUT, STG)#
#2026 08 25 11:29:26.908#Z#DEBUG#1118e5ca-a078-11f1-87c7-eeee0a8e79e5.ResilienceCockpit-srv#flowable-async-job-executor-thread-14311#
[PollStageAppStatusExecution] 846298f7-a9cf-4b9f-a20b-63e370407f6e [2026-08-25T08:53:19.430235] NPM_CONFIG_PRODUCTION=true (STDOUT, STG)#
#2026 08 25 11:29:26.908#Z#DEBUG#1118e5ca-a078-11f1-87c7-eeee0a8e79e5.ResilienceCockpit-srv#flowable-async-job-executor-thread-14311#
[PollStageAppStatusExecution] 846298f7-a9cf-4b9f-a20b-63e370407f6e [2026-08-25T08:53:19.430250] -----> Building dependencies (STDOUT, STG)#
#2026 08 25 11:29:26.908#Z#DEBUG#1118e5ca-a078-11f1-87c7-eeee0a8e79e5.ResilienceCockpit-srv#flowable-async-job-executor-thread-14311#
[PollStageAppStatusExecution] 846298f7-a9cf-4b9f-a20b-63e370407f6e [2026-08-25T08:53:19.430252] Prebuild detected (node_modules already exists) (STDOUT, STG)#
#2026 08 25 11:29:26.908#Z#DEBUG#1118e5ca-a078-11f1-87c7-eeee0a8e79e5.ResilienceCockpit-srv#flowable-async-job-executor-thread-14311#
[PollStageAppStatusExecution] 846298f7-a9cf-4b9f-a20b-63e370407f6e [2026-08-25T08:53:19.430299] Rebuilding any native modules (STDOUT, STG)#
#2026 08 25 11:29:26.908#Z#DEBUG#1118e5ca-a078-11f1-87c7-eeee0a8e79e5.ResilienceCockpit-srv#flowable-async-job-executor-thread-14311#
[PollStageAppStatusExecution] 846298f7-a9cf-4b9f-a20b-63e370407f6e [2026-08-25T08:53:20.007198] rebuilt dependencies successfully (STDOUT, STG)#
#2026 08 25 11:29:26.908#Z#DEBUG#1118e5ca-a078-11f1-87c7-eeee0a8e79e5.ResilienceCockpit-srv#flowable-async-job-executor-thread-14311#
[PollStageAppStatusExecution] 846298f7-a9cf-4b9f-a20b-63e370407f6e [2026-08-25T08:53:20.008586] npm notice (STDOUT, STG)#
#2026 08 25 11:29:26.908#Z#DEBUG#1118e5ca-a078-11f1-87c7-eeee0a8e79e5.ResilienceCockpit-srv#flowable-async-job-executor-thread-14311#
[PollStageAppStatusExecution] 846298f7-a9cf-4b9f-a20b-63e370407f6e [2026-08-25T08:53:20.008629] npm notice New major version of npm available! 11.16.0 -> 12.0.2 (STDOUT, STG)#
#2026 08 25 11:29:26.908#Z#DEBUG#1118e5ca-a078-11f1-87c7-eeee0a8e79e5.ResilienceCockpit-srv#flowable-async-job-executor-thread-14311#
[PollStageAppStatusExecution] 846298f7-a9cf-4b9f-a20b-63e370407f6e [2026-08-25T08:53:20.008633] npm notice Changelog: https://github.com/npm/cli/releases/tag/v12.0.2 (STDOUT, STG)#
#2026 08 25 11:29:26.908#Z#DEBUG#1118e5ca-a078-11f1-87c7-eeee0a8e79e5.ResilienceCockpit-srv#flowable-async-job-executor-thread-14311#
[PollStageAppStatusExecution] 846298f7-a9cf-4b9f-a20b-63e370407f6e [2026-08-25T08:53:20.008638] npm notice To update run: npm install -g npm@12.0.2 (STDOUT, STG)#
#2026 08 25 11:29:26.908#Z#DEBUG#1118e5ca-a078-11f1-87c7-eeee0a8e79e5.ResilienceCockpit-srv#flowable-async-job-executor-thread-14311#
[PollStageAppStatusExecution] 846298f7-a9cf-4b9f-a20b-63e370407f6e [2026-08-25T08:53:20.008641] npm notice (STDOUT, STG)#
#2026 08 25 11:29:26.908#Z#DEBUG#1118e5ca-a078-11f1-87c7-eeee0a8e79e5.ResilienceCockpit-srv#flowable-async-job-executor-thread-14311#
[PollStageAppStatusExecution] 846298f7-a9cf-4b9f-a20b-63e370407f6e [2026-08-25T08:53:20.056628] Installing any new modules (package.json + package-lock.json) (STDOUT, STG)#
#2026 08 25 11:29:26.908#Z#DEBUG#1118e5ca-a078-11f1-87c7-eeee0a8e79e5.ResilienceCockpit-srv#flowable-async-job-executor-thread-14311#
[PollStageAppStatusExecution] 846298f7-a9cf-4b9f-a20b-63e370407f6e [2026-08-25T08:53:20.664437] up to date in 549ms (STDOUT, STG)#
#2026 08 25 11:29:26.908#Z#DEBUG#1118e5ca-a078-11f1-87c7-eeee0a8e79e5.ResilienceCockpit-srv#flowable-async-job-executor-thread-14311#
[PollStageAppStatusExecution] 846298f7-a9cf-4b9f-a20b-63e370407f6e [2026-08-25T08:53:20.664503] 37 packages are looking for funding (STDOUT, STG)#
#2026 08 25 11:29:26.908#Z#DEBUG#1118e5ca-a078-11f1-87c7-eeee0a8e79e5.ResilienceCockpit-srv#flowable-async-job-executor-thread-14311#
[PollStageAppStatusExecution] 846298f7-a9cf-4b9f-a20b-63e370407f6e [2026-08-25T08:53:20.664716] run `npm fund` for details (STDOUT, STG)#
#2026 08 25 11:29:26.908#Z#DEBUG#1118e5ca-a078-11f1-87c7-eeee0a8e79e5.ResilienceCockpit-srv#flowable-async-job-executor-thread-14311#
[PollStageAppStatusExecution] 846298f7-a9cf-4b9f-a20b-63e370407f6e [2026-08-25T08:53:21.426225] Contrast Security no credentials found. Will not write environment files. (STDOUT, STG)#
#2026 08 25 11:29:26.908#Z#DEBUG#1118e5ca-a078-11f1-87c7-eeee0a8e79e5.ResilienceCockpit-srv#flowable-async-job-executor-thread-14311#
[PollStageAppStatusExecution] 846298f7-a9cf-4b9f-a20b-63e370407f6e [2026-08-25T08:53:31.113403] Exit status 0 (STDOUT, STG)#
#2026 08 25 11:29:26.908#Z#DEBUG#1118e5ca-a078-11f1-87c7-eeee0a8e79e5.ResilienceCockpit-srv#flowable-async-job-executor-thread-14311#
[PollStageAppStatusExecution] 846298f7-a9cf-4b9f-a20b-63e370407f6e [2026-08-25T08:53:31.113441] Uploading droplet, build artifacts cache... (STDOUT, STG)#
#2026 08 25 11:29:26.908#Z#DEBUG#1118e5ca-a078-11f1-87c7-eeee0a8e79e5.ResilienceCockpit-srv#flowable-async-job-executor-thread-14311#
[PollStageAppStatusExecution] 846298f7-a9cf-4b9f-a20b-63e370407f6e [2026-08-25T08:53:31.113476] Uploading droplet... (STDOUT, STG)#
#2026 08 25 11:29:26.908#Z#DEBUG#1118e5ca-a078-11f1-87c7-eeee0a8e79e5.ResilienceCockpit-srv#flowable-async-job-executor-thread-14311#
[PollStageAppStatusExecution] 846298f7-a9cf-4b9f-a20b-63e370407f6e [2026-08-25T08:53:31.113571] Uploading build artifacts cache... (STDOUT, STG)#
#2026 08 25 11:29:26.908#Z#DEBUG#1118e5ca-a078-11f1-87c7-eeee0a8e79e5.ResilienceCockpit-srv#flowable-async-job-executor-thread-14311#
[PollStageAppStatusExecution] 846298f7-a9cf-4b9f-a20b-63e370407f6e [2026-08-25T08:53:31.131003] Uploaded build artifacts cache (223B) (STDOUT, STG)#
#2026 08 25 11:29:26.908#Z#DEBUG#1118e5ca-a078-11f1-87c7-eeee0a8e79e5.ResilienceCockpit-srv#flowable-async-job-executor-thread-14311#
[PollStageAppStatusExecution] 846298f7-a9cf-4b9f-a20b-63e370407f6e [2026-08-25T08:53:31.728375] Creating droplet for app with guid 846298f7-a9cf-4b9f-a20b-63e370407f6e (STDOUT, API)#
#2026 08 25 11:29:26.908#Z#DEBUG#1118e5ca-a078-11f1-87c7-eeee0a8e79e5.ResilienceCockpit-srv#flowable-async-job-executor-thread-14311#
[PollStageAppStatusExecution] 846298f7-a9cf-4b9f-a20b-63e370407f6e [2026-08-25T08:53:32.805385] Uploaded droplet (70.3M) (STDOUT, STG)#
#2026 08 25 11:29:26.908#Z#DEBUG#1118e5ca-a078-11f1-87c7-eeee0a8e79e5.ResilienceCockpit-srv#flowable-async-job-executor-thread-14311#
[PollStageAppStatusExecution] 846298f7-a9cf-4b9f-a20b-63e370407f6e [2026-08-25T08:53:32.821973] Uploading complete (STDOUT, STG)#
#2026 08 25 11:29:26.908#Z#DEBUG#1118e5ca-a078-11f1-87c7-eeee0a8e79e5.ResilienceCockpit-srv#flowable-async-job-executor-thread-14311#
[PollStageAppStatusExecution] 846298f7-a9cf-4b9f-a20b-63e370407f6e [2026-08-25T08:53:33.283340] Cell 2cba0a63-a06b-4c2d-9ff8-cb3bec259489 stopping instance 78379613-b083-4a46-a6eb-08075091b872 (STDOUT, STG)#
#2026 08 25 11:29:26.908#Z#DEBUG#1118e5ca-a078-11f1-87c7-eeee0a8e79e5.ResilienceCockpit-srv#flowable-async-job-executor-thread-14311#
[PollStageAppStatusExecution] 846298f7-a9cf-4b9f-a20b-63e370407f6e [2026-08-25T08:53:33.283412] Cell 2cba0a63-a06b-4c2d-9ff8-cb3bec259489 destroying container for instance 78379613-b083-4a46-a6eb-08075091b872 (STDOUT, STG)#
#2026 08 25 11:29:26.908#Z#DEBUG#1118e5ca-a078-11f1-87c7-eeee0a8e79e5.ResilienceCockpit-srv#flowable-async-job-executor-thread-14311#
[PollStageAppStatusExecution] 846298f7-a9cf-4b9f-a20b-63e370407f6e [2026-08-25T08:53:33.332435] Staging complete for build 78379613-b083-4a46-a6eb-08075091b872 (STDOUT, API)#
#2026 08 25 11:29:26.908#Z#DEBUG#1118e5ca-a078-11f1-87c7-eeee0a8e79e5.ResilienceCockpit-srv#flowable-async-job-executor-thread-14311#
[PollStageAppStatusExecution] 846298f7-a9cf-4b9f-a20b-63e370407f6e [2026-08-25T08:53:35.265337] Cell 2cba0a63-a06b-4c2d-9ff8-cb3bec259489 successfully destroyed container for instance 78379613-b083-4a46-a6eb-08075091b872 (STDOUT, STG)#
#2026 08 25 11:29:26.908#Z#DEBUG#1118e5ca-a078-11f1-87c7-eeee0a8e79e5.ResilienceCockpit-srv#flowable-async-job-executor-thread-14311#
[PollStageAppStatusExecution] 846298f7-a9cf-4b9f-a20b-63e370407f6e [2026-08-25T08:53:41.348930] Updated app with guid 846298f7-a9cf-4b9f-a20b-63e370407f6e ({:droplet_guid=>"c5d9e305-ce24-4905-8031-e40528768863"}) (STDOUT, API)#
#2026 08 25 11:29:26.908#Z#DEBUG#1118e5ca-a078-11f1-87c7-eeee0a8e79e5.ResilienceCockpit-srv#flowable-async-job-executor-thread-14311#
[PollStageAppStatusExecution] 846298f7-a9cf-4b9f-a20b-63e370407f6e [2026-08-25T08:53:41.511246] Creating revision for app with guid 846298f7-a9cf-4b9f-a20b-63e370407f6e (STDOUT, API)#
#2026 08 25 11:29:26.908#Z#DEBUG#1118e5ca-a078-11f1-87c7-eeee0a8e79e5.ResilienceCockpit-srv#flowable-async-job-executor-thread-14311#
[PollStageAppStatusExecution] 846298f7-a9cf-4b9f-a20b-63e370407f6e [2026-08-25T08:53:41.548834] Starting app with guid 846298f7-a9cf-4b9f-a20b-63e370407f6e (STDOUT, API)#
#2026 08 25 11:29:26.908#Z#DEBUG#1118e5ca-a078-11f1-87c7-eeee0a8e79e5.ResilienceCockpit-srv#flowable-async-job-executor-thread-14311#
[PollStageAppStatusExecution] 846298f7-a9cf-4b9f-a20b-63e370407f6e [2026-08-25T08:53:41.703372] Cell f95ef7fb-a2f2-480d-af80-cd44d0d9846b creating container for instance 33a1bb3e-f030-47b9-7dfd-07df (STDOUT, CELL)#
#2026 08 25 11:29:26.908#Z#DEBUG#1118e5ca-a078-11f1-87c7-eeee0a8e79e5.ResilienceCockpit-srv#flowable-async-job-executor-thread-14311#
[PollStageAppStatusExecution] 846298f7-a9cf-4b9f-a20b-63e370407f6e [2026-08-25T08:53:42.002010] Security group rules were updated (STDOUT, CELL)#
#2026 08 25 11:29:26.908#Z#DEBUG#1118e5ca-a078-11f1-87c7-eeee0a8e79e5.ResilienceCockpit-srv#flowable-async-job-executor-thread-14311#
[PollStageAppStatusExecution] 846298f7-a9cf-4b9f-a20b-63e370407f6e [2026-08-25T08:53:42.061393] Cell f95ef7fb-a2f2-480d-af80-cd44d0d9846b successfully created container for instance 33a1bb3e-f030-47b9-7dfd-07df (STDOUT, CELL)#
#2026 08 25 11:29:26.908#Z#DEBUG#1118e5ca-a078-11f1-87c7-eeee0a8e79e5.ResilienceCockpit-srv#flowable-async-job-executor-thread-14311#
[PollStageAppStatusExecution] 846298f7-a9cf-4b9f-a20b-63e370407f6e [2026-08-25T08:53:42.631883] Downloading droplet... (STDOUT, CELL)#
#2026 08 25 11:29:26.908#Z#DEBUG#1118e5ca-a078-11f1-87c7-eeee0a8e79e5.ResilienceCockpit-srv#flowable-async-job-executor-thread-14311#
[PollStageAppStatusExecution] 846298f7-a9cf-4b9f-a20b-63e370407f6e [2026-08-25T08:53:46.092484] Downloaded droplet (70.3M) (STDOUT, CELL)#
#2026 08 25 11:29:26.908#Z#DEBUG#1118e5ca-a078-11f1-87c7-eeee0a8e79e5.ResilienceCockpit-srv#flowable-async-job-executor-thread-14311#
[PollStageAppStatusExecution] 846298f7-a9cf-4b9f-a20b-63e370407f6e [2026-08-25T08:53:46.092578] Starting health monitoring of container (STDOUT, CELL)#
#2026 08 25 11:29:26.908#Z#DEBUG#1118e5ca-a078-11f1-87c7-eeee0a8e79e5.ResilienceCockpit-srv#flowable-async-job-executor-thread-14311#
[PollStageAppStatusExecution] 846298f7-a9cf-4b9f-a20b-63e370407f6e [2026-08-25T08:53:46.144962] Invoking pre-start scripts. (STDOUT, APP/PROC/WEB)#
#2026 08 25 11:29:26.908#Z#DEBUG#1118e5ca-a078-11f1-87c7-eeee0a8e79e5.ResilienceCockpit-srv#flowable-async-job-executor-thread-14311#
[PollStageAppStatusExecution] 846298f7-a9cf-4b9f-a20b-63e370407f6e [2026-08-25T08:53:46.286617] Invoking start command. (STDOUT, APP/PROC/WEB)#
#2026 08 25 11:29:26.908#Z#DEBUG#1118e5ca-a078-11f1-87c7-eeee0a8e79e5.ResilienceCockpit-srv#flowable-async-job-executor-thread-14311#
[PollStageAppStatusExecution] 846298f7-a9cf-4b9f-a20b-63e370407f6e [2026-08-25T08:53:46.582830] > ResilienceCockpit@1.0.0 start (STDOUT, APP/PROC/WEB)#
#2026 08 25 11:29:26.908#Z#DEBUG#1118e5ca-a078-11f1-87c7-eeee0a8e79e5.ResilienceCockpit-srv#flowable-async-job-executor-thread-14311#
[PollStageAppStatusExecution] 846298f7-a9cf-4b9f-a20b-63e370407f6e [2026-08-25T08:53:46.582857] > cds-serve (STDOUT, APP/PROC/WEB)#
#2026 08 25 11:29:26.908#Z#DEBUG#1118e5ca-a078-11f1-87c7-eeee0a8e79e5.ResilienceCockpit-srv#flowable-async-job-executor-thread-14311#
[PollStageAppStatusExecution] 846298f7-a9cf-4b9f-a20b-63e370407f6e [2026-08-25T08:53:46.749505] [cds] - bootstrapping from { file: 'srv/server.js' } (STDOUT, APP/PROC/WEB)#
#2026 08 25 11:29:26.908#Z#DEBUG#1118e5ca-a078-11f1-87c7-eeee0a8e79e5.ResilienceCockpit-srv#flowable-async-job-executor-thread-14311#
[PollStageAppStatusExecution] 846298f7-a9cf-4b9f-a20b-63e370407f6e [2026-08-25T08:53:46.933362] {"level":"info","logger":"cds","timestamp":"2026-08-25T08:53:46.932Z","layer":"cds","component_type":"application","container_id":"10.37.129.4","component_id":"846298f7-a9cf-4b9f-a20b-63e370407f6e","component_name":"ResilienceCockpit-srv","component_instance":0,"source_instance":0,"organization_name":"94060551trial","organization_id":"78e7b825-503f-4bdc-af4e-be86d7f43c8e","space_name":"dev","space_id":"039a1fe6-69a4-4c1e-9b8f-a64d47329d3e","msg":"loaded model from 1 file(s):\n ","type":"log"} (STDOUT, APP/PROC/WEB)#
#2026 08 25 11:29:26.908#Z#DEBUG#1118e5ca-a078-11f1-87c7-eeee0a8e79e5.ResilienceCockpit-srv#flowable-async-job-executor-thread-14311#
[PollStageAppStatusExecution] 846298f7-a9cf-4b9f-a20b-63e370407f6e [2026-08-25T08:53:46.933390] srv/csn.json (STDOUT, APP/PROC/WEB)#
#2026 08 25 11:29:26.908#Z#DEBUG#1118e5ca-a078-11f1-87c7-eeee0a8e79e5.ResilienceCockpit-srv#flowable-async-job-executor-thread-14311#
[PollStageAppStatusExecution] 846298f7-a9cf-4b9f-a20b-63e370407f6e [2026-08-25T08:53:47.104335] {"level":"info","logger":"cds","timestamp":"2026-08-25T08:53:47.103Z","layer":"cds","component_type":"application","container_id":"10.37.129.4","component_id":"846298f7-a9cf-4b9f-a20b-63e370407f6e","component_name":"ResilienceCockpit-srv","component_instance":0,"source_instance":0,"organization_name":"94060551trial","organization_id":"78e7b825-503f-4bdc-af4e-be86d7f43c8e","space_name":"dev","space_id":"039a1fe6-69a4-4c1e-9b8f-a64d47329d3e","msg":"connect to db > hana {\n  url: 'jdbc:sap://eb9e608b-a8d8-462e-98e7-906abde25244.hna0.prod-us10.hanacloud.ondemand.com:443?encrypt=true&validateCertificate=true&currentschema=8697B1A4A8B84AC49EFF171810969752',\n  database_id: 'eb9e608b-a8d8-462e-98e7-906abde25244',\n  host: 'eb9e608b-a8d8-462e-98e7-906abde25244.hna0.prod-us10.hanacloud.ondemand.com',\n  port: '443',\n  driver: 'com.sap.db.jdbc.Driver',\n  schema: '8697B1A4A8B84AC49EFF171810969752',\n  certificate: '...',\n  hdi_user: '8697B1A4A8B84AC49EFF171810969752_B4SCSXTFML48V8NFH3EQ9TGHU_DT',\n  hdi_password: '...',\n  user: '8697B1A4A8B84AC49EFF171810969752_B4SCSXTFML48V8NFH3EQ9TGHU_RT',\n  password: '...'\n}","type":"log"} (STDOUT, APP/PROC/WEB)#
#2026 08 25 11:29:26.908#Z#DEBUG#1118e5ca-a078-11f1-87c7-eeee0a8e79e5.ResilienceCockpit-srv#flowable-async-job-executor-thread-14311#
[PollStageAppStatusExecution] 846298f7-a9cf-4b9f-a20b-63e370407f6e [2026-08-25T08:53:47.194968] {"level":"info","logger":"cds","timestamp":"2026-08-25T08:53:47.194Z","layer":"cds","component_type":"application","container_id":"10.37.129.4","component_id":"846298f7-a9cf-4b9f-a20b-63e370407f6e","component_name":"ResilienceCockpit-srv","component_instance":0,"source_instance":0,"organization_name":"94060551trial","organization_id":"78e7b825-503f-4bdc-af4e-be86d7f43c8e","space_name":"dev","space_id":"039a1fe6-69a4-4c1e-9b8f-a64d47329d3e","msg":"connect to ShippingCostAPI > rest { destination: 'jsondb' }","type":"log"} (STDOUT, APP/PROC/WEB)#
#2026 08 25 11:29:26.908#Z#DEBUG#1118e5ca-a078-11f1-87c7-eeee0a8e79e5.ResilienceCockpit-srv#flowable-async-job-executor-thread-14311#
[PollStageAppStatusExecution] 846298f7-a9cf-4b9f-a20b-63e370407f6e [2026-08-25T08:53:47.195471] {"level":"info","logger":"cds","timestamp":"2026-08-25T08:53:47.195Z","layer":"cds","component_type":"application","container_id":"10.37.129.4","component_id":"846298f7-a9cf-4b9f-a20b-63e370407f6e","component_name":"ResilienceCockpit-srv","component_instance":0,"source_instance":0,"organization_name":"94060551trial","organization_id":"78e7b825-503f-4bdc-af4e-be86d7f43c8e","space_name":"dev","space_id":"039a1fe6-69a4-4c1e-9b8f-a64d47329d3e","msg":"connect to API_INFORECORD_PROCESS_SRV > odata-v2 { destination: 'SAP_API_HUB' }","type":"log"} (STDOUT, APP/PROC/WEB)#
#2026 08 25 11:29:26.908#Z#DEBUG#1118e5ca-a078-11f1-87c7-eeee0a8e79e5.ResilienceCockpit-srv#flowable-async-job-executor-thread-14311#
[PollStageAppStatusExecution] 846298f7-a9cf-4b9f-a20b-63e370407f6e [2026-08-25T08:53:47.209202] {"level":"info","logger":"cds","timestamp":"2026-08-25T08:53:47.208Z","layer":"cds","component_type":"application","container_id":"10.37.129.4","component_id":"846298f7-a9cf-4b9f-a20b-63e370407f6e","component_name":"ResilienceCockpit-srv","component_instance":0,"source_instance":0,"organization_name":"94060551trial","organization_id":"78e7b825-503f-4bdc-af4e-be86d7f43c8e","space_name":"dev","space_id":"039a1fe6-69a4-4c1e-9b8f-a64d47329d3e","msg":"using auth strategy { kind: 'xsuaa' }","type":"log"} (STDOUT, APP/PROC/WEB)#
#2026 08 25 11:29:26.908#Z#DEBUG#1118e5ca-a078-11f1-87c7-eeee0a8e79e5.ResilienceCockpit-srv#flowable-async-job-executor-thread-14311#
[PollStageAppStatusExecution] 846298f7-a9cf-4b9f-a20b-63e370407f6e [2026-08-25T08:53:47.242458] {"level":"info","logger":"cds","timestamp":"2026-08-25T08:53:47.242Z","layer":"cds","component_type":"application","container_id":"10.37.129.4","component_id":"846298f7-a9cf-4b9f-a20b-63e370407f6e","component_name":"ResilienceCockpit-srv","component_instance":0,"source_instance":0,"organization_name":"94060551trial","organization_id":"78e7b825-503f-4bdc-af4e-be86d7f43c8e","space_name":"dev","space_id":"039a1fe6-69a4-4c1e-9b8f-a64d47329d3e","msg":"serving ResilienceCockpitService {\n  at: [ '/service/ResilienceCockpitService' ],\n  decl: 'srv/csn.json:313',\n  impl: 'srv/service.js'\n}","type":"log"} (STDOUT, APP/PROC/WEB)#
#2026 08 25 11:29:26.908#Z#DEBUG#1118e5ca-a078-11f1-87c7-eeee0a8e79e5.ResilienceCockpit-srv#flowable-async-job-executor-thread-14311#
[PollStageAppStatusExecution] 846298f7-a9cf-4b9f-a20b-63e370407f6e [2026-08-25T08:53:47.246361] {"level":"info","logger":"cds","timestamp":"2026-08-25T08:53:47.246Z","layer":"cds","component_type":"application","container_id":"10.37.129.4","component_id":"846298f7-a9cf-4b9f-a20b-63e370407f6e","component_name":"ResilienceCockpit-srv","component_instance":0,"source_instance":0,"organization_name":"94060551trial","organization_id":"78e7b825-503f-4bdc-af4e-be86d7f43c8e","space_name":"dev","space_id":"039a1fe6-69a4-4c1e-9b8f-a64d47329d3e","msg":"server listening on { url: 'http://localhost:8080' }","type":"log"} (STDOUT, APP/PROC/WEB)#
#2026 08 25 11:29:26.908#Z#DEBUG#1118e5ca-a078-11f1-87c7-eeee0a8e79e5.ResilienceCockpit-srv#flowable-async-job-executor-thread-14311#
[PollStageAppStatusExecution] 846298f7-a9cf-4b9f-a20b-63e370407f6e [2026-08-25T08:53:47.246544] {"level":"info","logger":"cds","timestamp":"2026-08-25T08:53:47.246Z","layer":"cds","component_type":"application","container_id":"10.37.129.4","component_id":"846298f7-a9cf-4b9f-a20b-63e370407f6e","component_name":"ResilienceCockpit-srv","component_instance":0,"source_instance":0,"organization_name":"94060551trial","organization_id":"78e7b825-503f-4bdc-af4e-be86d7f43c8e","space_name":"dev","space_id":"039a1fe6-69a4-4c1e-9b8f-a64d47329d3e","msg":"server v9.9.3 launched in 655 ms","type":"log"} (STDOUT, APP/PROC/WEB)#
#2026 08 25 11:29:26.908#Z#DEBUG#1118e5ca-a078-11f1-87c7-eeee0a8e79e5.ResilienceCockpit-srv#flowable-async-job-executor-thread-14311#
[PollStageAppStatusExecution] 846298f7-a9cf-4b9f-a20b-63e370407f6e [2026-08-25T08:53:49.665187] Container became healthy (STDOUT, CELL)#
#2026 08 25 11:29:26.908#Z#DEBUG#1118e5ca-a078-11f1-87c7-eeee0a8e79e5.ResilienceCockpit-srv#flowable-async-job-executor-thread-14311#
[PollStageAppStatusExecution] 846298f7-a9cf-4b9f-a20b-63e370407f6e [2026-08-25T08:53:49.689408] Process became ready with guid 846298f7-a9cf-4b9f-a20b-63e370407f6e payload: {"instance"=>"33a1bb3e-f030-47b9-7dfd-07df", "index"=>0, "cell_id"=>"f95ef7fb-a2f2-480d-af80-cd44d0d9846b", "ready"=>true, "version"=>"254414e5-9e50-496b-bc78-e03063e94651"} (STDOUT, API)#
#2026 08 25 11:29:26.908#Z#DEBUG#1118e5ca-a078-11f1-87c7-eeee0a8e79e5.ResilienceCockpit-srv#flowable-async-job-executor-thread-14311#
[PollStageAppStatusExecution] 846298f7-a9cf-4b9f-a20b-63e370407f6e [2026-08-25T08:54:17.887868] Cell c343a1ce-501c-453d-aabd-5a2aaaa23496 destroying container for instance d26f5c8d-e684-4c7f-4a01-48da (STDOUT, CELL)#
#2026 08 25 11:29:26.908#Z#DEBUG#1118e5ca-a078-11f1-87c7-eeee0a8e79e5.ResilienceCockpit-srv#flowable-async-job-executor-thread-14311#
[PollStageAppStatusExecution] 846298f7-a9cf-4b9f-a20b-63e370407f6e [2026-08-25T08:54:17.964420] Exit status 137 (STDOUT, PROXY)#
#2026 08 25 11:29:26.908#Z#DEBUG#1118e5ca-a078-11f1-87c7-eeee0a8e79e5.ResilienceCockpit-srv#flowable-async-job-executor-thread-14311#
[PollStageAppStatusExecution] 846298f7-a9cf-4b9f-a20b-63e370407f6e [2026-08-25T08:54:19.342157] Cell c343a1ce-501c-453d-aabd-5a2aaaa23496 successfully destroyed container for instance d26f5c8d-e684-4c7f-4a01-48da (STDOUT, CELL)#
#2026 08 25 11:29:26.908#Z#DEBUG#1118e5ca-a078-11f1-87c7-eeee0a8e79e5.ResilienceCockpit-srv#flowable-async-job-executor-thread-14311#
[PollStageAppStatusExecution] 846298f7-a9cf-4b9f-a20b-63e370407f6e [2026-08-25T08:58:22.503670] Updated app with guid 846298f7-a9cf-4b9f-a20b-63e370407f6e ({"lifecycle"=>{"data"=>{"buildpacks"=>["nodejs_buildpack"]}, "type"=>"buildpack"}}) (STDOUT, API)#
#2026 08 25 11:29:26.908#Z#DEBUG#1118e5ca-a078-11f1-87c7-eeee0a8e79e5.ResilienceCockpit-srv#flowable-async-job-executor-thread-14311#
[PollStageAppStatusExecution] 846298f7-a9cf-4b9f-a20b-63e370407f6e [2026-08-25T08:58:22.598776] Updating process: "web" (STDOUT, API)#
#2026 08 25 11:29:26.908#Z#DEBUG#1118e5ca-a078-11f1-87c7-eeee0a8e79e5.ResilienceCockpit-srv#flowable-async-job-executor-thread-14311#
[PollStageAppStatusExecution] 846298f7-a9cf-4b9f-a20b-63e370407f6e [2026-08-25T08:58:51.779395] Uploading app package for app with guid 846298f7-a9cf-4b9f-a20b-63e370407f6e (STDOUT, API)#
#2026 08 25 11:29:26.908#Z#DEBUG#1118e5ca-a078-11f1-87c7-eeee0a8e79e5.ResilienceCockpit-srv#flowable-async-job-executor-thread-14311#
[PollStageAppStatusExecution] 846298f7-a9cf-4b9f-a20b-63e370407f6e [2026-08-25T08:58:51.944289] Updated app with guid 846298f7-a9cf-4b9f-a20b-63e370407f6e ({"environment_variables"=>"[PRIVATE DATA HIDDEN]"}) (STDOUT, API)#
#2026 08 25 11:29:26.908#Z#DEBUG#1118e5ca-a078-11f1-87c7-eeee0a8e79e5.ResilienceCockpit-srv#flowable-async-job-executor-thread-14311#
[PollStageAppStatusExecution] 846298f7-a9cf-4b9f-a20b-63e370407f6e [2026-08-25T08:59:01.669933] Stopping app with guid 846298f7-a9cf-4b9f-a20b-63e370407f6e (STDOUT, API)#
#2026 08 25 11:29:26.908#Z#DEBUG#1118e5ca-a078-11f1-87c7-eeee0a8e79e5.ResilienceCockpit-srv#flowable-async-job-executor-thread-14311#
[PollStageAppStatusExecution] 846298f7-a9cf-4b9f-a20b-63e370407f6e [2026-08-25T08:59:01.716094] Cell f95ef7fb-a2f2-480d-af80-cd44d0d9846b stopping instance 33a1bb3e-f030-47b9-7dfd-07df (STDOUT, CELL)#
#2026 08 25 11:29:26.908#Z#DEBUG#1118e5ca-a078-11f1-87c7-eeee0a8e79e5.ResilienceCockpit-srv#flowable-async-job-executor-thread-14311#
[PollStageAppStatusExecution] 846298f7-a9cf-4b9f-a20b-63e370407f6e [2026-08-25T08:59:01.887500] Creating build for app with guid 846298f7-a9cf-4b9f-a20b-63e370407f6e (STDOUT, API)#
#2026 08 25 11:29:26.908#Z#DEBUG#1118e5ca-a078-11f1-87c7-eeee0a8e79e5.ResilienceCockpit-srv#flowable-async-job-executor-thread-14311#
[PollStageAppStatusExecution] 846298f7-a9cf-4b9f-a20b-63e370407f6e [2026-08-25T08:59:02.178317] Downloading nodejs_buildpack... (STDOUT, STG)#
#2026 08 25 11:29:26.908#Z#DEBUG#1118e5ca-a078-11f1-87c7-eeee0a8e79e5.ResilienceCockpit-srv#flowable-async-job-executor-thread-14311#
[PollStageAppStatusExecution] 846298f7-a9cf-4b9f-a20b-63e370407f6e [2026-08-25T08:59:02.214008] Downloaded nodejs_buildpack (STDOUT, STG)#
#2026 08 25 11:29:26.908#Z#DEBUG#1118e5ca-a078-11f1-87c7-eeee0a8e79e5.ResilienceCockpit-srv#flowable-async-job-executor-thread-14311#
[PollStageAppStatusExecution] 846298f7-a9cf-4b9f-a20b-63e370407f6e [2026-08-25T08:59:02.214088] Cell 919653e1-7038-451d-ac9f-e4bd0de8dbda creating container for instance 76f695f6-f37a-4c94-9b80-3afe211da99a (STDOUT, STG)#
#2026 08 25 11:29:26.908#Z#DEBUG#1118e5ca-a078-11f1-87c7-eeee0a8e79e5.ResilienceCockpit-srv#flowable-async-job-executor-thread-14311#
[PollStageAppStatusExecution] 846298f7-a9cf-4b9f-a20b-63e370407f6e [2026-08-25T08:59:02.493410] Security group rules were updated (STDOUT, STG)#
#2026 08 25 11:29:26.908#Z#DEBUG#1118e5ca-a078-11f1-87c7-eeee0a8e79e5.ResilienceCockpit-srv#flowable-async-job-executor-thread-14311#
[PollStageAppStatusExecution] 846298f7-a9cf-4b9f-a20b-63e370407f6e [2026-08-25T08:59:02.555259] Cell 919653e1-7038-451d-ac9f-e4bd0de8dbda successfully created container for instance 76f695f6-f37a-4c94-9b80-3afe211da99a (STDOUT, STG)#
#2026 08 25 11:29:26.908#Z#DEBUG#1118e5ca-a078-11f1-87c7-eeee0a8e79e5.ResilienceCockpit-srv#flowable-async-job-executor-thread-14311#
[PollStageAppStatusExecution] 846298f7-a9cf-4b9f-a20b-63e370407f6e [2026-08-25T08:59:02.906809] Downloading app package... (STDOUT, STG)#
#2026 08 25 11:29:26.908#Z#DEBUG#1118e5ca-a078-11f1-87c7-eeee0a8e79e5.ResilienceCockpit-srv#flowable-async-job-executor-thread-14311#
[PollStageAppStatusExecution] 846298f7-a9cf-4b9f-a20b-63e370407f6e [2026-08-25T08:59:02.906866] Downloading build artifacts cache... (STDOUT, STG)#
#2026 08 25 11:29:26.908#Z#DEBUG#1118e5ca-a078-11f1-87c7-eeee0a8e79e5.ResilienceCockpit-srv#flowable-async-job-executor-thread-14311#
[PollStageAppStatusExecution] 846298f7-a9cf-4b9f-a20b-63e370407f6e [2026-08-25T08:59:02.956940] Downloaded build artifacts cache (223B) (STDOUT, STG)#
#2026 08 25 11:29:26.908#Z#DEBUG#1118e5ca-a078-11f1-87c7-eeee0a8e79e5.ResilienceCockpit-srv#flowable-async-job-executor-thread-14311#
[PollStageAppStatusExecution] 846298f7-a9cf-4b9f-a20b-63e370407f6e [2026-08-25T08:59:03.923966] Downloaded app package (15.2M) (STDOUT, STG)#
#2026 08 25 11:29:26.908#Z#DEBUG#1118e5ca-a078-11f1-87c7-eeee0a8e79e5.ResilienceCockpit-srv#flowable-async-job-executor-thread-14311#
[PollStageAppStatusExecution] 846298f7-a9cf-4b9f-a20b-63e370407f6e [2026-08-25T08:59:03.974551] -----> Nodejs Buildpack version 1.9.3 (STDOUT, STG)#
#2026 08 25 11:29:26.908#Z#DEBUG#1118e5ca-a078-11f1-87c7-eeee0a8e79e5.ResilienceCockpit-srv#flowable-async-job-executor-thread-14311#
[PollStageAppStatusExecution] 846298f7-a9cf-4b9f-a20b-63e370407f6e [2026-08-25T08:59:04.313037] -----> Bootstrapping python (STDOUT, STG)#
#2026 08 25 11:29:26.908#Z#DEBUG#1118e5ca-a078-11f1-87c7-eeee0a8e79e5.ResilienceCockpit-srv#flowable-async-job-executor-thread-14311#
[PollStageAppStatusExecution] 846298f7-a9cf-4b9f-a20b-63e370407f6e [2026-08-25T08:59:04.313062] -----> Installing python 3.13.14 (STDOUT, STG)#
#2026 08 25 11:29:26.908#Z#DEBUG#1118e5ca-a078-11f1-87c7-eeee0a8e79e5.ResilienceCockpit-srv#flowable-async-job-executor-thread-14311#
[PollStageAppStatusExecution] 846298f7-a9cf-4b9f-a20b-63e370407f6e [2026-08-25T08:59:04.313081] Copy [/tmp/buildpacks/adc5840e3e50b48d/dependencies/4b4266a2ff36730aef37b88b668ca327/python_3.13.14_linux_x64_cflinuxfs4_b80d4954.tgz] (STDOUT, STG)#
#2026 08 25 11:29:26.908#Z#DEBUG#1118e5ca-a078-11f1-87c7-eeee0a8e79e5.ResilienceCockpit-srv#flowable-async-job-executor-thread-14311#
[PollStageAppStatusExecution] 846298f7-a9cf-4b9f-a20b-63e370407f6e [2026-08-25T08:59:07.323601] -----> Installing binaries (STDOUT, STG)#
#2026 08 25 11:29:26.908#Z#DEBUG#1118e5ca-a078-11f1-87c7-eeee0a8e79e5.ResilienceCockpit-srv#flowable-async-job-executor-thread-14311#
[PollStageAppStatusExecution] 846298f7-a9cf-4b9f-a20b-63e370407f6e [2026-08-25T08:59:07.323715] engines.node (package.json): >=20 (STDOUT, STG)#
#2026 08 25 11:29:26.908#Z#DEBUG#1118e5ca-a078-11f1-87c7-eeee0a8e79e5.ResilienceCockpit-srv#flowable-async-job-executor-thread-14311#
[PollStageAppStatusExecution] 846298f7-a9cf-4b9f-a20b-63e370407f6e [2026-08-25T08:59:07.323730] engines.npm (package.json): unspecified (use default) (STDOUT, STG)#
#2026 08 25 11:29:26.908#Z#DEBUG#1118e5ca-a078-11f1-87c7-eeee0a8e79e5.ResilienceCockpit-srv#flowable-async-job-executor-thread-14311#
[PollStageAppStatusExecution] 846298f7-a9cf-4b9f-a20b-63e370407f6e [2026-08-25T08:59:07.323736] [31;1m**WARNING**[0m Dangerous semver range (>) in engines.node. See: http://docs.cloudfoundry.org/buildpacks/node/node-tips.html (STDOUT, STG)#
#2026 08 25 11:29:26.908#Z#DEBUG#1118e5ca-a078-11f1-87c7-eeee0a8e79e5.ResilienceCockpit-srv#flowable-async-job-executor-thread-14311#
[PollStageAppStatusExecution] 846298f7-a9cf-4b9f-a20b-63e370407f6e [2026-08-25T08:59:07.323785] -----> Installing node 24.18.0 (STDOUT, STG)#
#2026 08 25 11:29:26.908#Z#DEBUG#1118e5ca-a078-11f1-87c7-eeee0a8e79e5.ResilienceCockpit-srv#flowable-async-job-executor-thread-14311#
[PollStageAppStatusExecution] 846298f7-a9cf-4b9f-a20b-63e370407f6e [2026-08-25T08:59:07.323917] Copy [/tmp/buildpacks/adc5840e3e50b48d/dependencies/dffbbb835fcd073c4544f78eb6247fac/node_24.18.0_linux_x64_cflinuxfs4_cdfed650.tgz] (STDOUT, STG)#
#2026 08 25 11:29:26.908#Z#DEBUG#1118e5ca-a078-11f1-87c7-eeee0a8e79e5.ResilienceCockpit-srv#flowable-async-job-executor-thread-14311#
[PollStageAppStatusExecution] 846298f7-a9cf-4b9f-a20b-63e370407f6e [2026-08-25T08:59:09.060154] Using default npm version: 11.16.0 (STDOUT, STG)#
#2026 08 25 11:29:26.908#Z#DEBUG#1118e5ca-a078-11f1-87c7-eeee0a8e79e5.ResilienceCockpit-srv#flowable-async-job-executor-thread-14311#
[PollStageAppStatusExecution] 846298f7-a9cf-4b9f-a20b-63e370407f6e [2026-08-25T08:59:09.060193] -----> Installing yarn 1.22.22 (STDOUT, STG)#
#2026 08 25 11:29:26.908#Z#DEBUG#1118e5ca-a078-11f1-87c7-eeee0a8e79e5.ResilienceCockpit-srv#flowable-async-job-executor-thread-14311#
[PollStageAppStatusExecution] 846298f7-a9cf-4b9f-a20b-63e370407f6e [2026-08-25T08:59:09.060207] Copy [/tmp/buildpacks/adc5840e3e50b48d/dependencies/e4fe26756e9984a665478d350474fa2e/yarn_1.22.22_linux_noarch_any-stack_b6132b86.tgz] (STDOUT, STG)#
#2026 08 25 11:29:26.908#Z#DEBUG#1118e5ca-a078-11f1-87c7-eeee0a8e79e5.ResilienceCockpit-srv#flowable-async-job-executor-thread-14311#
[PollStageAppStatusExecution] 846298f7-a9cf-4b9f-a20b-63e370407f6e [2026-08-25T08:59:09.305854] Installed yarn 1.22.22 (STDOUT, STG)#
#2026 08 25 11:29:26.908#Z#DEBUG#1118e5ca-a078-11f1-87c7-eeee0a8e79e5.ResilienceCockpit-srv#flowable-async-job-executor-thread-14311#
[PollStageAppStatusExecution] 846298f7-a9cf-4b9f-a20b-63e370407f6e [2026-08-25T08:59:09.305871] -----> Creating runtime environment (STDOUT, STG)#
#2026 08 25 11:29:26.908#Z#DEBUG#1118e5ca-a078-11f1-87c7-eeee0a8e79e5.ResilienceCockpit-srv#flowable-async-job-executor-thread-14311#
[PollStageAppStatusExecution] 846298f7-a9cf-4b9f-a20b-63e370407f6e [2026-08-25T08:59:09.307147] NODE_ENV=production (STDOUT, STG)#
#2026 08 25 11:29:26.908#Z#DEBUG#1118e5ca-a078-11f1-87c7-eeee0a8e79e5.ResilienceCockpit-srv#flowable-async-job-executor-thread-14311#
[PollStageAppStatusExecution] 846298f7-a9cf-4b9f-a20b-63e370407f6e [2026-08-25T08:59:09.307162] NODE_HOME=/tmp/contents566565600/deps/0/node (STDOUT, STG)#
#2026 08 25 11:29:26.908#Z#DEBUG#1118e5ca-a078-11f1-87c7-eeee0a8e79e5.ResilienceCockpit-srv#flowable-async-job-executor-thread-14311#
[PollStageAppStatusExecution] 846298f7-a9cf-4b9f-a20b-63e370407f6e [2026-08-25T08:59:09.307167] NODE_MODULES_CACHE=true (STDOUT, STG)#
#2026 08 25 11:29:26.908#Z#DEBUG#1118e5ca-a078-11f1-87c7-eeee0a8e79e5.ResilienceCockpit-srv#flowable-async-job-executor-thread-14311#
[PollStageAppStatusExecution] 846298f7-a9cf-4b9f-a20b-63e370407f6e [2026-08-25T08:59:09.307168] NODE_VERBOSE=false (STDOUT, STG)#
#2026 08 25 11:29:26.908#Z#DEBUG#1118e5ca-a078-11f1-87c7-eeee0a8e79e5.ResilienceCockpit-srv#flowable-async-job-executor-thread-14311#
[PollStageAppStatusExecution] 846298f7-a9cf-4b9f-a20b-63e370407f6e [2026-08-25T08:59:09.307171] NPM_CONFIG_LOGLEVEL=error (STDOUT, STG)#
#2026 08 25 11:29:26.908#Z#DEBUG#1118e5ca-a078-11f1-87c7-eeee0a8e79e5.ResilienceCockpit-srv#flowable-async-job-executor-thread-14311#
[PollStageAppStatusExecution] 846298f7-a9cf-4b9f-a20b-63e370407f6e [2026-08-25T08:59:09.307175] NPM_CONFIG_PRODUCTION=true (STDOUT, STG)#
#2026 08 25 11:29:26.908#Z#DEBUG#1118e5ca-a078-11f1-87c7-eeee0a8e79e5.ResilienceCockpit-srv#flowable-async-job-executor-thread-14311#
[PollStageAppStatusExecution] 846298f7-a9cf-4b9f-a20b-63e370407f6e [2026-08-25T08:59:09.307261] -----> Building dependencies (STDOUT, STG)#
#2026 08 25 11:29:26.908#Z#DEBUG#1118e5ca-a078-11f1-87c7-eeee0a8e79e5.ResilienceCockpit-srv#flowable-async-job-executor-thread-14311#
[PollStageAppStatusExecution] 846298f7-a9cf-4b9f-a20b-63e370407f6e [2026-08-25T08:59:09.307287] Prebuild detected (node_modules already exists) (STDOUT, STG)#
#2026 08 25 11:29:26.908#Z#DEBUG#1118e5ca-a078-11f1-87c7-eeee0a8e79e5.ResilienceCockpit-srv#flowable-async-job-executor-thread-14311#
[PollStageAppStatusExecution] 846298f7-a9cf-4b9f-a20b-63e370407f6e [2026-08-25T08:59:09.307291] Rebuilding any native modules (STDOUT, STG)#
#2026 08 25 11:29:26.908#Z#DEBUG#1118e5ca-a078-11f1-87c7-eeee0a8e79e5.ResilienceCockpit-srv#flowable-async-job-executor-thread-14311#
[PollStageAppStatusExecution] 846298f7-a9cf-4b9f-a20b-63e370407f6e [2026-08-25T08:59:09.901448] rebuilt dependencies successfully (STDOUT, STG)#
#2026 08 25 11:29:26.908#Z#DEBUG#1118e5ca-a078-11f1-87c7-eeee0a8e79e5.ResilienceCockpit-srv#flowable-async-job-executor-thread-14311#
[PollStageAppStatusExecution] 846298f7-a9cf-4b9f-a20b-63e370407f6e [2026-08-25T08:59:09.902733] npm notice (STDOUT, STG)#
#2026 08 25 11:29:26.908#Z#DEBUG#1118e5ca-a078-11f1-87c7-eeee0a8e79e5.ResilienceCockpit-srv#flowable-async-job-executor-thread-14311#
[PollStageAppStatusExecution] 846298f7-a9cf-4b9f-a20b-63e370407f6e [2026-08-25T08:59:09.902747] npm notice New major version of npm available! 11.16.0 -> 12.0.2 (STDOUT, STG)#
#2026 08 25 11:29:26.908#Z#DEBUG#1118e5ca-a078-11f1-87c7-eeee0a8e79e5.ResilienceCockpit-srv#flowable-async-job-executor-thread-14311#
[PollStageAppStatusExecution] 846298f7-a9cf-4b9f-a20b-63e370407f6e [2026-08-25T08:59:09.902752] npm notice Changelog: https://github.com/npm/cli/releases/tag/v12.0.2 (STDOUT, STG)#
#2026 08 25 11:29:26.908#Z#DEBUG#1118e5ca-a078-11f1-87c7-eeee0a8e79e5.ResilienceCockpit-srv#flowable-async-job-executor-thread-14311#
[PollStageAppStatusExecution] 846298f7-a9cf-4b9f-a20b-63e370407f6e [2026-08-25T08:59:09.902755] npm notice To update run: npm install -g npm@12.0.2 (STDOUT, STG)#
#2026 08 25 11:29:26.908#Z#DEBUG#1118e5ca-a078-11f1-87c7-eeee0a8e79e5.ResilienceCockpit-srv#flowable-async-job-executor-thread-14311#
[PollStageAppStatusExecution] 846298f7-a9cf-4b9f-a20b-63e370407f6e [2026-08-25T08:59:09.902760] npm notice (STDOUT, STG)#
#2026 08 25 11:29:26.908#Z#DEBUG#1118e5ca-a078-11f1-87c7-eeee0a8e79e5.ResilienceCockpit-srv#flowable-async-job-executor-thread-14311#
[PollStageAppStatusExecution] 846298f7-a9cf-4b9f-a20b-63e370407f6e [2026-08-25T08:59:09.952254] Installing any new modules (package.json + package-lock.json) (STDOUT, STG)#
#2026 08 25 11:29:26.908#Z#DEBUG#1118e5ca-a078-11f1-87c7-eeee0a8e79e5.ResilienceCockpit-srv#flowable-async-job-executor-thread-14311#
[PollStageAppStatusExecution] 846298f7-a9cf-4b9f-a20b-63e370407f6e [2026-08-25T08:59:10.601791] up to date in 589ms (STDOUT, STG)#
#2026 08 25 11:29:26.908#Z#DEBUG#1118e5ca-a078-11f1-87c7-eeee0a8e79e5.ResilienceCockpit-srv#flowable-async-job-executor-thread-14311#
[PollStageAppStatusExecution] 846298f7-a9cf-4b9f-a20b-63e370407f6e [2026-08-25T08:59:10.602024] 37 packages are looking for funding (STDOUT, STG)#
#2026 08 25 11:29:26.908#Z#DEBUG#1118e5ca-a078-11f1-87c7-eeee0a8e79e5.ResilienceCockpit-srv#flowable-async-job-executor-thread-14311#
[PollStageAppStatusExecution] 846298f7-a9cf-4b9f-a20b-63e370407f6e [2026-08-25T08:59:10.602072] run `npm fund` for details (STDOUT, STG)#
#2026 08 25 11:29:26.908#Z#DEBUG#1118e5ca-a078-11f1-87c7-eeee0a8e79e5.ResilienceCockpit-srv#flowable-async-job-executor-thread-14311#
[PollStageAppStatusExecution] 846298f7-a9cf-4b9f-a20b-63e370407f6e [2026-08-25T08:59:11.404417] Contrast Security no credentials found. Will not write environment files. (STDOUT, STG)#
#2026 08 25 11:29:26.908#Z#DEBUG#1118e5ca-a078-11f1-87c7-eeee0a8e79e5.ResilienceCockpit-srv#flowable-async-job-executor-thread-14311#
[PollStageAppStatusExecution] 846298f7-a9cf-4b9f-a20b-63e370407f6e [2026-08-25T08:59:21.027] Exit status 0 (STDOUT, STG)#
#2026 08 25 11:29:26.908#Z#DEBUG#1118e5ca-a078-11f1-87c7-eeee0a8e79e5.ResilienceCockpit-srv#flowable-async-job-executor-thread-14311#
[PollStageAppStatusExecution] 846298f7-a9cf-4b9f-a20b-63e370407f6e [2026-08-25T08:59:21.027035] Uploading droplet, build artifacts cache... (STDOUT, STG)#
#2026 08 25 11:29:26.908#Z#DEBUG#1118e5ca-a078-11f1-87c7-eeee0a8e79e5.ResilienceCockpit-srv#flowable-async-job-executor-thread-14311#
[PollStageAppStatusExecution] 846298f7-a9cf-4b9f-a20b-63e370407f6e [2026-08-25T08:59:21.027071] Uploading droplet... (STDOUT, STG)#
#2026 08 25 11:29:26.908#Z#DEBUG#1118e5ca-a078-11f1-87c7-eeee0a8e79e5.ResilienceCockpit-srv#flowable-async-job-executor-thread-14311#
[PollStageAppStatusExecution] 846298f7-a9cf-4b9f-a20b-63e370407f6e [2026-08-25T08:59:21.027106] Uploading build artifacts cache... (STDOUT, STG)#
#2026 08 25 11:29:26.908#Z#DEBUG#1118e5ca-a078-11f1-87c7-eeee0a8e79e5.ResilienceCockpit-srv#flowable-async-job-executor-thread-14311#
[PollStageAppStatusExecution] 846298f7-a9cf-4b9f-a20b-63e370407f6e [2026-08-25T08:59:21.042998] Uploaded build artifacts cache (221B) (STDOUT, STG)#
#2026 08 25 11:29:26.908#Z#DEBUG#1118e5ca-a078-11f1-87c7-eeee0a8e79e5.ResilienceCockpit-srv#flowable-async-job-executor-thread-14311#
[PollStageAppStatusExecution] 846298f7-a9cf-4b9f-a20b-63e370407f6e [2026-08-25T08:59:21.658043] Creating droplet for app with guid 846298f7-a9cf-4b9f-a20b-63e370407f6e (STDOUT, API)#
#2026 08 25 11:29:26.908#Z#DEBUG#1118e5ca-a078-11f1-87c7-eeee0a8e79e5.ResilienceCockpit-srv#flowable-async-job-executor-thread-14311#
[PollStageAppStatusExecution] 846298f7-a9cf-4b9f-a20b-63e370407f6e [2026-08-25T08:59:25.731381] Uploaded droplet (70.2M) (STDOUT, STG)#
#2026 08 25 11:29:26.908#Z#DEBUG#1118e5ca-a078-11f1-87c7-eeee0a8e79e5.ResilienceCockpit-srv#flowable-async-job-executor-thread-14311#
[PollStageAppStatusExecution] 846298f7-a9cf-4b9f-a20b-63e370407f6e [2026-08-25T08:59:25.747963] Uploading complete (STDOUT, STG)#
#2026 08 25 11:29:26.908#Z#DEBUG#1118e5ca-a078-11f1-87c7-eeee0a8e79e5.ResilienceCockpit-srv#flowable-async-job-executor-thread-14311#
[PollStageAppStatusExecution] 846298f7-a9cf-4b9f-a20b-63e370407f6e [2026-08-25T08:59:26.505343] Cell 919653e1-7038-451d-ac9f-e4bd0de8dbda stopping instance 76f695f6-f37a-4c94-9b80-3afe211da99a (STDOUT, STG)#
#2026 08 25 11:29:26.908#Z#DEBUG#1118e5ca-a078-11f1-87c7-eeee0a8e79e5.ResilienceCockpit-srv#flowable-async-job-executor-thread-14311#
[PollStageAppStatusExecution] 846298f7-a9cf-4b9f-a20b-63e370407f6e [2026-08-25T08:59:26.505379] Cell 919653e1-7038-451d-ac9f-e4bd0de8dbda destroying container for instance 76f695f6-f37a-4c94-9b80-3afe211da99a (STDOUT, STG)#
#2026 08 25 11:29:26.908#Z#DEBUG#1118e5ca-a078-11f1-87c7-eeee0a8e79e5.ResilienceCockpit-srv#flowable-async-job-executor-thread-14311#
[PollStageAppStatusExecution] 846298f7-a9cf-4b9f-a20b-63e370407f6e [2026-08-25T08:59:26.556420] Staging complete for build 76f695f6-f37a-4c94-9b80-3afe211da99a (STDOUT, API)#
#2026 08 25 11:29:26.908#Z#DEBUG#1118e5ca-a078-11f1-87c7-eeee0a8e79e5.ResilienceCockpit-srv#flowable-async-job-executor-thread-14311#
[PollStageAppStatusExecution] 846298f7-a9cf-4b9f-a20b-63e370407f6e [2026-08-25T08:59:31.573849] Updated app with guid 846298f7-a9cf-4b9f-a20b-63e370407f6e ({:droplet_guid=>"4d6d07b8-488e-4ba6-bbb5-fc9df6442a10"}) (STDOUT, API)#
#2026 08 25 11:29:26.908#Z#DEBUG#1118e5ca-a078-11f1-87c7-eeee0a8e79e5.ResilienceCockpit-srv#flowable-async-job-executor-thread-14311#
[PollStageAppStatusExecution] 846298f7-a9cf-4b9f-a20b-63e370407f6e [2026-08-25T08:59:31.687208] Cell 919653e1-7038-451d-ac9f-e4bd0de8dbda successfully destroyed container for instance 76f695f6-f37a-4c94-9b80-3afe211da99a (STDOUT, STG)#
#2026 08 25 11:29:26.908#Z#DEBUG#1118e5ca-a078-11f1-87c7-eeee0a8e79e5.ResilienceCockpit-srv#flowable-async-job-executor-thread-14311#
[PollStageAppStatusExecution] 846298f7-a9cf-4b9f-a20b-63e370407f6e [2026-08-25T08:59:31.766462] Creating revision for app with guid 846298f7-a9cf-4b9f-a20b-63e370407f6e (STDOUT, API)#
#2026 08 25 11:29:26.908#Z#DEBUG#1118e5ca-a078-11f1-87c7-eeee0a8e79e5.ResilienceCockpit-srv#flowable-async-job-executor-thread-14311#
[PollStageAppStatusExecution] 846298f7-a9cf-4b9f-a20b-63e370407f6e [2026-08-25T08:59:31.821882] Starting app with guid 846298f7-a9cf-4b9f-a20b-63e370407f6e (STDOUT, API)#
#2026 08 25 11:29:26.908#Z#DEBUG#1118e5ca-a078-11f1-87c7-eeee0a8e79e5.ResilienceCockpit-srv#flowable-async-job-executor-thread-14311#
[PollStageAppStatusExecution] 846298f7-a9cf-4b9f-a20b-63e370407f6e [2026-08-25T08:59:32.014366] Cell 2f709810-9b95-445d-9c2a-0d5af0af5ace creating container for instance 938aaffe-c62f-43e5-7cb2-f464 (STDOUT, CELL)#
#2026 08 25 11:29:26.908#Z#DEBUG#1118e5ca-a078-11f1-87c7-eeee0a8e79e5.ResilienceCockpit-srv#flowable-async-job-executor-thread-14311#
[PollStageAppStatusExecution] 846298f7-a9cf-4b9f-a20b-63e370407f6e [2026-08-25T08:59:32.339944] Security group rules were updated (STDOUT, CELL)#
#2026 08 25 11:29:26.908#Z#DEBUG#1118e5ca-a078-11f1-87c7-eeee0a8e79e5.ResilienceCockpit-srv#flowable-async-job-executor-thread-14311#
[PollStageAppStatusExecution] 846298f7-a9cf-4b9f-a20b-63e370407f6e [2026-08-25T08:59:32.390173] Cell 2f709810-9b95-445d-9c2a-0d5af0af5ace successfully created container for instance 938aaffe-c62f-43e5-7cb2-f464 (STDOUT, CELL)#
#2026 08 25 11:29:26.908#Z#DEBUG#1118e5ca-a078-11f1-87c7-eeee0a8e79e5.ResilienceCockpit-srv#flowable-async-job-executor-thread-14311#
[PollStageAppStatusExecution] 846298f7-a9cf-4b9f-a20b-63e370407f6e [2026-08-25T08:59:33.055153] Downloading droplet... (STDOUT, CELL)#
#2026 08 25 11:29:26.908#Z#DEBUG#1118e5ca-a078-11f1-87c7-eeee0a8e79e5.ResilienceCockpit-srv#flowable-async-job-executor-thread-14311#
[PollStageAppStatusExecution] 846298f7-a9cf-4b9f-a20b-63e370407f6e [2026-08-25T08:59:36.541878] Downloaded droplet (70.2M) (STDOUT, CELL)#
#2026 08 25 11:29:26.908#Z#DEBUG#1118e5ca-a078-11f1-87c7-eeee0a8e79e5.ResilienceCockpit-srv#flowable-async-job-executor-thread-14311#
[PollStageAppStatusExecution] 846298f7-a9cf-4b9f-a20b-63e370407f6e [2026-08-25T08:59:36.542118] Starting health monitoring of container (STDOUT, CELL)#
#2026 08 25 11:29:26.908#Z#DEBUG#1118e5ca-a078-11f1-87c7-eeee0a8e79e5.ResilienceCockpit-srv#flowable-async-job-executor-thread-14311#
[PollStageAppStatusExecution] 846298f7-a9cf-4b9f-a20b-63e370407f6e [2026-08-25T08:59:36.592564] Invoking pre-start scripts. (STDOUT, APP/PROC/WEB)#
#2026 08 25 11:29:26.908#Z#DEBUG#1118e5ca-a078-11f1-87c7-eeee0a8e79e5.ResilienceCockpit-srv#flowable-async-job-executor-thread-14311#
[PollStageAppStatusExecution] 846298f7-a9cf-4b9f-a20b-63e370407f6e [2026-08-25T08:59:36.732465] Invoking start command. (STDOUT, APP/PROC/WEB)#
#2026 08 25 11:29:26.908#Z#DEBUG#1118e5ca-a078-11f1-87c7-eeee0a8e79e5.ResilienceCockpit-srv#flowable-async-job-executor-thread-14311#
[PollStageAppStatusExecution] 846298f7-a9cf-4b9f-a20b-63e370407f6e [2026-08-25T08:59:37.028636] > ResilienceCockpit@1.0.0 start (STDOUT, APP/PROC/WEB)#
#2026 08 25 11:29:26.908#Z#DEBUG#1118e5ca-a078-11f1-87c7-eeee0a8e79e5.ResilienceCockpit-srv#flowable-async-job-executor-thread-14311#
[PollStageAppStatusExecution] 846298f7-a9cf-4b9f-a20b-63e370407f6e [2026-08-25T08:59:37.028662] > cds-serve (STDOUT, APP/PROC/WEB)#
#2026 08 25 11:29:26.908#Z#DEBUG#1118e5ca-a078-11f1-87c7-eeee0a8e79e5.ResilienceCockpit-srv#flowable-async-job-executor-thread-14311#
[PollStageAppStatusExecution] 846298f7-a9cf-4b9f-a20b-63e370407f6e [2026-08-25T08:59:37.208505] [cds] - bootstrapping from { file: 'srv/server.js' } (STDOUT, APP/PROC/WEB)#
#2026 08 25 11:29:26.908#Z#DEBUG#1118e5ca-a078-11f1-87c7-eeee0a8e79e5.ResilienceCockpit-srv#flowable-async-job-executor-thread-14311#
[PollStageAppStatusExecution] 846298f7-a9cf-4b9f-a20b-63e370407f6e [2026-08-25T08:59:37.398263] {"level":"info","logger":"cds","timestamp":"2026-08-25T08:59:37.397Z","layer":"cds","component_type":"application","container_id":"10.37.128.5","component_id":"846298f7-a9cf-4b9f-a20b-63e370407f6e","component_name":"ResilienceCockpit-srv","component_instance":0,"source_instance":0,"organization_name":"94060551trial","organization_id":"78e7b825-503f-4bdc-af4e-be86d7f43c8e","space_name":"dev","space_id":"039a1fe6-69a4-4c1e-9b8f-a64d47329d3e","msg":"loaded model from 1 file(s):\n ","type":"log"} (STDOUT, APP/PROC/WEB)#
#2026 08 25 11:29:26.908#Z#DEBUG#1118e5ca-a078-11f1-87c7-eeee0a8e79e5.ResilienceCockpit-srv#flowable-async-job-executor-thread-14311#
[PollStageAppStatusExecution] 846298f7-a9cf-4b9f-a20b-63e370407f6e [2026-08-25T08:59:37.398288] srv/csn.json (STDOUT, APP/PROC/WEB)#
#2026 08 25 11:29:26.908#Z#DEBUG#1118e5ca-a078-11f1-87c7-eeee0a8e79e5.ResilienceCockpit-srv#flowable-async-job-executor-thread-14311#
[PollStageAppStatusExecution] 846298f7-a9cf-4b9f-a20b-63e370407f6e [2026-08-25T08:59:37.576237] {"level":"info","logger":"cds","timestamp":"2026-08-25T08:59:37.575Z","layer":"cds","component_type":"application","container_id":"10.37.128.5","component_id":"846298f7-a9cf-4b9f-a20b-63e370407f6e","component_name":"ResilienceCockpit-srv","component_instance":0,"source_instance":0,"organization_name":"94060551trial","organization_id":"78e7b825-503f-4bdc-af4e-be86d7f43c8e","space_name":"dev","space_id":"039a1fe6-69a4-4c1e-9b8f-a64d47329d3e","msg":"connect to db > hana {\n  url: 'jdbc:sap://eb9e608b-a8d8-462e-98e7-906abde25244.hna0.prod-us10.hanacloud.ondemand.com:443?encrypt=true&validateCertificate=true&currentschema=8697B1A4A8B84AC49EFF171810969752',\n  database_id: 'eb9e608b-a8d8-462e-98e7-906abde25244',\n  host: 'eb9e608b-a8d8-462e-98e7-906abde25244.hna0.prod-us10.hanacloud.ondemand.com',\n  port: '443',\n  driver: 'com.sap.db.jdbc.Driver',\n  schema: '8697B1A4A8B84AC49EFF171810969752',\n  certificate: '...',\n  hdi_user: '8697B1A4A8B84AC49EFF171810969752_B4SCSXTFML48V8NFH3EQ9TGHU_DT',\n  hdi_password: '...',\n  user: '8697B1A4A8B84AC49EFF171810969752_B4SCSXTFML48V8NFH3EQ9TGHU_RT',\n  password: '...'\n}","type":"log"} (STDOUT, APP/PROC/WEB)#
#2026 08 25 11:29:26.908#Z#DEBUG#1118e5ca-a078-11f1-87c7-eeee0a8e79e5.ResilienceCockpit-srv#flowable-async-job-executor-thread-14311#
[PollStageAppStatusExecution] 846298f7-a9cf-4b9f-a20b-63e370407f6e [2026-08-25T08:59:37.669577] {"level":"info","logger":"cds","timestamp":"2026-08-25T08:59:37.669Z","layer":"cds","component_type":"application","container_id":"10.37.128.5","component_id":"846298f7-a9cf-4b9f-a20b-63e370407f6e","component_name":"ResilienceCockpit-srv","component_instance":0,"source_instance":0,"organization_name":"94060551trial","organization_id":"78e7b825-503f-4bdc-af4e-be86d7f43c8e","space_name":"dev","space_id":"039a1fe6-69a4-4c1e-9b8f-a64d47329d3e","msg":"connect to ShippingCostAPI > rest { destination: 'jsondb' }","type":"log"} (STDOUT, APP/PROC/WEB)#
#2026 08 25 11:29:26.908#Z#DEBUG#1118e5ca-a078-11f1-87c7-eeee0a8e79e5.ResilienceCockpit-srv#flowable-async-job-executor-thread-14311#
[PollStageAppStatusExecution] 846298f7-a9cf-4b9f-a20b-63e370407f6e [2026-08-25T08:59:37.670120] {"level":"info","logger":"cds","timestamp":"2026-08-25T08:59:37.669Z","layer":"cds","component_type":"application","container_id":"10.37.128.5","component_id":"846298f7-a9cf-4b9f-a20b-63e370407f6e","component_name":"ResilienceCockpit-srv","component_instance":0,"source_instance":0,"organization_name":"94060551trial","organization_id":"78e7b825-503f-4bdc-af4e-be86d7f43c8e","space_name":"dev","space_id":"039a1fe6-69a4-4c1e-9b8f-a64d47329d3e","msg":"connect to API_INFORECORD_PROCESS_SRV > odata-v2 { destination: 'SAP_API_HUB' }","type":"log"} (STDOUT, APP/PROC/WEB)#
#2026 08 25 11:29:26.908#Z#DEBUG#1118e5ca-a078-11f1-87c7-eeee0a8e79e5.ResilienceCockpit-srv#flowable-async-job-executor-thread-14311#
[PollStageAppStatusExecution] 846298f7-a9cf-4b9f-a20b-63e370407f6e [2026-08-25T08:59:37.684271] {"level":"info","logger":"cds","timestamp":"2026-08-25T08:59:37.683Z","layer":"cds","component_type":"application","container_id":"10.37.128.5","component_id":"846298f7-a9cf-4b9f-a20b-63e370407f6e","component_name":"ResilienceCockpit-srv","component_instance":0,"source_instance":0,"organization_name":"94060551trial","organization_id":"78e7b825-503f-4bdc-af4e-be86d7f43c8e","space_name":"dev","space_id":"039a1fe6-69a4-4c1e-9b8f-a64d47329d3e","msg":"using auth strategy { kind: 'xsuaa' }","type":"log"} (STDOUT, APP/PROC/WEB)#
#2026 08 25 11:29:26.908#Z#DEBUG#1118e5ca-a078-11f1-87c7-eeee0a8e79e5.ResilienceCockpit-srv#flowable-async-job-executor-thread-14311#
[PollStageAppStatusExecution] 846298f7-a9cf-4b9f-a20b-63e370407f6e [2026-08-25T08:59:37.718837] {"level":"info","logger":"cds","timestamp":"2026-08-25T08:59:37.718Z","layer":"cds","component_type":"application","container_id":"10.37.128.5","component_id":"846298f7-a9cf-4b9f-a20b-63e370407f6e","component_name":"ResilienceCockpit-srv","component_instance":0,"source_instance":0,"organization_name":"94060551trial","organization_id":"78e7b825-503f-4bdc-af4e-be86d7f43c8e","space_name":"dev","space_id":"039a1fe6-69a4-4c1e-9b8f-a64d47329d3e","msg":"serving ResilienceCockpitService {\n  at: [ '/service/ResilienceCockpitService' ],\n  decl: 'srv/csn.json:313',\n  impl: 'srv/service.js'\n}","type":"log"} (STDOUT, APP/PROC/WEB)#
#2026 08 25 11:29:26.908#Z#DEBUG#1118e5ca-a078-11f1-87c7-eeee0a8e79e5.ResilienceCockpit-srv#flowable-async-job-executor-thread-14311#
[PollStageAppStatusExecution] 846298f7-a9cf-4b9f-a20b-63e370407f6e [2026-08-25T08:59:37.722913] {"level":"info","logger":"cds","timestamp":"2026-08-25T08:59:37.722Z","layer":"cds","component_type":"application","container_id":"10.37.128.5","component_id":"846298f7-a9cf-4b9f-a20b-63e370407f6e","component_name":"ResilienceCockpit-srv","component_instance":0,"source_instance":0,"organization_name":"94060551trial","organization_id":"78e7b825-503f-4bdc-af4e-be86d7f43c8e","space_name":"dev","space_id":"039a1fe6-69a4-4c1e-9b8f-a64d47329d3e","msg":"server listening on { url: 'http://localhost:8080' }","type":"log"} (STDOUT, APP/PROC/WEB)#
#2026 08 25 11:29:26.908#Z#DEBUG#1118e5ca-a078-11f1-87c7-eeee0a8e79e5.ResilienceCockpit-srv#flowable-async-job-executor-thread-14311#
[PollStageAppStatusExecution] 846298f7-a9cf-4b9f-a20b-63e370407f6e [2026-08-25T08:59:37.722946] {"level":"info","logger":"cds","timestamp":"2026-08-25T08:59:37.722Z","layer":"cds","component_type":"application","container_id":"10.37.128.5","component_id":"846298f7-a9cf-4b9f-a20b-63e370407f6e","component_name":"ResilienceCockpit-srv","component_instance":0,"source_instance":0,"organization_name":"94060551trial","organization_id":"78e7b825-503f-4bdc-af4e-be86d7f43c8e","space_name":"dev","space_id":"039a1fe6-69a4-4c1e-9b8f-a64d47329d3e","msg":"server v9.9.3 launched in 685 ms","type":"log"} (STDOUT, APP/PROC/WEB)#
#2026 08 25 11:29:26.908#Z#DEBUG#1118e5ca-a078-11f1-87c7-eeee0a8e79e5.ResilienceCockpit-srv#flowable-async-job-executor-thread-14311#
[PollStageAppStatusExecution] 846298f7-a9cf-4b9f-a20b-63e370407f6e [2026-08-25T08:59:40.298973] Container became healthy (STDOUT, CELL)#
#2026 08 25 11:29:26.908#Z#DEBUG#1118e5ca-a078-11f1-87c7-eeee0a8e79e5.ResilienceCockpit-srv#flowable-async-job-executor-thread-14311#
[PollStageAppStatusExecution] 846298f7-a9cf-4b9f-a20b-63e370407f6e [2026-08-25T08:59:40.324238] Process became ready with guid 846298f7-a9cf-4b9f-a20b-63e370407f6e payload: {"instance"=>"938aaffe-c62f-43e5-7cb2-f464", "index"=>0, "cell_id"=>"2f709810-9b95-445d-9c2a-0d5af0af5ace", "ready"=>true, "version"=>"c097c776-a950-44e3-8429-2e7f4b8193d9"} (STDOUT, API)#
#2026 08 25 11:29:26.908#Z#DEBUG#1118e5ca-a078-11f1-87c7-eeee0a8e79e5.ResilienceCockpit-srv#flowable-async-job-executor-thread-14311#
[PollStageAppStatusExecution] 846298f7-a9cf-4b9f-a20b-63e370407f6e [2026-08-25T09:00:08.030841] Cell f95ef7fb-a2f2-480d-af80-cd44d0d9846b destroying container for instance 33a1bb3e-f030-47b9-7dfd-07df (STDOUT, CELL)#
#2026 08 25 11:29:26.908#Z#DEBUG#1118e5ca-a078-11f1-87c7-eeee0a8e79e5.ResilienceCockpit-srv#flowable-async-job-executor-thread-14311#
[PollStageAppStatusExecution] 846298f7-a9cf-4b9f-a20b-63e370407f6e [2026-08-25T09:00:08.102101] Exit status 137 (STDOUT, PROXY)#
#2026 08 25 11:29:26.908#Z#DEBUG#1118e5ca-a078-11f1-87c7-eeee0a8e79e5.ResilienceCockpit-srv#flowable-async-job-executor-thread-14311#
[PollStageAppStatusExecution] 846298f7-a9cf-4b9f-a20b-63e370407f6e [2026-08-25T09:00:09.281683] Cell f95ef7fb-a2f2-480d-af80-cd44d0d9846b successfully destroyed container for instance 33a1bb3e-f030-47b9-7dfd-07df (STDOUT, CELL)#
#2026 08 25 11:29:26.908#Z#DEBUG#1118e5ca-a078-11f1-87c7-eeee0a8e79e5.ResilienceCockpit-srv#flowable-async-job-executor-thread-14311#
[PollStageAppStatusExecution] 846298f7-a9cf-4b9f-a20b-63e370407f6e [2026-08-25T09:03:18.872588] 94060551trial-dev-resiliencecockpit-srv.cfapps.us10-003.hana.ondemand.com - [2026-08-25T09:03:18.858061676Z] "GET / HTTP/2.0" 404 0 139 "-" "Mozilla/5.0 (Windows NT 10.0; Win64; x64) AppleWebKit/537.36 (KHTML, like Gecko) Chrome/151.0.0.0 Safari/537.36" "10.0.136.2:11760" "10.37.128.5:61007" x_forwarded_for:"103.99.9.201, 10.0.136.2" x_forwarded_proto:"https" vcap_request_id:"f6134fc6-a3b0-4804-40c4-a51d3412026f" response_time:0.014321 gorouter_time:0.000119 app_id:"846298f7-a9cf-4b9f-a20b-63e370407f6e" app_index:"0" instance_id:"938aaffe-c62f-43e5-7cb2-f464" failed_attempts:0 failed_attempts_time:"-" dns_time:0.000000 dial_time:0.000577 tls_time:0.007105 backend_time:0.014202 local_address:"10.0.129.9:1112" x_cf_routererror:"-" x_correlationid:"-" tenantid:"-" sap_passport:"-" x_scp_request_id:"9a95623f-42a5-469d-95a8-3eb604a42e6d-6A8D5A56-C6181" x_cf_app_instance:"-" x_forwarded_host:"-" x_custom_host:"-" x_ssl_client:"-" x_ssl_client_session_id:"-" x_ssl_client_verify:"-" x_ssl_client_subject_dn:"-" x_ssl_client_subject_cn:"-" x_ssl_client_issuer_dn:"-" x_ssl_client_notbefore:"-" x_ssl_client_notafter:"-" x_cf_forwarded_url:"-" traceparent:"-" true_client_ip:"-" x_cf_true_client_ip:"103.99.9.201" x_request_id:"-" x_b3_traceid:"f6134fc6a3b0480440c4a51d3412026f" x_b3_spanid:"40c4a51d3412026f" x_b3_parentspanid:"-" b3:"f6134fc6a3b0480440c4a51d3412026f-40c4a51d3412026f" (STDOUT, RTR)#
#2026 08 25 11:29:26.908#Z#DEBUG#1118e5ca-a078-11f1-87c7-eeee0a8e79e5.ResilienceCockpit-srv#flowable-async-job-executor-thread-14311#
[PollStageAppStatusExecution] 846298f7-a9cf-4b9f-a20b-63e370407f6e [2026-08-25T09:03:21.736974] 94060551trial-dev-resiliencecockpit-srv.cfapps.us10-003.hana.ondemand.com - [2026-08-25T09:03:21.733883915Z] "GET / HTTP/2.0" 404 0 139 "-" "Mozilla/5.0 (Windows NT 10.0; Win64; x64) AppleWebKit/537.36 (KHTML, like Gecko) Chrome/151.0.0.0 Safari/537.36" "10.0.136.2:10948" "10.37.128.5:61007" x_forwarded_for:"103.99.9.201, 10.0.136.2" x_forwarded_proto:"https" vcap_request_id:"ca2b90c1-29b6-4886-6e28-6f509399c188" response_time:0.002844 gorouter_time:0.000113 app_id:"846298f7-a9cf-4b9f-a20b-63e370407f6e" app_index:"0" instance_id:"938aaffe-c62f-43e5-7cb2-f464" failed_attempts:0 failed_attempts_time:"-" dns_time:0.000000 dial_time:0.000000 tls_time:0.000000 backend_time:0.002731 local_address:"10.0.129.9:1112" x_cf_routererror:"-" x_correlationid:"-" tenantid:"-" sap_passport:"-" x_scp_request_id:"9a95623f-42a5-469d-95a8-3eb604a42e6d-6A8D5A56-C6193" x_cf_app_instance:"-" x_forwarded_host:"-" x_custom_host:"-" x_ssl_client:"-" x_ssl_client_session_id:"-" x_ssl_client_verify:"-" x_ssl_client_subject_dn:"-" x_ssl_client_subject_cn:"-" x_ssl_client_issuer_dn:"-" x_ssl_client_notbefore:"-" x_ssl_client_notafter:"-" x_cf_forwarded_url:"-" traceparent:"-" true_client_ip:"-" x_cf_true_client_ip:"103.99.9.201" x_request_id:"-" x_b3_traceid:"ca2b90c129b648866e286f509399c188" x_b3_spanid:"6e286f509399c188" x_b3_parentspanid:"-" b3:"ca2b90c129b648866e286f509399c188-6e286f509399c188" (STDOUT, RTR)#
#2026 08 25 11:29:26.908#Z#DEBUG#1118e5ca-a078-11f1-87c7-eeee0a8e79e5.ResilienceCockpit-srv#flowable-async-job-executor-thread-14311#
[PollStageAppStatusExecution] 846298f7-a9cf-4b9f-a20b-63e370407f6e [2026-08-25T10:36:28.320681] Updated app with guid 846298f7-a9cf-4b9f-a20b-63e370407f6e ({"lifecycle"=>{"data"=>{"buildpacks"=>["nodejs_buildpack"]}, "type"=>"buildpack"}}) (STDOUT, API)#
#2026 08 25 11:29:26.908#Z#DEBUG#1118e5ca-a078-11f1-87c7-eeee0a8e79e5.ResilienceCockpit-srv#flowable-async-job-executor-thread-14311#
[PollStageAppStatusExecution] 846298f7-a9cf-4b9f-a20b-63e370407f6e [2026-08-25T10:36:28.401040] Updating process: "web" (STDOUT, API)#
#2026 08 25 11:29:26.908#Z#DEBUG#1118e5ca-a078-11f1-87c7-eeee0a8e79e5.ResilienceCockpit-srv#flowable-async-job-executor-thread-14311#
[PollStageAppStatusExecution] 846298f7-a9cf-4b9f-a20b-63e370407f6e [2026-08-25T10:37:04.895702] Uploading app package for app with guid 846298f7-a9cf-4b9f-a20b-63e370407f6e (STDOUT, API)#
#2026 08 25 11:29:26.908#Z#DEBUG#1118e5ca-a078-11f1-87c7-eeee0a8e79e5.ResilienceCockpit-srv#flowable-async-job-executor-thread-14311#
[PollStageAppStatusExecution] 846298f7-a9cf-4b9f-a20b-63e370407f6e [2026-08-25T10:37:05.074398] Updated app with guid 846298f7-a9cf-4b9f-a20b-63e370407f6e ({"environment_variables"=>"[PRIVATE DATA HIDDEN]"}) (STDOUT, API)#
#2026 08 25 11:29:26.908#Z#DEBUG#1118e5ca-a078-11f1-87c7-eeee0a8e79e5.ResilienceCockpit-srv#flowable-async-job-executor-thread-14311#
[PollStageAppStatusExecution] 846298f7-a9cf-4b9f-a20b-63e370407f6e [2026-08-25T10:37:14.792810] Stopping app with guid 846298f7-a9cf-4b9f-a20b-63e370407f6e (STDOUT, API)#
#2026 08 25 11:29:26.908#Z#DEBUG#1118e5ca-a078-11f1-87c7-eeee0a8e79e5.ResilienceCockpit-srv#flowable-async-job-executor-thread-14311#
[PollStageAppStatusExecution] 846298f7-a9cf-4b9f-a20b-63e370407f6e [2026-08-25T10:37:14.837247] Cell 2f709810-9b95-445d-9c2a-0d5af0af5ace stopping instance 938aaffe-c62f-43e5-7cb2-f464 (STDOUT, CELL)#
#2026 08 25 11:29:26.908#Z#DEBUG#1118e5ca-a078-11f1-87c7-eeee0a8e79e5.ResilienceCockpit-srv#flowable-async-job-executor-thread-14311#
[PollStageAppStatusExecution] 846298f7-a9cf-4b9f-a20b-63e370407f6e [2026-08-25T10:37:15.030220] Creating build for app with guid 846298f7-a9cf-4b9f-a20b-63e370407f6e (STDOUT, API)#
#2026 08 25 11:29:26.908#Z#DEBUG#1118e5ca-a078-11f1-87c7-eeee0a8e79e5.ResilienceCockpit-srv#flowable-async-job-executor-thread-14311#
[PollStageAppStatusExecution] 846298f7-a9cf-4b9f-a20b-63e370407f6e [2026-08-25T10:37:15.350793] Downloading nodejs_buildpack... (STDOUT, STG)#
#2026 08 25 11:29:26.908#Z#DEBUG#1118e5ca-a078-11f1-87c7-eeee0a8e79e5.ResilienceCockpit-srv#flowable-async-job-executor-thread-14311#
[PollStageAppStatusExecution] 846298f7-a9cf-4b9f-a20b-63e370407f6e [2026-08-25T10:37:15.390463] Downloaded nodejs_buildpack (STDOUT, STG)#
#2026 08 25 11:29:26.908#Z#DEBUG#1118e5ca-a078-11f1-87c7-eeee0a8e79e5.ResilienceCockpit-srv#flowable-async-job-executor-thread-14311#
[PollStageAppStatusExecution] 846298f7-a9cf-4b9f-a20b-63e370407f6e [2026-08-25T10:37:15.390542] Cell 13752499-11e5-4ce9-a7df-2188d5ab1e0d creating container for instance 8290d0f0-8659-439f-8467-d4256a112759 (STDOUT, STG)#
#2026 08 25 11:29:26.908#Z#DEBUG#1118e5ca-a078-11f1-87c7-eeee0a8e79e5.ResilienceCockpit-srv#flowable-async-job-executor-thread-14311#
[PollStageAppStatusExecution] 846298f7-a9cf-4b9f-a20b-63e370407f6e [2026-08-25T10:37:15.699725] Security group rules were updated (STDOUT, STG)#
#2026 08 25 11:29:26.908#Z#DEBUG#1118e5ca-a078-11f1-87c7-eeee0a8e79e5.ResilienceCockpit-srv#flowable-async-job-executor-thread-14311#
[PollStageAppStatusExecution] 846298f7-a9cf-4b9f-a20b-63e370407f6e [2026-08-25T10:37:15.766597] Cell 13752499-11e5-4ce9-a7df-2188d5ab1e0d successfully created container for instance 8290d0f0-8659-439f-8467-d4256a112759 (STDOUT, STG)#
#2026 08 25 11:29:26.908#Z#DEBUG#1118e5ca-a078-11f1-87c7-eeee0a8e79e5.ResilienceCockpit-srv#flowable-async-job-executor-thread-14311#
[PollStageAppStatusExecution] 846298f7-a9cf-4b9f-a20b-63e370407f6e [2026-08-25T10:37:16.140756] Downloading app package... (STDOUT, STG)#
#2026 08 25 11:29:26.908#Z#DEBUG#1118e5ca-a078-11f1-87c7-eeee0a8e79e5.ResilienceCockpit-srv#flowable-async-job-executor-thread-14311#
[PollStageAppStatusExecution] 846298f7-a9cf-4b9f-a20b-63e370407f6e [2026-08-25T10:37:16.140772] Downloading build artifacts cache... (STDOUT, STG)#
#2026 08 25 11:29:26.908#Z#DEBUG#1118e5ca-a078-11f1-87c7-eeee0a8e79e5.ResilienceCockpit-srv#flowable-async-job-executor-thread-14311#
[PollStageAppStatusExecution] 846298f7-a9cf-4b9f-a20b-63e370407f6e [2026-08-25T10:37:16.200639] Downloaded build artifacts cache (221B) (STDOUT, STG)#
#2026 08 25 11:29:26.908#Z#DEBUG#1118e5ca-a078-11f1-87c7-eeee0a8e79e5.ResilienceCockpit-srv#flowable-async-job-executor-thread-14311#
[PollStageAppStatusExecution] 846298f7-a9cf-4b9f-a20b-63e370407f6e [2026-08-25T10:37:17.176320] Downloaded app package (15.2M) (STDOUT, STG)#
#2026 08 25 11:29:26.908#Z#DEBUG#1118e5ca-a078-11f1-87c7-eeee0a8e79e5.ResilienceCockpit-srv#flowable-async-job-executor-thread-14311#
[PollStageAppStatusExecution] 846298f7-a9cf-4b9f-a20b-63e370407f6e [2026-08-25T10:37:17.226840] -----> Nodejs Buildpack version 1.9.3 (STDOUT, STG)#
#2026 08 25 11:29:26.908#Z#DEBUG#1118e5ca-a078-11f1-87c7-eeee0a8e79e5.ResilienceCockpit-srv#flowable-async-job-executor-thread-14311#
[PollStageAppStatusExecution] 846298f7-a9cf-4b9f-a20b-63e370407f6e [2026-08-25T10:37:17.574730] -----> Bootstrapping python (STDOUT, STG)#
#2026 08 25 11:29:26.908#Z#DEBUG#1118e5ca-a078-11f1-87c7-eeee0a8e79e5.ResilienceCockpit-srv#flowable-async-job-executor-thread-14311#
[PollStageAppStatusExecution] 846298f7-a9cf-4b9f-a20b-63e370407f6e [2026-08-25T10:37:17.574758] -----> Installing python 3.13.14 (STDOUT, STG)#
#2026 08 25 11:29:26.908#Z#DEBUG#1118e5ca-a078-11f1-87c7-eeee0a8e79e5.ResilienceCockpit-srv#flowable-async-job-executor-thread-14311#
[PollStageAppStatusExecution] 846298f7-a9cf-4b9f-a20b-63e370407f6e [2026-08-25T10:37:17.574779] Copy [/tmp/buildpacks/adc5840e3e50b48d/dependencies/4b4266a2ff36730aef37b88b668ca327/python_3.13.14_linux_x64_cflinuxfs4_b80d4954.tgz] (STDOUT, STG)#
#2026 08 25 11:29:26.908#Z#DEBUG#1118e5ca-a078-11f1-87c7-eeee0a8e79e5.ResilienceCockpit-srv#flowable-async-job-executor-thread-14311#
[PollStageAppStatusExecution] 846298f7-a9cf-4b9f-a20b-63e370407f6e [2026-08-25T10:37:20.559852] -----> Installing binaries (STDOUT, STG)#
#2026 08 25 11:29:26.908#Z#DEBUG#1118e5ca-a078-11f1-87c7-eeee0a8e79e5.ResilienceCockpit-srv#flowable-async-job-executor-thread-14311#
[PollStageAppStatusExecution] 846298f7-a9cf-4b9f-a20b-63e370407f6e [2026-08-25T10:37:20.559898] engines.node (package.json): >=20 (STDOUT, STG)#
#2026 08 25 11:29:26.908#Z#DEBUG#1118e5ca-a078-11f1-87c7-eeee0a8e79e5.ResilienceCockpit-srv#flowable-async-job-executor-thread-14311#
[PollStageAppStatusExecution] 846298f7-a9cf-4b9f-a20b-63e370407f6e [2026-08-25T10:37:20.559906] engines.npm (package.json): unspecified (use default) (STDOUT, STG)#
#2026 08 25 11:29:26.908#Z#DEBUG#1118e5ca-a078-11f1-87c7-eeee0a8e79e5.ResilienceCockpit-srv#flowable-async-job-executor-thread-14311#
[PollStageAppStatusExecution] 846298f7-a9cf-4b9f-a20b-63e370407f6e [2026-08-25T10:37:20.559911] [31;1m**WARNING**[0m Dangerous semver range (>) in engines.node. See: http://docs.cloudfoundry.org/buildpacks/node/node-tips.html (STDOUT, STG)#
#2026 08 25 11:29:26.908#Z#DEBUG#1118e5ca-a078-11f1-87c7-eeee0a8e79e5.ResilienceCockpit-srv#flowable-async-job-executor-thread-14311#
[PollStageAppStatusExecution] 846298f7-a9cf-4b9f-a20b-63e370407f6e [2026-08-25T10:37:20.560073] -----> Installing node 24.18.0 (STDOUT, STG)#
#2026 08 25 11:29:26.908#Z#DEBUG#1118e5ca-a078-11f1-87c7-eeee0a8e79e5.ResilienceCockpit-srv#flowable-async-job-executor-thread-14311#
[PollStageAppStatusExecution] 846298f7-a9cf-4b9f-a20b-63e370407f6e [2026-08-25T10:37:20.560114] Copy [/tmp/buildpacks/adc5840e3e50b48d/dependencies/dffbbb835fcd073c4544f78eb6247fac/node_24.18.0_linux_x64_cflinuxfs4_cdfed650.tgz] (STDOUT, STG)#
#2026 08 25 11:29:26.908#Z#DEBUG#1118e5ca-a078-11f1-87c7-eeee0a8e79e5.ResilienceCockpit-srv#flowable-async-job-executor-thread-14311#
[PollStageAppStatusExecution] 846298f7-a9cf-4b9f-a20b-63e370407f6e [2026-08-25T10:37:22.278997] Using default npm version: 11.16.0 (STDOUT, STG)#
#2026 08 25 11:29:26.908#Z#DEBUG#1118e5ca-a078-11f1-87c7-eeee0a8e79e5.ResilienceCockpit-srv#flowable-async-job-executor-thread-14311#
[PollStageAppStatusExecution] 846298f7-a9cf-4b9f-a20b-63e370407f6e [2026-08-25T10:37:22.279032] -----> Installing yarn 1.22.22 (STDOUT, STG)#
#2026 08 25 11:29:26.908#Z#DEBUG#1118e5ca-a078-11f1-87c7-eeee0a8e79e5.ResilienceCockpit-srv#flowable-async-job-executor-thread-14311#
[PollStageAppStatusExecution] 846298f7-a9cf-4b9f-a20b-63e370407f6e [2026-08-25T10:37:22.279157] Copy [/tmp/buildpacks/adc5840e3e50b48d/dependencies/e4fe26756e9984a665478d350474fa2e/yarn_1.22.22_linux_noarch_any-stack_b6132b86.tgz] (STDOUT, STG)#
#2026 08 25 11:29:26.908#Z#DEBUG#1118e5ca-a078-11f1-87c7-eeee0a8e79e5.ResilienceCockpit-srv#flowable-async-job-executor-thread-14311#
[PollStageAppStatusExecution] 846298f7-a9cf-4b9f-a20b-63e370407f6e [2026-08-25T10:37:22.528978] Installed yarn 1.22.22 (STDOUT, STG)#
#2026 08 25 11:29:26.908#Z#DEBUG#1118e5ca-a078-11f1-87c7-eeee0a8e79e5.ResilienceCockpit-srv#flowable-async-job-executor-thread-14311#
[PollStageAppStatusExecution] 846298f7-a9cf-4b9f-a20b-63e370407f6e [2026-08-25T10:37:22.529006] -----> Creating runtime environment (STDOUT, STG)#
#2026 08 25 11:29:26.908#Z#DEBUG#1118e5ca-a078-11f1-87c7-eeee0a8e79e5.ResilienceCockpit-srv#flowable-async-job-executor-thread-14311#
[PollStageAppStatusExecution] 846298f7-a9cf-4b9f-a20b-63e370407f6e [2026-08-25T10:37:22.530365] NODE_ENV=production (STDOUT, STG)#
#2026 08 25 11:29:26.908#Z#DEBUG#1118e5ca-a078-11f1-87c7-eeee0a8e79e5.ResilienceCockpit-srv#flowable-async-job-executor-thread-14311#
[PollStageAppStatusExecution] 846298f7-a9cf-4b9f-a20b-63e370407f6e [2026-08-25T10:37:22.530386] NODE_HOME=/tmp/contents34026381/deps/0/node (STDOUT, STG)#
#2026 08 25 11:29:26.908#Z#DEBUG#1118e5ca-a078-11f1-87c7-eeee0a8e79e5.ResilienceCockpit-srv#flowable-async-job-executor-thread-14311#
[PollStageAppStatusExecution] 846298f7-a9cf-4b9f-a20b-63e370407f6e [2026-08-25T10:37:22.530389] NODE_MODULES_CACHE=true (STDOUT, STG)#
#2026 08 25 11:29:26.908#Z#DEBUG#1118e5ca-a078-11f1-87c7-eeee0a8e79e5.ResilienceCockpit-srv#flowable-async-job-executor-thread-14311#
[PollStageAppStatusExecution] 846298f7-a9cf-4b9f-a20b-63e370407f6e [2026-08-25T10:37:22.530391] NODE_VERBOSE=false (STDOUT, STG)#
#2026 08 25 11:29:26.908#Z#DEBUG#1118e5ca-a078-11f1-87c7-eeee0a8e79e5.ResilienceCockpit-srv#flowable-async-job-executor-thread-14311#
[PollStageAppStatusExecution] 846298f7-a9cf-4b9f-a20b-63e370407f6e [2026-08-25T10:37:22.530393] NPM_CONFIG_LOGLEVEL=error (STDOUT, STG)#
#2026 08 25 11:29:26.908#Z#DEBUG#1118e5ca-a078-11f1-87c7-eeee0a8e79e5.ResilienceCockpit-srv#flowable-async-job-executor-thread-14311#
[PollStageAppStatusExecution] 846298f7-a9cf-4b9f-a20b-63e370407f6e [2026-08-25T10:37:22.530396] NPM_CONFIG_PRODUCTION=true (STDOUT, STG)#
#2026 08 25 11:29:26.908#Z#DEBUG#1118e5ca-a078-11f1-87c7-eeee0a8e79e5.ResilienceCockpit-srv#flowable-async-job-executor-thread-14311#
[PollStageAppStatusExecution] 846298f7-a9cf-4b9f-a20b-63e370407f6e [2026-08-25T10:37:22.530399] -----> Building dependencies (STDOUT, STG)#
#2026 08 25 11:29:26.908#Z#DEBUG#1118e5ca-a078-11f1-87c7-eeee0a8e79e5.ResilienceCockpit-srv#flowable-async-job-executor-thread-14311#
[PollStageAppStatusExecution] 846298f7-a9cf-4b9f-a20b-63e370407f6e [2026-08-25T10:37:22.530401] Prebuild detected (node_modules already exists) (STDOUT, STG)#
#2026 08 25 11:29:26.908#Z#DEBUG#1118e5ca-a078-11f1-87c7-eeee0a8e79e5.ResilienceCockpit-srv#flowable-async-job-executor-thread-14311#
[PollStageAppStatusExecution] 846298f7-a9cf-4b9f-a20b-63e370407f6e [2026-08-25T10:37:22.530403] Rebuilding any native modules (STDOUT, STG)#
#2026 08 25 11:29:26.908#Z#DEBUG#1118e5ca-a078-11f1-87c7-eeee0a8e79e5.ResilienceCockpit-srv#flowable-async-job-executor-thread-14311#
[PollStageAppStatusExecution] 846298f7-a9cf-4b9f-a20b-63e370407f6e [2026-08-25T10:37:23.097228] rebuilt dependencies successfully (STDOUT, STG)#
#2026 08 25 11:29:26.908#Z#DEBUG#1118e5ca-a078-11f1-87c7-eeee0a8e79e5.ResilienceCockpit-srv#flowable-async-job-executor-thread-14311#
[PollStageAppStatusExecution] 846298f7-a9cf-4b9f-a20b-63e370407f6e [2026-08-25T10:37:23.098686] npm notice (STDOUT, STG)#
#2026 08 25 11:29:26.908#Z#DEBUG#1118e5ca-a078-11f1-87c7-eeee0a8e79e5.ResilienceCockpit-srv#flowable-async-job-executor-thread-14311#
[PollStageAppStatusExecution] 846298f7-a9cf-4b9f-a20b-63e370407f6e [2026-08-25T10:37:23.098715] npm notice New major version of npm available! 11.16.0 -> 12.0.2 (STDOUT, STG)#
#2026 08 25 11:29:26.908#Z#DEBUG#1118e5ca-a078-11f1-87c7-eeee0a8e79e5.ResilienceCockpit-srv#flowable-async-job-executor-thread-14311#
[PollStageAppStatusExecution] 846298f7-a9cf-4b9f-a20b-63e370407f6e [2026-08-25T10:37:23.098724] npm notice Changelog: https://github.com/npm/cli/releases/tag/v12.0.2 (STDOUT, STG)#
#2026 08 25 11:29:26.908#Z#DEBUG#1118e5ca-a078-11f1-87c7-eeee0a8e79e5.ResilienceCockpit-srv#flowable-async-job-executor-thread-14311#
[PollStageAppStatusExecution] 846298f7-a9cf-4b9f-a20b-63e370407f6e [2026-08-25T10:37:23.098728] npm notice To update run: npm install -g npm@12.0.2 (STDOUT, STG)#
#2026 08 25 11:29:26.908#Z#DEBUG#1118e5ca-a078-11f1-87c7-eeee0a8e79e5.ResilienceCockpit-srv#flowable-async-job-executor-thread-14311#
[PollStageAppStatusExecution] 846298f7-a9cf-4b9f-a20b-63e370407f6e [2026-08-25T10:37:23.098732] npm notice (STDOUT, STG)#
#2026 08 25 11:29:26.908#Z#DEBUG#1118e5ca-a078-11f1-87c7-eeee0a8e79e5.ResilienceCockpit-srv#flowable-async-job-executor-thread-14311#
[PollStageAppStatusExecution] 846298f7-a9cf-4b9f-a20b-63e370407f6e [2026-08-25T10:37:23.146162] Installing any new modules (package.json + package-lock.json) (STDOUT, STG)#
#2026 08 25 11:29:26.908#Z#DEBUG#1118e5ca-a078-11f1-87c7-eeee0a8e79e5.ResilienceCockpit-srv#flowable-async-job-executor-thread-14311#
[PollStageAppStatusExecution] 846298f7-a9cf-4b9f-a20b-63e370407f6e [2026-08-25T10:37:23.793522] up to date in 588ms (STDOUT, STG)#
#2026 08 25 11:29:26.908#Z#DEBUG#1118e5ca-a078-11f1-87c7-eeee0a8e79e5.ResilienceCockpit-srv#flowable-async-job-executor-thread-14311#
[PollStageAppStatusExecution] 846298f7-a9cf-4b9f-a20b-63e370407f6e [2026-08-25T10:37:23.793561] 37 packages are looking for funding (STDOUT, STG)#
#2026 08 25 11:29:26.908#Z#DEBUG#1118e5ca-a078-11f1-87c7-eeee0a8e79e5.ResilienceCockpit-srv#flowable-async-job-executor-thread-14311#
[PollStageAppStatusExecution] 846298f7-a9cf-4b9f-a20b-63e370407f6e [2026-08-25T10:37:23.793704] run `npm fund` for details (STDOUT, STG)#
#2026 08 25 11:29:26.908#Z#DEBUG#1118e5ca-a078-11f1-87c7-eeee0a8e79e5.ResilienceCockpit-srv#flowable-async-job-executor-thread-14311#
[PollStageAppStatusExecution] 846298f7-a9cf-4b9f-a20b-63e370407f6e [2026-08-25T10:37:24.551466] Contrast Security no credentials found. Will not write environment files. (STDOUT, STG)#
#2026 08 25 11:29:26.908#Z#DEBUG#1118e5ca-a078-11f1-87c7-eeee0a8e79e5.ResilienceCockpit-srv#flowable-async-job-executor-thread-14311#
[PollStageAppStatusExecution] 846298f7-a9cf-4b9f-a20b-63e370407f6e [2026-08-25T10:37:34.139977] Exit status 0 (STDOUT, STG)#
#2026 08 25 11:29:26.908#Z#DEBUG#1118e5ca-a078-11f1-87c7-eeee0a8e79e5.ResilienceCockpit-srv#flowable-async-job-executor-thread-14311#
[PollStageAppStatusExecution] 846298f7-a9cf-4b9f-a20b-63e370407f6e [2026-08-25T10:37:34.140009] Uploading droplet, build artifacts cache... (STDOUT, STG)#
#2026 08 25 11:29:26.908#Z#DEBUG#1118e5ca-a078-11f1-87c7-eeee0a8e79e5.ResilienceCockpit-srv#flowable-async-job-executor-thread-14311#
[PollStageAppStatusExecution] 846298f7-a9cf-4b9f-a20b-63e370407f6e [2026-08-25T10:37:34.140037] Uploading droplet... (STDOUT, STG)#
#2026 08 25 11:29:26.908#Z#DEBUG#1118e5ca-a078-11f1-87c7-eeee0a8e79e5.ResilienceCockpit-srv#flowable-async-job-executor-thread-14311#
[PollStageAppStatusExecution] 846298f7-a9cf-4b9f-a20b-63e370407f6e [2026-08-25T10:37:34.140104] Uploading build artifacts cache... (STDOUT, STG)#
#2026 08 25 11:29:26.908#Z#DEBUG#1118e5ca-a078-11f1-87c7-eeee0a8e79e5.ResilienceCockpit-srv#flowable-async-job-executor-thread-14311#
[PollStageAppStatusExecution] 846298f7-a9cf-4b9f-a20b-63e370407f6e [2026-08-25T10:37:34.156381] Uploaded build artifacts cache (219B) (STDOUT, STG)#
#2026 08 25 11:29:26.908#Z#DEBUG#1118e5ca-a078-11f1-87c7-eeee0a8e79e5.ResilienceCockpit-srv#flowable-async-job-executor-thread-14311#
[PollStageAppStatusExecution] 846298f7-a9cf-4b9f-a20b-63e370407f6e [2026-08-25T10:37:34.747507] Creating droplet for app with guid 846298f7-a9cf-4b9f-a20b-63e370407f6e (STDOUT, API)#
#2026 08 25 11:29:26.908#Z#DEBUG#1118e5ca-a078-11f1-87c7-eeee0a8e79e5.ResilienceCockpit-srv#flowable-async-job-executor-thread-14311#
[PollStageAppStatusExecution] 846298f7-a9cf-4b9f-a20b-63e370407f6e [2026-08-25T10:37:36.823845] Uploaded droplet (70.3M) (STDOUT, STG)#
#2026 08 25 11:29:26.908#Z#DEBUG#1118e5ca-a078-11f1-87c7-eeee0a8e79e5.ResilienceCockpit-srv#flowable-async-job-executor-thread-14311#
[PollStageAppStatusExecution] 846298f7-a9cf-4b9f-a20b-63e370407f6e [2026-08-25T10:37:36.840101] Uploading complete (STDOUT, STG)#
#2026 08 25 11:29:26.908#Z#DEBUG#1118e5ca-a078-11f1-87c7-eeee0a8e79e5.ResilienceCockpit-srv#flowable-async-job-executor-thread-14311#
[PollStageAppStatusExecution] 846298f7-a9cf-4b9f-a20b-63e370407f6e [2026-08-25T10:37:37.133650] Cell 13752499-11e5-4ce9-a7df-2188d5ab1e0d stopping instance 8290d0f0-8659-439f-8467-d4256a112759 (STDOUT, STG)#
#2026 08 25 11:29:26.908#Z#DEBUG#1118e5ca-a078-11f1-87c7-eeee0a8e79e5.ResilienceCockpit-srv#flowable-async-job-executor-thread-14311#
[PollStageAppStatusExecution] 846298f7-a9cf-4b9f-a20b-63e370407f6e [2026-08-25T10:37:37.133698] Cell 13752499-11e5-4ce9-a7df-2188d5ab1e0d destroying container for instance 8290d0f0-8659-439f-8467-d4256a112759 (STDOUT, STG)#
#2026 08 25 11:29:26.908#Z#DEBUG#1118e5ca-a078-11f1-87c7-eeee0a8e79e5.ResilienceCockpit-srv#flowable-async-job-executor-thread-14311#
[PollStageAppStatusExecution] 846298f7-a9cf-4b9f-a20b-63e370407f6e [2026-08-25T10:37:37.183187] Staging complete for build 8290d0f0-8659-439f-8467-d4256a112759 (STDOUT, API)#
#2026 08 25 11:29:26.908#Z#DEBUG#1118e5ca-a078-11f1-87c7-eeee0a8e79e5.ResilienceCockpit-srv#flowable-async-job-executor-thread-14311#
[PollStageAppStatusExecution] 846298f7-a9cf-4b9f-a20b-63e370407f6e [2026-08-25T10:37:41.415920] Cell 13752499-11e5-4ce9-a7df-2188d5ab1e0d successfully destroyed container for instance 8290d0f0-8659-439f-8467-d4256a112759 (STDOUT, STG)#
#2026 08 25 11:29:26.908#Z#DEBUG#1118e5ca-a078-11f1-87c7-eeee0a8e79e5.ResilienceCockpit-srv#flowable-async-job-executor-thread-14311#
[PollStageAppStatusExecution] 846298f7-a9cf-4b9f-a20b-63e370407f6e [2026-08-25T10:37:44.667547] Updated app with guid 846298f7-a9cf-4b9f-a20b-63e370407f6e ({:droplet_guid=>"cc608ca2-372d-44d9-8627-120596334ac7"}) (STDOUT, API)#
#2026 08 25 11:29:26.908#Z#DEBUG#1118e5ca-a078-11f1-87c7-eeee0a8e79e5.ResilienceCockpit-srv#flowable-async-job-executor-thread-14311#
[PollStageAppStatusExecution] 846298f7-a9cf-4b9f-a20b-63e370407f6e [2026-08-25T10:37:44.810703] Creating revision for app with guid 846298f7-a9cf-4b9f-a20b-63e370407f6e (STDOUT, API)#
#2026 08 25 11:29:26.908#Z#DEBUG#1118e5ca-a078-11f1-87c7-eeee0a8e79e5.ResilienceCockpit-srv#flowable-async-job-executor-thread-14311#
[PollStageAppStatusExecution] 846298f7-a9cf-4b9f-a20b-63e370407f6e [2026-08-25T10:37:44.846694] Starting app with guid 846298f7-a9cf-4b9f-a20b-63e370407f6e (STDOUT, API)#
#2026 08 25 11:29:26.908#Z#DEBUG#1118e5ca-a078-11f1-87c7-eeee0a8e79e5.ResilienceCockpit-srv#flowable-async-job-executor-thread-14311#
[PollStageAppStatusExecution] 846298f7-a9cf-4b9f-a20b-63e370407f6e [2026-08-25T10:37:45.001597] Cell 13752499-11e5-4ce9-a7df-2188d5ab1e0d creating container for instance 0ceffd80-0837-48d3-47e0-1230 (STDOUT, CELL)#
#2026 08 25 11:29:26.908#Z#DEBUG#1118e5ca-a078-11f1-87c7-eeee0a8e79e5.ResilienceCockpit-srv#flowable-async-job-executor-thread-14311#
[PollStageAppStatusExecution] 846298f7-a9cf-4b9f-a20b-63e370407f6e [2026-08-25T10:37:45.311616] Security group rules were updated (STDOUT, CELL)#
#2026 08 25 11:29:26.908#Z#DEBUG#1118e5ca-a078-11f1-87c7-eeee0a8e79e5.ResilienceCockpit-srv#flowable-async-job-executor-thread-14311#
[PollStageAppStatusExecution] 846298f7-a9cf-4b9f-a20b-63e370407f6e [2026-08-25T10:37:45.363226] Cell 13752499-11e5-4ce9-a7df-2188d5ab1e0d successfully created container for instance 0ceffd80-0837-48d3-47e0-1230 (STDOUT, CELL)#
#2026 08 25 11:29:26.908#Z#DEBUG#1118e5ca-a078-11f1-87c7-eeee0a8e79e5.ResilienceCockpit-srv#flowable-async-job-executor-thread-14311#
[PollStageAppStatusExecution] 846298f7-a9cf-4b9f-a20b-63e370407f6e [2026-08-25T10:37:45.563464] Downloading droplet... (STDOUT, CELL)#
#2026 08 25 11:29:26.908#Z#DEBUG#1118e5ca-a078-11f1-87c7-eeee0a8e79e5.ResilienceCockpit-srv#flowable-async-job-executor-thread-14311#
[PollStageAppStatusExecution] 846298f7-a9cf-4b9f-a20b-63e370407f6e [2026-08-25T10:37:49.032356] Downloaded droplet (70.3M) (STDOUT, CELL)#
#2026 08 25 11:29:26.908#Z#DEBUG#1118e5ca-a078-11f1-87c7-eeee0a8e79e5.ResilienceCockpit-srv#flowable-async-job-executor-thread-14311#
[PollStageAppStatusExecution] 846298f7-a9cf-4b9f-a20b-63e370407f6e [2026-08-25T10:37:49.032462] Starting health monitoring of container (STDOUT, CELL)#
#2026 08 25 11:29:26.908#Z#DEBUG#1118e5ca-a078-11f1-87c7-eeee0a8e79e5.ResilienceCockpit-srv#flowable-async-job-executor-thread-14311#
[PollStageAppStatusExecution] 846298f7-a9cf-4b9f-a20b-63e370407f6e [2026-08-25T10:37:49.083796] Invoking pre-start scripts. (STDOUT, APP/PROC/WEB)#
#2026 08 25 11:29:26.908#Z#DEBUG#1118e5ca-a078-11f1-87c7-eeee0a8e79e5.ResilienceCockpit-srv#flowable-async-job-executor-thread-14311#
[PollStageAppStatusExecution] 846298f7-a9cf-4b9f-a20b-63e370407f6e [2026-08-25T10:37:49.226678] Invoking start command. (STDOUT, APP/PROC/WEB)#
#2026 08 25 11:29:26.908#Z#DEBUG#1118e5ca-a078-11f1-87c7-eeee0a8e79e5.ResilienceCockpit-srv#flowable-async-job-executor-thread-14311#
[PollStageAppStatusExecution] 846298f7-a9cf-4b9f-a20b-63e370407f6e [2026-08-25T10:37:49.519890] > ResilienceCockpit@1.0.0 start (STDOUT, APP/PROC/WEB)#
#2026 08 25 11:29:26.908#Z#DEBUG#1118e5ca-a078-11f1-87c7-eeee0a8e79e5.ResilienceCockpit-srv#flowable-async-job-executor-thread-14311#
[PollStageAppStatusExecution] 846298f7-a9cf-4b9f-a20b-63e370407f6e [2026-08-25T10:37:49.519920] > cds-serve (STDOUT, APP/PROC/WEB)#
#2026 08 25 11:29:26.908#Z#DEBUG#1118e5ca-a078-11f1-87c7-eeee0a8e79e5.ResilienceCockpit-srv#flowable-async-job-executor-thread-14311#
[PollStageAppStatusExecution] 846298f7-a9cf-4b9f-a20b-63e370407f6e [2026-08-25T10:37:49.693869] [cds] - bootstrapping from { file: 'srv/server.js' } (STDOUT, APP/PROC/WEB)#
#2026 08 25 11:29:26.908#Z#DEBUG#1118e5ca-a078-11f1-87c7-eeee0a8e79e5.ResilienceCockpit-srv#flowable-async-job-executor-thread-14311#
[PollStageAppStatusExecution] 846298f7-a9cf-4b9f-a20b-63e370407f6e [2026-08-25T10:37:49.880696] {"level":"info","logger":"cds","timestamp":"2026-08-25T10:37:49.879Z","layer":"cds","component_type":"application","container_id":"10.37.67.4","component_id":"846298f7-a9cf-4b9f-a20b-63e370407f6e","component_name":"ResilienceCockpit-srv","component_instance":0,"source_instance":0,"organization_name":"94060551trial","organization_id":"78e7b825-503f-4bdc-af4e-be86d7f43c8e","space_name":"dev","space_id":"039a1fe6-69a4-4c1e-9b8f-a64d47329d3e","msg":"loaded model from 1 file(s):\n ","type":"log"} (STDOUT, APP/PROC/WEB)#
#2026 08 25 11:29:26.908#Z#DEBUG#1118e5ca-a078-11f1-87c7-eeee0a8e79e5.ResilienceCockpit-srv#flowable-async-job-executor-thread-14311#
[PollStageAppStatusExecution] 846298f7-a9cf-4b9f-a20b-63e370407f6e [2026-08-25T10:37:49.880718] srv/csn.json (STDOUT, APP/PROC/WEB)#
#2026 08 25 11:29:26.908#Z#DEBUG#1118e5ca-a078-11f1-87c7-eeee0a8e79e5.ResilienceCockpit-srv#flowable-async-job-executor-thread-14311#
[PollStageAppStatusExecution] 846298f7-a9cf-4b9f-a20b-63e370407f6e [2026-08-25T10:37:50.053421] {"level":"info","logger":"cds","timestamp":"2026-08-25T10:37:50.052Z","layer":"cds","component_type":"application","container_id":"10.37.67.4","component_id":"846298f7-a9cf-4b9f-a20b-63e370407f6e","component_name":"ResilienceCockpit-srv","component_instance":0,"source_instance":0,"organization_name":"94060551trial","organization_id":"78e7b825-503f-4bdc-af4e-be86d7f43c8e","space_name":"dev","space_id":"039a1fe6-69a4-4c1e-9b8f-a64d47329d3e","msg":"connect to db > hana {\n  url: 'jdbc:sap://eb9e608b-a8d8-462e-98e7-906abde25244.hna0.prod-us10.hanacloud.ondemand.com:443?encrypt=true&validateCertificate=true&currentschema=8697B1A4A8B84AC49EFF171810969752',\n  database_id: 'eb9e608b-a8d8-462e-98e7-906abde25244',\n  host: 'eb9e608b-a8d8-462e-98e7-906abde25244.hna0.prod-us10.hanacloud.ondemand.com',\n  port: '443',\n  driver: 'com.sap.db.jdbc.Driver',\n  schema: '8697B1A4A8B84AC49EFF171810969752',\n  certificate: '...',\n  hdi_user: '8697B1A4A8B84AC49EFF171810969752_B4SCSXTFML48V8NFH3EQ9TGHU_DT',\n  hdi_password: '...',\n  user: '8697B1A4A8B84AC49EFF171810969752_B4SCSXTFML48V8NFH3EQ9TGHU_RT',\n  password: '...'\n}","type":"log"} (STDOUT, APP/PROC/WEB)#
#2026 08 25 11:29:26.908#Z#DEBUG#1118e5ca-a078-11f1-87c7-eeee0a8e79e5.ResilienceCockpit-srv#flowable-async-job-executor-thread-14311#
[PollStageAppStatusExecution] 846298f7-a9cf-4b9f-a20b-63e370407f6e [2026-08-25T10:37:50.140806] {"level":"info","logger":"cds","timestamp":"2026-08-25T10:37:50.140Z","layer":"cds","component_type":"application","container_id":"10.37.67.4","component_id":"846298f7-a9cf-4b9f-a20b-63e370407f6e","component_name":"ResilienceCockpit-srv","component_instance":0,"source_instance":0,"organization_name":"94060551trial","organization_id":"78e7b825-503f-4bdc-af4e-be86d7f43c8e","space_name":"dev","space_id":"039a1fe6-69a4-4c1e-9b8f-a64d47329d3e","msg":"connect to ShippingCostAPI > rest { destination: 'jsondb' }","type":"log"} (STDOUT, APP/PROC/WEB)#
#2026 08 25 11:29:26.908#Z#DEBUG#1118e5ca-a078-11f1-87c7-eeee0a8e79e5.ResilienceCockpit-srv#flowable-async-job-executor-thread-14311#
[PollStageAppStatusExecution] 846298f7-a9cf-4b9f-a20b-63e370407f6e [2026-08-25T10:37:50.146747] {"level":"info","logger":"cds","timestamp":"2026-08-25T10:37:50.146Z","layer":"cds","component_type":"application","container_id":"10.37.67.4","component_id":"846298f7-a9cf-4b9f-a20b-63e370407f6e","component_name":"ResilienceCockpit-srv","component_instance":0,"source_instance":0,"organization_name":"94060551trial","organization_id":"78e7b825-503f-4bdc-af4e-be86d7f43c8e","space_name":"dev","space_id":"039a1fe6-69a4-4c1e-9b8f-a64d47329d3e","msg":"connect to API_INFORECORD_PROCESS_SRV > odata-v2 { destination: 'SAP_API_HUB' }","type":"log"} (STDOUT, APP/PROC/WEB)#
#2026 08 25 11:29:26.908#Z#DEBUG#1118e5ca-a078-11f1-87c7-eeee0a8e79e5.ResilienceCockpit-srv#flowable-async-job-executor-thread-14311#
[PollStageAppStatusExecution] 846298f7-a9cf-4b9f-a20b-63e370407f6e [2026-08-25T10:37:50.161428] {"level":"info","logger":"cds","timestamp":"2026-08-25T10:37:50.161Z","layer":"cds","component_type":"application","container_id":"10.37.67.4","component_id":"846298f7-a9cf-4b9f-a20b-63e370407f6e","component_name":"ResilienceCockpit-srv","component_instance":0,"source_instance":0,"organization_name":"94060551trial","organization_id":"78e7b825-503f-4bdc-af4e-be86d7f43c8e","space_name":"dev","space_id":"039a1fe6-69a4-4c1e-9b8f-a64d47329d3e","msg":"using auth strategy { kind: 'xsuaa' }","type":"log"} (STDOUT, APP/PROC/WEB)#
#2026 08 25 11:29:26.908#Z#DEBUG#1118e5ca-a078-11f1-87c7-eeee0a8e79e5.ResilienceCockpit-srv#flowable-async-job-executor-thread-14311#
[PollStageAppStatusExecution] 846298f7-a9cf-4b9f-a20b-63e370407f6e [2026-08-25T10:37:50.194954] {"level":"info","logger":"cds","timestamp":"2026-08-25T10:37:50.194Z","layer":"cds","component_type":"application","container_id":"10.37.67.4","component_id":"846298f7-a9cf-4b9f-a20b-63e370407f6e","component_name":"ResilienceCockpit-srv","component_instance":0,"source_instance":0,"organization_name":"94060551trial","organization_id":"78e7b825-503f-4bdc-af4e-be86d7f43c8e","space_name":"dev","space_id":"039a1fe6-69a4-4c1e-9b8f-a64d47329d3e","msg":"serving ResilienceCockpitService {\n  at: [ '/service/ResilienceCockpitService' ],\n  decl: 'srv/csn.json:313',\n  impl: 'srv/service.js'\n}","type":"log"} (STDOUT, APP/PROC/WEB)#
#2026 08 25 11:29:26.908#Z#DEBUG#1118e5ca-a078-11f1-87c7-eeee0a8e79e5.ResilienceCockpit-srv#flowable-async-job-executor-thread-14311#
[PollStageAppStatusExecution] 846298f7-a9cf-4b9f-a20b-63e370407f6e [2026-08-25T10:37:50.199119] {"level":"info","logger":"cds","timestamp":"2026-08-25T10:37:50.198Z","layer":"cds","component_type":"application","container_id":"10.37.67.4","component_id":"846298f7-a9cf-4b9f-a20b-63e370407f6e","component_name":"ResilienceCockpit-srv","component_instance":0,"source_instance":0,"organization_name":"94060551trial","organization_id":"78e7b825-503f-4bdc-af4e-be86d7f43c8e","space_name":"dev","space_id":"039a1fe6-69a4-4c1e-9b8f-a64d47329d3e","msg":"server listening on { url: 'http://localhost:8080' }","type":"log"} (STDOUT, APP/PROC/WEB)#
#2026 08 25 11:29:26.908#Z#DEBUG#1118e5ca-a078-11f1-87c7-eeee0a8e79e5.ResilienceCockpit-srv#flowable-async-job-executor-thread-14311#
[PollStageAppStatusExecution] 846298f7-a9cf-4b9f-a20b-63e370407f6e [2026-08-25T10:37:50.199292] {"level":"info","logger":"cds","timestamp":"2026-08-25T10:37:50.199Z","layer":"cds","component_type":"application","container_id":"10.37.67.4","component_id":"846298f7-a9cf-4b9f-a20b-63e370407f6e","component_name":"ResilienceCockpit-srv","component_instance":0,"source_instance":0,"organization_name":"94060551trial","organization_id":"78e7b825-503f-4bdc-af4e-be86d7f43c8e","space_name":"dev","space_id":"039a1fe6-69a4-4c1e-9b8f-a64d47329d3e","msg":"server v9.9.3 launched in 670 ms","type":"log"} (STDOUT, APP/PROC/WEB)#
#2026 08 25 11:29:26.908#Z#DEBUG#1118e5ca-a078-11f1-87c7-eeee0a8e79e5.ResilienceCockpit-srv#flowable-async-job-executor-thread-14311#
[PollStageAppStatusExecution] 846298f7-a9cf-4b9f-a20b-63e370407f6e [2026-08-25T10:37:52.842510] Container became healthy (STDOUT, CELL)#
#2026 08 25 11:29:26.908#Z#DEBUG#1118e5ca-a078-11f1-87c7-eeee0a8e79e5.ResilienceCockpit-srv#flowable-async-job-executor-thread-14311#
[PollStageAppStatusExecution] 846298f7-a9cf-4b9f-a20b-63e370407f6e [2026-08-25T10:37:52.866605] Process became ready with guid 846298f7-a9cf-4b9f-a20b-63e370407f6e payload: {"instance"=>"0ceffd80-0837-48d3-47e0-1230", "index"=>0, "cell_id"=>"13752499-11e5-4ce9-a7df-2188d5ab1e0d", "ready"=>true, "version"=>"1249ac91-412c-4b71-afe4-7b0ce7906d86"} (STDOUT, API)#
#2026 08 25 11:29:26.908#Z#DEBUG#1118e5ca-a078-11f1-87c7-eeee0a8e79e5.ResilienceCockpit-srv#flowable-async-job-executor-thread-14311#
[PollStageAppStatusExecution] 846298f7-a9cf-4b9f-a20b-63e370407f6e [2026-08-25T10:38:21.354733] Cell 2f709810-9b95-445d-9c2a-0d5af0af5ace destroying container for instance 938aaffe-c62f-43e5-7cb2-f464 (STDOUT, CELL)#
#2026 08 25 11:29:26.908#Z#DEBUG#1118e5ca-a078-11f1-87c7-eeee0a8e79e5.ResilienceCockpit-srv#flowable-async-job-executor-thread-14311#
[PollStageAppStatusExecution] 846298f7-a9cf-4b9f-a20b-63e370407f6e [2026-08-25T10:38:21.441547] Exit status 137 (STDOUT, PROXY)#
#2026 08 25 11:29:26.908#Z#DEBUG#1118e5ca-a078-11f1-87c7-eeee0a8e79e5.ResilienceCockpit-srv#flowable-async-job-executor-thread-14311#
[PollStageAppStatusExecution] 846298f7-a9cf-4b9f-a20b-63e370407f6e [2026-08-25T10:38:22.687667] Cell 2f709810-9b95-445d-9c2a-0d5af0af5ace successfully destroyed container for instance 938aaffe-c62f-43e5-7cb2-f464 (STDOUT, CELL)#
#2026 08 25 11:29:26.908#Z#DEBUG#1118e5ca-a078-11f1-87c7-eeee0a8e79e5.ResilienceCockpit-srv#flowable-async-job-executor-thread-14311#
[PollStageAppStatusExecution] 846298f7-a9cf-4b9f-a20b-63e370407f6e [2026-08-25T10:38:45.688448] Updated app with guid 846298f7-a9cf-4b9f-a20b-63e370407f6e ({"lifecycle"=>{"data"=>{"buildpacks"=>["nodejs_buildpack"]}, "type"=>"buildpack"}}) (STDOUT, API)#
#2026 08 25 11:29:26.908#Z#DEBUG#1118e5ca-a078-11f1-87c7-eeee0a8e79e5.ResilienceCockpit-srv#flowable-async-job-executor-thread-14311#
[PollStageAppStatusExecution] 846298f7-a9cf-4b9f-a20b-63e370407f6e [2026-08-25T10:38:45.789836] Updating process: "web" (STDOUT, API)#
#2026 08 25 11:29:26.908#Z#DEBUG#1118e5ca-a078-11f1-87c7-eeee0a8e79e5.ResilienceCockpit-srv#flowable-async-job-executor-thread-14311#
[PollStageAppStatusExecution] 846298f7-a9cf-4b9f-a20b-63e370407f6e [2026-08-25T10:39:26.044623] Updated app with guid 846298f7-a9cf-4b9f-a20b-63e370407f6e ({"lifecycle"=>{"data"=>{"buildpacks"=>["nodejs_buildpack"]}, "type"=>"buildpack"}}) (STDOUT, API)#
#2026 08 25 11:29:26.908#Z#DEBUG#1118e5ca-a078-11f1-87c7-eeee0a8e79e5.ResilienceCockpit-srv#flowable-async-job-executor-thread-14311#
[PollStageAppStatusExecution] 846298f7-a9cf-4b9f-a20b-63e370407f6e [2026-08-25T10:39:26.134103] Updating process: "web" (STDOUT, API)#
#2026 08 25 11:29:26.908#Z#DEBUG#1118e5ca-a078-11f1-87c7-eeee0a8e79e5.ResilienceCockpit-srv#flowable-async-job-executor-thread-14311#
[PollStageAppStatusExecution] 846298f7-a9cf-4b9f-a20b-63e370407f6e [2026-08-25T10:39:55.032506] Uploading app package for app with guid 846298f7-a9cf-4b9f-a20b-63e370407f6e (STDOUT, API)#
#2026 08 25 11:29:26.908#Z#DEBUG#1118e5ca-a078-11f1-87c7-eeee0a8e79e5.ResilienceCockpit-srv#flowable-async-job-executor-thread-14311#
[PollStageAppStatusExecution] 846298f7-a9cf-4b9f-a20b-63e370407f6e [2026-08-25T10:39:55.206077] Updated app with guid 846298f7-a9cf-4b9f-a20b-63e370407f6e ({"environment_variables"=>"[PRIVATE DATA HIDDEN]"}) (STDOUT, API)#
#2026 08 25 11:29:26.908#Z#DEBUG#1118e5ca-a078-11f1-87c7-eeee0a8e79e5.ResilienceCockpit-srv#flowable-async-job-executor-thread-14311#
[PollStageAppStatusExecution] 846298f7-a9cf-4b9f-a20b-63e370407f6e [2026-08-25T10:40:14.993314] Stopping app with guid 846298f7-a9cf-4b9f-a20b-63e370407f6e (STDOUT, API)#
#2026 08 25 11:29:26.908#Z#DEBUG#1118e5ca-a078-11f1-87c7-eeee0a8e79e5.ResilienceCockpit-srv#flowable-async-job-executor-thread-14311#
[PollStageAppStatusExecution] 846298f7-a9cf-4b9f-a20b-63e370407f6e [2026-08-25T10:40:15.034864] Cell 13752499-11e5-4ce9-a7df-2188d5ab1e0d stopping instance 0ceffd80-0837-48d3-47e0-1230 (STDOUT, CELL)#
#2026 08 25 11:29:26.908#Z#DEBUG#1118e5ca-a078-11f1-87c7-eeee0a8e79e5.ResilienceCockpit-srv#flowable-async-job-executor-thread-14311#
[PollStageAppStatusExecution] 846298f7-a9cf-4b9f-a20b-63e370407f6e [2026-08-25T10:40:15.181740] Creating build for app with guid 846298f7-a9cf-4b9f-a20b-63e370407f6e (STDOUT, API)#
#2026 08 25 11:29:26.908#Z#DEBUG#1118e5ca-a078-11f1-87c7-eeee0a8e79e5.ResilienceCockpit-srv#flowable-async-job-executor-thread-14311#
[PollStageAppStatusExecution] 846298f7-a9cf-4b9f-a20b-63e370407f6e [2026-08-25T10:40:15.496368] Downloading nodejs_buildpack... (STDOUT, STG)#
#2026 08 25 11:29:26.908#Z#DEBUG#1118e5ca-a078-11f1-87c7-eeee0a8e79e5.ResilienceCockpit-srv#flowable-async-job-executor-thread-14311#
[PollStageAppStatusExecution] 846298f7-a9cf-4b9f-a20b-63e370407f6e [2026-08-25T10:40:15.544174] Downloaded nodejs_buildpack (STDOUT, STG)#
#2026 08 25 11:29:26.908#Z#DEBUG#1118e5ca-a078-11f1-87c7-eeee0a8e79e5.ResilienceCockpit-srv#flowable-async-job-executor-thread-14311#
[PollStageAppStatusExecution] 846298f7-a9cf-4b9f-a20b-63e370407f6e [2026-08-25T10:40:15.544263] Cell c029166f-5c99-471a-95ad-14514ab6ab95 creating container for instance 65ccd636-8323-4d16-85c7-ff1e26881c01 (STDOUT, STG)#
#2026 08 25 11:29:26.908#Z#DEBUG#1118e5ca-a078-11f1-87c7-eeee0a8e79e5.ResilienceCockpit-srv#flowable-async-job-executor-thread-14311#
[PollStageAppStatusExecution] 846298f7-a9cf-4b9f-a20b-63e370407f6e [2026-08-25T10:40:15.830505] Security group rules were updated (STDOUT, STG)#
#2026 08 25 11:29:26.908#Z#DEBUG#1118e5ca-a078-11f1-87c7-eeee0a8e79e5.ResilienceCockpit-srv#flowable-async-job-executor-thread-14311#
[PollStageAppStatusExecution] 846298f7-a9cf-4b9f-a20b-63e370407f6e [2026-08-25T10:40:15.889300] Cell c029166f-5c99-471a-95ad-14514ab6ab95 successfully created container for instance 65ccd636-8323-4d16-85c7-ff1e26881c01 (STDOUT, STG)#
#2026 08 25 11:29:26.908#Z#DEBUG#1118e5ca-a078-11f1-87c7-eeee0a8e79e5.ResilienceCockpit-srv#flowable-async-job-executor-thread-14311#
[PollStageAppStatusExecution] 846298f7-a9cf-4b9f-a20b-63e370407f6e [2026-08-25T10:40:16.516645] Downloading app package... (STDOUT, STG)#
#2026 08 25 11:29:26.908#Z#DEBUG#1118e5ca-a078-11f1-87c7-eeee0a8e79e5.ResilienceCockpit-srv#flowable-async-job-executor-thread-14311#
[PollStageAppStatusExecution] 846298f7-a9cf-4b9f-a20b-63e370407f6e [2026-08-25T10:40:16.516726] Downloading build artifacts cache... (STDOUT, STG)#
#2026 08 25 11:29:26.908#Z#DEBUG#1118e5ca-a078-11f1-87c7-eeee0a8e79e5.ResilienceCockpit-srv#flowable-async-job-executor-thread-14311#
[PollStageAppStatusExecution] 846298f7-a9cf-4b9f-a20b-63e370407f6e [2026-08-25T10:40:16.602289] Downloaded build artifacts cache (219B) (STDOUT, STG)#
#2026 08 25 11:29:26.908#Z#DEBUG#1118e5ca-a078-11f1-87c7-eeee0a8e79e5.ResilienceCockpit-srv#flowable-async-job-executor-thread-14311#
[PollStageAppStatusExecution] 846298f7-a9cf-4b9f-a20b-63e370407f6e [2026-08-25T10:40:17.665412] Downloaded app package (15.2M) (STDOUT, STG)#
#2026 08 25 11:29:26.908#Z#DEBUG#1118e5ca-a078-11f1-87c7-eeee0a8e79e5.ResilienceCockpit-srv#flowable-async-job-executor-thread-14311#
[PollStageAppStatusExecution] 846298f7-a9cf-4b9f-a20b-63e370407f6e [2026-08-25T10:40:17.717531] -----> Nodejs Buildpack version 1.9.3 (STDOUT, STG)#
#2026 08 25 11:29:26.908#Z#DEBUG#1118e5ca-a078-11f1-87c7-eeee0a8e79e5.ResilienceCockpit-srv#flowable-async-job-executor-thread-14311#
[PollStageAppStatusExecution] 846298f7-a9cf-4b9f-a20b-63e370407f6e [2026-08-25T10:40:18.067345] -----> Bootstrapping python (STDOUT, STG)#
#2026 08 25 11:29:26.908#Z#DEBUG#1118e5ca-a078-11f1-87c7-eeee0a8e79e5.ResilienceCockpit-srv#flowable-async-job-executor-thread-14311#
[PollStageAppStatusExecution] 846298f7-a9cf-4b9f-a20b-63e370407f6e [2026-08-25T10:40:18.067364] -----> Installing python 3.13.14 (STDOUT, STG)#
#2026 08 25 11:29:26.908#Z#DEBUG#1118e5ca-a078-11f1-87c7-eeee0a8e79e5.ResilienceCockpit-srv#flowable-async-job-executor-thread-14311#
[PollStageAppStatusExecution] 846298f7-a9cf-4b9f-a20b-63e370407f6e [2026-08-25T10:40:18.067415] Copy [/tmp/buildpacks/adc5840e3e50b48d/dependencies/4b4266a2ff36730aef37b88b668ca327/python_3.13.14_linux_x64_cflinuxfs4_b80d4954.tgz] (STDOUT, STG)#
#2026 08 25 11:29:26.908#Z#DEBUG#1118e5ca-a078-11f1-87c7-eeee0a8e79e5.ResilienceCockpit-srv#flowable-async-job-executor-thread-14311#
[PollStageAppStatusExecution] 846298f7-a9cf-4b9f-a20b-63e370407f6e [2026-08-25T10:40:21.042154] -----> Installing binaries (STDOUT, STG)#
#2026 08 25 11:29:26.908#Z#DEBUG#1118e5ca-a078-11f1-87c7-eeee0a8e79e5.ResilienceCockpit-srv#flowable-async-job-executor-thread-14311#
[PollStageAppStatusExecution] 846298f7-a9cf-4b9f-a20b-63e370407f6e [2026-08-25T10:40:21.042214] engines.node (package.json): >=20 (STDOUT, STG)#
#2026 08 25 11:29:26.908#Z#DEBUG#1118e5ca-a078-11f1-87c7-eeee0a8e79e5.ResilienceCockpit-srv#flowable-async-job-executor-thread-14311#
[PollStageAppStatusExecution] 846298f7-a9cf-4b9f-a20b-63e370407f6e [2026-08-25T10:40:21.042220] engines.npm (package.json): unspecified (use default) (STDOUT, STG)#
#2026 08 25 11:29:26.908#Z#DEBUG#1118e5ca-a078-11f1-87c7-eeee0a8e79e5.ResilienceCockpit-srv#flowable-async-job-executor-thread-14311#
[PollStageAppStatusExecution] 846298f7-a9cf-4b9f-a20b-63e370407f6e [2026-08-25T10:40:21.042230] [31;1m**WARNING**[0m Dangerous semver range (>) in engines.node. See: http://docs.cloudfoundry.org/buildpacks/node/node-tips.html (STDOUT, STG)#
#2026 08 25 11:29:26.908#Z#DEBUG#1118e5ca-a078-11f1-87c7-eeee0a8e79e5.ResilienceCockpit-srv#flowable-async-job-executor-thread-14311#
[PollStageAppStatusExecution] 846298f7-a9cf-4b9f-a20b-63e370407f6e [2026-08-25T10:40:21.042245] -----> Installing node 24.18.0 (STDOUT, STG)#
#2026 08 25 11:29:26.908#Z#DEBUG#1118e5ca-a078-11f1-87c7-eeee0a8e79e5.ResilienceCockpit-srv#flowable-async-job-executor-thread-14311#
[PollStageAppStatusExecution] 846298f7-a9cf-4b9f-a20b-63e370407f6e [2026-08-25T10:40:21.042339] Copy [/tmp/buildpacks/adc5840e3e50b48d/dependencies/dffbbb835fcd073c4544f78eb6247fac/node_24.18.0_linux_x64_cflinuxfs4_cdfed650.tgz] (STDOUT, STG)#
#2026 08 25 11:29:26.908#Z#DEBUG#1118e5ca-a078-11f1-87c7-eeee0a8e79e5.ResilienceCockpit-srv#flowable-async-job-executor-thread-14311#
[PollStageAppStatusExecution] 846298f7-a9cf-4b9f-a20b-63e370407f6e [2026-08-25T10:40:22.768353] Using default npm version: 11.16.0 (STDOUT, STG)#
#2026 08 25 11:29:26.908#Z#DEBUG#1118e5ca-a078-11f1-87c7-eeee0a8e79e5.ResilienceCockpit-srv#flowable-async-job-executor-thread-14311#
[PollStageAppStatusExecution] 846298f7-a9cf-4b9f-a20b-63e370407f6e [2026-08-25T10:40:22.768382] -----> Installing yarn 1.22.22 (STDOUT, STG)#
#2026 08 25 11:29:26.908#Z#DEBUG#1118e5ca-a078-11f1-87c7-eeee0a8e79e5.ResilienceCockpit-srv#flowable-async-job-executor-thread-14311#
[PollStageAppStatusExecution] 846298f7-a9cf-4b9f-a20b-63e370407f6e [2026-08-25T10:40:22.768388] Copy [/tmp/buildpacks/adc5840e3e50b48d/dependencies/e4fe26756e9984a665478d350474fa2e/yarn_1.22.22_linux_noarch_any-stack_b6132b86.tgz] (STDOUT, STG)#
#2026 08 25 11:29:26.908#Z#DEBUG#1118e5ca-a078-11f1-87c7-eeee0a8e79e5.ResilienceCockpit-srv#flowable-async-job-executor-thread-14311#
[PollStageAppStatusExecution] 846298f7-a9cf-4b9f-a20b-63e370407f6e [2026-08-25T10:40:23.019963] Installed yarn 1.22.22 (STDOUT, STG)#
#2026 08 25 11:29:26.908#Z#DEBUG#1118e5ca-a078-11f1-87c7-eeee0a8e79e5.ResilienceCockpit-srv#flowable-async-job-executor-thread-14311#
[PollStageAppStatusExecution] 846298f7-a9cf-4b9f-a20b-63e370407f6e [2026-08-25T10:40:23.019988] -----> Creating runtime environment (STDOUT, STG)#
#2026 08 25 11:29:26.908#Z#DEBUG#1118e5ca-a078-11f1-87c7-eeee0a8e79e5.ResilienceCockpit-srv#flowable-async-job-executor-thread-14311#
[PollStageAppStatusExecution] 846298f7-a9cf-4b9f-a20b-63e370407f6e [2026-08-25T10:40:23.021503] NODE_ENV=production (STDOUT, STG)#
#2026 08 25 11:29:26.908#Z#DEBUG#1118e5ca-a078-11f1-87c7-eeee0a8e79e5.ResilienceCockpit-srv#flowable-async-job-executor-thread-14311#
[PollStageAppStatusExecution] 846298f7-a9cf-4b9f-a20b-63e370407f6e [2026-08-25T10:40:23.021519] NODE_HOME=/tmp/contents1626094756/deps/0/node (STDOUT, STG)#
#2026 08 25 11:29:26.908#Z#DEBUG#1118e5ca-a078-11f1-87c7-eeee0a8e79e5.ResilienceCockpit-srv#flowable-async-job-executor-thread-14311#
[PollStageAppStatusExecution] 846298f7-a9cf-4b9f-a20b-63e370407f6e [2026-08-25T10:40:23.021521] NODE_MODULES_CACHE=true (STDOUT, STG)#
#2026 08 25 11:29:26.908#Z#DEBUG#1118e5ca-a078-11f1-87c7-eeee0a8e79e5.ResilienceCockpit-srv#flowable-async-job-executor-thread-14311#
[PollStageAppStatusExecution] 846298f7-a9cf-4b9f-a20b-63e370407f6e [2026-08-25T10:40:23.021526] NODE_VERBOSE=false (STDOUT, STG)#
#2026 08 25 11:29:26.908#Z#DEBUG#1118e5ca-a078-11f1-87c7-eeee0a8e79e5.ResilienceCockpit-srv#flowable-async-job-executor-thread-14311#
[PollStageAppStatusExecution] 846298f7-a9cf-4b9f-a20b-63e370407f6e [2026-08-25T10:40:23.021527] NPM_CONFIG_LOGLEVEL=error (STDOUT, STG)#
#2026 08 25 11:29:26.908#Z#DEBUG#1118e5ca-a078-11f1-87c7-eeee0a8e79e5.ResilienceCockpit-srv#flowable-async-job-executor-thread-14311#
[PollStageAppStatusExecution] 846298f7-a9cf-4b9f-a20b-63e370407f6e [2026-08-25T10:40:23.021531] NPM_CONFIG_PRODUCTION=true (STDOUT, STG)#
#2026 08 25 11:29:26.908#Z#DEBUG#1118e5ca-a078-11f1-87c7-eeee0a8e79e5.ResilienceCockpit-srv#flowable-async-job-executor-thread-14311#
[PollStageAppStatusExecution] 846298f7-a9cf-4b9f-a20b-63e370407f6e [2026-08-25T10:40:23.021540] -----> Building dependencies (STDOUT, STG)#
#2026 08 25 11:29:26.908#Z#DEBUG#1118e5ca-a078-11f1-87c7-eeee0a8e79e5.ResilienceCockpit-srv#flowable-async-job-executor-thread-14311#
[PollStageAppStatusExecution] 846298f7-a9cf-4b9f-a20b-63e370407f6e [2026-08-25T10:40:23.021542] Prebuild detected (node_modules already exists) (STDOUT, STG)#
#2026 08 25 11:29:26.908#Z#DEBUG#1118e5ca-a078-11f1-87c7-eeee0a8e79e5.ResilienceCockpit-srv#flowable-async-job-executor-thread-14311#
[PollStageAppStatusExecution] 846298f7-a9cf-4b9f-a20b-63e370407f6e [2026-08-25T10:40:23.021559] Rebuilding any native modules (STDOUT, STG)#
#2026 08 25 11:29:26.908#Z#DEBUG#1118e5ca-a078-11f1-87c7-eeee0a8e79e5.ResilienceCockpit-srv#flowable-async-job-executor-thread-14311#
[PollStageAppStatusExecution] 846298f7-a9cf-4b9f-a20b-63e370407f6e [2026-08-25T10:40:23.631764] rebuilt dependencies successfully (STDOUT, STG)#
#2026 08 25 11:29:26.908#Z#DEBUG#1118e5ca-a078-11f1-87c7-eeee0a8e79e5.ResilienceCockpit-srv#flowable-async-job-executor-thread-14311#
[PollStageAppStatusExecution] 846298f7-a9cf-4b9f-a20b-63e370407f6e [2026-08-25T10:40:23.632990] npm notice (STDOUT, STG)#
#2026 08 25 11:29:26.908#Z#DEBUG#1118e5ca-a078-11f1-87c7-eeee0a8e79e5.ResilienceCockpit-srv#flowable-async-job-executor-thread-14311#
[PollStageAppStatusExecution] 846298f7-a9cf-4b9f-a20b-63e370407f6e [2026-08-25T10:40:23.633005] npm notice New major version of npm available! 11.16.0 -> 12.0.2 (STDOUT, STG)#
#2026 08 25 11:29:26.908#Z#DEBUG#1118e5ca-a078-11f1-87c7-eeee0a8e79e5.ResilienceCockpit-srv#flowable-async-job-executor-thread-14311#
[PollStageAppStatusExecution] 846298f7-a9cf-4b9f-a20b-63e370407f6e [2026-08-25T10:40:23.633009] npm notice Changelog: https://github.com/npm/cli/releases/tag/v12.0.2 (STDOUT, STG)#
#2026 08 25 11:29:26.908#Z#DEBUG#1118e5ca-a078-11f1-87c7-eeee0a8e79e5.ResilienceCockpit-srv#flowable-async-job-executor-thread-14311#
[PollStageAppStatusExecution] 846298f7-a9cf-4b9f-a20b-63e370407f6e [2026-08-25T10:40:23.633011] npm notice To update run: npm install -g npm@12.0.2 (STDOUT, STG)#
#2026 08 25 11:29:26.908#Z#DEBUG#1118e5ca-a078-11f1-87c7-eeee0a8e79e5.ResilienceCockpit-srv#flowable-async-job-executor-thread-14311#
[PollStageAppStatusExecution] 846298f7-a9cf-4b9f-a20b-63e370407f6e [2026-08-25T10:40:23.633013] npm notice (STDOUT, STG)#
#2026 08 25 11:29:26.908#Z#DEBUG#1118e5ca-a078-11f1-87c7-eeee0a8e79e5.ResilienceCockpit-srv#flowable-async-job-executor-thread-14311#
[PollStageAppStatusExecution] 846298f7-a9cf-4b9f-a20b-63e370407f6e [2026-08-25T10:40:23.682492] Installing any new modules (package.json + package-lock.json) (STDOUT, STG)#
#2026 08 25 11:29:26.908#Z#DEBUG#1118e5ca-a078-11f1-87c7-eeee0a8e79e5.ResilienceCockpit-srv#flowable-async-job-executor-thread-14311#
[PollStageAppStatusExecution] 846298f7-a9cf-4b9f-a20b-63e370407f6e [2026-08-25T10:40:24.288198] up to date in 544ms (STDOUT, STG)#
#2026 08 25 11:29:26.908#Z#DEBUG#1118e5ca-a078-11f1-87c7-eeee0a8e79e5.ResilienceCockpit-srv#flowable-async-job-executor-thread-14311#
[PollStageAppStatusExecution] 846298f7-a9cf-4b9f-a20b-63e370407f6e [2026-08-25T10:40:24.288361] 37 packages are looking for funding (STDOUT, STG)#
#2026 08 25 11:29:26.908#Z#DEBUG#1118e5ca-a078-11f1-87c7-eeee0a8e79e5.ResilienceCockpit-srv#flowable-async-job-executor-thread-14311#
[PollStageAppStatusExecution] 846298f7-a9cf-4b9f-a20b-63e370407f6e [2026-08-25T10:40:24.288412] run `npm fund` for details (STDOUT, STG)#
#2026 08 25 11:29:26.908#Z#DEBUG#1118e5ca-a078-11f1-87c7-eeee0a8e79e5.ResilienceCockpit-srv#flowable-async-job-executor-thread-14311#
[PollStageAppStatusExecution] 846298f7-a9cf-4b9f-a20b-63e370407f6e [2026-08-25T10:40:25.004128] Contrast Security no credentials found. Will not write environment files. (STDOUT, STG)#
#2026 08 25 11:29:26.908#Z#DEBUG#1118e5ca-a078-11f1-87c7-eeee0a8e79e5.ResilienceCockpit-srv#flowable-async-job-executor-thread-14311#
[PollStageAppStatusExecution] 846298f7-a9cf-4b9f-a20b-63e370407f6e [2026-08-25T10:40:34.617868] Exit status 0 (STDOUT, STG)#
#2026 08 25 11:29:26.908#Z#DEBUG#1118e5ca-a078-11f1-87c7-eeee0a8e79e5.ResilienceCockpit-srv#flowable-async-job-executor-thread-14311#
[PollStageAppStatusExecution] 846298f7-a9cf-4b9f-a20b-63e370407f6e [2026-08-25T10:40:34.617930] Uploading droplet, build artifacts cache... (STDOUT, STG)#
#2026 08 25 11:29:26.908#Z#DEBUG#1118e5ca-a078-11f1-87c7-eeee0a8e79e5.ResilienceCockpit-srv#flowable-async-job-executor-thread-14311#
[PollStageAppStatusExecution] 846298f7-a9cf-4b9f-a20b-63e370407f6e [2026-08-25T10:40:34.617962] Uploading build artifacts cache... (STDOUT, STG)#
#2026 08 25 11:29:26.908#Z#DEBUG#1118e5ca-a078-11f1-87c7-eeee0a8e79e5.ResilienceCockpit-srv#flowable-async-job-executor-thread-14311#
[PollStageAppStatusExecution] 846298f7-a9cf-4b9f-a20b-63e370407f6e [2026-08-25T10:40:34.618006] Uploading droplet... (STDOUT, STG)#
#2026 08 25 11:29:26.908#Z#DEBUG#1118e5ca-a078-11f1-87c7-eeee0a8e79e5.ResilienceCockpit-srv#flowable-async-job-executor-thread-14311#
[PollStageAppStatusExecution] 846298f7-a9cf-4b9f-a20b-63e370407f6e [2026-08-25T10:40:34.657249] Uploaded build artifacts cache (223B) (STDOUT, STG)#
#2026 08 25 11:29:26.908#Z#DEBUG#1118e5ca-a078-11f1-87c7-eeee0a8e79e5.ResilienceCockpit-srv#flowable-async-job-executor-thread-14311#
[PollStageAppStatusExecution] 846298f7-a9cf-4b9f-a20b-63e370407f6e [2026-08-25T10:40:35.260388] Creating droplet for app with guid 846298f7-a9cf-4b9f-a20b-63e370407f6e (STDOUT, API)#
#2026 08 25 11:29:26.908#Z#DEBUG#1118e5ca-a078-11f1-87c7-eeee0a8e79e5.ResilienceCockpit-srv#flowable-async-job-executor-thread-14311#
[PollStageAppStatusExecution] 846298f7-a9cf-4b9f-a20b-63e370407f6e [2026-08-25T10:40:40.336712] Uploaded droplet (70.3M) (STDOUT, STG)#
#2026 08 25 11:29:26.908#Z#DEBUG#1118e5ca-a078-11f1-87c7-eeee0a8e79e5.ResilienceCockpit-srv#flowable-async-job-executor-thread-14311#
[PollStageAppStatusExecution] 846298f7-a9cf-4b9f-a20b-63e370407f6e [2026-08-25T10:40:40.353075] Uploading complete (STDOUT, STG)#
#2026 08 25 11:29:26.908#Z#DEBUG#1118e5ca-a078-11f1-87c7-eeee0a8e79e5.ResilienceCockpit-srv#flowable-async-job-executor-thread-14311#
[PollStageAppStatusExecution] 846298f7-a9cf-4b9f-a20b-63e370407f6e [2026-08-25T10:40:41.030023] Cell c029166f-5c99-471a-95ad-14514ab6ab95 stopping instance 65ccd636-8323-4d16-85c7-ff1e26881c01 (STDOUT, STG)#
#2026 08 25 11:29:26.908#Z#DEBUG#1118e5ca-a078-11f1-87c7-eeee0a8e79e5.ResilienceCockpit-srv#flowable-async-job-executor-thread-14311#
[PollStageAppStatusExecution] 846298f7-a9cf-4b9f-a20b-63e370407f6e [2026-08-25T10:40:41.030085] Cell c029166f-5c99-471a-95ad-14514ab6ab95 destroying container for instance 65ccd636-8323-4d16-85c7-ff1e26881c01 (STDOUT, STG)#
#2026 08 25 11:29:26.908#Z#DEBUG#1118e5ca-a078-11f1-87c7-eeee0a8e79e5.ResilienceCockpit-srv#flowable-async-job-executor-thread-14311#
[PollStageAppStatusExecution] 846298f7-a9cf-4b9f-a20b-63e370407f6e [2026-08-25T10:40:41.100396] Staging complete for build 65ccd636-8323-4d16-85c7-ff1e26881c01 (STDOUT, API)#
#2026 08 25 11:29:26.908#Z#DEBUG#1118e5ca-a078-11f1-87c7-eeee0a8e79e5.ResilienceCockpit-srv#flowable-async-job-executor-thread-14311#
[PollStageAppStatusExecution] 846298f7-a9cf-4b9f-a20b-63e370407f6e [2026-08-25T10:40:44.902183] Updated app with guid 846298f7-a9cf-4b9f-a20b-63e370407f6e ({:droplet_guid=>"c9a4f336-591f-4660-9684-4ae7a16a6d62"}) (STDOUT, API)#
#2026 08 25 11:29:26.908#Z#DEBUG#1118e5ca-a078-11f1-87c7-eeee0a8e79e5.ResilienceCockpit-srv#flowable-async-job-executor-thread-14311#
[PollStageAppStatusExecution] 846298f7-a9cf-4b9f-a20b-63e370407f6e [2026-08-25T10:40:45.054226] Creating revision for app with guid 846298f7-a9cf-4b9f-a20b-63e370407f6e (STDOUT, API)#
#2026 08 25 11:29:26.908#Z#DEBUG#1118e5ca-a078-11f1-87c7-eeee0a8e79e5.ResilienceCockpit-srv#flowable-async-job-executor-thread-14311#
[PollStageAppStatusExecution] 846298f7-a9cf-4b9f-a20b-63e370407f6e [2026-08-25T10:40:45.094429] Starting app with guid 846298f7-a9cf-4b9f-a20b-63e370407f6e (STDOUT, API)#
#2026 08 25 11:29:26.908#Z#DEBUG#1118e5ca-a078-11f1-87c7-eeee0a8e79e5.ResilienceCockpit-srv#flowable-async-job-executor-thread-14311#
[PollStageAppStatusExecution] 846298f7-a9cf-4b9f-a20b-63e370407f6e [2026-08-25T10:40:45.265784] Cell 1c5a7d17-e84c-4617-813f-decbb86235ed creating container for instance 4daa614a-24c6-48f2-555f-4145 (STDOUT, CELL)#
#2026 08 25 11:29:26.908#Z#DEBUG#1118e5ca-a078-11f1-87c7-eeee0a8e79e5.ResilienceCockpit-srv#flowable-async-job-executor-thread-14311#
[PollStageAppStatusExecution] 846298f7-a9cf-4b9f-a20b-63e370407f6e [2026-08-25T10:40:45.532995] Cell c029166f-5c99-471a-95ad-14514ab6ab95 successfully destroyed container for instance 65ccd636-8323-4d16-85c7-ff1e26881c01 (STDOUT, STG)#
#2026 08 25 11:29:26.908#Z#DEBUG#1118e5ca-a078-11f1-87c7-eeee0a8e79e5.ResilienceCockpit-srv#flowable-async-job-executor-thread-14311#
[PollStageAppStatusExecution] 846298f7-a9cf-4b9f-a20b-63e370407f6e [2026-08-25T10:40:45.567794] Security group rules were updated (STDOUT, CELL)#
#2026 08 25 11:29:26.908#Z#DEBUG#1118e5ca-a078-11f1-87c7-eeee0a8e79e5.ResilienceCockpit-srv#flowable-async-job-executor-thread-14311#
[PollStageAppStatusExecution] 846298f7-a9cf-4b9f-a20b-63e370407f6e [2026-08-25T10:40:45.622109] Cell 1c5a7d17-e84c-4617-813f-decbb86235ed successfully created container for instance 4daa614a-24c6-48f2-555f-4145 (STDOUT, CELL)#
#2026 08 25 11:29:26.908#Z#DEBUG#1118e5ca-a078-11f1-87c7-eeee0a8e79e5.ResilienceCockpit-srv#flowable-async-job-executor-thread-14311#
[PollStageAppStatusExecution] 846298f7-a9cf-4b9f-a20b-63e370407f6e [2026-08-25T10:40:45.778065] Downloading droplet... (STDOUT, CELL)#
#2026 08 25 11:29:26.908#Z#DEBUG#1118e5ca-a078-11f1-87c7-eeee0a8e79e5.ResilienceCockpit-srv#flowable-async-job-executor-thread-14311#
[PollStageAppStatusExecution] 846298f7-a9cf-4b9f-a20b-63e370407f6e [2026-08-25T10:40:49.331167] Downloaded droplet (70.3M) (STDOUT, CELL)#
#2026 08 25 11:29:26.908#Z#DEBUG#1118e5ca-a078-11f1-87c7-eeee0a8e79e5.ResilienceCockpit-srv#flowable-async-job-executor-thread-14311#
[PollStageAppStatusExecution] 846298f7-a9cf-4b9f-a20b-63e370407f6e [2026-08-25T10:40:49.331373] Starting health monitoring of container (STDOUT, CELL)#
#2026 08 25 11:29:26.908#Z#DEBUG#1118e5ca-a078-11f1-87c7-eeee0a8e79e5.ResilienceCockpit-srv#flowable-async-job-executor-thread-14311#
[PollStageAppStatusExecution] 846298f7-a9cf-4b9f-a20b-63e370407f6e [2026-08-25T10:40:49.381895] Invoking pre-start scripts. (STDOUT, APP/PROC/WEB)#
#2026 08 25 11:29:26.908#Z#DEBUG#1118e5ca-a078-11f1-87c7-eeee0a8e79e5.ResilienceCockpit-srv#flowable-async-job-executor-thread-14311#
[PollStageAppStatusExecution] 846298f7-a9cf-4b9f-a20b-63e370407f6e [2026-08-25T10:40:49.524528] Invoking start command. (STDOUT, APP/PROC/WEB)#
#2026 08 25 11:29:26.908#Z#DEBUG#1118e5ca-a078-11f1-87c7-eeee0a8e79e5.ResilienceCockpit-srv#flowable-async-job-executor-thread-14311#
[PollStageAppStatusExecution] 846298f7-a9cf-4b9f-a20b-63e370407f6e [2026-08-25T10:40:49.817651] > ResilienceCockpit@1.0.0 start (STDOUT, APP/PROC/WEB)#
#2026 08 25 11:29:26.908#Z#DEBUG#1118e5ca-a078-11f1-87c7-eeee0a8e79e5.ResilienceCockpit-srv#flowable-async-job-executor-thread-14311#
[PollStageAppStatusExecution] 846298f7-a9cf-4b9f-a20b-63e370407f6e [2026-08-25T10:40:49.817683] > cds-serve (STDOUT, APP/PROC/WEB)#
#2026 08 25 11:29:26.908#Z#DEBUG#1118e5ca-a078-11f1-87c7-eeee0a8e79e5.ResilienceCockpit-srv#flowable-async-job-executor-thread-14311#
[PollStageAppStatusExecution] 846298f7-a9cf-4b9f-a20b-63e370407f6e [2026-08-25T10:40:49.994669] [cds] - bootstrapping from { file: 'srv/server.js' } (STDOUT, APP/PROC/WEB)#
#2026 08 25 11:29:26.908#Z#DEBUG#1118e5ca-a078-11f1-87c7-eeee0a8e79e5.ResilienceCockpit-srv#flowable-async-job-executor-thread-14311#
[PollStageAppStatusExecution] 846298f7-a9cf-4b9f-a20b-63e370407f6e [2026-08-25T10:40:50.181255] {"level":"info","logger":"cds","timestamp":"2026-08-25T10:40:50.180Z","layer":"cds","component_type":"application","container_id":"10.37.128.4","component_id":"846298f7-a9cf-4b9f-a20b-63e370407f6e","component_name":"ResilienceCockpit-srv","component_instance":0,"source_instance":0,"organization_name":"94060551trial","organization_id":"78e7b825-503f-4bdc-af4e-be86d7f43c8e","space_name":"dev","space_id":"039a1fe6-69a4-4c1e-9b8f-a64d47329d3e","msg":"loaded model from 1 file(s):\n ","type":"log"} (STDOUT, APP/PROC/WEB)#
#2026 08 25 11:29:26.908#Z#DEBUG#1118e5ca-a078-11f1-87c7-eeee0a8e79e5.ResilienceCockpit-srv#flowable-async-job-executor-thread-14311#
[PollStageAppStatusExecution] 846298f7-a9cf-4b9f-a20b-63e370407f6e [2026-08-25T10:40:50.181291] srv/csn.json (STDOUT, APP/PROC/WEB)#
#2026 08 25 11:29:26.908#Z#DEBUG#1118e5ca-a078-11f1-87c7-eeee0a8e79e5.ResilienceCockpit-srv#flowable-async-job-executor-thread-14311#
[PollStageAppStatusExecution] 846298f7-a9cf-4b9f-a20b-63e370407f6e [2026-08-25T10:40:50.352853] {"level":"info","logger":"cds","timestamp":"2026-08-25T10:40:50.352Z","layer":"cds","component_type":"application","container_id":"10.37.128.4","component_id":"846298f7-a9cf-4b9f-a20b-63e370407f6e","component_name":"ResilienceCockpit-srv","component_instance":0,"source_instance":0,"organization_name":"94060551trial","organization_id":"78e7b825-503f-4bdc-af4e-be86d7f43c8e","space_name":"dev","space_id":"039a1fe6-69a4-4c1e-9b8f-a64d47329d3e","msg":"connect to db > hana {\n  url: 'jdbc:sap://eb9e608b-a8d8-462e-98e7-906abde25244.hna0.prod-us10.hanacloud.ondemand.com:443?encrypt=true&validateCertificate=true&currentschema=8697B1A4A8B84AC49EFF171810969752',\n  database_id: 'eb9e608b-a8d8-462e-98e7-906abde25244',\n  host: 'eb9e608b-a8d8-462e-98e7-906abde25244.hna0.prod-us10.hanacloud.ondemand.com',\n  port: '443',\n  driver: 'com.sap.db.jdbc.Driver',\n  schema: '8697B1A4A8B84AC49EFF171810969752',\n  certificate: '...',\n  hdi_user: '8697B1A4A8B84AC49EFF171810969752_B4SCSXTFML48V8NFH3EQ9TGHU_DT',\n  hdi_password: '...',\n  user: '8697B1A4A8B84AC49EFF171810969752_B4SCSXTFML48V8NFH3EQ9TGHU_RT',\n  password: '...'\n}","type":"log"} (STDOUT, APP/PROC/WEB)#
#2026 08 25 11:29:26.908#Z#DEBUG#1118e5ca-a078-11f1-87c7-eeee0a8e79e5.ResilienceCockpit-srv#flowable-async-job-executor-thread-14311#
[PollStageAppStatusExecution] 846298f7-a9cf-4b9f-a20b-63e370407f6e [2026-08-25T10:40:50.443463] {"level":"info","logger":"cds","timestamp":"2026-08-25T10:40:50.443Z","layer":"cds","component_type":"application","container_id":"10.37.128.4","component_id":"846298f7-a9cf-4b9f-a20b-63e370407f6e","component_name":"ResilienceCockpit-srv","component_instance":0,"source_instance":0,"organization_name":"94060551trial","organization_id":"78e7b825-503f-4bdc-af4e-be86d7f43c8e","space_name":"dev","space_id":"039a1fe6-69a4-4c1e-9b8f-a64d47329d3e","msg":"connect to ShippingCostAPI > rest { destination: 'jsondb' }","type":"log"} (STDOUT, APP/PROC/WEB)#
#2026 08 25 11:29:26.908#Z#DEBUG#1118e5ca-a078-11f1-87c7-eeee0a8e79e5.ResilienceCockpit-srv#flowable-async-job-executor-thread-14311#
[PollStageAppStatusExecution] 846298f7-a9cf-4b9f-a20b-63e370407f6e [2026-08-25T10:40:50.443922] {"level":"info","logger":"cds","timestamp":"2026-08-25T10:40:50.443Z","layer":"cds","component_type":"application","container_id":"10.37.128.4","component_id":"846298f7-a9cf-4b9f-a20b-63e370407f6e","component_name":"ResilienceCockpit-srv","component_instance":0,"source_instance":0,"organization_name":"94060551trial","organization_id":"78e7b825-503f-4bdc-af4e-be86d7f43c8e","space_name":"dev","space_id":"039a1fe6-69a4-4c1e-9b8f-a64d47329d3e","msg":"connect to API_INFORECORD_PROCESS_SRV > odata-v2 { destination: 'SAP_API_HUB' }","type":"log"} (STDOUT, APP/PROC/WEB)#
#2026 08 25 11:29:26.908#Z#DEBUG#1118e5ca-a078-11f1-87c7-eeee0a8e79e5.ResilienceCockpit-srv#flowable-async-job-executor-thread-14311#
[PollStageAppStatusExecution] 846298f7-a9cf-4b9f-a20b-63e370407f6e [2026-08-25T10:40:50.457767] {"level":"info","logger":"cds","timestamp":"2026-08-25T10:40:50.457Z","layer":"cds","component_type":"application","container_id":"10.37.128.4","component_id":"846298f7-a9cf-4b9f-a20b-63e370407f6e","component_name":"ResilienceCockpit-srv","component_instance":0,"source_instance":0,"organization_name":"94060551trial","organization_id":"78e7b825-503f-4bdc-af4e-be86d7f43c8e","space_name":"dev","space_id":"039a1fe6-69a4-4c1e-9b8f-a64d47329d3e","msg":"using auth strategy { kind: 'xsuaa' }","type":"log"} (STDOUT, APP/PROC/WEB)#
#2026 08 25 11:29:26.908#Z#DEBUG#1118e5ca-a078-11f1-87c7-eeee0a8e79e5.ResilienceCockpit-srv#flowable-async-job-executor-thread-14311#
[PollStageAppStatusExecution] 846298f7-a9cf-4b9f-a20b-63e370407f6e [2026-08-25T10:40:50.491229] {"level":"info","logger":"cds","timestamp":"2026-08-25T10:40:50.491Z","layer":"cds","component_type":"application","container_id":"10.37.128.4","component_id":"846298f7-a9cf-4b9f-a20b-63e370407f6e","component_name":"ResilienceCockpit-srv","component_instance":0,"source_instance":0,"organization_name":"94060551trial","organization_id":"78e7b825-503f-4bdc-af4e-be86d7f43c8e","space_name":"dev","space_id":"039a1fe6-69a4-4c1e-9b8f-a64d47329d3e","msg":"serving ResilienceCockpitService {\n  at: [ '/service/ResilienceCockpitService' ],\n  decl: 'srv/csn.json:313',\n  impl: 'srv/service.js'\n}","type":"log"} (STDOUT, APP/PROC/WEB)#
#2026 08 25 11:29:26.908#Z#DEBUG#1118e5ca-a078-11f1-87c7-eeee0a8e79e5.ResilienceCockpit-srv#flowable-async-job-executor-thread-14311#
[PollStageAppStatusExecution] 846298f7-a9cf-4b9f-a20b-63e370407f6e [2026-08-25T10:40:50.495957] {"level":"info","logger":"cds","timestamp":"2026-08-25T10:40:50.495Z","layer":"cds","component_type":"application","container_id":"10.37.128.4","component_id":"846298f7-a9cf-4b9f-a20b-63e370407f6e","component_name":"ResilienceCockpit-srv","component_instance":0,"source_instance":0,"organization_name":"94060551trial","organization_id":"78e7b825-503f-4bdc-af4e-be86d7f43c8e","space_name":"dev","space_id":"039a1fe6-69a4-4c1e-9b8f-a64d47329d3e","msg":"server listening on { url: 'http://localhost:8080' }","type":"log"} (STDOUT, APP/PROC/WEB)#
#2026 08 25 11:29:26.908#Z#DEBUG#1118e5ca-a078-11f1-87c7-eeee0a8e79e5.ResilienceCockpit-srv#flowable-async-job-executor-thread-14311#
[PollStageAppStatusExecution] 846298f7-a9cf-4b9f-a20b-63e370407f6e [2026-08-25T10:40:50.496022] {"level":"info","logger":"cds","timestamp":"2026-08-25T10:40:50.495Z","layer":"cds","component_type":"application","container_id":"10.37.128.4","component_id":"846298f7-a9cf-4b9f-a20b-63e370407f6e","component_name":"ResilienceCockpit-srv","component_instance":0,"source_instance":0,"organization_name":"94060551trial","organization_id":"78e7b825-503f-4bdc-af4e-be86d7f43c8e","space_name":"dev","space_id":"039a1fe6-69a4-4c1e-9b8f-a64d47329d3e","msg":"server v9.9.3 launched in 670 ms","type":"log"} (STDOUT, APP/PROC/WEB)#
#2026 08 25 11:29:26.908#Z#DEBUG#1118e5ca-a078-11f1-87c7-eeee0a8e79e5.ResilienceCockpit-srv#flowable-async-job-executor-thread-14311#
[PollStageAppStatusExecution] 846298f7-a9cf-4b9f-a20b-63e370407f6e [2026-08-25T10:40:53.188059] Container became healthy (STDOUT, CELL)#
#2026 08 25 11:29:26.908#Z#DEBUG#1118e5ca-a078-11f1-87c7-eeee0a8e79e5.ResilienceCockpit-srv#flowable-async-job-executor-thread-14311#
[PollStageAppStatusExecution] 846298f7-a9cf-4b9f-a20b-63e370407f6e [2026-08-25T10:40:53.212222] Process became ready with guid 846298f7-a9cf-4b9f-a20b-63e370407f6e payload: {"instance"=>"4daa614a-24c6-48f2-555f-4145", "index"=>0, "cell_id"=>"1c5a7d17-e84c-4617-813f-decbb86235ed", "ready"=>true, "version"=>"380419a4-6d6a-4f78-9f24-24d8604253fa"} (STDOUT, API)#
#2026 08 25 11:29:26.908#Z#DEBUG#1118e5ca-a078-11f1-87c7-eeee0a8e79e5.ResilienceCockpit-srv#flowable-async-job-executor-thread-14311#
[PollStageAppStatusExecution] 846298f7-a9cf-4b9f-a20b-63e370407f6e [2026-08-25T10:41:21.379428] Cell 13752499-11e5-4ce9-a7df-2188d5ab1e0d destroying container for instance 0ceffd80-0837-48d3-47e0-1230 (STDOUT, CELL)#
#2026 08 25 11:29:26.908#Z#DEBUG#1118e5ca-a078-11f1-87c7-eeee0a8e79e5.ResilienceCockpit-srv#flowable-async-job-executor-thread-14311#
[PollStageAppStatusExecution] 846298f7-a9cf-4b9f-a20b-63e370407f6e [2026-08-25T10:41:21.450923] Exit status 137 (STDOUT, PROXY)#
#2026 08 25 11:29:26.908#Z#DEBUG#1118e5ca-a078-11f1-87c7-eeee0a8e79e5.ResilienceCockpit-srv#flowable-async-job-executor-thread-14311#
[PollStageAppStatusExecution] 846298f7-a9cf-4b9f-a20b-63e370407f6e [2026-08-25T10:41:22.699803] Cell 13752499-11e5-4ce9-a7df-2188d5ab1e0d successfully destroyed container for instance 0ceffd80-0837-48d3-47e0-1230 (STDOUT, CELL)#
#2026 08 25 11:29:26.908#Z#DEBUG#1118e5ca-a078-11f1-87c7-eeee0a8e79e5.ResilienceCockpit-srv#flowable-async-job-executor-thread-14311#
[PollStageAppStatusExecution] 846298f7-a9cf-4b9f-a20b-63e370407f6e [2026-08-25T11:28:31.990040] Updated app with guid 846298f7-a9cf-4b9f-a20b-63e370407f6e ({"lifecycle"=>{"data"=>{"buildpacks"=>["nodejs_buildpack"]}, "type"=>"buildpack"}}) (STDOUT, API)#
#2026 08 25 11:29:26.908#Z#DEBUG#1118e5ca-a078-11f1-87c7-eeee0a8e79e5.ResilienceCockpit-srv#flowable-async-job-executor-thread-14311#
[PollStageAppStatusExecution] 846298f7-a9cf-4b9f-a20b-63e370407f6e [2026-08-25T11:28:32.097711] Updating process: "web" (STDOUT, API)#
#2026 08 25 11:29:26.908#Z#DEBUG#1118e5ca-a078-11f1-87c7-eeee0a8e79e5.ResilienceCockpit-srv#flowable-async-job-executor-thread-14311#
[PollStageAppStatusExecution] 846298f7-a9cf-4b9f-a20b-63e370407f6e [2026-08-25T11:29:07.180336] Uploading app package for app with guid 846298f7-a9cf-4b9f-a20b-63e370407f6e (STDOUT, API)#
#2026 08 25 11:29:26.908#Z#DEBUG#1118e5ca-a078-11f1-87c7-eeee0a8e79e5.ResilienceCockpit-srv#flowable-async-job-executor-thread-14311#
[PollStageAppStatusExecution] 846298f7-a9cf-4b9f-a20b-63e370407f6e [2026-08-25T11:29:07.342251] Updated app with guid 846298f7-a9cf-4b9f-a20b-63e370407f6e ({"environment_variables"=>"[PRIVATE DATA HIDDEN]"}) (STDOUT, API)#
#2026 08 25 11:29:26.908#Z#DEBUG#1118e5ca-a078-11f1-87c7-eeee0a8e79e5.ResilienceCockpit-srv#flowable-async-job-executor-thread-14311#
[PollStageAppStatusExecution] 846298f7-a9cf-4b9f-a20b-63e370407f6e [2026-08-25T11:29:17.107211] Stopping app with guid 846298f7-a9cf-4b9f-a20b-63e370407f6e (STDOUT, API)#
#2026 08 25 11:29:26.908#Z#DEBUG#1118e5ca-a078-11f1-87c7-eeee0a8e79e5.ResilienceCockpit-srv#flowable-async-job-executor-thread-14311#
[PollStageAppStatusExecution] 846298f7-a9cf-4b9f-a20b-63e370407f6e [2026-08-25T11:29:17.149988] Cell 1c5a7d17-e84c-4617-813f-decbb86235ed stopping instance 4daa614a-24c6-48f2-555f-4145 (STDOUT, CELL)#
#2026 08 25 11:29:26.908#Z#DEBUG#1118e5ca-a078-11f1-87c7-eeee0a8e79e5.ResilienceCockpit-srv#flowable-async-job-executor-thread-14311#
[PollStageAppStatusExecution] 846298f7-a9cf-4b9f-a20b-63e370407f6e [2026-08-25T11:29:17.315297] Creating build for app with guid 846298f7-a9cf-4b9f-a20b-63e370407f6e (STDOUT, API)#
#2026 08 25 11:29:26.908#Z#DEBUG#1118e5ca-a078-11f1-87c7-eeee0a8e79e5.ResilienceCockpit-srv#flowable-async-job-executor-thread-14311#
[PollStageAppStatusExecution] 846298f7-a9cf-4b9f-a20b-63e370407f6e [2026-08-25T11:29:17.649172] Downloading nodejs_buildpack... (STDOUT, STG)#
#2026 08 25 11:29:26.908#Z#DEBUG#1118e5ca-a078-11f1-87c7-eeee0a8e79e5.ResilienceCockpit-srv#flowable-async-job-executor-thread-14311#
[PollStageAppStatusExecution] 846298f7-a9cf-4b9f-a20b-63e370407f6e [2026-08-25T11:29:17.699696] Downloaded nodejs_buildpack (STDOUT, STG)#
#2026 08 25 11:29:26.908#Z#DEBUG#1118e5ca-a078-11f1-87c7-eeee0a8e79e5.ResilienceCockpit-srv#flowable-async-job-executor-thread-14311#
[PollStageAppStatusExecution] 846298f7-a9cf-4b9f-a20b-63e370407f6e [2026-08-25T11:29:17.699741] Cell b3a4a883-39ab-4d0f-a862-7fe402de5b7a creating container for instance e7a5bce1-a1c1-474a-b01b-2411db15d266 (STDOUT, STG)#
#2026 08 25 11:29:26.908#Z#DEBUG#1118e5ca-a078-11f1-87c7-eeee0a8e79e5.ResilienceCockpit-srv#flowable-async-job-executor-thread-14311#
[PollStageAppStatusExecution] 846298f7-a9cf-4b9f-a20b-63e370407f6e [2026-08-25T11:29:17.991135] Security group rules were updated (STDOUT, STG)#
#2026 08 25 11:29:26.908#Z#DEBUG#1118e5ca-a078-11f1-87c7-eeee0a8e79e5.ResilienceCockpit-srv#flowable-async-job-executor-thread-14311#
[PollStageAppStatusExecution] 846298f7-a9cf-4b9f-a20b-63e370407f6e [2026-08-25T11:29:18.065291] Cell b3a4a883-39ab-4d0f-a862-7fe402de5b7a successfully created container for instance e7a5bce1-a1c1-474a-b01b-2411db15d266 (STDOUT, STG)#
#2026 08 25 11:29:26.908#Z#DEBUG#1118e5ca-a078-11f1-87c7-eeee0a8e79e5.ResilienceCockpit-srv#flowable-async-job-executor-thread-14311#
[PollStageAppStatusExecution] 846298f7-a9cf-4b9f-a20b-63e370407f6e [2026-08-25T11:29:19.297368] Downloading app package... (STDOUT, STG)#
#2026 08 25 11:29:26.908#Z#DEBUG#1118e5ca-a078-11f1-87c7-eeee0a8e79e5.ResilienceCockpit-srv#flowable-async-job-executor-thread-14311#
[PollStageAppStatusExecution] 846298f7-a9cf-4b9f-a20b-63e370407f6e [2026-08-25T11:29:19.297460] Downloading build artifacts cache... (STDOUT, STG)#
#2026 08 25 11:29:26.908#Z#DEBUG#1118e5ca-a078-11f1-87c7-eeee0a8e79e5.ResilienceCockpit-srv#flowable-async-job-executor-thread-14311#
[PollStageAppStatusExecution] 846298f7-a9cf-4b9f-a20b-63e370407f6e [2026-08-25T11:29:19.374018] Downloaded build artifacts cache (223B) (STDOUT, STG)#
#2026 08 25 11:29:26.908#Z#DEBUG#1118e5ca-a078-11f1-87c7-eeee0a8e79e5.ResilienceCockpit-srv#flowable-async-job-executor-thread-14311#
[PollStageAppStatusExecution] 846298f7-a9cf-4b9f-a20b-63e370407f6e [2026-08-25T11:29:20.317920] Downloaded app package (15.2M) (STDOUT, STG)#
#2026 08 25 11:29:26.908#Z#DEBUG#1118e5ca-a078-11f1-87c7-eeee0a8e79e5.ResilienceCockpit-srv#flowable-async-job-executor-thread-14311#
[PollStageAppStatusExecution] 846298f7-a9cf-4b9f-a20b-63e370407f6e [2026-08-25T11:29:20.368609] -----> Nodejs Buildpack version 1.9.3 (STDOUT, STG)#
#2026 08 25 11:29:26.908#Z#DEBUG#1118e5ca-a078-11f1-87c7-eeee0a8e79e5.ResilienceCockpit-srv#flowable-async-job-executor-thread-14311#
[PollStageAppStatusExecution] 846298f7-a9cf-4b9f-a20b-63e370407f6e [2026-08-25T11:29:20.713785] -----> Bootstrapping python (STDOUT, STG)#
#2026 08 25 11:29:26.908#Z#DEBUG#1118e5ca-a078-11f1-87c7-eeee0a8e79e5.ResilienceCockpit-srv#flowable-async-job-executor-thread-14311#
[PollStageAppStatusExecution] 846298f7-a9cf-4b9f-a20b-63e370407f6e [2026-08-25T11:29:20.713802] -----> Installing python 3.13.14 (STDOUT, STG)#
#2026 08 25 11:29:26.908#Z#DEBUG#1118e5ca-a078-11f1-87c7-eeee0a8e79e5.ResilienceCockpit-srv#flowable-async-job-executor-thread-14311#
[PollStageAppStatusExecution] 846298f7-a9cf-4b9f-a20b-63e370407f6e [2026-08-25T11:29:20.713877] Copy [/tmp/buildpacks/adc5840e3e50b48d/dependencies/4b4266a2ff36730aef37b88b668ca327/python_3.13.14_linux_x64_cflinuxfs4_b80d4954.tgz] (STDOUT, STG)#
#2026 08 25 11:29:26.908#Z#DEBUG#1118e5ca-a078-11f1-87c7-eeee0a8e79e5.ResilienceCockpit-srv#flowable-async-job-executor-thread-14311#
[PollStageAppStatusExecution] 846298f7-a9cf-4b9f-a20b-63e370407f6e [2026-08-25T11:29:23.716958] -----> Installing binaries (STDOUT, STG)#
#2026 08 25 11:29:26.908#Z#DEBUG#1118e5ca-a078-11f1-87c7-eeee0a8e79e5.ResilienceCockpit-srv#flowable-async-job-executor-thread-14311#
[PollStageAppStatusExecution] 846298f7-a9cf-4b9f-a20b-63e370407f6e [2026-08-25T11:29:23.717005] engines.node (package.json): >=20 (STDOUT, STG)#
#2026 08 25 11:29:26.908#Z#DEBUG#1118e5ca-a078-11f1-87c7-eeee0a8e79e5.ResilienceCockpit-srv#flowable-async-job-executor-thread-14311#
[PollStageAppStatusExecution] 846298f7-a9cf-4b9f-a20b-63e370407f6e [2026-08-25T11:29:23.717010] engines.npm (package.json): unspecified (use default) (STDOUT, STG)#
#2026 08 25 11:29:26.908#Z#DEBUG#1118e5ca-a078-11f1-87c7-eeee0a8e79e5.ResilienceCockpit-srv#flowable-async-job-executor-thread-14311#
[PollStageAppStatusExecution] 846298f7-a9cf-4b9f-a20b-63e370407f6e [2026-08-25T11:29:23.717014] [31;1m**WARNING**[0m Dangerous semver range (>) in engines.node. See: http://docs.cloudfoundry.org/buildpacks/node/node-tips.html (STDOUT, STG)#
#2026 08 25 11:29:26.908#Z#DEBUG#1118e5ca-a078-11f1-87c7-eeee0a8e79e5.ResilienceCockpit-srv#flowable-async-job-executor-thread-14311#
[PollStageAppStatusExecution] 846298f7-a9cf-4b9f-a20b-63e370407f6e [2026-08-25T11:29:23.717897] -----> Installing node 24.18.0 (STDOUT, STG)#
#2026 08 25 11:29:26.908#Z#DEBUG#1118e5ca-a078-11f1-87c7-eeee0a8e79e5.ResilienceCockpit-srv#flowable-async-job-executor-thread-14311#
[PollStageAppStatusExecution] 846298f7-a9cf-4b9f-a20b-63e370407f6e [2026-08-25T11:29:23.718008] Copy [/tmp/buildpacks/adc5840e3e50b48d/dependencies/dffbbb835fcd073c4544f78eb6247fac/node_24.18.0_linux_x64_cflinuxfs4_cdfed650.tgz] (STDOUT, STG)#
#2026 08 25 11:29:26.908#Z#DEBUG#1118e5ca-a078-11f1-87c7-eeee0a8e79e5.ResilienceCockpit-srv#flowable-async-job-executor-thread-14311#
[PollStageAppStatusExecution] 846298f7-a9cf-4b9f-a20b-63e370407f6e [2026-08-25T11:29:25.447751] Using default npm version: 11.16.0 (STDOUT, STG)#
#2026 08 25 11:29:26.908#Z#DEBUG#1118e5ca-a078-11f1-87c7-eeee0a8e79e5.ResilienceCockpit-srv#flowable-async-job-executor-thread-14311#
[PollStageAppStatusExecution] 846298f7-a9cf-4b9f-a20b-63e370407f6e [2026-08-25T11:29:25.447783] -----> Installing yarn 1.22.22 (STDOUT, STG)#
#2026 08 25 11:29:26.908#Z#DEBUG#1118e5ca-a078-11f1-87c7-eeee0a8e79e5.ResilienceCockpit-srv#flowable-async-job-executor-thread-14311#
[PollStageAppStatusExecution] 846298f7-a9cf-4b9f-a20b-63e370407f6e [2026-08-25T11:29:25.447987] Copy [/tmp/buildpacks/adc5840e3e50b48d/dependencies/e4fe26756e9984a665478d350474fa2e/yarn_1.22.22_linux_noarch_any-stack_b6132b86.tgz] (STDOUT, STG)#
#2026 08 25 11:29:26.908#Z#DEBUG#1118e5ca-a078-11f1-87c7-eeee0a8e79e5.ResilienceCockpit-srv#flowable-async-job-executor-thread-14311#
[PollStageAppStatusExecution] 846298f7-a9cf-4b9f-a20b-63e370407f6e [2026-08-25T11:29:25.699980] Installed yarn 1.22.22 (STDOUT, STG)#
#2026 08 25 11:29:26.908#Z#DEBUG#1118e5ca-a078-11f1-87c7-eeee0a8e79e5.ResilienceCockpit-srv#flowable-async-job-executor-thread-14311#
[PollStageAppStatusExecution] 846298f7-a9cf-4b9f-a20b-63e370407f6e [2026-08-25T11:29:25.700013] -----> Creating runtime environment (STDOUT, STG)#
#2026 08 25 11:29:26.908#Z#DEBUG#1118e5ca-a078-11f1-87c7-eeee0a8e79e5.ResilienceCockpit-srv#flowable-async-job-executor-thread-14311#
[PollStageAppStatusExecution] 846298f7-a9cf-4b9f-a20b-63e370407f6e [2026-08-25T11:29:25.701407] NODE_ENV=production (STDOUT, STG)#
#2026 08 25 11:29:26.908#Z#DEBUG#1118e5ca-a078-11f1-87c7-eeee0a8e79e5.ResilienceCockpit-srv#flowable-async-job-executor-thread-14311#
[PollStageAppStatusExecution] 846298f7-a9cf-4b9f-a20b-63e370407f6e [2026-08-25T11:29:25.701422] NODE_HOME=/tmp/contents1021530274/deps/0/node (STDOUT, STG)#
#2026 08 25 11:29:26.908#Z#DEBUG#1118e5ca-a078-11f1-87c7-eeee0a8e79e5.ResilienceCockpit-srv#flowable-async-job-executor-thread-14311#
[PollStageAppStatusExecution] 846298f7-a9cf-4b9f-a20b-63e370407f6e [2026-08-25T11:29:25.701425] NODE_MODULES_CACHE=true (STDOUT, STG)#
#2026 08 25 11:29:26.908#Z#DEBUG#1118e5ca-a078-11f1-87c7-eeee0a8e79e5.ResilienceCockpit-srv#flowable-async-job-executor-thread-14311#
[PollStageAppStatusExecution] 846298f7-a9cf-4b9f-a20b-63e370407f6e [2026-08-25T11:29:25.701427] NODE_VERBOSE=false (STDOUT, STG)#
#2026 08 25 11:29:26.908#Z#DEBUG#1118e5ca-a078-11f1-87c7-eeee0a8e79e5.ResilienceCockpit-srv#flowable-async-job-executor-thread-14311#
[PollStageAppStatusExecution] 846298f7-a9cf-4b9f-a20b-63e370407f6e [2026-08-25T11:29:25.701433] NPM_CONFIG_LOGLEVEL=error (STDOUT, STG)#
#2026 08 25 11:29:26.908#Z#DEBUG#1118e5ca-a078-11f1-87c7-eeee0a8e79e5.ResilienceCockpit-srv#flowable-async-job-executor-thread-14311#
[PollStageAppStatusExecution] 846298f7-a9cf-4b9f-a20b-63e370407f6e [2026-08-25T11:29:25.701435] NPM_CONFIG_PRODUCTION=true (STDOUT, STG)#
#2026 08 25 11:29:26.908#Z#DEBUG#1118e5ca-a078-11f1-87c7-eeee0a8e79e5.ResilienceCockpit-srv#flowable-async-job-executor-thread-14311#
[PollStageAppStatusExecution] 846298f7-a9cf-4b9f-a20b-63e370407f6e [2026-08-25T11:29:25.701440] -----> Building dependencies (STDOUT, STG)#
#2026 08 25 11:29:26.908#Z#DEBUG#1118e5ca-a078-11f1-87c7-eeee0a8e79e5.ResilienceCockpit-srv#flowable-async-job-executor-thread-14311#
[PollStageAppStatusExecution] 846298f7-a9cf-4b9f-a20b-63e370407f6e [2026-08-25T11:29:25.701442] Prebuild detected (node_modules already exists) (STDOUT, STG)#
#2026 08 25 11:29:26.908#Z#DEBUG#1118e5ca-a078-11f1-87c7-eeee0a8e79e5.ResilienceCockpit-srv#flowable-async-job-executor-thread-14311#
[PollStageAppStatusExecution] 846298f7-a9cf-4b9f-a20b-63e370407f6e [2026-08-25T11:29:25.701444] Rebuilding any native modules (STDOUT, STG)#
#2026 08 25 11:29:26.908#Z#DEBUG#1118e5ca-a078-11f1-87c7-eeee0a8e79e5.ResilienceCockpit-srv#flowable-async-job-executor-thread-14311#
[PollStageAppStatusExecution] 846298f7-a9cf-4b9f-a20b-63e370407f6e [2026-08-25T11:29:26.291781] rebuilt dependencies successfully (STDOUT, STG)#
#2026 08 25 11:29:36.836#Z#DEBUG#1118e5ca-a078-11f1-87c7-eeee0a8e79e5.ResilienceCockpit-srv#flowable-async-job-executor-thread-14314#
[PollStageAppStatusExecution] 846298f7-a9cf-4b9f-a20b-63e370407f6e [2026-08-25T11:29:26.292907] npm notice (STDOUT, STG)#
#2026 08 25 11:29:36.836#Z#DEBUG#1118e5ca-a078-11f1-87c7-eeee0a8e79e5.ResilienceCockpit-srv#flowable-async-job-executor-thread-14314#
[PollStageAppStatusExecution] 846298f7-a9cf-4b9f-a20b-63e370407f6e [2026-08-25T11:29:26.292923] npm notice New major version of npm available! 11.16.0 -> 12.0.2 (STDOUT, STG)#
#2026 08 25 11:29:36.837#Z#DEBUG#1118e5ca-a078-11f1-87c7-eeee0a8e79e5.ResilienceCockpit-srv#flowable-async-job-executor-thread-14314#
[PollStageAppStatusExecution] 846298f7-a9cf-4b9f-a20b-63e370407f6e [2026-08-25T11:29:26.292927] npm notice Changelog: https://github.com/npm/cli/releases/tag/v12.0.2 (STDOUT, STG)#
#2026 08 25 11:29:36.837#Z#DEBUG#1118e5ca-a078-11f1-87c7-eeee0a8e79e5.ResilienceCockpit-srv#flowable-async-job-executor-thread-14314#
[PollStageAppStatusExecution] 846298f7-a9cf-4b9f-a20b-63e370407f6e [2026-08-25T11:29:26.292937] npm notice To update run: npm install -g npm@12.0.2 (STDOUT, STG)#
#2026 08 25 11:29:36.837#Z#DEBUG#1118e5ca-a078-11f1-87c7-eeee0a8e79e5.ResilienceCockpit-srv#flowable-async-job-executor-thread-14314#
[PollStageAppStatusExecution] 846298f7-a9cf-4b9f-a20b-63e370407f6e [2026-08-25T11:29:26.292941] npm notice (STDOUT, STG)#
#2026 08 25 11:29:36.837#Z#DEBUG#1118e5ca-a078-11f1-87c7-eeee0a8e79e5.ResilienceCockpit-srv#flowable-async-job-executor-thread-14314#
[PollStageAppStatusExecution] 846298f7-a9cf-4b9f-a20b-63e370407f6e [2026-08-25T11:29:26.339951] Installing any new modules (package.json + package-lock.json) (STDOUT, STG)#
#2026 08 25 11:29:36.837#Z#DEBUG#1118e5ca-a078-11f1-87c7-eeee0a8e79e5.ResilienceCockpit-srv#flowable-async-job-executor-thread-14314#
[PollStageAppStatusExecution] 846298f7-a9cf-4b9f-a20b-63e370407f6e [2026-08-25T11:29:26.949555] up to date in 552ms (STDOUT, STG)#
#2026 08 25 11:29:36.837#Z#DEBUG#1118e5ca-a078-11f1-87c7-eeee0a8e79e5.ResilienceCockpit-srv#flowable-async-job-executor-thread-14314#
[PollStageAppStatusExecution] 846298f7-a9cf-4b9f-a20b-63e370407f6e [2026-08-25T11:29:26.949669] 37 packages are looking for funding (STDOUT, STG)#
#2026 08 25 11:29:36.837#Z#DEBUG#1118e5ca-a078-11f1-87c7-eeee0a8e79e5.ResilienceCockpit-srv#flowable-async-job-executor-thread-14314#
[PollStageAppStatusExecution] 846298f7-a9cf-4b9f-a20b-63e370407f6e [2026-08-25T11:29:26.949697] run `npm fund` for details (STDOUT, STG)#
#2026 08 25 11:29:36.837#Z#DEBUG#1118e5ca-a078-11f1-87c7-eeee0a8e79e5.ResilienceCockpit-srv#flowable-async-job-executor-thread-14314#
[PollStageAppStatusExecution] 846298f7-a9cf-4b9f-a20b-63e370407f6e [2026-08-25T11:29:27.818680] Contrast Security no credentials found. Will not write environment files. (STDOUT, STG)#
#2026 08 25 11:29:46.881#Z#DEBUG#1118e5ca-a078-11f1-87c7-eeee0a8e79e5.ResilienceCockpit-srv#flowable-async-job-executor-thread-14318#
[PollStageAppStatusExecution] 846298f7-a9cf-4b9f-a20b-63e370407f6e [2026-08-25T11:29:37.475063] Exit status 0 (STDOUT, STG)#
#2026 08 25 11:29:46.881#Z#DEBUG#1118e5ca-a078-11f1-87c7-eeee0a8e79e5.ResilienceCockpit-srv#flowable-async-job-executor-thread-14318#
[PollStageAppStatusExecution] 846298f7-a9cf-4b9f-a20b-63e370407f6e [2026-08-25T11:29:37.475106] Uploading droplet, build artifacts cache... (STDOUT, STG)#
#2026 08 25 11:29:46.881#Z#DEBUG#1118e5ca-a078-11f1-87c7-eeee0a8e79e5.ResilienceCockpit-srv#flowable-async-job-executor-thread-14318#
[PollStageAppStatusExecution] 846298f7-a9cf-4b9f-a20b-63e370407f6e [2026-08-25T11:29:37.475142] Uploading droplet... (STDOUT, STG)#
#2026 08 25 11:29:46.881#Z#DEBUG#1118e5ca-a078-11f1-87c7-eeee0a8e79e5.ResilienceCockpit-srv#flowable-async-job-executor-thread-14318#
[PollStageAppStatusExecution] 846298f7-a9cf-4b9f-a20b-63e370407f6e [2026-08-25T11:29:37.475154] Uploading build artifacts cache... (STDOUT, STG)#
#2026 08 25 11:29:46.881#Z#DEBUG#1118e5ca-a078-11f1-87c7-eeee0a8e79e5.ResilienceCockpit-srv#flowable-async-job-executor-thread-14318#
[PollStageAppStatusExecution] 846298f7-a9cf-4b9f-a20b-63e370407f6e [2026-08-25T11:29:37.494686] Uploaded build artifacts cache (222B) (STDOUT, STG)#
#2026 08 25 11:29:46.881#Z#DEBUG#1118e5ca-a078-11f1-87c7-eeee0a8e79e5.ResilienceCockpit-srv#flowable-async-job-executor-thread-14318#
[PollStageAppStatusExecution] 846298f7-a9cf-4b9f-a20b-63e370407f6e [2026-08-25T11:29:38.113042] Creating droplet for app with guid 846298f7-a9cf-4b9f-a20b-63e370407f6e (STDOUT, API)#
#2026 08 25 11:29:46.881#Z#DEBUG#1118e5ca-a078-11f1-87c7-eeee0a8e79e5.ResilienceCockpit-srv#flowable-async-job-executor-thread-14318#
[PollStageAppStatusExecution] 846298f7-a9cf-4b9f-a20b-63e370407f6e [2026-08-25T11:29:41.192538] Uploaded droplet (70.3M) (STDOUT, STG)#
#2026 08 25 11:29:46.881#Z#DEBUG#1118e5ca-a078-11f1-87c7-eeee0a8e79e5.ResilienceCockpit-srv#flowable-async-job-executor-thread-14318#
[PollStageAppStatusExecution] 846298f7-a9cf-4b9f-a20b-63e370407f6e [2026-08-25T11:29:41.209837] Uploading complete (STDOUT, STG)#
#2026 08 25 11:29:46.881#Z#DEBUG#1118e5ca-a078-11f1-87c7-eeee0a8e79e5.ResilienceCockpit-srv#flowable-async-job-executor-thread-14318#
[PollStageAppStatusExecution] 846298f7-a9cf-4b9f-a20b-63e370407f6e [2026-08-25T11:29:41.902797] Cell b3a4a883-39ab-4d0f-a862-7fe402de5b7a stopping instance e7a5bce1-a1c1-474a-b01b-2411db15d266 (STDOUT, STG)#
#2026 08 25 11:29:46.881#Z#DEBUG#1118e5ca-a078-11f1-87c7-eeee0a8e79e5.ResilienceCockpit-srv#flowable-async-job-executor-thread-14318#
[PollStageAppStatusExecution] 846298f7-a9cf-4b9f-a20b-63e370407f6e [2026-08-25T11:29:41.902829] Cell b3a4a883-39ab-4d0f-a862-7fe402de5b7a destroying container for instance e7a5bce1-a1c1-474a-b01b-2411db15d266 (STDOUT, STG)#
#2026 08 25 11:29:46.881#Z#DEBUG#1118e5ca-a078-11f1-87c7-eeee0a8e79e5.ResilienceCockpit-srv#flowable-async-job-executor-thread-14318#
[PollStageAppStatusExecution] 846298f7-a9cf-4b9f-a20b-63e370407f6e [2026-08-25T11:29:41.970611] Staging complete for build e7a5bce1-a1c1-474a-b01b-2411db15d266 (STDOUT, API)#
#2026 08 25 11:29:46.881#Z#DEBUG#1118e5ca-a078-11f1-87c7-eeee0a8e79e5.ResilienceCockpit-srv#flowable-async-job-executor-thread-14318#
[PollStageAppStatusExecution] 846298f7-a9cf-4b9f-a20b-63e370407f6e [2026-08-25T11:29:43.928222] Cell b3a4a883-39ab-4d0f-a862-7fe402de5b7a successfully destroyed container for instance e7a5bce1-a1c1-474a-b01b-2411db15d266 (STDOUT, STG)#
#2026 08 25 11:29:56.883#Z#DEBUG#1118e5ca-a078-11f1-87c7-eeee0a8e79e5.ResilienceCockpit-srv#flowable-async-job-executor-thread-14327#
[PollStartAppStatusExecution] 846298f7-a9cf-4b9f-a20b-63e370407f6e [2026-08-25T11:29:46.959912] Updated app with guid 846298f7-a9cf-4b9f-a20b-63e370407f6e ({:droplet_guid=>"998ec5a8-9a92-4125-8029-187342a90f27"}) (STDOUT, API)#
#2026 08 25 11:29:56.883#Z#DEBUG#1118e5ca-a078-11f1-87c7-eeee0a8e79e5.ResilienceCockpit-srv#flowable-async-job-executor-thread-14327#
[PollStartAppStatusExecution] 846298f7-a9cf-4b9f-a20b-63e370407f6e [2026-08-25T11:29:47.110597] Creating revision for app with guid 846298f7-a9cf-4b9f-a20b-63e370407f6e (STDOUT, API)#
#2026 08 25 11:29:56.883#Z#DEBUG#1118e5ca-a078-11f1-87c7-eeee0a8e79e5.ResilienceCockpit-srv#flowable-async-job-executor-thread-14327#
[PollStartAppStatusExecution] 846298f7-a9cf-4b9f-a20b-63e370407f6e [2026-08-25T11:29:47.142397] Starting app with guid 846298f7-a9cf-4b9f-a20b-63e370407f6e (STDOUT, API)#
#2026 08 25 11:29:56.883#Z#DEBUG#1118e5ca-a078-11f1-87c7-eeee0a8e79e5.ResilienceCockpit-srv#flowable-async-job-executor-thread-14327#
[PollStartAppStatusExecution] 846298f7-a9cf-4b9f-a20b-63e370407f6e [2026-08-25T11:29:47.291889] Cell da97415f-d45d-4f73-b6f3-2c853ecdb03d creating container for instance 371e87f9-bde5-448d-51b7-927e (STDOUT, CELL)#
#2026 08 25 11:29:56.883#Z#DEBUG#1118e5ca-a078-11f1-87c7-eeee0a8e79e5.ResilienceCockpit-srv#flowable-async-job-executor-thread-14327#
[PollStartAppStatusExecution] 846298f7-a9cf-4b9f-a20b-63e370407f6e [2026-08-25T11:29:47.602634] Security group rules were updated (STDOUT, CELL)#
#2026 08 25 11:29:56.883#Z#DEBUG#1118e5ca-a078-11f1-87c7-eeee0a8e79e5.ResilienceCockpit-srv#flowable-async-job-executor-thread-14327#
[PollStartAppStatusExecution] 846298f7-a9cf-4b9f-a20b-63e370407f6e [2026-08-25T11:29:47.662170] Cell da97415f-d45d-4f73-b6f3-2c853ecdb03d successfully created container for instance 371e87f9-bde5-448d-51b7-927e (STDOUT, CELL)#
#2026 08 25 11:29:56.883#Z#DEBUG#1118e5ca-a078-11f1-87c7-eeee0a8e79e5.ResilienceCockpit-srv#flowable-async-job-executor-thread-14327#
[PollStartAppStatusExecution] 846298f7-a9cf-4b9f-a20b-63e370407f6e [2026-08-25T11:29:47.832683] Downloading droplet... (STDOUT, CELL)#
#2026 08 25 11:29:56.883#Z#DEBUG#1118e5ca-a078-11f1-87c7-eeee0a8e79e5.ResilienceCockpit-srv#flowable-async-job-executor-thread-14327#
[PollStartAppStatusExecution] 846298f7-a9cf-4b9f-a20b-63e370407f6e [2026-08-25T11:29:51.475831] Downloaded droplet (70.3M) (STDOUT, CELL)#
#2026 08 25 11:29:56.883#Z#DEBUG#1118e5ca-a078-11f1-87c7-eeee0a8e79e5.ResilienceCockpit-srv#flowable-async-job-executor-thread-14327#
[PollStartAppStatusExecution] 846298f7-a9cf-4b9f-a20b-63e370407f6e [2026-08-25T11:29:51.475999] Starting health monitoring of container (STDOUT, CELL)#
#2026 08 25 11:29:56.883#Z#DEBUG#1118e5ca-a078-11f1-87c7-eeee0a8e79e5.ResilienceCockpit-srv#flowable-async-job-executor-thread-14327#
[PollStartAppStatusExecution] 846298f7-a9cf-4b9f-a20b-63e370407f6e [2026-08-25T11:29:51.528484] Invoking pre-start scripts. (STDOUT, APP/PROC/WEB)#
#2026 08 25 11:29:56.883#Z#DEBUG#1118e5ca-a078-11f1-87c7-eeee0a8e79e5.ResilienceCockpit-srv#flowable-async-job-executor-thread-14327#
[PollStartAppStatusExecution] 846298f7-a9cf-4b9f-a20b-63e370407f6e [2026-08-25T11:29:51.671792] Invoking start command. (STDOUT, APP/PROC/WEB)#
#2026 08 25 11:29:56.883#Z#DEBUG#1118e5ca-a078-11f1-87c7-eeee0a8e79e5.ResilienceCockpit-srv#flowable-async-job-executor-thread-14327#
[PollStartAppStatusExecution] 846298f7-a9cf-4b9f-a20b-63e370407f6e [2026-08-25T11:29:51.961695] > ResilienceCockpit@1.0.0 start (STDOUT, APP/PROC/WEB)#
#2026 08 25 11:29:56.883#Z#DEBUG#1118e5ca-a078-11f1-87c7-eeee0a8e79e5.ResilienceCockpit-srv#flowable-async-job-executor-thread-14327#
[PollStartAppStatusExecution] 846298f7-a9cf-4b9f-a20b-63e370407f6e [2026-08-25T11:29:51.961722] > cds-serve (STDOUT, APP/PROC/WEB)#
#2026 08 25 11:29:56.883#Z#DEBUG#1118e5ca-a078-11f1-87c7-eeee0a8e79e5.ResilienceCockpit-srv#flowable-async-job-executor-thread-14327#
[PollStartAppStatusExecution] 846298f7-a9cf-4b9f-a20b-63e370407f6e [2026-08-25T11:29:52.134778] [cds] - bootstrapping from { file: 'srv/server.js' } (STDOUT, APP/PROC/WEB)#
#2026 08 25 11:29:56.883#Z#DEBUG#1118e5ca-a078-11f1-87c7-eeee0a8e79e5.ResilienceCockpit-srv#flowable-async-job-executor-thread-14327#
[PollStartAppStatusExecution] 846298f7-a9cf-4b9f-a20b-63e370407f6e [2026-08-25T11:29:52.325690] {"level":"info","logger":"cds","timestamp":"2026-08-25T11:29:52.324Z","layer":"cds","component_type":"application","container_id":"10.37.192.5","component_id":"846298f7-a9cf-4b9f-a20b-63e370407f6e","component_name":"ResilienceCockpit-srv","component_instance":0,"source_instance":0,"organization_name":"94060551trial","organization_id":"78e7b825-503f-4bdc-af4e-be86d7f43c8e","space_name":"dev","space_id":"039a1fe6-69a4-4c1e-9b8f-a64d47329d3e","msg":"loaded model from 1 file(s):\n ","type":"log"} (STDOUT, APP/PROC/WEB)#
#2026 08 25 11:29:56.883#Z#DEBUG#1118e5ca-a078-11f1-87c7-eeee0a8e79e5.ResilienceCockpit-srv#flowable-async-job-executor-thread-14327#
[PollStartAppStatusExecution] 846298f7-a9cf-4b9f-a20b-63e370407f6e [2026-08-25T11:29:52.325712] srv/csn.json (STDOUT, APP/PROC/WEB)#
#2026 08 25 11:29:56.883#Z#DEBUG#1118e5ca-a078-11f1-87c7-eeee0a8e79e5.ResilienceCockpit-srv#flowable-async-job-executor-thread-14327#
[PollStartAppStatusExecution] 846298f7-a9cf-4b9f-a20b-63e370407f6e [2026-08-25T11:29:52.500777] {"level":"info","logger":"cds","timestamp":"2026-08-25T11:29:52.500Z","layer":"cds","component_type":"application","container_id":"10.37.192.5","component_id":"846298f7-a9cf-4b9f-a20b-63e370407f6e","component_name":"ResilienceCockpit-srv","component_instance":0,"source_instance":0,"organization_name":"94060551trial","organization_id":"78e7b825-503f-4bdc-af4e-be86d7f43c8e","space_name":"dev","space_id":"039a1fe6-69a4-4c1e-9b8f-a64d47329d3e","msg":"connect to db > hana {\n  url: 'jdbc:sap://eb9e608b-a8d8-462e-98e7-906abde25244.hna0.prod-us10.hanacloud.ondemand.com:443?encrypt=true&validateCertificate=true&currentschema=8697B1A4A8B84AC49EFF171810969752',\n  database_id: 'eb9e608b-a8d8-462e-98e7-906abde25244',\n  host: 'eb9e608b-a8d8-462e-98e7-906abde25244.hna0.prod-us10.hanacloud.ondemand.com',\n  port: '443',\n  driver: 'com.sap.db.jdbc.Driver',\n  schema: '8697B1A4A8B84AC49EFF171810969752',\n  certificate: '...',\n  hdi_user: '8697B1A4A8B84AC49EFF171810969752_B4SCSXTFML48V8NFH3EQ9TGHU_DT',\n  hdi_password: '...',\n  user: '8697B1A4A8B84AC49EFF171810969752_B4SCSXTFML48V8NFH3EQ9TGHU_RT',\n  password: '...'\n}","type":"log"} (STDOUT, APP/PROC/WEB)#
#2026 08 25 11:29:56.883#Z#DEBUG#1118e5ca-a078-11f1-87c7-eeee0a8e79e5.ResilienceCockpit-srv#flowable-async-job-executor-thread-14327#
[PollStartAppStatusExecution] 846298f7-a9cf-4b9f-a20b-63e370407f6e [2026-08-25T11:29:52.593245] {"level":"info","logger":"cds","timestamp":"2026-08-25T11:29:52.592Z","layer":"cds","component_type":"application","container_id":"10.37.192.5","component_id":"846298f7-a9cf-4b9f-a20b-63e370407f6e","component_name":"ResilienceCockpit-srv","component_instance":0,"source_instance":0,"organization_name":"94060551trial","organization_id":"78e7b825-503f-4bdc-af4e-be86d7f43c8e","space_name":"dev","space_id":"039a1fe6-69a4-4c1e-9b8f-a64d47329d3e","msg":"connect to ShippingCostAPI > rest { destination: 'jsondb' }","type":"log"} (STDOUT, APP/PROC/WEB)#
#2026 08 25 11:29:56.883#Z#DEBUG#1118e5ca-a078-11f1-87c7-eeee0a8e79e5.ResilienceCockpit-srv#flowable-async-job-executor-thread-14327#
[PollStartAppStatusExecution] 846298f7-a9cf-4b9f-a20b-63e370407f6e [2026-08-25T11:29:52.593676] {"level":"info","logger":"cds","timestamp":"2026-08-25T11:29:52.593Z","layer":"cds","component_type":"application","container_id":"10.37.192.5","component_id":"846298f7-a9cf-4b9f-a20b-63e370407f6e","component_name":"ResilienceCockpit-srv","component_instance":0,"source_instance":0,"organization_name":"94060551trial","organization_id":"78e7b825-503f-4bdc-af4e-be86d7f43c8e","space_name":"dev","space_id":"039a1fe6-69a4-4c1e-9b8f-a64d47329d3e","msg":"connect to API_INFORECORD_PROCESS_SRV > odata-v2 { destination: 'SAP_API_HUB' }","type":"log"} (STDOUT, APP/PROC/WEB)#
#2026 08 25 11:29:56.883#Z#DEBUG#1118e5ca-a078-11f1-87c7-eeee0a8e79e5.ResilienceCockpit-srv#flowable-async-job-executor-thread-14327#
[PollStartAppStatusExecution] 846298f7-a9cf-4b9f-a20b-63e370407f6e [2026-08-25T11:29:52.607740] {"level":"info","logger":"cds","timestamp":"2026-08-25T11:29:52.607Z","layer":"cds","component_type":"application","container_id":"10.37.192.5","component_id":"846298f7-a9cf-4b9f-a20b-63e370407f6e","component_name":"ResilienceCockpit-srv","component_instance":0,"source_instance":0,"organization_name":"94060551trial","organization_id":"78e7b825-503f-4bdc-af4e-be86d7f43c8e","space_name":"dev","space_id":"039a1fe6-69a4-4c1e-9b8f-a64d47329d3e","msg":"using auth strategy { kind: 'xsuaa' }","type":"log"} (STDOUT, APP/PROC/WEB)#
#2026 08 25 11:29:56.883#Z#DEBUG#1118e5ca-a078-11f1-87c7-eeee0a8e79e5.ResilienceCockpit-srv#flowable-async-job-executor-thread-14327#
[PollStartAppStatusExecution] 846298f7-a9cf-4b9f-a20b-63e370407f6e [2026-08-25T11:29:52.644320] {"level":"info","logger":"cds","timestamp":"2026-08-25T11:29:52.644Z","layer":"cds","component_type":"application","container_id":"10.37.192.5","component_id":"846298f7-a9cf-4b9f-a20b-63e370407f6e","component_name":"ResilienceCockpit-srv","component_instance":0,"source_instance":0,"organization_name":"94060551trial","organization_id":"78e7b825-503f-4bdc-af4e-be86d7f43c8e","space_name":"dev","space_id":"039a1fe6-69a4-4c1e-9b8f-a64d47329d3e","msg":"serving ResilienceCockpitService {\n  at: [ '/service/ResilienceCockpitService' ],\n  decl: 'srv/csn.json:313',\n  impl: 'srv/service.js'\n}","type":"log"} (STDOUT, APP/PROC/WEB)#
#2026 08 25 11:29:56.883#Z#DEBUG#1118e5ca-a078-11f1-87c7-eeee0a8e79e5.ResilienceCockpit-srv#flowable-async-job-executor-thread-14327#
[PollStartAppStatusExecution] 846298f7-a9cf-4b9f-a20b-63e370407f6e [2026-08-25T11:29:52.648352] {"level":"info","logger":"cds","timestamp":"2026-08-25T11:29:52.647Z","layer":"cds","component_type":"application","container_id":"10.37.192.5","component_id":"846298f7-a9cf-4b9f-a20b-63e370407f6e","component_name":"ResilienceCockpit-srv","component_instance":0,"source_instance":0,"organization_name":"94060551trial","organization_id":"78e7b825-503f-4bdc-af4e-be86d7f43c8e","space_name":"dev","space_id":"039a1fe6-69a4-4c1e-9b8f-a64d47329d3e","msg":"server listening on { url: 'http://localhost:8080' }","type":"log"} (STDOUT, APP/PROC/WEB)#
#2026 08 25 11:29:56.883#Z#DEBUG#1118e5ca-a078-11f1-87c7-eeee0a8e79e5.ResilienceCockpit-srv#flowable-async-job-executor-thread-14327#
[PollStartAppStatusExecution] 846298f7-a9cf-4b9f-a20b-63e370407f6e [2026-08-25T11:29:52.648413] {"level":"info","logger":"cds","timestamp":"2026-08-25T11:29:52.648Z","layer":"cds","component_type":"application","container_id":"10.37.192.5","component_id":"846298f7-a9cf-4b9f-a20b-63e370407f6e","component_name":"ResilienceCockpit-srv","component_instance":0,"source_instance":0,"organization_name":"94060551trial","organization_id":"78e7b825-503f-4bdc-af4e-be86d7f43c8e","space_name":"dev","space_id":"039a1fe6-69a4-4c1e-9b8f-a64d47329d3e","msg":"server v9.9.3 launched in 678 ms","type":"log"} (STDOUT, APP/PROC/WEB)#
#2026 08 25 11:29:56.883#Z#DEBUG#1118e5ca-a078-11f1-87c7-eeee0a8e79e5.ResilienceCockpit-srv#flowable-async-job-executor-thread-14327#
[PollStartAppStatusExecution] 846298f7-a9cf-4b9f-a20b-63e370407f6e [2026-08-25T11:29:55.224257] Container became healthy (STDOUT, CELL)#
#2026 08 25 11:29:56.883#Z#DEBUG#1118e5ca-a078-11f1-87c7-eeee0a8e79e5.ResilienceCockpit-srv#flowable-async-job-executor-thread-14327#
[PollStartAppStatusExecution] 846298f7-a9cf-4b9f-a20b-63e370407f6e [2026-08-25T11:29:55.250563] Process became ready with guid 846298f7-a9cf-4b9f-a20b-63e370407f6e payload: {"instance"=>"371e87f9-bde5-448d-51b7-927e", "index"=>0, "cell_id"=>"da97415f-d45d-4f73-b6f3-2c853ecdb03d", "ready"=>true, "version"=>"caed7809-39c1-4675-9e06-7951116b4d96"} (STDOUT, API)#
