#2026 08 28 03:39:36.768#Z#INFO#17753ce8-a292-11f1-ad9c-eeee0a80c268.OPERATION#http-nio-0.0.0.0-8080-exec-6#
[XS2StartProcessListener] Operation ID: 17753ce8-a292-11f1-ad9c-eeee0a80c268#
#2026 08 28 03:39:36.784#Z#DEBUG#17753ce8-a292-11f1-ad9c-eeee0a80c268.OPERATION#http-nio-0.0.0.0-8080-exec-6#
[XS2StartProcessListener] Process environment: {
  "SKIP_SSL_VALIDATION" : "false",
  "FLOWABLE_JOB_EXECUTOR_MAX_THREADS" : "32",
  "VERSION" : "2.52.0",
  "BASIC_AUTH_ENABLED" : "true",
  "FLOWABLE_JOB_EXECUTOR_QUEUE_CAPACITY" : "16",
  "FLOWABLE_JOB_EXECUTOR_CORE_THREADS" : "8"
}#
#2026 08 28 03:39:36.784#Z#DEBUG#17753ce8-a292-11f1-ad9c-eeee0a80c268.OPERATION#http-nio-0.0.0.0-8080-exec-6#
[XS2StartProcessListener] Current user: satyasri.thotakura98@gmail.com#
#2026 08 28 03:39:36.784#Z#DEBUG#17753ce8-a292-11f1-ad9c-eeee0a80c268.OPERATION#http-nio-0.0.0.0-8080-exec-6#
[XS2StartProcessListener] Client space: dev#
#2026 08 28 03:39:36.785#Z#DEBUG#17753ce8-a292-11f1-ad9c-eeee0a80c268.OPERATION#http-nio-0.0.0.0-8080-exec-6#
[XS2StartProcessListener] Client organization: 94060551trial#
#2026 08 28 03:39:36.785#Z#INFO#17753ce8-a292-11f1-ad9c-eeee0a80c268.OPERATION#http-nio-0.0.0.0-8080-exec-6#
[XS2StartProcessListener] Process variables: {
  "keepFiles" : false,
  "skipAppDigestCalculation" : false,
  "abortOnError" : false,
  "mtaId" : "ResilienceCockpit",
  "noFailOnMissingPermissions" : false,
  "isSecurityEnabled" : false,
  "apiRequestPath" : "https://deploy-service.cf.us10-003.hana.ondemand.com/api/v1/spaces/039a1fe6-69a4-4c1e-9b8f-a64d47329d3e/operations",
  "deleteServiceBrokers" : false,
  "appArchiveId" : "c06f77b9-83aa-46cb-a698-22a7cd04284d",
  "isDisposableUserProvidedServiceEnabled" : false,
  "deleteServiceKeys" : false,
  "noRestartSubscribedApps" : false,
  "noStart" : false,
  "deleteServices" : false
}#
#2026 08 28 03:39:36.825#Z#DEBUG#17753ce8-a292-11f1-ad9c-eeee0a80c268.OPERATION#flowable-async-job-executor-thread-5258#
[ValidateDeployParametersStep] Executing task "validateParametersTask" of process "17753d0e-a292-11f1-ad9c-eeee0a80c268"...#
#2026 08 28 03:39:36.825#Z#DEBUG#17753ce8-a292-11f1-ad9c-eeee0a80c268.OPERATION#flowable-async-job-executor-thread-5258#
[ValidateDeployParametersStep] Validating parameters...#
#2026 08 28 03:39:36.826#Z#INFO#17753ce8-a292-11f1-ad9c-eeee0a80c268.OPERATION#flowable-async-job-executor-thread-5258#
[ValidateDeployParametersStep] Size of mtars is 17,593,282 and size of extension descriptors is 0#
#2026 08 28 03:39:36.850#Z#INFO#17753ce8-a292-11f1-ad9c-eeee0a80c268.OPERATION#flowable-async-job-executor-thread-5258#
[ValidateDeployParametersStep] Archive was not split! Total size in bytes: 17,593,282#
#2026 08 28 03:39:36.850#Z#INFO#17753ce8-a292-11f1-ad9c-eeee0a80c268.OPERATION#flowable-async-job-executor-thread-5258#
[ValidateDeployParametersStep] Deploying in org "94060551trial" and space "dev"#
#2026 08 28 03:39:36.853#Z#DEBUG#17753ce8-a292-11f1-ad9c-eeee0a80c268.OPERATION#flowable-async-job-executor-thread-5258#
[ValidateDeployParametersStep] Parameters validated#
#2026 08 28 03:39:36.853#Z#DEBUG#17753ce8-a292-11f1-ad9c-eeee0a80c268.OPERATION#flowable-async-job-executor-thread-5258#
Step "Validate Parameters" finished#
#2026 08 28 03:39:36.870#Z#DEBUG#17753ce8-a292-11f1-ad9c-eeee0a80c268.OPERATION#flowable-async-job-executor-thread-5259#
[DeleteRemainingFileParts] Executing task "deleteRemainingFileParts" of process "17753d0e-a292-11f1-ad9c-eeee0a80c268"...#
#2026 08 28 03:39:36.870#Z#DEBUG#17753ce8-a292-11f1-ad9c-eeee0a80c268.OPERATION#flowable-async-job-executor-thread-5259#
Step "Delete Remaining File Parts" finished#
#2026 08 28 03:39:36.885#Z#DEBUG#17753ce8-a292-11f1-ad9c-eeee0a80c268.OPERATION#flowable-async-job-executor-thread-5260#
[XS2ProcessMtaArchiveStep] Executing task "processArchiveTask" of process "17753d0e-a292-11f1-ad9c-eeee0a80c268"...#
#2026 08 28 03:39:36.886#Z#DEBUG#17753ce8-a292-11f1-ad9c-eeee0a80c268.OPERATION#flowable-async-job-executor-thread-5260#
[XS2ProcessMtaArchiveStep] Processing MTA archive...#
#2026 08 28 03:39:36.886#Z#DEBUG#17753ce8-a292-11f1-ad9c-eeee0a80c268.OPERATION#flowable-async-job-executor-thread-5260#
[XS2ProcessMtaArchiveStep] MTA Archive ID: c06f77b9-83aa-46cb-a698-22a7cd04284d#
#2026 08 28 03:39:37.125#Z#DEBUG#17753ce8-a292-11f1-ad9c-eeee0a80c268.OPERATION#flowable-async-job-executor-thread-5260#
[XS2ProcessMtaArchiveStep] MTA Descriptor length: 4,039#
#2026 08 28 03:39:37.125#Z#DEBUG#17753ce8-a292-11f1-ad9c-eeee0a80c268.OPERATION#flowable-async-job-executor-thread-5260#
[XS2ProcessMtaArchiveStep] MTA Archive Modules: [ResilienceCockpit-srv, ResilienceCockpit-app-deployer, ResilienceCockpit-db-deployer]#
#2026 08 28 03:39:37.125#Z#DEBUG#17753ce8-a292-11f1-ad9c-eeee0a80c268.OPERATION#flowable-async-job-executor-thread-5260#
[XS2ProcessMtaArchiveStep] MTA Archive Requires: []#
#2026 08 28 03:39:37.125#Z#DEBUG#17753ce8-a292-11f1-ad9c-eeee0a80c268.OPERATION#flowable-async-job-executor-thread-5260#
[XS2ProcessMtaArchiveStep] MTA Archive Resources: [ResilienceCockpit-auth]#
#2026 08 28 03:39:37.131#Z#DEBUG#17753ce8-a292-11f1-ad9c-eeee0a80c268.OPERATION#flowable-async-job-executor-thread-5260#
[XS2ProcessMtaArchiveStep] MTA archive processed#
#2026 08 28 03:39:37.131#Z#DEBUG#17753ce8-a292-11f1-ad9c-eeee0a80c268.OPERATION#flowable-async-job-executor-thread-5260#
Step "Process Archive" finished#
#2026 08 28 03:39:37.154#Z#DEBUG#17753ce8-a292-11f1-ad9c-eeee0a80c268.OPERATION#flowable-async-job-executor-thread-5261#
[ProcessMtaExtensionDescriptorsStep] Executing task "processExtensionDescriptorsTask" of process "17753d0e-a292-11f1-ad9c-eeee0a80c268"...#
#2026 08 28 03:39:37.155#Z#DEBUG#17753ce8-a292-11f1-ad9c-eeee0a80c268.OPERATION#flowable-async-job-executor-thread-5261#
[ProcessMtaExtensionDescriptorsStep] Processing MTA extension descriptors...#
#2026 08 28 03:39:37.156#Z#DEBUG#17753ce8-a292-11f1-ad9c-eeee0a80c268.OPERATION#flowable-async-job-executor-thread-5261#
[ProcessMtaExtensionDescriptorsStep] Provided extension descriptors: [ ]#
#2026 08 28 03:39:37.156#Z#DEBUG#17753ce8-a292-11f1-ad9c-eeee0a80c268.OPERATION#flowable-async-job-executor-thread-5261#
[ProcessMtaExtensionDescriptorsStep] No extension descriptors in use#
#2026 08 28 03:39:37.156#Z#DEBUG#17753ce8-a292-11f1-ad9c-eeee0a80c268.OPERATION#flowable-async-job-executor-thread-5261#
[ProcessMtaExtensionDescriptorsStep] MTA extension descriptors processed#
#2026 08 28 03:39:37.156#Z#DEBUG#17753ce8-a292-11f1-ad9c-eeee0a80c268.OPERATION#flowable-async-job-executor-thread-5261#
Step "Process Extension Descriptors" finished#
#2026 08 28 03:39:37.173#Z#DEBUG#17753ce8-a292-11f1-ad9c-eeee0a80c268.OPERATION#flowable-async-job-executor-thread-5262#
[XS2DetectMtaSchemaVersionStep] Executing task "detectSchemaVersionTask" of process "17753d0e-a292-11f1-ad9c-eeee0a80c268"...#
#2026 08 28 03:39:37.173#Z#DEBUG#17753ce8-a292-11f1-ad9c-eeee0a80c268.OPERATION#flowable-async-job-executor-thread-5262#
[XS2DetectMtaSchemaVersionStep] Detecting MTA major schema version...#
#2026 08 28 03:39:37.174#Z#INFO#17753ce8-a292-11f1-ad9c-eeee0a80c268.OPERATION#flowable-async-job-executor-thread-5262#
[XS2DetectMtaSchemaVersionStep] Detected MTA schema version: "3"#
#2026 08 28 03:39:37.177#Z#DEBUG#17753ce8-a292-11f1-ad9c-eeee0a80c268.OPERATION#flowable-async-job-executor-thread-5262#
Step "Detect Schema Version" finished#
#2026 08 28 03:39:37.194#Z#DEBUG#17753ce8-a292-11f1-ad9c-eeee0a80c268.OPERATION#flowable-async-job-executor-thread-5263#
[MergeDescriptorsStep] Executing task "mergeDescriptorsTask" of process "17753d0e-a292-11f1-ad9c-eeee0a80c268"...#
#2026 08 28 03:39:37.194#Z#DEBUG#17753ce8-a292-11f1-ad9c-eeee0a80c268.OPERATION#flowable-async-job-executor-thread-5263#
[MergeDescriptorsStep] Validating and merging descriptors...#
#2026 08 28 03:39:37.196#Z#DEBUG#17753ce8-a292-11f1-ad9c-eeee0a80c268.OPERATION#flowable-async-job-executor-thread-5263#
[MergeDescriptorsStep] Merged deployment descriptor: {
  "majorSchemaVersion" : 3,
  "schemaVersion" : "3.3.0",
  "id" : "ResilienceCockpit",
  "version" : "1.0.0",
  "modules" : [ {
    "majorSchemaVersion" : 3,
    "name" : "ResilienceCockpit-srv",
    "type" : "javascript.nodejs",
    "path" : "ResilienceCockpit-srv",
    "properties" : { },
    "parameters" : {
      "buildpack" : "nodejs_buildpack",
      "instances" : 1
    },
    "requiredDependencies" : [ {
      "majorSchemaVersion" : 3,
      "name" : "********",
      "properties" : { },
      "parameters" : { },
      "propertiesMetadata" : {
        "metadata" : { }
      },
      "parametersMetadata" : {
        "metadata" : { }
      }
    }, {
      "majorSchemaVersion" : 3,
      "name" : "ResilienceCockpit-db",
      "properties" : { },
      "parameters" : { },
      "propertiesMetadata" : {
        "metadata" : { }
      },
      "parametersMetadata" : {
        "metadata" : { }
      }
    }, {
      "majorSchemaVersion" : 3,
      "name" : "ResilienceCockpit-connectivity",
      "properties" : { },
      "parameters" : { },
      "propertiesMetadata" : {
        "metadata" : { }
      },
      "parametersMetadata" : {
        "metadata" : { }
      }
    }, {
      "majorSchemaVersion" : 3,
      "name" : "ResilienceCockpit-destination",
      "properties" : { },
      "parameters" : { },
      "propertiesMetadata" : {
        "metadata" : { }
      },
      "parametersMetadata" : {
        "metadata" : { }
      }
    }, {
      "majorSchemaVersion" : 3,
      "name" : "ResilienceCockpit-logging",
      "properties" : { },
      "parameters" : { },
      "propertiesMetadata" : {
        "metadata" : { }
      },
      "parametersMetadata" : {
        "metadata" : { }
      }
    } ],
    "providedDependencies" : [ {
      "majorSchemaVersion" : 3,
      "name" : "srv-api",
      "isPublic" : false,
      "properties" : {
        "srv-url" : "${default-url}"
      },
      "parameters" : { },
      "propertiesMetadata" : {
        "metadata" : { }
      },
      "parametersMetadata" : {
        "metadata" : { }
      }
    }, {
      "majorSchemaVersion" : 3,
      "name" : "ResilienceCockpit-srv",
      "isPublic" : false,
      "properties" : { },
      "parameters" : { },
      "propertiesMetadata" : {
        "metadata" : { }
      },
      "parametersMetadata" : {
        "metadata" : { }
      }
    } ],
    "propertiesMetadata" : {
      "metadata" : { }
    },
    "parametersMetadata" : {
      "metadata" : { }
    },
    "hooks" : [ ]
  }, {
    "majorSchemaVersion" : 3,
    "name" : "ResilienceCockpit-db-deployer",
    "type" : "com.sap.xs.hdi",
    "path" : "ResilienceCockpit-db-deployer",
    "properties" : {
      "EXIT" : 1
    },
    "parameters" : {
      "memory" : "256M",
      "buildpack" : "nodejs_buildpack",
      "no-route" : true,
      "dependency-type" : "hard",
      "tasks" : [ {
        "name" : "deploy",
        "memory" : "256M",
        "command" : "npm start"
      } ],
      "no-start" : true
    },
    "requiredDependencies" : [ {
      "majorSchemaVersion" : 3,
      "name" : "ResilienceCockpit-db",
      "properties" : { },
      "parameters" : { },
      "propertiesMetadata" : {
        "metadata" : { }
      },
      "parametersMetadata" : {
        "metadata" : { }
      }
    } ],
    "providedDependencies" : [ {
      "majorSchemaVersion" : 3,
      "name" : "ResilienceCockpit-db-deployer",
      "isPublic" : false,
      "properties" : { },
      "parameters" : { },
      "propertiesMetadata" : {
        "metadata" : { }
      },
      "parametersMetadata" : {
        "metadata" : { }
      }
    } ],
    "propertiesMetadata" : {
      "metadata" : { }
    },
    "parametersMetadata" : {
      "metadata" : { }
    },
    "hooks" : [ ]
  }, {
    "majorSchemaVersion" : 3,
    "name" : "ResilienceCockpit-app-deployer",
    "type" : "com.sap.application.content",
    "path" : "ResilienceCockpit-app-deployer",
    "properties" : { },
    "parameters" : { },
    "requiredDependencies" : [ {
      "majorSchemaVersion" : 3,
      "name" : "********",
      "properties" : { },
      "parameters" : { },
      "propertiesMetadata" : {
        "metadata" : { }
      },
      "parametersMetadata" : {
        "metadata" : { }
      }
    }, {
      "majorSchemaVersion" : 3,
      "name" : "srv-api",
      "properties" : { },
      "parameters" : { },
      "propertiesMetadata" : {
        "metadata" : { }
      },
      "parametersMetadata" : {
        "metadata" : { }
      }
    }, {
      "majorSchemaVersion" : 3,
      "name" : "ResilienceCockpit-html5-repo-host",
      "properties" : { },
      "parameters" : {
        "config" : {
          "HTML5Runtime_enabled" : false
        },
        "content-target" : true
      },
      "propertiesMetadata" : {
        "metadata" : { }
      },
      "parametersMetadata" : {
        "metadata" : { }
      }
    } ],
    "providedDependencies" : [ {
      "majorSchemaVersion" : 3,
      "name" : "ResilienceCockpit-app-deployer",
      "isPublic" : false,
      "properties" : { },
      "parameters" : { },
      "propertiesMetadata" : {
        "metadata" : { }
      },
      "parametersMetadata" : {
        "metadata" : { }
      }
    } ],
    "propertiesMetadata" : {
      "metadata" : { }
    },
    "parametersMetadata" : {
      "metadata" : { }
    },
    "hooks" : [ ]
  }, {
    "majorSchemaVersion" : 3,
    "name" : "ResilienceCockpit-destination-content",
    "type" : "com.sap.application.content",
    "properties" : { },
    "parameters" : {
      "content" : {
        "instance" : {
          "destinations" : [ {
            "Authentication" : "********",
            "Name" : "srv-api",
            "TokenServiceInstanceName" : "********",
            "TokenServiceKeyName" : "********",
            "URL" : "~{srv-api/srv-url}"
          }, {
            "Name" : "ResilienceCockpit-html5-repo-host",
            "ServiceInstanceName" : "ResilienceCockpit-html5-repo-host",
            "ServiceKeyName" : "********",
            "sap.cloud.service" : "nexus"
          }, {
            "Authentication" : "********",
            "Name" : "********",
            "ServiceInstanceName" : "********",
            "ServiceKeyName" : "********"
          } ],
          "existing_destinations_policy" : "update"
        }
      }
    },
    "requiredDependencies" : [ {
      "majorSchemaVersion" : 3,
      "name" : "********",
      "properties" : { },
      "parameters" : {
        "service-key" : "********"
      },
      "propertiesMetadata" : {
        "metadata" : { }
      },
      "parametersMetadata" : {
        "metadata" : { }
      }
    }, {
      "majorSchemaVersion" : 3,
      "name" : "ResilienceCockpit-html5-repo-host",
      "properties" : { },
      "parameters" : {
        "service-key" : "********"
      },
      "propertiesMetadata" : {
        "metadata" : { }
      },
      "parametersMetadata" : {
        "metadata" : { }
      }
    }, {
      "majorSchemaVersion" : 3,
      "name" : "srv-api",
      "properties" : { },
      "parameters" : { },
      "propertiesMetadata" : {
        "metadata" : { }
      },
      "parametersMetadata" : {
        "metadata" : { }
      }
    }, {
      "majorSchemaVersion" : 3,
      "name" : "ResilienceCockpit-destination",
      "properties" : { },
      "parameters" : {
        "content-target" : true
      },
      "propertiesMetadata" : {
        "metadata" : { }
      },
      "parametersMetadata" : {
        "metadata" : { }
      }
    } ],
    "providedDependencies" : [ {
      "majorSchemaVersion" : 3,
      "name" : "ResilienceCockpit-destination-content",
      "isPublic" : false,
      "properties" : { },
      "parameters" : { },
      "propertiesMetadata" : {
        "metadata" : { }
      },
      "parametersMetadata" : {
        "metadata" : { }
      }
    } ],
    "propertiesMetadata" : {
      "metadata" : { }
    },
    "parametersMetadata" : {
      "metadata" : { }
    },
    "hooks" : [ ]
  } ],
  "resources" : [ {
    "majorSchemaVersion" : 3,
    "name" : "********",
    "type" : "org.cloudfoundry.managed-service",
    "properties" : { },
    "parameters" : {
      "path" : "./xs-security.json",
      "service-plan" : "application",
      "type" : "managed-service",
      "config" : {
        "oauth2-configuration" : "********",
        "tenant-mode" : "dedicated",
        "xsappname" : "ResilienceCockpit-${org}-${space}"
      },
      "service" : "xsuaa"
    },
    "isActive" : true,
    "isOptional" : false,
    "propertiesMetadata" : {
      "metadata" : { }
    },
    "parametersMetadata" : {
      "metadata" : { }
    },
    "requiredDependencies" : [ ],
    "processedAfter" : [ ]
  }, {
    "majorSchemaVersion" : 3,
    "name" : "ResilienceCockpit-db",
    "type" : "com.sap.xs.hdi-container",
    "properties" : { },
    "parameters" : {
      "type" : "managed-service",
      "service" : "hana",
      "service-plan" : "hdi-shared"
    },
    "isActive" : true,
    "isOptional" : false,
    "propertiesMetadata" : {
      "metadata" : { }
    },
    "parametersMetadata" : {
      "metadata" : { }
    },
    "requiredDependencies" : [ ],
    "processedAfter" : [ ]
  }, {
    "majorSchemaVersion" : 3,
    "name" : "ResilienceCockpit-connectivity",
    "type" : "org.cloudfoundry.managed-service",
    "properties" : { },
    "parameters" : {
      "type" : "managed-service",
      "service" : "connectivity",
      "service-plan" : "lite"
    },
    "isActive" : true,
    "isOptional" : false,
    "propertiesMetadata" : {
      "metadata" : { }
    },
    "parametersMetadata" : {
      "metadata" : { }
    },
    "requiredDependencies" : [ ],
    "processedAfter" : [ ]
  }, {
    "majorSchemaVersion" : 3,
    "name" : "ResilienceCockpit-destination",
    "type" : "org.cloudfoundry.managed-service",
    "properties" : { },
    "parameters" : {
      "service-plan" : "lite",
      "type" : "managed-service",
      "config" : {
        "HTML5Runtime_enabled" : true,
        "init_data" : {
          "instance" : {
            "destinations" : [ {
              "Authentication" : "********",
              "Name" : "ui5",
              "ProxyType" : "Internet",
              "Type" : "HTTP",
              "URL" : "https://ui5.sap.com"
            }, {
              "Authentication" : "********",
              "HTML5.DynamicDestination" : true,
              "HTML5.ForwardAuthToken" : "********",
              "Name" : "srv-api",
              "ProxyType" : "Internet",
              "Type" : "HTTP",
              "URL" : "~{srv-api/srv-url}"
            } ],
            "existing_destinations_policy" : "update"
          }
        }
      },
      "service" : "destination"
    },
    "isActive" : true,
    "isOptional" : false,
    "propertiesMetadata" : {
      "metadata" : { }
    },
    "parametersMetadata" : {
      "metadata" : { }
    },
    "requiredDependencies" : [ {
      "majorSchemaVersion" : 3,
      "name" : "srv-api",
      "properties" : { },
      "parameters" : { },
      "propertiesMetadata" : {
        "metadata" : { }
      },
      "parametersMetadata" : {
        "metadata" : { }
      }
    } ],
    "processedAfter" : [ ]
  }, {
    "majorSchemaVersion" : 3,
    "name" : "ResilienceCockpit-html5-repo-host",
    "type" : "org.cloudfoundry.managed-service",
    "properties" : { },
    "parameters" : {
      "type" : "managed-service",
      "service" : "html5-apps-repo",
      "service-plan" : "app-host"
    },
    "isActive" : true,
    "isOptional" : false,
    "propertiesMetadata" : {
      "metadata" : { }
    },
    "parametersMetadata" : {
      "metadata" : { }
    },
    "requiredDependencies" : [ ],
    "processedAfter" : [ ]
  }, {
    "majorSchemaVersion" : 3,
    "name" : "ResilienceCockpit-logging",
    "type" : "org.cloudfoundry.managed-service",
    "properties" : { },
    "parameters" : {
      "type" : "managed-service",
      "service" : "application-logs",
      "service-plan" : "lite"
    },
    "isActive" : true,
    "isOptional" : false,
    "propertiesMetadata" : {
      "metadata" : { }
    },
    "parametersMetadata" : {
      "metadata" : { }
    },
    "requiredDependencies" : [ ],
    "processedAfter" : [ ]
  } ],
  "parameters" : {
    "enable-parallel-deployments" : true,
    "deploy_mode" : "html5-repo"
  },
  "parametersMetadata" : {
    "metadata" : { }
  }
}#
#2026 08 28 03:39:37.197#Z#DEBUG#17753ce8-a292-11f1-ad9c-eeee0a80c268.OPERATION#flowable-async-job-executor-thread-5263#
[MergeDescriptorsStep] Descriptors validated and merged#
#2026 08 28 03:39:37.197#Z#DEBUG#17753ce8-a292-11f1-ad9c-eeee0a80c268.OPERATION#flowable-async-job-executor-thread-5263#
Step "Merge Descriptors" finished#
#2026 08 28 03:39:37.215#Z#DEBUG#17753ce8-a292-11f1-ad9c-eeee0a80c268.OPERATION#flowable-async-job-executor-thread-5264#
[DetectDeployedMtaStep] Executing task "detectDeployedMtaTask" of process "17753d0e-a292-11f1-ad9c-eeee0a80c268"...#
#2026 08 28 03:39:37.216#Z#DEBUG#17753ce8-a292-11f1-ad9c-eeee0a80c268.OPERATION#flowable-async-job-executor-thread-5264#
[DetectDeployedMtaStep] Detecting deployed MTA...#
#2026 08 28 03:39:37.274#Z#DEBUG#17753ce8-a292-11f1-ad9c-eeee0a80c268.OPERATION#flowable-async-job-executor-thread-5264#
[DetectDeployedMtaStep] Detecting MTA by id ResilienceCockpit and namespace null#
#2026 08 28 03:39:37.274#Z#DEBUG#17753ce8-a292-11f1-ad9c-eeee0a80c268.OPERATION#flowable-async-job-executor-thread-5264#
[DetectDeployedMtaStep] Getting applications by metadata label selector "mta_id=12714f170fc41ee91010bfb8bfd6b5c9,!mta_namespace"...#
#2026 08 28 03:39:37.329#Z#DEBUG#17753ce8-a292-11f1-ad9c-eeee0a80c268.OPERATION#flowable-async-job-executor-thread-5264#
[DetectDeployedMtaStep] Getting service instances by metadata label selector "mta_id=12714f170fc41ee91010bfb8bfd6b5c9,!mta_namespace"...#
#2026 08 28 03:39:37.428#Z#DEBUG#17753ce8-a292-11f1-ad9c-eeee0a80c268.OPERATION#flowable-async-job-executor-thread-5264#
[DetectDeployedMtaStep] Deployed MTA: {
  "metadata" : {
    "id" : "ResilienceCockpit",
    "version" : "1.0.0"
  },
  "applications" : [ {
    "name" : "ResilienceCockpit-srv",
    "metadata" : {
      "guid" : "846298f7-a9cf-4b9f-a20b-63e370407f6e",
      "createdAt" : [ 2026, 8, 25, 8, 30, 21 ],
      "updatedAt" : [ 2026, 8, 27, 0, 1, 17 ]
    },
    "v3Metadata" : {
      "annotations" : {
        "mta_id" : "ResilienceCockpit",
        "mta_version" : "1.0.0",
        "mta_module" : "{\"name\":\"ResilienceCockpit-srv\"}",
        "mta_module_provided_dependencies" : "[]",
        "mta_bound_services" : "********"
      },
      "labels" : {
        "mta_id" : "12714f170fc41ee91010bfb8bfd6b5c9"
      }
    },
    "state" : "STOPPED",
    "lifecycle" : {
      "type" : "BUILDPACK",
      "data" : {
        "buildpacks" : [ "nodejs_buildpack" ],
        "stack" : "cflinuxfs4"
      }
    },
    "space" : {
      "name" : "dev",
      "metadata" : {
        "guid" : "039a1fe6-69a4-4c1e-9b8f-a64d47329d3e",
        "createdAt" : [ 2026, 7, 19, 3, 49, 2 ],
        "updatedAt" : [ 2026, 7, 19, 3, 49, 2 ]
      },
      "organization" : {
        "name" : "94060551trial",
        "metadata" : {
          "guid" : "78e7b825-503f-4bdc-af4e-be86d7f43c8e",
          "createdAt" : [ 2026, 7, 19, 3, 49, 1 ],
          "updatedAt" : [ 2026, 7, 19, 3, 49, 2 ]
        }
      }
    },
    "moduleName" : "ResilienceCockpit-srv",
    "boundMtaServices" : [ "********", "ResilienceCockpit-db", "ResilienceCockpit-connectivity", "ResilienceCockpit-destination", "ResilienceCockpit-logging" ],
    "providedDependencyNames" : [ ],
    "productizationState" : "LIVE"
  }, {
    "name" : "ResilienceCockpit-db-deployer",
    "metadata" : {
      "guid" : "2d23200b-60aa-4519-b7f8-9f40de7a8ecc",
      "createdAt" : [ 2026, 8, 25, 8, 30, 23 ],
      "updatedAt" : [ 2026, 8, 26, 15, 58, 42 ]
    },
    "v3Metadata" : {
      "annotations" : {
        "mta_id" : "ResilienceCockpit",
        "mta_version" : "1.0.0",
        "mta_module" : "{\"name\":\"ResilienceCockpit-db-deployer\"}",
        "mta_module_provided_dependencies" : "[]",
        "mta_bound_services" : "[\"ResilienceCockpit-db\"]"
      },
      "labels" : {
        "mta_id" : "12714f170fc41ee91010bfb8bfd6b5c9"
      }
    },
    "state" : "STOPPED",
    "lifecycle" : {
      "type" : "BUILDPACK",
      "data" : {
        "buildpacks" : [ "nodejs_buildpack" ],
        "stack" : "cflinuxfs4"
      }
    },
    "space" : {
      "name" : "dev",
      "metadata" : {
        "guid" : "039a1fe6-69a4-4c1e-9b8f-a64d47329d3e",
        "createdAt" : [ 2026, 7, 19, 3, 49, 2 ],
        "updatedAt" : [ 2026, 7, 19, 3, 49, 2 ]
      },
      "organization" : {
        "name" : "94060551trial",
        "metadata" : {
          "guid" : "78e7b825-503f-4bdc-af4e-be86d7f43c8e",
          "createdAt" : [ 2026, 7, 19, 3, 49, 1 ],
          "updatedAt" : [ 2026, 7, 19, 3, 49, 2 ]
        }
      }
    },
    "moduleName" : "ResilienceCockpit-db-deployer",
    "boundMtaServices" : [ "ResilienceCockpit-db" ],
    "providedDependencyNames" : [ ],
    "productizationState" : "LIVE"
  } ],
  "services" : [ {
    "name" : "ResilienceCockpit-connectivity",
    "metadata" : {
      "guid" : "57ce73c3-9d98-4630-a914-bb3fe51155dc",
      "createdAt" : [ 2026, 8, 25, 8, 30, 4 ],
      "updatedAt" : [ 2026, 8, 25, 8, 30, 6 ]
    },
    "v3Metadata" : {
      "annotations" : {
        "mta_id" : "ResilienceCockpit",
        "mta_version" : "1.0.0",
        "mta_resource" : "{\"name\":\"ResilienceCockpit-connectivity\"}"
      },
      "labels" : {
        "mta_id" : "12714f170fc41ee91010bfb8bfd6b5c9"
      }
    },
    "label" : "connectivity",
    "plan" : "lite",
    "credentials" : "********",
    "tags" : [ ],
    "type" : "managed",
    "lastOperation" : {
      "type" : "CREATE",
      "description" : "",
      "state" : "SUCCEEDED"
    },
    "resourceName" : "ResilienceCockpit-connectivity"
  }, {
    "name" : "ResilienceCockpit-destination",
    "metadata" : {
      "guid" : "b320a563-1340-4020-8574-566b1e2175a9",
      "createdAt" : [ 2026, 8, 25, 11, 44, 14 ],
      "updatedAt" : [ 2026, 8, 25, 11, 44, 19 ]
    },
    "v3Metadata" : {
      "annotations" : {
        "mta_id" : "ResilienceCockpit",
        "mta_version" : "1.0.0",
        "mta_resource" : "{\"name\":\"ResilienceCockpit-destination\"}"
      },
      "labels" : {
        "mta_id" : "12714f170fc41ee91010bfb8bfd6b5c9"
      }
    },
    "label" : "destination",
    "plan" : "lite",
    "credentials" : "********",
    "tags" : [ ],
    "type" : "managed",
    "lastOperation" : {
      "type" : "UPDATE",
      "description" : "********",
      "state" : "FAILED"
    },
    "resourceName" : "ResilienceCockpit-destination"
  }, {
    "name" : "ResilienceCockpit-db",
    "metadata" : {
      "guid" : "793c82c4-0c29-4054-8664-8ad70f1aaf7d",
      "createdAt" : [ 2026, 8, 25, 8, 30, 5 ],
      "updatedAt" : [ 2026, 8, 25, 8, 30, 5 ]
    },
    "v3Metadata" : {
      "annotations" : {
        "mta_id" : "ResilienceCockpit",
        "mta_version" : "1.0.0",
        "mta_resource" : "{\"name\":\"ResilienceCockpit-db\"}"
      },
      "labels" : {
        "mta_id" : "12714f170fc41ee91010bfb8bfd6b5c9"
      }
    },
    "label" : "hana",
    "plan" : "hdi-shared",
    "credentials" : "********",
    "tags" : [ ],
    "type" : "managed",
    "lastOperation" : {
      "type" : "CREATE",
      "state" : "SUCCEEDED"
    },
    "resourceName" : "ResilienceCockpit-db"
  }, {
    "name" : "ResilienceCockpit-logging",
    "metadata" : {
      "guid" : "336ec7d3-cd56-4076-bb50-7f23f8654af2",
      "createdAt" : [ 2026, 8, 25, 8, 30, 2 ],
      "updatedAt" : [ 2026, 8, 25, 8, 30, 3 ]
    },
    "v3Metadata" : {
      "annotations" : {
        "mta_id" : "ResilienceCockpit",
        "mta_version" : "1.0.0",
        "mta_resource" : "{\"name\":\"ResilienceCockpit-logging\"}"
      },
      "labels" : {
        "mta_id" : "12714f170fc41ee91010bfb8bfd6b5c9"
      }
    },
    "label" : "application-logs",
    "plan" : "lite",
    "credentials" : "********",
    "tags" : [ ],
    "type" : "managed",
    "lastOperation" : {
      "type" : "CREATE",
      "description" : "",
      "state" : "SUCCEEDED"
    },
    "resourceName" : "ResilienceCockpit-logging"
  }, {
    "name" : "ResilienceCockpit-html5-repo-host",
    "metadata" : {
      "guid" : "fd6aaf90-4cca-4826-9764-60a919421480",
      "createdAt" : [ 2026, 8, 25, 8, 30, 6 ],
      "updatedAt" : [ 2026, 8, 25, 8, 30, 7 ]
    },
    "v3Metadata" : {
      "annotations" : {
        "mta_id" : "ResilienceCockpit",
        "mta_version" : "1.0.0",
        "mta_resource" : "{\"name\":\"ResilienceCockpit-html5-repo-host\"}"
      },
      "labels" : {
        "mta_id" : "12714f170fc41ee91010bfb8bfd6b5c9"
      }
    },
    "label" : "html5-apps-repo",
    "plan" : "app-host",
    "credentials" : "********",
    "tags" : [ ],
    "type" : "managed",
    "lastOperation" : {
      "type" : "CREATE",
      "description" : "",
      "state" : "SUCCEEDED"
    },
    "resourceName" : "ResilienceCockpit-html5-repo-host"
  }, {
    "name" : "********",
    "metadata" : {
      "guid" : "a4201f74-f0ad-456c-947a-8ce52d2ae7ca",
      "createdAt" : [ 2026, 8, 25, 8, 30, 2 ],
      "updatedAt" : [ 2026, 8, 25, 8, 30, 3 ]
    },
    "v3Metadata" : {
      "annotations" : {
        "mta_id" : "ResilienceCockpit",
        "mta_version" : "1.0.0",
        "mta_resource" : "********"
      },
      "labels" : {
        "mta_id" : "12714f170fc41ee91010bfb8bfd6b5c9"
      }
    },
    "label" : "xsuaa",
    "plan" : "application",
    "credentials" : "********",
    "tags" : [ ],
    "type" : "managed",
    "lastOperation" : {
      "type" : "UPDATE",
      "description" : "",
      "state" : "SUCCEEDED"
    },
    "resourceName" : "********"
  } ]
}#
#2026 08 28 03:39:37.428#Z#INFO#17753ce8-a292-11f1-ad9c-eeee0a80c268.OPERATION#flowable-async-job-executor-thread-5264#
[DetectDeployedMtaStep] Detected deployed MTA with ID "ResilienceCockpit" and version "1.0.0"#
#2026 08 28 03:39:37.432#Z#DEBUG#17753ce8-a292-11f1-ad9c-eeee0a80c268.OPERATION#flowable-async-job-executor-thread-5264#
[DetectDeployedMtaStep] Detecting backup mta by id "ResilienceCockpit" and namespace "null"#
#2026 08 28 03:39:37.432#Z#DEBUG#17753ce8-a292-11f1-ad9c-eeee0a80c268.OPERATION#flowable-async-job-executor-thread-5264#
[DetectDeployedMtaStep] Getting applications by metadata label selector "mta_id=12714f170fc41ee91010bfb8bfd6b5c9,mta_namespace=b698114a0995e936895b9598a6c19a2c"...#
#2026 08 28 03:39:37.459#Z#DEBUG#17753ce8-a292-11f1-ad9c-eeee0a80c268.OPERATION#flowable-async-job-executor-thread-5264#
[DetectDeployedMtaStep] Getting service instances by metadata label selector "mta_id=12714f170fc41ee91010bfb8bfd6b5c9,mta_namespace=b698114a0995e936895b9598a6c19a2c"...#
#2026 08 28 03:39:37.530#Z#DEBUG#17753ce8-a292-11f1-ad9c-eeee0a80c268.OPERATION#flowable-async-job-executor-thread-5264#
[DetectDeployedMtaStep] Deployed MTA service keys: [ {
  "name" : "********",
  "metadata" : {
    "guid" : "5d6a90ac-d2af-4efb-9c74-52d5e2c186dd",
    "createdAt" : [ 2026, 8, 25, 8, 30, 22 ],
    "updatedAt" : [ 2026, 8, 25, 8, 30, 23 ]
  },
  "v3Metadata" : {
    "annotations" : {
      "mta_id" : "ResilienceCockpit",
      "mta_version" : "1.0.0"
    },
    "labels" : {
      "mta_id" : "12714f170fc41ee91010bfb8bfd6b5c9",
      "space_guid" : "039a1fe6-69a4-4c1e-9b8f-a64d47329d3e"
    }
  },
  "serviceInstance" : {
    "name" : "********",
    "metadata" : {
      "guid" : "a4201f74-f0ad-456c-947a-8ce52d2ae7ca",
      "createdAt" : [ 2026, 8, 25, 8, 30, 2 ],
      "updatedAt" : [ 2026, 8, 25, 8, 30, 3 ]
    },
    "v3Metadata" : {
      "annotations" : {
        "mta_id" : "ResilienceCockpit",
        "mta_version" : "1.0.0",
        "mta_resource" : "********"
      },
      "labels" : {
        "mta_id" : "12714f170fc41ee91010bfb8bfd6b5c9"
      }
    },
    "credentials" : "********",
    "tags" : [ ],
    "type" : "managed"
  }
}, {
  "name" : "********",
  "metadata" : {
    "guid" : "de7350a4-f280-459d-afc2-ad86ef46b093",
    "createdAt" : [ 2026, 8, 25, 8, 30, 22 ],
    "updatedAt" : [ 2026, 8, 25, 8, 30, 23 ]
  },
  "v3Metadata" : {
    "annotations" : {
      "mta_id" : "ResilienceCockpit",
      "mta_version" : "1.0.0"
    },
    "labels" : {
      "mta_id" : "12714f170fc41ee91010bfb8bfd6b5c9",
      "space_guid" : "039a1fe6-69a4-4c1e-9b8f-a64d47329d3e"
    }
  },
  "serviceInstance" : {
    "name" : "ResilienceCockpit-html5-repo-host",
    "metadata" : {
      "guid" : "fd6aaf90-4cca-4826-9764-60a919421480",
      "createdAt" : [ 2026, 8, 25, 8, 30, 6 ],
      "updatedAt" : [ 2026, 8, 25, 8, 30, 7 ]
    },
    "v3Metadata" : {
      "annotations" : {
        "mta_id" : "ResilienceCockpit",
        "mta_version" : "1.0.0",
        "mta_resource" : "{\"name\":\"ResilienceCockpit-html5-repo-host\"}"
      },
      "labels" : {
        "mta_id" : "12714f170fc41ee91010bfb8bfd6b5c9"
      }
    },
    "credentials" : "********",
    "tags" : [ ],
    "type" : "managed"
  }
}, {
  "name" : "********",
  "metadata" : {
    "guid" : "a740b217-4eaa-4fba-94d5-6b134f537e01",
    "createdAt" : [ 2026, 8, 25, 8, 30, 23 ],
    "updatedAt" : [ 2026, 8, 25, 8, 30, 23 ]
  },
  "v3Metadata" : {
    "annotations" : {
      "mta_id" : "ResilienceCockpit",
      "mta_version" : "1.0.0"
    },
    "labels" : {
      "mta_id" : "12714f170fc41ee91010bfb8bfd6b5c9",
      "space_guid" : "039a1fe6-69a4-4c1e-9b8f-a64d47329d3e"
    }
  },
  "serviceInstance" : {
    "name" : "********",
    "metadata" : {
      "guid" : "a4201f74-f0ad-456c-947a-8ce52d2ae7ca",
      "createdAt" : [ 2026, 8, 25, 8, 30, 2 ],
      "updatedAt" : [ 2026, 8, 25, 8, 30, 3 ]
    },
    "v3Metadata" : {
      "annotations" : {
        "mta_id" : "ResilienceCockpit",
        "mta_version" : "1.0.0",
        "mta_resource" : "********"
      },
      "labels" : {
        "mta_id" : "12714f170fc41ee91010bfb8bfd6b5c9"
      }
    },
    "credentials" : "********",
    "tags" : [ ],
    "type" : "managed"
  }
}, {
  "name" : "********",
  "metadata" : {
    "guid" : "67b06842-65c2-44d3-9ce0-5b5dfc51df85",
    "createdAt" : [ 2026, 8, 25, 8, 30, 23 ],
    "updatedAt" : [ 2026, 8, 25, 8, 30, 24 ]
  },
  "v3Metadata" : {
    "annotations" : {
      "mta_id" : "ResilienceCockpit",
      "mta_version" : "1.0.0"
    },
    "labels" : {
      "mta_id" : "12714f170fc41ee91010bfb8bfd6b5c9",
      "space_guid" : "039a1fe6-69a4-4c1e-9b8f-a64d47329d3e"
    }
  },
  "serviceInstance" : {
    "name" : "ResilienceCockpit-html5-repo-host",
    "metadata" : {
      "guid" : "fd6aaf90-4cca-4826-9764-60a919421480",
      "createdAt" : [ 2026, 8, 25, 8, 30, 6 ],
      "updatedAt" : [ 2026, 8, 25, 8, 30, 7 ]
    },
    "v3Metadata" : {
      "annotations" : {
        "mta_id" : "ResilienceCockpit",
        "mta_version" : "1.0.0",
        "mta_resource" : "{\"name\":\"ResilienceCockpit-html5-repo-host\"}"
      },
      "labels" : {
        "mta_id" : "12714f170fc41ee91010bfb8bfd6b5c9"
      }
    },
    "credentials" : "********",
    "tags" : [ ],
    "type" : "managed"
  }
}, {
  "name" : "********",
  "metadata" : {
    "guid" : "7ddd25ac-6128-41d8-b339-11a4a5e9f307",
    "createdAt" : [ 2026, 8, 25, 11, 44, 32 ],
    "updatedAt" : [ 2026, 8, 25, 11, 44, 34 ]
  },
  "v3Metadata" : {
    "annotations" : {
      "mta_id" : "ResilienceCockpit",
      "mta_version" : "1.0.0"
    },
    "labels" : {
      "mta_id" : "12714f170fc41ee91010bfb8bfd6b5c9",
      "space_guid" : "039a1fe6-69a4-4c1e-9b8f-a64d47329d3e"
    }
  },
  "serviceInstance" : {
    "name" : "ResilienceCockpit-destination",
    "metadata" : {
      "guid" : "b320a563-1340-4020-8574-566b1e2175a9",
      "createdAt" : [ 2026, 8, 25, 11, 44, 14 ],
      "updatedAt" : [ 2026, 8, 25, 11, 44, 19 ]
    },
    "v3Metadata" : {
      "annotations" : {
        "mta_id" : "ResilienceCockpit",
        "mta_version" : "1.0.0",
        "mta_resource" : "{\"name\":\"ResilienceCockpit-destination\"}"
      },
      "labels" : {
        "mta_id" : "12714f170fc41ee91010bfb8bfd6b5c9"
      }
    },
    "credentials" : "********",
    "tags" : [ ],
    "type" : "managed"
  }
} ]#
#2026 08 28 03:39:37.530#Z#DEBUG#17753ce8-a292-11f1-ad9c-eeee0a80c268.OPERATION#flowable-async-job-executor-thread-5264#
Step "Detect Deployed MTA" finished#
#2026 08 28 03:39:37.549#Z#DEBUG#17753ce8-a292-11f1-ad9c-eeee0a80c268.OPERATION#flowable-async-job-executor-thread-5265#
[XS2CollectSystemParametersStep] Executing task "collectSystemParametersTask" of process "17753d0e-a292-11f1-ad9c-eeee0a80c268"...#
#2026 08 28 03:39:37.550#Z#DEBUG#17753ce8-a292-11f1-ad9c-eeee0a80c268.OPERATION#flowable-async-job-executor-thread-5265#
[XS2CollectSystemParametersStep] Collecting system parameters...#
#2026 08 28 03:39:37.550#Z#DEBUG#17753ce8-a292-11f1-ad9c-eeee0a80c268.OPERATION#flowable-async-job-executor-thread-5265#
[XS2CollectSystemParametersStep] Getting default domain...#
#2026 08 28 03:39:37.578#Z#DEBUG#17753ce8-a292-11f1-ad9c-eeee0a80c268.OPERATION#flowable-async-job-executor-thread-5265#
[XS2CollectSystemParametersStep] Default domain: cfapps.us10-003.hana.ondemand.com#
#2026 08 28 03:39:37.579#Z#DEBUG#17753ce8-a292-11f1-ad9c-eeee0a80c268.OPERATION#flowable-async-job-executor-thread-5265#
[XS2CollectSystemParametersStep] Checking for overwriting read-only parameters for mta with id: "ResilienceCockpit"#
#2026 08 28 03:39:37.579#Z#DEBUG#17753ce8-a292-11f1-ad9c-eeee0a80c268.OPERATION#flowable-async-job-executor-thread-5265#
[XS2CollectSystemParametersStep] No read-only parameters are overwritten#
#2026 08 28 03:39:37.591#Z#DEBUG#17753ce8-a292-11f1-ad9c-eeee0a80c268.OPERATION#flowable-async-job-executor-thread-5265#
[XS2CollectSystemParametersStep] Descriptor with system parameters: {
  "majorSchemaVersion" : 3,
  "schemaVersion" : "3.3.0",
  "id" : "ResilienceCockpit",
  "version" : "1.0.0",
  "modules" : [ {
    "majorSchemaVersion" : 3,
    "name" : "ResilienceCockpit-srv",
    "type" : "javascript.nodejs",
    "path" : "ResilienceCockpit-srv",
    "properties" : { },
    "parameters" : {
      "default-url" : "${protocol}://${default-uri}",
      "default-app-name" : "ResilienceCockpit-srv",
      "generated-password" : "********",
      "default-live-url" : "${protocol}://${default-live-uri}",
      "default-uri" : "${host}.${domain}",
      "default-instances" : 1,
      "default-live-host" : "94060551trial-dev-resiliencecockpit-srv",
      "instances" : 1,
      "buildpack" : "nodejs_buildpack",
      "default-host" : "94060551trial-dev-resiliencecockpit-srv",
      "app-name" : "${default-app-name}",
      "default-live-uri" : "94060551trial-dev-resiliencecockpit-srv.${domain}",
      "protocol" : "https",
      "default-live-app-name" : "ResilienceCockpit-srv",
      "default-live-domain" : "cfapps.us10-003.hana.ondemand.com",
      "domain" : "${default-domain}",
      "host" : "${default-host}",
      "generated-user" : "********"
    },
    "requiredDependencies" : [ {
      "majorSchemaVersion" : 3,
      "name" : "********",
      "properties" : { },
      "parameters" : { },
      "propertiesMetadata" : {
        "metadata" : { }
      },
      "parametersMetadata" : {
        "metadata" : { }
      }
    }, {
      "majorSchemaVersion" : 3,
      "name" : "ResilienceCockpit-db",
      "properties" : { },
      "parameters" : { },
      "propertiesMetadata" : {
        "metadata" : { }
      },
      "parametersMetadata" : {
        "metadata" : { }
      }
    }, {
      "majorSchemaVersion" : 3,
      "name" : "ResilienceCockpit-connectivity",
      "properties" : { },
      "parameters" : { },
      "propertiesMetadata" : {
        "metadata" : { }
      },
      "parametersMetadata" : {
        "metadata" : { }
      }
    }, {
      "majorSchemaVersion" : 3,
      "name" : "ResilienceCockpit-destination",
      "properties" : { },
      "parameters" : { },
      "propertiesMetadata" : {
        "metadata" : { }
      },
      "parametersMetadata" : {
        "metadata" : { }
      }
    }, {
      "majorSchemaVersion" : 3,
      "name" : "ResilienceCockpit-logging",
      "properties" : { },
      "parameters" : { },
      "propertiesMetadata" : {
        "metadata" : { }
      },
      "parametersMetadata" : {
        "metadata" : { }
      }
    } ],
    "providedDependencies" : [ {
      "majorSchemaVersion" : 3,
      "name" : "srv-api",
      "isPublic" : false,
      "properties" : {
        "srv-url" : "${default-url}"
      },
      "parameters" : { },
      "propertiesMetadata" : {
        "metadata" : { }
      },
      "parametersMetadata" : {
        "metadata" : { }
      }
    }, {
      "majorSchemaVersion" : 3,
      "name" : "ResilienceCockpit-srv",
      "isPublic" : false,
      "properties" : { },
      "parameters" : { },
      "propertiesMetadata" : {
        "metadata" : { }
      },
      "parametersMetadata" : {
        "metadata" : { }
      }
    } ],
    "propertiesMetadata" : {
      "metadata" : { }
    },
    "parametersMetadata" : {
      "metadata" : { }
    },
    "hooks" : [ ]
  }, {
    "majorSchemaVersion" : 3,
    "name" : "ResilienceCockpit-db-deployer",
    "type" : "com.sap.xs.hdi",
    "path" : "ResilienceCockpit-db-deployer",
    "properties" : {
      "EXIT" : 1
    },
    "parameters" : {
      "default-url" : "${protocol}://${default-uri}",
      "default-app-name" : "ResilienceCockpit-db-deployer",
      "generated-password" : "********",
      "default-live-url" : "${protocol}://${default-live-uri}",
      "default-uri" : "${host}.${domain}",
      "memory" : "256M",
      "default-instances" : 1,
      "no-route" : true,
      "default-live-host" : "94060551trial-dev-resiliencecockpit-db-deployer",
      "instances" : "${default-instances}",
      "buildpack" : "nodejs_buildpack",
      "default-host" : "94060551trial-dev-resiliencecockpit-db-deployer",
      "app-name" : "${default-app-name}",
      "default-live-uri" : "94060551trial-dev-resiliencecockpit-db-deployer.${domain}",
      "protocol" : "https",
      "default-live-app-name" : "ResilienceCockpit-db-deployer",
      "default-live-domain" : "cfapps.us10-003.hana.ondemand.com",
      "dependency-type" : "hard",
      "domain" : "${default-domain}",
      "host" : "${default-host}",
      "generated-user" : "********",
      "tasks" : [ {
        "name" : "deploy",
        "memory" : "256M",
        "command" : "npm start"
      } ],
      "no-start" : true
    },
    "requiredDependencies" : [ {
      "majorSchemaVersion" : 3,
      "name" : "ResilienceCockpit-db",
      "properties" : { },
      "parameters" : { },
      "propertiesMetadata" : {
        "metadata" : { }
      },
      "parametersMetadata" : {
        "metadata" : { }
      }
    } ],
    "providedDependencies" : [ {
      "majorSchemaVersion" : 3,
      "name" : "ResilienceCockpit-db-deployer",
      "isPublic" : false,
      "properties" : { },
      "parameters" : { },
      "propertiesMetadata" : {
        "metadata" : { }
      },
      "parametersMetadata" : {
        "metadata" : { }
      }
    } ],
    "propertiesMetadata" : {
      "metadata" : { }
    },
    "parametersMetadata" : {
      "metadata" : { }
    },
    "hooks" : [ ]
  }, {
    "majorSchemaVersion" : 3,
    "name" : "ResilienceCockpit-app-deployer",
    "type" : "com.sap.application.content",
    "path" : "ResilienceCockpit-app-deployer",
    "properties" : { },
    "parameters" : {
      "default-url" : "${protocol}://${default-uri}",
      "default-app-name" : "ResilienceCockpit-app-deployer",
      "generated-password" : "********",
      "default-live-url" : "${protocol}://${default-live-uri}",
      "default-uri" : "${host}.${domain}",
      "default-instances" : 1,
      "default-live-host" : "94060551trial-dev-resiliencecockpit-app-deployer",
      "instances" : "${default-instances}",
      "default-host" : "94060551trial-dev-resiliencecockpit-app-deployer",
      "app-name" : "${default-app-name}",
      "default-live-uri" : "94060551trial-dev-resiliencecockpit-app-deployer.${domain}",
      "protocol" : "https",
      "default-live-app-name" : "ResilienceCockpit-app-deployer",
      "default-live-domain" : "cfapps.us10-003.hana.ondemand.com",
      "domain" : "${default-domain}",
      "host" : "${default-host}",
      "generated-user" : "********"
    },
    "requiredDependencies" : [ {
      "majorSchemaVersion" : 3,
      "name" : "********",
      "properties" : { },
      "parameters" : { },
      "propertiesMetadata" : {
        "metadata" : { }
      },
      "parametersMetadata" : {
        "metadata" : { }
      }
    }, {
      "majorSchemaVersion" : 3,
      "name" : "srv-api",
      "properties" : { },
      "parameters" : { },
      "propertiesMetadata" : {
        "metadata" : { }
      },
      "parametersMetadata" : {
        "metadata" : { }
      }
    }, {
      "majorSchemaVersion" : 3,
      "name" : "ResilienceCockpit-html5-repo-host",
      "properties" : { },
      "parameters" : {
        "config" : {
          "HTML5Runtime_enabled" : false
        },
        "content-target" : true
      },
      "propertiesMetadata" : {
        "metadata" : { }
      },
      "parametersMetadata" : {
        "metadata" : { }
      }
    } ],
    "providedDependencies" : [ {
      "majorSchemaVersion" : 3,
      "name" : "ResilienceCockpit-app-deployer",
      "isPublic" : false,
      "properties" : { },
      "parameters" : { },
      "propertiesMetadata" : {
        "metadata" : { }
      },
      "parametersMetadata" : {
        "metadata" : { }
      }
    } ],
    "propertiesMetadata" : {
      "metadata" : { }
    },
    "parametersMetadata" : {
      "metadata" : { }
    },
    "hooks" : [ ]
  }, {
    "majorSchemaVersion" : 3,
    "name" : "ResilienceCockpit-destination-content",
    "type" : "com.sap.application.content",
    "properties" : { },
    "parameters" : {
      "default-url" : "${protocol}://${default-uri}",
      "default-app-name" : "ResilienceCockpit-destination-content",
      "generated-password" : "********",
      "default-live-url" : "${protocol}://${default-live-uri}",
      "default-uri" : "${host}.${domain}",
      "default-instances" : 1,
      "default-live-host" : "94060551trial-dev-resiliencecockpit-destination-content",
      "instances" : "${default-instances}",
      "default-host" : "94060551trial-dev-resiliencecockpit-destination-content",
      "content" : {
        "instance" : {
          "destinations" : [ {
            "Authentication" : "********",
            "Name" : "srv-api",
            "TokenServiceInstanceName" : "********",
            "TokenServiceKeyName" : "********",
            "URL" : "~{srv-api/srv-url}"
          }, {
            "Name" : "ResilienceCockpit-html5-repo-host",
            "ServiceInstanceName" : "ResilienceCockpit-html5-repo-host",
            "ServiceKeyName" : "********",
            "sap.cloud.service" : "nexus"
          }, {
            "Authentication" : "********",
            "Name" : "********",
            "ServiceInstanceName" : "********",
            "ServiceKeyName" : "********"
          } ],
          "existing_destinations_policy" : "update"
        }
      },
      "app-name" : "${default-app-name}",
      "default-live-uri" : "94060551trial-dev-resiliencecockpit-destination-content.${domain}",
      "protocol" : "https",
      "default-live-app-name" : "ResilienceCockpit-destination-content",
      "default-live-domain" : "cfapps.us10-003.hana.ondemand.com",
      "domain" : "${default-domain}",
      "host" : "${default-host}",
      "generated-user" : "********"
    },
    "requiredDependencies" : [ {
      "majorSchemaVersion" : 3,
      "name" : "********",
      "properties" : { },
      "parameters" : {
        "service-key" : "********"
      },
      "propertiesMetadata" : {
        "metadata" : { }
      },
      "parametersMetadata" : {
        "metadata" : { }
      }
    }, {
      "majorSchemaVersion" : 3,
      "name" : "ResilienceCockpit-html5-repo-host",
      "properties" : { },
      "parameters" : {
        "service-key" : "********"
      },
      "propertiesMetadata" : {
        "metadata" : { }
      },
      "parametersMetadata" : {
        "metadata" : { }
      }
    }, {
      "majorSchemaVersion" : 3,
      "name" : "srv-api",
      "properties" : { },
      "parameters" : { },
      "propertiesMetadata" : {
        "metadata" : { }
      },
      "parametersMetadata" : {
        "metadata" : { }
      }
    }, {
      "majorSchemaVersion" : 3,
      "name" : "ResilienceCockpit-destination",
      "properties" : { },
      "parameters" : {
        "content-target" : true
      },
      "propertiesMetadata" : {
        "metadata" : { }
      },
      "parametersMetadata" : {
        "metadata" : { }
      }
    } ],
    "providedDependencies" : [ {
      "majorSchemaVersion" : 3,
      "name" : "ResilienceCockpit-destination-content",
      "isPublic" : false,
      "properties" : { },
      "parameters" : { },
      "propertiesMetadata" : {
        "metadata" : { }
      },
      "parametersMetadata" : {
        "metadata" : { }
      }
    } ],
    "propertiesMetadata" : {
      "metadata" : { }
    },
    "parametersMetadata" : {
      "metadata" : { }
    },
    "hooks" : [ ]
  } ],
  "resources" : [ {
    "majorSchemaVersion" : 3,
    "name" : "********",
    "type" : "org.cloudfoundry.managed-service",
    "properties" : { },
    "parameters" : {
      "generated-password" : "********",
      "path" : "./xs-security.json",
      "service-name" : "${default-service-name}",
      "service-plan" : "application",
      "service" : "xsuaa",
      "generated-user" : "********",
      "default-xsappname" : "********",
      "type" : "managed-service",
      "config" : {
        "oauth2-configuration" : "********",
        "tenant-mode" : "dedicated",
        "xsappname" : "ResilienceCockpit-${org}-${space}"
      },
      "default-service-name" : "********",
      "default-container-name" : "********"
    },
    "isActive" : true,
    "isOptional" : false,
    "propertiesMetadata" : {
      "metadata" : { }
    },
    "parametersMetadata" : {
      "metadata" : { }
    },
    "requiredDependencies" : [ ],
    "processedAfter" : [ ]
  }, {
    "majorSchemaVersion" : 3,
    "name" : "ResilienceCockpit-db",
    "type" : "com.sap.xs.hdi-container",
    "properties" : { },
    "parameters" : {
      "generated-password" : "********",
      "service-name" : "${default-service-name}",
      "service-plan" : "hdi-shared",
      "service" : "hana",
      "generated-user" : "********",
      "default-xsappname" : "ResilienceCockpit-db",
      "type" : "managed-service",
      "default-service-name" : "ResilienceCockpit-db",
      "default-container-name" : "94060551TRIAL_DEV_RESILIENCECOCKPIT_DB"
    },
    "isActive" : true,
    "isOptional" : false,
    "propertiesMetadata" : {
      "metadata" : { }
    },
    "parametersMetadata" : {
      "metadata" : { }
    },
    "requiredDependencies" : [ ],
    "processedAfter" : [ ]
  }, {
    "majorSchemaVersion" : 3,
    "name" : "ResilienceCockpit-connectivity",
    "type" : "org.cloudfoundry.managed-service",
    "properties" : { },
    "parameters" : {
      "generated-password" : "********",
      "service-name" : "${default-service-name}",
      "service-plan" : "lite",
      "service" : "connectivity",
      "generated-user" : "********",
      "default-xsappname" : "ResilienceCockpit-connectivity",
      "type" : "managed-service",
      "default-service-name" : "ResilienceCockpit-connectivity",
      "default-container-name" : "94060551TRIAL_DEV_RESILIENCECOCKPIT_CONNECTIVITY"
    },
    "isActive" : true,
    "isOptional" : false,
    "propertiesMetadata" : {
      "metadata" : { }
    },
    "parametersMetadata" : {
      "metadata" : { }
    },
    "requiredDependencies" : [ ],
    "processedAfter" : [ ]
  }, {
    "majorSchemaVersion" : 3,
    "name" : "ResilienceCockpit-destination",
    "type" : "org.cloudfoundry.managed-service",
    "properties" : { },
    "parameters" : {
      "generated-password" : "********",
      "service-name" : "${default-service-name}",
      "service-plan" : "lite",
      "service" : "destination",
      "generated-user" : "********",
      "default-xsappname" : "ResilienceCockpit-destination",
      "type" : "managed-service",
      "config" : {
        "HTML5Runtime_enabled" : true,
        "init_data" : {
          "instance" : {
            "destinations" : [ {
              "Authentication" : "********",
              "Name" : "ui5",
              "ProxyType" : "Internet",
              "Type" : "HTTP",
              "URL" : "https://ui5.sap.com"
            }, {
              "Authentication" : "********",
              "HTML5.DynamicDestination" : true,
              "HTML5.ForwardAuthToken" : "********",
              "Name" : "srv-api",
              "ProxyType" : "Internet",
              "Type" : "HTTP",
              "URL" : "~{srv-api/srv-url}"
            } ],
            "existing_destinations_policy" : "update"
          }
        }
      },
      "default-service-name" : "ResilienceCockpit-destination",
      "default-container-name" : "94060551TRIAL_DEV_RESILIENCECOCKPIT_DESTINATION"
    },
    "isActive" : true,
    "isOptional" : false,
    "propertiesMetadata" : {
      "metadata" : { }
    },
    "parametersMetadata" : {
      "metadata" : { }
    },
    "requiredDependencies" : [ {
      "majorSchemaVersion" : 3,
      "name" : "srv-api",
      "properties" : { },
      "parameters" : { },
      "propertiesMetadata" : {
        "metadata" : { }
      },
      "parametersMetadata" : {
        "metadata" : { }
      }
    } ],
    "processedAfter" : [ ]
  }, {
    "majorSchemaVersion" : 3,
    "name" : "ResilienceCockpit-html5-repo-host",
    "type" : "org.cloudfoundry.managed-service",
    "properties" : { },
    "parameters" : {
      "generated-password" : "********",
      "service-name" : "${default-service-name}",
      "service-plan" : "app-host",
      "service" : "html5-apps-repo",
      "generated-user" : "********",
      "default-xsappname" : "ResilienceCockpit-html5-repo-host",
      "type" : "managed-service",
      "default-service-name" : "ResilienceCockpit-html5-repo-host",
      "default-container-name" : "94060551TRIAL_DEV_RESILIENCECOCKPIT_HTML5_REPO_HOST"
    },
    "isActive" : true,
    "isOptional" : false,
    "propertiesMetadata" : {
      "metadata" : { }
    },
    "parametersMetadata" : {
      "metadata" : { }
    },
    "requiredDependencies" : [ ],
    "processedAfter" : [ ]
  }, {
    "majorSchemaVersion" : 3,
    "name" : "ResilienceCockpit-logging",
    "type" : "org.cloudfoundry.managed-service",
    "properties" : { },
    "parameters" : {
      "generated-password" : "********",
      "service-name" : "${default-service-name}",
      "service-plan" : "lite",
      "service" : "application-logs",
      "generated-user" : "********",
      "default-xsappname" : "ResilienceCockpit-logging",
      "type" : "managed-service",
      "default-service-name" : "ResilienceCockpit-logging",
      "default-container-name" : "94060551TRIAL_DEV_RESILIENCECOCKPIT_LOGGING"
    },
    "isActive" : true,
    "isOptional" : false,
    "propertiesMetadata" : {
      "metadata" : { }
    },
    "parametersMetadata" : {
      "metadata" : { }
    },
    "requiredDependencies" : [ ],
    "processedAfter" : [ ]
  } ],
  "parameters" : {
    "deploy_mode" : "html5-repo",
    "mta-id" : "ResilienceCockpit",
    "authorization-url" : "********",
    "org-guid" : "78e7b825-503f-4bdc-af4e-be86d7f43c8e",
    "org" : "94060551trial",
    "deploy-target" : "94060551trial dev",
    "enable-parallel-deployments" : true,
    "space" : "dev",
    "xs-api-url" : "https://api.cf.us10-003.hana.ondemand.com",
    "deploy-url" : "deploy-service.cfapps.us10-003.hana.ondemand.com",
    "xs-type" : "CF",
    "default-domain" : "cfapps.us10-003.hana.ondemand.com",
    "mta-version" : "1.0.0",
    "xs-auth-url" : "********",
    "space-guid" : "039a1fe6-69a4-4c1e-9b8f-a64d47329d3e",
    "user" : "********",
    "controller-url" : "https://api.cf.us10-003.hana.ondemand.com",
    "timestamp" : "20260828033936"
  },
  "parametersMetadata" : {
    "metadata" : { }
  }
}#
#2026 08 28 03:39:37.592#Z#DEBUG#17753ce8-a292-11f1-ad9c-eeee0a80c268.OPERATION#flowable-async-job-executor-thread-5265#
[XS2CollectSystemParametersStep] Version rule: SAME_HIGHER#
#2026 08 28 03:39:37.592#Z#INFO#17753ce8-a292-11f1-ad9c-eeee0a80c268.OPERATION#flowable-async-job-executor-thread-5265#
[XS2CollectSystemParametersStep] Detected new MTA version: "1.0.0"#
#2026 08 28 03:39:37.594#Z#INFO#17753ce8-a292-11f1-ad9c-eeee0a80c268.OPERATION#flowable-async-job-executor-thread-5265#
[XS2CollectSystemParametersStep] Deployed MTA version: "1.0.0"#
#2026 08 28 03:39:37.597#Z#DEBUG#17753ce8-a292-11f1-ad9c-eeee0a80c268.OPERATION#flowable-async-job-executor-thread-5265#
[XS2CollectSystemParametersStep] MTA accepted for deployment#
#2026 08 28 03:39:37.597#Z#DEBUG#17753ce8-a292-11f1-ad9c-eeee0a80c268.OPERATION#flowable-async-job-executor-thread-5265#
[XS2CollectSystemParametersStep] System parameters collected#
#2026 08 28 03:39:37.597#Z#DEBUG#17753ce8-a292-11f1-ad9c-eeee0a80c268.OPERATION#flowable-async-job-executor-thread-5265#
Step "Collect System Parameters" finished#
#2026 08 28 03:39:37.615#Z#DEBUG#17753ce8-a292-11f1-ad9c-eeee0a80c268.OPERATION#flowable-async-job-executor-thread-5265#
[ProcessDescriptorStep] Executing task "processDescriptorTask" of process "17753d0e-a292-11f1-ad9c-eeee0a80c268"...#
#2026 08 28 03:39:37.615#Z#DEBUG#17753ce8-a292-11f1-ad9c-eeee0a80c268.OPERATION#flowable-async-job-executor-thread-5265#
[ProcessDescriptorStep] Resolving properties and parameters in merged descriptor...#
#2026 08 28 03:39:37.619#Z#DEBUG#17753ce8-a292-11f1-ad9c-eeee0a80c268.OPERATION#flowable-async-job-executor-thread-5265#
[ProcessDescriptorStep] Subscriptions: [ ]#
#2026 08 28 03:39:37.619#Z#DEBUG#17753ce8-a292-11f1-ad9c-eeee0a80c268.OPERATION#flowable-async-job-executor-thread-5265#
[ProcessDescriptorStep] MTA modules: [ResilienceCockpit-srv, ResilienceCockpit-app-deployer, ResilienceCockpit-destination-content, ResilienceCockpit-db-deployer]#
#2026 08 28 03:39:37.620#Z#DEBUG#17753ce8-a292-11f1-ad9c-eeee0a80c268.OPERATION#flowable-async-job-executor-thread-5265#
[ProcessDescriptorStep] Resolved deployment descriptor: {
  "majorSchemaVersion" : 3,
  "schemaVersion" : "3.3.0",
  "id" : "ResilienceCockpit",
  "version" : "1.0.0",
  "modules" : [ {
    "majorSchemaVersion" : 3,
    "name" : "ResilienceCockpit-srv",
    "type" : "javascript.nodejs",
    "path" : "ResilienceCockpit-srv",
    "properties" : { },
    "parameters" : {
      "default-url" : "https://94060551trial-dev-resiliencecockpit-srv.cfapps.us10-003.hana.ondemand.com",
      "default-app-name" : "ResilienceCockpit-srv",
      "generated-password" : "********",
      "default-live-url" : "https://94060551trial-dev-resiliencecockpit-srv.cfapps.us10-003.hana.ondemand.com",
      "default-uri" : "94060551trial-dev-resiliencecockpit-srv.cfapps.us10-003.hana.ondemand.com",
      "default-instances" : 1,
      "default-live-host" : "94060551trial-dev-resiliencecockpit-srv",
      "instances" : 1,
      "buildpack" : "nodejs_buildpack",
      "default-host" : "94060551trial-dev-resiliencecockpit-srv",
      "app-name" : "ResilienceCockpit-srv",
      "default-live-uri" : "94060551trial-dev-resiliencecockpit-srv.cfapps.us10-003.hana.ondemand.com",
      "protocol" : "https",
      "default-live-app-name" : "ResilienceCockpit-srv",
      "default-live-domain" : "cfapps.us10-003.hana.ondemand.com",
      "domain" : "cfapps.us10-003.hana.ondemand.com",
      "host" : "94060551trial-dev-resiliencecockpit-srv",
      "generated-user" : "********"
    },
    "requiredDependencies" : [ {
      "majorSchemaVersion" : 3,
      "name" : "********",
      "properties" : { },
      "parameters" : { },
      "propertiesMetadata" : {
        "metadata" : { }
      },
      "parametersMetadata" : {
        "metadata" : { }
      }
    }, {
      "majorSchemaVersion" : 3,
      "name" : "ResilienceCockpit-db",
      "properties" : { },
      "parameters" : { },
      "propertiesMetadata" : {
        "metadata" : { }
      },
      "parametersMetadata" : {
        "metadata" : { }
      }
    }, {
      "majorSchemaVersion" : 3,
      "name" : "ResilienceCockpit-connectivity",
      "properties" : { },
      "parameters" : { },
      "propertiesMetadata" : {
        "metadata" : { }
      },
      "parametersMetadata" : {
        "metadata" : { }
      }
    }, {
      "majorSchemaVersion" : 3,
      "name" : "ResilienceCockpit-destination",
      "properties" : { },
      "parameters" : { },
      "propertiesMetadata" : {
        "metadata" : { }
      },
      "parametersMetadata" : {
        "metadata" : { }
      }
    }, {
      "majorSchemaVersion" : 3,
      "name" : "ResilienceCockpit-logging",
      "properties" : { },
      "parameters" : { },
      "propertiesMetadata" : {
        "metadata" : { }
      },
      "parametersMetadata" : {
        "metadata" : { }
      }
    } ],
    "providedDependencies" : [ {
      "majorSchemaVersion" : 3,
      "name" : "srv-api",
      "isPublic" : false,
      "properties" : {
        "srv-url" : "https://94060551trial-dev-resiliencecockpit-srv.cfapps.us10-003.hana.ondemand.com"
      },
      "parameters" : { },
      "propertiesMetadata" : {
        "metadata" : { }
      },
      "parametersMetadata" : {
        "metadata" : { }
      }
    }, {
      "majorSchemaVersion" : 3,
      "name" : "ResilienceCockpit-srv",
      "isPublic" : false,
      "properties" : { },
      "parameters" : { },
      "propertiesMetadata" : {
        "metadata" : { }
      },
      "parametersMetadata" : {
        "metadata" : { }
      }
    } ],
    "propertiesMetadata" : {
      "metadata" : { }
    },
    "parametersMetadata" : {
      "metadata" : { }
    },
    "hooks" : [ ]
  }, {
    "majorSchemaVersion" : 3,
    "name" : "ResilienceCockpit-db-deployer",
    "type" : "com.sap.xs.hdi",
    "path" : "ResilienceCockpit-db-deployer",
    "properties" : {
      "EXIT" : 1
    },
    "parameters" : {
      "default-url" : "https://94060551trial-dev-resiliencecockpit-db-deployer.cfapps.us10-003.hana.ondemand.com",
      "default-app-name" : "ResilienceCockpit-db-deployer",
      "generated-password" : "********",
      "default-live-url" : "https://94060551trial-dev-resiliencecockpit-db-deployer.cfapps.us10-003.hana.ondemand.com",
      "default-uri" : "94060551trial-dev-resiliencecockpit-db-deployer.cfapps.us10-003.hana.ondemand.com",
      "memory" : "256M",
      "default-instances" : 1,
      "no-route" : true,
      "default-live-host" : "94060551trial-dev-resiliencecockpit-db-deployer",
      "instances" : 1,
      "buildpack" : "nodejs_buildpack",
      "default-host" : "94060551trial-dev-resiliencecockpit-db-deployer",
      "app-name" : "ResilienceCockpit-db-deployer",
      "default-live-uri" : "94060551trial-dev-resiliencecockpit-db-deployer.cfapps.us10-003.hana.ondemand.com",
      "protocol" : "https",
      "default-live-app-name" : "ResilienceCockpit-db-deployer",
      "default-live-domain" : "cfapps.us10-003.hana.ondemand.com",
      "dependency-type" : "hard",
      "domain" : "cfapps.us10-003.hana.ondemand.com",
      "host" : "94060551trial-dev-resiliencecockpit-db-deployer",
      "generated-user" : "********",
      "tasks" : [ {
        "command" : "npm start",
        "memory" : "256M",
        "name" : "deploy"
      } ],
      "no-start" : true
    },
    "requiredDependencies" : [ {
      "majorSchemaVersion" : 3,
      "name" : "ResilienceCockpit-db",
      "properties" : { },
      "parameters" : { },
      "propertiesMetadata" : {
        "metadata" : { }
      },
      "parametersMetadata" : {
        "metadata" : { }
      }
    } ],
    "providedDependencies" : [ {
      "majorSchemaVersion" : 3,
      "name" : "ResilienceCockpit-db-deployer",
      "isPublic" : false,
      "properties" : { },
      "parameters" : { },
      "propertiesMetadata" : {
        "metadata" : { }
      },
      "parametersMetadata" : {
        "metadata" : { }
      }
    } ],
    "propertiesMetadata" : {
      "metadata" : { }
    },
    "parametersMetadata" : {
      "metadata" : { }
    },
    "hooks" : [ ]
  }, {
    "majorSchemaVersion" : 3,
    "name" : "ResilienceCockpit-app-deployer",
    "type" : "com.sap.application.content",
    "path" : "ResilienceCockpit-app-deployer",
    "properties" : { },
    "parameters" : {
      "default-url" : "https://94060551trial-dev-resiliencecockpit-app-deployer.cfapps.us10-003.hana.ondemand.com",
      "default-app-name" : "ResilienceCockpit-app-deployer",
      "generated-password" : "********",
      "default-live-url" : "https://94060551trial-dev-resiliencecockpit-app-deployer.cfapps.us10-003.hana.ondemand.com",
      "default-uri" : "94060551trial-dev-resiliencecockpit-app-deployer.cfapps.us10-003.hana.ondemand.com",
      "default-instances" : 1,
      "default-live-host" : "94060551trial-dev-resiliencecockpit-app-deployer",
      "instances" : 1,
      "default-host" : "94060551trial-dev-resiliencecockpit-app-deployer",
      "app-name" : "ResilienceCockpit-app-deployer",
      "default-live-uri" : "94060551trial-dev-resiliencecockpit-app-deployer.cfapps.us10-003.hana.ondemand.com",
      "protocol" : "https",
      "default-live-app-name" : "ResilienceCockpit-app-deployer",
      "default-live-domain" : "cfapps.us10-003.hana.ondemand.com",
      "domain" : "cfapps.us10-003.hana.ondemand.com",
      "host" : "94060551trial-dev-resiliencecockpit-app-deployer",
      "generated-user" : "********"
    },
    "requiredDependencies" : [ {
      "majorSchemaVersion" : 3,
      "name" : "********",
      "properties" : { },
      "parameters" : { },
      "propertiesMetadata" : {
        "metadata" : { }
      },
      "parametersMetadata" : {
        "metadata" : { }
      }
    }, {
      "majorSchemaVersion" : 3,
      "name" : "srv-api",
      "properties" : { },
      "parameters" : { },
      "propertiesMetadata" : {
        "metadata" : { }
      },
      "parametersMetadata" : {
        "metadata" : { }
      }
    }, {
      "majorSchemaVersion" : 3,
      "name" : "ResilienceCockpit-html5-repo-host",
      "properties" : { },
      "parameters" : {
        "config" : {
          "HTML5Runtime_enabled" : false
        },
        "content-target" : true
      },
      "propertiesMetadata" : {
        "metadata" : { }
      },
      "parametersMetadata" : {
        "metadata" : { }
      }
    } ],
    "providedDependencies" : [ {
      "majorSchemaVersion" : 3,
      "name" : "ResilienceCockpit-app-deployer",
      "isPublic" : false,
      "properties" : { },
      "parameters" : { },
      "propertiesMetadata" : {
        "metadata" : { }
      },
      "parametersMetadata" : {
        "metadata" : { }
      }
    } ],
    "propertiesMetadata" : {
      "metadata" : { }
    },
    "parametersMetadata" : {
      "metadata" : { }
    },
    "hooks" : [ ]
  }, {
    "majorSchemaVersion" : 3,
    "name" : "ResilienceCockpit-destination-content",
    "type" : "com.sap.application.content",
    "properties" : { },
    "parameters" : {
      "default-url" : "https://94060551trial-dev-resiliencecockpit-destination-content.cfapps.us10-003.hana.ondemand.com",
      "default-app-name" : "ResilienceCockpit-destination-content",
      "generated-password" : "********",
      "default-live-url" : "https://94060551trial-dev-resiliencecockpit-destination-content.cfapps.us10-003.hana.ondemand.com",
      "default-uri" : "94060551trial-dev-resiliencecockpit-destination-content.cfapps.us10-003.hana.ondemand.com",
      "default-instances" : 1,
      "default-live-host" : "94060551trial-dev-resiliencecockpit-destination-content",
      "instances" : 1,
      "default-host" : "94060551trial-dev-resiliencecockpit-destination-content",
      "content" : {
        "instance" : {
          "destinations" : [ {
            "Authentication" : "********",
            "Name" : "srv-api",
            "TokenServiceInstanceName" : "********",
            "TokenServiceKeyName" : "********",
            "URL" : "https://94060551trial-dev-resiliencecockpit-srv.cfapps.us10-003.hana.ondemand.com"
          }, {
            "Name" : "ResilienceCockpit-html5-repo-host",
            "ServiceInstanceName" : "ResilienceCockpit-html5-repo-host",
            "ServiceKeyName" : "********",
            "sap.cloud.service" : "nexus"
          }, {
            "Authentication" : "********",
            "Name" : "********",
            "ServiceInstanceName" : "********",
            "ServiceKeyName" : "********"
          } ],
          "existing_destinations_policy" : "update"
        }
      },
      "app-name" : "ResilienceCockpit-destination-content",
      "default-live-uri" : "94060551trial-dev-resiliencecockpit-destination-content.cfapps.us10-003.hana.ondemand.com",
      "protocol" : "https",
      "default-live-app-name" : "ResilienceCockpit-destination-content",
      "default-live-domain" : "cfapps.us10-003.hana.ondemand.com",
      "domain" : "cfapps.us10-003.hana.ondemand.com",
      "host" : "94060551trial-dev-resiliencecockpit-destination-content",
      "generated-user" : "********"
    },
    "requiredDependencies" : [ {
      "majorSchemaVersion" : 3,
      "name" : "********",
      "properties" : { },
      "parameters" : {
        "service-key" : "********"
      },
      "propertiesMetadata" : {
        "metadata" : { }
      },
      "parametersMetadata" : {
        "metadata" : { }
      }
    }, {
      "majorSchemaVersion" : 3,
      "name" : "ResilienceCockpit-html5-repo-host",
      "properties" : { },
      "parameters" : {
        "service-key" : "********"
      },
      "propertiesMetadata" : {
        "metadata" : { }
      },
      "parametersMetadata" : {
        "metadata" : { }
      }
    }, {
      "majorSchemaVersion" : 3,
      "name" : "srv-api",
      "properties" : { },
      "parameters" : { },
      "propertiesMetadata" : {
        "metadata" : { }
      },
      "parametersMetadata" : {
        "metadata" : { }
      }
    }, {
      "majorSchemaVersion" : 3,
      "name" : "ResilienceCockpit-destination",
      "properties" : { },
      "parameters" : {
        "content-target" : true
      },
      "propertiesMetadata" : {
        "metadata" : { }
      },
      "parametersMetadata" : {
        "metadata" : { }
      }
    } ],
    "providedDependencies" : [ {
      "majorSchemaVersion" : 3,
      "name" : "ResilienceCockpit-destination-content",
      "isPublic" : false,
      "properties" : { },
      "parameters" : { },
      "propertiesMetadata" : {
        "metadata" : { }
      },
      "parametersMetadata" : {
        "metadata" : { }
      }
    } ],
    "propertiesMetadata" : {
      "metadata" : { }
    },
    "parametersMetadata" : {
      "metadata" : { }
    },
    "hooks" : [ ]
  } ],
  "resources" : [ {
    "majorSchemaVersion" : 3,
    "name" : "********",
    "type" : "org.cloudfoundry.managed-service",
    "properties" : { },
    "parameters" : {
      "generated-password" : "********",
      "path" : "./xs-security.json",
      "service-name" : "********",
      "service-plan" : "application",
      "service" : "xsuaa",
      "generated-user" : "********",
      "default-xsappname" : "********",
      "type" : "managed-service",
      "config" : {
        "oauth2-configuration" : "********",
        "tenant-mode" : "dedicated",
        "xsappname" : "ResilienceCockpit-94060551trial-dev"
      },
      "default-service-name" : "********",
      "default-container-name" : "********"
    },
    "isActive" : true,
    "isOptional" : false,
    "propertiesMetadata" : {
      "metadata" : { }
    },
    "parametersMetadata" : {
      "metadata" : { }
    },
    "requiredDependencies" : [ ],
    "processedAfter" : [ ]
  }, {
    "majorSchemaVersion" : 3,
    "name" : "ResilienceCockpit-db",
    "type" : "com.sap.xs.hdi-container",
    "properties" : { },
    "parameters" : {
      "generated-password" : "********",
      "service-name" : "ResilienceCockpit-db",
      "service-plan" : "hdi-shared",
      "service" : "hana",
      "generated-user" : "********",
      "default-xsappname" : "ResilienceCockpit-db",
      "type" : "managed-service",
      "default-service-name" : "ResilienceCockpit-db",
      "default-container-name" : "94060551TRIAL_DEV_RESILIENCECOCKPIT_DB"
    },
    "isActive" : true,
    "isOptional" : false,
    "propertiesMetadata" : {
      "metadata" : { }
    },
    "parametersMetadata" : {
      "metadata" : { }
    },
    "requiredDependencies" : [ ],
    "processedAfter" : [ ]
  }, {
    "majorSchemaVersion" : 3,
    "name" : "ResilienceCockpit-connectivity",
    "type" : "org.cloudfoundry.managed-service",
    "properties" : { },
    "parameters" : {
      "generated-password" : "********",
      "service-name" : "ResilienceCockpit-connectivity",
      "service-plan" : "lite",
      "service" : "connectivity",
      "generated-user" : "********",
      "default-xsappname" : "ResilienceCockpit-connectivity",
      "type" : "managed-service",
      "default-service-name" : "ResilienceCockpit-connectivity",
      "default-container-name" : "94060551TRIAL_DEV_RESILIENCECOCKPIT_CONNECTIVITY"
    },
    "isActive" : true,
    "isOptional" : false,
    "propertiesMetadata" : {
      "metadata" : { }
    },
    "parametersMetadata" : {
      "metadata" : { }
    },
    "requiredDependencies" : [ ],
    "processedAfter" : [ ]
  }, {
    "majorSchemaVersion" : 3,
    "name" : "ResilienceCockpit-destination",
    "type" : "org.cloudfoundry.managed-service",
    "properties" : { },
    "parameters" : {
      "generated-password" : "********",
      "service-name" : "ResilienceCockpit-destination",
      "service-plan" : "lite",
      "service" : "destination",
      "generated-user" : "********",
      "default-xsappname" : "ResilienceCockpit-destination",
      "type" : "managed-service",
      "config" : {
        "HTML5Runtime_enabled" : true,
        "init_data" : {
          "instance" : {
            "destinations" : [ {
              "Authentication" : "********",
              "Name" : "ui5",
              "ProxyType" : "Internet",
              "Type" : "HTTP",
              "URL" : "https://ui5.sap.com"
            }, {
              "Authentication" : "********",
              "HTML5.DynamicDestination" : true,
              "HTML5.ForwardAuthToken" : "********",
              "Name" : "srv-api",
              "ProxyType" : "Internet",
              "Type" : "HTTP",
              "URL" : "https://94060551trial-dev-resiliencecockpit-srv.cfapps.us10-003.hana.ondemand.com"
            } ],
            "existing_destinations_policy" : "update"
          }
        }
      },
      "default-service-name" : "ResilienceCockpit-destination",
      "default-container-name" : "94060551TRIAL_DEV_RESILIENCECOCKPIT_DESTINATION"
    },
    "isActive" : true,
    "isOptional" : false,
    "propertiesMetadata" : {
      "metadata" : { }
    },
    "parametersMetadata" : {
      "metadata" : { }
    },
    "requiredDependencies" : [ {
      "majorSchemaVersion" : 3,
      "name" : "srv-api",
      "properties" : { },
      "parameters" : { },
      "propertiesMetadata" : {
        "metadata" : { }
      },
      "parametersMetadata" : {
        "metadata" : { }
      }
    } ],
    "processedAfter" : [ ]
  }, {
    "majorSchemaVersion" : 3,
    "name" : "ResilienceCockpit-html5-repo-host",
    "type" : "org.cloudfoundry.managed-service",
    "properties" : { },
    "parameters" : {
      "generated-password" : "********",
      "service-name" : "ResilienceCockpit-html5-repo-host",
      "service-plan" : "app-host",
      "service" : "html5-apps-repo",
      "generated-user" : "********",
      "default-xsappname" : "ResilienceCockpit-html5-repo-host",
      "type" : "managed-service",
      "default-service-name" : "ResilienceCockpit-html5-repo-host",
      "default-container-name" : "94060551TRIAL_DEV_RESILIENCECOCKPIT_HTML5_REPO_HOST"
    },
    "isActive" : true,
    "isOptional" : false,
    "propertiesMetadata" : {
      "metadata" : { }
    },
    "parametersMetadata" : {
      "metadata" : { }
    },
    "requiredDependencies" : [ ],
    "processedAfter" : [ ]
  }, {
    "majorSchemaVersion" : 3,
    "name" : "ResilienceCockpit-logging",
    "type" : "org.cloudfoundry.managed-service",
    "properties" : { },
    "parameters" : {
      "generated-password" : "********",
      "service-name" : "ResilienceCockpit-logging",
      "service-plan" : "lite",
      "service" : "application-logs",
      "generated-user" : "********",
      "default-xsappname" : "ResilienceCockpit-logging",
      "type" : "managed-service",
      "default-service-name" : "ResilienceCockpit-logging",
      "default-container-name" : "94060551TRIAL_DEV_RESILIENCECOCKPIT_LOGGING"
    },
    "isActive" : true,
    "isOptional" : false,
    "propertiesMetadata" : {
      "metadata" : { }
    },
    "parametersMetadata" : {
      "metadata" : { }
    },
    "requiredDependencies" : [ ],
    "processedAfter" : [ ]
  } ],
  "parameters" : {
    "deploy_mode" : "html5-repo",
    "mta-id" : "ResilienceCockpit",
    "authorization-url" : "********",
    "org-guid" : "78e7b825-503f-4bdc-af4e-be86d7f43c8e",
    "org" : "94060551trial",
    "deploy-target" : "94060551trial dev",
    "enable-parallel-deployments" : true,
    "region-primary-domain" : "us10.hana.ondemand.com",
    "space" : "dev",
    "region-domain" : "us10-003.hana.ondemand.com",
    "xs-api-url" : "https://api.cf.us10-003.hana.ondemand.com",
    "deploy-url" : "deploy-service.cfapps.us10-003.hana.ondemand.com",
    "xs-type" : "CF",
    "default-domain" : "cfapps.us10-003.hana.ondemand.com",
    "mta-version" : "1.0.0",
    "xs-auth-url" : "********",
    "space-guid" : "039a1fe6-69a4-4c1e-9b8f-a64d47329d3e",
    "user" : "********",
    "controller-url" : "https://api.cf.us10-003.hana.ondemand.com",
    "timestamp" : "20260828033936"
  },
  "parametersMetadata" : {
    "metadata" : { }
  }
}#
#2026 08 28 03:39:37.620#Z#DEBUG#17753ce8-a292-11f1-ad9c-eeee0a80c268.OPERATION#flowable-async-job-executor-thread-5265#
[ProcessDescriptorStep] Merged descriptor properties and parameters resolved#
#2026 08 28 03:39:37.620#Z#DEBUG#17753ce8-a292-11f1-ad9c-eeee0a80c268.OPERATION#flowable-async-job-executor-thread-5265#
Step "Process Descriptor Step" finished#
#2026 08 28 03:39:37.638#Z#DEBUG#17753ce8-a292-11f1-ad9c-eeee0a80c268.OPERATION#flowable-async-job-executor-thread-5265#
[XS2BuildCloudDeployModelStep] Executing task "buildDeployModelTask" of process "17753d0e-a292-11f1-ad9c-eeee0a80c268"...#
#2026 08 28 03:39:37.640#Z#DEBUG#17753ce8-a292-11f1-ad9c-eeee0a80c268.OPERATION#flowable-async-job-executor-thread-5265#
[XS2BuildCloudDeployModelStep] Service keys defined for content deployment grouped by service name: {
  "ResilienceCockpit-auth" : "********",
  "ResilienceCockpit-html5-repo-host" : [ {
    "name" : "********",
    "v3Metadata" : {
      "annotations" : {
        "mta_id" : "ResilienceCockpit",
        "mta_version" : "1.0.0"
      },
      "labels" : {
        "mta_id" : "12714f170fc41ee91010bfb8bfd6b5c9",
        "space_guid" : "039a1fe6-69a4-4c1e-9b8f-a64d47329d3e"
      }
    },
    "credentials" : "********",
    "moduleName" : "ResilienceCockpit-app-deployer",
    "resourceName" : "ResilienceCockpit-html5-repo-host",
    "serviceInstance" : {
      "isOptional" : false,
      "isManaged" : false,
      "name" : "ResilienceCockpit-html5-repo-host",
      "credentials" : "********",
      "tags" : [ ],
      "shouldSkipParametersUpdate" : false,
      "shouldSkipPlanUpdate" : false,
      "shouldSkipTagsUpdate" : false,
      "shouldSkipSyslogUrlUpdate" : false
    },
    "shouldDeleteServiceKeyAfterDeploy" : "********",
    "resourceType" : "org.cloudfoundry.managed-service"
  }, {
    "name" : "********",
    "v3Metadata" : {
      "annotations" : {
        "mta_id" : "ResilienceCockpit",
        "mta_version" : "1.0.0"
      },
      "labels" : {
        "mta_id" : "12714f170fc41ee91010bfb8bfd6b5c9",
        "space_guid" : "039a1fe6-69a4-4c1e-9b8f-a64d47329d3e"
      }
    },
    "credentials" : "********",
    "moduleName" : "ResilienceCockpit-destination-content",
    "resourceName" : "ResilienceCockpit-html5-repo-host",
    "serviceInstance" : {
      "isOptional" : false,
      "isManaged" : false,
      "name" : "ResilienceCockpit-html5-repo-host",
      "credentials" : "********",
      "tags" : [ ],
      "shouldSkipParametersUpdate" : false,
      "shouldSkipPlanUpdate" : false,
      "shouldSkipTagsUpdate" : false,
      "shouldSkipSyslogUrlUpdate" : false
    },
    "shouldDeleteServiceKeyAfterDeploy" : "********",
    "resourceType" : "org.cloudfoundry.managed-service"
  } ],
  "ResilienceCockpit-destination" : [ {
    "name" : "********",
    "v3Metadata" : {
      "annotations" : {
        "mta_id" : "ResilienceCockpit",
        "mta_version" : "1.0.0"
      },
      "labels" : {
        "mta_id" : "12714f170fc41ee91010bfb8bfd6b5c9",
        "space_guid" : "039a1fe6-69a4-4c1e-9b8f-a64d47329d3e"
      }
    },
    "credentials" : "********",
    "moduleName" : "ResilienceCockpit-destination-content",
    "resourceName" : "ResilienceCockpit-destination",
    "serviceInstance" : {
      "isOptional" : false,
      "isManaged" : false,
      "name" : "ResilienceCockpit-destination",
      "credentials" : "********",
      "tags" : [ ],
      "shouldSkipParametersUpdate" : false,
      "shouldSkipPlanUpdate" : false,
      "shouldSkipTagsUpdate" : false,
      "shouldSkipSyslogUrlUpdate" : false
    },
    "shouldDeleteServiceKeyAfterDeploy" : "********",
    "resourceType" : "org.cloudfoundry.managed-service"
  } ]
}#
#2026 08 28 03:39:37.640#Z#DEBUG#17753ce8-a292-11f1-ad9c-eeee0a80c268.OPERATION#flowable-async-job-executor-thread-5265#
[XS2BuildCloudDeployModelStep] Building cloud deployment model...#
#2026 08 28 03:39:37.642#Z#DEBUG#17753ce8-a292-11f1-ad9c-eeee0a80c268.OPERATION#flowable-async-job-executor-thread-5265#
[XS2BuildCloudDeployModelStep] MTA archive modules: [ResilienceCockpit-srv, ResilienceCockpit-app-deployer, ResilienceCockpit-db-deployer]#
#2026 08 28 03:39:37.642#Z#DEBUG#17753ce8-a292-11f1-ad9c-eeee0a80c268.OPERATION#flowable-async-job-executor-thread-5265#
[XS2BuildCloudDeployModelStep] Deployed modules: [ResilienceCockpit-db-deployer, ResilienceCockpit-srv]#
#2026 08 28 03:39:37.642#Z#DEBUG#17753ce8-a292-11f1-ad9c-eeee0a80c268.OPERATION#flowable-async-job-executor-thread-5265#
[XS2BuildCloudDeployModelStep] MTA modules: [ResilienceCockpit-srv, ResilienceCockpit-app-deployer, ResilienceCockpit-destination-content, ResilienceCockpit-db-deployer]#
#2026 08 28 03:39:37.642#Z#DEBUG#17753ce8-a292-11f1-ad9c-eeee0a80c268.OPERATION#flowable-async-job-executor-thread-5265#
[XS2BuildCloudDeployModelStep] Service keys to create: {
  "ResilienceCockpit-db" : [ ],
  "ResilienceCockpit-auth" : "********",
  "ResilienceCockpit-html5-repo-host" : [ ],
  "ResilienceCockpit-connectivity" : [ ],
  "ResilienceCockpit-destination" : [ ],
  "ResilienceCockpit-logging" : [ ]
}#
#2026 08 28 03:39:37.643#Z#DEBUG#17753ce8-a292-11f1-ad9c-eeee0a80c268.OPERATION#flowable-async-job-executor-thread-5265#
[XS2BuildCloudDeployModelStep] Modules to deploy: [{
  "majorSchemaVersion" : 3,
  "name" : "ResilienceCockpit-srv",
  "type" : "javascript.nodejs",
  "path" : "ResilienceCockpit-srv",
  "properties" : { },
  "parameters" : {
    "default-url" : "https://94060551trial-dev-resiliencecockpit-srv.cfapps.us10-003.hana.ondemand.com",
    "default-app-name" : "ResilienceCockpit-srv",
    "generated-password" : "********",
    "default-live-url" : "https://94060551trial-dev-resiliencecockpit-srv.cfapps.us10-003.hana.ondemand.com",
    "default-uri" : "94060551trial-dev-resiliencecockpit-srv.cfapps.us10-003.hana.ondemand.com",
    "default-instances" : 1,
    "default-live-host" : "94060551trial-dev-resiliencecockpit-srv",
    "instances" : 1,
    "buildpack" : "nodejs_buildpack",
    "default-host" : "94060551trial-dev-resiliencecockpit-srv",
    "app-name" : "ResilienceCockpit-srv",
    "default-live-uri" : "94060551trial-dev-resiliencecockpit-srv.cfapps.us10-003.hana.ondemand.com",
    "protocol" : "https",
    "default-live-app-name" : "ResilienceCockpit-srv",
    "default-live-domain" : "cfapps.us10-003.hana.ondemand.com",
    "dependency-type" : "soft",
    "domain" : "cfapps.us10-003.hana.ondemand.com",
    "host" : "94060551trial-dev-resiliencecockpit-srv",
    "generated-user" : "********"
  },
  "requiredDependencies" : [ {
    "majorSchemaVersion" : 3,
    "name" : "********",
    "properties" : { },
    "parameters" : { },
    "propertiesMetadata" : {
      "metadata" : { }
    },
    "parametersMetadata" : {
      "metadata" : { }
    }
  }, {
    "majorSchemaVersion" : 3,
    "name" : "ResilienceCockpit-db",
    "properties" : { },
    "parameters" : { },
    "propertiesMetadata" : {
      "metadata" : { }
    },
    "parametersMetadata" : {
      "metadata" : { }
    }
  }, {
    "majorSchemaVersion" : 3,
    "name" : "ResilienceCockpit-connectivity",
    "properties" : { },
    "parameters" : { },
    "propertiesMetadata" : {
      "metadata" : { }
    },
    "parametersMetadata" : {
      "metadata" : { }
    }
  }, {
    "majorSchemaVersion" : 3,
    "name" : "ResilienceCockpit-destination",
    "properties" : { },
    "parameters" : { },
    "propertiesMetadata" : {
      "metadata" : { }
    },
    "parametersMetadata" : {
      "metadata" : { }
    }
  }, {
    "majorSchemaVersion" : 3,
    "name" : "ResilienceCockpit-logging",
    "properties" : { },
    "parameters" : { },
    "propertiesMetadata" : {
      "metadata" : { }
    },
    "parametersMetadata" : {
      "metadata" : { }
    }
  } ],
  "providedDependencies" : [ {
    "majorSchemaVersion" : 3,
    "name" : "srv-api",
    "isPublic" : false,
    "properties" : {
      "srv-url" : "https://94060551trial-dev-resiliencecockpit-srv.cfapps.us10-003.hana.ondemand.com"
    },
    "parameters" : { },
    "propertiesMetadata" : {
      "metadata" : { }
    },
    "parametersMetadata" : {
      "metadata" : { }
    }
  }, {
    "majorSchemaVersion" : 3,
    "name" : "ResilienceCockpit-srv",
    "isPublic" : false,
    "properties" : { },
    "parameters" : { },
    "propertiesMetadata" : {
      "metadata" : { }
    },
    "parametersMetadata" : {
      "metadata" : { }
    }
  } ],
  "propertiesMetadata" : {
    "metadata" : { }
  },
  "parametersMetadata" : {
    "metadata" : { }
  },
  "deployedAfter" : [ ],
  "hooks" : [ ]
}, {
  "majorSchemaVersion" : 3,
  "name" : "ResilienceCockpit-db-deployer",
  "type" : "com.sap.xs.hdi",
  "path" : "ResilienceCockpit-db-deployer",
  "properties" : {
    "EXIT" : 1
  },
  "parameters" : {
    "default-url" : "https://94060551trial-dev-resiliencecockpit-db-deployer.cfapps.us10-003.hana.ondemand.com",
    "default-app-name" : "ResilienceCockpit-db-deployer",
    "generated-password" : "********",
    "default-live-url" : "https://94060551trial-dev-resiliencecockpit-db-deployer.cfapps.us10-003.hana.ondemand.com",
    "default-uri" : "94060551trial-dev-resiliencecockpit-db-deployer.cfapps.us10-003.hana.ondemand.com",
    "memory" : "256M",
    "default-instances" : 1,
    "no-route" : true,
    "default-live-host" : "94060551trial-dev-resiliencecockpit-db-deployer",
    "instances" : 1,
    "buildpack" : "nodejs_buildpack",
    "default-host" : "94060551trial-dev-resiliencecockpit-db-deployer",
    "app-name" : "ResilienceCockpit-db-deployer",
    "default-live-uri" : "94060551trial-dev-resiliencecockpit-db-deployer.cfapps.us10-003.hana.ondemand.com",
    "protocol" : "https",
    "default-live-app-name" : "ResilienceCockpit-db-deployer",
    "default-live-domain" : "cfapps.us10-003.hana.ondemand.com",
    "dependency-type" : "hard",
    "domain" : "cfapps.us10-003.hana.ondemand.com",
    "host" : "94060551trial-dev-resiliencecockpit-db-deployer",
    "generated-user" : "********",
    "tasks" : [ {
      "command" : "npm start",
      "memory" : "256M",
      "name" : "deploy"
    } ],
    "no-start" : true
  },
  "requiredDependencies" : [ {
    "majorSchemaVersion" : 3,
    "name" : "ResilienceCockpit-db",
    "properties" : { },
    "parameters" : { },
    "propertiesMetadata" : {
      "metadata" : { }
    },
    "parametersMetadata" : {
      "metadata" : { }
    }
  } ],
  "providedDependencies" : [ {
    "majorSchemaVersion" : 3,
    "name" : "ResilienceCockpit-db-deployer",
    "isPublic" : false,
    "properties" : { },
    "parameters" : { },
    "propertiesMetadata" : {
      "metadata" : { }
    },
    "parametersMetadata" : {
      "metadata" : { }
    }
  } ],
  "propertiesMetadata" : {
    "metadata" : { }
  },
  "parametersMetadata" : {
    "metadata" : { }
  },
  "deployedAfter" : [ ],
  "hooks" : [ ]
}, {
  "majorSchemaVersion" : 3,
  "name" : "ResilienceCockpit-app-deployer",
  "type" : "com.sap.application.content",
  "path" : "ResilienceCockpit-app-deployer",
  "properties" : { },
  "parameters" : {
    "default-url" : "https://94060551trial-dev-resiliencecockpit-app-deployer.cfapps.us10-003.hana.ondemand.com",
    "default-app-name" : "ResilienceCockpit-app-deployer",
    "generated-password" : "********",
    "default-live-url" : "https://94060551trial-dev-resiliencecockpit-app-deployer.cfapps.us10-003.hana.ondemand.com",
    "default-uri" : "94060551trial-dev-resiliencecockpit-app-deployer.cfapps.us10-003.hana.ondemand.com",
    "default-instances" : 1,
    "default-live-host" : "94060551trial-dev-resiliencecockpit-app-deployer",
    "instances" : 1,
    "default-host" : "94060551trial-dev-resiliencecockpit-app-deployer",
    "app-name" : "ResilienceCockpit-app-deployer",
    "default-live-uri" : "94060551trial-dev-resiliencecockpit-app-deployer.cfapps.us10-003.hana.ondemand.com",
    "protocol" : "https",
    "default-live-app-name" : "ResilienceCockpit-app-deployer",
    "default-live-domain" : "cfapps.us10-003.hana.ondemand.com",
    "dependency-type" : "soft",
    "domain" : "cfapps.us10-003.hana.ondemand.com",
    "host" : "94060551trial-dev-resiliencecockpit-app-deployer",
    "generated-user" : "********"
  },
  "requiredDependencies" : [ {
    "majorSchemaVersion" : 3,
    "name" : "********",
    "properties" : { },
    "parameters" : { },
    "propertiesMetadata" : {
      "metadata" : { }
    },
    "parametersMetadata" : {
      "metadata" : { }
    }
  }, {
    "majorSchemaVersion" : 3,
    "name" : "srv-api",
    "properties" : { },
    "parameters" : { },
    "propertiesMetadata" : {
      "metadata" : { }
    },
    "parametersMetadata" : {
      "metadata" : { }
    }
  }, {
    "majorSchemaVersion" : 3,
    "name" : "ResilienceCockpit-html5-repo-host",
    "properties" : { },
    "parameters" : {
      "config" : {
        "HTML5Runtime_enabled" : false
      },
      "content-target" : true
    },
    "propertiesMetadata" : {
      "metadata" : { }
    },
    "parametersMetadata" : {
      "metadata" : { }
    }
  } ],
  "providedDependencies" : [ {
    "majorSchemaVersion" : 3,
    "name" : "ResilienceCockpit-app-deployer",
    "isPublic" : false,
    "properties" : { },
    "parameters" : { },
    "propertiesMetadata" : {
      "metadata" : { }
    },
    "parametersMetadata" : {
      "metadata" : { }
    }
  } ],
  "propertiesMetadata" : {
    "metadata" : { }
  },
  "parametersMetadata" : {
    "metadata" : { }
  },
  "deployedAfter" : [ ],
  "hooks" : [ ]
}, {
  "majorSchemaVersion" : 3,
  "name" : "ResilienceCockpit-destination-content",
  "type" : "com.sap.application.content",
  "properties" : { },
  "parameters" : {
    "default-url" : "https://94060551trial-dev-resiliencecockpit-destination-content.cfapps.us10-003.hana.ondemand.com",
    "default-app-name" : "ResilienceCockpit-destination-content",
    "generated-password" : "********",
    "default-live-url" : "https://94060551trial-dev-resiliencecockpit-destination-content.cfapps.us10-003.hana.ondemand.com",
    "default-uri" : "94060551trial-dev-resiliencecockpit-destination-content.cfapps.us10-003.hana.ondemand.com",
    "default-instances" : 1,
    "default-live-host" : "94060551trial-dev-resiliencecockpit-destination-content",
    "instances" : 1,
    "default-host" : "94060551trial-dev-resiliencecockpit-destination-content",
    "content" : {
      "instance" : {
        "destinations" : [ {
          "Authentication" : "********",
          "Name" : "srv-api",
          "TokenServiceInstanceName" : "********",
          "TokenServiceKeyName" : "********",
          "URL" : "https://94060551trial-dev-resiliencecockpit-srv.cfapps.us10-003.hana.ondemand.com"
        }, {
          "Name" : "ResilienceCockpit-html5-repo-host",
          "ServiceInstanceName" : "ResilienceCockpit-html5-repo-host",
          "ServiceKeyName" : "********",
          "sap.cloud.service" : "nexus"
        }, {
          "Authentication" : "********",
          "Name" : "********",
          "ServiceInstanceName" : "********",
          "ServiceKeyName" : "********"
        } ],
        "existing_destinations_policy" : "update"
      }
    },
    "app-name" : "ResilienceCockpit-destination-content",
    "default-live-uri" : "94060551trial-dev-resiliencecockpit-destination-content.cfapps.us10-003.hana.ondemand.com",
    "protocol" : "https",
    "default-live-app-name" : "ResilienceCockpit-destination-content",
    "default-live-domain" : "cfapps.us10-003.hana.ondemand.com",
    "dependency-type" : "soft",
    "domain" : "cfapps.us10-003.hana.ondemand.com",
    "host" : "94060551trial-dev-resiliencecockpit-destination-content",
    "generated-user" : "********"
  },
  "requiredDependencies" : [ {
    "majorSchemaVersion" : 3,
    "name" : "********",
    "properties" : { },
    "parameters" : {
      "service-key" : "********"
    },
    "propertiesMetadata" : {
      "metadata" : { }
    },
    "parametersMetadata" : {
      "metadata" : { }
    }
  }, {
    "majorSchemaVersion" : 3,
    "name" : "ResilienceCockpit-html5-repo-host",
    "properties" : { },
    "parameters" : {
      "service-key" : "********"
    },
    "propertiesMetadata" : {
      "metadata" : { }
    },
    "parametersMetadata" : {
      "metadata" : { }
    }
  }, {
    "majorSchemaVersion" : 3,
    "name" : "srv-api",
    "properties" : { },
    "parameters" : { },
    "propertiesMetadata" : {
      "metadata" : { }
    },
    "parametersMetadata" : {
      "metadata" : { }
    }
  }, {
    "majorSchemaVersion" : 3,
    "name" : "ResilienceCockpit-destination",
    "properties" : { },
    "parameters" : {
      "content-target" : true
    },
    "propertiesMetadata" : {
      "metadata" : { }
    },
    "parametersMetadata" : {
      "metadata" : { }
    }
  } ],
  "providedDependencies" : [ {
    "majorSchemaVersion" : 3,
    "name" : "ResilienceCockpit-destination-content",
    "isPublic" : false,
    "properties" : { },
    "parameters" : { },
    "propertiesMetadata" : {
      "metadata" : { }
    },
    "parametersMetadata" : {
      "metadata" : { }
    }
  } ],
  "propertiesMetadata" : {
    "metadata" : { }
  },
  "parametersMetadata" : {
    "metadata" : { }
  },
  "deployedAfter" : [ ],
  "hooks" : [ ]
}]#
#2026 08 28 03:39:37.644#Z#DEBUG#17753ce8-a292-11f1-ad9c-eeee0a80c268.OPERATION#flowable-async-job-executor-thread-5265#
[XS2BuildCloudDeployModelStep] Custom domains: []#
#2026 08 28 03:39:37.646#Z#DEBUG#17753ce8-a292-11f1-ad9c-eeee0a80c268.OPERATION#flowable-async-job-executor-thread-5265#
[XS2BuildCloudDeployModelStep] Calculating resource batches...#
#2026 08 28 03:39:37.646#Z#DEBUG#17753ce8-a292-11f1-ad9c-eeee0a80c268.OPERATION#flowable-async-job-executor-thread-5265#
[XS2BuildCloudDeployModelStep] Calculating resource batches completed.#
#2026 08 28 03:39:37.646#Z#DEBUG#17753ce8-a292-11f1-ad9c-eeee0a80c268.OPERATION#flowable-async-job-executor-thread-5265#
[XS2BuildCloudDeployModelStep] Cloud deployment model built#
#2026 08 28 03:39:37.646#Z#DEBUG#17753ce8-a292-11f1-ad9c-eeee0a80c268.OPERATION#flowable-async-job-executor-thread-5265#
Step "Build Deploy Model" finished#
#2026 08 28 03:39:37.667#Z#DEBUG#17753ce8-a292-11f1-ad9c-eeee0a80c268.OPERATION#flowable-async-job-executor-thread-5265#
[BuildCloudUndeployModelStep] Executing task "buildUndeployModelTask" of process "17753d0e-a292-11f1-ad9c-eeee0a80c268"...#
#2026 08 28 03:39:37.668#Z#DEBUG#17753ce8-a292-11f1-ad9c-eeee0a80c268.OPERATION#flowable-async-job-executor-thread-5265#
[BuildCloudUndeployModelStep] Building cloud undeployment model...#
#2026 08 28 03:39:37.669#Z#DEBUG#17753ce8-a292-11f1-ad9c-eeee0a80c268.OPERATION#flowable-async-job-executor-thread-5265#
[BuildCloudUndeployModelStep] Detecting service keys to delete.#
#2026 08 28 03:39:37.669#Z#DEBUG#17753ce8-a292-11f1-ad9c-eeee0a80c268.OPERATION#flowable-async-job-executor-thread-5265#
[BuildCloudUndeployModelStep] Detected deployed service keys by service "{ResilienceCockpit-auth=[DeployedMtaServiceKey{name=ResilienceCockpit-app-deployer-ResilienceCockpit-auth-credentials, metadata=CloudMetadata{guid=5d6a90ac-d2af-4efb-9c74-52d5e2c186dd, createdAt=2026-08-25T08:30:22, updatedAt=2026-08-25T08:30:23, url=null}, v3Metadata=Metadata{annotations={mta_id=ResilienceCockpit, mta_version=1.0.0}, labels={mta_id=12714f170fc41ee91010bfb8bfd6b5c9, space_guid=039a1fe6-69a4-4c1e-9b8f-a64d47329d3e}}, credentials=null, serviceInstance=CloudServiceInstance{name=ResilienceCockpit-auth, metadata=CloudMetadata{guid=a4201f74-f0ad-456c-947a-8ce52d2ae7ca, createdAt=2026-08-25T08:30:02, updatedAt=2026-08-25T08:30:03, url=null}, v3Metadata=Metadata{annotations={mta_id=ResilienceCockpit, mta_version=1.0.0, mta_resource={"name":"ResilienceCockpit-auth"}}, labels={mta_id=12714f170fc41ee91010bfb8bfd6b5c9}}, label=null, plan=null, provider=null, broker=null, version=null, credentials={}, syslogDrainUrl=null, tags=[], type=managed, lastOperation=null}, serviceKeyOperation=null, resourceName=null}, DeployedMtaServiceKey{name=ResilienceCockpit-auth-key, metadata=CloudMetadata{guid=a740b217-4eaa-4fba-94d5-6b134f537e01, createdAt=2026-08-25T08:30:23, updatedAt=2026-08-25T08:30:23, url=null}, v3Metadata=Metadata{annotations={mta_id=ResilienceCockpit, mta_version=1.0.0}, labels={mta_id=12714f170fc41ee91010bfb8bfd6b5c9, space_guid=039a1fe6-69a4-4c1e-9b8f-a64d47329d3e}}, credentials=null, serviceInstance=CloudServiceInstance{name=ResilienceCockpit-auth, metadata=CloudMetadata{guid=a4201f74-f0ad-456c-947a-8ce52d2ae7ca, createdAt=2026-08-25T08:30:02, updatedAt=2026-08-25T08:30:03, url=null}, v3Metadata=Metadata{annotations={mta_id=ResilienceCockpit, mta_version=1.0.0, mta_resource={"name":"ResilienceCockpit-auth"}}, labels={mta_id=12714f170fc41ee91010bfb8bfd6b5c9}}, label=null, plan=null, provider=null, broker=null, version=null, credentials={}, syslogDrainUrl=null, tags=[], type=managed, lastOperation=null}, serviceKeyOperation=null, resourceName=null}], ResilienceCockpit-html5-repo-host=[DeployedMtaServiceKey{name=ResilienceCockpit-app-deployer-ResilienceCockpit-html5-repo-host-credentials, metadata=CloudMetadata{guid=de7350a4-f280-459d-afc2-ad86ef46b093, createdAt=2026-08-25T08:30:22, updatedAt=2026-08-25T08:30:23, url=null}, v3Metadata=Metadata{annotations={mta_id=ResilienceCockpit, mta_version=1.0.0}, labels={mta_id=12714f170fc41ee91010bfb8bfd6b5c9, space_guid=039a1fe6-69a4-4c1e-9b8f-a64d47329d3e}}, credentials=null, serviceInstance=CloudServiceInstance{name=ResilienceCockpit-html5-repo-host, metadata=CloudMetadata{guid=fd6aaf90-4cca-4826-9764-60a919421480, createdAt=2026-08-25T08:30:06, updatedAt=2026-08-25T08:30:07, url=null}, v3Metadata=Metadata{annotations={mta_id=ResilienceCockpit, mta_version=1.0.0, mta_resource={"name":"ResilienceCockpit-html5-repo-host"}}, labels={mta_id=12714f170fc41ee91010bfb8bfd6b5c9}}, label=null, plan=null, provider=null, broker=null, version=null, credentials={}, syslogDrainUrl=null, tags=[], type=managed, lastOperation=null}, serviceKeyOperation=null, resourceName=null}, DeployedMtaServiceKey{name=ResilienceCockpit-html5-repo-host-key, metadata=CloudMetadata{guid=67b06842-65c2-44d3-9ce0-5b5dfc51df85, createdAt=2026-08-25T08:30:23, updatedAt=2026-08-25T08:30:24, url=null}, v3Metadata=Metadata{annotations={mta_id=ResilienceCockpit, mta_version=1.0.0}, labels={mta_id=12714f170fc41ee91010bfb8bfd6b5c9, space_guid=039a1fe6-69a4-4c1e-9b8f-a64d47329d3e}}, credentials=null, serviceInstance=CloudServiceInstance{name=ResilienceCockpit-html5-repo-host, metadata=CloudMetadata{guid=fd6aaf90-4cca-4826-9764-60a919421480, createdAt=2026-08-25T08:30:06, updatedAt=2026-08-25T08:30:07, url=null}, v3Metadata=Metadata{annotations={mta_id=ResilienceCockpit, mta_version=1.0.0, mta_resource={"name":"ResilienceCockpit-html5-repo-host"}}, labels={mta_id=12714f170fc41ee91010bfb8bfd6b5c9}}, label=null, plan=null, provider=null, broker=null, version=null, credentials={}, syslogDrainUrl=null, tags=[], type=managed, lastOperation=null}, serviceKeyOperation=null, resourceName=null}], ResilienceCockpit-destination=[DeployedMtaServiceKey{name=ResilienceCockpit-destination-content-ResilienceCockpit-destination-credentials, metadata=CloudMetadata{guid=7ddd25ac-6128-41d8-b339-11a4a5e9f307, createdAt=2026-08-25T11:44:32, updatedAt=2026-08-25T11:44:34, url=null}, v3Metadata=Metadata{annotations={mta_id=ResilienceCockpit, mta_version=1.0.0}, labels={mta_id=12714f170fc41ee91010bfb8bfd6b5c9, space_guid=039a1fe6-69a4-4c1e-9b8f-a64d47329d3e}}, credentials=null, serviceInstance=CloudServiceInstance{name=ResilienceCockpit-destination, metadata=CloudMetadata{guid=b320a563-1340-4020-8574-566b1e2175a9, createdAt=2026-08-25T11:44:14, updatedAt=2026-08-25T11:44:19, url=null}, v3Metadata=Metadata{annotations={mta_id=ResilienceCockpit, mta_version=1.0.0, mta_resource={"name":"ResilienceCockpit-destination"}}, labels={mta_id=12714f170fc41ee91010bfb8bfd6b5c9}}, label=null, plan=null, provider=null, broker=null, version=null, credentials={}, syslogDrainUrl=null, tags=[], type=managed, lastOperation=null}, serviceKeyOperation=null, resourceName=null}]}"#
#2026 08 28 03:39:37.670#Z#DEBUG#17753ce8-a292-11f1-ad9c-eeee0a80c268.OPERATION#flowable-async-job-executor-thread-5265#
[BuildCloudUndeployModelStep] New service keys by service "{ResilienceCockpit-auth=[ResilienceCockpit-app-deployer-ResilienceCockpit-auth-credentials, ResilienceCockpit-auth-key], ResilienceCockpit-html5-repo-host=[ResilienceCockpit-app-deployer-ResilienceCockpit-html5-repo-host-credentials, ResilienceCockpit-html5-repo-host-key], ResilienceCockpit-destination=[ResilienceCockpit-destination-content-ResilienceCockpit-destination-credentials]}"#
#2026 08 28 03:39:37.671#Z#DEBUG#17753ce8-a292-11f1-ad9c-eeee0a80c268.OPERATION#flowable-async-job-executor-thread-5265#
[BuildCloudUndeployModelStep] Existing service keys by service "{}"#
#2026 08 28 03:39:37.671#Z#DEBUG#17753ce8-a292-11f1-ad9c-eeee0a80c268.OPERATION#flowable-async-job-executor-thread-5265#
[BuildCloudUndeployModelStep] Detected service keys to delete "[]"#
#2026 08 28 03:39:37.673#Z#DEBUG#17753ce8-a292-11f1-ad9c-eeee0a80c268.OPERATION#flowable-async-job-executor-thread-5265#
[BuildCloudUndeployModelStep] MTA modules: [ResilienceCockpit-srv, ResilienceCockpit-app-deployer, ResilienceCockpit-destination-content, ResilienceCockpit-db-deployer]#
#2026 08 28 03:39:37.673#Z#DEBUG#17753ce8-a292-11f1-ad9c-eeee0a80c268.OPERATION#flowable-async-job-executor-thread-5265#
[BuildCloudUndeployModelStep] Modules to undeploy: [ ]#
#2026 08 28 03:39:37.673#Z#DEBUG#17753ce8-a292-11f1-ad9c-eeee0a80c268.OPERATION#flowable-async-job-executor-thread-5265#
[BuildCloudUndeployModelStep] Modules that won't be changed: [ ]#
#2026 08 28 03:39:37.673#Z#DEBUG#17753ce8-a292-11f1-ad9c-eeee0a80c268.OPERATION#flowable-async-job-executor-thread-5265#
[BuildCloudUndeployModelStep] Subscriptions to delete: [ ]#
#2026 08 28 03:39:37.675#Z#DEBUG#17753ce8-a292-11f1-ad9c-eeee0a80c268.OPERATION#flowable-async-job-executor-thread-5265#
[BuildCloudUndeployModelStep] Cloud services to delete: []#
#2026 08 28 03:39:37.675#Z#DEBUG#17753ce8-a292-11f1-ad9c-eeee0a80c268.OPERATION#flowable-async-job-executor-thread-5265#
[BuildCloudUndeployModelStep] Cloud applications to undeploy: [ ]#
#2026 08 28 03:39:37.677#Z#DEBUG#17753ce8-a292-11f1-ad9c-eeee0a80c268.OPERATION#flowable-async-job-executor-thread-5265#
[BuildCloudUndeployModelStep] Cloud undeployment model built#
#2026 08 28 03:39:37.677#Z#DEBUG#17753ce8-a292-11f1-ad9c-eeee0a80c268.OPERATION#flowable-async-job-executor-thread-5265#
Step "Build Undeploy Model" finished#
#2026 08 28 03:39:37.694#Z#DEBUG#17753ce8-a292-11f1-ad9c-eeee0a80c268.OPERATION#flowable-async-job-executor-thread-5265#
[AddDomainsStep] Executing task "addDomainsTask" of process "17753d0e-a292-11f1-ad9c-eeee0a80c268"...#
#2026 08 28 03:39:37.695#Z#DEBUG#17753ce8-a292-11f1-ad9c-eeee0a80c268.OPERATION#flowable-async-job-executor-thread-5265#
[AddDomainsStep] Custom domains: []#
#2026 08 28 03:39:37.695#Z#DEBUG#17753ce8-a292-11f1-ad9c-eeee0a80c268.OPERATION#flowable-async-job-executor-thread-5265#
Step "Add Domains" finished#
#2026 08 28 03:39:37.771#Z#DEBUG#17753ce8-a292-11f1-ad9c-eeee0a80c268.OPERATION#flowable-async-job-executor-thread-5265#
[ExtractBatchedServicesWithResolvedDynamicParametersStep] Executing task "prepareModulesDeploymentTask" of process "1807b81e-a292-11f1-ad9c-eeee0a80c268"...#
#2026 08 28 03:39:37.772#Z#DEBUG#17753ce8-a292-11f1-ad9c-eeee0a80c268.OPERATION#flowable-async-job-executor-thread-5265#
[ExtractBatchedServicesWithResolvedDynamicParametersStep] Extracting services and resolving dynamic parameters from batch#
#2026 08 28 03:39:37.773#Z#DEBUG#17753ce8-a292-11f1-ad9c-eeee0a80c268.OPERATION#flowable-async-job-executor-thread-5265#
[ExtractBatchedServicesWithResolvedDynamicParametersStep] Services to create: [ {
  "isOptional" : false,
  "isManaged" : true,
  "name" : "********",
  "v3Metadata" : {
    "annotations" : {
      "mta_id" : "ResilienceCockpit",
      "mta_version" : "1.0.0",
      "mta_resource" : "********"
    },
    "labels" : {
      "mta_id" : "12714f170fc41ee91010bfb8bfd6b5c9"
    }
  },
  "label" : "xsuaa",
  "plan" : "application",
  "credentials" : "********",
  "tags" : [ ],
  "type" : "managed",
  "resourceName" : "********",
  "shouldSkipParametersUpdate" : false,
  "shouldSkipPlanUpdate" : false,
  "shouldSkipTagsUpdate" : false,
  "shouldSkipSyslogUrlUpdate" : false
}, {
  "isOptional" : false,
  "isManaged" : true,
  "name" : "ResilienceCockpit-db",
  "v3Metadata" : {
    "annotations" : {
      "mta_id" : "ResilienceCockpit",
      "mta_version" : "1.0.0",
      "mta_resource" : "{\"name\":\"ResilienceCockpit-db\"}"
    },
    "labels" : {
      "mta_id" : "12714f170fc41ee91010bfb8bfd6b5c9"
    }
  },
  "label" : "hana",
  "plan" : "hdi-shared",
  "credentials" : "********",
  "tags" : [ ],
  "type" : "managed",
  "resourceName" : "ResilienceCockpit-db",
  "shouldSkipParametersUpdate" : false,
  "shouldSkipPlanUpdate" : false,
  "shouldSkipTagsUpdate" : false,
  "shouldSkipSyslogUrlUpdate" : false
}, {
  "isOptional" : false,
  "isManaged" : true,
  "name" : "ResilienceCockpit-connectivity",
  "v3Metadata" : {
    "annotations" : {
      "mta_id" : "ResilienceCockpit",
      "mta_version" : "1.0.0",
      "mta_resource" : "{\"name\":\"ResilienceCockpit-connectivity\"}"
    },
    "labels" : {
      "mta_id" : "12714f170fc41ee91010bfb8bfd6b5c9"
    }
  },
  "label" : "connectivity",
  "plan" : "lite",
  "credentials" : "********",
  "tags" : [ ],
  "type" : "managed",
  "resourceName" : "ResilienceCockpit-connectivity",
  "shouldSkipParametersUpdate" : false,
  "shouldSkipPlanUpdate" : false,
  "shouldSkipTagsUpdate" : false,
  "shouldSkipSyslogUrlUpdate" : false
}, {
  "isOptional" : false,
  "isManaged" : true,
  "name" : "ResilienceCockpit-destination",
  "v3Metadata" : {
    "annotations" : {
      "mta_id" : "ResilienceCockpit",
      "mta_version" : "1.0.0",
      "mta_resource" : "{\"name\":\"ResilienceCockpit-destination\"}"
    },
    "labels" : {
      "mta_id" : "12714f170fc41ee91010bfb8bfd6b5c9"
    }
  },
  "label" : "destination",
  "plan" : "lite",
  "credentials" : "********",
  "tags" : [ ],
  "type" : "managed",
  "resourceName" : "ResilienceCockpit-destination",
  "shouldSkipParametersUpdate" : false,
  "shouldSkipPlanUpdate" : false,
  "shouldSkipTagsUpdate" : false,
  "shouldSkipSyslogUrlUpdate" : false
}, {
  "isOptional" : false,
  "isManaged" : true,
  "name" : "ResilienceCockpit-html5-repo-host",
  "v3Metadata" : {
    "annotations" : {
      "mta_id" : "ResilienceCockpit",
      "mta_version" : "1.0.0",
      "mta_resource" : "{\"name\":\"ResilienceCockpit-html5-repo-host\"}"
    },
    "labels" : {
      "mta_id" : "12714f170fc41ee91010bfb8bfd6b5c9"
    }
  },
  "label" : "html5-apps-repo",
  "plan" : "app-host",
  "credentials" : "********",
  "tags" : [ ],
  "type" : "managed",
  "resourceName" : "ResilienceCockpit-html5-repo-host",
  "shouldSkipParametersUpdate" : false,
  "shouldSkipPlanUpdate" : false,
  "shouldSkipTagsUpdate" : false,
  "shouldSkipSyslogUrlUpdate" : false
}, {
  "isOptional" : false,
  "isManaged" : true,
  "name" : "ResilienceCockpit-logging",
  "v3Metadata" : {
    "annotations" : {
      "mta_id" : "ResilienceCockpit",
      "mta_version" : "1.0.0",
      "mta_resource" : "{\"name\":\"ResilienceCockpit-logging\"}"
    },
    "labels" : {
      "mta_id" : "12714f170fc41ee91010bfb8bfd6b5c9"
    }
  },
  "label" : "application-logs",
  "plan" : "lite",
  "credentials" : "********",
  "tags" : [ ],
  "type" : "managed",
  "resourceName" : "ResilienceCockpit-logging",
  "shouldSkipParametersUpdate" : false,
  "shouldSkipPlanUpdate" : false,
  "shouldSkipTagsUpdate" : false,
  "shouldSkipSyslogUrlUpdate" : false
} ]#
#2026 08 28 03:39:37.773#Z#DEBUG#17753ce8-a292-11f1-ad9c-eeee0a80c268.OPERATION#flowable-async-job-executor-thread-5265#
Step "Extract Services with Resolved Dynamic parameters from batch" finished#
#2026 08 28 03:39:37.834#Z#DEBUG#17753ce8-a292-11f1-ad9c-eeee0a80c268.OPERATION#flowable-async-job-executor-thread-5265#
[CheckServiceOperationStateStep] Executing task "CheckServiceOperationStateTask" of process "18141480-a292-11f1-ad9c-eeee0a80c268"...#
#2026 08 28 03:39:37.834#Z#DEBUG#17753ce8-a292-11f1-ad9c-eeee0a80c268.OPERATION#flowable-async-job-executor-thread-5265#
[CheckServiceOperationStateStep] Getting service instance "ResilienceCockpit-auth"...#
#2026 08 28 03:39:37.930#Z#DEBUG#17753ce8-a292-11f1-ad9c-eeee0a80c268.OPERATION#flowable-async-job-executor-thread-5265#
Step "Check for service operations in Progress" finished#
#2026 08 28 03:39:37.947#Z#DEBUG#17753ce8-a292-11f1-ad9c-eeee0a80c268.OPERATION#flowable-async-job-executor-thread-5262#
[DetermineServiceCreateUpdateServiceActionsStep] Executing task "DetermineServiceCreateUpdateActionsTask" of process "18141480-a292-11f1-ad9c-eeee0a80c268"...#
#2026 08 28 03:39:37.948#Z#INFO#17753ce8-a292-11f1-ad9c-eeee0a80c268.OPERATION#flowable-async-job-executor-thread-5262#
[DetermineServiceCreateUpdateServiceActionsStep] Processing service "ResilienceCockpit-auth"...#
#2026 08 28 03:39:37.951#Z#DEBUG#17753ce8-a292-11f1-ad9c-eeee0a80c268.OPERATION#flowable-async-job-executor-thread-5262#
[DetermineServiceCreateUpdateServiceActionsStep] Getting service instance "ResilienceCockpit-auth"...#
#2026 08 28 03:39:38.036#Z#INFO#17753ce8-a292-11f1-ad9c-eeee0a80c268.OPERATION#flowable-async-job-executor-thread-5262#
[DetermineServiceCreateUpdateServiceActionsStep] Setting service "ResilienceCockpit-auth" parameters from "xs-security.json"#
#2026 08 28 03:39:38.065#Z#DEBUG#17753ce8-a292-11f1-ad9c-eeee0a80c268.OPERATION#flowable-async-job-executor-thread-5262#
[DetermineServiceCreateUpdateServiceActionsStep] Existing service: {
  "name" : "********",
  "metadata" : {
    "guid" : "a4201f74-f0ad-456c-947a-8ce52d2ae7ca",
    "createdAt" : [ 2026, 8, 25, 8, 30, 2 ],
    "updatedAt" : [ 2026, 8, 25, 8, 30, 3 ]
  },
  "v3Metadata" : {
    "annotations" : {
      "mta_id" : "ResilienceCockpit",
      "mta_version" : "1.0.0",
      "mta_resource" : "********"
    },
    "labels" : {
      "mta_id" : "12714f170fc41ee91010bfb8bfd6b5c9"
    }
  },
  "label" : "xsuaa",
  "plan" : "application",
  "credentials" : "********",
  "tags" : [ ],
  "type" : "managed",
  "lastOperation" : {
    "type" : "UPDATE",
    "description" : "",
    "state" : "SUCCEEDED"
  }
}#
#2026 08 28 03:39:38.065#Z#DEBUG#17753ce8-a292-11f1-ad9c-eeee0a80c268.OPERATION#flowable-async-job-executor-thread-5262#
[DetermineServiceCreateUpdateServiceActionsStep] Service parameters will be updated#
#2026 08 28 03:39:38.066#Z#DEBUG#17753ce8-a292-11f1-ad9c-eeee0a80c268.OPERATION#flowable-async-job-executor-thread-5262#
[DetermineServiceCreateUpdateServiceActionsStep] New parameters: {
  "attributes" : [ ],
  "oauth2-configuration" : "********",
  "role-templates" : [ {
    "name" : "NX-SC-ANL",
    "description" : "generated",
    "scope-references" : [ "$XSAPPNAME.NX-SC-ANL", "********" ],
    "attribute-references" : [ ]
  }, {
    "name" : "NX-PR-ANL",
    "description" : "generated",
    "scope-references" : [ "$XSAPPNAME.NX-PR-ANL", "********" ],
    "attribute-references" : [ ]
  }, {
    "name" : "NX-SC-MGR",
    "description" : "generated",
    "scope-references" : [ "$XSAPPNAME.NX-SC-MGR", "********" ],
    "attribute-references" : [ ]
  } ],
  "scopes" : [ {
    "name" : "********",
    "description" : "********"
  }, {
    "name" : "$XSAPPNAME.NX-SC-ANL",
    "description" : "NX-SC-ANL"
  }, {
    "name" : "$XSAPPNAME.NX-PR-ANL",
    "description" : "NX-PR-ANL"
  }, {
    "name" : "$XSAPPNAME.NX-SC-MGR",
    "description" : "NX-SC-MGR"
  } ],
  "tenant-mode" : "dedicated",
  "xsappname" : "ResilienceCockpit-94060551trial-dev"
}#
#2026 08 28 03:39:38.066#Z#DEBUG#17753ce8-a292-11f1-ad9c-eeee0a80c268.OPERATION#flowable-async-job-executor-thread-5262#
Step "Determine update actions" finished#
#2026 08 28 03:39:38.101#Z#DEBUG#17753ce8-a292-11f1-ad9c-eeee0a80c268.OPERATION#flowable-async-job-executor-thread-5262#
[CheckForServiceBindingOrKeyOperationStep] Executing task "CheckForServiceBindingOrKeyCreation" of process "18141480-a292-11f1-ad9c-eeee0a80c268"...#
#2026 08 28 03:39:38.102#Z#DEBUG#17753ce8-a292-11f1-ad9c-eeee0a80c268.OPERATION#flowable-async-job-executor-thread-5262#
Step "Check for service binding or key creation" finished#
#2026 08 28 03:39:38.074#Z#DEBUG#17753ce8-a292-11f1-ad9c-eeee0a80c268.OPERATION#flowable-async-job-executor-thread-5260#
[CheckServiceOperationStateStep] Executing task "CheckServiceOperationStateTask" of process "1836def6-a292-11f1-ad9c-eeee0a80c268"...#
#2026 08 28 03:39:38.075#Z#DEBUG#17753ce8-a292-11f1-ad9c-eeee0a80c268.OPERATION#flowable-async-job-executor-thread-5260#
[CheckServiceOperationStateStep] Getting service instance "ResilienceCockpit-html5-repo-host"...#
#2026 08 28 03:39:38.117#Z#DEBUG#17753ce8-a292-11f1-ad9c-eeee0a80c268.OPERATION#flowable-async-job-executor-thread-5258#
[CheckServiceOperationStateStep] Executing task "CheckServiceOperationStateTask" of process "183d6ee2-a292-11f1-ad9c-eeee0a80c268"...#
#2026 08 28 03:39:38.117#Z#DEBUG#17753ce8-a292-11f1-ad9c-eeee0a80c268.OPERATION#flowable-async-job-executor-thread-5258#
[CheckServiceOperationStateStep] Getting service instance "ResilienceCockpit-connectivity"...#
#2026 08 28 03:39:38.161#Z#DEBUG#17753ce8-a292-11f1-ad9c-eeee0a80c268.OPERATION#flowable-async-job-executor-thread-5260#
Step "Check for service operations in Progress" finished#
#2026 08 28 03:39:38.215#Z#DEBUG#17753ce8-a292-11f1-ad9c-eeee0a80c268.OPERATION#flowable-async-job-executor-thread-5258#
Step "Check for service operations in Progress" finished#
#2026 08 28 03:39:38.127#Z#DEBUG#17753ce8-a292-11f1-ad9c-eeee0a80c268.OPERATION#flowable-async-job-executor-thread-5262#
[UpdateServiceParametersStep] Executing task "UpdateServiceParametersTask" of process "18141480-a292-11f1-ad9c-eeee0a80c268"...#
#2026 08 28 03:39:38.128#Z#INFO#17753ce8-a292-11f1-ad9c-eeee0a80c268.OPERATION#flowable-async-job-executor-thread-5262#
[UpdateServiceParametersStep] Updating service "ResilienceCockpit-auth"...#
#2026 08 28 03:39:38.132#Z#DEBUG#17753ce8-a292-11f1-ad9c-eeee0a80c268.OPERATION#flowable-async-job-executor-thread-5262#
[UpdateServiceParametersStep] Updating service parameters for service "ResilienceCockpit-auth"...#
#2026 08 28 03:39:38.257#Z#DEBUG#17753ce8-a292-11f1-ad9c-eeee0a80c268.OPERATION#flowable-async-job-executor-thread-5262#
[UpdateServiceParametersStep] Service "ResilienceCockpit-auth" updated#
#2026 08 28 03:39:38.257#Z#DEBUG#17753ce8-a292-11f1-ad9c-eeee0a80c268.OPERATION#flowable-async-job-executor-thread-5262#
[UpdateServiceParametersStep] Triggered service operations: {
  "ResilienceCockpit-auth" : "UPDATE"
}#
#2026 08 28 03:39:38.258#Z#DEBUG#17753ce8-a292-11f1-ad9c-eeee0a80c268.OPERATION#flowable-async-job-executor-thread-5262#
Step "Update parameters" finished#
#2026 08 28 03:39:38.179#Z#DEBUG#17753ce8-a292-11f1-ad9c-eeee0a80c268.OPERATION#flowable-async-job-executor-thread-5260#
[DetermineServiceCreateUpdateServiceActionsStep] Executing task "DetermineServiceCreateUpdateActionsTask" of process "1836def6-a292-11f1-ad9c-eeee0a80c268"...#
#2026 08 28 03:39:38.180#Z#INFO#17753ce8-a292-11f1-ad9c-eeee0a80c268.OPERATION#flowable-async-job-executor-thread-5260#
[DetermineServiceCreateUpdateServiceActionsStep] Processing service "ResilienceCockpit-html5-repo-host"...#
#2026 08 28 03:39:38.183#Z#DEBUG#17753ce8-a292-11f1-ad9c-eeee0a80c268.OPERATION#flowable-async-job-executor-thread-5260#
[DetermineServiceCreateUpdateServiceActionsStep] Getting service instance "ResilienceCockpit-html5-repo-host"...#
#2026 08 28 03:39:38.274#Z#DEBUG#17753ce8-a292-11f1-ad9c-eeee0a80c268.OPERATION#flowable-async-job-executor-thread-5258#
[DetermineServiceCreateUpdateServiceActionsStep] Executing task "DetermineServiceCreateUpdateActionsTask" of process "183d6ee2-a292-11f1-ad9c-eeee0a80c268"...#
#2026 08 28 03:39:38.275#Z#INFO#17753ce8-a292-11f1-ad9c-eeee0a80c268.OPERATION#flowable-async-job-executor-thread-5258#
[DetermineServiceCreateUpdateServiceActionsStep] Processing service "ResilienceCockpit-connectivity"...#
#2026 08 28 03:39:38.278#Z#DEBUG#17753ce8-a292-11f1-ad9c-eeee0a80c268.OPERATION#flowable-async-job-executor-thread-5258#
[DetermineServiceCreateUpdateServiceActionsStep] Getting service instance "ResilienceCockpit-connectivity"...#
#2026 08 28 03:39:38.286#Z#DEBUG#17753ce8-a292-11f1-ad9c-eeee0a80c268.OPERATION#flowable-async-job-executor-thread-5260#
[DetermineServiceCreateUpdateServiceActionsStep] Existing service: {
  "name" : "ResilienceCockpit-html5-repo-host",
  "metadata" : {
    "guid" : "fd6aaf90-4cca-4826-9764-60a919421480",
    "createdAt" : [ 2026, 8, 25, 8, 30, 6 ],
    "updatedAt" : [ 2026, 8, 25, 8, 30, 7 ]
  },
  "v3Metadata" : {
    "annotations" : {
      "mta_id" : "ResilienceCockpit",
      "mta_version" : "1.0.0",
      "mta_resource" : "{\"name\":\"ResilienceCockpit-html5-repo-host\"}"
    },
    "labels" : {
      "mta_id" : "12714f170fc41ee91010bfb8bfd6b5c9"
    }
  },
  "label" : "html5-apps-repo",
  "plan" : "app-host",
  "credentials" : "********",
  "tags" : [ ],
  "type" : "managed",
  "lastOperation" : {
    "type" : "CREATE",
    "description" : "",
    "state" : "SUCCEEDED"
  }
}#
#2026 08 28 03:39:38.286#Z#WARN#17753ce8-a292-11f1-ad9c-eeee0a80c268.OPERATION#flowable-async-job-executor-thread-5260#
[DetermineServiceCreateUpdateServiceActionsStep] Service parameters for service "ResilienceCockpit-html5-repo-host" will not be updated, as the parameters are not defined or empty.#
#2026 08 28 03:39:38.287#Z#DEBUG#17753ce8-a292-11f1-ad9c-eeee0a80c268.OPERATION#flowable-async-job-executor-thread-5260#
Step "Determine update actions" finished#
#2026 08 28 03:39:38.311#Z#DEBUG#17753ce8-a292-11f1-ad9c-eeee0a80c268.OPERATION#flowable-async-job-executor-thread-5260#
[CheckForServiceBindingOrKeyOperationStep] Executing task "CheckForServiceBindingOrKeyCreation" of process "1836def6-a292-11f1-ad9c-eeee0a80c268"...#
#2026 08 28 03:39:38.312#Z#DEBUG#17753ce8-a292-11f1-ad9c-eeee0a80c268.OPERATION#flowable-async-job-executor-thread-5260#
Step "Check for service binding or key creation" finished#
#2026 08 28 03:39:38.367#Z#DEBUG#17753ce8-a292-11f1-ad9c-eeee0a80c268.OPERATION#flowable-async-job-executor-thread-5258#
[DetermineServiceCreateUpdateServiceActionsStep] Existing service: {
  "name" : "ResilienceCockpit-connectivity",
  "metadata" : {
    "guid" : "57ce73c3-9d98-4630-a914-bb3fe51155dc",
    "createdAt" : [ 2026, 8, 25, 8, 30, 4 ],
    "updatedAt" : [ 2026, 8, 25, 8, 30, 6 ]
  },
  "v3Metadata" : {
    "annotations" : {
      "mta_id" : "ResilienceCockpit",
      "mta_version" : "1.0.0",
      "mta_resource" : "{\"name\":\"ResilienceCockpit-connectivity\"}"
    },
    "labels" : {
      "mta_id" : "12714f170fc41ee91010bfb8bfd6b5c9"
    }
  },
  "label" : "connectivity",
  "plan" : "lite",
  "credentials" : "********",
  "tags" : [ ],
  "type" : "managed",
  "lastOperation" : {
    "type" : "CREATE",
    "description" : "",
    "state" : "SUCCEEDED"
  }
}#
#2026 08 28 03:39:38.367#Z#WARN#17753ce8-a292-11f1-ad9c-eeee0a80c268.OPERATION#flowable-async-job-executor-thread-5258#
[DetermineServiceCreateUpdateServiceActionsStep] Service parameters for service "ResilienceCockpit-connectivity" will not be updated, as the parameters are not defined or empty.#
#2026 08 28 03:39:38.367#Z#DEBUG#17753ce8-a292-11f1-ad9c-eeee0a80c268.OPERATION#flowable-async-job-executor-thread-5258#
Step "Determine update actions" finished#
#2026 08 28 03:39:38.392#Z#DEBUG#17753ce8-a292-11f1-ad9c-eeee0a80c268.OPERATION#flowable-async-job-executor-thread-5258#
[CheckForServiceBindingOrKeyOperationStep] Executing task "CheckForServiceBindingOrKeyCreation" of process "183d6ee2-a292-11f1-ad9c-eeee0a80c268"...#
#2026 08 28 03:39:38.393#Z#DEBUG#17753ce8-a292-11f1-ad9c-eeee0a80c268.OPERATION#flowable-async-job-executor-thread-5258#
Step "Check for service binding or key creation" finished#
#2026 08 28 03:39:40.297#Z#DEBUG#17753ce8-a292-11f1-ad9c-eeee0a80c268.OPERATION#flowable-async-job-executor-thread-1255#
[CheckServiceOperationStateStep] Executing task "CheckServiceOperationStateTask" of process "198a12d5-a292-11f1-b31b-eeee0a949a95"...#
#2026 08 28 03:39:40.378#Z#DEBUG#17753ce8-a292-11f1-ad9c-eeee0a80c268.OPERATION#flowable-async-job-executor-thread-1255#
[CheckServiceOperationStateStep] Getting service instance "ResilienceCockpit-destination"...#
#2026 08 28 03:39:40.474#Z#DEBUG#17753ce8-a292-11f1-ad9c-eeee0a80c268.OPERATION#flowable-async-job-executor-thread-1255#
Step "Check for service operations in Progress" finished#
#2026 08 28 03:39:40.385#Z#DEBUG#17753ce8-a292-11f1-ad9c-eeee0a80c268.OPERATION#flowable-async-job-executor-thread-821#
[CheckServiceOperationStateStep] Executing task "CheckServiceOperationStateTask" of process "19962073-a292-11f1-9e34-eeee0a9f0b65"...#
#2026 08 28 03:39:40.462#Z#DEBUG#17753ce8-a292-11f1-ad9c-eeee0a80c268.OPERATION#flowable-async-job-executor-thread-821#
[CheckServiceOperationStateStep] Getting service instance "ResilienceCockpit-db"...#
#2026 08 28 03:39:40.569#Z#DEBUG#17753ce8-a292-11f1-ad9c-eeee0a80c268.OPERATION#flowable-async-job-executor-thread-821#
Step "Check for service operations in Progress" finished#
#2026 08 28 03:39:40.500#Z#DEBUG#17753ce8-a292-11f1-ad9c-eeee0a80c268.OPERATION#flowable-async-job-executor-thread-1256#
[DetermineServiceCreateUpdateServiceActionsStep] Executing task "DetermineServiceCreateUpdateActionsTask" of process "198a12d5-a292-11f1-b31b-eeee0a949a95"...#
#2026 08 28 03:39:40.501#Z#INFO#17753ce8-a292-11f1-ad9c-eeee0a80c268.OPERATION#flowable-async-job-executor-thread-1256#
[DetermineServiceCreateUpdateServiceActionsStep] Processing service "ResilienceCockpit-destination"...#
#2026 08 28 03:39:40.505#Z#DEBUG#17753ce8-a292-11f1-ad9c-eeee0a80c268.OPERATION#flowable-async-job-executor-thread-1256#
[DetermineServiceCreateUpdateServiceActionsStep] Getting service instance "ResilienceCockpit-destination"...#
#2026 08 28 03:39:40.596#Z#DEBUG#17753ce8-a292-11f1-ad9c-eeee0a80c268.OPERATION#flowable-async-job-executor-thread-1256#
[DetermineServiceCreateUpdateServiceActionsStep] Existing service: {
  "name" : "ResilienceCockpit-destination",
  "metadata" : {
    "guid" : "b320a563-1340-4020-8574-566b1e2175a9",
    "createdAt" : [ 2026, 8, 25, 11, 44, 14 ],
    "updatedAt" : [ 2026, 8, 25, 11, 44, 19 ]
  },
  "v3Metadata" : {
    "annotations" : {
      "mta_id" : "ResilienceCockpit",
      "mta_version" : "1.0.0",
      "mta_resource" : "{\"name\":\"ResilienceCockpit-destination\"}"
    },
    "labels" : {
      "mta_id" : "12714f170fc41ee91010bfb8bfd6b5c9"
    }
  },
  "label" : "destination",
  "plan" : "lite",
  "credentials" : "********",
  "tags" : [ ],
  "type" : "managed",
  "lastOperation" : {
    "type" : "UPDATE",
    "description" : "********",
    "state" : "FAILED"
  }
}#
#2026 08 28 03:39:40.596#Z#DEBUG#17753ce8-a292-11f1-ad9c-eeee0a80c268.OPERATION#flowable-async-job-executor-thread-1256#
[DetermineServiceCreateUpdateServiceActionsStep] Service parameters will be updated#
#2026 08 28 03:39:40.597#Z#DEBUG#17753ce8-a292-11f1-ad9c-eeee0a80c268.OPERATION#flowable-async-job-executor-thread-1256#
[DetermineServiceCreateUpdateServiceActionsStep] New parameters: {
  "HTML5Runtime_enabled" : true,
  "init_data" : {
    "instance" : {
      "destinations" : [ {
        "Authentication" : "********",
        "Name" : "ui5",
        "ProxyType" : "Internet",
        "Type" : "HTTP",
        "URL" : "https://ui5.sap.com"
      }, {
        "Authentication" : "********",
        "HTML5.DynamicDestination" : true,
        "HTML5.ForwardAuthToken" : "********",
        "Name" : "srv-api",
        "ProxyType" : "Internet",
        "Type" : "HTTP",
        "URL" : "https://94060551trial-dev-resiliencecockpit-srv.cfapps.us10-003.hana.ondemand.com"
      } ],
      "existing_destinations_policy" : "update"
    }
  }
}#
#2026 08 28 03:39:40.597#Z#DEBUG#17753ce8-a292-11f1-ad9c-eeee0a80c268.OPERATION#flowable-async-job-executor-thread-1256#
Step "Determine update actions" finished#
#2026 08 28 03:39:40.634#Z#DEBUG#17753ce8-a292-11f1-ad9c-eeee0a80c268.OPERATION#flowable-async-job-executor-thread-1257#
[CheckForServiceBindingOrKeyOperationStep] Executing task "CheckForServiceBindingOrKeyCreation" of process "198a12d5-a292-11f1-b31b-eeee0a949a95"...#
#2026 08 28 03:39:40.635#Z#DEBUG#17753ce8-a292-11f1-ad9c-eeee0a80c268.OPERATION#flowable-async-job-executor-thread-1257#
Step "Check for service binding or key creation" finished#
#2026 08 28 03:39:40.601#Z#DEBUG#17753ce8-a292-11f1-ad9c-eeee0a80c268.OPERATION#flowable-async-job-executor-thread-822#
[DetermineServiceCreateUpdateServiceActionsStep] Executing task "DetermineServiceCreateUpdateActionsTask" of process "19962073-a292-11f1-9e34-eeee0a9f0b65"...#
#2026 08 28 03:39:40.604#Z#INFO#17753ce8-a292-11f1-ad9c-eeee0a80c268.OPERATION#flowable-async-job-executor-thread-822#
[DetermineServiceCreateUpdateServiceActionsStep] Processing service "ResilienceCockpit-db"...#
#2026 08 28 03:39:40.608#Z#DEBUG#17753ce8-a292-11f1-ad9c-eeee0a80c268.OPERATION#flowable-async-job-executor-thread-822#
[DetermineServiceCreateUpdateServiceActionsStep] Getting service instance "ResilienceCockpit-db"...#
#2026 08 28 03:39:40.702#Z#DEBUG#17753ce8-a292-11f1-ad9c-eeee0a80c268.OPERATION#flowable-async-job-executor-thread-822#
[DetermineServiceCreateUpdateServiceActionsStep] Existing service: {
  "name" : "ResilienceCockpit-db",
  "metadata" : {
    "guid" : "793c82c4-0c29-4054-8664-8ad70f1aaf7d",
    "createdAt" : [ 2026, 8, 25, 8, 30, 5 ],
    "updatedAt" : [ 2026, 8, 25, 8, 30, 5 ]
  },
  "v3Metadata" : {
    "annotations" : {
      "mta_id" : "ResilienceCockpit",
      "mta_version" : "1.0.0",
      "mta_resource" : "{\"name\":\"ResilienceCockpit-db\"}"
    },
    "labels" : {
      "mta_id" : "12714f170fc41ee91010bfb8bfd6b5c9"
    }
  },
  "label" : "hana",
  "plan" : "hdi-shared",
  "credentials" : "********",
  "tags" : [ ],
  "type" : "managed",
  "lastOperation" : {
    "type" : "CREATE",
    "state" : "SUCCEEDED"
  }
}#
#2026 08 28 03:39:40.703#Z#WARN#17753ce8-a292-11f1-ad9c-eeee0a80c268.OPERATION#flowable-async-job-executor-thread-822#
[DetermineServiceCreateUpdateServiceActionsStep] Service parameters for service "ResilienceCockpit-db" will not be updated, as the parameters are not defined or empty.#
#2026 08 28 03:39:40.703#Z#DEBUG#17753ce8-a292-11f1-ad9c-eeee0a80c268.OPERATION#flowable-async-job-executor-thread-822#
Step "Determine update actions" finished#
#2026 08 28 03:39:40.747#Z#DEBUG#17753ce8-a292-11f1-ad9c-eeee0a80c268.OPERATION#flowable-async-job-executor-thread-823#
[CheckForServiceBindingOrKeyOperationStep] Executing task "CheckForServiceBindingOrKeyCreation" of process "19962073-a292-11f1-9e34-eeee0a9f0b65"...#
#2026 08 28 03:39:40.749#Z#DEBUG#17753ce8-a292-11f1-ad9c-eeee0a80c268.OPERATION#flowable-async-job-executor-thread-823#
Step "Check for service binding or key creation" finished#
#2026 08 28 03:39:40.659#Z#DEBUG#17753ce8-a292-11f1-ad9c-eeee0a80c268.OPERATION#flowable-async-job-executor-thread-1258#
[UpdateServiceParametersStep] Executing task "UpdateServiceParametersTask" of process "198a12d5-a292-11f1-b31b-eeee0a949a95"...#
#2026 08 28 03:39:40.660#Z#INFO#17753ce8-a292-11f1-ad9c-eeee0a80c268.OPERATION#flowable-async-job-executor-thread-1258#
[UpdateServiceParametersStep] Updating service "ResilienceCockpit-destination"...#
#2026 08 28 03:39:40.663#Z#DEBUG#17753ce8-a292-11f1-ad9c-eeee0a80c268.OPERATION#flowable-async-job-executor-thread-1258#
[UpdateServiceParametersStep] Updating service parameters for service "ResilienceCockpit-destination"...#
#2026 08 28 03:39:40.757#Z#DEBUG#17753ce8-a292-11f1-ad9c-eeee0a80c268.OPERATION#flowable-async-job-executor-thread-1258#
[UpdateServiceParametersStep] Service "ResilienceCockpit-destination" updated#
#2026 08 28 03:39:40.757#Z#DEBUG#17753ce8-a292-11f1-ad9c-eeee0a80c268.OPERATION#flowable-async-job-executor-thread-1258#
[UpdateServiceParametersStep] Triggered service operations: {
  "ResilienceCockpit-destination" : "UPDATE"
}#
#2026 08 28 03:39:40.758#Z#DEBUG#17753ce8-a292-11f1-ad9c-eeee0a80c268.OPERATION#flowable-async-job-executor-thread-1258#
Step "Update parameters" finished#
#2026 08 28 03:39:41.140#Z#DEBUG#17753ce8-a292-11f1-ad9c-eeee0a80c268.OPERATION#flowable-async-job-executor-thread-5259#
[CheckServiceOperationStateStep] Executing task "CheckServiceOperationStateTask" of process "1a0a3f3b-a292-11f1-ad9c-eeee0a80c268"...#
#2026 08 28 03:39:41.141#Z#DEBUG#17753ce8-a292-11f1-ad9c-eeee0a80c268.OPERATION#flowable-async-job-executor-thread-5259#
[CheckServiceOperationStateStep] Getting service instance "ResilienceCockpit-logging"...#
#2026 08 28 03:39:41.233#Z#DEBUG#17753ce8-a292-11f1-ad9c-eeee0a80c268.OPERATION#flowable-async-job-executor-thread-5259#
Step "Check for service operations in Progress" finished#
#2026 08 28 03:39:41.251#Z#DEBUG#17753ce8-a292-11f1-ad9c-eeee0a80c268.OPERATION#flowable-async-job-executor-thread-5259#
[DetermineServiceCreateUpdateServiceActionsStep] Executing task "DetermineServiceCreateUpdateActionsTask" of process "1a0a3f3b-a292-11f1-ad9c-eeee0a80c268"...#
#2026 08 28 03:39:41.252#Z#INFO#17753ce8-a292-11f1-ad9c-eeee0a80c268.OPERATION#flowable-async-job-executor-thread-5259#
[DetermineServiceCreateUpdateServiceActionsStep] Processing service "ResilienceCockpit-logging"...#
#2026 08 28 03:39:41.255#Z#DEBUG#17753ce8-a292-11f1-ad9c-eeee0a80c268.OPERATION#flowable-async-job-executor-thread-5259#
[DetermineServiceCreateUpdateServiceActionsStep] Getting service instance "ResilienceCockpit-logging"...#
#2026 08 28 03:39:41.340#Z#DEBUG#17753ce8-a292-11f1-ad9c-eeee0a80c268.OPERATION#flowable-async-job-executor-thread-5259#
[DetermineServiceCreateUpdateServiceActionsStep] Existing service: {
  "name" : "ResilienceCockpit-logging",
  "metadata" : {
    "guid" : "336ec7d3-cd56-4076-bb50-7f23f8654af2",
    "createdAt" : [ 2026, 8, 25, 8, 30, 2 ],
    "updatedAt" : [ 2026, 8, 25, 8, 30, 3 ]
  },
  "v3Metadata" : {
    "annotations" : {
      "mta_id" : "ResilienceCockpit",
      "mta_version" : "1.0.0",
      "mta_resource" : "{\"name\":\"ResilienceCockpit-logging\"}"
    },
    "labels" : {
      "mta_id" : "12714f170fc41ee91010bfb8bfd6b5c9"
    }
  },
  "label" : "application-logs",
  "plan" : "lite",
  "credentials" : "********",
  "tags" : [ ],
  "type" : "managed",
  "lastOperation" : {
    "type" : "CREATE",
    "description" : "",
    "state" : "SUCCEEDED"
  }
}#
#2026 08 28 03:39:41.340#Z#WARN#17753ce8-a292-11f1-ad9c-eeee0a80c268.OPERATION#flowable-async-job-executor-thread-5259#
[DetermineServiceCreateUpdateServiceActionsStep] Service parameters for service "ResilienceCockpit-logging" will not be updated, as the parameters are not defined or empty.#
#2026 08 28 03:39:41.341#Z#DEBUG#17753ce8-a292-11f1-ad9c-eeee0a80c268.OPERATION#flowable-async-job-executor-thread-5259#
Step "Determine update actions" finished#
#2026 08 28 03:39:41.365#Z#DEBUG#17753ce8-a292-11f1-ad9c-eeee0a80c268.OPERATION#flowable-async-job-executor-thread-5259#
[CheckForServiceBindingOrKeyOperationStep] Executing task "CheckForServiceBindingOrKeyCreation" of process "1a0a3f3b-a292-11f1-ad9c-eeee0a80c268"...#
#2026 08 28 03:39:41.366#Z#DEBUG#17753ce8-a292-11f1-ad9c-eeee0a80c268.OPERATION#flowable-async-job-executor-thread-5259#
Step "Check for service binding or key creation" finished#
#2026 08 28 03:39:50.635#Z#DEBUG#17753ce8-a292-11f1-ad9c-eeee0a80c268.OPERATION#flowable-async-job-executor-thread-5268#
[UpdateServiceParametersStep] Executing task "UpdateServiceParametersTask" of process "18141480-a292-11f1-ad9c-eeee0a80c268"...#
#2026 08 28 03:39:50.636#Z#DEBUG#17753ce8-a292-11f1-ad9c-eeee0a80c268.OPERATION#flowable-async-job-executor-thread-5268#
[UpdateServiceParametersStep] Polling service operations...#
#2026 08 28 03:39:50.637#Z#DEBUG#17753ce8-a292-11f1-ad9c-eeee0a80c268.OPERATION#flowable-async-job-executor-thread-5268#
[UpdateServiceParametersStep] Getting service instance "ResilienceCockpit-auth"...#
#2026 08 28 03:39:50.638#Z#DEBUG#17753ce8-a292-11f1-ad9c-eeee0a80c268.OPERATION#flowable-async-job-executor-thread-5269#
[UpdateServiceParametersStep] Executing task "UpdateServiceParametersTask" of process "198a12d5-a292-11f1-b31b-eeee0a949a95"...#
#2026 08 28 03:39:50.638#Z#DEBUG#17753ce8-a292-11f1-ad9c-eeee0a80c268.OPERATION#flowable-async-job-executor-thread-5269#
[UpdateServiceParametersStep] Polling service operations...#
#2026 08 28 03:39:50.640#Z#DEBUG#17753ce8-a292-11f1-ad9c-eeee0a80c268.OPERATION#flowable-async-job-executor-thread-5269#
[UpdateServiceParametersStep] Getting service instance "ResilienceCockpit-destination"...#
#2026 08 28 03:39:50.729#Z#WARN#17753ce8-a292-11f1-ad9c-eeee0a80c268.OPERATION#flowable-async-job-executor-thread-5269#
[UpdateServiceParametersStep] Updating service "ResilienceCockpit-destination" failed: Service broker error: Service broker destination-service-broker failed with: Failed to update the destination service instance with the user provided configuration.#
#2026 08 28 03:39:50.732#Z#DEBUG#17753ce8-a292-11f1-ad9c-eeee0a80c268.OPERATION#flowable-async-job-executor-thread-5269#
[UpdateServiceParametersStep] Last operation for service "ResilienceCockpit-destination": {
  "type" : "UPDATE",
  "description" : "Service broker error: Service broker destination-service-broker failed with: Failed to update the destination service instance with the user provided configuration.",
  "state" : "SUCCEEDED"
}#
#2026 08 28 03:39:50.732#Z#DEBUG#17753ce8-a292-11f1-ad9c-eeee0a80c268.OPERATION#flowable-async-job-executor-thread-5269#
[UpdateServiceParametersStep] Service "ResilienceCockpit-destination" updated#
#2026 08 28 03:39:50.732#Z#INFO#17753ce8-a292-11f1-ad9c-eeee0a80c268.OPERATION#flowable-async-job-executor-thread-5269#
[UpdateServiceParametersStep] 1 of 1 done#
#2026 08 28 03:39:50.735#Z#DEBUG#17753ce8-a292-11f1-ad9c-eeee0a80c268.OPERATION#flowable-async-job-executor-thread-5269#
[UpdateServiceParametersStep] Remaining services to poll: [ ]#
#2026 08 28 03:39:50.736#Z#DEBUG#17753ce8-a292-11f1-ad9c-eeee0a80c268.OPERATION#flowable-async-job-executor-thread-5269#
Step "Update parameters" finished#
#2026 08 28 03:39:50.737#Z#DEBUG#17753ce8-a292-11f1-ad9c-eeee0a80c268.OPERATION#flowable-async-job-executor-thread-5268#
[UpdateServiceParametersStep] Last operation for service "ResilienceCockpit-auth": {
  "type" : "UPDATE",
  "description" : "",
  "state" : "SUCCEEDED"
}#
#2026 08 28 03:39:50.737#Z#DEBUG#17753ce8-a292-11f1-ad9c-eeee0a80c268.OPERATION#flowable-async-job-executor-thread-5268#
[UpdateServiceParametersStep] Service "ResilienceCockpit-auth" updated#
#2026 08 28 03:39:50.737#Z#INFO#17753ce8-a292-11f1-ad9c-eeee0a80c268.OPERATION#flowable-async-job-executor-thread-5268#
[UpdateServiceParametersStep] 1 of 1 done#
#2026 08 28 03:39:50.740#Z#DEBUG#17753ce8-a292-11f1-ad9c-eeee0a80c268.OPERATION#flowable-async-job-executor-thread-5268#
[UpdateServiceParametersStep] Remaining services to poll: [ ]#
#2026 08 28 03:39:50.741#Z#DEBUG#17753ce8-a292-11f1-ad9c-eeee0a80c268.OPERATION#flowable-async-job-executor-thread-5268#
Step "Update parameters" finished#
#2026 08 28 03:39:52.470#Z#DEBUG#17753ce8-a292-11f1-ad9c-eeee0a80c268.OPERATION#flowable-async-job-executor-thread-1261#
[PrepareModulesDeploymentStep] Executing task "prepareModulesDeploymentTask" of process "20c80480-a292-11f1-b31b-eeee0a949a95"...#
#2026 08 28 03:39:52.470#Z#DEBUG#17753ce8-a292-11f1-ad9c-eeee0a80c268.OPERATION#flowable-async-job-executor-thread-1261#
[PrepareModulesDeploymentStep] Preparing modules deployment...#
#2026 08 28 03:39:52.474#Z#DEBUG#17753ce8-a292-11f1-ad9c-eeee0a80c268.OPERATION#flowable-async-job-executor-thread-1261#
Step "Prepare Modules Deployment" finished#
#2026 08 28 03:39:52.498#Z#DEBUG#17753ce8-a292-11f1-ad9c-eeee0a80c268.OPERATION#flowable-async-job-executor-thread-1262#
[ComputeNextModulesStep] Executing task "computeNextModulesToDeployInParallel" of process "20c80480-a292-11f1-b31b-eeee0a949a95"...#
#2026 08 28 03:39:52.499#Z#DEBUG#17753ce8-a292-11f1-ad9c-eeee0a80c268.OPERATION#flowable-async-job-executor-thread-1262#
[ComputeNextModulesStep] Computing modules for next parallel iteration...#
#2026 08 28 03:39:52.501#Z#DEBUG#17753ce8-a292-11f1-ad9c-eeee0a80c268.OPERATION#flowable-async-job-executor-thread-1262#
[ComputeNextModulesStep] Completed modules detected: []#
#2026 08 28 03:39:52.501#Z#DEBUG#17753ce8-a292-11f1-ad9c-eeee0a80c268.OPERATION#flowable-async-job-executor-thread-1262#
[ComputeNextModulesStep] All modules for deploy detected: [ResilienceCockpit-srv, ResilienceCockpit-app-deployer, ResilienceCockpit-destination-content, ResilienceCockpit-db-deployer]#
#2026 08 28 03:39:52.501#Z#DEBUG#17753ce8-a292-11f1-ad9c-eeee0a80c268.OPERATION#flowable-async-job-executor-thread-1262#
[ComputeNextModulesStep] Modules not for deploy detected: []#
#2026 08 28 03:39:52.502#Z#DEBUG#17753ce8-a292-11f1-ad9c-eeee0a80c268.OPERATION#flowable-async-job-executor-thread-1262#
[ComputeNextModulesStep] Computed modules for next parallel iteration: [ {
  "majorSchemaVersion" : 3,
  "name" : "ResilienceCockpit-srv",
  "type" : "javascript.nodejs",
  "path" : "ResilienceCockpit-srv",
  "properties" : { },
  "parameters" : {
    "app-name" : "ResilienceCockpit-srv",
    "buildpack" : "nodejs_buildpack",
    "default-app-name" : "ResilienceCockpit-srv",
    "default-host" : "94060551trial-dev-resiliencecockpit-srv",
    "default-instances" : 1,
    "default-live-app-name" : "ResilienceCockpit-srv",
    "default-live-domain" : "cfapps.us10-003.hana.ondemand.com",
    "default-live-host" : "94060551trial-dev-resiliencecockpit-srv",
    "default-live-uri" : "94060551trial-dev-resiliencecockpit-srv.cfapps.us10-003.hana.ondemand.com",
    "default-live-url" : "https://94060551trial-dev-resiliencecockpit-srv.cfapps.us10-003.hana.ondemand.com",
    "default-uri" : "94060551trial-dev-resiliencecockpit-srv.cfapps.us10-003.hana.ondemand.com",
    "default-url" : "https://94060551trial-dev-resiliencecockpit-srv.cfapps.us10-003.hana.ondemand.com",
    "dependency-type" : "soft",
    "domain" : "cfapps.us10-003.hana.ondemand.com",
    "generated-password" : "********",
    "generated-user" : "********",
    "host" : "94060551trial-dev-resiliencecockpit-srv",
    "instances" : 1,
    "protocol" : "https"
  },
  "requiredDependencies" : [ {
    "majorSchemaVersion" : 3,
    "name" : "********",
    "properties" : { },
    "parameters" : { },
    "propertiesMetadata" : {
      "metadata" : { }
    },
    "parametersMetadata" : {
      "metadata" : { }
    }
  }, {
    "majorSchemaVersion" : 3,
    "name" : "ResilienceCockpit-db",
    "properties" : { },
    "parameters" : { },
    "propertiesMetadata" : {
      "metadata" : { }
    },
    "parametersMetadata" : {
      "metadata" : { }
    }
  }, {
    "majorSchemaVersion" : 3,
    "name" : "ResilienceCockpit-connectivity",
    "properties" : { },
    "parameters" : { },
    "propertiesMetadata" : {
      "metadata" : { }
    },
    "parametersMetadata" : {
      "metadata" : { }
    }
  }, {
    "majorSchemaVersion" : 3,
    "name" : "ResilienceCockpit-destination",
    "properties" : { },
    "parameters" : { },
    "propertiesMetadata" : {
      "metadata" : { }
    },
    "parametersMetadata" : {
      "metadata" : { }
    }
  }, {
    "majorSchemaVersion" : 3,
    "name" : "ResilienceCockpit-logging",
    "properties" : { },
    "parameters" : { },
    "propertiesMetadata" : {
      "metadata" : { }
    },
    "parametersMetadata" : {
      "metadata" : { }
    }
  } ],
  "providedDependencies" : [ {
    "majorSchemaVersion" : 3,
    "name" : "srv-api",
    "isPublic" : false,
    "properties" : {
      "srv-url" : "https://94060551trial-dev-resiliencecockpit-srv.cfapps.us10-003.hana.ondemand.com"
    },
    "parameters" : { },
    "propertiesMetadata" : {
      "metadata" : { }
    },
    "parametersMetadata" : {
      "metadata" : { }
    }
  }, {
    "majorSchemaVersion" : 3,
    "name" : "ResilienceCockpit-srv",
    "isPublic" : false,
    "properties" : { },
    "parameters" : { },
    "propertiesMetadata" : {
      "metadata" : { }
    },
    "parametersMetadata" : {
      "metadata" : { }
    }
  } ],
  "propertiesMetadata" : {
    "metadata" : { }
  },
  "parametersMetadata" : {
    "metadata" : { }
  },
  "deployedAfter" : [ ],
  "hooks" : [ ]
}, {
  "majorSchemaVersion" : 3,
  "name" : "ResilienceCockpit-db-deployer",
  "type" : "com.sap.xs.hdi",
  "path" : "ResilienceCockpit-db-deployer",
  "properties" : {
    "EXIT" : 1
  },
  "parameters" : {
    "app-name" : "ResilienceCockpit-db-deployer",
    "buildpack" : "nodejs_buildpack",
    "default-app-name" : "ResilienceCockpit-db-deployer",
    "default-host" : "94060551trial-dev-resiliencecockpit-db-deployer",
    "default-instances" : 1,
    "default-live-app-name" : "ResilienceCockpit-db-deployer",
    "default-live-domain" : "cfapps.us10-003.hana.ondemand.com",
    "default-live-host" : "94060551trial-dev-resiliencecockpit-db-deployer",
    "default-live-uri" : "94060551trial-dev-resiliencecockpit-db-deployer.cfapps.us10-003.hana.ondemand.com",
    "default-live-url" : "https://94060551trial-dev-resiliencecockpit-db-deployer.cfapps.us10-003.hana.ondemand.com",
    "default-uri" : "94060551trial-dev-resiliencecockpit-db-deployer.cfapps.us10-003.hana.ondemand.com",
    "default-url" : "https://94060551trial-dev-resiliencecockpit-db-deployer.cfapps.us10-003.hana.ondemand.com",
    "dependency-type" : "hard",
    "domain" : "cfapps.us10-003.hana.ondemand.com",
    "generated-password" : "********",
    "generated-user" : "********",
    "host" : "94060551trial-dev-resiliencecockpit-db-deployer",
    "instances" : 1,
    "memory" : "256M",
    "no-route" : true,
    "no-start" : true,
    "protocol" : "https",
    "tasks" : [ {
      "command" : "npm start",
      "memory" : "256M",
      "name" : "deploy"
    } ]
  },
  "requiredDependencies" : [ {
    "majorSchemaVersion" : 3,
    "name" : "ResilienceCockpit-db",
    "properties" : { },
    "parameters" : { },
    "propertiesMetadata" : {
      "metadata" : { }
    },
    "parametersMetadata" : {
      "metadata" : { }
    }
  } ],
  "providedDependencies" : [ {
    "majorSchemaVersion" : 3,
    "name" : "ResilienceCockpit-db-deployer",
    "isPublic" : false,
    "properties" : { },
    "parameters" : { },
    "propertiesMetadata" : {
      "metadata" : { }
    },
    "parametersMetadata" : {
      "metadata" : { }
    }
  } ],
  "propertiesMetadata" : {
    "metadata" : { }
  },
  "parametersMetadata" : {
    "metadata" : { }
  },
  "deployedAfter" : [ ],
  "hooks" : [ ]
}, {
  "majorSchemaVersion" : 3,
  "name" : "ResilienceCockpit-app-deployer",
  "type" : "com.sap.application.content",
  "path" : "ResilienceCockpit-app-deployer",
  "properties" : { },
  "parameters" : {
    "app-name" : "ResilienceCockpit-app-deployer",
    "default-app-name" : "ResilienceCockpit-app-deployer",
    "default-host" : "94060551trial-dev-resiliencecockpit-app-deployer",
    "default-instances" : 1,
    "default-live-app-name" : "ResilienceCockpit-app-deployer",
    "default-live-domain" : "cfapps.us10-003.hana.ondemand.com",
    "default-live-host" : "94060551trial-dev-resiliencecockpit-app-deployer",
    "default-live-uri" : "94060551trial-dev-resiliencecockpit-app-deployer.cfapps.us10-003.hana.ondemand.com",
    "default-live-url" : "https://94060551trial-dev-resiliencecockpit-app-deployer.cfapps.us10-003.hana.ondemand.com",
    "default-uri" : "94060551trial-dev-resiliencecockpit-app-deployer.cfapps.us10-003.hana.ondemand.com",
    "default-url" : "https://94060551trial-dev-resiliencecockpit-app-deployer.cfapps.us10-003.hana.ondemand.com",
    "dependency-type" : "soft",
    "domain" : "cfapps.us10-003.hana.ondemand.com",
    "generated-password" : "********",
    "generated-user" : "********",
    "host" : "94060551trial-dev-resiliencecockpit-app-deployer",
    "instances" : 1,
    "protocol" : "https"
  },
  "requiredDependencies" : [ {
    "majorSchemaVersion" : 3,
    "name" : "********",
    "properties" : { },
    "parameters" : { },
    "propertiesMetadata" : {
      "metadata" : { }
    },
    "parametersMetadata" : {
      "metadata" : { }
    }
  }, {
    "majorSchemaVersion" : 3,
    "name" : "srv-api",
    "properties" : { },
    "parameters" : { },
    "propertiesMetadata" : {
      "metadata" : { }
    },
    "parametersMetadata" : {
      "metadata" : { }
    }
  }, {
    "majorSchemaVersion" : 3,
    "name" : "ResilienceCockpit-html5-repo-host",
    "properties" : { },
    "parameters" : {
      "config" : {
        "HTML5Runtime_enabled" : false
      },
      "content-target" : true
    },
    "propertiesMetadata" : {
      "metadata" : { }
    },
    "parametersMetadata" : {
      "metadata" : { }
    }
  } ],
  "providedDependencies" : [ {
    "majorSchemaVersion" : 3,
    "name" : "ResilienceCockpit-app-deployer",
    "isPublic" : false,
    "properties" : { },
    "parameters" : { },
    "propertiesMetadata" : {
      "metadata" : { }
    },
    "parametersMetadata" : {
      "metadata" : { }
    }
  } ],
  "propertiesMetadata" : {
    "metadata" : { }
  },
  "parametersMetadata" : {
    "metadata" : { }
  },
  "deployedAfter" : [ ],
  "hooks" : [ ]
}, {
  "majorSchemaVersion" : 3,
  "name" : "ResilienceCockpit-destination-content",
  "type" : "com.sap.application.content",
  "properties" : { },
  "parameters" : {
    "app-name" : "ResilienceCockpit-destination-content",
    "content" : {
      "instance" : {
        "destinations" : [ {
          "Authentication" : "********",
          "Name" : "srv-api",
          "TokenServiceInstanceName" : "********",
          "TokenServiceKeyName" : "********",
          "URL" : "https://94060551trial-dev-resiliencecockpit-srv.cfapps.us10-003.hana.ondemand.com"
        }, {
          "Name" : "ResilienceCockpit-html5-repo-host",
          "ServiceInstanceName" : "ResilienceCockpit-html5-repo-host",
          "ServiceKeyName" : "********",
          "sap.cloud.service" : "nexus"
        }, {
          "Authentication" : "********",
          "Name" : "********",
          "ServiceInstanceName" : "********",
          "ServiceKeyName" : "********"
        } ],
        "existing_destinations_policy" : "update"
      }
    },
    "default-app-name" : "ResilienceCockpit-destination-content",
    "default-host" : "94060551trial-dev-resiliencecockpit-destination-content",
    "default-instances" : 1,
    "default-live-app-name" : "ResilienceCockpit-destination-content",
    "default-live-domain" : "cfapps.us10-003.hana.ondemand.com",
    "default-live-host" : "94060551trial-dev-resiliencecockpit-destination-content",
    "default-live-uri" : "94060551trial-dev-resiliencecockpit-destination-content.cfapps.us10-003.hana.ondemand.com",
    "default-live-url" : "https://94060551trial-dev-resiliencecockpit-destination-content.cfapps.us10-003.hana.ondemand.com",
    "default-uri" : "94060551trial-dev-resiliencecockpit-destination-content.cfapps.us10-003.hana.ondemand.com",
    "default-url" : "https://94060551trial-dev-resiliencecockpit-destination-content.cfapps.us10-003.hana.ondemand.com",
    "dependency-type" : "soft",
    "domain" : "cfapps.us10-003.hana.ondemand.com",
    "generated-password" : "********",
    "generated-user" : "********",
    "host" : "94060551trial-dev-resiliencecockpit-destination-content",
    "instances" : 1,
    "protocol" : "https"
  },
  "requiredDependencies" : [ {
    "majorSchemaVersion" : 3,
    "name" : "********",
    "properties" : { },
    "parameters" : {
      "service-key" : "********"
    },
    "propertiesMetadata" : {
      "metadata" : { }
    },
    "parametersMetadata" : {
      "metadata" : { }
    }
  }, {
    "majorSchemaVersion" : 3,
    "name" : "ResilienceCockpit-html5-repo-host",
    "properties" : { },
    "parameters" : {
      "service-key" : "********"
    },
    "propertiesMetadata" : {
      "metadata" : { }
    },
    "parametersMetadata" : {
      "metadata" : { }
    }
  }, {
    "majorSchemaVersion" : 3,
    "name" : "srv-api",
    "properties" : { },
    "parameters" : { },
    "propertiesMetadata" : {
      "metadata" : { }
    },
    "parametersMetadata" : {
      "metadata" : { }
    }
  }, {
    "majorSchemaVersion" : 3,
    "name" : "ResilienceCockpit-destination",
    "properties" : { },
    "parameters" : {
      "content-target" : true
    },
    "propertiesMetadata" : {
      "metadata" : { }
    },
    "parametersMetadata" : {
      "metadata" : { }
    }
  } ],
  "providedDependencies" : [ {
    "majorSchemaVersion" : 3,
    "name" : "ResilienceCockpit-destination-content",
    "isPublic" : false,
    "properties" : { },
    "parameters" : { },
    "propertiesMetadata" : {
      "metadata" : { }
    },
    "parametersMetadata" : {
      "metadata" : { }
    }
  } ],
  "propertiesMetadata" : {
    "metadata" : { }
  },
  "parametersMetadata" : {
    "metadata" : { }
  },
  "deployedAfter" : [ ],
  "hooks" : [ ]
} ]#
#2026 08 28 03:39:52.502#Z#DEBUG#17753ce8-a292-11f1-ad9c-eeee0a80c268.OPERATION#flowable-async-job-executor-thread-1262#
Step "Compute Next Modules To Deploy" finished#
#2026 08 28 03:39:52.632#Z#DEBUG#17753ce8-a292-11f1-ad9c-eeee0a80c268.OPERATION#flowable-async-job-executor-thread-1263#
[ProcessDescriptorStep] Executing task "reprocessDescriptorTask" of process "20dff92e-a292-11f1-b31b-eeee0a949a95"...#
#2026 08 28 03:39:52.632#Z#DEBUG#17753ce8-a292-11f1-ad9c-eeee0a80c268.OPERATION#flowable-async-job-executor-thread-1263#
[ProcessDescriptorStep] Resolving properties and parameters in merged descriptor...#
#2026 08 28 03:39:52.637#Z#DEBUG#17753ce8-a292-11f1-ad9c-eeee0a80c268.OPERATION#flowable-async-job-executor-thread-1263#
[ProcessDescriptorStep] Subscriptions: [ ]#
#2026 08 28 03:39:52.641#Z#DEBUG#17753ce8-a292-11f1-ad9c-eeee0a80c268.OPERATION#flowable-async-job-executor-thread-1263#
[ProcessDescriptorStep] MTA modules: [ResilienceCockpit-srv, ResilienceCockpit-app-deployer, ResilienceCockpit-destination-content, ResilienceCockpit-db-deployer]#
#2026 08 28 03:39:52.644#Z#DEBUG#17753ce8-a292-11f1-ad9c-eeee0a80c268.OPERATION#flowable-async-job-executor-thread-1263#
[ProcessDescriptorStep] Resolved deployment descriptor: {
  "majorSchemaVersion" : 3,
  "schemaVersion" : "3.3.0",
  "id" : "ResilienceCockpit",
  "version" : "1.0.0",
  "modules" : [ {
    "majorSchemaVersion" : 3,
    "name" : "ResilienceCockpit-srv",
    "type" : "javascript.nodejs",
    "path" : "ResilienceCockpit-srv",
    "properties" : { },
    "parameters" : {
      "default-url" : "https://94060551trial-dev-resiliencecockpit-srv.cfapps.us10-003.hana.ondemand.com",
      "default-app-name" : "ResilienceCockpit-srv",
      "generated-password" : "********",
      "default-live-url" : "https://94060551trial-dev-resiliencecockpit-srv.cfapps.us10-003.hana.ondemand.com",
      "default-uri" : "94060551trial-dev-resiliencecockpit-srv.cfapps.us10-003.hana.ondemand.com",
      "default-instances" : 1,
      "default-live-host" : "94060551trial-dev-resiliencecockpit-srv",
      "instances" : 1,
      "buildpack" : "nodejs_buildpack",
      "default-host" : "94060551trial-dev-resiliencecockpit-srv",
      "app-name" : "ResilienceCockpit-srv",
      "default-live-uri" : "94060551trial-dev-resiliencecockpit-srv.cfapps.us10-003.hana.ondemand.com",
      "protocol" : "https",
      "default-live-app-name" : "ResilienceCockpit-srv",
      "default-live-domain" : "cfapps.us10-003.hana.ondemand.com",
      "domain" : "cfapps.us10-003.hana.ondemand.com",
      "host" : "94060551trial-dev-resiliencecockpit-srv",
      "generated-user" : "********"
    },
    "requiredDependencies" : [ {
      "majorSchemaVersion" : 3,
      "name" : "********",
      "properties" : { },
      "parameters" : { },
      "propertiesMetadata" : {
        "metadata" : { }
      },
      "parametersMetadata" : {
        "metadata" : { }
      }
    }, {
      "majorSchemaVersion" : 3,
      "name" : "ResilienceCockpit-db",
      "properties" : { },
      "parameters" : { },
      "propertiesMetadata" : {
        "metadata" : { }
      },
      "parametersMetadata" : {
        "metadata" : { }
      }
    }, {
      "majorSchemaVersion" : 3,
      "name" : "ResilienceCockpit-connectivity",
      "properties" : { },
      "parameters" : { },
      "propertiesMetadata" : {
        "metadata" : { }
      },
      "parametersMetadata" : {
        "metadata" : { }
      }
    }, {
      "majorSchemaVersion" : 3,
      "name" : "ResilienceCockpit-destination",
      "properties" : { },
      "parameters" : { },
      "propertiesMetadata" : {
        "metadata" : { }
      },
      "parametersMetadata" : {
        "metadata" : { }
      }
    }, {
      "majorSchemaVersion" : 3,
      "name" : "ResilienceCockpit-logging",
      "properties" : { },
      "parameters" : { },
      "propertiesMetadata" : {
        "metadata" : { }
      },
      "parametersMetadata" : {
        "metadata" : { }
      }
    } ],
    "providedDependencies" : [ {
      "majorSchemaVersion" : 3,
      "name" : "srv-api",
      "isPublic" : false,
      "properties" : {
        "srv-url" : "https://94060551trial-dev-resiliencecockpit-srv.cfapps.us10-003.hana.ondemand.com"
      },
      "parameters" : { },
      "propertiesMetadata" : {
        "metadata" : { }
      },
      "parametersMetadata" : {
        "metadata" : { }
      }
    }, {
      "majorSchemaVersion" : 3,
      "name" : "ResilienceCockpit-srv",
      "isPublic" : false,
      "properties" : { },
      "parameters" : { },
      "propertiesMetadata" : {
        "metadata" : { }
      },
      "parametersMetadata" : {
        "metadata" : { }
      }
    } ],
    "propertiesMetadata" : {
      "metadata" : { }
    },
    "parametersMetadata" : {
      "metadata" : { }
    },
    "hooks" : [ ]
  }, {
    "majorSchemaVersion" : 3,
    "name" : "ResilienceCockpit-db-deployer",
    "type" : "com.sap.xs.hdi",
    "path" : "ResilienceCockpit-db-deployer",
    "properties" : {
      "EXIT" : 1
    },
    "parameters" : {
      "default-url" : "https://94060551trial-dev-resiliencecockpit-db-deployer.cfapps.us10-003.hana.ondemand.com",
      "default-app-name" : "ResilienceCockpit-db-deployer",
      "generated-password" : "********",
      "default-live-url" : "https://94060551trial-dev-resiliencecockpit-db-deployer.cfapps.us10-003.hana.ondemand.com",
      "default-uri" : "94060551trial-dev-resiliencecockpit-db-deployer.cfapps.us10-003.hana.ondemand.com",
      "memory" : "256M",
      "default-instances" : 1,
      "no-route" : true,
      "default-live-host" : "94060551trial-dev-resiliencecockpit-db-deployer",
      "instances" : 1,
      "buildpack" : "nodejs_buildpack",
      "default-host" : "94060551trial-dev-resiliencecockpit-db-deployer",
      "app-name" : "ResilienceCockpit-db-deployer",
      "default-live-uri" : "94060551trial-dev-resiliencecockpit-db-deployer.cfapps.us10-003.hana.ondemand.com",
      "protocol" : "https",
      "default-live-app-name" : "ResilienceCockpit-db-deployer",
      "default-live-domain" : "cfapps.us10-003.hana.ondemand.com",
      "dependency-type" : "hard",
      "domain" : "cfapps.us10-003.hana.ondemand.com",
      "host" : "94060551trial-dev-resiliencecockpit-db-deployer",
      "generated-user" : "********",
      "tasks" : [ {
        "command" : "npm start",
        "memory" : "256M",
        "name" : "deploy"
      } ],
      "no-start" : true
    },
    "requiredDependencies" : [ {
      "majorSchemaVersion" : 3,
      "name" : "ResilienceCockpit-db",
      "properties" : { },
      "parameters" : { },
      "propertiesMetadata" : {
        "metadata" : { }
      },
      "parametersMetadata" : {
        "metadata" : { }
      }
    } ],
    "providedDependencies" : [ {
      "majorSchemaVersion" : 3,
      "name" : "ResilienceCockpit-db-deployer",
      "isPublic" : false,
      "properties" : { },
      "parameters" : { },
      "propertiesMetadata" : {
        "metadata" : { }
      },
      "parametersMetadata" : {
        "metadata" : { }
      }
    } ],
    "propertiesMetadata" : {
      "metadata" : { }
    },
    "parametersMetadata" : {
      "metadata" : { }
    },
    "hooks" : [ ]
  }, {
    "majorSchemaVersion" : 3,
    "name" : "ResilienceCockpit-app-deployer",
    "type" : "com.sap.application.content",
    "path" : "ResilienceCockpit-app-deployer",
    "properties" : { },
    "parameters" : {
      "default-url" : "https://94060551trial-dev-resiliencecockpit-app-deployer.cfapps.us10-003.hana.ondemand.com",
      "default-app-name" : "ResilienceCockpit-app-deployer",
      "generated-password" : "********",
      "default-live-url" : "https://94060551trial-dev-resiliencecockpit-app-deployer.cfapps.us10-003.hana.ondemand.com",
      "default-uri" : "94060551trial-dev-resiliencecockpit-app-deployer.cfapps.us10-003.hana.ondemand.com",
      "default-instances" : 1,
      "default-live-host" : "94060551trial-dev-resiliencecockpit-app-deployer",
      "instances" : 1,
      "default-host" : "94060551trial-dev-resiliencecockpit-app-deployer",
      "app-name" : "ResilienceCockpit-app-deployer",
      "default-live-uri" : "94060551trial-dev-resiliencecockpit-app-deployer.cfapps.us10-003.hana.ondemand.com",
      "protocol" : "https",
      "default-live-app-name" : "ResilienceCockpit-app-deployer",
      "default-live-domain" : "cfapps.us10-003.hana.ondemand.com",
      "domain" : "cfapps.us10-003.hana.ondemand.com",
      "host" : "94060551trial-dev-resiliencecockpit-app-deployer",
      "generated-user" : "********"
    },
    "requiredDependencies" : [ {
      "majorSchemaVersion" : 3,
      "name" : "********",
      "properties" : { },
      "parameters" : { },
      "propertiesMetadata" : {
        "metadata" : { }
      },
      "parametersMetadata" : {
        "metadata" : { }
      }
    }, {
      "majorSchemaVersion" : 3,
      "name" : "srv-api",
      "properties" : { },
      "parameters" : { },
      "propertiesMetadata" : {
        "metadata" : { }
      },
      "parametersMetadata" : {
        "metadata" : { }
      }
    }, {
      "majorSchemaVersion" : 3,
      "name" : "ResilienceCockpit-html5-repo-host",
      "properties" : { },
      "parameters" : {
        "config" : {
          "HTML5Runtime_enabled" : false
        },
        "content-target" : true
      },
      "propertiesMetadata" : {
        "metadata" : { }
      },
      "parametersMetadata" : {
        "metadata" : { }
      }
    } ],
    "providedDependencies" : [ {
      "majorSchemaVersion" : 3,
      "name" : "ResilienceCockpit-app-deployer",
      "isPublic" : false,
      "properties" : { },
      "parameters" : { },
      "propertiesMetadata" : {
        "metadata" : { }
      },
      "parametersMetadata" : {
        "metadata" : { }
      }
    } ],
    "propertiesMetadata" : {
      "metadata" : { }
    },
    "parametersMetadata" : {
      "metadata" : { }
    },
    "hooks" : [ ]
  }, {
    "majorSchemaVersion" : 3,
    "name" : "ResilienceCockpit-destination-content",
    "type" : "com.sap.application.content",
    "properties" : { },
    "parameters" : {
      "default-url" : "https://94060551trial-dev-resiliencecockpit-destination-content.cfapps.us10-003.hana.ondemand.com",
      "default-app-name" : "ResilienceCockpit-destination-content",
      "generated-password" : "********",
      "default-live-url" : "https://94060551trial-dev-resiliencecockpit-destination-content.cfapps.us10-003.hana.ondemand.com",
      "default-uri" : "94060551trial-dev-resiliencecockpit-destination-content.cfapps.us10-003.hana.ondemand.com",
      "default-instances" : 1,
      "default-live-host" : "94060551trial-dev-resiliencecockpit-destination-content",
      "instances" : 1,
      "default-host" : "94060551trial-dev-resiliencecockpit-destination-content",
      "content" : {
        "instance" : {
          "destinations" : [ {
            "Authentication" : "********",
            "Name" : "srv-api",
            "TokenServiceInstanceName" : "********",
            "TokenServiceKeyName" : "********",
            "URL" : "https://94060551trial-dev-resiliencecockpit-srv.cfapps.us10-003.hana.ondemand.com"
          }, {
            "Name" : "ResilienceCockpit-html5-repo-host",
            "ServiceInstanceName" : "ResilienceCockpit-html5-repo-host",
            "ServiceKeyName" : "********",
            "sap.cloud.service" : "nexus"
          }, {
            "Authentication" : "********",
            "Name" : "********",
            "ServiceInstanceName" : "********",
            "ServiceKeyName" : "********"
          } ],
          "existing_destinations_policy" : "update"
        }
      },
      "app-name" : "ResilienceCockpit-destination-content",
      "default-live-uri" : "94060551trial-dev-resiliencecockpit-destination-content.cfapps.us10-003.hana.ondemand.com",
      "protocol" : "https",
      "default-live-app-name" : "ResilienceCockpit-destination-content",
      "default-live-domain" : "cfapps.us10-003.hana.ondemand.com",
      "domain" : "cfapps.us10-003.hana.ondemand.com",
      "host" : "94060551trial-dev-resiliencecockpit-destination-content",
      "generated-user" : "********"
    },
    "requiredDependencies" : [ {
      "majorSchemaVersion" : 3,
      "name" : "********",
      "properties" : { },
      "parameters" : {
        "service-key" : "********"
      },
      "propertiesMetadata" : {
        "metadata" : { }
      },
      "parametersMetadata" : {
        "metadata" : { }
      }
    }, {
      "majorSchemaVersion" : 3,
      "name" : "ResilienceCockpit-html5-repo-host",
      "properties" : { },
      "parameters" : {
        "service-key" : "********"
      },
      "propertiesMetadata" : {
        "metadata" : { }
      },
      "parametersMetadata" : {
        "metadata" : { }
      }
    }, {
      "majorSchemaVersion" : 3,
      "name" : "srv-api",
      "properties" : { },
      "parameters" : { },
      "propertiesMetadata" : {
        "metadata" : { }
      },
      "parametersMetadata" : {
        "metadata" : { }
      }
    }, {
      "majorSchemaVersion" : 3,
      "name" : "ResilienceCockpit-destination",
      "properties" : { },
      "parameters" : {
        "content-target" : true
      },
      "propertiesMetadata" : {
        "metadata" : { }
      },
      "parametersMetadata" : {
        "metadata" : { }
      }
    } ],
    "providedDependencies" : [ {
      "majorSchemaVersion" : 3,
      "name" : "ResilienceCockpit-destination-content",
      "isPublic" : false,
      "properties" : { },
      "parameters" : { },
      "propertiesMetadata" : {
        "metadata" : { }
      },
      "parametersMetadata" : {
        "metadata" : { }
      }
    } ],
    "propertiesMetadata" : {
      "metadata" : { }
    },
    "parametersMetadata" : {
      "metadata" : { }
    },
    "hooks" : [ ]
  } ],
  "resources" : [ {
    "majorSchemaVersion" : 3,
    "name" : "********",
    "type" : "org.cloudfoundry.managed-service",
    "properties" : { },
    "parameters" : {
      "generated-password" : "********",
      "path" : "./xs-security.json",
      "service-name" : "********",
      "service-plan" : "application",
      "service" : "xsuaa",
      "generated-user" : "********",
      "default-xsappname" : "********",
      "type" : "managed-service",
      "config" : {
        "oauth2-configuration" : "********",
        "tenant-mode" : "dedicated",
        "xsappname" : "ResilienceCockpit-94060551trial-dev"
      },
      "default-service-name" : "********",
      "default-container-name" : "********"
    },
    "isActive" : true,
    "isOptional" : false,
    "propertiesMetadata" : {
      "metadata" : { }
    },
    "parametersMetadata" : {
      "metadata" : { }
    },
    "requiredDependencies" : [ ],
    "processedAfter" : [ ]
  }, {
    "majorSchemaVersion" : 3,
    "name" : "ResilienceCockpit-db",
    "type" : "com.sap.xs.hdi-container",
    "properties" : { },
    "parameters" : {
      "generated-password" : "********",
      "service-name" : "ResilienceCockpit-db",
      "service-plan" : "hdi-shared",
      "service" : "hana",
      "generated-user" : "********",
      "default-xsappname" : "ResilienceCockpit-db",
      "type" : "managed-service",
      "default-service-name" : "ResilienceCockpit-db",
      "default-container-name" : "94060551TRIAL_DEV_RESILIENCECOCKPIT_DB"
    },
    "isActive" : true,
    "isOptional" : false,
    "propertiesMetadata" : {
      "metadata" : { }
    },
    "parametersMetadata" : {
      "metadata" : { }
    },
    "requiredDependencies" : [ ],
    "processedAfter" : [ ]
  }, {
    "majorSchemaVersion" : 3,
    "name" : "ResilienceCockpit-connectivity",
    "type" : "org.cloudfoundry.managed-service",
    "properties" : { },
    "parameters" : {
      "generated-password" : "********",
      "service-name" : "ResilienceCockpit-connectivity",
      "service-plan" : "lite",
      "service" : "connectivity",
      "generated-user" : "********",
      "default-xsappname" : "ResilienceCockpit-connectivity",
      "type" : "managed-service",
      "default-service-name" : "ResilienceCockpit-connectivity",
      "default-container-name" : "94060551TRIAL_DEV_RESILIENCECOCKPIT_CONNECTIVITY"
    },
    "isActive" : true,
    "isOptional" : false,
    "propertiesMetadata" : {
      "metadata" : { }
    },
    "parametersMetadata" : {
      "metadata" : { }
    },
    "requiredDependencies" : [ ],
    "processedAfter" : [ ]
  }, {
    "majorSchemaVersion" : 3,
    "name" : "ResilienceCockpit-destination",
    "type" : "org.cloudfoundry.managed-service",
    "properties" : { },
    "parameters" : {
      "generated-password" : "********",
      "service-name" : "ResilienceCockpit-destination",
      "service-plan" : "lite",
      "service" : "destination",
      "generated-user" : "********",
      "default-xsappname" : "ResilienceCockpit-destination",
      "type" : "managed-service",
      "config" : {
        "HTML5Runtime_enabled" : true,
        "init_data" : {
          "instance" : {
            "destinations" : [ {
              "Authentication" : "********",
              "Name" : "ui5",
              "ProxyType" : "Internet",
              "Type" : "HTTP",
              "URL" : "https://ui5.sap.com"
            }, {
              "Authentication" : "********",
              "HTML5.DynamicDestination" : true,
              "HTML5.ForwardAuthToken" : "********",
              "Name" : "srv-api",
              "ProxyType" : "Internet",
              "Type" : "HTTP",
              "URL" : "https://94060551trial-dev-resiliencecockpit-srv.cfapps.us10-003.hana.ondemand.com"
            } ],
            "existing_destinations_policy" : "update"
          }
        }
      },
      "default-service-name" : "ResilienceCockpit-destination",
      "default-container-name" : "94060551TRIAL_DEV_RESILIENCECOCKPIT_DESTINATION"
    },
    "isActive" : true,
    "isOptional" : false,
    "propertiesMetadata" : {
      "metadata" : { }
    },
    "parametersMetadata" : {
      "metadata" : { }
    },
    "requiredDependencies" : [ {
      "majorSchemaVersion" : 3,
      "name" : "srv-api",
      "properties" : { },
      "parameters" : { },
      "propertiesMetadata" : {
        "metadata" : { }
      },
      "parametersMetadata" : {
        "metadata" : { }
      }
    } ],
    "processedAfter" : [ ]
  }, {
    "majorSchemaVersion" : 3,
    "name" : "ResilienceCockpit-html5-repo-host",
    "type" : "org.cloudfoundry.managed-service",
    "properties" : { },
    "parameters" : {
      "generated-password" : "********",
      "service-name" : "ResilienceCockpit-html5-repo-host",
      "service-plan" : "app-host",
      "service" : "html5-apps-repo",
      "generated-user" : "********",
      "default-xsappname" : "ResilienceCockpit-html5-repo-host",
      "type" : "managed-service",
      "default-service-name" : "ResilienceCockpit-html5-repo-host",
      "default-container-name" : "94060551TRIAL_DEV_RESILIENCECOCKPIT_HTML5_REPO_HOST"
    },
    "isActive" : true,
    "isOptional" : false,
    "propertiesMetadata" : {
      "metadata" : { }
    },
    "parametersMetadata" : {
      "metadata" : { }
    },
    "requiredDependencies" : [ ],
    "processedAfter" : [ ]
  }, {
    "majorSchemaVersion" : 3,
    "name" : "ResilienceCockpit-logging",
    "type" : "org.cloudfoundry.managed-service",
    "properties" : { },
    "parameters" : {
      "generated-password" : "********",
      "service-name" : "ResilienceCockpit-logging",
      "service-plan" : "lite",
      "service" : "application-logs",
      "generated-user" : "********",
      "default-xsappname" : "ResilienceCockpit-logging",
      "type" : "managed-service",
      "default-service-name" : "ResilienceCockpit-logging",
      "default-container-name" : "94060551TRIAL_DEV_RESILIENCECOCKPIT_LOGGING"
    },
    "isActive" : true,
    "isOptional" : false,
    "propertiesMetadata" : {
      "metadata" : { }
    },
    "parametersMetadata" : {
      "metadata" : { }
    },
    "requiredDependencies" : [ ],
    "processedAfter" : [ ]
  } ],
  "parameters" : {
    "deploy_mode" : "html5-repo",
    "mta-id" : "ResilienceCockpit",
    "authorization-url" : "********",
    "org-guid" : "78e7b825-503f-4bdc-af4e-be86d7f43c8e",
    "org" : "94060551trial",
    "deploy-target" : "94060551trial dev",
    "enable-parallel-deployments" : true,
    "region-primary-domain" : "us10.hana.ondemand.com",
    "space" : "dev",
    "region-domain" : "us10-003.hana.ondemand.com",
    "xs-api-url" : "https://api.cf.us10-003.hana.ondemand.com",
    "deploy-url" : "deploy-service.cfapps.us10-003.hana.ondemand.com",
    "xs-type" : "CF",
    "default-domain" : "cfapps.us10-003.hana.ondemand.com",
    "mta-version" : "1.0.0",
    "xs-auth-url" : "********",
    "space-guid" : "039a1fe6-69a4-4c1e-9b8f-a64d47329d3e",
    "user" : "********",
    "controller-url" : "https://api.cf.us10-003.hana.ondemand.com",
    "timestamp" : "20260828033936"
  },
  "parametersMetadata" : {
    "metadata" : { }
  }
}#
#2026 08 28 03:39:52.644#Z#DEBUG#17753ce8-a292-11f1-ad9c-eeee0a80c268.OPERATION#flowable-async-job-executor-thread-1263#
[ProcessDescriptorStep] Merged descriptor properties and parameters resolved#
#2026 08 28 03:39:52.644#Z#DEBUG#17753ce8-a292-11f1-ad9c-eeee0a80c268.OPERATION#flowable-async-job-executor-thread-1263#
Step "Re-Process Descriptor Step" finished#
#2026 08 28 03:39:52.665#Z#DEBUG#17753ce8-a292-11f1-ad9c-eeee0a80c268.OPERATION#flowable-async-job-executor-thread-1263#
[BuildApplicationDeployModelStep] Executing task "buildApplicationDeployModelTask" of process "20dff92e-a292-11f1-b31b-eeee0a949a95"...#
#2026 08 28 03:39:52.667#Z#DEBUG#17753ce8-a292-11f1-ad9c-eeee0a80c268.OPERATION#flowable-async-job-executor-thread-1263#
[BuildApplicationDeployModelStep] Building cloud deployment model for application "ResilienceCockpit-srv"...#
#2026 08 28 03:39:52.671#Z#DEBUG#17753ce8-a292-11f1-ad9c-eeee0a80c268.OPERATION#flowable-async-job-executor-thread-1263#
[BuildApplicationDeployModelStep] No health-check-type is specified. Setting default type: port#
#2026 08 28 03:39:52.672#Z#INFO#17753ce8-a292-11f1-ad9c-eeee0a80c268.OPERATION#flowable-async-job-executor-thread-1263#
[BuildApplicationDeployModelStep] Building configuration entries for org 94060551trial, space dev, spaceId 039a1fe6-69a4-4c1e-9b8f-a64d47329d3e and namespace null!#
#2026 08 28 03:39:52.673#Z#DEBUG#17753ce8-a292-11f1-ad9c-eeee0a80c268.OPERATION#flowable-async-job-executor-thread-1263#
[BuildApplicationDeployModelStep] Configuration entries to publish: [ ]#
#2026 08 28 03:39:52.673#Z#DEBUG#17753ce8-a292-11f1-ad9c-eeee0a80c268.OPERATION#flowable-async-job-executor-thread-1263#
[BuildApplicationDeployModelStep] Cloud deployment model for application built#
#2026 08 28 03:39:52.673#Z#DEBUG#17753ce8-a292-11f1-ad9c-eeee0a80c268.OPERATION#flowable-async-job-executor-thread-1263#
Step "Build Application Deploy Model" finished#
#2026 08 28 03:39:52.699#Z#DEBUG#17753ce8-a292-11f1-ad9c-eeee0a80c268.OPERATION#flowable-async-job-executor-thread-1263#
[CreateOrUpdateAppStep] Executing task "createAppTask" of process "20dff92e-a292-11f1-b31b-eeee0a949a95"...#
#2026 08 28 03:39:52.700#Z#DEBUG#17753ce8-a292-11f1-ad9c-eeee0a80c268.OPERATION#flowable-async-job-executor-thread-1263#
[CreateOrUpdateAppStep] Getting application "ResilienceCockpit-srv"...#
#2026 08 28 03:39:52.732#Z#INFO#17753ce8-a292-11f1-ad9c-eeee0a80c268.OPERATION#flowable-async-job-executor-thread-1263#
[CreateOrUpdateAppStep] Updating application "ResilienceCockpit-srv"...#
#2026 08 28 03:39:52.738#Z#DEBUG#17753ce8-a292-11f1-ad9c-eeee0a80c268.OPERATION#flowable-async-job-executor-thread-1263#
[CreateOrUpdateAppStep] Getting process for application "846298f7-a9cf-4b9f-a20b-63e370407f6e"...#
#2026 08 28 03:39:52.770#Z#DEBUG#17753ce8-a292-11f1-ad9c-eeee0a80c268.OPERATION#flowable-async-job-executor-thread-1263#
[CreateOrUpdateAppStep] Getting routes for application "846298f7-a9cf-4b9f-a20b-63e370407f6e"...#
#2026 08 28 03:39:52.800#Z#DEBUG#17753ce8-a292-11f1-ad9c-eeee0a80c268.OPERATION#flowable-async-job-executor-thread-1263#
[CreateOrUpdateAppStep] Getting features for application "846298f7-a9cf-4b9f-a20b-63e370407f6e"#
#2026 08 28 03:39:52.822#Z#DEBUG#17753ce8-a292-11f1-ad9c-eeee0a80c268.OPERATION#flowable-async-job-executor-thread-1263#
[CreateOrUpdateAppStep] Updating staging of application "ResilienceCockpit-srv" to: {
  "buildpacks" : [ "nodejs_buildpack" ],
  "healthCheckType" : "port",
  "appFeatures" : { }
}#
#2026 08 28 03:39:53.019#Z#DEBUG#17753ce8-a292-11f1-ad9c-eeee0a80c268.OPERATION#flowable-async-job-executor-thread-1263#
[CreateOrUpdateAppStep] Application "ResilienceCockpit-srv" updated#
#2026 08 28 03:39:53.019#Z#DEBUG#17753ce8-a292-11f1-ad9c-eeee0a80c268.OPERATION#flowable-async-job-executor-thread-1263#
[CreateOrUpdateAppStep] Getting environment of application "846298f7-a9cf-4b9f-a20b-63e370407f6e"...#
#2026 08 28 03:39:53.112#Z#DEBUG#17753ce8-a292-11f1-ad9c-eeee0a80c268.OPERATION#flowable-async-job-executor-thread-1263#
[CreateOrUpdateAppStep] Application "ResilienceCockpit-srv" updated#
#2026 08 28 03:39:53.112#Z#DEBUG#17753ce8-a292-11f1-ad9c-eeee0a80c268.OPERATION#flowable-async-job-executor-thread-1263#
Step "Create App" finished#
#2026 08 28 03:39:53.195#Z#DEBUG#17753ce8-a292-11f1-ad9c-eeee0a80c268.OPERATION#flowable-async-job-executor-thread-1264#
[CheckServiceBindingOperationStep] Executing task "checkForServiceBindingOperationInProgress" of process "213ae9d5-a292-11f1-b31b-eeee0a949a95"...#
#2026 08 28 03:39:53.196#Z#DEBUG#17753ce8-a292-11f1-ad9c-eeee0a80c268.OPERATION#flowable-async-job-executor-thread-1264#
[CheckServiceBindingOperationStep] Checking for service binding operation in progress between app "ResilienceCockpit-srv" and service instance "ResilienceCockpit-destination"#
#2026 08 28 03:39:53.196#Z#DEBUG#17753ce8-a292-11f1-ad9c-eeee0a80c268.OPERATION#flowable-async-job-executor-thread-1264#
[CheckServiceBindingOperationStep] Getting application guid "ResilienceCockpit-srv"...#
#2026 08 28 03:39:53.234#Z#DEBUG#17753ce8-a292-11f1-ad9c-eeee0a80c268.OPERATION#flowable-async-job-executor-thread-1264#
[CheckServiceBindingOperationStep] Getting GUID of required service instance "ResilienceCockpit-destination"...#
#2026 08 28 03:39:53.259#Z#DEBUG#17753ce8-a292-11f1-ad9c-eeee0a80c268.OPERATION#flowable-async-job-executor-thread-1264#
[CheckServiceBindingOperationStep] Getting binding of service instance "b320a563-1340-4020-8574-566b1e2175a9" with application "846298f7-a9cf-4b9f-a20b-63e370407f6e"...#
#2026 08 28 03:39:53.295#Z#DEBUG#17753ce8-a292-11f1-ad9c-eeee0a80c268.OPERATION#flowable-async-job-executor-thread-1264#
[CheckServiceBindingOperationStep] Service binding operation "2a749b1c-baa2-4fae-9725-38e94d45edb5" with type "create" is in state "succeeded"#
#2026 08 28 03:39:53.295#Z#DEBUG#17753ce8-a292-11f1-ad9c-eeee0a80c268.OPERATION#flowable-async-job-executor-thread-1264#
Step "Check For Service Binding Operation In Progress" finished#
#2026 08 28 03:39:53.173#Z#DEBUG#17753ce8-a292-11f1-ad9c-eeee0a80c268.OPERATION#flowable-async-job-executor-thread-5272#
[BuildContentDeploymentConfigurationStep] Executing task "buildContentDeploymentConfigurationTask" of process "21345b7e-a292-11f1-ad9c-eeee0a80c268"...#
#2026 08 28 03:39:53.177#Z#DEBUG#17753ce8-a292-11f1-ad9c-eeee0a80c268.OPERATION#ForkJoinPool-3-worker-1#
[BuildContentDeploymentConfigurationStep] Getting service key "ResilienceCockpit-app-deployer-ResilienceCockpit-html5-repo-host-credentials" for service instance "ResilienceCockpit-html5-repo-host"...#
#2026 08 28 03:39:53.177#Z#DEBUG#17753ce8-a292-11f1-ad9c-eeee0a80c268.OPERATION#ForkJoinPool-3-worker-2#
[BuildContentDeploymentConfigurationStep] Getting service key "ResilienceCockpit-app-deployer-ResilienceCockpit-auth-credentials" for service instance "ResilienceCockpit-auth"...#
#2026 08 28 03:39:53.334#Z#INFO#17753ce8-a292-11f1-ad9c-eeee0a80c268.OPERATION#ForkJoinPool-3-worker-2#
[BuildContentDeploymentConfigurationStep] Service key "ResilienceCockpit-app-deployer-ResilienceCockpit-auth-credentials" for service "ResilienceCockpit-auth" already exists#
#2026 08 28 03:39:53.335#Z#INFO#17753ce8-a292-11f1-ad9c-eeee0a80c268.OPERATION#ForkJoinPool-3-worker-1#
[BuildContentDeploymentConfigurationStep] Service key "ResilienceCockpit-app-deployer-ResilienceCockpit-html5-repo-host-credentials" for service "ResilienceCockpit-html5-repo-host" already exists#
#2026 08 28 03:39:53.339#Z#DEBUG#17753ce8-a292-11f1-ad9c-eeee0a80c268.OPERATION#flowable-async-job-executor-thread-5272#
Step "Build Content Deployment Configuration" finished#
#2026 08 28 03:39:53.316#Z#DEBUG#17753ce8-a292-11f1-ad9c-eeee0a80c268.OPERATION#flowable-async-job-executor-thread-1264#
[DetermineApplicationServiceBindingActionsStep] Executing task "determineApplicationServiceBindingActionsTask" of process "213ae9d5-a292-11f1-b31b-eeee0a949a95"...#
#2026 08 28 03:39:53.317#Z#DEBUG#17753ce8-a292-11f1-ad9c-eeee0a80c268.OPERATION#flowable-async-job-executor-thread-1264#
[DetermineApplicationServiceBindingActionsStep] Determine bind/unbind operations of application "ResilienceCockpit-srv" to service instance "ResilienceCockpit-destination"#
#2026 08 28 03:39:53.317#Z#DEBUG#17753ce8-a292-11f1-ad9c-eeee0a80c268.OPERATION#flowable-async-job-executor-thread-1264#
[DetermineApplicationServiceBindingActionsStep] Getting application "ResilienceCockpit-srv"...#
#2026 08 28 03:39:53.346#Z#DEBUG#17753ce8-a292-11f1-ad9c-eeee0a80c268.OPERATION#flowable-async-job-executor-thread-1264#
[DetermineApplicationServiceBindingActionsStep] Binding parameters for application "ResilienceCockpit-srv": { }#
#2026 08 28 03:39:53.376#Z#DEBUG#17753ce8-a292-11f1-ad9c-eeee0a80c268.OPERATION#flowable-async-job-executor-thread-1264#
[DetermineApplicationServiceBindingActionsStep] Check should rebind application "ResilienceCockpit-srv" and service instance "ResilienceCockpit-destination"#
#2026 08 28 03:39:53.376#Z#DEBUG#17753ce8-a292-11f1-ad9c-eeee0a80c268.OPERATION#flowable-async-job-executor-thread-1264#
[DetermineApplicationServiceBindingActionsStep] Getting GUID of required service instance "ResilienceCockpit-destination"...#
#2026 08 28 03:39:53.399#Z#DEBUG#17753ce8-a292-11f1-ad9c-eeee0a80c268.OPERATION#flowable-async-job-executor-thread-1264#
[DetermineApplicationServiceBindingActionsStep] Getting binding of service instance "b320a563-1340-4020-8574-566b1e2175a9" with application "846298f7-a9cf-4b9f-a20b-63e370407f6e"...#
#2026 08 28 03:39:53.429#Z#DEBUG#17753ce8-a292-11f1-ad9c-eeee0a80c268.OPERATION#flowable-async-job-executor-thread-1264#
[DetermineApplicationServiceBindingActionsStep] Getting parameters of service binding "2a749b1c-baa2-4fae-9725-38e94d45edb5"...#
#2026 08 28 03:39:53.449#Z#WARN#17753ce8-a292-11f1-ad9c-eeee0a80c268.OPERATION#flowable-async-job-executor-thread-1264#
[DetermineApplicationServiceBindingActionsStep] Cannot retrieve parameters of binding between application "ResilienceCockpit-srv" and service instance "ResilienceCockpit-destination"#
#2026 08 28 03:39:53.450#Z#DEBUG#17753ce8-a292-11f1-ad9c-eeee0a80c268.OPERATION#flowable-async-job-executor-thread-1264#
[DetermineApplicationServiceBindingActionsStep] Calculated binding operations between application "ResilienceCockpit-srv" and service instance "ResilienceCockpit-destination": unbind - true bind - true#
#2026 08 28 03:39:53.450#Z#DEBUG#17753ce8-a292-11f1-ad9c-eeee0a80c268.OPERATION#flowable-async-job-executor-thread-1264#
Step "Determine Application Service Binding Actions" finished#
#2026 08 28 03:39:53.341#Z#DEBUG#17753ce8-a292-11f1-ad9c-eeee0a80c268.OPERATION#flowable-async-job-executor-thread-5272#
[CreateContentDeployClientConfigurationStep] Executing task "createContentDeployClientConfigurationTask" of process "21561364-a292-11f1-ad9c-eeee0a80c268"...#
#2026 08 28 03:39:53.342#Z#DEBUG#17753ce8-a292-11f1-ad9c-eeee0a80c268.OPERATION#flowable-async-job-executor-thread-5272#
[CreateContentDeployClientConfigurationStep] Content deployer client configuration: {
  "contentDeployerUrl" : "https://html5-apps-repo-dt.cfapps.us10.hana.ondemand.com",
  "uaaClientConfiguration" : {
    "url" : "********",
    "credentials" : "********",
    "authenticationStrategyType" : "********"
  },
  "httpRequestHeaders" : {
    "X-CorrelationID" : "17753ce8-a292-11f1-ad9c-eeee0a80c268"
  },
  "spaceId" : "039a1fe6-69a4-4c1e-9b8f-a64d47329d3e",
  "serviceName" : "ResilienceCockpit-html5-repo-host"
}#
#2026 08 28 03:39:53.576#Z#DEBUG#17753ce8-a292-11f1-ad9c-eeee0a80c268.OPERATION#flowable-async-job-executor-thread-5272#
Step "Create Content Deploy Client Configuration" finished#
#2026 08 28 03:39:53.577#Z#DEBUG#17753ce8-a292-11f1-ad9c-eeee0a80c268.OPERATION#flowable-async-job-executor-thread-5272#
[GetContentFromDeploymentDescriptorStep] Executing task "getContentFromDeploymentDescriptorTask" of process "21561364-a292-11f1-ad9c-eeee0a80c268"...#
#2026 08 28 03:39:53.578#Z#DEBUG#17753ce8-a292-11f1-ad9c-eeee0a80c268.OPERATION#flowable-async-job-executor-thread-5272#
Step "Get Content From Deployment Descriptor" finished#
#2026 08 28 03:39:53.475#Z#DEBUG#17753ce8-a292-11f1-ad9c-eeee0a80c268.OPERATION#flowable-async-job-executor-thread-1264#
[UnbindServiceFromApplicationStep] Executing task "unbindServiceFromApplicationTask" of process "213ae9d5-a292-11f1-b31b-eeee0a949a95"...#
#2026 08 28 03:39:53.476#Z#INFO#17753ce8-a292-11f1-ad9c-eeee0a80c268.OPERATION#flowable-async-job-executor-thread-1264#
[UnbindServiceFromApplicationStep] Unbinding service instance "ResilienceCockpit-destination" from application "ResilienceCockpit-srv"...#
#2026 08 28 03:39:53.480#Z#DEBUG#17753ce8-a292-11f1-ad9c-eeee0a80c268.OPERATION#flowable-async-job-executor-thread-1264#
[UnbindServiceFromApplicationStep] Unbinding application "ResilienceCockpit-srv" from service instance "ResilienceCockpit-destination"...#
#2026 08 28 03:39:53.621#Z#DEBUG#17753ce8-a292-11f1-ad9c-eeee0a80c268.OPERATION#flowable-async-job-executor-thread-1264#
Step "Unbind Service from Application" finished#
#2026 08 28 03:39:53.579#Z#DEBUG#17753ce8-a292-11f1-ad9c-eeee0a80c268.OPERATION#flowable-async-job-executor-thread-5272#
[UploadContentStep] Executing task "uploadContentTask" of process "21561364-a292-11f1-ad9c-eeee0a80c268"...#
#2026 08 28 03:39:53.579#Z#INFO#17753ce8-a292-11f1-ad9c-eeee0a80c268.OPERATION#flowable-async-job-executor-thread-5272#
[UploadContentStep] Uploading content module "ResilienceCockpit-app-deployer" in target service "ResilienceCockpit-html5-repo-host"...#
#2026 08 28 03:39:53.582#Z#DEBUG#17753ce8-a292-11f1-ad9c-eeee0a80c268.OPERATION#flowable-async-job-executor-thread-5272#
[UploadContentStep] Uploading file "ResilienceCockpit-app-deployer/app/data.zip" for content module "ResilienceCockpit-app-deployer" in service "ResilienceCockpit-html5-repo-host"#
#2026 08 28 03:39:53.884#Z#INFO#17753ce8-a292-11f1-ad9c-eeee0a80c268.OPERATION#flowable-async-job-executor-thread-5272#
[UploadContentStep] Content to deploy size: 20,265 in bytes#
#2026 08 28 03:39:54.910#Z#DEBUG#17753ce8-a292-11f1-ad9c-eeee0a80c268.OPERATION#flowable-async-job-executor-thread-5272#
[UploadContentStep] Uploaded content: {
  "id" : "73c4ebf5-7c14-4eba-bafc-8d66c5572f18",
  "name" : "content.zip",
  "contentType" : "FILE"
}#
#2026 08 28 03:39:54.910#Z#DEBUG#17753ce8-a292-11f1-ad9c-eeee0a80c268.OPERATION#flowable-async-job-executor-thread-5272#
Step "Upload Content" finished#
#2026 08 28 03:39:54.911#Z#DEBUG#17753ce8-a292-11f1-ad9c-eeee0a80c268.OPERATION#flowable-async-job-executor-thread-5272#
[StartContentDeployStep] Executing task "startContentDeployTask" of process "21561364-a292-11f1-ad9c-eeee0a80c268"...#
#2026 08 28 03:39:54.912#Z#INFO#17753ce8-a292-11f1-ad9c-eeee0a80c268.OPERATION#flowable-async-job-executor-thread-5272#
[StartContentDeployStep] Deploying content module "ResilienceCockpit-app-deployer" in target service "ResilienceCockpit-html5-repo-host"...#
#2026 08 28 03:39:55.172#Z#DEBUG#17753ce8-a292-11f1-ad9c-eeee0a80c268.OPERATION#flowable-async-job-executor-thread-5272#
Step "Start Content Deploy" finished#
#2026 08 28 03:39:55.327#Z#DEBUG#17753ce8-a292-11f1-ad9c-eeee0a80c268.OPERATION#flowable-async-job-executor-thread-1265#
[CheckServiceBindingOperationStep] Executing task "checkForServiceBindingOperationInProgress" of process "227fed3b-a292-11f1-b31b-eeee0a949a95"...#
#2026 08 28 03:39:55.327#Z#DEBUG#17753ce8-a292-11f1-ad9c-eeee0a80c268.OPERATION#flowable-async-job-executor-thread-1265#
[CheckServiceBindingOperationStep] Checking for service binding operation in progress between app "ResilienceCockpit-srv" and service instance "ResilienceCockpit-db"#
#2026 08 28 03:39:55.328#Z#DEBUG#17753ce8-a292-11f1-ad9c-eeee0a80c268.OPERATION#flowable-async-job-executor-thread-1265#
[CheckServiceBindingOperationStep] Getting application guid "ResilienceCockpit-srv"...#
#2026 08 28 03:39:55.361#Z#DEBUG#17753ce8-a292-11f1-ad9c-eeee0a80c268.OPERATION#flowable-async-job-executor-thread-1265#
[CheckServiceBindingOperationStep] Getting GUID of required service instance "ResilienceCockpit-db"...#
#2026 08 28 03:39:55.374#Z#DEBUG#17753ce8-a292-11f1-ad9c-eeee0a80c268.OPERATION#flowable-async-job-executor-thread-1263#
[CheckServiceBindingOperationStep] Executing task "checkForServiceBindingOperationInProgress" of process "2287400b-a292-11f1-b31b-eeee0a949a95"...#
#2026 08 28 03:39:55.374#Z#DEBUG#17753ce8-a292-11f1-ad9c-eeee0a80c268.OPERATION#flowable-async-job-executor-thread-1263#
[CheckServiceBindingOperationStep] Checking for service binding operation in progress between app "ResilienceCockpit-srv" and service instance "ResilienceCockpit-auth"#
#2026 08 28 03:39:55.375#Z#DEBUG#17753ce8-a292-11f1-ad9c-eeee0a80c268.OPERATION#flowable-async-job-executor-thread-1263#
[CheckServiceBindingOperationStep] Getting application guid "ResilienceCockpit-srv"...#
#2026 08 28 03:39:55.391#Z#DEBUG#17753ce8-a292-11f1-ad9c-eeee0a80c268.OPERATION#flowable-async-job-executor-thread-1265#
[CheckServiceBindingOperationStep] Getting binding of service instance "793c82c4-0c29-4054-8664-8ad70f1aaf7d" with application "846298f7-a9cf-4b9f-a20b-63e370407f6e"...#
#2026 08 28 03:39:55.405#Z#DEBUG#17753ce8-a292-11f1-ad9c-eeee0a80c268.OPERATION#flowable-async-job-executor-thread-1263#
[CheckServiceBindingOperationStep] Getting GUID of required service instance "ResilienceCockpit-auth"...#
#2026 08 28 03:39:55.422#Z#DEBUG#17753ce8-a292-11f1-ad9c-eeee0a80c268.OPERATION#flowable-async-job-executor-thread-1265#
[CheckServiceBindingOperationStep] Service binding operation "7af3739a-f0a8-472f-b962-c8d6cfea5843" with type "create" is in state "succeeded"#
#2026 08 28 03:39:55.422#Z#DEBUG#17753ce8-a292-11f1-ad9c-eeee0a80c268.OPERATION#flowable-async-job-executor-thread-1265#
Step "Check For Service Binding Operation In Progress" finished#
#2026 08 28 03:39:55.439#Z#DEBUG#17753ce8-a292-11f1-ad9c-eeee0a80c268.OPERATION#flowable-async-job-executor-thread-1263#
[CheckServiceBindingOperationStep] Getting binding of service instance "a4201f74-f0ad-456c-947a-8ce52d2ae7ca" with application "846298f7-a9cf-4b9f-a20b-63e370407f6e"...#
#2026 08 28 03:39:55.462#Z#DEBUG#17753ce8-a292-11f1-ad9c-eeee0a80c268.OPERATION#flowable-async-job-executor-thread-1263#
[CheckServiceBindingOperationStep] Service binding operation "f56f9f12-8616-468f-8e15-a76551301d1b" with type "create" is in state "succeeded"#
#2026 08 28 03:39:55.462#Z#DEBUG#17753ce8-a292-11f1-ad9c-eeee0a80c268.OPERATION#flowable-async-job-executor-thread-1263#
Step "Check For Service Binding Operation In Progress" finished#
#2026 08 28 03:39:55.362#Z#DEBUG#17753ce8-a292-11f1-ad9c-eeee0a80c268.OPERATION#flowable-async-job-executor-thread-1262#
[BuildContentDeploymentConfigurationStep] Executing task "buildContentDeploymentConfigurationTask" of process "2280d841-a292-11f1-b31b-eeee0a949a95"...#
#2026 08 28 03:39:55.386#Z#DEBUG#17753ce8-a292-11f1-ad9c-eeee0a80c268.OPERATION#ForkJoinPool-2-worker-3#
[BuildContentDeploymentConfigurationStep] Getting service key "ResilienceCockpit-destination-content-ResilienceCockpit-destination-credentials" for service instance "ResilienceCockpit-destination"...#
#2026 08 28 03:39:55.386#Z#DEBUG#17753ce8-a292-11f1-ad9c-eeee0a80c268.OPERATION#ForkJoinPool-2-worker-2#
[BuildContentDeploymentConfigurationStep] Getting service key "ResilienceCockpit-auth-key" for service instance "ResilienceCockpit-auth"...#
#2026 08 28 03:39:55.386#Z#DEBUG#17753ce8-a292-11f1-ad9c-eeee0a80c268.OPERATION#ForkJoinPool-2-worker-1#
[BuildContentDeploymentConfigurationStep] Getting service key "ResilienceCockpit-html5-repo-host-key" for service instance "ResilienceCockpit-html5-repo-host"...#
#2026 08 28 03:39:55.522#Z#INFO#17753ce8-a292-11f1-ad9c-eeee0a80c268.OPERATION#ForkJoinPool-2-worker-1#
[BuildContentDeploymentConfigurationStep] Service key "ResilienceCockpit-html5-repo-host-key" for service "ResilienceCockpit-html5-repo-host" already exists#
#2026 08 28 03:39:55.541#Z#INFO#17753ce8-a292-11f1-ad9c-eeee0a80c268.OPERATION#ForkJoinPool-2-worker-3#
[BuildContentDeploymentConfigurationStep] Service key "ResilienceCockpit-destination-content-ResilienceCockpit-destination-credentials" for service "ResilienceCockpit-destination" already exists#
#2026 08 28 03:39:55.544#Z#INFO#17753ce8-a292-11f1-ad9c-eeee0a80c268.OPERATION#ForkJoinPool-2-worker-2#
[BuildContentDeploymentConfigurationStep] Service key "ResilienceCockpit-auth-key" for service "ResilienceCockpit-auth" already exists#
#2026 08 28 03:39:55.552#Z#DEBUG#17753ce8-a292-11f1-ad9c-eeee0a80c268.OPERATION#flowable-async-job-executor-thread-1262#
Step "Build Content Deployment Configuration" finished#
#2026 08 28 03:39:55.448#Z#DEBUG#17753ce8-a292-11f1-ad9c-eeee0a80c268.OPERATION#flowable-async-job-executor-thread-1265#
[DetermineApplicationServiceBindingActionsStep] Executing task "determineApplicationServiceBindingActionsTask" of process "227fed3b-a292-11f1-b31b-eeee0a949a95"...#
#2026 08 28 03:39:55.450#Z#DEBUG#17753ce8-a292-11f1-ad9c-eeee0a80c268.OPERATION#flowable-async-job-executor-thread-1265#
[DetermineApplicationServiceBindingActionsStep] Determine bind/unbind operations of application "ResilienceCockpit-srv" to service instance "ResilienceCockpit-db"#
#2026 08 28 03:39:55.450#Z#DEBUG#17753ce8-a292-11f1-ad9c-eeee0a80c268.OPERATION#flowable-async-job-executor-thread-1265#
[DetermineApplicationServiceBindingActionsStep] Getting application "ResilienceCockpit-srv"...#
#2026 08 28 03:39:55.488#Z#DEBUG#17753ce8-a292-11f1-ad9c-eeee0a80c268.OPERATION#flowable-async-job-executor-thread-1265#
[DetermineApplicationServiceBindingActionsStep] Binding parameters for application "ResilienceCockpit-srv": { }#
#2026 08 28 03:39:55.491#Z#DEBUG#17753ce8-a292-11f1-ad9c-eeee0a80c268.OPERATION#flowable-async-job-executor-thread-1260#
[DetermineApplicationServiceBindingActionsStep] Executing task "determineApplicationServiceBindingActionsTask" of process "2287400b-a292-11f1-b31b-eeee0a949a95"...#
#2026 08 28 03:39:55.493#Z#DEBUG#17753ce8-a292-11f1-ad9c-eeee0a80c268.OPERATION#flowable-async-job-executor-thread-1260#
[DetermineApplicationServiceBindingActionsStep] Determine bind/unbind operations of application "ResilienceCockpit-srv" to service instance "ResilienceCockpit-auth"#
#2026 08 28 03:39:55.493#Z#DEBUG#17753ce8-a292-11f1-ad9c-eeee0a80c268.OPERATION#flowable-async-job-executor-thread-1260#
[DetermineApplicationServiceBindingActionsStep] Getting application "ResilienceCockpit-srv"...#
#2026 08 28 03:39:55.524#Z#DEBUG#17753ce8-a292-11f1-ad9c-eeee0a80c268.OPERATION#flowable-async-job-executor-thread-1260#
[DetermineApplicationServiceBindingActionsStep] Binding parameters for application "ResilienceCockpit-srv": { }#
#2026 08 28 03:39:55.536#Z#DEBUG#17753ce8-a292-11f1-ad9c-eeee0a80c268.OPERATION#flowable-async-job-executor-thread-1265#
[DetermineApplicationServiceBindingActionsStep] Check should rebind application "ResilienceCockpit-srv" and service instance "ResilienceCockpit-db"#
#2026 08 28 03:39:55.536#Z#DEBUG#17753ce8-a292-11f1-ad9c-eeee0a80c268.OPERATION#flowable-async-job-executor-thread-1265#
[DetermineApplicationServiceBindingActionsStep] Getting GUID of required service instance "ResilienceCockpit-db"...#
#2026 08 28 03:39:55.563#Z#DEBUG#17753ce8-a292-11f1-ad9c-eeee0a80c268.OPERATION#flowable-async-job-executor-thread-1260#
[DetermineApplicationServiceBindingActionsStep] Check should rebind application "ResilienceCockpit-srv" and service instance "ResilienceCockpit-auth"#
#2026 08 28 03:39:55.563#Z#DEBUG#17753ce8-a292-11f1-ad9c-eeee0a80c268.OPERATION#flowable-async-job-executor-thread-1260#
[DetermineApplicationServiceBindingActionsStep] Getting GUID of required service instance "ResilienceCockpit-auth"...#
#2026 08 28 03:39:55.565#Z#DEBUG#17753ce8-a292-11f1-ad9c-eeee0a80c268.OPERATION#flowable-async-job-executor-thread-1265#
[DetermineApplicationServiceBindingActionsStep] Getting binding of service instance "793c82c4-0c29-4054-8664-8ad70f1aaf7d" with application "846298f7-a9cf-4b9f-a20b-63e370407f6e"...#
#2026 08 28 03:39:55.596#Z#DEBUG#17753ce8-a292-11f1-ad9c-eeee0a80c268.OPERATION#flowable-async-job-executor-thread-1260#
[DetermineApplicationServiceBindingActionsStep] Getting binding of service instance "a4201f74-f0ad-456c-947a-8ce52d2ae7ca" with application "846298f7-a9cf-4b9f-a20b-63e370407f6e"...#
#2026 08 28 03:39:55.599#Z#DEBUG#17753ce8-a292-11f1-ad9c-eeee0a80c268.OPERATION#flowable-async-job-executor-thread-1265#
[DetermineApplicationServiceBindingActionsStep] Getting parameters of service binding "7af3739a-f0a8-472f-b962-c8d6cfea5843"...#
#2026 08 28 03:39:55.636#Z#DEBUG#17753ce8-a292-11f1-ad9c-eeee0a80c268.OPERATION#flowable-async-job-executor-thread-1260#
[DetermineApplicationServiceBindingActionsStep] Getting parameters of service binding "f56f9f12-8616-468f-8e15-a76551301d1b"...#
#2026 08 28 03:39:55.679#Z#WARN#17753ce8-a292-11f1-ad9c-eeee0a80c268.OPERATION#flowable-async-job-executor-thread-1260#
[DetermineApplicationServiceBindingActionsStep] Cannot retrieve parameters of binding between application "ResilienceCockpit-srv" and service instance "ResilienceCockpit-auth"#
#2026 08 28 03:39:55.681#Z#DEBUG#17753ce8-a292-11f1-ad9c-eeee0a80c268.OPERATION#flowable-async-job-executor-thread-1260#
[DetermineApplicationServiceBindingActionsStep] Calculated binding operations between application "ResilienceCockpit-srv" and service instance "ResilienceCockpit-auth": unbind - true bind - true#
#2026 08 28 03:39:55.681#Z#DEBUG#17753ce8-a292-11f1-ad9c-eeee0a80c268.OPERATION#flowable-async-job-executor-thread-1260#
Step "Determine Application Service Binding Actions" finished#
#2026 08 28 03:39:55.555#Z#DEBUG#17753ce8-a292-11f1-ad9c-eeee0a80c268.OPERATION#flowable-async-job-executor-thread-1262#
[CreateContentDeployClientConfigurationStep] Executing task "createContentDeployClientConfigurationTask" of process "22a7c082-a292-11f1-b31b-eeee0a949a95"...#
#2026 08 28 03:39:55.556#Z#DEBUG#17753ce8-a292-11f1-ad9c-eeee0a80c268.OPERATION#flowable-async-job-executor-thread-1262#
[CreateContentDeployClientConfigurationStep] Content deployer client configuration: {
  "contentDeployerUrl" : "https://destination-configuration.cfapps.us10.hana.ondemand.com/destination-configuration/gacd",
  "uaaClientConfiguration" : {
    "url" : "********",
    "credentials" : "********",
    "authenticationStrategyType" : "********"
  },
  "httpRequestHeaders" : {
    "X-CorrelationID" : "17753ce8-a292-11f1-ad9c-eeee0a80c268"
  },
  "spaceId" : "039a1fe6-69a4-4c1e-9b8f-a64d47329d3e",
  "serviceName" : "ResilienceCockpit-destination"
}#
#2026 08 28 03:39:55.762#Z#DEBUG#17753ce8-a292-11f1-ad9c-eeee0a80c268.OPERATION#flowable-async-job-executor-thread-1262#
Step "Create Content Deploy Client Configuration" finished#
#2026 08 28 03:39:55.763#Z#DEBUG#17753ce8-a292-11f1-ad9c-eeee0a80c268.OPERATION#flowable-async-job-executor-thread-1262#
[GetContentFromDeploymentDescriptorStep] Executing task "getContentFromDeploymentDescriptorTask" of process "22a7c082-a292-11f1-b31b-eeee0a949a95"...#
#2026 08 28 03:39:55.764#Z#DEBUG#17753ce8-a292-11f1-ad9c-eeee0a80c268.OPERATION#flowable-async-job-executor-thread-1262#
[GetContentFromDeploymentDescriptorStep] Content for module: "ResilienceCockpit-destination-content" is: "{
  "id" : "9a57e1ca-83af-4b89-9f3b-99f52a476039",
  "contentType" : "EMBEDDED",
  "content" : {
    "instance" : {
      "destinations" : [ {
        "Authentication" : "********",
        "Name" : "srv-api",
        "TokenServiceInstanceName" : "********",
        "TokenServiceKeyName" : "********",
        "URL" : "https://94060551trial-dev-resiliencecockpit-srv.cfapps.us10-003.hana.ondemand.com"
      }, {
        "Name" : "ResilienceCockpit-html5-repo-host",
        "ServiceInstanceName" : "ResilienceCockpit-html5-repo-host",
        "ServiceKeyName" : "********",
        "sap.cloud.service" : "nexus"
      }, {
        "Authentication" : "********",
        "Name" : "********",
        "ServiceInstanceName" : "********",
        "ServiceKeyName" : "********"
      } ],
      "existing_destinations_policy" : "update"
    }
  }
}"#
#2026 08 28 03:39:55.764#Z#DEBUG#17753ce8-a292-11f1-ad9c-eeee0a80c268.OPERATION#flowable-async-job-executor-thread-1262#
Step "Get Content From Deployment Descriptor" finished#
#2026 08 28 03:39:55.792#Z#INFO#17753ce8-a292-11f1-ad9c-eeee0a80c268.OPERATION#flowable-async-job-executor-thread-1265#
[DetermineApplicationServiceBindingActionsStep] Service instance "ResilienceCockpit-db" will not be rebound to application "ResilienceCockpit-srv" because the binding parameters are not modified#
#2026 08 28 03:39:55.795#Z#DEBUG#17753ce8-a292-11f1-ad9c-eeee0a80c268.OPERATION#flowable-async-job-executor-thread-1265#
[DetermineApplicationServiceBindingActionsStep] Calculated binding operations between application "ResilienceCockpit-srv" and service instance "ResilienceCockpit-db": unbind - false bind - false#
#2026 08 28 03:39:55.795#Z#DEBUG#17753ce8-a292-11f1-ad9c-eeee0a80c268.OPERATION#flowable-async-job-executor-thread-1265#
Step "Determine Application Service Binding Actions" finished#
#2026 08 28 03:39:55.711#Z#DEBUG#17753ce8-a292-11f1-ad9c-eeee0a80c268.OPERATION#flowable-async-job-executor-thread-1264#
[UnbindServiceFromApplicationStep] Executing task "unbindServiceFromApplicationTask" of process "2287400b-a292-11f1-b31b-eeee0a949a95"...#
#2026 08 28 03:39:55.714#Z#INFO#17753ce8-a292-11f1-ad9c-eeee0a80c268.OPERATION#flowable-async-job-executor-thread-1264#
[UnbindServiceFromApplicationStep] Unbinding service instance "ResilienceCockpit-auth" from application "ResilienceCockpit-srv"...#
#2026 08 28 03:39:55.717#Z#DEBUG#17753ce8-a292-11f1-ad9c-eeee0a80c268.OPERATION#flowable-async-job-executor-thread-1264#
[UnbindServiceFromApplicationStep] Unbinding application "ResilienceCockpit-srv" from service instance "ResilienceCockpit-auth"...#
#2026 08 28 03:39:55.864#Z#DEBUG#17753ce8-a292-11f1-ad9c-eeee0a80c268.OPERATION#flowable-async-job-executor-thread-1264#
Step "Unbind Service from Application" finished#
#2026 08 28 03:39:56.212#Z#DEBUG#17753ce8-a292-11f1-ad9c-eeee0a80c268.OPERATION#flowable-async-job-executor-thread-5278#
[ProcessDescriptorStep] Executing task "reprocessDescriptorTask" of process "2301c877-a292-11f1-ad9c-eeee0a80c268"...#
#2026 08 28 03:39:56.212#Z#DEBUG#17753ce8-a292-11f1-ad9c-eeee0a80c268.OPERATION#flowable-async-job-executor-thread-5278#
[ProcessDescriptorStep] Resolving properties and parameters in merged descriptor...#
#2026 08 28 03:39:56.217#Z#DEBUG#17753ce8-a292-11f1-ad9c-eeee0a80c268.OPERATION#flowable-async-job-executor-thread-5278#
[ProcessDescriptorStep] Subscriptions: [ ]#
#2026 08 28 03:39:56.221#Z#DEBUG#17753ce8-a292-11f1-ad9c-eeee0a80c268.OPERATION#flowable-async-job-executor-thread-5278#
[ProcessDescriptorStep] MTA modules: [ResilienceCockpit-srv, ResilienceCockpit-app-deployer, ResilienceCockpit-destination-content, ResilienceCockpit-db-deployer]#
#2026 08 28 03:39:56.223#Z#DEBUG#17753ce8-a292-11f1-ad9c-eeee0a80c268.OPERATION#flowable-async-job-executor-thread-5278#
[ProcessDescriptorStep] Resolved deployment descriptor: {
  "majorSchemaVersion" : 3,
  "schemaVersion" : "3.3.0",
  "id" : "ResilienceCockpit",
  "version" : "1.0.0",
  "modules" : [ {
    "majorSchemaVersion" : 3,
    "name" : "ResilienceCockpit-srv",
    "type" : "javascript.nodejs",
    "path" : "ResilienceCockpit-srv",
    "properties" : { },
    "parameters" : {
      "default-url" : "https://94060551trial-dev-resiliencecockpit-srv.cfapps.us10-003.hana.ondemand.com",
      "default-app-name" : "ResilienceCockpit-srv",
      "generated-password" : "********",
      "default-live-url" : "https://94060551trial-dev-resiliencecockpit-srv.cfapps.us10-003.hana.ondemand.com",
      "default-uri" : "94060551trial-dev-resiliencecockpit-srv.cfapps.us10-003.hana.ondemand.com",
      "default-instances" : 1,
      "default-live-host" : "94060551trial-dev-resiliencecockpit-srv",
      "instances" : 1,
      "buildpack" : "nodejs_buildpack",
      "default-host" : "94060551trial-dev-resiliencecockpit-srv",
      "app-name" : "ResilienceCockpit-srv",
      "default-live-uri" : "94060551trial-dev-resiliencecockpit-srv.cfapps.us10-003.hana.ondemand.com",
      "protocol" : "https",
      "default-live-app-name" : "ResilienceCockpit-srv",
      "default-live-domain" : "cfapps.us10-003.hana.ondemand.com",
      "domain" : "cfapps.us10-003.hana.ondemand.com",
      "host" : "94060551trial-dev-resiliencecockpit-srv",
      "generated-user" : "********"
    },
    "requiredDependencies" : [ {
      "majorSchemaVersion" : 3,
      "name" : "********",
      "properties" : { },
      "parameters" : { },
      "propertiesMetadata" : {
        "metadata" : { }
      },
      "parametersMetadata" : {
        "metadata" : { }
      }
    }, {
      "majorSchemaVersion" : 3,
      "name" : "ResilienceCockpit-db",
      "properties" : { },
      "parameters" : { },
      "propertiesMetadata" : {
        "metadata" : { }
      },
      "parametersMetadata" : {
        "metadata" : { }
      }
    }, {
      "majorSchemaVersion" : 3,
      "name" : "ResilienceCockpit-connectivity",
      "properties" : { },
      "parameters" : { },
      "propertiesMetadata" : {
        "metadata" : { }
      },
      "parametersMetadata" : {
        "metadata" : { }
      }
    }, {
      "majorSchemaVersion" : 3,
      "name" : "ResilienceCockpit-destination",
      "properties" : { },
      "parameters" : { },
      "propertiesMetadata" : {
        "metadata" : { }
      },
      "parametersMetadata" : {
        "metadata" : { }
      }
    }, {
      "majorSchemaVersion" : 3,
      "name" : "ResilienceCockpit-logging",
      "properties" : { },
      "parameters" : { },
      "propertiesMetadata" : {
        "metadata" : { }
      },
      "parametersMetadata" : {
        "metadata" : { }
      }
    } ],
    "providedDependencies" : [ {
      "majorSchemaVersion" : 3,
      "name" : "srv-api",
      "isPublic" : false,
      "properties" : {
        "srv-url" : "https://94060551trial-dev-resiliencecockpit-srv.cfapps.us10-003.hana.ondemand.com"
      },
      "parameters" : { },
      "propertiesMetadata" : {
        "metadata" : { }
      },
      "parametersMetadata" : {
        "metadata" : { }
      }
    }, {
      "majorSchemaVersion" : 3,
      "name" : "ResilienceCockpit-srv",
      "isPublic" : false,
      "properties" : { },
      "parameters" : { },
      "propertiesMetadata" : {
        "metadata" : { }
      },
      "parametersMetadata" : {
        "metadata" : { }
      }
    } ],
    "propertiesMetadata" : {
      "metadata" : { }
    },
    "parametersMetadata" : {
      "metadata" : { }
    },
    "hooks" : [ ]
  }, {
    "majorSchemaVersion" : 3,
    "name" : "ResilienceCockpit-db-deployer",
    "type" : "com.sap.xs.hdi",
    "path" : "ResilienceCockpit-db-deployer",
    "properties" : {
      "EXIT" : 1
    },
    "parameters" : {
      "default-url" : "https://94060551trial-dev-resiliencecockpit-db-deployer.cfapps.us10-003.hana.ondemand.com",
      "default-app-name" : "ResilienceCockpit-db-deployer",
      "generated-password" : "********",
      "default-live-url" : "https://94060551trial-dev-resiliencecockpit-db-deployer.cfapps.us10-003.hana.ondemand.com",
      "default-uri" : "94060551trial-dev-resiliencecockpit-db-deployer.cfapps.us10-003.hana.ondemand.com",
      "memory" : "256M",
      "default-instances" : 1,
      "no-route" : true,
      "default-live-host" : "94060551trial-dev-resiliencecockpit-db-deployer",
      "instances" : 1,
      "buildpack" : "nodejs_buildpack",
      "default-host" : "94060551trial-dev-resiliencecockpit-db-deployer",
      "app-name" : "ResilienceCockpit-db-deployer",
      "default-live-uri" : "94060551trial-dev-resiliencecockpit-db-deployer.cfapps.us10-003.hana.ondemand.com",
      "protocol" : "https",
      "default-live-app-name" : "ResilienceCockpit-db-deployer",
      "default-live-domain" : "cfapps.us10-003.hana.ondemand.com",
      "dependency-type" : "hard",
      "domain" : "cfapps.us10-003.hana.ondemand.com",
      "host" : "94060551trial-dev-resiliencecockpit-db-deployer",
      "generated-user" : "********",
      "tasks" : [ {
        "command" : "npm start",
        "memory" : "256M",
        "name" : "deploy"
      } ],
      "no-start" : true
    },
    "requiredDependencies" : [ {
      "majorSchemaVersion" : 3,
      "name" : "ResilienceCockpit-db",
      "properties" : { },
      "parameters" : { },
      "propertiesMetadata" : {
        "metadata" : { }
      },
      "parametersMetadata" : {
        "metadata" : { }
      }
    } ],
    "providedDependencies" : [ {
      "majorSchemaVersion" : 3,
      "name" : "ResilienceCockpit-db-deployer",
      "isPublic" : false,
      "properties" : { },
      "parameters" : { },
      "propertiesMetadata" : {
        "metadata" : { }
      },
      "parametersMetadata" : {
        "metadata" : { }
      }
    } ],
    "propertiesMetadata" : {
      "metadata" : { }
    },
    "parametersMetadata" : {
      "metadata" : { }
    },
    "hooks" : [ ]
  }, {
    "majorSchemaVersion" : 3,
    "name" : "ResilienceCockpit-app-deployer",
    "type" : "com.sap.application.content",
    "path" : "ResilienceCockpit-app-deployer",
    "properties" : { },
    "parameters" : {
      "default-url" : "https://94060551trial-dev-resiliencecockpit-app-deployer.cfapps.us10-003.hana.ondemand.com",
      "default-app-name" : "ResilienceCockpit-app-deployer",
      "generated-password" : "********",
      "default-live-url" : "https://94060551trial-dev-resiliencecockpit-app-deployer.cfapps.us10-003.hana.ondemand.com",
      "default-uri" : "94060551trial-dev-resiliencecockpit-app-deployer.cfapps.us10-003.hana.ondemand.com",
      "default-instances" : 1,
      "default-live-host" : "94060551trial-dev-resiliencecockpit-app-deployer",
      "instances" : 1,
      "default-host" : "94060551trial-dev-resiliencecockpit-app-deployer",
      "app-name" : "ResilienceCockpit-app-deployer",
      "default-live-uri" : "94060551trial-dev-resiliencecockpit-app-deployer.cfapps.us10-003.hana.ondemand.com",
      "protocol" : "https",
      "default-live-app-name" : "ResilienceCockpit-app-deployer",
      "default-live-domain" : "cfapps.us10-003.hana.ondemand.com",
      "domain" : "cfapps.us10-003.hana.ondemand.com",
      "host" : "94060551trial-dev-resiliencecockpit-app-deployer",
      "generated-user" : "********"
    },
    "requiredDependencies" : [ {
      "majorSchemaVersion" : 3,
      "name" : "********",
      "properties" : { },
      "parameters" : { },
      "propertiesMetadata" : {
        "metadata" : { }
      },
      "parametersMetadata" : {
        "metadata" : { }
      }
    }, {
      "majorSchemaVersion" : 3,
      "name" : "srv-api",
      "properties" : { },
      "parameters" : { },
      "propertiesMetadata" : {
        "metadata" : { }
      },
      "parametersMetadata" : {
        "metadata" : { }
      }
    }, {
      "majorSchemaVersion" : 3,
      "name" : "ResilienceCockpit-html5-repo-host",
      "properties" : { },
      "parameters" : {
        "config" : {
          "HTML5Runtime_enabled" : false
        },
        "content-target" : true
      },
      "propertiesMetadata" : {
        "metadata" : { }
      },
      "parametersMetadata" : {
        "metadata" : { }
      }
    } ],
    "providedDependencies" : [ {
      "majorSchemaVersion" : 3,
      "name" : "ResilienceCockpit-app-deployer",
      "isPublic" : false,
      "properties" : { },
      "parameters" : { },
      "propertiesMetadata" : {
        "metadata" : { }
      },
      "parametersMetadata" : {
        "metadata" : { }
      }
    } ],
    "propertiesMetadata" : {
      "metadata" : { }
    },
    "parametersMetadata" : {
      "metadata" : { }
    },
    "hooks" : [ ]
  }, {
    "majorSchemaVersion" : 3,
    "name" : "ResilienceCockpit-destination-content",
    "type" : "com.sap.application.content",
    "properties" : { },
    "parameters" : {
      "default-url" : "https://94060551trial-dev-resiliencecockpit-destination-content.cfapps.us10-003.hana.ondemand.com",
      "default-app-name" : "ResilienceCockpit-destination-content",
      "generated-password" : "********",
      "default-live-url" : "https://94060551trial-dev-resiliencecockpit-destination-content.cfapps.us10-003.hana.ondemand.com",
      "default-uri" : "94060551trial-dev-resiliencecockpit-destination-content.cfapps.us10-003.hana.ondemand.com",
      "default-instances" : 1,
      "default-live-host" : "94060551trial-dev-resiliencecockpit-destination-content",
      "instances" : 1,
      "default-host" : "94060551trial-dev-resiliencecockpit-destination-content",
      "content" : {
        "instance" : {
          "destinations" : [ {
            "Authentication" : "********",
            "Name" : "srv-api",
            "TokenServiceInstanceName" : "********",
            "TokenServiceKeyName" : "********",
            "URL" : "https://94060551trial-dev-resiliencecockpit-srv.cfapps.us10-003.hana.ondemand.com"
          }, {
            "Name" : "ResilienceCockpit-html5-repo-host",
            "ServiceInstanceName" : "ResilienceCockpit-html5-repo-host",
            "ServiceKeyName" : "********",
            "sap.cloud.service" : "nexus"
          }, {
            "Authentication" : "********",
            "Name" : "********",
            "ServiceInstanceName" : "********",
            "ServiceKeyName" : "********"
          } ],
          "existing_destinations_policy" : "update"
        }
      },
      "app-name" : "ResilienceCockpit-destination-content",
      "default-live-uri" : "94060551trial-dev-resiliencecockpit-destination-content.cfapps.us10-003.hana.ondemand.com",
      "protocol" : "https",
      "default-live-app-name" : "ResilienceCockpit-destination-content",
      "default-live-domain" : "cfapps.us10-003.hana.ondemand.com",
      "domain" : "cfapps.us10-003.hana.ondemand.com",
      "host" : "94060551trial-dev-resiliencecockpit-destination-content",
      "generated-user" : "********"
    },
    "requiredDependencies" : [ {
      "majorSchemaVersion" : 3,
      "name" : "********",
      "properties" : { },
      "parameters" : {
        "service-key" : "********"
      },
      "propertiesMetadata" : {
        "metadata" : { }
      },
      "parametersMetadata" : {
        "metadata" : { }
      }
    }, {
      "majorSchemaVersion" : 3,
      "name" : "ResilienceCockpit-html5-repo-host",
      "properties" : { },
      "parameters" : {
        "service-key" : "********"
      },
      "propertiesMetadata" : {
        "metadata" : { }
      },
      "parametersMetadata" : {
        "metadata" : { }
      }
    }, {
      "majorSchemaVersion" : 3,
      "name" : "srv-api",
      "properties" : { },
      "parameters" : { },
      "propertiesMetadata" : {
        "metadata" : { }
      },
      "parametersMetadata" : {
        "metadata" : { }
      }
    }, {
      "majorSchemaVersion" : 3,
      "name" : "ResilienceCockpit-destination",
      "properties" : { },
      "parameters" : {
        "content-target" : true
      },
      "propertiesMetadata" : {
        "metadata" : { }
      },
      "parametersMetadata" : {
        "metadata" : { }
      }
    } ],
    "providedDependencies" : [ {
      "majorSchemaVersion" : 3,
      "name" : "ResilienceCockpit-destination-content",
      "isPublic" : false,
      "properties" : { },
      "parameters" : { },
      "propertiesMetadata" : {
        "metadata" : { }
      },
      "parametersMetadata" : {
        "metadata" : { }
      }
    } ],
    "propertiesMetadata" : {
      "metadata" : { }
    },
    "parametersMetadata" : {
      "metadata" : { }
    },
    "hooks" : [ ]
  } ],
  "resources" : [ {
    "majorSchemaVersion" : 3,
    "name" : "********",
    "type" : "org.cloudfoundry.managed-service",
    "properties" : { },
    "parameters" : {
      "generated-password" : "********",
      "path" : "./xs-security.json",
      "service-name" : "********",
      "service-plan" : "application",
      "service" : "xsuaa",
      "generated-user" : "********",
      "default-xsappname" : "********",
      "type" : "managed-service",
      "config" : {
        "oauth2-configuration" : "********",
        "tenant-mode" : "dedicated",
        "xsappname" : "ResilienceCockpit-94060551trial-dev"
      },
      "default-service-name" : "********",
      "default-container-name" : "********"
    },
    "isActive" : true,
    "isOptional" : false,
    "propertiesMetadata" : {
      "metadata" : { }
    },
    "parametersMetadata" : {
      "metadata" : { }
    },
    "requiredDependencies" : [ ],
    "processedAfter" : [ ]
  }, {
    "majorSchemaVersion" : 3,
    "name" : "ResilienceCockpit-db",
    "type" : "com.sap.xs.hdi-container",
    "properties" : { },
    "parameters" : {
      "generated-password" : "********",
      "service-name" : "ResilienceCockpit-db",
      "service-plan" : "hdi-shared",
      "service" : "hana",
      "generated-user" : "********",
      "default-xsappname" : "ResilienceCockpit-db",
      "type" : "managed-service",
      "default-service-name" : "ResilienceCockpit-db",
      "default-container-name" : "94060551TRIAL_DEV_RESILIENCECOCKPIT_DB"
    },
    "isActive" : true,
    "isOptional" : false,
    "propertiesMetadata" : {
      "metadata" : { }
    },
    "parametersMetadata" : {
      "metadata" : { }
    },
    "requiredDependencies" : [ ],
    "processedAfter" : [ ]
  }, {
    "majorSchemaVersion" : 3,
    "name" : "ResilienceCockpit-connectivity",
    "type" : "org.cloudfoundry.managed-service",
    "properties" : { },
    "parameters" : {
      "generated-password" : "********",
      "service-name" : "ResilienceCockpit-connectivity",
      "service-plan" : "lite",
      "service" : "connectivity",
      "generated-user" : "********",
      "default-xsappname" : "ResilienceCockpit-connectivity",
      "type" : "managed-service",
      "default-service-name" : "ResilienceCockpit-connectivity",
      "default-container-name" : "94060551TRIAL_DEV_RESILIENCECOCKPIT_CONNECTIVITY"
    },
    "isActive" : true,
    "isOptional" : false,
    "propertiesMetadata" : {
      "metadata" : { }
    },
    "parametersMetadata" : {
      "metadata" : { }
    },
    "requiredDependencies" : [ ],
    "processedAfter" : [ ]
  }, {
    "majorSchemaVersion" : 3,
    "name" : "ResilienceCockpit-destination",
    "type" : "org.cloudfoundry.managed-service",
    "properties" : { },
    "parameters" : {
      "generated-password" : "********",
      "service-name" : "ResilienceCockpit-destination",
      "service-plan" : "lite",
      "service" : "destination",
      "generated-user" : "********",
      "default-xsappname" : "ResilienceCockpit-destination",
      "type" : "managed-service",
      "config" : {
        "HTML5Runtime_enabled" : true,
        "init_data" : {
          "instance" : {
            "destinations" : [ {
              "Authentication" : "********",
              "Name" : "ui5",
              "ProxyType" : "Internet",
              "Type" : "HTTP",
              "URL" : "https://ui5.sap.com"
            }, {
              "Authentication" : "********",
              "HTML5.DynamicDestination" : true,
              "HTML5.ForwardAuthToken" : "********",
              "Name" : "srv-api",
              "ProxyType" : "Internet",
              "Type" : "HTTP",
              "URL" : "https://94060551trial-dev-resiliencecockpit-srv.cfapps.us10-003.hana.ondemand.com"
            } ],
            "existing_destinations_policy" : "update"
          }
        }
      },
      "default-service-name" : "ResilienceCockpit-destination",
      "default-container-name" : "94060551TRIAL_DEV_RESILIENCECOCKPIT_DESTINATION"
    },
    "isActive" : true,
    "isOptional" : false,
    "propertiesMetadata" : {
      "metadata" : { }
    },
    "parametersMetadata" : {
      "metadata" : { }
    },
    "requiredDependencies" : [ {
      "majorSchemaVersion" : 3,
      "name" : "srv-api",
      "properties" : { },
      "parameters" : { },
      "propertiesMetadata" : {
        "metadata" : { }
      },
      "parametersMetadata" : {
        "metadata" : { }
      }
    } ],
    "processedAfter" : [ ]
  }, {
    "majorSchemaVersion" : 3,
    "name" : "ResilienceCockpit-html5-repo-host",
    "type" : "org.cloudfoundry.managed-service",
    "properties" : { },
    "parameters" : {
      "generated-password" : "********",
      "service-name" : "ResilienceCockpit-html5-repo-host",
      "service-plan" : "app-host",
      "service" : "html5-apps-repo",
      "generated-user" : "********",
      "default-xsappname" : "ResilienceCockpit-html5-repo-host",
      "type" : "managed-service",
      "default-service-name" : "ResilienceCockpit-html5-repo-host",
      "default-container-name" : "94060551TRIAL_DEV_RESILIENCECOCKPIT_HTML5_REPO_HOST"
    },
    "isActive" : true,
    "isOptional" : false,
    "propertiesMetadata" : {
      "metadata" : { }
    },
    "parametersMetadata" : {
      "metadata" : { }
    },
    "requiredDependencies" : [ ],
    "processedAfter" : [ ]
  }, {
    "majorSchemaVersion" : 3,
    "name" : "ResilienceCockpit-logging",
    "type" : "org.cloudfoundry.managed-service",
    "properties" : { },
    "parameters" : {
      "generated-password" : "********",
      "service-name" : "ResilienceCockpit-logging",
      "service-plan" : "lite",
      "service" : "application-logs",
      "generated-user" : "********",
      "default-xsappname" : "ResilienceCockpit-logging",
      "type" : "managed-service",
      "default-service-name" : "ResilienceCockpit-logging",
      "default-container-name" : "94060551TRIAL_DEV_RESILIENCECOCKPIT_LOGGING"
    },
    "isActive" : true,
    "isOptional" : false,
    "propertiesMetadata" : {
      "metadata" : { }
    },
    "parametersMetadata" : {
      "metadata" : { }
    },
    "requiredDependencies" : [ ],
    "processedAfter" : [ ]
  } ],
  "parameters" : {
    "deploy_mode" : "html5-repo",
    "mta-id" : "ResilienceCockpit",
    "authorization-url" : "********",
    "org-guid" : "78e7b825-503f-4bdc-af4e-be86d7f43c8e",
    "org" : "94060551trial",
    "deploy-target" : "94060551trial dev",
    "enable-parallel-deployments" : true,
    "region-primary-domain" : "us10.hana.ondemand.com",
    "space" : "dev",
    "region-domain" : "us10-003.hana.ondemand.com",
    "xs-api-url" : "https://api.cf.us10-003.hana.ondemand.com",
    "deploy-url" : "deploy-service.cfapps.us10-003.hana.ondemand.com",
    "xs-type" : "CF",
    "default-domain" : "cfapps.us10-003.hana.ondemand.com",
    "mta-version" : "1.0.0",
    "xs-auth-url" : "********",
    "space-guid" : "039a1fe6-69a4-4c1e-9b8f-a64d47329d3e",
    "user" : "********",
    "controller-url" : "https://api.cf.us10-003.hana.ondemand.com",
    "timestamp" : "20260828033936"
  },
  "parametersMetadata" : {
    "metadata" : { }
  }
}#
#2026 08 28 03:39:56.223#Z#DEBUG#17753ce8-a292-11f1-ad9c-eeee0a80c268.OPERATION#flowable-async-job-executor-thread-5278#
[ProcessDescriptorStep] Merged descriptor properties and parameters resolved#
#2026 08 28 03:39:56.223#Z#DEBUG#17753ce8-a292-11f1-ad9c-eeee0a80c268.OPERATION#flowable-async-job-executor-thread-5278#
Step "Re-Process Descriptor Step" finished#
#2026 08 28 03:39:56.245#Z#DEBUG#17753ce8-a292-11f1-ad9c-eeee0a80c268.OPERATION#flowable-async-job-executor-thread-5278#
[BuildApplicationDeployModelStep] Executing task "buildApplicationDeployModelTask" of process "2301c877-a292-11f1-ad9c-eeee0a80c268"...#
#2026 08 28 03:39:56.246#Z#DEBUG#17753ce8-a292-11f1-ad9c-eeee0a80c268.OPERATION#flowable-async-job-executor-thread-5278#
[BuildApplicationDeployModelStep] Building cloud deployment model for application "ResilienceCockpit-db-deployer"...#
#2026 08 28 03:39:56.249#Z#DEBUG#17753ce8-a292-11f1-ad9c-eeee0a80c268.OPERATION#flowable-async-job-executor-thread-5278#
[BuildApplicationDeployModelStep] No health-check-type is specified. Setting default type: port#
#2026 08 28 03:39:56.250#Z#INFO#17753ce8-a292-11f1-ad9c-eeee0a80c268.OPERATION#flowable-async-job-executor-thread-5278#
[BuildApplicationDeployModelStep] Building configuration entries for org 94060551trial, space dev, spaceId 039a1fe6-69a4-4c1e-9b8f-a64d47329d3e and namespace null!#
#2026 08 28 03:39:56.250#Z#DEBUG#17753ce8-a292-11f1-ad9c-eeee0a80c268.OPERATION#flowable-async-job-executor-thread-5278#
[BuildApplicationDeployModelStep] Configuration entries to publish: [ ]#
#2026 08 28 03:39:56.250#Z#DEBUG#17753ce8-a292-11f1-ad9c-eeee0a80c268.OPERATION#flowable-async-job-executor-thread-5278#
[BuildApplicationDeployModelStep] Cloud deployment model for application built#
#2026 08 28 03:39:56.250#Z#DEBUG#17753ce8-a292-11f1-ad9c-eeee0a80c268.OPERATION#flowable-async-job-executor-thread-5278#
Step "Build Application Deploy Model" finished#
#2026 08 28 03:39:56.172#Z#DEBUG#17753ce8-a292-11f1-ad9c-eeee0a80c268.OPERATION#flowable-async-job-executor-thread-5277#
[CheckServiceBindingOperationStep] Executing task "checkForServiceBindingOperationInProgress" of process "23004131-a292-11f1-ad9c-eeee0a80c268"...#
#2026 08 28 03:39:56.172#Z#DEBUG#17753ce8-a292-11f1-ad9c-eeee0a80c268.OPERATION#flowable-async-job-executor-thread-5277#
[CheckServiceBindingOperationStep] Checking for service binding operation in progress between app "ResilienceCockpit-srv" and service instance "ResilienceCockpit-connectivity"#
#2026 08 28 03:39:56.173#Z#DEBUG#17753ce8-a292-11f1-ad9c-eeee0a80c268.OPERATION#flowable-async-job-executor-thread-5277#
[CheckServiceBindingOperationStep] Getting application guid "ResilienceCockpit-srv"...#
#2026 08 28 03:39:56.204#Z#DEBUG#17753ce8-a292-11f1-ad9c-eeee0a80c268.OPERATION#flowable-async-job-executor-thread-5277#
[CheckServiceBindingOperationStep] Getting GUID of required service instance "ResilienceCockpit-connectivity"...#
#2026 08 28 03:39:56.237#Z#DEBUG#17753ce8-a292-11f1-ad9c-eeee0a80c268.OPERATION#flowable-async-job-executor-thread-5277#
[CheckServiceBindingOperationStep] Getting binding of service instance "57ce73c3-9d98-4630-a914-bb3fe51155dc" with application "846298f7-a9cf-4b9f-a20b-63e370407f6e"...#
#2026 08 28 03:39:56.274#Z#DEBUG#17753ce8-a292-11f1-ad9c-eeee0a80c268.OPERATION#flowable-async-job-executor-thread-5277#
[CheckServiceBindingOperationStep] Service binding operation "97dad79b-f43f-4ac6-9253-fd8f06b14f82" with type "create" is in state "succeeded"#
#2026 08 28 03:39:56.274#Z#DEBUG#17753ce8-a292-11f1-ad9c-eeee0a80c268.OPERATION#flowable-async-job-executor-thread-5277#
Step "Check For Service Binding Operation In Progress" finished#
#2026 08 28 03:39:56.296#Z#DEBUG#17753ce8-a292-11f1-ad9c-eeee0a80c268.OPERATION#flowable-async-job-executor-thread-5277#
[DetermineApplicationServiceBindingActionsStep] Executing task "determineApplicationServiceBindingActionsTask" of process "23004131-a292-11f1-ad9c-eeee0a80c268"...#
#2026 08 28 03:39:56.297#Z#DEBUG#17753ce8-a292-11f1-ad9c-eeee0a80c268.OPERATION#flowable-async-job-executor-thread-5277#
[DetermineApplicationServiceBindingActionsStep] Determine bind/unbind operations of application "ResilienceCockpit-srv" to service instance "ResilienceCockpit-connectivity"#
#2026 08 28 03:39:56.297#Z#DEBUG#17753ce8-a292-11f1-ad9c-eeee0a80c268.OPERATION#flowable-async-job-executor-thread-5277#
[DetermineApplicationServiceBindingActionsStep] Getting application "ResilienceCockpit-srv"...#
#2026 08 28 03:39:56.328#Z#DEBUG#17753ce8-a292-11f1-ad9c-eeee0a80c268.OPERATION#flowable-async-job-executor-thread-5277#
[DetermineApplicationServiceBindingActionsStep] Binding parameters for application "ResilienceCockpit-srv": { }#
#2026 08 28 03:39:56.374#Z#DEBUG#17753ce8-a292-11f1-ad9c-eeee0a80c268.OPERATION#flowable-async-job-executor-thread-5277#
[DetermineApplicationServiceBindingActionsStep] Check should rebind application "ResilienceCockpit-srv" and service instance "ResilienceCockpit-connectivity"#
#2026 08 28 03:39:56.374#Z#DEBUG#17753ce8-a292-11f1-ad9c-eeee0a80c268.OPERATION#flowable-async-job-executor-thread-5277#
[DetermineApplicationServiceBindingActionsStep] Getting GUID of required service instance "ResilienceCockpit-connectivity"...#
#2026 08 28 03:39:56.403#Z#DEBUG#17753ce8-a292-11f1-ad9c-eeee0a80c268.OPERATION#flowable-async-job-executor-thread-5277#
[DetermineApplicationServiceBindingActionsStep] Getting binding of service instance "57ce73c3-9d98-4630-a914-bb3fe51155dc" with application "846298f7-a9cf-4b9f-a20b-63e370407f6e"...#
#2026 08 28 03:39:56.433#Z#DEBUG#17753ce8-a292-11f1-ad9c-eeee0a80c268.OPERATION#flowable-async-job-executor-thread-5277#
[DetermineApplicationServiceBindingActionsStep] Getting parameters of service binding "97dad79b-f43f-4ac6-9253-fd8f06b14f82"...#
#2026 08 28 03:39:56.468#Z#WARN#17753ce8-a292-11f1-ad9c-eeee0a80c268.OPERATION#flowable-async-job-executor-thread-5277#
[DetermineApplicationServiceBindingActionsStep] Cannot retrieve parameters of binding between application "ResilienceCockpit-srv" and service instance "ResilienceCockpit-connectivity"#
#2026 08 28 03:39:56.469#Z#DEBUG#17753ce8-a292-11f1-ad9c-eeee0a80c268.OPERATION#flowable-async-job-executor-thread-5277#
[DetermineApplicationServiceBindingActionsStep] Calculated binding operations between application "ResilienceCockpit-srv" and service instance "ResilienceCockpit-connectivity": unbind - true bind - true#
#2026 08 28 03:39:56.469#Z#DEBUG#17753ce8-a292-11f1-ad9c-eeee0a80c268.OPERATION#flowable-async-job-executor-thread-5277#
Step "Determine Application Service Binding Actions" finished#
#2026 08 28 03:39:56.488#Z#DEBUG#17753ce8-a292-11f1-ad9c-eeee0a80c268.OPERATION#flowable-async-job-executor-thread-5277#
[UnbindServiceFromApplicationStep] Executing task "unbindServiceFromApplicationTask" of process "23004131-a292-11f1-ad9c-eeee0a80c268"...#
#2026 08 28 03:39:56.489#Z#INFO#17753ce8-a292-11f1-ad9c-eeee0a80c268.OPERATION#flowable-async-job-executor-thread-5277#
[UnbindServiceFromApplicationStep] Unbinding service instance "ResilienceCockpit-connectivity" from application "ResilienceCockpit-srv"...#
#2026 08 28 03:39:56.492#Z#DEBUG#17753ce8-a292-11f1-ad9c-eeee0a80c268.OPERATION#flowable-async-job-executor-thread-5277#
[UnbindServiceFromApplicationStep] Unbinding application "ResilienceCockpit-srv" from service instance "ResilienceCockpit-connectivity"...#
#2026 08 28 03:39:56.636#Z#DEBUG#17753ce8-a292-11f1-ad9c-eeee0a80c268.OPERATION#flowable-async-job-executor-thread-5277#
Step "Unbind Service from Application" finished#
#2026 08 28 03:39:56.273#Z#DEBUG#17753ce8-a292-11f1-ad9c-eeee0a80c268.OPERATION#flowable-async-job-executor-thread-5278#
[CreateOrUpdateAppStep] Executing task "createAppTask" of process "2301c877-a292-11f1-ad9c-eeee0a80c268"...#
#2026 08 28 03:39:56.274#Z#DEBUG#17753ce8-a292-11f1-ad9c-eeee0a80c268.OPERATION#flowable-async-job-executor-thread-5278#
[CreateOrUpdateAppStep] Getting application "ResilienceCockpit-db-deployer"...#
#2026 08 28 03:39:56.307#Z#INFO#17753ce8-a292-11f1-ad9c-eeee0a80c268.OPERATION#flowable-async-job-executor-thread-5278#
[CreateOrUpdateAppStep] Updating application "ResilienceCockpit-db-deployer"...#
#2026 08 28 03:39:56.312#Z#DEBUG#17753ce8-a292-11f1-ad9c-eeee0a80c268.OPERATION#flowable-async-job-executor-thread-5278#
[CreateOrUpdateAppStep] Getting process for application "2d23200b-60aa-4519-b7f8-9f40de7a8ecc"...#
#2026 08 28 03:39:56.343#Z#DEBUG#17753ce8-a292-11f1-ad9c-eeee0a80c268.OPERATION#flowable-async-job-executor-thread-5278#
[CreateOrUpdateAppStep] Getting routes for application "2d23200b-60aa-4519-b7f8-9f40de7a8ecc"...#
#2026 08 28 03:39:56.370#Z#DEBUG#17753ce8-a292-11f1-ad9c-eeee0a80c268.OPERATION#flowable-async-job-executor-thread-5278#
[CreateOrUpdateAppStep] Getting features for application "2d23200b-60aa-4519-b7f8-9f40de7a8ecc"#
#2026 08 28 03:39:56.393#Z#DEBUG#17753ce8-a292-11f1-ad9c-eeee0a80c268.OPERATION#flowable-async-job-executor-thread-5278#
[CreateOrUpdateAppStep] Updating staging of application "ResilienceCockpit-db-deployer" to: {
  "buildpacks" : [ "nodejs_buildpack" ],
  "healthCheckType" : "port",
  "appFeatures" : { }
}#
#2026 08 28 03:39:56.601#Z#DEBUG#17753ce8-a292-11f1-ad9c-eeee0a80c268.OPERATION#flowable-async-job-executor-thread-5278#
[CreateOrUpdateAppStep] Application "ResilienceCockpit-db-deployer" updated#
#2026 08 28 03:39:56.602#Z#DEBUG#17753ce8-a292-11f1-ad9c-eeee0a80c268.OPERATION#flowable-async-job-executor-thread-5278#
[CreateOrUpdateAppStep] Getting environment of application "2d23200b-60aa-4519-b7f8-9f40de7a8ecc"...#
#2026 08 28 03:39:56.685#Z#DEBUG#17753ce8-a292-11f1-ad9c-eeee0a80c268.OPERATION#flowable-async-job-executor-thread-5278#
[CreateOrUpdateAppStep] Application "ResilienceCockpit-db-deployer" updated#
#2026 08 28 03:39:56.685#Z#DEBUG#17753ce8-a292-11f1-ad9c-eeee0a80c268.OPERATION#flowable-async-job-executor-thread-5278#
Step "Create App" finished#
#2026 08 28 03:39:56.736#Z#DEBUG#17753ce8-a292-11f1-ad9c-eeee0a80c268.OPERATION#flowable-async-job-executor-thread-5278#
[CheckServiceBindingOperationStep] Executing task "checkForServiceBindingOperationInProgress" of process "2358c187-a292-11f1-ad9c-eeee0a80c268"...#
#2026 08 28 03:39:56.737#Z#DEBUG#17753ce8-a292-11f1-ad9c-eeee0a80c268.OPERATION#flowable-async-job-executor-thread-5278#
[CheckServiceBindingOperationStep] Checking for service binding operation in progress between app "ResilienceCockpit-db-deployer" and service instance "ResilienceCockpit-db"#
#2026 08 28 03:39:56.737#Z#DEBUG#17753ce8-a292-11f1-ad9c-eeee0a80c268.OPERATION#flowable-async-job-executor-thread-5278#
[CheckServiceBindingOperationStep] Getting application guid "ResilienceCockpit-db-deployer"...#
#2026 08 28 03:39:56.767#Z#DEBUG#17753ce8-a292-11f1-ad9c-eeee0a80c268.OPERATION#flowable-async-job-executor-thread-5278#
[CheckServiceBindingOperationStep] Getting GUID of required service instance "ResilienceCockpit-db"...#
#2026 08 28 03:39:56.802#Z#DEBUG#17753ce8-a292-11f1-ad9c-eeee0a80c268.OPERATION#flowable-async-job-executor-thread-5278#
[CheckServiceBindingOperationStep] Getting binding of service instance "793c82c4-0c29-4054-8664-8ad70f1aaf7d" with application "2d23200b-60aa-4519-b7f8-9f40de7a8ecc"...#
#2026 08 28 03:39:56.839#Z#DEBUG#17753ce8-a292-11f1-ad9c-eeee0a80c268.OPERATION#flowable-async-job-executor-thread-5278#
[CheckServiceBindingOperationStep] Service binding operation "2a9f65f0-baa1-4922-a94a-66d6df3eb107" with type "create" is in state "succeeded"#
#2026 08 28 03:39:56.839#Z#DEBUG#17753ce8-a292-11f1-ad9c-eeee0a80c268.OPERATION#flowable-async-job-executor-thread-5278#
Step "Check For Service Binding Operation In Progress" finished#
#2026 08 28 03:39:56.856#Z#DEBUG#17753ce8-a292-11f1-ad9c-eeee0a80c268.OPERATION#flowable-async-job-executor-thread-5278#
[DetermineApplicationServiceBindingActionsStep] Executing task "determineApplicationServiceBindingActionsTask" of process "2358c187-a292-11f1-ad9c-eeee0a80c268"...#
#2026 08 28 03:39:56.857#Z#DEBUG#17753ce8-a292-11f1-ad9c-eeee0a80c268.OPERATION#flowable-async-job-executor-thread-5278#
[DetermineApplicationServiceBindingActionsStep] Determine bind/unbind operations of application "ResilienceCockpit-db-deployer" to service instance "ResilienceCockpit-db"#
#2026 08 28 03:39:56.857#Z#DEBUG#17753ce8-a292-11f1-ad9c-eeee0a80c268.OPERATION#flowable-async-job-executor-thread-5278#
[DetermineApplicationServiceBindingActionsStep] Getting application "ResilienceCockpit-db-deployer"...#
#2026 08 28 03:39:56.887#Z#DEBUG#17753ce8-a292-11f1-ad9c-eeee0a80c268.OPERATION#flowable-async-job-executor-thread-5278#
[DetermineApplicationServiceBindingActionsStep] Binding parameters for application "ResilienceCockpit-db-deployer": { }#
#2026 08 28 03:39:56.927#Z#DEBUG#17753ce8-a292-11f1-ad9c-eeee0a80c268.OPERATION#flowable-async-job-executor-thread-5278#
[DetermineApplicationServiceBindingActionsStep] Check should rebind application "ResilienceCockpit-db-deployer" and service instance "ResilienceCockpit-db"#
#2026 08 28 03:39:56.927#Z#DEBUG#17753ce8-a292-11f1-ad9c-eeee0a80c268.OPERATION#flowable-async-job-executor-thread-5278#
[DetermineApplicationServiceBindingActionsStep] Getting GUID of required service instance "ResilienceCockpit-db"...#
#2026 08 28 03:39:56.951#Z#DEBUG#17753ce8-a292-11f1-ad9c-eeee0a80c268.OPERATION#flowable-async-job-executor-thread-5278#
[DetermineApplicationServiceBindingActionsStep] Getting binding of service instance "793c82c4-0c29-4054-8664-8ad70f1aaf7d" with application "2d23200b-60aa-4519-b7f8-9f40de7a8ecc"...#
#2026 08 28 03:39:56.988#Z#DEBUG#17753ce8-a292-11f1-ad9c-eeee0a80c268.OPERATION#flowable-async-job-executor-thread-5278#
[DetermineApplicationServiceBindingActionsStep] Getting parameters of service binding "2a9f65f0-baa1-4922-a94a-66d6df3eb107"...#
#2026 08 28 03:39:57.196#Z#INFO#17753ce8-a292-11f1-ad9c-eeee0a80c268.OPERATION#flowable-async-job-executor-thread-5278#
[DetermineApplicationServiceBindingActionsStep] Service instance "ResilienceCockpit-db" will not be rebound to application "ResilienceCockpit-db-deployer" because the binding parameters are not modified#
#2026 08 28 03:39:57.200#Z#DEBUG#17753ce8-a292-11f1-ad9c-eeee0a80c268.OPERATION#flowable-async-job-executor-thread-5278#
[DetermineApplicationServiceBindingActionsStep] Calculated binding operations between application "ResilienceCockpit-db-deployer" and service instance "ResilienceCockpit-db": unbind - false bind - false#
#2026 08 28 03:39:57.200#Z#DEBUG#17753ce8-a292-11f1-ad9c-eeee0a80c268.OPERATION#flowable-async-job-executor-thread-5278#
Step "Determine Application Service Binding Actions" finished#
#2026 08 28 03:39:55.769#Z#DEBUG#17753ce8-a292-11f1-ad9c-eeee0a80c268.OPERATION#flowable-async-job-executor-thread-1262#
[SynchronousContentDeployStep] Executing task "synchronousContentDeployTask" of process "22a7c082-a292-11f1-b31b-eeee0a949a95"...#
#2026 08 28 03:39:55.769#Z#INFO#17753ce8-a292-11f1-ad9c-eeee0a80c268.OPERATION#flowable-async-job-executor-thread-1262#
[SynchronousContentDeployStep] Deploying content module "ResilienceCockpit-destination-content" in target service "ResilienceCockpit-destination"...#
#2026 08 28 03:39:56.941#Z#DEBUG#17753ce8-a292-11f1-ad9c-eeee0a80c268.OPERATION#flowable-async-job-executor-thread-1262#
[SynchronousContentDeployStep] Processing inline content upload for module: ResilienceCockpit-destination-content#
#2026 08 28 03:39:57.197#Z#DEBUG#17753ce8-a292-11f1-ad9c-eeee0a80c268.OPERATION#flowable-async-job-executor-thread-1262#
Step "Synchronous Deploy" finished#
#2026 08 28 03:39:57.274#Z#DEBUG#17753ce8-a292-11f1-ad9c-eeee0a80c268.OPERATION#flowable-async-job-executor-thread-5278#
[DetermineVcapServicesPropertiesChangedStep] Executing task "determineVcapServicesPropertiesChangedTask" of process "23a978b1-a292-11f1-ad9c-eeee0a80c268"...#
#2026 08 28 03:39:57.275#Z#DEBUG#17753ce8-a292-11f1-ad9c-eeee0a80c268.OPERATION#flowable-async-job-executor-thread-5278#
[DetermineVcapServicesPropertiesChangedStep] VCAP_SERVICES properties for application "ResilienceCockpit-db-deployer" changed: false#
#2026 08 28 03:39:57.275#Z#DEBUG#17753ce8-a292-11f1-ad9c-eeee0a80c268.OPERATION#flowable-async-job-executor-thread-5278#
Step "Determine vcap services properties changed" finished#
#2026 08 28 03:39:57.291#Z#DEBUG#17753ce8-a292-11f1-ad9c-eeee0a80c268.OPERATION#flowable-async-job-executor-thread-5278#
[UploadAppStep] Executing task "uploadAppTask" of process "23a978b1-a292-11f1-ad9c-eeee0a80c268"...#
#2026 08 28 03:39:57.292#Z#DEBUG#17753ce8-a292-11f1-ad9c-eeee0a80c268.OPERATION#flowable-async-job-executor-thread-5278#
[UploadAppStep] Application upload timeout is default one: 3,600 seconds#
#2026 08 28 03:39:57.292#Z#INFO#17753ce8-a292-11f1-ad9c-eeee0a80c268.OPERATION#flowable-async-job-executor-thread-5278#
[UploadAppStep] Uploading application "ResilienceCockpit-db-deployer"...#
#2026 08 28 03:39:57.296#Z#DEBUG#17753ce8-a292-11f1-ad9c-eeee0a80c268.OPERATION#flowable-async-job-executor-thread-5278#
[UploadAppStep] Getting application "ResilienceCockpit-db-deployer"...#
#2026 08 28 03:39:57.327#Z#DEBUG#17753ce8-a292-11f1-ad9c-eeee0a80c268.OPERATION#flowable-async-job-executor-thread-5278#
[UploadAppStep] Getting environment of application "2d23200b-60aa-4519-b7f8-9f40de7a8ecc"...#
#2026 08 28 03:39:57.358#Z#INFO#17753ce8-a292-11f1-ad9c-eeee0a80c268.OPERATION#flowable-async-job-executor-thread-5278#
[UploadAppStep] Calculating application digest: "ResilienceCockpit-db-deployer"#
#2026 08 28 03:39:57.503#Z#DEBUG#17753ce8-a292-11f1-ad9c-eeee0a80c268.OPERATION#flowable-async-job-executor-thread-5278#
Step "Upload App" finished#
#2026 08 28 03:39:58.402#Z#DEBUG#17753ce8-a292-11f1-ad9c-eeee0a80c268.OPERATION#flowable-async-job-executor-thread-826#
[CheckServiceBindingOperationStep] Executing task "checkForServiceBindingOperationInProgress" of process "24545f49-a292-11f1-9e34-eeee0a9f0b65"...#
#2026 08 28 03:39:58.403#Z#DEBUG#17753ce8-a292-11f1-ad9c-eeee0a80c268.OPERATION#flowable-async-job-executor-thread-826#
[CheckServiceBindingOperationStep] Checking for service binding operation in progress between app "ResilienceCockpit-srv" and service instance "ResilienceCockpit-logging"#
#2026 08 28 03:39:58.403#Z#DEBUG#17753ce8-a292-11f1-ad9c-eeee0a80c268.OPERATION#flowable-async-job-executor-thread-826#
[CheckServiceBindingOperationStep] Getting application guid "ResilienceCockpit-srv"...#
#2026 08 28 03:39:58.441#Z#DEBUG#17753ce8-a292-11f1-ad9c-eeee0a80c268.OPERATION#flowable-async-job-executor-thread-826#
[CheckServiceBindingOperationStep] Getting GUID of required service instance "ResilienceCockpit-logging"...#
#2026 08 28 03:39:58.472#Z#DEBUG#17753ce8-a292-11f1-ad9c-eeee0a80c268.OPERATION#flowable-async-job-executor-thread-826#
[CheckServiceBindingOperationStep] Getting binding of service instance "336ec7d3-cd56-4076-bb50-7f23f8654af2" with application "846298f7-a9cf-4b9f-a20b-63e370407f6e"...#
#2026 08 28 03:39:58.499#Z#DEBUG#17753ce8-a292-11f1-ad9c-eeee0a80c268.OPERATION#flowable-async-job-executor-thread-826#
[CheckServiceBindingOperationStep] Service binding operation "a40bde42-1bc4-4d71-95ed-cab5be2bc951" with type "create" is in state "succeeded"#
#2026 08 28 03:39:58.499#Z#DEBUG#17753ce8-a292-11f1-ad9c-eeee0a80c268.OPERATION#flowable-async-job-executor-thread-826#
Step "Check For Service Binding Operation In Progress" finished#
#2026 08 28 03:39:58.531#Z#DEBUG#17753ce8-a292-11f1-ad9c-eeee0a80c268.OPERATION#flowable-async-job-executor-thread-827#
[DetermineApplicationServiceBindingActionsStep] Executing task "determineApplicationServiceBindingActionsTask" of process "24545f49-a292-11f1-9e34-eeee0a9f0b65"...#
#2026 08 28 03:39:58.534#Z#DEBUG#17753ce8-a292-11f1-ad9c-eeee0a80c268.OPERATION#flowable-async-job-executor-thread-827#
[DetermineApplicationServiceBindingActionsStep] Determine bind/unbind operations of application "ResilienceCockpit-srv" to service instance "ResilienceCockpit-logging"#
#2026 08 28 03:39:58.534#Z#DEBUG#17753ce8-a292-11f1-ad9c-eeee0a80c268.OPERATION#flowable-async-job-executor-thread-827#
[DetermineApplicationServiceBindingActionsStep] Getting application "ResilienceCockpit-srv"...#
#2026 08 28 03:39:58.575#Z#DEBUG#17753ce8-a292-11f1-ad9c-eeee0a80c268.OPERATION#flowable-async-job-executor-thread-827#
[DetermineApplicationServiceBindingActionsStep] Binding parameters for application "ResilienceCockpit-srv": { }#
#2026 08 28 03:39:58.621#Z#DEBUG#17753ce8-a292-11f1-ad9c-eeee0a80c268.OPERATION#flowable-async-job-executor-thread-827#
[DetermineApplicationServiceBindingActionsStep] Check should rebind application "ResilienceCockpit-srv" and service instance "ResilienceCockpit-logging"#
#2026 08 28 03:39:58.621#Z#DEBUG#17753ce8-a292-11f1-ad9c-eeee0a80c268.OPERATION#flowable-async-job-executor-thread-827#
[DetermineApplicationServiceBindingActionsStep] Getting GUID of required service instance "ResilienceCockpit-logging"...#
#2026 08 28 03:39:58.678#Z#DEBUG#17753ce8-a292-11f1-ad9c-eeee0a80c268.OPERATION#flowable-async-job-executor-thread-827#
[DetermineApplicationServiceBindingActionsStep] Getting binding of service instance "336ec7d3-cd56-4076-bb50-7f23f8654af2" with application "846298f7-a9cf-4b9f-a20b-63e370407f6e"...#
#2026 08 28 03:39:58.709#Z#DEBUG#17753ce8-a292-11f1-ad9c-eeee0a80c268.OPERATION#flowable-async-job-executor-thread-827#
[DetermineApplicationServiceBindingActionsStep] Getting parameters of service binding "a40bde42-1bc4-4d71-95ed-cab5be2bc951"...#
#2026 08 28 03:39:58.741#Z#WARN#17753ce8-a292-11f1-ad9c-eeee0a80c268.OPERATION#flowable-async-job-executor-thread-827#
[DetermineApplicationServiceBindingActionsStep] Cannot retrieve parameters of binding between application "ResilienceCockpit-srv" and service instance "ResilienceCockpit-logging"#
#2026 08 28 03:39:58.742#Z#DEBUG#17753ce8-a292-11f1-ad9c-eeee0a80c268.OPERATION#flowable-async-job-executor-thread-827#
[DetermineApplicationServiceBindingActionsStep] Calculated binding operations between application "ResilienceCockpit-srv" and service instance "ResilienceCockpit-logging": unbind - true bind - true#
#2026 08 28 03:39:58.742#Z#DEBUG#17753ce8-a292-11f1-ad9c-eeee0a80c268.OPERATION#flowable-async-job-executor-thread-827#
Step "Determine Application Service Binding Actions" finished#
#2026 08 28 03:39:58.778#Z#DEBUG#17753ce8-a292-11f1-ad9c-eeee0a80c268.OPERATION#flowable-async-job-executor-thread-828#
[UnbindServiceFromApplicationStep] Executing task "unbindServiceFromApplicationTask" of process "24545f49-a292-11f1-9e34-eeee0a9f0b65"...#
#2026 08 28 03:39:58.781#Z#INFO#17753ce8-a292-11f1-ad9c-eeee0a80c268.OPERATION#flowable-async-job-executor-thread-828#
[UnbindServiceFromApplicationStep] Unbinding service instance "ResilienceCockpit-logging" from application "ResilienceCockpit-srv"...#
#2026 08 28 03:39:58.785#Z#DEBUG#17753ce8-a292-11f1-ad9c-eeee0a80c268.OPERATION#flowable-async-job-executor-thread-828#
[UnbindServiceFromApplicationStep] Unbinding application "ResilienceCockpit-srv" from service instance "ResilienceCockpit-logging"...#
#2026 08 28 03:39:58.923#Z#DEBUG#17753ce8-a292-11f1-ad9c-eeee0a80c268.OPERATION#flowable-async-job-executor-thread-828#
Step "Unbind Service from Application" finished#
#2026 08 28 03:40:00.633#Z#DEBUG#17753ce8-a292-11f1-ad9c-eeee0a80c268.OPERATION#flowable-async-job-executor-thread-5281#
[UnbindServiceFromApplicationStep] Executing task "unbindServiceFromApplicationTask" of process "213ae9d5-a292-11f1-b31b-eeee0a949a95"...#
#2026 08 28 03:40:00.634#Z#DEBUG#17753ce8-a292-11f1-ad9c-eeee0a80c268.OPERATION#flowable-async-job-executor-thread-5281#
[UnbindServiceFromApplicationStep] Getting async job "1d488882-6d03-4a33-9b9f-bbf4c037c68f"#
#2026 08 28 03:40:00.663#Z#DEBUG#17753ce8-a292-11f1-ad9c-eeee0a80c268.OPERATION#flowable-async-job-executor-thread-5281#
[UnbindServiceFromApplicationStep] Getting service instance "ResilienceCockpit-destination"...#
#2026 08 28 03:40:00.759#Z#DEBUG#17753ce8-a292-11f1-ad9c-eeee0a80c268.OPERATION#flowable-async-job-executor-thread-5281#
[UnbindServiceFromApplicationStep] Async service binding operation with id "1d488882-6d03-4a33-9b9f-bbf4c037c68f" finished#
#2026 08 28 03:40:00.760#Z#DEBUG#17753ce8-a292-11f1-ad9c-eeee0a80c268.OPERATION#flowable-async-job-executor-thread-5281#
Step "Unbind Service from Application" finished#
#2026 08 28 03:40:00.782#Z#DEBUG#17753ce8-a292-11f1-ad9c-eeee0a80c268.OPERATION#flowable-async-job-executor-thread-5281#
[BindServiceToApplicationStep] Executing task "bindServiceToApplicationTask" of process "213ae9d5-a292-11f1-b31b-eeee0a949a95"...#
#2026 08 28 03:40:00.783#Z#INFO#17753ce8-a292-11f1-ad9c-eeee0a80c268.OPERATION#flowable-async-job-executor-thread-5281#
[BindServiceToApplicationStep] Binding service instance "ResilienceCockpit-destination" to application "ResilienceCockpit-srv"...#
#2026 08 28 03:40:00.787#Z#DEBUG#17753ce8-a292-11f1-ad9c-eeee0a80c268.OPERATION#flowable-async-job-executor-thread-5281#
[BindServiceToApplicationStep] Binding service instance "ResilienceCockpit-destination" to application "ResilienceCockpit-srv" with parameters: { }#
#2026 08 28 03:40:00.915#Z#DEBUG#17753ce8-a292-11f1-ad9c-eeee0a80c268.OPERATION#flowable-async-job-executor-thread-5281#
Step "Bind Service to Application" finished#
#2026 08 28 03:40:00.631#Z#DEBUG#17753ce8-a292-11f1-ad9c-eeee0a80c268.OPERATION#flowable-async-job-executor-thread-5280#
[StartContentDeployStep] Executing task "startContentDeployTask" of process "21561364-a292-11f1-ad9c-eeee0a80c268"...#
#2026 08 28 03:40:00.632#Z#DEBUG#17753ce8-a292-11f1-ad9c-eeee0a80c268.OPERATION#flowable-async-job-executor-thread-5280#
[StartContentDeployStep] Checking status of module content deployment "ResilienceCockpit-app-deployer" in service "ResilienceCockpit-html5-repo-host"...#
#2026 08 28 03:40:01.207#Z#DEBUG#17753ce8-a292-11f1-ad9c-eeee0a80c268.OPERATION#flowable-async-job-executor-thread-5280#
[StartContentDeployStep] Deleting content deployment resource "73c4ebf5-7c14-4eba-bafc-8d66c5572f18"...#
#2026 08 28 03:40:01.239#Z#DEBUG#17753ce8-a292-11f1-ad9c-eeee0a80c268.OPERATION#flowable-async-job-executor-thread-5280#
Step "Start Content Deploy" finished#
#2026 08 28 03:40:02.806#Z#DEBUG#17753ce8-a292-11f1-ad9c-eeee0a80c268.OPERATION#flowable-async-job-executor-thread-832#
[UnbindServiceFromApplicationStep] Executing task "unbindServiceFromApplicationTask" of process "2287400b-a292-11f1-b31b-eeee0a949a95"...#
#2026 08 28 03:40:02.809#Z#DEBUG#17753ce8-a292-11f1-ad9c-eeee0a80c268.OPERATION#flowable-async-job-executor-thread-832#
[UnbindServiceFromApplicationStep] Getting async job "19006c3d-3136-435c-8e62-2d332d5b073a"#
#2026 08 28 03:40:02.810#Z#DEBUG#17753ce8-a292-11f1-ad9c-eeee0a80c268.OPERATION#flowable-async-job-executor-thread-830#
[UnbindServiceFromApplicationStep] Executing task "unbindServiceFromApplicationTask" of process "23004131-a292-11f1-ad9c-eeee0a80c268"...#
#2026 08 28 03:40:02.812#Z#DEBUG#17753ce8-a292-11f1-ad9c-eeee0a80c268.OPERATION#flowable-async-job-executor-thread-830#
[UnbindServiceFromApplicationStep] Getting async job "a9c23925-809e-41de-8735-62666ab66f48"#
#2026 08 28 03:40:02.838#Z#DEBUG#17753ce8-a292-11f1-ad9c-eeee0a80c268.OPERATION#flowable-async-job-executor-thread-830#
[UnbindServiceFromApplicationStep] Getting service instance "ResilienceCockpit-connectivity"...#
#2026 08 28 03:40:02.840#Z#DEBUG#17753ce8-a292-11f1-ad9c-eeee0a80c268.OPERATION#flowable-async-job-executor-thread-832#
[UnbindServiceFromApplicationStep] Getting service instance "ResilienceCockpit-auth"...#
#2026 08 28 03:40:02.922#Z#DEBUG#17753ce8-a292-11f1-ad9c-eeee0a80c268.OPERATION#flowable-async-job-executor-thread-830#
[UnbindServiceFromApplicationStep] Async service binding operation with id "a9c23925-809e-41de-8735-62666ab66f48" finished#
#2026 08 28 03:40:02.924#Z#DEBUG#17753ce8-a292-11f1-ad9c-eeee0a80c268.OPERATION#flowable-async-job-executor-thread-830#
Step "Unbind Service from Application" finished#
#2026 08 28 03:40:02.936#Z#DEBUG#17753ce8-a292-11f1-ad9c-eeee0a80c268.OPERATION#flowable-async-job-executor-thread-832#
[UnbindServiceFromApplicationStep] Async service binding operation with id "19006c3d-3136-435c-8e62-2d332d5b073a" finished#
#2026 08 28 03:40:02.939#Z#DEBUG#17753ce8-a292-11f1-ad9c-eeee0a80c268.OPERATION#flowable-async-job-executor-thread-832#
Step "Unbind Service from Application" finished#
#2026 08 28 03:40:02.962#Z#DEBUG#17753ce8-a292-11f1-ad9c-eeee0a80c268.OPERATION#flowable-async-job-executor-thread-830#
[BindServiceToApplicationStep] Executing task "bindServiceToApplicationTask" of process "23004131-a292-11f1-ad9c-eeee0a80c268"...#
#2026 08 28 03:40:02.964#Z#INFO#17753ce8-a292-11f1-ad9c-eeee0a80c268.OPERATION#flowable-async-job-executor-thread-830#
[BindServiceToApplicationStep] Binding service instance "ResilienceCockpit-connectivity" to application "ResilienceCockpit-srv"...#
#2026 08 28 03:40:02.972#Z#DEBUG#17753ce8-a292-11f1-ad9c-eeee0a80c268.OPERATION#flowable-async-job-executor-thread-830#
[BindServiceToApplicationStep] Binding service instance "ResilienceCockpit-connectivity" to application "ResilienceCockpit-srv" with parameters: { }#
#2026 08 28 03:40:02.979#Z#DEBUG#17753ce8-a292-11f1-ad9c-eeee0a80c268.OPERATION#flowable-async-job-executor-thread-832#
[BindServiceToApplicationStep] Executing task "bindServiceToApplicationTask" of process "2287400b-a292-11f1-b31b-eeee0a949a95"...#
#2026 08 28 03:40:02.981#Z#INFO#17753ce8-a292-11f1-ad9c-eeee0a80c268.OPERATION#flowable-async-job-executor-thread-832#
[BindServiceToApplicationStep] Binding service instance "ResilienceCockpit-auth" to application "ResilienceCockpit-srv"...#
#2026 08 28 03:40:02.987#Z#DEBUG#17753ce8-a292-11f1-ad9c-eeee0a80c268.OPERATION#flowable-async-job-executor-thread-832#
[BindServiceToApplicationStep] Binding service instance "ResilienceCockpit-auth" to application "ResilienceCockpit-srv" with parameters: { }#
#2026 08 28 03:40:03.086#Z#DEBUG#17753ce8-a292-11f1-ad9c-eeee0a80c268.OPERATION#flowable-async-job-executor-thread-830#
Step "Bind Service to Application" finished#
#2026 08 28 03:40:03.116#Z#DEBUG#17753ce8-a292-11f1-ad9c-eeee0a80c268.OPERATION#flowable-async-job-executor-thread-832#
Step "Bind Service to Application" finished#
#2026 08 28 03:40:02.821#Z#DEBUG#17753ce8-a292-11f1-ad9c-eeee0a80c268.OPERATION#flowable-async-job-executor-thread-831#
[UploadAppStep] Executing task "uploadAppTask" of process "23a978b1-a292-11f1-ad9c-eeee0a80c268"...#
#2026 08 28 03:40:02.824#Z#DEBUG#17753ce8-a292-11f1-ad9c-eeee0a80c268.OPERATION#flowable-async-job-executor-thread-831#
[UploadAppStep] Application upload timeout is default one: 3,600 seconds#
#2026 08 28 03:40:02.827#Z#DEBUG#17753ce8-a292-11f1-ad9c-eeee0a80c268.OPERATION#pool-20-thread-6#
[UploadAppStep] Upload of application: ResilienceCockpit-db-deployer started on instance: 2#
#2026 08 28 03:40:02.827#Z#DEBUG#17753ce8-a292-11f1-ad9c-eeee0a80c268.OPERATION#pool-20-thread-6#
[UploadAppStep] Uploading file "ResilienceCockpit-db-deployer/data.zip" for application "ResilienceCockpit-db-deployer"#
#2026 08 28 03:40:02.946#Z#INFO#17753ce8-a292-11f1-ad9c-eeee0a80c268.OPERATION#pool-20-thread-6#
[UploadAppStep] Time elapsed for app binary download: 119 in millis#
#2026 08 28 03:40:02.946#Z#INFO#17753ce8-a292-11f1-ad9c-eeee0a80c268.OPERATION#pool-20-thread-6#
[UploadAppStep] Size of app ResilienceCockpit-db-deployer is 2,605,014 bytes#
#2026 08 28 03:40:02.946#Z#DEBUG#17753ce8-a292-11f1-ad9c-eeee0a80c268.OPERATION#pool-20-thread-6#
[UploadAppStep] Asynchronously uploading binaries for application "ResilienceCockpit-db-deployer"...#
#2026 08 28 03:40:03.151#Z#INFO#17753ce8-a292-11f1-ad9c-eeee0a80c268.OPERATION#pool-20-thread-6#
[UploadAppStep] Started async upload of application "ResilienceCockpit-db-deployer"#
#2026 08 28 03:40:03.156#Z#INFO#17753ce8-a292-11f1-ad9c-eeee0a80c268.OPERATION#flowable-async-job-executor-thread-831#
[UploadAppStep] Time elapsed for upload: 331 in millis#
#2026 08 28 03:40:03.156#Z#DEBUG#17753ce8-a292-11f1-ad9c-eeee0a80c268.OPERATION#flowable-async-job-executor-thread-831#
[UploadAppStep] Getting application "ResilienceCockpit-db-deployer"...#
#2026 08 28 03:40:03.176#Z#DEBUG#17753ce8-a292-11f1-ad9c-eeee0a80c268.OPERATION#App upload monitor: 20337da9-4257-49fc-ae67-4612c692ef2a#
[UploadAppStep] Upload status: PROCESSING_UPLOAD#
#2026 08 28 03:40:03.190#Z#DEBUG#17753ce8-a292-11f1-ad9c-eeee0a80c268.OPERATION#flowable-async-job-executor-thread-831#
[UploadAppStep] Getting environment of application "2d23200b-60aa-4519-b7f8-9f40de7a8ecc"...#
#2026 08 28 03:40:03.229#Z#DEBUG#17753ce8-a292-11f1-ad9c-eeee0a80c268.OPERATION#flowable-async-job-executor-thread-831#
[UploadAppStep] Updating environment of application "ResilienceCockpit-db-deployer"#
#2026 08 28 03:40:03.307#Z#DEBUG#17753ce8-a292-11f1-ad9c-eeee0a80c268.OPERATION#flowable-async-job-executor-thread-831#
Step "Upload App" finished#
#2026 08 28 03:40:08.203#Z#DEBUG#17753ce8-a292-11f1-ad9c-eeee0a80c268.OPERATION#App upload monitor: 20337da9-4257-49fc-ae67-4612c692ef2a#
[UploadAppStep] Upload status: READY#
#2026 08 28 03:40:10.668#Z#DEBUG#17753ce8-a292-11f1-ad9c-eeee0a80c268.OPERATION#flowable-async-job-executor-thread-5288#
[UploadAppStep] Executing task "uploadAppTask" of process "23a978b1-a292-11f1-ad9c-eeee0a80c268"...#
#2026 08 28 03:40:10.669#Z#DEBUG#17753ce8-a292-11f1-ad9c-eeee0a80c268.OPERATION#flowable-async-job-executor-thread-5288#
[UploadAppStep] Application upload timeout is default one: 3,600 seconds#
#2026 08 28 03:40:10.669#Z#DEBUG#17753ce8-a292-11f1-ad9c-eeee0a80c268.OPERATION#flowable-async-job-executor-thread-5288#
[UploadAppStep] Checking upload status of application "ResilienceCockpit-db-deployer"...#
#2026 08 28 03:40:10.669#Z#DEBUG#17753ce8-a292-11f1-ad9c-eeee0a80c268.OPERATION#flowable-async-job-executor-thread-5288#
[UploadAppStep] Getting package "20337da9-4257-49fc-ae67-4612c692ef2a"...#
#2026 08 28 03:40:10.698#Z#DEBUG#17753ce8-a292-11f1-ad9c-eeee0a80c268.OPERATION#flowable-async-job-executor-thread-5288#
[UploadAppStep] Application "ResilienceCockpit-db-deployer" uploaded#
#2026 08 28 03:40:10.699#Z#DEBUG#17753ce8-a292-11f1-ad9c-eeee0a80c268.OPERATION#flowable-async-job-executor-thread-5288#
Step "Upload App" finished#
#2026 08 28 03:40:10.656#Z#DEBUG#17753ce8-a292-11f1-ad9c-eeee0a80c268.OPERATION#flowable-async-job-executor-thread-5287#
[BindServiceToApplicationStep] Executing task "bindServiceToApplicationTask" of process "213ae9d5-a292-11f1-b31b-eeee0a949a95"...#
#2026 08 28 03:40:10.657#Z#DEBUG#17753ce8-a292-11f1-ad9c-eeee0a80c268.OPERATION#flowable-async-job-executor-thread-5287#
[BindServiceToApplicationStep] Getting async job "ca928a32-b2a2-43f1-a5e7-a36ab7704e17"#
#2026 08 28 03:40:10.662#Z#DEBUG#17753ce8-a292-11f1-ad9c-eeee0a80c268.OPERATION#flowable-async-job-executor-thread-5290#
[BindServiceToApplicationStep] Executing task "bindServiceToApplicationTask" of process "23004131-a292-11f1-ad9c-eeee0a80c268"...#
#2026 08 28 03:40:10.663#Z#DEBUG#17753ce8-a292-11f1-ad9c-eeee0a80c268.OPERATION#flowable-async-job-executor-thread-5290#
[BindServiceToApplicationStep] Getting async job "d4bf1f7b-f08e-49a2-aa36-dc84c59566e3"#
#2026 08 28 03:40:10.663#Z#DEBUG#17753ce8-a292-11f1-ad9c-eeee0a80c268.OPERATION#flowable-async-job-executor-thread-5286#
[BindServiceToApplicationStep] Executing task "bindServiceToApplicationTask" of process "2287400b-a292-11f1-b31b-eeee0a949a95"...#
#2026 08 28 03:40:10.664#Z#DEBUG#17753ce8-a292-11f1-ad9c-eeee0a80c268.OPERATION#flowable-async-job-executor-thread-5286#
[BindServiceToApplicationStep] Getting async job "7cd1100a-36b1-4497-b650-5c5b530160d5"#
#2026 08 28 03:40:10.679#Z#DEBUG#17753ce8-a292-11f1-ad9c-eeee0a80c268.OPERATION#flowable-async-job-executor-thread-5287#
[BindServiceToApplicationStep] Getting service instance "ResilienceCockpit-destination"...#
#2026 08 28 03:40:10.691#Z#DEBUG#17753ce8-a292-11f1-ad9c-eeee0a80c268.OPERATION#flowable-async-job-executor-thread-5286#
[BindServiceToApplicationStep] Getting service instance "ResilienceCockpit-auth"...#
#2026 08 28 03:40:10.715#Z#DEBUG#17753ce8-a292-11f1-ad9c-eeee0a80c268.OPERATION#flowable-async-job-executor-thread-5290#
[BindServiceToApplicationStep] Getting service instance "ResilienceCockpit-connectivity"...#
#2026 08 28 03:40:10.761#Z#DEBUG#17753ce8-a292-11f1-ad9c-eeee0a80c268.OPERATION#flowable-async-job-executor-thread-5287#
[BindServiceToApplicationStep] Async service binding operation with id "ca928a32-b2a2-43f1-a5e7-a36ab7704e17" finished#
#2026 08 28 03:40:10.762#Z#DEBUG#17753ce8-a292-11f1-ad9c-eeee0a80c268.OPERATION#flowable-async-job-executor-thread-5287#
Step "Bind Service to Application" finished#
#2026 08 28 03:40:10.717#Z#DEBUG#17753ce8-a292-11f1-ad9c-eeee0a80c268.OPERATION#flowable-async-job-executor-thread-5288#
[ScaleAppStep] Executing task "scaleAppTask" of process "23a978b1-a292-11f1-ad9c-eeee0a80c268"...#
#2026 08 28 03:40:10.719#Z#DEBUG#17753ce8-a292-11f1-ad9c-eeee0a80c268.OPERATION#flowable-async-job-executor-thread-5288#
[ScaleAppStep] Scaling application "ResilienceCockpit-db-deployer"...#
#2026 08 28 03:40:10.719#Z#DEBUG#17753ce8-a292-11f1-ad9c-eeee0a80c268.OPERATION#flowable-async-job-executor-thread-5288#
[ScaleAppStep] Getting application guid "ResilienceCockpit-db-deployer"...#
#2026 08 28 03:40:10.744#Z#DEBUG#17753ce8-a292-11f1-ad9c-eeee0a80c268.OPERATION#flowable-async-job-executor-thread-5288#
[ScaleAppStep] Getting process for application "2d23200b-60aa-4519-b7f8-9f40de7a8ecc"...#
#2026 08 28 03:40:10.770#Z#DEBUG#17753ce8-a292-11f1-ad9c-eeee0a80c268.OPERATION#flowable-async-job-executor-thread-5288#
[ScaleAppStep] Application "ResilienceCockpit-db-deployer" scaled#
#2026 08 28 03:40:10.770#Z#DEBUG#17753ce8-a292-11f1-ad9c-eeee0a80c268.OPERATION#flowable-async-job-executor-thread-5288#
Step "Scale App" finished#
#2026 08 28 03:40:10.659#Z#DEBUG#17753ce8-a292-11f1-ad9c-eeee0a80c268.OPERATION#flowable-async-job-executor-thread-5289#
[UnbindServiceFromApplicationStep] Executing task "unbindServiceFromApplicationTask" of process "24545f49-a292-11f1-9e34-eeee0a9f0b65"...#
#2026 08 28 03:40:10.660#Z#DEBUG#17753ce8-a292-11f1-ad9c-eeee0a80c268.OPERATION#flowable-async-job-executor-thread-5289#
[UnbindServiceFromApplicationStep] Getting async job "bf070abd-8d8c-4806-bfce-b5099226eda1"#
#2026 08 28 03:40:10.690#Z#DEBUG#17753ce8-a292-11f1-ad9c-eeee0a80c268.OPERATION#flowable-async-job-executor-thread-5289#
[UnbindServiceFromApplicationStep] Getting service instance "ResilienceCockpit-logging"...#
#2026 08 28 03:40:10.772#Z#DEBUG#17753ce8-a292-11f1-ad9c-eeee0a80c268.OPERATION#flowable-async-job-executor-thread-5289#
[UnbindServiceFromApplicationStep] Async service binding operation with id "bf070abd-8d8c-4806-bfce-b5099226eda1" finished#
#2026 08 28 03:40:10.774#Z#DEBUG#17753ce8-a292-11f1-ad9c-eeee0a80c268.OPERATION#flowable-async-job-executor-thread-5289#
Step "Unbind Service from Application" finished#
#2026 08 28 03:40:10.776#Z#DEBUG#17753ce8-a292-11f1-ad9c-eeee0a80c268.OPERATION#flowable-async-job-executor-thread-5286#
[BindServiceToApplicationStep] Async service binding operation with id "7cd1100a-36b1-4497-b650-5c5b530160d5" finished#
#2026 08 28 03:40:10.777#Z#DEBUG#17753ce8-a292-11f1-ad9c-eeee0a80c268.OPERATION#flowable-async-job-executor-thread-5286#
Step "Bind Service to Application" finished#
#2026 08 28 03:40:10.792#Z#DEBUG#17753ce8-a292-11f1-ad9c-eeee0a80c268.OPERATION#flowable-async-job-executor-thread-5290#
[BindServiceToApplicationStep] Async service binding operation with id "d4bf1f7b-f08e-49a2-aa36-dc84c59566e3" finished#
#2026 08 28 03:40:10.792#Z#DEBUG#17753ce8-a292-11f1-ad9c-eeee0a80c268.OPERATION#flowable-async-job-executor-thread-5290#
Step "Bind Service to Application" finished#
#2026 08 28 03:40:10.787#Z#DEBUG#17753ce8-a292-11f1-ad9c-eeee0a80c268.OPERATION#flowable-async-job-executor-thread-5288#
[DetermineDesiredStateAchievingActionsStep] Executing task "determineDesiredStateAchievingActionsTask" of process "23a978b1-a292-11f1-ad9c-eeee0a80c268"...#
#2026 08 28 03:40:10.788#Z#DEBUG#17753ce8-a292-11f1-ad9c-eeee0a80c268.OPERATION#flowable-async-job-executor-thread-5288#
[DetermineDesiredStateAchievingActionsStep] Getting application "ResilienceCockpit-db-deployer"...#
#2026 08 28 03:40:10.822#Z#DEBUG#17753ce8-a292-11f1-ad9c-eeee0a80c268.OPERATION#flowable-async-job-executor-thread-5288#
[DetermineDesiredStateAchievingActionsStep] Getting instances for application "ResilienceCockpit-db-deployer"...#
#2026 08 28 03:40:10.822#Z#DEBUG#17753ce8-a292-11f1-ad9c-eeee0a80c268.OPERATION#flowable-async-job-executor-thread-5288#
[DetermineDesiredStateAchievingActionsStep] Getting environment of application "2d23200b-60aa-4519-b7f8-9f40de7a8ecc"...#
#2026 08 28 03:40:10.874#Z#DEBUG#17753ce8-a292-11f1-ad9c-eeee0a80c268.OPERATION#flowable-async-job-executor-thread-5288#
[DetermineDesiredStateAchievingActionsStep] Current state of application ResilienceCockpit-db-deployer: STOPPED#
#2026 08 28 03:40:10.874#Z#DEBUG#17753ce8-a292-11f1-ad9c-eeee0a80c268.OPERATION#flowable-async-job-executor-thread-5288#
[DetermineDesiredStateAchievingActionsStep] Desired state of application ResilienceCockpit-db-deployer: STOPPED#
#2026 08 28 03:40:10.875#Z#DEBUG#17753ce8-a292-11f1-ad9c-eeee0a80c268.OPERATION#flowable-async-job-executor-thread-5288#
[DetermineDesiredStateAchievingActionsStep] Actions that should be executed on application ResilienceCockpit-db-deployer: [STAGE]#
#2026 08 28 03:40:10.875#Z#DEBUG#17753ce8-a292-11f1-ad9c-eeee0a80c268.OPERATION#flowable-async-job-executor-thread-5288#
Step "Determine Desired State Achieving Actions" finished#
#2026 08 28 03:40:10.804#Z#DEBUG#17753ce8-a292-11f1-ad9c-eeee0a80c268.OPERATION#flowable-async-job-executor-thread-5289#
[BindServiceToApplicationStep] Executing task "bindServiceToApplicationTask" of process "24545f49-a292-11f1-9e34-eeee0a9f0b65"...#
#2026 08 28 03:40:10.805#Z#INFO#17753ce8-a292-11f1-ad9c-eeee0a80c268.OPERATION#flowable-async-job-executor-thread-5289#
[BindServiceToApplicationStep] Binding service instance "ResilienceCockpit-logging" to application "ResilienceCockpit-srv"...#
#2026 08 28 03:40:10.812#Z#DEBUG#17753ce8-a292-11f1-ad9c-eeee0a80c268.OPERATION#flowable-async-job-executor-thread-5289#
[BindServiceToApplicationStep] Binding service instance "ResilienceCockpit-logging" to application "ResilienceCockpit-srv" with parameters: { }#
#2026 08 28 03:40:10.917#Z#DEBUG#17753ce8-a292-11f1-ad9c-eeee0a80c268.OPERATION#flowable-async-job-executor-thread-5289#
Step "Bind Service to Application" finished#
#2026 08 28 03:40:10.895#Z#DEBUG#17753ce8-a292-11f1-ad9c-eeee0a80c268.OPERATION#flowable-async-job-executor-thread-5288#
[StageAppStep] Executing task "stageAppTask" of process "23a978b1-a292-11f1-ad9c-eeee0a80c268"...#
#2026 08 28 03:40:10.896#Z#DEBUG#17753ce8-a292-11f1-ad9c-eeee0a80c268.OPERATION#flowable-async-job-executor-thread-5288#
[StageAppStep] Application stage timeout is default one: 3,600 seconds#
#2026 08 28 03:40:10.897#Z#INFO#17753ce8-a292-11f1-ad9c-eeee0a80c268.OPERATION#flowable-async-job-executor-thread-5288#
[StageAppStep] Staging application "ResilienceCockpit-db-deployer"...#
#2026 08 28 03:40:10.900#Z#DEBUG#17753ce8-a292-11f1-ad9c-eeee0a80c268.OPERATION#flowable-async-job-executor-thread-5288#
[StageAppStep] Creating build for package "20337da9-4257-49fc-ae67-4612c692ef2a"...#
#2026 08 28 03:40:11.311#Z#DEBUG#17753ce8-a292-11f1-ad9c-eeee0a80c268.OPERATION#flowable-async-job-executor-thread-5288#
Step "Stage App" finished#
#2026 08 28 03:40:20.671#Z#DEBUG#17753ce8-a292-11f1-ad9c-eeee0a80c268.OPERATION#flowable-async-job-executor-thread-5294#
[StageAppStep] Executing task "stageAppTask" of process "23a978b1-a292-11f1-ad9c-eeee0a80c268"...#
#2026 08 28 03:40:20.672#Z#DEBUG#17753ce8-a292-11f1-ad9c-eeee0a80c268.OPERATION#flowable-async-job-executor-thread-5294#
[StageAppStep] Application stage timeout is default one: 3,600 seconds#
#2026 08 28 03:40:20.673#Z#DEBUG#17753ce8-a292-11f1-ad9c-eeee0a80c268.OPERATION#flowable-async-job-executor-thread-5294#
[StageAppStep] Checking status of application "ResilienceCockpit-db-deployer"...#
#2026 08 28 03:40:20.673#Z#DEBUG#17753ce8-a292-11f1-ad9c-eeee0a80c268.OPERATION#flowable-async-job-executor-thread-5294#
[StageAppStep] Getting build "b5e071f2-a1d8-4b32-9b99-2b8ee90a0fd1"...#
#2026 08 28 03:40:20.699#Z#DEBUG#17753ce8-a292-11f1-ad9c-eeee0a80c268.OPERATION#flowable-async-job-executor-thread-5294#
[StageAppStep] Staging status of application "ResilienceCockpit-db-deployer": PENDING#
#2026 08 28 03:40:20.700#Z#DEBUG#17753ce8-a292-11f1-ad9c-eeee0a80c268.OPERATION#flowable-async-job-executor-thread-5294#
[StageAppStep] Getting application guid "ResilienceCockpit-db-deployer"...#
#2026 08 28 03:40:20.789#Z#DEBUG#17753ce8-a292-11f1-ad9c-eeee0a80c268.OPERATION#flowable-async-job-executor-thread-5294#
Step "Stage App" finished#
#2026 08 28 03:40:20.670#Z#DEBUG#17753ce8-a292-11f1-ad9c-eeee0a80c268.OPERATION#flowable-async-job-executor-thread-5293#
[BindServiceToApplicationStep] Executing task "bindServiceToApplicationTask" of process "24545f49-a292-11f1-9e34-eeee0a9f0b65"...#
#2026 08 28 03:40:20.671#Z#DEBUG#17753ce8-a292-11f1-ad9c-eeee0a80c268.OPERATION#flowable-async-job-executor-thread-5293#
[BindServiceToApplicationStep] Getting async job "d934a747-76f5-44a8-a7f7-e757a1bf1228"#
#2026 08 28 03:40:20.697#Z#DEBUG#17753ce8-a292-11f1-ad9c-eeee0a80c268.OPERATION#flowable-async-job-executor-thread-5293#
[BindServiceToApplicationStep] Getting service instance "ResilienceCockpit-logging"...#
#2026 08 28 03:40:20.812#Z#DEBUG#17753ce8-a292-11f1-ad9c-eeee0a80c268.OPERATION#flowable-async-job-executor-thread-5293#
[BindServiceToApplicationStep] Async service binding operation with id "d934a747-76f5-44a8-a7f7-e757a1bf1228" finished#
#2026 08 28 03:40:20.812#Z#DEBUG#17753ce8-a292-11f1-ad9c-eeee0a80c268.OPERATION#flowable-async-job-executor-thread-5293#
Step "Bind Service to Application" finished#
#2026 08 28 03:40:20.894#Z#DEBUG#17753ce8-a292-11f1-ad9c-eeee0a80c268.OPERATION#flowable-async-job-executor-thread-5296#
[DetermineVcapServicesPropertiesChangedStep] Executing task "determineVcapServicesPropertiesChangedTask" of process "31bc6114-a292-11f1-ad9c-eeee0a80c268"...#
#2026 08 28 03:40:20.894#Z#DEBUG#17753ce8-a292-11f1-ad9c-eeee0a80c268.OPERATION#flowable-async-job-executor-thread-5296#
[DetermineVcapServicesPropertiesChangedStep] VCAP_SERVICES properties for application "ResilienceCockpit-srv" changed: true#
#2026 08 28 03:40:20.894#Z#DEBUG#17753ce8-a292-11f1-ad9c-eeee0a80c268.OPERATION#flowable-async-job-executor-thread-5296#
Step "Determine vcap services properties changed" finished#
#2026 08 28 03:40:20.913#Z#DEBUG#17753ce8-a292-11f1-ad9c-eeee0a80c268.OPERATION#flowable-async-job-executor-thread-5297#
[UploadAppStep] Executing task "uploadAppTask" of process "31bc6114-a292-11f1-ad9c-eeee0a80c268"...#
#2026 08 28 03:40:20.914#Z#DEBUG#17753ce8-a292-11f1-ad9c-eeee0a80c268.OPERATION#flowable-async-job-executor-thread-5297#
[UploadAppStep] Application upload timeout is default one: 3,600 seconds#
#2026 08 28 03:40:20.914#Z#INFO#17753ce8-a292-11f1-ad9c-eeee0a80c268.OPERATION#flowable-async-job-executor-thread-5297#
[UploadAppStep] Uploading application "ResilienceCockpit-srv"...#
#2026 08 28 03:40:20.917#Z#DEBUG#17753ce8-a292-11f1-ad9c-eeee0a80c268.OPERATION#flowable-async-job-executor-thread-5297#
[UploadAppStep] Getting application "ResilienceCockpit-srv"...#
#2026 08 28 03:40:20.944#Z#DEBUG#17753ce8-a292-11f1-ad9c-eeee0a80c268.OPERATION#flowable-async-job-executor-thread-5297#
[UploadAppStep] Getting environment of application "846298f7-a9cf-4b9f-a20b-63e370407f6e"...#
#2026 08 28 03:40:20.983#Z#INFO#17753ce8-a292-11f1-ad9c-eeee0a80c268.OPERATION#flowable-async-job-executor-thread-5297#
[UploadAppStep] Calculating application digest: "ResilienceCockpit-srv"#
#2026 08 28 03:40:21.429#Z#DEBUG#17753ce8-a292-11f1-ad9c-eeee0a80c268.OPERATION#flowable-async-job-executor-thread-5297#
Step "Upload App" finished#
#2026 08 28 03:40:30.680#Z#DEBUG#17753ce8-a292-11f1-ad9c-eeee0a80c268.OPERATION#flowable-async-job-executor-thread-5300#
[StageAppStep] Executing task "stageAppTask" of process "23a978b1-a292-11f1-ad9c-eeee0a80c268"...#
#2026 08 28 03:40:30.681#Z#DEBUG#17753ce8-a292-11f1-ad9c-eeee0a80c268.OPERATION#flowable-async-job-executor-thread-5300#
[StageAppStep] Application stage timeout is default one: 3,600 seconds#
#2026 08 28 03:40:30.682#Z#DEBUG#17753ce8-a292-11f1-ad9c-eeee0a80c268.OPERATION#flowable-async-job-executor-thread-5300#
[StageAppStep] Checking status of application "ResilienceCockpit-db-deployer"...#
#2026 08 28 03:40:30.682#Z#DEBUG#17753ce8-a292-11f1-ad9c-eeee0a80c268.OPERATION#flowable-async-job-executor-thread-5300#
[StageAppStep] Getting build "b5e071f2-a1d8-4b32-9b99-2b8ee90a0fd1"...#
#2026 08 28 03:40:30.715#Z#DEBUG#17753ce8-a292-11f1-ad9c-eeee0a80c268.OPERATION#flowable-async-job-executor-thread-5300#
[StageAppStep] Staging status of application "ResilienceCockpit-db-deployer": STAGED#
#2026 08 28 03:40:30.717#Z#DEBUG#17753ce8-a292-11f1-ad9c-eeee0a80c268.OPERATION#flowable-async-job-executor-thread-5300#
[StageAppStep] Getting application guid "ResilienceCockpit-db-deployer"...#
#2026 08 28 03:40:30.800#Z#DEBUG#17753ce8-a292-11f1-ad9c-eeee0a80c268.OPERATION#flowable-async-job-executor-thread-5300#
[StageAppStep] Getting build "b5e071f2-a1d8-4b32-9b99-2b8ee90a0fd1"...#
#2026 08 28 03:40:30.834#Z#DEBUG#17753ce8-a292-11f1-ad9c-eeee0a80c268.OPERATION#flowable-async-job-executor-thread-5300#
[StageAppStep] Binding droplet "f4e7e5d3-77c9-4274-a62f-4276250c8a60" to application "2d23200b-60aa-4519-b7f8-9f40de7a8ecc"...#
#2026 08 28 03:40:30.877#Z#INFO#17753ce8-a292-11f1-ad9c-eeee0a80c268.OPERATION#flowable-async-job-executor-thread-5300#
[StageAppStep] Application "ResilienceCockpit-db-deployer" staged#
#2026 08 28 03:40:30.881#Z#DEBUG#17753ce8-a292-11f1-ad9c-eeee0a80c268.OPERATION#flowable-async-job-executor-thread-5300#
Step "Stage App" finished#
#2026 08 28 03:40:30.931#Z#DEBUG#17753ce8-a292-11f1-ad9c-eeee0a80c268.OPERATION#flowable-async-job-executor-thread-5303#
[PrepareToExecuteTasksStep] Executing task "prepareToExecuteTasksTask" of process "37b9bc67-a292-11f1-ad9c-eeee0a80c268"...#
#2026 08 28 03:40:30.932#Z#DEBUG#17753ce8-a292-11f1-ad9c-eeee0a80c268.OPERATION#flowable-async-job-executor-thread-5303#
Step "Prepare To Execute Tasks" finished#
#2026 08 28 03:40:30.948#Z#DEBUG#17753ce8-a292-11f1-ad9c-eeee0a80c268.OPERATION#flowable-async-job-executor-thread-5304#
[ExecuteTaskStep] Executing task "executeTaskTask" of process "37b9bc67-a292-11f1-ad9c-eeee0a80c268"...#
#2026 08 28 03:40:30.949#Z#DEBUG#17753ce8-a292-11f1-ad9c-eeee0a80c268.OPERATION#flowable-async-job-executor-thread-5304#
[ExecuteTaskStep] Application task execution timeout is default one: 43,200 seconds#
#2026 08 28 03:40:30.950#Z#INFO#17753ce8-a292-11f1-ad9c-eeee0a80c268.OPERATION#flowable-async-job-executor-thread-5304#
[ExecuteTaskStep] Executing task "deploy" on application "ResilienceCockpit-db-deployer"...#
#2026 08 28 03:40:30.952#Z#DEBUG#17753ce8-a292-11f1-ad9c-eeee0a80c268.OPERATION#flowable-async-job-executor-thread-5304#
[ExecuteTaskStep] Running task on application "ResilienceCockpit-db-deployer": {
  "name" : "deploy",
  "command" : "npm start",
  "limits" : {
    "memory" : 256
  }
}#
#2026 08 28 03:40:31.245#Z#DEBUG#17753ce8-a292-11f1-ad9c-eeee0a80c268.OPERATION#flowable-async-job-executor-thread-5304#
Step "Execute Task" finished#
#2026 08 28 03:40:30.685#Z#DEBUG#17753ce8-a292-11f1-ad9c-eeee0a80c268.OPERATION#flowable-async-job-executor-thread-5301#
[UploadAppStep] Executing task "uploadAppTask" of process "31bc6114-a292-11f1-ad9c-eeee0a80c268"...#
#2026 08 28 03:40:30.686#Z#DEBUG#17753ce8-a292-11f1-ad9c-eeee0a80c268.OPERATION#flowable-async-job-executor-thread-5301#
[UploadAppStep] Application upload timeout is default one: 3,600 seconds#
#2026 08 28 03:40:30.687#Z#DEBUG#17753ce8-a292-11f1-ad9c-eeee0a80c268.OPERATION#pool-20-thread-2#
[UploadAppStep] Upload of application: ResilienceCockpit-srv started on instance: 1#
#2026 08 28 03:40:30.687#Z#DEBUG#17753ce8-a292-11f1-ad9c-eeee0a80c268.OPERATION#pool-20-thread-2#
[UploadAppStep] Uploading file "ResilienceCockpit-srv/data.zip" for application "ResilienceCockpit-srv"#
#2026 08 28 03:40:30.944#Z#INFO#17753ce8-a292-11f1-ad9c-eeee0a80c268.OPERATION#pool-20-thread-2#
[UploadAppStep] Time elapsed for app binary download: 256 in millis#
#2026 08 28 03:40:30.944#Z#INFO#17753ce8-a292-11f1-ad9c-eeee0a80c268.OPERATION#pool-20-thread-2#
[UploadAppStep] Size of app ResilienceCockpit-srv is 16,187,845 bytes#
#2026 08 28 03:40:30.944#Z#DEBUG#17753ce8-a292-11f1-ad9c-eeee0a80c268.OPERATION#pool-20-thread-2#
[UploadAppStep] Asynchronously uploading binaries for application "ResilienceCockpit-srv"...#
#2026 08 28 03:40:31.194#Z#INFO#17753ce8-a292-11f1-ad9c-eeee0a80c268.OPERATION#pool-20-thread-2#
[UploadAppStep] Started async upload of application "ResilienceCockpit-srv"#
#2026 08 28 03:40:31.197#Z#INFO#17753ce8-a292-11f1-ad9c-eeee0a80c268.OPERATION#flowable-async-job-executor-thread-5301#
[UploadAppStep] Time elapsed for upload: 510 in millis#
#2026 08 28 03:40:31.197#Z#DEBUG#17753ce8-a292-11f1-ad9c-eeee0a80c268.OPERATION#flowable-async-job-executor-thread-5301#
[UploadAppStep] Getting application "ResilienceCockpit-srv"...#
#2026 08 28 03:40:31.236#Z#DEBUG#17753ce8-a292-11f1-ad9c-eeee0a80c268.OPERATION#App upload monitor: 28ed3729-979f-424b-a981-ffdedbdffaa8#
[UploadAppStep] Upload status: PROCESSING_UPLOAD#
#2026 08 28 03:40:31.251#Z#DEBUG#17753ce8-a292-11f1-ad9c-eeee0a80c268.OPERATION#flowable-async-job-executor-thread-5301#
[UploadAppStep] Getting environment of application "846298f7-a9cf-4b9f-a20b-63e370407f6e"...#
#2026 08 28 03:40:31.282#Z#DEBUG#17753ce8-a292-11f1-ad9c-eeee0a80c268.OPERATION#flowable-async-job-executor-thread-5301#
[UploadAppStep] Updating environment of application "ResilienceCockpit-srv"#
#2026 08 28 03:40:31.358#Z#DEBUG#17753ce8-a292-11f1-ad9c-eeee0a80c268.OPERATION#flowable-async-job-executor-thread-5301#
Step "Upload App" finished#
#2026 08 28 03:40:36.261#Z#DEBUG#17753ce8-a292-11f1-ad9c-eeee0a80c268.OPERATION#App upload monitor: 28ed3729-979f-424b-a981-ffdedbdffaa8#
[UploadAppStep] Upload status: PROCESSING_UPLOAD#
#2026 08 28 03:40:40.691#Z#DEBUG#17753ce8-a292-11f1-ad9c-eeee0a80c268.OPERATION#flowable-async-job-executor-thread-5308#
[UploadAppStep] Executing task "uploadAppTask" of process "31bc6114-a292-11f1-ad9c-eeee0a80c268"...#
#2026 08 28 03:40:40.692#Z#DEBUG#17753ce8-a292-11f1-ad9c-eeee0a80c268.OPERATION#flowable-async-job-executor-thread-5308#
[UploadAppStep] Application upload timeout is default one: 3,600 seconds#
#2026 08 28 03:40:40.692#Z#DEBUG#17753ce8-a292-11f1-ad9c-eeee0a80c268.OPERATION#flowable-async-job-executor-thread-5308#
[UploadAppStep] Checking upload status of application "ResilienceCockpit-srv"...#
#2026 08 28 03:40:40.693#Z#DEBUG#17753ce8-a292-11f1-ad9c-eeee0a80c268.OPERATION#flowable-async-job-executor-thread-5308#
[UploadAppStep] Getting package "28ed3729-979f-424b-a981-ffdedbdffaa8"...#
#2026 08 28 03:40:40.720#Z#DEBUG#17753ce8-a292-11f1-ad9c-eeee0a80c268.OPERATION#flowable-async-job-executor-thread-5308#
Step "Upload App" finished#
#2026 08 28 03:40:40.690#Z#DEBUG#17753ce8-a292-11f1-ad9c-eeee0a80c268.OPERATION#flowable-async-job-executor-thread-5307#
[ExecuteTaskStep] Executing task "executeTaskTask" of process "37b9bc67-a292-11f1-ad9c-eeee0a80c268"...#
#2026 08 28 03:40:40.691#Z#DEBUG#17753ce8-a292-11f1-ad9c-eeee0a80c268.OPERATION#flowable-async-job-executor-thread-5307#
[ExecuteTaskStep] Application task execution timeout is default one: 43,200 seconds#
#2026 08 28 03:40:40.691#Z#DEBUG#17753ce8-a292-11f1-ad9c-eeee0a80c268.OPERATION#flowable-async-job-executor-thread-5307#
[ExecuteTaskStep] Getting task "1cff9e2f-beab-4d3d-aa18-27b812bcb074"...#
#2026 08 28 03:40:40.719#Z#DEBUG#17753ce8-a292-11f1-ad9c-eeee0a80c268.OPERATION#flowable-async-job-executor-thread-5307#
[ExecuteTaskStep] Task execution status: failed#
#2026 08 28 03:40:40.720#Z#DEBUG#17753ce8-a292-11f1-ad9c-eeee0a80c268.OPERATION#flowable-async-job-executor-thread-5307#
[ExecuteTaskStep] Getting application guid "ResilienceCockpit-db-deployer"...#
#2026 08 28 03:40:40.807#Z#ERROR#17753ce8-a292-11f1-ad9c-eeee0a80c268.OPERATION#flowable-async-job-executor-thread-5307#
[ExecuteTaskStep] Execution of task "deploy" on application "ResilienceCockpit-db-deployer" failed.#
#2026 08 28 03:40:40.810#Z#INFO#17753ce8-a292-11f1-ad9c-eeee0a80c268.OPERATION#flowable-async-job-executor-thread-5307#
[ExecuteTaskStep] Download the MTA operation logs for more details.#
#2026 08 28 03:40:40.813#Z#DEBUG#17753ce8-a292-11f1-ad9c-eeee0a80c268.OPERATION#flowable-async-job-executor-thread-5307#
Step "Execute Task" finished#
#2026 08 28 03:40:43.538#Z#DEBUG#17753ce8-a292-11f1-ad9c-eeee0a80c268.OPERATION#flowable-async-job-executor-thread-5309#
[ExecuteTaskStep] Executing task "executeTaskTask" of process "37b9bc67-a292-11f1-ad9c-eeee0a80c268"...#
#2026 08 28 03:40:43.539#Z#DEBUG#17753ce8-a292-11f1-ad9c-eeee0a80c268.OPERATION#flowable-async-job-executor-thread-5309#
[ExecuteTaskStep] Application task execution timeout is default one: 43,200 seconds#
#2026 08 28 03:40:43.618#Z#INFO#17753ce8-a292-11f1-ad9c-eeee0a80c268.OPERATION#flowable-async-job-executor-thread-5309#
[ExecuteTaskStep] Executing task "deploy" on application "ResilienceCockpit-db-deployer"...#
#2026 08 28 03:40:43.620#Z#DEBUG#17753ce8-a292-11f1-ad9c-eeee0a80c268.OPERATION#flowable-async-job-executor-thread-5309#
[ExecuteTaskStep] Running task on application "ResilienceCockpit-db-deployer": {
  "name" : "deploy",
  "command" : "npm start",
  "limits" : {
    "memory" : 256
  }
}#
#2026 08 28 03:40:43.877#Z#DEBUG#17753ce8-a292-11f1-ad9c-eeee0a80c268.OPERATION#flowable-async-job-executor-thread-5309#
Step "Execute Task" finished#
#2026 08 28 03:40:41.302#Z#DEBUG#17753ce8-a292-11f1-ad9c-eeee0a80c268.OPERATION#App upload monitor: 28ed3729-979f-424b-a981-ffdedbdffaa8#
[UploadAppStep] Upload status: PROCESSING_UPLOAD#
#2026 08 28 03:40:46.321#Z#DEBUG#17753ce8-a292-11f1-ad9c-eeee0a80c268.OPERATION#App upload monitor: 28ed3729-979f-424b-a981-ffdedbdffaa8#
[UploadAppStep] Upload status: READY#
#2026 08 28 03:40:50.694#Z#DEBUG#17753ce8-a292-11f1-ad9c-eeee0a80c268.OPERATION#flowable-async-job-executor-thread-5312#
[UploadAppStep] Executing task "uploadAppTask" of process "31bc6114-a292-11f1-ad9c-eeee0a80c268"...#
#2026 08 28 03:40:50.695#Z#DEBUG#17753ce8-a292-11f1-ad9c-eeee0a80c268.OPERATION#flowable-async-job-executor-thread-5312#
[UploadAppStep] Application upload timeout is default one: 3,600 seconds#
#2026 08 28 03:40:50.695#Z#DEBUG#17753ce8-a292-11f1-ad9c-eeee0a80c268.OPERATION#flowable-async-job-executor-thread-5312#
[UploadAppStep] Checking upload status of application "ResilienceCockpit-srv"...#
#2026 08 28 03:40:50.696#Z#DEBUG#17753ce8-a292-11f1-ad9c-eeee0a80c268.OPERATION#flowable-async-job-executor-thread-5312#
[UploadAppStep] Getting package "28ed3729-979f-424b-a981-ffdedbdffaa8"...#
#2026 08 28 03:40:50.725#Z#DEBUG#17753ce8-a292-11f1-ad9c-eeee0a80c268.OPERATION#flowable-async-job-executor-thread-5312#
[UploadAppStep] Application "ResilienceCockpit-srv" uploaded#
#2026 08 28 03:40:50.726#Z#DEBUG#17753ce8-a292-11f1-ad9c-eeee0a80c268.OPERATION#flowable-async-job-executor-thread-5312#
Step "Upload App" finished#
#2026 08 28 03:40:50.743#Z#DEBUG#17753ce8-a292-11f1-ad9c-eeee0a80c268.OPERATION#flowable-async-job-executor-thread-5314#
[ScaleAppStep] Executing task "scaleAppTask" of process "31bc6114-a292-11f1-ad9c-eeee0a80c268"...#
#2026 08 28 03:40:50.744#Z#DEBUG#17753ce8-a292-11f1-ad9c-eeee0a80c268.OPERATION#flowable-async-job-executor-thread-5314#
[ScaleAppStep] Scaling application "ResilienceCockpit-srv"...#
#2026 08 28 03:40:50.744#Z#DEBUG#17753ce8-a292-11f1-ad9c-eeee0a80c268.OPERATION#flowable-async-job-executor-thread-5314#
[ScaleAppStep] Getting application guid "ResilienceCockpit-srv"...#
#2026 08 28 03:40:50.771#Z#DEBUG#17753ce8-a292-11f1-ad9c-eeee0a80c268.OPERATION#flowable-async-job-executor-thread-5314#
[ScaleAppStep] Getting process for application "846298f7-a9cf-4b9f-a20b-63e370407f6e"...#
#2026 08 28 03:40:50.800#Z#DEBUG#17753ce8-a292-11f1-ad9c-eeee0a80c268.OPERATION#flowable-async-job-executor-thread-5314#
[ScaleAppStep] Application "ResilienceCockpit-srv" scaled#
#2026 08 28 03:40:50.800#Z#DEBUG#17753ce8-a292-11f1-ad9c-eeee0a80c268.OPERATION#flowable-async-job-executor-thread-5314#
Step "Scale App" finished#
#2026 08 28 03:40:50.695#Z#DEBUG#17753ce8-a292-11f1-ad9c-eeee0a80c268.OPERATION#flowable-async-job-executor-thread-5313#
[ExecuteTaskStep] Executing task "executeTaskTask" of process "37b9bc67-a292-11f1-ad9c-eeee0a80c268"...#
#2026 08 28 03:40:50.696#Z#DEBUG#17753ce8-a292-11f1-ad9c-eeee0a80c268.OPERATION#flowable-async-job-executor-thread-5313#
[ExecuteTaskStep] Application task execution timeout is default one: 43,200 seconds#
#2026 08 28 03:40:50.696#Z#DEBUG#17753ce8-a292-11f1-ad9c-eeee0a80c268.OPERATION#flowable-async-job-executor-thread-5313#
[ExecuteTaskStep] Getting task "e209724f-c222-4ad5-836d-1ce41b215160"...#
#2026 08 28 03:40:50.716#Z#DEBUG#17753ce8-a292-11f1-ad9c-eeee0a80c268.OPERATION#flowable-async-job-executor-thread-5313#
[ExecuteTaskStep] Task execution status: running#
#2026 08 28 03:40:50.717#Z#DEBUG#17753ce8-a292-11f1-ad9c-eeee0a80c268.OPERATION#flowable-async-job-executor-thread-5313#
[ExecuteTaskStep] Getting application guid "ResilienceCockpit-db-deployer"...#
#2026 08 28 03:40:50.811#Z#DEBUG#17753ce8-a292-11f1-ad9c-eeee0a80c268.OPERATION#flowable-async-job-executor-thread-5313#
Step "Execute Task" finished#
#2026 08 28 03:40:50.814#Z#DEBUG#17753ce8-a292-11f1-ad9c-eeee0a80c268.OPERATION#flowable-async-job-executor-thread-5315#
[DetermineDesiredStateAchievingActionsStep] Executing task "determineDesiredStateAchievingActionsTask" of process "31bc6114-a292-11f1-ad9c-eeee0a80c268"...#
#2026 08 28 03:40:50.815#Z#DEBUG#17753ce8-a292-11f1-ad9c-eeee0a80c268.OPERATION#flowable-async-job-executor-thread-5315#
[DetermineDesiredStateAchievingActionsStep] Getting application "ResilienceCockpit-srv"...#
#2026 08 28 03:40:50.848#Z#DEBUG#17753ce8-a292-11f1-ad9c-eeee0a80c268.OPERATION#flowable-async-job-executor-thread-5315#
[DetermineDesiredStateAchievingActionsStep] Getting instances for application "ResilienceCockpit-srv"...#
#2026 08 28 03:40:50.848#Z#DEBUG#17753ce8-a292-11f1-ad9c-eeee0a80c268.OPERATION#flowable-async-job-executor-thread-5315#
[DetermineDesiredStateAchievingActionsStep] Getting environment of application "846298f7-a9cf-4b9f-a20b-63e370407f6e"...#
#2026 08 28 03:40:50.884#Z#DEBUG#17753ce8-a292-11f1-ad9c-eeee0a80c268.OPERATION#flowable-async-job-executor-thread-5315#
[DetermineDesiredStateAchievingActionsStep] Current state of application ResilienceCockpit-srv: STOPPED#
#2026 08 28 03:40:50.884#Z#DEBUG#17753ce8-a292-11f1-ad9c-eeee0a80c268.OPERATION#flowable-async-job-executor-thread-5315#
[DetermineDesiredStateAchievingActionsStep] Desired state of application ResilienceCockpit-srv: STARTED#
#2026 08 28 03:40:50.884#Z#DEBUG#17753ce8-a292-11f1-ad9c-eeee0a80c268.OPERATION#flowable-async-job-executor-thread-5315#
[DetermineDesiredStateAchievingActionsStep] Actions that should be executed on application ResilienceCockpit-srv: [STAGE, START]#
#2026 08 28 03:40:50.884#Z#DEBUG#17753ce8-a292-11f1-ad9c-eeee0a80c268.OPERATION#flowable-async-job-executor-thread-5315#
Step "Determine Desired State Achieving Actions" finished#
#2026 08 28 03:40:50.902#Z#DEBUG#17753ce8-a292-11f1-ad9c-eeee0a80c268.OPERATION#flowable-async-job-executor-thread-5316#
[StageAppStep] Executing task "stageAppTask" of process "31bc6114-a292-11f1-ad9c-eeee0a80c268"...#
#2026 08 28 03:40:50.904#Z#DEBUG#17753ce8-a292-11f1-ad9c-eeee0a80c268.OPERATION#flowable-async-job-executor-thread-5316#
[StageAppStep] Application stage timeout is default one: 3,600 seconds#
#2026 08 28 03:40:50.904#Z#INFO#17753ce8-a292-11f1-ad9c-eeee0a80c268.OPERATION#flowable-async-job-executor-thread-5316#
[StageAppStep] Staging application "ResilienceCockpit-srv"...#
#2026 08 28 03:40:50.907#Z#DEBUG#17753ce8-a292-11f1-ad9c-eeee0a80c268.OPERATION#flowable-async-job-executor-thread-5316#
[StageAppStep] Creating build for package "28ed3729-979f-424b-a981-ffdedbdffaa8"...#
#2026 08 28 03:40:51.265#Z#DEBUG#17753ce8-a292-11f1-ad9c-eeee0a80c268.OPERATION#flowable-async-job-executor-thread-5316#
Step "Stage App" finished#
#2026 08 28 03:41:00.706#Z#DEBUG#17753ce8-a292-11f1-ad9c-eeee0a80c268.OPERATION#flowable-async-job-executor-thread-5319#
[ExecuteTaskStep] Executing task "executeTaskTask" of process "37b9bc67-a292-11f1-ad9c-eeee0a80c268"...#
#2026 08 28 03:41:00.707#Z#DEBUG#17753ce8-a292-11f1-ad9c-eeee0a80c268.OPERATION#flowable-async-job-executor-thread-5319#
[ExecuteTaskStep] Application task execution timeout is default one: 43,200 seconds#
#2026 08 28 03:41:00.708#Z#DEBUG#17753ce8-a292-11f1-ad9c-eeee0a80c268.OPERATION#flowable-async-job-executor-thread-5319#
[ExecuteTaskStep] Getting task "e209724f-c222-4ad5-836d-1ce41b215160"...#
#2026 08 28 03:41:00.740#Z#DEBUG#17753ce8-a292-11f1-ad9c-eeee0a80c268.OPERATION#flowable-async-job-executor-thread-5319#
[ExecuteTaskStep] Task execution status: failed#
#2026 08 28 03:41:00.741#Z#DEBUG#17753ce8-a292-11f1-ad9c-eeee0a80c268.OPERATION#flowable-async-job-executor-thread-5319#
[ExecuteTaskStep] Getting application guid "ResilienceCockpit-db-deployer"...#
#2026 08 28 03:41:00.804#Z#ERROR#17753ce8-a292-11f1-ad9c-eeee0a80c268.OPERATION#flowable-async-job-executor-thread-5319#
[ExecuteTaskStep] Execution of task "deploy" on application "ResilienceCockpit-db-deployer" failed.#
#2026 08 28 03:41:00.808#Z#INFO#17753ce8-a292-11f1-ad9c-eeee0a80c268.OPERATION#flowable-async-job-executor-thread-5319#
[ExecuteTaskStep] Download the MTA operation logs for more details.#
#2026 08 28 03:41:00.810#Z#DEBUG#17753ce8-a292-11f1-ad9c-eeee0a80c268.OPERATION#flowable-async-job-executor-thread-5319#
Step "Execute Task" finished#
#2026 08 28 03:41:00.711#Z#DEBUG#17753ce8-a292-11f1-ad9c-eeee0a80c268.OPERATION#flowable-async-job-executor-thread-5320#
[StageAppStep] Executing task "stageAppTask" of process "31bc6114-a292-11f1-ad9c-eeee0a80c268"...#
#2026 08 28 03:41:00.712#Z#DEBUG#17753ce8-a292-11f1-ad9c-eeee0a80c268.OPERATION#flowable-async-job-executor-thread-5320#
[StageAppStep] Application stage timeout is default one: 3,600 seconds#
#2026 08 28 03:41:00.712#Z#DEBUG#17753ce8-a292-11f1-ad9c-eeee0a80c268.OPERATION#flowable-async-job-executor-thread-5320#
[StageAppStep] Checking status of application "ResilienceCockpit-srv"...#
#2026 08 28 03:41:00.713#Z#DEBUG#17753ce8-a292-11f1-ad9c-eeee0a80c268.OPERATION#flowable-async-job-executor-thread-5320#
[StageAppStep] Getting build "358a054d-ea2e-40bf-9858-62e2e13759c5"...#
#2026 08 28 03:41:00.740#Z#DEBUG#17753ce8-a292-11f1-ad9c-eeee0a80c268.OPERATION#flowable-async-job-executor-thread-5320#
[StageAppStep] Staging status of application "ResilienceCockpit-srv": PENDING#
#2026 08 28 03:41:00.742#Z#DEBUG#17753ce8-a292-11f1-ad9c-eeee0a80c268.OPERATION#flowable-async-job-executor-thread-5320#
[StageAppStep] Getting application guid "ResilienceCockpit-srv"...#
#2026 08 28 03:41:00.829#Z#DEBUG#17753ce8-a292-11f1-ad9c-eeee0a80c268.OPERATION#flowable-async-job-executor-thread-5320#
Step "Stage App" finished#
#2026 08 28 03:41:01.849#Z#DEBUG#17753ce8-a292-11f1-ad9c-eeee0a80c268.OPERATION#flowable-async-job-executor-thread-5321#
[ExecuteTaskStep] Executing task "executeTaskTask" of process "37b9bc67-a292-11f1-ad9c-eeee0a80c268"...#
#2026 08 28 03:41:01.851#Z#DEBUG#17753ce8-a292-11f1-ad9c-eeee0a80c268.OPERATION#flowable-async-job-executor-thread-5321#
[ExecuteTaskStep] Application task execution timeout is default one: 43,200 seconds#
#2026 08 28 03:41:01.930#Z#INFO#17753ce8-a292-11f1-ad9c-eeee0a80c268.OPERATION#flowable-async-job-executor-thread-5321#
[ExecuteTaskStep] Executing task "deploy" on application "ResilienceCockpit-db-deployer"...#
#2026 08 28 03:41:01.934#Z#DEBUG#17753ce8-a292-11f1-ad9c-eeee0a80c268.OPERATION#flowable-async-job-executor-thread-5321#
[ExecuteTaskStep] Running task on application "ResilienceCockpit-db-deployer": {
  "name" : "deploy",
  "command" : "npm start",
  "limits" : {
    "memory" : 256
  }
}#
#2026 08 28 03:41:02.178#Z#DEBUG#17753ce8-a292-11f1-ad9c-eeee0a80c268.OPERATION#flowable-async-job-executor-thread-5321#
Step "Execute Task" finished#
#2026 08 28 03:41:10.714#Z#DEBUG#17753ce8-a292-11f1-ad9c-eeee0a80c268.OPERATION#flowable-async-job-executor-thread-5324#
[ExecuteTaskStep] Executing task "executeTaskTask" of process "37b9bc67-a292-11f1-ad9c-eeee0a80c268"...#
#2026 08 28 03:41:10.715#Z#DEBUG#17753ce8-a292-11f1-ad9c-eeee0a80c268.OPERATION#flowable-async-job-executor-thread-5324#
[ExecuteTaskStep] Application task execution timeout is default one: 43,200 seconds#
#2026 08 28 03:41:10.716#Z#DEBUG#17753ce8-a292-11f1-ad9c-eeee0a80c268.OPERATION#flowable-async-job-executor-thread-5324#
[ExecuteTaskStep] Getting task "c9fd753b-5d8a-4c7e-9ef0-3355bfa6127f"...#
#2026 08 28 03:41:10.743#Z#DEBUG#17753ce8-a292-11f1-ad9c-eeee0a80c268.OPERATION#flowable-async-job-executor-thread-5324#
[ExecuteTaskStep] Task execution status: running#
#2026 08 28 03:41:10.744#Z#DEBUG#17753ce8-a292-11f1-ad9c-eeee0a80c268.OPERATION#flowable-async-job-executor-thread-5324#
[ExecuteTaskStep] Getting application guid "ResilienceCockpit-db-deployer"...#
#2026 08 28 03:41:10.830#Z#DEBUG#17753ce8-a292-11f1-ad9c-eeee0a80c268.OPERATION#flowable-async-job-executor-thread-5324#
Step "Execute Task" finished#
#2026 08 28 03:41:10.733#Z#DEBUG#17753ce8-a292-11f1-ad9c-eeee0a80c268.OPERATION#flowable-async-job-executor-thread-5325#
[StageAppStep] Executing task "stageAppTask" of process "31bc6114-a292-11f1-ad9c-eeee0a80c268"...#
#2026 08 28 03:41:10.733#Z#DEBUG#17753ce8-a292-11f1-ad9c-eeee0a80c268.OPERATION#flowable-async-job-executor-thread-5325#
[StageAppStep] Application stage timeout is default one: 3,600 seconds#
#2026 08 28 03:41:10.734#Z#DEBUG#17753ce8-a292-11f1-ad9c-eeee0a80c268.OPERATION#flowable-async-job-executor-thread-5325#
[StageAppStep] Checking status of application "ResilienceCockpit-srv"...#
#2026 08 28 03:41:10.734#Z#DEBUG#17753ce8-a292-11f1-ad9c-eeee0a80c268.OPERATION#flowable-async-job-executor-thread-5325#
[StageAppStep] Getting build "358a054d-ea2e-40bf-9858-62e2e13759c5"...#
#2026 08 28 03:41:10.761#Z#DEBUG#17753ce8-a292-11f1-ad9c-eeee0a80c268.OPERATION#flowable-async-job-executor-thread-5325#
[StageAppStep] Staging status of application "ResilienceCockpit-srv": PENDING#
#2026 08 28 03:41:10.762#Z#DEBUG#17753ce8-a292-11f1-ad9c-eeee0a80c268.OPERATION#flowable-async-job-executor-thread-5325#
[StageAppStep] Getting application guid "ResilienceCockpit-srv"...#
#2026 08 28 03:41:10.835#Z#DEBUG#17753ce8-a292-11f1-ad9c-eeee0a80c268.OPERATION#flowable-async-job-executor-thread-5325#
Step "Stage App" finished#
#2026 08 28 03:41:20.721#Z#DEBUG#17753ce8-a292-11f1-ad9c-eeee0a80c268.OPERATION#flowable-async-job-executor-thread-5328#
[ExecuteTaskStep] Executing task "executeTaskTask" of process "37b9bc67-a292-11f1-ad9c-eeee0a80c268"...#
#2026 08 28 03:41:20.722#Z#DEBUG#17753ce8-a292-11f1-ad9c-eeee0a80c268.OPERATION#flowable-async-job-executor-thread-5328#
[ExecuteTaskStep] Application task execution timeout is default one: 43,200 seconds#
#2026 08 28 03:41:20.723#Z#DEBUG#17753ce8-a292-11f1-ad9c-eeee0a80c268.OPERATION#flowable-async-job-executor-thread-5328#
[ExecuteTaskStep] Getting task "c9fd753b-5d8a-4c7e-9ef0-3355bfa6127f"...#
#2026 08 28 03:41:20.748#Z#DEBUG#17753ce8-a292-11f1-ad9c-eeee0a80c268.OPERATION#flowable-async-job-executor-thread-5328#
[ExecuteTaskStep] Task execution status: failed#
#2026 08 28 03:41:20.749#Z#DEBUG#17753ce8-a292-11f1-ad9c-eeee0a80c268.OPERATION#flowable-async-job-executor-thread-5328#
[ExecuteTaskStep] Getting application guid "ResilienceCockpit-db-deployer"...#
#2026 08 28 03:41:20.848#Z#ERROR#17753ce8-a292-11f1-ad9c-eeee0a80c268.OPERATION#flowable-async-job-executor-thread-5328#
[ExecuteTaskStep] Execution of task "deploy" on application "ResilienceCockpit-db-deployer" failed.#
#2026 08 28 03:41:20.852#Z#INFO#17753ce8-a292-11f1-ad9c-eeee0a80c268.OPERATION#flowable-async-job-executor-thread-5328#
[ExecuteTaskStep] Download the MTA operation logs for more details.#
#2026 08 28 03:41:20.854#Z#DEBUG#17753ce8-a292-11f1-ad9c-eeee0a80c268.OPERATION#flowable-async-job-executor-thread-5328#
Step "Execute Task" finished#
#2026 08 28 03:41:20.726#Z#DEBUG#17753ce8-a292-11f1-ad9c-eeee0a80c268.OPERATION#flowable-async-job-executor-thread-5329#
[StageAppStep] Executing task "stageAppTask" of process "31bc6114-a292-11f1-ad9c-eeee0a80c268"...#
#2026 08 28 03:41:20.727#Z#DEBUG#17753ce8-a292-11f1-ad9c-eeee0a80c268.OPERATION#flowable-async-job-executor-thread-5329#
[StageAppStep] Application stage timeout is default one: 3,600 seconds#
#2026 08 28 03:41:20.728#Z#DEBUG#17753ce8-a292-11f1-ad9c-eeee0a80c268.OPERATION#flowable-async-job-executor-thread-5329#
[StageAppStep] Checking status of application "ResilienceCockpit-srv"...#
#2026 08 28 03:41:20.728#Z#DEBUG#17753ce8-a292-11f1-ad9c-eeee0a80c268.OPERATION#flowable-async-job-executor-thread-5329#
[StageAppStep] Getting build "358a054d-ea2e-40bf-9858-62e2e13759c5"...#
#2026 08 28 03:41:20.779#Z#DEBUG#17753ce8-a292-11f1-ad9c-eeee0a80c268.OPERATION#flowable-async-job-executor-thread-5329#
[StageAppStep] Staging status of application "ResilienceCockpit-srv": STAGED#
#2026 08 28 03:41:20.780#Z#DEBUG#17753ce8-a292-11f1-ad9c-eeee0a80c268.OPERATION#flowable-async-job-executor-thread-5329#
[StageAppStep] Getting application guid "ResilienceCockpit-srv"...#
#2026 08 28 03:41:20.858#Z#DEBUG#17753ce8-a292-11f1-ad9c-eeee0a80c268.OPERATION#flowable-async-job-executor-thread-5329#
[StageAppStep] Getting build "358a054d-ea2e-40bf-9858-62e2e13759c5"...#
#2026 08 28 03:41:20.880#Z#DEBUG#17753ce8-a292-11f1-ad9c-eeee0a80c268.OPERATION#flowable-async-job-executor-thread-5329#
[StageAppStep] Binding droplet "77ed8bf9-65c6-4591-9b7a-1868507fb02d" to application "846298f7-a9cf-4b9f-a20b-63e370407f6e"...#
#2026 08 28 03:41:20.928#Z#INFO#17753ce8-a292-11f1-ad9c-eeee0a80c268.OPERATION#flowable-async-job-executor-thread-5329#
[StageAppStep] Application "ResilienceCockpit-srv" staged#
#2026 08 28 03:41:20.931#Z#DEBUG#17753ce8-a292-11f1-ad9c-eeee0a80c268.OPERATION#flowable-async-job-executor-thread-5329#
Step "Stage App" finished#
#2026 08 28 03:41:20.953#Z#DEBUG#17753ce8-a292-11f1-ad9c-eeee0a80c268.OPERATION#flowable-async-job-executor-thread-5330#
[RestartAppStep] Executing task "startAppTask" of process "31bc6114-a292-11f1-ad9c-eeee0a80c268"...#
#2026 08 28 03:41:20.954#Z#DEBUG#17753ce8-a292-11f1-ad9c-eeee0a80c268.OPERATION#flowable-async-job-executor-thread-5330#
[RestartAppStep] Application start timeout is default one: 3,600 seconds#
#2026 08 28 03:41:21.017#Z#DEBUG#17753ce8-a292-11f1-ad9c-eeee0a80c268.OPERATION#flowable-async-job-executor-thread-5330#
[RestartAppStep] Getting application "ResilienceCockpit-srv"...#
#2026 08 28 03:41:21.058#Z#INFO#17753ce8-a292-11f1-ad9c-eeee0a80c268.OPERATION#flowable-async-job-executor-thread-5330#
[RestartAppStep] Starting application "ResilienceCockpit-srv"...#
#2026 08 28 03:41:21.061#Z#DEBUG#17753ce8-a292-11f1-ad9c-eeee0a80c268.OPERATION#flowable-async-job-executor-thread-5330#
[RestartAppStep] Starting application "ResilienceCockpit-srv"...#
#2026 08 28 03:41:21.287#Z#DEBUG#17753ce8-a292-11f1-ad9c-eeee0a80c268.OPERATION#flowable-async-job-executor-thread-5330#
Step "Start App" finished#
#2026 08 28 03:41:23.152#Z#DEBUG#17753ce8-a292-11f1-ad9c-eeee0a80c268.OPERATION#flowable-async-job-executor-thread-5331#
[ExecuteTaskStep] Executing task "executeTaskTask" of process "37b9bc67-a292-11f1-ad9c-eeee0a80c268"...#
#2026 08 28 03:41:23.153#Z#DEBUG#17753ce8-a292-11f1-ad9c-eeee0a80c268.OPERATION#flowable-async-job-executor-thread-5331#
[ExecuteTaskStep] Application task execution timeout is default one: 43,200 seconds#
#2026 08 28 03:41:23.155#Z#INFO#17753ce8-a292-11f1-ad9c-eeee0a80c268.OPERATION#flowable-async-job-executor-thread-5331#
[ExecuteTaskStep] Executing task "deploy" on application "ResilienceCockpit-db-deployer"...#
#2026 08 28 03:41:23.157#Z#DEBUG#17753ce8-a292-11f1-ad9c-eeee0a80c268.OPERATION#flowable-async-job-executor-thread-5331#
[ExecuteTaskStep] Running task on application "ResilienceCockpit-db-deployer": {
  "name" : "deploy",
  "command" : "npm start",
  "limits" : {
    "memory" : 256
  }
}#
#2026 08 28 03:41:23.448#Z#DEBUG#17753ce8-a292-11f1-ad9c-eeee0a80c268.OPERATION#flowable-async-job-executor-thread-5331#
Step "Execute Task" finished#
#2026 08 28 03:41:30.733#Z#DEBUG#17753ce8-a292-11f1-ad9c-eeee0a80c268.OPERATION#flowable-async-job-executor-thread-5335#
[ExecuteTaskStep] Executing task "executeTaskTask" of process "37b9bc67-a292-11f1-ad9c-eeee0a80c268"...#
#2026 08 28 03:41:30.734#Z#DEBUG#17753ce8-a292-11f1-ad9c-eeee0a80c268.OPERATION#flowable-async-job-executor-thread-5335#
[ExecuteTaskStep] Application task execution timeout is default one: 43,200 seconds#
#2026 08 28 03:41:30.735#Z#DEBUG#17753ce8-a292-11f1-ad9c-eeee0a80c268.OPERATION#flowable-async-job-executor-thread-5335#
[ExecuteTaskStep] Getting task "fe149f49-c238-4f47-9455-b014a98f535e"...#
#2026 08 28 03:41:30.779#Z#DEBUG#17753ce8-a292-11f1-ad9c-eeee0a80c268.OPERATION#flowable-async-job-executor-thread-5335#
[ExecuteTaskStep] Task execution status: running#
#2026 08 28 03:41:30.780#Z#DEBUG#17753ce8-a292-11f1-ad9c-eeee0a80c268.OPERATION#flowable-async-job-executor-thread-5335#
[ExecuteTaskStep] Getting application guid "ResilienceCockpit-db-deployer"...#
#2026 08 28 03:41:30.836#Z#DEBUG#17753ce8-a292-11f1-ad9c-eeee0a80c268.OPERATION#flowable-async-job-executor-thread-5335#
Step "Execute Task" finished#
#2026 08 28 03:41:30.730#Z#DEBUG#17753ce8-a292-11f1-ad9c-eeee0a80c268.OPERATION#flowable-async-job-executor-thread-5334#
[RestartAppStep] Executing task "startAppTask" of process "55c1e02f-a292-11f1-ad9c-eeee0a80c268"...#
#2026 08 28 03:41:30.731#Z#DEBUG#17753ce8-a292-11f1-ad9c-eeee0a80c268.OPERATION#flowable-async-job-executor-thread-5334#
[RestartAppStep] Application start timeout is default one: 3,600 seconds#
#2026 08 28 03:41:30.732#Z#DEBUG#17753ce8-a292-11f1-ad9c-eeee0a80c268.OPERATION#flowable-async-job-executor-thread-5334#
[RestartAppStep] Checking status of application "ResilienceCockpit-srv"...#
#2026 08 28 03:41:30.732#Z#DEBUG#17753ce8-a292-11f1-ad9c-eeee0a80c268.OPERATION#flowable-async-job-executor-thread-5334#
[RestartAppStep] Getting application "ResilienceCockpit-srv"...#
#2026 08 28 03:41:30.763#Z#DEBUG#17753ce8-a292-11f1-ad9c-eeee0a80c268.OPERATION#flowable-async-job-executor-thread-5334#
[RestartAppStep] Getting instances for application "ResilienceCockpit-srv"...#
#2026 08 28 03:41:30.829#Z#DEBUG#17753ce8-a292-11f1-ad9c-eeee0a80c268.OPERATION#flowable-async-job-executor-thread-5334#
[RestartAppStep] Application "ResilienceCockpit-srv": 1 of 1 instances running (1 running)#
#2026 08 28 03:41:30.857#Z#DEBUG#17753ce8-a292-11f1-ad9c-eeee0a80c268.OPERATION#flowable-async-job-executor-thread-5334#
[RestartAppStep] Getting routes for application "846298f7-a9cf-4b9f-a20b-63e370407f6e"...#
#2026 08 28 03:41:30.888#Z#INFO#17753ce8-a292-11f1-ad9c-eeee0a80c268.OPERATION#flowable-async-job-executor-thread-5334#
[RestartAppStep] Application "ResilienceCockpit-srv" started and available at "94060551trial-dev-resiliencecockpit-srv.cfapps.us10-003.hana.ondemand.com"#
#2026 08 28 03:41:30.892#Z#DEBUG#17753ce8-a292-11f1-ad9c-eeee0a80c268.OPERATION#flowable-async-job-executor-thread-5334#
Step "Start App" finished#
#2026 08 28 03:41:40.741#Z#DEBUG#17753ce8-a292-11f1-ad9c-eeee0a80c268.OPERATION#flowable-async-job-executor-thread-5339#
[RestartAppStep] Executing task "startAppTask" of process "5b7b7ba1-a292-11f1-ad9c-eeee0a80c268"...#
#2026 08 28 03:41:40.743#Z#DEBUG#17753ce8-a292-11f1-ad9c-eeee0a80c268.OPERATION#flowable-async-job-executor-thread-5339#
[RestartAppStep] Application start timeout is default one: 3,600 seconds#
#2026 08 28 03:41:40.744#Z#DEBUG#17753ce8-a292-11f1-ad9c-eeee0a80c268.OPERATION#flowable-async-job-executor-thread-5339#
Step "Start App" finished#
#2026 08 28 03:41:40.794#Z#DEBUG#17753ce8-a292-11f1-ad9c-eeee0a80c268.OPERATION#flowable-async-job-executor-thread-5341#
[PrepareToExecuteTasksStep] Executing task "prepareToExecuteTasksTask" of process "615e7115-a292-11f1-ad9c-eeee0a80c268"...#
#2026 08 28 03:41:40.795#Z#DEBUG#17753ce8-a292-11f1-ad9c-eeee0a80c268.OPERATION#flowable-async-job-executor-thread-5341#
Step "Prepare To Execute Tasks" finished#
#2026 08 28 03:41:40.739#Z#DEBUG#17753ce8-a292-11f1-ad9c-eeee0a80c268.OPERATION#flowable-async-job-executor-thread-5338#
[ExecuteTaskStep] Executing task "executeTaskTask" of process "37b9bc67-a292-11f1-ad9c-eeee0a80c268"...#
#2026 08 28 03:41:40.740#Z#DEBUG#17753ce8-a292-11f1-ad9c-eeee0a80c268.OPERATION#flowable-async-job-executor-thread-5338#
[ExecuteTaskStep] Application task execution timeout is default one: 43,200 seconds#
#2026 08 28 03:41:40.741#Z#DEBUG#17753ce8-a292-11f1-ad9c-eeee0a80c268.OPERATION#flowable-async-job-executor-thread-5338#
[ExecuteTaskStep] Getting task "fe149f49-c238-4f47-9455-b014a98f535e"...#
#2026 08 28 03:41:40.765#Z#DEBUG#17753ce8-a292-11f1-ad9c-eeee0a80c268.OPERATION#flowable-async-job-executor-thread-5338#
[ExecuteTaskStep] Task execution status: failed#
#2026 08 28 03:41:40.766#Z#DEBUG#17753ce8-a292-11f1-ad9c-eeee0a80c268.OPERATION#flowable-async-job-executor-thread-5338#
[ExecuteTaskStep] Getting application guid "ResilienceCockpit-db-deployer"...#
#2026 08 28 03:41:40.824#Z#ERROR#17753ce8-a292-11f1-ad9c-eeee0a80c268.OPERATION#flowable-async-job-executor-thread-5338#
[ExecuteTaskStep] Execution of task "deploy" on application "ResilienceCockpit-db-deployer" failed.#
#2026 08 28 03:41:40.828#Z#INFO#17753ce8-a292-11f1-ad9c-eeee0a80c268.OPERATION#flowable-async-job-executor-thread-5338#
[ExecuteTaskStep] Download the MTA operation logs for more details.#
#2026 08 28 03:41:40.831#Z#DEBUG#17753ce8-a292-11f1-ad9c-eeee0a80c268.OPERATION#flowable-async-job-executor-thread-5338#
Step "Execute Task" finished#
#2026 08 28 03:41:40.835#Z#DEBUG#17753ce8-a292-11f1-ad9c-eeee0a80c268.OPERATION#flowable-async-job-executor-thread-5342#
[PublishConfigurationEntriesStep] Executing task "publishProvidedDependenciesTask" of process "615ac772-a292-11f1-ad9c-eeee0a80c268"...#
#2026 08 28 03:41:40.836#Z#DEBUG#17753ce8-a292-11f1-ad9c-eeee0a80c268.OPERATION#flowable-async-job-executor-thread-5342#
[PublishConfigurationEntriesStep] Publishing public provided dependencies for application "ResilienceCockpit-srv"...#
#2026 08 28 03:41:40.836#Z#DEBUG#17753ce8-a292-11f1-ad9c-eeee0a80c268.OPERATION#flowable-async-job-executor-thread-5342#
[PublishConfigurationEntriesStep] No public provided dependencies for publishing#
#2026 08 28 03:41:40.836#Z#DEBUG#17753ce8-a292-11f1-ad9c-eeee0a80c268.OPERATION#flowable-async-job-executor-thread-5342#
Step "Publish Provided Dependencies" finished#
#2026 08 28 03:41:40.854#Z#DEBUG#17753ce8-a292-11f1-ad9c-eeee0a80c268.OPERATION#flowable-async-job-executor-thread-5343#
[CreateOrUpdateServiceBrokerStep] Executing task "createOrUpdateServiceBrokerTask" of process "615ac772-a292-11f1-ad9c-eeee0a80c268"...#
#2026 08 28 03:41:40.855#Z#DEBUG#17753ce8-a292-11f1-ad9c-eeee0a80c268.OPERATION#flowable-async-job-executor-thread-5343#
[CreateOrUpdateServiceBrokerStep] Creating service brokers...#
#2026 08 28 03:41:40.856#Z#DEBUG#17753ce8-a292-11f1-ad9c-eeee0a80c268.OPERATION#flowable-async-job-executor-thread-5343#
Step "Create Or Update Service Broker " finished#
