#2026 08 26 15:35:26.234#Z#INFO#c28227b5-a163-11f1-b062-eeee0a986ec4.OPERATION#http-nio-0.0.0.0-8080-exec-9#
[XS2StartProcessListener] Operation ID: c28227b5-a163-11f1-b062-eeee0a986ec4#
#2026 08 26 15:35:26.247#Z#DEBUG#c28227b5-a163-11f1-b062-eeee0a986ec4.OPERATION#http-nio-0.0.0.0-8080-exec-9#
[XS2StartProcessListener] Process environment: {
  "SKIP_SSL_VALIDATION" : "false",
  "FLOWABLE_JOB_EXECUTOR_MAX_THREADS" : "32",
  "VERSION" : "2.52.0",
  "BASIC_AUTH_ENABLED" : "true",
  "FLOWABLE_JOB_EXECUTOR_QUEUE_CAPACITY" : "16",
  "FLOWABLE_JOB_EXECUTOR_CORE_THREADS" : "8"
}#
#2026 08 26 15:35:26.247#Z#DEBUG#c28227b5-a163-11f1-b062-eeee0a986ec4.OPERATION#http-nio-0.0.0.0-8080-exec-9#
[XS2StartProcessListener] Current user: satyasri.thotakura98@gmail.com#
#2026 08 26 15:35:26.247#Z#DEBUG#c28227b5-a163-11f1-b062-eeee0a986ec4.OPERATION#http-nio-0.0.0.0-8080-exec-9#
[XS2StartProcessListener] Client space: dev#
#2026 08 26 15:35:26.247#Z#DEBUG#c28227b5-a163-11f1-b062-eeee0a986ec4.OPERATION#http-nio-0.0.0.0-8080-exec-9#
[XS2StartProcessListener] Client organization: 94060551trial#
#2026 08 26 15:35:26.247#Z#INFO#c28227b5-a163-11f1-b062-eeee0a986ec4.OPERATION#http-nio-0.0.0.0-8080-exec-9#
[XS2StartProcessListener] Process variables: {
  "keepFiles" : false,
  "skipAppDigestCalculation" : false,
  "abortOnError" : false,
  "mtaId" : "ResilienceCockpit",
  "noFailOnMissingPermissions" : false,
  "isSecurityEnabled" : false,
  "apiRequestPath" : "https://deploy-service.cf.us10-003.hana.ondemand.com/api/v1/spaces/039a1fe6-69a4-4c1e-9b8f-a64d47329d3e/operations",
  "deleteServiceBrokers" : false,
  "appArchiveId" : "b155c238-eba5-4396-ad10-9b824d07dede",
  "isDisposableUserProvidedServiceEnabled" : false,
  "deleteServiceKeys" : false,
  "noRestartSubscribedApps" : false,
  "noStart" : false,
  "deleteServices" : false
}#
#2026 08 26 15:35:26.278#Z#DEBUG#c28227b5-a163-11f1-b062-eeee0a986ec4.OPERATION#flowable-async-job-executor-thread-2635#
[ValidateDeployParametersStep] Executing task "validateParametersTask" of process "c28227db-a163-11f1-b062-eeee0a986ec4"...#
#2026 08 26 15:35:26.278#Z#DEBUG#c28227b5-a163-11f1-b062-eeee0a986ec4.OPERATION#flowable-async-job-executor-thread-2635#
[ValidateDeployParametersStep] Validating parameters...#
#2026 08 26 15:35:26.279#Z#INFO#c28227b5-a163-11f1-b062-eeee0a986ec4.OPERATION#flowable-async-job-executor-thread-2635#
[ValidateDeployParametersStep] Size of mtars is 17,587,665 and size of extension descriptors is 0#
#2026 08 26 15:35:26.306#Z#INFO#c28227b5-a163-11f1-b062-eeee0a986ec4.OPERATION#flowable-async-job-executor-thread-2635#
[ValidateDeployParametersStep] Archive was not split! Total size in bytes: 17,587,665#
#2026 08 26 15:35:26.306#Z#INFO#c28227b5-a163-11f1-b062-eeee0a986ec4.OPERATION#flowable-async-job-executor-thread-2635#
[ValidateDeployParametersStep] Deploying in org "94060551trial" and space "dev"#
#2026 08 26 15:35:26.309#Z#DEBUG#c28227b5-a163-11f1-b062-eeee0a986ec4.OPERATION#flowable-async-job-executor-thread-2635#
[ValidateDeployParametersStep] Parameters validated#
#2026 08 26 15:35:26.309#Z#DEBUG#c28227b5-a163-11f1-b062-eeee0a986ec4.OPERATION#flowable-async-job-executor-thread-2635#
Step "Validate Parameters" finished#
#2026 08 26 15:35:26.326#Z#DEBUG#c28227b5-a163-11f1-b062-eeee0a986ec4.OPERATION#flowable-async-job-executor-thread-2636#
[DeleteRemainingFileParts] Executing task "deleteRemainingFileParts" of process "c28227db-a163-11f1-b062-eeee0a986ec4"...#
#2026 08 26 15:35:26.326#Z#DEBUG#c28227b5-a163-11f1-b062-eeee0a986ec4.OPERATION#flowable-async-job-executor-thread-2636#
Step "Delete Remaining File Parts" finished#
#2026 08 26 15:35:26.342#Z#DEBUG#c28227b5-a163-11f1-b062-eeee0a986ec4.OPERATION#flowable-async-job-executor-thread-2636#
[XS2ProcessMtaArchiveStep] Executing task "processArchiveTask" of process "c28227db-a163-11f1-b062-eeee0a986ec4"...#
#2026 08 26 15:35:26.342#Z#DEBUG#c28227b5-a163-11f1-b062-eeee0a986ec4.OPERATION#flowable-async-job-executor-thread-2636#
[XS2ProcessMtaArchiveStep] Processing MTA archive...#
#2026 08 26 15:35:26.342#Z#DEBUG#c28227b5-a163-11f1-b062-eeee0a986ec4.OPERATION#flowable-async-job-executor-thread-2636#
[XS2ProcessMtaArchiveStep] MTA Archive ID: b155c238-eba5-4396-ad10-9b824d07dede#
#2026 08 26 15:35:26.594#Z#DEBUG#c28227b5-a163-11f1-b062-eeee0a986ec4.OPERATION#flowable-async-job-executor-thread-2636#
[XS2ProcessMtaArchiveStep] MTA Descriptor length: 4,039#
#2026 08 26 15:35:26.594#Z#DEBUG#c28227b5-a163-11f1-b062-eeee0a986ec4.OPERATION#flowable-async-job-executor-thread-2636#
[XS2ProcessMtaArchiveStep] MTA Archive Modules: [ResilienceCockpit-srv, ResilienceCockpit-app-deployer, ResilienceCockpit-db-deployer]#
#2026 08 26 15:35:26.594#Z#DEBUG#c28227b5-a163-11f1-b062-eeee0a986ec4.OPERATION#flowable-async-job-executor-thread-2636#
[XS2ProcessMtaArchiveStep] MTA Archive Requires: []#
#2026 08 26 15:35:26.594#Z#DEBUG#c28227b5-a163-11f1-b062-eeee0a986ec4.OPERATION#flowable-async-job-executor-thread-2636#
[XS2ProcessMtaArchiveStep] MTA Archive Resources: [ResilienceCockpit-auth]#
#2026 08 26 15:35:26.600#Z#DEBUG#c28227b5-a163-11f1-b062-eeee0a986ec4.OPERATION#flowable-async-job-executor-thread-2636#
[XS2ProcessMtaArchiveStep] MTA archive processed#
#2026 08 26 15:35:26.600#Z#DEBUG#c28227b5-a163-11f1-b062-eeee0a986ec4.OPERATION#flowable-async-job-executor-thread-2636#
Step "Process Archive" finished#
#2026 08 26 15:35:26.621#Z#DEBUG#c28227b5-a163-11f1-b062-eeee0a986ec4.OPERATION#flowable-async-job-executor-thread-2636#
[ProcessMtaExtensionDescriptorsStep] Executing task "processExtensionDescriptorsTask" of process "c28227db-a163-11f1-b062-eeee0a986ec4"...#
#2026 08 26 15:35:26.622#Z#DEBUG#c28227b5-a163-11f1-b062-eeee0a986ec4.OPERATION#flowable-async-job-executor-thread-2636#
[ProcessMtaExtensionDescriptorsStep] Processing MTA extension descriptors...#
#2026 08 26 15:35:26.622#Z#DEBUG#c28227b5-a163-11f1-b062-eeee0a986ec4.OPERATION#flowable-async-job-executor-thread-2636#
[ProcessMtaExtensionDescriptorsStep] Provided extension descriptors: [ ]#
#2026 08 26 15:35:26.622#Z#DEBUG#c28227b5-a163-11f1-b062-eeee0a986ec4.OPERATION#flowable-async-job-executor-thread-2636#
[ProcessMtaExtensionDescriptorsStep] No extension descriptors in use#
#2026 08 26 15:35:26.622#Z#DEBUG#c28227b5-a163-11f1-b062-eeee0a986ec4.OPERATION#flowable-async-job-executor-thread-2636#
[ProcessMtaExtensionDescriptorsStep] MTA extension descriptors processed#
#2026 08 26 15:35:26.622#Z#DEBUG#c28227b5-a163-11f1-b062-eeee0a986ec4.OPERATION#flowable-async-job-executor-thread-2636#
Step "Process Extension Descriptors" finished#
#2026 08 26 15:35:26.639#Z#DEBUG#c28227b5-a163-11f1-b062-eeee0a986ec4.OPERATION#flowable-async-job-executor-thread-2636#
[XS2DetectMtaSchemaVersionStep] Executing task "detectSchemaVersionTask" of process "c28227db-a163-11f1-b062-eeee0a986ec4"...#
#2026 08 26 15:35:26.640#Z#DEBUG#c28227b5-a163-11f1-b062-eeee0a986ec4.OPERATION#flowable-async-job-executor-thread-2636#
[XS2DetectMtaSchemaVersionStep] Detecting MTA major schema version...#
#2026 08 26 15:35:26.641#Z#INFO#c28227b5-a163-11f1-b062-eeee0a986ec4.OPERATION#flowable-async-job-executor-thread-2636#
[XS2DetectMtaSchemaVersionStep] Detected MTA schema version: "3"#
#2026 08 26 15:35:26.644#Z#DEBUG#c28227b5-a163-11f1-b062-eeee0a986ec4.OPERATION#flowable-async-job-executor-thread-2636#
Step "Detect Schema Version" finished#
#2026 08 26 15:35:26.659#Z#DEBUG#c28227b5-a163-11f1-b062-eeee0a986ec4.OPERATION#flowable-async-job-executor-thread-2636#
[MergeDescriptorsStep] Executing task "mergeDescriptorsTask" of process "c28227db-a163-11f1-b062-eeee0a986ec4"...#
#2026 08 26 15:35:26.659#Z#DEBUG#c28227b5-a163-11f1-b062-eeee0a986ec4.OPERATION#flowable-async-job-executor-thread-2636#
[MergeDescriptorsStep] Validating and merging descriptors...#
#2026 08 26 15:35:26.661#Z#DEBUG#c28227b5-a163-11f1-b062-eeee0a986ec4.OPERATION#flowable-async-job-executor-thread-2636#
[MergeDescriptorsStep] Merged deployment descriptor: {
  "majorSchemaVersion" : 3,
  "schemaVersion" : "3.3.0",
  "id" : "ResilienceCockpit",
  "version" : "1.0.0",
  "modules" : [ {
    "majorSchemaVersion" : 3,
    "name" : "ResilienceCockpit-srv",
    "type" : "javascript.nodejs",
    "path" : "ResilienceCockpit-srv",
    "properties" : { },
    "parameters" : {
      "buildpack" : "nodejs_buildpack",
      "instances" : 1
    },
    "requiredDependencies" : [ {
      "majorSchemaVersion" : 3,
      "name" : "********",
      "properties" : { },
      "parameters" : { },
      "propertiesMetadata" : {
        "metadata" : { }
      },
      "parametersMetadata" : {
        "metadata" : { }
      }
    }, {
      "majorSchemaVersion" : 3,
      "name" : "ResilienceCockpit-db",
      "properties" : { },
      "parameters" : { },
      "propertiesMetadata" : {
        "metadata" : { }
      },
      "parametersMetadata" : {
        "metadata" : { }
      }
    }, {
      "majorSchemaVersion" : 3,
      "name" : "ResilienceCockpit-connectivity",
      "properties" : { },
      "parameters" : { },
      "propertiesMetadata" : {
        "metadata" : { }
      },
      "parametersMetadata" : {
        "metadata" : { }
      }
    }, {
      "majorSchemaVersion" : 3,
      "name" : "ResilienceCockpit-destination",
      "properties" : { },
      "parameters" : { },
      "propertiesMetadata" : {
        "metadata" : { }
      },
      "parametersMetadata" : {
        "metadata" : { }
      }
    }, {
      "majorSchemaVersion" : 3,
      "name" : "ResilienceCockpit-logging",
      "properties" : { },
      "parameters" : { },
      "propertiesMetadata" : {
        "metadata" : { }
      },
      "parametersMetadata" : {
        "metadata" : { }
      }
    } ],
    "providedDependencies" : [ {
      "majorSchemaVersion" : 3,
      "name" : "srv-api",
      "isPublic" : false,
      "properties" : {
        "srv-url" : "${default-url}"
      },
      "parameters" : { },
      "propertiesMetadata" : {
        "metadata" : { }
      },
      "parametersMetadata" : {
        "metadata" : { }
      }
    }, {
      "majorSchemaVersion" : 3,
      "name" : "ResilienceCockpit-srv",
      "isPublic" : false,
      "properties" : { },
      "parameters" : { },
      "propertiesMetadata" : {
        "metadata" : { }
      },
      "parametersMetadata" : {
        "metadata" : { }
      }
    } ],
    "propertiesMetadata" : {
      "metadata" : { }
    },
    "parametersMetadata" : {
      "metadata" : { }
    },
    "hooks" : [ ]
  }, {
    "majorSchemaVersion" : 3,
    "name" : "ResilienceCockpit-db-deployer",
    "type" : "com.sap.xs.hdi",
    "path" : "ResilienceCockpit-db-deployer",
    "properties" : {
      "EXIT" : 1
    },
    "parameters" : {
      "memory" : "256M",
      "buildpack" : "nodejs_buildpack",
      "no-route" : true,
      "dependency-type" : "hard",
      "tasks" : [ {
        "name" : "deploy",
        "memory" : "256M",
        "command" : "npm start"
      } ],
      "no-start" : true
    },
    "requiredDependencies" : [ {
      "majorSchemaVersion" : 3,
      "name" : "ResilienceCockpit-db",
      "properties" : { },
      "parameters" : { },
      "propertiesMetadata" : {
        "metadata" : { }
      },
      "parametersMetadata" : {
        "metadata" : { }
      }
    } ],
    "providedDependencies" : [ {
      "majorSchemaVersion" : 3,
      "name" : "ResilienceCockpit-db-deployer",
      "isPublic" : false,
      "properties" : { },
      "parameters" : { },
      "propertiesMetadata" : {
        "metadata" : { }
      },
      "parametersMetadata" : {
        "metadata" : { }
      }
    } ],
    "propertiesMetadata" : {
      "metadata" : { }
    },
    "parametersMetadata" : {
      "metadata" : { }
    },
    "hooks" : [ ]
  }, {
    "majorSchemaVersion" : 3,
    "name" : "ResilienceCockpit-app-deployer",
    "type" : "com.sap.application.content",
    "path" : "ResilienceCockpit-app-deployer",
    "properties" : { },
    "parameters" : { },
    "requiredDependencies" : [ {
      "majorSchemaVersion" : 3,
      "name" : "********",
      "properties" : { },
      "parameters" : { },
      "propertiesMetadata" : {
        "metadata" : { }
      },
      "parametersMetadata" : {
        "metadata" : { }
      }
    }, {
      "majorSchemaVersion" : 3,
      "name" : "srv-api",
      "properties" : { },
      "parameters" : { },
      "propertiesMetadata" : {
        "metadata" : { }
      },
      "parametersMetadata" : {
        "metadata" : { }
      }
    }, {
      "majorSchemaVersion" : 3,
      "name" : "ResilienceCockpit-html5-repo-host",
      "properties" : { },
      "parameters" : {
        "config" : {
          "HTML5Runtime_enabled" : false
        },
        "content-target" : true
      },
      "propertiesMetadata" : {
        "metadata" : { }
      },
      "parametersMetadata" : {
        "metadata" : { }
      }
    } ],
    "providedDependencies" : [ {
      "majorSchemaVersion" : 3,
      "name" : "ResilienceCockpit-app-deployer",
      "isPublic" : false,
      "properties" : { },
      "parameters" : { },
      "propertiesMetadata" : {
        "metadata" : { }
      },
      "parametersMetadata" : {
        "metadata" : { }
      }
    } ],
    "propertiesMetadata" : {
      "metadata" : { }
    },
    "parametersMetadata" : {
      "metadata" : { }
    },
    "hooks" : [ ]
  }, {
    "majorSchemaVersion" : 3,
    "name" : "ResilienceCockpit-destination-content",
    "type" : "com.sap.application.content",
    "properties" : { },
    "parameters" : {
      "content" : {
        "instance" : {
          "destinations" : [ {
            "Authentication" : "********",
            "Name" : "srv-api",
            "TokenServiceInstanceName" : "********",
            "TokenServiceKeyName" : "********",
            "URL" : "~{srv-api/srv-url}"
          }, {
            "Name" : "ResilienceCockpit-html5-repo-host",
            "ServiceInstanceName" : "ResilienceCockpit-html5-repo-host",
            "ServiceKeyName" : "********",
            "sap.cloud.service" : "nexus"
          }, {
            "Authentication" : "********",
            "Name" : "********",
            "ServiceInstanceName" : "********",
            "ServiceKeyName" : "********"
          } ],
          "existing_destinations_policy" : "update"
        }
      }
    },
    "requiredDependencies" : [ {
      "majorSchemaVersion" : 3,
      "name" : "********",
      "properties" : { },
      "parameters" : {
        "service-key" : "********"
      },
      "propertiesMetadata" : {
        "metadata" : { }
      },
      "parametersMetadata" : {
        "metadata" : { }
      }
    }, {
      "majorSchemaVersion" : 3,
      "name" : "ResilienceCockpit-html5-repo-host",
      "properties" : { },
      "parameters" : {
        "service-key" : "********"
      },
      "propertiesMetadata" : {
        "metadata" : { }
      },
      "parametersMetadata" : {
        "metadata" : { }
      }
    }, {
      "majorSchemaVersion" : 3,
      "name" : "srv-api",
      "properties" : { },
      "parameters" : { },
      "propertiesMetadata" : {
        "metadata" : { }
      },
      "parametersMetadata" : {
        "metadata" : { }
      }
    }, {
      "majorSchemaVersion" : 3,
      "name" : "ResilienceCockpit-destination",
      "properties" : { },
      "parameters" : {
        "content-target" : true
      },
      "propertiesMetadata" : {
        "metadata" : { }
      },
      "parametersMetadata" : {
        "metadata" : { }
      }
    } ],
    "providedDependencies" : [ {
      "majorSchemaVersion" : 3,
      "name" : "ResilienceCockpit-destination-content",
      "isPublic" : false,
      "properties" : { },
      "parameters" : { },
      "propertiesMetadata" : {
        "metadata" : { }
      },
      "parametersMetadata" : {
        "metadata" : { }
      }
    } ],
    "propertiesMetadata" : {
      "metadata" : { }
    },
    "parametersMetadata" : {
      "metadata" : { }
    },
    "hooks" : [ ]
  } ],
  "resources" : [ {
    "majorSchemaVersion" : 3,
    "name" : "********",
    "type" : "org.cloudfoundry.managed-service",
    "properties" : { },
    "parameters" : {
      "path" : "./xs-security.json",
      "service-plan" : "application",
      "type" : "managed-service",
      "config" : {
        "oauth2-configuration" : "********",
        "tenant-mode" : "dedicated",
        "xsappname" : "ResilienceCockpit-${org}-${space}"
      },
      "service" : "xsuaa"
    },
    "isActive" : true,
    "isOptional" : false,
    "propertiesMetadata" : {
      "metadata" : { }
    },
    "parametersMetadata" : {
      "metadata" : { }
    },
    "requiredDependencies" : [ ],
    "processedAfter" : [ ]
  }, {
    "majorSchemaVersion" : 3,
    "name" : "ResilienceCockpit-db",
    "type" : "com.sap.xs.hdi-container",
    "properties" : { },
    "parameters" : {
      "type" : "managed-service",
      "service" : "hana",
      "service-plan" : "hdi-shared"
    },
    "isActive" : true,
    "isOptional" : false,
    "propertiesMetadata" : {
      "metadata" : { }
    },
    "parametersMetadata" : {
      "metadata" : { }
    },
    "requiredDependencies" : [ ],
    "processedAfter" : [ ]
  }, {
    "majorSchemaVersion" : 3,
    "name" : "ResilienceCockpit-connectivity",
    "type" : "org.cloudfoundry.managed-service",
    "properties" : { },
    "parameters" : {
      "type" : "managed-service",
      "service" : "connectivity",
      "service-plan" : "lite"
    },
    "isActive" : true,
    "isOptional" : false,
    "propertiesMetadata" : {
      "metadata" : { }
    },
    "parametersMetadata" : {
      "metadata" : { }
    },
    "requiredDependencies" : [ ],
    "processedAfter" : [ ]
  }, {
    "majorSchemaVersion" : 3,
    "name" : "ResilienceCockpit-destination",
    "type" : "org.cloudfoundry.managed-service",
    "properties" : { },
    "parameters" : {
      "service-plan" : "lite",
      "type" : "managed-service",
      "config" : {
        "HTML5Runtime_enabled" : true,
        "init_data" : {
          "instance" : {
            "destinations" : [ {
              "Authentication" : "********",
              "Name" : "ui5",
              "ProxyType" : "Internet",
              "Type" : "HTTP",
              "URL" : "https://ui5.sap.com"
            }, {
              "Authentication" : "********",
              "HTML5.DynamicDestination" : true,
              "HTML5.ForwardAuthToken" : "********",
              "Name" : "srv-api",
              "ProxyType" : "Internet",
              "Type" : "HTTP",
              "URL" : "~{srv-api/srv-url}"
            } ],
            "existing_destinations_policy" : "update"
          }
        }
      },
      "service" : "destination"
    },
    "isActive" : true,
    "isOptional" : false,
    "propertiesMetadata" : {
      "metadata" : { }
    },
    "parametersMetadata" : {
      "metadata" : { }
    },
    "requiredDependencies" : [ {
      "majorSchemaVersion" : 3,
      "name" : "srv-api",
      "properties" : { },
      "parameters" : { },
      "propertiesMetadata" : {
        "metadata" : { }
      },
      "parametersMetadata" : {
        "metadata" : { }
      }
    } ],
    "processedAfter" : [ ]
  }, {
    "majorSchemaVersion" : 3,
    "name" : "ResilienceCockpit-html5-repo-host",
    "type" : "org.cloudfoundry.managed-service",
    "properties" : { },
    "parameters" : {
      "type" : "managed-service",
      "service" : "html5-apps-repo",
      "service-plan" : "app-host"
    },
    "isActive" : true,
    "isOptional" : false,
    "propertiesMetadata" : {
      "metadata" : { }
    },
    "parametersMetadata" : {
      "metadata" : { }
    },
    "requiredDependencies" : [ ],
    "processedAfter" : [ ]
  }, {
    "majorSchemaVersion" : 3,
    "name" : "ResilienceCockpit-logging",
    "type" : "org.cloudfoundry.managed-service",
    "properties" : { },
    "parameters" : {
      "type" : "managed-service",
      "service" : "application-logs",
      "service-plan" : "lite"
    },
    "isActive" : true,
    "isOptional" : false,
    "propertiesMetadata" : {
      "metadata" : { }
    },
    "parametersMetadata" : {
      "metadata" : { }
    },
    "requiredDependencies" : [ ],
    "processedAfter" : [ ]
  } ],
  "parameters" : {
    "enable-parallel-deployments" : true,
    "deploy_mode" : "html5-repo"
  },
  "parametersMetadata" : {
    "metadata" : { }
  }
}#
#2026 08 26 15:35:26.662#Z#DEBUG#c28227b5-a163-11f1-b062-eeee0a986ec4.OPERATION#flowable-async-job-executor-thread-2636#
[MergeDescriptorsStep] Descriptors validated and merged#
#2026 08 26 15:35:26.662#Z#DEBUG#c28227b5-a163-11f1-b062-eeee0a986ec4.OPERATION#flowable-async-job-executor-thread-2636#
Step "Merge Descriptors" finished#
#2026 08 26 15:35:26.679#Z#DEBUG#c28227b5-a163-11f1-b062-eeee0a986ec4.OPERATION#flowable-async-job-executor-thread-2636#
[DetectDeployedMtaStep] Executing task "detectDeployedMtaTask" of process "c28227db-a163-11f1-b062-eeee0a986ec4"...#
#2026 08 26 15:35:26.679#Z#DEBUG#c28227b5-a163-11f1-b062-eeee0a986ec4.OPERATION#flowable-async-job-executor-thread-2636#
[DetectDeployedMtaStep] Detecting deployed MTA...#
#2026 08 26 15:35:26.728#Z#DEBUG#c28227b5-a163-11f1-b062-eeee0a986ec4.OPERATION#flowable-async-job-executor-thread-2636#
[DetectDeployedMtaStep] Detecting MTA by id ResilienceCockpit and namespace null#
#2026 08 26 15:35:26.728#Z#DEBUG#c28227b5-a163-11f1-b062-eeee0a986ec4.OPERATION#flowable-async-job-executor-thread-2636#
[DetectDeployedMtaStep] Getting applications by metadata label selector "mta_id=12714f170fc41ee91010bfb8bfd6b5c9,!mta_namespace"...#
#2026 08 26 15:35:26.782#Z#DEBUG#c28227b5-a163-11f1-b062-eeee0a986ec4.OPERATION#flowable-async-job-executor-thread-2636#
[DetectDeployedMtaStep] Getting service instances by metadata label selector "mta_id=12714f170fc41ee91010bfb8bfd6b5c9,!mta_namespace"...#
#2026 08 26 15:35:26.902#Z#DEBUG#c28227b5-a163-11f1-b062-eeee0a986ec4.OPERATION#flowable-async-job-executor-thread-2636#
[DetectDeployedMtaStep] Deployed MTA: {
  "metadata" : {
    "id" : "ResilienceCockpit",
    "version" : "1.0.0"
  },
  "applications" : [ {
    "name" : "ResilienceCockpit-srv",
    "metadata" : {
      "guid" : "846298f7-a9cf-4b9f-a20b-63e370407f6e",
      "createdAt" : [ 2026, 8, 25, 8, 30, 21 ],
      "updatedAt" : [ 2026, 8, 26, 2, 16, 41 ]
    },
    "v3Metadata" : {
      "annotations" : {
        "mta_id" : "ResilienceCockpit",
        "mta_version" : "1.0.0",
        "mta_module" : "{\"name\":\"ResilienceCockpit-srv\"}",
        "mta_module_provided_dependencies" : "[]",
        "mta_bound_services" : "********"
      },
      "labels" : {
        "mta_id" : "12714f170fc41ee91010bfb8bfd6b5c9"
      }
    },
    "state" : "STARTED",
    "lifecycle" : {
      "type" : "BUILDPACK",
      "data" : {
        "stack" : "cflinuxfs4",
        "buildpacks" : [ "nodejs_buildpack" ]
      }
    },
    "space" : {
      "name" : "dev",
      "metadata" : {
        "guid" : "039a1fe6-69a4-4c1e-9b8f-a64d47329d3e",
        "createdAt" : [ 2026, 7, 19, 3, 49, 2 ],
        "updatedAt" : [ 2026, 7, 19, 3, 49, 2 ]
      },
      "organization" : {
        "name" : "94060551trial",
        "metadata" : {
          "guid" : "78e7b825-503f-4bdc-af4e-be86d7f43c8e",
          "createdAt" : [ 2026, 7, 19, 3, 49, 1 ],
          "updatedAt" : [ 2026, 7, 19, 3, 49, 2 ]
        }
      }
    },
    "moduleName" : "ResilienceCockpit-srv",
    "boundMtaServices" : [ "********", "ResilienceCockpit-db", "ResilienceCockpit-connectivity", "ResilienceCockpit-destination", "ResilienceCockpit-logging" ],
    "providedDependencyNames" : [ ],
    "productizationState" : "LIVE"
  }, {
    "name" : "ResilienceCockpit-db-deployer",
    "metadata" : {
      "guid" : "2d23200b-60aa-4519-b7f8-9f40de7a8ecc",
      "createdAt" : [ 2026, 8, 25, 8, 30, 23 ],
      "updatedAt" : [ 2026, 8, 26, 2, 16, 11 ]
    },
    "v3Metadata" : {
      "annotations" : {
        "mta_id" : "ResilienceCockpit",
        "mta_version" : "1.0.0",
        "mta_module" : "{\"name\":\"ResilienceCockpit-db-deployer\"}",
        "mta_module_provided_dependencies" : "[]",
        "mta_bound_services" : "[\"ResilienceCockpit-db\"]"
      },
      "labels" : {
        "mta_id" : "12714f170fc41ee91010bfb8bfd6b5c9"
      }
    },
    "state" : "STOPPED",
    "lifecycle" : {
      "type" : "BUILDPACK",
      "data" : {
        "stack" : "cflinuxfs4",
        "buildpacks" : [ "nodejs_buildpack" ]
      }
    },
    "space" : {
      "name" : "dev",
      "metadata" : {
        "guid" : "039a1fe6-69a4-4c1e-9b8f-a64d47329d3e",
        "createdAt" : [ 2026, 7, 19, 3, 49, 2 ],
        "updatedAt" : [ 2026, 7, 19, 3, 49, 2 ]
      },
      "organization" : {
        "name" : "94060551trial",
        "metadata" : {
          "guid" : "78e7b825-503f-4bdc-af4e-be86d7f43c8e",
          "createdAt" : [ 2026, 7, 19, 3, 49, 1 ],
          "updatedAt" : [ 2026, 7, 19, 3, 49, 2 ]
        }
      }
    },
    "moduleName" : "ResilienceCockpit-db-deployer",
    "boundMtaServices" : [ "ResilienceCockpit-db" ],
    "providedDependencyNames" : [ ],
    "productizationState" : "LIVE"
  } ],
  "services" : [ {
    "name" : "********",
    "metadata" : {
      "guid" : "a4201f74-f0ad-456c-947a-8ce52d2ae7ca",
      "createdAt" : [ 2026, 8, 25, 8, 30, 2 ],
      "updatedAt" : [ 2026, 8, 25, 8, 30, 3 ]
    },
    "v3Metadata" : {
      "annotations" : {
        "mta_id" : "ResilienceCockpit",
        "mta_version" : "1.0.0",
        "mta_resource" : "********"
      },
      "labels" : {
        "mta_id" : "12714f170fc41ee91010bfb8bfd6b5c9"
      }
    },
    "label" : "xsuaa",
    "plan" : "application",
    "credentials" : "********",
    "tags" : [ ],
    "type" : "managed",
    "lastOperation" : {
      "type" : "UPDATE",
      "description" : "",
      "state" : "SUCCEEDED"
    },
    "resourceName" : "********"
  }, {
    "name" : "ResilienceCockpit-html5-repo-host",
    "metadata" : {
      "guid" : "fd6aaf90-4cca-4826-9764-60a919421480",
      "createdAt" : [ 2026, 8, 25, 8, 30, 6 ],
      "updatedAt" : [ 2026, 8, 25, 8, 30, 7 ]
    },
    "v3Metadata" : {
      "annotations" : {
        "mta_id" : "ResilienceCockpit",
        "mta_version" : "1.0.0",
        "mta_resource" : "{\"name\":\"ResilienceCockpit-html5-repo-host\"}"
      },
      "labels" : {
        "mta_id" : "12714f170fc41ee91010bfb8bfd6b5c9"
      }
    },
    "label" : "html5-apps-repo",
    "plan" : "app-host",
    "credentials" : "********",
    "tags" : [ ],
    "type" : "managed",
    "lastOperation" : {
      "type" : "CREATE",
      "description" : "",
      "state" : "SUCCEEDED"
    },
    "resourceName" : "ResilienceCockpit-html5-repo-host"
  }, {
    "name" : "ResilienceCockpit-connectivity",
    "metadata" : {
      "guid" : "57ce73c3-9d98-4630-a914-bb3fe51155dc",
      "createdAt" : [ 2026, 8, 25, 8, 30, 4 ],
      "updatedAt" : [ 2026, 8, 25, 8, 30, 6 ]
    },
    "v3Metadata" : {
      "annotations" : {
        "mta_id" : "ResilienceCockpit",
        "mta_version" : "1.0.0",
        "mta_resource" : "{\"name\":\"ResilienceCockpit-connectivity\"}"
      },
      "labels" : {
        "mta_id" : "12714f170fc41ee91010bfb8bfd6b5c9"
      }
    },
    "label" : "connectivity",
    "plan" : "lite",
    "credentials" : "********",
    "tags" : [ ],
    "type" : "managed",
    "lastOperation" : {
      "type" : "CREATE",
      "description" : "",
      "state" : "SUCCEEDED"
    },
    "resourceName" : "ResilienceCockpit-connectivity"
  }, {
    "name" : "ResilienceCockpit-db",
    "metadata" : {
      "guid" : "793c82c4-0c29-4054-8664-8ad70f1aaf7d",
      "createdAt" : [ 2026, 8, 25, 8, 30, 5 ],
      "updatedAt" : [ 2026, 8, 25, 8, 30, 5 ]
    },
    "v3Metadata" : {
      "annotations" : {
        "mta_id" : "ResilienceCockpit",
        "mta_version" : "1.0.0",
        "mta_resource" : "{\"name\":\"ResilienceCockpit-db\"}"
      },
      "labels" : {
        "mta_id" : "12714f170fc41ee91010bfb8bfd6b5c9"
      }
    },
    "label" : "hana",
    "plan" : "hdi-shared",
    "credentials" : "********",
    "tags" : [ ],
    "type" : "managed",
    "lastOperation" : {
      "type" : "CREATE",
      "state" : "SUCCEEDED"
    },
    "resourceName" : "ResilienceCockpit-db"
  }, {
    "name" : "ResilienceCockpit-destination",
    "metadata" : {
      "guid" : "b320a563-1340-4020-8574-566b1e2175a9",
      "createdAt" : [ 2026, 8, 25, 11, 44, 14 ],
      "updatedAt" : [ 2026, 8, 25, 11, 44, 19 ]
    },
    "v3Metadata" : {
      "annotations" : {
        "mta_id" : "ResilienceCockpit",
        "mta_version" : "1.0.0",
        "mta_resource" : "{\"name\":\"ResilienceCockpit-destination\"}"
      },
      "labels" : {
        "mta_id" : "12714f170fc41ee91010bfb8bfd6b5c9"
      }
    },
    "label" : "destination",
    "plan" : "lite",
    "credentials" : "********",
    "tags" : [ ],
    "type" : "managed",
    "lastOperation" : {
      "type" : "UPDATE",
      "description" : "",
      "state" : "SUCCEEDED"
    },
    "resourceName" : "ResilienceCockpit-destination"
  }, {
    "name" : "ResilienceCockpit-logging",
    "metadata" : {
      "guid" : "336ec7d3-cd56-4076-bb50-7f23f8654af2",
      "createdAt" : [ 2026, 8, 25, 8, 30, 2 ],
      "updatedAt" : [ 2026, 8, 25, 8, 30, 3 ]
    },
    "v3Metadata" : {
      "annotations" : {
        "mta_id" : "ResilienceCockpit",
        "mta_version" : "1.0.0",
        "mta_resource" : "{\"name\":\"ResilienceCockpit-logging\"}"
      },
      "labels" : {
        "mta_id" : "12714f170fc41ee91010bfb8bfd6b5c9"
      }
    },
    "label" : "application-logs",
    "plan" : "lite",
    "credentials" : "********",
    "tags" : [ ],
    "type" : "managed",
    "lastOperation" : {
      "type" : "CREATE",
      "description" : "",
      "state" : "SUCCEEDED"
    },
    "resourceName" : "ResilienceCockpit-logging"
  } ]
}#
#2026 08 26 15:35:26.902#Z#INFO#c28227b5-a163-11f1-b062-eeee0a986ec4.OPERATION#flowable-async-job-executor-thread-2636#
[DetectDeployedMtaStep] Detected deployed MTA with ID "ResilienceCockpit" and version "1.0.0"#
#2026 08 26 15:35:26.905#Z#DEBUG#c28227b5-a163-11f1-b062-eeee0a986ec4.OPERATION#flowable-async-job-executor-thread-2636#
[DetectDeployedMtaStep] Detecting backup mta by id "ResilienceCockpit" and namespace "null"#
#2026 08 26 15:35:26.905#Z#DEBUG#c28227b5-a163-11f1-b062-eeee0a986ec4.OPERATION#flowable-async-job-executor-thread-2636#
[DetectDeployedMtaStep] Getting applications by metadata label selector "mta_id=12714f170fc41ee91010bfb8bfd6b5c9,mta_namespace=b698114a0995e936895b9598a6c19a2c"...#
#2026 08 26 15:35:26.930#Z#DEBUG#c28227b5-a163-11f1-b062-eeee0a986ec4.OPERATION#flowable-async-job-executor-thread-2636#
[DetectDeployedMtaStep] Getting service instances by metadata label selector "mta_id=12714f170fc41ee91010bfb8bfd6b5c9,mta_namespace=b698114a0995e936895b9598a6c19a2c"...#
#2026 08 26 15:35:27.043#Z#DEBUG#c28227b5-a163-11f1-b062-eeee0a986ec4.OPERATION#flowable-async-job-executor-thread-2636#
[DetectDeployedMtaStep] Deployed MTA service keys: [ {
  "name" : "********",
  "metadata" : {
    "guid" : "5d6a90ac-d2af-4efb-9c74-52d5e2c186dd",
    "createdAt" : [ 2026, 8, 25, 8, 30, 22 ],
    "updatedAt" : [ 2026, 8, 25, 8, 30, 23 ]
  },
  "v3Metadata" : {
    "annotations" : {
      "mta_id" : "ResilienceCockpit",
      "mta_version" : "1.0.0"
    },
    "labels" : {
      "mta_id" : "12714f170fc41ee91010bfb8bfd6b5c9",
      "space_guid" : "039a1fe6-69a4-4c1e-9b8f-a64d47329d3e"
    }
  },
  "serviceInstance" : {
    "name" : "********",
    "metadata" : {
      "guid" : "a4201f74-f0ad-456c-947a-8ce52d2ae7ca",
      "createdAt" : [ 2026, 8, 25, 8, 30, 2 ],
      "updatedAt" : [ 2026, 8, 25, 8, 30, 3 ]
    },
    "v3Metadata" : {
      "annotations" : {
        "mta_id" : "ResilienceCockpit",
        "mta_version" : "1.0.0",
        "mta_resource" : "********"
      },
      "labels" : {
        "mta_id" : "12714f170fc41ee91010bfb8bfd6b5c9"
      }
    },
    "credentials" : "********",
    "tags" : [ ],
    "type" : "managed"
  }
}, {
  "name" : "********",
  "metadata" : {
    "guid" : "de7350a4-f280-459d-afc2-ad86ef46b093",
    "createdAt" : [ 2026, 8, 25, 8, 30, 22 ],
    "updatedAt" : [ 2026, 8, 25, 8, 30, 23 ]
  },
  "v3Metadata" : {
    "annotations" : {
      "mta_id" : "ResilienceCockpit",
      "mta_version" : "1.0.0"
    },
    "labels" : {
      "mta_id" : "12714f170fc41ee91010bfb8bfd6b5c9",
      "space_guid" : "039a1fe6-69a4-4c1e-9b8f-a64d47329d3e"
    }
  },
  "serviceInstance" : {
    "name" : "ResilienceCockpit-html5-repo-host",
    "metadata" : {
      "guid" : "fd6aaf90-4cca-4826-9764-60a919421480",
      "createdAt" : [ 2026, 8, 25, 8, 30, 6 ],
      "updatedAt" : [ 2026, 8, 25, 8, 30, 7 ]
    },
    "v3Metadata" : {
      "annotations" : {
        "mta_id" : "ResilienceCockpit",
        "mta_version" : "1.0.0",
        "mta_resource" : "{\"name\":\"ResilienceCockpit-html5-repo-host\"}"
      },
      "labels" : {
        "mta_id" : "12714f170fc41ee91010bfb8bfd6b5c9"
      }
    },
    "credentials" : "********",
    "tags" : [ ],
    "type" : "managed"
  }
}, {
  "name" : "********",
  "metadata" : {
    "guid" : "a740b217-4eaa-4fba-94d5-6b134f537e01",
    "createdAt" : [ 2026, 8, 25, 8, 30, 23 ],
    "updatedAt" : [ 2026, 8, 25, 8, 30, 23 ]
  },
  "v3Metadata" : {
    "annotations" : {
      "mta_id" : "ResilienceCockpit",
      "mta_version" : "1.0.0"
    },
    "labels" : {
      "mta_id" : "12714f170fc41ee91010bfb8bfd6b5c9",
      "space_guid" : "039a1fe6-69a4-4c1e-9b8f-a64d47329d3e"
    }
  },
  "serviceInstance" : {
    "name" : "********",
    "metadata" : {
      "guid" : "a4201f74-f0ad-456c-947a-8ce52d2ae7ca",
      "createdAt" : [ 2026, 8, 25, 8, 30, 2 ],
      "updatedAt" : [ 2026, 8, 25, 8, 30, 3 ]
    },
    "v3Metadata" : {
      "annotations" : {
        "mta_id" : "ResilienceCockpit",
        "mta_version" : "1.0.0",
        "mta_resource" : "********"
      },
      "labels" : {
        "mta_id" : "12714f170fc41ee91010bfb8bfd6b5c9"
      }
    },
    "credentials" : "********",
    "tags" : [ ],
    "type" : "managed"
  }
}, {
  "name" : "********",
  "metadata" : {
    "guid" : "67b06842-65c2-44d3-9ce0-5b5dfc51df85",
    "createdAt" : [ 2026, 8, 25, 8, 30, 23 ],
    "updatedAt" : [ 2026, 8, 25, 8, 30, 24 ]
  },
  "v3Metadata" : {
    "annotations" : {
      "mta_id" : "ResilienceCockpit",
      "mta_version" : "1.0.0"
    },
    "labels" : {
      "mta_id" : "12714f170fc41ee91010bfb8bfd6b5c9",
      "space_guid" : "039a1fe6-69a4-4c1e-9b8f-a64d47329d3e"
    }
  },
  "serviceInstance" : {
    "name" : "ResilienceCockpit-html5-repo-host",
    "metadata" : {
      "guid" : "fd6aaf90-4cca-4826-9764-60a919421480",
      "createdAt" : [ 2026, 8, 25, 8, 30, 6 ],
      "updatedAt" : [ 2026, 8, 25, 8, 30, 7 ]
    },
    "v3Metadata" : {
      "annotations" : {
        "mta_id" : "ResilienceCockpit",
        "mta_version" : "1.0.0",
        "mta_resource" : "{\"name\":\"ResilienceCockpit-html5-repo-host\"}"
      },
      "labels" : {
        "mta_id" : "12714f170fc41ee91010bfb8bfd6b5c9"
      }
    },
    "credentials" : "********",
    "tags" : [ ],
    "type" : "managed"
  }
}, {
  "name" : "********",
  "metadata" : {
    "guid" : "7ddd25ac-6128-41d8-b339-11a4a5e9f307",
    "createdAt" : [ 2026, 8, 25, 11, 44, 32 ],
    "updatedAt" : [ 2026, 8, 25, 11, 44, 34 ]
  },
  "v3Metadata" : {
    "annotations" : {
      "mta_id" : "ResilienceCockpit",
      "mta_version" : "1.0.0"
    },
    "labels" : {
      "mta_id" : "12714f170fc41ee91010bfb8bfd6b5c9",
      "space_guid" : "039a1fe6-69a4-4c1e-9b8f-a64d47329d3e"
    }
  },
  "serviceInstance" : {
    "name" : "ResilienceCockpit-destination",
    "metadata" : {
      "guid" : "b320a563-1340-4020-8574-566b1e2175a9",
      "createdAt" : [ 2026, 8, 25, 11, 44, 14 ],
      "updatedAt" : [ 2026, 8, 25, 11, 44, 19 ]
    },
    "v3Metadata" : {
      "annotations" : {
        "mta_id" : "ResilienceCockpit",
        "mta_version" : "1.0.0",
        "mta_resource" : "{\"name\":\"ResilienceCockpit-destination\"}"
      },
      "labels" : {
        "mta_id" : "12714f170fc41ee91010bfb8bfd6b5c9"
      }
    },
    "credentials" : "********",
    "tags" : [ ],
    "type" : "managed"
  }
} ]#
#2026 08 26 15:35:27.043#Z#DEBUG#c28227b5-a163-11f1-b062-eeee0a986ec4.OPERATION#flowable-async-job-executor-thread-2636#
Step "Detect Deployed MTA" finished#
#2026 08 26 15:35:27.062#Z#DEBUG#c28227b5-a163-11f1-b062-eeee0a986ec4.OPERATION#flowable-async-job-executor-thread-2636#
[XS2CollectSystemParametersStep] Executing task "collectSystemParametersTask" of process "c28227db-a163-11f1-b062-eeee0a986ec4"...#
#2026 08 26 15:35:27.062#Z#DEBUG#c28227b5-a163-11f1-b062-eeee0a986ec4.OPERATION#flowable-async-job-executor-thread-2636#
[XS2CollectSystemParametersStep] Collecting system parameters...#
#2026 08 26 15:35:27.062#Z#DEBUG#c28227b5-a163-11f1-b062-eeee0a986ec4.OPERATION#flowable-async-job-executor-thread-2636#
[XS2CollectSystemParametersStep] Getting default domain...#
#2026 08 26 15:35:27.085#Z#DEBUG#c28227b5-a163-11f1-b062-eeee0a986ec4.OPERATION#flowable-async-job-executor-thread-2636#
[XS2CollectSystemParametersStep] Default domain: cfapps.us10-003.hana.ondemand.com#
#2026 08 26 15:35:27.086#Z#DEBUG#c28227b5-a163-11f1-b062-eeee0a986ec4.OPERATION#flowable-async-job-executor-thread-2636#
[XS2CollectSystemParametersStep] Checking for overwriting read-only parameters for mta with id: "ResilienceCockpit"#
#2026 08 26 15:35:27.086#Z#DEBUG#c28227b5-a163-11f1-b062-eeee0a986ec4.OPERATION#flowable-async-job-executor-thread-2636#
[XS2CollectSystemParametersStep] No read-only parameters are overwritten#
#2026 08 26 15:35:27.099#Z#DEBUG#c28227b5-a163-11f1-b062-eeee0a986ec4.OPERATION#flowable-async-job-executor-thread-2636#
[XS2CollectSystemParametersStep] Descriptor with system parameters: {
  "majorSchemaVersion" : 3,
  "schemaVersion" : "3.3.0",
  "id" : "ResilienceCockpit",
  "version" : "1.0.0",
  "modules" : [ {
    "majorSchemaVersion" : 3,
    "name" : "ResilienceCockpit-srv",
    "type" : "javascript.nodejs",
    "path" : "ResilienceCockpit-srv",
    "properties" : { },
    "parameters" : {
      "default-url" : "${protocol}://${default-uri}",
      "default-app-name" : "ResilienceCockpit-srv",
      "generated-password" : "********",
      "default-live-url" : "${protocol}://${default-live-uri}",
      "default-uri" : "${host}.${domain}",
      "default-instances" : 1,
      "default-live-host" : "94060551trial-dev-resiliencecockpit-srv",
      "instances" : 1,
      "buildpack" : "nodejs_buildpack",
      "default-host" : "94060551trial-dev-resiliencecockpit-srv",
      "app-name" : "${default-app-name}",
      "default-live-uri" : "94060551trial-dev-resiliencecockpit-srv.${domain}",
      "protocol" : "https",
      "default-live-app-name" : "ResilienceCockpit-srv",
      "default-live-domain" : "cfapps.us10-003.hana.ondemand.com",
      "domain" : "${default-domain}",
      "host" : "${default-host}",
      "generated-user" : "********"
    },
    "requiredDependencies" : [ {
      "majorSchemaVersion" : 3,
      "name" : "********",
      "properties" : { },
      "parameters" : { },
      "propertiesMetadata" : {
        "metadata" : { }
      },
      "parametersMetadata" : {
        "metadata" : { }
      }
    }, {
      "majorSchemaVersion" : 3,
      "name" : "ResilienceCockpit-db",
      "properties" : { },
      "parameters" : { },
      "propertiesMetadata" : {
        "metadata" : { }
      },
      "parametersMetadata" : {
        "metadata" : { }
      }
    }, {
      "majorSchemaVersion" : 3,
      "name" : "ResilienceCockpit-connectivity",
      "properties" : { },
      "parameters" : { },
      "propertiesMetadata" : {
        "metadata" : { }
      },
      "parametersMetadata" : {
        "metadata" : { }
      }
    }, {
      "majorSchemaVersion" : 3,
      "name" : "ResilienceCockpit-destination",
      "properties" : { },
      "parameters" : { },
      "propertiesMetadata" : {
        "metadata" : { }
      },
      "parametersMetadata" : {
        "metadata" : { }
      }
    }, {
      "majorSchemaVersion" : 3,
      "name" : "ResilienceCockpit-logging",
      "properties" : { },
      "parameters" : { },
      "propertiesMetadata" : {
        "metadata" : { }
      },
      "parametersMetadata" : {
        "metadata" : { }
      }
    } ],
    "providedDependencies" : [ {
      "majorSchemaVersion" : 3,
      "name" : "srv-api",
      "isPublic" : false,
      "properties" : {
        "srv-url" : "${default-url}"
      },
      "parameters" : { },
      "propertiesMetadata" : {
        "metadata" : { }
      },
      "parametersMetadata" : {
        "metadata" : { }
      }
    }, {
      "majorSchemaVersion" : 3,
      "name" : "ResilienceCockpit-srv",
      "isPublic" : false,
      "properties" : { },
      "parameters" : { },
      "propertiesMetadata" : {
        "metadata" : { }
      },
      "parametersMetadata" : {
        "metadata" : { }
      }
    } ],
    "propertiesMetadata" : {
      "metadata" : { }
    },
    "parametersMetadata" : {
      "metadata" : { }
    },
    "hooks" : [ ]
  }, {
    "majorSchemaVersion" : 3,
    "name" : "ResilienceCockpit-db-deployer",
    "type" : "com.sap.xs.hdi",
    "path" : "ResilienceCockpit-db-deployer",
    "properties" : {
      "EXIT" : 1
    },
    "parameters" : {
      "default-url" : "${protocol}://${default-uri}",
      "default-app-name" : "ResilienceCockpit-db-deployer",
      "generated-password" : "********",
      "default-live-url" : "${protocol}://${default-live-uri}",
      "default-uri" : "${host}.${domain}",
      "memory" : "256M",
      "default-instances" : 1,
      "no-route" : true,
      "default-live-host" : "94060551trial-dev-resiliencecockpit-db-deployer",
      "instances" : "${default-instances}",
      "buildpack" : "nodejs_buildpack",
      "default-host" : "94060551trial-dev-resiliencecockpit-db-deployer",
      "app-name" : "${default-app-name}",
      "default-live-uri" : "94060551trial-dev-resiliencecockpit-db-deployer.${domain}",
      "protocol" : "https",
      "default-live-app-name" : "ResilienceCockpit-db-deployer",
      "default-live-domain" : "cfapps.us10-003.hana.ondemand.com",
      "dependency-type" : "hard",
      "domain" : "${default-domain}",
      "host" : "${default-host}",
      "generated-user" : "********",
      "tasks" : [ {
        "name" : "deploy",
        "memory" : "256M",
        "command" : "npm start"
      } ],
      "no-start" : true
    },
    "requiredDependencies" : [ {
      "majorSchemaVersion" : 3,
      "name" : "ResilienceCockpit-db",
      "properties" : { },
      "parameters" : { },
      "propertiesMetadata" : {
        "metadata" : { }
      },
      "parametersMetadata" : {
        "metadata" : { }
      }
    } ],
    "providedDependencies" : [ {
      "majorSchemaVersion" : 3,
      "name" : "ResilienceCockpit-db-deployer",
      "isPublic" : false,
      "properties" : { },
      "parameters" : { },
      "propertiesMetadata" : {
        "metadata" : { }
      },
      "parametersMetadata" : {
        "metadata" : { }
      }
    } ],
    "propertiesMetadata" : {
      "metadata" : { }
    },
    "parametersMetadata" : {
      "metadata" : { }
    },
    "hooks" : [ ]
  }, {
    "majorSchemaVersion" : 3,
    "name" : "ResilienceCockpit-app-deployer",
    "type" : "com.sap.application.content",
    "path" : "ResilienceCockpit-app-deployer",
    "properties" : { },
    "parameters" : {
      "default-url" : "${protocol}://${default-uri}",
      "default-app-name" : "ResilienceCockpit-app-deployer",
      "generated-password" : "********",
      "default-live-url" : "${protocol}://${default-live-uri}",
      "default-uri" : "${host}.${domain}",
      "default-instances" : 1,
      "default-live-host" : "94060551trial-dev-resiliencecockpit-app-deployer",
      "instances" : "${default-instances}",
      "default-host" : "94060551trial-dev-resiliencecockpit-app-deployer",
      "app-name" : "${default-app-name}",
      "default-live-uri" : "94060551trial-dev-resiliencecockpit-app-deployer.${domain}",
      "protocol" : "https",
      "default-live-app-name" : "ResilienceCockpit-app-deployer",
      "default-live-domain" : "cfapps.us10-003.hana.ondemand.com",
      "domain" : "${default-domain}",
      "host" : "${default-host}",
      "generated-user" : "********"
    },
    "requiredDependencies" : [ {
      "majorSchemaVersion" : 3,
      "name" : "********",
      "properties" : { },
      "parameters" : { },
      "propertiesMetadata" : {
        "metadata" : { }
      },
      "parametersMetadata" : {
        "metadata" : { }
      }
    }, {
      "majorSchemaVersion" : 3,
      "name" : "srv-api",
      "properties" : { },
      "parameters" : { },
      "propertiesMetadata" : {
        "metadata" : { }
      },
      "parametersMetadata" : {
        "metadata" : { }
      }
    }, {
      "majorSchemaVersion" : 3,
      "name" : "ResilienceCockpit-html5-repo-host",
      "properties" : { },
      "parameters" : {
        "config" : {
          "HTML5Runtime_enabled" : false
        },
        "content-target" : true
      },
      "propertiesMetadata" : {
        "metadata" : { }
      },
      "parametersMetadata" : {
        "metadata" : { }
      }
    } ],
    "providedDependencies" : [ {
      "majorSchemaVersion" : 3,
      "name" : "ResilienceCockpit-app-deployer",
      "isPublic" : false,
      "properties" : { },
      "parameters" : { },
      "propertiesMetadata" : {
        "metadata" : { }
      },
      "parametersMetadata" : {
        "metadata" : { }
      }
    } ],
    "propertiesMetadata" : {
      "metadata" : { }
    },
    "parametersMetadata" : {
      "metadata" : { }
    },
    "hooks" : [ ]
  }, {
    "majorSchemaVersion" : 3,
    "name" : "ResilienceCockpit-destination-content",
    "type" : "com.sap.application.content",
    "properties" : { },
    "parameters" : {
      "default-url" : "${protocol}://${default-uri}",
      "default-app-name" : "ResilienceCockpit-destination-content",
      "generated-password" : "********",
      "default-live-url" : "${protocol}://${default-live-uri}",
      "default-uri" : "${host}.${domain}",
      "default-instances" : 1,
      "default-live-host" : "94060551trial-dev-resiliencecockpit-destination-content",
      "instances" : "${default-instances}",
      "default-host" : "94060551trial-dev-resiliencecockpit-destination-content",
      "content" : {
        "instance" : {
          "destinations" : [ {
            "Authentication" : "********",
            "Name" : "srv-api",
            "TokenServiceInstanceName" : "********",
            "TokenServiceKeyName" : "********",
            "URL" : "~{srv-api/srv-url}"
          }, {
            "Name" : "ResilienceCockpit-html5-repo-host",
            "ServiceInstanceName" : "ResilienceCockpit-html5-repo-host",
            "ServiceKeyName" : "********",
            "sap.cloud.service" : "nexus"
          }, {
            "Authentication" : "********",
            "Name" : "********",
            "ServiceInstanceName" : "********",
            "ServiceKeyName" : "********"
          } ],
          "existing_destinations_policy" : "update"
        }
      },
      "app-name" : "${default-app-name}",
      "default-live-uri" : "94060551trial-dev-resiliencecockpit-destination-content.${domain}",
      "protocol" : "https",
      "default-live-app-name" : "ResilienceCockpit-destination-content",
      "default-live-domain" : "cfapps.us10-003.hana.ondemand.com",
      "domain" : "${default-domain}",
      "host" : "${default-host}",
      "generated-user" : "********"
    },
    "requiredDependencies" : [ {
      "majorSchemaVersion" : 3,
      "name" : "********",
      "properties" : { },
      "parameters" : {
        "service-key" : "********"
      },
      "propertiesMetadata" : {
        "metadata" : { }
      },
      "parametersMetadata" : {
        "metadata" : { }
      }
    }, {
      "majorSchemaVersion" : 3,
      "name" : "ResilienceCockpit-html5-repo-host",
      "properties" : { },
      "parameters" : {
        "service-key" : "********"
      },
      "propertiesMetadata" : {
        "metadata" : { }
      },
      "parametersMetadata" : {
        "metadata" : { }
      }
    }, {
      "majorSchemaVersion" : 3,
      "name" : "srv-api",
      "properties" : { },
      "parameters" : { },
      "propertiesMetadata" : {
        "metadata" : { }
      },
      "parametersMetadata" : {
        "metadata" : { }
      }
    }, {
      "majorSchemaVersion" : 3,
      "name" : "ResilienceCockpit-destination",
      "properties" : { },
      "parameters" : {
        "content-target" : true
      },
      "propertiesMetadata" : {
        "metadata" : { }
      },
      "parametersMetadata" : {
        "metadata" : { }
      }
    } ],
    "providedDependencies" : [ {
      "majorSchemaVersion" : 3,
      "name" : "ResilienceCockpit-destination-content",
      "isPublic" : false,
      "properties" : { },
      "parameters" : { },
      "propertiesMetadata" : {
        "metadata" : { }
      },
      "parametersMetadata" : {
        "metadata" : { }
      }
    } ],
    "propertiesMetadata" : {
      "metadata" : { }
    },
    "parametersMetadata" : {
      "metadata" : { }
    },
    "hooks" : [ ]
  } ],
  "resources" : [ {
    "majorSchemaVersion" : 3,
    "name" : "********",
    "type" : "org.cloudfoundry.managed-service",
    "properties" : { },
    "parameters" : {
      "generated-password" : "********",
      "path" : "./xs-security.json",
      "service-name" : "${default-service-name}",
      "service-plan" : "application",
      "service" : "xsuaa",
      "generated-user" : "********",
      "default-xsappname" : "********",
      "type" : "managed-service",
      "config" : {
        "oauth2-configuration" : "********",
        "tenant-mode" : "dedicated",
        "xsappname" : "ResilienceCockpit-${org}-${space}"
      },
      "default-service-name" : "********",
      "default-container-name" : "********"
    },
    "isActive" : true,
    "isOptional" : false,
    "propertiesMetadata" : {
      "metadata" : { }
    },
    "parametersMetadata" : {
      "metadata" : { }
    },
    "requiredDependencies" : [ ],
    "processedAfter" : [ ]
  }, {
    "majorSchemaVersion" : 3,
    "name" : "ResilienceCockpit-db",
    "type" : "com.sap.xs.hdi-container",
    "properties" : { },
    "parameters" : {
      "generated-password" : "********",
      "service-name" : "${default-service-name}",
      "service-plan" : "hdi-shared",
      "service" : "hana",
      "generated-user" : "********",
      "default-xsappname" : "ResilienceCockpit-db",
      "type" : "managed-service",
      "default-service-name" : "ResilienceCockpit-db",
      "default-container-name" : "94060551TRIAL_DEV_RESILIENCECOCKPIT_DB"
    },
    "isActive" : true,
    "isOptional" : false,
    "propertiesMetadata" : {
      "metadata" : { }
    },
    "parametersMetadata" : {
      "metadata" : { }
    },
    "requiredDependencies" : [ ],
    "processedAfter" : [ ]
  }, {
    "majorSchemaVersion" : 3,
    "name" : "ResilienceCockpit-connectivity",
    "type" : "org.cloudfoundry.managed-service",
    "properties" : { },
    "parameters" : {
      "generated-password" : "********",
      "service-name" : "${default-service-name}",
      "service-plan" : "lite",
      "service" : "connectivity",
      "generated-user" : "********",
      "default-xsappname" : "ResilienceCockpit-connectivity",
      "type" : "managed-service",
      "default-service-name" : "ResilienceCockpit-connectivity",
      "default-container-name" : "94060551TRIAL_DEV_RESILIENCECOCKPIT_CONNECTIVITY"
    },
    "isActive" : true,
    "isOptional" : false,
    "propertiesMetadata" : {
      "metadata" : { }
    },
    "parametersMetadata" : {
      "metadata" : { }
    },
    "requiredDependencies" : [ ],
    "processedAfter" : [ ]
  }, {
    "majorSchemaVersion" : 3,
    "name" : "ResilienceCockpit-destination",
    "type" : "org.cloudfoundry.managed-service",
    "properties" : { },
    "parameters" : {
      "generated-password" : "********",
      "service-name" : "${default-service-name}",
      "service-plan" : "lite",
      "service" : "destination",
      "generated-user" : "********",
      "default-xsappname" : "ResilienceCockpit-destination",
      "type" : "managed-service",
      "config" : {
        "HTML5Runtime_enabled" : true,
        "init_data" : {
          "instance" : {
            "destinations" : [ {
              "Authentication" : "********",
              "Name" : "ui5",
              "ProxyType" : "Internet",
              "Type" : "HTTP",
              "URL" : "https://ui5.sap.com"
            }, {
              "Authentication" : "********",
              "HTML5.DynamicDestination" : true,
              "HTML5.ForwardAuthToken" : "********",
              "Name" : "srv-api",
              "ProxyType" : "Internet",
              "Type" : "HTTP",
              "URL" : "~{srv-api/srv-url}"
            } ],
            "existing_destinations_policy" : "update"
          }
        }
      },
      "default-service-name" : "ResilienceCockpit-destination",
      "default-container-name" : "94060551TRIAL_DEV_RESILIENCECOCKPIT_DESTINATION"
    },
    "isActive" : true,
    "isOptional" : false,
    "propertiesMetadata" : {
      "metadata" : { }
    },
    "parametersMetadata" : {
      "metadata" : { }
    },
    "requiredDependencies" : [ {
      "majorSchemaVersion" : 3,
      "name" : "srv-api",
      "properties" : { },
      "parameters" : { },
      "propertiesMetadata" : {
        "metadata" : { }
      },
      "parametersMetadata" : {
        "metadata" : { }
      }
    } ],
    "processedAfter" : [ ]
  }, {
    "majorSchemaVersion" : 3,
    "name" : "ResilienceCockpit-html5-repo-host",
    "type" : "org.cloudfoundry.managed-service",
    "properties" : { },
    "parameters" : {
      "generated-password" : "********",
      "service-name" : "${default-service-name}",
      "service-plan" : "app-host",
      "service" : "html5-apps-repo",
      "generated-user" : "********",
      "default-xsappname" : "ResilienceCockpit-html5-repo-host",
      "type" : "managed-service",
      "default-service-name" : "ResilienceCockpit-html5-repo-host",
      "default-container-name" : "94060551TRIAL_DEV_RESILIENCECOCKPIT_HTML5_REPO_HOST"
    },
    "isActive" : true,
    "isOptional" : false,
    "propertiesMetadata" : {
      "metadata" : { }
    },
    "parametersMetadata" : {
      "metadata" : { }
    },
    "requiredDependencies" : [ ],
    "processedAfter" : [ ]
  }, {
    "majorSchemaVersion" : 3,
    "name" : "ResilienceCockpit-logging",
    "type" : "org.cloudfoundry.managed-service",
    "properties" : { },
    "parameters" : {
      "generated-password" : "********",
      "service-name" : "${default-service-name}",
      "service-plan" : "lite",
      "service" : "application-logs",
      "generated-user" : "********",
      "default-xsappname" : "ResilienceCockpit-logging",
      "type" : "managed-service",
      "default-service-name" : "ResilienceCockpit-logging",
      "default-container-name" : "94060551TRIAL_DEV_RESILIENCECOCKPIT_LOGGING"
    },
    "isActive" : true,
    "isOptional" : false,
    "propertiesMetadata" : {
      "metadata" : { }
    },
    "parametersMetadata" : {
      "metadata" : { }
    },
    "requiredDependencies" : [ ],
    "processedAfter" : [ ]
  } ],
  "parameters" : {
    "deploy_mode" : "html5-repo",
    "mta-id" : "ResilienceCockpit",
    "authorization-url" : "********",
    "org-guid" : "78e7b825-503f-4bdc-af4e-be86d7f43c8e",
    "org" : "94060551trial",
    "deploy-target" : "94060551trial dev",
    "enable-parallel-deployments" : true,
    "space" : "dev",
    "xs-api-url" : "https://api.cf.us10-003.hana.ondemand.com",
    "deploy-url" : "deploy-service.cfapps.us10-003.hana.ondemand.com",
    "xs-type" : "CF",
    "default-domain" : "cfapps.us10-003.hana.ondemand.com",
    "mta-version" : "1.0.0",
    "xs-auth-url" : "********",
    "space-guid" : "039a1fe6-69a4-4c1e-9b8f-a64d47329d3e",
    "user" : "********",
    "controller-url" : "https://api.cf.us10-003.hana.ondemand.com",
    "timestamp" : "20260826153526"
  },
  "parametersMetadata" : {
    "metadata" : { }
  }
}#
#2026 08 26 15:35:27.100#Z#DEBUG#c28227b5-a163-11f1-b062-eeee0a986ec4.OPERATION#flowable-async-job-executor-thread-2636#
[XS2CollectSystemParametersStep] Version rule: SAME_HIGHER#
#2026 08 26 15:35:27.100#Z#INFO#c28227b5-a163-11f1-b062-eeee0a986ec4.OPERATION#flowable-async-job-executor-thread-2636#
[XS2CollectSystemParametersStep] Detected new MTA version: "1.0.0"#
#2026 08 26 15:35:27.103#Z#INFO#c28227b5-a163-11f1-b062-eeee0a986ec4.OPERATION#flowable-async-job-executor-thread-2636#
[XS2CollectSystemParametersStep] Deployed MTA version: "1.0.0"#
#2026 08 26 15:35:27.105#Z#DEBUG#c28227b5-a163-11f1-b062-eeee0a986ec4.OPERATION#flowable-async-job-executor-thread-2636#
[XS2CollectSystemParametersStep] MTA accepted for deployment#
#2026 08 26 15:35:27.106#Z#DEBUG#c28227b5-a163-11f1-b062-eeee0a986ec4.OPERATION#flowable-async-job-executor-thread-2636#
[XS2CollectSystemParametersStep] System parameters collected#
#2026 08 26 15:35:27.106#Z#DEBUG#c28227b5-a163-11f1-b062-eeee0a986ec4.OPERATION#flowable-async-job-executor-thread-2636#
Step "Collect System Parameters" finished#
#2026 08 26 15:35:27.122#Z#DEBUG#c28227b5-a163-11f1-b062-eeee0a986ec4.OPERATION#flowable-async-job-executor-thread-2636#
[ProcessDescriptorStep] Executing task "processDescriptorTask" of process "c28227db-a163-11f1-b062-eeee0a986ec4"...#
#2026 08 26 15:35:27.123#Z#DEBUG#c28227b5-a163-11f1-b062-eeee0a986ec4.OPERATION#flowable-async-job-executor-thread-2636#
[ProcessDescriptorStep] Resolving properties and parameters in merged descriptor...#
#2026 08 26 15:35:27.126#Z#DEBUG#c28227b5-a163-11f1-b062-eeee0a986ec4.OPERATION#flowable-async-job-executor-thread-2636#
[ProcessDescriptorStep] Subscriptions: [ ]#
#2026 08 26 15:35:27.127#Z#DEBUG#c28227b5-a163-11f1-b062-eeee0a986ec4.OPERATION#flowable-async-job-executor-thread-2636#
[ProcessDescriptorStep] MTA modules: [ResilienceCockpit-srv, ResilienceCockpit-app-deployer, ResilienceCockpit-destination-content, ResilienceCockpit-db-deployer]#
#2026 08 26 15:35:27.127#Z#DEBUG#c28227b5-a163-11f1-b062-eeee0a986ec4.OPERATION#flowable-async-job-executor-thread-2636#
[ProcessDescriptorStep] Resolved deployment descriptor: {
  "majorSchemaVersion" : 3,
  "schemaVersion" : "3.3.0",
  "id" : "ResilienceCockpit",
  "version" : "1.0.0",
  "modules" : [ {
    "majorSchemaVersion" : 3,
    "name" : "ResilienceCockpit-srv",
    "type" : "javascript.nodejs",
    "path" : "ResilienceCockpit-srv",
    "properties" : { },
    "parameters" : {
      "default-url" : "https://94060551trial-dev-resiliencecockpit-srv.cfapps.us10-003.hana.ondemand.com",
      "default-app-name" : "ResilienceCockpit-srv",
      "generated-password" : "********",
      "default-live-url" : "https://94060551trial-dev-resiliencecockpit-srv.cfapps.us10-003.hana.ondemand.com",
      "default-uri" : "94060551trial-dev-resiliencecockpit-srv.cfapps.us10-003.hana.ondemand.com",
      "default-instances" : 1,
      "default-live-host" : "94060551trial-dev-resiliencecockpit-srv",
      "instances" : 1,
      "buildpack" : "nodejs_buildpack",
      "default-host" : "94060551trial-dev-resiliencecockpit-srv",
      "app-name" : "ResilienceCockpit-srv",
      "default-live-uri" : "94060551trial-dev-resiliencecockpit-srv.cfapps.us10-003.hana.ondemand.com",
      "protocol" : "https",
      "default-live-app-name" : "ResilienceCockpit-srv",
      "default-live-domain" : "cfapps.us10-003.hana.ondemand.com",
      "domain" : "cfapps.us10-003.hana.ondemand.com",
      "host" : "94060551trial-dev-resiliencecockpit-srv",
      "generated-user" : "********"
    },
    "requiredDependencies" : [ {
      "majorSchemaVersion" : 3,
      "name" : "********",
      "properties" : { },
      "parameters" : { },
      "propertiesMetadata" : {
        "metadata" : { }
      },
      "parametersMetadata" : {
        "metadata" : { }
      }
    }, {
      "majorSchemaVersion" : 3,
      "name" : "ResilienceCockpit-db",
      "properties" : { },
      "parameters" : { },
      "propertiesMetadata" : {
        "metadata" : { }
      },
      "parametersMetadata" : {
        "metadata" : { }
      }
    }, {
      "majorSchemaVersion" : 3,
      "name" : "ResilienceCockpit-connectivity",
      "properties" : { },
      "parameters" : { },
      "propertiesMetadata" : {
        "metadata" : { }
      },
      "parametersMetadata" : {
        "metadata" : { }
      }
    }, {
      "majorSchemaVersion" : 3,
      "name" : "ResilienceCockpit-destination",
      "properties" : { },
      "parameters" : { },
      "propertiesMetadata" : {
        "metadata" : { }
      },
      "parametersMetadata" : {
        "metadata" : { }
      }
    }, {
      "majorSchemaVersion" : 3,
      "name" : "ResilienceCockpit-logging",
      "properties" : { },
      "parameters" : { },
      "propertiesMetadata" : {
        "metadata" : { }
      },
      "parametersMetadata" : {
        "metadata" : { }
      }
    } ],
    "providedDependencies" : [ {
      "majorSchemaVersion" : 3,
      "name" : "srv-api",
      "isPublic" : false,
      "properties" : {
        "srv-url" : "https://94060551trial-dev-resiliencecockpit-srv.cfapps.us10-003.hana.ondemand.com"
      },
      "parameters" : { },
      "propertiesMetadata" : {
        "metadata" : { }
      },
      "parametersMetadata" : {
        "metadata" : { }
      }
    }, {
      "majorSchemaVersion" : 3,
      "name" : "ResilienceCockpit-srv",
      "isPublic" : false,
      "properties" : { },
      "parameters" : { },
      "propertiesMetadata" : {
        "metadata" : { }
      },
      "parametersMetadata" : {
        "metadata" : { }
      }
    } ],
    "propertiesMetadata" : {
      "metadata" : { }
    },
    "parametersMetadata" : {
      "metadata" : { }
    },
    "hooks" : [ ]
  }, {
    "majorSchemaVersion" : 3,
    "name" : "ResilienceCockpit-db-deployer",
    "type" : "com.sap.xs.hdi",
    "path" : "ResilienceCockpit-db-deployer",
    "properties" : {
      "EXIT" : 1
    },
    "parameters" : {
      "default-url" : "https://94060551trial-dev-resiliencecockpit-db-deployer.cfapps.us10-003.hana.ondemand.com",
      "default-app-name" : "ResilienceCockpit-db-deployer",
      "generated-password" : "********",
      "default-live-url" : "https://94060551trial-dev-resiliencecockpit-db-deployer.cfapps.us10-003.hana.ondemand.com",
      "default-uri" : "94060551trial-dev-resiliencecockpit-db-deployer.cfapps.us10-003.hana.ondemand.com",
      "memory" : "256M",
      "default-instances" : 1,
      "no-route" : true,
      "default-live-host" : "94060551trial-dev-resiliencecockpit-db-deployer",
      "instances" : 1,
      "buildpack" : "nodejs_buildpack",
      "default-host" : "94060551trial-dev-resiliencecockpit-db-deployer",
      "app-name" : "ResilienceCockpit-db-deployer",
      "default-live-uri" : "94060551trial-dev-resiliencecockpit-db-deployer.cfapps.us10-003.hana.ondemand.com",
      "protocol" : "https",
      "default-live-app-name" : "ResilienceCockpit-db-deployer",
      "default-live-domain" : "cfapps.us10-003.hana.ondemand.com",
      "dependency-type" : "hard",
      "domain" : "cfapps.us10-003.hana.ondemand.com",
      "host" : "94060551trial-dev-resiliencecockpit-db-deployer",
      "generated-user" : "********",
      "tasks" : [ {
        "command" : "npm start",
        "memory" : "256M",
        "name" : "deploy"
      } ],
      "no-start" : true
    },
    "requiredDependencies" : [ {
      "majorSchemaVersion" : 3,
      "name" : "ResilienceCockpit-db",
      "properties" : { },
      "parameters" : { },
      "propertiesMetadata" : {
        "metadata" : { }
      },
      "parametersMetadata" : {
        "metadata" : { }
      }
    } ],
    "providedDependencies" : [ {
      "majorSchemaVersion" : 3,
      "name" : "ResilienceCockpit-db-deployer",
      "isPublic" : false,
      "properties" : { },
      "parameters" : { },
      "propertiesMetadata" : {
        "metadata" : { }
      },
      "parametersMetadata" : {
        "metadata" : { }
      }
    } ],
    "propertiesMetadata" : {
      "metadata" : { }
    },
    "parametersMetadata" : {
      "metadata" : { }
    },
    "hooks" : [ ]
  }, {
    "majorSchemaVersion" : 3,
    "name" : "ResilienceCockpit-app-deployer",
    "type" : "com.sap.application.content",
    "path" : "ResilienceCockpit-app-deployer",
    "properties" : { },
    "parameters" : {
      "default-url" : "https://94060551trial-dev-resiliencecockpit-app-deployer.cfapps.us10-003.hana.ondemand.com",
      "default-app-name" : "ResilienceCockpit-app-deployer",
      "generated-password" : "********",
      "default-live-url" : "https://94060551trial-dev-resiliencecockpit-app-deployer.cfapps.us10-003.hana.ondemand.com",
      "default-uri" : "94060551trial-dev-resiliencecockpit-app-deployer.cfapps.us10-003.hana.ondemand.com",
      "default-instances" : 1,
      "default-live-host" : "94060551trial-dev-resiliencecockpit-app-deployer",
      "instances" : 1,
      "default-host" : "94060551trial-dev-resiliencecockpit-app-deployer",
      "app-name" : "ResilienceCockpit-app-deployer",
      "default-live-uri" : "94060551trial-dev-resiliencecockpit-app-deployer.cfapps.us10-003.hana.ondemand.com",
      "protocol" : "https",
      "default-live-app-name" : "ResilienceCockpit-app-deployer",
      "default-live-domain" : "cfapps.us10-003.hana.ondemand.com",
      "domain" : "cfapps.us10-003.hana.ondemand.com",
      "host" : "94060551trial-dev-resiliencecockpit-app-deployer",
      "generated-user" : "********"
    },
    "requiredDependencies" : [ {
      "majorSchemaVersion" : 3,
      "name" : "********",
      "properties" : { },
      "parameters" : { },
      "propertiesMetadata" : {
        "metadata" : { }
      },
      "parametersMetadata" : {
        "metadata" : { }
      }
    }, {
      "majorSchemaVersion" : 3,
      "name" : "srv-api",
      "properties" : { },
      "parameters" : { },
      "propertiesMetadata" : {
        "metadata" : { }
      },
      "parametersMetadata" : {
        "metadata" : { }
      }
    }, {
      "majorSchemaVersion" : 3,
      "name" : "ResilienceCockpit-html5-repo-host",
      "properties" : { },
      "parameters" : {
        "config" : {
          "HTML5Runtime_enabled" : false
        },
        "content-target" : true
      },
      "propertiesMetadata" : {
        "metadata" : { }
      },
      "parametersMetadata" : {
        "metadata" : { }
      }
    } ],
    "providedDependencies" : [ {
      "majorSchemaVersion" : 3,
      "name" : "ResilienceCockpit-app-deployer",
      "isPublic" : false,
      "properties" : { },
      "parameters" : { },
      "propertiesMetadata" : {
        "metadata" : { }
      },
      "parametersMetadata" : {
        "metadata" : { }
      }
    } ],
    "propertiesMetadata" : {
      "metadata" : { }
    },
    "parametersMetadata" : {
      "metadata" : { }
    },
    "hooks" : [ ]
  }, {
    "majorSchemaVersion" : 3,
    "name" : "ResilienceCockpit-destination-content",
    "type" : "com.sap.application.content",
    "properties" : { },
    "parameters" : {
      "default-url" : "https://94060551trial-dev-resiliencecockpit-destination-content.cfapps.us10-003.hana.ondemand.com",
      "default-app-name" : "ResilienceCockpit-destination-content",
      "generated-password" : "********",
      "default-live-url" : "https://94060551trial-dev-resiliencecockpit-destination-content.cfapps.us10-003.hana.ondemand.com",
      "default-uri" : "94060551trial-dev-resiliencecockpit-destination-content.cfapps.us10-003.hana.ondemand.com",
      "default-instances" : 1,
      "default-live-host" : "94060551trial-dev-resiliencecockpit-destination-content",
      "instances" : 1,
      "default-host" : "94060551trial-dev-resiliencecockpit-destination-content",
      "content" : {
        "instance" : {
          "destinations" : [ {
            "Authentication" : "********",
            "Name" : "srv-api",
            "TokenServiceInstanceName" : "********",
            "TokenServiceKeyName" : "********",
            "URL" : "https://94060551trial-dev-resiliencecockpit-srv.cfapps.us10-003.hana.ondemand.com"
          }, {
            "Name" : "ResilienceCockpit-html5-repo-host",
            "ServiceInstanceName" : "ResilienceCockpit-html5-repo-host",
            "ServiceKeyName" : "********",
            "sap.cloud.service" : "nexus"
          }, {
            "Authentication" : "********",
            "Name" : "********",
            "ServiceInstanceName" : "********",
            "ServiceKeyName" : "********"
          } ],
          "existing_destinations_policy" : "update"
        }
      },
      "app-name" : "ResilienceCockpit-destination-content",
      "default-live-uri" : "94060551trial-dev-resiliencecockpit-destination-content.cfapps.us10-003.hana.ondemand.com",
      "protocol" : "https",
      "default-live-app-name" : "ResilienceCockpit-destination-content",
      "default-live-domain" : "cfapps.us10-003.hana.ondemand.com",
      "domain" : "cfapps.us10-003.hana.ondemand.com",
      "host" : "94060551trial-dev-resiliencecockpit-destination-content",
      "generated-user" : "********"
    },
    "requiredDependencies" : [ {
      "majorSchemaVersion" : 3,
      "name" : "********",
      "properties" : { },
      "parameters" : {
        "service-key" : "********"
      },
      "propertiesMetadata" : {
        "metadata" : { }
      },
      "parametersMetadata" : {
        "metadata" : { }
      }
    }, {
      "majorSchemaVersion" : 3,
      "name" : "ResilienceCockpit-html5-repo-host",
      "properties" : { },
      "parameters" : {
        "service-key" : "********"
      },
      "propertiesMetadata" : {
        "metadata" : { }
      },
      "parametersMetadata" : {
        "metadata" : { }
      }
    }, {
      "majorSchemaVersion" : 3,
      "name" : "srv-api",
      "properties" : { },
      "parameters" : { },
      "propertiesMetadata" : {
        "metadata" : { }
      },
      "parametersMetadata" : {
        "metadata" : { }
      }
    }, {
      "majorSchemaVersion" : 3,
      "name" : "ResilienceCockpit-destination",
      "properties" : { },
      "parameters" : {
        "content-target" : true
      },
      "propertiesMetadata" : {
        "metadata" : { }
      },
      "parametersMetadata" : {
        "metadata" : { }
      }
    } ],
    "providedDependencies" : [ {
      "majorSchemaVersion" : 3,
      "name" : "ResilienceCockpit-destination-content",
      "isPublic" : false,
      "properties" : { },
      "parameters" : { },
      "propertiesMetadata" : {
        "metadata" : { }
      },
      "parametersMetadata" : {
        "metadata" : { }
      }
    } ],
    "propertiesMetadata" : {
      "metadata" : { }
    },
    "parametersMetadata" : {
      "metadata" : { }
    },
    "hooks" : [ ]
  } ],
  "resources" : [ {
    "majorSchemaVersion" : 3,
    "name" : "********",
    "type" : "org.cloudfoundry.managed-service",
    "properties" : { },
    "parameters" : {
      "generated-password" : "********",
      "path" : "./xs-security.json",
      "service-name" : "********",
      "service-plan" : "application",
      "service" : "xsuaa",
      "generated-user" : "********",
      "default-xsappname" : "********",
      "type" : "managed-service",
      "config" : {
        "oauth2-configuration" : "********",
        "tenant-mode" : "dedicated",
        "xsappname" : "ResilienceCockpit-94060551trial-dev"
      },
      "default-service-name" : "********",
      "default-container-name" : "********"
    },
    "isActive" : true,
    "isOptional" : false,
    "propertiesMetadata" : {
      "metadata" : { }
    },
    "parametersMetadata" : {
      "metadata" : { }
    },
    "requiredDependencies" : [ ],
    "processedAfter" : [ ]
  }, {
    "majorSchemaVersion" : 3,
    "name" : "ResilienceCockpit-db",
    "type" : "com.sap.xs.hdi-container",
    "properties" : { },
    "parameters" : {
      "generated-password" : "********",
      "service-name" : "ResilienceCockpit-db",
      "service-plan" : "hdi-shared",
      "service" : "hana",
      "generated-user" : "********",
      "default-xsappname" : "ResilienceCockpit-db",
      "type" : "managed-service",
      "default-service-name" : "ResilienceCockpit-db",
      "default-container-name" : "94060551TRIAL_DEV_RESILIENCECOCKPIT_DB"
    },
    "isActive" : true,
    "isOptional" : false,
    "propertiesMetadata" : {
      "metadata" : { }
    },
    "parametersMetadata" : {
      "metadata" : { }
    },
    "requiredDependencies" : [ ],
    "processedAfter" : [ ]
  }, {
    "majorSchemaVersion" : 3,
    "name" : "ResilienceCockpit-connectivity",
    "type" : "org.cloudfoundry.managed-service",
    "properties" : { },
    "parameters" : {
      "generated-password" : "********",
      "service-name" : "ResilienceCockpit-connectivity",
      "service-plan" : "lite",
      "service" : "connectivity",
      "generated-user" : "********",
      "default-xsappname" : "ResilienceCockpit-connectivity",
      "type" : "managed-service",
      "default-service-name" : "ResilienceCockpit-connectivity",
      "default-container-name" : "94060551TRIAL_DEV_RESILIENCECOCKPIT_CONNECTIVITY"
    },
    "isActive" : true,
    "isOptional" : false,
    "propertiesMetadata" : {
      "metadata" : { }
    },
    "parametersMetadata" : {
      "metadata" : { }
    },
    "requiredDependencies" : [ ],
    "processedAfter" : [ ]
  }, {
    "majorSchemaVersion" : 3,
    "name" : "ResilienceCockpit-destination",
    "type" : "org.cloudfoundry.managed-service",
    "properties" : { },
    "parameters" : {
      "generated-password" : "********",
      "service-name" : "ResilienceCockpit-destination",
      "service-plan" : "lite",
      "service" : "destination",
      "generated-user" : "********",
      "default-xsappname" : "ResilienceCockpit-destination",
      "type" : "managed-service",
      "config" : {
        "HTML5Runtime_enabled" : true,
        "init_data" : {
          "instance" : {
            "destinations" : [ {
              "Authentication" : "********",
              "Name" : "ui5",
              "ProxyType" : "Internet",
              "Type" : "HTTP",
              "URL" : "https://ui5.sap.com"
            }, {
              "Authentication" : "********",
              "HTML5.DynamicDestination" : true,
              "HTML5.ForwardAuthToken" : "********",
              "Name" : "srv-api",
              "ProxyType" : "Internet",
              "Type" : "HTTP",
              "URL" : "https://94060551trial-dev-resiliencecockpit-srv.cfapps.us10-003.hana.ondemand.com"
            } ],
            "existing_destinations_policy" : "update"
          }
        }
      },
      "default-service-name" : "ResilienceCockpit-destination",
      "default-container-name" : "94060551TRIAL_DEV_RESILIENCECOCKPIT_DESTINATION"
    },
    "isActive" : true,
    "isOptional" : false,
    "propertiesMetadata" : {
      "metadata" : { }
    },
    "parametersMetadata" : {
      "metadata" : { }
    },
    "requiredDependencies" : [ {
      "majorSchemaVersion" : 3,
      "name" : "srv-api",
      "properties" : { },
      "parameters" : { },
      "propertiesMetadata" : {
        "metadata" : { }
      },
      "parametersMetadata" : {
        "metadata" : { }
      }
    } ],
    "processedAfter" : [ ]
  }, {
    "majorSchemaVersion" : 3,
    "name" : "ResilienceCockpit-html5-repo-host",
    "type" : "org.cloudfoundry.managed-service",
    "properties" : { },
    "parameters" : {
      "generated-password" : "********",
      "service-name" : "ResilienceCockpit-html5-repo-host",
      "service-plan" : "app-host",
      "service" : "html5-apps-repo",
      "generated-user" : "********",
      "default-xsappname" : "ResilienceCockpit-html5-repo-host",
      "type" : "managed-service",
      "default-service-name" : "ResilienceCockpit-html5-repo-host",
      "default-container-name" : "94060551TRIAL_DEV_RESILIENCECOCKPIT_HTML5_REPO_HOST"
    },
    "isActive" : true,
    "isOptional" : false,
    "propertiesMetadata" : {
      "metadata" : { }
    },
    "parametersMetadata" : {
      "metadata" : { }
    },
    "requiredDependencies" : [ ],
    "processedAfter" : [ ]
  }, {
    "majorSchemaVersion" : 3,
    "name" : "ResilienceCockpit-logging",
    "type" : "org.cloudfoundry.managed-service",
    "properties" : { },
    "parameters" : {
      "generated-password" : "********",
      "service-name" : "ResilienceCockpit-logging",
      "service-plan" : "lite",
      "service" : "application-logs",
      "generated-user" : "********",
      "default-xsappname" : "ResilienceCockpit-logging",
      "type" : "managed-service",
      "default-service-name" : "ResilienceCockpit-logging",
      "default-container-name" : "94060551TRIAL_DEV_RESILIENCECOCKPIT_LOGGING"
    },
    "isActive" : true,
    "isOptional" : false,
    "propertiesMetadata" : {
      "metadata" : { }
    },
    "parametersMetadata" : {
      "metadata" : { }
    },
    "requiredDependencies" : [ ],
    "processedAfter" : [ ]
  } ],
  "parameters" : {
    "deploy_mode" : "html5-repo",
    "mta-id" : "ResilienceCockpit",
    "authorization-url" : "********",
    "org-guid" : "78e7b825-503f-4bdc-af4e-be86d7f43c8e",
    "org" : "94060551trial",
    "deploy-target" : "94060551trial dev",
    "enable-parallel-deployments" : true,
    "region-primary-domain" : "us10.hana.ondemand.com",
    "space" : "dev",
    "region-domain" : "us10-003.hana.ondemand.com",
    "xs-api-url" : "https://api.cf.us10-003.hana.ondemand.com",
    "deploy-url" : "deploy-service.cfapps.us10-003.hana.ondemand.com",
    "xs-type" : "CF",
    "default-domain" : "cfapps.us10-003.hana.ondemand.com",
    "mta-version" : "1.0.0",
    "xs-auth-url" : "********",
    "space-guid" : "039a1fe6-69a4-4c1e-9b8f-a64d47329d3e",
    "user" : "********",
    "controller-url" : "https://api.cf.us10-003.hana.ondemand.com",
    "timestamp" : "20260826153526"
  },
  "parametersMetadata" : {
    "metadata" : { }
  }
}#
#2026 08 26 15:35:27.128#Z#DEBUG#c28227b5-a163-11f1-b062-eeee0a986ec4.OPERATION#flowable-async-job-executor-thread-2636#
[ProcessDescriptorStep] Merged descriptor properties and parameters resolved#
#2026 08 26 15:35:27.128#Z#DEBUG#c28227b5-a163-11f1-b062-eeee0a986ec4.OPERATION#flowable-async-job-executor-thread-2636#
Step "Process Descriptor Step" finished#
#2026 08 26 15:35:27.147#Z#DEBUG#c28227b5-a163-11f1-b062-eeee0a986ec4.OPERATION#flowable-async-job-executor-thread-2636#
[XS2BuildCloudDeployModelStep] Executing task "buildDeployModelTask" of process "c28227db-a163-11f1-b062-eeee0a986ec4"...#
#2026 08 26 15:35:27.149#Z#DEBUG#c28227b5-a163-11f1-b062-eeee0a986ec4.OPERATION#flowable-async-job-executor-thread-2636#
[XS2BuildCloudDeployModelStep] Service keys defined for content deployment grouped by service name: {
  "ResilienceCockpit-auth" : "********",
  "ResilienceCockpit-html5-repo-host" : [ {
    "name" : "********",
    "v3Metadata" : {
      "annotations" : {
        "mta_id" : "ResilienceCockpit",
        "mta_version" : "1.0.0"
      },
      "labels" : {
        "mta_id" : "12714f170fc41ee91010bfb8bfd6b5c9",
        "space_guid" : "039a1fe6-69a4-4c1e-9b8f-a64d47329d3e"
      }
    },
    "credentials" : "********",
    "moduleName" : "ResilienceCockpit-app-deployer",
    "resourceName" : "ResilienceCockpit-html5-repo-host",
    "serviceInstance" : {
      "isOptional" : false,
      "isManaged" : false,
      "name" : "ResilienceCockpit-html5-repo-host",
      "credentials" : "********",
      "tags" : [ ],
      "shouldSkipParametersUpdate" : false,
      "shouldSkipPlanUpdate" : false,
      "shouldSkipTagsUpdate" : false,
      "shouldSkipSyslogUrlUpdate" : false
    },
    "shouldDeleteServiceKeyAfterDeploy" : "********",
    "resourceType" : "org.cloudfoundry.managed-service"
  }, {
    "name" : "********",
    "v3Metadata" : {
      "annotations" : {
        "mta_id" : "ResilienceCockpit",
        "mta_version" : "1.0.0"
      },
      "labels" : {
        "mta_id" : "12714f170fc41ee91010bfb8bfd6b5c9",
        "space_guid" : "039a1fe6-69a4-4c1e-9b8f-a64d47329d3e"
      }
    },
    "credentials" : "********",
    "moduleName" : "ResilienceCockpit-destination-content",
    "resourceName" : "ResilienceCockpit-html5-repo-host",
    "serviceInstance" : {
      "isOptional" : false,
      "isManaged" : false,
      "name" : "ResilienceCockpit-html5-repo-host",
      "credentials" : "********",
      "tags" : [ ],
      "shouldSkipParametersUpdate" : false,
      "shouldSkipPlanUpdate" : false,
      "shouldSkipTagsUpdate" : false,
      "shouldSkipSyslogUrlUpdate" : false
    },
    "shouldDeleteServiceKeyAfterDeploy" : "********",
    "resourceType" : "org.cloudfoundry.managed-service"
  } ],
  "ResilienceCockpit-destination" : [ {
    "name" : "********",
    "v3Metadata" : {
      "annotations" : {
        "mta_id" : "ResilienceCockpit",
        "mta_version" : "1.0.0"
      },
      "labels" : {
        "mta_id" : "12714f170fc41ee91010bfb8bfd6b5c9",
        "space_guid" : "039a1fe6-69a4-4c1e-9b8f-a64d47329d3e"
      }
    },
    "credentials" : "********",
    "moduleName" : "ResilienceCockpit-destination-content",
    "resourceName" : "ResilienceCockpit-destination",
    "serviceInstance" : {
      "isOptional" : false,
      "isManaged" : false,
      "name" : "ResilienceCockpit-destination",
      "credentials" : "********",
      "tags" : [ ],
      "shouldSkipParametersUpdate" : false,
      "shouldSkipPlanUpdate" : false,
      "shouldSkipTagsUpdate" : false,
      "shouldSkipSyslogUrlUpdate" : false
    },
    "shouldDeleteServiceKeyAfterDeploy" : "********",
    "resourceType" : "org.cloudfoundry.managed-service"
  } ]
}#
#2026 08 26 15:35:27.149#Z#DEBUG#c28227b5-a163-11f1-b062-eeee0a986ec4.OPERATION#flowable-async-job-executor-thread-2636#
[XS2BuildCloudDeployModelStep] Building cloud deployment model...#
#2026 08 26 15:35:27.150#Z#DEBUG#c28227b5-a163-11f1-b062-eeee0a986ec4.OPERATION#flowable-async-job-executor-thread-2636#
[XS2BuildCloudDeployModelStep] MTA archive modules: [ResilienceCockpit-srv, ResilienceCockpit-app-deployer, ResilienceCockpit-db-deployer]#
#2026 08 26 15:35:27.150#Z#DEBUG#c28227b5-a163-11f1-b062-eeee0a986ec4.OPERATION#flowable-async-job-executor-thread-2636#
[XS2BuildCloudDeployModelStep] Deployed modules: [ResilienceCockpit-db-deployer, ResilienceCockpit-srv]#
#2026 08 26 15:35:27.150#Z#DEBUG#c28227b5-a163-11f1-b062-eeee0a986ec4.OPERATION#flowable-async-job-executor-thread-2636#
[XS2BuildCloudDeployModelStep] MTA modules: [ResilienceCockpit-srv, ResilienceCockpit-app-deployer, ResilienceCockpit-destination-content, ResilienceCockpit-db-deployer]#
#2026 08 26 15:35:27.151#Z#DEBUG#c28227b5-a163-11f1-b062-eeee0a986ec4.OPERATION#flowable-async-job-executor-thread-2636#
[XS2BuildCloudDeployModelStep] Service keys to create: {
  "ResilienceCockpit-db" : [ ],
  "ResilienceCockpit-auth" : "********",
  "ResilienceCockpit-html5-repo-host" : [ ],
  "ResilienceCockpit-connectivity" : [ ],
  "ResilienceCockpit-destination" : [ ],
  "ResilienceCockpit-logging" : [ ]
}#
#2026 08 26 15:35:27.151#Z#DEBUG#c28227b5-a163-11f1-b062-eeee0a986ec4.OPERATION#flowable-async-job-executor-thread-2636#
[XS2BuildCloudDeployModelStep] Modules to deploy: [{
  "majorSchemaVersion" : 3,
  "name" : "ResilienceCockpit-srv",
  "type" : "javascript.nodejs",
  "path" : "ResilienceCockpit-srv",
  "properties" : { },
  "parameters" : {
    "default-url" : "https://94060551trial-dev-resiliencecockpit-srv.cfapps.us10-003.hana.ondemand.com",
    "default-app-name" : "ResilienceCockpit-srv",
    "generated-password" : "********",
    "default-live-url" : "https://94060551trial-dev-resiliencecockpit-srv.cfapps.us10-003.hana.ondemand.com",
    "default-uri" : "94060551trial-dev-resiliencecockpit-srv.cfapps.us10-003.hana.ondemand.com",
    "default-instances" : 1,
    "default-live-host" : "94060551trial-dev-resiliencecockpit-srv",
    "instances" : 1,
    "buildpack" : "nodejs_buildpack",
    "default-host" : "94060551trial-dev-resiliencecockpit-srv",
    "app-name" : "ResilienceCockpit-srv",
    "default-live-uri" : "94060551trial-dev-resiliencecockpit-srv.cfapps.us10-003.hana.ondemand.com",
    "protocol" : "https",
    "default-live-app-name" : "ResilienceCockpit-srv",
    "default-live-domain" : "cfapps.us10-003.hana.ondemand.com",
    "dependency-type" : "soft",
    "domain" : "cfapps.us10-003.hana.ondemand.com",
    "host" : "94060551trial-dev-resiliencecockpit-srv",
    "generated-user" : "********"
  },
  "requiredDependencies" : [ {
    "majorSchemaVersion" : 3,
    "name" : "********",
    "properties" : { },
    "parameters" : { },
    "propertiesMetadata" : {
      "metadata" : { }
    },
    "parametersMetadata" : {
      "metadata" : { }
    }
  }, {
    "majorSchemaVersion" : 3,
    "name" : "ResilienceCockpit-db",
    "properties" : { },
    "parameters" : { },
    "propertiesMetadata" : {
      "metadata" : { }
    },
    "parametersMetadata" : {
      "metadata" : { }
    }
  }, {
    "majorSchemaVersion" : 3,
    "name" : "ResilienceCockpit-connectivity",
    "properties" : { },
    "parameters" : { },
    "propertiesMetadata" : {
      "metadata" : { }
    },
    "parametersMetadata" : {
      "metadata" : { }
    }
  }, {
    "majorSchemaVersion" : 3,
    "name" : "ResilienceCockpit-destination",
    "properties" : { },
    "parameters" : { },
    "propertiesMetadata" : {
      "metadata" : { }
    },
    "parametersMetadata" : {
      "metadata" : { }
    }
  }, {
    "majorSchemaVersion" : 3,
    "name" : "ResilienceCockpit-logging",
    "properties" : { },
    "parameters" : { },
    "propertiesMetadata" : {
      "metadata" : { }
    },
    "parametersMetadata" : {
      "metadata" : { }
    }
  } ],
  "providedDependencies" : [ {
    "majorSchemaVersion" : 3,
    "name" : "srv-api",
    "isPublic" : false,
    "properties" : {
      "srv-url" : "https://94060551trial-dev-resiliencecockpit-srv.cfapps.us10-003.hana.ondemand.com"
    },
    "parameters" : { },
    "propertiesMetadata" : {
      "metadata" : { }
    },
    "parametersMetadata" : {
      "metadata" : { }
    }
  }, {
    "majorSchemaVersion" : 3,
    "name" : "ResilienceCockpit-srv",
    "isPublic" : false,
    "properties" : { },
    "parameters" : { },
    "propertiesMetadata" : {
      "metadata" : { }
    },
    "parametersMetadata" : {
      "metadata" : { }
    }
  } ],
  "propertiesMetadata" : {
    "metadata" : { }
  },
  "parametersMetadata" : {
    "metadata" : { }
  },
  "deployedAfter" : [ ],
  "hooks" : [ ]
}, {
  "majorSchemaVersion" : 3,
  "name" : "ResilienceCockpit-db-deployer",
  "type" : "com.sap.xs.hdi",
  "path" : "ResilienceCockpit-db-deployer",
  "properties" : {
    "EXIT" : 1
  },
  "parameters" : {
    "default-url" : "https://94060551trial-dev-resiliencecockpit-db-deployer.cfapps.us10-003.hana.ondemand.com",
    "default-app-name" : "ResilienceCockpit-db-deployer",
    "generated-password" : "********",
    "default-live-url" : "https://94060551trial-dev-resiliencecockpit-db-deployer.cfapps.us10-003.hana.ondemand.com",
    "default-uri" : "94060551trial-dev-resiliencecockpit-db-deployer.cfapps.us10-003.hana.ondemand.com",
    "memory" : "256M",
    "default-instances" : 1,
    "no-route" : true,
    "default-live-host" : "94060551trial-dev-resiliencecockpit-db-deployer",
    "instances" : 1,
    "buildpack" : "nodejs_buildpack",
    "default-host" : "94060551trial-dev-resiliencecockpit-db-deployer",
    "app-name" : "ResilienceCockpit-db-deployer",
    "default-live-uri" : "94060551trial-dev-resiliencecockpit-db-deployer.cfapps.us10-003.hana.ondemand.com",
    "protocol" : "https",
    "default-live-app-name" : "ResilienceCockpit-db-deployer",
    "default-live-domain" : "cfapps.us10-003.hana.ondemand.com",
    "dependency-type" : "hard",
    "domain" : "cfapps.us10-003.hana.ondemand.com",
    "host" : "94060551trial-dev-resiliencecockpit-db-deployer",
    "generated-user" : "********",
    "tasks" : [ {
      "command" : "npm start",
      "memory" : "256M",
      "name" : "deploy"
    } ],
    "no-start" : true
  },
  "requiredDependencies" : [ {
    "majorSchemaVersion" : 3,
    "name" : "ResilienceCockpit-db",
    "properties" : { },
    "parameters" : { },
    "propertiesMetadata" : {
      "metadata" : { }
    },
    "parametersMetadata" : {
      "metadata" : { }
    }
  } ],
  "providedDependencies" : [ {
    "majorSchemaVersion" : 3,
    "name" : "ResilienceCockpit-db-deployer",
    "isPublic" : false,
    "properties" : { },
    "parameters" : { },
    "propertiesMetadata" : {
      "metadata" : { }
    },
    "parametersMetadata" : {
      "metadata" : { }
    }
  } ],
  "propertiesMetadata" : {
    "metadata" : { }
  },
  "parametersMetadata" : {
    "metadata" : { }
  },
  "deployedAfter" : [ ],
  "hooks" : [ ]
}, {
  "majorSchemaVersion" : 3,
  "name" : "ResilienceCockpit-app-deployer",
  "type" : "com.sap.application.content",
  "path" : "ResilienceCockpit-app-deployer",
  "properties" : { },
  "parameters" : {
    "default-url" : "https://94060551trial-dev-resiliencecockpit-app-deployer.cfapps.us10-003.hana.ondemand.com",
    "default-app-name" : "ResilienceCockpit-app-deployer",
    "generated-password" : "********",
    "default-live-url" : "https://94060551trial-dev-resiliencecockpit-app-deployer.cfapps.us10-003.hana.ondemand.com",
    "default-uri" : "94060551trial-dev-resiliencecockpit-app-deployer.cfapps.us10-003.hana.ondemand.com",
    "default-instances" : 1,
    "default-live-host" : "94060551trial-dev-resiliencecockpit-app-deployer",
    "instances" : 1,
    "default-host" : "94060551trial-dev-resiliencecockpit-app-deployer",
    "app-name" : "ResilienceCockpit-app-deployer",
    "default-live-uri" : "94060551trial-dev-resiliencecockpit-app-deployer.cfapps.us10-003.hana.ondemand.com",
    "protocol" : "https",
    "default-live-app-name" : "ResilienceCockpit-app-deployer",
    "default-live-domain" : "cfapps.us10-003.hana.ondemand.com",
    "dependency-type" : "soft",
    "domain" : "cfapps.us10-003.hana.ondemand.com",
    "host" : "94060551trial-dev-resiliencecockpit-app-deployer",
    "generated-user" : "********"
  },
  "requiredDependencies" : [ {
    "majorSchemaVersion" : 3,
    "name" : "********",
    "properties" : { },
    "parameters" : { },
    "propertiesMetadata" : {
      "metadata" : { }
    },
    "parametersMetadata" : {
      "metadata" : { }
    }
  }, {
    "majorSchemaVersion" : 3,
    "name" : "srv-api",
    "properties" : { },
    "parameters" : { },
    "propertiesMetadata" : {
      "metadata" : { }
    },
    "parametersMetadata" : {
      "metadata" : { }
    }
  }, {
    "majorSchemaVersion" : 3,
    "name" : "ResilienceCockpit-html5-repo-host",
    "properties" : { },
    "parameters" : {
      "config" : {
        "HTML5Runtime_enabled" : false
      },
      "content-target" : true
    },
    "propertiesMetadata" : {
      "metadata" : { }
    },
    "parametersMetadata" : {
      "metadata" : { }
    }
  } ],
  "providedDependencies" : [ {
    "majorSchemaVersion" : 3,
    "name" : "ResilienceCockpit-app-deployer",
    "isPublic" : false,
    "properties" : { },
    "parameters" : { },
    "propertiesMetadata" : {
      "metadata" : { }
    },
    "parametersMetadata" : {
      "metadata" : { }
    }
  } ],
  "propertiesMetadata" : {
    "metadata" : { }
  },
  "parametersMetadata" : {
    "metadata" : { }
  },
  "deployedAfter" : [ ],
  "hooks" : [ ]
}, {
  "majorSchemaVersion" : 3,
  "name" : "ResilienceCockpit-destination-content",
  "type" : "com.sap.application.content",
  "properties" : { },
  "parameters" : {
    "default-url" : "https://94060551trial-dev-resiliencecockpit-destination-content.cfapps.us10-003.hana.ondemand.com",
    "default-app-name" : "ResilienceCockpit-destination-content",
    "generated-password" : "********",
    "default-live-url" : "https://94060551trial-dev-resiliencecockpit-destination-content.cfapps.us10-003.hana.ondemand.com",
    "default-uri" : "94060551trial-dev-resiliencecockpit-destination-content.cfapps.us10-003.hana.ondemand.com",
    "default-instances" : 1,
    "default-live-host" : "94060551trial-dev-resiliencecockpit-destination-content",
    "instances" : 1,
    "default-host" : "94060551trial-dev-resiliencecockpit-destination-content",
    "content" : {
      "instance" : {
        "destinations" : [ {
          "Authentication" : "********",
          "Name" : "srv-api",
          "TokenServiceInstanceName" : "********",
          "TokenServiceKeyName" : "********",
          "URL" : "https://94060551trial-dev-resiliencecockpit-srv.cfapps.us10-003.hana.ondemand.com"
        }, {
          "Name" : "ResilienceCockpit-html5-repo-host",
          "ServiceInstanceName" : "ResilienceCockpit-html5-repo-host",
          "ServiceKeyName" : "********",
          "sap.cloud.service" : "nexus"
        }, {
          "Authentication" : "********",
          "Name" : "********",
          "ServiceInstanceName" : "********",
          "ServiceKeyName" : "********"
        } ],
        "existing_destinations_policy" : "update"
      }
    },
    "app-name" : "ResilienceCockpit-destination-content",
    "default-live-uri" : "94060551trial-dev-resiliencecockpit-destination-content.cfapps.us10-003.hana.ondemand.com",
    "protocol" : "https",
    "default-live-app-name" : "ResilienceCockpit-destination-content",
    "default-live-domain" : "cfapps.us10-003.hana.ondemand.com",
    "dependency-type" : "soft",
    "domain" : "cfapps.us10-003.hana.ondemand.com",
    "host" : "94060551trial-dev-resiliencecockpit-destination-content",
    "generated-user" : "********"
  },
  "requiredDependencies" : [ {
    "majorSchemaVersion" : 3,
    "name" : "********",
    "properties" : { },
    "parameters" : {
      "service-key" : "********"
    },
    "propertiesMetadata" : {
      "metadata" : { }
    },
    "parametersMetadata" : {
      "metadata" : { }
    }
  }, {
    "majorSchemaVersion" : 3,
    "name" : "ResilienceCockpit-html5-repo-host",
    "properties" : { },
    "parameters" : {
      "service-key" : "********"
    },
    "propertiesMetadata" : {
      "metadata" : { }
    },
    "parametersMetadata" : {
      "metadata" : { }
    }
  }, {
    "majorSchemaVersion" : 3,
    "name" : "srv-api",
    "properties" : { },
    "parameters" : { },
    "propertiesMetadata" : {
      "metadata" : { }
    },
    "parametersMetadata" : {
      "metadata" : { }
    }
  }, {
    "majorSchemaVersion" : 3,
    "name" : "ResilienceCockpit-destination",
    "properties" : { },
    "parameters" : {
      "content-target" : true
    },
    "propertiesMetadata" : {
      "metadata" : { }
    },
    "parametersMetadata" : {
      "metadata" : { }
    }
  } ],
  "providedDependencies" : [ {
    "majorSchemaVersion" : 3,
    "name" : "ResilienceCockpit-destination-content",
    "isPublic" : false,
    "properties" : { },
    "parameters" : { },
    "propertiesMetadata" : {
      "metadata" : { }
    },
    "parametersMetadata" : {
      "metadata" : { }
    }
  } ],
  "propertiesMetadata" : {
    "metadata" : { }
  },
  "parametersMetadata" : {
    "metadata" : { }
  },
  "deployedAfter" : [ ],
  "hooks" : [ ]
}]#
#2026 08 26 15:35:27.152#Z#DEBUG#c28227b5-a163-11f1-b062-eeee0a986ec4.OPERATION#flowable-async-job-executor-thread-2636#
[XS2BuildCloudDeployModelStep] Custom domains: []#
#2026 08 26 15:35:27.154#Z#DEBUG#c28227b5-a163-11f1-b062-eeee0a986ec4.OPERATION#flowable-async-job-executor-thread-2636#
[XS2BuildCloudDeployModelStep] Calculating resource batches...#
#2026 08 26 15:35:27.154#Z#DEBUG#c28227b5-a163-11f1-b062-eeee0a986ec4.OPERATION#flowable-async-job-executor-thread-2636#
[XS2BuildCloudDeployModelStep] Calculating resource batches completed.#
#2026 08 26 15:35:27.154#Z#DEBUG#c28227b5-a163-11f1-b062-eeee0a986ec4.OPERATION#flowable-async-job-executor-thread-2636#
[XS2BuildCloudDeployModelStep] Cloud deployment model built#
#2026 08 26 15:35:27.154#Z#DEBUG#c28227b5-a163-11f1-b062-eeee0a986ec4.OPERATION#flowable-async-job-executor-thread-2636#
Step "Build Deploy Model" finished#
#2026 08 26 15:35:27.175#Z#DEBUG#c28227b5-a163-11f1-b062-eeee0a986ec4.OPERATION#flowable-async-job-executor-thread-2636#
[BuildCloudUndeployModelStep] Executing task "buildUndeployModelTask" of process "c28227db-a163-11f1-b062-eeee0a986ec4"...#
#2026 08 26 15:35:27.175#Z#DEBUG#c28227b5-a163-11f1-b062-eeee0a986ec4.OPERATION#flowable-async-job-executor-thread-2636#
[BuildCloudUndeployModelStep] Building cloud undeployment model...#
#2026 08 26 15:35:27.176#Z#DEBUG#c28227b5-a163-11f1-b062-eeee0a986ec4.OPERATION#flowable-async-job-executor-thread-2636#
[BuildCloudUndeployModelStep] Detecting service keys to delete.#
#2026 08 26 15:35:27.177#Z#DEBUG#c28227b5-a163-11f1-b062-eeee0a986ec4.OPERATION#flowable-async-job-executor-thread-2636#
[BuildCloudUndeployModelStep] Detected deployed service keys by service "{ResilienceCockpit-auth=[DeployedMtaServiceKey{name=ResilienceCockpit-app-deployer-ResilienceCockpit-auth-credentials, metadata=CloudMetadata{guid=5d6a90ac-d2af-4efb-9c74-52d5e2c186dd, createdAt=2026-08-25T08:30:22, updatedAt=2026-08-25T08:30:23, url=null}, v3Metadata=Metadata{annotations={mta_id=ResilienceCockpit, mta_version=1.0.0}, labels={mta_id=12714f170fc41ee91010bfb8bfd6b5c9, space_guid=039a1fe6-69a4-4c1e-9b8f-a64d47329d3e}}, credentials=null, serviceInstance=CloudServiceInstance{name=ResilienceCockpit-auth, metadata=CloudMetadata{guid=a4201f74-f0ad-456c-947a-8ce52d2ae7ca, createdAt=2026-08-25T08:30:02, updatedAt=2026-08-25T08:30:03, url=null}, v3Metadata=Metadata{annotations={mta_id=ResilienceCockpit, mta_version=1.0.0, mta_resource={"name":"ResilienceCockpit-auth"}}, labels={mta_id=12714f170fc41ee91010bfb8bfd6b5c9}}, label=null, plan=null, provider=null, broker=null, version=null, credentials={}, syslogDrainUrl=null, tags=[], type=managed, lastOperation=null}, serviceKeyOperation=null, resourceName=null}, DeployedMtaServiceKey{name=ResilienceCockpit-auth-key, metadata=CloudMetadata{guid=a740b217-4eaa-4fba-94d5-6b134f537e01, createdAt=2026-08-25T08:30:23, updatedAt=2026-08-25T08:30:23, url=null}, v3Metadata=Metadata{annotations={mta_id=ResilienceCockpit, mta_version=1.0.0}, labels={mta_id=12714f170fc41ee91010bfb8bfd6b5c9, space_guid=039a1fe6-69a4-4c1e-9b8f-a64d47329d3e}}, credentials=null, serviceInstance=CloudServiceInstance{name=ResilienceCockpit-auth, metadata=CloudMetadata{guid=a4201f74-f0ad-456c-947a-8ce52d2ae7ca, createdAt=2026-08-25T08:30:02, updatedAt=2026-08-25T08:30:03, url=null}, v3Metadata=Metadata{annotations={mta_id=ResilienceCockpit, mta_version=1.0.0, mta_resource={"name":"ResilienceCockpit-auth"}}, labels={mta_id=12714f170fc41ee91010bfb8bfd6b5c9}}, label=null, plan=null, provider=null, broker=null, version=null, credentials={}, syslogDrainUrl=null, tags=[], type=managed, lastOperation=null}, serviceKeyOperation=null, resourceName=null}], ResilienceCockpit-html5-repo-host=[DeployedMtaServiceKey{name=ResilienceCockpit-app-deployer-ResilienceCockpit-html5-repo-host-credentials, metadata=CloudMetadata{guid=de7350a4-f280-459d-afc2-ad86ef46b093, createdAt=2026-08-25T08:30:22, updatedAt=2026-08-25T08:30:23, url=null}, v3Metadata=Metadata{annotations={mta_id=ResilienceCockpit, mta_version=1.0.0}, labels={mta_id=12714f170fc41ee91010bfb8bfd6b5c9, space_guid=039a1fe6-69a4-4c1e-9b8f-a64d47329d3e}}, credentials=null, serviceInstance=CloudServiceInstance{name=ResilienceCockpit-html5-repo-host, metadata=CloudMetadata{guid=fd6aaf90-4cca-4826-9764-60a919421480, createdAt=2026-08-25T08:30:06, updatedAt=2026-08-25T08:30:07, url=null}, v3Metadata=Metadata{annotations={mta_id=ResilienceCockpit, mta_version=1.0.0, mta_resource={"name":"ResilienceCockpit-html5-repo-host"}}, labels={mta_id=12714f170fc41ee91010bfb8bfd6b5c9}}, label=null, plan=null, provider=null, broker=null, version=null, credentials={}, syslogDrainUrl=null, tags=[], type=managed, lastOperation=null}, serviceKeyOperation=null, resourceName=null}, DeployedMtaServiceKey{name=ResilienceCockpit-html5-repo-host-key, metadata=CloudMetadata{guid=67b06842-65c2-44d3-9ce0-5b5dfc51df85, createdAt=2026-08-25T08:30:23, updatedAt=2026-08-25T08:30:24, url=null}, v3Metadata=Metadata{annotations={mta_id=ResilienceCockpit, mta_version=1.0.0}, labels={mta_id=12714f170fc41ee91010bfb8bfd6b5c9, space_guid=039a1fe6-69a4-4c1e-9b8f-a64d47329d3e}}, credentials=null, serviceInstance=CloudServiceInstance{name=ResilienceCockpit-html5-repo-host, metadata=CloudMetadata{guid=fd6aaf90-4cca-4826-9764-60a919421480, createdAt=2026-08-25T08:30:06, updatedAt=2026-08-25T08:30:07, url=null}, v3Metadata=Metadata{annotations={mta_id=ResilienceCockpit, mta_version=1.0.0, mta_resource={"name":"ResilienceCockpit-html5-repo-host"}}, labels={mta_id=12714f170fc41ee91010bfb8bfd6b5c9}}, label=null, plan=null, provider=null, broker=null, version=null, credentials={}, syslogDrainUrl=null, tags=[], type=managed, lastOperation=null}, serviceKeyOperation=null, resourceName=null}], ResilienceCockpit-destination=[DeployedMtaServiceKey{name=ResilienceCockpit-destination-content-ResilienceCockpit-destination-credentials, metadata=CloudMetadata{guid=7ddd25ac-6128-41d8-b339-11a4a5e9f307, createdAt=2026-08-25T11:44:32, updatedAt=2026-08-25T11:44:34, url=null}, v3Metadata=Metadata{annotations={mta_id=ResilienceCockpit, mta_version=1.0.0}, labels={mta_id=12714f170fc41ee91010bfb8bfd6b5c9, space_guid=039a1fe6-69a4-4c1e-9b8f-a64d47329d3e}}, credentials=null, serviceInstance=CloudServiceInstance{name=ResilienceCockpit-destination, metadata=CloudMetadata{guid=b320a563-1340-4020-8574-566b1e2175a9, createdAt=2026-08-25T11:44:14, updatedAt=2026-08-25T11:44:19, url=null}, v3Metadata=Metadata{annotations={mta_id=ResilienceCockpit, mta_version=1.0.0, mta_resource={"name":"ResilienceCockpit-destination"}}, labels={mta_id=12714f170fc41ee91010bfb8bfd6b5c9}}, label=null, plan=null, provider=null, broker=null, version=null, credentials={}, syslogDrainUrl=null, tags=[], type=managed, lastOperation=null}, serviceKeyOperation=null, resourceName=null}]}"#
#2026 08 26 15:35:27.179#Z#DEBUG#c28227b5-a163-11f1-b062-eeee0a986ec4.OPERATION#flowable-async-job-executor-thread-2636#
[BuildCloudUndeployModelStep] New service keys by service "{ResilienceCockpit-auth=[ResilienceCockpit-app-deployer-ResilienceCockpit-auth-credentials, ResilienceCockpit-auth-key], ResilienceCockpit-html5-repo-host=[ResilienceCockpit-app-deployer-ResilienceCockpit-html5-repo-host-credentials, ResilienceCockpit-html5-repo-host-key], ResilienceCockpit-destination=[ResilienceCockpit-destination-content-ResilienceCockpit-destination-credentials]}"#
#2026 08 26 15:35:27.179#Z#DEBUG#c28227b5-a163-11f1-b062-eeee0a986ec4.OPERATION#flowable-async-job-executor-thread-2636#
[BuildCloudUndeployModelStep] Existing service keys by service "{}"#
#2026 08 26 15:35:27.179#Z#DEBUG#c28227b5-a163-11f1-b062-eeee0a986ec4.OPERATION#flowable-async-job-executor-thread-2636#
[BuildCloudUndeployModelStep] Detected service keys to delete "[]"#
#2026 08 26 15:35:27.181#Z#DEBUG#c28227b5-a163-11f1-b062-eeee0a986ec4.OPERATION#flowable-async-job-executor-thread-2636#
[BuildCloudUndeployModelStep] MTA modules: [ResilienceCockpit-srv, ResilienceCockpit-app-deployer, ResilienceCockpit-destination-content, ResilienceCockpit-db-deployer]#
#2026 08 26 15:35:27.181#Z#DEBUG#c28227b5-a163-11f1-b062-eeee0a986ec4.OPERATION#flowable-async-job-executor-thread-2636#
[BuildCloudUndeployModelStep] Modules to undeploy: [ ]#
#2026 08 26 15:35:27.181#Z#DEBUG#c28227b5-a163-11f1-b062-eeee0a986ec4.OPERATION#flowable-async-job-executor-thread-2636#
[BuildCloudUndeployModelStep] Modules that won't be changed: [ ]#
#2026 08 26 15:35:27.182#Z#DEBUG#c28227b5-a163-11f1-b062-eeee0a986ec4.OPERATION#flowable-async-job-executor-thread-2636#
[BuildCloudUndeployModelStep] Subscriptions to delete: [ ]#
#2026 08 26 15:35:27.183#Z#DEBUG#c28227b5-a163-11f1-b062-eeee0a986ec4.OPERATION#flowable-async-job-executor-thread-2636#
[BuildCloudUndeployModelStep] Cloud services to delete: []#
#2026 08 26 15:35:27.183#Z#DEBUG#c28227b5-a163-11f1-b062-eeee0a986ec4.OPERATION#flowable-async-job-executor-thread-2636#
[BuildCloudUndeployModelStep] Cloud applications to undeploy: [ ]#
#2026 08 26 15:35:27.185#Z#DEBUG#c28227b5-a163-11f1-b062-eeee0a986ec4.OPERATION#flowable-async-job-executor-thread-2636#
[BuildCloudUndeployModelStep] Cloud undeployment model built#
#2026 08 26 15:35:27.185#Z#DEBUG#c28227b5-a163-11f1-b062-eeee0a986ec4.OPERATION#flowable-async-job-executor-thread-2636#
Step "Build Undeploy Model" finished#
#2026 08 26 15:35:27.203#Z#DEBUG#c28227b5-a163-11f1-b062-eeee0a986ec4.OPERATION#flowable-async-job-executor-thread-2636#
[AddDomainsStep] Executing task "addDomainsTask" of process "c28227db-a163-11f1-b062-eeee0a986ec4"...#
#2026 08 26 15:35:27.204#Z#DEBUG#c28227b5-a163-11f1-b062-eeee0a986ec4.OPERATION#flowable-async-job-executor-thread-2636#
[AddDomainsStep] Custom domains: []#
#2026 08 26 15:35:27.204#Z#DEBUG#c28227b5-a163-11f1-b062-eeee0a986ec4.OPERATION#flowable-async-job-executor-thread-2636#
Step "Add Domains" finished#
#2026 08 26 15:35:27.272#Z#DEBUG#c28227b5-a163-11f1-b062-eeee0a986ec4.OPERATION#flowable-async-job-executor-thread-2633#
[ExtractBatchedServicesWithResolvedDynamicParametersStep] Executing task "prepareModulesDeploymentTask" of process "c31ae57b-a163-11f1-b062-eeee0a986ec4"...#
#2026 08 26 15:35:27.273#Z#DEBUG#c28227b5-a163-11f1-b062-eeee0a986ec4.OPERATION#flowable-async-job-executor-thread-2633#
[ExtractBatchedServicesWithResolvedDynamicParametersStep] Extracting services and resolving dynamic parameters from batch#
#2026 08 26 15:35:27.274#Z#DEBUG#c28227b5-a163-11f1-b062-eeee0a986ec4.OPERATION#flowable-async-job-executor-thread-2633#
[ExtractBatchedServicesWithResolvedDynamicParametersStep] Services to create: [ {
  "isOptional" : false,
  "isManaged" : true,
  "name" : "********",
  "v3Metadata" : {
    "annotations" : {
      "mta_id" : "ResilienceCockpit",
      "mta_version" : "1.0.0",
      "mta_resource" : "********"
    },
    "labels" : {
      "mta_id" : "12714f170fc41ee91010bfb8bfd6b5c9"
    }
  },
  "label" : "xsuaa",
  "plan" : "application",
  "credentials" : "********",
  "tags" : [ ],
  "type" : "managed",
  "resourceName" : "********",
  "shouldSkipParametersUpdate" : false,
  "shouldSkipPlanUpdate" : false,
  "shouldSkipTagsUpdate" : false,
  "shouldSkipSyslogUrlUpdate" : false
}, {
  "isOptional" : false,
  "isManaged" : true,
  "name" : "ResilienceCockpit-db",
  "v3Metadata" : {
    "annotations" : {
      "mta_id" : "ResilienceCockpit",
      "mta_version" : "1.0.0",
      "mta_resource" : "{\"name\":\"ResilienceCockpit-db\"}"
    },
    "labels" : {
      "mta_id" : "12714f170fc41ee91010bfb8bfd6b5c9"
    }
  },
  "label" : "hana",
  "plan" : "hdi-shared",
  "credentials" : "********",
  "tags" : [ ],
  "type" : "managed",
  "resourceName" : "ResilienceCockpit-db",
  "shouldSkipParametersUpdate" : false,
  "shouldSkipPlanUpdate" : false,
  "shouldSkipTagsUpdate" : false,
  "shouldSkipSyslogUrlUpdate" : false
}, {
  "isOptional" : false,
  "isManaged" : true,
  "name" : "ResilienceCockpit-connectivity",
  "v3Metadata" : {
    "annotations" : {
      "mta_id" : "ResilienceCockpit",
      "mta_version" : "1.0.0",
      "mta_resource" : "{\"name\":\"ResilienceCockpit-connectivity\"}"
    },
    "labels" : {
      "mta_id" : "12714f170fc41ee91010bfb8bfd6b5c9"
    }
  },
  "label" : "connectivity",
  "plan" : "lite",
  "credentials" : "********",
  "tags" : [ ],
  "type" : "managed",
  "resourceName" : "ResilienceCockpit-connectivity",
  "shouldSkipParametersUpdate" : false,
  "shouldSkipPlanUpdate" : false,
  "shouldSkipTagsUpdate" : false,
  "shouldSkipSyslogUrlUpdate" : false
}, {
  "isOptional" : false,
  "isManaged" : true,
  "name" : "ResilienceCockpit-destination",
  "v3Metadata" : {
    "annotations" : {
      "mta_id" : "ResilienceCockpit",
      "mta_version" : "1.0.0",
      "mta_resource" : "{\"name\":\"ResilienceCockpit-destination\"}"
    },
    "labels" : {
      "mta_id" : "12714f170fc41ee91010bfb8bfd6b5c9"
    }
  },
  "label" : "destination",
  "plan" : "lite",
  "credentials" : "********",
  "tags" : [ ],
  "type" : "managed",
  "resourceName" : "ResilienceCockpit-destination",
  "shouldSkipParametersUpdate" : false,
  "shouldSkipPlanUpdate" : false,
  "shouldSkipTagsUpdate" : false,
  "shouldSkipSyslogUrlUpdate" : false
}, {
  "isOptional" : false,
  "isManaged" : true,
  "name" : "ResilienceCockpit-html5-repo-host",
  "v3Metadata" : {
    "annotations" : {
      "mta_id" : "ResilienceCockpit",
      "mta_version" : "1.0.0",
      "mta_resource" : "{\"name\":\"ResilienceCockpit-html5-repo-host\"}"
    },
    "labels" : {
      "mta_id" : "12714f170fc41ee91010bfb8bfd6b5c9"
    }
  },
  "label" : "html5-apps-repo",
  "plan" : "app-host",
  "credentials" : "********",
  "tags" : [ ],
  "type" : "managed",
  "resourceName" : "ResilienceCockpit-html5-repo-host",
  "shouldSkipParametersUpdate" : false,
  "shouldSkipPlanUpdate" : false,
  "shouldSkipTagsUpdate" : false,
  "shouldSkipSyslogUrlUpdate" : false
}, {
  "isOptional" : false,
  "isManaged" : true,
  "name" : "ResilienceCockpit-logging",
  "v3Metadata" : {
    "annotations" : {
      "mta_id" : "ResilienceCockpit",
      "mta_version" : "1.0.0",
      "mta_resource" : "{\"name\":\"ResilienceCockpit-logging\"}"
    },
    "labels" : {
      "mta_id" : "12714f170fc41ee91010bfb8bfd6b5c9"
    }
  },
  "label" : "application-logs",
  "plan" : "lite",
  "credentials" : "********",
  "tags" : [ ],
  "type" : "managed",
  "resourceName" : "ResilienceCockpit-logging",
  "shouldSkipParametersUpdate" : false,
  "shouldSkipPlanUpdate" : false,
  "shouldSkipTagsUpdate" : false,
  "shouldSkipSyslogUrlUpdate" : false
} ]#
#2026 08 26 15:35:27.274#Z#DEBUG#c28227b5-a163-11f1-b062-eeee0a986ec4.OPERATION#flowable-async-job-executor-thread-2633#
Step "Extract Services with Resolved Dynamic parameters from batch" finished#
#2026 08 26 15:35:27.334#Z#DEBUG#c28227b5-a163-11f1-b062-eeee0a986ec4.OPERATION#flowable-async-job-executor-thread-2633#
[CheckServiceOperationStateStep] Executing task "CheckServiceOperationStateTask" of process "c3267e8d-a163-11f1-b062-eeee0a986ec4"...#
#2026 08 26 15:35:27.334#Z#DEBUG#c28227b5-a163-11f1-b062-eeee0a986ec4.OPERATION#flowable-async-job-executor-thread-2633#
[CheckServiceOperationStateStep] Getting service instance "ResilienceCockpit-auth"...#
#2026 08 26 15:35:27.423#Z#DEBUG#c28227b5-a163-11f1-b062-eeee0a986ec4.OPERATION#flowable-async-job-executor-thread-2633#
Step "Check for service operations in Progress" finished#
#2026 08 26 15:35:27.439#Z#DEBUG#c28227b5-a163-11f1-b062-eeee0a986ec4.OPERATION#flowable-async-job-executor-thread-2632#
[DetermineServiceCreateUpdateServiceActionsStep] Executing task "DetermineServiceCreateUpdateActionsTask" of process "c3267e8d-a163-11f1-b062-eeee0a986ec4"...#
#2026 08 26 15:35:27.441#Z#INFO#c28227b5-a163-11f1-b062-eeee0a986ec4.OPERATION#flowable-async-job-executor-thread-2632#
[DetermineServiceCreateUpdateServiceActionsStep] Processing service "ResilienceCockpit-auth"...#
#2026 08 26 15:35:27.443#Z#DEBUG#c28227b5-a163-11f1-b062-eeee0a986ec4.OPERATION#flowable-async-job-executor-thread-2632#
[DetermineServiceCreateUpdateServiceActionsStep] Getting service instance "ResilienceCockpit-auth"...#
#2026 08 26 15:35:27.529#Z#INFO#c28227b5-a163-11f1-b062-eeee0a986ec4.OPERATION#flowable-async-job-executor-thread-2632#
[DetermineServiceCreateUpdateServiceActionsStep] Setting service "ResilienceCockpit-auth" parameters from "xs-security.json"#
#2026 08 26 15:35:27.567#Z#DEBUG#c28227b5-a163-11f1-b062-eeee0a986ec4.OPERATION#flowable-async-job-executor-thread-2632#
[DetermineServiceCreateUpdateServiceActionsStep] Existing service: {
  "name" : "********",
  "metadata" : {
    "guid" : "a4201f74-f0ad-456c-947a-8ce52d2ae7ca",
    "createdAt" : [ 2026, 8, 25, 8, 30, 2 ],
    "updatedAt" : [ 2026, 8, 25, 8, 30, 3 ]
  },
  "v3Metadata" : {
    "annotations" : {
      "mta_id" : "ResilienceCockpit",
      "mta_version" : "1.0.0",
      "mta_resource" : "********"
    },
    "labels" : {
      "mta_id" : "12714f170fc41ee91010bfb8bfd6b5c9"
    }
  },
  "label" : "xsuaa",
  "plan" : "application",
  "credentials" : "********",
  "tags" : [ ],
  "type" : "managed",
  "lastOperation" : {
    "type" : "UPDATE",
    "description" : "",
    "state" : "SUCCEEDED"
  }
}#
#2026 08 26 15:35:27.567#Z#DEBUG#c28227b5-a163-11f1-b062-eeee0a986ec4.OPERATION#flowable-async-job-executor-thread-2632#
[DetermineServiceCreateUpdateServiceActionsStep] Service parameters will be updated#
#2026 08 26 15:35:27.567#Z#DEBUG#c28227b5-a163-11f1-b062-eeee0a986ec4.OPERATION#flowable-async-job-executor-thread-2632#
[DetermineServiceCreateUpdateServiceActionsStep] New parameters: {
  "attributes" : [ ],
  "oauth2-configuration" : "********",
  "role-templates" : [ {
    "name" : "NX-SC-ANL",
    "description" : "generated",
    "scope-references" : [ "$XSAPPNAME.NX-SC-ANL", "********" ],
    "attribute-references" : [ ]
  }, {
    "name" : "NX-PR-ANL",
    "description" : "generated",
    "scope-references" : [ "$XSAPPNAME.NX-PR-ANL", "********" ],
    "attribute-references" : [ ]
  }, {
    "name" : "NX-SC-MGR",
    "description" : "generated",
    "scope-references" : [ "$XSAPPNAME.NX-SC-MGR", "********" ],
    "attribute-references" : [ ]
  } ],
  "scopes" : [ {
    "name" : "********",
    "description" : "********"
  }, {
    "name" : "$XSAPPNAME.NX-SC-ANL",
    "description" : "NX-SC-ANL"
  }, {
    "name" : "$XSAPPNAME.NX-PR-ANL",
    "description" : "NX-PR-ANL"
  }, {
    "name" : "$XSAPPNAME.NX-SC-MGR",
    "description" : "NX-SC-MGR"
  } ],
  "tenant-mode" : "dedicated",
  "xsappname" : "ResilienceCockpit-94060551trial-dev"
}#
#2026 08 26 15:35:27.567#Z#DEBUG#c28227b5-a163-11f1-b062-eeee0a986ec4.OPERATION#flowable-async-job-executor-thread-2632#
Step "Determine update actions" finished#
#2026 08 26 15:35:27.594#Z#DEBUG#c28227b5-a163-11f1-b062-eeee0a986ec4.OPERATION#flowable-async-job-executor-thread-2629#
[CheckForServiceBindingOrKeyOperationStep] Executing task "CheckForServiceBindingOrKeyCreation" of process "c3267e8d-a163-11f1-b062-eeee0a986ec4"...#
#2026 08 26 15:35:27.595#Z#DEBUG#c28227b5-a163-11f1-b062-eeee0a986ec4.OPERATION#flowable-async-job-executor-thread-2629#
Step "Check for service binding or key creation" finished#
#2026 08 26 15:35:27.622#Z#DEBUG#c28227b5-a163-11f1-b062-eeee0a986ec4.OPERATION#flowable-async-job-executor-thread-2629#
[UpdateServiceParametersStep] Executing task "UpdateServiceParametersTask" of process "c3267e8d-a163-11f1-b062-eeee0a986ec4"...#
#2026 08 26 15:35:27.623#Z#INFO#c28227b5-a163-11f1-b062-eeee0a986ec4.OPERATION#flowable-async-job-executor-thread-2629#
[UpdateServiceParametersStep] Updating service "ResilienceCockpit-auth"...#
#2026 08 26 15:35:27.626#Z#DEBUG#c28227b5-a163-11f1-b062-eeee0a986ec4.OPERATION#flowable-async-job-executor-thread-2629#
[UpdateServiceParametersStep] Updating service parameters for service "ResilienceCockpit-auth"...#
#2026 08 26 15:35:27.712#Z#DEBUG#c28227b5-a163-11f1-b062-eeee0a986ec4.OPERATION#flowable-async-job-executor-thread-2629#
[UpdateServiceParametersStep] Service "ResilienceCockpit-auth" updated#
#2026 08 26 15:35:27.712#Z#DEBUG#c28227b5-a163-11f1-b062-eeee0a986ec4.OPERATION#flowable-async-job-executor-thread-2629#
[UpdateServiceParametersStep] Triggered service operations: {
  "ResilienceCockpit-auth" : "UPDATE"
}#
#2026 08 26 15:35:27.713#Z#DEBUG#c28227b5-a163-11f1-b062-eeee0a986ec4.OPERATION#flowable-async-job-executor-thread-2629#
Step "Update parameters" finished#
#2026 08 26 15:35:28.541#Z#DEBUG#c28227b5-a163-11f1-b062-eeee0a986ec4.OPERATION#flowable-async-job-executor-thread-2634#
[CheckServiceOperationStateStep] Executing task "CheckServiceOperationStateTask" of process "c3dde806-a163-11f1-b062-eeee0a986ec4"...#
#2026 08 26 15:35:28.542#Z#DEBUG#c28227b5-a163-11f1-b062-eeee0a986ec4.OPERATION#flowable-async-job-executor-thread-2634#
[CheckServiceOperationStateStep] Getting service instance "ResilienceCockpit-destination"...#
#2026 08 26 15:35:28.578#Z#DEBUG#c28227b5-a163-11f1-b062-eeee0a986ec4.OPERATION#flowable-async-job-executor-thread-2636#
[CheckServiceOperationStateStep] Executing task "CheckServiceOperationStateTask" of process "c3e33e65-a163-11f1-b062-eeee0a986ec4"...#
#2026 08 26 15:35:28.578#Z#DEBUG#c28227b5-a163-11f1-b062-eeee0a986ec4.OPERATION#flowable-async-job-executor-thread-2636#
[CheckServiceOperationStateStep] Getting service instance "ResilienceCockpit-html5-repo-host"...#
#2026 08 26 15:35:28.613#Z#DEBUG#c28227b5-a163-11f1-b062-eeee0a986ec4.OPERATION#flowable-async-job-executor-thread-2630#
[CheckServiceOperationStateStep] Executing task "CheckServiceOperationStateTask" of process "c3e8e3e4-a163-11f1-b062-eeee0a986ec4"...#
#2026 08 26 15:35:28.613#Z#DEBUG#c28227b5-a163-11f1-b062-eeee0a986ec4.OPERATION#flowable-async-job-executor-thread-2630#
[CheckServiceOperationStateStep] Getting service instance "ResilienceCockpit-db"...#
#2026 08 26 15:35:28.624#Z#DEBUG#c28227b5-a163-11f1-b062-eeee0a986ec4.OPERATION#flowable-async-job-executor-thread-2634#
Step "Check for service operations in Progress" finished#
#2026 08 26 15:35:28.667#Z#DEBUG#c28227b5-a163-11f1-b062-eeee0a986ec4.OPERATION#flowable-async-job-executor-thread-2636#
Step "Check for service operations in Progress" finished#
#2026 08 26 15:35:28.694#Z#DEBUG#c28227b5-a163-11f1-b062-eeee0a986ec4.OPERATION#flowable-async-job-executor-thread-2630#
Step "Check for service operations in Progress" finished#
#2026 08 26 15:35:28.640#Z#DEBUG#c28227b5-a163-11f1-b062-eeee0a986ec4.OPERATION#flowable-async-job-executor-thread-2634#
[DetermineServiceCreateUpdateServiceActionsStep] Executing task "DetermineServiceCreateUpdateActionsTask" of process "c3dde806-a163-11f1-b062-eeee0a986ec4"...#
#2026 08 26 15:35:28.641#Z#INFO#c28227b5-a163-11f1-b062-eeee0a986ec4.OPERATION#flowable-async-job-executor-thread-2634#
[DetermineServiceCreateUpdateServiceActionsStep] Processing service "ResilienceCockpit-destination"...#
#2026 08 26 15:35:28.646#Z#DEBUG#c28227b5-a163-11f1-b062-eeee0a986ec4.OPERATION#flowable-async-job-executor-thread-2634#
[DetermineServiceCreateUpdateServiceActionsStep] Getting service instance "ResilienceCockpit-destination"...#
#2026 08 26 15:35:28.684#Z#DEBUG#c28227b5-a163-11f1-b062-eeee0a986ec4.OPERATION#flowable-async-job-executor-thread-2636#
[DetermineServiceCreateUpdateServiceActionsStep] Executing task "DetermineServiceCreateUpdateActionsTask" of process "c3e33e65-a163-11f1-b062-eeee0a986ec4"...#
#2026 08 26 15:35:28.685#Z#INFO#c28227b5-a163-11f1-b062-eeee0a986ec4.OPERATION#flowable-async-job-executor-thread-2636#
[DetermineServiceCreateUpdateServiceActionsStep] Processing service "ResilienceCockpit-html5-repo-host"...#
#2026 08 26 15:35:28.688#Z#DEBUG#c28227b5-a163-11f1-b062-eeee0a986ec4.OPERATION#flowable-async-job-executor-thread-2636#
[DetermineServiceCreateUpdateServiceActionsStep] Getting service instance "ResilienceCockpit-html5-repo-host"...#
#2026 08 26 15:35:28.712#Z#DEBUG#c28227b5-a163-11f1-b062-eeee0a986ec4.OPERATION#flowable-async-job-executor-thread-2630#
[DetermineServiceCreateUpdateServiceActionsStep] Executing task "DetermineServiceCreateUpdateActionsTask" of process "c3e8e3e4-a163-11f1-b062-eeee0a986ec4"...#
#2026 08 26 15:35:28.712#Z#INFO#c28227b5-a163-11f1-b062-eeee0a986ec4.OPERATION#flowable-async-job-executor-thread-2630#
[DetermineServiceCreateUpdateServiceActionsStep] Processing service "ResilienceCockpit-db"...#
#2026 08 26 15:35:28.715#Z#DEBUG#c28227b5-a163-11f1-b062-eeee0a986ec4.OPERATION#flowable-async-job-executor-thread-2630#
[DetermineServiceCreateUpdateServiceActionsStep] Getting service instance "ResilienceCockpit-db"...#
#2026 08 26 15:35:28.726#Z#DEBUG#c28227b5-a163-11f1-b062-eeee0a986ec4.OPERATION#flowable-async-job-executor-thread-2634#
[DetermineServiceCreateUpdateServiceActionsStep] Existing service: {
  "name" : "ResilienceCockpit-destination",
  "metadata" : {
    "guid" : "b320a563-1340-4020-8574-566b1e2175a9",
    "createdAt" : [ 2026, 8, 25, 11, 44, 14 ],
    "updatedAt" : [ 2026, 8, 25, 11, 44, 19 ]
  },
  "v3Metadata" : {
    "annotations" : {
      "mta_id" : "ResilienceCockpit",
      "mta_version" : "1.0.0",
      "mta_resource" : "{\"name\":\"ResilienceCockpit-destination\"}"
    },
    "labels" : {
      "mta_id" : "12714f170fc41ee91010bfb8bfd6b5c9"
    }
  },
  "label" : "destination",
  "plan" : "lite",
  "credentials" : "********",
  "tags" : [ ],
  "type" : "managed",
  "lastOperation" : {
    "type" : "UPDATE",
    "description" : "",
    "state" : "SUCCEEDED"
  }
}#
#2026 08 26 15:35:28.726#Z#DEBUG#c28227b5-a163-11f1-b062-eeee0a986ec4.OPERATION#flowable-async-job-executor-thread-2634#
[DetermineServiceCreateUpdateServiceActionsStep] Service parameters will be updated#
#2026 08 26 15:35:28.726#Z#DEBUG#c28227b5-a163-11f1-b062-eeee0a986ec4.OPERATION#flowable-async-job-executor-thread-2634#
[DetermineServiceCreateUpdateServiceActionsStep] New parameters: {
  "HTML5Runtime_enabled" : true,
  "init_data" : {
    "instance" : {
      "destinations" : [ {
        "Authentication" : "********",
        "Name" : "ui5",
        "ProxyType" : "Internet",
        "Type" : "HTTP",
        "URL" : "https://ui5.sap.com"
      }, {
        "Authentication" : "********",
        "HTML5.DynamicDestination" : true,
        "HTML5.ForwardAuthToken" : "********",
        "Name" : "srv-api",
        "ProxyType" : "Internet",
        "Type" : "HTTP",
        "URL" : "https://94060551trial-dev-resiliencecockpit-srv.cfapps.us10-003.hana.ondemand.com"
      } ],
      "existing_destinations_policy" : "update"
    }
  }
}#
#2026 08 26 15:35:28.727#Z#DEBUG#c28227b5-a163-11f1-b062-eeee0a986ec4.OPERATION#flowable-async-job-executor-thread-2634#
Step "Determine update actions" finished#
#2026 08 26 15:35:28.748#Z#DEBUG#c28227b5-a163-11f1-b062-eeee0a986ec4.OPERATION#flowable-async-job-executor-thread-2634#
[CheckForServiceBindingOrKeyOperationStep] Executing task "CheckForServiceBindingOrKeyCreation" of process "c3dde806-a163-11f1-b062-eeee0a986ec4"...#
#2026 08 26 15:35:28.748#Z#DEBUG#c28227b5-a163-11f1-b062-eeee0a986ec4.OPERATION#flowable-async-job-executor-thread-2634#
Step "Check for service binding or key creation" finished#
#2026 08 26 15:35:28.771#Z#DEBUG#c28227b5-a163-11f1-b062-eeee0a986ec4.OPERATION#flowable-async-job-executor-thread-2636#
[DetermineServiceCreateUpdateServiceActionsStep] Existing service: {
  "name" : "ResilienceCockpit-html5-repo-host",
  "metadata" : {
    "guid" : "fd6aaf90-4cca-4826-9764-60a919421480",
    "createdAt" : [ 2026, 8, 25, 8, 30, 6 ],
    "updatedAt" : [ 2026, 8, 25, 8, 30, 7 ]
  },
  "v3Metadata" : {
    "annotations" : {
      "mta_id" : "ResilienceCockpit",
      "mta_version" : "1.0.0",
      "mta_resource" : "{\"name\":\"ResilienceCockpit-html5-repo-host\"}"
    },
    "labels" : {
      "mta_id" : "12714f170fc41ee91010bfb8bfd6b5c9"
    }
  },
  "label" : "html5-apps-repo",
  "plan" : "app-host",
  "credentials" : "********",
  "tags" : [ ],
  "type" : "managed",
  "lastOperation" : {
    "type" : "CREATE",
    "description" : "",
    "state" : "SUCCEEDED"
  }
}#
#2026 08 26 15:35:28.771#Z#WARN#c28227b5-a163-11f1-b062-eeee0a986ec4.OPERATION#flowable-async-job-executor-thread-2636#
[DetermineServiceCreateUpdateServiceActionsStep] Service parameters for service "ResilienceCockpit-html5-repo-host" will not be updated, as the parameters are not defined or empty.#
#2026 08 26 15:35:28.771#Z#DEBUG#c28227b5-a163-11f1-b062-eeee0a986ec4.OPERATION#flowable-async-job-executor-thread-2636#
Step "Determine update actions" finished#
#2026 08 26 15:35:28.795#Z#DEBUG#c28227b5-a163-11f1-b062-eeee0a986ec4.OPERATION#flowable-async-job-executor-thread-2636#
[CheckForServiceBindingOrKeyOperationStep] Executing task "CheckForServiceBindingOrKeyCreation" of process "c3e33e65-a163-11f1-b062-eeee0a986ec4"...#
#2026 08 26 15:35:28.795#Z#DEBUG#c28227b5-a163-11f1-b062-eeee0a986ec4.OPERATION#flowable-async-job-executor-thread-2636#
Step "Check for service binding or key creation" finished#
#2026 08 26 15:35:28.800#Z#DEBUG#c28227b5-a163-11f1-b062-eeee0a986ec4.OPERATION#flowable-async-job-executor-thread-2630#
[DetermineServiceCreateUpdateServiceActionsStep] Existing service: {
  "name" : "ResilienceCockpit-db",
  "metadata" : {
    "guid" : "793c82c4-0c29-4054-8664-8ad70f1aaf7d",
    "createdAt" : [ 2026, 8, 25, 8, 30, 5 ],
    "updatedAt" : [ 2026, 8, 25, 8, 30, 5 ]
  },
  "v3Metadata" : {
    "annotations" : {
      "mta_id" : "ResilienceCockpit",
      "mta_version" : "1.0.0",
      "mta_resource" : "{\"name\":\"ResilienceCockpit-db\"}"
    },
    "labels" : {
      "mta_id" : "12714f170fc41ee91010bfb8bfd6b5c9"
    }
  },
  "label" : "hana",
  "plan" : "hdi-shared",
  "credentials" : "********",
  "tags" : [ ],
  "type" : "managed",
  "lastOperation" : {
    "type" : "CREATE",
    "state" : "SUCCEEDED"
  }
}#
#2026 08 26 15:35:28.800#Z#WARN#c28227b5-a163-11f1-b062-eeee0a986ec4.OPERATION#flowable-async-job-executor-thread-2630#
[DetermineServiceCreateUpdateServiceActionsStep] Service parameters for service "ResilienceCockpit-db" will not be updated, as the parameters are not defined or empty.#
#2026 08 26 15:35:28.800#Z#DEBUG#c28227b5-a163-11f1-b062-eeee0a986ec4.OPERATION#flowable-async-job-executor-thread-2630#
Step "Determine update actions" finished#
#2026 08 26 15:35:28.824#Z#DEBUG#c28227b5-a163-11f1-b062-eeee0a986ec4.OPERATION#flowable-async-job-executor-thread-2630#
[CheckForServiceBindingOrKeyOperationStep] Executing task "CheckForServiceBindingOrKeyCreation" of process "c3e8e3e4-a163-11f1-b062-eeee0a986ec4"...#
#2026 08 26 15:35:28.825#Z#DEBUG#c28227b5-a163-11f1-b062-eeee0a986ec4.OPERATION#flowable-async-job-executor-thread-2630#
Step "Check for service binding or key creation" finished#
#2026 08 26 15:35:28.766#Z#DEBUG#c28227b5-a163-11f1-b062-eeee0a986ec4.OPERATION#flowable-async-job-executor-thread-2634#
[UpdateServiceParametersStep] Executing task "UpdateServiceParametersTask" of process "c3dde806-a163-11f1-b062-eeee0a986ec4"...#
#2026 08 26 15:35:28.767#Z#INFO#c28227b5-a163-11f1-b062-eeee0a986ec4.OPERATION#flowable-async-job-executor-thread-2634#
[UpdateServiceParametersStep] Updating service "ResilienceCockpit-destination"...#
#2026 08 26 15:35:28.769#Z#DEBUG#c28227b5-a163-11f1-b062-eeee0a986ec4.OPERATION#flowable-async-job-executor-thread-2634#
[UpdateServiceParametersStep] Updating service parameters for service "ResilienceCockpit-destination"...#
#2026 08 26 15:35:28.845#Z#DEBUG#c28227b5-a163-11f1-b062-eeee0a986ec4.OPERATION#flowable-async-job-executor-thread-2634#
[UpdateServiceParametersStep] Service "ResilienceCockpit-destination" updated#
#2026 08 26 15:35:28.846#Z#DEBUG#c28227b5-a163-11f1-b062-eeee0a986ec4.OPERATION#flowable-async-job-executor-thread-2634#
[UpdateServiceParametersStep] Triggered service operations: {
  "ResilienceCockpit-destination" : "UPDATE"
}#
#2026 08 26 15:35:28.851#Z#DEBUG#c28227b5-a163-11f1-b062-eeee0a986ec4.OPERATION#flowable-async-job-executor-thread-2634#
Step "Update parameters" finished#
#2026 08 26 15:35:29.259#Z#DEBUG#c28227b5-a163-11f1-b062-eeee0a986ec4.OPERATION#flowable-async-job-executor-thread-677#
[CheckServiceOperationStateStep] Executing task "CheckServiceOperationStateTask" of process "c4481afa-a163-11f1-b33e-eeee0a996df4"...#
#2026 08 26 15:35:29.345#Z#DEBUG#c28227b5-a163-11f1-b062-eeee0a986ec4.OPERATION#flowable-async-job-executor-thread-677#
[CheckServiceOperationStateStep] Getting service instance "ResilienceCockpit-logging"...#
#2026 08 26 15:35:29.450#Z#DEBUG#c28227b5-a163-11f1-b062-eeee0a986ec4.OPERATION#flowable-async-job-executor-thread-677#
Step "Check for service operations in Progress" finished#
#2026 08 26 15:35:29.483#Z#DEBUG#c28227b5-a163-11f1-b062-eeee0a986ec4.OPERATION#flowable-async-job-executor-thread-678#
[DetermineServiceCreateUpdateServiceActionsStep] Executing task "DetermineServiceCreateUpdateActionsTask" of process "c4481afa-a163-11f1-b33e-eeee0a996df4"...#
#2026 08 26 15:35:29.485#Z#INFO#c28227b5-a163-11f1-b062-eeee0a986ec4.OPERATION#flowable-async-job-executor-thread-678#
[DetermineServiceCreateUpdateServiceActionsStep] Processing service "ResilienceCockpit-logging"...#
#2026 08 26 15:35:29.490#Z#DEBUG#c28227b5-a163-11f1-b062-eeee0a986ec4.OPERATION#flowable-async-job-executor-thread-678#
[DetermineServiceCreateUpdateServiceActionsStep] Getting service instance "ResilienceCockpit-logging"...#
#2026 08 26 15:35:29.591#Z#DEBUG#c28227b5-a163-11f1-b062-eeee0a986ec4.OPERATION#flowable-async-job-executor-thread-678#
[DetermineServiceCreateUpdateServiceActionsStep] Existing service: {
  "name" : "ResilienceCockpit-logging",
  "metadata" : {
    "guid" : "336ec7d3-cd56-4076-bb50-7f23f8654af2",
    "createdAt" : [ 2026, 8, 25, 8, 30, 2 ],
    "updatedAt" : [ 2026, 8, 25, 8, 30, 3 ]
  },
  "v3Metadata" : {
    "annotations" : {
      "mta_id" : "ResilienceCockpit",
      "mta_version" : "1.0.0",
      "mta_resource" : "{\"name\":\"ResilienceCockpit-logging\"}"
    },
    "labels" : {
      "mta_id" : "12714f170fc41ee91010bfb8bfd6b5c9"
    }
  },
  "label" : "application-logs",
  "plan" : "lite",
  "credentials" : "********",
  "tags" : [ ],
  "type" : "managed",
  "lastOperation" : {
    "type" : "CREATE",
    "description" : "",
    "state" : "SUCCEEDED"
  }
}#
#2026 08 26 15:35:29.591#Z#WARN#c28227b5-a163-11f1-b062-eeee0a986ec4.OPERATION#flowable-async-job-executor-thread-678#
[DetermineServiceCreateUpdateServiceActionsStep] Service parameters for service "ResilienceCockpit-logging" will not be updated, as the parameters are not defined or empty.#
#2026 08 26 15:35:29.591#Z#DEBUG#c28227b5-a163-11f1-b062-eeee0a986ec4.OPERATION#flowable-async-job-executor-thread-678#
Step "Determine update actions" finished#
#2026 08 26 15:35:29.638#Z#DEBUG#c28227b5-a163-11f1-b062-eeee0a986ec4.OPERATION#flowable-async-job-executor-thread-679#
[CheckForServiceBindingOrKeyOperationStep] Executing task "CheckForServiceBindingOrKeyCreation" of process "c4481afa-a163-11f1-b33e-eeee0a996df4"...#
#2026 08 26 15:35:29.640#Z#DEBUG#c28227b5-a163-11f1-b062-eeee0a986ec4.OPERATION#flowable-async-job-executor-thread-679#
Step "Check for service binding or key creation" finished#
#2026 08 26 15:35:31.555#Z#DEBUG#c28227b5-a163-11f1-b062-eeee0a986ec4.OPERATION#flowable-async-job-executor-thread-1245#
[CheckServiceOperationStateStep] Executing task "CheckServiceOperationStateTask" of process "c5a93201-a163-11f1-9c91-eeee0a8eaebf"...#
#2026 08 26 15:35:31.621#Z#DEBUG#c28227b5-a163-11f1-b062-eeee0a986ec4.OPERATION#flowable-async-job-executor-thread-1245#
[CheckServiceOperationStateStep] Getting service instance "ResilienceCockpit-connectivity"...#
#2026 08 26 15:35:31.712#Z#DEBUG#c28227b5-a163-11f1-b062-eeee0a986ec4.OPERATION#flowable-async-job-executor-thread-1245#
Step "Check for service operations in Progress" finished#
#2026 08 26 15:35:31.731#Z#DEBUG#c28227b5-a163-11f1-b062-eeee0a986ec4.OPERATION#flowable-async-job-executor-thread-1246#
[DetermineServiceCreateUpdateServiceActionsStep] Executing task "DetermineServiceCreateUpdateActionsTask" of process "c5a93201-a163-11f1-9c91-eeee0a8eaebf"...#
#2026 08 26 15:35:31.732#Z#INFO#c28227b5-a163-11f1-b062-eeee0a986ec4.OPERATION#flowable-async-job-executor-thread-1246#
[DetermineServiceCreateUpdateServiceActionsStep] Processing service "ResilienceCockpit-connectivity"...#
#2026 08 26 15:35:31.735#Z#DEBUG#c28227b5-a163-11f1-b062-eeee0a986ec4.OPERATION#flowable-async-job-executor-thread-1246#
[DetermineServiceCreateUpdateServiceActionsStep] Getting service instance "ResilienceCockpit-connectivity"...#
#2026 08 26 15:35:31.816#Z#DEBUG#c28227b5-a163-11f1-b062-eeee0a986ec4.OPERATION#flowable-async-job-executor-thread-1246#
[DetermineServiceCreateUpdateServiceActionsStep] Existing service: {
  "name" : "ResilienceCockpit-connectivity",
  "metadata" : {
    "guid" : "57ce73c3-9d98-4630-a914-bb3fe51155dc",
    "createdAt" : [ 2026, 8, 25, 8, 30, 4 ],
    "updatedAt" : [ 2026, 8, 25, 8, 30, 6 ]
  },
  "v3Metadata" : {
    "annotations" : {
      "mta_id" : "ResilienceCockpit",
      "mta_version" : "1.0.0",
      "mta_resource" : "{\"name\":\"ResilienceCockpit-connectivity\"}"
    },
    "labels" : {
      "mta_id" : "12714f170fc41ee91010bfb8bfd6b5c9"
    }
  },
  "label" : "connectivity",
  "plan" : "lite",
  "credentials" : "********",
  "tags" : [ ],
  "type" : "managed",
  "lastOperation" : {
    "type" : "CREATE",
    "description" : "",
    "state" : "SUCCEEDED"
  }
}#
#2026 08 26 15:35:31.816#Z#WARN#c28227b5-a163-11f1-b062-eeee0a986ec4.OPERATION#flowable-async-job-executor-thread-1246#
[DetermineServiceCreateUpdateServiceActionsStep] Service parameters for service "ResilienceCockpit-connectivity" will not be updated, as the parameters are not defined or empty.#
#2026 08 26 15:35:31.817#Z#DEBUG#c28227b5-a163-11f1-b062-eeee0a986ec4.OPERATION#flowable-async-job-executor-thread-1246#
Step "Determine update actions" finished#
#2026 08 26 15:35:31.843#Z#DEBUG#c28227b5-a163-11f1-b062-eeee0a986ec4.OPERATION#flowable-async-job-executor-thread-1247#
[CheckForServiceBindingOrKeyOperationStep] Executing task "CheckForServiceBindingOrKeyCreation" of process "c5a93201-a163-11f1-9c91-eeee0a8eaebf"...#
#2026 08 26 15:35:31.844#Z#DEBUG#c28227b5-a163-11f1-b062-eeee0a986ec4.OPERATION#flowable-async-job-executor-thread-1247#
Step "Check for service binding or key creation" finished#
#2026 08 26 15:35:34.732#Z#DEBUG#c28227b5-a163-11f1-b062-eeee0a986ec4.OPERATION#flowable-async-job-executor-thread-2641#
[UpdateServiceParametersStep] Executing task "UpdateServiceParametersTask" of process "c3267e8d-a163-11f1-b062-eeee0a986ec4"...#
#2026 08 26 15:35:34.733#Z#DEBUG#c28227b5-a163-11f1-b062-eeee0a986ec4.OPERATION#flowable-async-job-executor-thread-2641#
[UpdateServiceParametersStep] Polling service operations...#
#2026 08 26 15:35:34.735#Z#DEBUG#c28227b5-a163-11f1-b062-eeee0a986ec4.OPERATION#flowable-async-job-executor-thread-2641#
[UpdateServiceParametersStep] Getting service instance "ResilienceCockpit-auth"...#
#2026 08 26 15:35:34.736#Z#DEBUG#c28227b5-a163-11f1-b062-eeee0a986ec4.OPERATION#flowable-async-job-executor-thread-2642#
[UpdateServiceParametersStep] Executing task "UpdateServiceParametersTask" of process "c3dde806-a163-11f1-b062-eeee0a986ec4"...#
#2026 08 26 15:35:34.737#Z#DEBUG#c28227b5-a163-11f1-b062-eeee0a986ec4.OPERATION#flowable-async-job-executor-thread-2642#
[UpdateServiceParametersStep] Polling service operations...#
#2026 08 26 15:35:34.739#Z#DEBUG#c28227b5-a163-11f1-b062-eeee0a986ec4.OPERATION#flowable-async-job-executor-thread-2642#
[UpdateServiceParametersStep] Getting service instance "ResilienceCockpit-destination"...#
#2026 08 26 15:35:34.829#Z#DEBUG#c28227b5-a163-11f1-b062-eeee0a986ec4.OPERATION#flowable-async-job-executor-thread-2642#
[UpdateServiceParametersStep] Last operation for service "ResilienceCockpit-destination": {
  "type" : "UPDATE",
  "state" : "IN_PROGRESS"
}#
#2026 08 26 15:35:34.829#Z#INFO#c28227b5-a163-11f1-b062-eeee0a986ec4.OPERATION#flowable-async-job-executor-thread-2642#
[UpdateServiceParametersStep] 0 of 1 done, (1 updating)#
#2026 08 26 15:35:34.829#Z#DEBUG#c28227b5-a163-11f1-b062-eeee0a986ec4.OPERATION#flowable-async-job-executor-thread-2641#
[UpdateServiceParametersStep] Last operation for service "ResilienceCockpit-auth": {
  "type" : "UPDATE",
  "description" : "",
  "state" : "SUCCEEDED"
}#
#2026 08 26 15:35:34.829#Z#DEBUG#c28227b5-a163-11f1-b062-eeee0a986ec4.OPERATION#flowable-async-job-executor-thread-2641#
[UpdateServiceParametersStep] Service "ResilienceCockpit-auth" updated#
#2026 08 26 15:35:34.830#Z#INFO#c28227b5-a163-11f1-b062-eeee0a986ec4.OPERATION#flowable-async-job-executor-thread-2641#
[UpdateServiceParametersStep] 1 of 1 done#
#2026 08 26 15:35:34.832#Z#DEBUG#c28227b5-a163-11f1-b062-eeee0a986ec4.OPERATION#flowable-async-job-executor-thread-2642#
[UpdateServiceParametersStep] Remaining services to poll: [ {
  "isOptional" : false,
  "isManaged" : true,
  "name" : "ResilienceCockpit-destination",
  "v3Metadata" : {
    "annotations" : {
      "mta_id" : "ResilienceCockpit",
      "mta_version" : "1.0.0",
      "mta_resource" : "{\"name\":\"ResilienceCockpit-destination\"}"
    },
    "labels" : {
      "mta_id" : "12714f170fc41ee91010bfb8bfd6b5c9"
    }
  },
  "label" : "destination",
  "plan" : "lite",
  "credentials" : "********",
  "tags" : [ ],
  "type" : "managed",
  "resourceName" : "ResilienceCockpit-destination",
  "shouldSkipParametersUpdate" : false,
  "shouldSkipPlanUpdate" : false,
  "shouldSkipTagsUpdate" : false,
  "shouldSkipSyslogUrlUpdate" : false
} ]#
#2026 08 26 15:35:34.832#Z#DEBUG#c28227b5-a163-11f1-b062-eeee0a986ec4.OPERATION#flowable-async-job-executor-thread-2642#
Step "Update parameters" finished#
#2026 08 26 15:35:34.833#Z#DEBUG#c28227b5-a163-11f1-b062-eeee0a986ec4.OPERATION#flowable-async-job-executor-thread-2641#
[UpdateServiceParametersStep] Remaining services to poll: [ ]#
#2026 08 26 15:35:34.834#Z#DEBUG#c28227b5-a163-11f1-b062-eeee0a986ec4.OPERATION#flowable-async-job-executor-thread-2641#
Step "Update parameters" finished#
#2026 08 26 15:35:44.755#Z#DEBUG#c28227b5-a163-11f1-b062-eeee0a986ec4.OPERATION#flowable-async-job-executor-thread-1250#
[UpdateServiceParametersStep] Executing task "UpdateServiceParametersTask" of process "c3dde806-a163-11f1-b062-eeee0a986ec4"...#
#2026 08 26 15:35:44.755#Z#DEBUG#c28227b5-a163-11f1-b062-eeee0a986ec4.OPERATION#flowable-async-job-executor-thread-1250#
[UpdateServiceParametersStep] Polling service operations...#
#2026 08 26 15:35:44.757#Z#DEBUG#c28227b5-a163-11f1-b062-eeee0a986ec4.OPERATION#flowable-async-job-executor-thread-1250#
[UpdateServiceParametersStep] Getting service instance "ResilienceCockpit-destination"...#
#2026 08 26 15:35:44.842#Z#WARN#c28227b5-a163-11f1-b062-eeee0a986ec4.OPERATION#flowable-async-job-executor-thread-1250#
[UpdateServiceParametersStep] Updating service "ResilienceCockpit-destination" failed: Service broker error: Service broker destination-service-broker failed with: Failed to update the destination service instance with the user provided configuration.#
#2026 08 26 15:35:44.846#Z#DEBUG#c28227b5-a163-11f1-b062-eeee0a986ec4.OPERATION#flowable-async-job-executor-thread-1250#
[UpdateServiceParametersStep] Last operation for service "ResilienceCockpit-destination": {
  "type" : "UPDATE",
  "description" : "Service broker error: Service broker destination-service-broker failed with: Failed to update the destination service instance with the user provided configuration.",
  "state" : "SUCCEEDED"
}#
#2026 08 26 15:35:44.846#Z#DEBUG#c28227b5-a163-11f1-b062-eeee0a986ec4.OPERATION#flowable-async-job-executor-thread-1250#
[UpdateServiceParametersStep] Service "ResilienceCockpit-destination" updated#
#2026 08 26 15:35:44.846#Z#INFO#c28227b5-a163-11f1-b062-eeee0a986ec4.OPERATION#flowable-async-job-executor-thread-1250#
[UpdateServiceParametersStep] 1 of 1 done#
#2026 08 26 15:35:44.849#Z#DEBUG#c28227b5-a163-11f1-b062-eeee0a986ec4.OPERATION#flowable-async-job-executor-thread-1250#
[UpdateServiceParametersStep] Remaining services to poll: [ ]#
#2026 08 26 15:35:44.851#Z#DEBUG#c28227b5-a163-11f1-b062-eeee0a986ec4.OPERATION#flowable-async-job-executor-thread-1250#
Step "Update parameters" finished#
#2026 08 26 15:35:45.063#Z#DEBUG#c28227b5-a163-11f1-b062-eeee0a986ec4.OPERATION#flowable-async-job-executor-thread-1253#
[PrepareModulesDeploymentStep] Executing task "prepareModulesDeploymentTask" of process "cdb08d3f-a163-11f1-9c91-eeee0a8eaebf"...#
#2026 08 26 15:35:45.064#Z#DEBUG#c28227b5-a163-11f1-b062-eeee0a986ec4.OPERATION#flowable-async-job-executor-thread-1253#
[PrepareModulesDeploymentStep] Preparing modules deployment...#
#2026 08 26 15:35:45.069#Z#DEBUG#c28227b5-a163-11f1-b062-eeee0a986ec4.OPERATION#flowable-async-job-executor-thread-1253#
Step "Prepare Modules Deployment" finished#
#2026 08 26 15:35:45.098#Z#DEBUG#c28227b5-a163-11f1-b062-eeee0a986ec4.OPERATION#flowable-async-job-executor-thread-1254#
[ComputeNextModulesStep] Executing task "computeNextModulesToDeployInParallel" of process "cdb08d3f-a163-11f1-9c91-eeee0a8eaebf"...#
#2026 08 26 15:35:45.098#Z#DEBUG#c28227b5-a163-11f1-b062-eeee0a986ec4.OPERATION#flowable-async-job-executor-thread-1254#
[ComputeNextModulesStep] Computing modules for next parallel iteration...#
#2026 08 26 15:35:45.100#Z#DEBUG#c28227b5-a163-11f1-b062-eeee0a986ec4.OPERATION#flowable-async-job-executor-thread-1254#
[ComputeNextModulesStep] Completed modules detected: []#
#2026 08 26 15:35:45.100#Z#DEBUG#c28227b5-a163-11f1-b062-eeee0a986ec4.OPERATION#flowable-async-job-executor-thread-1254#
[ComputeNextModulesStep] All modules for deploy detected: [ResilienceCockpit-srv, ResilienceCockpit-app-deployer, ResilienceCockpit-destination-content, ResilienceCockpit-db-deployer]#
#2026 08 26 15:35:45.100#Z#DEBUG#c28227b5-a163-11f1-b062-eeee0a986ec4.OPERATION#flowable-async-job-executor-thread-1254#
[ComputeNextModulesStep] Modules not for deploy detected: []#
#2026 08 26 15:35:45.102#Z#DEBUG#c28227b5-a163-11f1-b062-eeee0a986ec4.OPERATION#flowable-async-job-executor-thread-1254#
[ComputeNextModulesStep] Computed modules for next parallel iteration: [ {
  "majorSchemaVersion" : 3,
  "name" : "ResilienceCockpit-srv",
  "type" : "javascript.nodejs",
  "path" : "ResilienceCockpit-srv",
  "properties" : { },
  "parameters" : {
    "app-name" : "ResilienceCockpit-srv",
    "buildpack" : "nodejs_buildpack",
    "default-app-name" : "ResilienceCockpit-srv",
    "default-host" : "94060551trial-dev-resiliencecockpit-srv",
    "default-instances" : 1,
    "default-live-app-name" : "ResilienceCockpit-srv",
    "default-live-domain" : "cfapps.us10-003.hana.ondemand.com",
    "default-live-host" : "94060551trial-dev-resiliencecockpit-srv",
    "default-live-uri" : "94060551trial-dev-resiliencecockpit-srv.cfapps.us10-003.hana.ondemand.com",
    "default-live-url" : "https://94060551trial-dev-resiliencecockpit-srv.cfapps.us10-003.hana.ondemand.com",
    "default-uri" : "94060551trial-dev-resiliencecockpit-srv.cfapps.us10-003.hana.ondemand.com",
    "default-url" : "https://94060551trial-dev-resiliencecockpit-srv.cfapps.us10-003.hana.ondemand.com",
    "dependency-type" : "soft",
    "domain" : "cfapps.us10-003.hana.ondemand.com",
    "generated-password" : "********",
    "generated-user" : "********",
    "host" : "94060551trial-dev-resiliencecockpit-srv",
    "instances" : 1,
    "protocol" : "https"
  },
  "requiredDependencies" : [ {
    "majorSchemaVersion" : 3,
    "name" : "********",
    "properties" : { },
    "parameters" : { },
    "propertiesMetadata" : {
      "metadata" : { }
    },
    "parametersMetadata" : {
      "metadata" : { }
    }
  }, {
    "majorSchemaVersion" : 3,
    "name" : "ResilienceCockpit-db",
    "properties" : { },
    "parameters" : { },
    "propertiesMetadata" : {
      "metadata" : { }
    },
    "parametersMetadata" : {
      "metadata" : { }
    }
  }, {
    "majorSchemaVersion" : 3,
    "name" : "ResilienceCockpit-connectivity",
    "properties" : { },
    "parameters" : { },
    "propertiesMetadata" : {
      "metadata" : { }
    },
    "parametersMetadata" : {
      "metadata" : { }
    }
  }, {
    "majorSchemaVersion" : 3,
    "name" : "ResilienceCockpit-destination",
    "properties" : { },
    "parameters" : { },
    "propertiesMetadata" : {
      "metadata" : { }
    },
    "parametersMetadata" : {
      "metadata" : { }
    }
  }, {
    "majorSchemaVersion" : 3,
    "name" : "ResilienceCockpit-logging",
    "properties" : { },
    "parameters" : { },
    "propertiesMetadata" : {
      "metadata" : { }
    },
    "parametersMetadata" : {
      "metadata" : { }
    }
  } ],
  "providedDependencies" : [ {
    "majorSchemaVersion" : 3,
    "name" : "srv-api",
    "isPublic" : false,
    "properties" : {
      "srv-url" : "https://94060551trial-dev-resiliencecockpit-srv.cfapps.us10-003.hana.ondemand.com"
    },
    "parameters" : { },
    "propertiesMetadata" : {
      "metadata" : { }
    },
    "parametersMetadata" : {
      "metadata" : { }
    }
  }, {
    "majorSchemaVersion" : 3,
    "name" : "ResilienceCockpit-srv",
    "isPublic" : false,
    "properties" : { },
    "parameters" : { },
    "propertiesMetadata" : {
      "metadata" : { }
    },
    "parametersMetadata" : {
      "metadata" : { }
    }
  } ],
  "propertiesMetadata" : {
    "metadata" : { }
  },
  "parametersMetadata" : {
    "metadata" : { }
  },
  "deployedAfter" : [ ],
  "hooks" : [ ]
}, {
  "majorSchemaVersion" : 3,
  "name" : "ResilienceCockpit-db-deployer",
  "type" : "com.sap.xs.hdi",
  "path" : "ResilienceCockpit-db-deployer",
  "properties" : {
    "EXIT" : 1
  },
  "parameters" : {
    "app-name" : "ResilienceCockpit-db-deployer",
    "buildpack" : "nodejs_buildpack",
    "default-app-name" : "ResilienceCockpit-db-deployer",
    "default-host" : "94060551trial-dev-resiliencecockpit-db-deployer",
    "default-instances" : 1,
    "default-live-app-name" : "ResilienceCockpit-db-deployer",
    "default-live-domain" : "cfapps.us10-003.hana.ondemand.com",
    "default-live-host" : "94060551trial-dev-resiliencecockpit-db-deployer",
    "default-live-uri" : "94060551trial-dev-resiliencecockpit-db-deployer.cfapps.us10-003.hana.ondemand.com",
    "default-live-url" : "https://94060551trial-dev-resiliencecockpit-db-deployer.cfapps.us10-003.hana.ondemand.com",
    "default-uri" : "94060551trial-dev-resiliencecockpit-db-deployer.cfapps.us10-003.hana.ondemand.com",
    "default-url" : "https://94060551trial-dev-resiliencecockpit-db-deployer.cfapps.us10-003.hana.ondemand.com",
    "dependency-type" : "hard",
    "domain" : "cfapps.us10-003.hana.ondemand.com",
    "generated-password" : "********",
    "generated-user" : "********",
    "host" : "94060551trial-dev-resiliencecockpit-db-deployer",
    "instances" : 1,
    "memory" : "256M",
    "no-route" : true,
    "no-start" : true,
    "protocol" : "https",
    "tasks" : [ {
      "command" : "npm start",
      "memory" : "256M",
      "name" : "deploy"
    } ]
  },
  "requiredDependencies" : [ {
    "majorSchemaVersion" : 3,
    "name" : "ResilienceCockpit-db",
    "properties" : { },
    "parameters" : { },
    "propertiesMetadata" : {
      "metadata" : { }
    },
    "parametersMetadata" : {
      "metadata" : { }
    }
  } ],
  "providedDependencies" : [ {
    "majorSchemaVersion" : 3,
    "name" : "ResilienceCockpit-db-deployer",
    "isPublic" : false,
    "properties" : { },
    "parameters" : { },
    "propertiesMetadata" : {
      "metadata" : { }
    },
    "parametersMetadata" : {
      "metadata" : { }
    }
  } ],
  "propertiesMetadata" : {
    "metadata" : { }
  },
  "parametersMetadata" : {
    "metadata" : { }
  },
  "deployedAfter" : [ ],
  "hooks" : [ ]
}, {
  "majorSchemaVersion" : 3,
  "name" : "ResilienceCockpit-app-deployer",
  "type" : "com.sap.application.content",
  "path" : "ResilienceCockpit-app-deployer",
  "properties" : { },
  "parameters" : {
    "app-name" : "ResilienceCockpit-app-deployer",
    "default-app-name" : "ResilienceCockpit-app-deployer",
    "default-host" : "94060551trial-dev-resiliencecockpit-app-deployer",
    "default-instances" : 1,
    "default-live-app-name" : "ResilienceCockpit-app-deployer",
    "default-live-domain" : "cfapps.us10-003.hana.ondemand.com",
    "default-live-host" : "94060551trial-dev-resiliencecockpit-app-deployer",
    "default-live-uri" : "94060551trial-dev-resiliencecockpit-app-deployer.cfapps.us10-003.hana.ondemand.com",
    "default-live-url" : "https://94060551trial-dev-resiliencecockpit-app-deployer.cfapps.us10-003.hana.ondemand.com",
    "default-uri" : "94060551trial-dev-resiliencecockpit-app-deployer.cfapps.us10-003.hana.ondemand.com",
    "default-url" : "https://94060551trial-dev-resiliencecockpit-app-deployer.cfapps.us10-003.hana.ondemand.com",
    "dependency-type" : "soft",
    "domain" : "cfapps.us10-003.hana.ondemand.com",
    "generated-password" : "********",
    "generated-user" : "********",
    "host" : "94060551trial-dev-resiliencecockpit-app-deployer",
    "instances" : 1,
    "protocol" : "https"
  },
  "requiredDependencies" : [ {
    "majorSchemaVersion" : 3,
    "name" : "********",
    "properties" : { },
    "parameters" : { },
    "propertiesMetadata" : {
      "metadata" : { }
    },
    "parametersMetadata" : {
      "metadata" : { }
    }
  }, {
    "majorSchemaVersion" : 3,
    "name" : "srv-api",
    "properties" : { },
    "parameters" : { },
    "propertiesMetadata" : {
      "metadata" : { }
    },
    "parametersMetadata" : {
      "metadata" : { }
    }
  }, {
    "majorSchemaVersion" : 3,
    "name" : "ResilienceCockpit-html5-repo-host",
    "properties" : { },
    "parameters" : {
      "config" : {
        "HTML5Runtime_enabled" : false
      },
      "content-target" : true
    },
    "propertiesMetadata" : {
      "metadata" : { }
    },
    "parametersMetadata" : {
      "metadata" : { }
    }
  } ],
  "providedDependencies" : [ {
    "majorSchemaVersion" : 3,
    "name" : "ResilienceCockpit-app-deployer",
    "isPublic" : false,
    "properties" : { },
    "parameters" : { },
    "propertiesMetadata" : {
      "metadata" : { }
    },
    "parametersMetadata" : {
      "metadata" : { }
    }
  } ],
  "propertiesMetadata" : {
    "metadata" : { }
  },
  "parametersMetadata" : {
    "metadata" : { }
  },
  "deployedAfter" : [ ],
  "hooks" : [ ]
}, {
  "majorSchemaVersion" : 3,
  "name" : "ResilienceCockpit-destination-content",
  "type" : "com.sap.application.content",
  "properties" : { },
  "parameters" : {
    "app-name" : "ResilienceCockpit-destination-content",
    "content" : {
      "instance" : {
        "destinations" : [ {
          "Authentication" : "********",
          "Name" : "srv-api",
          "TokenServiceInstanceName" : "********",
          "TokenServiceKeyName" : "********",
          "URL" : "https://94060551trial-dev-resiliencecockpit-srv.cfapps.us10-003.hana.ondemand.com"
        }, {
          "Name" : "ResilienceCockpit-html5-repo-host",
          "ServiceInstanceName" : "ResilienceCockpit-html5-repo-host",
          "ServiceKeyName" : "********",
          "sap.cloud.service" : "nexus"
        }, {
          "Authentication" : "********",
          "Name" : "********",
          "ServiceInstanceName" : "********",
          "ServiceKeyName" : "********"
        } ],
        "existing_destinations_policy" : "update"
      }
    },
    "default-app-name" : "ResilienceCockpit-destination-content",
    "default-host" : "94060551trial-dev-resiliencecockpit-destination-content",
    "default-instances" : 1,
    "default-live-app-name" : "ResilienceCockpit-destination-content",
    "default-live-domain" : "cfapps.us10-003.hana.ondemand.com",
    "default-live-host" : "94060551trial-dev-resiliencecockpit-destination-content",
    "default-live-uri" : "94060551trial-dev-resiliencecockpit-destination-content.cfapps.us10-003.hana.ondemand.com",
    "default-live-url" : "https://94060551trial-dev-resiliencecockpit-destination-content.cfapps.us10-003.hana.ondemand.com",
    "default-uri" : "94060551trial-dev-resiliencecockpit-destination-content.cfapps.us10-003.hana.ondemand.com",
    "default-url" : "https://94060551trial-dev-resiliencecockpit-destination-content.cfapps.us10-003.hana.ondemand.com",
    "dependency-type" : "soft",
    "domain" : "cfapps.us10-003.hana.ondemand.com",
    "generated-password" : "********",
    "generated-user" : "********",
    "host" : "94060551trial-dev-resiliencecockpit-destination-content",
    "instances" : 1,
    "protocol" : "https"
  },
  "requiredDependencies" : [ {
    "majorSchemaVersion" : 3,
    "name" : "********",
    "properties" : { },
    "parameters" : {
      "service-key" : "********"
    },
    "propertiesMetadata" : {
      "metadata" : { }
    },
    "parametersMetadata" : {
      "metadata" : { }
    }
  }, {
    "majorSchemaVersion" : 3,
    "name" : "ResilienceCockpit-html5-repo-host",
    "properties" : { },
    "parameters" : {
      "service-key" : "********"
    },
    "propertiesMetadata" : {
      "metadata" : { }
    },
    "parametersMetadata" : {
      "metadata" : { }
    }
  }, {
    "majorSchemaVersion" : 3,
    "name" : "srv-api",
    "properties" : { },
    "parameters" : { },
    "propertiesMetadata" : {
      "metadata" : { }
    },
    "parametersMetadata" : {
      "metadata" : { }
    }
  }, {
    "majorSchemaVersion" : 3,
    "name" : "ResilienceCockpit-destination",
    "properties" : { },
    "parameters" : {
      "content-target" : true
    },
    "propertiesMetadata" : {
      "metadata" : { }
    },
    "parametersMetadata" : {
      "metadata" : { }
    }
  } ],
  "providedDependencies" : [ {
    "majorSchemaVersion" : 3,
    "name" : "ResilienceCockpit-destination-content",
    "isPublic" : false,
    "properties" : { },
    "parameters" : { },
    "propertiesMetadata" : {
      "metadata" : { }
    },
    "parametersMetadata" : {
      "metadata" : { }
    }
  } ],
  "propertiesMetadata" : {
    "metadata" : { }
  },
  "parametersMetadata" : {
    "metadata" : { }
  },
  "deployedAfter" : [ ],
  "hooks" : [ ]
} ]#
#2026 08 26 15:35:45.102#Z#DEBUG#c28227b5-a163-11f1-b062-eeee0a986ec4.OPERATION#flowable-async-job-executor-thread-1254#
Step "Compute Next Modules To Deploy" finished#
#2026 08 26 15:35:45.221#Z#DEBUG#c28227b5-a163-11f1-b062-eeee0a986ec4.OPERATION#flowable-async-job-executor-thread-1255#
[ProcessDescriptorStep] Executing task "reprocessDescriptorTask" of process "cdca57ad-a163-11f1-9c91-eeee0a8eaebf"...#
#2026 08 26 15:35:45.221#Z#DEBUG#c28227b5-a163-11f1-b062-eeee0a986ec4.OPERATION#flowable-async-job-executor-thread-1255#
[ProcessDescriptorStep] Resolving properties and parameters in merged descriptor...#
#2026 08 26 15:35:45.226#Z#DEBUG#c28227b5-a163-11f1-b062-eeee0a986ec4.OPERATION#flowable-async-job-executor-thread-1255#
[ProcessDescriptorStep] Subscriptions: [ ]#
#2026 08 26 15:35:45.230#Z#DEBUG#c28227b5-a163-11f1-b062-eeee0a986ec4.OPERATION#flowable-async-job-executor-thread-1255#
[ProcessDescriptorStep] MTA modules: [ResilienceCockpit-srv, ResilienceCockpit-app-deployer, ResilienceCockpit-destination-content, ResilienceCockpit-db-deployer]#
#2026 08 26 15:35:45.233#Z#DEBUG#c28227b5-a163-11f1-b062-eeee0a986ec4.OPERATION#flowable-async-job-executor-thread-1255#
[ProcessDescriptorStep] Resolved deployment descriptor: {
  "majorSchemaVersion" : 3,
  "schemaVersion" : "3.3.0",
  "id" : "ResilienceCockpit",
  "version" : "1.0.0",
  "modules" : [ {
    "majorSchemaVersion" : 3,
    "name" : "ResilienceCockpit-srv",
    "type" : "javascript.nodejs",
    "path" : "ResilienceCockpit-srv",
    "properties" : { },
    "parameters" : {
      "default-url" : "https://94060551trial-dev-resiliencecockpit-srv.cfapps.us10-003.hana.ondemand.com",
      "default-app-name" : "ResilienceCockpit-srv",
      "generated-password" : "********",
      "default-live-url" : "https://94060551trial-dev-resiliencecockpit-srv.cfapps.us10-003.hana.ondemand.com",
      "default-uri" : "94060551trial-dev-resiliencecockpit-srv.cfapps.us10-003.hana.ondemand.com",
      "default-instances" : 1,
      "default-live-host" : "94060551trial-dev-resiliencecockpit-srv",
      "instances" : 1,
      "buildpack" : "nodejs_buildpack",
      "default-host" : "94060551trial-dev-resiliencecockpit-srv",
      "app-name" : "ResilienceCockpit-srv",
      "default-live-uri" : "94060551trial-dev-resiliencecockpit-srv.cfapps.us10-003.hana.ondemand.com",
      "protocol" : "https",
      "default-live-app-name" : "ResilienceCockpit-srv",
      "default-live-domain" : "cfapps.us10-003.hana.ondemand.com",
      "domain" : "cfapps.us10-003.hana.ondemand.com",
      "host" : "94060551trial-dev-resiliencecockpit-srv",
      "generated-user" : "********"
    },
    "requiredDependencies" : [ {
      "majorSchemaVersion" : 3,
      "name" : "********",
      "properties" : { },
      "parameters" : { },
      "propertiesMetadata" : {
        "metadata" : { }
      },
      "parametersMetadata" : {
        "metadata" : { }
      }
    }, {
      "majorSchemaVersion" : 3,
      "name" : "ResilienceCockpit-db",
      "properties" : { },
      "parameters" : { },
      "propertiesMetadata" : {
        "metadata" : { }
      },
      "parametersMetadata" : {
        "metadata" : { }
      }
    }, {
      "majorSchemaVersion" : 3,
      "name" : "ResilienceCockpit-connectivity",
      "properties" : { },
      "parameters" : { },
      "propertiesMetadata" : {
        "metadata" : { }
      },
      "parametersMetadata" : {
        "metadata" : { }
      }
    }, {
      "majorSchemaVersion" : 3,
      "name" : "ResilienceCockpit-destination",
      "properties" : { },
      "parameters" : { },
      "propertiesMetadata" : {
        "metadata" : { }
      },
      "parametersMetadata" : {
        "metadata" : { }
      }
    }, {
      "majorSchemaVersion" : 3,
      "name" : "ResilienceCockpit-logging",
      "properties" : { },
      "parameters" : { },
      "propertiesMetadata" : {
        "metadata" : { }
      },
      "parametersMetadata" : {
        "metadata" : { }
      }
    } ],
    "providedDependencies" : [ {
      "majorSchemaVersion" : 3,
      "name" : "srv-api",
      "isPublic" : false,
      "properties" : {
        "srv-url" : "https://94060551trial-dev-resiliencecockpit-srv.cfapps.us10-003.hana.ondemand.com"
      },
      "parameters" : { },
      "propertiesMetadata" : {
        "metadata" : { }
      },
      "parametersMetadata" : {
        "metadata" : { }
      }
    }, {
      "majorSchemaVersion" : 3,
      "name" : "ResilienceCockpit-srv",
      "isPublic" : false,
      "properties" : { },
      "parameters" : { },
      "propertiesMetadata" : {
        "metadata" : { }
      },
      "parametersMetadata" : {
        "metadata" : { }
      }
    } ],
    "propertiesMetadata" : {
      "metadata" : { }
    },
    "parametersMetadata" : {
      "metadata" : { }
    },
    "hooks" : [ ]
  }, {
    "majorSchemaVersion" : 3,
    "name" : "ResilienceCockpit-db-deployer",
    "type" : "com.sap.xs.hdi",
    "path" : "ResilienceCockpit-db-deployer",
    "properties" : {
      "EXIT" : 1
    },
    "parameters" : {
      "default-url" : "https://94060551trial-dev-resiliencecockpit-db-deployer.cfapps.us10-003.hana.ondemand.com",
      "default-app-name" : "ResilienceCockpit-db-deployer",
      "generated-password" : "********",
      "default-live-url" : "https://94060551trial-dev-resiliencecockpit-db-deployer.cfapps.us10-003.hana.ondemand.com",
      "default-uri" : "94060551trial-dev-resiliencecockpit-db-deployer.cfapps.us10-003.hana.ondemand.com",
      "memory" : "256M",
      "default-instances" : 1,
      "no-route" : true,
      "default-live-host" : "94060551trial-dev-resiliencecockpit-db-deployer",
      "instances" : 1,
      "buildpack" : "nodejs_buildpack",
      "default-host" : "94060551trial-dev-resiliencecockpit-db-deployer",
      "app-name" : "ResilienceCockpit-db-deployer",
      "default-live-uri" : "94060551trial-dev-resiliencecockpit-db-deployer.cfapps.us10-003.hana.ondemand.com",
      "protocol" : "https",
      "default-live-app-name" : "ResilienceCockpit-db-deployer",
      "default-live-domain" : "cfapps.us10-003.hana.ondemand.com",
      "dependency-type" : "hard",
      "domain" : "cfapps.us10-003.hana.ondemand.com",
      "host" : "94060551trial-dev-resiliencecockpit-db-deployer",
      "generated-user" : "********",
      "tasks" : [ {
        "command" : "npm start",
        "memory" : "256M",
        "name" : "deploy"
      } ],
      "no-start" : true
    },
    "requiredDependencies" : [ {
      "majorSchemaVersion" : 3,
      "name" : "ResilienceCockpit-db",
      "properties" : { },
      "parameters" : { },
      "propertiesMetadata" : {
        "metadata" : { }
      },
      "parametersMetadata" : {
        "metadata" : { }
      }
    } ],
    "providedDependencies" : [ {
      "majorSchemaVersion" : 3,
      "name" : "ResilienceCockpit-db-deployer",
      "isPublic" : false,
      "properties" : { },
      "parameters" : { },
      "propertiesMetadata" : {
        "metadata" : { }
      },
      "parametersMetadata" : {
        "metadata" : { }
      }
    } ],
    "propertiesMetadata" : {
      "metadata" : { }
    },
    "parametersMetadata" : {
      "metadata" : { }
    },
    "hooks" : [ ]
  }, {
    "majorSchemaVersion" : 3,
    "name" : "ResilienceCockpit-app-deployer",
    "type" : "com.sap.application.content",
    "path" : "ResilienceCockpit-app-deployer",
    "properties" : { },
    "parameters" : {
      "default-url" : "https://94060551trial-dev-resiliencecockpit-app-deployer.cfapps.us10-003.hana.ondemand.com",
      "default-app-name" : "ResilienceCockpit-app-deployer",
      "generated-password" : "********",
      "default-live-url" : "https://94060551trial-dev-resiliencecockpit-app-deployer.cfapps.us10-003.hana.ondemand.com",
      "default-uri" : "94060551trial-dev-resiliencecockpit-app-deployer.cfapps.us10-003.hana.ondemand.com",
      "default-instances" : 1,
      "default-live-host" : "94060551trial-dev-resiliencecockpit-app-deployer",
      "instances" : 1,
      "default-host" : "94060551trial-dev-resiliencecockpit-app-deployer",
      "app-name" : "ResilienceCockpit-app-deployer",
      "default-live-uri" : "94060551trial-dev-resiliencecockpit-app-deployer.cfapps.us10-003.hana.ondemand.com",
      "protocol" : "https",
      "default-live-app-name" : "ResilienceCockpit-app-deployer",
      "default-live-domain" : "cfapps.us10-003.hana.ondemand.com",
      "domain" : "cfapps.us10-003.hana.ondemand.com",
      "host" : "94060551trial-dev-resiliencecockpit-app-deployer",
      "generated-user" : "********"
    },
    "requiredDependencies" : [ {
      "majorSchemaVersion" : 3,
      "name" : "********",
      "properties" : { },
      "parameters" : { },
      "propertiesMetadata" : {
        "metadata" : { }
      },
      "parametersMetadata" : {
        "metadata" : { }
      }
    }, {
      "majorSchemaVersion" : 3,
      "name" : "srv-api",
      "properties" : { },
      "parameters" : { },
      "propertiesMetadata" : {
        "metadata" : { }
      },
      "parametersMetadata" : {
        "metadata" : { }
      }
    }, {
      "majorSchemaVersion" : 3,
      "name" : "ResilienceCockpit-html5-repo-host",
      "properties" : { },
      "parameters" : {
        "config" : {
          "HTML5Runtime_enabled" : false
        },
        "content-target" : true
      },
      "propertiesMetadata" : {
        "metadata" : { }
      },
      "parametersMetadata" : {
        "metadata" : { }
      }
    } ],
    "providedDependencies" : [ {
      "majorSchemaVersion" : 3,
      "name" : "ResilienceCockpit-app-deployer",
      "isPublic" : false,
      "properties" : { },
      "parameters" : { },
      "propertiesMetadata" : {
        "metadata" : { }
      },
      "parametersMetadata" : {
        "metadata" : { }
      }
    } ],
    "propertiesMetadata" : {
      "metadata" : { }
    },
    "parametersMetadata" : {
      "metadata" : { }
    },
    "hooks" : [ ]
  }, {
    "majorSchemaVersion" : 3,
    "name" : "ResilienceCockpit-destination-content",
    "type" : "com.sap.application.content",
    "properties" : { },
    "parameters" : {
      "default-url" : "https://94060551trial-dev-resiliencecockpit-destination-content.cfapps.us10-003.hana.ondemand.com",
      "default-app-name" : "ResilienceCockpit-destination-content",
      "generated-password" : "********",
      "default-live-url" : "https://94060551trial-dev-resiliencecockpit-destination-content.cfapps.us10-003.hana.ondemand.com",
      "default-uri" : "94060551trial-dev-resiliencecockpit-destination-content.cfapps.us10-003.hana.ondemand.com",
      "default-instances" : 1,
      "default-live-host" : "94060551trial-dev-resiliencecockpit-destination-content",
      "instances" : 1,
      "default-host" : "94060551trial-dev-resiliencecockpit-destination-content",
      "content" : {
        "instance" : {
          "destinations" : [ {
            "Authentication" : "********",
            "Name" : "srv-api",
            "TokenServiceInstanceName" : "********",
            "TokenServiceKeyName" : "********",
            "URL" : "https://94060551trial-dev-resiliencecockpit-srv.cfapps.us10-003.hana.ondemand.com"
          }, {
            "Name" : "ResilienceCockpit-html5-repo-host",
            "ServiceInstanceName" : "ResilienceCockpit-html5-repo-host",
            "ServiceKeyName" : "********",
            "sap.cloud.service" : "nexus"
          }, {
            "Authentication" : "********",
            "Name" : "********",
            "ServiceInstanceName" : "********",
            "ServiceKeyName" : "********"
          } ],
          "existing_destinations_policy" : "update"
        }
      },
      "app-name" : "ResilienceCockpit-destination-content",
      "default-live-uri" : "94060551trial-dev-resiliencecockpit-destination-content.cfapps.us10-003.hana.ondemand.com",
      "protocol" : "https",
      "default-live-app-name" : "ResilienceCockpit-destination-content",
      "default-live-domain" : "cfapps.us10-003.hana.ondemand.com",
      "domain" : "cfapps.us10-003.hana.ondemand.com",
      "host" : "94060551trial-dev-resiliencecockpit-destination-content",
      "generated-user" : "********"
    },
    "requiredDependencies" : [ {
      "majorSchemaVersion" : 3,
      "name" : "********",
      "properties" : { },
      "parameters" : {
        "service-key" : "********"
      },
      "propertiesMetadata" : {
        "metadata" : { }
      },
      "parametersMetadata" : {
        "metadata" : { }
      }
    }, {
      "majorSchemaVersion" : 3,
      "name" : "ResilienceCockpit-html5-repo-host",
      "properties" : { },
      "parameters" : {
        "service-key" : "********"
      },
      "propertiesMetadata" : {
        "metadata" : { }
      },
      "parametersMetadata" : {
        "metadata" : { }
      }
    }, {
      "majorSchemaVersion" : 3,
      "name" : "srv-api",
      "properties" : { },
      "parameters" : { },
      "propertiesMetadata" : {
        "metadata" : { }
      },
      "parametersMetadata" : {
        "metadata" : { }
      }
    }, {
      "majorSchemaVersion" : 3,
      "name" : "ResilienceCockpit-destination",
      "properties" : { },
      "parameters" : {
        "content-target" : true
      },
      "propertiesMetadata" : {
        "metadata" : { }
      },
      "parametersMetadata" : {
        "metadata" : { }
      }
    } ],
    "providedDependencies" : [ {
      "majorSchemaVersion" : 3,
      "name" : "ResilienceCockpit-destination-content",
      "isPublic" : false,
      "properties" : { },
      "parameters" : { },
      "propertiesMetadata" : {
        "metadata" : { }
      },
      "parametersMetadata" : {
        "metadata" : { }
      }
    } ],
    "propertiesMetadata" : {
      "metadata" : { }
    },
    "parametersMetadata" : {
      "metadata" : { }
    },
    "hooks" : [ ]
  } ],
  "resources" : [ {
    "majorSchemaVersion" : 3,
    "name" : "********",
    "type" : "org.cloudfoundry.managed-service",
    "properties" : { },
    "parameters" : {
      "generated-password" : "********",
      "path" : "./xs-security.json",
      "service-name" : "********",
      "service-plan" : "application",
      "service" : "xsuaa",
      "generated-user" : "********",
      "default-xsappname" : "********",
      "type" : "managed-service",
      "config" : {
        "oauth2-configuration" : "********",
        "tenant-mode" : "dedicated",
        "xsappname" : "ResilienceCockpit-94060551trial-dev"
      },
      "default-service-name" : "********",
      "default-container-name" : "********"
    },
    "isActive" : true,
    "isOptional" : false,
    "propertiesMetadata" : {
      "metadata" : { }
    },
    "parametersMetadata" : {
      "metadata" : { }
    },
    "requiredDependencies" : [ ],
    "processedAfter" : [ ]
  }, {
    "majorSchemaVersion" : 3,
    "name" : "ResilienceCockpit-db",
    "type" : "com.sap.xs.hdi-container",
    "properties" : { },
    "parameters" : {
      "generated-password" : "********",
      "service-name" : "ResilienceCockpit-db",
      "service-plan" : "hdi-shared",
      "service" : "hana",
      "generated-user" : "********",
      "default-xsappname" : "ResilienceCockpit-db",
      "type" : "managed-service",
      "default-service-name" : "ResilienceCockpit-db",
      "default-container-name" : "94060551TRIAL_DEV_RESILIENCECOCKPIT_DB"
    },
    "isActive" : true,
    "isOptional" : false,
    "propertiesMetadata" : {
      "metadata" : { }
    },
    "parametersMetadata" : {
      "metadata" : { }
    },
    "requiredDependencies" : [ ],
    "processedAfter" : [ ]
  }, {
    "majorSchemaVersion" : 3,
    "name" : "ResilienceCockpit-connectivity",
    "type" : "org.cloudfoundry.managed-service",
    "properties" : { },
    "parameters" : {
      "generated-password" : "********",
      "service-name" : "ResilienceCockpit-connectivity",
      "service-plan" : "lite",
      "service" : "connectivity",
      "generated-user" : "********",
      "default-xsappname" : "ResilienceCockpit-connectivity",
      "type" : "managed-service",
      "default-service-name" : "ResilienceCockpit-connectivity",
      "default-container-name" : "94060551TRIAL_DEV_RESILIENCECOCKPIT_CONNECTIVITY"
    },
    "isActive" : true,
    "isOptional" : false,
    "propertiesMetadata" : {
      "metadata" : { }
    },
    "parametersMetadata" : {
      "metadata" : { }
    },
    "requiredDependencies" : [ ],
    "processedAfter" : [ ]
  }, {
    "majorSchemaVersion" : 3,
    "name" : "ResilienceCockpit-destination",
    "type" : "org.cloudfoundry.managed-service",
    "properties" : { },
    "parameters" : {
      "generated-password" : "********",
      "service-name" : "ResilienceCockpit-destination",
      "service-plan" : "lite",
      "service" : "destination",
      "generated-user" : "********",
      "default-xsappname" : "ResilienceCockpit-destination",
      "type" : "managed-service",
      "config" : {
        "HTML5Runtime_enabled" : true,
        "init_data" : {
          "instance" : {
            "destinations" : [ {
              "Authentication" : "********",
              "Name" : "ui5",
              "ProxyType" : "Internet",
              "Type" : "HTTP",
              "URL" : "https://ui5.sap.com"
            }, {
              "Authentication" : "********",
              "HTML5.DynamicDestination" : true,
              "HTML5.ForwardAuthToken" : "********",
              "Name" : "srv-api",
              "ProxyType" : "Internet",
              "Type" : "HTTP",
              "URL" : "https://94060551trial-dev-resiliencecockpit-srv.cfapps.us10-003.hana.ondemand.com"
            } ],
            "existing_destinations_policy" : "update"
          }
        }
      },
      "default-service-name" : "ResilienceCockpit-destination",
      "default-container-name" : "94060551TRIAL_DEV_RESILIENCECOCKPIT_DESTINATION"
    },
    "isActive" : true,
    "isOptional" : false,
    "propertiesMetadata" : {
      "metadata" : { }
    },
    "parametersMetadata" : {
      "metadata" : { }
    },
    "requiredDependencies" : [ {
      "majorSchemaVersion" : 3,
      "name" : "srv-api",
      "properties" : { },
      "parameters" : { },
      "propertiesMetadata" : {
        "metadata" : { }
      },
      "parametersMetadata" : {
        "metadata" : { }
      }
    } ],
    "processedAfter" : [ ]
  }, {
    "majorSchemaVersion" : 3,
    "name" : "ResilienceCockpit-html5-repo-host",
    "type" : "org.cloudfoundry.managed-service",
    "properties" : { },
    "parameters" : {
      "generated-password" : "********",
      "service-name" : "ResilienceCockpit-html5-repo-host",
      "service-plan" : "app-host",
      "service" : "html5-apps-repo",
      "generated-user" : "********",
      "default-xsappname" : "ResilienceCockpit-html5-repo-host",
      "type" : "managed-service",
      "default-service-name" : "ResilienceCockpit-html5-repo-host",
      "default-container-name" : "94060551TRIAL_DEV_RESILIENCECOCKPIT_HTML5_REPO_HOST"
    },
    "isActive" : true,
    "isOptional" : false,
    "propertiesMetadata" : {
      "metadata" : { }
    },
    "parametersMetadata" : {
      "metadata" : { }
    },
    "requiredDependencies" : [ ],
    "processedAfter" : [ ]
  }, {
    "majorSchemaVersion" : 3,
    "name" : "ResilienceCockpit-logging",
    "type" : "org.cloudfoundry.managed-service",
    "properties" : { },
    "parameters" : {
      "generated-password" : "********",
      "service-name" : "ResilienceCockpit-logging",
      "service-plan" : "lite",
      "service" : "application-logs",
      "generated-user" : "********",
      "default-xsappname" : "ResilienceCockpit-logging",
      "type" : "managed-service",
      "default-service-name" : "ResilienceCockpit-logging",
      "default-container-name" : "94060551TRIAL_DEV_RESILIENCECOCKPIT_LOGGING"
    },
    "isActive" : true,
    "isOptional" : false,
    "propertiesMetadata" : {
      "metadata" : { }
    },
    "parametersMetadata" : {
      "metadata" : { }
    },
    "requiredDependencies" : [ ],
    "processedAfter" : [ ]
  } ],
  "parameters" : {
    "deploy_mode" : "html5-repo",
    "mta-id" : "ResilienceCockpit",
    "authorization-url" : "********",
    "org-guid" : "78e7b825-503f-4bdc-af4e-be86d7f43c8e",
    "org" : "94060551trial",
    "deploy-target" : "94060551trial dev",
    "enable-parallel-deployments" : true,
    "region-primary-domain" : "us10.hana.ondemand.com",
    "space" : "dev",
    "region-domain" : "us10-003.hana.ondemand.com",
    "xs-api-url" : "https://api.cf.us10-003.hana.ondemand.com",
    "deploy-url" : "deploy-service.cfapps.us10-003.hana.ondemand.com",
    "xs-type" : "CF",
    "default-domain" : "cfapps.us10-003.hana.ondemand.com",
    "mta-version" : "1.0.0",
    "xs-auth-url" : "********",
    "space-guid" : "039a1fe6-69a4-4c1e-9b8f-a64d47329d3e",
    "user" : "********",
    "controller-url" : "https://api.cf.us10-003.hana.ondemand.com",
    "timestamp" : "20260826153526"
  },
  "parametersMetadata" : {
    "metadata" : { }
  }
}#
#2026 08 26 15:35:45.233#Z#DEBUG#c28227b5-a163-11f1-b062-eeee0a986ec4.OPERATION#flowable-async-job-executor-thread-1255#
[ProcessDescriptorStep] Merged descriptor properties and parameters resolved#
#2026 08 26 15:35:45.233#Z#DEBUG#c28227b5-a163-11f1-b062-eeee0a986ec4.OPERATION#flowable-async-job-executor-thread-1255#
Step "Re-Process Descriptor Step" finished#
#2026 08 26 15:35:45.254#Z#DEBUG#c28227b5-a163-11f1-b062-eeee0a986ec4.OPERATION#flowable-async-job-executor-thread-1255#
[BuildApplicationDeployModelStep] Executing task "buildApplicationDeployModelTask" of process "cdca57ad-a163-11f1-9c91-eeee0a8eaebf"...#
#2026 08 26 15:35:45.255#Z#DEBUG#c28227b5-a163-11f1-b062-eeee0a986ec4.OPERATION#flowable-async-job-executor-thread-1255#
[BuildApplicationDeployModelStep] Building cloud deployment model for application "ResilienceCockpit-srv"...#
#2026 08 26 15:35:45.260#Z#DEBUG#c28227b5-a163-11f1-b062-eeee0a986ec4.OPERATION#flowable-async-job-executor-thread-1255#
[BuildApplicationDeployModelStep] No health-check-type is specified. Setting default type: port#
#2026 08 26 15:35:45.261#Z#INFO#c28227b5-a163-11f1-b062-eeee0a986ec4.OPERATION#flowable-async-job-executor-thread-1255#
[BuildApplicationDeployModelStep] Building configuration entries for org 94060551trial, space dev, spaceId 039a1fe6-69a4-4c1e-9b8f-a64d47329d3e and namespace null!#
#2026 08 26 15:35:45.261#Z#DEBUG#c28227b5-a163-11f1-b062-eeee0a986ec4.OPERATION#flowable-async-job-executor-thread-1255#
[BuildApplicationDeployModelStep] Configuration entries to publish: [ ]#
#2026 08 26 15:35:45.261#Z#DEBUG#c28227b5-a163-11f1-b062-eeee0a986ec4.OPERATION#flowable-async-job-executor-thread-1255#
[BuildApplicationDeployModelStep] Cloud deployment model for application built#
#2026 08 26 15:35:45.261#Z#DEBUG#c28227b5-a163-11f1-b062-eeee0a986ec4.OPERATION#flowable-async-job-executor-thread-1255#
Step "Build Application Deploy Model" finished#
#2026 08 26 15:35:45.286#Z#DEBUG#c28227b5-a163-11f1-b062-eeee0a986ec4.OPERATION#flowable-async-job-executor-thread-1255#
[CreateOrUpdateAppStep] Executing task "createAppTask" of process "cdca57ad-a163-11f1-9c91-eeee0a8eaebf"...#
#2026 08 26 15:35:45.287#Z#DEBUG#c28227b5-a163-11f1-b062-eeee0a986ec4.OPERATION#flowable-async-job-executor-thread-1255#
[CreateOrUpdateAppStep] Getting application "ResilienceCockpit-srv"...#
#2026 08 26 15:35:45.316#Z#INFO#c28227b5-a163-11f1-b062-eeee0a986ec4.OPERATION#flowable-async-job-executor-thread-1255#
[CreateOrUpdateAppStep] Updating application "ResilienceCockpit-srv"...#
#2026 08 26 15:35:45.320#Z#DEBUG#c28227b5-a163-11f1-b062-eeee0a986ec4.OPERATION#flowable-async-job-executor-thread-1255#
[CreateOrUpdateAppStep] Getting process for application "846298f7-a9cf-4b9f-a20b-63e370407f6e"...#
#2026 08 26 15:35:45.361#Z#DEBUG#c28227b5-a163-11f1-b062-eeee0a986ec4.OPERATION#flowable-async-job-executor-thread-1255#
[CreateOrUpdateAppStep] Getting routes for application "846298f7-a9cf-4b9f-a20b-63e370407f6e"...#
#2026 08 26 15:35:45.398#Z#DEBUG#c28227b5-a163-11f1-b062-eeee0a986ec4.OPERATION#flowable-async-job-executor-thread-1255#
[CreateOrUpdateAppStep] Getting features for application "846298f7-a9cf-4b9f-a20b-63e370407f6e"#
#2026 08 26 15:35:45.423#Z#DEBUG#c28227b5-a163-11f1-b062-eeee0a986ec4.OPERATION#flowable-async-job-executor-thread-1255#
[CreateOrUpdateAppStep] Updating staging of application "ResilienceCockpit-srv" to: {
  "buildpacks" : [ "nodejs_buildpack" ],
  "healthCheckType" : "port",
  "appFeatures" : { }
}#
#2026 08 26 15:35:45.600#Z#DEBUG#c28227b5-a163-11f1-b062-eeee0a986ec4.OPERATION#flowable-async-job-executor-thread-1255#
[CreateOrUpdateAppStep] Application "ResilienceCockpit-srv" updated#
#2026 08 26 15:35:45.600#Z#DEBUG#c28227b5-a163-11f1-b062-eeee0a986ec4.OPERATION#flowable-async-job-executor-thread-1255#
[CreateOrUpdateAppStep] Getting environment of application "846298f7-a9cf-4b9f-a20b-63e370407f6e"...#
#2026 08 26 15:35:45.667#Z#DEBUG#c28227b5-a163-11f1-b062-eeee0a986ec4.OPERATION#flowable-async-job-executor-thread-1255#
[CreateOrUpdateAppStep] Application "ResilienceCockpit-srv" updated#
#2026 08 26 15:35:45.667#Z#DEBUG#c28227b5-a163-11f1-b062-eeee0a986ec4.OPERATION#flowable-async-job-executor-thread-1255#
Step "Create App" finished#
#2026 08 26 15:35:45.740#Z#DEBUG#c28227b5-a163-11f1-b062-eeee0a986ec4.OPERATION#flowable-async-job-executor-thread-1255#
[CheckServiceBindingOperationStep] Executing task "checkForServiceBindingOperationInProgress" of process "ce1e4374-a163-11f1-9c91-eeee0a8eaebf"...#
#2026 08 26 15:35:45.740#Z#DEBUG#c28227b5-a163-11f1-b062-eeee0a986ec4.OPERATION#flowable-async-job-executor-thread-1255#
[CheckServiceBindingOperationStep] Checking for service binding operation in progress between app "ResilienceCockpit-srv" and service instance "ResilienceCockpit-auth"#
#2026 08 26 15:35:45.740#Z#DEBUG#c28227b5-a163-11f1-b062-eeee0a986ec4.OPERATION#flowable-async-job-executor-thread-1255#
[CheckServiceBindingOperationStep] Getting application guid "ResilienceCockpit-srv"...#
#2026 08 26 15:35:45.775#Z#DEBUG#c28227b5-a163-11f1-b062-eeee0a986ec4.OPERATION#flowable-async-job-executor-thread-1255#
[CheckServiceBindingOperationStep] Getting GUID of required service instance "ResilienceCockpit-auth"...#
#2026 08 26 15:35:45.804#Z#DEBUG#c28227b5-a163-11f1-b062-eeee0a986ec4.OPERATION#flowable-async-job-executor-thread-1255#
[CheckServiceBindingOperationStep] Getting binding of service instance "a4201f74-f0ad-456c-947a-8ce52d2ae7ca" with application "846298f7-a9cf-4b9f-a20b-63e370407f6e"...#
#2026 08 26 15:35:45.836#Z#DEBUG#c28227b5-a163-11f1-b062-eeee0a986ec4.OPERATION#flowable-async-job-executor-thread-1255#
[CheckServiceBindingOperationStep] Service binding operation "7695ae5d-b207-4060-a19b-da387031a7be" with type "create" is in state "succeeded"#
#2026 08 26 15:35:45.836#Z#DEBUG#c28227b5-a163-11f1-b062-eeee0a986ec4.OPERATION#flowable-async-job-executor-thread-1255#
Step "Check For Service Binding Operation In Progress" finished#
#2026 08 26 15:35:45.856#Z#DEBUG#c28227b5-a163-11f1-b062-eeee0a986ec4.OPERATION#flowable-async-job-executor-thread-1255#
[DetermineApplicationServiceBindingActionsStep] Executing task "determineApplicationServiceBindingActionsTask" of process "ce1e4374-a163-11f1-9c91-eeee0a8eaebf"...#
#2026 08 26 15:35:45.857#Z#DEBUG#c28227b5-a163-11f1-b062-eeee0a986ec4.OPERATION#flowable-async-job-executor-thread-1255#
[DetermineApplicationServiceBindingActionsStep] Determine bind/unbind operations of application "ResilienceCockpit-srv" to service instance "ResilienceCockpit-auth"#
#2026 08 26 15:35:45.857#Z#DEBUG#c28227b5-a163-11f1-b062-eeee0a986ec4.OPERATION#flowable-async-job-executor-thread-1255#
[DetermineApplicationServiceBindingActionsStep] Getting application "ResilienceCockpit-srv"...#
#2026 08 26 15:35:45.882#Z#DEBUG#c28227b5-a163-11f1-b062-eeee0a986ec4.OPERATION#flowable-async-job-executor-thread-1255#
[DetermineApplicationServiceBindingActionsStep] Binding parameters for application "ResilienceCockpit-srv": { }#
#2026 08 26 15:35:45.912#Z#DEBUG#c28227b5-a163-11f1-b062-eeee0a986ec4.OPERATION#flowable-async-job-executor-thread-1255#
[DetermineApplicationServiceBindingActionsStep] Check should rebind application "ResilienceCockpit-srv" and service instance "ResilienceCockpit-auth"#
#2026 08 26 15:35:45.912#Z#DEBUG#c28227b5-a163-11f1-b062-eeee0a986ec4.OPERATION#flowable-async-job-executor-thread-1255#
[DetermineApplicationServiceBindingActionsStep] Getting GUID of required service instance "ResilienceCockpit-auth"...#
#2026 08 26 15:35:45.955#Z#DEBUG#c28227b5-a163-11f1-b062-eeee0a986ec4.OPERATION#flowable-async-job-executor-thread-1255#
[DetermineApplicationServiceBindingActionsStep] Getting binding of service instance "a4201f74-f0ad-456c-947a-8ce52d2ae7ca" with application "846298f7-a9cf-4b9f-a20b-63e370407f6e"...#
#2026 08 26 15:35:45.986#Z#DEBUG#c28227b5-a163-11f1-b062-eeee0a986ec4.OPERATION#flowable-async-job-executor-thread-1255#
[DetermineApplicationServiceBindingActionsStep] Getting parameters of service binding "7695ae5d-b207-4060-a19b-da387031a7be"...#
#2026 08 26 15:35:46.014#Z#WARN#c28227b5-a163-11f1-b062-eeee0a986ec4.OPERATION#flowable-async-job-executor-thread-1255#
[DetermineApplicationServiceBindingActionsStep] Cannot retrieve parameters of binding between application "ResilienceCockpit-srv" and service instance "ResilienceCockpit-auth"#
#2026 08 26 15:35:46.015#Z#DEBUG#c28227b5-a163-11f1-b062-eeee0a986ec4.OPERATION#flowable-async-job-executor-thread-1255#
[DetermineApplicationServiceBindingActionsStep] Calculated binding operations between application "ResilienceCockpit-srv" and service instance "ResilienceCockpit-auth": unbind - true bind - true#
#2026 08 26 15:35:46.015#Z#DEBUG#c28227b5-a163-11f1-b062-eeee0a986ec4.OPERATION#flowable-async-job-executor-thread-1255#
Step "Determine Application Service Binding Actions" finished#
#2026 08 26 15:35:46.040#Z#DEBUG#c28227b5-a163-11f1-b062-eeee0a986ec4.OPERATION#flowable-async-job-executor-thread-1255#
[UnbindServiceFromApplicationStep] Executing task "unbindServiceFromApplicationTask" of process "ce1e4374-a163-11f1-9c91-eeee0a8eaebf"...#
#2026 08 26 15:35:46.042#Z#INFO#c28227b5-a163-11f1-b062-eeee0a986ec4.OPERATION#flowable-async-job-executor-thread-1255#
[UnbindServiceFromApplicationStep] Unbinding service instance "ResilienceCockpit-auth" from application "ResilienceCockpit-srv"...#
#2026 08 26 15:35:46.045#Z#DEBUG#c28227b5-a163-11f1-b062-eeee0a986ec4.OPERATION#flowable-async-job-executor-thread-1255#
[UnbindServiceFromApplicationStep] Unbinding application "ResilienceCockpit-srv" from service instance "ResilienceCockpit-auth"...#
#2026 08 26 15:35:46.186#Z#DEBUG#c28227b5-a163-11f1-b062-eeee0a986ec4.OPERATION#flowable-async-job-executor-thread-1255#
Step "Unbind Service from Application" finished#
#2026 08 26 15:35:46.655#Z#DEBUG#c28227b5-a163-11f1-b062-eeee0a986ec4.OPERATION#flowable-async-job-executor-thread-1250#
[ProcessDescriptorStep] Executing task "reprocessDescriptorTask" of process "cea045a0-a163-11f1-9c91-eeee0a8eaebf"...#
#2026 08 26 15:35:46.656#Z#DEBUG#c28227b5-a163-11f1-b062-eeee0a986ec4.OPERATION#flowable-async-job-executor-thread-1250#
[ProcessDescriptorStep] Resolving properties and parameters in merged descriptor...#
#2026 08 26 15:35:46.660#Z#DEBUG#c28227b5-a163-11f1-b062-eeee0a986ec4.OPERATION#flowable-async-job-executor-thread-1250#
[ProcessDescriptorStep] Subscriptions: [ ]#
#2026 08 26 15:35:46.666#Z#DEBUG#c28227b5-a163-11f1-b062-eeee0a986ec4.OPERATION#flowable-async-job-executor-thread-1250#
[ProcessDescriptorStep] MTA modules: [ResilienceCockpit-srv, ResilienceCockpit-app-deployer, ResilienceCockpit-destination-content, ResilienceCockpit-db-deployer]#
#2026 08 26 15:35:46.669#Z#DEBUG#c28227b5-a163-11f1-b062-eeee0a986ec4.OPERATION#flowable-async-job-executor-thread-1250#
[ProcessDescriptorStep] Resolved deployment descriptor: {
  "majorSchemaVersion" : 3,
  "schemaVersion" : "3.3.0",
  "id" : "ResilienceCockpit",
  "version" : "1.0.0",
  "modules" : [ {
    "majorSchemaVersion" : 3,
    "name" : "ResilienceCockpit-srv",
    "type" : "javascript.nodejs",
    "path" : "ResilienceCockpit-srv",
    "properties" : { },
    "parameters" : {
      "default-url" : "https://94060551trial-dev-resiliencecockpit-srv.cfapps.us10-003.hana.ondemand.com",
      "default-app-name" : "ResilienceCockpit-srv",
      "generated-password" : "********",
      "default-live-url" : "https://94060551trial-dev-resiliencecockpit-srv.cfapps.us10-003.hana.ondemand.com",
      "default-uri" : "94060551trial-dev-resiliencecockpit-srv.cfapps.us10-003.hana.ondemand.com",
      "default-instances" : 1,
      "default-live-host" : "94060551trial-dev-resiliencecockpit-srv",
      "instances" : 1,
      "buildpack" : "nodejs_buildpack",
      "default-host" : "94060551trial-dev-resiliencecockpit-srv",
      "app-name" : "ResilienceCockpit-srv",
      "default-live-uri" : "94060551trial-dev-resiliencecockpit-srv.cfapps.us10-003.hana.ondemand.com",
      "protocol" : "https",
      "default-live-app-name" : "ResilienceCockpit-srv",
      "default-live-domain" : "cfapps.us10-003.hana.ondemand.com",
      "domain" : "cfapps.us10-003.hana.ondemand.com",
      "host" : "94060551trial-dev-resiliencecockpit-srv",
      "generated-user" : "********"
    },
    "requiredDependencies" : [ {
      "majorSchemaVersion" : 3,
      "name" : "********",
      "properties" : { },
      "parameters" : { },
      "propertiesMetadata" : {
        "metadata" : { }
      },
      "parametersMetadata" : {
        "metadata" : { }
      }
    }, {
      "majorSchemaVersion" : 3,
      "name" : "ResilienceCockpit-db",
      "properties" : { },
      "parameters" : { },
      "propertiesMetadata" : {
        "metadata" : { }
      },
      "parametersMetadata" : {
        "metadata" : { }
      }
    }, {
      "majorSchemaVersion" : 3,
      "name" : "ResilienceCockpit-connectivity",
      "properties" : { },
      "parameters" : { },
      "propertiesMetadata" : {
        "metadata" : { }
      },
      "parametersMetadata" : {
        "metadata" : { }
      }
    }, {
      "majorSchemaVersion" : 3,
      "name" : "ResilienceCockpit-destination",
      "properties" : { },
      "parameters" : { },
      "propertiesMetadata" : {
        "metadata" : { }
      },
      "parametersMetadata" : {
        "metadata" : { }
      }
    }, {
      "majorSchemaVersion" : 3,
      "name" : "ResilienceCockpit-logging",
      "properties" : { },
      "parameters" : { },
      "propertiesMetadata" : {
        "metadata" : { }
      },
      "parametersMetadata" : {
        "metadata" : { }
      }
    } ],
    "providedDependencies" : [ {
      "majorSchemaVersion" : 3,
      "name" : "srv-api",
      "isPublic" : false,
      "properties" : {
        "srv-url" : "https://94060551trial-dev-resiliencecockpit-srv.cfapps.us10-003.hana.ondemand.com"
      },
      "parameters" : { },
      "propertiesMetadata" : {
        "metadata" : { }
      },
      "parametersMetadata" : {
        "metadata" : { }
      }
    }, {
      "majorSchemaVersion" : 3,
      "name" : "ResilienceCockpit-srv",
      "isPublic" : false,
      "properties" : { },
      "parameters" : { },
      "propertiesMetadata" : {
        "metadata" : { }
      },
      "parametersMetadata" : {
        "metadata" : { }
      }
    } ],
    "propertiesMetadata" : {
      "metadata" : { }
    },
    "parametersMetadata" : {
      "metadata" : { }
    },
    "hooks" : [ ]
  }, {
    "majorSchemaVersion" : 3,
    "name" : "ResilienceCockpit-db-deployer",
    "type" : "com.sap.xs.hdi",
    "path" : "ResilienceCockpit-db-deployer",
    "properties" : {
      "EXIT" : 1
    },
    "parameters" : {
      "default-url" : "https://94060551trial-dev-resiliencecockpit-db-deployer.cfapps.us10-003.hana.ondemand.com",
      "default-app-name" : "ResilienceCockpit-db-deployer",
      "generated-password" : "********",
      "default-live-url" : "https://94060551trial-dev-resiliencecockpit-db-deployer.cfapps.us10-003.hana.ondemand.com",
      "default-uri" : "94060551trial-dev-resiliencecockpit-db-deployer.cfapps.us10-003.hana.ondemand.com",
      "memory" : "256M",
      "default-instances" : 1,
      "no-route" : true,
      "default-live-host" : "94060551trial-dev-resiliencecockpit-db-deployer",
      "instances" : 1,
      "buildpack" : "nodejs_buildpack",
      "default-host" : "94060551trial-dev-resiliencecockpit-db-deployer",
      "app-name" : "ResilienceCockpit-db-deployer",
      "default-live-uri" : "94060551trial-dev-resiliencecockpit-db-deployer.cfapps.us10-003.hana.ondemand.com",
      "protocol" : "https",
      "default-live-app-name" : "ResilienceCockpit-db-deployer",
      "default-live-domain" : "cfapps.us10-003.hana.ondemand.com",
      "dependency-type" : "hard",
      "domain" : "cfapps.us10-003.hana.ondemand.com",
      "host" : "94060551trial-dev-resiliencecockpit-db-deployer",
      "generated-user" : "********",
      "tasks" : [ {
        "command" : "npm start",
        "memory" : "256M",
        "name" : "deploy"
      } ],
      "no-start" : true
    },
    "requiredDependencies" : [ {
      "majorSchemaVersion" : 3,
      "name" : "ResilienceCockpit-db",
      "properties" : { },
      "parameters" : { },
      "propertiesMetadata" : {
        "metadata" : { }
      },
      "parametersMetadata" : {
        "metadata" : { }
      }
    } ],
    "providedDependencies" : [ {
      "majorSchemaVersion" : 3,
      "name" : "ResilienceCockpit-db-deployer",
      "isPublic" : false,
      "properties" : { },
      "parameters" : { },
      "propertiesMetadata" : {
        "metadata" : { }
      },
      "parametersMetadata" : {
        "metadata" : { }
      }
    } ],
    "propertiesMetadata" : {
      "metadata" : { }
    },
    "parametersMetadata" : {
      "metadata" : { }
    },
    "hooks" : [ ]
  }, {
    "majorSchemaVersion" : 3,
    "name" : "ResilienceCockpit-app-deployer",
    "type" : "com.sap.application.content",
    "path" : "ResilienceCockpit-app-deployer",
    "properties" : { },
    "parameters" : {
      "default-url" : "https://94060551trial-dev-resiliencecockpit-app-deployer.cfapps.us10-003.hana.ondemand.com",
      "default-app-name" : "ResilienceCockpit-app-deployer",
      "generated-password" : "********",
      "default-live-url" : "https://94060551trial-dev-resiliencecockpit-app-deployer.cfapps.us10-003.hana.ondemand.com",
      "default-uri" : "94060551trial-dev-resiliencecockpit-app-deployer.cfapps.us10-003.hana.ondemand.com",
      "default-instances" : 1,
      "default-live-host" : "94060551trial-dev-resiliencecockpit-app-deployer",
      "instances" : 1,
      "default-host" : "94060551trial-dev-resiliencecockpit-app-deployer",
      "app-name" : "ResilienceCockpit-app-deployer",
      "default-live-uri" : "94060551trial-dev-resiliencecockpit-app-deployer.cfapps.us10-003.hana.ondemand.com",
      "protocol" : "https",
      "default-live-app-name" : "ResilienceCockpit-app-deployer",
      "default-live-domain" : "cfapps.us10-003.hana.ondemand.com",
      "domain" : "cfapps.us10-003.hana.ondemand.com",
      "host" : "94060551trial-dev-resiliencecockpit-app-deployer",
      "generated-user" : "********"
    },
    "requiredDependencies" : [ {
      "majorSchemaVersion" : 3,
      "name" : "********",
      "properties" : { },
      "parameters" : { },
      "propertiesMetadata" : {
        "metadata" : { }
      },
      "parametersMetadata" : {
        "metadata" : { }
      }
    }, {
      "majorSchemaVersion" : 3,
      "name" : "srv-api",
      "properties" : { },
      "parameters" : { },
      "propertiesMetadata" : {
        "metadata" : { }
      },
      "parametersMetadata" : {
        "metadata" : { }
      }
    }, {
      "majorSchemaVersion" : 3,
      "name" : "ResilienceCockpit-html5-repo-host",
      "properties" : { },
      "parameters" : {
        "config" : {
          "HTML5Runtime_enabled" : false
        },
        "content-target" : true
      },
      "propertiesMetadata" : {
        "metadata" : { }
      },
      "parametersMetadata" : {
        "metadata" : { }
      }
    } ],
    "providedDependencies" : [ {
      "majorSchemaVersion" : 3,
      "name" : "ResilienceCockpit-app-deployer",
      "isPublic" : false,
      "properties" : { },
      "parameters" : { },
      "propertiesMetadata" : {
        "metadata" : { }
      },
      "parametersMetadata" : {
        "metadata" : { }
      }
    } ],
    "propertiesMetadata" : {
      "metadata" : { }
    },
    "parametersMetadata" : {
      "metadata" : { }
    },
    "hooks" : [ ]
  }, {
    "majorSchemaVersion" : 3,
    "name" : "ResilienceCockpit-destination-content",
    "type" : "com.sap.application.content",
    "properties" : { },
    "parameters" : {
      "default-url" : "https://94060551trial-dev-resiliencecockpit-destination-content.cfapps.us10-003.hana.ondemand.com",
      "default-app-name" : "ResilienceCockpit-destination-content",
      "generated-password" : "********",
      "default-live-url" : "https://94060551trial-dev-resiliencecockpit-destination-content.cfapps.us10-003.hana.ondemand.com",
      "default-uri" : "94060551trial-dev-resiliencecockpit-destination-content.cfapps.us10-003.hana.ondemand.com",
      "default-instances" : 1,
      "default-live-host" : "94060551trial-dev-resiliencecockpit-destination-content",
      "instances" : 1,
      "default-host" : "94060551trial-dev-resiliencecockpit-destination-content",
      "content" : {
        "instance" : {
          "destinations" : [ {
            "Authentication" : "********",
            "Name" : "srv-api",
            "TokenServiceInstanceName" : "********",
            "TokenServiceKeyName" : "********",
            "URL" : "https://94060551trial-dev-resiliencecockpit-srv.cfapps.us10-003.hana.ondemand.com"
          }, {
            "Name" : "ResilienceCockpit-html5-repo-host",
            "ServiceInstanceName" : "ResilienceCockpit-html5-repo-host",
            "ServiceKeyName" : "********",
            "sap.cloud.service" : "nexus"
          }, {
            "Authentication" : "********",
            "Name" : "********",
            "ServiceInstanceName" : "********",
            "ServiceKeyName" : "********"
          } ],
          "existing_destinations_policy" : "update"
        }
      },
      "app-name" : "ResilienceCockpit-destination-content",
      "default-live-uri" : "94060551trial-dev-resiliencecockpit-destination-content.cfapps.us10-003.hana.ondemand.com",
      "protocol" : "https",
      "default-live-app-name" : "ResilienceCockpit-destination-content",
      "default-live-domain" : "cfapps.us10-003.hana.ondemand.com",
      "domain" : "cfapps.us10-003.hana.ondemand.com",
      "host" : "94060551trial-dev-resiliencecockpit-destination-content",
      "generated-user" : "********"
    },
    "requiredDependencies" : [ {
      "majorSchemaVersion" : 3,
      "name" : "********",
      "properties" : { },
      "parameters" : {
        "service-key" : "********"
      },
      "propertiesMetadata" : {
        "metadata" : { }
      },
      "parametersMetadata" : {
        "metadata" : { }
      }
    }, {
      "majorSchemaVersion" : 3,
      "name" : "ResilienceCockpit-html5-repo-host",
      "properties" : { },
      "parameters" : {
        "service-key" : "********"
      },
      "propertiesMetadata" : {
        "metadata" : { }
      },
      "parametersMetadata" : {
        "metadata" : { }
      }
    }, {
      "majorSchemaVersion" : 3,
      "name" : "srv-api",
      "properties" : { },
      "parameters" : { },
      "propertiesMetadata" : {
        "metadata" : { }
      },
      "parametersMetadata" : {
        "metadata" : { }
      }
    }, {
      "majorSchemaVersion" : 3,
      "name" : "ResilienceCockpit-destination",
      "properties" : { },
      "parameters" : {
        "content-target" : true
      },
      "propertiesMetadata" : {
        "metadata" : { }
      },
      "parametersMetadata" : {
        "metadata" : { }
      }
    } ],
    "providedDependencies" : [ {
      "majorSchemaVersion" : 3,
      "name" : "ResilienceCockpit-destination-content",
      "isPublic" : false,
      "properties" : { },
      "parameters" : { },
      "propertiesMetadata" : {
        "metadata" : { }
      },
      "parametersMetadata" : {
        "metadata" : { }
      }
    } ],
    "propertiesMetadata" : {
      "metadata" : { }
    },
    "parametersMetadata" : {
      "metadata" : { }
    },
    "hooks" : [ ]
  } ],
  "resources" : [ {
    "majorSchemaVersion" : 3,
    "name" : "********",
    "type" : "org.cloudfoundry.managed-service",
    "properties" : { },
    "parameters" : {
      "generated-password" : "********",
      "path" : "./xs-security.json",
      "service-name" : "********",
      "service-plan" : "application",
      "service" : "xsuaa",
      "generated-user" : "********",
      "default-xsappname" : "********",
      "type" : "managed-service",
      "config" : {
        "oauth2-configuration" : "********",
        "tenant-mode" : "dedicated",
        "xsappname" : "ResilienceCockpit-94060551trial-dev"
      },
      "default-service-name" : "********",
      "default-container-name" : "********"
    },
    "isActive" : true,
    "isOptional" : false,
    "propertiesMetadata" : {
      "metadata" : { }
    },
    "parametersMetadata" : {
      "metadata" : { }
    },
    "requiredDependencies" : [ ],
    "processedAfter" : [ ]
  }, {
    "majorSchemaVersion" : 3,
    "name" : "ResilienceCockpit-db",
    "type" : "com.sap.xs.hdi-container",
    "properties" : { },
    "parameters" : {
      "generated-password" : "********",
      "service-name" : "ResilienceCockpit-db",
      "service-plan" : "hdi-shared",
      "service" : "hana",
      "generated-user" : "********",
      "default-xsappname" : "ResilienceCockpit-db",
      "type" : "managed-service",
      "default-service-name" : "ResilienceCockpit-db",
      "default-container-name" : "94060551TRIAL_DEV_RESILIENCECOCKPIT_DB"
    },
    "isActive" : true,
    "isOptional" : false,
    "propertiesMetadata" : {
      "metadata" : { }
    },
    "parametersMetadata" : {
      "metadata" : { }
    },
    "requiredDependencies" : [ ],
    "processedAfter" : [ ]
  }, {
    "majorSchemaVersion" : 3,
    "name" : "ResilienceCockpit-connectivity",
    "type" : "org.cloudfoundry.managed-service",
    "properties" : { },
    "parameters" : {
      "generated-password" : "********",
      "service-name" : "ResilienceCockpit-connectivity",
      "service-plan" : "lite",
      "service" : "connectivity",
      "generated-user" : "********",
      "default-xsappname" : "ResilienceCockpit-connectivity",
      "type" : "managed-service",
      "default-service-name" : "ResilienceCockpit-connectivity",
      "default-container-name" : "94060551TRIAL_DEV_RESILIENCECOCKPIT_CONNECTIVITY"
    },
    "isActive" : true,
    "isOptional" : false,
    "propertiesMetadata" : {
      "metadata" : { }
    },
    "parametersMetadata" : {
      "metadata" : { }
    },
    "requiredDependencies" : [ ],
    "processedAfter" : [ ]
  }, {
    "majorSchemaVersion" : 3,
    "name" : "ResilienceCockpit-destination",
    "type" : "org.cloudfoundry.managed-service",
    "properties" : { },
    "parameters" : {
      "generated-password" : "********",
      "service-name" : "ResilienceCockpit-destination",
      "service-plan" : "lite",
      "service" : "destination",
      "generated-user" : "********",
      "default-xsappname" : "ResilienceCockpit-destination",
      "type" : "managed-service",
      "config" : {
        "HTML5Runtime_enabled" : true,
        "init_data" : {
          "instance" : {
            "destinations" : [ {
              "Authentication" : "********",
              "Name" : "ui5",
              "ProxyType" : "Internet",
              "Type" : "HTTP",
              "URL" : "https://ui5.sap.com"
            }, {
              "Authentication" : "********",
              "HTML5.DynamicDestination" : true,
              "HTML5.ForwardAuthToken" : "********",
              "Name" : "srv-api",
              "ProxyType" : "Internet",
              "Type" : "HTTP",
              "URL" : "https://94060551trial-dev-resiliencecockpit-srv.cfapps.us10-003.hana.ondemand.com"
            } ],
            "existing_destinations_policy" : "update"
          }
        }
      },
      "default-service-name" : "ResilienceCockpit-destination",
      "default-container-name" : "94060551TRIAL_DEV_RESILIENCECOCKPIT_DESTINATION"
    },
    "isActive" : true,
    "isOptional" : false,
    "propertiesMetadata" : {
      "metadata" : { }
    },
    "parametersMetadata" : {
      "metadata" : { }
    },
    "requiredDependencies" : [ {
      "majorSchemaVersion" : 3,
      "name" : "srv-api",
      "properties" : { },
      "parameters" : { },
      "propertiesMetadata" : {
        "metadata" : { }
      },
      "parametersMetadata" : {
        "metadata" : { }
      }
    } ],
    "processedAfter" : [ ]
  }, {
    "majorSchemaVersion" : 3,
    "name" : "ResilienceCockpit-html5-repo-host",
    "type" : "org.cloudfoundry.managed-service",
    "properties" : { },
    "parameters" : {
      "generated-password" : "********",
      "service-name" : "ResilienceCockpit-html5-repo-host",
      "service-plan" : "app-host",
      "service" : "html5-apps-repo",
      "generated-user" : "********",
      "default-xsappname" : "ResilienceCockpit-html5-repo-host",
      "type" : "managed-service",
      "default-service-name" : "ResilienceCockpit-html5-repo-host",
      "default-container-name" : "94060551TRIAL_DEV_RESILIENCECOCKPIT_HTML5_REPO_HOST"
    },
    "isActive" : true,
    "isOptional" : false,
    "propertiesMetadata" : {
      "metadata" : { }
    },
    "parametersMetadata" : {
      "metadata" : { }
    },
    "requiredDependencies" : [ ],
    "processedAfter" : [ ]
  }, {
    "majorSchemaVersion" : 3,
    "name" : "ResilienceCockpit-logging",
    "type" : "org.cloudfoundry.managed-service",
    "properties" : { },
    "parameters" : {
      "generated-password" : "********",
      "service-name" : "ResilienceCockpit-logging",
      "service-plan" : "lite",
      "service" : "application-logs",
      "generated-user" : "********",
      "default-xsappname" : "ResilienceCockpit-logging",
      "type" : "managed-service",
      "default-service-name" : "ResilienceCockpit-logging",
      "default-container-name" : "94060551TRIAL_DEV_RESILIENCECOCKPIT_LOGGING"
    },
    "isActive" : true,
    "isOptional" : false,
    "propertiesMetadata" : {
      "metadata" : { }
    },
    "parametersMetadata" : {
      "metadata" : { }
    },
    "requiredDependencies" : [ ],
    "processedAfter" : [ ]
  } ],
  "parameters" : {
    "deploy_mode" : "html5-repo",
    "mta-id" : "ResilienceCockpit",
    "authorization-url" : "********",
    "org-guid" : "78e7b825-503f-4bdc-af4e-be86d7f43c8e",
    "org" : "94060551trial",
    "deploy-target" : "94060551trial dev",
    "enable-parallel-deployments" : true,
    "region-primary-domain" : "us10.hana.ondemand.com",
    "space" : "dev",
    "region-domain" : "us10-003.hana.ondemand.com",
    "xs-api-url" : "https://api.cf.us10-003.hana.ondemand.com",
    "deploy-url" : "deploy-service.cfapps.us10-003.hana.ondemand.com",
    "xs-type" : "CF",
    "default-domain" : "cfapps.us10-003.hana.ondemand.com",
    "mta-version" : "1.0.0",
    "xs-auth-url" : "********",
    "space-guid" : "039a1fe6-69a4-4c1e-9b8f-a64d47329d3e",
    "user" : "********",
    "controller-url" : "https://api.cf.us10-003.hana.ondemand.com",
    "timestamp" : "20260826153526"
  },
  "parametersMetadata" : {
    "metadata" : { }
  }
}#
#2026 08 26 15:35:46.669#Z#DEBUG#c28227b5-a163-11f1-b062-eeee0a986ec4.OPERATION#flowable-async-job-executor-thread-1250#
[ProcessDescriptorStep] Merged descriptor properties and parameters resolved#
#2026 08 26 15:35:46.669#Z#DEBUG#c28227b5-a163-11f1-b062-eeee0a986ec4.OPERATION#flowable-async-job-executor-thread-1250#
Step "Re-Process Descriptor Step" finished#
#2026 08 26 15:35:46.693#Z#DEBUG#c28227b5-a163-11f1-b062-eeee0a986ec4.OPERATION#flowable-async-job-executor-thread-1250#
[BuildApplicationDeployModelStep] Executing task "buildApplicationDeployModelTask" of process "cea045a0-a163-11f1-9c91-eeee0a8eaebf"...#
#2026 08 26 15:35:46.694#Z#DEBUG#c28227b5-a163-11f1-b062-eeee0a986ec4.OPERATION#flowable-async-job-executor-thread-1250#
[BuildApplicationDeployModelStep] Building cloud deployment model for application "ResilienceCockpit-db-deployer"...#
#2026 08 26 15:35:46.698#Z#DEBUG#c28227b5-a163-11f1-b062-eeee0a986ec4.OPERATION#flowable-async-job-executor-thread-1250#
[BuildApplicationDeployModelStep] No health-check-type is specified. Setting default type: port#
#2026 08 26 15:35:46.699#Z#INFO#c28227b5-a163-11f1-b062-eeee0a986ec4.OPERATION#flowable-async-job-executor-thread-1250#
[BuildApplicationDeployModelStep] Building configuration entries for org 94060551trial, space dev, spaceId 039a1fe6-69a4-4c1e-9b8f-a64d47329d3e and namespace null!#
#2026 08 26 15:35:46.699#Z#DEBUG#c28227b5-a163-11f1-b062-eeee0a986ec4.OPERATION#flowable-async-job-executor-thread-1250#
[BuildApplicationDeployModelStep] Configuration entries to publish: [ ]#
#2026 08 26 15:35:46.699#Z#DEBUG#c28227b5-a163-11f1-b062-eeee0a986ec4.OPERATION#flowable-async-job-executor-thread-1250#
[BuildApplicationDeployModelStep] Cloud deployment model for application built#
#2026 08 26 15:35:46.699#Z#DEBUG#c28227b5-a163-11f1-b062-eeee0a986ec4.OPERATION#flowable-async-job-executor-thread-1250#
Step "Build Application Deploy Model" finished#
#2026 08 26 15:35:46.609#Z#DEBUG#c28227b5-a163-11f1-b062-eeee0a986ec4.OPERATION#flowable-async-job-executor-thread-1254#
[CheckServiceBindingOperationStep] Executing task "checkForServiceBindingOperationInProgress" of process "ce9dacea-a163-11f1-9c91-eeee0a8eaebf"...#
#2026 08 26 15:35:46.609#Z#DEBUG#c28227b5-a163-11f1-b062-eeee0a986ec4.OPERATION#flowable-async-job-executor-thread-1254#
[CheckServiceBindingOperationStep] Checking for service binding operation in progress between app "ResilienceCockpit-srv" and service instance "ResilienceCockpit-db"#
#2026 08 26 15:35:46.610#Z#DEBUG#c28227b5-a163-11f1-b062-eeee0a986ec4.OPERATION#flowable-async-job-executor-thread-1254#
[CheckServiceBindingOperationStep] Getting application guid "ResilienceCockpit-srv"...#
#2026 08 26 15:35:46.645#Z#DEBUG#c28227b5-a163-11f1-b062-eeee0a986ec4.OPERATION#flowable-async-job-executor-thread-1254#
[CheckServiceBindingOperationStep] Getting GUID of required service instance "ResilienceCockpit-db"...#
#2026 08 26 15:35:46.668#Z#DEBUG#c28227b5-a163-11f1-b062-eeee0a986ec4.OPERATION#flowable-async-job-executor-thread-1255#
[CheckServiceBindingOperationStep] Executing task "checkForServiceBindingOperationInProgress" of process "cea9e1ba-a163-11f1-9c91-eeee0a8eaebf"...#
#2026 08 26 15:35:46.668#Z#DEBUG#c28227b5-a163-11f1-b062-eeee0a986ec4.OPERATION#flowable-async-job-executor-thread-1255#
[CheckServiceBindingOperationStep] Checking for service binding operation in progress between app "ResilienceCockpit-srv" and service instance "ResilienceCockpit-logging"#
#2026 08 26 15:35:46.669#Z#DEBUG#c28227b5-a163-11f1-b062-eeee0a986ec4.OPERATION#flowable-async-job-executor-thread-1255#
[CheckServiceBindingOperationStep] Getting application guid "ResilienceCockpit-srv"...#
#2026 08 26 15:35:46.674#Z#DEBUG#c28227b5-a163-11f1-b062-eeee0a986ec4.OPERATION#flowable-async-job-executor-thread-1254#
[CheckServiceBindingOperationStep] Getting binding of service instance "793c82c4-0c29-4054-8664-8ad70f1aaf7d" with application "846298f7-a9cf-4b9f-a20b-63e370407f6e"...#
#2026 08 26 15:35:46.697#Z#DEBUG#c28227b5-a163-11f1-b062-eeee0a986ec4.OPERATION#flowable-async-job-executor-thread-1255#
[CheckServiceBindingOperationStep] Getting GUID of required service instance "ResilienceCockpit-logging"...#
#2026 08 26 15:35:46.713#Z#DEBUG#c28227b5-a163-11f1-b062-eeee0a986ec4.OPERATION#flowable-async-job-executor-thread-1254#
[CheckServiceBindingOperationStep] Service binding operation "7af3739a-f0a8-472f-b962-c8d6cfea5843" with type "create" is in state "succeeded"#
#2026 08 26 15:35:46.713#Z#DEBUG#c28227b5-a163-11f1-b062-eeee0a986ec4.OPERATION#flowable-async-job-executor-thread-1254#
Step "Check For Service Binding Operation In Progress" finished#
#2026 08 26 15:35:46.716#Z#DEBUG#c28227b5-a163-11f1-b062-eeee0a986ec4.OPERATION#flowable-async-job-executor-thread-1256#
[CheckServiceBindingOperationStep] Executing task "checkForServiceBindingOperationInProgress" of process "ceb1aa1a-a163-11f1-9c91-eeee0a8eaebf"...#
#2026 08 26 15:35:46.716#Z#DEBUG#c28227b5-a163-11f1-b062-eeee0a986ec4.OPERATION#flowable-async-job-executor-thread-1256#
[CheckServiceBindingOperationStep] Checking for service binding operation in progress between app "ResilienceCockpit-srv" and service instance "ResilienceCockpit-destination"#
#2026 08 26 15:35:46.717#Z#DEBUG#c28227b5-a163-11f1-b062-eeee0a986ec4.OPERATION#flowable-async-job-executor-thread-1256#
[CheckServiceBindingOperationStep] Getting application guid "ResilienceCockpit-srv"...#
#2026 08 26 15:35:46.719#Z#DEBUG#c28227b5-a163-11f1-b062-eeee0a986ec4.OPERATION#flowable-async-job-executor-thread-1255#
[CheckServiceBindingOperationStep] Getting binding of service instance "336ec7d3-cd56-4076-bb50-7f23f8654af2" with application "846298f7-a9cf-4b9f-a20b-63e370407f6e"...#
#2026 08 26 15:35:46.748#Z#DEBUG#c28227b5-a163-11f1-b062-eeee0a986ec4.OPERATION#flowable-async-job-executor-thread-1255#
[CheckServiceBindingOperationStep] Service binding operation "a13cba9f-af5e-4844-8250-26f88391cb22" with type "create" is in state "succeeded"#
#2026 08 26 15:35:46.748#Z#DEBUG#c28227b5-a163-11f1-b062-eeee0a986ec4.OPERATION#flowable-async-job-executor-thread-1255#
Step "Check For Service Binding Operation In Progress" finished#
#2026 08 26 15:35:46.748#Z#DEBUG#c28227b5-a163-11f1-b062-eeee0a986ec4.OPERATION#flowable-async-job-executor-thread-1256#
[CheckServiceBindingOperationStep] Getting GUID of required service instance "ResilienceCockpit-destination"...#
#2026 08 26 15:35:46.777#Z#DEBUG#c28227b5-a163-11f1-b062-eeee0a986ec4.OPERATION#flowable-async-job-executor-thread-1256#
[CheckServiceBindingOperationStep] Getting binding of service instance "b320a563-1340-4020-8574-566b1e2175a9" with application "846298f7-a9cf-4b9f-a20b-63e370407f6e"...#
#2026 08 26 15:35:46.814#Z#DEBUG#c28227b5-a163-11f1-b062-eeee0a986ec4.OPERATION#flowable-async-job-executor-thread-1256#
[CheckServiceBindingOperationStep] Service binding operation "53d00e65-bbee-4648-a75b-d1d859d771ce" with type "create" is in state "succeeded"#
#2026 08 26 15:35:46.814#Z#DEBUG#c28227b5-a163-11f1-b062-eeee0a986ec4.OPERATION#flowable-async-job-executor-thread-1256#
Step "Check For Service Binding Operation In Progress" finished#
#2026 08 26 15:35:46.763#Z#DEBUG#c28227b5-a163-11f1-b062-eeee0a986ec4.OPERATION#flowable-async-job-executor-thread-1251#
[BuildContentDeploymentConfigurationStep] Executing task "buildContentDeploymentConfigurationTask" of process "ceb469e1-a163-11f1-9c91-eeee0a8eaebf"...#
#2026 08 26 15:35:46.767#Z#DEBUG#c28227b5-a163-11f1-b062-eeee0a986ec4.OPERATION#ForkJoinPool-12-worker-1#
[BuildContentDeploymentConfigurationStep] Getting service key "ResilienceCockpit-app-deployer-ResilienceCockpit-html5-repo-host-credentials" for service instance "ResilienceCockpit-html5-repo-host"...#
#2026 08 26 15:35:46.767#Z#DEBUG#c28227b5-a163-11f1-b062-eeee0a986ec4.OPERATION#ForkJoinPool-12-worker-2#
[BuildContentDeploymentConfigurationStep] Getting service key "ResilienceCockpit-app-deployer-ResilienceCockpit-auth-credentials" for service instance "ResilienceCockpit-auth"...#
#2026 08 26 15:35:46.927#Z#INFO#c28227b5-a163-11f1-b062-eeee0a986ec4.OPERATION#ForkJoinPool-12-worker-1#
[BuildContentDeploymentConfigurationStep] Service key "ResilienceCockpit-app-deployer-ResilienceCockpit-html5-repo-host-credentials" for service "ResilienceCockpit-html5-repo-host" already exists#
#2026 08 26 15:35:46.933#Z#INFO#c28227b5-a163-11f1-b062-eeee0a986ec4.OPERATION#ForkJoinPool-12-worker-2#
[BuildContentDeploymentConfigurationStep] Service key "ResilienceCockpit-app-deployer-ResilienceCockpit-auth-credentials" for service "ResilienceCockpit-auth" already exists#
#2026 08 26 15:35:46.937#Z#DEBUG#c28227b5-a163-11f1-b062-eeee0a986ec4.OPERATION#flowable-async-job-executor-thread-1251#
Step "Build Content Deployment Configuration" finished#
#2026 08 26 15:35:46.746#Z#DEBUG#c28227b5-a163-11f1-b062-eeee0a986ec4.OPERATION#flowable-async-job-executor-thread-1254#
[DetermineApplicationServiceBindingActionsStep] Executing task "determineApplicationServiceBindingActionsTask" of process "ce9dacea-a163-11f1-9c91-eeee0a8eaebf"...#
#2026 08 26 15:35:46.748#Z#DEBUG#c28227b5-a163-11f1-b062-eeee0a986ec4.OPERATION#flowable-async-job-executor-thread-1254#
[DetermineApplicationServiceBindingActionsStep] Determine bind/unbind operations of application "ResilienceCockpit-srv" to service instance "ResilienceCockpit-db"#
#2026 08 26 15:35:46.748#Z#DEBUG#c28227b5-a163-11f1-b062-eeee0a986ec4.OPERATION#flowable-async-job-executor-thread-1254#
[DetermineApplicationServiceBindingActionsStep] Getting application "ResilienceCockpit-srv"...#
#2026 08 26 15:35:46.770#Z#DEBUG#c28227b5-a163-11f1-b062-eeee0a986ec4.OPERATION#flowable-async-job-executor-thread-1255#
[DetermineApplicationServiceBindingActionsStep] Executing task "determineApplicationServiceBindingActionsTask" of process "cea9e1ba-a163-11f1-9c91-eeee0a8eaebf"...#
#2026 08 26 15:35:46.771#Z#DEBUG#c28227b5-a163-11f1-b062-eeee0a986ec4.OPERATION#flowable-async-job-executor-thread-1255#
[DetermineApplicationServiceBindingActionsStep] Determine bind/unbind operations of application "ResilienceCockpit-srv" to service instance "ResilienceCockpit-logging"#
#2026 08 26 15:35:46.771#Z#DEBUG#c28227b5-a163-11f1-b062-eeee0a986ec4.OPERATION#flowable-async-job-executor-thread-1255#
[DetermineApplicationServiceBindingActionsStep] Getting application "ResilienceCockpit-srv"...#
#2026 08 26 15:35:46.802#Z#DEBUG#c28227b5-a163-11f1-b062-eeee0a986ec4.OPERATION#flowable-async-job-executor-thread-1254#
[DetermineApplicationServiceBindingActionsStep] Binding parameters for application "ResilienceCockpit-srv": { }#
#2026 08 26 15:35:46.802#Z#DEBUG#c28227b5-a163-11f1-b062-eeee0a986ec4.OPERATION#flowable-async-job-executor-thread-1255#
[DetermineApplicationServiceBindingActionsStep] Binding parameters for application "ResilienceCockpit-srv": { }#
#2026 08 26 15:35:46.834#Z#DEBUG#c28227b5-a163-11f1-b062-eeee0a986ec4.OPERATION#flowable-async-job-executor-thread-1256#
[DetermineApplicationServiceBindingActionsStep] Executing task "determineApplicationServiceBindingActionsTask" of process "ceb1aa1a-a163-11f1-9c91-eeee0a8eaebf"...#
#2026 08 26 15:35:46.835#Z#DEBUG#c28227b5-a163-11f1-b062-eeee0a986ec4.OPERATION#flowable-async-job-executor-thread-1255#
[DetermineApplicationServiceBindingActionsStep] Check should rebind application "ResilienceCockpit-srv" and service instance "ResilienceCockpit-logging"#
#2026 08 26 15:35:46.835#Z#DEBUG#c28227b5-a163-11f1-b062-eeee0a986ec4.OPERATION#flowable-async-job-executor-thread-1255#
[DetermineApplicationServiceBindingActionsStep] Getting GUID of required service instance "ResilienceCockpit-logging"...#
#2026 08 26 15:35:46.836#Z#DEBUG#c28227b5-a163-11f1-b062-eeee0a986ec4.OPERATION#flowable-async-job-executor-thread-1256#
[DetermineApplicationServiceBindingActionsStep] Determine bind/unbind operations of application "ResilienceCockpit-srv" to service instance "ResilienceCockpit-destination"#
#2026 08 26 15:35:46.836#Z#DEBUG#c28227b5-a163-11f1-b062-eeee0a986ec4.OPERATION#flowable-async-job-executor-thread-1256#
[DetermineApplicationServiceBindingActionsStep] Getting application "ResilienceCockpit-srv"...#
#2026 08 26 15:35:46.854#Z#DEBUG#c28227b5-a163-11f1-b062-eeee0a986ec4.OPERATION#flowable-async-job-executor-thread-1254#
[DetermineApplicationServiceBindingActionsStep] Check should rebind application "ResilienceCockpit-srv" and service instance "ResilienceCockpit-db"#
#2026 08 26 15:35:46.854#Z#DEBUG#c28227b5-a163-11f1-b062-eeee0a986ec4.OPERATION#flowable-async-job-executor-thread-1254#
[DetermineApplicationServiceBindingActionsStep] Getting GUID of required service instance "ResilienceCockpit-db"...#
#2026 08 26 15:35:46.862#Z#DEBUG#c28227b5-a163-11f1-b062-eeee0a986ec4.OPERATION#flowable-async-job-executor-thread-1256#
[DetermineApplicationServiceBindingActionsStep] Binding parameters for application "ResilienceCockpit-srv": { }#
#2026 08 26 15:35:46.864#Z#DEBUG#c28227b5-a163-11f1-b062-eeee0a986ec4.OPERATION#flowable-async-job-executor-thread-1255#
[DetermineApplicationServiceBindingActionsStep] Getting binding of service instance "336ec7d3-cd56-4076-bb50-7f23f8654af2" with application "846298f7-a9cf-4b9f-a20b-63e370407f6e"...#
#2026 08 26 15:35:46.888#Z#DEBUG#c28227b5-a163-11f1-b062-eeee0a986ec4.OPERATION#flowable-async-job-executor-thread-1254#
[DetermineApplicationServiceBindingActionsStep] Getting binding of service instance "793c82c4-0c29-4054-8664-8ad70f1aaf7d" with application "846298f7-a9cf-4b9f-a20b-63e370407f6e"...#
#2026 08 26 15:35:46.894#Z#DEBUG#c28227b5-a163-11f1-b062-eeee0a986ec4.OPERATION#flowable-async-job-executor-thread-1255#
[DetermineApplicationServiceBindingActionsStep] Getting parameters of service binding "a13cba9f-af5e-4844-8250-26f88391cb22"...#
#2026 08 26 15:35:46.895#Z#DEBUG#c28227b5-a163-11f1-b062-eeee0a986ec4.OPERATION#flowable-async-job-executor-thread-1256#
[DetermineApplicationServiceBindingActionsStep] Check should rebind application "ResilienceCockpit-srv" and service instance "ResilienceCockpit-destination"#
#2026 08 26 15:35:46.895#Z#DEBUG#c28227b5-a163-11f1-b062-eeee0a986ec4.OPERATION#flowable-async-job-executor-thread-1256#
[DetermineApplicationServiceBindingActionsStep] Getting GUID of required service instance "ResilienceCockpit-destination"...#
#2026 08 26 15:35:46.915#Z#DEBUG#c28227b5-a163-11f1-b062-eeee0a986ec4.OPERATION#flowable-async-job-executor-thread-1254#
[DetermineApplicationServiceBindingActionsStep] Getting parameters of service binding "7af3739a-f0a8-472f-b962-c8d6cfea5843"...#
#2026 08 26 15:35:46.926#Z#DEBUG#c28227b5-a163-11f1-b062-eeee0a986ec4.OPERATION#flowable-async-job-executor-thread-1256#
[DetermineApplicationServiceBindingActionsStep] Getting binding of service instance "b320a563-1340-4020-8574-566b1e2175a9" with application "846298f7-a9cf-4b9f-a20b-63e370407f6e"...#
#2026 08 26 15:35:46.938#Z#WARN#c28227b5-a163-11f1-b062-eeee0a986ec4.OPERATION#flowable-async-job-executor-thread-1255#
[DetermineApplicationServiceBindingActionsStep] Cannot retrieve parameters of binding between application "ResilienceCockpit-srv" and service instance "ResilienceCockpit-logging"#
#2026 08 26 15:35:46.939#Z#DEBUG#c28227b5-a163-11f1-b062-eeee0a986ec4.OPERATION#flowable-async-job-executor-thread-1255#
[DetermineApplicationServiceBindingActionsStep] Calculated binding operations between application "ResilienceCockpit-srv" and service instance "ResilienceCockpit-logging": unbind - true bind - true#
#2026 08 26 15:35:46.939#Z#DEBUG#c28227b5-a163-11f1-b062-eeee0a986ec4.OPERATION#flowable-async-job-executor-thread-1255#
Step "Determine Application Service Binding Actions" finished#
#2026 08 26 15:35:46.965#Z#DEBUG#c28227b5-a163-11f1-b062-eeee0a986ec4.OPERATION#flowable-async-job-executor-thread-1256#
[DetermineApplicationServiceBindingActionsStep] Getting parameters of service binding "53d00e65-bbee-4648-a75b-d1d859d771ce"...#
#2026 08 26 15:35:46.991#Z#WARN#c28227b5-a163-11f1-b062-eeee0a986ec4.OPERATION#flowable-async-job-executor-thread-1256#
[DetermineApplicationServiceBindingActionsStep] Cannot retrieve parameters of binding between application "ResilienceCockpit-srv" and service instance "ResilienceCockpit-destination"#
#2026 08 26 15:35:46.992#Z#DEBUG#c28227b5-a163-11f1-b062-eeee0a986ec4.OPERATION#flowable-async-job-executor-thread-1256#
[DetermineApplicationServiceBindingActionsStep] Calculated binding operations between application "ResilienceCockpit-srv" and service instance "ResilienceCockpit-destination": unbind - true bind - true#
#2026 08 26 15:35:46.992#Z#DEBUG#c28227b5-a163-11f1-b062-eeee0a986ec4.OPERATION#flowable-async-job-executor-thread-1256#
Step "Determine Application Service Binding Actions" finished#
#2026 08 26 15:35:46.738#Z#DEBUG#c28227b5-a163-11f1-b062-eeee0a986ec4.OPERATION#flowable-async-job-executor-thread-1250#
[CreateOrUpdateAppStep] Executing task "createAppTask" of process "cea045a0-a163-11f1-9c91-eeee0a8eaebf"...#
#2026 08 26 15:35:46.739#Z#DEBUG#c28227b5-a163-11f1-b062-eeee0a986ec4.OPERATION#flowable-async-job-executor-thread-1250#
[CreateOrUpdateAppStep] Getting application "ResilienceCockpit-db-deployer"...#
#2026 08 26 15:35:46.768#Z#INFO#c28227b5-a163-11f1-b062-eeee0a986ec4.OPERATION#flowable-async-job-executor-thread-1250#
[CreateOrUpdateAppStep] Updating application "ResilienceCockpit-db-deployer"...#
#2026 08 26 15:35:46.773#Z#DEBUG#c28227b5-a163-11f1-b062-eeee0a986ec4.OPERATION#flowable-async-job-executor-thread-1250#
[CreateOrUpdateAppStep] Getting process for application "2d23200b-60aa-4519-b7f8-9f40de7a8ecc"...#
#2026 08 26 15:35:46.802#Z#DEBUG#c28227b5-a163-11f1-b062-eeee0a986ec4.OPERATION#flowable-async-job-executor-thread-1250#
[CreateOrUpdateAppStep] Getting routes for application "2d23200b-60aa-4519-b7f8-9f40de7a8ecc"...#
#2026 08 26 15:35:46.827#Z#DEBUG#c28227b5-a163-11f1-b062-eeee0a986ec4.OPERATION#flowable-async-job-executor-thread-1250#
[CreateOrUpdateAppStep] Getting features for application "2d23200b-60aa-4519-b7f8-9f40de7a8ecc"#
#2026 08 26 15:35:46.846#Z#DEBUG#c28227b5-a163-11f1-b062-eeee0a986ec4.OPERATION#flowable-async-job-executor-thread-1250#
[CreateOrUpdateAppStep] Updating staging of application "ResilienceCockpit-db-deployer" to: {
  "buildpacks" : [ "nodejs_buildpack" ],
  "healthCheckType" : "port",
  "appFeatures" : { }
}#
#2026 08 26 15:35:47.043#Z#DEBUG#c28227b5-a163-11f1-b062-eeee0a986ec4.OPERATION#flowable-async-job-executor-thread-1250#
[CreateOrUpdateAppStep] Application "ResilienceCockpit-db-deployer" updated#
#2026 08 26 15:35:47.043#Z#DEBUG#c28227b5-a163-11f1-b062-eeee0a986ec4.OPERATION#flowable-async-job-executor-thread-1250#
[CreateOrUpdateAppStep] Getting environment of application "2d23200b-60aa-4519-b7f8-9f40de7a8ecc"...#
#2026 08 26 15:35:47.107#Z#DEBUG#c28227b5-a163-11f1-b062-eeee0a986ec4.OPERATION#flowable-async-job-executor-thread-1250#
[CreateOrUpdateAppStep] Application "ResilienceCockpit-db-deployer" updated#
#2026 08 26 15:35:47.107#Z#DEBUG#c28227b5-a163-11f1-b062-eeee0a986ec4.OPERATION#flowable-async-job-executor-thread-1250#
Step "Create App" finished#
#2026 08 26 15:35:46.965#Z#DEBUG#c28227b5-a163-11f1-b062-eeee0a986ec4.OPERATION#flowable-async-job-executor-thread-1255#
[UnbindServiceFromApplicationStep] Executing task "unbindServiceFromApplicationTask" of process "cea9e1ba-a163-11f1-9c91-eeee0a8eaebf"...#
#2026 08 26 15:35:46.967#Z#INFO#c28227b5-a163-11f1-b062-eeee0a986ec4.OPERATION#flowable-async-job-executor-thread-1255#
[UnbindServiceFromApplicationStep] Unbinding service instance "ResilienceCockpit-logging" from application "ResilienceCockpit-srv"...#
#2026 08 26 15:35:46.970#Z#DEBUG#c28227b5-a163-11f1-b062-eeee0a986ec4.OPERATION#flowable-async-job-executor-thread-1255#
[UnbindServiceFromApplicationStep] Unbinding application "ResilienceCockpit-srv" from service instance "ResilienceCockpit-logging"...#
#2026 08 26 15:35:47.016#Z#DEBUG#c28227b5-a163-11f1-b062-eeee0a986ec4.OPERATION#flowable-async-job-executor-thread-1256#
[UnbindServiceFromApplicationStep] Executing task "unbindServiceFromApplicationTask" of process "ceb1aa1a-a163-11f1-9c91-eeee0a8eaebf"...#
#2026 08 26 15:35:47.018#Z#INFO#c28227b5-a163-11f1-b062-eeee0a986ec4.OPERATION#flowable-async-job-executor-thread-1256#
[UnbindServiceFromApplicationStep] Unbinding service instance "ResilienceCockpit-destination" from application "ResilienceCockpit-srv"...#
#2026 08 26 15:35:47.021#Z#DEBUG#c28227b5-a163-11f1-b062-eeee0a986ec4.OPERATION#flowable-async-job-executor-thread-1256#
[UnbindServiceFromApplicationStep] Unbinding application "ResilienceCockpit-srv" from service instance "ResilienceCockpit-destination"...#
#2026 08 26 15:35:47.120#Z#DEBUG#c28227b5-a163-11f1-b062-eeee0a986ec4.OPERATION#flowable-async-job-executor-thread-1255#
Step "Unbind Service from Application" finished#
#2026 08 26 15:35:47.150#Z#DEBUG#c28227b5-a163-11f1-b062-eeee0a986ec4.OPERATION#flowable-async-job-executor-thread-1256#
Step "Unbind Service from Application" finished#
#2026 08 26 15:35:46.940#Z#DEBUG#c28227b5-a163-11f1-b062-eeee0a986ec4.OPERATION#flowable-async-job-executor-thread-1251#
[CreateContentDeployClientConfigurationStep] Executing task "createContentDeployClientConfigurationTask" of process "ced97d57-a163-11f1-9c91-eeee0a8eaebf"...#
#2026 08 26 15:35:46.940#Z#DEBUG#c28227b5-a163-11f1-b062-eeee0a986ec4.OPERATION#flowable-async-job-executor-thread-1251#
[CreateContentDeployClientConfigurationStep] Content deployer client configuration: {
  "contentDeployerUrl" : "https://html5-apps-repo-dt.cfapps.us10.hana.ondemand.com",
  "uaaClientConfiguration" : {
    "url" : "********",
    "credentials" : "********",
    "authenticationStrategyType" : "********"
  },
  "httpRequestHeaders" : {
    "X-CorrelationID" : "c28227b5-a163-11f1-b062-eeee0a986ec4"
  },
  "spaceId" : "039a1fe6-69a4-4c1e-9b8f-a64d47329d3e",
  "serviceName" : "ResilienceCockpit-html5-repo-host"
}#
#2026 08 26 15:35:47.175#Z#DEBUG#c28227b5-a163-11f1-b062-eeee0a986ec4.OPERATION#flowable-async-job-executor-thread-1251#
Step "Create Content Deploy Client Configuration" finished#
#2026 08 26 15:35:47.176#Z#DEBUG#c28227b5-a163-11f1-b062-eeee0a986ec4.OPERATION#flowable-async-job-executor-thread-1251#
[GetContentFromDeploymentDescriptorStep] Executing task "getContentFromDeploymentDescriptorTask" of process "ced97d57-a163-11f1-9c91-eeee0a8eaebf"...#
#2026 08 26 15:35:47.176#Z#DEBUG#c28227b5-a163-11f1-b062-eeee0a986ec4.OPERATION#flowable-async-job-executor-thread-1251#
Step "Get Content From Deployment Descriptor" finished#
#2026 08 26 15:35:47.208#Z#INFO#c28227b5-a163-11f1-b062-eeee0a986ec4.OPERATION#flowable-async-job-executor-thread-1254#
[DetermineApplicationServiceBindingActionsStep] Service instance "ResilienceCockpit-db" will not be rebound to application "ResilienceCockpit-srv" because the binding parameters are not modified#
#2026 08 26 15:35:47.212#Z#DEBUG#c28227b5-a163-11f1-b062-eeee0a986ec4.OPERATION#flowable-async-job-executor-thread-1254#
[DetermineApplicationServiceBindingActionsStep] Calculated binding operations between application "ResilienceCockpit-srv" and service instance "ResilienceCockpit-db": unbind - false bind - false#
#2026 08 26 15:35:47.212#Z#DEBUG#c28227b5-a163-11f1-b062-eeee0a986ec4.OPERATION#flowable-async-job-executor-thread-1254#
Step "Determine Application Service Binding Actions" finished#
#2026 08 26 15:35:47.171#Z#DEBUG#c28227b5-a163-11f1-b062-eeee0a986ec4.OPERATION#flowable-async-job-executor-thread-1250#
[CheckServiceBindingOperationStep] Executing task "checkForServiceBindingOperationInProgress" of process "cef89e6a-a163-11f1-9c91-eeee0a8eaebf"...#
#2026 08 26 15:35:47.172#Z#DEBUG#c28227b5-a163-11f1-b062-eeee0a986ec4.OPERATION#flowable-async-job-executor-thread-1250#
[CheckServiceBindingOperationStep] Checking for service binding operation in progress between app "ResilienceCockpit-db-deployer" and service instance "ResilienceCockpit-db"#
#2026 08 26 15:35:47.172#Z#DEBUG#c28227b5-a163-11f1-b062-eeee0a986ec4.OPERATION#flowable-async-job-executor-thread-1250#
[CheckServiceBindingOperationStep] Getting application guid "ResilienceCockpit-db-deployer"...#
#2026 08 26 15:35:47.205#Z#DEBUG#c28227b5-a163-11f1-b062-eeee0a986ec4.OPERATION#flowable-async-job-executor-thread-1250#
[CheckServiceBindingOperationStep] Getting GUID of required service instance "ResilienceCockpit-db"...#
#2026 08 26 15:35:47.233#Z#DEBUG#c28227b5-a163-11f1-b062-eeee0a986ec4.OPERATION#flowable-async-job-executor-thread-1250#
[CheckServiceBindingOperationStep] Getting binding of service instance "793c82c4-0c29-4054-8664-8ad70f1aaf7d" with application "2d23200b-60aa-4519-b7f8-9f40de7a8ecc"...#
#2026 08 26 15:35:47.264#Z#DEBUG#c28227b5-a163-11f1-b062-eeee0a986ec4.OPERATION#flowable-async-job-executor-thread-1250#
[CheckServiceBindingOperationStep] Service binding operation "2a9f65f0-baa1-4922-a94a-66d6df3eb107" with type "create" is in state "succeeded"#
#2026 08 26 15:35:47.264#Z#DEBUG#c28227b5-a163-11f1-b062-eeee0a986ec4.OPERATION#flowable-async-job-executor-thread-1250#
Step "Check For Service Binding Operation In Progress" finished#
#2026 08 26 15:35:47.288#Z#DEBUG#c28227b5-a163-11f1-b062-eeee0a986ec4.OPERATION#flowable-async-job-executor-thread-683#
[CheckServiceBindingOperationStep] Executing task "checkForServiceBindingOperationInProgress" of process "cf07b961-a163-11f1-b33e-eeee0a996df4"...#
#2026 08 26 15:35:47.288#Z#DEBUG#c28227b5-a163-11f1-b062-eeee0a986ec4.OPERATION#flowable-async-job-executor-thread-683#
[CheckServiceBindingOperationStep] Checking for service binding operation in progress between app "ResilienceCockpit-srv" and service instance "ResilienceCockpit-connectivity"#
#2026 08 26 15:35:47.289#Z#DEBUG#c28227b5-a163-11f1-b062-eeee0a986ec4.OPERATION#flowable-async-job-executor-thread-683#
[CheckServiceBindingOperationStep] Getting application guid "ResilienceCockpit-srv"...#
#2026 08 26 15:35:47.331#Z#DEBUG#c28227b5-a163-11f1-b062-eeee0a986ec4.OPERATION#flowable-async-job-executor-thread-683#
[CheckServiceBindingOperationStep] Getting GUID of required service instance "ResilienceCockpit-connectivity"...#
#2026 08 26 15:35:47.356#Z#DEBUG#c28227b5-a163-11f1-b062-eeee0a986ec4.OPERATION#flowable-async-job-executor-thread-683#
[CheckServiceBindingOperationStep] Getting binding of service instance "57ce73c3-9d98-4630-a914-bb3fe51155dc" with application "846298f7-a9cf-4b9f-a20b-63e370407f6e"...#
#2026 08 26 15:35:47.398#Z#DEBUG#c28227b5-a163-11f1-b062-eeee0a986ec4.OPERATION#flowable-async-job-executor-thread-683#
[CheckServiceBindingOperationStep] Service binding operation "550d00c9-8b8e-4e74-83ec-7fb86c0d999a" with type "create" is in state "succeeded"#
#2026 08 26 15:35:47.398#Z#DEBUG#c28227b5-a163-11f1-b062-eeee0a986ec4.OPERATION#flowable-async-job-executor-thread-683#
Step "Check For Service Binding Operation In Progress" finished#
#2026 08 26 15:35:47.359#Z#DEBUG#c28227b5-a163-11f1-b062-eeee0a986ec4.OPERATION#flowable-async-job-executor-thread-684#
[BuildContentDeploymentConfigurationStep] Executing task "buildContentDeploymentConfigurationTask" of process "cf0e21a9-a163-11f1-b33e-eeee0a996df4"...#
#2026 08 26 15:35:47.366#Z#DEBUG#c28227b5-a163-11f1-b062-eeee0a986ec4.OPERATION#ForkJoinPool-15-worker-1#
[BuildContentDeploymentConfigurationStep] Getting service key "ResilienceCockpit-html5-repo-host-key" for service instance "ResilienceCockpit-html5-repo-host"...#
#2026 08 26 15:35:47.368#Z#DEBUG#c28227b5-a163-11f1-b062-eeee0a986ec4.OPERATION#ForkJoinPool-15-worker-3#
[BuildContentDeploymentConfigurationStep] Getting service key "ResilienceCockpit-destination-content-ResilienceCockpit-destination-credentials" for service instance "ResilienceCockpit-destination"...#
#2026 08 26 15:35:47.368#Z#DEBUG#c28227b5-a163-11f1-b062-eeee0a986ec4.OPERATION#ForkJoinPool-15-worker-2#
[BuildContentDeploymentConfigurationStep] Getting service key "ResilienceCockpit-auth-key" for service instance "ResilienceCockpit-auth"...#
#2026 08 26 15:35:47.516#Z#INFO#c28227b5-a163-11f1-b062-eeee0a986ec4.OPERATION#ForkJoinPool-15-worker-1#
[BuildContentDeploymentConfigurationStep] Service key "ResilienceCockpit-html5-repo-host-key" for service "ResilienceCockpit-html5-repo-host" already exists#
#2026 08 26 15:35:47.535#Z#INFO#c28227b5-a163-11f1-b062-eeee0a986ec4.OPERATION#ForkJoinPool-15-worker-3#
[BuildContentDeploymentConfigurationStep] Service key "ResilienceCockpit-destination-content-ResilienceCockpit-destination-credentials" for service "ResilienceCockpit-destination" already exists#
#2026 08 26 15:35:47.552#Z#INFO#c28227b5-a163-11f1-b062-eeee0a986ec4.OPERATION#ForkJoinPool-15-worker-2#
[BuildContentDeploymentConfigurationStep] Service key "ResilienceCockpit-auth-key" for service "ResilienceCockpit-auth" already exists#
#2026 08 26 15:35:47.560#Z#DEBUG#c28227b5-a163-11f1-b062-eeee0a986ec4.OPERATION#flowable-async-job-executor-thread-684#
Step "Build Content Deployment Configuration" finished#
#2026 08 26 15:35:47.286#Z#DEBUG#c28227b5-a163-11f1-b062-eeee0a986ec4.OPERATION#flowable-async-job-executor-thread-1250#
[DetermineApplicationServiceBindingActionsStep] Executing task "determineApplicationServiceBindingActionsTask" of process "cef89e6a-a163-11f1-9c91-eeee0a8eaebf"...#
#2026 08 26 15:35:47.287#Z#DEBUG#c28227b5-a163-11f1-b062-eeee0a986ec4.OPERATION#flowable-async-job-executor-thread-1250#
[DetermineApplicationServiceBindingActionsStep] Determine bind/unbind operations of application "ResilienceCockpit-db-deployer" to service instance "ResilienceCockpit-db"#
#2026 08 26 15:35:47.287#Z#DEBUG#c28227b5-a163-11f1-b062-eeee0a986ec4.OPERATION#flowable-async-job-executor-thread-1250#
[DetermineApplicationServiceBindingActionsStep] Getting application "ResilienceCockpit-db-deployer"...#
#2026 08 26 15:35:47.323#Z#DEBUG#c28227b5-a163-11f1-b062-eeee0a986ec4.OPERATION#flowable-async-job-executor-thread-1250#
[DetermineApplicationServiceBindingActionsStep] Binding parameters for application "ResilienceCockpit-db-deployer": { }#
#2026 08 26 15:35:47.351#Z#DEBUG#c28227b5-a163-11f1-b062-eeee0a986ec4.OPERATION#flowable-async-job-executor-thread-1250#
[DetermineApplicationServiceBindingActionsStep] Check should rebind application "ResilienceCockpit-db-deployer" and service instance "ResilienceCockpit-db"#
#2026 08 26 15:35:47.351#Z#DEBUG#c28227b5-a163-11f1-b062-eeee0a986ec4.OPERATION#flowable-async-job-executor-thread-1250#
[DetermineApplicationServiceBindingActionsStep] Getting GUID of required service instance "ResilienceCockpit-db"...#
#2026 08 26 15:35:47.373#Z#DEBUG#c28227b5-a163-11f1-b062-eeee0a986ec4.OPERATION#flowable-async-job-executor-thread-1250#
[DetermineApplicationServiceBindingActionsStep] Getting binding of service instance "793c82c4-0c29-4054-8664-8ad70f1aaf7d" with application "2d23200b-60aa-4519-b7f8-9f40de7a8ecc"...#
#2026 08 26 15:35:47.402#Z#DEBUG#c28227b5-a163-11f1-b062-eeee0a986ec4.OPERATION#flowable-async-job-executor-thread-1250#
[DetermineApplicationServiceBindingActionsStep] Getting parameters of service binding "2a9f65f0-baa1-4922-a94a-66d6df3eb107"...#
#2026 08 26 15:35:47.567#Z#INFO#c28227b5-a163-11f1-b062-eeee0a986ec4.OPERATION#flowable-async-job-executor-thread-1250#
[DetermineApplicationServiceBindingActionsStep] Service instance "ResilienceCockpit-db" will not be rebound to application "ResilienceCockpit-db-deployer" because the binding parameters are not modified#
#2026 08 26 15:35:47.570#Z#DEBUG#c28227b5-a163-11f1-b062-eeee0a986ec4.OPERATION#flowable-async-job-executor-thread-1250#
[DetermineApplicationServiceBindingActionsStep] Calculated binding operations between application "ResilienceCockpit-db-deployer" and service instance "ResilienceCockpit-db": unbind - false bind - false#
#2026 08 26 15:35:47.570#Z#DEBUG#c28227b5-a163-11f1-b062-eeee0a986ec4.OPERATION#flowable-async-job-executor-thread-1250#
Step "Determine Application Service Binding Actions" finished#
#2026 08 26 15:35:47.433#Z#DEBUG#c28227b5-a163-11f1-b062-eeee0a986ec4.OPERATION#flowable-async-job-executor-thread-685#
[DetermineApplicationServiceBindingActionsStep] Executing task "determineApplicationServiceBindingActionsTask" of process "cf07b961-a163-11f1-b33e-eeee0a996df4"...#
#2026 08 26 15:35:47.436#Z#DEBUG#c28227b5-a163-11f1-b062-eeee0a986ec4.OPERATION#flowable-async-job-executor-thread-685#
[DetermineApplicationServiceBindingActionsStep] Determine bind/unbind operations of application "ResilienceCockpit-srv" to service instance "ResilienceCockpit-connectivity"#
#2026 08 26 15:35:47.436#Z#DEBUG#c28227b5-a163-11f1-b062-eeee0a986ec4.OPERATION#flowable-async-job-executor-thread-685#
[DetermineApplicationServiceBindingActionsStep] Getting application "ResilienceCockpit-srv"...#
#2026 08 26 15:35:47.469#Z#DEBUG#c28227b5-a163-11f1-b062-eeee0a986ec4.OPERATION#flowable-async-job-executor-thread-685#
[DetermineApplicationServiceBindingActionsStep] Binding parameters for application "ResilienceCockpit-srv": { }#
#2026 08 26 15:35:47.512#Z#DEBUG#c28227b5-a163-11f1-b062-eeee0a986ec4.OPERATION#flowable-async-job-executor-thread-685#
[DetermineApplicationServiceBindingActionsStep] Check should rebind application "ResilienceCockpit-srv" and service instance "ResilienceCockpit-connectivity"#
#2026 08 26 15:35:47.512#Z#DEBUG#c28227b5-a163-11f1-b062-eeee0a986ec4.OPERATION#flowable-async-job-executor-thread-685#
[DetermineApplicationServiceBindingActionsStep] Getting GUID of required service instance "ResilienceCockpit-connectivity"...#
#2026 08 26 15:35:47.541#Z#DEBUG#c28227b5-a163-11f1-b062-eeee0a986ec4.OPERATION#flowable-async-job-executor-thread-685#
[DetermineApplicationServiceBindingActionsStep] Getting binding of service instance "57ce73c3-9d98-4630-a914-bb3fe51155dc" with application "846298f7-a9cf-4b9f-a20b-63e370407f6e"...#
#2026 08 26 15:35:47.578#Z#DEBUG#c28227b5-a163-11f1-b062-eeee0a986ec4.OPERATION#flowable-async-job-executor-thread-685#
[DetermineApplicationServiceBindingActionsStep] Getting parameters of service binding "550d00c9-8b8e-4e74-83ec-7fb86c0d999a"...#
#2026 08 26 15:35:47.607#Z#WARN#c28227b5-a163-11f1-b062-eeee0a986ec4.OPERATION#flowable-async-job-executor-thread-685#
[DetermineApplicationServiceBindingActionsStep] Cannot retrieve parameters of binding between application "ResilienceCockpit-srv" and service instance "ResilienceCockpit-connectivity"#
#2026 08 26 15:35:47.609#Z#DEBUG#c28227b5-a163-11f1-b062-eeee0a986ec4.OPERATION#flowable-async-job-executor-thread-685#
[DetermineApplicationServiceBindingActionsStep] Calculated binding operations between application "ResilienceCockpit-srv" and service instance "ResilienceCockpit-connectivity": unbind - true bind - true#
#2026 08 26 15:35:47.609#Z#DEBUG#c28227b5-a163-11f1-b062-eeee0a986ec4.OPERATION#flowable-async-job-executor-thread-685#
Step "Determine Application Service Binding Actions" finished#
#2026 08 26 15:35:47.662#Z#DEBUG#c28227b5-a163-11f1-b062-eeee0a986ec4.OPERATION#flowable-async-job-executor-thread-1250#
[DetermineVcapServicesPropertiesChangedStep] Executing task "determineVcapServicesPropertiesChangedTask" of process "cf413f5f-a163-11f1-9c91-eeee0a8eaebf"...#
#2026 08 26 15:35:47.663#Z#DEBUG#c28227b5-a163-11f1-b062-eeee0a986ec4.OPERATION#flowable-async-job-executor-thread-1250#
[DetermineVcapServicesPropertiesChangedStep] VCAP_SERVICES properties for application "ResilienceCockpit-db-deployer" changed: false#
#2026 08 26 15:35:47.663#Z#DEBUG#c28227b5-a163-11f1-b062-eeee0a986ec4.OPERATION#flowable-async-job-executor-thread-1250#
Step "Determine vcap services properties changed" finished#
#2026 08 26 15:35:47.565#Z#DEBUG#c28227b5-a163-11f1-b062-eeee0a986ec4.OPERATION#flowable-async-job-executor-thread-684#
[CreateContentDeployClientConfigurationStep] Executing task "createContentDeployClientConfigurationTask" of process "cf38b438-a163-11f1-b33e-eeee0a996df4"...#
#2026 08 26 15:35:47.566#Z#DEBUG#c28227b5-a163-11f1-b062-eeee0a986ec4.OPERATION#flowable-async-job-executor-thread-684#
[CreateContentDeployClientConfigurationStep] Content deployer client configuration: {
  "contentDeployerUrl" : "https://destination-configuration.cfapps.us10.hana.ondemand.com/destination-configuration/gacd",
  "uaaClientConfiguration" : {
    "url" : "********",
    "credentials" : "********",
    "authenticationStrategyType" : "********"
  },
  "httpRequestHeaders" : {
    "X-CorrelationID" : "c28227b5-a163-11f1-b062-eeee0a986ec4"
  },
  "spaceId" : "039a1fe6-69a4-4c1e-9b8f-a64d47329d3e",
  "serviceName" : "ResilienceCockpit-destination"
}#
#2026 08 26 15:35:47.742#Z#DEBUG#c28227b5-a163-11f1-b062-eeee0a986ec4.OPERATION#flowable-async-job-executor-thread-684#
Step "Create Content Deploy Client Configuration" finished#
#2026 08 26 15:35:47.744#Z#DEBUG#c28227b5-a163-11f1-b062-eeee0a986ec4.OPERATION#flowable-async-job-executor-thread-684#
[GetContentFromDeploymentDescriptorStep] Executing task "getContentFromDeploymentDescriptorTask" of process "cf38b438-a163-11f1-b33e-eeee0a996df4"...#
#2026 08 26 15:35:47.744#Z#DEBUG#c28227b5-a163-11f1-b062-eeee0a986ec4.OPERATION#flowable-async-job-executor-thread-684#
[GetContentFromDeploymentDescriptorStep] Content for module: "ResilienceCockpit-destination-content" is: "{
  "id" : "aee4b373-2722-4ec4-9fbf-09ed8c20c176",
  "contentType" : "EMBEDDED",
  "content" : {
    "instance" : {
      "destinations" : [ {
        "Authentication" : "********",
        "Name" : "srv-api",
        "TokenServiceInstanceName" : "********",
        "TokenServiceKeyName" : "********",
        "URL" : "https://94060551trial-dev-resiliencecockpit-srv.cfapps.us10-003.hana.ondemand.com"
      }, {
        "Name" : "ResilienceCockpit-html5-repo-host",
        "ServiceInstanceName" : "ResilienceCockpit-html5-repo-host",
        "ServiceKeyName" : "********",
        "sap.cloud.service" : "nexus"
      }, {
        "Authentication" : "********",
        "Name" : "********",
        "ServiceInstanceName" : "********",
        "ServiceKeyName" : "********"
      } ],
      "existing_destinations_policy" : "update"
    }
  }
}"#
#2026 08 26 15:35:47.744#Z#DEBUG#c28227b5-a163-11f1-b062-eeee0a986ec4.OPERATION#flowable-async-job-executor-thread-684#
Step "Get Content From Deployment Descriptor" finished#
#2026 08 26 15:35:47.652#Z#DEBUG#c28227b5-a163-11f1-b062-eeee0a986ec4.OPERATION#flowable-async-job-executor-thread-686#
[UnbindServiceFromApplicationStep] Executing task "unbindServiceFromApplicationTask" of process "cf07b961-a163-11f1-b33e-eeee0a996df4"...#
#2026 08 26 15:35:47.656#Z#INFO#c28227b5-a163-11f1-b062-eeee0a986ec4.OPERATION#flowable-async-job-executor-thread-686#
[UnbindServiceFromApplicationStep] Unbinding service instance "ResilienceCockpit-connectivity" from application "ResilienceCockpit-srv"...#
#2026 08 26 15:35:47.660#Z#DEBUG#c28227b5-a163-11f1-b062-eeee0a986ec4.OPERATION#flowable-async-job-executor-thread-686#
[UnbindServiceFromApplicationStep] Unbinding application "ResilienceCockpit-srv" from service instance "ResilienceCockpit-connectivity"...#
#2026 08 26 15:35:47.806#Z#DEBUG#c28227b5-a163-11f1-b062-eeee0a986ec4.OPERATION#flowable-async-job-executor-thread-686#
Step "Unbind Service from Application" finished#
#2026 08 26 15:35:47.685#Z#DEBUG#c28227b5-a163-11f1-b062-eeee0a986ec4.OPERATION#flowable-async-job-executor-thread-1250#
[UploadAppStep] Executing task "uploadAppTask" of process "cf413f5f-a163-11f1-9c91-eeee0a8eaebf"...#
#2026 08 26 15:35:47.686#Z#DEBUG#c28227b5-a163-11f1-b062-eeee0a986ec4.OPERATION#flowable-async-job-executor-thread-1250#
[UploadAppStep] Application upload timeout is default one: 3,600 seconds#
#2026 08 26 15:35:47.686#Z#INFO#c28227b5-a163-11f1-b062-eeee0a986ec4.OPERATION#flowable-async-job-executor-thread-1250#
[UploadAppStep] Uploading application "ResilienceCockpit-db-deployer"...#
#2026 08 26 15:35:47.690#Z#DEBUG#c28227b5-a163-11f1-b062-eeee0a986ec4.OPERATION#flowable-async-job-executor-thread-1250#
[UploadAppStep] Getting application "ResilienceCockpit-db-deployer"...#
#2026 08 26 15:35:47.744#Z#DEBUG#c28227b5-a163-11f1-b062-eeee0a986ec4.OPERATION#flowable-async-job-executor-thread-1250#
[UploadAppStep] Getting environment of application "2d23200b-60aa-4519-b7f8-9f40de7a8ecc"...#
#2026 08 26 15:35:47.777#Z#INFO#c28227b5-a163-11f1-b062-eeee0a986ec4.OPERATION#flowable-async-job-executor-thread-1250#
[UploadAppStep] Calculating application digest: "ResilienceCockpit-db-deployer"#
#2026 08 26 15:35:47.841#Z#DEBUG#c28227b5-a163-11f1-b062-eeee0a986ec4.OPERATION#flowable-async-job-executor-thread-1250#
Step "Upload App" finished#
#2026 08 26 15:35:47.747#Z#DEBUG#c28227b5-a163-11f1-b062-eeee0a986ec4.OPERATION#flowable-async-job-executor-thread-684#
[SynchronousContentDeployStep] Executing task "synchronousContentDeployTask" of process "cf38b438-a163-11f1-b33e-eeee0a996df4"...#
#2026 08 26 15:35:47.747#Z#INFO#c28227b5-a163-11f1-b062-eeee0a986ec4.OPERATION#flowable-async-job-executor-thread-684#
[SynchronousContentDeployStep] Deploying content module "ResilienceCockpit-destination-content" in target service "ResilienceCockpit-destination"...#
#2026 08 26 15:35:47.904#Z#DEBUG#c28227b5-a163-11f1-b062-eeee0a986ec4.OPERATION#flowable-async-job-executor-thread-684#
[SynchronousContentDeployStep] Processing inline content upload for module: ResilienceCockpit-destination-content#
#2026 08 26 15:35:48.114#Z#DEBUG#c28227b5-a163-11f1-b062-eeee0a986ec4.OPERATION#flowable-async-job-executor-thread-684#
Step "Synchronous Deploy" finished#
#2026 08 26 15:35:47.178#Z#DEBUG#c28227b5-a163-11f1-b062-eeee0a986ec4.OPERATION#flowable-async-job-executor-thread-1251#
[UploadContentStep] Executing task "uploadContentTask" of process "ced97d57-a163-11f1-9c91-eeee0a8eaebf"...#
#2026 08 26 15:35:47.178#Z#INFO#c28227b5-a163-11f1-b062-eeee0a986ec4.OPERATION#flowable-async-job-executor-thread-1251#
[UploadContentStep] Uploading content module "ResilienceCockpit-app-deployer" in target service "ResilienceCockpit-html5-repo-host"...#
#2026 08 26 15:35:47.181#Z#DEBUG#c28227b5-a163-11f1-b062-eeee0a986ec4.OPERATION#flowable-async-job-executor-thread-1251#
[UploadContentStep] Uploading file "ResilienceCockpit-app-deployer/app/data.zip" for content module "ResilienceCockpit-app-deployer" in service "ResilienceCockpit-html5-repo-host"#
#2026 08 26 15:35:47.542#Z#INFO#c28227b5-a163-11f1-b062-eeee0a986ec4.OPERATION#flowable-async-job-executor-thread-1251#
[UploadContentStep] Content to deploy size: 11,748 in bytes#
#2026 08 26 15:35:48.256#Z#DEBUG#c28227b5-a163-11f1-b062-eeee0a986ec4.OPERATION#flowable-async-job-executor-thread-1251#
[UploadContentStep] Uploaded content: {
  "id" : "b0180513-ff6c-4159-b37a-06be66d3dd83",
  "name" : "content.zip",
  "contentType" : "FILE"
}#
#2026 08 26 15:35:48.256#Z#DEBUG#c28227b5-a163-11f1-b062-eeee0a986ec4.OPERATION#flowable-async-job-executor-thread-1251#
Step "Upload Content" finished#
#2026 08 26 15:35:48.258#Z#DEBUG#c28227b5-a163-11f1-b062-eeee0a986ec4.OPERATION#flowable-async-job-executor-thread-1251#
[StartContentDeployStep] Executing task "startContentDeployTask" of process "ced97d57-a163-11f1-9c91-eeee0a8eaebf"...#
#2026 08 26 15:35:48.259#Z#INFO#c28227b5-a163-11f1-b062-eeee0a986ec4.OPERATION#flowable-async-job-executor-thread-1251#
[StartContentDeployStep] Deploying content module "ResilienceCockpit-app-deployer" in target service "ResilienceCockpit-html5-repo-host"...#
#2026 08 26 15:35:48.579#Z#DEBUG#c28227b5-a163-11f1-b062-eeee0a986ec4.OPERATION#flowable-async-job-executor-thread-1251#
Step "Start Content Deploy" finished#
#2026 08 26 15:35:54.790#Z#DEBUG#c28227b5-a163-11f1-b062-eeee0a986ec4.OPERATION#flowable-async-job-executor-thread-1261#
[UnbindServiceFromApplicationStep] Executing task "unbindServiceFromApplicationTask" of process "cea9e1ba-a163-11f1-9c91-eeee0a8eaebf"...#
#2026 08 26 15:35:54.793#Z#DEBUG#c28227b5-a163-11f1-b062-eeee0a986ec4.OPERATION#flowable-async-job-executor-thread-1262#
[UnbindServiceFromApplicationStep] Executing task "unbindServiceFromApplicationTask" of process "cf07b961-a163-11f1-b33e-eeee0a996df4"...#
#2026 08 26 15:35:54.793#Z#DEBUG#c28227b5-a163-11f1-b062-eeee0a986ec4.OPERATION#flowable-async-job-executor-thread-1261#
[UnbindServiceFromApplicationStep] Getting async job "218785b8-6ca5-48a8-9184-def41e0e6ad2"#
#2026 08 26 15:35:54.795#Z#DEBUG#c28227b5-a163-11f1-b062-eeee0a986ec4.OPERATION#flowable-async-job-executor-thread-1262#
[UnbindServiceFromApplicationStep] Getting async job "04e078fa-f601-450d-876c-da39ef21436d"#
#2026 08 26 15:35:54.796#Z#DEBUG#c28227b5-a163-11f1-b062-eeee0a986ec4.OPERATION#flowable-async-job-executor-thread-1263#
[UnbindServiceFromApplicationStep] Executing task "unbindServiceFromApplicationTask" of process "ce1e4374-a163-11f1-9c91-eeee0a8eaebf"...#
#2026 08 26 15:35:54.798#Z#DEBUG#c28227b5-a163-11f1-b062-eeee0a986ec4.OPERATION#flowable-async-job-executor-thread-1263#
[UnbindServiceFromApplicationStep] Getting async job "4913e64f-a348-4166-8dfc-97bfe11f1aa0"#
#2026 08 26 15:35:54.819#Z#DEBUG#c28227b5-a163-11f1-b062-eeee0a986ec4.OPERATION#flowable-async-job-executor-thread-1262#
[UnbindServiceFromApplicationStep] Getting service instance "ResilienceCockpit-connectivity"...#
#2026 08 26 15:35:54.819#Z#DEBUG#c28227b5-a163-11f1-b062-eeee0a986ec4.OPERATION#flowable-async-job-executor-thread-1261#
[UnbindServiceFromApplicationStep] Getting service instance "ResilienceCockpit-logging"...#
#2026 08 26 15:35:54.823#Z#DEBUG#c28227b5-a163-11f1-b062-eeee0a986ec4.OPERATION#flowable-async-job-executor-thread-1263#
[UnbindServiceFromApplicationStep] Getting service instance "ResilienceCockpit-auth"...#
#2026 08 26 15:35:54.897#Z#DEBUG#c28227b5-a163-11f1-b062-eeee0a986ec4.OPERATION#flowable-async-job-executor-thread-1261#
[UnbindServiceFromApplicationStep] Async service binding operation with id "218785b8-6ca5-48a8-9184-def41e0e6ad2" finished#
#2026 08 26 15:35:54.899#Z#DEBUG#c28227b5-a163-11f1-b062-eeee0a986ec4.OPERATION#flowable-async-job-executor-thread-1261#
Step "Unbind Service from Application" finished#
#2026 08 26 15:35:54.907#Z#DEBUG#c28227b5-a163-11f1-b062-eeee0a986ec4.OPERATION#flowable-async-job-executor-thread-1262#
[UnbindServiceFromApplicationStep] Async service binding operation with id "04e078fa-f601-450d-876c-da39ef21436d" finished#
#2026 08 26 15:35:54.908#Z#DEBUG#c28227b5-a163-11f1-b062-eeee0a986ec4.OPERATION#flowable-async-job-executor-thread-1262#
Step "Unbind Service from Application" finished#
#2026 08 26 15:35:54.777#Z#DEBUG#c28227b5-a163-11f1-b062-eeee0a986ec4.OPERATION#flowable-async-job-executor-thread-2650#
[UnbindServiceFromApplicationStep] Executing task "unbindServiceFromApplicationTask" of process "ceb1aa1a-a163-11f1-9c91-eeee0a8eaebf"...#
#2026 08 26 15:35:54.779#Z#DEBUG#c28227b5-a163-11f1-b062-eeee0a986ec4.OPERATION#flowable-async-job-executor-thread-2650#
[UnbindServiceFromApplicationStep] Getting async job "f876a58f-bd75-4c15-a249-2320d7c369fa"#
#2026 08 26 15:35:54.802#Z#DEBUG#c28227b5-a163-11f1-b062-eeee0a986ec4.OPERATION#flowable-async-job-executor-thread-2650#
[UnbindServiceFromApplicationStep] Getting service instance "ResilienceCockpit-destination"...#
#2026 08 26 15:35:54.907#Z#DEBUG#c28227b5-a163-11f1-b062-eeee0a986ec4.OPERATION#flowable-async-job-executor-thread-2650#
[UnbindServiceFromApplicationStep] Async service binding operation with id "f876a58f-bd75-4c15-a249-2320d7c369fa" finished#
#2026 08 26 15:35:54.909#Z#DEBUG#c28227b5-a163-11f1-b062-eeee0a986ec4.OPERATION#flowable-async-job-executor-thread-2650#
Step "Unbind Service from Application" finished#
#2026 08 26 15:35:54.910#Z#DEBUG#c28227b5-a163-11f1-b062-eeee0a986ec4.OPERATION#flowable-async-job-executor-thread-1263#
[UnbindServiceFromApplicationStep] Async service binding operation with id "4913e64f-a348-4166-8dfc-97bfe11f1aa0" finished#
#2026 08 26 15:35:54.913#Z#DEBUG#c28227b5-a163-11f1-b062-eeee0a986ec4.OPERATION#flowable-async-job-executor-thread-1263#
Step "Unbind Service from Application" finished#
#2026 08 26 15:35:54.936#Z#DEBUG#c28227b5-a163-11f1-b062-eeee0a986ec4.OPERATION#flowable-async-job-executor-thread-2650#
[BindServiceToApplicationStep] Executing task "bindServiceToApplicationTask" of process "ceb1aa1a-a163-11f1-9c91-eeee0a8eaebf"...#
#2026 08 26 15:35:54.937#Z#INFO#c28227b5-a163-11f1-b062-eeee0a986ec4.OPERATION#flowable-async-job-executor-thread-2650#
[BindServiceToApplicationStep] Binding service instance "ResilienceCockpit-destination" to application "ResilienceCockpit-srv"...#
#2026 08 26 15:35:54.941#Z#DEBUG#c28227b5-a163-11f1-b062-eeee0a986ec4.OPERATION#flowable-async-job-executor-thread-2650#
[BindServiceToApplicationStep] Binding service instance "ResilienceCockpit-destination" to application "ResilienceCockpit-srv" with parameters: { }#
#2026 08 26 15:35:55.046#Z#DEBUG#c28227b5-a163-11f1-b062-eeee0a986ec4.OPERATION#flowable-async-job-executor-thread-2650#
Step "Bind Service to Application" finished#
#2026 08 26 15:35:54.930#Z#DEBUG#c28227b5-a163-11f1-b062-eeee0a986ec4.OPERATION#flowable-async-job-executor-thread-1261#
[BindServiceToApplicationStep] Executing task "bindServiceToApplicationTask" of process "cea9e1ba-a163-11f1-9c91-eeee0a8eaebf"...#
#2026 08 26 15:35:54.931#Z#INFO#c28227b5-a163-11f1-b062-eeee0a986ec4.OPERATION#flowable-async-job-executor-thread-1261#
[BindServiceToApplicationStep] Binding service instance "ResilienceCockpit-logging" to application "ResilienceCockpit-srv"...#
#2026 08 26 15:35:54.937#Z#DEBUG#c28227b5-a163-11f1-b062-eeee0a986ec4.OPERATION#flowable-async-job-executor-thread-1261#
[BindServiceToApplicationStep] Binding service instance "ResilienceCockpit-logging" to application "ResilienceCockpit-srv" with parameters: { }#
#2026 08 26 15:35:54.942#Z#DEBUG#c28227b5-a163-11f1-b062-eeee0a986ec4.OPERATION#flowable-async-job-executor-thread-1262#
[BindServiceToApplicationStep] Executing task "bindServiceToApplicationTask" of process "cf07b961-a163-11f1-b33e-eeee0a996df4"...#
#2026 08 26 15:35:54.943#Z#DEBUG#c28227b5-a163-11f1-b062-eeee0a986ec4.OPERATION#flowable-async-job-executor-thread-1263#
[BindServiceToApplicationStep] Executing task "bindServiceToApplicationTask" of process "ce1e4374-a163-11f1-9c91-eeee0a8eaebf"...#
#2026 08 26 15:35:54.944#Z#INFO#c28227b5-a163-11f1-b062-eeee0a986ec4.OPERATION#flowable-async-job-executor-thread-1262#
[BindServiceToApplicationStep] Binding service instance "ResilienceCockpit-connectivity" to application "ResilienceCockpit-srv"...#
#2026 08 26 15:35:54.944#Z#INFO#c28227b5-a163-11f1-b062-eeee0a986ec4.OPERATION#flowable-async-job-executor-thread-1263#
[BindServiceToApplicationStep] Binding service instance "ResilienceCockpit-auth" to application "ResilienceCockpit-srv"...#
#2026 08 26 15:35:54.948#Z#DEBUG#c28227b5-a163-11f1-b062-eeee0a986ec4.OPERATION#flowable-async-job-executor-thread-1262#
[BindServiceToApplicationStep] Binding service instance "ResilienceCockpit-connectivity" to application "ResilienceCockpit-srv" with parameters: { }#
#2026 08 26 15:35:54.953#Z#DEBUG#c28227b5-a163-11f1-b062-eeee0a986ec4.OPERATION#flowable-async-job-executor-thread-1263#
[BindServiceToApplicationStep] Binding service instance "ResilienceCockpit-auth" to application "ResilienceCockpit-srv" with parameters: { }#
#2026 08 26 15:35:55.063#Z#DEBUG#c28227b5-a163-11f1-b062-eeee0a986ec4.OPERATION#flowable-async-job-executor-thread-1261#
Step "Bind Service to Application" finished#
#2026 08 26 15:35:55.078#Z#DEBUG#c28227b5-a163-11f1-b062-eeee0a986ec4.OPERATION#flowable-async-job-executor-thread-1263#
Step "Bind Service to Application" finished#
#2026 08 26 15:35:55.102#Z#DEBUG#c28227b5-a163-11f1-b062-eeee0a986ec4.OPERATION#flowable-async-job-executor-thread-1262#
Step "Bind Service to Application" finished#
#2026 08 26 15:35:54.798#Z#DEBUG#c28227b5-a163-11f1-b062-eeee0a986ec4.OPERATION#flowable-async-job-executor-thread-1264#
[UploadAppStep] Executing task "uploadAppTask" of process "cf413f5f-a163-11f1-9c91-eeee0a8eaebf"...#
#2026 08 26 15:35:54.800#Z#DEBUG#c28227b5-a163-11f1-b062-eeee0a986ec4.OPERATION#flowable-async-job-executor-thread-1264#
[UploadAppStep] Application upload timeout is default one: 3,600 seconds#
#2026 08 26 15:35:54.801#Z#DEBUG#c28227b5-a163-11f1-b062-eeee0a986ec4.OPERATION#pool-20-thread-6#
[UploadAppStep] Upload of application: ResilienceCockpit-db-deployer started on instance: 1#
#2026 08 26 15:35:54.801#Z#DEBUG#c28227b5-a163-11f1-b062-eeee0a986ec4.OPERATION#pool-20-thread-6#
[UploadAppStep] Uploading file "ResilienceCockpit-db-deployer/data.zip" for application "ResilienceCockpit-db-deployer"#
#2026 08 26 15:35:54.914#Z#INFO#c28227b5-a163-11f1-b062-eeee0a986ec4.OPERATION#pool-20-thread-6#
[UploadAppStep] Time elapsed for app binary download: 112 in millis#
#2026 08 26 15:35:54.914#Z#INFO#c28227b5-a163-11f1-b062-eeee0a986ec4.OPERATION#pool-20-thread-6#
[UploadAppStep] Size of app ResilienceCockpit-db-deployer is 2,605,014 bytes#
#2026 08 26 15:35:54.914#Z#DEBUG#c28227b5-a163-11f1-b062-eeee0a986ec4.OPERATION#pool-20-thread-6#
[UploadAppStep] Asynchronously uploading binaries for application "ResilienceCockpit-db-deployer"...#
#2026 08 26 15:35:55.102#Z#INFO#c28227b5-a163-11f1-b062-eeee0a986ec4.OPERATION#pool-20-thread-6#
[UploadAppStep] Started async upload of application "ResilienceCockpit-db-deployer"#
#2026 08 26 15:35:55.107#Z#INFO#c28227b5-a163-11f1-b062-eeee0a986ec4.OPERATION#flowable-async-job-executor-thread-1264#
[UploadAppStep] Time elapsed for upload: 306 in millis#
#2026 08 26 15:35:55.107#Z#DEBUG#c28227b5-a163-11f1-b062-eeee0a986ec4.OPERATION#flowable-async-job-executor-thread-1264#
[UploadAppStep] Getting application "ResilienceCockpit-db-deployer"...#
#2026 08 26 15:35:55.131#Z#DEBUG#c28227b5-a163-11f1-b062-eeee0a986ec4.OPERATION#App upload monitor: d37e0815-ee77-4e82-bd35-19cf38855bc2#
[UploadAppStep] Upload status: PROCESSING_UPLOAD#
#2026 08 26 15:35:55.134#Z#DEBUG#c28227b5-a163-11f1-b062-eeee0a986ec4.OPERATION#flowable-async-job-executor-thread-1264#
[UploadAppStep] Getting environment of application "2d23200b-60aa-4519-b7f8-9f40de7a8ecc"...#
#2026 08 26 15:35:55.166#Z#DEBUG#c28227b5-a163-11f1-b062-eeee0a986ec4.OPERATION#flowable-async-job-executor-thread-1264#
[UploadAppStep] Updating environment of application "ResilienceCockpit-db-deployer"#
#2026 08 26 15:35:55.249#Z#DEBUG#c28227b5-a163-11f1-b062-eeee0a986ec4.OPERATION#flowable-async-job-executor-thread-1264#
Step "Upload App" finished#
#2026 08 26 15:35:54.771#Z#DEBUG#c28227b5-a163-11f1-b062-eeee0a986ec4.OPERATION#flowable-async-job-executor-thread-2648#
[StartContentDeployStep] Executing task "startContentDeployTask" of process "ced97d57-a163-11f1-9c91-eeee0a8eaebf"...#
#2026 08 26 15:35:54.772#Z#DEBUG#c28227b5-a163-11f1-b062-eeee0a986ec4.OPERATION#flowable-async-job-executor-thread-2648#
[StartContentDeployStep] Checking status of module content deployment "ResilienceCockpit-app-deployer" in service "ResilienceCockpit-html5-repo-host"...#
#2026 08 26 15:35:55.272#Z#DEBUG#c28227b5-a163-11f1-b062-eeee0a986ec4.OPERATION#flowable-async-job-executor-thread-2648#
[StartContentDeployStep] Deleting content deployment resource "b0180513-ff6c-4159-b37a-06be66d3dd83"...#
#2026 08 26 15:35:55.313#Z#DEBUG#c28227b5-a163-11f1-b062-eeee0a986ec4.OPERATION#flowable-async-job-executor-thread-2648#
Step "Start Content Deploy" finished#
#2026 08 26 15:36:00.159#Z#DEBUG#c28227b5-a163-11f1-b062-eeee0a986ec4.OPERATION#App upload monitor: d37e0815-ee77-4e82-bd35-19cf38855bc2#
[UploadAppStep] Upload status: READY#
#2026 08 26 15:36:04.805#Z#DEBUG#c28227b5-a163-11f1-b062-eeee0a986ec4.OPERATION#flowable-async-job-executor-thread-1271#
[UploadAppStep] Executing task "uploadAppTask" of process "cf413f5f-a163-11f1-9c91-eeee0a8eaebf"...#
#2026 08 26 15:36:04.807#Z#DEBUG#c28227b5-a163-11f1-b062-eeee0a986ec4.OPERATION#flowable-async-job-executor-thread-1271#
[UploadAppStep] Application upload timeout is default one: 3,600 seconds#
#2026 08 26 15:36:04.807#Z#DEBUG#c28227b5-a163-11f1-b062-eeee0a986ec4.OPERATION#flowable-async-job-executor-thread-1271#
[UploadAppStep] Checking upload status of application "ResilienceCockpit-db-deployer"...#
#2026 08 26 15:36:04.807#Z#DEBUG#c28227b5-a163-11f1-b062-eeee0a986ec4.OPERATION#flowable-async-job-executor-thread-1271#
[UploadAppStep] Getting package "d37e0815-ee77-4e82-bd35-19cf38855bc2"...#
#2026 08 26 15:36:04.836#Z#DEBUG#c28227b5-a163-11f1-b062-eeee0a986ec4.OPERATION#flowable-async-job-executor-thread-1271#
[UploadAppStep] Application "ResilienceCockpit-db-deployer" uploaded#
#2026 08 26 15:36:04.837#Z#DEBUG#c28227b5-a163-11f1-b062-eeee0a986ec4.OPERATION#flowable-async-job-executor-thread-1271#
Step "Upload App" finished#
#2026 08 26 15:36:04.797#Z#DEBUG#c28227b5-a163-11f1-b062-eeee0a986ec4.OPERATION#flowable-async-job-executor-thread-1270#
[BindServiceToApplicationStep] Executing task "bindServiceToApplicationTask" of process "cf07b961-a163-11f1-b33e-eeee0a996df4"...#
#2026 08 26 15:36:04.798#Z#DEBUG#c28227b5-a163-11f1-b062-eeee0a986ec4.OPERATION#flowable-async-job-executor-thread-1270#
[BindServiceToApplicationStep] Getting async job "9db2d647-bcb9-4a4f-817f-33f7fce0dabf"#
#2026 08 26 15:36:04.808#Z#DEBUG#c28227b5-a163-11f1-b062-eeee0a986ec4.OPERATION#flowable-async-job-executor-thread-1272#
[BindServiceToApplicationStep] Executing task "bindServiceToApplicationTask" of process "ceb1aa1a-a163-11f1-9c91-eeee0a8eaebf"...#
#2026 08 26 15:36:04.809#Z#DEBUG#c28227b5-a163-11f1-b062-eeee0a986ec4.OPERATION#flowable-async-job-executor-thread-1272#
[BindServiceToApplicationStep] Getting async job "e92c5d80-f487-4075-904b-75900da96135"#
#2026 08 26 15:36:04.811#Z#DEBUG#c28227b5-a163-11f1-b062-eeee0a986ec4.OPERATION#flowable-async-job-executor-thread-1269#
[BindServiceToApplicationStep] Executing task "bindServiceToApplicationTask" of process "cea9e1ba-a163-11f1-9c91-eeee0a8eaebf"...#
#2026 08 26 15:36:04.812#Z#DEBUG#c28227b5-a163-11f1-b062-eeee0a986ec4.OPERATION#flowable-async-job-executor-thread-1268#
[BindServiceToApplicationStep] Executing task "bindServiceToApplicationTask" of process "ce1e4374-a163-11f1-9c91-eeee0a8eaebf"...#
#2026 08 26 15:36:04.812#Z#DEBUG#c28227b5-a163-11f1-b062-eeee0a986ec4.OPERATION#flowable-async-job-executor-thread-1269#
[BindServiceToApplicationStep] Getting async job "9da57191-4b53-4ca6-a788-6d6c4a24b9fa"#
#2026 08 26 15:36:04.813#Z#DEBUG#c28227b5-a163-11f1-b062-eeee0a986ec4.OPERATION#flowable-async-job-executor-thread-1268#
[BindServiceToApplicationStep] Getting async job "ca55c0a1-f60c-47fe-921a-d2c4cdf77c0f"#
#2026 08 26 15:36:04.837#Z#DEBUG#c28227b5-a163-11f1-b062-eeee0a986ec4.OPERATION#flowable-async-job-executor-thread-1272#
[BindServiceToApplicationStep] Getting service instance "ResilienceCockpit-destination"...#
#2026 08 26 15:36:04.837#Z#DEBUG#c28227b5-a163-11f1-b062-eeee0a986ec4.OPERATION#flowable-async-job-executor-thread-1268#
[BindServiceToApplicationStep] Getting service instance "ResilienceCockpit-auth"...#
#2026 08 26 15:36:04.838#Z#DEBUG#c28227b5-a163-11f1-b062-eeee0a986ec4.OPERATION#flowable-async-job-executor-thread-1269#
[BindServiceToApplicationStep] Getting service instance "ResilienceCockpit-logging"...#
#2026 08 26 15:36:04.841#Z#DEBUG#c28227b5-a163-11f1-b062-eeee0a986ec4.OPERATION#flowable-async-job-executor-thread-1270#
[BindServiceToApplicationStep] Getting service instance "ResilienceCockpit-connectivity"...#
#2026 08 26 15:36:04.914#Z#DEBUG#c28227b5-a163-11f1-b062-eeee0a986ec4.OPERATION#flowable-async-job-executor-thread-1272#
[BindServiceToApplicationStep] Async service binding operation with id "e92c5d80-f487-4075-904b-75900da96135" finished#
#2026 08 26 15:36:04.915#Z#DEBUG#c28227b5-a163-11f1-b062-eeee0a986ec4.OPERATION#flowable-async-job-executor-thread-1272#
Step "Bind Service to Application" finished#
#2026 08 26 15:36:04.918#Z#DEBUG#c28227b5-a163-11f1-b062-eeee0a986ec4.OPERATION#flowable-async-job-executor-thread-1270#
[BindServiceToApplicationStep] Async service binding operation with id "9db2d647-bcb9-4a4f-817f-33f7fce0dabf" finished#
#2026 08 26 15:36:04.918#Z#DEBUG#c28227b5-a163-11f1-b062-eeee0a986ec4.OPERATION#flowable-async-job-executor-thread-1270#
Step "Bind Service to Application" finished#
#2026 08 26 15:36:04.922#Z#DEBUG#c28227b5-a163-11f1-b062-eeee0a986ec4.OPERATION#flowable-async-job-executor-thread-1268#
[BindServiceToApplicationStep] Async service binding operation with id "ca55c0a1-f60c-47fe-921a-d2c4cdf77c0f" finished#
#2026 08 26 15:36:04.923#Z#DEBUG#c28227b5-a163-11f1-b062-eeee0a986ec4.OPERATION#flowable-async-job-executor-thread-1269#
[BindServiceToApplicationStep] Async service binding operation with id "9da57191-4b53-4ca6-a788-6d6c4a24b9fa" finished#
#2026 08 26 15:36:04.923#Z#DEBUG#c28227b5-a163-11f1-b062-eeee0a986ec4.OPERATION#flowable-async-job-executor-thread-1268#
Step "Bind Service to Application" finished#
#2026 08 26 15:36:04.923#Z#DEBUG#c28227b5-a163-11f1-b062-eeee0a986ec4.OPERATION#flowable-async-job-executor-thread-1269#
Step "Bind Service to Application" finished#
#2026 08 26 15:36:04.859#Z#DEBUG#c28227b5-a163-11f1-b062-eeee0a986ec4.OPERATION#flowable-async-job-executor-thread-1271#
[ScaleAppStep] Executing task "scaleAppTask" of process "cf413f5f-a163-11f1-9c91-eeee0a8eaebf"...#
#2026 08 26 15:36:04.861#Z#DEBUG#c28227b5-a163-11f1-b062-eeee0a986ec4.OPERATION#flowable-async-job-executor-thread-1271#
[ScaleAppStep] Scaling application "ResilienceCockpit-db-deployer"...#
#2026 08 26 15:36:04.861#Z#DEBUG#c28227b5-a163-11f1-b062-eeee0a986ec4.OPERATION#flowable-async-job-executor-thread-1271#
[ScaleAppStep] Getting application guid "ResilienceCockpit-db-deployer"...#
#2026 08 26 15:36:04.890#Z#DEBUG#c28227b5-a163-11f1-b062-eeee0a986ec4.OPERATION#flowable-async-job-executor-thread-1271#
[ScaleAppStep] Getting process for application "2d23200b-60aa-4519-b7f8-9f40de7a8ecc"...#
#2026 08 26 15:36:04.929#Z#DEBUG#c28227b5-a163-11f1-b062-eeee0a986ec4.OPERATION#flowable-async-job-executor-thread-1271#
[ScaleAppStep] Application "ResilienceCockpit-db-deployer" scaled#
#2026 08 26 15:36:04.929#Z#DEBUG#c28227b5-a163-11f1-b062-eeee0a986ec4.OPERATION#flowable-async-job-executor-thread-1271#
Step "Scale App" finished#
#2026 08 26 15:36:04.952#Z#DEBUG#c28227b5-a163-11f1-b062-eeee0a986ec4.OPERATION#flowable-async-job-executor-thread-1271#
[DetermineDesiredStateAchievingActionsStep] Executing task "determineDesiredStateAchievingActionsTask" of process "cf413f5f-a163-11f1-9c91-eeee0a8eaebf"...#
#2026 08 26 15:36:04.953#Z#DEBUG#c28227b5-a163-11f1-b062-eeee0a986ec4.OPERATION#flowable-async-job-executor-thread-1271#
[DetermineDesiredStateAchievingActionsStep] Getting application "ResilienceCockpit-db-deployer"...#
#2026 08 26 15:36:04.976#Z#DEBUG#c28227b5-a163-11f1-b062-eeee0a986ec4.OPERATION#flowable-async-job-executor-thread-1271#
[DetermineDesiredStateAchievingActionsStep] Getting instances for application "ResilienceCockpit-db-deployer"...#
#2026 08 26 15:36:04.976#Z#DEBUG#c28227b5-a163-11f1-b062-eeee0a986ec4.OPERATION#flowable-async-job-executor-thread-1271#
[DetermineDesiredStateAchievingActionsStep] Getting environment of application "2d23200b-60aa-4519-b7f8-9f40de7a8ecc"...#
#2026 08 26 15:36:05.005#Z#DEBUG#c28227b5-a163-11f1-b062-eeee0a986ec4.OPERATION#flowable-async-job-executor-thread-1271#
[DetermineDesiredStateAchievingActionsStep] Current state of application ResilienceCockpit-db-deployer: STOPPED#
#2026 08 26 15:36:05.005#Z#DEBUG#c28227b5-a163-11f1-b062-eeee0a986ec4.OPERATION#flowable-async-job-executor-thread-1271#
[DetermineDesiredStateAchievingActionsStep] Desired state of application ResilienceCockpit-db-deployer: STOPPED#
#2026 08 26 15:36:05.006#Z#DEBUG#c28227b5-a163-11f1-b062-eeee0a986ec4.OPERATION#flowable-async-job-executor-thread-1271#
[DetermineDesiredStateAchievingActionsStep] Actions that should be executed on application ResilienceCockpit-db-deployer: [STAGE]#
#2026 08 26 15:36:05.006#Z#DEBUG#c28227b5-a163-11f1-b062-eeee0a986ec4.OPERATION#flowable-async-job-executor-thread-1271#
Step "Determine Desired State Achieving Actions" finished#
#2026 08 26 15:36:05.028#Z#DEBUG#c28227b5-a163-11f1-b062-eeee0a986ec4.OPERATION#flowable-async-job-executor-thread-1271#
[StageAppStep] Executing task "stageAppTask" of process "cf413f5f-a163-11f1-9c91-eeee0a8eaebf"...#
#2026 08 26 15:36:05.029#Z#DEBUG#c28227b5-a163-11f1-b062-eeee0a986ec4.OPERATION#flowable-async-job-executor-thread-1271#
[StageAppStep] Application stage timeout is default one: 3,600 seconds#
#2026 08 26 15:36:05.030#Z#INFO#c28227b5-a163-11f1-b062-eeee0a986ec4.OPERATION#flowable-async-job-executor-thread-1271#
[StageAppStep] Staging application "ResilienceCockpit-db-deployer"...#
#2026 08 26 15:36:05.034#Z#DEBUG#c28227b5-a163-11f1-b062-eeee0a986ec4.OPERATION#flowable-async-job-executor-thread-1271#
[StageAppStep] Creating build for package "d37e0815-ee77-4e82-bd35-19cf38855bc2"...#
#2026 08 26 15:36:05.400#Z#DEBUG#c28227b5-a163-11f1-b062-eeee0a986ec4.OPERATION#flowable-async-job-executor-thread-1271#
Step "Stage App" finished#
#2026 08 26 15:36:07.771#Z#DEBUG#c28227b5-a163-11f1-b062-eeee0a986ec4.OPERATION#flowable-async-job-executor-thread-1265#
[DetermineVcapServicesPropertiesChangedStep] Executing task "determineVcapServicesPropertiesChangedTask" of process "db3c445a-a163-11f1-9c91-eeee0a8eaebf"...#
#2026 08 26 15:36:07.772#Z#DEBUG#c28227b5-a163-11f1-b062-eeee0a986ec4.OPERATION#flowable-async-job-executor-thread-1265#
[DetermineVcapServicesPropertiesChangedStep] VCAP_SERVICES properties for application "ResilienceCockpit-srv" changed: true#
#2026 08 26 15:36:07.772#Z#DEBUG#c28227b5-a163-11f1-b062-eeee0a986ec4.OPERATION#flowable-async-job-executor-thread-1265#
Step "Determine vcap services properties changed" finished#
#2026 08 26 15:36:07.793#Z#DEBUG#c28227b5-a163-11f1-b062-eeee0a986ec4.OPERATION#flowable-async-job-executor-thread-1265#
[UploadAppStep] Executing task "uploadAppTask" of process "db3c445a-a163-11f1-9c91-eeee0a8eaebf"...#
#2026 08 26 15:36:07.795#Z#DEBUG#c28227b5-a163-11f1-b062-eeee0a986ec4.OPERATION#flowable-async-job-executor-thread-1265#
[UploadAppStep] Application upload timeout is default one: 3,600 seconds#
#2026 08 26 15:36:07.796#Z#INFO#c28227b5-a163-11f1-b062-eeee0a986ec4.OPERATION#flowable-async-job-executor-thread-1265#
[UploadAppStep] Uploading application "ResilienceCockpit-srv"...#
#2026 08 26 15:36:07.799#Z#DEBUG#c28227b5-a163-11f1-b062-eeee0a986ec4.OPERATION#flowable-async-job-executor-thread-1265#
[UploadAppStep] Getting application "ResilienceCockpit-srv"...#
#2026 08 26 15:36:07.830#Z#DEBUG#c28227b5-a163-11f1-b062-eeee0a986ec4.OPERATION#flowable-async-job-executor-thread-1265#
[UploadAppStep] Getting environment of application "846298f7-a9cf-4b9f-a20b-63e370407f6e"...#
#2026 08 26 15:36:07.856#Z#INFO#c28227b5-a163-11f1-b062-eeee0a986ec4.OPERATION#flowable-async-job-executor-thread-1265#
[UploadAppStep] Calculating application digest: "ResilienceCockpit-srv"#
#2026 08 26 15:36:08.134#Z#DEBUG#c28227b5-a163-11f1-b062-eeee0a986ec4.OPERATION#flowable-async-job-executor-thread-1265#
Step "Upload App" finished#
#2026 08 26 15:36:14.809#Z#DEBUG#c28227b5-a163-11f1-b062-eeee0a986ec4.OPERATION#flowable-async-job-executor-thread-2659#
[StageAppStep] Executing task "stageAppTask" of process "cf413f5f-a163-11f1-9c91-eeee0a8eaebf"...#
#2026 08 26 15:36:14.811#Z#DEBUG#c28227b5-a163-11f1-b062-eeee0a986ec4.OPERATION#flowable-async-job-executor-thread-2659#
[StageAppStep] Application stage timeout is default one: 3,600 seconds#
#2026 08 26 15:36:14.811#Z#DEBUG#c28227b5-a163-11f1-b062-eeee0a986ec4.OPERATION#flowable-async-job-executor-thread-2659#
[StageAppStep] Checking status of application "ResilienceCockpit-db-deployer"...#
#2026 08 26 15:36:14.811#Z#DEBUG#c28227b5-a163-11f1-b062-eeee0a986ec4.OPERATION#flowable-async-job-executor-thread-2659#
[StageAppStep] Getting build "28a0f16f-cead-4077-af36-9e730a04ebc8"...#
#2026 08 26 15:36:14.852#Z#DEBUG#c28227b5-a163-11f1-b062-eeee0a986ec4.OPERATION#flowable-async-job-executor-thread-2659#
[StageAppStep] Staging status of application "ResilienceCockpit-db-deployer": PENDING#
#2026 08 26 15:36:14.854#Z#DEBUG#c28227b5-a163-11f1-b062-eeee0a986ec4.OPERATION#flowable-async-job-executor-thread-2659#
[StageAppStep] Getting application guid "ResilienceCockpit-db-deployer"...#
#2026 08 26 15:36:14.965#Z#DEBUG#c28227b5-a163-11f1-b062-eeee0a986ec4.OPERATION#flowable-async-job-executor-thread-2659#
Step "Stage App" finished#
#2026 08 26 15:36:14.814#Z#DEBUG#c28227b5-a163-11f1-b062-eeee0a986ec4.OPERATION#flowable-async-job-executor-thread-2660#
[UploadAppStep] Executing task "uploadAppTask" of process "db3c445a-a163-11f1-9c91-eeee0a8eaebf"...#
#2026 08 26 15:36:14.815#Z#DEBUG#c28227b5-a163-11f1-b062-eeee0a986ec4.OPERATION#flowable-async-job-executor-thread-2660#
[UploadAppStep] Application upload timeout is default one: 3,600 seconds#
#2026 08 26 15:36:14.817#Z#DEBUG#c28227b5-a163-11f1-b062-eeee0a986ec4.OPERATION#pool-20-thread-6#
[UploadAppStep] Upload of application: ResilienceCockpit-srv started on instance: 2#
#2026 08 26 15:36:14.817#Z#DEBUG#c28227b5-a163-11f1-b062-eeee0a986ec4.OPERATION#pool-20-thread-6#
[UploadAppStep] Uploading file "ResilienceCockpit-srv/data.zip" for application "ResilienceCockpit-srv"#
#2026 08 26 15:36:15.132#Z#INFO#c28227b5-a163-11f1-b062-eeee0a986ec4.OPERATION#pool-20-thread-6#
[UploadAppStep] Time elapsed for app binary download: 315 in millis#
#2026 08 26 15:36:15.132#Z#INFO#c28227b5-a163-11f1-b062-eeee0a986ec4.OPERATION#pool-20-thread-6#
[UploadAppStep] Size of app ResilienceCockpit-srv is 16,187,845 bytes#
#2026 08 26 15:36:15.132#Z#DEBUG#c28227b5-a163-11f1-b062-eeee0a986ec4.OPERATION#pool-20-thread-6#
[UploadAppStep] Asynchronously uploading binaries for application "ResilienceCockpit-srv"...#
#2026 08 26 15:36:15.392#Z#INFO#c28227b5-a163-11f1-b062-eeee0a986ec4.OPERATION#pool-20-thread-6#
[UploadAppStep] Started async upload of application "ResilienceCockpit-srv"#
#2026 08 26 15:36:15.396#Z#INFO#c28227b5-a163-11f1-b062-eeee0a986ec4.OPERATION#flowable-async-job-executor-thread-2660#
[UploadAppStep] Time elapsed for upload: 580 in millis#
#2026 08 26 15:36:15.397#Z#DEBUG#c28227b5-a163-11f1-b062-eeee0a986ec4.OPERATION#flowable-async-job-executor-thread-2660#
[UploadAppStep] Getting application "ResilienceCockpit-srv"...#
#2026 08 26 15:36:15.419#Z#DEBUG#c28227b5-a163-11f1-b062-eeee0a986ec4.OPERATION#App upload monitor: 8c88acee-b6c2-416e-8181-aab06d87bc82#
[UploadAppStep] Upload status: PROCESSING_UPLOAD#
#2026 08 26 15:36:15.426#Z#DEBUG#c28227b5-a163-11f1-b062-eeee0a986ec4.OPERATION#flowable-async-job-executor-thread-2660#
[UploadAppStep] Getting environment of application "846298f7-a9cf-4b9f-a20b-63e370407f6e"...#
#2026 08 26 15:36:15.461#Z#DEBUG#c28227b5-a163-11f1-b062-eeee0a986ec4.OPERATION#flowable-async-job-executor-thread-2660#
[UploadAppStep] Updating environment of application "ResilienceCockpit-srv"#
#2026 08 26 15:36:15.555#Z#DEBUG#c28227b5-a163-11f1-b062-eeee0a986ec4.OPERATION#flowable-async-job-executor-thread-2660#
Step "Upload App" finished#
#2026 08 26 15:36:20.458#Z#DEBUG#c28227b5-a163-11f1-b062-eeee0a986ec4.OPERATION#App upload monitor: 8c88acee-b6c2-416e-8181-aab06d87bc82#
[UploadAppStep] Upload status: PROCESSING_UPLOAD#
#2026 08 26 15:36:24.821#Z#DEBUG#c28227b5-a163-11f1-b062-eeee0a986ec4.OPERATION#flowable-async-job-executor-thread-2664#
[UploadAppStep] Executing task "uploadAppTask" of process "db3c445a-a163-11f1-9c91-eeee0a8eaebf"...#
#2026 08 26 15:36:24.822#Z#DEBUG#c28227b5-a163-11f1-b062-eeee0a986ec4.OPERATION#flowable-async-job-executor-thread-2664#
[UploadAppStep] Application upload timeout is default one: 3,600 seconds#
#2026 08 26 15:36:24.823#Z#DEBUG#c28227b5-a163-11f1-b062-eeee0a986ec4.OPERATION#flowable-async-job-executor-thread-2664#
[UploadAppStep] Checking upload status of application "ResilienceCockpit-srv"...#
#2026 08 26 15:36:24.823#Z#DEBUG#c28227b5-a163-11f1-b062-eeee0a986ec4.OPERATION#flowable-async-job-executor-thread-2664#
[UploadAppStep] Getting package "8c88acee-b6c2-416e-8181-aab06d87bc82"...#
#2026 08 26 15:36:24.850#Z#DEBUG#c28227b5-a163-11f1-b062-eeee0a986ec4.OPERATION#flowable-async-job-executor-thread-2664#
Step "Upload App" finished#
#2026 08 26 15:36:24.820#Z#DEBUG#c28227b5-a163-11f1-b062-eeee0a986ec4.OPERATION#flowable-async-job-executor-thread-2663#
[StageAppStep] Executing task "stageAppTask" of process "cf413f5f-a163-11f1-9c91-eeee0a8eaebf"...#
#2026 08 26 15:36:24.821#Z#DEBUG#c28227b5-a163-11f1-b062-eeee0a986ec4.OPERATION#flowable-async-job-executor-thread-2663#
[StageAppStep] Application stage timeout is default one: 3,600 seconds#
#2026 08 26 15:36:24.822#Z#DEBUG#c28227b5-a163-11f1-b062-eeee0a986ec4.OPERATION#flowable-async-job-executor-thread-2663#
[StageAppStep] Checking status of application "ResilienceCockpit-db-deployer"...#
#2026 08 26 15:36:24.822#Z#DEBUG#c28227b5-a163-11f1-b062-eeee0a986ec4.OPERATION#flowable-async-job-executor-thread-2663#
[StageAppStep] Getting build "28a0f16f-cead-4077-af36-9e730a04ebc8"...#
#2026 08 26 15:36:24.853#Z#DEBUG#c28227b5-a163-11f1-b062-eeee0a986ec4.OPERATION#flowable-async-job-executor-thread-2663#
[StageAppStep] Staging status of application "ResilienceCockpit-db-deployer": PENDING#
#2026 08 26 15:36:24.855#Z#DEBUG#c28227b5-a163-11f1-b062-eeee0a986ec4.OPERATION#flowable-async-job-executor-thread-2663#
[StageAppStep] Getting application guid "ResilienceCockpit-db-deployer"...#
#2026 08 26 15:36:24.934#Z#DEBUG#c28227b5-a163-11f1-b062-eeee0a986ec4.OPERATION#flowable-async-job-executor-thread-2663#
Step "Stage App" finished#
#2026 08 26 15:36:25.487#Z#DEBUG#c28227b5-a163-11f1-b062-eeee0a986ec4.OPERATION#App upload monitor: 8c88acee-b6c2-416e-8181-aab06d87bc82#
[UploadAppStep] Upload status: PROCESSING_UPLOAD#
#2026 08 26 15:36:30.512#Z#DEBUG#c28227b5-a163-11f1-b062-eeee0a986ec4.OPERATION#App upload monitor: 8c88acee-b6c2-416e-8181-aab06d87bc82#
[UploadAppStep] Upload status: READY#
#2026 08 26 15:36:34.835#Z#DEBUG#c28227b5-a163-11f1-b062-eeee0a986ec4.OPERATION#flowable-async-job-executor-thread-1274#
[UploadAppStep] Executing task "uploadAppTask" of process "db3c445a-a163-11f1-9c91-eeee0a8eaebf"...#
#2026 08 26 15:36:34.836#Z#DEBUG#c28227b5-a163-11f1-b062-eeee0a986ec4.OPERATION#flowable-async-job-executor-thread-1274#
[UploadAppStep] Application upload timeout is default one: 3,600 seconds#
#2026 08 26 15:36:34.836#Z#DEBUG#c28227b5-a163-11f1-b062-eeee0a986ec4.OPERATION#flowable-async-job-executor-thread-1274#
[UploadAppStep] Checking upload status of application "ResilienceCockpit-srv"...#
#2026 08 26 15:36:34.837#Z#DEBUG#c28227b5-a163-11f1-b062-eeee0a986ec4.OPERATION#flowable-async-job-executor-thread-1274#
[UploadAppStep] Getting package "8c88acee-b6c2-416e-8181-aab06d87bc82"...#
#2026 08 26 15:36:34.878#Z#DEBUG#c28227b5-a163-11f1-b062-eeee0a986ec4.OPERATION#flowable-async-job-executor-thread-1274#
[UploadAppStep] Application "ResilienceCockpit-srv" uploaded#
#2026 08 26 15:36:34.879#Z#DEBUG#c28227b5-a163-11f1-b062-eeee0a986ec4.OPERATION#flowable-async-job-executor-thread-1274#
Step "Upload App" finished#
#2026 08 26 15:36:34.904#Z#DEBUG#c28227b5-a163-11f1-b062-eeee0a986ec4.OPERATION#flowable-async-job-executor-thread-1275#
[ScaleAppStep] Executing task "scaleAppTask" of process "db3c445a-a163-11f1-9c91-eeee0a8eaebf"...#
#2026 08 26 15:36:34.905#Z#DEBUG#c28227b5-a163-11f1-b062-eeee0a986ec4.OPERATION#flowable-async-job-executor-thread-1275#
[ScaleAppStep] Scaling application "ResilienceCockpit-srv"...#
#2026 08 26 15:36:34.905#Z#DEBUG#c28227b5-a163-11f1-b062-eeee0a986ec4.OPERATION#flowable-async-job-executor-thread-1275#
[ScaleAppStep] Getting application guid "ResilienceCockpit-srv"...#
#2026 08 26 15:36:34.936#Z#DEBUG#c28227b5-a163-11f1-b062-eeee0a986ec4.OPERATION#flowable-async-job-executor-thread-1275#
[ScaleAppStep] Getting process for application "846298f7-a9cf-4b9f-a20b-63e370407f6e"...#
#2026 08 26 15:36:34.960#Z#DEBUG#c28227b5-a163-11f1-b062-eeee0a986ec4.OPERATION#flowable-async-job-executor-thread-1275#
[ScaleAppStep] Application "ResilienceCockpit-srv" scaled#
#2026 08 26 15:36:34.960#Z#DEBUG#c28227b5-a163-11f1-b062-eeee0a986ec4.OPERATION#flowable-async-job-executor-thread-1275#
Step "Scale App" finished#
#2026 08 26 15:36:34.821#Z#DEBUG#c28227b5-a163-11f1-b062-eeee0a986ec4.OPERATION#flowable-async-job-executor-thread-2666#
[StageAppStep] Executing task "stageAppTask" of process "cf413f5f-a163-11f1-9c91-eeee0a8eaebf"...#
#2026 08 26 15:36:34.823#Z#DEBUG#c28227b5-a163-11f1-b062-eeee0a986ec4.OPERATION#flowable-async-job-executor-thread-2666#
[StageAppStep] Application stage timeout is default one: 3,600 seconds#
#2026 08 26 15:36:34.823#Z#DEBUG#c28227b5-a163-11f1-b062-eeee0a986ec4.OPERATION#flowable-async-job-executor-thread-2666#
[StageAppStep] Checking status of application "ResilienceCockpit-db-deployer"...#
#2026 08 26 15:36:34.823#Z#DEBUG#c28227b5-a163-11f1-b062-eeee0a986ec4.OPERATION#flowable-async-job-executor-thread-2666#
[StageAppStep] Getting build "28a0f16f-cead-4077-af36-9e730a04ebc8"...#
#2026 08 26 15:36:34.879#Z#DEBUG#c28227b5-a163-11f1-b062-eeee0a986ec4.OPERATION#flowable-async-job-executor-thread-2666#
[StageAppStep] Staging status of application "ResilienceCockpit-db-deployer": STAGED#
#2026 08 26 15:36:34.880#Z#DEBUG#c28227b5-a163-11f1-b062-eeee0a986ec4.OPERATION#flowable-async-job-executor-thread-2666#
[StageAppStep] Getting application guid "ResilienceCockpit-db-deployer"...#
#2026 08 26 15:36:34.945#Z#DEBUG#c28227b5-a163-11f1-b062-eeee0a986ec4.OPERATION#flowable-async-job-executor-thread-2666#
[StageAppStep] Getting build "28a0f16f-cead-4077-af36-9e730a04ebc8"...#
#2026 08 26 15:36:34.967#Z#DEBUG#c28227b5-a163-11f1-b062-eeee0a986ec4.OPERATION#flowable-async-job-executor-thread-2666#
[StageAppStep] Binding droplet "e6553c00-263c-417c-af04-270ea3804907" to application "2d23200b-60aa-4519-b7f8-9f40de7a8ecc"...#
#2026 08 26 15:36:35.015#Z#INFO#c28227b5-a163-11f1-b062-eeee0a986ec4.OPERATION#flowable-async-job-executor-thread-2666#
[StageAppStep] Application "ResilienceCockpit-db-deployer" staged#
#2026 08 26 15:36:35.018#Z#DEBUG#c28227b5-a163-11f1-b062-eeee0a986ec4.OPERATION#flowable-async-job-executor-thread-2666#
Step "Stage App" finished#
#2026 08 26 15:36:35.064#Z#DEBUG#c28227b5-a163-11f1-b062-eeee0a986ec4.OPERATION#flowable-async-job-executor-thread-2668#
[PrepareToExecuteTasksStep] Executing task "prepareToExecuteTasksTask" of process "eb85452f-a163-11f1-b062-eeee0a986ec4"...#
#2026 08 26 15:36:35.065#Z#DEBUG#c28227b5-a163-11f1-b062-eeee0a986ec4.OPERATION#flowable-async-job-executor-thread-2668#
Step "Prepare To Execute Tasks" finished#
#2026 08 26 15:36:34.980#Z#DEBUG#c28227b5-a163-11f1-b062-eeee0a986ec4.OPERATION#flowable-async-job-executor-thread-1276#
[DetermineDesiredStateAchievingActionsStep] Executing task "determineDesiredStateAchievingActionsTask" of process "db3c445a-a163-11f1-9c91-eeee0a8eaebf"...#
#2026 08 26 15:36:34.981#Z#DEBUG#c28227b5-a163-11f1-b062-eeee0a986ec4.OPERATION#flowable-async-job-executor-thread-1276#
[DetermineDesiredStateAchievingActionsStep] Getting application "ResilienceCockpit-srv"...#
#2026 08 26 15:36:35.010#Z#DEBUG#c28227b5-a163-11f1-b062-eeee0a986ec4.OPERATION#flowable-async-job-executor-thread-1276#
[DetermineDesiredStateAchievingActionsStep] Getting instances for application "ResilienceCockpit-srv"...#
#2026 08 26 15:36:35.079#Z#DEBUG#c28227b5-a163-11f1-b062-eeee0a986ec4.OPERATION#flowable-async-job-executor-thread-1276#
[DetermineDesiredStateAchievingActionsStep] Getting environment of application "846298f7-a9cf-4b9f-a20b-63e370407f6e"...#
#2026 08 26 15:36:35.119#Z#DEBUG#c28227b5-a163-11f1-b062-eeee0a986ec4.OPERATION#flowable-async-job-executor-thread-1276#
[DetermineDesiredStateAchievingActionsStep] Current state of application ResilienceCockpit-srv: STARTED#
#2026 08 26 15:36:35.119#Z#DEBUG#c28227b5-a163-11f1-b062-eeee0a986ec4.OPERATION#flowable-async-job-executor-thread-1276#
[DetermineDesiredStateAchievingActionsStep] Desired state of application ResilienceCockpit-srv: STARTED#
#2026 08 26 15:36:35.119#Z#DEBUG#c28227b5-a163-11f1-b062-eeee0a986ec4.OPERATION#flowable-async-job-executor-thread-1276#
[DetermineDesiredStateAchievingActionsStep] Actions that should be executed on application ResilienceCockpit-srv: [STOP, STAGE, START]#
#2026 08 26 15:36:35.119#Z#DEBUG#c28227b5-a163-11f1-b062-eeee0a986ec4.OPERATION#flowable-async-job-executor-thread-1276#
Step "Determine Desired State Achieving Actions" finished#
#2026 08 26 15:36:35.146#Z#DEBUG#c28227b5-a163-11f1-b062-eeee0a986ec4.OPERATION#flowable-async-job-executor-thread-1277#
[StopAppStep] Executing task "stopAppTask" of process "db3c445a-a163-11f1-9c91-eeee0a8eaebf"...#
#2026 08 26 15:36:35.148#Z#INFO#c28227b5-a163-11f1-b062-eeee0a986ec4.OPERATION#flowable-async-job-executor-thread-1277#
[StopAppStep] Stopping application "ResilienceCockpit-srv"...#
#2026 08 26 15:36:35.152#Z#DEBUG#c28227b5-a163-11f1-b062-eeee0a986ec4.OPERATION#flowable-async-job-executor-thread-1277#
[StopAppStep] Stopping application "ResilienceCockpit-srv"...#
#2026 08 26 15:36:35.268#Z#DEBUG#c28227b5-a163-11f1-b062-eeee0a986ec4.OPERATION#flowable-async-job-executor-thread-1277#
[StopAppStep] Application "ResilienceCockpit-srv" stopped#
#2026 08 26 15:36:35.268#Z#DEBUG#c28227b5-a163-11f1-b062-eeee0a986ec4.OPERATION#flowable-async-job-executor-thread-1277#
[StopAppStep] Getting environment of application "846298f7-a9cf-4b9f-a20b-63e370407f6e"...#
#2026 08 26 15:36:35.292#Z#DEBUG#c28227b5-a163-11f1-b062-eeee0a986ec4.OPERATION#flowable-async-job-executor-thread-1277#
Step "Stop App" finished#
#2026 08 26 15:36:35.083#Z#DEBUG#c28227b5-a163-11f1-b062-eeee0a986ec4.OPERATION#flowable-async-job-executor-thread-2669#
[ExecuteTaskStep] Executing task "executeTaskTask" of process "eb85452f-a163-11f1-b062-eeee0a986ec4"...#
#2026 08 26 15:36:35.085#Z#DEBUG#c28227b5-a163-11f1-b062-eeee0a986ec4.OPERATION#flowable-async-job-executor-thread-2669#
[ExecuteTaskStep] Application task execution timeout is default one: 43,200 seconds#
#2026 08 26 15:36:35.086#Z#INFO#c28227b5-a163-11f1-b062-eeee0a986ec4.OPERATION#flowable-async-job-executor-thread-2669#
[ExecuteTaskStep] Executing task "deploy" on application "ResilienceCockpit-db-deployer"...#
#2026 08 26 15:36:35.089#Z#DEBUG#c28227b5-a163-11f1-b062-eeee0a986ec4.OPERATION#flowable-async-job-executor-thread-2669#
[ExecuteTaskStep] Running task on application "ResilienceCockpit-db-deployer": {
  "name" : "deploy",
  "command" : "npm start",
  "limits" : {
    "memory" : 256
  }
}#
#2026 08 26 15:36:35.346#Z#DEBUG#c28227b5-a163-11f1-b062-eeee0a986ec4.OPERATION#flowable-async-job-executor-thread-2669#
Step "Execute Task" finished#
#2026 08 26 15:36:35.325#Z#DEBUG#c28227b5-a163-11f1-b062-eeee0a986ec4.OPERATION#flowable-async-job-executor-thread-1278#
[StageAppStep] Executing task "stageAppTask" of process "ebac0715-a163-11f1-9c91-eeee0a8eaebf"...#
#2026 08 26 15:36:35.326#Z#DEBUG#c28227b5-a163-11f1-b062-eeee0a986ec4.OPERATION#flowable-async-job-executor-thread-1278#
[StageAppStep] Application stage timeout is default one: 3,600 seconds#
#2026 08 26 15:36:35.328#Z#INFO#c28227b5-a163-11f1-b062-eeee0a986ec4.OPERATION#flowable-async-job-executor-thread-1278#
[StageAppStep] Staging application "ResilienceCockpit-srv"...#
#2026 08 26 15:36:35.331#Z#DEBUG#c28227b5-a163-11f1-b062-eeee0a986ec4.OPERATION#flowable-async-job-executor-thread-1278#
[StageAppStep] Creating build for package "8c88acee-b6c2-416e-8181-aab06d87bc82"...#
#2026 08 26 15:36:35.801#Z#DEBUG#c28227b5-a163-11f1-b062-eeee0a986ec4.OPERATION#flowable-async-job-executor-thread-1278#
Step "Stage App" finished#
#2026 08 26 15:36:44.831#Z#DEBUG#c28227b5-a163-11f1-b062-eeee0a986ec4.OPERATION#flowable-async-job-executor-thread-2672#
[ExecuteTaskStep] Executing task "executeTaskTask" of process "eb85452f-a163-11f1-b062-eeee0a986ec4"...#
#2026 08 26 15:36:44.832#Z#DEBUG#c28227b5-a163-11f1-b062-eeee0a986ec4.OPERATION#flowable-async-job-executor-thread-2672#
[ExecuteTaskStep] Application task execution timeout is default one: 43,200 seconds#
#2026 08 26 15:36:44.833#Z#DEBUG#c28227b5-a163-11f1-b062-eeee0a986ec4.OPERATION#flowable-async-job-executor-thread-2672#
[ExecuteTaskStep] Getting task "89ebbd8f-c858-44f1-8d3d-27707e430112"...#
#2026 08 26 15:36:44.869#Z#DEBUG#c28227b5-a163-11f1-b062-eeee0a986ec4.OPERATION#flowable-async-job-executor-thread-2672#
[ExecuteTaskStep] Task execution status: failed#
#2026 08 26 15:36:44.870#Z#DEBUG#c28227b5-a163-11f1-b062-eeee0a986ec4.OPERATION#flowable-async-job-executor-thread-2672#
[ExecuteTaskStep] Getting application guid "ResilienceCockpit-db-deployer"...#
#2026 08 26 15:36:44.976#Z#ERROR#c28227b5-a163-11f1-b062-eeee0a986ec4.OPERATION#flowable-async-job-executor-thread-2672#
[ExecuteTaskStep] Execution of task "deploy" on application "ResilienceCockpit-db-deployer" failed.#
#2026 08 26 15:36:44.979#Z#INFO#c28227b5-a163-11f1-b062-eeee0a986ec4.OPERATION#flowable-async-job-executor-thread-2672#
[ExecuteTaskStep] Download the MTA operation logs for more details.#
#2026 08 26 15:36:44.982#Z#DEBUG#c28227b5-a163-11f1-b062-eeee0a986ec4.OPERATION#flowable-async-job-executor-thread-2672#
Step "Execute Task" finished#
#2026 08 26 15:36:44.836#Z#DEBUG#c28227b5-a163-11f1-b062-eeee0a986ec4.OPERATION#flowable-async-job-executor-thread-2673#
[StageAppStep] Executing task "stageAppTask" of process "ebac0715-a163-11f1-9c91-eeee0a8eaebf"...#
#2026 08 26 15:36:44.837#Z#DEBUG#c28227b5-a163-11f1-b062-eeee0a986ec4.OPERATION#flowable-async-job-executor-thread-2673#
[StageAppStep] Application stage timeout is default one: 3,600 seconds#
#2026 08 26 15:36:44.837#Z#DEBUG#c28227b5-a163-11f1-b062-eeee0a986ec4.OPERATION#flowable-async-job-executor-thread-2673#
[StageAppStep] Checking status of application "ResilienceCockpit-srv"...#
#2026 08 26 15:36:44.837#Z#DEBUG#c28227b5-a163-11f1-b062-eeee0a986ec4.OPERATION#flowable-async-job-executor-thread-2673#
[StageAppStep] Getting build "a00bc1ab-d6f1-4bbe-8b65-12923408fea1"...#
#2026 08 26 15:36:44.869#Z#DEBUG#c28227b5-a163-11f1-b062-eeee0a986ec4.OPERATION#flowable-async-job-executor-thread-2673#
[StageAppStep] Staging status of application "ResilienceCockpit-srv": PENDING#
#2026 08 26 15:36:44.870#Z#DEBUG#c28227b5-a163-11f1-b062-eeee0a986ec4.OPERATION#flowable-async-job-executor-thread-2673#
[StageAppStep] Getting application guid "ResilienceCockpit-srv"...#
#2026 08 26 15:36:44.999#Z#DEBUG#c28227b5-a163-11f1-b062-eeee0a986ec4.OPERATION#flowable-async-job-executor-thread-2673#
Step "Stage App" finished#
#2026 08 26 15:36:48.231#Z#DEBUG#c28227b5-a163-11f1-b062-eeee0a986ec4.OPERATION#flowable-async-job-executor-thread-2674#
[ExecuteTaskStep] Executing task "executeTaskTask" of process "eb85452f-a163-11f1-b062-eeee0a986ec4"...#
#2026 08 26 15:36:48.232#Z#DEBUG#c28227b5-a163-11f1-b062-eeee0a986ec4.OPERATION#flowable-async-job-executor-thread-2674#
[ExecuteTaskStep] Application task execution timeout is default one: 43,200 seconds#
#2026 08 26 15:36:48.304#Z#INFO#c28227b5-a163-11f1-b062-eeee0a986ec4.OPERATION#flowable-async-job-executor-thread-2674#
[ExecuteTaskStep] Executing task "deploy" on application "ResilienceCockpit-db-deployer"...#
#2026 08 26 15:36:48.306#Z#DEBUG#c28227b5-a163-11f1-b062-eeee0a986ec4.OPERATION#flowable-async-job-executor-thread-2674#
[ExecuteTaskStep] Running task on application "ResilienceCockpit-db-deployer": {
  "name" : "deploy",
  "command" : "npm start",
  "limits" : {
    "memory" : 256
  }
}#
#2026 08 26 15:36:48.563#Z#DEBUG#c28227b5-a163-11f1-b062-eeee0a986ec4.OPERATION#flowable-async-job-executor-thread-2674#
Step "Execute Task" finished#
#2026 08 26 15:36:54.843#Z#DEBUG#c28227b5-a163-11f1-b062-eeee0a986ec4.OPERATION#flowable-async-job-executor-thread-2678#
[ExecuteTaskStep] Executing task "executeTaskTask" of process "eb85452f-a163-11f1-b062-eeee0a986ec4"...#
#2026 08 26 15:36:54.844#Z#DEBUG#c28227b5-a163-11f1-b062-eeee0a986ec4.OPERATION#flowable-async-job-executor-thread-2678#
[ExecuteTaskStep] Application task execution timeout is default one: 43,200 seconds#
#2026 08 26 15:36:54.845#Z#DEBUG#c28227b5-a163-11f1-b062-eeee0a986ec4.OPERATION#flowable-async-job-executor-thread-2678#
[ExecuteTaskStep] Getting task "744bf819-b94e-4cc9-bcac-63d26564ebe0"...#
#2026 08 26 15:36:54.875#Z#DEBUG#c28227b5-a163-11f1-b062-eeee0a986ec4.OPERATION#flowable-async-job-executor-thread-2678#
[ExecuteTaskStep] Task execution status: running#
#2026 08 26 15:36:54.878#Z#DEBUG#c28227b5-a163-11f1-b062-eeee0a986ec4.OPERATION#flowable-async-job-executor-thread-2678#
[ExecuteTaskStep] Getting application guid "ResilienceCockpit-db-deployer"...#
#2026 08 26 15:36:54.962#Z#DEBUG#c28227b5-a163-11f1-b062-eeee0a986ec4.OPERATION#flowable-async-job-executor-thread-2678#
Step "Execute Task" finished#
#2026 08 26 15:36:54.841#Z#DEBUG#c28227b5-a163-11f1-b062-eeee0a986ec4.OPERATION#flowable-async-job-executor-thread-2677#
[StageAppStep] Executing task "stageAppTask" of process "ebac0715-a163-11f1-9c91-eeee0a8eaebf"...#
#2026 08 26 15:36:54.842#Z#DEBUG#c28227b5-a163-11f1-b062-eeee0a986ec4.OPERATION#flowable-async-job-executor-thread-2677#
[StageAppStep] Application stage timeout is default one: 3,600 seconds#
#2026 08 26 15:36:54.843#Z#DEBUG#c28227b5-a163-11f1-b062-eeee0a986ec4.OPERATION#flowable-async-job-executor-thread-2677#
[StageAppStep] Checking status of application "ResilienceCockpit-srv"...#
#2026 08 26 15:36:54.843#Z#DEBUG#c28227b5-a163-11f1-b062-eeee0a986ec4.OPERATION#flowable-async-job-executor-thread-2677#
[StageAppStep] Getting build "a00bc1ab-d6f1-4bbe-8b65-12923408fea1"...#
#2026 08 26 15:36:54.881#Z#DEBUG#c28227b5-a163-11f1-b062-eeee0a986ec4.OPERATION#flowable-async-job-executor-thread-2677#
[StageAppStep] Staging status of application "ResilienceCockpit-srv": PENDING#
#2026 08 26 15:36:54.883#Z#DEBUG#c28227b5-a163-11f1-b062-eeee0a986ec4.OPERATION#flowable-async-job-executor-thread-2677#
[StageAppStep] Getting application guid "ResilienceCockpit-srv"...#
#2026 08 26 15:36:54.978#Z#DEBUG#c28227b5-a163-11f1-b062-eeee0a986ec4.OPERATION#flowable-async-job-executor-thread-2677#
Step "Stage App" finished#
#2026 08 26 15:37:04.848#Z#DEBUG#c28227b5-a163-11f1-b062-eeee0a986ec4.OPERATION#flowable-async-job-executor-thread-2682#
[ExecuteTaskStep] Executing task "executeTaskTask" of process "eb85452f-a163-11f1-b062-eeee0a986ec4"...#
#2026 08 26 15:37:04.849#Z#DEBUG#c28227b5-a163-11f1-b062-eeee0a986ec4.OPERATION#flowable-async-job-executor-thread-2682#
[ExecuteTaskStep] Application task execution timeout is default one: 43,200 seconds#
#2026 08 26 15:37:04.850#Z#DEBUG#c28227b5-a163-11f1-b062-eeee0a986ec4.OPERATION#flowable-async-job-executor-thread-2682#
[ExecuteTaskStep] Getting task "744bf819-b94e-4cc9-bcac-63d26564ebe0"...#
#2026 08 26 15:37:04.895#Z#DEBUG#c28227b5-a163-11f1-b062-eeee0a986ec4.OPERATION#flowable-async-job-executor-thread-2682#
[ExecuteTaskStep] Task execution status: failed#
#2026 08 26 15:37:04.896#Z#DEBUG#c28227b5-a163-11f1-b062-eeee0a986ec4.OPERATION#flowable-async-job-executor-thread-2682#
[ExecuteTaskStep] Getting application guid "ResilienceCockpit-db-deployer"...#
#2026 08 26 15:37:04.952#Z#ERROR#c28227b5-a163-11f1-b062-eeee0a986ec4.OPERATION#flowable-async-job-executor-thread-2682#
[ExecuteTaskStep] Execution of task "deploy" on application "ResilienceCockpit-db-deployer" failed.#
#2026 08 26 15:37:04.955#Z#INFO#c28227b5-a163-11f1-b062-eeee0a986ec4.OPERATION#flowable-async-job-executor-thread-2682#
[ExecuteTaskStep] Download the MTA operation logs for more details.#
#2026 08 26 15:37:04.957#Z#DEBUG#c28227b5-a163-11f1-b062-eeee0a986ec4.OPERATION#flowable-async-job-executor-thread-2682#
Step "Execute Task" finished#
#2026 08 26 15:37:04.848#Z#DEBUG#c28227b5-a163-11f1-b062-eeee0a986ec4.OPERATION#flowable-async-job-executor-thread-2681#
[StageAppStep] Executing task "stageAppTask" of process "ebac0715-a163-11f1-9c91-eeee0a8eaebf"...#
#2026 08 26 15:37:04.849#Z#DEBUG#c28227b5-a163-11f1-b062-eeee0a986ec4.OPERATION#flowable-async-job-executor-thread-2681#
[StageAppStep] Application stage timeout is default one: 3,600 seconds#
#2026 08 26 15:37:04.850#Z#DEBUG#c28227b5-a163-11f1-b062-eeee0a986ec4.OPERATION#flowable-async-job-executor-thread-2681#
[StageAppStep] Checking status of application "ResilienceCockpit-srv"...#
#2026 08 26 15:37:04.850#Z#DEBUG#c28227b5-a163-11f1-b062-eeee0a986ec4.OPERATION#flowable-async-job-executor-thread-2681#
[StageAppStep] Getting build "a00bc1ab-d6f1-4bbe-8b65-12923408fea1"...#
#2026 08 26 15:37:04.889#Z#DEBUG#c28227b5-a163-11f1-b062-eeee0a986ec4.OPERATION#flowable-async-job-executor-thread-2681#
[StageAppStep] Staging status of application "ResilienceCockpit-srv": STAGED#
#2026 08 26 15:37:04.891#Z#DEBUG#c28227b5-a163-11f1-b062-eeee0a986ec4.OPERATION#flowable-async-job-executor-thread-2681#
[StageAppStep] Getting application guid "ResilienceCockpit-srv"...#
#2026 08 26 15:37:04.965#Z#DEBUG#c28227b5-a163-11f1-b062-eeee0a986ec4.OPERATION#flowable-async-job-executor-thread-2681#
[StageAppStep] Getting build "a00bc1ab-d6f1-4bbe-8b65-12923408fea1"...#
#2026 08 26 15:37:04.996#Z#DEBUG#c28227b5-a163-11f1-b062-eeee0a986ec4.OPERATION#flowable-async-job-executor-thread-2681#
[StageAppStep] Binding droplet "0c67d4c1-1f4b-4fa4-8a9b-51b0816f4a7e" to application "846298f7-a9cf-4b9f-a20b-63e370407f6e"...#
#2026 08 26 15:37:05.064#Z#INFO#c28227b5-a163-11f1-b062-eeee0a986ec4.OPERATION#flowable-async-job-executor-thread-2681#
[StageAppStep] Application "ResilienceCockpit-srv" staged#
#2026 08 26 15:37:05.068#Z#DEBUG#c28227b5-a163-11f1-b062-eeee0a986ec4.OPERATION#flowable-async-job-executor-thread-2681#
Step "Stage App" finished#
#2026 08 26 15:37:05.087#Z#DEBUG#c28227b5-a163-11f1-b062-eeee0a986ec4.OPERATION#flowable-async-job-executor-thread-2683#
[RestartAppStep] Executing task "startAppTask" of process "ebac0715-a163-11f1-9c91-eeee0a8eaebf"...#
#2026 08 26 15:37:05.089#Z#DEBUG#c28227b5-a163-11f1-b062-eeee0a986ec4.OPERATION#flowable-async-job-executor-thread-2683#
[RestartAppStep] Application start timeout is default one: 3,600 seconds#
#2026 08 26 15:37:05.160#Z#DEBUG#c28227b5-a163-11f1-b062-eeee0a986ec4.OPERATION#flowable-async-job-executor-thread-2683#
[RestartAppStep] Getting application "ResilienceCockpit-srv"...#
#2026 08 26 15:37:05.205#Z#INFO#c28227b5-a163-11f1-b062-eeee0a986ec4.OPERATION#flowable-async-job-executor-thread-2683#
[RestartAppStep] Starting application "ResilienceCockpit-srv"...#
#2026 08 26 15:37:05.208#Z#DEBUG#c28227b5-a163-11f1-b062-eeee0a986ec4.OPERATION#flowable-async-job-executor-thread-2683#
[RestartAppStep] Starting application "ResilienceCockpit-srv"...#
#2026 08 26 15:37:05.475#Z#DEBUG#c28227b5-a163-11f1-b062-eeee0a986ec4.OPERATION#flowable-async-job-executor-thread-2683#
Step "Start App" finished#
#2026 08 26 15:37:06.611#Z#DEBUG#c28227b5-a163-11f1-b062-eeee0a986ec4.OPERATION#flowable-async-job-executor-thread-1279#
[ExecuteTaskStep] Executing task "executeTaskTask" of process "eb85452f-a163-11f1-b062-eeee0a986ec4"...#
#2026 08 26 15:37:06.614#Z#DEBUG#c28227b5-a163-11f1-b062-eeee0a986ec4.OPERATION#flowable-async-job-executor-thread-1279#
[ExecuteTaskStep] Application task execution timeout is default one: 43,200 seconds#
#2026 08 26 15:37:06.616#Z#INFO#c28227b5-a163-11f1-b062-eeee0a986ec4.OPERATION#flowable-async-job-executor-thread-1279#
[ExecuteTaskStep] Executing task "deploy" on application "ResilienceCockpit-db-deployer"...#
#2026 08 26 15:37:06.620#Z#DEBUG#c28227b5-a163-11f1-b062-eeee0a986ec4.OPERATION#flowable-async-job-executor-thread-1279#
[ExecuteTaskStep] Running task on application "ResilienceCockpit-db-deployer": {
  "name" : "deploy",
  "command" : "npm start",
  "limits" : {
    "memory" : 256
  }
}#
#2026 08 26 15:37:06.877#Z#DEBUG#c28227b5-a163-11f1-b062-eeee0a986ec4.OPERATION#flowable-async-job-executor-thread-1279#
Step "Execute Task" finished#
#2026 08 26 15:37:14.860#Z#DEBUG#c28227b5-a163-11f1-b062-eeee0a986ec4.OPERATION#flowable-async-job-executor-thread-2687#
[ExecuteTaskStep] Executing task "executeTaskTask" of process "eb85452f-a163-11f1-b062-eeee0a986ec4"...#
#2026 08 26 15:37:14.861#Z#DEBUG#c28227b5-a163-11f1-b062-eeee0a986ec4.OPERATION#flowable-async-job-executor-thread-2687#
[ExecuteTaskStep] Application task execution timeout is default one: 43,200 seconds#
#2026 08 26 15:37:14.862#Z#DEBUG#c28227b5-a163-11f1-b062-eeee0a986ec4.OPERATION#flowable-async-job-executor-thread-2687#
[ExecuteTaskStep] Getting task "63b63d06-cf27-4785-8382-7453dbf3febc"...#
#2026 08 26 15:37:14.889#Z#DEBUG#c28227b5-a163-11f1-b062-eeee0a986ec4.OPERATION#flowable-async-job-executor-thread-2687#
[ExecuteTaskStep] Task execution status: running#
#2026 08 26 15:37:14.890#Z#DEBUG#c28227b5-a163-11f1-b062-eeee0a986ec4.OPERATION#flowable-async-job-executor-thread-2687#
[ExecuteTaskStep] Getting application guid "ResilienceCockpit-db-deployer"...#
#2026 08 26 15:37:14.979#Z#DEBUG#c28227b5-a163-11f1-b062-eeee0a986ec4.OPERATION#flowable-async-job-executor-thread-2687#
Step "Execute Task" finished#
#2026 08 26 15:37:14.855#Z#DEBUG#c28227b5-a163-11f1-b062-eeee0a986ec4.OPERATION#flowable-async-job-executor-thread-2686#
[RestartAppStep] Executing task "startAppTask" of process "fda96fd1-a163-11f1-b062-eeee0a986ec4"...#
#2026 08 26 15:37:14.857#Z#DEBUG#c28227b5-a163-11f1-b062-eeee0a986ec4.OPERATION#flowable-async-job-executor-thread-2686#
[RestartAppStep] Application start timeout is default one: 3,600 seconds#
#2026 08 26 15:37:14.857#Z#DEBUG#c28227b5-a163-11f1-b062-eeee0a986ec4.OPERATION#flowable-async-job-executor-thread-2686#
[RestartAppStep] Checking status of application "ResilienceCockpit-srv"...#
#2026 08 26 15:37:14.857#Z#DEBUG#c28227b5-a163-11f1-b062-eeee0a986ec4.OPERATION#flowable-async-job-executor-thread-2686#
[RestartAppStep] Getting application "ResilienceCockpit-srv"...#
#2026 08 26 15:37:14.902#Z#DEBUG#c28227b5-a163-11f1-b062-eeee0a986ec4.OPERATION#flowable-async-job-executor-thread-2686#
[RestartAppStep] Getting instances for application "ResilienceCockpit-srv"...#
#2026 08 26 15:37:14.963#Z#DEBUG#c28227b5-a163-11f1-b062-eeee0a986ec4.OPERATION#flowable-async-job-executor-thread-2686#
[RestartAppStep] Application "ResilienceCockpit-srv": 1 of 1 instances running (1 running)#
#2026 08 26 15:37:15.017#Z#DEBUG#c28227b5-a163-11f1-b062-eeee0a986ec4.OPERATION#flowable-async-job-executor-thread-2686#
[RestartAppStep] Getting routes for application "846298f7-a9cf-4b9f-a20b-63e370407f6e"...#
#2026 08 26 15:37:15.049#Z#INFO#c28227b5-a163-11f1-b062-eeee0a986ec4.OPERATION#flowable-async-job-executor-thread-2686#
[RestartAppStep] Application "ResilienceCockpit-srv" started and available at "94060551trial-dev-resiliencecockpit-srv.cfapps.us10-003.hana.ondemand.com"#
#2026 08 26 15:37:15.052#Z#DEBUG#c28227b5-a163-11f1-b062-eeee0a986ec4.OPERATION#flowable-async-job-executor-thread-2686#
Step "Start App" finished#
#2026 08 26 15:37:24.865#Z#DEBUG#c28227b5-a163-11f1-b062-eeee0a986ec4.OPERATION#flowable-async-job-executor-thread-2690#
[RestartAppStep] Executing task "startAppTask" of process "035ec57b-a164-11f1-b062-eeee0a986ec4"...#
#2026 08 26 15:37:24.867#Z#DEBUG#c28227b5-a163-11f1-b062-eeee0a986ec4.OPERATION#flowable-async-job-executor-thread-2690#
[RestartAppStep] Application start timeout is default one: 3,600 seconds#
#2026 08 26 15:37:24.867#Z#DEBUG#c28227b5-a163-11f1-b062-eeee0a986ec4.OPERATION#flowable-async-job-executor-thread-2690#
Step "Start App" finished#
#2026 08 26 15:37:24.912#Z#DEBUG#c28227b5-a163-11f1-b062-eeee0a986ec4.OPERATION#flowable-async-job-executor-thread-2693#
[PrepareToExecuteTasksStep] Executing task "prepareToExecuteTasksTask" of process "093ba06f-a164-11f1-b062-eeee0a986ec4"...#
#2026 08 26 15:37:24.913#Z#DEBUG#c28227b5-a163-11f1-b062-eeee0a986ec4.OPERATION#flowable-async-job-executor-thread-2693#
Step "Prepare To Execute Tasks" finished#
#2026 08 26 15:37:24.946#Z#DEBUG#c28227b5-a163-11f1-b062-eeee0a986ec4.OPERATION#flowable-async-job-executor-thread-2694#
[PublishConfigurationEntriesStep] Executing task "publishProvidedDependenciesTask" of process "09386bfc-a164-11f1-b062-eeee0a986ec4"...#
#2026 08 26 15:37:24.946#Z#DEBUG#c28227b5-a163-11f1-b062-eeee0a986ec4.OPERATION#flowable-async-job-executor-thread-2694#
[PublishConfigurationEntriesStep] Publishing public provided dependencies for application "ResilienceCockpit-srv"...#
#2026 08 26 15:37:24.947#Z#DEBUG#c28227b5-a163-11f1-b062-eeee0a986ec4.OPERATION#flowable-async-job-executor-thread-2694#
[PublishConfigurationEntriesStep] No public provided dependencies for publishing#
#2026 08 26 15:37:24.947#Z#DEBUG#c28227b5-a163-11f1-b062-eeee0a986ec4.OPERATION#flowable-async-job-executor-thread-2694#
Step "Publish Provided Dependencies" finished#
#2026 08 26 15:37:24.964#Z#DEBUG#c28227b5-a163-11f1-b062-eeee0a986ec4.OPERATION#flowable-async-job-executor-thread-2695#
[CreateOrUpdateServiceBrokerStep] Executing task "createOrUpdateServiceBrokerTask" of process "09386bfc-a164-11f1-b062-eeee0a986ec4"...#
#2026 08 26 15:37:24.965#Z#DEBUG#c28227b5-a163-11f1-b062-eeee0a986ec4.OPERATION#flowable-async-job-executor-thread-2695#
[CreateOrUpdateServiceBrokerStep] Creating service brokers...#
#2026 08 26 15:37:24.966#Z#DEBUG#c28227b5-a163-11f1-b062-eeee0a986ec4.OPERATION#flowable-async-job-executor-thread-2695#
Step "Create Or Update Service Broker " finished#
#2026 08 26 15:37:24.870#Z#DEBUG#c28227b5-a163-11f1-b062-eeee0a986ec4.OPERATION#flowable-async-job-executor-thread-2691#
[ExecuteTaskStep] Executing task "executeTaskTask" of process "eb85452f-a163-11f1-b062-eeee0a986ec4"...#
#2026 08 26 15:37:24.871#Z#DEBUG#c28227b5-a163-11f1-b062-eeee0a986ec4.OPERATION#flowable-async-job-executor-thread-2691#
[ExecuteTaskStep] Application task execution timeout is default one: 43,200 seconds#
#2026 08 26 15:37:24.872#Z#DEBUG#c28227b5-a163-11f1-b062-eeee0a986ec4.OPERATION#flowable-async-job-executor-thread-2691#
[ExecuteTaskStep] Getting task "63b63d06-cf27-4785-8382-7453dbf3febc"...#
#2026 08 26 15:37:24.905#Z#DEBUG#c28227b5-a163-11f1-b062-eeee0a986ec4.OPERATION#flowable-async-job-executor-thread-2691#
[ExecuteTaskStep] Task execution status: failed#
#2026 08 26 15:37:24.908#Z#DEBUG#c28227b5-a163-11f1-b062-eeee0a986ec4.OPERATION#flowable-async-job-executor-thread-2691#
[ExecuteTaskStep] Getting application guid "ResilienceCockpit-db-deployer"...#
#2026 08 26 15:37:24.964#Z#ERROR#c28227b5-a163-11f1-b062-eeee0a986ec4.OPERATION#flowable-async-job-executor-thread-2691#
[ExecuteTaskStep] Execution of task "deploy" on application "ResilienceCockpit-db-deployer" failed.#
#2026 08 26 15:37:24.968#Z#INFO#c28227b5-a163-11f1-b062-eeee0a986ec4.OPERATION#flowable-async-job-executor-thread-2691#
[ExecuteTaskStep] Download the MTA operation logs for more details.#
#2026 08 26 15:37:24.970#Z#DEBUG#c28227b5-a163-11f1-b062-eeee0a986ec4.OPERATION#flowable-async-job-executor-thread-2691#
Step "Execute Task" finished#
#2026 08 26 15:37:27.963#Z#DEBUG#c28227b5-a163-11f1-b062-eeee0a986ec4.OPERATION#flowable-async-job-executor-thread-1280#
[ExecuteTaskStep] Executing task "executeTaskTask" of process "eb85452f-a163-11f1-b062-eeee0a986ec4"...#
#2026 08 26 15:37:27.965#Z#DEBUG#c28227b5-a163-11f1-b062-eeee0a986ec4.OPERATION#flowable-async-job-executor-thread-1280#
[ExecuteTaskStep] Application task execution timeout is default one: 43,200 seconds#
#2026 08 26 15:37:27.967#Z#INFO#c28227b5-a163-11f1-b062-eeee0a986ec4.OPERATION#flowable-async-job-executor-thread-1280#
[ExecuteTaskStep] Executing task "deploy" on application "ResilienceCockpit-db-deployer"...#
#2026 08 26 15:37:27.970#Z#DEBUG#c28227b5-a163-11f1-b062-eeee0a986ec4.OPERATION#flowable-async-job-executor-thread-1280#
[ExecuteTaskStep] Running task on application "ResilienceCockpit-db-deployer": {
  "name" : "deploy",
  "command" : "npm start",
  "limits" : {
    "memory" : 256
  }
}#
#2026 08 26 15:37:28.215#Z#DEBUG#c28227b5-a163-11f1-b062-eeee0a986ec4.OPERATION#flowable-async-job-executor-thread-1280#
Step "Execute Task" finished#
#2026 08 26 15:37:34.879#Z#DEBUG#c28227b5-a163-11f1-b062-eeee0a986ec4.OPERATION#flowable-async-job-executor-thread-2697#
[ExecuteTaskStep] Executing task "executeTaskTask" of process "eb85452f-a163-11f1-b062-eeee0a986ec4"...#
#2026 08 26 15:37:34.881#Z#DEBUG#c28227b5-a163-11f1-b062-eeee0a986ec4.OPERATION#flowable-async-job-executor-thread-2697#
[ExecuteTaskStep] Application task execution timeout is default one: 43,200 seconds#
#2026 08 26 15:37:34.947#Z#DEBUG#c28227b5-a163-11f1-b062-eeee0a986ec4.OPERATION#flowable-async-job-executor-thread-2697#
[ExecuteTaskStep] Getting task "a38fa9ba-fc53-4f2a-ae87-9a4e30177384"...#
#2026 08 26 15:37:35.007#Z#DEBUG#c28227b5-a163-11f1-b062-eeee0a986ec4.OPERATION#flowable-async-job-executor-thread-2697#
[ExecuteTaskStep] Task execution status: running#
#2026 08 26 15:37:35.009#Z#DEBUG#c28227b5-a163-11f1-b062-eeee0a986ec4.OPERATION#flowable-async-job-executor-thread-2697#
[ExecuteTaskStep] Getting application guid "ResilienceCockpit-db-deployer"...#
#2026 08 26 15:37:35.089#Z#DEBUG#c28227b5-a163-11f1-b062-eeee0a986ec4.OPERATION#flowable-async-job-executor-thread-2697#
Step "Execute Task" finished#
#2026 08 26 15:37:44.878#Z#DEBUG#c28227b5-a163-11f1-b062-eeee0a986ec4.OPERATION#flowable-async-job-executor-thread-2700#
[ExecuteTaskStep] Executing task "executeTaskTask" of process "eb85452f-a163-11f1-b062-eeee0a986ec4"...#
#2026 08 26 15:37:44.879#Z#DEBUG#c28227b5-a163-11f1-b062-eeee0a986ec4.OPERATION#flowable-async-job-executor-thread-2700#
[ExecuteTaskStep] Application task execution timeout is default one: 43,200 seconds#
#2026 08 26 15:37:44.880#Z#DEBUG#c28227b5-a163-11f1-b062-eeee0a986ec4.OPERATION#flowable-async-job-executor-thread-2700#
[ExecuteTaskStep] Getting task "a38fa9ba-fc53-4f2a-ae87-9a4e30177384"...#
#2026 08 26 15:37:44.929#Z#DEBUG#c28227b5-a163-11f1-b062-eeee0a986ec4.OPERATION#flowable-async-job-executor-thread-2700#
[ExecuteTaskStep] Task execution status: failed#
#2026 08 26 15:37:44.931#Z#DEBUG#c28227b5-a163-11f1-b062-eeee0a986ec4.OPERATION#flowable-async-job-executor-thread-2700#
[ExecuteTaskStep] Getting application guid "ResilienceCockpit-db-deployer"...#
#2026 08 26 15:37:45.027#Z#ERROR#c28227b5-a163-11f1-b062-eeee0a986ec4.OPERATION#flowable-async-job-executor-thread-2700#
[ExecuteTaskStep] Execution of task "deploy" on application "ResilienceCockpit-db-deployer" failed.#
#2026 08 26 15:37:45.055#Z#INFO#c28227b5-a163-11f1-b062-eeee0a986ec4.OPERATION#flowable-async-job-executor-thread-2700#
[ExecuteTaskStep] Download the MTA operation logs for more details.#
#2026 08 26 15:37:45.080#Z#DEBUG#c28227b5-a163-11f1-b062-eeee0a986ec4.OPERATION#flowable-async-job-executor-thread-2700#
Step "Execute Task" finished#
