#2026 08 26 15:36:14.964#Z#DEBUG#c28227b5-a163-11f1-b062-eeee0a986ec4.ResilienceCockpit-db-deployer#flowable-async-job-executor-thread-2659#
[PollStageAppStatusExecution] 2d23200b-60aa-4519-b7f8-9f40de7a8ecc [2026-08-25T17:36:02.608492] Updated app with guid 2d23200b-60aa-4519-b7f8-9f40de7a8ecc ({"lifecycle"=>{"data"=>{"buildpacks"=>["nodejs_buildpack"]}, "type"=>"buildpack"}}) (STDOUT, API)#
#2026 08 26 15:36:14.964#Z#DEBUG#c28227b5-a163-11f1-b062-eeee0a986ec4.ResilienceCockpit-db-deployer#flowable-async-job-executor-thread-2659#
[PollStageAppStatusExecution] 2d23200b-60aa-4519-b7f8-9f40de7a8ecc [2026-08-25T17:36:02.682352] Updating process: "web" (STDOUT, API)#
#2026 08 26 15:36:14.964#Z#DEBUG#c28227b5-a163-11f1-b062-eeee0a986ec4.ResilienceCockpit-db-deployer#flowable-async-job-executor-thread-2659#
[PollStageAppStatusExecution] 2d23200b-60aa-4519-b7f8-9f40de7a8ecc [2026-08-25T17:36:09.844550] Uploading app package for app with guid 2d23200b-60aa-4519-b7f8-9f40de7a8ecc (STDOUT, API)#
#2026 08 26 15:36:14.964#Z#DEBUG#c28227b5-a163-11f1-b062-eeee0a986ec4.ResilienceCockpit-db-deployer#flowable-async-job-executor-thread-2659#
[PollStageAppStatusExecution] 2d23200b-60aa-4519-b7f8-9f40de7a8ecc [2026-08-25T17:36:10.049740] Updated app with guid 2d23200b-60aa-4519-b7f8-9f40de7a8ecc ({"environment_variables"=>"[PRIVATE DATA HIDDEN]"}) (STDOUT, API)#
#2026 08 26 15:36:14.964#Z#DEBUG#c28227b5-a163-11f1-b062-eeee0a986ec4.ResilienceCockpit-db-deployer#flowable-async-job-executor-thread-2659#
[PollStageAppStatusExecution] 2d23200b-60aa-4519-b7f8-9f40de7a8ecc [2026-08-25T17:36:19.885211] Creating build for app with guid 2d23200b-60aa-4519-b7f8-9f40de7a8ecc (STDOUT, API)#
#2026 08 26 15:36:14.964#Z#DEBUG#c28227b5-a163-11f1-b062-eeee0a986ec4.ResilienceCockpit-db-deployer#flowable-async-job-executor-thread-2659#
[PollStageAppStatusExecution] 2d23200b-60aa-4519-b7f8-9f40de7a8ecc [2026-08-25T17:36:20.251060] Downloading nodejs_buildpack... (STDOUT, STG)#
#2026 08 26 15:36:14.964#Z#DEBUG#c28227b5-a163-11f1-b062-eeee0a986ec4.ResilienceCockpit-db-deployer#flowable-async-job-executor-thread-2659#
[PollStageAppStatusExecution] 2d23200b-60aa-4519-b7f8-9f40de7a8ecc [2026-08-25T17:36:20.291818] Downloaded nodejs_buildpack (STDOUT, STG)#
#2026 08 26 15:36:14.964#Z#DEBUG#c28227b5-a163-11f1-b062-eeee0a986ec4.ResilienceCockpit-db-deployer#flowable-async-job-executor-thread-2659#
[PollStageAppStatusExecution] 2d23200b-60aa-4519-b7f8-9f40de7a8ecc [2026-08-25T17:36:20.291905] Cell 4dc0bb62-dd25-443a-a962-806e343d783f creating container for instance 8d254ed4-744a-4e8c-a6b0-f71765a96190 (STDOUT, STG)#
#2026 08 26 15:36:14.964#Z#DEBUG#c28227b5-a163-11f1-b062-eeee0a986ec4.ResilienceCockpit-db-deployer#flowable-async-job-executor-thread-2659#
[PollStageAppStatusExecution] 2d23200b-60aa-4519-b7f8-9f40de7a8ecc [2026-08-25T17:36:20.594568] Security group rules were updated (STDOUT, STG)#
#2026 08 26 15:36:14.964#Z#DEBUG#c28227b5-a163-11f1-b062-eeee0a986ec4.ResilienceCockpit-db-deployer#flowable-async-job-executor-thread-2659#
[PollStageAppStatusExecution] 2d23200b-60aa-4519-b7f8-9f40de7a8ecc [2026-08-25T17:36:20.653099] Cell 4dc0bb62-dd25-443a-a962-806e343d783f successfully created container for instance 8d254ed4-744a-4e8c-a6b0-f71765a96190 (STDOUT, STG)#
#2026 08 26 15:36:14.964#Z#DEBUG#c28227b5-a163-11f1-b062-eeee0a986ec4.ResilienceCockpit-db-deployer#flowable-async-job-executor-thread-2659#
[PollStageAppStatusExecution] 2d23200b-60aa-4519-b7f8-9f40de7a8ecc [2026-08-25T17:36:21.154470] Downloading app package... (STDOUT, STG)#
#2026 08 26 15:36:14.964#Z#DEBUG#c28227b5-a163-11f1-b062-eeee0a986ec4.ResilienceCockpit-db-deployer#flowable-async-job-executor-thread-2659#
[PollStageAppStatusExecution] 2d23200b-60aa-4519-b7f8-9f40de7a8ecc [2026-08-25T17:36:21.154470] Downloading build artifacts cache... (STDOUT, STG)#
#2026 08 26 15:36:14.964#Z#DEBUG#c28227b5-a163-11f1-b062-eeee0a986ec4.ResilienceCockpit-db-deployer#flowable-async-job-executor-thread-2659#
[PollStageAppStatusExecution] 2d23200b-60aa-4519-b7f8-9f40de7a8ecc [2026-08-25T17:36:21.231249] Downloaded build artifacts cache (226B) (STDOUT, STG)#
#2026 08 26 15:36:14.964#Z#DEBUG#c28227b5-a163-11f1-b062-eeee0a986ec4.ResilienceCockpit-db-deployer#flowable-async-job-executor-thread-2659#
[PollStageAppStatusExecution] 2d23200b-60aa-4519-b7f8-9f40de7a8ecc [2026-08-25T17:36:21.358470] Downloaded app package (2.5M) (STDOUT, STG)#
#2026 08 26 15:36:14.964#Z#DEBUG#c28227b5-a163-11f1-b062-eeee0a986ec4.ResilienceCockpit-db-deployer#flowable-async-job-executor-thread-2659#
[PollStageAppStatusExecution] 2d23200b-60aa-4519-b7f8-9f40de7a8ecc [2026-08-25T17:36:21.407303] -----> Nodejs Buildpack version 1.9.3 (STDOUT, STG)#
#2026 08 26 15:36:14.964#Z#DEBUG#c28227b5-a163-11f1-b062-eeee0a986ec4.ResilienceCockpit-db-deployer#flowable-async-job-executor-thread-2659#
[PollStageAppStatusExecution] 2d23200b-60aa-4519-b7f8-9f40de7a8ecc [2026-08-25T17:36:21.492668] -----> Bootstrapping python (STDOUT, STG)#
#2026 08 26 15:36:14.964#Z#DEBUG#c28227b5-a163-11f1-b062-eeee0a986ec4.ResilienceCockpit-db-deployer#flowable-async-job-executor-thread-2659#
[PollStageAppStatusExecution] 2d23200b-60aa-4519-b7f8-9f40de7a8ecc [2026-08-25T17:36:21.492695] -----> Installing python 3.13.14 (STDOUT, STG)#
#2026 08 26 15:36:14.964#Z#DEBUG#c28227b5-a163-11f1-b062-eeee0a986ec4.ResilienceCockpit-db-deployer#flowable-async-job-executor-thread-2659#
[PollStageAppStatusExecution] 2d23200b-60aa-4519-b7f8-9f40de7a8ecc [2026-08-25T17:36:21.492723] Copy [/tmp/buildpacks/adc5840e3e50b48d/dependencies/4b4266a2ff36730aef37b88b668ca327/python_3.13.14_linux_x64_cflinuxfs4_b80d4954.tgz] (STDOUT, STG)#
#2026 08 26 15:36:14.964#Z#DEBUG#c28227b5-a163-11f1-b062-eeee0a986ec4.ResilienceCockpit-db-deployer#flowable-async-job-executor-thread-2659#
[PollStageAppStatusExecution] 2d23200b-60aa-4519-b7f8-9f40de7a8ecc [2026-08-25T17:36:24.480037] -----> Installing binaries (STDOUT, STG)#
#2026 08 26 15:36:14.964#Z#DEBUG#c28227b5-a163-11f1-b062-eeee0a986ec4.ResilienceCockpit-db-deployer#flowable-async-job-executor-thread-2659#
[PollStageAppStatusExecution] 2d23200b-60aa-4519-b7f8-9f40de7a8ecc [2026-08-25T17:36:24.480079] engines.node (package.json): >=18 (STDOUT, STG)#
#2026 08 26 15:36:14.964#Z#DEBUG#c28227b5-a163-11f1-b062-eeee0a986ec4.ResilienceCockpit-db-deployer#flowable-async-job-executor-thread-2659#
[PollStageAppStatusExecution] 2d23200b-60aa-4519-b7f8-9f40de7a8ecc [2026-08-25T17:36:24.480087] engines.npm (package.json): unspecified (use default) (STDOUT, STG)#
#2026 08 26 15:36:14.964#Z#DEBUG#c28227b5-a163-11f1-b062-eeee0a986ec4.ResilienceCockpit-db-deployer#flowable-async-job-executor-thread-2659#
[PollStageAppStatusExecution] 2d23200b-60aa-4519-b7f8-9f40de7a8ecc [2026-08-25T17:36:24.480093] [31;1m**WARNING**[0m Dangerous semver range (>) in engines.node. See: http://docs.cloudfoundry.org/buildpacks/node/node-tips.html (STDOUT, STG)#
#2026 08 26 15:36:14.964#Z#DEBUG#c28227b5-a163-11f1-b062-eeee0a986ec4.ResilienceCockpit-db-deployer#flowable-async-job-executor-thread-2659#
[PollStageAppStatusExecution] 2d23200b-60aa-4519-b7f8-9f40de7a8ecc [2026-08-25T17:36:24.480120] -----> Installing node 24.18.0 (STDOUT, STG)#
#2026 08 26 15:36:14.964#Z#DEBUG#c28227b5-a163-11f1-b062-eeee0a986ec4.ResilienceCockpit-db-deployer#flowable-async-job-executor-thread-2659#
[PollStageAppStatusExecution] 2d23200b-60aa-4519-b7f8-9f40de7a8ecc [2026-08-25T17:36:24.480279] Copy [/tmp/buildpacks/adc5840e3e50b48d/dependencies/dffbbb835fcd073c4544f78eb6247fac/node_24.18.0_linux_x64_cflinuxfs4_cdfed650.tgz] (STDOUT, STG)#
#2026 08 26 15:36:14.964#Z#DEBUG#c28227b5-a163-11f1-b062-eeee0a986ec4.ResilienceCockpit-db-deployer#flowable-async-job-executor-thread-2659#
[PollStageAppStatusExecution] 2d23200b-60aa-4519-b7f8-9f40de7a8ecc [2026-08-25T17:36:26.226833] Using default npm version: 11.16.0 (STDOUT, STG)#
#2026 08 26 15:36:14.964#Z#DEBUG#c28227b5-a163-11f1-b062-eeee0a986ec4.ResilienceCockpit-db-deployer#flowable-async-job-executor-thread-2659#
[PollStageAppStatusExecution] 2d23200b-60aa-4519-b7f8-9f40de7a8ecc [2026-08-25T17:36:26.226865] -----> Installing yarn 1.22.22 (STDOUT, STG)#
#2026 08 26 15:36:14.964#Z#DEBUG#c28227b5-a163-11f1-b062-eeee0a986ec4.ResilienceCockpit-db-deployer#flowable-async-job-executor-thread-2659#
[PollStageAppStatusExecution] 2d23200b-60aa-4519-b7f8-9f40de7a8ecc [2026-08-25T17:36:26.226933] Copy [/tmp/buildpacks/adc5840e3e50b48d/dependencies/e4fe26756e9984a665478d350474fa2e/yarn_1.22.22_linux_noarch_any-stack_b6132b86.tgz] (STDOUT, STG)#
#2026 08 26 15:36:14.964#Z#DEBUG#c28227b5-a163-11f1-b062-eeee0a986ec4.ResilienceCockpit-db-deployer#flowable-async-job-executor-thread-2659#
[PollStageAppStatusExecution] 2d23200b-60aa-4519-b7f8-9f40de7a8ecc [2026-08-25T17:36:26.475787] Installed yarn 1.22.22 (STDOUT, STG)#
#2026 08 26 15:36:14.964#Z#DEBUG#c28227b5-a163-11f1-b062-eeee0a986ec4.ResilienceCockpit-db-deployer#flowable-async-job-executor-thread-2659#
[PollStageAppStatusExecution] 2d23200b-60aa-4519-b7f8-9f40de7a8ecc [2026-08-25T17:36:26.475805] -----> Creating runtime environment (STDOUT, STG)#
#2026 08 26 15:36:14.964#Z#DEBUG#c28227b5-a163-11f1-b062-eeee0a986ec4.ResilienceCockpit-db-deployer#flowable-async-job-executor-thread-2659#
[PollStageAppStatusExecution] 2d23200b-60aa-4519-b7f8-9f40de7a8ecc [2026-08-25T17:36:26.477081] NODE_ENV=production (STDOUT, STG)#
#2026 08 26 15:36:14.964#Z#DEBUG#c28227b5-a163-11f1-b062-eeee0a986ec4.ResilienceCockpit-db-deployer#flowable-async-job-executor-thread-2659#
[PollStageAppStatusExecution] 2d23200b-60aa-4519-b7f8-9f40de7a8ecc [2026-08-25T17:36:26.477097] NODE_HOME=/tmp/contents1564888445/deps/0/node (STDOUT, STG)#
#2026 08 26 15:36:14.964#Z#DEBUG#c28227b5-a163-11f1-b062-eeee0a986ec4.ResilienceCockpit-db-deployer#flowable-async-job-executor-thread-2659#
[PollStageAppStatusExecution] 2d23200b-60aa-4519-b7f8-9f40de7a8ecc [2026-08-25T17:36:26.477100] NODE_MODULES_CACHE=true (STDOUT, STG)#
#2026 08 26 15:36:14.964#Z#DEBUG#c28227b5-a163-11f1-b062-eeee0a986ec4.ResilienceCockpit-db-deployer#flowable-async-job-executor-thread-2659#
[PollStageAppStatusExecution] 2d23200b-60aa-4519-b7f8-9f40de7a8ecc [2026-08-25T17:36:26.477102] NODE_VERBOSE=false (STDOUT, STG)#
#2026 08 26 15:36:14.964#Z#DEBUG#c28227b5-a163-11f1-b062-eeee0a986ec4.ResilienceCockpit-db-deployer#flowable-async-job-executor-thread-2659#
[PollStageAppStatusExecution] 2d23200b-60aa-4519-b7f8-9f40de7a8ecc [2026-08-25T17:36:26.477106] NPM_CONFIG_LOGLEVEL=error (STDOUT, STG)#
#2026 08 26 15:36:14.964#Z#DEBUG#c28227b5-a163-11f1-b062-eeee0a986ec4.ResilienceCockpit-db-deployer#flowable-async-job-executor-thread-2659#
[PollStageAppStatusExecution] 2d23200b-60aa-4519-b7f8-9f40de7a8ecc [2026-08-25T17:36:26.477110] NPM_CONFIG_PRODUCTION=true (STDOUT, STG)#
#2026 08 26 15:36:14.964#Z#DEBUG#c28227b5-a163-11f1-b062-eeee0a986ec4.ResilienceCockpit-db-deployer#flowable-async-job-executor-thread-2659#
[PollStageAppStatusExecution] 2d23200b-60aa-4519-b7f8-9f40de7a8ecc [2026-08-25T17:36:26.477120] -----> Building dependencies (STDOUT, STG)#
#2026 08 26 15:36:14.964#Z#DEBUG#c28227b5-a163-11f1-b062-eeee0a986ec4.ResilienceCockpit-db-deployer#flowable-async-job-executor-thread-2659#
[PollStageAppStatusExecution] 2d23200b-60aa-4519-b7f8-9f40de7a8ecc [2026-08-25T17:36:26.477122] Prebuild detected (node_modules already exists) (STDOUT, STG)#
#2026 08 26 15:36:14.964#Z#DEBUG#c28227b5-a163-11f1-b062-eeee0a986ec4.ResilienceCockpit-db-deployer#flowable-async-job-executor-thread-2659#
[PollStageAppStatusExecution] 2d23200b-60aa-4519-b7f8-9f40de7a8ecc [2026-08-25T17:36:26.477162] Rebuilding any native modules (STDOUT, STG)#
#2026 08 26 15:36:14.964#Z#DEBUG#c28227b5-a163-11f1-b062-eeee0a986ec4.ResilienceCockpit-db-deployer#flowable-async-job-executor-thread-2659#
[PollStageAppStatusExecution] 2d23200b-60aa-4519-b7f8-9f40de7a8ecc [2026-08-25T17:36:26.863364] rebuilt dependencies successfully (STDOUT, STG)#
#2026 08 26 15:36:14.964#Z#DEBUG#c28227b5-a163-11f1-b062-eeee0a986ec4.ResilienceCockpit-db-deployer#flowable-async-job-executor-thread-2659#
[PollStageAppStatusExecution] 2d23200b-60aa-4519-b7f8-9f40de7a8ecc [2026-08-25T17:36:26.911109] Installing any new modules (package.json + package-lock.json) (STDOUT, STG)#
#2026 08 26 15:36:14.964#Z#DEBUG#c28227b5-a163-11f1-b062-eeee0a986ec4.ResilienceCockpit-db-deployer#flowable-async-job-executor-thread-2659#
[PollStageAppStatusExecution] 2d23200b-60aa-4519-b7f8-9f40de7a8ecc [2026-08-25T17:36:27.250917] up to date in 278ms (STDOUT, STG)#
#2026 08 26 15:36:14.964#Z#DEBUG#c28227b5-a163-11f1-b062-eeee0a986ec4.ResilienceCockpit-db-deployer#flowable-async-job-executor-thread-2659#
[PollStageAppStatusExecution] 2d23200b-60aa-4519-b7f8-9f40de7a8ecc [2026-08-25T17:36:27.251187] 4 packages are looking for funding (STDOUT, STG)#
#2026 08 26 15:36:14.964#Z#DEBUG#c28227b5-a163-11f1-b062-eeee0a986ec4.ResilienceCockpit-db-deployer#flowable-async-job-executor-thread-2659#
[PollStageAppStatusExecution] 2d23200b-60aa-4519-b7f8-9f40de7a8ecc [2026-08-25T17:36:27.251255] run `npm fund` for details (STDOUT, STG)#
#2026 08 26 15:36:14.964#Z#DEBUG#c28227b5-a163-11f1-b062-eeee0a986ec4.ResilienceCockpit-db-deployer#flowable-async-job-executor-thread-2659#
[PollStageAppStatusExecution] 2d23200b-60aa-4519-b7f8-9f40de7a8ecc [2026-08-25T17:36:27.695238] Contrast Security no credentials found. Will not write environment files. (STDOUT, STG)#
#2026 08 26 15:36:14.964#Z#DEBUG#c28227b5-a163-11f1-b062-eeee0a986ec4.ResilienceCockpit-db-deployer#flowable-async-job-executor-thread-2659#
[PollStageAppStatusExecution] 2d23200b-60aa-4519-b7f8-9f40de7a8ecc [2026-08-25T17:36:35.245505] Exit status 0 (STDOUT, STG)#
#2026 08 26 15:36:14.964#Z#DEBUG#c28227b5-a163-11f1-b062-eeee0a986ec4.ResilienceCockpit-db-deployer#flowable-async-job-executor-thread-2659#
[PollStageAppStatusExecution] 2d23200b-60aa-4519-b7f8-9f40de7a8ecc [2026-08-25T17:36:35.245554] Uploading droplet, build artifacts cache... (STDOUT, STG)#
#2026 08 26 15:36:14.964#Z#DEBUG#c28227b5-a163-11f1-b062-eeee0a986ec4.ResilienceCockpit-db-deployer#flowable-async-job-executor-thread-2659#
[PollStageAppStatusExecution] 2d23200b-60aa-4519-b7f8-9f40de7a8ecc [2026-08-25T17:36:35.245586] Uploading droplet... (STDOUT, STG)#
#2026 08 26 15:36:14.964#Z#DEBUG#c28227b5-a163-11f1-b062-eeee0a986ec4.ResilienceCockpit-db-deployer#flowable-async-job-executor-thread-2659#
[PollStageAppStatusExecution] 2d23200b-60aa-4519-b7f8-9f40de7a8ecc [2026-08-25T17:36:35.245606] Uploading build artifacts cache... (STDOUT, STG)#
#2026 08 26 15:36:14.964#Z#DEBUG#c28227b5-a163-11f1-b062-eeee0a986ec4.ResilienceCockpit-db-deployer#flowable-async-job-executor-thread-2659#
[PollStageAppStatusExecution] 2d23200b-60aa-4519-b7f8-9f40de7a8ecc [2026-08-25T17:36:35.273331] Uploaded build artifacts cache (225B) (STDOUT, STG)#
#2026 08 26 15:36:14.964#Z#DEBUG#c28227b5-a163-11f1-b062-eeee0a986ec4.ResilienceCockpit-db-deployer#flowable-async-job-executor-thread-2659#
[PollStageAppStatusExecution] 2d23200b-60aa-4519-b7f8-9f40de7a8ecc [2026-08-25T17:36:35.774096] Creating droplet for app with guid 2d23200b-60aa-4519-b7f8-9f40de7a8ecc (STDOUT, API)#
#2026 08 26 15:36:14.964#Z#DEBUG#c28227b5-a163-11f1-b062-eeee0a986ec4.ResilienceCockpit-db-deployer#flowable-async-job-executor-thread-2659#
[PollStageAppStatusExecution] 2d23200b-60aa-4519-b7f8-9f40de7a8ecc [2026-08-25T17:36:37.850782] Uploaded droplet (59.3M) (STDOUT, STG)#
#2026 08 26 15:36:14.964#Z#DEBUG#c28227b5-a163-11f1-b062-eeee0a986ec4.ResilienceCockpit-db-deployer#flowable-async-job-executor-thread-2659#
[PollStageAppStatusExecution] 2d23200b-60aa-4519-b7f8-9f40de7a8ecc [2026-08-25T17:36:37.864218] Uploading complete (STDOUT, STG)#
#2026 08 26 15:36:14.964#Z#DEBUG#c28227b5-a163-11f1-b062-eeee0a986ec4.ResilienceCockpit-db-deployer#flowable-async-job-executor-thread-2659#
[PollStageAppStatusExecution] 2d23200b-60aa-4519-b7f8-9f40de7a8ecc [2026-08-25T17:36:38.329023] Cell 4dc0bb62-dd25-443a-a962-806e343d783f stopping instance 8d254ed4-744a-4e8c-a6b0-f71765a96190 (STDOUT, STG)#
#2026 08 26 15:36:14.964#Z#DEBUG#c28227b5-a163-11f1-b062-eeee0a986ec4.ResilienceCockpit-db-deployer#flowable-async-job-executor-thread-2659#
[PollStageAppStatusExecution] 2d23200b-60aa-4519-b7f8-9f40de7a8ecc [2026-08-25T17:36:38.329052] Cell 4dc0bb62-dd25-443a-a962-806e343d783f destroying container for instance 8d254ed4-744a-4e8c-a6b0-f71765a96190 (STDOUT, STG)#
#2026 08 26 15:36:14.964#Z#DEBUG#c28227b5-a163-11f1-b062-eeee0a986ec4.ResilienceCockpit-db-deployer#flowable-async-job-executor-thread-2659#
[PollStageAppStatusExecution] 2d23200b-60aa-4519-b7f8-9f40de7a8ecc [2026-08-25T17:36:38.380309] Staging complete for build 8d254ed4-744a-4e8c-a6b0-f71765a96190 (STDOUT, API)#
#2026 08 26 15:36:14.964#Z#DEBUG#c28227b5-a163-11f1-b062-eeee0a986ec4.ResilienceCockpit-db-deployer#flowable-async-job-executor-thread-2659#
[PollStageAppStatusExecution] 2d23200b-60aa-4519-b7f8-9f40de7a8ecc [2026-08-25T17:36:39.710442] Cell 4dc0bb62-dd25-443a-a962-806e343d783f successfully destroyed container for instance 8d254ed4-744a-4e8c-a6b0-f71765a96190 (STDOUT, STG)#
#2026 08 26 15:36:14.964#Z#DEBUG#c28227b5-a163-11f1-b062-eeee0a986ec4.ResilienceCockpit-db-deployer#flowable-async-job-executor-thread-2659#
[PollStageAppStatusExecution] 2d23200b-60aa-4519-b7f8-9f40de7a8ecc [2026-08-25T17:36:39.828910] Updated app with guid 2d23200b-60aa-4519-b7f8-9f40de7a8ecc ({:droplet_guid=>"24604a1f-ca83-4b27-8fb0-d6f5084ec096"}) (STDOUT, API)#
#2026 08 26 15:36:14.964#Z#DEBUG#c28227b5-a163-11f1-b062-eeee0a986ec4.ResilienceCockpit-db-deployer#flowable-async-job-executor-thread-2659#
[PollStageAppStatusExecution] 2d23200b-60aa-4519-b7f8-9f40de7a8ecc [2026-08-25T17:36:40.241588] Cell 4dc0bb62-dd25-443a-a962-806e343d783f creating container for instance ccf44529-92c1-4b2f-b3fc-ff5049e7e86f (STDOUT, CELL)#
#2026 08 26 15:36:14.964#Z#DEBUG#c28227b5-a163-11f1-b062-eeee0a986ec4.ResilienceCockpit-db-deployer#flowable-async-job-executor-thread-2659#
[PollStageAppStatusExecution] 2d23200b-60aa-4519-b7f8-9f40de7a8ecc [2026-08-25T17:36:40.547066] Security group rules were updated (STDOUT, CELL)#
#2026 08 26 15:36:14.964#Z#DEBUG#c28227b5-a163-11f1-b062-eeee0a986ec4.ResilienceCockpit-db-deployer#flowable-async-job-executor-thread-2659#
[PollStageAppStatusExecution] 2d23200b-60aa-4519-b7f8-9f40de7a8ecc [2026-08-25T17:36:40.600846] Cell 4dc0bb62-dd25-443a-a962-806e343d783f successfully created container for instance ccf44529-92c1-4b2f-b3fc-ff5049e7e86f (STDOUT, CELL)#
#2026 08 26 15:36:14.964#Z#DEBUG#c28227b5-a163-11f1-b062-eeee0a986ec4.ResilienceCockpit-db-deployer#flowable-async-job-executor-thread-2659#
[PollStageAppStatusExecution] 2d23200b-60aa-4519-b7f8-9f40de7a8ecc [2026-08-25T17:36:43.611565] Invoking pre-start scripts. (STDOUT, APP/TASK/deploy)#
#2026 08 26 15:36:14.964#Z#DEBUG#c28227b5-a163-11f1-b062-eeee0a986ec4.ResilienceCockpit-db-deployer#flowable-async-job-executor-thread-2659#
[PollStageAppStatusExecution] 2d23200b-60aa-4519-b7f8-9f40de7a8ecc [2026-08-25T17:36:43.752536] Invoking start command. (STDOUT, APP/TASK/deploy)#
#2026 08 26 15:36:14.964#Z#DEBUG#c28227b5-a163-11f1-b062-eeee0a986ec4.ResilienceCockpit-db-deployer#flowable-async-job-executor-thread-2659#
[PollStageAppStatusExecution] 2d23200b-60aa-4519-b7f8-9f40de7a8ecc [2026-08-25T17:36:44.043057] > start (STDOUT, APP/TASK/deploy)#
#2026 08 26 15:36:14.964#Z#DEBUG#c28227b5-a163-11f1-b062-eeee0a986ec4.ResilienceCockpit-db-deployer#flowable-async-job-executor-thread-2659#
[PollStageAppStatusExecution] 2d23200b-60aa-4519-b7f8-9f40de7a8ecc [2026-08-25T17:36:44.043085] > node node_modules/@sap/hdi-deploy/deploy.js --use-hdb --parameter com.sap.hana.di.table/try_fast_table_migration=true (STDOUT, APP/TASK/deploy)#
#2026 08 26 15:36:14.964#Z#DEBUG#c28227b5-a163-11f1-b062-eeee0a986ec4.ResilienceCockpit-db-deployer#flowable-async-job-executor-thread-2659#
[PollStageAppStatusExecution] 2d23200b-60aa-4519-b7f8-9f40de7a8ecc [2026-08-25T17:36:44.140644] VCAP_SERVICES: (STDOUT, APP/TASK/deploy)#
#2026 08 26 15:36:14.964#Z#DEBUG#c28227b5-a163-11f1-b062-eeee0a986ec4.ResilienceCockpit-db-deployer#flowable-async-job-executor-thread-2659#
[PollStageAppStatusExecution] 2d23200b-60aa-4519-b7f8-9f40de7a8ecc [2026-08-25T17:36:44.141072] { (STDOUT, APP/TASK/deploy)#
#2026 08 26 15:36:14.965#Z#DEBUG#c28227b5-a163-11f1-b062-eeee0a986ec4.ResilienceCockpit-db-deployer#flowable-async-job-executor-thread-2659#
[PollStageAppStatusExecution] 2d23200b-60aa-4519-b7f8-9f40de7a8ecc [2026-08-25T17:36:44.141095] "hana": [ (STDOUT, APP/TASK/deploy)#
#2026 08 26 15:36:14.965#Z#DEBUG#c28227b5-a163-11f1-b062-eeee0a986ec4.ResilienceCockpit-db-deployer#flowable-async-job-executor-thread-2659#
[PollStageAppStatusExecution] 2d23200b-60aa-4519-b7f8-9f40de7a8ecc [2026-08-25T17:36:44.141099] { (STDOUT, APP/TASK/deploy)#
#2026 08 26 15:36:14.965#Z#DEBUG#c28227b5-a163-11f1-b062-eeee0a986ec4.ResilienceCockpit-db-deployer#flowable-async-job-executor-thread-2659#
[PollStageAppStatusExecution] 2d23200b-60aa-4519-b7f8-9f40de7a8ecc [2026-08-25T17:36:44.141106] "name": "ResilienceCockpit-db", (STDOUT, APP/TASK/deploy)#
#2026 08 26 15:36:14.965#Z#DEBUG#c28227b5-a163-11f1-b062-eeee0a986ec4.ResilienceCockpit-db-deployer#flowable-async-job-executor-thread-2659#
[PollStageAppStatusExecution] 2d23200b-60aa-4519-b7f8-9f40de7a8ecc [2026-08-25T17:36:44.141113] "label": "hana", (STDOUT, APP/TASK/deploy)#
#2026 08 26 15:36:14.965#Z#DEBUG#c28227b5-a163-11f1-b062-eeee0a986ec4.ResilienceCockpit-db-deployer#flowable-async-job-executor-thread-2659#
[PollStageAppStatusExecution] 2d23200b-60aa-4519-b7f8-9f40de7a8ecc [2026-08-25T17:36:44.141117] "plan": "hdi-shared", (STDOUT, APP/TASK/deploy)#
#2026 08 26 15:36:14.965#Z#DEBUG#c28227b5-a163-11f1-b062-eeee0a986ec4.ResilienceCockpit-db-deployer#flowable-async-job-executor-thread-2659#
[PollStageAppStatusExecution] 2d23200b-60aa-4519-b7f8-9f40de7a8ecc [2026-08-25T17:36:44.141124] "credentials": { (STDOUT, APP/TASK/deploy)#
#2026 08 26 15:36:14.965#Z#DEBUG#c28227b5-a163-11f1-b062-eeee0a986ec4.ResilienceCockpit-db-deployer#flowable-async-job-executor-thread-2659#
[PollStageAppStatusExecution] 2d23200b-60aa-4519-b7f8-9f40de7a8ecc [2026-08-25T17:36:44.141128] "schema": "8697B1A4A8B84AC49EFF171810969752", (STDOUT, APP/TASK/deploy)#
#2026 08 26 15:36:14.965#Z#DEBUG#c28227b5-a163-11f1-b062-eeee0a986ec4.ResilienceCockpit-db-deployer#flowable-async-job-executor-thread-2659#
[PollStageAppStatusExecution] 2d23200b-60aa-4519-b7f8-9f40de7a8ecc [2026-08-25T17:36:44.141132] "database_id": "eb9e608b-a8d8-462e-98e7-906abde25244", (STDOUT, APP/TASK/deploy)#
#2026 08 26 15:36:14.965#Z#DEBUG#c28227b5-a163-11f1-b062-eeee0a986ec4.ResilienceCockpit-db-deployer#flowable-async-job-executor-thread-2659#
[PollStageAppStatusExecution] 2d23200b-60aa-4519-b7f8-9f40de7a8ecc [2026-08-25T17:36:44.141136] "user": "8697B1A4A8B84AC49EFF171810969752_94GU5GV2BBQ6JWQX102ZOJ91W_RT", (STDOUT, APP/TASK/deploy)#
#2026 08 26 15:36:14.965#Z#DEBUG#c28227b5-a163-11f1-b062-eeee0a986ec4.ResilienceCockpit-db-deployer#flowable-async-job-executor-thread-2659#
[PollStageAppStatusExecution] 2d23200b-60aa-4519-b7f8-9f40de7a8ecc [2026-08-25T17:36:44.141141] "hdi_user": "8697B1A4A8B84AC49EFF171810969752_94GU5GV2BBQ6JWQX102ZOJ91W_DT" (STDOUT, APP/TASK/deploy)#
#2026 08 26 15:36:14.965#Z#DEBUG#c28227b5-a163-11f1-b062-eeee0a986ec4.ResilienceCockpit-db-deployer#flowable-async-job-executor-thread-2659#
[PollStageAppStatusExecution] 2d23200b-60aa-4519-b7f8-9f40de7a8ecc [2026-08-25T17:36:44.141145] }, (STDOUT, APP/TASK/deploy)#
#2026 08 26 15:36:14.965#Z#DEBUG#c28227b5-a163-11f1-b062-eeee0a986ec4.ResilienceCockpit-db-deployer#flowable-async-job-executor-thread-2659#
[PollStageAppStatusExecution] 2d23200b-60aa-4519-b7f8-9f40de7a8ecc [2026-08-25T17:36:44.141149] "tags": [ (STDOUT, APP/TASK/deploy)#
#2026 08 26 15:36:14.965#Z#DEBUG#c28227b5-a163-11f1-b062-eeee0a986ec4.ResilienceCockpit-db-deployer#flowable-async-job-executor-thread-2659#
[PollStageAppStatusExecution] 2d23200b-60aa-4519-b7f8-9f40de7a8ecc [2026-08-25T17:36:44.141153] "hana", (STDOUT, APP/TASK/deploy)#
#2026 08 26 15:36:14.965#Z#DEBUG#c28227b5-a163-11f1-b062-eeee0a986ec4.ResilienceCockpit-db-deployer#flowable-async-job-executor-thread-2659#
[PollStageAppStatusExecution] 2d23200b-60aa-4519-b7f8-9f40de7a8ecc [2026-08-25T17:36:44.141156] "database", (STDOUT, APP/TASK/deploy)#
#2026 08 26 15:36:14.965#Z#DEBUG#c28227b5-a163-11f1-b062-eeee0a986ec4.ResilienceCockpit-db-deployer#flowable-async-job-executor-thread-2659#
[PollStageAppStatusExecution] 2d23200b-60aa-4519-b7f8-9f40de7a8ecc [2026-08-25T17:36:44.141160] "relational" (STDOUT, APP/TASK/deploy)#
#2026 08 26 15:36:14.965#Z#DEBUG#c28227b5-a163-11f1-b062-eeee0a986ec4.ResilienceCockpit-db-deployer#flowable-async-job-executor-thread-2659#
[PollStageAppStatusExecution] 2d23200b-60aa-4519-b7f8-9f40de7a8ecc [2026-08-25T17:36:44.141163] ] (STDOUT, APP/TASK/deploy)#
#2026 08 26 15:36:14.965#Z#DEBUG#c28227b5-a163-11f1-b062-eeee0a986ec4.ResilienceCockpit-db-deployer#flowable-async-job-executor-thread-2659#
[PollStageAppStatusExecution] 2d23200b-60aa-4519-b7f8-9f40de7a8ecc [2026-08-25T17:36:44.141166] } (STDOUT, APP/TASK/deploy)#
#2026 08 26 15:36:14.965#Z#DEBUG#c28227b5-a163-11f1-b062-eeee0a986ec4.ResilienceCockpit-db-deployer#flowable-async-job-executor-thread-2659#
[PollStageAppStatusExecution] 2d23200b-60aa-4519-b7f8-9f40de7a8ecc [2026-08-25T17:36:44.141169] ] (STDOUT, APP/TASK/deploy)#
#2026 08 26 15:36:14.965#Z#DEBUG#c28227b5-a163-11f1-b062-eeee0a986ec4.ResilienceCockpit-db-deployer#flowable-async-job-executor-thread-2659#
[PollStageAppStatusExecution] 2d23200b-60aa-4519-b7f8-9f40de7a8ecc [2026-08-25T17:36:44.141172] } (STDOUT, APP/TASK/deploy)#
#2026 08 26 15:36:14.965#Z#DEBUG#c28227b5-a163-11f1-b062-eeee0a986ec4.ResilienceCockpit-db-deployer#flowable-async-job-executor-thread-2659#
[PollStageAppStatusExecution] 2d23200b-60aa-4519-b7f8-9f40de7a8ecc [2026-08-25T17:36:44.498272] @sap/hdi-deploy, version 5.7.0 (mode default), server version 4.00.000.00.1785832557 (4.0.0.0), cloud version 2026.14.14, node version 24.18.0, HDI version 1016, container API version 1007 (STDOUT, APP/TASK/deploy)#
#2026 08 26 15:36:14.965#Z#DEBUG#c28227b5-a163-11f1-b062-eeee0a986ec4.ResilienceCockpit-db-deployer#flowable-async-job-executor-thread-2659#
[PollStageAppStatusExecution] 2d23200b-60aa-4519-b7f8-9f40de7a8ecc [2026-08-25T17:36:44.498333] Deployment started at 2026-08-25 17:36:44 (STDOUT, APP/TASK/deploy)#
#2026 08 26 15:36:14.965#Z#DEBUG#c28227b5-a163-11f1-b062-eeee0a986ec4.ResilienceCockpit-db-deployer#flowable-async-job-executor-thread-2659#
[PollStageAppStatusExecution] 2d23200b-60aa-4519-b7f8-9f40de7a8ecc [2026-08-25T17:36:44.498533] Using hdb@2.29.6 for connection (STDOUT, APP/TASK/deploy)#
#2026 08 26 15:36:14.965#Z#DEBUG#c28227b5-a163-11f1-b062-eeee0a986ec4.ResilienceCockpit-db-deployer#flowable-async-job-executor-thread-2659#
[PollStageAppStatusExecution] 2d23200b-60aa-4519-b7f8-9f40de7a8ecc [2026-08-25T17:36:44.511997] No ignore file at /home/vcap/app/.hdiignore. (STDOUT, APP/TASK/deploy)#
#2026 08 26 15:36:14.965#Z#DEBUG#c28227b5-a163-11f1-b062-eeee0a986ec4.ResilienceCockpit-db-deployer#flowable-async-job-executor-thread-2659#
[PollStageAppStatusExecution] 2d23200b-60aa-4519-b7f8-9f40de7a8ecc [2026-08-25T17:36:44.512281] Collecting files... (STDOUT, APP/TASK/deploy)#
#2026 08 26 15:36:14.965#Z#DEBUG#c28227b5-a163-11f1-b062-eeee0a986ec4.ResilienceCockpit-db-deployer#flowable-async-job-executor-thread-2659#
[PollStageAppStatusExecution] 2d23200b-60aa-4519-b7f8-9f40de7a8ecc [2026-08-25T17:36:44.517060] Collecting files... ok (0s 5ms) (STDOUT, APP/TASK/deploy)#
#2026 08 26 15:36:14.965#Z#DEBUG#c28227b5-a163-11f1-b062-eeee0a986ec4.ResilienceCockpit-db-deployer#flowable-async-job-executor-thread-2659#
[PollStageAppStatusExecution] 2d23200b-60aa-4519-b7f8-9f40de7a8ecc [2026-08-25T17:36:44.517068] 3 directories collected (STDOUT, APP/TASK/deploy)#
#2026 08 26 15:36:14.965#Z#DEBUG#c28227b5-a163-11f1-b062-eeee0a986ec4.ResilienceCockpit-db-deployer#flowable-async-job-executor-thread-2659#
[PollStageAppStatusExecution] 2d23200b-60aa-4519-b7f8-9f40de7a8ecc [2026-08-25T17:36:44.517077] 100 files collected (STDOUT, APP/TASK/deploy)#
#2026 08 26 15:36:14.965#Z#DEBUG#c28227b5-a163-11f1-b062-eeee0a986ec4.ResilienceCockpit-db-deployer#flowable-async-job-executor-thread-2659#
[PollStageAppStatusExecution] 2d23200b-60aa-4519-b7f8-9f40de7a8ecc [2026-08-25T17:36:44.517085] 0 reusable modules collected (STDOUT, APP/TASK/deploy)#
#2026 08 26 15:36:14.965#Z#DEBUG#c28227b5-a163-11f1-b062-eeee0a986ec4.ResilienceCockpit-db-deployer#flowable-async-job-executor-thread-2659#
[PollStageAppStatusExecution] 2d23200b-60aa-4519-b7f8-9f40de7a8ecc [2026-08-25T17:36:44.517140] Target service: ResilienceCockpit-db (STDOUT, APP/TASK/deploy)#
#2026 08 26 15:36:14.965#Z#DEBUG#c28227b5-a163-11f1-b062-eeee0a986ec4.ResilienceCockpit-db-deployer#flowable-async-job-executor-thread-2659#
[PollStageAppStatusExecution] 2d23200b-60aa-4519-b7f8-9f40de7a8ecc [2026-08-25T17:36:44.666913] Previous build with request ID 90 finished at 2026-08-25T12:04:24.429 with status Rolled back and message: Starting make in the container "8697B1A4A8B84AC49EFF171810969752" with 0 files to deploy, 0 files to undeploy... ok. (STDOUT, APP/TASK/deploy)#
#2026 08 26 15:36:14.965#Z#DEBUG#c28227b5-a163-11f1-b062-eeee0a986ec4.ResilienceCockpit-db-deployer#flowable-async-job-executor-thread-2659#
[PollStageAppStatusExecution] 2d23200b-60aa-4519-b7f8-9f40de7a8ecc [2026-08-25T17:36:44.666942] Processing revoke files... (STDOUT, APP/TASK/deploy)#
#2026 08 26 15:36:14.965#Z#DEBUG#c28227b5-a163-11f1-b062-eeee0a986ec4.ResilienceCockpit-db-deployer#flowable-async-job-executor-thread-2659#
[PollStageAppStatusExecution] 2d23200b-60aa-4519-b7f8-9f40de7a8ecc [2026-08-25T17:36:44.666971] Processing revoke files... ok (0s 0ms) (STDOUT, APP/TASK/deploy)#
#2026 08 26 15:36:14.965#Z#DEBUG#c28227b5-a163-11f1-b062-eeee0a986ec4.ResilienceCockpit-db-deployer#flowable-async-job-executor-thread-2659#
[PollStageAppStatusExecution] 2d23200b-60aa-4519-b7f8-9f40de7a8ecc [2026-08-25T17:36:44.667086] Processing grants files... (STDOUT, APP/TASK/deploy)#
#2026 08 26 15:36:14.965#Z#DEBUG#c28227b5-a163-11f1-b062-eeee0a986ec4.ResilienceCockpit-db-deployer#flowable-async-job-executor-thread-2659#
[PollStageAppStatusExecution] 2d23200b-60aa-4519-b7f8-9f40de7a8ecc [2026-08-25T17:36:44.667108] Processing grants files... ok (0s 0ms) (STDOUT, APP/TASK/deploy)#
#2026 08 26 15:36:14.965#Z#DEBUG#c28227b5-a163-11f1-b062-eeee0a986ec4.ResilienceCockpit-db-deployer#flowable-async-job-executor-thread-2659#
[PollStageAppStatusExecution] 2d23200b-60aa-4519-b7f8-9f40de7a8ecc [2026-08-25T17:36:44.668751] Preprocessing files... (STDOUT, APP/TASK/deploy)#
#2026 08 26 15:36:14.965#Z#DEBUG#c28227b5-a163-11f1-b062-eeee0a986ec4.ResilienceCockpit-db-deployer#flowable-async-job-executor-thread-2659#
[PollStageAppStatusExecution] 2d23200b-60aa-4519-b7f8-9f40de7a8ecc [2026-08-25T17:36:44.668890] Preprocessing files... ok (0s 0ms) (STDOUT, APP/TASK/deploy)#
#2026 08 26 15:36:14.965#Z#DEBUG#c28227b5-a163-11f1-b062-eeee0a986ec4.ResilienceCockpit-db-deployer#flowable-async-job-executor-thread-2659#
[PollStageAppStatusExecution] 2d23200b-60aa-4519-b7f8-9f40de7a8ecc [2026-08-25T17:36:44.668964] Connecting to the container "8697B1A4A8B84AC49EFF171810969752"... (STDOUT, APP/TASK/deploy)#
#2026 08 26 15:36:14.965#Z#DEBUG#c28227b5-a163-11f1-b062-eeee0a986ec4.ResilienceCockpit-db-deployer#flowable-async-job-executor-thread-2659#
[PollStageAppStatusExecution] 2d23200b-60aa-4519-b7f8-9f40de7a8ecc [2026-08-25T17:36:44.732622] Connecting to the container "8697B1A4A8B84AC49EFF171810969752"... ok (0s 64ms) (STDOUT, APP/TASK/deploy)#
#2026 08 26 15:36:14.965#Z#DEBUG#c28227b5-a163-11f1-b062-eeee0a986ec4.ResilienceCockpit-db-deployer#flowable-async-job-executor-thread-2659#
[PollStageAppStatusExecution] 2d23200b-60aa-4519-b7f8-9f40de7a8ecc [2026-08-25T17:36:44.732644] Locking the container "8697B1A4A8B84AC49EFF171810969752"... (STDOUT, APP/TASK/deploy)#
#2026 08 26 15:36:14.965#Z#DEBUG#c28227b5-a163-11f1-b062-eeee0a986ec4.ResilienceCockpit-db-deployer#flowable-async-job-executor-thread-2659#
[PollStageAppStatusExecution] 2d23200b-60aa-4519-b7f8-9f40de7a8ecc [2026-08-25T17:36:44.866671] Locking the container "8697B1A4A8B84AC49EFF171810969752"... ok (0s 134ms) (STDOUT, APP/TASK/deploy)#
#2026 08 26 15:36:14.965#Z#DEBUG#c28227b5-a163-11f1-b062-eeee0a986ec4.ResilienceCockpit-db-deployer#flowable-async-job-executor-thread-2659#
[PollStageAppStatusExecution] 2d23200b-60aa-4519-b7f8-9f40de7a8ecc [2026-08-25T17:36:44.866684] Synchronizing files with the container "8697B1A4A8B84AC49EFF171810969752"... (STDOUT, APP/TASK/deploy)#
#2026 08 26 15:36:14.965#Z#DEBUG#c28227b5-a163-11f1-b062-eeee0a986ec4.ResilienceCockpit-db-deployer#flowable-async-job-executor-thread-2659#
[PollStageAppStatusExecution] 2d23200b-60aa-4519-b7f8-9f40de7a8ecc [2026-08-25T17:36:45.145833] Deleting files... (STDOUT, APP/TASK/deploy)#
#2026 08 26 15:36:14.965#Z#DEBUG#c28227b5-a163-11f1-b062-eeee0a986ec4.ResilienceCockpit-db-deployer#flowable-async-job-executor-thread-2659#
[PollStageAppStatusExecution] 2d23200b-60aa-4519-b7f8-9f40de7a8ecc [2026-08-25T17:36:45.285970] Deleting files... ok (STDOUT, APP/TASK/deploy)#
#2026 08 26 15:36:14.965#Z#DEBUG#c28227b5-a163-11f1-b062-eeee0a986ec4.ResilienceCockpit-db-deployer#flowable-async-job-executor-thread-2659#
[PollStageAppStatusExecution] 2d23200b-60aa-4519-b7f8-9f40de7a8ecc [2026-08-25T17:36:45.285983] Writing files... (STDOUT, APP/TASK/deploy)#
#2026 08 26 15:36:14.965#Z#DEBUG#c28227b5-a163-11f1-b062-eeee0a986ec4.ResilienceCockpit-db-deployer#flowable-async-job-executor-thread-2659#
[PollStageAppStatusExecution] 2d23200b-60aa-4519-b7f8-9f40de7a8ecc [2026-08-25T17:36:45.286117] Writing 3 items (STDOUT, APP/TASK/deploy)#
#2026 08 26 15:36:14.965#Z#DEBUG#c28227b5-a163-11f1-b062-eeee0a986ec4.ResilienceCockpit-db-deployer#flowable-async-job-executor-thread-2659#
[PollStageAppStatusExecution] 2d23200b-60aa-4519-b7f8-9f40de7a8ecc [2026-08-25T17:36:45.459829] Writing files... ok (STDOUT, APP/TASK/deploy)#
#2026 08 26 15:36:14.965#Z#DEBUG#c28227b5-a163-11f1-b062-eeee0a986ec4.ResilienceCockpit-db-deployer#flowable-async-job-executor-thread-2659#
[PollStageAppStatusExecution] 2d23200b-60aa-4519-b7f8-9f40de7a8ecc [2026-08-25T17:36:45.459841] Synchronizing files with the container "8697B1A4A8B84AC49EFF171810969752"... ok (0s 593ms) (STDOUT, APP/TASK/deploy)#
#2026 08 26 15:36:14.965#Z#DEBUG#c28227b5-a163-11f1-b062-eeee0a986ec4.ResilienceCockpit-db-deployer#flowable-async-job-executor-thread-2659#
[PollStageAppStatusExecution] 2d23200b-60aa-4519-b7f8-9f40de7a8ecc [2026-08-25T17:36:45.460125] added files: [] (STDOUT, APP/TASK/deploy)#
#2026 08 26 15:36:14.965#Z#DEBUG#c28227b5-a163-11f1-b062-eeee0a986ec4.ResilienceCockpit-db-deployer#flowable-async-job-executor-thread-2659#
[PollStageAppStatusExecution] 2d23200b-60aa-4519-b7f8-9f40de7a8ecc [2026-08-25T17:36:45.460133] modified files: [] (STDOUT, APP/TASK/deploy)#
#2026 08 26 15:36:14.965#Z#DEBUG#c28227b5-a163-11f1-b062-eeee0a986ec4.ResilienceCockpit-db-deployer#flowable-async-job-executor-thread-2659#
[PollStageAppStatusExecution] 2d23200b-60aa-4519-b7f8-9f40de7a8ecc [2026-08-25T17:36:45.460139] deleted files: [] (STDOUT, APP/TASK/deploy)#
#2026 08 26 15:36:14.965#Z#DEBUG#c28227b5-a163-11f1-b062-eeee0a986ec4.ResilienceCockpit-db-deployer#flowable-async-job-executor-thread-2659#
[PollStageAppStatusExecution] 2d23200b-60aa-4519-b7f8-9f40de7a8ecc [2026-08-25T17:36:45.460240] 0 modified or added files are scheduled for deploy based on delta detection (STDOUT, APP/TASK/deploy)#
#2026 08 26 15:36:14.965#Z#DEBUG#c28227b5-a163-11f1-b062-eeee0a986ec4.ResilienceCockpit-db-deployer#flowable-async-job-executor-thread-2659#
[PollStageAppStatusExecution] 2d23200b-60aa-4519-b7f8-9f40de7a8ecc [2026-08-25T17:36:45.460443] 0 deleted files are scheduled for undeploy based on delta detection (filtered by undeploy allowlist) (STDOUT, APP/TASK/deploy)#
#2026 08 26 15:36:14.965#Z#DEBUG#c28227b5-a163-11f1-b062-eeee0a986ec4.ResilienceCockpit-db-deployer#flowable-async-job-executor-thread-2659#
[PollStageAppStatusExecution] 2d23200b-60aa-4519-b7f8-9f40de7a8ecc [2026-08-25T17:36:45.460516] 0 files are scheduled for deploy based on explicit specification (STDOUT, APP/TASK/deploy)#
#2026 08 26 15:36:14.965#Z#DEBUG#c28227b5-a163-11f1-b062-eeee0a986ec4.ResilienceCockpit-db-deployer#flowable-async-job-executor-thread-2659#
[PollStageAppStatusExecution] 2d23200b-60aa-4519-b7f8-9f40de7a8ecc [2026-08-25T17:36:45.460523] 0 files are scheduled for undeploy based on explicit specification (STDOUT, APP/TASK/deploy)#
#2026 08 26 15:36:14.965#Z#DEBUG#c28227b5-a163-11f1-b062-eeee0a986ec4.ResilienceCockpit-db-deployer#flowable-async-job-executor-thread-2659#
[PollStageAppStatusExecution] 2d23200b-60aa-4519-b7f8-9f40de7a8ecc [2026-08-25T17:36:45.460572] Deploying to the container "8697B1A4A8B84AC49EFF171810969752"... (STDOUT, APP/TASK/deploy)#
#2026 08 26 15:36:14.965#Z#DEBUG#c28227b5-a163-11f1-b062-eeee0a986ec4.ResilienceCockpit-db-deployer#flowable-async-job-executor-thread-2659#
[PollStageAppStatusExecution] 2d23200b-60aa-4519-b7f8-9f40de7a8ecc [2026-08-25T17:36:45.838600] Starting make in the container "8697B1A4A8B84AC49EFF171810969752" with 0 files to deploy, 0 files to undeploy... (STDOUT, APP/TASK/deploy)#
#2026 08 26 15:36:14.965#Z#DEBUG#c28227b5-a163-11f1-b062-eeee0a986ec4.ResilienceCockpit-db-deployer#flowable-async-job-executor-thread-2659#
[PollStageAppStatusExecution] 2d23200b-60aa-4519-b7f8-9f40de7a8ecc [2026-08-25T17:36:45.838617] Disabling table replication for the container schema "8697B1A4A8B84AC49EFF171810969752"... (STDOUT, APP/TASK/deploy)#
#2026 08 26 15:36:14.965#Z#DEBUG#c28227b5-a163-11f1-b062-eeee0a986ec4.ResilienceCockpit-db-deployer#flowable-async-job-executor-thread-2659#
[PollStageAppStatusExecution] 2d23200b-60aa-4519-b7f8-9f40de7a8ecc [2026-08-25T17:36:45.838625] Disabling table replication for the container schema "8697B1A4A8B84AC49EFF171810969752"... ok (0s 12ms) (STDOUT, APP/TASK/deploy)#
#2026 08 26 15:36:14.965#Z#DEBUG#c28227b5-a163-11f1-b062-eeee0a986ec4.ResilienceCockpit-db-deployer#flowable-async-job-executor-thread-2659#
[PollStageAppStatusExecution] 2d23200b-60aa-4519-b7f8-9f40de7a8ecc [2026-08-25T17:36:45.838637] Migrating libraries... (STDOUT, APP/TASK/deploy)#
#2026 08 26 15:36:14.965#Z#DEBUG#c28227b5-a163-11f1-b062-eeee0a986ec4.ResilienceCockpit-db-deployer#flowable-async-job-executor-thread-2659#
[PollStageAppStatusExecution] 2d23200b-60aa-4519-b7f8-9f40de7a8ecc [2026-08-25T17:36:45.838641] Migrating libraries... ok (0s 13ms) (STDOUT, APP/TASK/deploy)#
#2026 08 26 15:36:14.965#Z#DEBUG#c28227b5-a163-11f1-b062-eeee0a986ec4.ResilienceCockpit-db-deployer#flowable-async-job-executor-thread-2659#
[PollStageAppStatusExecution] 2d23200b-60aa-4519-b7f8-9f40de7a8ecc [2026-08-25T17:36:45.838643] Making... (STDOUT, APP/TASK/deploy)#
#2026 08 26 15:36:14.965#Z#DEBUG#c28227b5-a163-11f1-b062-eeee0a986ec4.ResilienceCockpit-db-deployer#flowable-async-job-executor-thread-2659#
[PollStageAppStatusExecution] 2d23200b-60aa-4519-b7f8-9f40de7a8ecc [2026-08-25T17:36:45.838646] Preparing... (STDOUT, APP/TASK/deploy)#
#2026 08 26 15:36:14.965#Z#DEBUG#c28227b5-a163-11f1-b062-eeee0a986ec4.ResilienceCockpit-db-deployer#flowable-async-job-executor-thread-2659#
[PollStageAppStatusExecution] 2d23200b-60aa-4519-b7f8-9f40de7a8ecc [2026-08-25T17:36:45.838651] Preparing... ok (0s 1ms) (STDOUT, APP/TASK/deploy)#
#2026 08 26 15:36:14.965#Z#DEBUG#c28227b5-a163-11f1-b062-eeee0a986ec4.ResilienceCockpit-db-deployer#flowable-async-job-executor-thread-2659#
[PollStageAppStatusExecution] 2d23200b-60aa-4519-b7f8-9f40de7a8ecc [2026-08-25T17:36:45.838654] Preparing the make transaction... (STDOUT, APP/TASK/deploy)#
#2026 08 26 15:36:14.965#Z#DEBUG#c28227b5-a163-11f1-b062-eeee0a986ec4.ResilienceCockpit-db-deployer#flowable-async-job-executor-thread-2659#
[PollStageAppStatusExecution] 2d23200b-60aa-4519-b7f8-9f40de7a8ecc [2026-08-25T17:36:45.838666] Preparing the make transaction... ok (0s 21ms) (STDOUT, APP/TASK/deploy)#
#2026 08 26 15:36:14.965#Z#DEBUG#c28227b5-a163-11f1-b062-eeee0a986ec4.ResilienceCockpit-db-deployer#flowable-async-job-executor-thread-2659#
[PollStageAppStatusExecution] 2d23200b-60aa-4519-b7f8-9f40de7a8ecc [2026-08-25T17:36:45.838670] Calculating dependencies... (STDOUT, APP/TASK/deploy)#
#2026 08 26 15:36:14.965#Z#DEBUG#c28227b5-a163-11f1-b062-eeee0a986ec4.ResilienceCockpit-db-deployer#flowable-async-job-executor-thread-2659#
[PollStageAppStatusExecution] 2d23200b-60aa-4519-b7f8-9f40de7a8ecc [2026-08-25T17:36:45.838685] Expanding... (STDOUT, APP/TASK/deploy)#
#2026 08 26 15:36:14.965#Z#DEBUG#c28227b5-a163-11f1-b062-eeee0a986ec4.ResilienceCockpit-db-deployer#flowable-async-job-executor-thread-2659#
[PollStageAppStatusExecution] 2d23200b-60aa-4519-b7f8-9f40de7a8ecc [2026-08-25T17:36:45.838688] Expanding... ok (0s 18ms) (STDOUT, APP/TASK/deploy)#
#2026 08 26 15:36:14.965#Z#DEBUG#c28227b5-a163-11f1-b062-eeee0a986ec4.ResilienceCockpit-db-deployer#flowable-async-job-executor-thread-2659#
[PollStageAppStatusExecution] 2d23200b-60aa-4519-b7f8-9f40de7a8ecc [2026-08-25T17:36:45.838692] Precompiling... (STDOUT, APP/TASK/deploy)#
#2026 08 26 15:36:14.965#Z#DEBUG#c28227b5-a163-11f1-b062-eeee0a986ec4.ResilienceCockpit-db-deployer#flowable-async-job-executor-thread-2659#
[PollStageAppStatusExecution] 2d23200b-60aa-4519-b7f8-9f40de7a8ecc [2026-08-25T17:36:45.838759] Precompiling... ok (0s 0ms) (STDOUT, APP/TASK/deploy)#
#2026 08 26 15:36:14.965#Z#DEBUG#c28227b5-a163-11f1-b062-eeee0a986ec4.ResilienceCockpit-db-deployer#flowable-async-job-executor-thread-2659#
[PollStageAppStatusExecution] 2d23200b-60aa-4519-b7f8-9f40de7a8ecc [2026-08-25T17:36:45.838771] Merging... (STDOUT, APP/TASK/deploy)#
#2026 08 26 15:36:14.965#Z#DEBUG#c28227b5-a163-11f1-b062-eeee0a986ec4.ResilienceCockpit-db-deployer#flowable-async-job-executor-thread-2659#
[PollStageAppStatusExecution] 2d23200b-60aa-4519-b7f8-9f40de7a8ecc [2026-08-25T17:36:45.838773] Merging... ok (0s 0ms) (STDOUT, APP/TASK/deploy)#
#2026 08 26 15:36:14.965#Z#DEBUG#c28227b5-a163-11f1-b062-eeee0a986ec4.ResilienceCockpit-db-deployer#flowable-async-job-executor-thread-2659#
[PollStageAppStatusExecution] 2d23200b-60aa-4519-b7f8-9f40de7a8ecc [2026-08-25T17:36:45.838786] Calculating dependencies... ok (0s 18ms) (STDOUT, APP/TASK/deploy)#
#2026 08 26 15:36:14.965#Z#DEBUG#c28227b5-a163-11f1-b062-eeee0a986ec4.ResilienceCockpit-db-deployer#flowable-async-job-executor-thread-2659#
[PollStageAppStatusExecution] 2d23200b-60aa-4519-b7f8-9f40de7a8ecc [2026-08-25T17:36:45.838789] No make necessary (STDOUT, APP/TASK/deploy)#
#2026 08 26 15:36:14.965#Z#DEBUG#c28227b5-a163-11f1-b062-eeee0a986ec4.ResilienceCockpit-db-deployer#flowable-async-job-executor-thread-2659#
[PollStageAppStatusExecution] 2d23200b-60aa-4519-b7f8-9f40de7a8ecc [2026-08-25T17:36:45.838821] Making... ok (0s 155ms) (STDOUT, APP/TASK/deploy)#
#2026 08 26 15:36:14.965#Z#DEBUG#c28227b5-a163-11f1-b062-eeee0a986ec4.ResilienceCockpit-db-deployer#flowable-async-job-executor-thread-2659#
[PollStageAppStatusExecution] 2d23200b-60aa-4519-b7f8-9f40de7a8ecc [2026-08-25T17:36:45.838826] Enabling table replication for the container schema "8697B1A4A8B84AC49EFF171810969752"... (STDOUT, APP/TASK/deploy)#
#2026 08 26 15:36:14.965#Z#DEBUG#c28227b5-a163-11f1-b062-eeee0a986ec4.ResilienceCockpit-db-deployer#flowable-async-job-executor-thread-2659#
[PollStageAppStatusExecution] 2d23200b-60aa-4519-b7f8-9f40de7a8ecc [2026-08-25T17:36:45.838855] Enabling table replication for the container schema "8697B1A4A8B84AC49EFF171810969752"... ok (0s 8ms) (STDOUT, APP/TASK/deploy)#
#2026 08 26 15:36:14.965#Z#DEBUG#c28227b5-a163-11f1-b062-eeee0a986ec4.ResilienceCockpit-db-deployer#flowable-async-job-executor-thread-2659#
[PollStageAppStatusExecution] 2d23200b-60aa-4519-b7f8-9f40de7a8ecc [2026-08-25T17:36:45.838858] Starting make in the container "8697B1A4A8B84AC49EFF171810969752" with 0 files to deploy, 0 files to undeploy... ok (0s 194ms) (STDOUT, APP/TASK/deploy)#
#2026 08 26 15:36:14.965#Z#DEBUG#c28227b5-a163-11f1-b062-eeee0a986ec4.ResilienceCockpit-db-deployer#flowable-async-job-executor-thread-2659#
[PollStageAppStatusExecution] 2d23200b-60aa-4519-b7f8-9f40de7a8ecc [2026-08-25T17:36:45.839145] Deploying to the container "8697B1A4A8B84AC49EFF171810969752"... ok (0s 379ms) (STDOUT, APP/TASK/deploy)#
#2026 08 26 15:36:14.965#Z#DEBUG#c28227b5-a163-11f1-b062-eeee0a986ec4.ResilienceCockpit-db-deployer#flowable-async-job-executor-thread-2659#
[PollStageAppStatusExecution] 2d23200b-60aa-4519-b7f8-9f40de7a8ecc [2026-08-25T17:36:45.839371] No default-access-role handling needed; global role "8697B1A4A8B84AC49EFF171810969752::access_role" will not be adapted (STDOUT, APP/TASK/deploy)#
#2026 08 26 15:36:14.965#Z#DEBUG#c28227b5-a163-11f1-b062-eeee0a986ec4.ResilienceCockpit-db-deployer#flowable-async-job-executor-thread-2659#
[PollStageAppStatusExecution] 2d23200b-60aa-4519-b7f8-9f40de7a8ecc [2026-08-25T17:36:45.839474] Unlocking the container "8697B1A4A8B84AC49EFF171810969752"... (STDOUT, APP/TASK/deploy)#
#2026 08 26 15:36:14.965#Z#DEBUG#c28227b5-a163-11f1-b062-eeee0a986ec4.ResilienceCockpit-db-deployer#flowable-async-job-executor-thread-2659#
[PollStageAppStatusExecution] 2d23200b-60aa-4519-b7f8-9f40de7a8ecc [2026-08-25T17:36:45.839697] Unlocking the container "8697B1A4A8B84AC49EFF171810969752"... ok (0s 0ms) (STDOUT, APP/TASK/deploy)#
#2026 08 26 15:36:14.965#Z#DEBUG#c28227b5-a163-11f1-b062-eeee0a986ec4.ResilienceCockpit-db-deployer#flowable-async-job-executor-thread-2659#
[PollStageAppStatusExecution] 2d23200b-60aa-4519-b7f8-9f40de7a8ecc [2026-08-25T17:36:45.839807] Deployment to container 8697B1A4A8B84AC49EFF171810969752 done [Deployment ID: none]. (STDOUT, APP/TASK/deploy)#
#2026 08 26 15:36:14.965#Z#DEBUG#c28227b5-a163-11f1-b062-eeee0a986ec4.ResilienceCockpit-db-deployer#flowable-async-job-executor-thread-2659#
[PollStageAppStatusExecution] 2d23200b-60aa-4519-b7f8-9f40de7a8ecc [2026-08-25T17:36:45.840163] Deployment ended at 2026-08-25 17:36:45 (STDOUT, APP/TASK/deploy)#
#2026 08 26 15:36:14.965#Z#DEBUG#c28227b5-a163-11f1-b062-eeee0a986ec4.ResilienceCockpit-db-deployer#flowable-async-job-executor-thread-2659#
[PollStageAppStatusExecution] 2d23200b-60aa-4519-b7f8-9f40de7a8ecc [2026-08-25T17:36:45.840397] (1s 767ms) (STDOUT, APP/TASK/deploy)#
#2026 08 26 15:36:14.965#Z#DEBUG#c28227b5-a163-11f1-b062-eeee0a986ec4.ResilienceCockpit-db-deployer#flowable-async-job-executor-thread-2659#
[PollStageAppStatusExecution] 2d23200b-60aa-4519-b7f8-9f40de7a8ecc [2026-08-25T17:36:45.850347] npm notice (STDERR, APP/TASK/deploy)#
#2026 08 26 15:36:14.965#Z#DEBUG#c28227b5-a163-11f1-b062-eeee0a986ec4.ResilienceCockpit-db-deployer#flowable-async-job-executor-thread-2659#
[PollStageAppStatusExecution] 2d23200b-60aa-4519-b7f8-9f40de7a8ecc [2026-08-25T17:36:45.850362] npm notice New major version of npm available! 11.16.0 -> 12.0.2 (STDERR, APP/TASK/deploy)#
#2026 08 26 15:36:14.965#Z#DEBUG#c28227b5-a163-11f1-b062-eeee0a986ec4.ResilienceCockpit-db-deployer#flowable-async-job-executor-thread-2659#
[PollStageAppStatusExecution] 2d23200b-60aa-4519-b7f8-9f40de7a8ecc [2026-08-25T17:36:45.850366] npm notice Changelog: https://github.com/npm/cli/releases/tag/v12.0.2 (STDERR, APP/TASK/deploy)#
#2026 08 26 15:36:14.965#Z#DEBUG#c28227b5-a163-11f1-b062-eeee0a986ec4.ResilienceCockpit-db-deployer#flowable-async-job-executor-thread-2659#
[PollStageAppStatusExecution] 2d23200b-60aa-4519-b7f8-9f40de7a8ecc [2026-08-25T17:36:45.850369] npm notice To update run: npm install -g npm@12.0.2 (STDERR, APP/TASK/deploy)#
#2026 08 26 15:36:14.965#Z#DEBUG#c28227b5-a163-11f1-b062-eeee0a986ec4.ResilienceCockpit-db-deployer#flowable-async-job-executor-thread-2659#
[PollStageAppStatusExecution] 2d23200b-60aa-4519-b7f8-9f40de7a8ecc [2026-08-25T17:36:45.850372] npm notice (STDERR, APP/TASK/deploy)#
#2026 08 26 15:36:14.965#Z#DEBUG#c28227b5-a163-11f1-b062-eeee0a986ec4.ResilienceCockpit-db-deployer#flowable-async-job-executor-thread-2659#
[PollStageAppStatusExecution] 2d23200b-60aa-4519-b7f8-9f40de7a8ecc [2026-08-25T17:36:45.897385] Exit status 0 (STDOUT, APP/TASK/deploy)#
#2026 08 26 15:36:14.965#Z#DEBUG#c28227b5-a163-11f1-b062-eeee0a986ec4.ResilienceCockpit-db-deployer#flowable-async-job-executor-thread-2659#
[PollStageAppStatusExecution] 2d23200b-60aa-4519-b7f8-9f40de7a8ecc [2026-08-25T17:36:46.692932] Cell 4dc0bb62-dd25-443a-a962-806e343d783f stopping instance ccf44529-92c1-4b2f-b3fc-ff5049e7e86f (STDOUT, CELL)#
#2026 08 26 15:36:14.965#Z#DEBUG#c28227b5-a163-11f1-b062-eeee0a986ec4.ResilienceCockpit-db-deployer#flowable-async-job-executor-thread-2659#
[PollStageAppStatusExecution] 2d23200b-60aa-4519-b7f8-9f40de7a8ecc [2026-08-25T17:36:46.692996] Cell 4dc0bb62-dd25-443a-a962-806e343d783f destroying container for instance ccf44529-92c1-4b2f-b3fc-ff5049e7e86f (STDOUT, CELL)#
#2026 08 26 15:36:14.965#Z#DEBUG#c28227b5-a163-11f1-b062-eeee0a986ec4.ResilienceCockpit-db-deployer#flowable-async-job-executor-thread-2659#
[PollStageAppStatusExecution] 2d23200b-60aa-4519-b7f8-9f40de7a8ecc [2026-08-25T17:36:48.936758] Cell 4dc0bb62-dd25-443a-a962-806e343d783f successfully destroyed container for instance ccf44529-92c1-4b2f-b3fc-ff5049e7e86f (STDOUT, CELL)#
#2026 08 26 15:36:14.965#Z#DEBUG#c28227b5-a163-11f1-b062-eeee0a986ec4.ResilienceCockpit-db-deployer#flowable-async-job-executor-thread-2659#
[PollStageAppStatusExecution] 2d23200b-60aa-4519-b7f8-9f40de7a8ecc [2026-08-26T02:15:34.364252] Updated app with guid 2d23200b-60aa-4519-b7f8-9f40de7a8ecc ({"lifecycle"=>{"data"=>{"buildpacks"=>["nodejs_buildpack"]}, "type"=>"buildpack"}}) (STDOUT, API)#
#2026 08 26 15:36:14.965#Z#DEBUG#c28227b5-a163-11f1-b062-eeee0a986ec4.ResilienceCockpit-db-deployer#flowable-async-job-executor-thread-2659#
[PollStageAppStatusExecution] 2d23200b-60aa-4519-b7f8-9f40de7a8ecc [2026-08-26T02:15:34.441394] Updating process: "web" (STDOUT, API)#
#2026 08 26 15:36:14.965#Z#DEBUG#c28227b5-a163-11f1-b062-eeee0a986ec4.ResilienceCockpit-db-deployer#flowable-async-job-executor-thread-2659#
[PollStageAppStatusExecution] 2d23200b-60aa-4519-b7f8-9f40de7a8ecc [2026-08-26T02:15:41.774032] Uploading app package for app with guid 2d23200b-60aa-4519-b7f8-9f40de7a8ecc (STDOUT, API)#
#2026 08 26 15:36:14.965#Z#DEBUG#c28227b5-a163-11f1-b062-eeee0a986ec4.ResilienceCockpit-db-deployer#flowable-async-job-executor-thread-2659#
[PollStageAppStatusExecution] 2d23200b-60aa-4519-b7f8-9f40de7a8ecc [2026-08-26T02:15:41.953741] Updated app with guid 2d23200b-60aa-4519-b7f8-9f40de7a8ecc ({"environment_variables"=>"[PRIVATE DATA HIDDEN]"}) (STDOUT, API)#
#2026 08 26 15:36:14.965#Z#DEBUG#c28227b5-a163-11f1-b062-eeee0a986ec4.ResilienceCockpit-db-deployer#flowable-async-job-executor-thread-2659#
[PollStageAppStatusExecution] 2d23200b-60aa-4519-b7f8-9f40de7a8ecc [2026-08-26T02:15:51.735415] Creating build for app with guid 2d23200b-60aa-4519-b7f8-9f40de7a8ecc (STDOUT, API)#
#2026 08 26 15:36:14.965#Z#DEBUG#c28227b5-a163-11f1-b062-eeee0a986ec4.ResilienceCockpit-db-deployer#flowable-async-job-executor-thread-2659#
[PollStageAppStatusExecution] 2d23200b-60aa-4519-b7f8-9f40de7a8ecc [2026-08-26T02:15:52.097615] Downloading nodejs_buildpack... (STDOUT, STG)#
#2026 08 26 15:36:14.965#Z#DEBUG#c28227b5-a163-11f1-b062-eeee0a986ec4.ResilienceCockpit-db-deployer#flowable-async-job-executor-thread-2659#
[PollStageAppStatusExecution] 2d23200b-60aa-4519-b7f8-9f40de7a8ecc [2026-08-26T02:15:52.144711] Downloaded nodejs_buildpack (STDOUT, STG)#
#2026 08 26 15:36:14.965#Z#DEBUG#c28227b5-a163-11f1-b062-eeee0a986ec4.ResilienceCockpit-db-deployer#flowable-async-job-executor-thread-2659#
[PollStageAppStatusExecution] 2d23200b-60aa-4519-b7f8-9f40de7a8ecc [2026-08-26T02:15:52.144790] Cell c343a1ce-501c-453d-aabd-5a2aaaa23496 creating container for instance db522982-4b02-44e4-8210-691af3aeceef (STDOUT, STG)#
#2026 08 26 15:36:14.965#Z#DEBUG#c28227b5-a163-11f1-b062-eeee0a986ec4.ResilienceCockpit-db-deployer#flowable-async-job-executor-thread-2659#
[PollStageAppStatusExecution] 2d23200b-60aa-4519-b7f8-9f40de7a8ecc [2026-08-26T02:15:52.451749] Security group rules were updated (STDOUT, STG)#
#2026 08 26 15:36:14.965#Z#DEBUG#c28227b5-a163-11f1-b062-eeee0a986ec4.ResilienceCockpit-db-deployer#flowable-async-job-executor-thread-2659#
[PollStageAppStatusExecution] 2d23200b-60aa-4519-b7f8-9f40de7a8ecc [2026-08-26T02:15:52.506935] Cell c343a1ce-501c-453d-aabd-5a2aaaa23496 successfully created container for instance db522982-4b02-44e4-8210-691af3aeceef (STDOUT, STG)#
#2026 08 26 15:36:14.965#Z#DEBUG#c28227b5-a163-11f1-b062-eeee0a986ec4.ResilienceCockpit-db-deployer#flowable-async-job-executor-thread-2659#
[PollStageAppStatusExecution] 2d23200b-60aa-4519-b7f8-9f40de7a8ecc [2026-08-26T02:15:52.870098] Downloading app package... (STDOUT, STG)#
#2026 08 26 15:36:14.965#Z#DEBUG#c28227b5-a163-11f1-b062-eeee0a986ec4.ResilienceCockpit-db-deployer#flowable-async-job-executor-thread-2659#
[PollStageAppStatusExecution] 2d23200b-60aa-4519-b7f8-9f40de7a8ecc [2026-08-26T02:15:52.870187] Downloading build artifacts cache... (STDOUT, STG)#
#2026 08 26 15:36:14.965#Z#DEBUG#c28227b5-a163-11f1-b062-eeee0a986ec4.ResilienceCockpit-db-deployer#flowable-async-job-executor-thread-2659#
[PollStageAppStatusExecution] 2d23200b-60aa-4519-b7f8-9f40de7a8ecc [2026-08-26T02:15:52.975009] Downloaded build artifacts cache (225B) (STDOUT, STG)#
#2026 08 26 15:36:14.965#Z#DEBUG#c28227b5-a163-11f1-b062-eeee0a986ec4.ResilienceCockpit-db-deployer#flowable-async-job-executor-thread-2659#
[PollStageAppStatusExecution] 2d23200b-60aa-4519-b7f8-9f40de7a8ecc [2026-08-26T02:15:53.111683] Downloaded app package (2.5M) (STDOUT, STG)#
#2026 08 26 15:36:14.965#Z#DEBUG#c28227b5-a163-11f1-b062-eeee0a986ec4.ResilienceCockpit-db-deployer#flowable-async-job-executor-thread-2659#
[PollStageAppStatusExecution] 2d23200b-60aa-4519-b7f8-9f40de7a8ecc [2026-08-26T02:15:53.160950] -----> Nodejs Buildpack version 1.9.3 (STDOUT, STG)#
#2026 08 26 15:36:14.965#Z#DEBUG#c28227b5-a163-11f1-b062-eeee0a986ec4.ResilienceCockpit-db-deployer#flowable-async-job-executor-thread-2659#
[PollStageAppStatusExecution] 2d23200b-60aa-4519-b7f8-9f40de7a8ecc [2026-08-26T02:15:53.264742] -----> Bootstrapping python (STDOUT, STG)#
#2026 08 26 15:36:14.965#Z#DEBUG#c28227b5-a163-11f1-b062-eeee0a986ec4.ResilienceCockpit-db-deployer#flowable-async-job-executor-thread-2659#
[PollStageAppStatusExecution] 2d23200b-60aa-4519-b7f8-9f40de7a8ecc [2026-08-26T02:15:53.264761] -----> Installing python 3.13.14 (STDOUT, STG)#
#2026 08 26 15:36:14.965#Z#DEBUG#c28227b5-a163-11f1-b062-eeee0a986ec4.ResilienceCockpit-db-deployer#flowable-async-job-executor-thread-2659#
[PollStageAppStatusExecution] 2d23200b-60aa-4519-b7f8-9f40de7a8ecc [2026-08-26T02:15:53.264817] Copy [/tmp/buildpacks/adc5840e3e50b48d/dependencies/4b4266a2ff36730aef37b88b668ca327/python_3.13.14_linux_x64_cflinuxfs4_b80d4954.tgz] (STDOUT, STG)#
#2026 08 26 15:36:14.965#Z#DEBUG#c28227b5-a163-11f1-b062-eeee0a986ec4.ResilienceCockpit-db-deployer#flowable-async-job-executor-thread-2659#
[PollStageAppStatusExecution] 2d23200b-60aa-4519-b7f8-9f40de7a8ecc [2026-08-26T02:15:56.253607] -----> Installing binaries (STDOUT, STG)#
#2026 08 26 15:36:14.965#Z#DEBUG#c28227b5-a163-11f1-b062-eeee0a986ec4.ResilienceCockpit-db-deployer#flowable-async-job-executor-thread-2659#
[PollStageAppStatusExecution] 2d23200b-60aa-4519-b7f8-9f40de7a8ecc [2026-08-26T02:15:56.253630] engines.node (package.json): >=18 (STDOUT, STG)#
#2026 08 26 15:36:14.965#Z#DEBUG#c28227b5-a163-11f1-b062-eeee0a986ec4.ResilienceCockpit-db-deployer#flowable-async-job-executor-thread-2659#
[PollStageAppStatusExecution] 2d23200b-60aa-4519-b7f8-9f40de7a8ecc [2026-08-26T02:15:56.253634] engines.npm (package.json): unspecified (use default) (STDOUT, STG)#
#2026 08 26 15:36:14.965#Z#DEBUG#c28227b5-a163-11f1-b062-eeee0a986ec4.ResilienceCockpit-db-deployer#flowable-async-job-executor-thread-2659#
[PollStageAppStatusExecution] 2d23200b-60aa-4519-b7f8-9f40de7a8ecc [2026-08-26T02:15:56.253638] [31;1m**WARNING**[0m Dangerous semver range (>) in engines.node. See: http://docs.cloudfoundry.org/buildpacks/node/node-tips.html (STDOUT, STG)#
#2026 08 26 15:36:14.965#Z#DEBUG#c28227b5-a163-11f1-b062-eeee0a986ec4.ResilienceCockpit-db-deployer#flowable-async-job-executor-thread-2659#
[PollStageAppStatusExecution] 2d23200b-60aa-4519-b7f8-9f40de7a8ecc [2026-08-26T02:15:56.253793] -----> Installing node 24.18.0 (STDOUT, STG)#
#2026 08 26 15:36:14.965#Z#DEBUG#c28227b5-a163-11f1-b062-eeee0a986ec4.ResilienceCockpit-db-deployer#flowable-async-job-executor-thread-2659#
[PollStageAppStatusExecution] 2d23200b-60aa-4519-b7f8-9f40de7a8ecc [2026-08-26T02:15:56.253839] Copy [/tmp/buildpacks/adc5840e3e50b48d/dependencies/dffbbb835fcd073c4544f78eb6247fac/node_24.18.0_linux_x64_cflinuxfs4_cdfed650.tgz] (STDOUT, STG)#
#2026 08 26 15:36:14.965#Z#DEBUG#c28227b5-a163-11f1-b062-eeee0a986ec4.ResilienceCockpit-db-deployer#flowable-async-job-executor-thread-2659#
[PollStageAppStatusExecution] 2d23200b-60aa-4519-b7f8-9f40de7a8ecc [2026-08-26T02:15:57.981574] Using default npm version: 11.16.0 (STDOUT, STG)#
#2026 08 26 15:36:14.965#Z#DEBUG#c28227b5-a163-11f1-b062-eeee0a986ec4.ResilienceCockpit-db-deployer#flowable-async-job-executor-thread-2659#
[PollStageAppStatusExecution] 2d23200b-60aa-4519-b7f8-9f40de7a8ecc [2026-08-26T02:15:57.981590] -----> Installing yarn 1.22.22 (STDOUT, STG)#
#2026 08 26 15:36:14.965#Z#DEBUG#c28227b5-a163-11f1-b062-eeee0a986ec4.ResilienceCockpit-db-deployer#flowable-async-job-executor-thread-2659#
[PollStageAppStatusExecution] 2d23200b-60aa-4519-b7f8-9f40de7a8ecc [2026-08-26T02:15:57.981605] Copy [/tmp/buildpacks/adc5840e3e50b48d/dependencies/e4fe26756e9984a665478d350474fa2e/yarn_1.22.22_linux_noarch_any-stack_b6132b86.tgz] (STDOUT, STG)#
#2026 08 26 15:36:14.965#Z#DEBUG#c28227b5-a163-11f1-b062-eeee0a986ec4.ResilienceCockpit-db-deployer#flowable-async-job-executor-thread-2659#
[PollStageAppStatusExecution] 2d23200b-60aa-4519-b7f8-9f40de7a8ecc [2026-08-26T02:15:58.232551] Installed yarn 1.22.22 (STDOUT, STG)#
#2026 08 26 15:36:14.965#Z#DEBUG#c28227b5-a163-11f1-b062-eeee0a986ec4.ResilienceCockpit-db-deployer#flowable-async-job-executor-thread-2659#
[PollStageAppStatusExecution] 2d23200b-60aa-4519-b7f8-9f40de7a8ecc [2026-08-26T02:15:58.232585] -----> Creating runtime environment (STDOUT, STG)#
#2026 08 26 15:36:14.965#Z#DEBUG#c28227b5-a163-11f1-b062-eeee0a986ec4.ResilienceCockpit-db-deployer#flowable-async-job-executor-thread-2659#
[PollStageAppStatusExecution] 2d23200b-60aa-4519-b7f8-9f40de7a8ecc [2026-08-26T02:15:58.234150] NODE_ENV=production (STDOUT, STG)#
#2026 08 26 15:36:14.965#Z#DEBUG#c28227b5-a163-11f1-b062-eeee0a986ec4.ResilienceCockpit-db-deployer#flowable-async-job-executor-thread-2659#
[PollStageAppStatusExecution] 2d23200b-60aa-4519-b7f8-9f40de7a8ecc [2026-08-26T02:15:58.234167] NODE_HOME=/tmp/contents3582052103/deps/0/node (STDOUT, STG)#
#2026 08 26 15:36:14.965#Z#DEBUG#c28227b5-a163-11f1-b062-eeee0a986ec4.ResilienceCockpit-db-deployer#flowable-async-job-executor-thread-2659#
[PollStageAppStatusExecution] 2d23200b-60aa-4519-b7f8-9f40de7a8ecc [2026-08-26T02:15:58.234169] NODE_MODULES_CACHE=true (STDOUT, STG)#
#2026 08 26 15:36:14.965#Z#DEBUG#c28227b5-a163-11f1-b062-eeee0a986ec4.ResilienceCockpit-db-deployer#flowable-async-job-executor-thread-2659#
[PollStageAppStatusExecution] 2d23200b-60aa-4519-b7f8-9f40de7a8ecc [2026-08-26T02:15:58.234172] NODE_VERBOSE=false (STDOUT, STG)#
#2026 08 26 15:36:14.965#Z#DEBUG#c28227b5-a163-11f1-b062-eeee0a986ec4.ResilienceCockpit-db-deployer#flowable-async-job-executor-thread-2659#
[PollStageAppStatusExecution] 2d23200b-60aa-4519-b7f8-9f40de7a8ecc [2026-08-26T02:15:58.234176] NPM_CONFIG_LOGLEVEL=error (STDOUT, STG)#
#2026 08 26 15:36:14.965#Z#DEBUG#c28227b5-a163-11f1-b062-eeee0a986ec4.ResilienceCockpit-db-deployer#flowable-async-job-executor-thread-2659#
[PollStageAppStatusExecution] 2d23200b-60aa-4519-b7f8-9f40de7a8ecc [2026-08-26T02:15:58.234234] NPM_CONFIG_PRODUCTION=true (STDOUT, STG)#
#2026 08 26 15:36:14.965#Z#DEBUG#c28227b5-a163-11f1-b062-eeee0a986ec4.ResilienceCockpit-db-deployer#flowable-async-job-executor-thread-2659#
[PollStageAppStatusExecution] 2d23200b-60aa-4519-b7f8-9f40de7a8ecc [2026-08-26T02:15:58.234238] -----> Building dependencies (STDOUT, STG)#
#2026 08 26 15:36:14.965#Z#DEBUG#c28227b5-a163-11f1-b062-eeee0a986ec4.ResilienceCockpit-db-deployer#flowable-async-job-executor-thread-2659#
[PollStageAppStatusExecution] 2d23200b-60aa-4519-b7f8-9f40de7a8ecc [2026-08-26T02:15:58.234240] Prebuild detected (node_modules already exists) (STDOUT, STG)#
#2026 08 26 15:36:14.965#Z#DEBUG#c28227b5-a163-11f1-b062-eeee0a986ec4.ResilienceCockpit-db-deployer#flowable-async-job-executor-thread-2659#
[PollStageAppStatusExecution] 2d23200b-60aa-4519-b7f8-9f40de7a8ecc [2026-08-26T02:15:58.234242] Rebuilding any native modules (STDOUT, STG)#
#2026 08 26 15:36:14.965#Z#DEBUG#c28227b5-a163-11f1-b062-eeee0a986ec4.ResilienceCockpit-db-deployer#flowable-async-job-executor-thread-2659#
[PollStageAppStatusExecution] 2d23200b-60aa-4519-b7f8-9f40de7a8ecc [2026-08-26T02:15:58.619342] rebuilt dependencies successfully (STDOUT, STG)#
#2026 08 26 15:36:14.965#Z#DEBUG#c28227b5-a163-11f1-b062-eeee0a986ec4.ResilienceCockpit-db-deployer#flowable-async-job-executor-thread-2659#
[PollStageAppStatusExecution] 2d23200b-60aa-4519-b7f8-9f40de7a8ecc [2026-08-26T02:15:58.667620] Installing any new modules (package.json + package-lock.json) (STDOUT, STG)#
#2026 08 26 15:36:14.965#Z#DEBUG#c28227b5-a163-11f1-b062-eeee0a986ec4.ResilienceCockpit-db-deployer#flowable-async-job-executor-thread-2659#
[PollStageAppStatusExecution] 2d23200b-60aa-4519-b7f8-9f40de7a8ecc [2026-08-26T02:15:58.994571] up to date in 269ms (STDOUT, STG)#
#2026 08 26 15:36:14.965#Z#DEBUG#c28227b5-a163-11f1-b062-eeee0a986ec4.ResilienceCockpit-db-deployer#flowable-async-job-executor-thread-2659#
[PollStageAppStatusExecution] 2d23200b-60aa-4519-b7f8-9f40de7a8ecc [2026-08-26T02:15:58.994693] 4 packages are looking for funding (STDOUT, STG)#
#2026 08 26 15:36:14.965#Z#DEBUG#c28227b5-a163-11f1-b062-eeee0a986ec4.ResilienceCockpit-db-deployer#flowable-async-job-executor-thread-2659#
[PollStageAppStatusExecution] 2d23200b-60aa-4519-b7f8-9f40de7a8ecc [2026-08-26T02:15:58.994781] run `npm fund` for details (STDOUT, STG)#
#2026 08 26 15:36:14.965#Z#DEBUG#c28227b5-a163-11f1-b062-eeee0a986ec4.ResilienceCockpit-db-deployer#flowable-async-job-executor-thread-2659#
[PollStageAppStatusExecution] 2d23200b-60aa-4519-b7f8-9f40de7a8ecc [2026-08-26T02:15:59.715684] Contrast Security no credentials found. Will not write environment files. (STDOUT, STG)#
#2026 08 26 15:36:14.965#Z#DEBUG#c28227b5-a163-11f1-b062-eeee0a986ec4.ResilienceCockpit-db-deployer#flowable-async-job-executor-thread-2659#
[PollStageAppStatusExecution] 2d23200b-60aa-4519-b7f8-9f40de7a8ecc [2026-08-26T02:16:07.333311] Exit status 0 (STDOUT, STG)#
#2026 08 26 15:36:14.965#Z#DEBUG#c28227b5-a163-11f1-b062-eeee0a986ec4.ResilienceCockpit-db-deployer#flowable-async-job-executor-thread-2659#
[PollStageAppStatusExecution] 2d23200b-60aa-4519-b7f8-9f40de7a8ecc [2026-08-26T02:16:07.333357] Uploading droplet, build artifacts cache... (STDOUT, STG)#
#2026 08 26 15:36:14.965#Z#DEBUG#c28227b5-a163-11f1-b062-eeee0a986ec4.ResilienceCockpit-db-deployer#flowable-async-job-executor-thread-2659#
[PollStageAppStatusExecution] 2d23200b-60aa-4519-b7f8-9f40de7a8ecc [2026-08-26T02:16:07.333388] Uploading build artifacts cache... (STDOUT, STG)#
#2026 08 26 15:36:14.965#Z#DEBUG#c28227b5-a163-11f1-b062-eeee0a986ec4.ResilienceCockpit-db-deployer#flowable-async-job-executor-thread-2659#
[PollStageAppStatusExecution] 2d23200b-60aa-4519-b7f8-9f40de7a8ecc [2026-08-26T02:16:07.333415] Uploading droplet... (STDOUT, STG)#
#2026 08 26 15:36:14.965#Z#DEBUG#c28227b5-a163-11f1-b062-eeee0a986ec4.ResilienceCockpit-db-deployer#flowable-async-job-executor-thread-2659#
[PollStageAppStatusExecution] 2d23200b-60aa-4519-b7f8-9f40de7a8ecc [2026-08-26T02:16:07.358888] Uploaded build artifacts cache (223B) (STDOUT, STG)#
#2026 08 26 15:36:14.965#Z#DEBUG#c28227b5-a163-11f1-b062-eeee0a986ec4.ResilienceCockpit-db-deployer#flowable-async-job-executor-thread-2659#
[PollStageAppStatusExecution] 2d23200b-60aa-4519-b7f8-9f40de7a8ecc [2026-08-26T02:16:07.832764] Creating droplet for app with guid 2d23200b-60aa-4519-b7f8-9f40de7a8ecc (STDOUT, API)#
#2026 08 26 15:36:14.965#Z#DEBUG#c28227b5-a163-11f1-b062-eeee0a986ec4.ResilienceCockpit-db-deployer#flowable-async-job-executor-thread-2659#
[PollStageAppStatusExecution] 2d23200b-60aa-4519-b7f8-9f40de7a8ecc [2026-08-26T02:16:09.899592] Uploaded droplet (59.3M) (STDOUT, STG)#
#2026 08 26 15:36:14.965#Z#DEBUG#c28227b5-a163-11f1-b062-eeee0a986ec4.ResilienceCockpit-db-deployer#flowable-async-job-executor-thread-2659#
[PollStageAppStatusExecution] 2d23200b-60aa-4519-b7f8-9f40de7a8ecc [2026-08-26T02:16:09.914508] Uploading complete (STDOUT, STG)#
#2026 08 26 15:36:14.965#Z#DEBUG#c28227b5-a163-11f1-b062-eeee0a986ec4.ResilienceCockpit-db-deployer#flowable-async-job-executor-thread-2659#
[PollStageAppStatusExecution] 2d23200b-60aa-4519-b7f8-9f40de7a8ecc [2026-08-26T02:16:10.230244] Cell c343a1ce-501c-453d-aabd-5a2aaaa23496 stopping instance db522982-4b02-44e4-8210-691af3aeceef (STDOUT, STG)#
#2026 08 26 15:36:14.965#Z#DEBUG#c28227b5-a163-11f1-b062-eeee0a986ec4.ResilienceCockpit-db-deployer#flowable-async-job-executor-thread-2659#
[PollStageAppStatusExecution] 2d23200b-60aa-4519-b7f8-9f40de7a8ecc [2026-08-26T02:16:10.230295] Cell c343a1ce-501c-453d-aabd-5a2aaaa23496 destroying container for instance db522982-4b02-44e4-8210-691af3aeceef (STDOUT, STG)#
#2026 08 26 15:36:14.965#Z#DEBUG#c28227b5-a163-11f1-b062-eeee0a986ec4.ResilienceCockpit-db-deployer#flowable-async-job-executor-thread-2659#
[PollStageAppStatusExecution] 2d23200b-60aa-4519-b7f8-9f40de7a8ecc [2026-08-26T02:16:10.296822] Staging complete for build db522982-4b02-44e4-8210-691af3aeceef (STDOUT, API)#
#2026 08 26 15:36:14.965#Z#DEBUG#c28227b5-a163-11f1-b062-eeee0a986ec4.ResilienceCockpit-db-deployer#flowable-async-job-executor-thread-2659#
[PollStageAppStatusExecution] 2d23200b-60aa-4519-b7f8-9f40de7a8ecc [2026-08-26T02:16:11.653084] Cell c343a1ce-501c-453d-aabd-5a2aaaa23496 successfully destroyed container for instance db522982-4b02-44e4-8210-691af3aeceef (STDOUT, STG)#
#2026 08 26 15:36:14.965#Z#DEBUG#c28227b5-a163-11f1-b062-eeee0a986ec4.ResilienceCockpit-db-deployer#flowable-async-job-executor-thread-2659#
[PollStageAppStatusExecution] 2d23200b-60aa-4519-b7f8-9f40de7a8ecc [2026-08-26T02:16:11.659030] Updated app with guid 2d23200b-60aa-4519-b7f8-9f40de7a8ecc ({:droplet_guid=>"b7950227-c5d6-4c12-9b5f-837bbe2b4190"}) (STDOUT, API)#
#2026 08 26 15:36:14.965#Z#DEBUG#c28227b5-a163-11f1-b062-eeee0a986ec4.ResilienceCockpit-db-deployer#flowable-async-job-executor-thread-2659#
[PollStageAppStatusExecution] 2d23200b-60aa-4519-b7f8-9f40de7a8ecc [2026-08-26T02:16:12.030389] Cell c343a1ce-501c-453d-aabd-5a2aaaa23496 creating container for instance da26f2f4-41fc-46aa-9190-b3b0cfee3642 (STDOUT, CELL)#
#2026 08 26 15:36:14.965#Z#DEBUG#c28227b5-a163-11f1-b062-eeee0a986ec4.ResilienceCockpit-db-deployer#flowable-async-job-executor-thread-2659#
[PollStageAppStatusExecution] 2d23200b-60aa-4519-b7f8-9f40de7a8ecc [2026-08-26T02:16:12.327845] Security group rules were updated (STDOUT, CELL)#
#2026 08 26 15:36:14.965#Z#DEBUG#c28227b5-a163-11f1-b062-eeee0a986ec4.ResilienceCockpit-db-deployer#flowable-async-job-executor-thread-2659#
[PollStageAppStatusExecution] 2d23200b-60aa-4519-b7f8-9f40de7a8ecc [2026-08-26T02:16:12.382455] Cell c343a1ce-501c-453d-aabd-5a2aaaa23496 successfully created container for instance da26f2f4-41fc-46aa-9190-b3b0cfee3642 (STDOUT, CELL)#
#2026 08 26 15:36:14.965#Z#DEBUG#c28227b5-a163-11f1-b062-eeee0a986ec4.ResilienceCockpit-db-deployer#flowable-async-job-executor-thread-2659#
[PollStageAppStatusExecution] 2d23200b-60aa-4519-b7f8-9f40de7a8ecc [2026-08-26T02:16:16.438363] Invoking pre-start scripts. (STDOUT, APP/TASK/deploy)#
#2026 08 26 15:36:14.965#Z#DEBUG#c28227b5-a163-11f1-b062-eeee0a986ec4.ResilienceCockpit-db-deployer#flowable-async-job-executor-thread-2659#
[PollStageAppStatusExecution] 2d23200b-60aa-4519-b7f8-9f40de7a8ecc [2026-08-26T02:16:16.576864] Invoking start command. (STDOUT, APP/TASK/deploy)#
#2026 08 26 15:36:14.965#Z#DEBUG#c28227b5-a163-11f1-b062-eeee0a986ec4.ResilienceCockpit-db-deployer#flowable-async-job-executor-thread-2659#
[PollStageAppStatusExecution] 2d23200b-60aa-4519-b7f8-9f40de7a8ecc [2026-08-26T02:16:16.869042] > start (STDOUT, APP/TASK/deploy)#
#2026 08 26 15:36:14.965#Z#DEBUG#c28227b5-a163-11f1-b062-eeee0a986ec4.ResilienceCockpit-db-deployer#flowable-async-job-executor-thread-2659#
[PollStageAppStatusExecution] 2d23200b-60aa-4519-b7f8-9f40de7a8ecc [2026-08-26T02:16:16.869068] > node node_modules/@sap/hdi-deploy/deploy.js --use-hdb --parameter com.sap.hana.di.table/try_fast_table_migration=true (STDOUT, APP/TASK/deploy)#
#2026 08 26 15:36:14.965#Z#DEBUG#c28227b5-a163-11f1-b062-eeee0a986ec4.ResilienceCockpit-db-deployer#flowable-async-job-executor-thread-2659#
[PollStageAppStatusExecution] 2d23200b-60aa-4519-b7f8-9f40de7a8ecc [2026-08-26T02:16:16.971809] VCAP_SERVICES: (STDOUT, APP/TASK/deploy)#
#2026 08 26 15:36:14.965#Z#DEBUG#c28227b5-a163-11f1-b062-eeee0a986ec4.ResilienceCockpit-db-deployer#flowable-async-job-executor-thread-2659#
[PollStageAppStatusExecution] 2d23200b-60aa-4519-b7f8-9f40de7a8ecc [2026-08-26T02:16:16.972215] { (STDOUT, APP/TASK/deploy)#
#2026 08 26 15:36:14.965#Z#DEBUG#c28227b5-a163-11f1-b062-eeee0a986ec4.ResilienceCockpit-db-deployer#flowable-async-job-executor-thread-2659#
[PollStageAppStatusExecution] 2d23200b-60aa-4519-b7f8-9f40de7a8ecc [2026-08-26T02:16:16.972228] "hana": [ (STDOUT, APP/TASK/deploy)#
#2026 08 26 15:36:14.965#Z#DEBUG#c28227b5-a163-11f1-b062-eeee0a986ec4.ResilienceCockpit-db-deployer#flowable-async-job-executor-thread-2659#
[PollStageAppStatusExecution] 2d23200b-60aa-4519-b7f8-9f40de7a8ecc [2026-08-26T02:16:16.972231] { (STDOUT, APP/TASK/deploy)#
#2026 08 26 15:36:14.965#Z#DEBUG#c28227b5-a163-11f1-b062-eeee0a986ec4.ResilienceCockpit-db-deployer#flowable-async-job-executor-thread-2659#
[PollStageAppStatusExecution] 2d23200b-60aa-4519-b7f8-9f40de7a8ecc [2026-08-26T02:16:16.972237] "name": "ResilienceCockpit-db", (STDOUT, APP/TASK/deploy)#
#2026 08 26 15:36:14.965#Z#DEBUG#c28227b5-a163-11f1-b062-eeee0a986ec4.ResilienceCockpit-db-deployer#flowable-async-job-executor-thread-2659#
[PollStageAppStatusExecution] 2d23200b-60aa-4519-b7f8-9f40de7a8ecc [2026-08-26T02:16:16.972240] "label": "hana", (STDOUT, APP/TASK/deploy)#
#2026 08 26 15:36:14.965#Z#DEBUG#c28227b5-a163-11f1-b062-eeee0a986ec4.ResilienceCockpit-db-deployer#flowable-async-job-executor-thread-2659#
[PollStageAppStatusExecution] 2d23200b-60aa-4519-b7f8-9f40de7a8ecc [2026-08-26T02:16:16.972244] "plan": "hdi-shared", (STDOUT, APP/TASK/deploy)#
#2026 08 26 15:36:14.965#Z#DEBUG#c28227b5-a163-11f1-b062-eeee0a986ec4.ResilienceCockpit-db-deployer#flowable-async-job-executor-thread-2659#
[PollStageAppStatusExecution] 2d23200b-60aa-4519-b7f8-9f40de7a8ecc [2026-08-26T02:16:16.972246] "credentials": { (STDOUT, APP/TASK/deploy)#
#2026 08 26 15:36:14.965#Z#DEBUG#c28227b5-a163-11f1-b062-eeee0a986ec4.ResilienceCockpit-db-deployer#flowable-async-job-executor-thread-2659#
[PollStageAppStatusExecution] 2d23200b-60aa-4519-b7f8-9f40de7a8ecc [2026-08-26T02:16:16.972249] "schema": "8697B1A4A8B84AC49EFF171810969752", (STDOUT, APP/TASK/deploy)#
#2026 08 26 15:36:14.965#Z#DEBUG#c28227b5-a163-11f1-b062-eeee0a986ec4.ResilienceCockpit-db-deployer#flowable-async-job-executor-thread-2659#
[PollStageAppStatusExecution] 2d23200b-60aa-4519-b7f8-9f40de7a8ecc [2026-08-26T02:16:16.972251] "database_id": "eb9e608b-a8d8-462e-98e7-906abde25244", (STDOUT, APP/TASK/deploy)#
#2026 08 26 15:36:14.965#Z#DEBUG#c28227b5-a163-11f1-b062-eeee0a986ec4.ResilienceCockpit-db-deployer#flowable-async-job-executor-thread-2659#
[PollStageAppStatusExecution] 2d23200b-60aa-4519-b7f8-9f40de7a8ecc [2026-08-26T02:16:16.972254] "user": "8697B1A4A8B84AC49EFF171810969752_94GU5GV2BBQ6JWQX102ZOJ91W_RT", (STDOUT, APP/TASK/deploy)#
#2026 08 26 15:36:14.965#Z#DEBUG#c28227b5-a163-11f1-b062-eeee0a986ec4.ResilienceCockpit-db-deployer#flowable-async-job-executor-thread-2659#
[PollStageAppStatusExecution] 2d23200b-60aa-4519-b7f8-9f40de7a8ecc [2026-08-26T02:16:16.972257] "hdi_user": "8697B1A4A8B84AC49EFF171810969752_94GU5GV2BBQ6JWQX102ZOJ91W_DT" (STDOUT, APP/TASK/deploy)#
#2026 08 26 15:36:14.965#Z#DEBUG#c28227b5-a163-11f1-b062-eeee0a986ec4.ResilienceCockpit-db-deployer#flowable-async-job-executor-thread-2659#
[PollStageAppStatusExecution] 2d23200b-60aa-4519-b7f8-9f40de7a8ecc [2026-08-26T02:16:16.972259] }, (STDOUT, APP/TASK/deploy)#
#2026 08 26 15:36:14.965#Z#DEBUG#c28227b5-a163-11f1-b062-eeee0a986ec4.ResilienceCockpit-db-deployer#flowable-async-job-executor-thread-2659#
[PollStageAppStatusExecution] 2d23200b-60aa-4519-b7f8-9f40de7a8ecc [2026-08-26T02:16:16.972261] "tags": [ (STDOUT, APP/TASK/deploy)#
#2026 08 26 15:36:14.965#Z#DEBUG#c28227b5-a163-11f1-b062-eeee0a986ec4.ResilienceCockpit-db-deployer#flowable-async-job-executor-thread-2659#
[PollStageAppStatusExecution] 2d23200b-60aa-4519-b7f8-9f40de7a8ecc [2026-08-26T02:16:16.972263] "hana", (STDOUT, APP/TASK/deploy)#
#2026 08 26 15:36:14.965#Z#DEBUG#c28227b5-a163-11f1-b062-eeee0a986ec4.ResilienceCockpit-db-deployer#flowable-async-job-executor-thread-2659#
[PollStageAppStatusExecution] 2d23200b-60aa-4519-b7f8-9f40de7a8ecc [2026-08-26T02:16:16.972264] "database", (STDOUT, APP/TASK/deploy)#
#2026 08 26 15:36:14.965#Z#DEBUG#c28227b5-a163-11f1-b062-eeee0a986ec4.ResilienceCockpit-db-deployer#flowable-async-job-executor-thread-2659#
[PollStageAppStatusExecution] 2d23200b-60aa-4519-b7f8-9f40de7a8ecc [2026-08-26T02:16:16.972266] "relational" (STDOUT, APP/TASK/deploy)#
#2026 08 26 15:36:14.965#Z#DEBUG#c28227b5-a163-11f1-b062-eeee0a986ec4.ResilienceCockpit-db-deployer#flowable-async-job-executor-thread-2659#
[PollStageAppStatusExecution] 2d23200b-60aa-4519-b7f8-9f40de7a8ecc [2026-08-26T02:16:16.972270] ] (STDOUT, APP/TASK/deploy)#
#2026 08 26 15:36:14.965#Z#DEBUG#c28227b5-a163-11f1-b062-eeee0a986ec4.ResilienceCockpit-db-deployer#flowable-async-job-executor-thread-2659#
[PollStageAppStatusExecution] 2d23200b-60aa-4519-b7f8-9f40de7a8ecc [2026-08-26T02:16:16.972272] } (STDOUT, APP/TASK/deploy)#
#2026 08 26 15:36:14.965#Z#DEBUG#c28227b5-a163-11f1-b062-eeee0a986ec4.ResilienceCockpit-db-deployer#flowable-async-job-executor-thread-2659#
[PollStageAppStatusExecution] 2d23200b-60aa-4519-b7f8-9f40de7a8ecc [2026-08-26T02:16:16.972273] ] (STDOUT, APP/TASK/deploy)#
#2026 08 26 15:36:14.965#Z#DEBUG#c28227b5-a163-11f1-b062-eeee0a986ec4.ResilienceCockpit-db-deployer#flowable-async-job-executor-thread-2659#
[PollStageAppStatusExecution] 2d23200b-60aa-4519-b7f8-9f40de7a8ecc [2026-08-26T02:16:16.972275] } (STDOUT, APP/TASK/deploy)#
#2026 08 26 15:36:14.965#Z#DEBUG#c28227b5-a163-11f1-b062-eeee0a986ec4.ResilienceCockpit-db-deployer#flowable-async-job-executor-thread-2659#
[PollStageAppStatusExecution] 2d23200b-60aa-4519-b7f8-9f40de7a8ecc [2026-08-26T02:16:17.333730] @sap/hdi-deploy, version 5.7.0 (mode default), server version 4.00.000.00.1785832557 (4.0.0.0), cloud version 2026.14.14, node version 24.18.0, HDI version 1016, container API version 1007 (STDOUT, APP/TASK/deploy)#
#2026 08 26 15:36:14.965#Z#DEBUG#c28227b5-a163-11f1-b062-eeee0a986ec4.ResilienceCockpit-db-deployer#flowable-async-job-executor-thread-2659#
[PollStageAppStatusExecution] 2d23200b-60aa-4519-b7f8-9f40de7a8ecc [2026-08-26T02:16:17.333758] Deployment started at 2026-08-26 02:16:17 (STDOUT, APP/TASK/deploy)#
#2026 08 26 15:36:14.965#Z#DEBUG#c28227b5-a163-11f1-b062-eeee0a986ec4.ResilienceCockpit-db-deployer#flowable-async-job-executor-thread-2659#
[PollStageAppStatusExecution] 2d23200b-60aa-4519-b7f8-9f40de7a8ecc [2026-08-26T02:16:17.333880] Using hdb@2.29.6 for connection (STDOUT, APP/TASK/deploy)#
#2026 08 26 15:36:14.965#Z#DEBUG#c28227b5-a163-11f1-b062-eeee0a986ec4.ResilienceCockpit-db-deployer#flowable-async-job-executor-thread-2659#
[PollStageAppStatusExecution] 2d23200b-60aa-4519-b7f8-9f40de7a8ecc [2026-08-26T02:16:17.347569] No ignore file at /home/vcap/app/.hdiignore. (STDOUT, APP/TASK/deploy)#
#2026 08 26 15:36:14.965#Z#DEBUG#c28227b5-a163-11f1-b062-eeee0a986ec4.ResilienceCockpit-db-deployer#flowable-async-job-executor-thread-2659#
[PollStageAppStatusExecution] 2d23200b-60aa-4519-b7f8-9f40de7a8ecc [2026-08-26T02:16:17.347771] Collecting files... (STDOUT, APP/TASK/deploy)#
#2026 08 26 15:36:14.965#Z#DEBUG#c28227b5-a163-11f1-b062-eeee0a986ec4.ResilienceCockpit-db-deployer#flowable-async-job-executor-thread-2659#
[PollStageAppStatusExecution] 2d23200b-60aa-4519-b7f8-9f40de7a8ecc [2026-08-26T02:16:17.352498] Collecting files... ok (0s 5ms) (STDOUT, APP/TASK/deploy)#
#2026 08 26 15:36:14.965#Z#DEBUG#c28227b5-a163-11f1-b062-eeee0a986ec4.ResilienceCockpit-db-deployer#flowable-async-job-executor-thread-2659#
[PollStageAppStatusExecution] 2d23200b-60aa-4519-b7f8-9f40de7a8ecc [2026-08-26T02:16:17.352509] 3 directories collected (STDOUT, APP/TASK/deploy)#
#2026 08 26 15:36:14.965#Z#DEBUG#c28227b5-a163-11f1-b062-eeee0a986ec4.ResilienceCockpit-db-deployer#flowable-async-job-executor-thread-2659#
[PollStageAppStatusExecution] 2d23200b-60aa-4519-b7f8-9f40de7a8ecc [2026-08-26T02:16:17.352512] 100 files collected (STDOUT, APP/TASK/deploy)#
#2026 08 26 15:36:14.965#Z#DEBUG#c28227b5-a163-11f1-b062-eeee0a986ec4.ResilienceCockpit-db-deployer#flowable-async-job-executor-thread-2659#
[PollStageAppStatusExecution] 2d23200b-60aa-4519-b7f8-9f40de7a8ecc [2026-08-26T02:16:17.352524] 0 reusable modules collected (STDOUT, APP/TASK/deploy)#
#2026 08 26 15:36:14.965#Z#DEBUG#c28227b5-a163-11f1-b062-eeee0a986ec4.ResilienceCockpit-db-deployer#flowable-async-job-executor-thread-2659#
[PollStageAppStatusExecution] 2d23200b-60aa-4519-b7f8-9f40de7a8ecc [2026-08-26T02:16:17.352526] Target service: ResilienceCockpit-db (STDOUT, APP/TASK/deploy)#
#2026 08 26 15:36:14.965#Z#DEBUG#c28227b5-a163-11f1-b062-eeee0a986ec4.ResilienceCockpit-db-deployer#flowable-async-job-executor-thread-2659#
[PollStageAppStatusExecution] 2d23200b-60aa-4519-b7f8-9f40de7a8ecc [2026-08-26T02:16:17.516803] Previous build with request ID 95 finished at 2026-08-25T17:36:45.809 with status Rolled back and message: Starting make in the container "8697B1A4A8B84AC49EFF171810969752" with 0 files to deploy, 0 files to undeploy... ok. (STDOUT, APP/TASK/deploy)#
#2026 08 26 15:36:14.965#Z#DEBUG#c28227b5-a163-11f1-b062-eeee0a986ec4.ResilienceCockpit-db-deployer#flowable-async-job-executor-thread-2659#
[PollStageAppStatusExecution] 2d23200b-60aa-4519-b7f8-9f40de7a8ecc [2026-08-26T02:16:17.516955] Processing revoke files... (STDOUT, APP/TASK/deploy)#
#2026 08 26 15:36:14.965#Z#DEBUG#c28227b5-a163-11f1-b062-eeee0a986ec4.ResilienceCockpit-db-deployer#flowable-async-job-executor-thread-2659#
[PollStageAppStatusExecution] 2d23200b-60aa-4519-b7f8-9f40de7a8ecc [2026-08-26T02:16:17.516978] Processing revoke files... ok (0s 0ms) (STDOUT, APP/TASK/deploy)#
#2026 08 26 15:36:14.965#Z#DEBUG#c28227b5-a163-11f1-b062-eeee0a986ec4.ResilienceCockpit-db-deployer#flowable-async-job-executor-thread-2659#
[PollStageAppStatusExecution] 2d23200b-60aa-4519-b7f8-9f40de7a8ecc [2026-08-26T02:16:17.517039] Processing grants files... (STDOUT, APP/TASK/deploy)#
#2026 08 26 15:36:14.965#Z#DEBUG#c28227b5-a163-11f1-b062-eeee0a986ec4.ResilienceCockpit-db-deployer#flowable-async-job-executor-thread-2659#
[PollStageAppStatusExecution] 2d23200b-60aa-4519-b7f8-9f40de7a8ecc [2026-08-26T02:16:17.517108] Processing grants files... ok (0s 0ms) (STDOUT, APP/TASK/deploy)#
#2026 08 26 15:36:14.965#Z#DEBUG#c28227b5-a163-11f1-b062-eeee0a986ec4.ResilienceCockpit-db-deployer#flowable-async-job-executor-thread-2659#
[PollStageAppStatusExecution] 2d23200b-60aa-4519-b7f8-9f40de7a8ecc [2026-08-26T02:16:17.518671] Preprocessing files... (STDOUT, APP/TASK/deploy)#
#2026 08 26 15:36:14.965#Z#DEBUG#c28227b5-a163-11f1-b062-eeee0a986ec4.ResilienceCockpit-db-deployer#flowable-async-job-executor-thread-2659#
[PollStageAppStatusExecution] 2d23200b-60aa-4519-b7f8-9f40de7a8ecc [2026-08-26T02:16:17.518849] Preprocessing files... ok (0s 0ms) (STDOUT, APP/TASK/deploy)#
#2026 08 26 15:36:14.965#Z#DEBUG#c28227b5-a163-11f1-b062-eeee0a986ec4.ResilienceCockpit-db-deployer#flowable-async-job-executor-thread-2659#
[PollStageAppStatusExecution] 2d23200b-60aa-4519-b7f8-9f40de7a8ecc [2026-08-26T02:16:17.518908] Connecting to the container "8697B1A4A8B84AC49EFF171810969752"... (STDOUT, APP/TASK/deploy)#
#2026 08 26 15:36:14.965#Z#DEBUG#c28227b5-a163-11f1-b062-eeee0a986ec4.ResilienceCockpit-db-deployer#flowable-async-job-executor-thread-2659#
[PollStageAppStatusExecution] 2d23200b-60aa-4519-b7f8-9f40de7a8ecc [2026-08-26T02:16:17.580943] Connecting to the container "8697B1A4A8B84AC49EFF171810969752"... ok (0s 62ms) (STDOUT, APP/TASK/deploy)#
#2026 08 26 15:36:14.965#Z#DEBUG#c28227b5-a163-11f1-b062-eeee0a986ec4.ResilienceCockpit-db-deployer#flowable-async-job-executor-thread-2659#
[PollStageAppStatusExecution] 2d23200b-60aa-4519-b7f8-9f40de7a8ecc [2026-08-26T02:16:17.580958] Locking the container "8697B1A4A8B84AC49EFF171810969752"... (STDOUT, APP/TASK/deploy)#
#2026 08 26 15:36:14.965#Z#DEBUG#c28227b5-a163-11f1-b062-eeee0a986ec4.ResilienceCockpit-db-deployer#flowable-async-job-executor-thread-2659#
[PollStageAppStatusExecution] 2d23200b-60aa-4519-b7f8-9f40de7a8ecc [2026-08-26T02:16:17.787846] Locking the container "8697B1A4A8B84AC49EFF171810969752"... ok (0s 207ms) (STDOUT, APP/TASK/deploy)#
#2026 08 26 15:36:14.965#Z#DEBUG#c28227b5-a163-11f1-b062-eeee0a986ec4.ResilienceCockpit-db-deployer#flowable-async-job-executor-thread-2659#
[PollStageAppStatusExecution] 2d23200b-60aa-4519-b7f8-9f40de7a8ecc [2026-08-26T02:16:17.787870] Synchronizing files with the container "8697B1A4A8B84AC49EFF171810969752"... (STDOUT, APP/TASK/deploy)#
#2026 08 26 15:36:14.965#Z#DEBUG#c28227b5-a163-11f1-b062-eeee0a986ec4.ResilienceCockpit-db-deployer#flowable-async-job-executor-thread-2659#
[PollStageAppStatusExecution] 2d23200b-60aa-4519-b7f8-9f40de7a8ecc [2026-08-26T02:16:18.164017] Deleting files... (STDOUT, APP/TASK/deploy)#
#2026 08 26 15:36:14.965#Z#DEBUG#c28227b5-a163-11f1-b062-eeee0a986ec4.ResilienceCockpit-db-deployer#flowable-async-job-executor-thread-2659#
[PollStageAppStatusExecution] 2d23200b-60aa-4519-b7f8-9f40de7a8ecc [2026-08-26T02:16:18.299888] Deleting files... ok (STDOUT, APP/TASK/deploy)#
#2026 08 26 15:36:14.965#Z#DEBUG#c28227b5-a163-11f1-b062-eeee0a986ec4.ResilienceCockpit-db-deployer#flowable-async-job-executor-thread-2659#
[PollStageAppStatusExecution] 2d23200b-60aa-4519-b7f8-9f40de7a8ecc [2026-08-26T02:16:18.299902] Writing files... (STDOUT, APP/TASK/deploy)#
#2026 08 26 15:36:14.965#Z#DEBUG#c28227b5-a163-11f1-b062-eeee0a986ec4.ResilienceCockpit-db-deployer#flowable-async-job-executor-thread-2659#
[PollStageAppStatusExecution] 2d23200b-60aa-4519-b7f8-9f40de7a8ecc [2026-08-26T02:16:18.299994] Writing 3 items (STDOUT, APP/TASK/deploy)#
#2026 08 26 15:36:14.965#Z#DEBUG#c28227b5-a163-11f1-b062-eeee0a986ec4.ResilienceCockpit-db-deployer#flowable-async-job-executor-thread-2659#
[PollStageAppStatusExecution] 2d23200b-60aa-4519-b7f8-9f40de7a8ecc [2026-08-26T02:16:18.471649] Writing files... ok (STDOUT, APP/TASK/deploy)#
#2026 08 26 15:36:14.965#Z#DEBUG#c28227b5-a163-11f1-b062-eeee0a986ec4.ResilienceCockpit-db-deployer#flowable-async-job-executor-thread-2659#
[PollStageAppStatusExecution] 2d23200b-60aa-4519-b7f8-9f40de7a8ecc [2026-08-26T02:16:18.471679] Synchronizing files with the container "8697B1A4A8B84AC49EFF171810969752"... ok (0s 684ms) (STDOUT, APP/TASK/deploy)#
#2026 08 26 15:36:14.965#Z#DEBUG#c28227b5-a163-11f1-b062-eeee0a986ec4.ResilienceCockpit-db-deployer#flowable-async-job-executor-thread-2659#
[PollStageAppStatusExecution] 2d23200b-60aa-4519-b7f8-9f40de7a8ecc [2026-08-26T02:16:18.471991] added files: [] (STDOUT, APP/TASK/deploy)#
#2026 08 26 15:36:14.965#Z#DEBUG#c28227b5-a163-11f1-b062-eeee0a986ec4.ResilienceCockpit-db-deployer#flowable-async-job-executor-thread-2659#
[PollStageAppStatusExecution] 2d23200b-60aa-4519-b7f8-9f40de7a8ecc [2026-08-26T02:16:18.472005] modified files: [] (STDOUT, APP/TASK/deploy)#
#2026 08 26 15:36:14.965#Z#DEBUG#c28227b5-a163-11f1-b062-eeee0a986ec4.ResilienceCockpit-db-deployer#flowable-async-job-executor-thread-2659#
[PollStageAppStatusExecution] 2d23200b-60aa-4519-b7f8-9f40de7a8ecc [2026-08-26T02:16:18.472007] deleted files: [] (STDOUT, APP/TASK/deploy)#
#2026 08 26 15:36:14.965#Z#DEBUG#c28227b5-a163-11f1-b062-eeee0a986ec4.ResilienceCockpit-db-deployer#flowable-async-job-executor-thread-2659#
[PollStageAppStatusExecution] 2d23200b-60aa-4519-b7f8-9f40de7a8ecc [2026-08-26T02:16:18.472087] 0 modified or added files are scheduled for deploy based on delta detection (STDOUT, APP/TASK/deploy)#
#2026 08 26 15:36:14.965#Z#DEBUG#c28227b5-a163-11f1-b062-eeee0a986ec4.ResilienceCockpit-db-deployer#flowable-async-job-executor-thread-2659#
[PollStageAppStatusExecution] 2d23200b-60aa-4519-b7f8-9f40de7a8ecc [2026-08-26T02:16:18.472287] 0 deleted files are scheduled for undeploy based on delta detection (filtered by undeploy allowlist) (STDOUT, APP/TASK/deploy)#
#2026 08 26 15:36:14.965#Z#DEBUG#c28227b5-a163-11f1-b062-eeee0a986ec4.ResilienceCockpit-db-deployer#flowable-async-job-executor-thread-2659#
[PollStageAppStatusExecution] 2d23200b-60aa-4519-b7f8-9f40de7a8ecc [2026-08-26T02:16:18.472344] 0 files are scheduled for deploy based on explicit specification (STDOUT, APP/TASK/deploy)#
#2026 08 26 15:36:14.965#Z#DEBUG#c28227b5-a163-11f1-b062-eeee0a986ec4.ResilienceCockpit-db-deployer#flowable-async-job-executor-thread-2659#
[PollStageAppStatusExecution] 2d23200b-60aa-4519-b7f8-9f40de7a8ecc [2026-08-26T02:16:18.472350] 0 files are scheduled for undeploy based on explicit specification (STDOUT, APP/TASK/deploy)#
#2026 08 26 15:36:14.965#Z#DEBUG#c28227b5-a163-11f1-b062-eeee0a986ec4.ResilienceCockpit-db-deployer#flowable-async-job-executor-thread-2659#
[PollStageAppStatusExecution] 2d23200b-60aa-4519-b7f8-9f40de7a8ecc [2026-08-26T02:16:18.472394] Deploying to the container "8697B1A4A8B84AC49EFF171810969752"... (STDOUT, APP/TASK/deploy)#
#2026 08 26 15:36:14.965#Z#DEBUG#c28227b5-a163-11f1-b062-eeee0a986ec4.ResilienceCockpit-db-deployer#flowable-async-job-executor-thread-2659#
[PollStageAppStatusExecution] 2d23200b-60aa-4519-b7f8-9f40de7a8ecc [2026-08-26T02:16:19.058607] Polling messages for request id: 100 (STDOUT, APP/TASK/deploy)#
#2026 08 26 15:36:14.965#Z#DEBUG#c28227b5-a163-11f1-b062-eeee0a986ec4.ResilienceCockpit-db-deployer#flowable-async-job-executor-thread-2659#
[PollStageAppStatusExecution] 2d23200b-60aa-4519-b7f8-9f40de7a8ecc [2026-08-26T02:16:19.087604] Starting make in the container "8697B1A4A8B84AC49EFF171810969752" with 0 files to deploy, 0 files to undeploy... (STDOUT, APP/TASK/deploy)#
#2026 08 26 15:36:14.965#Z#DEBUG#c28227b5-a163-11f1-b062-eeee0a986ec4.ResilienceCockpit-db-deployer#flowable-async-job-executor-thread-2659#
[PollStageAppStatusExecution] 2d23200b-60aa-4519-b7f8-9f40de7a8ecc [2026-08-26T02:16:19.087624] Disabling table replication for the container schema "8697B1A4A8B84AC49EFF171810969752"... (STDOUT, APP/TASK/deploy)#
#2026 08 26 15:36:14.965#Z#DEBUG#c28227b5-a163-11f1-b062-eeee0a986ec4.ResilienceCockpit-db-deployer#flowable-async-job-executor-thread-2659#
[PollStageAppStatusExecution] 2d23200b-60aa-4519-b7f8-9f40de7a8ecc [2026-08-26T02:16:19.087627] Disabling table replication for the container schema "8697B1A4A8B84AC49EFF171810969752"... ok (0s 19ms) (STDOUT, APP/TASK/deploy)#
#2026 08 26 15:36:14.965#Z#DEBUG#c28227b5-a163-11f1-b062-eeee0a986ec4.ResilienceCockpit-db-deployer#flowable-async-job-executor-thread-2659#
[PollStageAppStatusExecution] 2d23200b-60aa-4519-b7f8-9f40de7a8ecc [2026-08-26T02:16:19.087633] Migrating libraries... (STDOUT, APP/TASK/deploy)#
#2026 08 26 15:36:14.965#Z#DEBUG#c28227b5-a163-11f1-b062-eeee0a986ec4.ResilienceCockpit-db-deployer#flowable-async-job-executor-thread-2659#
[PollStageAppStatusExecution] 2d23200b-60aa-4519-b7f8-9f40de7a8ecc [2026-08-26T02:16:19.087650] Migrating libraries... ok (0s 48ms) (STDOUT, APP/TASK/deploy)#
#2026 08 26 15:36:14.965#Z#DEBUG#c28227b5-a163-11f1-b062-eeee0a986ec4.ResilienceCockpit-db-deployer#flowable-async-job-executor-thread-2659#
[PollStageAppStatusExecution] 2d23200b-60aa-4519-b7f8-9f40de7a8ecc [2026-08-26T02:16:19.087653] Making... (STDOUT, APP/TASK/deploy)#
#2026 08 26 15:36:14.965#Z#DEBUG#c28227b5-a163-11f1-b062-eeee0a986ec4.ResilienceCockpit-db-deployer#flowable-async-job-executor-thread-2659#
[PollStageAppStatusExecution] 2d23200b-60aa-4519-b7f8-9f40de7a8ecc [2026-08-26T02:16:19.087655] Preparing... (STDOUT, APP/TASK/deploy)#
#2026 08 26 15:36:14.965#Z#DEBUG#c28227b5-a163-11f1-b062-eeee0a986ec4.ResilienceCockpit-db-deployer#flowable-async-job-executor-thread-2659#
[PollStageAppStatusExecution] 2d23200b-60aa-4519-b7f8-9f40de7a8ecc [2026-08-26T02:16:19.087657] Preparing... ok (0s 0ms) (STDOUT, APP/TASK/deploy)#
#2026 08 26 15:36:14.965#Z#DEBUG#c28227b5-a163-11f1-b062-eeee0a986ec4.ResilienceCockpit-db-deployer#flowable-async-job-executor-thread-2659#
[PollStageAppStatusExecution] 2d23200b-60aa-4519-b7f8-9f40de7a8ecc [2026-08-26T02:16:19.087659] Preparing the make transaction... (STDOUT, APP/TASK/deploy)#
#2026 08 26 15:36:14.965#Z#DEBUG#c28227b5-a163-11f1-b062-eeee0a986ec4.ResilienceCockpit-db-deployer#flowable-async-job-executor-thread-2659#
[PollStageAppStatusExecution] 2d23200b-60aa-4519-b7f8-9f40de7a8ecc [2026-08-26T02:16:19.280014] Preparing the make transaction... ok (0s 428ms) (STDOUT, APP/TASK/deploy)#
#2026 08 26 15:36:14.965#Z#DEBUG#c28227b5-a163-11f1-b062-eeee0a986ec4.ResilienceCockpit-db-deployer#flowable-async-job-executor-thread-2659#
[PollStageAppStatusExecution] 2d23200b-60aa-4519-b7f8-9f40de7a8ecc [2026-08-26T02:16:19.280031] Calculating dependencies... (STDOUT, APP/TASK/deploy)#
#2026 08 26 15:36:14.965#Z#DEBUG#c28227b5-a163-11f1-b062-eeee0a986ec4.ResilienceCockpit-db-deployer#flowable-async-job-executor-thread-2659#
[PollStageAppStatusExecution] 2d23200b-60aa-4519-b7f8-9f40de7a8ecc [2026-08-26T02:16:19.280034] Expanding... (STDOUT, APP/TASK/deploy)#
#2026 08 26 15:36:14.965#Z#DEBUG#c28227b5-a163-11f1-b062-eeee0a986ec4.ResilienceCockpit-db-deployer#flowable-async-job-executor-thread-2659#
[PollStageAppStatusExecution] 2d23200b-60aa-4519-b7f8-9f40de7a8ecc [2026-08-26T02:16:19.280039] Expanding... ok (0s 18ms) (STDOUT, APP/TASK/deploy)#
#2026 08 26 15:36:14.965#Z#DEBUG#c28227b5-a163-11f1-b062-eeee0a986ec4.ResilienceCockpit-db-deployer#flowable-async-job-executor-thread-2659#
[PollStageAppStatusExecution] 2d23200b-60aa-4519-b7f8-9f40de7a8ecc [2026-08-26T02:16:19.280041] Precompiling... (STDOUT, APP/TASK/deploy)#
#2026 08 26 15:36:14.965#Z#DEBUG#c28227b5-a163-11f1-b062-eeee0a986ec4.ResilienceCockpit-db-deployer#flowable-async-job-executor-thread-2659#
[PollStageAppStatusExecution] 2d23200b-60aa-4519-b7f8-9f40de7a8ecc [2026-08-26T02:16:19.280043] Precompiling... ok (0s 0ms) (STDOUT, APP/TASK/deploy)#
#2026 08 26 15:36:14.965#Z#DEBUG#c28227b5-a163-11f1-b062-eeee0a986ec4.ResilienceCockpit-db-deployer#flowable-async-job-executor-thread-2659#
[PollStageAppStatusExecution] 2d23200b-60aa-4519-b7f8-9f40de7a8ecc [2026-08-26T02:16:19.280046] Merging... (STDOUT, APP/TASK/deploy)#
#2026 08 26 15:36:14.965#Z#DEBUG#c28227b5-a163-11f1-b062-eeee0a986ec4.ResilienceCockpit-db-deployer#flowable-async-job-executor-thread-2659#
[PollStageAppStatusExecution] 2d23200b-60aa-4519-b7f8-9f40de7a8ecc [2026-08-26T02:16:19.280051] Merging... ok (0s 0ms) (STDOUT, APP/TASK/deploy)#
#2026 08 26 15:36:14.965#Z#DEBUG#c28227b5-a163-11f1-b062-eeee0a986ec4.ResilienceCockpit-db-deployer#flowable-async-job-executor-thread-2659#
[PollStageAppStatusExecution] 2d23200b-60aa-4519-b7f8-9f40de7a8ecc [2026-08-26T02:16:19.280074] Calculating dependencies... ok (0s 18ms) (STDOUT, APP/TASK/deploy)#
#2026 08 26 15:36:14.965#Z#DEBUG#c28227b5-a163-11f1-b062-eeee0a986ec4.ResilienceCockpit-db-deployer#flowable-async-job-executor-thread-2659#
[PollStageAppStatusExecution] 2d23200b-60aa-4519-b7f8-9f40de7a8ecc [2026-08-26T02:16:19.280076] No make necessary (STDOUT, APP/TASK/deploy)#
#2026 08 26 15:36:14.965#Z#DEBUG#c28227b5-a163-11f1-b062-eeee0a986ec4.ResilienceCockpit-db-deployer#flowable-async-job-executor-thread-2659#
[PollStageAppStatusExecution] 2d23200b-60aa-4519-b7f8-9f40de7a8ecc [2026-08-26T02:16:19.280080] Making... ok (0s 524ms) (STDOUT, APP/TASK/deploy)#
#2026 08 26 15:36:14.965#Z#DEBUG#c28227b5-a163-11f1-b062-eeee0a986ec4.ResilienceCockpit-db-deployer#flowable-async-job-executor-thread-2659#
[PollStageAppStatusExecution] 2d23200b-60aa-4519-b7f8-9f40de7a8ecc [2026-08-26T02:16:19.280084] Enabling table replication for the container schema "8697B1A4A8B84AC49EFF171810969752"... (STDOUT, APP/TASK/deploy)#
#2026 08 26 15:36:14.965#Z#DEBUG#c28227b5-a163-11f1-b062-eeee0a986ec4.ResilienceCockpit-db-deployer#flowable-async-job-executor-thread-2659#
[PollStageAppStatusExecution] 2d23200b-60aa-4519-b7f8-9f40de7a8ecc [2026-08-26T02:16:19.280087] Enabling table replication for the container schema "8697B1A4A8B84AC49EFF171810969752"... ok (0s 9ms) (STDOUT, APP/TASK/deploy)#
#2026 08 26 15:36:14.965#Z#DEBUG#c28227b5-a163-11f1-b062-eeee0a986ec4.ResilienceCockpit-db-deployer#flowable-async-job-executor-thread-2659#
[PollStageAppStatusExecution] 2d23200b-60aa-4519-b7f8-9f40de7a8ecc [2026-08-26T02:16:19.280093] Starting make in the container "8697B1A4A8B84AC49EFF171810969752" with 0 files to deploy, 0 files to undeploy... ok (0s 607ms) (STDOUT, APP/TASK/deploy)#
#2026 08 26 15:36:14.965#Z#DEBUG#c28227b5-a163-11f1-b062-eeee0a986ec4.ResilienceCockpit-db-deployer#flowable-async-job-executor-thread-2659#
[PollStageAppStatusExecution] 2d23200b-60aa-4519-b7f8-9f40de7a8ecc [2026-08-26T02:16:19.280149] Deploying to the container "8697B1A4A8B84AC49EFF171810969752"... ok (0s 808ms) (STDOUT, APP/TASK/deploy)#
#2026 08 26 15:36:14.965#Z#DEBUG#c28227b5-a163-11f1-b062-eeee0a986ec4.ResilienceCockpit-db-deployer#flowable-async-job-executor-thread-2659#
[PollStageAppStatusExecution] 2d23200b-60aa-4519-b7f8-9f40de7a8ecc [2026-08-26T02:16:19.280370] No default-access-role handling needed; global role "8697B1A4A8B84AC49EFF171810969752::access_role" will not be adapted (STDOUT, APP/TASK/deploy)#
#2026 08 26 15:36:14.965#Z#DEBUG#c28227b5-a163-11f1-b062-eeee0a986ec4.ResilienceCockpit-db-deployer#flowable-async-job-executor-thread-2659#
[PollStageAppStatusExecution] 2d23200b-60aa-4519-b7f8-9f40de7a8ecc [2026-08-26T02:16:19.280454] Unlocking the container "8697B1A4A8B84AC49EFF171810969752"... (STDOUT, APP/TASK/deploy)#
#2026 08 26 15:36:14.965#Z#DEBUG#c28227b5-a163-11f1-b062-eeee0a986ec4.ResilienceCockpit-db-deployer#flowable-async-job-executor-thread-2659#
[PollStageAppStatusExecution] 2d23200b-60aa-4519-b7f8-9f40de7a8ecc [2026-08-26T02:16:19.280636] Unlocking the container "8697B1A4A8B84AC49EFF171810969752"... ok (0s 0ms) (STDOUT, APP/TASK/deploy)#
#2026 08 26 15:36:14.965#Z#DEBUG#c28227b5-a163-11f1-b062-eeee0a986ec4.ResilienceCockpit-db-deployer#flowable-async-job-executor-thread-2659#
[PollStageAppStatusExecution] 2d23200b-60aa-4519-b7f8-9f40de7a8ecc [2026-08-26T02:16:19.280717] Deployment to container 8697B1A4A8B84AC49EFF171810969752 done [Deployment ID: none]. (STDOUT, APP/TASK/deploy)#
#2026 08 26 15:36:14.965#Z#DEBUG#c28227b5-a163-11f1-b062-eeee0a986ec4.ResilienceCockpit-db-deployer#flowable-async-job-executor-thread-2659#
[PollStageAppStatusExecution] 2d23200b-60aa-4519-b7f8-9f40de7a8ecc [2026-08-26T02:16:19.280978] Deployment ended at 2026-08-26 02:16:19 (STDOUT, APP/TASK/deploy)#
#2026 08 26 15:36:14.965#Z#DEBUG#c28227b5-a163-11f1-b062-eeee0a986ec4.ResilienceCockpit-db-deployer#flowable-async-job-executor-thread-2659#
[PollStageAppStatusExecution] 2d23200b-60aa-4519-b7f8-9f40de7a8ecc [2026-08-26T02:16:19.281158] (2s 381ms) (STDOUT, APP/TASK/deploy)#
#2026 08 26 15:36:14.965#Z#DEBUG#c28227b5-a163-11f1-b062-eeee0a986ec4.ResilienceCockpit-db-deployer#flowable-async-job-executor-thread-2659#
[PollStageAppStatusExecution] 2d23200b-60aa-4519-b7f8-9f40de7a8ecc [2026-08-26T02:16:19.290580] npm notice (STDERR, APP/TASK/deploy)#
#2026 08 26 15:36:14.965#Z#DEBUG#c28227b5-a163-11f1-b062-eeee0a986ec4.ResilienceCockpit-db-deployer#flowable-async-job-executor-thread-2659#
[PollStageAppStatusExecution] 2d23200b-60aa-4519-b7f8-9f40de7a8ecc [2026-08-26T02:16:19.290593] npm notice New major version of npm available! 11.16.0 -> 12.0.2 (STDERR, APP/TASK/deploy)#
#2026 08 26 15:36:14.965#Z#DEBUG#c28227b5-a163-11f1-b062-eeee0a986ec4.ResilienceCockpit-db-deployer#flowable-async-job-executor-thread-2659#
[PollStageAppStatusExecution] 2d23200b-60aa-4519-b7f8-9f40de7a8ecc [2026-08-26T02:16:19.290596] npm notice Changelog: https://github.com/npm/cli/releases/tag/v12.0.2 (STDERR, APP/TASK/deploy)#
#2026 08 26 15:36:14.965#Z#DEBUG#c28227b5-a163-11f1-b062-eeee0a986ec4.ResilienceCockpit-db-deployer#flowable-async-job-executor-thread-2659#
[PollStageAppStatusExecution] 2d23200b-60aa-4519-b7f8-9f40de7a8ecc [2026-08-26T02:16:19.290598] npm notice To update run: npm install -g npm@12.0.2 (STDERR, APP/TASK/deploy)#
#2026 08 26 15:36:14.965#Z#DEBUG#c28227b5-a163-11f1-b062-eeee0a986ec4.ResilienceCockpit-db-deployer#flowable-async-job-executor-thread-2659#
[PollStageAppStatusExecution] 2d23200b-60aa-4519-b7f8-9f40de7a8ecc [2026-08-26T02:16:19.290603] npm notice (STDERR, APP/TASK/deploy)#
#2026 08 26 15:36:14.965#Z#DEBUG#c28227b5-a163-11f1-b062-eeee0a986ec4.ResilienceCockpit-db-deployer#flowable-async-job-executor-thread-2659#
[PollStageAppStatusExecution] 2d23200b-60aa-4519-b7f8-9f40de7a8ecc [2026-08-26T02:16:19.338082] Exit status 0 (STDOUT, APP/TASK/deploy)#
#2026 08 26 15:36:14.965#Z#DEBUG#c28227b5-a163-11f1-b062-eeee0a986ec4.ResilienceCockpit-db-deployer#flowable-async-job-executor-thread-2659#
[PollStageAppStatusExecution] 2d23200b-60aa-4519-b7f8-9f40de7a8ecc [2026-08-26T02:16:19.659504] Cell c343a1ce-501c-453d-aabd-5a2aaaa23496 stopping instance da26f2f4-41fc-46aa-9190-b3b0cfee3642 (STDOUT, CELL)#
#2026 08 26 15:36:14.965#Z#DEBUG#c28227b5-a163-11f1-b062-eeee0a986ec4.ResilienceCockpit-db-deployer#flowable-async-job-executor-thread-2659#
[PollStageAppStatusExecution] 2d23200b-60aa-4519-b7f8-9f40de7a8ecc [2026-08-26T02:16:19.659534] Cell c343a1ce-501c-453d-aabd-5a2aaaa23496 destroying container for instance da26f2f4-41fc-46aa-9190-b3b0cfee3642 (STDOUT, CELL)#
#2026 08 26 15:36:14.965#Z#DEBUG#c28227b5-a163-11f1-b062-eeee0a986ec4.ResilienceCockpit-db-deployer#flowable-async-job-executor-thread-2659#
[PollStageAppStatusExecution] 2d23200b-60aa-4519-b7f8-9f40de7a8ecc [2026-08-26T02:16:20.807613] Cell c343a1ce-501c-453d-aabd-5a2aaaa23496 successfully destroyed container for instance da26f2f4-41fc-46aa-9190-b3b0cfee3642 (STDOUT, CELL)#
#2026 08 26 15:36:14.965#Z#DEBUG#c28227b5-a163-11f1-b062-eeee0a986ec4.ResilienceCockpit-db-deployer#flowable-async-job-executor-thread-2659#
[PollStageAppStatusExecution] 2d23200b-60aa-4519-b7f8-9f40de7a8ecc [2026-08-26T15:35:46.942065] Updated app with guid 2d23200b-60aa-4519-b7f8-9f40de7a8ecc ({"lifecycle"=>{"data"=>{"buildpacks"=>["nodejs_buildpack"]}, "type"=>"buildpack"}}) (STDOUT, API)#
#2026 08 26 15:36:14.965#Z#DEBUG#c28227b5-a163-11f1-b062-eeee0a986ec4.ResilienceCockpit-db-deployer#flowable-async-job-executor-thread-2659#
[PollStageAppStatusExecution] 2d23200b-60aa-4519-b7f8-9f40de7a8ecc [2026-08-26T15:35:47.029580] Updating process: "web" (STDOUT, API)#
#2026 08 26 15:36:14.965#Z#DEBUG#c28227b5-a163-11f1-b062-eeee0a986ec4.ResilienceCockpit-db-deployer#flowable-async-job-executor-thread-2659#
[PollStageAppStatusExecution] 2d23200b-60aa-4519-b7f8-9f40de7a8ecc [2026-08-26T15:35:55.061772] Uploading app package for app with guid 2d23200b-60aa-4519-b7f8-9f40de7a8ecc (STDOUT, API)#
#2026 08 26 15:36:14.965#Z#DEBUG#c28227b5-a163-11f1-b062-eeee0a986ec4.ResilienceCockpit-db-deployer#flowable-async-job-executor-thread-2659#
[PollStageAppStatusExecution] 2d23200b-60aa-4519-b7f8-9f40de7a8ecc [2026-08-26T15:35:55.236714] Updated app with guid 2d23200b-60aa-4519-b7f8-9f40de7a8ecc ({"environment_variables"=>"[PRIVATE DATA HIDDEN]"}) (STDOUT, API)#
#2026 08 26 15:36:14.965#Z#DEBUG#c28227b5-a163-11f1-b062-eeee0a986ec4.ResilienceCockpit-db-deployer#flowable-async-job-executor-thread-2659#
[PollStageAppStatusExecution] 2d23200b-60aa-4519-b7f8-9f40de7a8ecc [2026-08-26T15:36:05.098572] Creating build for app with guid 2d23200b-60aa-4519-b7f8-9f40de7a8ecc (STDOUT, API)#
#2026 08 26 15:36:14.965#Z#DEBUG#c28227b5-a163-11f1-b062-eeee0a986ec4.ResilienceCockpit-db-deployer#flowable-async-job-executor-thread-2659#
[PollStageAppStatusExecution] 2d23200b-60aa-4519-b7f8-9f40de7a8ecc [2026-08-26T15:36:05.407231] Downloading nodejs_buildpack... (STDOUT, STG)#
#2026 08 26 15:36:14.965#Z#DEBUG#c28227b5-a163-11f1-b062-eeee0a986ec4.ResilienceCockpit-db-deployer#flowable-async-job-executor-thread-2659#
[PollStageAppStatusExecution] 2d23200b-60aa-4519-b7f8-9f40de7a8ecc [2026-08-26T15:36:05.446931] Downloaded nodejs_buildpack (STDOUT, STG)#
#2026 08 26 15:36:14.965#Z#DEBUG#c28227b5-a163-11f1-b062-eeee0a986ec4.ResilienceCockpit-db-deployer#flowable-async-job-executor-thread-2659#
[PollStageAppStatusExecution] 2d23200b-60aa-4519-b7f8-9f40de7a8ecc [2026-08-26T15:36:05.446995] Cell 13752499-11e5-4ce9-a7df-2188d5ab1e0d creating container for instance 28a0f16f-cead-4077-af36-9e730a04ebc8 (STDOUT, STG)#
#2026 08 26 15:36:14.965#Z#DEBUG#c28227b5-a163-11f1-b062-eeee0a986ec4.ResilienceCockpit-db-deployer#flowable-async-job-executor-thread-2659#
[PollStageAppStatusExecution] 2d23200b-60aa-4519-b7f8-9f40de7a8ecc [2026-08-26T15:36:05.764005] Security group rules were updated (STDOUT, STG)#
#2026 08 26 15:36:14.965#Z#DEBUG#c28227b5-a163-11f1-b062-eeee0a986ec4.ResilienceCockpit-db-deployer#flowable-async-job-executor-thread-2659#
[PollStageAppStatusExecution] 2d23200b-60aa-4519-b7f8-9f40de7a8ecc [2026-08-26T15:36:05.818272] Cell 13752499-11e5-4ce9-a7df-2188d5ab1e0d successfully created container for instance 28a0f16f-cead-4077-af36-9e730a04ebc8 (STDOUT, STG)#
#2026 08 26 15:36:14.965#Z#DEBUG#c28227b5-a163-11f1-b062-eeee0a986ec4.ResilienceCockpit-db-deployer#flowable-async-job-executor-thread-2659#
[PollStageAppStatusExecution] 2d23200b-60aa-4519-b7f8-9f40de7a8ecc [2026-08-26T15:36:05.998266] Downloading app package... (STDOUT, STG)#
#2026 08 26 15:36:14.965#Z#DEBUG#c28227b5-a163-11f1-b062-eeee0a986ec4.ResilienceCockpit-db-deployer#flowable-async-job-executor-thread-2659#
[PollStageAppStatusExecution] 2d23200b-60aa-4519-b7f8-9f40de7a8ecc [2026-08-26T15:36:05.998301] Downloading build artifacts cache... (STDOUT, STG)#
#2026 08 26 15:36:14.965#Z#DEBUG#c28227b5-a163-11f1-b062-eeee0a986ec4.ResilienceCockpit-db-deployer#flowable-async-job-executor-thread-2659#
[PollStageAppStatusExecution] 2d23200b-60aa-4519-b7f8-9f40de7a8ecc [2026-08-26T15:36:06.100411] Downloaded build artifacts cache (223B) (STDOUT, STG)#
#2026 08 26 15:36:14.965#Z#DEBUG#c28227b5-a163-11f1-b062-eeee0a986ec4.ResilienceCockpit-db-deployer#flowable-async-job-executor-thread-2659#
[PollStageAppStatusExecution] 2d23200b-60aa-4519-b7f8-9f40de7a8ecc [2026-08-26T15:36:06.239193] Downloaded app package (2.5M) (STDOUT, STG)#
#2026 08 26 15:36:14.965#Z#DEBUG#c28227b5-a163-11f1-b062-eeee0a986ec4.ResilienceCockpit-db-deployer#flowable-async-job-executor-thread-2659#
[PollStageAppStatusExecution] 2d23200b-60aa-4519-b7f8-9f40de7a8ecc [2026-08-26T15:36:06.290249] -----> Nodejs Buildpack version 1.9.3 (STDOUT, STG)#
#2026 08 26 15:36:14.965#Z#DEBUG#c28227b5-a163-11f1-b062-eeee0a986ec4.ResilienceCockpit-db-deployer#flowable-async-job-executor-thread-2659#
[PollStageAppStatusExecution] 2d23200b-60aa-4519-b7f8-9f40de7a8ecc [2026-08-26T15:36:06.381394] -----> Bootstrapping python (STDOUT, STG)#
#2026 08 26 15:36:14.965#Z#DEBUG#c28227b5-a163-11f1-b062-eeee0a986ec4.ResilienceCockpit-db-deployer#flowable-async-job-executor-thread-2659#
[PollStageAppStatusExecution] 2d23200b-60aa-4519-b7f8-9f40de7a8ecc [2026-08-26T15:36:06.381416] -----> Installing python 3.13.14 (STDOUT, STG)#
#2026 08 26 15:36:14.965#Z#DEBUG#c28227b5-a163-11f1-b062-eeee0a986ec4.ResilienceCockpit-db-deployer#flowable-async-job-executor-thread-2659#
[PollStageAppStatusExecution] 2d23200b-60aa-4519-b7f8-9f40de7a8ecc [2026-08-26T15:36:06.381440] Copy [/tmp/buildpacks/adc5840e3e50b48d/dependencies/4b4266a2ff36730aef37b88b668ca327/python_3.13.14_linux_x64_cflinuxfs4_b80d4954.tgz] (STDOUT, STG)#
#2026 08 26 15:36:14.965#Z#DEBUG#c28227b5-a163-11f1-b062-eeee0a986ec4.ResilienceCockpit-db-deployer#flowable-async-job-executor-thread-2659#
[PollStageAppStatusExecution] 2d23200b-60aa-4519-b7f8-9f40de7a8ecc [2026-08-26T15:36:09.372969] -----> Installing binaries (STDOUT, STG)#
#2026 08 26 15:36:14.965#Z#DEBUG#c28227b5-a163-11f1-b062-eeee0a986ec4.ResilienceCockpit-db-deployer#flowable-async-job-executor-thread-2659#
[PollStageAppStatusExecution] 2d23200b-60aa-4519-b7f8-9f40de7a8ecc [2026-08-26T15:36:09.373067] engines.node (package.json): >=18 (STDOUT, STG)#
#2026 08 26 15:36:14.965#Z#DEBUG#c28227b5-a163-11f1-b062-eeee0a986ec4.ResilienceCockpit-db-deployer#flowable-async-job-executor-thread-2659#
[PollStageAppStatusExecution] 2d23200b-60aa-4519-b7f8-9f40de7a8ecc [2026-08-26T15:36:09.373083] engines.npm (package.json): unspecified (use default) (STDOUT, STG)#
#2026 08 26 15:36:14.965#Z#DEBUG#c28227b5-a163-11f1-b062-eeee0a986ec4.ResilienceCockpit-db-deployer#flowable-async-job-executor-thread-2659#
[PollStageAppStatusExecution] 2d23200b-60aa-4519-b7f8-9f40de7a8ecc [2026-08-26T15:36:09.373089] [31;1m**WARNING**[0m Dangerous semver range (>) in engines.node. See: http://docs.cloudfoundry.org/buildpacks/node/node-tips.html (STDOUT, STG)#
#2026 08 26 15:36:14.965#Z#DEBUG#c28227b5-a163-11f1-b062-eeee0a986ec4.ResilienceCockpit-db-deployer#flowable-async-job-executor-thread-2659#
[PollStageAppStatusExecution] 2d23200b-60aa-4519-b7f8-9f40de7a8ecc [2026-08-26T15:36:09.373101] -----> Installing node 24.18.0 (STDOUT, STG)#
#2026 08 26 15:36:14.965#Z#DEBUG#c28227b5-a163-11f1-b062-eeee0a986ec4.ResilienceCockpit-db-deployer#flowable-async-job-executor-thread-2659#
[PollStageAppStatusExecution] 2d23200b-60aa-4519-b7f8-9f40de7a8ecc [2026-08-26T15:36:09.373341] Copy [/tmp/buildpacks/adc5840e3e50b48d/dependencies/dffbbb835fcd073c4544f78eb6247fac/node_24.18.0_linux_x64_cflinuxfs4_cdfed650.tgz] (STDOUT, STG)#
#2026 08 26 15:36:14.965#Z#DEBUG#c28227b5-a163-11f1-b062-eeee0a986ec4.ResilienceCockpit-db-deployer#flowable-async-job-executor-thread-2659#
[PollStageAppStatusExecution] 2d23200b-60aa-4519-b7f8-9f40de7a8ecc [2026-08-26T15:36:11.103905] Using default npm version: 11.16.0 (STDOUT, STG)#
#2026 08 26 15:36:14.965#Z#DEBUG#c28227b5-a163-11f1-b062-eeee0a986ec4.ResilienceCockpit-db-deployer#flowable-async-job-executor-thread-2659#
[PollStageAppStatusExecution] 2d23200b-60aa-4519-b7f8-9f40de7a8ecc [2026-08-26T15:36:11.103938] -----> Installing yarn 1.22.22 (STDOUT, STG)#
#2026 08 26 15:36:14.965#Z#DEBUG#c28227b5-a163-11f1-b062-eeee0a986ec4.ResilienceCockpit-db-deployer#flowable-async-job-executor-thread-2659#
[PollStageAppStatusExecution] 2d23200b-60aa-4519-b7f8-9f40de7a8ecc [2026-08-26T15:36:11.103962] Copy [/tmp/buildpacks/adc5840e3e50b48d/dependencies/e4fe26756e9984a665478d350474fa2e/yarn_1.22.22_linux_noarch_any-stack_b6132b86.tgz] (STDOUT, STG)#
#2026 08 26 15:36:14.965#Z#DEBUG#c28227b5-a163-11f1-b062-eeee0a986ec4.ResilienceCockpit-db-deployer#flowable-async-job-executor-thread-2659#
[PollStageAppStatusExecution] 2d23200b-60aa-4519-b7f8-9f40de7a8ecc [2026-08-26T15:36:11.353153] Installed yarn 1.22.22 (STDOUT, STG)#
#2026 08 26 15:36:14.965#Z#DEBUG#c28227b5-a163-11f1-b062-eeee0a986ec4.ResilienceCockpit-db-deployer#flowable-async-job-executor-thread-2659#
[PollStageAppStatusExecution] 2d23200b-60aa-4519-b7f8-9f40de7a8ecc [2026-08-26T15:36:11.353186] -----> Creating runtime environment (STDOUT, STG)#
#2026 08 26 15:36:14.965#Z#DEBUG#c28227b5-a163-11f1-b062-eeee0a986ec4.ResilienceCockpit-db-deployer#flowable-async-job-executor-thread-2659#
[PollStageAppStatusExecution] 2d23200b-60aa-4519-b7f8-9f40de7a8ecc [2026-08-26T15:36:11.354342] NODE_ENV=production (STDOUT, STG)#
#2026 08 26 15:36:14.965#Z#DEBUG#c28227b5-a163-11f1-b062-eeee0a986ec4.ResilienceCockpit-db-deployer#flowable-async-job-executor-thread-2659#
[PollStageAppStatusExecution] 2d23200b-60aa-4519-b7f8-9f40de7a8ecc [2026-08-26T15:36:11.354364] NODE_HOME=/tmp/contents203368967/deps/0/node (STDOUT, STG)#
#2026 08 26 15:36:14.965#Z#DEBUG#c28227b5-a163-11f1-b062-eeee0a986ec4.ResilienceCockpit-db-deployer#flowable-async-job-executor-thread-2659#
[PollStageAppStatusExecution] 2d23200b-60aa-4519-b7f8-9f40de7a8ecc [2026-08-26T15:36:11.354369] NODE_MODULES_CACHE=true (STDOUT, STG)#
#2026 08 26 15:36:14.965#Z#DEBUG#c28227b5-a163-11f1-b062-eeee0a986ec4.ResilienceCockpit-db-deployer#flowable-async-job-executor-thread-2659#
[PollStageAppStatusExecution] 2d23200b-60aa-4519-b7f8-9f40de7a8ecc [2026-08-26T15:36:11.354371] NODE_VERBOSE=false (STDOUT, STG)#
#2026 08 26 15:36:14.965#Z#DEBUG#c28227b5-a163-11f1-b062-eeee0a986ec4.ResilienceCockpit-db-deployer#flowable-async-job-executor-thread-2659#
[PollStageAppStatusExecution] 2d23200b-60aa-4519-b7f8-9f40de7a8ecc [2026-08-26T15:36:11.354376] NPM_CONFIG_LOGLEVEL=error (STDOUT, STG)#
#2026 08 26 15:36:14.965#Z#DEBUG#c28227b5-a163-11f1-b062-eeee0a986ec4.ResilienceCockpit-db-deployer#flowable-async-job-executor-thread-2659#
[PollStageAppStatusExecution] 2d23200b-60aa-4519-b7f8-9f40de7a8ecc [2026-08-26T15:36:11.354380] NPM_CONFIG_PRODUCTION=true (STDOUT, STG)#
#2026 08 26 15:36:14.965#Z#DEBUG#c28227b5-a163-11f1-b062-eeee0a986ec4.ResilienceCockpit-db-deployer#flowable-async-job-executor-thread-2659#
[PollStageAppStatusExecution] 2d23200b-60aa-4519-b7f8-9f40de7a8ecc [2026-08-26T15:36:11.354382] -----> Building dependencies (STDOUT, STG)#
#2026 08 26 15:36:14.965#Z#DEBUG#c28227b5-a163-11f1-b062-eeee0a986ec4.ResilienceCockpit-db-deployer#flowable-async-job-executor-thread-2659#
[PollStageAppStatusExecution] 2d23200b-60aa-4519-b7f8-9f40de7a8ecc [2026-08-26T15:36:11.354385] Prebuild detected (node_modules already exists) (STDOUT, STG)#
#2026 08 26 15:36:14.965#Z#DEBUG#c28227b5-a163-11f1-b062-eeee0a986ec4.ResilienceCockpit-db-deployer#flowable-async-job-executor-thread-2659#
[PollStageAppStatusExecution] 2d23200b-60aa-4519-b7f8-9f40de7a8ecc [2026-08-26T15:36:11.354387] Rebuilding any native modules (STDOUT, STG)#
#2026 08 26 15:36:14.965#Z#DEBUG#c28227b5-a163-11f1-b062-eeee0a986ec4.ResilienceCockpit-db-deployer#flowable-async-job-executor-thread-2659#
[PollStageAppStatusExecution] 2d23200b-60aa-4519-b7f8-9f40de7a8ecc [2026-08-26T15:36:11.738968] rebuilt dependencies successfully (STDOUT, STG)#
#2026 08 26 15:36:14.965#Z#DEBUG#c28227b5-a163-11f1-b062-eeee0a986ec4.ResilienceCockpit-db-deployer#flowable-async-job-executor-thread-2659#
[PollStageAppStatusExecution] 2d23200b-60aa-4519-b7f8-9f40de7a8ecc [2026-08-26T15:36:11.785978] Installing any new modules (package.json + package-lock.json) (STDOUT, STG)#
#2026 08 26 15:36:14.965#Z#DEBUG#c28227b5-a163-11f1-b062-eeee0a986ec4.ResilienceCockpit-db-deployer#flowable-async-job-executor-thread-2659#
[PollStageAppStatusExecution] 2d23200b-60aa-4519-b7f8-9f40de7a8ecc [2026-08-26T15:36:12.116137] up to date in 271ms (STDOUT, STG)#
#2026 08 26 15:36:14.965#Z#DEBUG#c28227b5-a163-11f1-b062-eeee0a986ec4.ResilienceCockpit-db-deployer#flowable-async-job-executor-thread-2659#
[PollStageAppStatusExecution] 2d23200b-60aa-4519-b7f8-9f40de7a8ecc [2026-08-26T15:36:12.116376] 4 packages are looking for funding (STDOUT, STG)#
#2026 08 26 15:36:14.965#Z#DEBUG#c28227b5-a163-11f1-b062-eeee0a986ec4.ResilienceCockpit-db-deployer#flowable-async-job-executor-thread-2659#
[PollStageAppStatusExecution] 2d23200b-60aa-4519-b7f8-9f40de7a8ecc [2026-08-26T15:36:12.116496] run `npm fund` for details (STDOUT, STG)#
#2026 08 26 15:36:14.965#Z#DEBUG#c28227b5-a163-11f1-b062-eeee0a986ec4.ResilienceCockpit-db-deployer#flowable-async-job-executor-thread-2659#
[PollStageAppStatusExecution] 2d23200b-60aa-4519-b7f8-9f40de7a8ecc [2026-08-26T15:36:12.520765] Contrast Security no credentials found. Will not write environment files. (STDOUT, STG)#
#2026 08 26 15:36:24.933#Z#DEBUG#c28227b5-a163-11f1-b062-eeee0a986ec4.ResilienceCockpit-db-deployer#flowable-async-job-executor-thread-2663#
[PollStageAppStatusExecution] 2d23200b-60aa-4519-b7f8-9f40de7a8ecc [2026-08-26T15:36:20.029992] Exit status 0 (STDOUT, STG)#
#2026 08 26 15:36:24.933#Z#DEBUG#c28227b5-a163-11f1-b062-eeee0a986ec4.ResilienceCockpit-db-deployer#flowable-async-job-executor-thread-2663#
[PollStageAppStatusExecution] 2d23200b-60aa-4519-b7f8-9f40de7a8ecc [2026-08-26T15:36:20.030055] Uploading droplet, build artifacts cache... (STDOUT, STG)#
#2026 08 26 15:36:24.933#Z#DEBUG#c28227b5-a163-11f1-b062-eeee0a986ec4.ResilienceCockpit-db-deployer#flowable-async-job-executor-thread-2663#
[PollStageAppStatusExecution] 2d23200b-60aa-4519-b7f8-9f40de7a8ecc [2026-08-26T15:36:20.030114] Uploading droplet... (STDOUT, STG)#
#2026 08 26 15:36:24.933#Z#DEBUG#c28227b5-a163-11f1-b062-eeee0a986ec4.ResilienceCockpit-db-deployer#flowable-async-job-executor-thread-2663#
[PollStageAppStatusExecution] 2d23200b-60aa-4519-b7f8-9f40de7a8ecc [2026-08-26T15:36:20.030114] Uploading build artifacts cache... (STDOUT, STG)#
#2026 08 26 15:36:24.933#Z#DEBUG#c28227b5-a163-11f1-b062-eeee0a986ec4.ResilienceCockpit-db-deployer#flowable-async-job-executor-thread-2663#
[PollStageAppStatusExecution] 2d23200b-60aa-4519-b7f8-9f40de7a8ecc [2026-08-26T15:36:20.047461] Uploaded build artifacts cache (224B) (STDOUT, STG)#
#2026 08 26 15:36:24.933#Z#DEBUG#c28227b5-a163-11f1-b062-eeee0a986ec4.ResilienceCockpit-db-deployer#flowable-async-job-executor-thread-2663#
[PollStageAppStatusExecution] 2d23200b-60aa-4519-b7f8-9f40de7a8ecc [2026-08-26T15:36:20.651525] Creating droplet for app with guid 2d23200b-60aa-4519-b7f8-9f40de7a8ecc (STDOUT, API)#
#2026 08 26 15:36:34.944#Z#DEBUG#c28227b5-a163-11f1-b062-eeee0a986ec4.ResilienceCockpit-db-deployer#flowable-async-job-executor-thread-2666#
[PollStageAppStatusExecution] 2d23200b-60aa-4519-b7f8-9f40de7a8ecc [2026-08-26T15:36:25.719020] Uploaded droplet (59.3M) (STDOUT, STG)#
#2026 08 26 15:36:34.944#Z#DEBUG#c28227b5-a163-11f1-b062-eeee0a986ec4.ResilienceCockpit-db-deployer#flowable-async-job-executor-thread-2666#
[PollStageAppStatusExecution] 2d23200b-60aa-4519-b7f8-9f40de7a8ecc [2026-08-26T15:36:25.732754] Uploading complete (STDOUT, STG)#
#2026 08 26 15:36:34.944#Z#DEBUG#c28227b5-a163-11f1-b062-eeee0a986ec4.ResilienceCockpit-db-deployer#flowable-async-job-executor-thread-2666#
[PollStageAppStatusExecution] 2d23200b-60aa-4519-b7f8-9f40de7a8ecc [2026-08-26T15:36:26.192701] Cell 13752499-11e5-4ce9-a7df-2188d5ab1e0d stopping instance 28a0f16f-cead-4077-af36-9e730a04ebc8 (STDOUT, STG)#
#2026 08 26 15:36:34.944#Z#DEBUG#c28227b5-a163-11f1-b062-eeee0a986ec4.ResilienceCockpit-db-deployer#flowable-async-job-executor-thread-2666#
[PollStageAppStatusExecution] 2d23200b-60aa-4519-b7f8-9f40de7a8ecc [2026-08-26T15:36:26.192727] Cell 13752499-11e5-4ce9-a7df-2188d5ab1e0d destroying container for instance 28a0f16f-cead-4077-af36-9e730a04ebc8 (STDOUT, STG)#
#2026 08 26 15:36:34.944#Z#DEBUG#c28227b5-a163-11f1-b062-eeee0a986ec4.ResilienceCockpit-db-deployer#flowable-async-job-executor-thread-2666#
[PollStageAppStatusExecution] 2d23200b-60aa-4519-b7f8-9f40de7a8ecc [2026-08-26T15:36:26.260640] Staging complete for build 28a0f16f-cead-4077-af36-9e730a04ebc8 (STDOUT, API)#
#2026 08 26 15:36:34.944#Z#DEBUG#c28227b5-a163-11f1-b062-eeee0a986ec4.ResilienceCockpit-db-deployer#flowable-async-job-executor-thread-2666#
[PollStageAppStatusExecution] 2d23200b-60aa-4519-b7f8-9f40de7a8ecc [2026-08-26T15:36:28.539860] Cell 13752499-11e5-4ce9-a7df-2188d5ab1e0d successfully destroyed container for instance 28a0f16f-cead-4077-af36-9e730a04ebc8 (STDOUT, STG)#
#2026 08 26 15:36:44.975#Z#DEBUG#c28227b5-a163-11f1-b062-eeee0a986ec4.ResilienceCockpit-db-deployer#flowable-async-job-executor-thread-2672#
[PollExecuteTaskStatusExecution] 2d23200b-60aa-4519-b7f8-9f40de7a8ecc [2026-08-25T17:36:02.608492] Updated app with guid 2d23200b-60aa-4519-b7f8-9f40de7a8ecc ({"lifecycle"=>{"data"=>{"buildpacks"=>["nodejs_buildpack"]}, "type"=>"buildpack"}}) (STDOUT, API)#
#2026 08 26 15:36:44.975#Z#DEBUG#c28227b5-a163-11f1-b062-eeee0a986ec4.ResilienceCockpit-db-deployer#flowable-async-job-executor-thread-2672#
[PollExecuteTaskStatusExecution] 2d23200b-60aa-4519-b7f8-9f40de7a8ecc [2026-08-25T17:36:02.682352] Updating process: "web" (STDOUT, API)#
#2026 08 26 15:36:44.975#Z#DEBUG#c28227b5-a163-11f1-b062-eeee0a986ec4.ResilienceCockpit-db-deployer#flowable-async-job-executor-thread-2672#
[PollExecuteTaskStatusExecution] 2d23200b-60aa-4519-b7f8-9f40de7a8ecc [2026-08-25T17:36:09.844550] Uploading app package for app with guid 2d23200b-60aa-4519-b7f8-9f40de7a8ecc (STDOUT, API)#
#2026 08 26 15:36:44.975#Z#DEBUG#c28227b5-a163-11f1-b062-eeee0a986ec4.ResilienceCockpit-db-deployer#flowable-async-job-executor-thread-2672#
[PollExecuteTaskStatusExecution] 2d23200b-60aa-4519-b7f8-9f40de7a8ecc [2026-08-25T17:36:10.049740] Updated app with guid 2d23200b-60aa-4519-b7f8-9f40de7a8ecc ({"environment_variables"=>"[PRIVATE DATA HIDDEN]"}) (STDOUT, API)#
#2026 08 26 15:36:44.975#Z#DEBUG#c28227b5-a163-11f1-b062-eeee0a986ec4.ResilienceCockpit-db-deployer#flowable-async-job-executor-thread-2672#
[PollExecuteTaskStatusExecution] 2d23200b-60aa-4519-b7f8-9f40de7a8ecc [2026-08-25T17:36:19.885211] Creating build for app with guid 2d23200b-60aa-4519-b7f8-9f40de7a8ecc (STDOUT, API)#
#2026 08 26 15:36:44.975#Z#DEBUG#c28227b5-a163-11f1-b062-eeee0a986ec4.ResilienceCockpit-db-deployer#flowable-async-job-executor-thread-2672#
[PollExecuteTaskStatusExecution] 2d23200b-60aa-4519-b7f8-9f40de7a8ecc [2026-08-25T17:36:20.251060] Downloading nodejs_buildpack... (STDOUT, STG)#
#2026 08 26 15:36:44.975#Z#DEBUG#c28227b5-a163-11f1-b062-eeee0a986ec4.ResilienceCockpit-db-deployer#flowable-async-job-executor-thread-2672#
[PollExecuteTaskStatusExecution] 2d23200b-60aa-4519-b7f8-9f40de7a8ecc [2026-08-25T17:36:20.291818] Downloaded nodejs_buildpack (STDOUT, STG)#
#2026 08 26 15:36:44.975#Z#DEBUG#c28227b5-a163-11f1-b062-eeee0a986ec4.ResilienceCockpit-db-deployer#flowable-async-job-executor-thread-2672#
[PollExecuteTaskStatusExecution] 2d23200b-60aa-4519-b7f8-9f40de7a8ecc [2026-08-25T17:36:20.291905] Cell 4dc0bb62-dd25-443a-a962-806e343d783f creating container for instance 8d254ed4-744a-4e8c-a6b0-f71765a96190 (STDOUT, STG)#
#2026 08 26 15:36:44.975#Z#DEBUG#c28227b5-a163-11f1-b062-eeee0a986ec4.ResilienceCockpit-db-deployer#flowable-async-job-executor-thread-2672#
[PollExecuteTaskStatusExecution] 2d23200b-60aa-4519-b7f8-9f40de7a8ecc [2026-08-25T17:36:20.594568] Security group rules were updated (STDOUT, STG)#
#2026 08 26 15:36:44.975#Z#DEBUG#c28227b5-a163-11f1-b062-eeee0a986ec4.ResilienceCockpit-db-deployer#flowable-async-job-executor-thread-2672#
[PollExecuteTaskStatusExecution] 2d23200b-60aa-4519-b7f8-9f40de7a8ecc [2026-08-25T17:36:20.653099] Cell 4dc0bb62-dd25-443a-a962-806e343d783f successfully created container for instance 8d254ed4-744a-4e8c-a6b0-f71765a96190 (STDOUT, STG)#
#2026 08 26 15:36:44.975#Z#DEBUG#c28227b5-a163-11f1-b062-eeee0a986ec4.ResilienceCockpit-db-deployer#flowable-async-job-executor-thread-2672#
[PollExecuteTaskStatusExecution] 2d23200b-60aa-4519-b7f8-9f40de7a8ecc [2026-08-25T17:36:21.154470] Downloading app package... (STDOUT, STG)#
#2026 08 26 15:36:44.975#Z#DEBUG#c28227b5-a163-11f1-b062-eeee0a986ec4.ResilienceCockpit-db-deployer#flowable-async-job-executor-thread-2672#
[PollExecuteTaskStatusExecution] 2d23200b-60aa-4519-b7f8-9f40de7a8ecc [2026-08-25T17:36:21.154470] Downloading build artifacts cache... (STDOUT, STG)#
#2026 08 26 15:36:44.975#Z#DEBUG#c28227b5-a163-11f1-b062-eeee0a986ec4.ResilienceCockpit-db-deployer#flowable-async-job-executor-thread-2672#
[PollExecuteTaskStatusExecution] 2d23200b-60aa-4519-b7f8-9f40de7a8ecc [2026-08-25T17:36:21.231249] Downloaded build artifacts cache (226B) (STDOUT, STG)#
#2026 08 26 15:36:44.975#Z#DEBUG#c28227b5-a163-11f1-b062-eeee0a986ec4.ResilienceCockpit-db-deployer#flowable-async-job-executor-thread-2672#
[PollExecuteTaskStatusExecution] 2d23200b-60aa-4519-b7f8-9f40de7a8ecc [2026-08-25T17:36:21.358470] Downloaded app package (2.5M) (STDOUT, STG)#
#2026 08 26 15:36:44.975#Z#DEBUG#c28227b5-a163-11f1-b062-eeee0a986ec4.ResilienceCockpit-db-deployer#flowable-async-job-executor-thread-2672#
[PollExecuteTaskStatusExecution] 2d23200b-60aa-4519-b7f8-9f40de7a8ecc [2026-08-25T17:36:21.407303] -----> Nodejs Buildpack version 1.9.3 (STDOUT, STG)#
#2026 08 26 15:36:44.975#Z#DEBUG#c28227b5-a163-11f1-b062-eeee0a986ec4.ResilienceCockpit-db-deployer#flowable-async-job-executor-thread-2672#
[PollExecuteTaskStatusExecution] 2d23200b-60aa-4519-b7f8-9f40de7a8ecc [2026-08-25T17:36:21.492668] -----> Bootstrapping python (STDOUT, STG)#
#2026 08 26 15:36:44.975#Z#DEBUG#c28227b5-a163-11f1-b062-eeee0a986ec4.ResilienceCockpit-db-deployer#flowable-async-job-executor-thread-2672#
[PollExecuteTaskStatusExecution] 2d23200b-60aa-4519-b7f8-9f40de7a8ecc [2026-08-25T17:36:21.492695] -----> Installing python 3.13.14 (STDOUT, STG)#
#2026 08 26 15:36:44.975#Z#DEBUG#c28227b5-a163-11f1-b062-eeee0a986ec4.ResilienceCockpit-db-deployer#flowable-async-job-executor-thread-2672#
[PollExecuteTaskStatusExecution] 2d23200b-60aa-4519-b7f8-9f40de7a8ecc [2026-08-25T17:36:21.492723] Copy [/tmp/buildpacks/adc5840e3e50b48d/dependencies/4b4266a2ff36730aef37b88b668ca327/python_3.13.14_linux_x64_cflinuxfs4_b80d4954.tgz] (STDOUT, STG)#
#2026 08 26 15:36:44.975#Z#DEBUG#c28227b5-a163-11f1-b062-eeee0a986ec4.ResilienceCockpit-db-deployer#flowable-async-job-executor-thread-2672#
[PollExecuteTaskStatusExecution] 2d23200b-60aa-4519-b7f8-9f40de7a8ecc [2026-08-25T17:36:24.480037] -----> Installing binaries (STDOUT, STG)#
#2026 08 26 15:36:44.975#Z#DEBUG#c28227b5-a163-11f1-b062-eeee0a986ec4.ResilienceCockpit-db-deployer#flowable-async-job-executor-thread-2672#
[PollExecuteTaskStatusExecution] 2d23200b-60aa-4519-b7f8-9f40de7a8ecc [2026-08-25T17:36:24.480079] engines.node (package.json): >=18 (STDOUT, STG)#
#2026 08 26 15:36:44.975#Z#DEBUG#c28227b5-a163-11f1-b062-eeee0a986ec4.ResilienceCockpit-db-deployer#flowable-async-job-executor-thread-2672#
[PollExecuteTaskStatusExecution] 2d23200b-60aa-4519-b7f8-9f40de7a8ecc [2026-08-25T17:36:24.480087] engines.npm (package.json): unspecified (use default) (STDOUT, STG)#
#2026 08 26 15:36:44.975#Z#DEBUG#c28227b5-a163-11f1-b062-eeee0a986ec4.ResilienceCockpit-db-deployer#flowable-async-job-executor-thread-2672#
[PollExecuteTaskStatusExecution] 2d23200b-60aa-4519-b7f8-9f40de7a8ecc [2026-08-25T17:36:24.480093] [31;1m**WARNING**[0m Dangerous semver range (>) in engines.node. See: http://docs.cloudfoundry.org/buildpacks/node/node-tips.html (STDOUT, STG)#
#2026 08 26 15:36:44.975#Z#DEBUG#c28227b5-a163-11f1-b062-eeee0a986ec4.ResilienceCockpit-db-deployer#flowable-async-job-executor-thread-2672#
[PollExecuteTaskStatusExecution] 2d23200b-60aa-4519-b7f8-9f40de7a8ecc [2026-08-25T17:36:24.480120] -----> Installing node 24.18.0 (STDOUT, STG)#
#2026 08 26 15:36:44.975#Z#DEBUG#c28227b5-a163-11f1-b062-eeee0a986ec4.ResilienceCockpit-db-deployer#flowable-async-job-executor-thread-2672#
[PollExecuteTaskStatusExecution] 2d23200b-60aa-4519-b7f8-9f40de7a8ecc [2026-08-25T17:36:24.480279] Copy [/tmp/buildpacks/adc5840e3e50b48d/dependencies/dffbbb835fcd073c4544f78eb6247fac/node_24.18.0_linux_x64_cflinuxfs4_cdfed650.tgz] (STDOUT, STG)#
#2026 08 26 15:36:44.975#Z#DEBUG#c28227b5-a163-11f1-b062-eeee0a986ec4.ResilienceCockpit-db-deployer#flowable-async-job-executor-thread-2672#
[PollExecuteTaskStatusExecution] 2d23200b-60aa-4519-b7f8-9f40de7a8ecc [2026-08-25T17:36:26.226833] Using default npm version: 11.16.0 (STDOUT, STG)#
#2026 08 26 15:36:44.975#Z#DEBUG#c28227b5-a163-11f1-b062-eeee0a986ec4.ResilienceCockpit-db-deployer#flowable-async-job-executor-thread-2672#
[PollExecuteTaskStatusExecution] 2d23200b-60aa-4519-b7f8-9f40de7a8ecc [2026-08-25T17:36:26.226865] -----> Installing yarn 1.22.22 (STDOUT, STG)#
#2026 08 26 15:36:44.975#Z#DEBUG#c28227b5-a163-11f1-b062-eeee0a986ec4.ResilienceCockpit-db-deployer#flowable-async-job-executor-thread-2672#
[PollExecuteTaskStatusExecution] 2d23200b-60aa-4519-b7f8-9f40de7a8ecc [2026-08-25T17:36:26.226933] Copy [/tmp/buildpacks/adc5840e3e50b48d/dependencies/e4fe26756e9984a665478d350474fa2e/yarn_1.22.22_linux_noarch_any-stack_b6132b86.tgz] (STDOUT, STG)#
#2026 08 26 15:36:44.975#Z#DEBUG#c28227b5-a163-11f1-b062-eeee0a986ec4.ResilienceCockpit-db-deployer#flowable-async-job-executor-thread-2672#
[PollExecuteTaskStatusExecution] 2d23200b-60aa-4519-b7f8-9f40de7a8ecc [2026-08-25T17:36:26.475787] Installed yarn 1.22.22 (STDOUT, STG)#
#2026 08 26 15:36:44.975#Z#DEBUG#c28227b5-a163-11f1-b062-eeee0a986ec4.ResilienceCockpit-db-deployer#flowable-async-job-executor-thread-2672#
[PollExecuteTaskStatusExecution] 2d23200b-60aa-4519-b7f8-9f40de7a8ecc [2026-08-25T17:36:26.475805] -----> Creating runtime environment (STDOUT, STG)#
#2026 08 26 15:36:44.975#Z#DEBUG#c28227b5-a163-11f1-b062-eeee0a986ec4.ResilienceCockpit-db-deployer#flowable-async-job-executor-thread-2672#
[PollExecuteTaskStatusExecution] 2d23200b-60aa-4519-b7f8-9f40de7a8ecc [2026-08-25T17:36:26.477081] NODE_ENV=production (STDOUT, STG)#
#2026 08 26 15:36:44.975#Z#DEBUG#c28227b5-a163-11f1-b062-eeee0a986ec4.ResilienceCockpit-db-deployer#flowable-async-job-executor-thread-2672#
[PollExecuteTaskStatusExecution] 2d23200b-60aa-4519-b7f8-9f40de7a8ecc [2026-08-25T17:36:26.477097] NODE_HOME=/tmp/contents1564888445/deps/0/node (STDOUT, STG)#
#2026 08 26 15:36:44.975#Z#DEBUG#c28227b5-a163-11f1-b062-eeee0a986ec4.ResilienceCockpit-db-deployer#flowable-async-job-executor-thread-2672#
[PollExecuteTaskStatusExecution] 2d23200b-60aa-4519-b7f8-9f40de7a8ecc [2026-08-25T17:36:26.477100] NODE_MODULES_CACHE=true (STDOUT, STG)#
#2026 08 26 15:36:44.975#Z#DEBUG#c28227b5-a163-11f1-b062-eeee0a986ec4.ResilienceCockpit-db-deployer#flowable-async-job-executor-thread-2672#
[PollExecuteTaskStatusExecution] 2d23200b-60aa-4519-b7f8-9f40de7a8ecc [2026-08-25T17:36:26.477102] NODE_VERBOSE=false (STDOUT, STG)#
#2026 08 26 15:36:44.975#Z#DEBUG#c28227b5-a163-11f1-b062-eeee0a986ec4.ResilienceCockpit-db-deployer#flowable-async-job-executor-thread-2672#
[PollExecuteTaskStatusExecution] 2d23200b-60aa-4519-b7f8-9f40de7a8ecc [2026-08-25T17:36:26.477106] NPM_CONFIG_LOGLEVEL=error (STDOUT, STG)#
#2026 08 26 15:36:44.975#Z#DEBUG#c28227b5-a163-11f1-b062-eeee0a986ec4.ResilienceCockpit-db-deployer#flowable-async-job-executor-thread-2672#
[PollExecuteTaskStatusExecution] 2d23200b-60aa-4519-b7f8-9f40de7a8ecc [2026-08-25T17:36:26.477110] NPM_CONFIG_PRODUCTION=true (STDOUT, STG)#
#2026 08 26 15:36:44.975#Z#DEBUG#c28227b5-a163-11f1-b062-eeee0a986ec4.ResilienceCockpit-db-deployer#flowable-async-job-executor-thread-2672#
[PollExecuteTaskStatusExecution] 2d23200b-60aa-4519-b7f8-9f40de7a8ecc [2026-08-25T17:36:26.477120] -----> Building dependencies (STDOUT, STG)#
#2026 08 26 15:36:44.975#Z#DEBUG#c28227b5-a163-11f1-b062-eeee0a986ec4.ResilienceCockpit-db-deployer#flowable-async-job-executor-thread-2672#
[PollExecuteTaskStatusExecution] 2d23200b-60aa-4519-b7f8-9f40de7a8ecc [2026-08-25T17:36:26.477122] Prebuild detected (node_modules already exists) (STDOUT, STG)#
#2026 08 26 15:36:44.975#Z#DEBUG#c28227b5-a163-11f1-b062-eeee0a986ec4.ResilienceCockpit-db-deployer#flowable-async-job-executor-thread-2672#
[PollExecuteTaskStatusExecution] 2d23200b-60aa-4519-b7f8-9f40de7a8ecc [2026-08-25T17:36:26.477162] Rebuilding any native modules (STDOUT, STG)#
#2026 08 26 15:36:44.975#Z#DEBUG#c28227b5-a163-11f1-b062-eeee0a986ec4.ResilienceCockpit-db-deployer#flowable-async-job-executor-thread-2672#
[PollExecuteTaskStatusExecution] 2d23200b-60aa-4519-b7f8-9f40de7a8ecc [2026-08-25T17:36:26.863364] rebuilt dependencies successfully (STDOUT, STG)#
#2026 08 26 15:36:44.975#Z#DEBUG#c28227b5-a163-11f1-b062-eeee0a986ec4.ResilienceCockpit-db-deployer#flowable-async-job-executor-thread-2672#
[PollExecuteTaskStatusExecution] 2d23200b-60aa-4519-b7f8-9f40de7a8ecc [2026-08-25T17:36:26.911109] Installing any new modules (package.json + package-lock.json) (STDOUT, STG)#
#2026 08 26 15:36:44.975#Z#DEBUG#c28227b5-a163-11f1-b062-eeee0a986ec4.ResilienceCockpit-db-deployer#flowable-async-job-executor-thread-2672#
[PollExecuteTaskStatusExecution] 2d23200b-60aa-4519-b7f8-9f40de7a8ecc [2026-08-25T17:36:27.250917] up to date in 278ms (STDOUT, STG)#
#2026 08 26 15:36:44.975#Z#DEBUG#c28227b5-a163-11f1-b062-eeee0a986ec4.ResilienceCockpit-db-deployer#flowable-async-job-executor-thread-2672#
[PollExecuteTaskStatusExecution] 2d23200b-60aa-4519-b7f8-9f40de7a8ecc [2026-08-25T17:36:27.251187] 4 packages are looking for funding (STDOUT, STG)#
#2026 08 26 15:36:44.975#Z#DEBUG#c28227b5-a163-11f1-b062-eeee0a986ec4.ResilienceCockpit-db-deployer#flowable-async-job-executor-thread-2672#
[PollExecuteTaskStatusExecution] 2d23200b-60aa-4519-b7f8-9f40de7a8ecc [2026-08-25T17:36:27.251255] run `npm fund` for details (STDOUT, STG)#
#2026 08 26 15:36:44.975#Z#DEBUG#c28227b5-a163-11f1-b062-eeee0a986ec4.ResilienceCockpit-db-deployer#flowable-async-job-executor-thread-2672#
[PollExecuteTaskStatusExecution] 2d23200b-60aa-4519-b7f8-9f40de7a8ecc [2026-08-25T17:36:27.695238] Contrast Security no credentials found. Will not write environment files. (STDOUT, STG)#
#2026 08 26 15:36:44.975#Z#DEBUG#c28227b5-a163-11f1-b062-eeee0a986ec4.ResilienceCockpit-db-deployer#flowable-async-job-executor-thread-2672#
[PollExecuteTaskStatusExecution] 2d23200b-60aa-4519-b7f8-9f40de7a8ecc [2026-08-25T17:36:35.245505] Exit status 0 (STDOUT, STG)#
#2026 08 26 15:36:44.975#Z#DEBUG#c28227b5-a163-11f1-b062-eeee0a986ec4.ResilienceCockpit-db-deployer#flowable-async-job-executor-thread-2672#
[PollExecuteTaskStatusExecution] 2d23200b-60aa-4519-b7f8-9f40de7a8ecc [2026-08-25T17:36:35.245554] Uploading droplet, build artifacts cache... (STDOUT, STG)#
#2026 08 26 15:36:44.975#Z#DEBUG#c28227b5-a163-11f1-b062-eeee0a986ec4.ResilienceCockpit-db-deployer#flowable-async-job-executor-thread-2672#
[PollExecuteTaskStatusExecution] 2d23200b-60aa-4519-b7f8-9f40de7a8ecc [2026-08-25T17:36:35.245586] Uploading droplet... (STDOUT, STG)#
#2026 08 26 15:36:44.975#Z#DEBUG#c28227b5-a163-11f1-b062-eeee0a986ec4.ResilienceCockpit-db-deployer#flowable-async-job-executor-thread-2672#
[PollExecuteTaskStatusExecution] 2d23200b-60aa-4519-b7f8-9f40de7a8ecc [2026-08-25T17:36:35.245606] Uploading build artifacts cache... (STDOUT, STG)#
#2026 08 26 15:36:44.975#Z#DEBUG#c28227b5-a163-11f1-b062-eeee0a986ec4.ResilienceCockpit-db-deployer#flowable-async-job-executor-thread-2672#
[PollExecuteTaskStatusExecution] 2d23200b-60aa-4519-b7f8-9f40de7a8ecc [2026-08-25T17:36:35.273331] Uploaded build artifacts cache (225B) (STDOUT, STG)#
#2026 08 26 15:36:44.975#Z#DEBUG#c28227b5-a163-11f1-b062-eeee0a986ec4.ResilienceCockpit-db-deployer#flowable-async-job-executor-thread-2672#
[PollExecuteTaskStatusExecution] 2d23200b-60aa-4519-b7f8-9f40de7a8ecc [2026-08-25T17:36:35.774096] Creating droplet for app with guid 2d23200b-60aa-4519-b7f8-9f40de7a8ecc (STDOUT, API)#
#2026 08 26 15:36:44.975#Z#DEBUG#c28227b5-a163-11f1-b062-eeee0a986ec4.ResilienceCockpit-db-deployer#flowable-async-job-executor-thread-2672#
[PollExecuteTaskStatusExecution] 2d23200b-60aa-4519-b7f8-9f40de7a8ecc [2026-08-25T17:36:37.850782] Uploaded droplet (59.3M) (STDOUT, STG)#
#2026 08 26 15:36:44.975#Z#DEBUG#c28227b5-a163-11f1-b062-eeee0a986ec4.ResilienceCockpit-db-deployer#flowable-async-job-executor-thread-2672#
[PollExecuteTaskStatusExecution] 2d23200b-60aa-4519-b7f8-9f40de7a8ecc [2026-08-25T17:36:37.864218] Uploading complete (STDOUT, STG)#
#2026 08 26 15:36:44.975#Z#DEBUG#c28227b5-a163-11f1-b062-eeee0a986ec4.ResilienceCockpit-db-deployer#flowable-async-job-executor-thread-2672#
[PollExecuteTaskStatusExecution] 2d23200b-60aa-4519-b7f8-9f40de7a8ecc [2026-08-25T17:36:38.329023] Cell 4dc0bb62-dd25-443a-a962-806e343d783f stopping instance 8d254ed4-744a-4e8c-a6b0-f71765a96190 (STDOUT, STG)#
#2026 08 26 15:36:44.975#Z#DEBUG#c28227b5-a163-11f1-b062-eeee0a986ec4.ResilienceCockpit-db-deployer#flowable-async-job-executor-thread-2672#
[PollExecuteTaskStatusExecution] 2d23200b-60aa-4519-b7f8-9f40de7a8ecc [2026-08-25T17:36:38.329052] Cell 4dc0bb62-dd25-443a-a962-806e343d783f destroying container for instance 8d254ed4-744a-4e8c-a6b0-f71765a96190 (STDOUT, STG)#
#2026 08 26 15:36:44.975#Z#DEBUG#c28227b5-a163-11f1-b062-eeee0a986ec4.ResilienceCockpit-db-deployer#flowable-async-job-executor-thread-2672#
[PollExecuteTaskStatusExecution] 2d23200b-60aa-4519-b7f8-9f40de7a8ecc [2026-08-25T17:36:38.380309] Staging complete for build 8d254ed4-744a-4e8c-a6b0-f71765a96190 (STDOUT, API)#
#2026 08 26 15:36:44.975#Z#DEBUG#c28227b5-a163-11f1-b062-eeee0a986ec4.ResilienceCockpit-db-deployer#flowable-async-job-executor-thread-2672#
[PollExecuteTaskStatusExecution] 2d23200b-60aa-4519-b7f8-9f40de7a8ecc [2026-08-25T17:36:39.710442] Cell 4dc0bb62-dd25-443a-a962-806e343d783f successfully destroyed container for instance 8d254ed4-744a-4e8c-a6b0-f71765a96190 (STDOUT, STG)#
#2026 08 26 15:36:44.975#Z#DEBUG#c28227b5-a163-11f1-b062-eeee0a986ec4.ResilienceCockpit-db-deployer#flowable-async-job-executor-thread-2672#
[PollExecuteTaskStatusExecution] 2d23200b-60aa-4519-b7f8-9f40de7a8ecc [2026-08-25T17:36:39.828910] Updated app with guid 2d23200b-60aa-4519-b7f8-9f40de7a8ecc ({:droplet_guid=>"24604a1f-ca83-4b27-8fb0-d6f5084ec096"}) (STDOUT, API)#
#2026 08 26 15:36:44.975#Z#DEBUG#c28227b5-a163-11f1-b062-eeee0a986ec4.ResilienceCockpit-db-deployer#flowable-async-job-executor-thread-2672#
[PollExecuteTaskStatusExecution] 2d23200b-60aa-4519-b7f8-9f40de7a8ecc [2026-08-25T17:36:40.241588] Cell 4dc0bb62-dd25-443a-a962-806e343d783f creating container for instance ccf44529-92c1-4b2f-b3fc-ff5049e7e86f (STDOUT, CELL)#
#2026 08 26 15:36:44.975#Z#DEBUG#c28227b5-a163-11f1-b062-eeee0a986ec4.ResilienceCockpit-db-deployer#flowable-async-job-executor-thread-2672#
[PollExecuteTaskStatusExecution] 2d23200b-60aa-4519-b7f8-9f40de7a8ecc [2026-08-25T17:36:40.547066] Security group rules were updated (STDOUT, CELL)#
#2026 08 26 15:36:44.975#Z#DEBUG#c28227b5-a163-11f1-b062-eeee0a986ec4.ResilienceCockpit-db-deployer#flowable-async-job-executor-thread-2672#
[PollExecuteTaskStatusExecution] 2d23200b-60aa-4519-b7f8-9f40de7a8ecc [2026-08-25T17:36:40.600846] Cell 4dc0bb62-dd25-443a-a962-806e343d783f successfully created container for instance ccf44529-92c1-4b2f-b3fc-ff5049e7e86f (STDOUT, CELL)#
#2026 08 26 15:36:44.975#Z#DEBUG#c28227b5-a163-11f1-b062-eeee0a986ec4.ResilienceCockpit-db-deployer#flowable-async-job-executor-thread-2672#
[PollExecuteTaskStatusExecution] 2d23200b-60aa-4519-b7f8-9f40de7a8ecc [2026-08-25T17:36:43.611565] Invoking pre-start scripts. (STDOUT, APP/TASK/deploy)#
#2026 08 26 15:36:44.975#Z#DEBUG#c28227b5-a163-11f1-b062-eeee0a986ec4.ResilienceCockpit-db-deployer#flowable-async-job-executor-thread-2672#
[PollExecuteTaskStatusExecution] 2d23200b-60aa-4519-b7f8-9f40de7a8ecc [2026-08-25T17:36:43.752536] Invoking start command. (STDOUT, APP/TASK/deploy)#
#2026 08 26 15:36:44.975#Z#DEBUG#c28227b5-a163-11f1-b062-eeee0a986ec4.ResilienceCockpit-db-deployer#flowable-async-job-executor-thread-2672#
[PollExecuteTaskStatusExecution] 2d23200b-60aa-4519-b7f8-9f40de7a8ecc [2026-08-25T17:36:44.043057] > start (STDOUT, APP/TASK/deploy)#
#2026 08 26 15:36:44.975#Z#DEBUG#c28227b5-a163-11f1-b062-eeee0a986ec4.ResilienceCockpit-db-deployer#flowable-async-job-executor-thread-2672#
[PollExecuteTaskStatusExecution] 2d23200b-60aa-4519-b7f8-9f40de7a8ecc [2026-08-25T17:36:44.043085] > node node_modules/@sap/hdi-deploy/deploy.js --use-hdb --parameter com.sap.hana.di.table/try_fast_table_migration=true (STDOUT, APP/TASK/deploy)#
#2026 08 26 15:36:44.975#Z#DEBUG#c28227b5-a163-11f1-b062-eeee0a986ec4.ResilienceCockpit-db-deployer#flowable-async-job-executor-thread-2672#
[PollExecuteTaskStatusExecution] 2d23200b-60aa-4519-b7f8-9f40de7a8ecc [2026-08-25T17:36:44.140644] VCAP_SERVICES: (STDOUT, APP/TASK/deploy)#
#2026 08 26 15:36:44.975#Z#DEBUG#c28227b5-a163-11f1-b062-eeee0a986ec4.ResilienceCockpit-db-deployer#flowable-async-job-executor-thread-2672#
[PollExecuteTaskStatusExecution] 2d23200b-60aa-4519-b7f8-9f40de7a8ecc [2026-08-25T17:36:44.141072] { (STDOUT, APP/TASK/deploy)#
#2026 08 26 15:36:44.975#Z#DEBUG#c28227b5-a163-11f1-b062-eeee0a986ec4.ResilienceCockpit-db-deployer#flowable-async-job-executor-thread-2672#
[PollExecuteTaskStatusExecution] 2d23200b-60aa-4519-b7f8-9f40de7a8ecc [2026-08-25T17:36:44.141095] "hana": [ (STDOUT, APP/TASK/deploy)#
#2026 08 26 15:36:44.975#Z#DEBUG#c28227b5-a163-11f1-b062-eeee0a986ec4.ResilienceCockpit-db-deployer#flowable-async-job-executor-thread-2672#
[PollExecuteTaskStatusExecution] 2d23200b-60aa-4519-b7f8-9f40de7a8ecc [2026-08-25T17:36:44.141099] { (STDOUT, APP/TASK/deploy)#
#2026 08 26 15:36:44.975#Z#DEBUG#c28227b5-a163-11f1-b062-eeee0a986ec4.ResilienceCockpit-db-deployer#flowable-async-job-executor-thread-2672#
[PollExecuteTaskStatusExecution] 2d23200b-60aa-4519-b7f8-9f40de7a8ecc [2026-08-25T17:36:44.141106] "name": "ResilienceCockpit-db", (STDOUT, APP/TASK/deploy)#
#2026 08 26 15:36:44.975#Z#DEBUG#c28227b5-a163-11f1-b062-eeee0a986ec4.ResilienceCockpit-db-deployer#flowable-async-job-executor-thread-2672#
[PollExecuteTaskStatusExecution] 2d23200b-60aa-4519-b7f8-9f40de7a8ecc [2026-08-25T17:36:44.141113] "label": "hana", (STDOUT, APP/TASK/deploy)#
#2026 08 26 15:36:44.975#Z#DEBUG#c28227b5-a163-11f1-b062-eeee0a986ec4.ResilienceCockpit-db-deployer#flowable-async-job-executor-thread-2672#
[PollExecuteTaskStatusExecution] 2d23200b-60aa-4519-b7f8-9f40de7a8ecc [2026-08-25T17:36:44.141117] "plan": "hdi-shared", (STDOUT, APP/TASK/deploy)#
#2026 08 26 15:36:44.975#Z#DEBUG#c28227b5-a163-11f1-b062-eeee0a986ec4.ResilienceCockpit-db-deployer#flowable-async-job-executor-thread-2672#
[PollExecuteTaskStatusExecution] 2d23200b-60aa-4519-b7f8-9f40de7a8ecc [2026-08-25T17:36:44.141124] "credentials": { (STDOUT, APP/TASK/deploy)#
#2026 08 26 15:36:44.975#Z#DEBUG#c28227b5-a163-11f1-b062-eeee0a986ec4.ResilienceCockpit-db-deployer#flowable-async-job-executor-thread-2672#
[PollExecuteTaskStatusExecution] 2d23200b-60aa-4519-b7f8-9f40de7a8ecc [2026-08-25T17:36:44.141128] "schema": "8697B1A4A8B84AC49EFF171810969752", (STDOUT, APP/TASK/deploy)#
#2026 08 26 15:36:44.975#Z#DEBUG#c28227b5-a163-11f1-b062-eeee0a986ec4.ResilienceCockpit-db-deployer#flowable-async-job-executor-thread-2672#
[PollExecuteTaskStatusExecution] 2d23200b-60aa-4519-b7f8-9f40de7a8ecc [2026-08-25T17:36:44.141132] "database_id": "eb9e608b-a8d8-462e-98e7-906abde25244", (STDOUT, APP/TASK/deploy)#
#2026 08 26 15:36:44.975#Z#DEBUG#c28227b5-a163-11f1-b062-eeee0a986ec4.ResilienceCockpit-db-deployer#flowable-async-job-executor-thread-2672#
[PollExecuteTaskStatusExecution] 2d23200b-60aa-4519-b7f8-9f40de7a8ecc [2026-08-25T17:36:44.141136] "user": "8697B1A4A8B84AC49EFF171810969752_94GU5GV2BBQ6JWQX102ZOJ91W_RT", (STDOUT, APP/TASK/deploy)#
#2026 08 26 15:36:44.975#Z#DEBUG#c28227b5-a163-11f1-b062-eeee0a986ec4.ResilienceCockpit-db-deployer#flowable-async-job-executor-thread-2672#
[PollExecuteTaskStatusExecution] 2d23200b-60aa-4519-b7f8-9f40de7a8ecc [2026-08-25T17:36:44.141141] "hdi_user": "8697B1A4A8B84AC49EFF171810969752_94GU5GV2BBQ6JWQX102ZOJ91W_DT" (STDOUT, APP/TASK/deploy)#
#2026 08 26 15:36:44.975#Z#DEBUG#c28227b5-a163-11f1-b062-eeee0a986ec4.ResilienceCockpit-db-deployer#flowable-async-job-executor-thread-2672#
[PollExecuteTaskStatusExecution] 2d23200b-60aa-4519-b7f8-9f40de7a8ecc [2026-08-25T17:36:44.141145] }, (STDOUT, APP/TASK/deploy)#
#2026 08 26 15:36:44.975#Z#DEBUG#c28227b5-a163-11f1-b062-eeee0a986ec4.ResilienceCockpit-db-deployer#flowable-async-job-executor-thread-2672#
[PollExecuteTaskStatusExecution] 2d23200b-60aa-4519-b7f8-9f40de7a8ecc [2026-08-25T17:36:44.141149] "tags": [ (STDOUT, APP/TASK/deploy)#
#2026 08 26 15:36:44.975#Z#DEBUG#c28227b5-a163-11f1-b062-eeee0a986ec4.ResilienceCockpit-db-deployer#flowable-async-job-executor-thread-2672#
[PollExecuteTaskStatusExecution] 2d23200b-60aa-4519-b7f8-9f40de7a8ecc [2026-08-25T17:36:44.141153] "hana", (STDOUT, APP/TASK/deploy)#
#2026 08 26 15:36:44.975#Z#DEBUG#c28227b5-a163-11f1-b062-eeee0a986ec4.ResilienceCockpit-db-deployer#flowable-async-job-executor-thread-2672#
[PollExecuteTaskStatusExecution] 2d23200b-60aa-4519-b7f8-9f40de7a8ecc [2026-08-25T17:36:44.141156] "database", (STDOUT, APP/TASK/deploy)#
#2026 08 26 15:36:44.975#Z#DEBUG#c28227b5-a163-11f1-b062-eeee0a986ec4.ResilienceCockpit-db-deployer#flowable-async-job-executor-thread-2672#
[PollExecuteTaskStatusExecution] 2d23200b-60aa-4519-b7f8-9f40de7a8ecc [2026-08-25T17:36:44.141160] "relational" (STDOUT, APP/TASK/deploy)#
#2026 08 26 15:36:44.975#Z#DEBUG#c28227b5-a163-11f1-b062-eeee0a986ec4.ResilienceCockpit-db-deployer#flowable-async-job-executor-thread-2672#
[PollExecuteTaskStatusExecution] 2d23200b-60aa-4519-b7f8-9f40de7a8ecc [2026-08-25T17:36:44.141163] ] (STDOUT, APP/TASK/deploy)#
#2026 08 26 15:36:44.975#Z#DEBUG#c28227b5-a163-11f1-b062-eeee0a986ec4.ResilienceCockpit-db-deployer#flowable-async-job-executor-thread-2672#
[PollExecuteTaskStatusExecution] 2d23200b-60aa-4519-b7f8-9f40de7a8ecc [2026-08-25T17:36:44.141166] } (STDOUT, APP/TASK/deploy)#
#2026 08 26 15:36:44.975#Z#DEBUG#c28227b5-a163-11f1-b062-eeee0a986ec4.ResilienceCockpit-db-deployer#flowable-async-job-executor-thread-2672#
[PollExecuteTaskStatusExecution] 2d23200b-60aa-4519-b7f8-9f40de7a8ecc [2026-08-25T17:36:44.141169] ] (STDOUT, APP/TASK/deploy)#
#2026 08 26 15:36:44.975#Z#DEBUG#c28227b5-a163-11f1-b062-eeee0a986ec4.ResilienceCockpit-db-deployer#flowable-async-job-executor-thread-2672#
[PollExecuteTaskStatusExecution] 2d23200b-60aa-4519-b7f8-9f40de7a8ecc [2026-08-25T17:36:44.141172] } (STDOUT, APP/TASK/deploy)#
#2026 08 26 15:36:44.975#Z#DEBUG#c28227b5-a163-11f1-b062-eeee0a986ec4.ResilienceCockpit-db-deployer#flowable-async-job-executor-thread-2672#
[PollExecuteTaskStatusExecution] 2d23200b-60aa-4519-b7f8-9f40de7a8ecc [2026-08-25T17:36:44.498272] @sap/hdi-deploy, version 5.7.0 (mode default), server version 4.00.000.00.1785832557 (4.0.0.0), cloud version 2026.14.14, node version 24.18.0, HDI version 1016, container API version 1007 (STDOUT, APP/TASK/deploy)#
#2026 08 26 15:36:44.975#Z#DEBUG#c28227b5-a163-11f1-b062-eeee0a986ec4.ResilienceCockpit-db-deployer#flowable-async-job-executor-thread-2672#
[PollExecuteTaskStatusExecution] 2d23200b-60aa-4519-b7f8-9f40de7a8ecc [2026-08-25T17:36:44.498333] Deployment started at 2026-08-25 17:36:44 (STDOUT, APP/TASK/deploy)#
#2026 08 26 15:36:44.975#Z#DEBUG#c28227b5-a163-11f1-b062-eeee0a986ec4.ResilienceCockpit-db-deployer#flowable-async-job-executor-thread-2672#
[PollExecuteTaskStatusExecution] 2d23200b-60aa-4519-b7f8-9f40de7a8ecc [2026-08-25T17:36:44.498533] Using hdb@2.29.6 for connection (STDOUT, APP/TASK/deploy)#
#2026 08 26 15:36:44.975#Z#DEBUG#c28227b5-a163-11f1-b062-eeee0a986ec4.ResilienceCockpit-db-deployer#flowable-async-job-executor-thread-2672#
[PollExecuteTaskStatusExecution] 2d23200b-60aa-4519-b7f8-9f40de7a8ecc [2026-08-25T17:36:44.511997] No ignore file at /home/vcap/app/.hdiignore. (STDOUT, APP/TASK/deploy)#
#2026 08 26 15:36:44.975#Z#DEBUG#c28227b5-a163-11f1-b062-eeee0a986ec4.ResilienceCockpit-db-deployer#flowable-async-job-executor-thread-2672#
[PollExecuteTaskStatusExecution] 2d23200b-60aa-4519-b7f8-9f40de7a8ecc [2026-08-25T17:36:44.512281] Collecting files... (STDOUT, APP/TASK/deploy)#
#2026 08 26 15:36:44.975#Z#DEBUG#c28227b5-a163-11f1-b062-eeee0a986ec4.ResilienceCockpit-db-deployer#flowable-async-job-executor-thread-2672#
[PollExecuteTaskStatusExecution] 2d23200b-60aa-4519-b7f8-9f40de7a8ecc [2026-08-25T17:36:44.517060] Collecting files... ok (0s 5ms) (STDOUT, APP/TASK/deploy)#
#2026 08 26 15:36:44.975#Z#DEBUG#c28227b5-a163-11f1-b062-eeee0a986ec4.ResilienceCockpit-db-deployer#flowable-async-job-executor-thread-2672#
[PollExecuteTaskStatusExecution] 2d23200b-60aa-4519-b7f8-9f40de7a8ecc [2026-08-25T17:36:44.517068] 3 directories collected (STDOUT, APP/TASK/deploy)#
#2026 08 26 15:36:44.975#Z#DEBUG#c28227b5-a163-11f1-b062-eeee0a986ec4.ResilienceCockpit-db-deployer#flowable-async-job-executor-thread-2672#
[PollExecuteTaskStatusExecution] 2d23200b-60aa-4519-b7f8-9f40de7a8ecc [2026-08-25T17:36:44.517077] 100 files collected (STDOUT, APP/TASK/deploy)#
#2026 08 26 15:36:44.975#Z#DEBUG#c28227b5-a163-11f1-b062-eeee0a986ec4.ResilienceCockpit-db-deployer#flowable-async-job-executor-thread-2672#
[PollExecuteTaskStatusExecution] 2d23200b-60aa-4519-b7f8-9f40de7a8ecc [2026-08-25T17:36:44.517085] 0 reusable modules collected (STDOUT, APP/TASK/deploy)#
#2026 08 26 15:36:44.975#Z#DEBUG#c28227b5-a163-11f1-b062-eeee0a986ec4.ResilienceCockpit-db-deployer#flowable-async-job-executor-thread-2672#
[PollExecuteTaskStatusExecution] 2d23200b-60aa-4519-b7f8-9f40de7a8ecc [2026-08-25T17:36:44.517140] Target service: ResilienceCockpit-db (STDOUT, APP/TASK/deploy)#
#2026 08 26 15:36:44.975#Z#DEBUG#c28227b5-a163-11f1-b062-eeee0a986ec4.ResilienceCockpit-db-deployer#flowable-async-job-executor-thread-2672#
[PollExecuteTaskStatusExecution] 2d23200b-60aa-4519-b7f8-9f40de7a8ecc [2026-08-25T17:36:44.666913] Previous build with request ID 90 finished at 2026-08-25T12:04:24.429 with status Rolled back and message: Starting make in the container "8697B1A4A8B84AC49EFF171810969752" with 0 files to deploy, 0 files to undeploy... ok. (STDOUT, APP/TASK/deploy)#
#2026 08 26 15:36:44.975#Z#DEBUG#c28227b5-a163-11f1-b062-eeee0a986ec4.ResilienceCockpit-db-deployer#flowable-async-job-executor-thread-2672#
[PollExecuteTaskStatusExecution] 2d23200b-60aa-4519-b7f8-9f40de7a8ecc [2026-08-25T17:36:44.666942] Processing revoke files... (STDOUT, APP/TASK/deploy)#
#2026 08 26 15:36:44.975#Z#DEBUG#c28227b5-a163-11f1-b062-eeee0a986ec4.ResilienceCockpit-db-deployer#flowable-async-job-executor-thread-2672#
[PollExecuteTaskStatusExecution] 2d23200b-60aa-4519-b7f8-9f40de7a8ecc [2026-08-25T17:36:44.666971] Processing revoke files... ok (0s 0ms) (STDOUT, APP/TASK/deploy)#
#2026 08 26 15:36:44.975#Z#DEBUG#c28227b5-a163-11f1-b062-eeee0a986ec4.ResilienceCockpit-db-deployer#flowable-async-job-executor-thread-2672#
[PollExecuteTaskStatusExecution] 2d23200b-60aa-4519-b7f8-9f40de7a8ecc [2026-08-25T17:36:44.667086] Processing grants files... (STDOUT, APP/TASK/deploy)#
#2026 08 26 15:36:44.975#Z#DEBUG#c28227b5-a163-11f1-b062-eeee0a986ec4.ResilienceCockpit-db-deployer#flowable-async-job-executor-thread-2672#
[PollExecuteTaskStatusExecution] 2d23200b-60aa-4519-b7f8-9f40de7a8ecc [2026-08-25T17:36:44.667108] Processing grants files... ok (0s 0ms) (STDOUT, APP/TASK/deploy)#
#2026 08 26 15:36:44.975#Z#DEBUG#c28227b5-a163-11f1-b062-eeee0a986ec4.ResilienceCockpit-db-deployer#flowable-async-job-executor-thread-2672#
[PollExecuteTaskStatusExecution] 2d23200b-60aa-4519-b7f8-9f40de7a8ecc [2026-08-25T17:36:44.668751] Preprocessing files... (STDOUT, APP/TASK/deploy)#
#2026 08 26 15:36:44.975#Z#DEBUG#c28227b5-a163-11f1-b062-eeee0a986ec4.ResilienceCockpit-db-deployer#flowable-async-job-executor-thread-2672#
[PollExecuteTaskStatusExecution] 2d23200b-60aa-4519-b7f8-9f40de7a8ecc [2026-08-25T17:36:44.668890] Preprocessing files... ok (0s 0ms) (STDOUT, APP/TASK/deploy)#
#2026 08 26 15:36:44.975#Z#DEBUG#c28227b5-a163-11f1-b062-eeee0a986ec4.ResilienceCockpit-db-deployer#flowable-async-job-executor-thread-2672#
[PollExecuteTaskStatusExecution] 2d23200b-60aa-4519-b7f8-9f40de7a8ecc [2026-08-25T17:36:44.668964] Connecting to the container "8697B1A4A8B84AC49EFF171810969752"... (STDOUT, APP/TASK/deploy)#
#2026 08 26 15:36:44.975#Z#DEBUG#c28227b5-a163-11f1-b062-eeee0a986ec4.ResilienceCockpit-db-deployer#flowable-async-job-executor-thread-2672#
[PollExecuteTaskStatusExecution] 2d23200b-60aa-4519-b7f8-9f40de7a8ecc [2026-08-25T17:36:44.732622] Connecting to the container "8697B1A4A8B84AC49EFF171810969752"... ok (0s 64ms) (STDOUT, APP/TASK/deploy)#
#2026 08 26 15:36:44.975#Z#DEBUG#c28227b5-a163-11f1-b062-eeee0a986ec4.ResilienceCockpit-db-deployer#flowable-async-job-executor-thread-2672#
[PollExecuteTaskStatusExecution] 2d23200b-60aa-4519-b7f8-9f40de7a8ecc [2026-08-25T17:36:44.732644] Locking the container "8697B1A4A8B84AC49EFF171810969752"... (STDOUT, APP/TASK/deploy)#
#2026 08 26 15:36:44.975#Z#DEBUG#c28227b5-a163-11f1-b062-eeee0a986ec4.ResilienceCockpit-db-deployer#flowable-async-job-executor-thread-2672#
[PollExecuteTaskStatusExecution] 2d23200b-60aa-4519-b7f8-9f40de7a8ecc [2026-08-25T17:36:44.866671] Locking the container "8697B1A4A8B84AC49EFF171810969752"... ok (0s 134ms) (STDOUT, APP/TASK/deploy)#
#2026 08 26 15:36:44.975#Z#DEBUG#c28227b5-a163-11f1-b062-eeee0a986ec4.ResilienceCockpit-db-deployer#flowable-async-job-executor-thread-2672#
[PollExecuteTaskStatusExecution] 2d23200b-60aa-4519-b7f8-9f40de7a8ecc [2026-08-25T17:36:44.866684] Synchronizing files with the container "8697B1A4A8B84AC49EFF171810969752"... (STDOUT, APP/TASK/deploy)#
#2026 08 26 15:36:44.975#Z#DEBUG#c28227b5-a163-11f1-b062-eeee0a986ec4.ResilienceCockpit-db-deployer#flowable-async-job-executor-thread-2672#
[PollExecuteTaskStatusExecution] 2d23200b-60aa-4519-b7f8-9f40de7a8ecc [2026-08-25T17:36:45.145833] Deleting files... (STDOUT, APP/TASK/deploy)#
#2026 08 26 15:36:44.975#Z#DEBUG#c28227b5-a163-11f1-b062-eeee0a986ec4.ResilienceCockpit-db-deployer#flowable-async-job-executor-thread-2672#
[PollExecuteTaskStatusExecution] 2d23200b-60aa-4519-b7f8-9f40de7a8ecc [2026-08-25T17:36:45.285970] Deleting files... ok (STDOUT, APP/TASK/deploy)#
#2026 08 26 15:36:44.975#Z#DEBUG#c28227b5-a163-11f1-b062-eeee0a986ec4.ResilienceCockpit-db-deployer#flowable-async-job-executor-thread-2672#
[PollExecuteTaskStatusExecution] 2d23200b-60aa-4519-b7f8-9f40de7a8ecc [2026-08-25T17:36:45.285983] Writing files... (STDOUT, APP/TASK/deploy)#
#2026 08 26 15:36:44.975#Z#DEBUG#c28227b5-a163-11f1-b062-eeee0a986ec4.ResilienceCockpit-db-deployer#flowable-async-job-executor-thread-2672#
[PollExecuteTaskStatusExecution] 2d23200b-60aa-4519-b7f8-9f40de7a8ecc [2026-08-25T17:36:45.286117] Writing 3 items (STDOUT, APP/TASK/deploy)#
#2026 08 26 15:36:44.975#Z#DEBUG#c28227b5-a163-11f1-b062-eeee0a986ec4.ResilienceCockpit-db-deployer#flowable-async-job-executor-thread-2672#
[PollExecuteTaskStatusExecution] 2d23200b-60aa-4519-b7f8-9f40de7a8ecc [2026-08-25T17:36:45.459829] Writing files... ok (STDOUT, APP/TASK/deploy)#
#2026 08 26 15:36:44.975#Z#DEBUG#c28227b5-a163-11f1-b062-eeee0a986ec4.ResilienceCockpit-db-deployer#flowable-async-job-executor-thread-2672#
[PollExecuteTaskStatusExecution] 2d23200b-60aa-4519-b7f8-9f40de7a8ecc [2026-08-25T17:36:45.459841] Synchronizing files with the container "8697B1A4A8B84AC49EFF171810969752"... ok (0s 593ms) (STDOUT, APP/TASK/deploy)#
#2026 08 26 15:36:44.975#Z#DEBUG#c28227b5-a163-11f1-b062-eeee0a986ec4.ResilienceCockpit-db-deployer#flowable-async-job-executor-thread-2672#
[PollExecuteTaskStatusExecution] 2d23200b-60aa-4519-b7f8-9f40de7a8ecc [2026-08-25T17:36:45.460125] added files: [] (STDOUT, APP/TASK/deploy)#
#2026 08 26 15:36:44.975#Z#DEBUG#c28227b5-a163-11f1-b062-eeee0a986ec4.ResilienceCockpit-db-deployer#flowable-async-job-executor-thread-2672#
[PollExecuteTaskStatusExecution] 2d23200b-60aa-4519-b7f8-9f40de7a8ecc [2026-08-25T17:36:45.460133] modified files: [] (STDOUT, APP/TASK/deploy)#
#2026 08 26 15:36:44.975#Z#DEBUG#c28227b5-a163-11f1-b062-eeee0a986ec4.ResilienceCockpit-db-deployer#flowable-async-job-executor-thread-2672#
[PollExecuteTaskStatusExecution] 2d23200b-60aa-4519-b7f8-9f40de7a8ecc [2026-08-25T17:36:45.460139] deleted files: [] (STDOUT, APP/TASK/deploy)#
#2026 08 26 15:36:44.975#Z#DEBUG#c28227b5-a163-11f1-b062-eeee0a986ec4.ResilienceCockpit-db-deployer#flowable-async-job-executor-thread-2672#
[PollExecuteTaskStatusExecution] 2d23200b-60aa-4519-b7f8-9f40de7a8ecc [2026-08-25T17:36:45.460240] 0 modified or added files are scheduled for deploy based on delta detection (STDOUT, APP/TASK/deploy)#
#2026 08 26 15:36:44.975#Z#DEBUG#c28227b5-a163-11f1-b062-eeee0a986ec4.ResilienceCockpit-db-deployer#flowable-async-job-executor-thread-2672#
[PollExecuteTaskStatusExecution] 2d23200b-60aa-4519-b7f8-9f40de7a8ecc [2026-08-25T17:36:45.460443] 0 deleted files are scheduled for undeploy based on delta detection (filtered by undeploy allowlist) (STDOUT, APP/TASK/deploy)#
#2026 08 26 15:36:44.975#Z#DEBUG#c28227b5-a163-11f1-b062-eeee0a986ec4.ResilienceCockpit-db-deployer#flowable-async-job-executor-thread-2672#
[PollExecuteTaskStatusExecution] 2d23200b-60aa-4519-b7f8-9f40de7a8ecc [2026-08-25T17:36:45.460516] 0 files are scheduled for deploy based on explicit specification (STDOUT, APP/TASK/deploy)#
#2026 08 26 15:36:44.975#Z#DEBUG#c28227b5-a163-11f1-b062-eeee0a986ec4.ResilienceCockpit-db-deployer#flowable-async-job-executor-thread-2672#
[PollExecuteTaskStatusExecution] 2d23200b-60aa-4519-b7f8-9f40de7a8ecc [2026-08-25T17:36:45.460523] 0 files are scheduled for undeploy based on explicit specification (STDOUT, APP/TASK/deploy)#
#2026 08 26 15:36:44.975#Z#DEBUG#c28227b5-a163-11f1-b062-eeee0a986ec4.ResilienceCockpit-db-deployer#flowable-async-job-executor-thread-2672#
[PollExecuteTaskStatusExecution] 2d23200b-60aa-4519-b7f8-9f40de7a8ecc [2026-08-25T17:36:45.460572] Deploying to the container "8697B1A4A8B84AC49EFF171810969752"... (STDOUT, APP/TASK/deploy)#
#2026 08 26 15:36:44.975#Z#DEBUG#c28227b5-a163-11f1-b062-eeee0a986ec4.ResilienceCockpit-db-deployer#flowable-async-job-executor-thread-2672#
[PollExecuteTaskStatusExecution] 2d23200b-60aa-4519-b7f8-9f40de7a8ecc [2026-08-25T17:36:45.838600] Starting make in the container "8697B1A4A8B84AC49EFF171810969752" with 0 files to deploy, 0 files to undeploy... (STDOUT, APP/TASK/deploy)#
#2026 08 26 15:36:44.975#Z#DEBUG#c28227b5-a163-11f1-b062-eeee0a986ec4.ResilienceCockpit-db-deployer#flowable-async-job-executor-thread-2672#
[PollExecuteTaskStatusExecution] 2d23200b-60aa-4519-b7f8-9f40de7a8ecc [2026-08-25T17:36:45.838617] Disabling table replication for the container schema "8697B1A4A8B84AC49EFF171810969752"... (STDOUT, APP/TASK/deploy)#
#2026 08 26 15:36:44.975#Z#DEBUG#c28227b5-a163-11f1-b062-eeee0a986ec4.ResilienceCockpit-db-deployer#flowable-async-job-executor-thread-2672#
[PollExecuteTaskStatusExecution] 2d23200b-60aa-4519-b7f8-9f40de7a8ecc [2026-08-25T17:36:45.838625] Disabling table replication for the container schema "8697B1A4A8B84AC49EFF171810969752"... ok (0s 12ms) (STDOUT, APP/TASK/deploy)#
#2026 08 26 15:36:44.975#Z#DEBUG#c28227b5-a163-11f1-b062-eeee0a986ec4.ResilienceCockpit-db-deployer#flowable-async-job-executor-thread-2672#
[PollExecuteTaskStatusExecution] 2d23200b-60aa-4519-b7f8-9f40de7a8ecc [2026-08-25T17:36:45.838637] Migrating libraries... (STDOUT, APP/TASK/deploy)#
#2026 08 26 15:36:44.975#Z#DEBUG#c28227b5-a163-11f1-b062-eeee0a986ec4.ResilienceCockpit-db-deployer#flowable-async-job-executor-thread-2672#
[PollExecuteTaskStatusExecution] 2d23200b-60aa-4519-b7f8-9f40de7a8ecc [2026-08-25T17:36:45.838641] Migrating libraries... ok (0s 13ms) (STDOUT, APP/TASK/deploy)#
#2026 08 26 15:36:44.975#Z#DEBUG#c28227b5-a163-11f1-b062-eeee0a986ec4.ResilienceCockpit-db-deployer#flowable-async-job-executor-thread-2672#
[PollExecuteTaskStatusExecution] 2d23200b-60aa-4519-b7f8-9f40de7a8ecc [2026-08-25T17:36:45.838643] Making... (STDOUT, APP/TASK/deploy)#
#2026 08 26 15:36:44.975#Z#DEBUG#c28227b5-a163-11f1-b062-eeee0a986ec4.ResilienceCockpit-db-deployer#flowable-async-job-executor-thread-2672#
[PollExecuteTaskStatusExecution] 2d23200b-60aa-4519-b7f8-9f40de7a8ecc [2026-08-25T17:36:45.838646] Preparing... (STDOUT, APP/TASK/deploy)#
#2026 08 26 15:36:44.975#Z#DEBUG#c28227b5-a163-11f1-b062-eeee0a986ec4.ResilienceCockpit-db-deployer#flowable-async-job-executor-thread-2672#
[PollExecuteTaskStatusExecution] 2d23200b-60aa-4519-b7f8-9f40de7a8ecc [2026-08-25T17:36:45.838651] Preparing... ok (0s 1ms) (STDOUT, APP/TASK/deploy)#
#2026 08 26 15:36:44.975#Z#DEBUG#c28227b5-a163-11f1-b062-eeee0a986ec4.ResilienceCockpit-db-deployer#flowable-async-job-executor-thread-2672#
[PollExecuteTaskStatusExecution] 2d23200b-60aa-4519-b7f8-9f40de7a8ecc [2026-08-25T17:36:45.838654] Preparing the make transaction... (STDOUT, APP/TASK/deploy)#
#2026 08 26 15:36:44.975#Z#DEBUG#c28227b5-a163-11f1-b062-eeee0a986ec4.ResilienceCockpit-db-deployer#flowable-async-job-executor-thread-2672#
[PollExecuteTaskStatusExecution] 2d23200b-60aa-4519-b7f8-9f40de7a8ecc [2026-08-25T17:36:45.838666] Preparing the make transaction... ok (0s 21ms) (STDOUT, APP/TASK/deploy)#
#2026 08 26 15:36:44.975#Z#DEBUG#c28227b5-a163-11f1-b062-eeee0a986ec4.ResilienceCockpit-db-deployer#flowable-async-job-executor-thread-2672#
[PollExecuteTaskStatusExecution] 2d23200b-60aa-4519-b7f8-9f40de7a8ecc [2026-08-25T17:36:45.838670] Calculating dependencies... (STDOUT, APP/TASK/deploy)#
#2026 08 26 15:36:44.975#Z#DEBUG#c28227b5-a163-11f1-b062-eeee0a986ec4.ResilienceCockpit-db-deployer#flowable-async-job-executor-thread-2672#
[PollExecuteTaskStatusExecution] 2d23200b-60aa-4519-b7f8-9f40de7a8ecc [2026-08-25T17:36:45.838685] Expanding... (STDOUT, APP/TASK/deploy)#
#2026 08 26 15:36:44.975#Z#DEBUG#c28227b5-a163-11f1-b062-eeee0a986ec4.ResilienceCockpit-db-deployer#flowable-async-job-executor-thread-2672#
[PollExecuteTaskStatusExecution] 2d23200b-60aa-4519-b7f8-9f40de7a8ecc [2026-08-25T17:36:45.838688] Expanding... ok (0s 18ms) (STDOUT, APP/TASK/deploy)#
#2026 08 26 15:36:44.975#Z#DEBUG#c28227b5-a163-11f1-b062-eeee0a986ec4.ResilienceCockpit-db-deployer#flowable-async-job-executor-thread-2672#
[PollExecuteTaskStatusExecution] 2d23200b-60aa-4519-b7f8-9f40de7a8ecc [2026-08-25T17:36:45.838692] Precompiling... (STDOUT, APP/TASK/deploy)#
#2026 08 26 15:36:44.975#Z#DEBUG#c28227b5-a163-11f1-b062-eeee0a986ec4.ResilienceCockpit-db-deployer#flowable-async-job-executor-thread-2672#
[PollExecuteTaskStatusExecution] 2d23200b-60aa-4519-b7f8-9f40de7a8ecc [2026-08-25T17:36:45.838759] Precompiling... ok (0s 0ms) (STDOUT, APP/TASK/deploy)#
#2026 08 26 15:36:44.975#Z#DEBUG#c28227b5-a163-11f1-b062-eeee0a986ec4.ResilienceCockpit-db-deployer#flowable-async-job-executor-thread-2672#
[PollExecuteTaskStatusExecution] 2d23200b-60aa-4519-b7f8-9f40de7a8ecc [2026-08-25T17:36:45.838771] Merging... (STDOUT, APP/TASK/deploy)#
#2026 08 26 15:36:44.975#Z#DEBUG#c28227b5-a163-11f1-b062-eeee0a986ec4.ResilienceCockpit-db-deployer#flowable-async-job-executor-thread-2672#
[PollExecuteTaskStatusExecution] 2d23200b-60aa-4519-b7f8-9f40de7a8ecc [2026-08-25T17:36:45.838773] Merging... ok (0s 0ms) (STDOUT, APP/TASK/deploy)#
#2026 08 26 15:36:44.975#Z#DEBUG#c28227b5-a163-11f1-b062-eeee0a986ec4.ResilienceCockpit-db-deployer#flowable-async-job-executor-thread-2672#
[PollExecuteTaskStatusExecution] 2d23200b-60aa-4519-b7f8-9f40de7a8ecc [2026-08-25T17:36:45.838786] Calculating dependencies... ok (0s 18ms) (STDOUT, APP/TASK/deploy)#
#2026 08 26 15:36:44.975#Z#DEBUG#c28227b5-a163-11f1-b062-eeee0a986ec4.ResilienceCockpit-db-deployer#flowable-async-job-executor-thread-2672#
[PollExecuteTaskStatusExecution] 2d23200b-60aa-4519-b7f8-9f40de7a8ecc [2026-08-25T17:36:45.838789] No make necessary (STDOUT, APP/TASK/deploy)#
#2026 08 26 15:36:44.975#Z#DEBUG#c28227b5-a163-11f1-b062-eeee0a986ec4.ResilienceCockpit-db-deployer#flowable-async-job-executor-thread-2672#
[PollExecuteTaskStatusExecution] 2d23200b-60aa-4519-b7f8-9f40de7a8ecc [2026-08-25T17:36:45.838821] Making... ok (0s 155ms) (STDOUT, APP/TASK/deploy)#
#2026 08 26 15:36:44.975#Z#DEBUG#c28227b5-a163-11f1-b062-eeee0a986ec4.ResilienceCockpit-db-deployer#flowable-async-job-executor-thread-2672#
[PollExecuteTaskStatusExecution] 2d23200b-60aa-4519-b7f8-9f40de7a8ecc [2026-08-25T17:36:45.838826] Enabling table replication for the container schema "8697B1A4A8B84AC49EFF171810969752"... (STDOUT, APP/TASK/deploy)#
#2026 08 26 15:36:44.975#Z#DEBUG#c28227b5-a163-11f1-b062-eeee0a986ec4.ResilienceCockpit-db-deployer#flowable-async-job-executor-thread-2672#
[PollExecuteTaskStatusExecution] 2d23200b-60aa-4519-b7f8-9f40de7a8ecc [2026-08-25T17:36:45.838855] Enabling table replication for the container schema "8697B1A4A8B84AC49EFF171810969752"... ok (0s 8ms) (STDOUT, APP/TASK/deploy)#
#2026 08 26 15:36:44.975#Z#DEBUG#c28227b5-a163-11f1-b062-eeee0a986ec4.ResilienceCockpit-db-deployer#flowable-async-job-executor-thread-2672#
[PollExecuteTaskStatusExecution] 2d23200b-60aa-4519-b7f8-9f40de7a8ecc [2026-08-25T17:36:45.838858] Starting make in the container "8697B1A4A8B84AC49EFF171810969752" with 0 files to deploy, 0 files to undeploy... ok (0s 194ms) (STDOUT, APP/TASK/deploy)#
#2026 08 26 15:36:44.975#Z#DEBUG#c28227b5-a163-11f1-b062-eeee0a986ec4.ResilienceCockpit-db-deployer#flowable-async-job-executor-thread-2672#
[PollExecuteTaskStatusExecution] 2d23200b-60aa-4519-b7f8-9f40de7a8ecc [2026-08-25T17:36:45.839145] Deploying to the container "8697B1A4A8B84AC49EFF171810969752"... ok (0s 379ms) (STDOUT, APP/TASK/deploy)#
#2026 08 26 15:36:44.975#Z#DEBUG#c28227b5-a163-11f1-b062-eeee0a986ec4.ResilienceCockpit-db-deployer#flowable-async-job-executor-thread-2672#
[PollExecuteTaskStatusExecution] 2d23200b-60aa-4519-b7f8-9f40de7a8ecc [2026-08-25T17:36:45.839371] No default-access-role handling needed; global role "8697B1A4A8B84AC49EFF171810969752::access_role" will not be adapted (STDOUT, APP/TASK/deploy)#
#2026 08 26 15:36:44.975#Z#DEBUG#c28227b5-a163-11f1-b062-eeee0a986ec4.ResilienceCockpit-db-deployer#flowable-async-job-executor-thread-2672#
[PollExecuteTaskStatusExecution] 2d23200b-60aa-4519-b7f8-9f40de7a8ecc [2026-08-25T17:36:45.839474] Unlocking the container "8697B1A4A8B84AC49EFF171810969752"... (STDOUT, APP/TASK/deploy)#
#2026 08 26 15:36:44.975#Z#DEBUG#c28227b5-a163-11f1-b062-eeee0a986ec4.ResilienceCockpit-db-deployer#flowable-async-job-executor-thread-2672#
[PollExecuteTaskStatusExecution] 2d23200b-60aa-4519-b7f8-9f40de7a8ecc [2026-08-25T17:36:45.839697] Unlocking the container "8697B1A4A8B84AC49EFF171810969752"... ok (0s 0ms) (STDOUT, APP/TASK/deploy)#
#2026 08 26 15:36:44.975#Z#DEBUG#c28227b5-a163-11f1-b062-eeee0a986ec4.ResilienceCockpit-db-deployer#flowable-async-job-executor-thread-2672#
[PollExecuteTaskStatusExecution] 2d23200b-60aa-4519-b7f8-9f40de7a8ecc [2026-08-25T17:36:45.839807] Deployment to container 8697B1A4A8B84AC49EFF171810969752 done [Deployment ID: none]. (STDOUT, APP/TASK/deploy)#
#2026 08 26 15:36:44.975#Z#DEBUG#c28227b5-a163-11f1-b062-eeee0a986ec4.ResilienceCockpit-db-deployer#flowable-async-job-executor-thread-2672#
[PollExecuteTaskStatusExecution] 2d23200b-60aa-4519-b7f8-9f40de7a8ecc [2026-08-25T17:36:45.840163] Deployment ended at 2026-08-25 17:36:45 (STDOUT, APP/TASK/deploy)#
#2026 08 26 15:36:44.975#Z#DEBUG#c28227b5-a163-11f1-b062-eeee0a986ec4.ResilienceCockpit-db-deployer#flowable-async-job-executor-thread-2672#
[PollExecuteTaskStatusExecution] 2d23200b-60aa-4519-b7f8-9f40de7a8ecc [2026-08-25T17:36:45.840397] (1s 767ms) (STDOUT, APP/TASK/deploy)#
#2026 08 26 15:36:44.975#Z#DEBUG#c28227b5-a163-11f1-b062-eeee0a986ec4.ResilienceCockpit-db-deployer#flowable-async-job-executor-thread-2672#
[PollExecuteTaskStatusExecution] 2d23200b-60aa-4519-b7f8-9f40de7a8ecc [2026-08-25T17:36:45.850347] npm notice (STDERR, APP/TASK/deploy)#
#2026 08 26 15:36:44.975#Z#DEBUG#c28227b5-a163-11f1-b062-eeee0a986ec4.ResilienceCockpit-db-deployer#flowable-async-job-executor-thread-2672#
[PollExecuteTaskStatusExecution] 2d23200b-60aa-4519-b7f8-9f40de7a8ecc [2026-08-25T17:36:45.850362] npm notice New major version of npm available! 11.16.0 -> 12.0.2 (STDERR, APP/TASK/deploy)#
#2026 08 26 15:36:44.975#Z#DEBUG#c28227b5-a163-11f1-b062-eeee0a986ec4.ResilienceCockpit-db-deployer#flowable-async-job-executor-thread-2672#
[PollExecuteTaskStatusExecution] 2d23200b-60aa-4519-b7f8-9f40de7a8ecc [2026-08-25T17:36:45.850366] npm notice Changelog: https://github.com/npm/cli/releases/tag/v12.0.2 (STDERR, APP/TASK/deploy)#
#2026 08 26 15:36:44.975#Z#DEBUG#c28227b5-a163-11f1-b062-eeee0a986ec4.ResilienceCockpit-db-deployer#flowable-async-job-executor-thread-2672#
[PollExecuteTaskStatusExecution] 2d23200b-60aa-4519-b7f8-9f40de7a8ecc [2026-08-25T17:36:45.850369] npm notice To update run: npm install -g npm@12.0.2 (STDERR, APP/TASK/deploy)#
#2026 08 26 15:36:44.975#Z#DEBUG#c28227b5-a163-11f1-b062-eeee0a986ec4.ResilienceCockpit-db-deployer#flowable-async-job-executor-thread-2672#
[PollExecuteTaskStatusExecution] 2d23200b-60aa-4519-b7f8-9f40de7a8ecc [2026-08-25T17:36:45.850372] npm notice (STDERR, APP/TASK/deploy)#
#2026 08 26 15:36:44.975#Z#DEBUG#c28227b5-a163-11f1-b062-eeee0a986ec4.ResilienceCockpit-db-deployer#flowable-async-job-executor-thread-2672#
[PollExecuteTaskStatusExecution] 2d23200b-60aa-4519-b7f8-9f40de7a8ecc [2026-08-25T17:36:45.897385] Exit status 0 (STDOUT, APP/TASK/deploy)#
#2026 08 26 15:36:44.975#Z#DEBUG#c28227b5-a163-11f1-b062-eeee0a986ec4.ResilienceCockpit-db-deployer#flowable-async-job-executor-thread-2672#
[PollExecuteTaskStatusExecution] 2d23200b-60aa-4519-b7f8-9f40de7a8ecc [2026-08-25T17:36:46.692932] Cell 4dc0bb62-dd25-443a-a962-806e343d783f stopping instance ccf44529-92c1-4b2f-b3fc-ff5049e7e86f (STDOUT, CELL)#
#2026 08 26 15:36:44.975#Z#DEBUG#c28227b5-a163-11f1-b062-eeee0a986ec4.ResilienceCockpit-db-deployer#flowable-async-job-executor-thread-2672#
[PollExecuteTaskStatusExecution] 2d23200b-60aa-4519-b7f8-9f40de7a8ecc [2026-08-25T17:36:46.692996] Cell 4dc0bb62-dd25-443a-a962-806e343d783f destroying container for instance ccf44529-92c1-4b2f-b3fc-ff5049e7e86f (STDOUT, CELL)#
#2026 08 26 15:36:44.975#Z#DEBUG#c28227b5-a163-11f1-b062-eeee0a986ec4.ResilienceCockpit-db-deployer#flowable-async-job-executor-thread-2672#
[PollExecuteTaskStatusExecution] 2d23200b-60aa-4519-b7f8-9f40de7a8ecc [2026-08-25T17:36:48.936758] Cell 4dc0bb62-dd25-443a-a962-806e343d783f successfully destroyed container for instance ccf44529-92c1-4b2f-b3fc-ff5049e7e86f (STDOUT, CELL)#
#2026 08 26 15:36:44.975#Z#DEBUG#c28227b5-a163-11f1-b062-eeee0a986ec4.ResilienceCockpit-db-deployer#flowable-async-job-executor-thread-2672#
[PollExecuteTaskStatusExecution] 2d23200b-60aa-4519-b7f8-9f40de7a8ecc [2026-08-26T02:15:34.364252] Updated app with guid 2d23200b-60aa-4519-b7f8-9f40de7a8ecc ({"lifecycle"=>{"data"=>{"buildpacks"=>["nodejs_buildpack"]}, "type"=>"buildpack"}}) (STDOUT, API)#
#2026 08 26 15:36:44.975#Z#DEBUG#c28227b5-a163-11f1-b062-eeee0a986ec4.ResilienceCockpit-db-deployer#flowable-async-job-executor-thread-2672#
[PollExecuteTaskStatusExecution] 2d23200b-60aa-4519-b7f8-9f40de7a8ecc [2026-08-26T02:15:34.441394] Updating process: "web" (STDOUT, API)#
#2026 08 26 15:36:44.975#Z#DEBUG#c28227b5-a163-11f1-b062-eeee0a986ec4.ResilienceCockpit-db-deployer#flowable-async-job-executor-thread-2672#
[PollExecuteTaskStatusExecution] 2d23200b-60aa-4519-b7f8-9f40de7a8ecc [2026-08-26T02:15:41.774032] Uploading app package for app with guid 2d23200b-60aa-4519-b7f8-9f40de7a8ecc (STDOUT, API)#
#2026 08 26 15:36:44.975#Z#DEBUG#c28227b5-a163-11f1-b062-eeee0a986ec4.ResilienceCockpit-db-deployer#flowable-async-job-executor-thread-2672#
[PollExecuteTaskStatusExecution] 2d23200b-60aa-4519-b7f8-9f40de7a8ecc [2026-08-26T02:15:41.953741] Updated app with guid 2d23200b-60aa-4519-b7f8-9f40de7a8ecc ({"environment_variables"=>"[PRIVATE DATA HIDDEN]"}) (STDOUT, API)#
#2026 08 26 15:36:44.975#Z#DEBUG#c28227b5-a163-11f1-b062-eeee0a986ec4.ResilienceCockpit-db-deployer#flowable-async-job-executor-thread-2672#
[PollExecuteTaskStatusExecution] 2d23200b-60aa-4519-b7f8-9f40de7a8ecc [2026-08-26T02:15:51.735415] Creating build for app with guid 2d23200b-60aa-4519-b7f8-9f40de7a8ecc (STDOUT, API)#
#2026 08 26 15:36:44.975#Z#DEBUG#c28227b5-a163-11f1-b062-eeee0a986ec4.ResilienceCockpit-db-deployer#flowable-async-job-executor-thread-2672#
[PollExecuteTaskStatusExecution] 2d23200b-60aa-4519-b7f8-9f40de7a8ecc [2026-08-26T02:15:52.097615] Downloading nodejs_buildpack... (STDOUT, STG)#
#2026 08 26 15:36:44.975#Z#DEBUG#c28227b5-a163-11f1-b062-eeee0a986ec4.ResilienceCockpit-db-deployer#flowable-async-job-executor-thread-2672#
[PollExecuteTaskStatusExecution] 2d23200b-60aa-4519-b7f8-9f40de7a8ecc [2026-08-26T02:15:52.144711] Downloaded nodejs_buildpack (STDOUT, STG)#
#2026 08 26 15:36:44.975#Z#DEBUG#c28227b5-a163-11f1-b062-eeee0a986ec4.ResilienceCockpit-db-deployer#flowable-async-job-executor-thread-2672#
[PollExecuteTaskStatusExecution] 2d23200b-60aa-4519-b7f8-9f40de7a8ecc [2026-08-26T02:15:52.144790] Cell c343a1ce-501c-453d-aabd-5a2aaaa23496 creating container for instance db522982-4b02-44e4-8210-691af3aeceef (STDOUT, STG)#
#2026 08 26 15:36:44.975#Z#DEBUG#c28227b5-a163-11f1-b062-eeee0a986ec4.ResilienceCockpit-db-deployer#flowable-async-job-executor-thread-2672#
[PollExecuteTaskStatusExecution] 2d23200b-60aa-4519-b7f8-9f40de7a8ecc [2026-08-26T02:15:52.451749] Security group rules were updated (STDOUT, STG)#
#2026 08 26 15:36:44.975#Z#DEBUG#c28227b5-a163-11f1-b062-eeee0a986ec4.ResilienceCockpit-db-deployer#flowable-async-job-executor-thread-2672#
[PollExecuteTaskStatusExecution] 2d23200b-60aa-4519-b7f8-9f40de7a8ecc [2026-08-26T02:15:52.506935] Cell c343a1ce-501c-453d-aabd-5a2aaaa23496 successfully created container for instance db522982-4b02-44e4-8210-691af3aeceef (STDOUT, STG)#
#2026 08 26 15:36:44.975#Z#DEBUG#c28227b5-a163-11f1-b062-eeee0a986ec4.ResilienceCockpit-db-deployer#flowable-async-job-executor-thread-2672#
[PollExecuteTaskStatusExecution] 2d23200b-60aa-4519-b7f8-9f40de7a8ecc [2026-08-26T02:15:52.870098] Downloading app package... (STDOUT, STG)#
#2026 08 26 15:36:44.975#Z#DEBUG#c28227b5-a163-11f1-b062-eeee0a986ec4.ResilienceCockpit-db-deployer#flowable-async-job-executor-thread-2672#
[PollExecuteTaskStatusExecution] 2d23200b-60aa-4519-b7f8-9f40de7a8ecc [2026-08-26T02:15:52.870187] Downloading build artifacts cache... (STDOUT, STG)#
#2026 08 26 15:36:44.975#Z#DEBUG#c28227b5-a163-11f1-b062-eeee0a986ec4.ResilienceCockpit-db-deployer#flowable-async-job-executor-thread-2672#
[PollExecuteTaskStatusExecution] 2d23200b-60aa-4519-b7f8-9f40de7a8ecc [2026-08-26T02:15:52.975009] Downloaded build artifacts cache (225B) (STDOUT, STG)#
#2026 08 26 15:36:44.975#Z#DEBUG#c28227b5-a163-11f1-b062-eeee0a986ec4.ResilienceCockpit-db-deployer#flowable-async-job-executor-thread-2672#
[PollExecuteTaskStatusExecution] 2d23200b-60aa-4519-b7f8-9f40de7a8ecc [2026-08-26T02:15:53.111683] Downloaded app package (2.5M) (STDOUT, STG)#
#2026 08 26 15:36:44.975#Z#DEBUG#c28227b5-a163-11f1-b062-eeee0a986ec4.ResilienceCockpit-db-deployer#flowable-async-job-executor-thread-2672#
[PollExecuteTaskStatusExecution] 2d23200b-60aa-4519-b7f8-9f40de7a8ecc [2026-08-26T02:15:53.160950] -----> Nodejs Buildpack version 1.9.3 (STDOUT, STG)#
#2026 08 26 15:36:44.975#Z#DEBUG#c28227b5-a163-11f1-b062-eeee0a986ec4.ResilienceCockpit-db-deployer#flowable-async-job-executor-thread-2672#
[PollExecuteTaskStatusExecution] 2d23200b-60aa-4519-b7f8-9f40de7a8ecc [2026-08-26T02:15:53.264742] -----> Bootstrapping python (STDOUT, STG)#
#2026 08 26 15:36:44.975#Z#DEBUG#c28227b5-a163-11f1-b062-eeee0a986ec4.ResilienceCockpit-db-deployer#flowable-async-job-executor-thread-2672#
[PollExecuteTaskStatusExecution] 2d23200b-60aa-4519-b7f8-9f40de7a8ecc [2026-08-26T02:15:53.264761] -----> Installing python 3.13.14 (STDOUT, STG)#
#2026 08 26 15:36:44.975#Z#DEBUG#c28227b5-a163-11f1-b062-eeee0a986ec4.ResilienceCockpit-db-deployer#flowable-async-job-executor-thread-2672#
[PollExecuteTaskStatusExecution] 2d23200b-60aa-4519-b7f8-9f40de7a8ecc [2026-08-26T02:15:53.264817] Copy [/tmp/buildpacks/adc5840e3e50b48d/dependencies/4b4266a2ff36730aef37b88b668ca327/python_3.13.14_linux_x64_cflinuxfs4_b80d4954.tgz] (STDOUT, STG)#
#2026 08 26 15:36:44.975#Z#DEBUG#c28227b5-a163-11f1-b062-eeee0a986ec4.ResilienceCockpit-db-deployer#flowable-async-job-executor-thread-2672#
[PollExecuteTaskStatusExecution] 2d23200b-60aa-4519-b7f8-9f40de7a8ecc [2026-08-26T02:15:56.253607] -----> Installing binaries (STDOUT, STG)#
#2026 08 26 15:36:44.975#Z#DEBUG#c28227b5-a163-11f1-b062-eeee0a986ec4.ResilienceCockpit-db-deployer#flowable-async-job-executor-thread-2672#
[PollExecuteTaskStatusExecution] 2d23200b-60aa-4519-b7f8-9f40de7a8ecc [2026-08-26T02:15:56.253630] engines.node (package.json): >=18 (STDOUT, STG)#
#2026 08 26 15:36:44.975#Z#DEBUG#c28227b5-a163-11f1-b062-eeee0a986ec4.ResilienceCockpit-db-deployer#flowable-async-job-executor-thread-2672#
[PollExecuteTaskStatusExecution] 2d23200b-60aa-4519-b7f8-9f40de7a8ecc [2026-08-26T02:15:56.253634] engines.npm (package.json): unspecified (use default) (STDOUT, STG)#
#2026 08 26 15:36:44.975#Z#DEBUG#c28227b5-a163-11f1-b062-eeee0a986ec4.ResilienceCockpit-db-deployer#flowable-async-job-executor-thread-2672#
[PollExecuteTaskStatusExecution] 2d23200b-60aa-4519-b7f8-9f40de7a8ecc [2026-08-26T02:15:56.253638] [31;1m**WARNING**[0m Dangerous semver range (>) in engines.node. See: http://docs.cloudfoundry.org/buildpacks/node/node-tips.html (STDOUT, STG)#
#2026 08 26 15:36:44.975#Z#DEBUG#c28227b5-a163-11f1-b062-eeee0a986ec4.ResilienceCockpit-db-deployer#flowable-async-job-executor-thread-2672#
[PollExecuteTaskStatusExecution] 2d23200b-60aa-4519-b7f8-9f40de7a8ecc [2026-08-26T02:15:56.253793] -----> Installing node 24.18.0 (STDOUT, STG)#
#2026 08 26 15:36:44.975#Z#DEBUG#c28227b5-a163-11f1-b062-eeee0a986ec4.ResilienceCockpit-db-deployer#flowable-async-job-executor-thread-2672#
[PollExecuteTaskStatusExecution] 2d23200b-60aa-4519-b7f8-9f40de7a8ecc [2026-08-26T02:15:56.253839] Copy [/tmp/buildpacks/adc5840e3e50b48d/dependencies/dffbbb835fcd073c4544f78eb6247fac/node_24.18.0_linux_x64_cflinuxfs4_cdfed650.tgz] (STDOUT, STG)#
#2026 08 26 15:36:44.975#Z#DEBUG#c28227b5-a163-11f1-b062-eeee0a986ec4.ResilienceCockpit-db-deployer#flowable-async-job-executor-thread-2672#
[PollExecuteTaskStatusExecution] 2d23200b-60aa-4519-b7f8-9f40de7a8ecc [2026-08-26T02:15:57.981574] Using default npm version: 11.16.0 (STDOUT, STG)#
#2026 08 26 15:36:44.975#Z#DEBUG#c28227b5-a163-11f1-b062-eeee0a986ec4.ResilienceCockpit-db-deployer#flowable-async-job-executor-thread-2672#
[PollExecuteTaskStatusExecution] 2d23200b-60aa-4519-b7f8-9f40de7a8ecc [2026-08-26T02:15:57.981590] -----> Installing yarn 1.22.22 (STDOUT, STG)#
#2026 08 26 15:36:44.975#Z#DEBUG#c28227b5-a163-11f1-b062-eeee0a986ec4.ResilienceCockpit-db-deployer#flowable-async-job-executor-thread-2672#
[PollExecuteTaskStatusExecution] 2d23200b-60aa-4519-b7f8-9f40de7a8ecc [2026-08-26T02:15:57.981605] Copy [/tmp/buildpacks/adc5840e3e50b48d/dependencies/e4fe26756e9984a665478d350474fa2e/yarn_1.22.22_linux_noarch_any-stack_b6132b86.tgz] (STDOUT, STG)#
#2026 08 26 15:36:44.975#Z#DEBUG#c28227b5-a163-11f1-b062-eeee0a986ec4.ResilienceCockpit-db-deployer#flowable-async-job-executor-thread-2672#
[PollExecuteTaskStatusExecution] 2d23200b-60aa-4519-b7f8-9f40de7a8ecc [2026-08-26T02:15:58.232551] Installed yarn 1.22.22 (STDOUT, STG)#
#2026 08 26 15:36:44.975#Z#DEBUG#c28227b5-a163-11f1-b062-eeee0a986ec4.ResilienceCockpit-db-deployer#flowable-async-job-executor-thread-2672#
[PollExecuteTaskStatusExecution] 2d23200b-60aa-4519-b7f8-9f40de7a8ecc [2026-08-26T02:15:58.232585] -----> Creating runtime environment (STDOUT, STG)#
#2026 08 26 15:36:44.976#Z#DEBUG#c28227b5-a163-11f1-b062-eeee0a986ec4.ResilienceCockpit-db-deployer#flowable-async-job-executor-thread-2672#
[PollExecuteTaskStatusExecution] 2d23200b-60aa-4519-b7f8-9f40de7a8ecc [2026-08-26T02:15:58.234150] NODE_ENV=production (STDOUT, STG)#
#2026 08 26 15:36:44.976#Z#DEBUG#c28227b5-a163-11f1-b062-eeee0a986ec4.ResilienceCockpit-db-deployer#flowable-async-job-executor-thread-2672#
[PollExecuteTaskStatusExecution] 2d23200b-60aa-4519-b7f8-9f40de7a8ecc [2026-08-26T02:15:58.234167] NODE_HOME=/tmp/contents3582052103/deps/0/node (STDOUT, STG)#
#2026 08 26 15:36:44.976#Z#DEBUG#c28227b5-a163-11f1-b062-eeee0a986ec4.ResilienceCockpit-db-deployer#flowable-async-job-executor-thread-2672#
[PollExecuteTaskStatusExecution] 2d23200b-60aa-4519-b7f8-9f40de7a8ecc [2026-08-26T02:15:58.234169] NODE_MODULES_CACHE=true (STDOUT, STG)#
#2026 08 26 15:36:44.976#Z#DEBUG#c28227b5-a163-11f1-b062-eeee0a986ec4.ResilienceCockpit-db-deployer#flowable-async-job-executor-thread-2672#
[PollExecuteTaskStatusExecution] 2d23200b-60aa-4519-b7f8-9f40de7a8ecc [2026-08-26T02:15:58.234172] NODE_VERBOSE=false (STDOUT, STG)#
#2026 08 26 15:36:44.976#Z#DEBUG#c28227b5-a163-11f1-b062-eeee0a986ec4.ResilienceCockpit-db-deployer#flowable-async-job-executor-thread-2672#
[PollExecuteTaskStatusExecution] 2d23200b-60aa-4519-b7f8-9f40de7a8ecc [2026-08-26T02:15:58.234176] NPM_CONFIG_LOGLEVEL=error (STDOUT, STG)#
#2026 08 26 15:36:44.976#Z#DEBUG#c28227b5-a163-11f1-b062-eeee0a986ec4.ResilienceCockpit-db-deployer#flowable-async-job-executor-thread-2672#
[PollExecuteTaskStatusExecution] 2d23200b-60aa-4519-b7f8-9f40de7a8ecc [2026-08-26T02:15:58.234234] NPM_CONFIG_PRODUCTION=true (STDOUT, STG)#
#2026 08 26 15:36:44.976#Z#DEBUG#c28227b5-a163-11f1-b062-eeee0a986ec4.ResilienceCockpit-db-deployer#flowable-async-job-executor-thread-2672#
[PollExecuteTaskStatusExecution] 2d23200b-60aa-4519-b7f8-9f40de7a8ecc [2026-08-26T02:15:58.234238] -----> Building dependencies (STDOUT, STG)#
#2026 08 26 15:36:44.976#Z#DEBUG#c28227b5-a163-11f1-b062-eeee0a986ec4.ResilienceCockpit-db-deployer#flowable-async-job-executor-thread-2672#
[PollExecuteTaskStatusExecution] 2d23200b-60aa-4519-b7f8-9f40de7a8ecc [2026-08-26T02:15:58.234240] Prebuild detected (node_modules already exists) (STDOUT, STG)#
#2026 08 26 15:36:44.976#Z#DEBUG#c28227b5-a163-11f1-b062-eeee0a986ec4.ResilienceCockpit-db-deployer#flowable-async-job-executor-thread-2672#
[PollExecuteTaskStatusExecution] 2d23200b-60aa-4519-b7f8-9f40de7a8ecc [2026-08-26T02:15:58.234242] Rebuilding any native modules (STDOUT, STG)#
#2026 08 26 15:36:44.976#Z#DEBUG#c28227b5-a163-11f1-b062-eeee0a986ec4.ResilienceCockpit-db-deployer#flowable-async-job-executor-thread-2672#
[PollExecuteTaskStatusExecution] 2d23200b-60aa-4519-b7f8-9f40de7a8ecc [2026-08-26T02:15:58.619342] rebuilt dependencies successfully (STDOUT, STG)#
#2026 08 26 15:36:44.976#Z#DEBUG#c28227b5-a163-11f1-b062-eeee0a986ec4.ResilienceCockpit-db-deployer#flowable-async-job-executor-thread-2672#
[PollExecuteTaskStatusExecution] 2d23200b-60aa-4519-b7f8-9f40de7a8ecc [2026-08-26T02:15:58.667620] Installing any new modules (package.json + package-lock.json) (STDOUT, STG)#
#2026 08 26 15:36:44.976#Z#DEBUG#c28227b5-a163-11f1-b062-eeee0a986ec4.ResilienceCockpit-db-deployer#flowable-async-job-executor-thread-2672#
[PollExecuteTaskStatusExecution] 2d23200b-60aa-4519-b7f8-9f40de7a8ecc [2026-08-26T02:15:58.994571] up to date in 269ms (STDOUT, STG)#
#2026 08 26 15:36:44.976#Z#DEBUG#c28227b5-a163-11f1-b062-eeee0a986ec4.ResilienceCockpit-db-deployer#flowable-async-job-executor-thread-2672#
[PollExecuteTaskStatusExecution] 2d23200b-60aa-4519-b7f8-9f40de7a8ecc [2026-08-26T02:15:58.994693] 4 packages are looking for funding (STDOUT, STG)#
#2026 08 26 15:36:44.976#Z#DEBUG#c28227b5-a163-11f1-b062-eeee0a986ec4.ResilienceCockpit-db-deployer#flowable-async-job-executor-thread-2672#
[PollExecuteTaskStatusExecution] 2d23200b-60aa-4519-b7f8-9f40de7a8ecc [2026-08-26T02:15:58.994781] run `npm fund` for details (STDOUT, STG)#
#2026 08 26 15:36:44.976#Z#DEBUG#c28227b5-a163-11f1-b062-eeee0a986ec4.ResilienceCockpit-db-deployer#flowable-async-job-executor-thread-2672#
[PollExecuteTaskStatusExecution] 2d23200b-60aa-4519-b7f8-9f40de7a8ecc [2026-08-26T02:15:59.715684] Contrast Security no credentials found. Will not write environment files. (STDOUT, STG)#
#2026 08 26 15:36:44.976#Z#DEBUG#c28227b5-a163-11f1-b062-eeee0a986ec4.ResilienceCockpit-db-deployer#flowable-async-job-executor-thread-2672#
[PollExecuteTaskStatusExecution] 2d23200b-60aa-4519-b7f8-9f40de7a8ecc [2026-08-26T02:16:07.333311] Exit status 0 (STDOUT, STG)#
#2026 08 26 15:36:44.976#Z#DEBUG#c28227b5-a163-11f1-b062-eeee0a986ec4.ResilienceCockpit-db-deployer#flowable-async-job-executor-thread-2672#
[PollExecuteTaskStatusExecution] 2d23200b-60aa-4519-b7f8-9f40de7a8ecc [2026-08-26T02:16:07.333357] Uploading droplet, build artifacts cache... (STDOUT, STG)#
#2026 08 26 15:36:44.976#Z#DEBUG#c28227b5-a163-11f1-b062-eeee0a986ec4.ResilienceCockpit-db-deployer#flowable-async-job-executor-thread-2672#
[PollExecuteTaskStatusExecution] 2d23200b-60aa-4519-b7f8-9f40de7a8ecc [2026-08-26T02:16:07.333388] Uploading build artifacts cache... (STDOUT, STG)#
#2026 08 26 15:36:44.976#Z#DEBUG#c28227b5-a163-11f1-b062-eeee0a986ec4.ResilienceCockpit-db-deployer#flowable-async-job-executor-thread-2672#
[PollExecuteTaskStatusExecution] 2d23200b-60aa-4519-b7f8-9f40de7a8ecc [2026-08-26T02:16:07.333415] Uploading droplet... (STDOUT, STG)#
#2026 08 26 15:36:44.976#Z#DEBUG#c28227b5-a163-11f1-b062-eeee0a986ec4.ResilienceCockpit-db-deployer#flowable-async-job-executor-thread-2672#
[PollExecuteTaskStatusExecution] 2d23200b-60aa-4519-b7f8-9f40de7a8ecc [2026-08-26T02:16:07.358888] Uploaded build artifacts cache (223B) (STDOUT, STG)#
#2026 08 26 15:36:44.976#Z#DEBUG#c28227b5-a163-11f1-b062-eeee0a986ec4.ResilienceCockpit-db-deployer#flowable-async-job-executor-thread-2672#
[PollExecuteTaskStatusExecution] 2d23200b-60aa-4519-b7f8-9f40de7a8ecc [2026-08-26T02:16:07.832764] Creating droplet for app with guid 2d23200b-60aa-4519-b7f8-9f40de7a8ecc (STDOUT, API)#
#2026 08 26 15:36:44.976#Z#DEBUG#c28227b5-a163-11f1-b062-eeee0a986ec4.ResilienceCockpit-db-deployer#flowable-async-job-executor-thread-2672#
[PollExecuteTaskStatusExecution] 2d23200b-60aa-4519-b7f8-9f40de7a8ecc [2026-08-26T02:16:09.899592] Uploaded droplet (59.3M) (STDOUT, STG)#
#2026 08 26 15:36:44.976#Z#DEBUG#c28227b5-a163-11f1-b062-eeee0a986ec4.ResilienceCockpit-db-deployer#flowable-async-job-executor-thread-2672#
[PollExecuteTaskStatusExecution] 2d23200b-60aa-4519-b7f8-9f40de7a8ecc [2026-08-26T02:16:09.914508] Uploading complete (STDOUT, STG)#
#2026 08 26 15:36:44.976#Z#DEBUG#c28227b5-a163-11f1-b062-eeee0a986ec4.ResilienceCockpit-db-deployer#flowable-async-job-executor-thread-2672#
[PollExecuteTaskStatusExecution] 2d23200b-60aa-4519-b7f8-9f40de7a8ecc [2026-08-26T02:16:10.230244] Cell c343a1ce-501c-453d-aabd-5a2aaaa23496 stopping instance db522982-4b02-44e4-8210-691af3aeceef (STDOUT, STG)#
#2026 08 26 15:36:44.976#Z#DEBUG#c28227b5-a163-11f1-b062-eeee0a986ec4.ResilienceCockpit-db-deployer#flowable-async-job-executor-thread-2672#
[PollExecuteTaskStatusExecution] 2d23200b-60aa-4519-b7f8-9f40de7a8ecc [2026-08-26T02:16:10.230295] Cell c343a1ce-501c-453d-aabd-5a2aaaa23496 destroying container for instance db522982-4b02-44e4-8210-691af3aeceef (STDOUT, STG)#
#2026 08 26 15:36:44.976#Z#DEBUG#c28227b5-a163-11f1-b062-eeee0a986ec4.ResilienceCockpit-db-deployer#flowable-async-job-executor-thread-2672#
[PollExecuteTaskStatusExecution] 2d23200b-60aa-4519-b7f8-9f40de7a8ecc [2026-08-26T02:16:10.296822] Staging complete for build db522982-4b02-44e4-8210-691af3aeceef (STDOUT, API)#
#2026 08 26 15:36:44.976#Z#DEBUG#c28227b5-a163-11f1-b062-eeee0a986ec4.ResilienceCockpit-db-deployer#flowable-async-job-executor-thread-2672#
[PollExecuteTaskStatusExecution] 2d23200b-60aa-4519-b7f8-9f40de7a8ecc [2026-08-26T02:16:11.653084] Cell c343a1ce-501c-453d-aabd-5a2aaaa23496 successfully destroyed container for instance db522982-4b02-44e4-8210-691af3aeceef (STDOUT, STG)#
#2026 08 26 15:36:44.976#Z#DEBUG#c28227b5-a163-11f1-b062-eeee0a986ec4.ResilienceCockpit-db-deployer#flowable-async-job-executor-thread-2672#
[PollExecuteTaskStatusExecution] 2d23200b-60aa-4519-b7f8-9f40de7a8ecc [2026-08-26T02:16:11.659030] Updated app with guid 2d23200b-60aa-4519-b7f8-9f40de7a8ecc ({:droplet_guid=>"b7950227-c5d6-4c12-9b5f-837bbe2b4190"}) (STDOUT, API)#
#2026 08 26 15:36:44.976#Z#DEBUG#c28227b5-a163-11f1-b062-eeee0a986ec4.ResilienceCockpit-db-deployer#flowable-async-job-executor-thread-2672#
[PollExecuteTaskStatusExecution] 2d23200b-60aa-4519-b7f8-9f40de7a8ecc [2026-08-26T02:16:12.030389] Cell c343a1ce-501c-453d-aabd-5a2aaaa23496 creating container for instance da26f2f4-41fc-46aa-9190-b3b0cfee3642 (STDOUT, CELL)#
#2026 08 26 15:36:44.976#Z#DEBUG#c28227b5-a163-11f1-b062-eeee0a986ec4.ResilienceCockpit-db-deployer#flowable-async-job-executor-thread-2672#
[PollExecuteTaskStatusExecution] 2d23200b-60aa-4519-b7f8-9f40de7a8ecc [2026-08-26T02:16:12.327845] Security group rules were updated (STDOUT, CELL)#
#2026 08 26 15:36:44.976#Z#DEBUG#c28227b5-a163-11f1-b062-eeee0a986ec4.ResilienceCockpit-db-deployer#flowable-async-job-executor-thread-2672#
[PollExecuteTaskStatusExecution] 2d23200b-60aa-4519-b7f8-9f40de7a8ecc [2026-08-26T02:16:12.382455] Cell c343a1ce-501c-453d-aabd-5a2aaaa23496 successfully created container for instance da26f2f4-41fc-46aa-9190-b3b0cfee3642 (STDOUT, CELL)#
#2026 08 26 15:36:44.976#Z#DEBUG#c28227b5-a163-11f1-b062-eeee0a986ec4.ResilienceCockpit-db-deployer#flowable-async-job-executor-thread-2672#
[PollExecuteTaskStatusExecution] 2d23200b-60aa-4519-b7f8-9f40de7a8ecc [2026-08-26T02:16:16.438363] Invoking pre-start scripts. (STDOUT, APP/TASK/deploy)#
#2026 08 26 15:36:44.976#Z#DEBUG#c28227b5-a163-11f1-b062-eeee0a986ec4.ResilienceCockpit-db-deployer#flowable-async-job-executor-thread-2672#
[PollExecuteTaskStatusExecution] 2d23200b-60aa-4519-b7f8-9f40de7a8ecc [2026-08-26T02:16:16.576864] Invoking start command. (STDOUT, APP/TASK/deploy)#
#2026 08 26 15:36:44.976#Z#DEBUG#c28227b5-a163-11f1-b062-eeee0a986ec4.ResilienceCockpit-db-deployer#flowable-async-job-executor-thread-2672#
[PollExecuteTaskStatusExecution] 2d23200b-60aa-4519-b7f8-9f40de7a8ecc [2026-08-26T02:16:16.869042] > start (STDOUT, APP/TASK/deploy)#
#2026 08 26 15:36:44.976#Z#DEBUG#c28227b5-a163-11f1-b062-eeee0a986ec4.ResilienceCockpit-db-deployer#flowable-async-job-executor-thread-2672#
[PollExecuteTaskStatusExecution] 2d23200b-60aa-4519-b7f8-9f40de7a8ecc [2026-08-26T02:16:16.869068] > node node_modules/@sap/hdi-deploy/deploy.js --use-hdb --parameter com.sap.hana.di.table/try_fast_table_migration=true (STDOUT, APP/TASK/deploy)#
#2026 08 26 15:36:44.976#Z#DEBUG#c28227b5-a163-11f1-b062-eeee0a986ec4.ResilienceCockpit-db-deployer#flowable-async-job-executor-thread-2672#
[PollExecuteTaskStatusExecution] 2d23200b-60aa-4519-b7f8-9f40de7a8ecc [2026-08-26T02:16:16.971809] VCAP_SERVICES: (STDOUT, APP/TASK/deploy)#
#2026 08 26 15:36:44.976#Z#DEBUG#c28227b5-a163-11f1-b062-eeee0a986ec4.ResilienceCockpit-db-deployer#flowable-async-job-executor-thread-2672#
[PollExecuteTaskStatusExecution] 2d23200b-60aa-4519-b7f8-9f40de7a8ecc [2026-08-26T02:16:16.972215] { (STDOUT, APP/TASK/deploy)#
#2026 08 26 15:36:44.976#Z#DEBUG#c28227b5-a163-11f1-b062-eeee0a986ec4.ResilienceCockpit-db-deployer#flowable-async-job-executor-thread-2672#
[PollExecuteTaskStatusExecution] 2d23200b-60aa-4519-b7f8-9f40de7a8ecc [2026-08-26T02:16:16.972228] "hana": [ (STDOUT, APP/TASK/deploy)#
#2026 08 26 15:36:44.976#Z#DEBUG#c28227b5-a163-11f1-b062-eeee0a986ec4.ResilienceCockpit-db-deployer#flowable-async-job-executor-thread-2672#
[PollExecuteTaskStatusExecution] 2d23200b-60aa-4519-b7f8-9f40de7a8ecc [2026-08-26T02:16:16.972231] { (STDOUT, APP/TASK/deploy)#
#2026 08 26 15:36:44.976#Z#DEBUG#c28227b5-a163-11f1-b062-eeee0a986ec4.ResilienceCockpit-db-deployer#flowable-async-job-executor-thread-2672#
[PollExecuteTaskStatusExecution] 2d23200b-60aa-4519-b7f8-9f40de7a8ecc [2026-08-26T02:16:16.972237] "name": "ResilienceCockpit-db", (STDOUT, APP/TASK/deploy)#
#2026 08 26 15:36:44.976#Z#DEBUG#c28227b5-a163-11f1-b062-eeee0a986ec4.ResilienceCockpit-db-deployer#flowable-async-job-executor-thread-2672#
[PollExecuteTaskStatusExecution] 2d23200b-60aa-4519-b7f8-9f40de7a8ecc [2026-08-26T02:16:16.972240] "label": "hana", (STDOUT, APP/TASK/deploy)#
#2026 08 26 15:36:44.976#Z#DEBUG#c28227b5-a163-11f1-b062-eeee0a986ec4.ResilienceCockpit-db-deployer#flowable-async-job-executor-thread-2672#
[PollExecuteTaskStatusExecution] 2d23200b-60aa-4519-b7f8-9f40de7a8ecc [2026-08-26T02:16:16.972244] "plan": "hdi-shared", (STDOUT, APP/TASK/deploy)#
#2026 08 26 15:36:44.976#Z#DEBUG#c28227b5-a163-11f1-b062-eeee0a986ec4.ResilienceCockpit-db-deployer#flowable-async-job-executor-thread-2672#
[PollExecuteTaskStatusExecution] 2d23200b-60aa-4519-b7f8-9f40de7a8ecc [2026-08-26T02:16:16.972246] "credentials": { (STDOUT, APP/TASK/deploy)#
#2026 08 26 15:36:44.976#Z#DEBUG#c28227b5-a163-11f1-b062-eeee0a986ec4.ResilienceCockpit-db-deployer#flowable-async-job-executor-thread-2672#
[PollExecuteTaskStatusExecution] 2d23200b-60aa-4519-b7f8-9f40de7a8ecc [2026-08-26T02:16:16.972249] "schema": "8697B1A4A8B84AC49EFF171810969752", (STDOUT, APP/TASK/deploy)#
#2026 08 26 15:36:44.976#Z#DEBUG#c28227b5-a163-11f1-b062-eeee0a986ec4.ResilienceCockpit-db-deployer#flowable-async-job-executor-thread-2672#
[PollExecuteTaskStatusExecution] 2d23200b-60aa-4519-b7f8-9f40de7a8ecc [2026-08-26T02:16:16.972251] "database_id": "eb9e608b-a8d8-462e-98e7-906abde25244", (STDOUT, APP/TASK/deploy)#
#2026 08 26 15:36:44.976#Z#DEBUG#c28227b5-a163-11f1-b062-eeee0a986ec4.ResilienceCockpit-db-deployer#flowable-async-job-executor-thread-2672#
[PollExecuteTaskStatusExecution] 2d23200b-60aa-4519-b7f8-9f40de7a8ecc [2026-08-26T02:16:16.972254] "user": "8697B1A4A8B84AC49EFF171810969752_94GU5GV2BBQ6JWQX102ZOJ91W_RT", (STDOUT, APP/TASK/deploy)#
#2026 08 26 15:36:44.976#Z#DEBUG#c28227b5-a163-11f1-b062-eeee0a986ec4.ResilienceCockpit-db-deployer#flowable-async-job-executor-thread-2672#
[PollExecuteTaskStatusExecution] 2d23200b-60aa-4519-b7f8-9f40de7a8ecc [2026-08-26T02:16:16.972257] "hdi_user": "8697B1A4A8B84AC49EFF171810969752_94GU5GV2BBQ6JWQX102ZOJ91W_DT" (STDOUT, APP/TASK/deploy)#
#2026 08 26 15:36:44.976#Z#DEBUG#c28227b5-a163-11f1-b062-eeee0a986ec4.ResilienceCockpit-db-deployer#flowable-async-job-executor-thread-2672#
[PollExecuteTaskStatusExecution] 2d23200b-60aa-4519-b7f8-9f40de7a8ecc [2026-08-26T02:16:16.972259] }, (STDOUT, APP/TASK/deploy)#
#2026 08 26 15:36:44.976#Z#DEBUG#c28227b5-a163-11f1-b062-eeee0a986ec4.ResilienceCockpit-db-deployer#flowable-async-job-executor-thread-2672#
[PollExecuteTaskStatusExecution] 2d23200b-60aa-4519-b7f8-9f40de7a8ecc [2026-08-26T02:16:16.972261] "tags": [ (STDOUT, APP/TASK/deploy)#
#2026 08 26 15:36:44.976#Z#DEBUG#c28227b5-a163-11f1-b062-eeee0a986ec4.ResilienceCockpit-db-deployer#flowable-async-job-executor-thread-2672#
[PollExecuteTaskStatusExecution] 2d23200b-60aa-4519-b7f8-9f40de7a8ecc [2026-08-26T02:16:16.972263] "hana", (STDOUT, APP/TASK/deploy)#
#2026 08 26 15:36:44.976#Z#DEBUG#c28227b5-a163-11f1-b062-eeee0a986ec4.ResilienceCockpit-db-deployer#flowable-async-job-executor-thread-2672#
[PollExecuteTaskStatusExecution] 2d23200b-60aa-4519-b7f8-9f40de7a8ecc [2026-08-26T02:16:16.972264] "database", (STDOUT, APP/TASK/deploy)#
#2026 08 26 15:36:44.976#Z#DEBUG#c28227b5-a163-11f1-b062-eeee0a986ec4.ResilienceCockpit-db-deployer#flowable-async-job-executor-thread-2672#
[PollExecuteTaskStatusExecution] 2d23200b-60aa-4519-b7f8-9f40de7a8ecc [2026-08-26T02:16:16.972266] "relational" (STDOUT, APP/TASK/deploy)#
#2026 08 26 15:36:44.976#Z#DEBUG#c28227b5-a163-11f1-b062-eeee0a986ec4.ResilienceCockpit-db-deployer#flowable-async-job-executor-thread-2672#
[PollExecuteTaskStatusExecution] 2d23200b-60aa-4519-b7f8-9f40de7a8ecc [2026-08-26T02:16:16.972270] ] (STDOUT, APP/TASK/deploy)#
#2026 08 26 15:36:44.976#Z#DEBUG#c28227b5-a163-11f1-b062-eeee0a986ec4.ResilienceCockpit-db-deployer#flowable-async-job-executor-thread-2672#
[PollExecuteTaskStatusExecution] 2d23200b-60aa-4519-b7f8-9f40de7a8ecc [2026-08-26T02:16:16.972272] } (STDOUT, APP/TASK/deploy)#
#2026 08 26 15:36:44.976#Z#DEBUG#c28227b5-a163-11f1-b062-eeee0a986ec4.ResilienceCockpit-db-deployer#flowable-async-job-executor-thread-2672#
[PollExecuteTaskStatusExecution] 2d23200b-60aa-4519-b7f8-9f40de7a8ecc [2026-08-26T02:16:16.972273] ] (STDOUT, APP/TASK/deploy)#
#2026 08 26 15:36:44.976#Z#DEBUG#c28227b5-a163-11f1-b062-eeee0a986ec4.ResilienceCockpit-db-deployer#flowable-async-job-executor-thread-2672#
[PollExecuteTaskStatusExecution] 2d23200b-60aa-4519-b7f8-9f40de7a8ecc [2026-08-26T02:16:16.972275] } (STDOUT, APP/TASK/deploy)#
#2026 08 26 15:36:44.976#Z#DEBUG#c28227b5-a163-11f1-b062-eeee0a986ec4.ResilienceCockpit-db-deployer#flowable-async-job-executor-thread-2672#
[PollExecuteTaskStatusExecution] 2d23200b-60aa-4519-b7f8-9f40de7a8ecc [2026-08-26T02:16:17.333730] @sap/hdi-deploy, version 5.7.0 (mode default), server version 4.00.000.00.1785832557 (4.0.0.0), cloud version 2026.14.14, node version 24.18.0, HDI version 1016, container API version 1007 (STDOUT, APP/TASK/deploy)#
#2026 08 26 15:36:44.976#Z#DEBUG#c28227b5-a163-11f1-b062-eeee0a986ec4.ResilienceCockpit-db-deployer#flowable-async-job-executor-thread-2672#
[PollExecuteTaskStatusExecution] 2d23200b-60aa-4519-b7f8-9f40de7a8ecc [2026-08-26T02:16:17.333758] Deployment started at 2026-08-26 02:16:17 (STDOUT, APP/TASK/deploy)#
#2026 08 26 15:36:44.976#Z#DEBUG#c28227b5-a163-11f1-b062-eeee0a986ec4.ResilienceCockpit-db-deployer#flowable-async-job-executor-thread-2672#
[PollExecuteTaskStatusExecution] 2d23200b-60aa-4519-b7f8-9f40de7a8ecc [2026-08-26T02:16:17.333880] Using hdb@2.29.6 for connection (STDOUT, APP/TASK/deploy)#
#2026 08 26 15:36:44.976#Z#DEBUG#c28227b5-a163-11f1-b062-eeee0a986ec4.ResilienceCockpit-db-deployer#flowable-async-job-executor-thread-2672#
[PollExecuteTaskStatusExecution] 2d23200b-60aa-4519-b7f8-9f40de7a8ecc [2026-08-26T02:16:17.347569] No ignore file at /home/vcap/app/.hdiignore. (STDOUT, APP/TASK/deploy)#
#2026 08 26 15:36:44.976#Z#DEBUG#c28227b5-a163-11f1-b062-eeee0a986ec4.ResilienceCockpit-db-deployer#flowable-async-job-executor-thread-2672#
[PollExecuteTaskStatusExecution] 2d23200b-60aa-4519-b7f8-9f40de7a8ecc [2026-08-26T02:16:17.347771] Collecting files... (STDOUT, APP/TASK/deploy)#
#2026 08 26 15:36:44.976#Z#DEBUG#c28227b5-a163-11f1-b062-eeee0a986ec4.ResilienceCockpit-db-deployer#flowable-async-job-executor-thread-2672#
[PollExecuteTaskStatusExecution] 2d23200b-60aa-4519-b7f8-9f40de7a8ecc [2026-08-26T02:16:17.352498] Collecting files... ok (0s 5ms) (STDOUT, APP/TASK/deploy)#
#2026 08 26 15:36:44.976#Z#DEBUG#c28227b5-a163-11f1-b062-eeee0a986ec4.ResilienceCockpit-db-deployer#flowable-async-job-executor-thread-2672#
[PollExecuteTaskStatusExecution] 2d23200b-60aa-4519-b7f8-9f40de7a8ecc [2026-08-26T02:16:17.352509] 3 directories collected (STDOUT, APP/TASK/deploy)#
#2026 08 26 15:36:44.976#Z#DEBUG#c28227b5-a163-11f1-b062-eeee0a986ec4.ResilienceCockpit-db-deployer#flowable-async-job-executor-thread-2672#
[PollExecuteTaskStatusExecution] 2d23200b-60aa-4519-b7f8-9f40de7a8ecc [2026-08-26T02:16:17.352512] 100 files collected (STDOUT, APP/TASK/deploy)#
#2026 08 26 15:36:44.976#Z#DEBUG#c28227b5-a163-11f1-b062-eeee0a986ec4.ResilienceCockpit-db-deployer#flowable-async-job-executor-thread-2672#
[PollExecuteTaskStatusExecution] 2d23200b-60aa-4519-b7f8-9f40de7a8ecc [2026-08-26T02:16:17.352524] 0 reusable modules collected (STDOUT, APP/TASK/deploy)#
#2026 08 26 15:36:44.976#Z#DEBUG#c28227b5-a163-11f1-b062-eeee0a986ec4.ResilienceCockpit-db-deployer#flowable-async-job-executor-thread-2672#
[PollExecuteTaskStatusExecution] 2d23200b-60aa-4519-b7f8-9f40de7a8ecc [2026-08-26T02:16:17.352526] Target service: ResilienceCockpit-db (STDOUT, APP/TASK/deploy)#
#2026 08 26 15:36:44.976#Z#DEBUG#c28227b5-a163-11f1-b062-eeee0a986ec4.ResilienceCockpit-db-deployer#flowable-async-job-executor-thread-2672#
[PollExecuteTaskStatusExecution] 2d23200b-60aa-4519-b7f8-9f40de7a8ecc [2026-08-26T02:16:17.516803] Previous build with request ID 95 finished at 2026-08-25T17:36:45.809 with status Rolled back and message: Starting make in the container "8697B1A4A8B84AC49EFF171810969752" with 0 files to deploy, 0 files to undeploy... ok. (STDOUT, APP/TASK/deploy)#
#2026 08 26 15:36:44.976#Z#DEBUG#c28227b5-a163-11f1-b062-eeee0a986ec4.ResilienceCockpit-db-deployer#flowable-async-job-executor-thread-2672#
[PollExecuteTaskStatusExecution] 2d23200b-60aa-4519-b7f8-9f40de7a8ecc [2026-08-26T02:16:17.516955] Processing revoke files... (STDOUT, APP/TASK/deploy)#
#2026 08 26 15:36:44.976#Z#DEBUG#c28227b5-a163-11f1-b062-eeee0a986ec4.ResilienceCockpit-db-deployer#flowable-async-job-executor-thread-2672#
[PollExecuteTaskStatusExecution] 2d23200b-60aa-4519-b7f8-9f40de7a8ecc [2026-08-26T02:16:17.516978] Processing revoke files... ok (0s 0ms) (STDOUT, APP/TASK/deploy)#
#2026 08 26 15:36:44.976#Z#DEBUG#c28227b5-a163-11f1-b062-eeee0a986ec4.ResilienceCockpit-db-deployer#flowable-async-job-executor-thread-2672#
[PollExecuteTaskStatusExecution] 2d23200b-60aa-4519-b7f8-9f40de7a8ecc [2026-08-26T02:16:17.517039] Processing grants files... (STDOUT, APP/TASK/deploy)#
#2026 08 26 15:36:44.976#Z#DEBUG#c28227b5-a163-11f1-b062-eeee0a986ec4.ResilienceCockpit-db-deployer#flowable-async-job-executor-thread-2672#
[PollExecuteTaskStatusExecution] 2d23200b-60aa-4519-b7f8-9f40de7a8ecc [2026-08-26T02:16:17.517108] Processing grants files... ok (0s 0ms) (STDOUT, APP/TASK/deploy)#
#2026 08 26 15:36:44.976#Z#DEBUG#c28227b5-a163-11f1-b062-eeee0a986ec4.ResilienceCockpit-db-deployer#flowable-async-job-executor-thread-2672#
[PollExecuteTaskStatusExecution] 2d23200b-60aa-4519-b7f8-9f40de7a8ecc [2026-08-26T02:16:17.518671] Preprocessing files... (STDOUT, APP/TASK/deploy)#
#2026 08 26 15:36:44.976#Z#DEBUG#c28227b5-a163-11f1-b062-eeee0a986ec4.ResilienceCockpit-db-deployer#flowable-async-job-executor-thread-2672#
[PollExecuteTaskStatusExecution] 2d23200b-60aa-4519-b7f8-9f40de7a8ecc [2026-08-26T02:16:17.518849] Preprocessing files... ok (0s 0ms) (STDOUT, APP/TASK/deploy)#
#2026 08 26 15:36:44.976#Z#DEBUG#c28227b5-a163-11f1-b062-eeee0a986ec4.ResilienceCockpit-db-deployer#flowable-async-job-executor-thread-2672#
[PollExecuteTaskStatusExecution] 2d23200b-60aa-4519-b7f8-9f40de7a8ecc [2026-08-26T02:16:17.518908] Connecting to the container "8697B1A4A8B84AC49EFF171810969752"... (STDOUT, APP/TASK/deploy)#
#2026 08 26 15:36:44.976#Z#DEBUG#c28227b5-a163-11f1-b062-eeee0a986ec4.ResilienceCockpit-db-deployer#flowable-async-job-executor-thread-2672#
[PollExecuteTaskStatusExecution] 2d23200b-60aa-4519-b7f8-9f40de7a8ecc [2026-08-26T02:16:17.580943] Connecting to the container "8697B1A4A8B84AC49EFF171810969752"... ok (0s 62ms) (STDOUT, APP/TASK/deploy)#
#2026 08 26 15:36:44.976#Z#DEBUG#c28227b5-a163-11f1-b062-eeee0a986ec4.ResilienceCockpit-db-deployer#flowable-async-job-executor-thread-2672#
[PollExecuteTaskStatusExecution] 2d23200b-60aa-4519-b7f8-9f40de7a8ecc [2026-08-26T02:16:17.580958] Locking the container "8697B1A4A8B84AC49EFF171810969752"... (STDOUT, APP/TASK/deploy)#
#2026 08 26 15:36:44.976#Z#DEBUG#c28227b5-a163-11f1-b062-eeee0a986ec4.ResilienceCockpit-db-deployer#flowable-async-job-executor-thread-2672#
[PollExecuteTaskStatusExecution] 2d23200b-60aa-4519-b7f8-9f40de7a8ecc [2026-08-26T02:16:17.787846] Locking the container "8697B1A4A8B84AC49EFF171810969752"... ok (0s 207ms) (STDOUT, APP/TASK/deploy)#
#2026 08 26 15:36:44.976#Z#DEBUG#c28227b5-a163-11f1-b062-eeee0a986ec4.ResilienceCockpit-db-deployer#flowable-async-job-executor-thread-2672#
[PollExecuteTaskStatusExecution] 2d23200b-60aa-4519-b7f8-9f40de7a8ecc [2026-08-26T02:16:17.787870] Synchronizing files with the container "8697B1A4A8B84AC49EFF171810969752"... (STDOUT, APP/TASK/deploy)#
#2026 08 26 15:36:44.976#Z#DEBUG#c28227b5-a163-11f1-b062-eeee0a986ec4.ResilienceCockpit-db-deployer#flowable-async-job-executor-thread-2672#
[PollExecuteTaskStatusExecution] 2d23200b-60aa-4519-b7f8-9f40de7a8ecc [2026-08-26T02:16:18.164017] Deleting files... (STDOUT, APP/TASK/deploy)#
#2026 08 26 15:36:44.976#Z#DEBUG#c28227b5-a163-11f1-b062-eeee0a986ec4.ResilienceCockpit-db-deployer#flowable-async-job-executor-thread-2672#
[PollExecuteTaskStatusExecution] 2d23200b-60aa-4519-b7f8-9f40de7a8ecc [2026-08-26T02:16:18.299888] Deleting files... ok (STDOUT, APP/TASK/deploy)#
#2026 08 26 15:36:44.976#Z#DEBUG#c28227b5-a163-11f1-b062-eeee0a986ec4.ResilienceCockpit-db-deployer#flowable-async-job-executor-thread-2672#
[PollExecuteTaskStatusExecution] 2d23200b-60aa-4519-b7f8-9f40de7a8ecc [2026-08-26T02:16:18.299902] Writing files... (STDOUT, APP/TASK/deploy)#
#2026 08 26 15:36:44.976#Z#DEBUG#c28227b5-a163-11f1-b062-eeee0a986ec4.ResilienceCockpit-db-deployer#flowable-async-job-executor-thread-2672#
[PollExecuteTaskStatusExecution] 2d23200b-60aa-4519-b7f8-9f40de7a8ecc [2026-08-26T02:16:18.299994] Writing 3 items (STDOUT, APP/TASK/deploy)#
#2026 08 26 15:36:44.976#Z#DEBUG#c28227b5-a163-11f1-b062-eeee0a986ec4.ResilienceCockpit-db-deployer#flowable-async-job-executor-thread-2672#
[PollExecuteTaskStatusExecution] 2d23200b-60aa-4519-b7f8-9f40de7a8ecc [2026-08-26T02:16:18.471649] Writing files... ok (STDOUT, APP/TASK/deploy)#
#2026 08 26 15:36:44.976#Z#DEBUG#c28227b5-a163-11f1-b062-eeee0a986ec4.ResilienceCockpit-db-deployer#flowable-async-job-executor-thread-2672#
[PollExecuteTaskStatusExecution] 2d23200b-60aa-4519-b7f8-9f40de7a8ecc [2026-08-26T02:16:18.471679] Synchronizing files with the container "8697B1A4A8B84AC49EFF171810969752"... ok (0s 684ms) (STDOUT, APP/TASK/deploy)#
#2026 08 26 15:36:44.976#Z#DEBUG#c28227b5-a163-11f1-b062-eeee0a986ec4.ResilienceCockpit-db-deployer#flowable-async-job-executor-thread-2672#
[PollExecuteTaskStatusExecution] 2d23200b-60aa-4519-b7f8-9f40de7a8ecc [2026-08-26T02:16:18.471991] added files: [] (STDOUT, APP/TASK/deploy)#
#2026 08 26 15:36:44.976#Z#DEBUG#c28227b5-a163-11f1-b062-eeee0a986ec4.ResilienceCockpit-db-deployer#flowable-async-job-executor-thread-2672#
[PollExecuteTaskStatusExecution] 2d23200b-60aa-4519-b7f8-9f40de7a8ecc [2026-08-26T02:16:18.472005] modified files: [] (STDOUT, APP/TASK/deploy)#
#2026 08 26 15:36:44.976#Z#DEBUG#c28227b5-a163-11f1-b062-eeee0a986ec4.ResilienceCockpit-db-deployer#flowable-async-job-executor-thread-2672#
[PollExecuteTaskStatusExecution] 2d23200b-60aa-4519-b7f8-9f40de7a8ecc [2026-08-26T02:16:18.472007] deleted files: [] (STDOUT, APP/TASK/deploy)#
#2026 08 26 15:36:44.976#Z#DEBUG#c28227b5-a163-11f1-b062-eeee0a986ec4.ResilienceCockpit-db-deployer#flowable-async-job-executor-thread-2672#
[PollExecuteTaskStatusExecution] 2d23200b-60aa-4519-b7f8-9f40de7a8ecc [2026-08-26T02:16:18.472087] 0 modified or added files are scheduled for deploy based on delta detection (STDOUT, APP/TASK/deploy)#
#2026 08 26 15:36:44.976#Z#DEBUG#c28227b5-a163-11f1-b062-eeee0a986ec4.ResilienceCockpit-db-deployer#flowable-async-job-executor-thread-2672#
[PollExecuteTaskStatusExecution] 2d23200b-60aa-4519-b7f8-9f40de7a8ecc [2026-08-26T02:16:18.472287] 0 deleted files are scheduled for undeploy based on delta detection (filtered by undeploy allowlist) (STDOUT, APP/TASK/deploy)#
#2026 08 26 15:36:44.976#Z#DEBUG#c28227b5-a163-11f1-b062-eeee0a986ec4.ResilienceCockpit-db-deployer#flowable-async-job-executor-thread-2672#
[PollExecuteTaskStatusExecution] 2d23200b-60aa-4519-b7f8-9f40de7a8ecc [2026-08-26T02:16:18.472344] 0 files are scheduled for deploy based on explicit specification (STDOUT, APP/TASK/deploy)#
#2026 08 26 15:36:44.976#Z#DEBUG#c28227b5-a163-11f1-b062-eeee0a986ec4.ResilienceCockpit-db-deployer#flowable-async-job-executor-thread-2672#
[PollExecuteTaskStatusExecution] 2d23200b-60aa-4519-b7f8-9f40de7a8ecc [2026-08-26T02:16:18.472350] 0 files are scheduled for undeploy based on explicit specification (STDOUT, APP/TASK/deploy)#
#2026 08 26 15:36:44.976#Z#DEBUG#c28227b5-a163-11f1-b062-eeee0a986ec4.ResilienceCockpit-db-deployer#flowable-async-job-executor-thread-2672#
[PollExecuteTaskStatusExecution] 2d23200b-60aa-4519-b7f8-9f40de7a8ecc [2026-08-26T02:16:18.472394] Deploying to the container "8697B1A4A8B84AC49EFF171810969752"... (STDOUT, APP/TASK/deploy)#
#2026 08 26 15:36:44.976#Z#DEBUG#c28227b5-a163-11f1-b062-eeee0a986ec4.ResilienceCockpit-db-deployer#flowable-async-job-executor-thread-2672#
[PollExecuteTaskStatusExecution] 2d23200b-60aa-4519-b7f8-9f40de7a8ecc [2026-08-26T02:16:19.058607] Polling messages for request id: 100 (STDOUT, APP/TASK/deploy)#
#2026 08 26 15:36:44.976#Z#DEBUG#c28227b5-a163-11f1-b062-eeee0a986ec4.ResilienceCockpit-db-deployer#flowable-async-job-executor-thread-2672#
[PollExecuteTaskStatusExecution] 2d23200b-60aa-4519-b7f8-9f40de7a8ecc [2026-08-26T02:16:19.087604] Starting make in the container "8697B1A4A8B84AC49EFF171810969752" with 0 files to deploy, 0 files to undeploy... (STDOUT, APP/TASK/deploy)#
#2026 08 26 15:36:44.976#Z#DEBUG#c28227b5-a163-11f1-b062-eeee0a986ec4.ResilienceCockpit-db-deployer#flowable-async-job-executor-thread-2672#
[PollExecuteTaskStatusExecution] 2d23200b-60aa-4519-b7f8-9f40de7a8ecc [2026-08-26T02:16:19.087624] Disabling table replication for the container schema "8697B1A4A8B84AC49EFF171810969752"... (STDOUT, APP/TASK/deploy)#
#2026 08 26 15:36:44.976#Z#DEBUG#c28227b5-a163-11f1-b062-eeee0a986ec4.ResilienceCockpit-db-deployer#flowable-async-job-executor-thread-2672#
[PollExecuteTaskStatusExecution] 2d23200b-60aa-4519-b7f8-9f40de7a8ecc [2026-08-26T02:16:19.087627] Disabling table replication for the container schema "8697B1A4A8B84AC49EFF171810969752"... ok (0s 19ms) (STDOUT, APP/TASK/deploy)#
#2026 08 26 15:36:44.976#Z#DEBUG#c28227b5-a163-11f1-b062-eeee0a986ec4.ResilienceCockpit-db-deployer#flowable-async-job-executor-thread-2672#
[PollExecuteTaskStatusExecution] 2d23200b-60aa-4519-b7f8-9f40de7a8ecc [2026-08-26T02:16:19.087633] Migrating libraries... (STDOUT, APP/TASK/deploy)#
#2026 08 26 15:36:44.976#Z#DEBUG#c28227b5-a163-11f1-b062-eeee0a986ec4.ResilienceCockpit-db-deployer#flowable-async-job-executor-thread-2672#
[PollExecuteTaskStatusExecution] 2d23200b-60aa-4519-b7f8-9f40de7a8ecc [2026-08-26T02:16:19.087650] Migrating libraries... ok (0s 48ms) (STDOUT, APP/TASK/deploy)#
#2026 08 26 15:36:44.976#Z#DEBUG#c28227b5-a163-11f1-b062-eeee0a986ec4.ResilienceCockpit-db-deployer#flowable-async-job-executor-thread-2672#
[PollExecuteTaskStatusExecution] 2d23200b-60aa-4519-b7f8-9f40de7a8ecc [2026-08-26T02:16:19.087653] Making... (STDOUT, APP/TASK/deploy)#
#2026 08 26 15:36:44.976#Z#DEBUG#c28227b5-a163-11f1-b062-eeee0a986ec4.ResilienceCockpit-db-deployer#flowable-async-job-executor-thread-2672#
[PollExecuteTaskStatusExecution] 2d23200b-60aa-4519-b7f8-9f40de7a8ecc [2026-08-26T02:16:19.087655] Preparing... (STDOUT, APP/TASK/deploy)#
#2026 08 26 15:36:44.976#Z#DEBUG#c28227b5-a163-11f1-b062-eeee0a986ec4.ResilienceCockpit-db-deployer#flowable-async-job-executor-thread-2672#
[PollExecuteTaskStatusExecution] 2d23200b-60aa-4519-b7f8-9f40de7a8ecc [2026-08-26T02:16:19.087657] Preparing... ok (0s 0ms) (STDOUT, APP/TASK/deploy)#
#2026 08 26 15:36:44.976#Z#DEBUG#c28227b5-a163-11f1-b062-eeee0a986ec4.ResilienceCockpit-db-deployer#flowable-async-job-executor-thread-2672#
[PollExecuteTaskStatusExecution] 2d23200b-60aa-4519-b7f8-9f40de7a8ecc [2026-08-26T02:16:19.087659] Preparing the make transaction... (STDOUT, APP/TASK/deploy)#
#2026 08 26 15:36:44.976#Z#DEBUG#c28227b5-a163-11f1-b062-eeee0a986ec4.ResilienceCockpit-db-deployer#flowable-async-job-executor-thread-2672#
[PollExecuteTaskStatusExecution] 2d23200b-60aa-4519-b7f8-9f40de7a8ecc [2026-08-26T02:16:19.280014] Preparing the make transaction... ok (0s 428ms) (STDOUT, APP/TASK/deploy)#
#2026 08 26 15:36:44.976#Z#DEBUG#c28227b5-a163-11f1-b062-eeee0a986ec4.ResilienceCockpit-db-deployer#flowable-async-job-executor-thread-2672#
[PollExecuteTaskStatusExecution] 2d23200b-60aa-4519-b7f8-9f40de7a8ecc [2026-08-26T02:16:19.280031] Calculating dependencies... (STDOUT, APP/TASK/deploy)#
#2026 08 26 15:36:44.976#Z#DEBUG#c28227b5-a163-11f1-b062-eeee0a986ec4.ResilienceCockpit-db-deployer#flowable-async-job-executor-thread-2672#
[PollExecuteTaskStatusExecution] 2d23200b-60aa-4519-b7f8-9f40de7a8ecc [2026-08-26T02:16:19.280034] Expanding... (STDOUT, APP/TASK/deploy)#
#2026 08 26 15:36:44.976#Z#DEBUG#c28227b5-a163-11f1-b062-eeee0a986ec4.ResilienceCockpit-db-deployer#flowable-async-job-executor-thread-2672#
[PollExecuteTaskStatusExecution] 2d23200b-60aa-4519-b7f8-9f40de7a8ecc [2026-08-26T02:16:19.280039] Expanding... ok (0s 18ms) (STDOUT, APP/TASK/deploy)#
#2026 08 26 15:36:44.976#Z#DEBUG#c28227b5-a163-11f1-b062-eeee0a986ec4.ResilienceCockpit-db-deployer#flowable-async-job-executor-thread-2672#
[PollExecuteTaskStatusExecution] 2d23200b-60aa-4519-b7f8-9f40de7a8ecc [2026-08-26T02:16:19.280041] Precompiling... (STDOUT, APP/TASK/deploy)#
#2026 08 26 15:36:44.976#Z#DEBUG#c28227b5-a163-11f1-b062-eeee0a986ec4.ResilienceCockpit-db-deployer#flowable-async-job-executor-thread-2672#
[PollExecuteTaskStatusExecution] 2d23200b-60aa-4519-b7f8-9f40de7a8ecc [2026-08-26T02:16:19.280043] Precompiling... ok (0s 0ms) (STDOUT, APP/TASK/deploy)#
#2026 08 26 15:36:44.976#Z#DEBUG#c28227b5-a163-11f1-b062-eeee0a986ec4.ResilienceCockpit-db-deployer#flowable-async-job-executor-thread-2672#
[PollExecuteTaskStatusExecution] 2d23200b-60aa-4519-b7f8-9f40de7a8ecc [2026-08-26T02:16:19.280046] Merging... (STDOUT, APP/TASK/deploy)#
#2026 08 26 15:36:44.976#Z#DEBUG#c28227b5-a163-11f1-b062-eeee0a986ec4.ResilienceCockpit-db-deployer#flowable-async-job-executor-thread-2672#
[PollExecuteTaskStatusExecution] 2d23200b-60aa-4519-b7f8-9f40de7a8ecc [2026-08-26T02:16:19.280051] Merging... ok (0s 0ms) (STDOUT, APP/TASK/deploy)#
#2026 08 26 15:36:44.976#Z#DEBUG#c28227b5-a163-11f1-b062-eeee0a986ec4.ResilienceCockpit-db-deployer#flowable-async-job-executor-thread-2672#
[PollExecuteTaskStatusExecution] 2d23200b-60aa-4519-b7f8-9f40de7a8ecc [2026-08-26T02:16:19.280074] Calculating dependencies... ok (0s 18ms) (STDOUT, APP/TASK/deploy)#
#2026 08 26 15:36:44.976#Z#DEBUG#c28227b5-a163-11f1-b062-eeee0a986ec4.ResilienceCockpit-db-deployer#flowable-async-job-executor-thread-2672#
[PollExecuteTaskStatusExecution] 2d23200b-60aa-4519-b7f8-9f40de7a8ecc [2026-08-26T02:16:19.280076] No make necessary (STDOUT, APP/TASK/deploy)#
#2026 08 26 15:36:44.976#Z#DEBUG#c28227b5-a163-11f1-b062-eeee0a986ec4.ResilienceCockpit-db-deployer#flowable-async-job-executor-thread-2672#
[PollExecuteTaskStatusExecution] 2d23200b-60aa-4519-b7f8-9f40de7a8ecc [2026-08-26T02:16:19.280080] Making... ok (0s 524ms) (STDOUT, APP/TASK/deploy)#
#2026 08 26 15:36:44.976#Z#DEBUG#c28227b5-a163-11f1-b062-eeee0a986ec4.ResilienceCockpit-db-deployer#flowable-async-job-executor-thread-2672#
[PollExecuteTaskStatusExecution] 2d23200b-60aa-4519-b7f8-9f40de7a8ecc [2026-08-26T02:16:19.280084] Enabling table replication for the container schema "8697B1A4A8B84AC49EFF171810969752"... (STDOUT, APP/TASK/deploy)#
#2026 08 26 15:36:44.976#Z#DEBUG#c28227b5-a163-11f1-b062-eeee0a986ec4.ResilienceCockpit-db-deployer#flowable-async-job-executor-thread-2672#
[PollExecuteTaskStatusExecution] 2d23200b-60aa-4519-b7f8-9f40de7a8ecc [2026-08-26T02:16:19.280087] Enabling table replication for the container schema "8697B1A4A8B84AC49EFF171810969752"... ok (0s 9ms) (STDOUT, APP/TASK/deploy)#
#2026 08 26 15:36:44.976#Z#DEBUG#c28227b5-a163-11f1-b062-eeee0a986ec4.ResilienceCockpit-db-deployer#flowable-async-job-executor-thread-2672#
[PollExecuteTaskStatusExecution] 2d23200b-60aa-4519-b7f8-9f40de7a8ecc [2026-08-26T02:16:19.280093] Starting make in the container "8697B1A4A8B84AC49EFF171810969752" with 0 files to deploy, 0 files to undeploy... ok (0s 607ms) (STDOUT, APP/TASK/deploy)#
#2026 08 26 15:36:44.976#Z#DEBUG#c28227b5-a163-11f1-b062-eeee0a986ec4.ResilienceCockpit-db-deployer#flowable-async-job-executor-thread-2672#
[PollExecuteTaskStatusExecution] 2d23200b-60aa-4519-b7f8-9f40de7a8ecc [2026-08-26T02:16:19.280149] Deploying to the container "8697B1A4A8B84AC49EFF171810969752"... ok (0s 808ms) (STDOUT, APP/TASK/deploy)#
#2026 08 26 15:36:44.976#Z#DEBUG#c28227b5-a163-11f1-b062-eeee0a986ec4.ResilienceCockpit-db-deployer#flowable-async-job-executor-thread-2672#
[PollExecuteTaskStatusExecution] 2d23200b-60aa-4519-b7f8-9f40de7a8ecc [2026-08-26T02:16:19.280370] No default-access-role handling needed; global role "8697B1A4A8B84AC49EFF171810969752::access_role" will not be adapted (STDOUT, APP/TASK/deploy)#
#2026 08 26 15:36:44.976#Z#DEBUG#c28227b5-a163-11f1-b062-eeee0a986ec4.ResilienceCockpit-db-deployer#flowable-async-job-executor-thread-2672#
[PollExecuteTaskStatusExecution] 2d23200b-60aa-4519-b7f8-9f40de7a8ecc [2026-08-26T02:16:19.280454] Unlocking the container "8697B1A4A8B84AC49EFF171810969752"... (STDOUT, APP/TASK/deploy)#
#2026 08 26 15:36:44.976#Z#DEBUG#c28227b5-a163-11f1-b062-eeee0a986ec4.ResilienceCockpit-db-deployer#flowable-async-job-executor-thread-2672#
[PollExecuteTaskStatusExecution] 2d23200b-60aa-4519-b7f8-9f40de7a8ecc [2026-08-26T02:16:19.280636] Unlocking the container "8697B1A4A8B84AC49EFF171810969752"... ok (0s 0ms) (STDOUT, APP/TASK/deploy)#
#2026 08 26 15:36:44.976#Z#DEBUG#c28227b5-a163-11f1-b062-eeee0a986ec4.ResilienceCockpit-db-deployer#flowable-async-job-executor-thread-2672#
[PollExecuteTaskStatusExecution] 2d23200b-60aa-4519-b7f8-9f40de7a8ecc [2026-08-26T02:16:19.280717] Deployment to container 8697B1A4A8B84AC49EFF171810969752 done [Deployment ID: none]. (STDOUT, APP/TASK/deploy)#
#2026 08 26 15:36:44.976#Z#DEBUG#c28227b5-a163-11f1-b062-eeee0a986ec4.ResilienceCockpit-db-deployer#flowable-async-job-executor-thread-2672#
[PollExecuteTaskStatusExecution] 2d23200b-60aa-4519-b7f8-9f40de7a8ecc [2026-08-26T02:16:19.280978] Deployment ended at 2026-08-26 02:16:19 (STDOUT, APP/TASK/deploy)#
#2026 08 26 15:36:44.976#Z#DEBUG#c28227b5-a163-11f1-b062-eeee0a986ec4.ResilienceCockpit-db-deployer#flowable-async-job-executor-thread-2672#
[PollExecuteTaskStatusExecution] 2d23200b-60aa-4519-b7f8-9f40de7a8ecc [2026-08-26T02:16:19.281158] (2s 381ms) (STDOUT, APP/TASK/deploy)#
#2026 08 26 15:36:44.976#Z#DEBUG#c28227b5-a163-11f1-b062-eeee0a986ec4.ResilienceCockpit-db-deployer#flowable-async-job-executor-thread-2672#
[PollExecuteTaskStatusExecution] 2d23200b-60aa-4519-b7f8-9f40de7a8ecc [2026-08-26T02:16:19.290580] npm notice (STDERR, APP/TASK/deploy)#
#2026 08 26 15:36:44.976#Z#DEBUG#c28227b5-a163-11f1-b062-eeee0a986ec4.ResilienceCockpit-db-deployer#flowable-async-job-executor-thread-2672#
[PollExecuteTaskStatusExecution] 2d23200b-60aa-4519-b7f8-9f40de7a8ecc [2026-08-26T02:16:19.290593] npm notice New major version of npm available! 11.16.0 -> 12.0.2 (STDERR, APP/TASK/deploy)#
#2026 08 26 15:36:44.976#Z#DEBUG#c28227b5-a163-11f1-b062-eeee0a986ec4.ResilienceCockpit-db-deployer#flowable-async-job-executor-thread-2672#
[PollExecuteTaskStatusExecution] 2d23200b-60aa-4519-b7f8-9f40de7a8ecc [2026-08-26T02:16:19.290596] npm notice Changelog: https://github.com/npm/cli/releases/tag/v12.0.2 (STDERR, APP/TASK/deploy)#
#2026 08 26 15:36:44.976#Z#DEBUG#c28227b5-a163-11f1-b062-eeee0a986ec4.ResilienceCockpit-db-deployer#flowable-async-job-executor-thread-2672#
[PollExecuteTaskStatusExecution] 2d23200b-60aa-4519-b7f8-9f40de7a8ecc [2026-08-26T02:16:19.290598] npm notice To update run: npm install -g npm@12.0.2 (STDERR, APP/TASK/deploy)#
#2026 08 26 15:36:44.976#Z#DEBUG#c28227b5-a163-11f1-b062-eeee0a986ec4.ResilienceCockpit-db-deployer#flowable-async-job-executor-thread-2672#
[PollExecuteTaskStatusExecution] 2d23200b-60aa-4519-b7f8-9f40de7a8ecc [2026-08-26T02:16:19.290603] npm notice (STDERR, APP/TASK/deploy)#
#2026 08 26 15:36:44.976#Z#DEBUG#c28227b5-a163-11f1-b062-eeee0a986ec4.ResilienceCockpit-db-deployer#flowable-async-job-executor-thread-2672#
[PollExecuteTaskStatusExecution] 2d23200b-60aa-4519-b7f8-9f40de7a8ecc [2026-08-26T02:16:19.338082] Exit status 0 (STDOUT, APP/TASK/deploy)#
#2026 08 26 15:36:44.976#Z#DEBUG#c28227b5-a163-11f1-b062-eeee0a986ec4.ResilienceCockpit-db-deployer#flowable-async-job-executor-thread-2672#
[PollExecuteTaskStatusExecution] 2d23200b-60aa-4519-b7f8-9f40de7a8ecc [2026-08-26T02:16:19.659504] Cell c343a1ce-501c-453d-aabd-5a2aaaa23496 stopping instance da26f2f4-41fc-46aa-9190-b3b0cfee3642 (STDOUT, CELL)#
#2026 08 26 15:36:44.976#Z#DEBUG#c28227b5-a163-11f1-b062-eeee0a986ec4.ResilienceCockpit-db-deployer#flowable-async-job-executor-thread-2672#
[PollExecuteTaskStatusExecution] 2d23200b-60aa-4519-b7f8-9f40de7a8ecc [2026-08-26T02:16:19.659534] Cell c343a1ce-501c-453d-aabd-5a2aaaa23496 destroying container for instance da26f2f4-41fc-46aa-9190-b3b0cfee3642 (STDOUT, CELL)#
#2026 08 26 15:36:44.976#Z#DEBUG#c28227b5-a163-11f1-b062-eeee0a986ec4.ResilienceCockpit-db-deployer#flowable-async-job-executor-thread-2672#
[PollExecuteTaskStatusExecution] 2d23200b-60aa-4519-b7f8-9f40de7a8ecc [2026-08-26T02:16:20.807613] Cell c343a1ce-501c-453d-aabd-5a2aaaa23496 successfully destroyed container for instance da26f2f4-41fc-46aa-9190-b3b0cfee3642 (STDOUT, CELL)#
#2026 08 26 15:36:44.976#Z#DEBUG#c28227b5-a163-11f1-b062-eeee0a986ec4.ResilienceCockpit-db-deployer#flowable-async-job-executor-thread-2672#
[PollExecuteTaskStatusExecution] 2d23200b-60aa-4519-b7f8-9f40de7a8ecc [2026-08-26T15:35:46.942065] Updated app with guid 2d23200b-60aa-4519-b7f8-9f40de7a8ecc ({"lifecycle"=>{"data"=>{"buildpacks"=>["nodejs_buildpack"]}, "type"=>"buildpack"}}) (STDOUT, API)#
#2026 08 26 15:36:44.976#Z#DEBUG#c28227b5-a163-11f1-b062-eeee0a986ec4.ResilienceCockpit-db-deployer#flowable-async-job-executor-thread-2672#
[PollExecuteTaskStatusExecution] 2d23200b-60aa-4519-b7f8-9f40de7a8ecc [2026-08-26T15:35:47.029580] Updating process: "web" (STDOUT, API)#
#2026 08 26 15:36:44.976#Z#DEBUG#c28227b5-a163-11f1-b062-eeee0a986ec4.ResilienceCockpit-db-deployer#flowable-async-job-executor-thread-2672#
[PollExecuteTaskStatusExecution] 2d23200b-60aa-4519-b7f8-9f40de7a8ecc [2026-08-26T15:35:55.061772] Uploading app package for app with guid 2d23200b-60aa-4519-b7f8-9f40de7a8ecc (STDOUT, API)#
#2026 08 26 15:36:44.976#Z#DEBUG#c28227b5-a163-11f1-b062-eeee0a986ec4.ResilienceCockpit-db-deployer#flowable-async-job-executor-thread-2672#
[PollExecuteTaskStatusExecution] 2d23200b-60aa-4519-b7f8-9f40de7a8ecc [2026-08-26T15:35:55.236714] Updated app with guid 2d23200b-60aa-4519-b7f8-9f40de7a8ecc ({"environment_variables"=>"[PRIVATE DATA HIDDEN]"}) (STDOUT, API)#
#2026 08 26 15:36:44.976#Z#DEBUG#c28227b5-a163-11f1-b062-eeee0a986ec4.ResilienceCockpit-db-deployer#flowable-async-job-executor-thread-2672#
[PollExecuteTaskStatusExecution] 2d23200b-60aa-4519-b7f8-9f40de7a8ecc [2026-08-26T15:36:05.098572] Creating build for app with guid 2d23200b-60aa-4519-b7f8-9f40de7a8ecc (STDOUT, API)#
#2026 08 26 15:36:44.976#Z#DEBUG#c28227b5-a163-11f1-b062-eeee0a986ec4.ResilienceCockpit-db-deployer#flowable-async-job-executor-thread-2672#
[PollExecuteTaskStatusExecution] 2d23200b-60aa-4519-b7f8-9f40de7a8ecc [2026-08-26T15:36:05.407231] Downloading nodejs_buildpack... (STDOUT, STG)#
#2026 08 26 15:36:44.976#Z#DEBUG#c28227b5-a163-11f1-b062-eeee0a986ec4.ResilienceCockpit-db-deployer#flowable-async-job-executor-thread-2672#
[PollExecuteTaskStatusExecution] 2d23200b-60aa-4519-b7f8-9f40de7a8ecc [2026-08-26T15:36:05.446931] Downloaded nodejs_buildpack (STDOUT, STG)#
#2026 08 26 15:36:44.976#Z#DEBUG#c28227b5-a163-11f1-b062-eeee0a986ec4.ResilienceCockpit-db-deployer#flowable-async-job-executor-thread-2672#
[PollExecuteTaskStatusExecution] 2d23200b-60aa-4519-b7f8-9f40de7a8ecc [2026-08-26T15:36:05.446995] Cell 13752499-11e5-4ce9-a7df-2188d5ab1e0d creating container for instance 28a0f16f-cead-4077-af36-9e730a04ebc8 (STDOUT, STG)#
#2026 08 26 15:36:44.976#Z#DEBUG#c28227b5-a163-11f1-b062-eeee0a986ec4.ResilienceCockpit-db-deployer#flowable-async-job-executor-thread-2672#
[PollExecuteTaskStatusExecution] 2d23200b-60aa-4519-b7f8-9f40de7a8ecc [2026-08-26T15:36:05.764005] Security group rules were updated (STDOUT, STG)#
#2026 08 26 15:36:44.976#Z#DEBUG#c28227b5-a163-11f1-b062-eeee0a986ec4.ResilienceCockpit-db-deployer#flowable-async-job-executor-thread-2672#
[PollExecuteTaskStatusExecution] 2d23200b-60aa-4519-b7f8-9f40de7a8ecc [2026-08-26T15:36:05.818272] Cell 13752499-11e5-4ce9-a7df-2188d5ab1e0d successfully created container for instance 28a0f16f-cead-4077-af36-9e730a04ebc8 (STDOUT, STG)#
#2026 08 26 15:36:44.976#Z#DEBUG#c28227b5-a163-11f1-b062-eeee0a986ec4.ResilienceCockpit-db-deployer#flowable-async-job-executor-thread-2672#
[PollExecuteTaskStatusExecution] 2d23200b-60aa-4519-b7f8-9f40de7a8ecc [2026-08-26T15:36:05.998266] Downloading app package... (STDOUT, STG)#
#2026 08 26 15:36:44.976#Z#DEBUG#c28227b5-a163-11f1-b062-eeee0a986ec4.ResilienceCockpit-db-deployer#flowable-async-job-executor-thread-2672#
[PollExecuteTaskStatusExecution] 2d23200b-60aa-4519-b7f8-9f40de7a8ecc [2026-08-26T15:36:05.998301] Downloading build artifacts cache... (STDOUT, STG)#
#2026 08 26 15:36:44.976#Z#DEBUG#c28227b5-a163-11f1-b062-eeee0a986ec4.ResilienceCockpit-db-deployer#flowable-async-job-executor-thread-2672#
[PollExecuteTaskStatusExecution] 2d23200b-60aa-4519-b7f8-9f40de7a8ecc [2026-08-26T15:36:06.100411] Downloaded build artifacts cache (223B) (STDOUT, STG)#
#2026 08 26 15:36:44.976#Z#DEBUG#c28227b5-a163-11f1-b062-eeee0a986ec4.ResilienceCockpit-db-deployer#flowable-async-job-executor-thread-2672#
[PollExecuteTaskStatusExecution] 2d23200b-60aa-4519-b7f8-9f40de7a8ecc [2026-08-26T15:36:06.239193] Downloaded app package (2.5M) (STDOUT, STG)#
#2026 08 26 15:36:44.976#Z#DEBUG#c28227b5-a163-11f1-b062-eeee0a986ec4.ResilienceCockpit-db-deployer#flowable-async-job-executor-thread-2672#
[PollExecuteTaskStatusExecution] 2d23200b-60aa-4519-b7f8-9f40de7a8ecc [2026-08-26T15:36:06.290249] -----> Nodejs Buildpack version 1.9.3 (STDOUT, STG)#
#2026 08 26 15:36:44.976#Z#DEBUG#c28227b5-a163-11f1-b062-eeee0a986ec4.ResilienceCockpit-db-deployer#flowable-async-job-executor-thread-2672#
[PollExecuteTaskStatusExecution] 2d23200b-60aa-4519-b7f8-9f40de7a8ecc [2026-08-26T15:36:06.381394] -----> Bootstrapping python (STDOUT, STG)#
#2026 08 26 15:36:44.976#Z#DEBUG#c28227b5-a163-11f1-b062-eeee0a986ec4.ResilienceCockpit-db-deployer#flowable-async-job-executor-thread-2672#
[PollExecuteTaskStatusExecution] 2d23200b-60aa-4519-b7f8-9f40de7a8ecc [2026-08-26T15:36:06.381416] -----> Installing python 3.13.14 (STDOUT, STG)#
#2026 08 26 15:36:44.976#Z#DEBUG#c28227b5-a163-11f1-b062-eeee0a986ec4.ResilienceCockpit-db-deployer#flowable-async-job-executor-thread-2672#
[PollExecuteTaskStatusExecution] 2d23200b-60aa-4519-b7f8-9f40de7a8ecc [2026-08-26T15:36:06.381440] Copy [/tmp/buildpacks/adc5840e3e50b48d/dependencies/4b4266a2ff36730aef37b88b668ca327/python_3.13.14_linux_x64_cflinuxfs4_b80d4954.tgz] (STDOUT, STG)#
#2026 08 26 15:36:44.976#Z#DEBUG#c28227b5-a163-11f1-b062-eeee0a986ec4.ResilienceCockpit-db-deployer#flowable-async-job-executor-thread-2672#
[PollExecuteTaskStatusExecution] 2d23200b-60aa-4519-b7f8-9f40de7a8ecc [2026-08-26T15:36:09.372969] -----> Installing binaries (STDOUT, STG)#
#2026 08 26 15:36:44.976#Z#DEBUG#c28227b5-a163-11f1-b062-eeee0a986ec4.ResilienceCockpit-db-deployer#flowable-async-job-executor-thread-2672#
[PollExecuteTaskStatusExecution] 2d23200b-60aa-4519-b7f8-9f40de7a8ecc [2026-08-26T15:36:09.373067] engines.node (package.json): >=18 (STDOUT, STG)#
#2026 08 26 15:36:44.976#Z#DEBUG#c28227b5-a163-11f1-b062-eeee0a986ec4.ResilienceCockpit-db-deployer#flowable-async-job-executor-thread-2672#
[PollExecuteTaskStatusExecution] 2d23200b-60aa-4519-b7f8-9f40de7a8ecc [2026-08-26T15:36:09.373083] engines.npm (package.json): unspecified (use default) (STDOUT, STG)#
#2026 08 26 15:36:44.976#Z#DEBUG#c28227b5-a163-11f1-b062-eeee0a986ec4.ResilienceCockpit-db-deployer#flowable-async-job-executor-thread-2672#
[PollExecuteTaskStatusExecution] 2d23200b-60aa-4519-b7f8-9f40de7a8ecc [2026-08-26T15:36:09.373089] [31;1m**WARNING**[0m Dangerous semver range (>) in engines.node. See: http://docs.cloudfoundry.org/buildpacks/node/node-tips.html (STDOUT, STG)#
#2026 08 26 15:36:44.976#Z#DEBUG#c28227b5-a163-11f1-b062-eeee0a986ec4.ResilienceCockpit-db-deployer#flowable-async-job-executor-thread-2672#
[PollExecuteTaskStatusExecution] 2d23200b-60aa-4519-b7f8-9f40de7a8ecc [2026-08-26T15:36:09.373101] -----> Installing node 24.18.0 (STDOUT, STG)#
#2026 08 26 15:36:44.976#Z#DEBUG#c28227b5-a163-11f1-b062-eeee0a986ec4.ResilienceCockpit-db-deployer#flowable-async-job-executor-thread-2672#
[PollExecuteTaskStatusExecution] 2d23200b-60aa-4519-b7f8-9f40de7a8ecc [2026-08-26T15:36:09.373341] Copy [/tmp/buildpacks/adc5840e3e50b48d/dependencies/dffbbb835fcd073c4544f78eb6247fac/node_24.18.0_linux_x64_cflinuxfs4_cdfed650.tgz] (STDOUT, STG)#
#2026 08 26 15:36:44.976#Z#DEBUG#c28227b5-a163-11f1-b062-eeee0a986ec4.ResilienceCockpit-db-deployer#flowable-async-job-executor-thread-2672#
[PollExecuteTaskStatusExecution] 2d23200b-60aa-4519-b7f8-9f40de7a8ecc [2026-08-26T15:36:11.103905] Using default npm version: 11.16.0 (STDOUT, STG)#
#2026 08 26 15:36:44.976#Z#DEBUG#c28227b5-a163-11f1-b062-eeee0a986ec4.ResilienceCockpit-db-deployer#flowable-async-job-executor-thread-2672#
[PollExecuteTaskStatusExecution] 2d23200b-60aa-4519-b7f8-9f40de7a8ecc [2026-08-26T15:36:11.103938] -----> Installing yarn 1.22.22 (STDOUT, STG)#
#2026 08 26 15:36:44.976#Z#DEBUG#c28227b5-a163-11f1-b062-eeee0a986ec4.ResilienceCockpit-db-deployer#flowable-async-job-executor-thread-2672#
[PollExecuteTaskStatusExecution] 2d23200b-60aa-4519-b7f8-9f40de7a8ecc [2026-08-26T15:36:11.103962] Copy [/tmp/buildpacks/adc5840e3e50b48d/dependencies/e4fe26756e9984a665478d350474fa2e/yarn_1.22.22_linux_noarch_any-stack_b6132b86.tgz] (STDOUT, STG)#
#2026 08 26 15:36:44.976#Z#DEBUG#c28227b5-a163-11f1-b062-eeee0a986ec4.ResilienceCockpit-db-deployer#flowable-async-job-executor-thread-2672#
[PollExecuteTaskStatusExecution] 2d23200b-60aa-4519-b7f8-9f40de7a8ecc [2026-08-26T15:36:11.353153] Installed yarn 1.22.22 (STDOUT, STG)#
#2026 08 26 15:36:44.976#Z#DEBUG#c28227b5-a163-11f1-b062-eeee0a986ec4.ResilienceCockpit-db-deployer#flowable-async-job-executor-thread-2672#
[PollExecuteTaskStatusExecution] 2d23200b-60aa-4519-b7f8-9f40de7a8ecc [2026-08-26T15:36:11.353186] -----> Creating runtime environment (STDOUT, STG)#
#2026 08 26 15:36:44.976#Z#DEBUG#c28227b5-a163-11f1-b062-eeee0a986ec4.ResilienceCockpit-db-deployer#flowable-async-job-executor-thread-2672#
[PollExecuteTaskStatusExecution] 2d23200b-60aa-4519-b7f8-9f40de7a8ecc [2026-08-26T15:36:11.354342] NODE_ENV=production (STDOUT, STG)#
#2026 08 26 15:36:44.976#Z#DEBUG#c28227b5-a163-11f1-b062-eeee0a986ec4.ResilienceCockpit-db-deployer#flowable-async-job-executor-thread-2672#
[PollExecuteTaskStatusExecution] 2d23200b-60aa-4519-b7f8-9f40de7a8ecc [2026-08-26T15:36:11.354364] NODE_HOME=/tmp/contents203368967/deps/0/node (STDOUT, STG)#
#2026 08 26 15:36:44.976#Z#DEBUG#c28227b5-a163-11f1-b062-eeee0a986ec4.ResilienceCockpit-db-deployer#flowable-async-job-executor-thread-2672#
[PollExecuteTaskStatusExecution] 2d23200b-60aa-4519-b7f8-9f40de7a8ecc [2026-08-26T15:36:11.354369] NODE_MODULES_CACHE=true (STDOUT, STG)#
#2026 08 26 15:36:44.976#Z#DEBUG#c28227b5-a163-11f1-b062-eeee0a986ec4.ResilienceCockpit-db-deployer#flowable-async-job-executor-thread-2672#
[PollExecuteTaskStatusExecution] 2d23200b-60aa-4519-b7f8-9f40de7a8ecc [2026-08-26T15:36:11.354371] NODE_VERBOSE=false (STDOUT, STG)#
#2026 08 26 15:36:44.976#Z#DEBUG#c28227b5-a163-11f1-b062-eeee0a986ec4.ResilienceCockpit-db-deployer#flowable-async-job-executor-thread-2672#
[PollExecuteTaskStatusExecution] 2d23200b-60aa-4519-b7f8-9f40de7a8ecc [2026-08-26T15:36:11.354376] NPM_CONFIG_LOGLEVEL=error (STDOUT, STG)#
#2026 08 26 15:36:44.976#Z#DEBUG#c28227b5-a163-11f1-b062-eeee0a986ec4.ResilienceCockpit-db-deployer#flowable-async-job-executor-thread-2672#
[PollExecuteTaskStatusExecution] 2d23200b-60aa-4519-b7f8-9f40de7a8ecc [2026-08-26T15:36:11.354380] NPM_CONFIG_PRODUCTION=true (STDOUT, STG)#
#2026 08 26 15:36:44.976#Z#DEBUG#c28227b5-a163-11f1-b062-eeee0a986ec4.ResilienceCockpit-db-deployer#flowable-async-job-executor-thread-2672#
[PollExecuteTaskStatusExecution] 2d23200b-60aa-4519-b7f8-9f40de7a8ecc [2026-08-26T15:36:11.354382] -----> Building dependencies (STDOUT, STG)#
#2026 08 26 15:36:44.976#Z#DEBUG#c28227b5-a163-11f1-b062-eeee0a986ec4.ResilienceCockpit-db-deployer#flowable-async-job-executor-thread-2672#
[PollExecuteTaskStatusExecution] 2d23200b-60aa-4519-b7f8-9f40de7a8ecc [2026-08-26T15:36:11.354385] Prebuild detected (node_modules already exists) (STDOUT, STG)#
#2026 08 26 15:36:44.976#Z#DEBUG#c28227b5-a163-11f1-b062-eeee0a986ec4.ResilienceCockpit-db-deployer#flowable-async-job-executor-thread-2672#
[PollExecuteTaskStatusExecution] 2d23200b-60aa-4519-b7f8-9f40de7a8ecc [2026-08-26T15:36:11.354387] Rebuilding any native modules (STDOUT, STG)#
#2026 08 26 15:36:44.976#Z#DEBUG#c28227b5-a163-11f1-b062-eeee0a986ec4.ResilienceCockpit-db-deployer#flowable-async-job-executor-thread-2672#
[PollExecuteTaskStatusExecution] 2d23200b-60aa-4519-b7f8-9f40de7a8ecc [2026-08-26T15:36:11.738968] rebuilt dependencies successfully (STDOUT, STG)#
#2026 08 26 15:36:44.976#Z#DEBUG#c28227b5-a163-11f1-b062-eeee0a986ec4.ResilienceCockpit-db-deployer#flowable-async-job-executor-thread-2672#
[PollExecuteTaskStatusExecution] 2d23200b-60aa-4519-b7f8-9f40de7a8ecc [2026-08-26T15:36:11.785978] Installing any new modules (package.json + package-lock.json) (STDOUT, STG)#
#2026 08 26 15:36:44.976#Z#DEBUG#c28227b5-a163-11f1-b062-eeee0a986ec4.ResilienceCockpit-db-deployer#flowable-async-job-executor-thread-2672#
[PollExecuteTaskStatusExecution] 2d23200b-60aa-4519-b7f8-9f40de7a8ecc [2026-08-26T15:36:12.116137] up to date in 271ms (STDOUT, STG)#
#2026 08 26 15:36:44.976#Z#DEBUG#c28227b5-a163-11f1-b062-eeee0a986ec4.ResilienceCockpit-db-deployer#flowable-async-job-executor-thread-2672#
[PollExecuteTaskStatusExecution] 2d23200b-60aa-4519-b7f8-9f40de7a8ecc [2026-08-26T15:36:12.116376] 4 packages are looking for funding (STDOUT, STG)#
#2026 08 26 15:36:44.976#Z#DEBUG#c28227b5-a163-11f1-b062-eeee0a986ec4.ResilienceCockpit-db-deployer#flowable-async-job-executor-thread-2672#
[PollExecuteTaskStatusExecution] 2d23200b-60aa-4519-b7f8-9f40de7a8ecc [2026-08-26T15:36:12.116496] run `npm fund` for details (STDOUT, STG)#
#2026 08 26 15:36:44.976#Z#DEBUG#c28227b5-a163-11f1-b062-eeee0a986ec4.ResilienceCockpit-db-deployer#flowable-async-job-executor-thread-2672#
[PollExecuteTaskStatusExecution] 2d23200b-60aa-4519-b7f8-9f40de7a8ecc [2026-08-26T15:36:12.520765] Contrast Security no credentials found. Will not write environment files. (STDOUT, STG)#
#2026 08 26 15:36:44.976#Z#DEBUG#c28227b5-a163-11f1-b062-eeee0a986ec4.ResilienceCockpit-db-deployer#flowable-async-job-executor-thread-2672#
[PollExecuteTaskStatusExecution] 2d23200b-60aa-4519-b7f8-9f40de7a8ecc [2026-08-26T15:36:20.029992] Exit status 0 (STDOUT, STG)#
#2026 08 26 15:36:44.976#Z#DEBUG#c28227b5-a163-11f1-b062-eeee0a986ec4.ResilienceCockpit-db-deployer#flowable-async-job-executor-thread-2672#
[PollExecuteTaskStatusExecution] 2d23200b-60aa-4519-b7f8-9f40de7a8ecc [2026-08-26T15:36:20.030055] Uploading droplet, build artifacts cache... (STDOUT, STG)#
#2026 08 26 15:36:44.976#Z#DEBUG#c28227b5-a163-11f1-b062-eeee0a986ec4.ResilienceCockpit-db-deployer#flowable-async-job-executor-thread-2672#
[PollExecuteTaskStatusExecution] 2d23200b-60aa-4519-b7f8-9f40de7a8ecc [2026-08-26T15:36:20.030114] Uploading droplet... (STDOUT, STG)#
#2026 08 26 15:36:44.976#Z#DEBUG#c28227b5-a163-11f1-b062-eeee0a986ec4.ResilienceCockpit-db-deployer#flowable-async-job-executor-thread-2672#
[PollExecuteTaskStatusExecution] 2d23200b-60aa-4519-b7f8-9f40de7a8ecc [2026-08-26T15:36:20.030114] Uploading build artifacts cache... (STDOUT, STG)#
#2026 08 26 15:36:44.976#Z#DEBUG#c28227b5-a163-11f1-b062-eeee0a986ec4.ResilienceCockpit-db-deployer#flowable-async-job-executor-thread-2672#
[PollExecuteTaskStatusExecution] 2d23200b-60aa-4519-b7f8-9f40de7a8ecc [2026-08-26T15:36:20.047461] Uploaded build artifacts cache (224B) (STDOUT, STG)#
#2026 08 26 15:36:44.976#Z#DEBUG#c28227b5-a163-11f1-b062-eeee0a986ec4.ResilienceCockpit-db-deployer#flowable-async-job-executor-thread-2672#
[PollExecuteTaskStatusExecution] 2d23200b-60aa-4519-b7f8-9f40de7a8ecc [2026-08-26T15:36:20.651525] Creating droplet for app with guid 2d23200b-60aa-4519-b7f8-9f40de7a8ecc (STDOUT, API)#
#2026 08 26 15:36:44.976#Z#DEBUG#c28227b5-a163-11f1-b062-eeee0a986ec4.ResilienceCockpit-db-deployer#flowable-async-job-executor-thread-2672#
[PollExecuteTaskStatusExecution] 2d23200b-60aa-4519-b7f8-9f40de7a8ecc [2026-08-26T15:36:25.719020] Uploaded droplet (59.3M) (STDOUT, STG)#
#2026 08 26 15:36:44.976#Z#DEBUG#c28227b5-a163-11f1-b062-eeee0a986ec4.ResilienceCockpit-db-deployer#flowable-async-job-executor-thread-2672#
[PollExecuteTaskStatusExecution] 2d23200b-60aa-4519-b7f8-9f40de7a8ecc [2026-08-26T15:36:25.732754] Uploading complete (STDOUT, STG)#
#2026 08 26 15:36:44.976#Z#DEBUG#c28227b5-a163-11f1-b062-eeee0a986ec4.ResilienceCockpit-db-deployer#flowable-async-job-executor-thread-2672#
[PollExecuteTaskStatusExecution] 2d23200b-60aa-4519-b7f8-9f40de7a8ecc [2026-08-26T15:36:26.192701] Cell 13752499-11e5-4ce9-a7df-2188d5ab1e0d stopping instance 28a0f16f-cead-4077-af36-9e730a04ebc8 (STDOUT, STG)#
#2026 08 26 15:36:44.976#Z#DEBUG#c28227b5-a163-11f1-b062-eeee0a986ec4.ResilienceCockpit-db-deployer#flowable-async-job-executor-thread-2672#
[PollExecuteTaskStatusExecution] 2d23200b-60aa-4519-b7f8-9f40de7a8ecc [2026-08-26T15:36:26.192727] Cell 13752499-11e5-4ce9-a7df-2188d5ab1e0d destroying container for instance 28a0f16f-cead-4077-af36-9e730a04ebc8 (STDOUT, STG)#
#2026 08 26 15:36:44.976#Z#DEBUG#c28227b5-a163-11f1-b062-eeee0a986ec4.ResilienceCockpit-db-deployer#flowable-async-job-executor-thread-2672#
[PollExecuteTaskStatusExecution] 2d23200b-60aa-4519-b7f8-9f40de7a8ecc [2026-08-26T15:36:26.260640] Staging complete for build 28a0f16f-cead-4077-af36-9e730a04ebc8 (STDOUT, API)#
#2026 08 26 15:36:44.976#Z#DEBUG#c28227b5-a163-11f1-b062-eeee0a986ec4.ResilienceCockpit-db-deployer#flowable-async-job-executor-thread-2672#
[PollExecuteTaskStatusExecution] 2d23200b-60aa-4519-b7f8-9f40de7a8ecc [2026-08-26T15:36:28.539860] Cell 13752499-11e5-4ce9-a7df-2188d5ab1e0d successfully destroyed container for instance 28a0f16f-cead-4077-af36-9e730a04ebc8 (STDOUT, STG)#
#2026 08 26 15:36:44.976#Z#DEBUG#c28227b5-a163-11f1-b062-eeee0a986ec4.ResilienceCockpit-db-deployer#flowable-async-job-executor-thread-2672#
[PollExecuteTaskStatusExecution] 2d23200b-60aa-4519-b7f8-9f40de7a8ecc [2026-08-26T15:36:35.003259] Updated app with guid 2d23200b-60aa-4519-b7f8-9f40de7a8ecc ({:droplet_guid=>"e6553c00-263c-417c-af04-270ea3804907"}) (STDOUT, API)#
#2026 08 26 15:36:44.976#Z#DEBUG#c28227b5-a163-11f1-b062-eeee0a986ec4.ResilienceCockpit-db-deployer#flowable-async-job-executor-thread-2672#
[PollExecuteTaskStatusExecution] 2d23200b-60aa-4519-b7f8-9f40de7a8ecc [2026-08-26T15:36:35.361645] Cell 2cba0a63-a06b-4c2d-9ff8-cb3bec259489 creating container for instance 89ebbd8f-c858-44f1-8d3d-27707e430112 (STDOUT, CELL)#
#2026 08 26 15:36:44.976#Z#DEBUG#c28227b5-a163-11f1-b062-eeee0a986ec4.ResilienceCockpit-db-deployer#flowable-async-job-executor-thread-2672#
[PollExecuteTaskStatusExecution] 2d23200b-60aa-4519-b7f8-9f40de7a8ecc [2026-08-26T15:36:35.656541] Security group rules were updated (STDOUT, CELL)#
#2026 08 26 15:36:44.976#Z#DEBUG#c28227b5-a163-11f1-b062-eeee0a986ec4.ResilienceCockpit-db-deployer#flowable-async-job-executor-thread-2672#
[PollExecuteTaskStatusExecution] 2d23200b-60aa-4519-b7f8-9f40de7a8ecc [2026-08-26T15:36:35.711811] Cell 2cba0a63-a06b-4c2d-9ff8-cb3bec259489 successfully created container for instance 89ebbd8f-c858-44f1-8d3d-27707e430112 (STDOUT, CELL)#
#2026 08 26 15:36:44.976#Z#DEBUG#c28227b5-a163-11f1-b062-eeee0a986ec4.ResilienceCockpit-db-deployer#flowable-async-job-executor-thread-2672#
[PollExecuteTaskStatusExecution] 2d23200b-60aa-4519-b7f8-9f40de7a8ecc [2026-08-26T15:36:38.656309] Invoking pre-start scripts. (STDOUT, APP/TASK/deploy)#
#2026 08 26 15:36:44.976#Z#DEBUG#c28227b5-a163-11f1-b062-eeee0a986ec4.ResilienceCockpit-db-deployer#flowable-async-job-executor-thread-2672#
[PollExecuteTaskStatusExecution] 2d23200b-60aa-4519-b7f8-9f40de7a8ecc [2026-08-26T15:36:38.798478] Invoking start command. (STDOUT, APP/TASK/deploy)#
#2026 08 26 15:36:44.976#Z#DEBUG#c28227b5-a163-11f1-b062-eeee0a986ec4.ResilienceCockpit-db-deployer#flowable-async-job-executor-thread-2672#
[PollExecuteTaskStatusExecution] 2d23200b-60aa-4519-b7f8-9f40de7a8ecc [2026-08-26T15:36:39.089280] > start (STDOUT, APP/TASK/deploy)#
#2026 08 26 15:36:44.976#Z#DEBUG#c28227b5-a163-11f1-b062-eeee0a986ec4.ResilienceCockpit-db-deployer#flowable-async-job-executor-thread-2672#
[PollExecuteTaskStatusExecution] 2d23200b-60aa-4519-b7f8-9f40de7a8ecc [2026-08-26T15:36:39.089311] > node node_modules/@sap/hdi-deploy/deploy.js --use-hdb --parameter com.sap.hana.di.table/try_fast_table_migration=true (STDOUT, APP/TASK/deploy)#
#2026 08 26 15:36:44.976#Z#DEBUG#c28227b5-a163-11f1-b062-eeee0a986ec4.ResilienceCockpit-db-deployer#flowable-async-job-executor-thread-2672#
[PollExecuteTaskStatusExecution] 2d23200b-60aa-4519-b7f8-9f40de7a8ecc [2026-08-26T15:36:39.189774] VCAP_SERVICES: (STDOUT, APP/TASK/deploy)#
#2026 08 26 15:36:44.976#Z#DEBUG#c28227b5-a163-11f1-b062-eeee0a986ec4.ResilienceCockpit-db-deployer#flowable-async-job-executor-thread-2672#
[PollExecuteTaskStatusExecution] 2d23200b-60aa-4519-b7f8-9f40de7a8ecc [2026-08-26T15:36:39.190179] { (STDOUT, APP/TASK/deploy)#
#2026 08 26 15:36:44.976#Z#DEBUG#c28227b5-a163-11f1-b062-eeee0a986ec4.ResilienceCockpit-db-deployer#flowable-async-job-executor-thread-2672#
[PollExecuteTaskStatusExecution] 2d23200b-60aa-4519-b7f8-9f40de7a8ecc [2026-08-26T15:36:39.190197] "hana": [ (STDOUT, APP/TASK/deploy)#
#2026 08 26 15:36:44.976#Z#DEBUG#c28227b5-a163-11f1-b062-eeee0a986ec4.ResilienceCockpit-db-deployer#flowable-async-job-executor-thread-2672#
[PollExecuteTaskStatusExecution] 2d23200b-60aa-4519-b7f8-9f40de7a8ecc [2026-08-26T15:36:39.190200] { (STDOUT, APP/TASK/deploy)#
#2026 08 26 15:36:44.976#Z#DEBUG#c28227b5-a163-11f1-b062-eeee0a986ec4.ResilienceCockpit-db-deployer#flowable-async-job-executor-thread-2672#
[PollExecuteTaskStatusExecution] 2d23200b-60aa-4519-b7f8-9f40de7a8ecc [2026-08-26T15:36:39.190202] "name": "ResilienceCockpit-db", (STDOUT, APP/TASK/deploy)#
#2026 08 26 15:36:44.976#Z#DEBUG#c28227b5-a163-11f1-b062-eeee0a986ec4.ResilienceCockpit-db-deployer#flowable-async-job-executor-thread-2672#
[PollExecuteTaskStatusExecution] 2d23200b-60aa-4519-b7f8-9f40de7a8ecc [2026-08-26T15:36:39.190206] "label": "hana", (STDOUT, APP/TASK/deploy)#
#2026 08 26 15:36:44.976#Z#DEBUG#c28227b5-a163-11f1-b062-eeee0a986ec4.ResilienceCockpit-db-deployer#flowable-async-job-executor-thread-2672#
[PollExecuteTaskStatusExecution] 2d23200b-60aa-4519-b7f8-9f40de7a8ecc [2026-08-26T15:36:39.190211] "plan": "hdi-shared", (STDOUT, APP/TASK/deploy)#
#2026 08 26 15:36:44.976#Z#DEBUG#c28227b5-a163-11f1-b062-eeee0a986ec4.ResilienceCockpit-db-deployer#flowable-async-job-executor-thread-2672#
[PollExecuteTaskStatusExecution] 2d23200b-60aa-4519-b7f8-9f40de7a8ecc [2026-08-26T15:36:39.190213] "credentials": { (STDOUT, APP/TASK/deploy)#
#2026 08 26 15:36:44.976#Z#DEBUG#c28227b5-a163-11f1-b062-eeee0a986ec4.ResilienceCockpit-db-deployer#flowable-async-job-executor-thread-2672#
[PollExecuteTaskStatusExecution] 2d23200b-60aa-4519-b7f8-9f40de7a8ecc [2026-08-26T15:36:39.190216] "schema": "8697B1A4A8B84AC49EFF171810969752", (STDOUT, APP/TASK/deploy)#
#2026 08 26 15:36:44.976#Z#DEBUG#c28227b5-a163-11f1-b062-eeee0a986ec4.ResilienceCockpit-db-deployer#flowable-async-job-executor-thread-2672#
[PollExecuteTaskStatusExecution] 2d23200b-60aa-4519-b7f8-9f40de7a8ecc [2026-08-26T15:36:39.190218] "database_id": "eb9e608b-a8d8-462e-98e7-906abde25244", (STDOUT, APP/TASK/deploy)#
#2026 08 26 15:36:44.976#Z#DEBUG#c28227b5-a163-11f1-b062-eeee0a986ec4.ResilienceCockpit-db-deployer#flowable-async-job-executor-thread-2672#
[PollExecuteTaskStatusExecution] 2d23200b-60aa-4519-b7f8-9f40de7a8ecc [2026-08-26T15:36:39.190221] "user": "8697B1A4A8B84AC49EFF171810969752_94GU5GV2BBQ6JWQX102ZOJ91W_RT", (STDOUT, APP/TASK/deploy)#
#2026 08 26 15:36:44.976#Z#DEBUG#c28227b5-a163-11f1-b062-eeee0a986ec4.ResilienceCockpit-db-deployer#flowable-async-job-executor-thread-2672#
[PollExecuteTaskStatusExecution] 2d23200b-60aa-4519-b7f8-9f40de7a8ecc [2026-08-26T15:36:39.190224] "hdi_user": "8697B1A4A8B84AC49EFF171810969752_94GU5GV2BBQ6JWQX102ZOJ91W_DT" (STDOUT, APP/TASK/deploy)#
#2026 08 26 15:36:44.976#Z#DEBUG#c28227b5-a163-11f1-b062-eeee0a986ec4.ResilienceCockpit-db-deployer#flowable-async-job-executor-thread-2672#
[PollExecuteTaskStatusExecution] 2d23200b-60aa-4519-b7f8-9f40de7a8ecc [2026-08-26T15:36:39.190226] }, (STDOUT, APP/TASK/deploy)#
#2026 08 26 15:36:44.976#Z#DEBUG#c28227b5-a163-11f1-b062-eeee0a986ec4.ResilienceCockpit-db-deployer#flowable-async-job-executor-thread-2672#
[PollExecuteTaskStatusExecution] 2d23200b-60aa-4519-b7f8-9f40de7a8ecc [2026-08-26T15:36:39.190228] "tags": [ (STDOUT, APP/TASK/deploy)#
#2026 08 26 15:36:44.976#Z#DEBUG#c28227b5-a163-11f1-b062-eeee0a986ec4.ResilienceCockpit-db-deployer#flowable-async-job-executor-thread-2672#
[PollExecuteTaskStatusExecution] 2d23200b-60aa-4519-b7f8-9f40de7a8ecc [2026-08-26T15:36:39.190233] "hana", (STDOUT, APP/TASK/deploy)#
#2026 08 26 15:36:44.976#Z#DEBUG#c28227b5-a163-11f1-b062-eeee0a986ec4.ResilienceCockpit-db-deployer#flowable-async-job-executor-thread-2672#
[PollExecuteTaskStatusExecution] 2d23200b-60aa-4519-b7f8-9f40de7a8ecc [2026-08-26T15:36:39.190235] "database", (STDOUT, APP/TASK/deploy)#
#2026 08 26 15:36:44.976#Z#DEBUG#c28227b5-a163-11f1-b062-eeee0a986ec4.ResilienceCockpit-db-deployer#flowable-async-job-executor-thread-2672#
[PollExecuteTaskStatusExecution] 2d23200b-60aa-4519-b7f8-9f40de7a8ecc [2026-08-26T15:36:39.190236] "relational" (STDOUT, APP/TASK/deploy)#
#2026 08 26 15:36:44.976#Z#DEBUG#c28227b5-a163-11f1-b062-eeee0a986ec4.ResilienceCockpit-db-deployer#flowable-async-job-executor-thread-2672#
[PollExecuteTaskStatusExecution] 2d23200b-60aa-4519-b7f8-9f40de7a8ecc [2026-08-26T15:36:39.190238] ] (STDOUT, APP/TASK/deploy)#
#2026 08 26 15:36:44.976#Z#DEBUG#c28227b5-a163-11f1-b062-eeee0a986ec4.ResilienceCockpit-db-deployer#flowable-async-job-executor-thread-2672#
[PollExecuteTaskStatusExecution] 2d23200b-60aa-4519-b7f8-9f40de7a8ecc [2026-08-26T15:36:39.190241] } (STDOUT, APP/TASK/deploy)#
#2026 08 26 15:36:44.976#Z#DEBUG#c28227b5-a163-11f1-b062-eeee0a986ec4.ResilienceCockpit-db-deployer#flowable-async-job-executor-thread-2672#
[PollExecuteTaskStatusExecution] 2d23200b-60aa-4519-b7f8-9f40de7a8ecc [2026-08-26T15:36:39.190243] ] (STDOUT, APP/TASK/deploy)#
#2026 08 26 15:36:44.976#Z#DEBUG#c28227b5-a163-11f1-b062-eeee0a986ec4.ResilienceCockpit-db-deployer#flowable-async-job-executor-thread-2672#
[PollExecuteTaskStatusExecution] 2d23200b-60aa-4519-b7f8-9f40de7a8ecc [2026-08-26T15:36:39.190244] } (STDOUT, APP/TASK/deploy)#
#2026 08 26 15:36:44.976#Z#DEBUG#c28227b5-a163-11f1-b062-eeee0a986ec4.ResilienceCockpit-db-deployer#flowable-async-job-executor-thread-2672#
[PollExecuteTaskStatusExecution] 2d23200b-60aa-4519-b7f8-9f40de7a8ecc [2026-08-26T15:36:43.486486] @sap/hdi-deploy, version 5.7.0 (mode default), server version unknown (0.0.0.0), cloud version , node version 24.18.0, HDI version -1, container API version -1 (STDOUT, APP/TASK/deploy)#
#2026 08 26 15:36:44.976#Z#DEBUG#c28227b5-a163-11f1-b062-eeee0a986ec4.ResilienceCockpit-db-deployer#flowable-async-job-executor-thread-2672#
[PollExecuteTaskStatusExecution] 2d23200b-60aa-4519-b7f8-9f40de7a8ecc [2026-08-26T15:36:43.486512] Deployment started at 2026-08-26 15:36:43 (STDOUT, APP/TASK/deploy)#
#2026 08 26 15:36:44.976#Z#DEBUG#c28227b5-a163-11f1-b062-eeee0a986ec4.ResilienceCockpit-db-deployer#flowable-async-job-executor-thread-2672#
[PollExecuteTaskStatusExecution] 2d23200b-60aa-4519-b7f8-9f40de7a8ecc [2026-08-26T15:36:43.486737] Using hdb@2.29.6 for connection (STDOUT, APP/TASK/deploy)#
#2026 08 26 15:36:44.976#Z#DEBUG#c28227b5-a163-11f1-b062-eeee0a986ec4.ResilienceCockpit-db-deployer#flowable-async-job-executor-thread-2672#
[PollExecuteTaskStatusExecution] 2d23200b-60aa-4519-b7f8-9f40de7a8ecc [2026-08-26T15:36:43.486751] Detection of server version failed; root cause: HANA Database instance is stopped (STDOUT, APP/TASK/deploy)#
#2026 08 26 15:36:44.976#Z#DEBUG#c28227b5-a163-11f1-b062-eeee0a986ec4.ResilienceCockpit-db-deployer#flowable-async-job-executor-thread-2672#
[PollExecuteTaskStatusExecution] 2d23200b-60aa-4519-b7f8-9f40de7a8ecc [2026-08-26T15:36:43.486810] Detection of cloud version failed; root cause: HANA Database instance is stopped (STDOUT, APP/TASK/deploy)#
#2026 08 26 15:36:44.976#Z#DEBUG#c28227b5-a163-11f1-b062-eeee0a986ec4.ResilienceCockpit-db-deployer#flowable-async-job-executor-thread-2672#
[PollExecuteTaskStatusExecution] 2d23200b-60aa-4519-b7f8-9f40de7a8ecc [2026-08-26T15:36:43.486821] Detection of container API version failed; root cause: HANA Database instance is stopped (STDOUT, APP/TASK/deploy)#
#2026 08 26 15:36:44.976#Z#DEBUG#c28227b5-a163-11f1-b062-eeee0a986ec4.ResilienceCockpit-db-deployer#flowable-async-job-executor-thread-2672#
[PollExecuteTaskStatusExecution] 2d23200b-60aa-4519-b7f8-9f40de7a8ecc [2026-08-26T15:36:43.486823] Detection of HDI version failed; root cause: HANA Database instance is stopped (STDOUT, APP/TASK/deploy)#
#2026 08 26 15:36:44.976#Z#DEBUG#c28227b5-a163-11f1-b062-eeee0a986ec4.ResilienceCockpit-db-deployer#flowable-async-job-executor-thread-2672#
[PollExecuteTaskStatusExecution] 2d23200b-60aa-4519-b7f8-9f40de7a8ecc [2026-08-26T15:36:43.487107] Deployment ended at 2026-08-26 15:36:43 (STDOUT, APP/TASK/deploy)#
#2026 08 26 15:36:44.976#Z#DEBUG#c28227b5-a163-11f1-b062-eeee0a986ec4.ResilienceCockpit-db-deployer#flowable-async-job-executor-thread-2672#
[PollExecuteTaskStatusExecution] 2d23200b-60aa-4519-b7f8-9f40de7a8ecc [2026-08-26T15:36:43.487244] Error: Option parameter is not supported by the server; based on detected server version unknown (STDERR, APP/TASK/deploy)#
#2026 08 26 15:36:44.976#Z#DEBUG#c28227b5-a163-11f1-b062-eeee0a986ec4.ResilienceCockpit-db-deployer#flowable-async-job-executor-thread-2672#
[PollExecuteTaskStatusExecution] 2d23200b-60aa-4519-b7f8-9f40de7a8ecc [2026-08-26T15:36:43.487361] (4s 366ms) (STDOUT, APP/TASK/deploy)#
#2026 08 26 15:36:44.976#Z#DEBUG#c28227b5-a163-11f1-b062-eeee0a986ec4.ResilienceCockpit-db-deployer#flowable-async-job-executor-thread-2672#
[PollExecuteTaskStatusExecution] 2d23200b-60aa-4519-b7f8-9f40de7a8ecc [2026-08-26T15:36:43.495835] npm notice (STDERR, APP/TASK/deploy)#
#2026 08 26 15:36:44.976#Z#DEBUG#c28227b5-a163-11f1-b062-eeee0a986ec4.ResilienceCockpit-db-deployer#flowable-async-job-executor-thread-2672#
[PollExecuteTaskStatusExecution] 2d23200b-60aa-4519-b7f8-9f40de7a8ecc [2026-08-26T15:36:43.495857] npm notice New major version of npm available! 11.16.0 -> 12.0.2 (STDERR, APP/TASK/deploy)#
#2026 08 26 15:36:44.976#Z#DEBUG#c28227b5-a163-11f1-b062-eeee0a986ec4.ResilienceCockpit-db-deployer#flowable-async-job-executor-thread-2672#
[PollExecuteTaskStatusExecution] 2d23200b-60aa-4519-b7f8-9f40de7a8ecc [2026-08-26T15:36:43.495861] npm notice Changelog: https://github.com/npm/cli/releases/tag/v12.0.2 (STDERR, APP/TASK/deploy)#
#2026 08 26 15:36:44.976#Z#DEBUG#c28227b5-a163-11f1-b062-eeee0a986ec4.ResilienceCockpit-db-deployer#flowable-async-job-executor-thread-2672#
[PollExecuteTaskStatusExecution] 2d23200b-60aa-4519-b7f8-9f40de7a8ecc [2026-08-26T15:36:43.495865] npm notice To update run: npm install -g npm@12.0.2 (STDERR, APP/TASK/deploy)#
#2026 08 26 15:36:44.976#Z#DEBUG#c28227b5-a163-11f1-b062-eeee0a986ec4.ResilienceCockpit-db-deployer#flowable-async-job-executor-thread-2672#
[PollExecuteTaskStatusExecution] 2d23200b-60aa-4519-b7f8-9f40de7a8ecc [2026-08-26T15:36:43.495868] npm notice (STDERR, APP/TASK/deploy)#
#2026 08 26 15:36:44.976#Z#DEBUG#c28227b5-a163-11f1-b062-eeee0a986ec4.ResilienceCockpit-db-deployer#flowable-async-job-executor-thread-2672#
[PollExecuteTaskStatusExecution] 2d23200b-60aa-4519-b7f8-9f40de7a8ecc [2026-08-26T15:36:43.544900] Exit status 1 (STDOUT, APP/TASK/deploy)#
#2026 08 26 15:36:44.976#Z#DEBUG#c28227b5-a163-11f1-b062-eeee0a986ec4.ResilienceCockpit-db-deployer#flowable-async-job-executor-thread-2672#
[PollExecuteTaskStatusExecution] 2d23200b-60aa-4519-b7f8-9f40de7a8ecc [2026-08-26T15:36:44.097506] Cell 2cba0a63-a06b-4c2d-9ff8-cb3bec259489 stopping instance 89ebbd8f-c858-44f1-8d3d-27707e430112 (STDOUT, CELL)#
#2026 08 26 15:36:44.976#Z#DEBUG#c28227b5-a163-11f1-b062-eeee0a986ec4.ResilienceCockpit-db-deployer#flowable-async-job-executor-thread-2672#
[PollExecuteTaskStatusExecution] 2d23200b-60aa-4519-b7f8-9f40de7a8ecc [2026-08-26T15:36:44.097560] Cell 2cba0a63-a06b-4c2d-9ff8-cb3bec259489 destroying container for instance 89ebbd8f-c858-44f1-8d3d-27707e430112 (STDOUT, CELL)#
#2026 08 26 15:36:54.960#Z#DEBUG#c28227b5-a163-11f1-b062-eeee0a986ec4.ResilienceCockpit-db-deployer#flowable-async-job-executor-thread-2678#
[PollExecuteTaskStatusExecution] 2d23200b-60aa-4519-b7f8-9f40de7a8ecc [2026-08-25T17:36:02.608492] Updated app with guid 2d23200b-60aa-4519-b7f8-9f40de7a8ecc ({"lifecycle"=>{"data"=>{"buildpacks"=>["nodejs_buildpack"]}, "type"=>"buildpack"}}) (STDOUT, API)#
#2026 08 26 15:36:54.960#Z#DEBUG#c28227b5-a163-11f1-b062-eeee0a986ec4.ResilienceCockpit-db-deployer#flowable-async-job-executor-thread-2678#
[PollExecuteTaskStatusExecution] 2d23200b-60aa-4519-b7f8-9f40de7a8ecc [2026-08-25T17:36:02.682352] Updating process: "web" (STDOUT, API)#
#2026 08 26 15:36:54.960#Z#DEBUG#c28227b5-a163-11f1-b062-eeee0a986ec4.ResilienceCockpit-db-deployer#flowable-async-job-executor-thread-2678#
[PollExecuteTaskStatusExecution] 2d23200b-60aa-4519-b7f8-9f40de7a8ecc [2026-08-25T17:36:09.844550] Uploading app package for app with guid 2d23200b-60aa-4519-b7f8-9f40de7a8ecc (STDOUT, API)#
#2026 08 26 15:36:54.960#Z#DEBUG#c28227b5-a163-11f1-b062-eeee0a986ec4.ResilienceCockpit-db-deployer#flowable-async-job-executor-thread-2678#
[PollExecuteTaskStatusExecution] 2d23200b-60aa-4519-b7f8-9f40de7a8ecc [2026-08-25T17:36:10.049740] Updated app with guid 2d23200b-60aa-4519-b7f8-9f40de7a8ecc ({"environment_variables"=>"[PRIVATE DATA HIDDEN]"}) (STDOUT, API)#
#2026 08 26 15:36:54.960#Z#DEBUG#c28227b5-a163-11f1-b062-eeee0a986ec4.ResilienceCockpit-db-deployer#flowable-async-job-executor-thread-2678#
[PollExecuteTaskStatusExecution] 2d23200b-60aa-4519-b7f8-9f40de7a8ecc [2026-08-25T17:36:19.885211] Creating build for app with guid 2d23200b-60aa-4519-b7f8-9f40de7a8ecc (STDOUT, API)#
#2026 08 26 15:36:54.960#Z#DEBUG#c28227b5-a163-11f1-b062-eeee0a986ec4.ResilienceCockpit-db-deployer#flowable-async-job-executor-thread-2678#
[PollExecuteTaskStatusExecution] 2d23200b-60aa-4519-b7f8-9f40de7a8ecc [2026-08-25T17:36:20.251060] Downloading nodejs_buildpack... (STDOUT, STG)#
#2026 08 26 15:36:54.960#Z#DEBUG#c28227b5-a163-11f1-b062-eeee0a986ec4.ResilienceCockpit-db-deployer#flowable-async-job-executor-thread-2678#
[PollExecuteTaskStatusExecution] 2d23200b-60aa-4519-b7f8-9f40de7a8ecc [2026-08-25T17:36:20.291818] Downloaded nodejs_buildpack (STDOUT, STG)#
#2026 08 26 15:36:54.960#Z#DEBUG#c28227b5-a163-11f1-b062-eeee0a986ec4.ResilienceCockpit-db-deployer#flowable-async-job-executor-thread-2678#
[PollExecuteTaskStatusExecution] 2d23200b-60aa-4519-b7f8-9f40de7a8ecc [2026-08-25T17:36:20.291905] Cell 4dc0bb62-dd25-443a-a962-806e343d783f creating container for instance 8d254ed4-744a-4e8c-a6b0-f71765a96190 (STDOUT, STG)#
#2026 08 26 15:36:54.960#Z#DEBUG#c28227b5-a163-11f1-b062-eeee0a986ec4.ResilienceCockpit-db-deployer#flowable-async-job-executor-thread-2678#
[PollExecuteTaskStatusExecution] 2d23200b-60aa-4519-b7f8-9f40de7a8ecc [2026-08-25T17:36:20.594568] Security group rules were updated (STDOUT, STG)#
#2026 08 26 15:36:54.960#Z#DEBUG#c28227b5-a163-11f1-b062-eeee0a986ec4.ResilienceCockpit-db-deployer#flowable-async-job-executor-thread-2678#
[PollExecuteTaskStatusExecution] 2d23200b-60aa-4519-b7f8-9f40de7a8ecc [2026-08-25T17:36:20.653099] Cell 4dc0bb62-dd25-443a-a962-806e343d783f successfully created container for instance 8d254ed4-744a-4e8c-a6b0-f71765a96190 (STDOUT, STG)#
#2026 08 26 15:36:54.960#Z#DEBUG#c28227b5-a163-11f1-b062-eeee0a986ec4.ResilienceCockpit-db-deployer#flowable-async-job-executor-thread-2678#
[PollExecuteTaskStatusExecution] 2d23200b-60aa-4519-b7f8-9f40de7a8ecc [2026-08-25T17:36:21.154470] Downloading app package... (STDOUT, STG)#
#2026 08 26 15:36:54.960#Z#DEBUG#c28227b5-a163-11f1-b062-eeee0a986ec4.ResilienceCockpit-db-deployer#flowable-async-job-executor-thread-2678#
[PollExecuteTaskStatusExecution] 2d23200b-60aa-4519-b7f8-9f40de7a8ecc [2026-08-25T17:36:21.154470] Downloading build artifacts cache... (STDOUT, STG)#
#2026 08 26 15:36:54.960#Z#DEBUG#c28227b5-a163-11f1-b062-eeee0a986ec4.ResilienceCockpit-db-deployer#flowable-async-job-executor-thread-2678#
[PollExecuteTaskStatusExecution] 2d23200b-60aa-4519-b7f8-9f40de7a8ecc [2026-08-25T17:36:21.231249] Downloaded build artifacts cache (226B) (STDOUT, STG)#
#2026 08 26 15:36:54.961#Z#DEBUG#c28227b5-a163-11f1-b062-eeee0a986ec4.ResilienceCockpit-db-deployer#flowable-async-job-executor-thread-2678#
[PollExecuteTaskStatusExecution] 2d23200b-60aa-4519-b7f8-9f40de7a8ecc [2026-08-25T17:36:21.358470] Downloaded app package (2.5M) (STDOUT, STG)#
#2026 08 26 15:36:54.961#Z#DEBUG#c28227b5-a163-11f1-b062-eeee0a986ec4.ResilienceCockpit-db-deployer#flowable-async-job-executor-thread-2678#
[PollExecuteTaskStatusExecution] 2d23200b-60aa-4519-b7f8-9f40de7a8ecc [2026-08-25T17:36:21.407303] -----> Nodejs Buildpack version 1.9.3 (STDOUT, STG)#
#2026 08 26 15:36:54.961#Z#DEBUG#c28227b5-a163-11f1-b062-eeee0a986ec4.ResilienceCockpit-db-deployer#flowable-async-job-executor-thread-2678#
[PollExecuteTaskStatusExecution] 2d23200b-60aa-4519-b7f8-9f40de7a8ecc [2026-08-25T17:36:21.492668] -----> Bootstrapping python (STDOUT, STG)#
#2026 08 26 15:36:54.961#Z#DEBUG#c28227b5-a163-11f1-b062-eeee0a986ec4.ResilienceCockpit-db-deployer#flowable-async-job-executor-thread-2678#
[PollExecuteTaskStatusExecution] 2d23200b-60aa-4519-b7f8-9f40de7a8ecc [2026-08-25T17:36:21.492695] -----> Installing python 3.13.14 (STDOUT, STG)#
#2026 08 26 15:36:54.961#Z#DEBUG#c28227b5-a163-11f1-b062-eeee0a986ec4.ResilienceCockpit-db-deployer#flowable-async-job-executor-thread-2678#
[PollExecuteTaskStatusExecution] 2d23200b-60aa-4519-b7f8-9f40de7a8ecc [2026-08-25T17:36:21.492723] Copy [/tmp/buildpacks/adc5840e3e50b48d/dependencies/4b4266a2ff36730aef37b88b668ca327/python_3.13.14_linux_x64_cflinuxfs4_b80d4954.tgz] (STDOUT, STG)#
#2026 08 26 15:36:54.961#Z#DEBUG#c28227b5-a163-11f1-b062-eeee0a986ec4.ResilienceCockpit-db-deployer#flowable-async-job-executor-thread-2678#
[PollExecuteTaskStatusExecution] 2d23200b-60aa-4519-b7f8-9f40de7a8ecc [2026-08-25T17:36:24.480037] -----> Installing binaries (STDOUT, STG)#
#2026 08 26 15:36:54.961#Z#DEBUG#c28227b5-a163-11f1-b062-eeee0a986ec4.ResilienceCockpit-db-deployer#flowable-async-job-executor-thread-2678#
[PollExecuteTaskStatusExecution] 2d23200b-60aa-4519-b7f8-9f40de7a8ecc [2026-08-25T17:36:24.480079] engines.node (package.json): >=18 (STDOUT, STG)#
#2026 08 26 15:36:54.961#Z#DEBUG#c28227b5-a163-11f1-b062-eeee0a986ec4.ResilienceCockpit-db-deployer#flowable-async-job-executor-thread-2678#
[PollExecuteTaskStatusExecution] 2d23200b-60aa-4519-b7f8-9f40de7a8ecc [2026-08-25T17:36:24.480087] engines.npm (package.json): unspecified (use default) (STDOUT, STG)#
#2026 08 26 15:36:54.961#Z#DEBUG#c28227b5-a163-11f1-b062-eeee0a986ec4.ResilienceCockpit-db-deployer#flowable-async-job-executor-thread-2678#
[PollExecuteTaskStatusExecution] 2d23200b-60aa-4519-b7f8-9f40de7a8ecc [2026-08-25T17:36:24.480093] [31;1m**WARNING**[0m Dangerous semver range (>) in engines.node. See: http://docs.cloudfoundry.org/buildpacks/node/node-tips.html (STDOUT, STG)#
#2026 08 26 15:36:54.961#Z#DEBUG#c28227b5-a163-11f1-b062-eeee0a986ec4.ResilienceCockpit-db-deployer#flowable-async-job-executor-thread-2678#
[PollExecuteTaskStatusExecution] 2d23200b-60aa-4519-b7f8-9f40de7a8ecc [2026-08-25T17:36:24.480120] -----> Installing node 24.18.0 (STDOUT, STG)#
#2026 08 26 15:36:54.961#Z#DEBUG#c28227b5-a163-11f1-b062-eeee0a986ec4.ResilienceCockpit-db-deployer#flowable-async-job-executor-thread-2678#
[PollExecuteTaskStatusExecution] 2d23200b-60aa-4519-b7f8-9f40de7a8ecc [2026-08-25T17:36:24.480279] Copy [/tmp/buildpacks/adc5840e3e50b48d/dependencies/dffbbb835fcd073c4544f78eb6247fac/node_24.18.0_linux_x64_cflinuxfs4_cdfed650.tgz] (STDOUT, STG)#
#2026 08 26 15:36:54.961#Z#DEBUG#c28227b5-a163-11f1-b062-eeee0a986ec4.ResilienceCockpit-db-deployer#flowable-async-job-executor-thread-2678#
[PollExecuteTaskStatusExecution] 2d23200b-60aa-4519-b7f8-9f40de7a8ecc [2026-08-25T17:36:26.226833] Using default npm version: 11.16.0 (STDOUT, STG)#
#2026 08 26 15:36:54.961#Z#DEBUG#c28227b5-a163-11f1-b062-eeee0a986ec4.ResilienceCockpit-db-deployer#flowable-async-job-executor-thread-2678#
[PollExecuteTaskStatusExecution] 2d23200b-60aa-4519-b7f8-9f40de7a8ecc [2026-08-25T17:36:26.226865] -----> Installing yarn 1.22.22 (STDOUT, STG)#
#2026 08 26 15:36:54.961#Z#DEBUG#c28227b5-a163-11f1-b062-eeee0a986ec4.ResilienceCockpit-db-deployer#flowable-async-job-executor-thread-2678#
[PollExecuteTaskStatusExecution] 2d23200b-60aa-4519-b7f8-9f40de7a8ecc [2026-08-25T17:36:26.226933] Copy [/tmp/buildpacks/adc5840e3e50b48d/dependencies/e4fe26756e9984a665478d350474fa2e/yarn_1.22.22_linux_noarch_any-stack_b6132b86.tgz] (STDOUT, STG)#
#2026 08 26 15:36:54.961#Z#DEBUG#c28227b5-a163-11f1-b062-eeee0a986ec4.ResilienceCockpit-db-deployer#flowable-async-job-executor-thread-2678#
[PollExecuteTaskStatusExecution] 2d23200b-60aa-4519-b7f8-9f40de7a8ecc [2026-08-25T17:36:26.475787] Installed yarn 1.22.22 (STDOUT, STG)#
#2026 08 26 15:36:54.961#Z#DEBUG#c28227b5-a163-11f1-b062-eeee0a986ec4.ResilienceCockpit-db-deployer#flowable-async-job-executor-thread-2678#
[PollExecuteTaskStatusExecution] 2d23200b-60aa-4519-b7f8-9f40de7a8ecc [2026-08-25T17:36:26.475805] -----> Creating runtime environment (STDOUT, STG)#
#2026 08 26 15:36:54.961#Z#DEBUG#c28227b5-a163-11f1-b062-eeee0a986ec4.ResilienceCockpit-db-deployer#flowable-async-job-executor-thread-2678#
[PollExecuteTaskStatusExecution] 2d23200b-60aa-4519-b7f8-9f40de7a8ecc [2026-08-25T17:36:26.477081] NODE_ENV=production (STDOUT, STG)#
#2026 08 26 15:36:54.961#Z#DEBUG#c28227b5-a163-11f1-b062-eeee0a986ec4.ResilienceCockpit-db-deployer#flowable-async-job-executor-thread-2678#
[PollExecuteTaskStatusExecution] 2d23200b-60aa-4519-b7f8-9f40de7a8ecc [2026-08-25T17:36:26.477097] NODE_HOME=/tmp/contents1564888445/deps/0/node (STDOUT, STG)#
#2026 08 26 15:36:54.961#Z#DEBUG#c28227b5-a163-11f1-b062-eeee0a986ec4.ResilienceCockpit-db-deployer#flowable-async-job-executor-thread-2678#
[PollExecuteTaskStatusExecution] 2d23200b-60aa-4519-b7f8-9f40de7a8ecc [2026-08-25T17:36:26.477100] NODE_MODULES_CACHE=true (STDOUT, STG)#
#2026 08 26 15:36:54.961#Z#DEBUG#c28227b5-a163-11f1-b062-eeee0a986ec4.ResilienceCockpit-db-deployer#flowable-async-job-executor-thread-2678#
[PollExecuteTaskStatusExecution] 2d23200b-60aa-4519-b7f8-9f40de7a8ecc [2026-08-25T17:36:26.477102] NODE_VERBOSE=false (STDOUT, STG)#
#2026 08 26 15:36:54.961#Z#DEBUG#c28227b5-a163-11f1-b062-eeee0a986ec4.ResilienceCockpit-db-deployer#flowable-async-job-executor-thread-2678#
[PollExecuteTaskStatusExecution] 2d23200b-60aa-4519-b7f8-9f40de7a8ecc [2026-08-25T17:36:26.477106] NPM_CONFIG_LOGLEVEL=error (STDOUT, STG)#
#2026 08 26 15:36:54.961#Z#DEBUG#c28227b5-a163-11f1-b062-eeee0a986ec4.ResilienceCockpit-db-deployer#flowable-async-job-executor-thread-2678#
[PollExecuteTaskStatusExecution] 2d23200b-60aa-4519-b7f8-9f40de7a8ecc [2026-08-25T17:36:26.477110] NPM_CONFIG_PRODUCTION=true (STDOUT, STG)#
#2026 08 26 15:36:54.961#Z#DEBUG#c28227b5-a163-11f1-b062-eeee0a986ec4.ResilienceCockpit-db-deployer#flowable-async-job-executor-thread-2678#
[PollExecuteTaskStatusExecution] 2d23200b-60aa-4519-b7f8-9f40de7a8ecc [2026-08-25T17:36:26.477120] -----> Building dependencies (STDOUT, STG)#
#2026 08 26 15:36:54.961#Z#DEBUG#c28227b5-a163-11f1-b062-eeee0a986ec4.ResilienceCockpit-db-deployer#flowable-async-job-executor-thread-2678#
[PollExecuteTaskStatusExecution] 2d23200b-60aa-4519-b7f8-9f40de7a8ecc [2026-08-25T17:36:26.477122] Prebuild detected (node_modules already exists) (STDOUT, STG)#
#2026 08 26 15:36:54.961#Z#DEBUG#c28227b5-a163-11f1-b062-eeee0a986ec4.ResilienceCockpit-db-deployer#flowable-async-job-executor-thread-2678#
[PollExecuteTaskStatusExecution] 2d23200b-60aa-4519-b7f8-9f40de7a8ecc [2026-08-25T17:36:26.477162] Rebuilding any native modules (STDOUT, STG)#
#2026 08 26 15:36:54.961#Z#DEBUG#c28227b5-a163-11f1-b062-eeee0a986ec4.ResilienceCockpit-db-deployer#flowable-async-job-executor-thread-2678#
[PollExecuteTaskStatusExecution] 2d23200b-60aa-4519-b7f8-9f40de7a8ecc [2026-08-25T17:36:26.863364] rebuilt dependencies successfully (STDOUT, STG)#
#2026 08 26 15:36:54.961#Z#DEBUG#c28227b5-a163-11f1-b062-eeee0a986ec4.ResilienceCockpit-db-deployer#flowable-async-job-executor-thread-2678#
[PollExecuteTaskStatusExecution] 2d23200b-60aa-4519-b7f8-9f40de7a8ecc [2026-08-25T17:36:26.911109] Installing any new modules (package.json + package-lock.json) (STDOUT, STG)#
#2026 08 26 15:36:54.961#Z#DEBUG#c28227b5-a163-11f1-b062-eeee0a986ec4.ResilienceCockpit-db-deployer#flowable-async-job-executor-thread-2678#
[PollExecuteTaskStatusExecution] 2d23200b-60aa-4519-b7f8-9f40de7a8ecc [2026-08-25T17:36:27.250917] up to date in 278ms (STDOUT, STG)#
#2026 08 26 15:36:54.961#Z#DEBUG#c28227b5-a163-11f1-b062-eeee0a986ec4.ResilienceCockpit-db-deployer#flowable-async-job-executor-thread-2678#
[PollExecuteTaskStatusExecution] 2d23200b-60aa-4519-b7f8-9f40de7a8ecc [2026-08-25T17:36:27.251187] 4 packages are looking for funding (STDOUT, STG)#
#2026 08 26 15:36:54.961#Z#DEBUG#c28227b5-a163-11f1-b062-eeee0a986ec4.ResilienceCockpit-db-deployer#flowable-async-job-executor-thread-2678#
[PollExecuteTaskStatusExecution] 2d23200b-60aa-4519-b7f8-9f40de7a8ecc [2026-08-25T17:36:27.251255] run `npm fund` for details (STDOUT, STG)#
#2026 08 26 15:36:54.961#Z#DEBUG#c28227b5-a163-11f1-b062-eeee0a986ec4.ResilienceCockpit-db-deployer#flowable-async-job-executor-thread-2678#
[PollExecuteTaskStatusExecution] 2d23200b-60aa-4519-b7f8-9f40de7a8ecc [2026-08-25T17:36:27.695238] Contrast Security no credentials found. Will not write environment files. (STDOUT, STG)#
#2026 08 26 15:36:54.961#Z#DEBUG#c28227b5-a163-11f1-b062-eeee0a986ec4.ResilienceCockpit-db-deployer#flowable-async-job-executor-thread-2678#
[PollExecuteTaskStatusExecution] 2d23200b-60aa-4519-b7f8-9f40de7a8ecc [2026-08-25T17:36:35.245505] Exit status 0 (STDOUT, STG)#
#2026 08 26 15:36:54.961#Z#DEBUG#c28227b5-a163-11f1-b062-eeee0a986ec4.ResilienceCockpit-db-deployer#flowable-async-job-executor-thread-2678#
[PollExecuteTaskStatusExecution] 2d23200b-60aa-4519-b7f8-9f40de7a8ecc [2026-08-25T17:36:35.245554] Uploading droplet, build artifacts cache... (STDOUT, STG)#
#2026 08 26 15:36:54.961#Z#DEBUG#c28227b5-a163-11f1-b062-eeee0a986ec4.ResilienceCockpit-db-deployer#flowable-async-job-executor-thread-2678#
[PollExecuteTaskStatusExecution] 2d23200b-60aa-4519-b7f8-9f40de7a8ecc [2026-08-25T17:36:35.245586] Uploading droplet... (STDOUT, STG)#
#2026 08 26 15:36:54.961#Z#DEBUG#c28227b5-a163-11f1-b062-eeee0a986ec4.ResilienceCockpit-db-deployer#flowable-async-job-executor-thread-2678#
[PollExecuteTaskStatusExecution] 2d23200b-60aa-4519-b7f8-9f40de7a8ecc [2026-08-25T17:36:35.245606] Uploading build artifacts cache... (STDOUT, STG)#
#2026 08 26 15:36:54.961#Z#DEBUG#c28227b5-a163-11f1-b062-eeee0a986ec4.ResilienceCockpit-db-deployer#flowable-async-job-executor-thread-2678#
[PollExecuteTaskStatusExecution] 2d23200b-60aa-4519-b7f8-9f40de7a8ecc [2026-08-25T17:36:35.273331] Uploaded build artifacts cache (225B) (STDOUT, STG)#
#2026 08 26 15:36:54.961#Z#DEBUG#c28227b5-a163-11f1-b062-eeee0a986ec4.ResilienceCockpit-db-deployer#flowable-async-job-executor-thread-2678#
[PollExecuteTaskStatusExecution] 2d23200b-60aa-4519-b7f8-9f40de7a8ecc [2026-08-25T17:36:35.774096] Creating droplet for app with guid 2d23200b-60aa-4519-b7f8-9f40de7a8ecc (STDOUT, API)#
#2026 08 26 15:36:54.961#Z#DEBUG#c28227b5-a163-11f1-b062-eeee0a986ec4.ResilienceCockpit-db-deployer#flowable-async-job-executor-thread-2678#
[PollExecuteTaskStatusExecution] 2d23200b-60aa-4519-b7f8-9f40de7a8ecc [2026-08-25T17:36:37.850782] Uploaded droplet (59.3M) (STDOUT, STG)#
#2026 08 26 15:36:54.961#Z#DEBUG#c28227b5-a163-11f1-b062-eeee0a986ec4.ResilienceCockpit-db-deployer#flowable-async-job-executor-thread-2678#
[PollExecuteTaskStatusExecution] 2d23200b-60aa-4519-b7f8-9f40de7a8ecc [2026-08-25T17:36:37.864218] Uploading complete (STDOUT, STG)#
#2026 08 26 15:36:54.961#Z#DEBUG#c28227b5-a163-11f1-b062-eeee0a986ec4.ResilienceCockpit-db-deployer#flowable-async-job-executor-thread-2678#
[PollExecuteTaskStatusExecution] 2d23200b-60aa-4519-b7f8-9f40de7a8ecc [2026-08-25T17:36:38.329023] Cell 4dc0bb62-dd25-443a-a962-806e343d783f stopping instance 8d254ed4-744a-4e8c-a6b0-f71765a96190 (STDOUT, STG)#
#2026 08 26 15:36:54.961#Z#DEBUG#c28227b5-a163-11f1-b062-eeee0a986ec4.ResilienceCockpit-db-deployer#flowable-async-job-executor-thread-2678#
[PollExecuteTaskStatusExecution] 2d23200b-60aa-4519-b7f8-9f40de7a8ecc [2026-08-25T17:36:38.329052] Cell 4dc0bb62-dd25-443a-a962-806e343d783f destroying container for instance 8d254ed4-744a-4e8c-a6b0-f71765a96190 (STDOUT, STG)#
#2026 08 26 15:36:54.961#Z#DEBUG#c28227b5-a163-11f1-b062-eeee0a986ec4.ResilienceCockpit-db-deployer#flowable-async-job-executor-thread-2678#
[PollExecuteTaskStatusExecution] 2d23200b-60aa-4519-b7f8-9f40de7a8ecc [2026-08-25T17:36:38.380309] Staging complete for build 8d254ed4-744a-4e8c-a6b0-f71765a96190 (STDOUT, API)#
#2026 08 26 15:36:54.961#Z#DEBUG#c28227b5-a163-11f1-b062-eeee0a986ec4.ResilienceCockpit-db-deployer#flowable-async-job-executor-thread-2678#
[PollExecuteTaskStatusExecution] 2d23200b-60aa-4519-b7f8-9f40de7a8ecc [2026-08-25T17:36:39.710442] Cell 4dc0bb62-dd25-443a-a962-806e343d783f successfully destroyed container for instance 8d254ed4-744a-4e8c-a6b0-f71765a96190 (STDOUT, STG)#
#2026 08 26 15:36:54.961#Z#DEBUG#c28227b5-a163-11f1-b062-eeee0a986ec4.ResilienceCockpit-db-deployer#flowable-async-job-executor-thread-2678#
[PollExecuteTaskStatusExecution] 2d23200b-60aa-4519-b7f8-9f40de7a8ecc [2026-08-25T17:36:39.828910] Updated app with guid 2d23200b-60aa-4519-b7f8-9f40de7a8ecc ({:droplet_guid=>"24604a1f-ca83-4b27-8fb0-d6f5084ec096"}) (STDOUT, API)#
#2026 08 26 15:36:54.961#Z#DEBUG#c28227b5-a163-11f1-b062-eeee0a986ec4.ResilienceCockpit-db-deployer#flowable-async-job-executor-thread-2678#
[PollExecuteTaskStatusExecution] 2d23200b-60aa-4519-b7f8-9f40de7a8ecc [2026-08-25T17:36:40.241588] Cell 4dc0bb62-dd25-443a-a962-806e343d783f creating container for instance ccf44529-92c1-4b2f-b3fc-ff5049e7e86f (STDOUT, CELL)#
#2026 08 26 15:36:54.961#Z#DEBUG#c28227b5-a163-11f1-b062-eeee0a986ec4.ResilienceCockpit-db-deployer#flowable-async-job-executor-thread-2678#
[PollExecuteTaskStatusExecution] 2d23200b-60aa-4519-b7f8-9f40de7a8ecc [2026-08-25T17:36:40.547066] Security group rules were updated (STDOUT, CELL)#
#2026 08 26 15:36:54.961#Z#DEBUG#c28227b5-a163-11f1-b062-eeee0a986ec4.ResilienceCockpit-db-deployer#flowable-async-job-executor-thread-2678#
[PollExecuteTaskStatusExecution] 2d23200b-60aa-4519-b7f8-9f40de7a8ecc [2026-08-25T17:36:40.600846] Cell 4dc0bb62-dd25-443a-a962-806e343d783f successfully created container for instance ccf44529-92c1-4b2f-b3fc-ff5049e7e86f (STDOUT, CELL)#
#2026 08 26 15:36:54.961#Z#DEBUG#c28227b5-a163-11f1-b062-eeee0a986ec4.ResilienceCockpit-db-deployer#flowable-async-job-executor-thread-2678#
[PollExecuteTaskStatusExecution] 2d23200b-60aa-4519-b7f8-9f40de7a8ecc [2026-08-25T17:36:43.611565] Invoking pre-start scripts. (STDOUT, APP/TASK/deploy)#
#2026 08 26 15:36:54.961#Z#DEBUG#c28227b5-a163-11f1-b062-eeee0a986ec4.ResilienceCockpit-db-deployer#flowable-async-job-executor-thread-2678#
[PollExecuteTaskStatusExecution] 2d23200b-60aa-4519-b7f8-9f40de7a8ecc [2026-08-25T17:36:43.752536] Invoking start command. (STDOUT, APP/TASK/deploy)#
#2026 08 26 15:36:54.961#Z#DEBUG#c28227b5-a163-11f1-b062-eeee0a986ec4.ResilienceCockpit-db-deployer#flowable-async-job-executor-thread-2678#
[PollExecuteTaskStatusExecution] 2d23200b-60aa-4519-b7f8-9f40de7a8ecc [2026-08-25T17:36:44.043057] > start (STDOUT, APP/TASK/deploy)#
#2026 08 26 15:36:54.961#Z#DEBUG#c28227b5-a163-11f1-b062-eeee0a986ec4.ResilienceCockpit-db-deployer#flowable-async-job-executor-thread-2678#
[PollExecuteTaskStatusExecution] 2d23200b-60aa-4519-b7f8-9f40de7a8ecc [2026-08-25T17:36:44.043085] > node node_modules/@sap/hdi-deploy/deploy.js --use-hdb --parameter com.sap.hana.di.table/try_fast_table_migration=true (STDOUT, APP/TASK/deploy)#
#2026 08 26 15:36:54.961#Z#DEBUG#c28227b5-a163-11f1-b062-eeee0a986ec4.ResilienceCockpit-db-deployer#flowable-async-job-executor-thread-2678#
[PollExecuteTaskStatusExecution] 2d23200b-60aa-4519-b7f8-9f40de7a8ecc [2026-08-25T17:36:44.140644] VCAP_SERVICES: (STDOUT, APP/TASK/deploy)#
#2026 08 26 15:36:54.961#Z#DEBUG#c28227b5-a163-11f1-b062-eeee0a986ec4.ResilienceCockpit-db-deployer#flowable-async-job-executor-thread-2678#
[PollExecuteTaskStatusExecution] 2d23200b-60aa-4519-b7f8-9f40de7a8ecc [2026-08-25T17:36:44.141072] { (STDOUT, APP/TASK/deploy)#
#2026 08 26 15:36:54.961#Z#DEBUG#c28227b5-a163-11f1-b062-eeee0a986ec4.ResilienceCockpit-db-deployer#flowable-async-job-executor-thread-2678#
[PollExecuteTaskStatusExecution] 2d23200b-60aa-4519-b7f8-9f40de7a8ecc [2026-08-25T17:36:44.141095] "hana": [ (STDOUT, APP/TASK/deploy)#
#2026 08 26 15:36:54.961#Z#DEBUG#c28227b5-a163-11f1-b062-eeee0a986ec4.ResilienceCockpit-db-deployer#flowable-async-job-executor-thread-2678#
[PollExecuteTaskStatusExecution] 2d23200b-60aa-4519-b7f8-9f40de7a8ecc [2026-08-25T17:36:44.141099] { (STDOUT, APP/TASK/deploy)#
#2026 08 26 15:36:54.961#Z#DEBUG#c28227b5-a163-11f1-b062-eeee0a986ec4.ResilienceCockpit-db-deployer#flowable-async-job-executor-thread-2678#
[PollExecuteTaskStatusExecution] 2d23200b-60aa-4519-b7f8-9f40de7a8ecc [2026-08-25T17:36:44.141106] "name": "ResilienceCockpit-db", (STDOUT, APP/TASK/deploy)#
#2026 08 26 15:36:54.961#Z#DEBUG#c28227b5-a163-11f1-b062-eeee0a986ec4.ResilienceCockpit-db-deployer#flowable-async-job-executor-thread-2678#
[PollExecuteTaskStatusExecution] 2d23200b-60aa-4519-b7f8-9f40de7a8ecc [2026-08-25T17:36:44.141113] "label": "hana", (STDOUT, APP/TASK/deploy)#
#2026 08 26 15:36:54.961#Z#DEBUG#c28227b5-a163-11f1-b062-eeee0a986ec4.ResilienceCockpit-db-deployer#flowable-async-job-executor-thread-2678#
[PollExecuteTaskStatusExecution] 2d23200b-60aa-4519-b7f8-9f40de7a8ecc [2026-08-25T17:36:44.141117] "plan": "hdi-shared", (STDOUT, APP/TASK/deploy)#
#2026 08 26 15:36:54.961#Z#DEBUG#c28227b5-a163-11f1-b062-eeee0a986ec4.ResilienceCockpit-db-deployer#flowable-async-job-executor-thread-2678#
[PollExecuteTaskStatusExecution] 2d23200b-60aa-4519-b7f8-9f40de7a8ecc [2026-08-25T17:36:44.141124] "credentials": { (STDOUT, APP/TASK/deploy)#
#2026 08 26 15:36:54.961#Z#DEBUG#c28227b5-a163-11f1-b062-eeee0a986ec4.ResilienceCockpit-db-deployer#flowable-async-job-executor-thread-2678#
[PollExecuteTaskStatusExecution] 2d23200b-60aa-4519-b7f8-9f40de7a8ecc [2026-08-25T17:36:44.141128] "schema": "8697B1A4A8B84AC49EFF171810969752", (STDOUT, APP/TASK/deploy)#
#2026 08 26 15:36:54.961#Z#DEBUG#c28227b5-a163-11f1-b062-eeee0a986ec4.ResilienceCockpit-db-deployer#flowable-async-job-executor-thread-2678#
[PollExecuteTaskStatusExecution] 2d23200b-60aa-4519-b7f8-9f40de7a8ecc [2026-08-25T17:36:44.141132] "database_id": "eb9e608b-a8d8-462e-98e7-906abde25244", (STDOUT, APP/TASK/deploy)#
#2026 08 26 15:36:54.961#Z#DEBUG#c28227b5-a163-11f1-b062-eeee0a986ec4.ResilienceCockpit-db-deployer#flowable-async-job-executor-thread-2678#
[PollExecuteTaskStatusExecution] 2d23200b-60aa-4519-b7f8-9f40de7a8ecc [2026-08-25T17:36:44.141136] "user": "8697B1A4A8B84AC49EFF171810969752_94GU5GV2BBQ6JWQX102ZOJ91W_RT", (STDOUT, APP/TASK/deploy)#
#2026 08 26 15:36:54.961#Z#DEBUG#c28227b5-a163-11f1-b062-eeee0a986ec4.ResilienceCockpit-db-deployer#flowable-async-job-executor-thread-2678#
[PollExecuteTaskStatusExecution] 2d23200b-60aa-4519-b7f8-9f40de7a8ecc [2026-08-25T17:36:44.141141] "hdi_user": "8697B1A4A8B84AC49EFF171810969752_94GU5GV2BBQ6JWQX102ZOJ91W_DT" (STDOUT, APP/TASK/deploy)#
#2026 08 26 15:36:54.961#Z#DEBUG#c28227b5-a163-11f1-b062-eeee0a986ec4.ResilienceCockpit-db-deployer#flowable-async-job-executor-thread-2678#
[PollExecuteTaskStatusExecution] 2d23200b-60aa-4519-b7f8-9f40de7a8ecc [2026-08-25T17:36:44.141145] }, (STDOUT, APP/TASK/deploy)#
#2026 08 26 15:36:54.961#Z#DEBUG#c28227b5-a163-11f1-b062-eeee0a986ec4.ResilienceCockpit-db-deployer#flowable-async-job-executor-thread-2678#
[PollExecuteTaskStatusExecution] 2d23200b-60aa-4519-b7f8-9f40de7a8ecc [2026-08-25T17:36:44.141149] "tags": [ (STDOUT, APP/TASK/deploy)#
#2026 08 26 15:36:54.961#Z#DEBUG#c28227b5-a163-11f1-b062-eeee0a986ec4.ResilienceCockpit-db-deployer#flowable-async-job-executor-thread-2678#
[PollExecuteTaskStatusExecution] 2d23200b-60aa-4519-b7f8-9f40de7a8ecc [2026-08-25T17:36:44.141153] "hana", (STDOUT, APP/TASK/deploy)#
#2026 08 26 15:36:54.961#Z#DEBUG#c28227b5-a163-11f1-b062-eeee0a986ec4.ResilienceCockpit-db-deployer#flowable-async-job-executor-thread-2678#
[PollExecuteTaskStatusExecution] 2d23200b-60aa-4519-b7f8-9f40de7a8ecc [2026-08-25T17:36:44.141156] "database", (STDOUT, APP/TASK/deploy)#
#2026 08 26 15:36:54.961#Z#DEBUG#c28227b5-a163-11f1-b062-eeee0a986ec4.ResilienceCockpit-db-deployer#flowable-async-job-executor-thread-2678#
[PollExecuteTaskStatusExecution] 2d23200b-60aa-4519-b7f8-9f40de7a8ecc [2026-08-25T17:36:44.141160] "relational" (STDOUT, APP/TASK/deploy)#
#2026 08 26 15:36:54.961#Z#DEBUG#c28227b5-a163-11f1-b062-eeee0a986ec4.ResilienceCockpit-db-deployer#flowable-async-job-executor-thread-2678#
[PollExecuteTaskStatusExecution] 2d23200b-60aa-4519-b7f8-9f40de7a8ecc [2026-08-25T17:36:44.141163] ] (STDOUT, APP/TASK/deploy)#
#2026 08 26 15:36:54.961#Z#DEBUG#c28227b5-a163-11f1-b062-eeee0a986ec4.ResilienceCockpit-db-deployer#flowable-async-job-executor-thread-2678#
[PollExecuteTaskStatusExecution] 2d23200b-60aa-4519-b7f8-9f40de7a8ecc [2026-08-25T17:36:44.141166] } (STDOUT, APP/TASK/deploy)#
#2026 08 26 15:36:54.961#Z#DEBUG#c28227b5-a163-11f1-b062-eeee0a986ec4.ResilienceCockpit-db-deployer#flowable-async-job-executor-thread-2678#
[PollExecuteTaskStatusExecution] 2d23200b-60aa-4519-b7f8-9f40de7a8ecc [2026-08-25T17:36:44.141169] ] (STDOUT, APP/TASK/deploy)#
#2026 08 26 15:36:54.961#Z#DEBUG#c28227b5-a163-11f1-b062-eeee0a986ec4.ResilienceCockpit-db-deployer#flowable-async-job-executor-thread-2678#
[PollExecuteTaskStatusExecution] 2d23200b-60aa-4519-b7f8-9f40de7a8ecc [2026-08-25T17:36:44.141172] } (STDOUT, APP/TASK/deploy)#
#2026 08 26 15:36:54.961#Z#DEBUG#c28227b5-a163-11f1-b062-eeee0a986ec4.ResilienceCockpit-db-deployer#flowable-async-job-executor-thread-2678#
[PollExecuteTaskStatusExecution] 2d23200b-60aa-4519-b7f8-9f40de7a8ecc [2026-08-25T17:36:44.498272] @sap/hdi-deploy, version 5.7.0 (mode default), server version 4.00.000.00.1785832557 (4.0.0.0), cloud version 2026.14.14, node version 24.18.0, HDI version 1016, container API version 1007 (STDOUT, APP/TASK/deploy)#
#2026 08 26 15:36:54.961#Z#DEBUG#c28227b5-a163-11f1-b062-eeee0a986ec4.ResilienceCockpit-db-deployer#flowable-async-job-executor-thread-2678#
[PollExecuteTaskStatusExecution] 2d23200b-60aa-4519-b7f8-9f40de7a8ecc [2026-08-25T17:36:44.498333] Deployment started at 2026-08-25 17:36:44 (STDOUT, APP/TASK/deploy)#
#2026 08 26 15:36:54.961#Z#DEBUG#c28227b5-a163-11f1-b062-eeee0a986ec4.ResilienceCockpit-db-deployer#flowable-async-job-executor-thread-2678#
[PollExecuteTaskStatusExecution] 2d23200b-60aa-4519-b7f8-9f40de7a8ecc [2026-08-25T17:36:44.498533] Using hdb@2.29.6 for connection (STDOUT, APP/TASK/deploy)#
#2026 08 26 15:36:54.961#Z#DEBUG#c28227b5-a163-11f1-b062-eeee0a986ec4.ResilienceCockpit-db-deployer#flowable-async-job-executor-thread-2678#
[PollExecuteTaskStatusExecution] 2d23200b-60aa-4519-b7f8-9f40de7a8ecc [2026-08-25T17:36:44.511997] No ignore file at /home/vcap/app/.hdiignore. (STDOUT, APP/TASK/deploy)#
#2026 08 26 15:36:54.961#Z#DEBUG#c28227b5-a163-11f1-b062-eeee0a986ec4.ResilienceCockpit-db-deployer#flowable-async-job-executor-thread-2678#
[PollExecuteTaskStatusExecution] 2d23200b-60aa-4519-b7f8-9f40de7a8ecc [2026-08-25T17:36:44.512281] Collecting files... (STDOUT, APP/TASK/deploy)#
#2026 08 26 15:36:54.961#Z#DEBUG#c28227b5-a163-11f1-b062-eeee0a986ec4.ResilienceCockpit-db-deployer#flowable-async-job-executor-thread-2678#
[PollExecuteTaskStatusExecution] 2d23200b-60aa-4519-b7f8-9f40de7a8ecc [2026-08-25T17:36:44.517060] Collecting files... ok (0s 5ms) (STDOUT, APP/TASK/deploy)#
#2026 08 26 15:36:54.961#Z#DEBUG#c28227b5-a163-11f1-b062-eeee0a986ec4.ResilienceCockpit-db-deployer#flowable-async-job-executor-thread-2678#
[PollExecuteTaskStatusExecution] 2d23200b-60aa-4519-b7f8-9f40de7a8ecc [2026-08-25T17:36:44.517068] 3 directories collected (STDOUT, APP/TASK/deploy)#
#2026 08 26 15:36:54.961#Z#DEBUG#c28227b5-a163-11f1-b062-eeee0a986ec4.ResilienceCockpit-db-deployer#flowable-async-job-executor-thread-2678#
[PollExecuteTaskStatusExecution] 2d23200b-60aa-4519-b7f8-9f40de7a8ecc [2026-08-25T17:36:44.517077] 100 files collected (STDOUT, APP/TASK/deploy)#
#2026 08 26 15:36:54.961#Z#DEBUG#c28227b5-a163-11f1-b062-eeee0a986ec4.ResilienceCockpit-db-deployer#flowable-async-job-executor-thread-2678#
[PollExecuteTaskStatusExecution] 2d23200b-60aa-4519-b7f8-9f40de7a8ecc [2026-08-25T17:36:44.517085] 0 reusable modules collected (STDOUT, APP/TASK/deploy)#
#2026 08 26 15:36:54.961#Z#DEBUG#c28227b5-a163-11f1-b062-eeee0a986ec4.ResilienceCockpit-db-deployer#flowable-async-job-executor-thread-2678#
[PollExecuteTaskStatusExecution] 2d23200b-60aa-4519-b7f8-9f40de7a8ecc [2026-08-25T17:36:44.517140] Target service: ResilienceCockpit-db (STDOUT, APP/TASK/deploy)#
#2026 08 26 15:36:54.961#Z#DEBUG#c28227b5-a163-11f1-b062-eeee0a986ec4.ResilienceCockpit-db-deployer#flowable-async-job-executor-thread-2678#
[PollExecuteTaskStatusExecution] 2d23200b-60aa-4519-b7f8-9f40de7a8ecc [2026-08-25T17:36:44.666913] Previous build with request ID 90 finished at 2026-08-25T12:04:24.429 with status Rolled back and message: Starting make in the container "8697B1A4A8B84AC49EFF171810969752" with 0 files to deploy, 0 files to undeploy... ok. (STDOUT, APP/TASK/deploy)#
#2026 08 26 15:36:54.961#Z#DEBUG#c28227b5-a163-11f1-b062-eeee0a986ec4.ResilienceCockpit-db-deployer#flowable-async-job-executor-thread-2678#
[PollExecuteTaskStatusExecution] 2d23200b-60aa-4519-b7f8-9f40de7a8ecc [2026-08-25T17:36:44.666942] Processing revoke files... (STDOUT, APP/TASK/deploy)#
#2026 08 26 15:36:54.961#Z#DEBUG#c28227b5-a163-11f1-b062-eeee0a986ec4.ResilienceCockpit-db-deployer#flowable-async-job-executor-thread-2678#
[PollExecuteTaskStatusExecution] 2d23200b-60aa-4519-b7f8-9f40de7a8ecc [2026-08-25T17:36:44.666971] Processing revoke files... ok (0s 0ms) (STDOUT, APP/TASK/deploy)#
#2026 08 26 15:36:54.961#Z#DEBUG#c28227b5-a163-11f1-b062-eeee0a986ec4.ResilienceCockpit-db-deployer#flowable-async-job-executor-thread-2678#
[PollExecuteTaskStatusExecution] 2d23200b-60aa-4519-b7f8-9f40de7a8ecc [2026-08-25T17:36:44.667086] Processing grants files... (STDOUT, APP/TASK/deploy)#
#2026 08 26 15:36:54.961#Z#DEBUG#c28227b5-a163-11f1-b062-eeee0a986ec4.ResilienceCockpit-db-deployer#flowable-async-job-executor-thread-2678#
[PollExecuteTaskStatusExecution] 2d23200b-60aa-4519-b7f8-9f40de7a8ecc [2026-08-25T17:36:44.667108] Processing grants files... ok (0s 0ms) (STDOUT, APP/TASK/deploy)#
#2026 08 26 15:36:54.961#Z#DEBUG#c28227b5-a163-11f1-b062-eeee0a986ec4.ResilienceCockpit-db-deployer#flowable-async-job-executor-thread-2678#
[PollExecuteTaskStatusExecution] 2d23200b-60aa-4519-b7f8-9f40de7a8ecc [2026-08-25T17:36:44.668751] Preprocessing files... (STDOUT, APP/TASK/deploy)#
#2026 08 26 15:36:54.961#Z#DEBUG#c28227b5-a163-11f1-b062-eeee0a986ec4.ResilienceCockpit-db-deployer#flowable-async-job-executor-thread-2678#
[PollExecuteTaskStatusExecution] 2d23200b-60aa-4519-b7f8-9f40de7a8ecc [2026-08-25T17:36:44.668890] Preprocessing files... ok (0s 0ms) (STDOUT, APP/TASK/deploy)#
#2026 08 26 15:36:54.961#Z#DEBUG#c28227b5-a163-11f1-b062-eeee0a986ec4.ResilienceCockpit-db-deployer#flowable-async-job-executor-thread-2678#
[PollExecuteTaskStatusExecution] 2d23200b-60aa-4519-b7f8-9f40de7a8ecc [2026-08-25T17:36:44.668964] Connecting to the container "8697B1A4A8B84AC49EFF171810969752"... (STDOUT, APP/TASK/deploy)#
#2026 08 26 15:36:54.961#Z#DEBUG#c28227b5-a163-11f1-b062-eeee0a986ec4.ResilienceCockpit-db-deployer#flowable-async-job-executor-thread-2678#
[PollExecuteTaskStatusExecution] 2d23200b-60aa-4519-b7f8-9f40de7a8ecc [2026-08-25T17:36:44.732622] Connecting to the container "8697B1A4A8B84AC49EFF171810969752"... ok (0s 64ms) (STDOUT, APP/TASK/deploy)#
#2026 08 26 15:36:54.961#Z#DEBUG#c28227b5-a163-11f1-b062-eeee0a986ec4.ResilienceCockpit-db-deployer#flowable-async-job-executor-thread-2678#
[PollExecuteTaskStatusExecution] 2d23200b-60aa-4519-b7f8-9f40de7a8ecc [2026-08-25T17:36:44.732644] Locking the container "8697B1A4A8B84AC49EFF171810969752"... (STDOUT, APP/TASK/deploy)#
#2026 08 26 15:36:54.961#Z#DEBUG#c28227b5-a163-11f1-b062-eeee0a986ec4.ResilienceCockpit-db-deployer#flowable-async-job-executor-thread-2678#
[PollExecuteTaskStatusExecution] 2d23200b-60aa-4519-b7f8-9f40de7a8ecc [2026-08-25T17:36:44.866671] Locking the container "8697B1A4A8B84AC49EFF171810969752"... ok (0s 134ms) (STDOUT, APP/TASK/deploy)#
#2026 08 26 15:36:54.961#Z#DEBUG#c28227b5-a163-11f1-b062-eeee0a986ec4.ResilienceCockpit-db-deployer#flowable-async-job-executor-thread-2678#
[PollExecuteTaskStatusExecution] 2d23200b-60aa-4519-b7f8-9f40de7a8ecc [2026-08-25T17:36:44.866684] Synchronizing files with the container "8697B1A4A8B84AC49EFF171810969752"... (STDOUT, APP/TASK/deploy)#
#2026 08 26 15:36:54.961#Z#DEBUG#c28227b5-a163-11f1-b062-eeee0a986ec4.ResilienceCockpit-db-deployer#flowable-async-job-executor-thread-2678#
[PollExecuteTaskStatusExecution] 2d23200b-60aa-4519-b7f8-9f40de7a8ecc [2026-08-25T17:36:45.145833] Deleting files... (STDOUT, APP/TASK/deploy)#
#2026 08 26 15:36:54.961#Z#DEBUG#c28227b5-a163-11f1-b062-eeee0a986ec4.ResilienceCockpit-db-deployer#flowable-async-job-executor-thread-2678#
[PollExecuteTaskStatusExecution] 2d23200b-60aa-4519-b7f8-9f40de7a8ecc [2026-08-25T17:36:45.285970] Deleting files... ok (STDOUT, APP/TASK/deploy)#
#2026 08 26 15:36:54.961#Z#DEBUG#c28227b5-a163-11f1-b062-eeee0a986ec4.ResilienceCockpit-db-deployer#flowable-async-job-executor-thread-2678#
[PollExecuteTaskStatusExecution] 2d23200b-60aa-4519-b7f8-9f40de7a8ecc [2026-08-25T17:36:45.285983] Writing files... (STDOUT, APP/TASK/deploy)#
#2026 08 26 15:36:54.961#Z#DEBUG#c28227b5-a163-11f1-b062-eeee0a986ec4.ResilienceCockpit-db-deployer#flowable-async-job-executor-thread-2678#
[PollExecuteTaskStatusExecution] 2d23200b-60aa-4519-b7f8-9f40de7a8ecc [2026-08-25T17:36:45.286117] Writing 3 items (STDOUT, APP/TASK/deploy)#
#2026 08 26 15:36:54.961#Z#DEBUG#c28227b5-a163-11f1-b062-eeee0a986ec4.ResilienceCockpit-db-deployer#flowable-async-job-executor-thread-2678#
[PollExecuteTaskStatusExecution] 2d23200b-60aa-4519-b7f8-9f40de7a8ecc [2026-08-25T17:36:45.459829] Writing files... ok (STDOUT, APP/TASK/deploy)#
#2026 08 26 15:36:54.961#Z#DEBUG#c28227b5-a163-11f1-b062-eeee0a986ec4.ResilienceCockpit-db-deployer#flowable-async-job-executor-thread-2678#
[PollExecuteTaskStatusExecution] 2d23200b-60aa-4519-b7f8-9f40de7a8ecc [2026-08-25T17:36:45.459841] Synchronizing files with the container "8697B1A4A8B84AC49EFF171810969752"... ok (0s 593ms) (STDOUT, APP/TASK/deploy)#
#2026 08 26 15:36:54.961#Z#DEBUG#c28227b5-a163-11f1-b062-eeee0a986ec4.ResilienceCockpit-db-deployer#flowable-async-job-executor-thread-2678#
[PollExecuteTaskStatusExecution] 2d23200b-60aa-4519-b7f8-9f40de7a8ecc [2026-08-25T17:36:45.460125] added files: [] (STDOUT, APP/TASK/deploy)#
#2026 08 26 15:36:54.961#Z#DEBUG#c28227b5-a163-11f1-b062-eeee0a986ec4.ResilienceCockpit-db-deployer#flowable-async-job-executor-thread-2678#
[PollExecuteTaskStatusExecution] 2d23200b-60aa-4519-b7f8-9f40de7a8ecc [2026-08-25T17:36:45.460133] modified files: [] (STDOUT, APP/TASK/deploy)#
#2026 08 26 15:36:54.961#Z#DEBUG#c28227b5-a163-11f1-b062-eeee0a986ec4.ResilienceCockpit-db-deployer#flowable-async-job-executor-thread-2678#
[PollExecuteTaskStatusExecution] 2d23200b-60aa-4519-b7f8-9f40de7a8ecc [2026-08-25T17:36:45.460139] deleted files: [] (STDOUT, APP/TASK/deploy)#
#2026 08 26 15:36:54.961#Z#DEBUG#c28227b5-a163-11f1-b062-eeee0a986ec4.ResilienceCockpit-db-deployer#flowable-async-job-executor-thread-2678#
[PollExecuteTaskStatusExecution] 2d23200b-60aa-4519-b7f8-9f40de7a8ecc [2026-08-25T17:36:45.460240] 0 modified or added files are scheduled for deploy based on delta detection (STDOUT, APP/TASK/deploy)#
#2026 08 26 15:36:54.961#Z#DEBUG#c28227b5-a163-11f1-b062-eeee0a986ec4.ResilienceCockpit-db-deployer#flowable-async-job-executor-thread-2678#
[PollExecuteTaskStatusExecution] 2d23200b-60aa-4519-b7f8-9f40de7a8ecc [2026-08-25T17:36:45.460443] 0 deleted files are scheduled for undeploy based on delta detection (filtered by undeploy allowlist) (STDOUT, APP/TASK/deploy)#
#2026 08 26 15:36:54.961#Z#DEBUG#c28227b5-a163-11f1-b062-eeee0a986ec4.ResilienceCockpit-db-deployer#flowable-async-job-executor-thread-2678#
[PollExecuteTaskStatusExecution] 2d23200b-60aa-4519-b7f8-9f40de7a8ecc [2026-08-25T17:36:45.460516] 0 files are scheduled for deploy based on explicit specification (STDOUT, APP/TASK/deploy)#
#2026 08 26 15:36:54.961#Z#DEBUG#c28227b5-a163-11f1-b062-eeee0a986ec4.ResilienceCockpit-db-deployer#flowable-async-job-executor-thread-2678#
[PollExecuteTaskStatusExecution] 2d23200b-60aa-4519-b7f8-9f40de7a8ecc [2026-08-25T17:36:45.460523] 0 files are scheduled for undeploy based on explicit specification (STDOUT, APP/TASK/deploy)#
#2026 08 26 15:36:54.961#Z#DEBUG#c28227b5-a163-11f1-b062-eeee0a986ec4.ResilienceCockpit-db-deployer#flowable-async-job-executor-thread-2678#
[PollExecuteTaskStatusExecution] 2d23200b-60aa-4519-b7f8-9f40de7a8ecc [2026-08-25T17:36:45.460572] Deploying to the container "8697B1A4A8B84AC49EFF171810969752"... (STDOUT, APP/TASK/deploy)#
#2026 08 26 15:36:54.961#Z#DEBUG#c28227b5-a163-11f1-b062-eeee0a986ec4.ResilienceCockpit-db-deployer#flowable-async-job-executor-thread-2678#
[PollExecuteTaskStatusExecution] 2d23200b-60aa-4519-b7f8-9f40de7a8ecc [2026-08-25T17:36:45.838600] Starting make in the container "8697B1A4A8B84AC49EFF171810969752" with 0 files to deploy, 0 files to undeploy... (STDOUT, APP/TASK/deploy)#
#2026 08 26 15:36:54.961#Z#DEBUG#c28227b5-a163-11f1-b062-eeee0a986ec4.ResilienceCockpit-db-deployer#flowable-async-job-executor-thread-2678#
[PollExecuteTaskStatusExecution] 2d23200b-60aa-4519-b7f8-9f40de7a8ecc [2026-08-25T17:36:45.838617] Disabling table replication for the container schema "8697B1A4A8B84AC49EFF171810969752"... (STDOUT, APP/TASK/deploy)#
#2026 08 26 15:36:54.961#Z#DEBUG#c28227b5-a163-11f1-b062-eeee0a986ec4.ResilienceCockpit-db-deployer#flowable-async-job-executor-thread-2678#
[PollExecuteTaskStatusExecution] 2d23200b-60aa-4519-b7f8-9f40de7a8ecc [2026-08-25T17:36:45.838625] Disabling table replication for the container schema "8697B1A4A8B84AC49EFF171810969752"... ok (0s 12ms) (STDOUT, APP/TASK/deploy)#
#2026 08 26 15:36:54.961#Z#DEBUG#c28227b5-a163-11f1-b062-eeee0a986ec4.ResilienceCockpit-db-deployer#flowable-async-job-executor-thread-2678#
[PollExecuteTaskStatusExecution] 2d23200b-60aa-4519-b7f8-9f40de7a8ecc [2026-08-25T17:36:45.838637] Migrating libraries... (STDOUT, APP/TASK/deploy)#
#2026 08 26 15:36:54.961#Z#DEBUG#c28227b5-a163-11f1-b062-eeee0a986ec4.ResilienceCockpit-db-deployer#flowable-async-job-executor-thread-2678#
[PollExecuteTaskStatusExecution] 2d23200b-60aa-4519-b7f8-9f40de7a8ecc [2026-08-25T17:36:45.838641] Migrating libraries... ok (0s 13ms) (STDOUT, APP/TASK/deploy)#
#2026 08 26 15:36:54.961#Z#DEBUG#c28227b5-a163-11f1-b062-eeee0a986ec4.ResilienceCockpit-db-deployer#flowable-async-job-executor-thread-2678#
[PollExecuteTaskStatusExecution] 2d23200b-60aa-4519-b7f8-9f40de7a8ecc [2026-08-25T17:36:45.838643] Making... (STDOUT, APP/TASK/deploy)#
#2026 08 26 15:36:54.961#Z#DEBUG#c28227b5-a163-11f1-b062-eeee0a986ec4.ResilienceCockpit-db-deployer#flowable-async-job-executor-thread-2678#
[PollExecuteTaskStatusExecution] 2d23200b-60aa-4519-b7f8-9f40de7a8ecc [2026-08-25T17:36:45.838646] Preparing... (STDOUT, APP/TASK/deploy)#
#2026 08 26 15:36:54.961#Z#DEBUG#c28227b5-a163-11f1-b062-eeee0a986ec4.ResilienceCockpit-db-deployer#flowable-async-job-executor-thread-2678#
[PollExecuteTaskStatusExecution] 2d23200b-60aa-4519-b7f8-9f40de7a8ecc [2026-08-25T17:36:45.838651] Preparing... ok (0s 1ms) (STDOUT, APP/TASK/deploy)#
#2026 08 26 15:36:54.961#Z#DEBUG#c28227b5-a163-11f1-b062-eeee0a986ec4.ResilienceCockpit-db-deployer#flowable-async-job-executor-thread-2678#
[PollExecuteTaskStatusExecution] 2d23200b-60aa-4519-b7f8-9f40de7a8ecc [2026-08-25T17:36:45.838654] Preparing the make transaction... (STDOUT, APP/TASK/deploy)#
#2026 08 26 15:36:54.961#Z#DEBUG#c28227b5-a163-11f1-b062-eeee0a986ec4.ResilienceCockpit-db-deployer#flowable-async-job-executor-thread-2678#
[PollExecuteTaskStatusExecution] 2d23200b-60aa-4519-b7f8-9f40de7a8ecc [2026-08-25T17:36:45.838666] Preparing the make transaction... ok (0s 21ms) (STDOUT, APP/TASK/deploy)#
#2026 08 26 15:36:54.961#Z#DEBUG#c28227b5-a163-11f1-b062-eeee0a986ec4.ResilienceCockpit-db-deployer#flowable-async-job-executor-thread-2678#
[PollExecuteTaskStatusExecution] 2d23200b-60aa-4519-b7f8-9f40de7a8ecc [2026-08-25T17:36:45.838670] Calculating dependencies... (STDOUT, APP/TASK/deploy)#
#2026 08 26 15:36:54.961#Z#DEBUG#c28227b5-a163-11f1-b062-eeee0a986ec4.ResilienceCockpit-db-deployer#flowable-async-job-executor-thread-2678#
[PollExecuteTaskStatusExecution] 2d23200b-60aa-4519-b7f8-9f40de7a8ecc [2026-08-25T17:36:45.838685] Expanding... (STDOUT, APP/TASK/deploy)#
#2026 08 26 15:36:54.961#Z#DEBUG#c28227b5-a163-11f1-b062-eeee0a986ec4.ResilienceCockpit-db-deployer#flowable-async-job-executor-thread-2678#
[PollExecuteTaskStatusExecution] 2d23200b-60aa-4519-b7f8-9f40de7a8ecc [2026-08-25T17:36:45.838688] Expanding... ok (0s 18ms) (STDOUT, APP/TASK/deploy)#
#2026 08 26 15:36:54.961#Z#DEBUG#c28227b5-a163-11f1-b062-eeee0a986ec4.ResilienceCockpit-db-deployer#flowable-async-job-executor-thread-2678#
[PollExecuteTaskStatusExecution] 2d23200b-60aa-4519-b7f8-9f40de7a8ecc [2026-08-25T17:36:45.838692] Precompiling... (STDOUT, APP/TASK/deploy)#
#2026 08 26 15:36:54.961#Z#DEBUG#c28227b5-a163-11f1-b062-eeee0a986ec4.ResilienceCockpit-db-deployer#flowable-async-job-executor-thread-2678#
[PollExecuteTaskStatusExecution] 2d23200b-60aa-4519-b7f8-9f40de7a8ecc [2026-08-25T17:36:45.838759] Precompiling... ok (0s 0ms) (STDOUT, APP/TASK/deploy)#
#2026 08 26 15:36:54.961#Z#DEBUG#c28227b5-a163-11f1-b062-eeee0a986ec4.ResilienceCockpit-db-deployer#flowable-async-job-executor-thread-2678#
[PollExecuteTaskStatusExecution] 2d23200b-60aa-4519-b7f8-9f40de7a8ecc [2026-08-25T17:36:45.838771] Merging... (STDOUT, APP/TASK/deploy)#
#2026 08 26 15:36:54.961#Z#DEBUG#c28227b5-a163-11f1-b062-eeee0a986ec4.ResilienceCockpit-db-deployer#flowable-async-job-executor-thread-2678#
[PollExecuteTaskStatusExecution] 2d23200b-60aa-4519-b7f8-9f40de7a8ecc [2026-08-25T17:36:45.838773] Merging... ok (0s 0ms) (STDOUT, APP/TASK/deploy)#
#2026 08 26 15:36:54.961#Z#DEBUG#c28227b5-a163-11f1-b062-eeee0a986ec4.ResilienceCockpit-db-deployer#flowable-async-job-executor-thread-2678#
[PollExecuteTaskStatusExecution] 2d23200b-60aa-4519-b7f8-9f40de7a8ecc [2026-08-25T17:36:45.838786] Calculating dependencies... ok (0s 18ms) (STDOUT, APP/TASK/deploy)#
#2026 08 26 15:36:54.961#Z#DEBUG#c28227b5-a163-11f1-b062-eeee0a986ec4.ResilienceCockpit-db-deployer#flowable-async-job-executor-thread-2678#
[PollExecuteTaskStatusExecution] 2d23200b-60aa-4519-b7f8-9f40de7a8ecc [2026-08-25T17:36:45.838789] No make necessary (STDOUT, APP/TASK/deploy)#
#2026 08 26 15:36:54.961#Z#DEBUG#c28227b5-a163-11f1-b062-eeee0a986ec4.ResilienceCockpit-db-deployer#flowable-async-job-executor-thread-2678#
[PollExecuteTaskStatusExecution] 2d23200b-60aa-4519-b7f8-9f40de7a8ecc [2026-08-25T17:36:45.838821] Making... ok (0s 155ms) (STDOUT, APP/TASK/deploy)#
#2026 08 26 15:36:54.961#Z#DEBUG#c28227b5-a163-11f1-b062-eeee0a986ec4.ResilienceCockpit-db-deployer#flowable-async-job-executor-thread-2678#
[PollExecuteTaskStatusExecution] 2d23200b-60aa-4519-b7f8-9f40de7a8ecc [2026-08-25T17:36:45.838826] Enabling table replication for the container schema "8697B1A4A8B84AC49EFF171810969752"... (STDOUT, APP/TASK/deploy)#
#2026 08 26 15:36:54.961#Z#DEBUG#c28227b5-a163-11f1-b062-eeee0a986ec4.ResilienceCockpit-db-deployer#flowable-async-job-executor-thread-2678#
[PollExecuteTaskStatusExecution] 2d23200b-60aa-4519-b7f8-9f40de7a8ecc [2026-08-25T17:36:45.838855] Enabling table replication for the container schema "8697B1A4A8B84AC49EFF171810969752"... ok (0s 8ms) (STDOUT, APP/TASK/deploy)#
#2026 08 26 15:36:54.961#Z#DEBUG#c28227b5-a163-11f1-b062-eeee0a986ec4.ResilienceCockpit-db-deployer#flowable-async-job-executor-thread-2678#
[PollExecuteTaskStatusExecution] 2d23200b-60aa-4519-b7f8-9f40de7a8ecc [2026-08-25T17:36:45.838858] Starting make in the container "8697B1A4A8B84AC49EFF171810969752" with 0 files to deploy, 0 files to undeploy... ok (0s 194ms) (STDOUT, APP/TASK/deploy)#
#2026 08 26 15:36:54.961#Z#DEBUG#c28227b5-a163-11f1-b062-eeee0a986ec4.ResilienceCockpit-db-deployer#flowable-async-job-executor-thread-2678#
[PollExecuteTaskStatusExecution] 2d23200b-60aa-4519-b7f8-9f40de7a8ecc [2026-08-25T17:36:45.839145] Deploying to the container "8697B1A4A8B84AC49EFF171810969752"... ok (0s 379ms) (STDOUT, APP/TASK/deploy)#
#2026 08 26 15:36:54.961#Z#DEBUG#c28227b5-a163-11f1-b062-eeee0a986ec4.ResilienceCockpit-db-deployer#flowable-async-job-executor-thread-2678#
[PollExecuteTaskStatusExecution] 2d23200b-60aa-4519-b7f8-9f40de7a8ecc [2026-08-25T17:36:45.839371] No default-access-role handling needed; global role "8697B1A4A8B84AC49EFF171810969752::access_role" will not be adapted (STDOUT, APP/TASK/deploy)#
#2026 08 26 15:36:54.961#Z#DEBUG#c28227b5-a163-11f1-b062-eeee0a986ec4.ResilienceCockpit-db-deployer#flowable-async-job-executor-thread-2678#
[PollExecuteTaskStatusExecution] 2d23200b-60aa-4519-b7f8-9f40de7a8ecc [2026-08-25T17:36:45.839474] Unlocking the container "8697B1A4A8B84AC49EFF171810969752"... (STDOUT, APP/TASK/deploy)#
#2026 08 26 15:36:54.961#Z#DEBUG#c28227b5-a163-11f1-b062-eeee0a986ec4.ResilienceCockpit-db-deployer#flowable-async-job-executor-thread-2678#
[PollExecuteTaskStatusExecution] 2d23200b-60aa-4519-b7f8-9f40de7a8ecc [2026-08-25T17:36:45.839697] Unlocking the container "8697B1A4A8B84AC49EFF171810969752"... ok (0s 0ms) (STDOUT, APP/TASK/deploy)#
#2026 08 26 15:36:54.961#Z#DEBUG#c28227b5-a163-11f1-b062-eeee0a986ec4.ResilienceCockpit-db-deployer#flowable-async-job-executor-thread-2678#
[PollExecuteTaskStatusExecution] 2d23200b-60aa-4519-b7f8-9f40de7a8ecc [2026-08-25T17:36:45.839807] Deployment to container 8697B1A4A8B84AC49EFF171810969752 done [Deployment ID: none]. (STDOUT, APP/TASK/deploy)#
#2026 08 26 15:36:54.961#Z#DEBUG#c28227b5-a163-11f1-b062-eeee0a986ec4.ResilienceCockpit-db-deployer#flowable-async-job-executor-thread-2678#
[PollExecuteTaskStatusExecution] 2d23200b-60aa-4519-b7f8-9f40de7a8ecc [2026-08-25T17:36:45.840163] Deployment ended at 2026-08-25 17:36:45 (STDOUT, APP/TASK/deploy)#
#2026 08 26 15:36:54.961#Z#DEBUG#c28227b5-a163-11f1-b062-eeee0a986ec4.ResilienceCockpit-db-deployer#flowable-async-job-executor-thread-2678#
[PollExecuteTaskStatusExecution] 2d23200b-60aa-4519-b7f8-9f40de7a8ecc [2026-08-25T17:36:45.840397] (1s 767ms) (STDOUT, APP/TASK/deploy)#
#2026 08 26 15:36:54.961#Z#DEBUG#c28227b5-a163-11f1-b062-eeee0a986ec4.ResilienceCockpit-db-deployer#flowable-async-job-executor-thread-2678#
[PollExecuteTaskStatusExecution] 2d23200b-60aa-4519-b7f8-9f40de7a8ecc [2026-08-25T17:36:45.850347] npm notice (STDERR, APP/TASK/deploy)#
#2026 08 26 15:36:54.961#Z#DEBUG#c28227b5-a163-11f1-b062-eeee0a986ec4.ResilienceCockpit-db-deployer#flowable-async-job-executor-thread-2678#
[PollExecuteTaskStatusExecution] 2d23200b-60aa-4519-b7f8-9f40de7a8ecc [2026-08-25T17:36:45.850362] npm notice New major version of npm available! 11.16.0 -> 12.0.2 (STDERR, APP/TASK/deploy)#
#2026 08 26 15:36:54.961#Z#DEBUG#c28227b5-a163-11f1-b062-eeee0a986ec4.ResilienceCockpit-db-deployer#flowable-async-job-executor-thread-2678#
[PollExecuteTaskStatusExecution] 2d23200b-60aa-4519-b7f8-9f40de7a8ecc [2026-08-25T17:36:45.850366] npm notice Changelog: https://github.com/npm/cli/releases/tag/v12.0.2 (STDERR, APP/TASK/deploy)#
#2026 08 26 15:36:54.961#Z#DEBUG#c28227b5-a163-11f1-b062-eeee0a986ec4.ResilienceCockpit-db-deployer#flowable-async-job-executor-thread-2678#
[PollExecuteTaskStatusExecution] 2d23200b-60aa-4519-b7f8-9f40de7a8ecc [2026-08-25T17:36:45.850369] npm notice To update run: npm install -g npm@12.0.2 (STDERR, APP/TASK/deploy)#
#2026 08 26 15:36:54.961#Z#DEBUG#c28227b5-a163-11f1-b062-eeee0a986ec4.ResilienceCockpit-db-deployer#flowable-async-job-executor-thread-2678#
[PollExecuteTaskStatusExecution] 2d23200b-60aa-4519-b7f8-9f40de7a8ecc [2026-08-25T17:36:45.850372] npm notice (STDERR, APP/TASK/deploy)#
#2026 08 26 15:36:54.961#Z#DEBUG#c28227b5-a163-11f1-b062-eeee0a986ec4.ResilienceCockpit-db-deployer#flowable-async-job-executor-thread-2678#
[PollExecuteTaskStatusExecution] 2d23200b-60aa-4519-b7f8-9f40de7a8ecc [2026-08-25T17:36:45.897385] Exit status 0 (STDOUT, APP/TASK/deploy)#
#2026 08 26 15:36:54.961#Z#DEBUG#c28227b5-a163-11f1-b062-eeee0a986ec4.ResilienceCockpit-db-deployer#flowable-async-job-executor-thread-2678#
[PollExecuteTaskStatusExecution] 2d23200b-60aa-4519-b7f8-9f40de7a8ecc [2026-08-25T17:36:46.692932] Cell 4dc0bb62-dd25-443a-a962-806e343d783f stopping instance ccf44529-92c1-4b2f-b3fc-ff5049e7e86f (STDOUT, CELL)#
#2026 08 26 15:36:54.961#Z#DEBUG#c28227b5-a163-11f1-b062-eeee0a986ec4.ResilienceCockpit-db-deployer#flowable-async-job-executor-thread-2678#
[PollExecuteTaskStatusExecution] 2d23200b-60aa-4519-b7f8-9f40de7a8ecc [2026-08-25T17:36:46.692996] Cell 4dc0bb62-dd25-443a-a962-806e343d783f destroying container for instance ccf44529-92c1-4b2f-b3fc-ff5049e7e86f (STDOUT, CELL)#
#2026 08 26 15:36:54.961#Z#DEBUG#c28227b5-a163-11f1-b062-eeee0a986ec4.ResilienceCockpit-db-deployer#flowable-async-job-executor-thread-2678#
[PollExecuteTaskStatusExecution] 2d23200b-60aa-4519-b7f8-9f40de7a8ecc [2026-08-25T17:36:48.936758] Cell 4dc0bb62-dd25-443a-a962-806e343d783f successfully destroyed container for instance ccf44529-92c1-4b2f-b3fc-ff5049e7e86f (STDOUT, CELL)#
#2026 08 26 15:36:54.961#Z#DEBUG#c28227b5-a163-11f1-b062-eeee0a986ec4.ResilienceCockpit-db-deployer#flowable-async-job-executor-thread-2678#
[PollExecuteTaskStatusExecution] 2d23200b-60aa-4519-b7f8-9f40de7a8ecc [2026-08-26T02:15:34.364252] Updated app with guid 2d23200b-60aa-4519-b7f8-9f40de7a8ecc ({"lifecycle"=>{"data"=>{"buildpacks"=>["nodejs_buildpack"]}, "type"=>"buildpack"}}) (STDOUT, API)#
#2026 08 26 15:36:54.961#Z#DEBUG#c28227b5-a163-11f1-b062-eeee0a986ec4.ResilienceCockpit-db-deployer#flowable-async-job-executor-thread-2678#
[PollExecuteTaskStatusExecution] 2d23200b-60aa-4519-b7f8-9f40de7a8ecc [2026-08-26T02:15:34.441394] Updating process: "web" (STDOUT, API)#
#2026 08 26 15:36:54.961#Z#DEBUG#c28227b5-a163-11f1-b062-eeee0a986ec4.ResilienceCockpit-db-deployer#flowable-async-job-executor-thread-2678#
[PollExecuteTaskStatusExecution] 2d23200b-60aa-4519-b7f8-9f40de7a8ecc [2026-08-26T02:15:41.774032] Uploading app package for app with guid 2d23200b-60aa-4519-b7f8-9f40de7a8ecc (STDOUT, API)#
#2026 08 26 15:36:54.961#Z#DEBUG#c28227b5-a163-11f1-b062-eeee0a986ec4.ResilienceCockpit-db-deployer#flowable-async-job-executor-thread-2678#
[PollExecuteTaskStatusExecution] 2d23200b-60aa-4519-b7f8-9f40de7a8ecc [2026-08-26T02:15:41.953741] Updated app with guid 2d23200b-60aa-4519-b7f8-9f40de7a8ecc ({"environment_variables"=>"[PRIVATE DATA HIDDEN]"}) (STDOUT, API)#
#2026 08 26 15:36:54.961#Z#DEBUG#c28227b5-a163-11f1-b062-eeee0a986ec4.ResilienceCockpit-db-deployer#flowable-async-job-executor-thread-2678#
[PollExecuteTaskStatusExecution] 2d23200b-60aa-4519-b7f8-9f40de7a8ecc [2026-08-26T02:15:51.735415] Creating build for app with guid 2d23200b-60aa-4519-b7f8-9f40de7a8ecc (STDOUT, API)#
#2026 08 26 15:36:54.961#Z#DEBUG#c28227b5-a163-11f1-b062-eeee0a986ec4.ResilienceCockpit-db-deployer#flowable-async-job-executor-thread-2678#
[PollExecuteTaskStatusExecution] 2d23200b-60aa-4519-b7f8-9f40de7a8ecc [2026-08-26T02:15:52.097615] Downloading nodejs_buildpack... (STDOUT, STG)#
#2026 08 26 15:36:54.961#Z#DEBUG#c28227b5-a163-11f1-b062-eeee0a986ec4.ResilienceCockpit-db-deployer#flowable-async-job-executor-thread-2678#
[PollExecuteTaskStatusExecution] 2d23200b-60aa-4519-b7f8-9f40de7a8ecc [2026-08-26T02:15:52.144711] Downloaded nodejs_buildpack (STDOUT, STG)#
#2026 08 26 15:36:54.961#Z#DEBUG#c28227b5-a163-11f1-b062-eeee0a986ec4.ResilienceCockpit-db-deployer#flowable-async-job-executor-thread-2678#
[PollExecuteTaskStatusExecution] 2d23200b-60aa-4519-b7f8-9f40de7a8ecc [2026-08-26T02:15:52.144790] Cell c343a1ce-501c-453d-aabd-5a2aaaa23496 creating container for instance db522982-4b02-44e4-8210-691af3aeceef (STDOUT, STG)#
#2026 08 26 15:36:54.961#Z#DEBUG#c28227b5-a163-11f1-b062-eeee0a986ec4.ResilienceCockpit-db-deployer#flowable-async-job-executor-thread-2678#
[PollExecuteTaskStatusExecution] 2d23200b-60aa-4519-b7f8-9f40de7a8ecc [2026-08-26T02:15:52.451749] Security group rules were updated (STDOUT, STG)#
#2026 08 26 15:36:54.961#Z#DEBUG#c28227b5-a163-11f1-b062-eeee0a986ec4.ResilienceCockpit-db-deployer#flowable-async-job-executor-thread-2678#
[PollExecuteTaskStatusExecution] 2d23200b-60aa-4519-b7f8-9f40de7a8ecc [2026-08-26T02:15:52.506935] Cell c343a1ce-501c-453d-aabd-5a2aaaa23496 successfully created container for instance db522982-4b02-44e4-8210-691af3aeceef (STDOUT, STG)#
#2026 08 26 15:36:54.961#Z#DEBUG#c28227b5-a163-11f1-b062-eeee0a986ec4.ResilienceCockpit-db-deployer#flowable-async-job-executor-thread-2678#
[PollExecuteTaskStatusExecution] 2d23200b-60aa-4519-b7f8-9f40de7a8ecc [2026-08-26T02:15:52.870098] Downloading app package... (STDOUT, STG)#
#2026 08 26 15:36:54.961#Z#DEBUG#c28227b5-a163-11f1-b062-eeee0a986ec4.ResilienceCockpit-db-deployer#flowable-async-job-executor-thread-2678#
[PollExecuteTaskStatusExecution] 2d23200b-60aa-4519-b7f8-9f40de7a8ecc [2026-08-26T02:15:52.870187] Downloading build artifacts cache... (STDOUT, STG)#
#2026 08 26 15:36:54.961#Z#DEBUG#c28227b5-a163-11f1-b062-eeee0a986ec4.ResilienceCockpit-db-deployer#flowable-async-job-executor-thread-2678#
[PollExecuteTaskStatusExecution] 2d23200b-60aa-4519-b7f8-9f40de7a8ecc [2026-08-26T02:15:52.975009] Downloaded build artifacts cache (225B) (STDOUT, STG)#
#2026 08 26 15:36:54.961#Z#DEBUG#c28227b5-a163-11f1-b062-eeee0a986ec4.ResilienceCockpit-db-deployer#flowable-async-job-executor-thread-2678#
[PollExecuteTaskStatusExecution] 2d23200b-60aa-4519-b7f8-9f40de7a8ecc [2026-08-26T02:15:53.111683] Downloaded app package (2.5M) (STDOUT, STG)#
#2026 08 26 15:36:54.961#Z#DEBUG#c28227b5-a163-11f1-b062-eeee0a986ec4.ResilienceCockpit-db-deployer#flowable-async-job-executor-thread-2678#
[PollExecuteTaskStatusExecution] 2d23200b-60aa-4519-b7f8-9f40de7a8ecc [2026-08-26T02:15:53.160950] -----> Nodejs Buildpack version 1.9.3 (STDOUT, STG)#
#2026 08 26 15:36:54.961#Z#DEBUG#c28227b5-a163-11f1-b062-eeee0a986ec4.ResilienceCockpit-db-deployer#flowable-async-job-executor-thread-2678#
[PollExecuteTaskStatusExecution] 2d23200b-60aa-4519-b7f8-9f40de7a8ecc [2026-08-26T02:15:53.264742] -----> Bootstrapping python (STDOUT, STG)#
#2026 08 26 15:36:54.961#Z#DEBUG#c28227b5-a163-11f1-b062-eeee0a986ec4.ResilienceCockpit-db-deployer#flowable-async-job-executor-thread-2678#
[PollExecuteTaskStatusExecution] 2d23200b-60aa-4519-b7f8-9f40de7a8ecc [2026-08-26T02:15:53.264761] -----> Installing python 3.13.14 (STDOUT, STG)#
#2026 08 26 15:36:54.961#Z#DEBUG#c28227b5-a163-11f1-b062-eeee0a986ec4.ResilienceCockpit-db-deployer#flowable-async-job-executor-thread-2678#
[PollExecuteTaskStatusExecution] 2d23200b-60aa-4519-b7f8-9f40de7a8ecc [2026-08-26T02:15:53.264817] Copy [/tmp/buildpacks/adc5840e3e50b48d/dependencies/4b4266a2ff36730aef37b88b668ca327/python_3.13.14_linux_x64_cflinuxfs4_b80d4954.tgz] (STDOUT, STG)#
#2026 08 26 15:36:54.961#Z#DEBUG#c28227b5-a163-11f1-b062-eeee0a986ec4.ResilienceCockpit-db-deployer#flowable-async-job-executor-thread-2678#
[PollExecuteTaskStatusExecution] 2d23200b-60aa-4519-b7f8-9f40de7a8ecc [2026-08-26T02:15:56.253607] -----> Installing binaries (STDOUT, STG)#
#2026 08 26 15:36:54.961#Z#DEBUG#c28227b5-a163-11f1-b062-eeee0a986ec4.ResilienceCockpit-db-deployer#flowable-async-job-executor-thread-2678#
[PollExecuteTaskStatusExecution] 2d23200b-60aa-4519-b7f8-9f40de7a8ecc [2026-08-26T02:15:56.253630] engines.node (package.json): >=18 (STDOUT, STG)#
#2026 08 26 15:36:54.961#Z#DEBUG#c28227b5-a163-11f1-b062-eeee0a986ec4.ResilienceCockpit-db-deployer#flowable-async-job-executor-thread-2678#
[PollExecuteTaskStatusExecution] 2d23200b-60aa-4519-b7f8-9f40de7a8ecc [2026-08-26T02:15:56.253634] engines.npm (package.json): unspecified (use default) (STDOUT, STG)#
#2026 08 26 15:36:54.961#Z#DEBUG#c28227b5-a163-11f1-b062-eeee0a986ec4.ResilienceCockpit-db-deployer#flowable-async-job-executor-thread-2678#
[PollExecuteTaskStatusExecution] 2d23200b-60aa-4519-b7f8-9f40de7a8ecc [2026-08-26T02:15:56.253638] [31;1m**WARNING**[0m Dangerous semver range (>) in engines.node. See: http://docs.cloudfoundry.org/buildpacks/node/node-tips.html (STDOUT, STG)#
#2026 08 26 15:36:54.961#Z#DEBUG#c28227b5-a163-11f1-b062-eeee0a986ec4.ResilienceCockpit-db-deployer#flowable-async-job-executor-thread-2678#
[PollExecuteTaskStatusExecution] 2d23200b-60aa-4519-b7f8-9f40de7a8ecc [2026-08-26T02:15:56.253793] -----> Installing node 24.18.0 (STDOUT, STG)#
#2026 08 26 15:36:54.961#Z#DEBUG#c28227b5-a163-11f1-b062-eeee0a986ec4.ResilienceCockpit-db-deployer#flowable-async-job-executor-thread-2678#
[PollExecuteTaskStatusExecution] 2d23200b-60aa-4519-b7f8-9f40de7a8ecc [2026-08-26T02:15:56.253839] Copy [/tmp/buildpacks/adc5840e3e50b48d/dependencies/dffbbb835fcd073c4544f78eb6247fac/node_24.18.0_linux_x64_cflinuxfs4_cdfed650.tgz] (STDOUT, STG)#
#2026 08 26 15:36:54.961#Z#DEBUG#c28227b5-a163-11f1-b062-eeee0a986ec4.ResilienceCockpit-db-deployer#flowable-async-job-executor-thread-2678#
[PollExecuteTaskStatusExecution] 2d23200b-60aa-4519-b7f8-9f40de7a8ecc [2026-08-26T02:15:57.981574] Using default npm version: 11.16.0 (STDOUT, STG)#
#2026 08 26 15:36:54.961#Z#DEBUG#c28227b5-a163-11f1-b062-eeee0a986ec4.ResilienceCockpit-db-deployer#flowable-async-job-executor-thread-2678#
[PollExecuteTaskStatusExecution] 2d23200b-60aa-4519-b7f8-9f40de7a8ecc [2026-08-26T02:15:57.981590] -----> Installing yarn 1.22.22 (STDOUT, STG)#
#2026 08 26 15:36:54.961#Z#DEBUG#c28227b5-a163-11f1-b062-eeee0a986ec4.ResilienceCockpit-db-deployer#flowable-async-job-executor-thread-2678#
[PollExecuteTaskStatusExecution] 2d23200b-60aa-4519-b7f8-9f40de7a8ecc [2026-08-26T02:15:57.981605] Copy [/tmp/buildpacks/adc5840e3e50b48d/dependencies/e4fe26756e9984a665478d350474fa2e/yarn_1.22.22_linux_noarch_any-stack_b6132b86.tgz] (STDOUT, STG)#
#2026 08 26 15:36:54.961#Z#DEBUG#c28227b5-a163-11f1-b062-eeee0a986ec4.ResilienceCockpit-db-deployer#flowable-async-job-executor-thread-2678#
[PollExecuteTaskStatusExecution] 2d23200b-60aa-4519-b7f8-9f40de7a8ecc [2026-08-26T02:15:58.232551] Installed yarn 1.22.22 (STDOUT, STG)#
#2026 08 26 15:36:54.961#Z#DEBUG#c28227b5-a163-11f1-b062-eeee0a986ec4.ResilienceCockpit-db-deployer#flowable-async-job-executor-thread-2678#
[PollExecuteTaskStatusExecution] 2d23200b-60aa-4519-b7f8-9f40de7a8ecc [2026-08-26T02:15:58.232585] -----> Creating runtime environment (STDOUT, STG)#
#2026 08 26 15:36:54.961#Z#DEBUG#c28227b5-a163-11f1-b062-eeee0a986ec4.ResilienceCockpit-db-deployer#flowable-async-job-executor-thread-2678#
[PollExecuteTaskStatusExecution] 2d23200b-60aa-4519-b7f8-9f40de7a8ecc [2026-08-26T02:15:58.234150] NODE_ENV=production (STDOUT, STG)#
#2026 08 26 15:36:54.961#Z#DEBUG#c28227b5-a163-11f1-b062-eeee0a986ec4.ResilienceCockpit-db-deployer#flowable-async-job-executor-thread-2678#
[PollExecuteTaskStatusExecution] 2d23200b-60aa-4519-b7f8-9f40de7a8ecc [2026-08-26T02:15:58.234167] NODE_HOME=/tmp/contents3582052103/deps/0/node (STDOUT, STG)#
#2026 08 26 15:36:54.961#Z#DEBUG#c28227b5-a163-11f1-b062-eeee0a986ec4.ResilienceCockpit-db-deployer#flowable-async-job-executor-thread-2678#
[PollExecuteTaskStatusExecution] 2d23200b-60aa-4519-b7f8-9f40de7a8ecc [2026-08-26T02:15:58.234169] NODE_MODULES_CACHE=true (STDOUT, STG)#
#2026 08 26 15:36:54.961#Z#DEBUG#c28227b5-a163-11f1-b062-eeee0a986ec4.ResilienceCockpit-db-deployer#flowable-async-job-executor-thread-2678#
[PollExecuteTaskStatusExecution] 2d23200b-60aa-4519-b7f8-9f40de7a8ecc [2026-08-26T02:15:58.234172] NODE_VERBOSE=false (STDOUT, STG)#
#2026 08 26 15:36:54.961#Z#DEBUG#c28227b5-a163-11f1-b062-eeee0a986ec4.ResilienceCockpit-db-deployer#flowable-async-job-executor-thread-2678#
[PollExecuteTaskStatusExecution] 2d23200b-60aa-4519-b7f8-9f40de7a8ecc [2026-08-26T02:15:58.234176] NPM_CONFIG_LOGLEVEL=error (STDOUT, STG)#
#2026 08 26 15:36:54.961#Z#DEBUG#c28227b5-a163-11f1-b062-eeee0a986ec4.ResilienceCockpit-db-deployer#flowable-async-job-executor-thread-2678#
[PollExecuteTaskStatusExecution] 2d23200b-60aa-4519-b7f8-9f40de7a8ecc [2026-08-26T02:15:58.234234] NPM_CONFIG_PRODUCTION=true (STDOUT, STG)#
#2026 08 26 15:36:54.961#Z#DEBUG#c28227b5-a163-11f1-b062-eeee0a986ec4.ResilienceCockpit-db-deployer#flowable-async-job-executor-thread-2678#
[PollExecuteTaskStatusExecution] 2d23200b-60aa-4519-b7f8-9f40de7a8ecc [2026-08-26T02:15:58.234238] -----> Building dependencies (STDOUT, STG)#
#2026 08 26 15:36:54.961#Z#DEBUG#c28227b5-a163-11f1-b062-eeee0a986ec4.ResilienceCockpit-db-deployer#flowable-async-job-executor-thread-2678#
[PollExecuteTaskStatusExecution] 2d23200b-60aa-4519-b7f8-9f40de7a8ecc [2026-08-26T02:15:58.234240] Prebuild detected (node_modules already exists) (STDOUT, STG)#
#2026 08 26 15:36:54.961#Z#DEBUG#c28227b5-a163-11f1-b062-eeee0a986ec4.ResilienceCockpit-db-deployer#flowable-async-job-executor-thread-2678#
[PollExecuteTaskStatusExecution] 2d23200b-60aa-4519-b7f8-9f40de7a8ecc [2026-08-26T02:15:58.234242] Rebuilding any native modules (STDOUT, STG)#
#2026 08 26 15:36:54.961#Z#DEBUG#c28227b5-a163-11f1-b062-eeee0a986ec4.ResilienceCockpit-db-deployer#flowable-async-job-executor-thread-2678#
[PollExecuteTaskStatusExecution] 2d23200b-60aa-4519-b7f8-9f40de7a8ecc [2026-08-26T02:15:58.619342] rebuilt dependencies successfully (STDOUT, STG)#
#2026 08 26 15:36:54.961#Z#DEBUG#c28227b5-a163-11f1-b062-eeee0a986ec4.ResilienceCockpit-db-deployer#flowable-async-job-executor-thread-2678#
[PollExecuteTaskStatusExecution] 2d23200b-60aa-4519-b7f8-9f40de7a8ecc [2026-08-26T02:15:58.667620] Installing any new modules (package.json + package-lock.json) (STDOUT, STG)#
#2026 08 26 15:36:54.961#Z#DEBUG#c28227b5-a163-11f1-b062-eeee0a986ec4.ResilienceCockpit-db-deployer#flowable-async-job-executor-thread-2678#
[PollExecuteTaskStatusExecution] 2d23200b-60aa-4519-b7f8-9f40de7a8ecc [2026-08-26T02:15:58.994571] up to date in 269ms (STDOUT, STG)#
#2026 08 26 15:36:54.961#Z#DEBUG#c28227b5-a163-11f1-b062-eeee0a986ec4.ResilienceCockpit-db-deployer#flowable-async-job-executor-thread-2678#
[PollExecuteTaskStatusExecution] 2d23200b-60aa-4519-b7f8-9f40de7a8ecc [2026-08-26T02:15:58.994693] 4 packages are looking for funding (STDOUT, STG)#
#2026 08 26 15:36:54.961#Z#DEBUG#c28227b5-a163-11f1-b062-eeee0a986ec4.ResilienceCockpit-db-deployer#flowable-async-job-executor-thread-2678#
[PollExecuteTaskStatusExecution] 2d23200b-60aa-4519-b7f8-9f40de7a8ecc [2026-08-26T02:15:58.994781] run `npm fund` for details (STDOUT, STG)#
#2026 08 26 15:36:54.961#Z#DEBUG#c28227b5-a163-11f1-b062-eeee0a986ec4.ResilienceCockpit-db-deployer#flowable-async-job-executor-thread-2678#
[PollExecuteTaskStatusExecution] 2d23200b-60aa-4519-b7f8-9f40de7a8ecc [2026-08-26T02:15:59.715684] Contrast Security no credentials found. Will not write environment files. (STDOUT, STG)#
#2026 08 26 15:36:54.961#Z#DEBUG#c28227b5-a163-11f1-b062-eeee0a986ec4.ResilienceCockpit-db-deployer#flowable-async-job-executor-thread-2678#
[PollExecuteTaskStatusExecution] 2d23200b-60aa-4519-b7f8-9f40de7a8ecc [2026-08-26T02:16:07.333311] Exit status 0 (STDOUT, STG)#
#2026 08 26 15:36:54.961#Z#DEBUG#c28227b5-a163-11f1-b062-eeee0a986ec4.ResilienceCockpit-db-deployer#flowable-async-job-executor-thread-2678#
[PollExecuteTaskStatusExecution] 2d23200b-60aa-4519-b7f8-9f40de7a8ecc [2026-08-26T02:16:07.333357] Uploading droplet, build artifacts cache... (STDOUT, STG)#
#2026 08 26 15:36:54.961#Z#DEBUG#c28227b5-a163-11f1-b062-eeee0a986ec4.ResilienceCockpit-db-deployer#flowable-async-job-executor-thread-2678#
[PollExecuteTaskStatusExecution] 2d23200b-60aa-4519-b7f8-9f40de7a8ecc [2026-08-26T02:16:07.333388] Uploading build artifacts cache... (STDOUT, STG)#
#2026 08 26 15:36:54.961#Z#DEBUG#c28227b5-a163-11f1-b062-eeee0a986ec4.ResilienceCockpit-db-deployer#flowable-async-job-executor-thread-2678#
[PollExecuteTaskStatusExecution] 2d23200b-60aa-4519-b7f8-9f40de7a8ecc [2026-08-26T02:16:07.333415] Uploading droplet... (STDOUT, STG)#
#2026 08 26 15:36:54.961#Z#DEBUG#c28227b5-a163-11f1-b062-eeee0a986ec4.ResilienceCockpit-db-deployer#flowable-async-job-executor-thread-2678#
[PollExecuteTaskStatusExecution] 2d23200b-60aa-4519-b7f8-9f40de7a8ecc [2026-08-26T02:16:07.358888] Uploaded build artifacts cache (223B) (STDOUT, STG)#
#2026 08 26 15:36:54.961#Z#DEBUG#c28227b5-a163-11f1-b062-eeee0a986ec4.ResilienceCockpit-db-deployer#flowable-async-job-executor-thread-2678#
[PollExecuteTaskStatusExecution] 2d23200b-60aa-4519-b7f8-9f40de7a8ecc [2026-08-26T02:16:07.832764] Creating droplet for app with guid 2d23200b-60aa-4519-b7f8-9f40de7a8ecc (STDOUT, API)#
#2026 08 26 15:36:54.961#Z#DEBUG#c28227b5-a163-11f1-b062-eeee0a986ec4.ResilienceCockpit-db-deployer#flowable-async-job-executor-thread-2678#
[PollExecuteTaskStatusExecution] 2d23200b-60aa-4519-b7f8-9f40de7a8ecc [2026-08-26T02:16:09.899592] Uploaded droplet (59.3M) (STDOUT, STG)#
#2026 08 26 15:36:54.961#Z#DEBUG#c28227b5-a163-11f1-b062-eeee0a986ec4.ResilienceCockpit-db-deployer#flowable-async-job-executor-thread-2678#
[PollExecuteTaskStatusExecution] 2d23200b-60aa-4519-b7f8-9f40de7a8ecc [2026-08-26T02:16:09.914508] Uploading complete (STDOUT, STG)#
#2026 08 26 15:36:54.961#Z#DEBUG#c28227b5-a163-11f1-b062-eeee0a986ec4.ResilienceCockpit-db-deployer#flowable-async-job-executor-thread-2678#
[PollExecuteTaskStatusExecution] 2d23200b-60aa-4519-b7f8-9f40de7a8ecc [2026-08-26T02:16:10.230244] Cell c343a1ce-501c-453d-aabd-5a2aaaa23496 stopping instance db522982-4b02-44e4-8210-691af3aeceef (STDOUT, STG)#
#2026 08 26 15:36:54.961#Z#DEBUG#c28227b5-a163-11f1-b062-eeee0a986ec4.ResilienceCockpit-db-deployer#flowable-async-job-executor-thread-2678#
[PollExecuteTaskStatusExecution] 2d23200b-60aa-4519-b7f8-9f40de7a8ecc [2026-08-26T02:16:10.230295] Cell c343a1ce-501c-453d-aabd-5a2aaaa23496 destroying container for instance db522982-4b02-44e4-8210-691af3aeceef (STDOUT, STG)#
#2026 08 26 15:36:54.961#Z#DEBUG#c28227b5-a163-11f1-b062-eeee0a986ec4.ResilienceCockpit-db-deployer#flowable-async-job-executor-thread-2678#
[PollExecuteTaskStatusExecution] 2d23200b-60aa-4519-b7f8-9f40de7a8ecc [2026-08-26T02:16:10.296822] Staging complete for build db522982-4b02-44e4-8210-691af3aeceef (STDOUT, API)#
#2026 08 26 15:36:54.961#Z#DEBUG#c28227b5-a163-11f1-b062-eeee0a986ec4.ResilienceCockpit-db-deployer#flowable-async-job-executor-thread-2678#
[PollExecuteTaskStatusExecution] 2d23200b-60aa-4519-b7f8-9f40de7a8ecc [2026-08-26T02:16:11.653084] Cell c343a1ce-501c-453d-aabd-5a2aaaa23496 successfully destroyed container for instance db522982-4b02-44e4-8210-691af3aeceef (STDOUT, STG)#
#2026 08 26 15:36:54.961#Z#DEBUG#c28227b5-a163-11f1-b062-eeee0a986ec4.ResilienceCockpit-db-deployer#flowable-async-job-executor-thread-2678#
[PollExecuteTaskStatusExecution] 2d23200b-60aa-4519-b7f8-9f40de7a8ecc [2026-08-26T02:16:11.659030] Updated app with guid 2d23200b-60aa-4519-b7f8-9f40de7a8ecc ({:droplet_guid=>"b7950227-c5d6-4c12-9b5f-837bbe2b4190"}) (STDOUT, API)#
#2026 08 26 15:36:54.961#Z#DEBUG#c28227b5-a163-11f1-b062-eeee0a986ec4.ResilienceCockpit-db-deployer#flowable-async-job-executor-thread-2678#
[PollExecuteTaskStatusExecution] 2d23200b-60aa-4519-b7f8-9f40de7a8ecc [2026-08-26T02:16:12.030389] Cell c343a1ce-501c-453d-aabd-5a2aaaa23496 creating container for instance da26f2f4-41fc-46aa-9190-b3b0cfee3642 (STDOUT, CELL)#
#2026 08 26 15:36:54.961#Z#DEBUG#c28227b5-a163-11f1-b062-eeee0a986ec4.ResilienceCockpit-db-deployer#flowable-async-job-executor-thread-2678#
[PollExecuteTaskStatusExecution] 2d23200b-60aa-4519-b7f8-9f40de7a8ecc [2026-08-26T02:16:12.327845] Security group rules were updated (STDOUT, CELL)#
#2026 08 26 15:36:54.961#Z#DEBUG#c28227b5-a163-11f1-b062-eeee0a986ec4.ResilienceCockpit-db-deployer#flowable-async-job-executor-thread-2678#
[PollExecuteTaskStatusExecution] 2d23200b-60aa-4519-b7f8-9f40de7a8ecc [2026-08-26T02:16:12.382455] Cell c343a1ce-501c-453d-aabd-5a2aaaa23496 successfully created container for instance da26f2f4-41fc-46aa-9190-b3b0cfee3642 (STDOUT, CELL)#
#2026 08 26 15:36:54.961#Z#DEBUG#c28227b5-a163-11f1-b062-eeee0a986ec4.ResilienceCockpit-db-deployer#flowable-async-job-executor-thread-2678#
[PollExecuteTaskStatusExecution] 2d23200b-60aa-4519-b7f8-9f40de7a8ecc [2026-08-26T02:16:16.438363] Invoking pre-start scripts. (STDOUT, APP/TASK/deploy)#
#2026 08 26 15:36:54.961#Z#DEBUG#c28227b5-a163-11f1-b062-eeee0a986ec4.ResilienceCockpit-db-deployer#flowable-async-job-executor-thread-2678#
[PollExecuteTaskStatusExecution] 2d23200b-60aa-4519-b7f8-9f40de7a8ecc [2026-08-26T02:16:16.576864] Invoking start command. (STDOUT, APP/TASK/deploy)#
#2026 08 26 15:36:54.961#Z#DEBUG#c28227b5-a163-11f1-b062-eeee0a986ec4.ResilienceCockpit-db-deployer#flowable-async-job-executor-thread-2678#
[PollExecuteTaskStatusExecution] 2d23200b-60aa-4519-b7f8-9f40de7a8ecc [2026-08-26T02:16:16.869042] > start (STDOUT, APP/TASK/deploy)#
#2026 08 26 15:36:54.961#Z#DEBUG#c28227b5-a163-11f1-b062-eeee0a986ec4.ResilienceCockpit-db-deployer#flowable-async-job-executor-thread-2678#
[PollExecuteTaskStatusExecution] 2d23200b-60aa-4519-b7f8-9f40de7a8ecc [2026-08-26T02:16:16.869068] > node node_modules/@sap/hdi-deploy/deploy.js --use-hdb --parameter com.sap.hana.di.table/try_fast_table_migration=true (STDOUT, APP/TASK/deploy)#
#2026 08 26 15:36:54.961#Z#DEBUG#c28227b5-a163-11f1-b062-eeee0a986ec4.ResilienceCockpit-db-deployer#flowable-async-job-executor-thread-2678#
[PollExecuteTaskStatusExecution] 2d23200b-60aa-4519-b7f8-9f40de7a8ecc [2026-08-26T02:16:16.971809] VCAP_SERVICES: (STDOUT, APP/TASK/deploy)#
#2026 08 26 15:36:54.961#Z#DEBUG#c28227b5-a163-11f1-b062-eeee0a986ec4.ResilienceCockpit-db-deployer#flowable-async-job-executor-thread-2678#
[PollExecuteTaskStatusExecution] 2d23200b-60aa-4519-b7f8-9f40de7a8ecc [2026-08-26T02:16:16.972215] { (STDOUT, APP/TASK/deploy)#
#2026 08 26 15:36:54.961#Z#DEBUG#c28227b5-a163-11f1-b062-eeee0a986ec4.ResilienceCockpit-db-deployer#flowable-async-job-executor-thread-2678#
[PollExecuteTaskStatusExecution] 2d23200b-60aa-4519-b7f8-9f40de7a8ecc [2026-08-26T02:16:16.972228] "hana": [ (STDOUT, APP/TASK/deploy)#
#2026 08 26 15:36:54.961#Z#DEBUG#c28227b5-a163-11f1-b062-eeee0a986ec4.ResilienceCockpit-db-deployer#flowable-async-job-executor-thread-2678#
[PollExecuteTaskStatusExecution] 2d23200b-60aa-4519-b7f8-9f40de7a8ecc [2026-08-26T02:16:16.972231] { (STDOUT, APP/TASK/deploy)#
#2026 08 26 15:36:54.961#Z#DEBUG#c28227b5-a163-11f1-b062-eeee0a986ec4.ResilienceCockpit-db-deployer#flowable-async-job-executor-thread-2678#
[PollExecuteTaskStatusExecution] 2d23200b-60aa-4519-b7f8-9f40de7a8ecc [2026-08-26T02:16:16.972237] "name": "ResilienceCockpit-db", (STDOUT, APP/TASK/deploy)#
#2026 08 26 15:36:54.961#Z#DEBUG#c28227b5-a163-11f1-b062-eeee0a986ec4.ResilienceCockpit-db-deployer#flowable-async-job-executor-thread-2678#
[PollExecuteTaskStatusExecution] 2d23200b-60aa-4519-b7f8-9f40de7a8ecc [2026-08-26T02:16:16.972240] "label": "hana", (STDOUT, APP/TASK/deploy)#
#2026 08 26 15:36:54.961#Z#DEBUG#c28227b5-a163-11f1-b062-eeee0a986ec4.ResilienceCockpit-db-deployer#flowable-async-job-executor-thread-2678#
[PollExecuteTaskStatusExecution] 2d23200b-60aa-4519-b7f8-9f40de7a8ecc [2026-08-26T02:16:16.972244] "plan": "hdi-shared", (STDOUT, APP/TASK/deploy)#
#2026 08 26 15:36:54.961#Z#DEBUG#c28227b5-a163-11f1-b062-eeee0a986ec4.ResilienceCockpit-db-deployer#flowable-async-job-executor-thread-2678#
[PollExecuteTaskStatusExecution] 2d23200b-60aa-4519-b7f8-9f40de7a8ecc [2026-08-26T02:16:16.972246] "credentials": { (STDOUT, APP/TASK/deploy)#
#2026 08 26 15:36:54.961#Z#DEBUG#c28227b5-a163-11f1-b062-eeee0a986ec4.ResilienceCockpit-db-deployer#flowable-async-job-executor-thread-2678#
[PollExecuteTaskStatusExecution] 2d23200b-60aa-4519-b7f8-9f40de7a8ecc [2026-08-26T02:16:16.972249] "schema": "8697B1A4A8B84AC49EFF171810969752", (STDOUT, APP/TASK/deploy)#
#2026 08 26 15:36:54.961#Z#DEBUG#c28227b5-a163-11f1-b062-eeee0a986ec4.ResilienceCockpit-db-deployer#flowable-async-job-executor-thread-2678#
[PollExecuteTaskStatusExecution] 2d23200b-60aa-4519-b7f8-9f40de7a8ecc [2026-08-26T02:16:16.972251] "database_id": "eb9e608b-a8d8-462e-98e7-906abde25244", (STDOUT, APP/TASK/deploy)#
#2026 08 26 15:36:54.961#Z#DEBUG#c28227b5-a163-11f1-b062-eeee0a986ec4.ResilienceCockpit-db-deployer#flowable-async-job-executor-thread-2678#
[PollExecuteTaskStatusExecution] 2d23200b-60aa-4519-b7f8-9f40de7a8ecc [2026-08-26T02:16:16.972254] "user": "8697B1A4A8B84AC49EFF171810969752_94GU5GV2BBQ6JWQX102ZOJ91W_RT", (STDOUT, APP/TASK/deploy)#
#2026 08 26 15:36:54.961#Z#DEBUG#c28227b5-a163-11f1-b062-eeee0a986ec4.ResilienceCockpit-db-deployer#flowable-async-job-executor-thread-2678#
[PollExecuteTaskStatusExecution] 2d23200b-60aa-4519-b7f8-9f40de7a8ecc [2026-08-26T02:16:16.972257] "hdi_user": "8697B1A4A8B84AC49EFF171810969752_94GU5GV2BBQ6JWQX102ZOJ91W_DT" (STDOUT, APP/TASK/deploy)#
#2026 08 26 15:36:54.961#Z#DEBUG#c28227b5-a163-11f1-b062-eeee0a986ec4.ResilienceCockpit-db-deployer#flowable-async-job-executor-thread-2678#
[PollExecuteTaskStatusExecution] 2d23200b-60aa-4519-b7f8-9f40de7a8ecc [2026-08-26T02:16:16.972259] }, (STDOUT, APP/TASK/deploy)#
#2026 08 26 15:36:54.961#Z#DEBUG#c28227b5-a163-11f1-b062-eeee0a986ec4.ResilienceCockpit-db-deployer#flowable-async-job-executor-thread-2678#
[PollExecuteTaskStatusExecution] 2d23200b-60aa-4519-b7f8-9f40de7a8ecc [2026-08-26T02:16:16.972261] "tags": [ (STDOUT, APP/TASK/deploy)#
#2026 08 26 15:36:54.961#Z#DEBUG#c28227b5-a163-11f1-b062-eeee0a986ec4.ResilienceCockpit-db-deployer#flowable-async-job-executor-thread-2678#
[PollExecuteTaskStatusExecution] 2d23200b-60aa-4519-b7f8-9f40de7a8ecc [2026-08-26T02:16:16.972263] "hana", (STDOUT, APP/TASK/deploy)#
#2026 08 26 15:36:54.961#Z#DEBUG#c28227b5-a163-11f1-b062-eeee0a986ec4.ResilienceCockpit-db-deployer#flowable-async-job-executor-thread-2678#
[PollExecuteTaskStatusExecution] 2d23200b-60aa-4519-b7f8-9f40de7a8ecc [2026-08-26T02:16:16.972264] "database", (STDOUT, APP/TASK/deploy)#
#2026 08 26 15:36:54.961#Z#DEBUG#c28227b5-a163-11f1-b062-eeee0a986ec4.ResilienceCockpit-db-deployer#flowable-async-job-executor-thread-2678#
[PollExecuteTaskStatusExecution] 2d23200b-60aa-4519-b7f8-9f40de7a8ecc [2026-08-26T02:16:16.972266] "relational" (STDOUT, APP/TASK/deploy)#
#2026 08 26 15:36:54.961#Z#DEBUG#c28227b5-a163-11f1-b062-eeee0a986ec4.ResilienceCockpit-db-deployer#flowable-async-job-executor-thread-2678#
[PollExecuteTaskStatusExecution] 2d23200b-60aa-4519-b7f8-9f40de7a8ecc [2026-08-26T02:16:16.972270] ] (STDOUT, APP/TASK/deploy)#
#2026 08 26 15:36:54.961#Z#DEBUG#c28227b5-a163-11f1-b062-eeee0a986ec4.ResilienceCockpit-db-deployer#flowable-async-job-executor-thread-2678#
[PollExecuteTaskStatusExecution] 2d23200b-60aa-4519-b7f8-9f40de7a8ecc [2026-08-26T02:16:16.972272] } (STDOUT, APP/TASK/deploy)#
#2026 08 26 15:36:54.961#Z#DEBUG#c28227b5-a163-11f1-b062-eeee0a986ec4.ResilienceCockpit-db-deployer#flowable-async-job-executor-thread-2678#
[PollExecuteTaskStatusExecution] 2d23200b-60aa-4519-b7f8-9f40de7a8ecc [2026-08-26T02:16:16.972273] ] (STDOUT, APP/TASK/deploy)#
#2026 08 26 15:36:54.961#Z#DEBUG#c28227b5-a163-11f1-b062-eeee0a986ec4.ResilienceCockpit-db-deployer#flowable-async-job-executor-thread-2678#
[PollExecuteTaskStatusExecution] 2d23200b-60aa-4519-b7f8-9f40de7a8ecc [2026-08-26T02:16:16.972275] } (STDOUT, APP/TASK/deploy)#
#2026 08 26 15:36:54.961#Z#DEBUG#c28227b5-a163-11f1-b062-eeee0a986ec4.ResilienceCockpit-db-deployer#flowable-async-job-executor-thread-2678#
[PollExecuteTaskStatusExecution] 2d23200b-60aa-4519-b7f8-9f40de7a8ecc [2026-08-26T02:16:17.333730] @sap/hdi-deploy, version 5.7.0 (mode default), server version 4.00.000.00.1785832557 (4.0.0.0), cloud version 2026.14.14, node version 24.18.0, HDI version 1016, container API version 1007 (STDOUT, APP/TASK/deploy)#
#2026 08 26 15:36:54.961#Z#DEBUG#c28227b5-a163-11f1-b062-eeee0a986ec4.ResilienceCockpit-db-deployer#flowable-async-job-executor-thread-2678#
[PollExecuteTaskStatusExecution] 2d23200b-60aa-4519-b7f8-9f40de7a8ecc [2026-08-26T02:16:17.333758] Deployment started at 2026-08-26 02:16:17 (STDOUT, APP/TASK/deploy)#
#2026 08 26 15:36:54.961#Z#DEBUG#c28227b5-a163-11f1-b062-eeee0a986ec4.ResilienceCockpit-db-deployer#flowable-async-job-executor-thread-2678#
[PollExecuteTaskStatusExecution] 2d23200b-60aa-4519-b7f8-9f40de7a8ecc [2026-08-26T02:16:17.333880] Using hdb@2.29.6 for connection (STDOUT, APP/TASK/deploy)#
#2026 08 26 15:36:54.961#Z#DEBUG#c28227b5-a163-11f1-b062-eeee0a986ec4.ResilienceCockpit-db-deployer#flowable-async-job-executor-thread-2678#
[PollExecuteTaskStatusExecution] 2d23200b-60aa-4519-b7f8-9f40de7a8ecc [2026-08-26T02:16:17.347569] No ignore file at /home/vcap/app/.hdiignore. (STDOUT, APP/TASK/deploy)#
#2026 08 26 15:36:54.961#Z#DEBUG#c28227b5-a163-11f1-b062-eeee0a986ec4.ResilienceCockpit-db-deployer#flowable-async-job-executor-thread-2678#
[PollExecuteTaskStatusExecution] 2d23200b-60aa-4519-b7f8-9f40de7a8ecc [2026-08-26T02:16:17.347771] Collecting files... (STDOUT, APP/TASK/deploy)#
#2026 08 26 15:36:54.961#Z#DEBUG#c28227b5-a163-11f1-b062-eeee0a986ec4.ResilienceCockpit-db-deployer#flowable-async-job-executor-thread-2678#
[PollExecuteTaskStatusExecution] 2d23200b-60aa-4519-b7f8-9f40de7a8ecc [2026-08-26T02:16:17.352498] Collecting files... ok (0s 5ms) (STDOUT, APP/TASK/deploy)#
#2026 08 26 15:36:54.961#Z#DEBUG#c28227b5-a163-11f1-b062-eeee0a986ec4.ResilienceCockpit-db-deployer#flowable-async-job-executor-thread-2678#
[PollExecuteTaskStatusExecution] 2d23200b-60aa-4519-b7f8-9f40de7a8ecc [2026-08-26T02:16:17.352509] 3 directories collected (STDOUT, APP/TASK/deploy)#
#2026 08 26 15:36:54.961#Z#DEBUG#c28227b5-a163-11f1-b062-eeee0a986ec4.ResilienceCockpit-db-deployer#flowable-async-job-executor-thread-2678#
[PollExecuteTaskStatusExecution] 2d23200b-60aa-4519-b7f8-9f40de7a8ecc [2026-08-26T02:16:17.352512] 100 files collected (STDOUT, APP/TASK/deploy)#
#2026 08 26 15:36:54.961#Z#DEBUG#c28227b5-a163-11f1-b062-eeee0a986ec4.ResilienceCockpit-db-deployer#flowable-async-job-executor-thread-2678#
[PollExecuteTaskStatusExecution] 2d23200b-60aa-4519-b7f8-9f40de7a8ecc [2026-08-26T02:16:17.352524] 0 reusable modules collected (STDOUT, APP/TASK/deploy)#
#2026 08 26 15:36:54.961#Z#DEBUG#c28227b5-a163-11f1-b062-eeee0a986ec4.ResilienceCockpit-db-deployer#flowable-async-job-executor-thread-2678#
[PollExecuteTaskStatusExecution] 2d23200b-60aa-4519-b7f8-9f40de7a8ecc [2026-08-26T02:16:17.352526] Target service: ResilienceCockpit-db (STDOUT, APP/TASK/deploy)#
#2026 08 26 15:36:54.961#Z#DEBUG#c28227b5-a163-11f1-b062-eeee0a986ec4.ResilienceCockpit-db-deployer#flowable-async-job-executor-thread-2678#
[PollExecuteTaskStatusExecution] 2d23200b-60aa-4519-b7f8-9f40de7a8ecc [2026-08-26T02:16:17.516803] Previous build with request ID 95 finished at 2026-08-25T17:36:45.809 with status Rolled back and message: Starting make in the container "8697B1A4A8B84AC49EFF171810969752" with 0 files to deploy, 0 files to undeploy... ok. (STDOUT, APP/TASK/deploy)#
#2026 08 26 15:36:54.961#Z#DEBUG#c28227b5-a163-11f1-b062-eeee0a986ec4.ResilienceCockpit-db-deployer#flowable-async-job-executor-thread-2678#
[PollExecuteTaskStatusExecution] 2d23200b-60aa-4519-b7f8-9f40de7a8ecc [2026-08-26T02:16:17.516955] Processing revoke files... (STDOUT, APP/TASK/deploy)#
#2026 08 26 15:36:54.961#Z#DEBUG#c28227b5-a163-11f1-b062-eeee0a986ec4.ResilienceCockpit-db-deployer#flowable-async-job-executor-thread-2678#
[PollExecuteTaskStatusExecution] 2d23200b-60aa-4519-b7f8-9f40de7a8ecc [2026-08-26T02:16:17.516978] Processing revoke files... ok (0s 0ms) (STDOUT, APP/TASK/deploy)#
#2026 08 26 15:36:54.961#Z#DEBUG#c28227b5-a163-11f1-b062-eeee0a986ec4.ResilienceCockpit-db-deployer#flowable-async-job-executor-thread-2678#
[PollExecuteTaskStatusExecution] 2d23200b-60aa-4519-b7f8-9f40de7a8ecc [2026-08-26T02:16:17.517039] Processing grants files... (STDOUT, APP/TASK/deploy)#
#2026 08 26 15:36:54.961#Z#DEBUG#c28227b5-a163-11f1-b062-eeee0a986ec4.ResilienceCockpit-db-deployer#flowable-async-job-executor-thread-2678#
[PollExecuteTaskStatusExecution] 2d23200b-60aa-4519-b7f8-9f40de7a8ecc [2026-08-26T02:16:17.517108] Processing grants files... ok (0s 0ms) (STDOUT, APP/TASK/deploy)#
#2026 08 26 15:36:54.961#Z#DEBUG#c28227b5-a163-11f1-b062-eeee0a986ec4.ResilienceCockpit-db-deployer#flowable-async-job-executor-thread-2678#
[PollExecuteTaskStatusExecution] 2d23200b-60aa-4519-b7f8-9f40de7a8ecc [2026-08-26T02:16:17.518671] Preprocessing files... (STDOUT, APP/TASK/deploy)#
#2026 08 26 15:36:54.961#Z#DEBUG#c28227b5-a163-11f1-b062-eeee0a986ec4.ResilienceCockpit-db-deployer#flowable-async-job-executor-thread-2678#
[PollExecuteTaskStatusExecution] 2d23200b-60aa-4519-b7f8-9f40de7a8ecc [2026-08-26T02:16:17.518849] Preprocessing files... ok (0s 0ms) (STDOUT, APP/TASK/deploy)#
#2026 08 26 15:36:54.961#Z#DEBUG#c28227b5-a163-11f1-b062-eeee0a986ec4.ResilienceCockpit-db-deployer#flowable-async-job-executor-thread-2678#
[PollExecuteTaskStatusExecution] 2d23200b-60aa-4519-b7f8-9f40de7a8ecc [2026-08-26T02:16:17.518908] Connecting to the container "8697B1A4A8B84AC49EFF171810969752"... (STDOUT, APP/TASK/deploy)#
#2026 08 26 15:36:54.961#Z#DEBUG#c28227b5-a163-11f1-b062-eeee0a986ec4.ResilienceCockpit-db-deployer#flowable-async-job-executor-thread-2678#
[PollExecuteTaskStatusExecution] 2d23200b-60aa-4519-b7f8-9f40de7a8ecc [2026-08-26T02:16:17.580943] Connecting to the container "8697B1A4A8B84AC49EFF171810969752"... ok (0s 62ms) (STDOUT, APP/TASK/deploy)#
#2026 08 26 15:36:54.961#Z#DEBUG#c28227b5-a163-11f1-b062-eeee0a986ec4.ResilienceCockpit-db-deployer#flowable-async-job-executor-thread-2678#
[PollExecuteTaskStatusExecution] 2d23200b-60aa-4519-b7f8-9f40de7a8ecc [2026-08-26T02:16:17.580958] Locking the container "8697B1A4A8B84AC49EFF171810969752"... (STDOUT, APP/TASK/deploy)#
#2026 08 26 15:36:54.961#Z#DEBUG#c28227b5-a163-11f1-b062-eeee0a986ec4.ResilienceCockpit-db-deployer#flowable-async-job-executor-thread-2678#
[PollExecuteTaskStatusExecution] 2d23200b-60aa-4519-b7f8-9f40de7a8ecc [2026-08-26T02:16:17.787846] Locking the container "8697B1A4A8B84AC49EFF171810969752"... ok (0s 207ms) (STDOUT, APP/TASK/deploy)#
#2026 08 26 15:36:54.961#Z#DEBUG#c28227b5-a163-11f1-b062-eeee0a986ec4.ResilienceCockpit-db-deployer#flowable-async-job-executor-thread-2678#
[PollExecuteTaskStatusExecution] 2d23200b-60aa-4519-b7f8-9f40de7a8ecc [2026-08-26T02:16:17.787870] Synchronizing files with the container "8697B1A4A8B84AC49EFF171810969752"... (STDOUT, APP/TASK/deploy)#
#2026 08 26 15:36:54.961#Z#DEBUG#c28227b5-a163-11f1-b062-eeee0a986ec4.ResilienceCockpit-db-deployer#flowable-async-job-executor-thread-2678#
[PollExecuteTaskStatusExecution] 2d23200b-60aa-4519-b7f8-9f40de7a8ecc [2026-08-26T02:16:18.164017] Deleting files... (STDOUT, APP/TASK/deploy)#
#2026 08 26 15:36:54.961#Z#DEBUG#c28227b5-a163-11f1-b062-eeee0a986ec4.ResilienceCockpit-db-deployer#flowable-async-job-executor-thread-2678#
[PollExecuteTaskStatusExecution] 2d23200b-60aa-4519-b7f8-9f40de7a8ecc [2026-08-26T02:16:18.299888] Deleting files... ok (STDOUT, APP/TASK/deploy)#
#2026 08 26 15:36:54.961#Z#DEBUG#c28227b5-a163-11f1-b062-eeee0a986ec4.ResilienceCockpit-db-deployer#flowable-async-job-executor-thread-2678#
[PollExecuteTaskStatusExecution] 2d23200b-60aa-4519-b7f8-9f40de7a8ecc [2026-08-26T02:16:18.299902] Writing files... (STDOUT, APP/TASK/deploy)#
#2026 08 26 15:36:54.961#Z#DEBUG#c28227b5-a163-11f1-b062-eeee0a986ec4.ResilienceCockpit-db-deployer#flowable-async-job-executor-thread-2678#
[PollExecuteTaskStatusExecution] 2d23200b-60aa-4519-b7f8-9f40de7a8ecc [2026-08-26T02:16:18.299994] Writing 3 items (STDOUT, APP/TASK/deploy)#
#2026 08 26 15:36:54.961#Z#DEBUG#c28227b5-a163-11f1-b062-eeee0a986ec4.ResilienceCockpit-db-deployer#flowable-async-job-executor-thread-2678#
[PollExecuteTaskStatusExecution] 2d23200b-60aa-4519-b7f8-9f40de7a8ecc [2026-08-26T02:16:18.471649] Writing files... ok (STDOUT, APP/TASK/deploy)#
#2026 08 26 15:36:54.961#Z#DEBUG#c28227b5-a163-11f1-b062-eeee0a986ec4.ResilienceCockpit-db-deployer#flowable-async-job-executor-thread-2678#
[PollExecuteTaskStatusExecution] 2d23200b-60aa-4519-b7f8-9f40de7a8ecc [2026-08-26T02:16:18.471679] Synchronizing files with the container "8697B1A4A8B84AC49EFF171810969752"... ok (0s 684ms) (STDOUT, APP/TASK/deploy)#
#2026 08 26 15:36:54.961#Z#DEBUG#c28227b5-a163-11f1-b062-eeee0a986ec4.ResilienceCockpit-db-deployer#flowable-async-job-executor-thread-2678#
[PollExecuteTaskStatusExecution] 2d23200b-60aa-4519-b7f8-9f40de7a8ecc [2026-08-26T02:16:18.471991] added files: [] (STDOUT, APP/TASK/deploy)#
#2026 08 26 15:36:54.961#Z#DEBUG#c28227b5-a163-11f1-b062-eeee0a986ec4.ResilienceCockpit-db-deployer#flowable-async-job-executor-thread-2678#
[PollExecuteTaskStatusExecution] 2d23200b-60aa-4519-b7f8-9f40de7a8ecc [2026-08-26T02:16:18.472005] modified files: [] (STDOUT, APP/TASK/deploy)#
#2026 08 26 15:36:54.961#Z#DEBUG#c28227b5-a163-11f1-b062-eeee0a986ec4.ResilienceCockpit-db-deployer#flowable-async-job-executor-thread-2678#
[PollExecuteTaskStatusExecution] 2d23200b-60aa-4519-b7f8-9f40de7a8ecc [2026-08-26T02:16:18.472007] deleted files: [] (STDOUT, APP/TASK/deploy)#
#2026 08 26 15:36:54.961#Z#DEBUG#c28227b5-a163-11f1-b062-eeee0a986ec4.ResilienceCockpit-db-deployer#flowable-async-job-executor-thread-2678#
[PollExecuteTaskStatusExecution] 2d23200b-60aa-4519-b7f8-9f40de7a8ecc [2026-08-26T02:16:18.472087] 0 modified or added files are scheduled for deploy based on delta detection (STDOUT, APP/TASK/deploy)#
#2026 08 26 15:36:54.961#Z#DEBUG#c28227b5-a163-11f1-b062-eeee0a986ec4.ResilienceCockpit-db-deployer#flowable-async-job-executor-thread-2678#
[PollExecuteTaskStatusExecution] 2d23200b-60aa-4519-b7f8-9f40de7a8ecc [2026-08-26T02:16:18.472287] 0 deleted files are scheduled for undeploy based on delta detection (filtered by undeploy allowlist) (STDOUT, APP/TASK/deploy)#
#2026 08 26 15:36:54.961#Z#DEBUG#c28227b5-a163-11f1-b062-eeee0a986ec4.ResilienceCockpit-db-deployer#flowable-async-job-executor-thread-2678#
[PollExecuteTaskStatusExecution] 2d23200b-60aa-4519-b7f8-9f40de7a8ecc [2026-08-26T02:16:18.472344] 0 files are scheduled for deploy based on explicit specification (STDOUT, APP/TASK/deploy)#
#2026 08 26 15:36:54.961#Z#DEBUG#c28227b5-a163-11f1-b062-eeee0a986ec4.ResilienceCockpit-db-deployer#flowable-async-job-executor-thread-2678#
[PollExecuteTaskStatusExecution] 2d23200b-60aa-4519-b7f8-9f40de7a8ecc [2026-08-26T02:16:18.472350] 0 files are scheduled for undeploy based on explicit specification (STDOUT, APP/TASK/deploy)#
#2026 08 26 15:36:54.961#Z#DEBUG#c28227b5-a163-11f1-b062-eeee0a986ec4.ResilienceCockpit-db-deployer#flowable-async-job-executor-thread-2678#
[PollExecuteTaskStatusExecution] 2d23200b-60aa-4519-b7f8-9f40de7a8ecc [2026-08-26T02:16:18.472394] Deploying to the container "8697B1A4A8B84AC49EFF171810969752"... (STDOUT, APP/TASK/deploy)#
#2026 08 26 15:36:54.961#Z#DEBUG#c28227b5-a163-11f1-b062-eeee0a986ec4.ResilienceCockpit-db-deployer#flowable-async-job-executor-thread-2678#
[PollExecuteTaskStatusExecution] 2d23200b-60aa-4519-b7f8-9f40de7a8ecc [2026-08-26T02:16:19.058607] Polling messages for request id: 100 (STDOUT, APP/TASK/deploy)#
#2026 08 26 15:36:54.961#Z#DEBUG#c28227b5-a163-11f1-b062-eeee0a986ec4.ResilienceCockpit-db-deployer#flowable-async-job-executor-thread-2678#
[PollExecuteTaskStatusExecution] 2d23200b-60aa-4519-b7f8-9f40de7a8ecc [2026-08-26T02:16:19.087604] Starting make in the container "8697B1A4A8B84AC49EFF171810969752" with 0 files to deploy, 0 files to undeploy... (STDOUT, APP/TASK/deploy)#
#2026 08 26 15:36:54.961#Z#DEBUG#c28227b5-a163-11f1-b062-eeee0a986ec4.ResilienceCockpit-db-deployer#flowable-async-job-executor-thread-2678#
[PollExecuteTaskStatusExecution] 2d23200b-60aa-4519-b7f8-9f40de7a8ecc [2026-08-26T02:16:19.087624] Disabling table replication for the container schema "8697B1A4A8B84AC49EFF171810969752"... (STDOUT, APP/TASK/deploy)#
#2026 08 26 15:36:54.961#Z#DEBUG#c28227b5-a163-11f1-b062-eeee0a986ec4.ResilienceCockpit-db-deployer#flowable-async-job-executor-thread-2678#
[PollExecuteTaskStatusExecution] 2d23200b-60aa-4519-b7f8-9f40de7a8ecc [2026-08-26T02:16:19.087627] Disabling table replication for the container schema "8697B1A4A8B84AC49EFF171810969752"... ok (0s 19ms) (STDOUT, APP/TASK/deploy)#
#2026 08 26 15:36:54.961#Z#DEBUG#c28227b5-a163-11f1-b062-eeee0a986ec4.ResilienceCockpit-db-deployer#flowable-async-job-executor-thread-2678#
[PollExecuteTaskStatusExecution] 2d23200b-60aa-4519-b7f8-9f40de7a8ecc [2026-08-26T02:16:19.087633] Migrating libraries... (STDOUT, APP/TASK/deploy)#
#2026 08 26 15:36:54.961#Z#DEBUG#c28227b5-a163-11f1-b062-eeee0a986ec4.ResilienceCockpit-db-deployer#flowable-async-job-executor-thread-2678#
[PollExecuteTaskStatusExecution] 2d23200b-60aa-4519-b7f8-9f40de7a8ecc [2026-08-26T02:16:19.087650] Migrating libraries... ok (0s 48ms) (STDOUT, APP/TASK/deploy)#
#2026 08 26 15:36:54.961#Z#DEBUG#c28227b5-a163-11f1-b062-eeee0a986ec4.ResilienceCockpit-db-deployer#flowable-async-job-executor-thread-2678#
[PollExecuteTaskStatusExecution] 2d23200b-60aa-4519-b7f8-9f40de7a8ecc [2026-08-26T02:16:19.087653] Making... (STDOUT, APP/TASK/deploy)#
#2026 08 26 15:36:54.961#Z#DEBUG#c28227b5-a163-11f1-b062-eeee0a986ec4.ResilienceCockpit-db-deployer#flowable-async-job-executor-thread-2678#
[PollExecuteTaskStatusExecution] 2d23200b-60aa-4519-b7f8-9f40de7a8ecc [2026-08-26T02:16:19.087655] Preparing... (STDOUT, APP/TASK/deploy)#
#2026 08 26 15:36:54.961#Z#DEBUG#c28227b5-a163-11f1-b062-eeee0a986ec4.ResilienceCockpit-db-deployer#flowable-async-job-executor-thread-2678#
[PollExecuteTaskStatusExecution] 2d23200b-60aa-4519-b7f8-9f40de7a8ecc [2026-08-26T02:16:19.087657] Preparing... ok (0s 0ms) (STDOUT, APP/TASK/deploy)#
#2026 08 26 15:36:54.961#Z#DEBUG#c28227b5-a163-11f1-b062-eeee0a986ec4.ResilienceCockpit-db-deployer#flowable-async-job-executor-thread-2678#
[PollExecuteTaskStatusExecution] 2d23200b-60aa-4519-b7f8-9f40de7a8ecc [2026-08-26T02:16:19.087659] Preparing the make transaction... (STDOUT, APP/TASK/deploy)#
#2026 08 26 15:36:54.961#Z#DEBUG#c28227b5-a163-11f1-b062-eeee0a986ec4.ResilienceCockpit-db-deployer#flowable-async-job-executor-thread-2678#
[PollExecuteTaskStatusExecution] 2d23200b-60aa-4519-b7f8-9f40de7a8ecc [2026-08-26T02:16:19.280014] Preparing the make transaction... ok (0s 428ms) (STDOUT, APP/TASK/deploy)#
#2026 08 26 15:36:54.961#Z#DEBUG#c28227b5-a163-11f1-b062-eeee0a986ec4.ResilienceCockpit-db-deployer#flowable-async-job-executor-thread-2678#
[PollExecuteTaskStatusExecution] 2d23200b-60aa-4519-b7f8-9f40de7a8ecc [2026-08-26T02:16:19.280031] Calculating dependencies... (STDOUT, APP/TASK/deploy)#
#2026 08 26 15:36:54.961#Z#DEBUG#c28227b5-a163-11f1-b062-eeee0a986ec4.ResilienceCockpit-db-deployer#flowable-async-job-executor-thread-2678#
[PollExecuteTaskStatusExecution] 2d23200b-60aa-4519-b7f8-9f40de7a8ecc [2026-08-26T02:16:19.280034] Expanding... (STDOUT, APP/TASK/deploy)#
#2026 08 26 15:36:54.961#Z#DEBUG#c28227b5-a163-11f1-b062-eeee0a986ec4.ResilienceCockpit-db-deployer#flowable-async-job-executor-thread-2678#
[PollExecuteTaskStatusExecution] 2d23200b-60aa-4519-b7f8-9f40de7a8ecc [2026-08-26T02:16:19.280039] Expanding... ok (0s 18ms) (STDOUT, APP/TASK/deploy)#
#2026 08 26 15:36:54.961#Z#DEBUG#c28227b5-a163-11f1-b062-eeee0a986ec4.ResilienceCockpit-db-deployer#flowable-async-job-executor-thread-2678#
[PollExecuteTaskStatusExecution] 2d23200b-60aa-4519-b7f8-9f40de7a8ecc [2026-08-26T02:16:19.280041] Precompiling... (STDOUT, APP/TASK/deploy)#
#2026 08 26 15:36:54.961#Z#DEBUG#c28227b5-a163-11f1-b062-eeee0a986ec4.ResilienceCockpit-db-deployer#flowable-async-job-executor-thread-2678#
[PollExecuteTaskStatusExecution] 2d23200b-60aa-4519-b7f8-9f40de7a8ecc [2026-08-26T02:16:19.280043] Precompiling... ok (0s 0ms) (STDOUT, APP/TASK/deploy)#
#2026 08 26 15:36:54.961#Z#DEBUG#c28227b5-a163-11f1-b062-eeee0a986ec4.ResilienceCockpit-db-deployer#flowable-async-job-executor-thread-2678#
[PollExecuteTaskStatusExecution] 2d23200b-60aa-4519-b7f8-9f40de7a8ecc [2026-08-26T02:16:19.280046] Merging... (STDOUT, APP/TASK/deploy)#
#2026 08 26 15:36:54.961#Z#DEBUG#c28227b5-a163-11f1-b062-eeee0a986ec4.ResilienceCockpit-db-deployer#flowable-async-job-executor-thread-2678#
[PollExecuteTaskStatusExecution] 2d23200b-60aa-4519-b7f8-9f40de7a8ecc [2026-08-26T02:16:19.280051] Merging... ok (0s 0ms) (STDOUT, APP/TASK/deploy)#
#2026 08 26 15:36:54.961#Z#DEBUG#c28227b5-a163-11f1-b062-eeee0a986ec4.ResilienceCockpit-db-deployer#flowable-async-job-executor-thread-2678#
[PollExecuteTaskStatusExecution] 2d23200b-60aa-4519-b7f8-9f40de7a8ecc [2026-08-26T02:16:19.280074] Calculating dependencies... ok (0s 18ms) (STDOUT, APP/TASK/deploy)#
#2026 08 26 15:36:54.961#Z#DEBUG#c28227b5-a163-11f1-b062-eeee0a986ec4.ResilienceCockpit-db-deployer#flowable-async-job-executor-thread-2678#
[PollExecuteTaskStatusExecution] 2d23200b-60aa-4519-b7f8-9f40de7a8ecc [2026-08-26T02:16:19.280076] No make necessary (STDOUT, APP/TASK/deploy)#
#2026 08 26 15:36:54.961#Z#DEBUG#c28227b5-a163-11f1-b062-eeee0a986ec4.ResilienceCockpit-db-deployer#flowable-async-job-executor-thread-2678#
[PollExecuteTaskStatusExecution] 2d23200b-60aa-4519-b7f8-9f40de7a8ecc [2026-08-26T02:16:19.280080] Making... ok (0s 524ms) (STDOUT, APP/TASK/deploy)#
#2026 08 26 15:36:54.961#Z#DEBUG#c28227b5-a163-11f1-b062-eeee0a986ec4.ResilienceCockpit-db-deployer#flowable-async-job-executor-thread-2678#
[PollExecuteTaskStatusExecution] 2d23200b-60aa-4519-b7f8-9f40de7a8ecc [2026-08-26T02:16:19.280084] Enabling table replication for the container schema "8697B1A4A8B84AC49EFF171810969752"... (STDOUT, APP/TASK/deploy)#
#2026 08 26 15:36:54.961#Z#DEBUG#c28227b5-a163-11f1-b062-eeee0a986ec4.ResilienceCockpit-db-deployer#flowable-async-job-executor-thread-2678#
[PollExecuteTaskStatusExecution] 2d23200b-60aa-4519-b7f8-9f40de7a8ecc [2026-08-26T02:16:19.280087] Enabling table replication for the container schema "8697B1A4A8B84AC49EFF171810969752"... ok (0s 9ms) (STDOUT, APP/TASK/deploy)#
#2026 08 26 15:36:54.961#Z#DEBUG#c28227b5-a163-11f1-b062-eeee0a986ec4.ResilienceCockpit-db-deployer#flowable-async-job-executor-thread-2678#
[PollExecuteTaskStatusExecution] 2d23200b-60aa-4519-b7f8-9f40de7a8ecc [2026-08-26T02:16:19.280093] Starting make in the container "8697B1A4A8B84AC49EFF171810969752" with 0 files to deploy, 0 files to undeploy... ok (0s 607ms) (STDOUT, APP/TASK/deploy)#
#2026 08 26 15:36:54.961#Z#DEBUG#c28227b5-a163-11f1-b062-eeee0a986ec4.ResilienceCockpit-db-deployer#flowable-async-job-executor-thread-2678#
[PollExecuteTaskStatusExecution] 2d23200b-60aa-4519-b7f8-9f40de7a8ecc [2026-08-26T02:16:19.280149] Deploying to the container "8697B1A4A8B84AC49EFF171810969752"... ok (0s 808ms) (STDOUT, APP/TASK/deploy)#
#2026 08 26 15:36:54.961#Z#DEBUG#c28227b5-a163-11f1-b062-eeee0a986ec4.ResilienceCockpit-db-deployer#flowable-async-job-executor-thread-2678#
[PollExecuteTaskStatusExecution] 2d23200b-60aa-4519-b7f8-9f40de7a8ecc [2026-08-26T02:16:19.280370] No default-access-role handling needed; global role "8697B1A4A8B84AC49EFF171810969752::access_role" will not be adapted (STDOUT, APP/TASK/deploy)#
#2026 08 26 15:36:54.961#Z#DEBUG#c28227b5-a163-11f1-b062-eeee0a986ec4.ResilienceCockpit-db-deployer#flowable-async-job-executor-thread-2678#
[PollExecuteTaskStatusExecution] 2d23200b-60aa-4519-b7f8-9f40de7a8ecc [2026-08-26T02:16:19.280454] Unlocking the container "8697B1A4A8B84AC49EFF171810969752"... (STDOUT, APP/TASK/deploy)#
#2026 08 26 15:36:54.961#Z#DEBUG#c28227b5-a163-11f1-b062-eeee0a986ec4.ResilienceCockpit-db-deployer#flowable-async-job-executor-thread-2678#
[PollExecuteTaskStatusExecution] 2d23200b-60aa-4519-b7f8-9f40de7a8ecc [2026-08-26T02:16:19.280636] Unlocking the container "8697B1A4A8B84AC49EFF171810969752"... ok (0s 0ms) (STDOUT, APP/TASK/deploy)#
#2026 08 26 15:36:54.961#Z#DEBUG#c28227b5-a163-11f1-b062-eeee0a986ec4.ResilienceCockpit-db-deployer#flowable-async-job-executor-thread-2678#
[PollExecuteTaskStatusExecution] 2d23200b-60aa-4519-b7f8-9f40de7a8ecc [2026-08-26T02:16:19.280717] Deployment to container 8697B1A4A8B84AC49EFF171810969752 done [Deployment ID: none]. (STDOUT, APP/TASK/deploy)#
#2026 08 26 15:36:54.961#Z#DEBUG#c28227b5-a163-11f1-b062-eeee0a986ec4.ResilienceCockpit-db-deployer#flowable-async-job-executor-thread-2678#
[PollExecuteTaskStatusExecution] 2d23200b-60aa-4519-b7f8-9f40de7a8ecc [2026-08-26T02:16:19.280978] Deployment ended at 2026-08-26 02:16:19 (STDOUT, APP/TASK/deploy)#
#2026 08 26 15:36:54.961#Z#DEBUG#c28227b5-a163-11f1-b062-eeee0a986ec4.ResilienceCockpit-db-deployer#flowable-async-job-executor-thread-2678#
[PollExecuteTaskStatusExecution] 2d23200b-60aa-4519-b7f8-9f40de7a8ecc [2026-08-26T02:16:19.281158] (2s 381ms) (STDOUT, APP/TASK/deploy)#
#2026 08 26 15:36:54.961#Z#DEBUG#c28227b5-a163-11f1-b062-eeee0a986ec4.ResilienceCockpit-db-deployer#flowable-async-job-executor-thread-2678#
[PollExecuteTaskStatusExecution] 2d23200b-60aa-4519-b7f8-9f40de7a8ecc [2026-08-26T02:16:19.290580] npm notice (STDERR, APP/TASK/deploy)#
#2026 08 26 15:36:54.961#Z#DEBUG#c28227b5-a163-11f1-b062-eeee0a986ec4.ResilienceCockpit-db-deployer#flowable-async-job-executor-thread-2678#
[PollExecuteTaskStatusExecution] 2d23200b-60aa-4519-b7f8-9f40de7a8ecc [2026-08-26T02:16:19.290593] npm notice New major version of npm available! 11.16.0 -> 12.0.2 (STDERR, APP/TASK/deploy)#
#2026 08 26 15:36:54.961#Z#DEBUG#c28227b5-a163-11f1-b062-eeee0a986ec4.ResilienceCockpit-db-deployer#flowable-async-job-executor-thread-2678#
[PollExecuteTaskStatusExecution] 2d23200b-60aa-4519-b7f8-9f40de7a8ecc [2026-08-26T02:16:19.290596] npm notice Changelog: https://github.com/npm/cli/releases/tag/v12.0.2 (STDERR, APP/TASK/deploy)#
#2026 08 26 15:36:54.961#Z#DEBUG#c28227b5-a163-11f1-b062-eeee0a986ec4.ResilienceCockpit-db-deployer#flowable-async-job-executor-thread-2678#
[PollExecuteTaskStatusExecution] 2d23200b-60aa-4519-b7f8-9f40de7a8ecc [2026-08-26T02:16:19.290598] npm notice To update run: npm install -g npm@12.0.2 (STDERR, APP/TASK/deploy)#
#2026 08 26 15:36:54.961#Z#DEBUG#c28227b5-a163-11f1-b062-eeee0a986ec4.ResilienceCockpit-db-deployer#flowable-async-job-executor-thread-2678#
[PollExecuteTaskStatusExecution] 2d23200b-60aa-4519-b7f8-9f40de7a8ecc [2026-08-26T02:16:19.290603] npm notice (STDERR, APP/TASK/deploy)#
#2026 08 26 15:36:54.961#Z#DEBUG#c28227b5-a163-11f1-b062-eeee0a986ec4.ResilienceCockpit-db-deployer#flowable-async-job-executor-thread-2678#
[PollExecuteTaskStatusExecution] 2d23200b-60aa-4519-b7f8-9f40de7a8ecc [2026-08-26T02:16:19.338082] Exit status 0 (STDOUT, APP/TASK/deploy)#
#2026 08 26 15:36:54.961#Z#DEBUG#c28227b5-a163-11f1-b062-eeee0a986ec4.ResilienceCockpit-db-deployer#flowable-async-job-executor-thread-2678#
[PollExecuteTaskStatusExecution] 2d23200b-60aa-4519-b7f8-9f40de7a8ecc [2026-08-26T02:16:19.659504] Cell c343a1ce-501c-453d-aabd-5a2aaaa23496 stopping instance da26f2f4-41fc-46aa-9190-b3b0cfee3642 (STDOUT, CELL)#
#2026 08 26 15:36:54.961#Z#DEBUG#c28227b5-a163-11f1-b062-eeee0a986ec4.ResilienceCockpit-db-deployer#flowable-async-job-executor-thread-2678#
[PollExecuteTaskStatusExecution] 2d23200b-60aa-4519-b7f8-9f40de7a8ecc [2026-08-26T02:16:19.659534] Cell c343a1ce-501c-453d-aabd-5a2aaaa23496 destroying container for instance da26f2f4-41fc-46aa-9190-b3b0cfee3642 (STDOUT, CELL)#
#2026 08 26 15:36:54.961#Z#DEBUG#c28227b5-a163-11f1-b062-eeee0a986ec4.ResilienceCockpit-db-deployer#flowable-async-job-executor-thread-2678#
[PollExecuteTaskStatusExecution] 2d23200b-60aa-4519-b7f8-9f40de7a8ecc [2026-08-26T02:16:20.807613] Cell c343a1ce-501c-453d-aabd-5a2aaaa23496 successfully destroyed container for instance da26f2f4-41fc-46aa-9190-b3b0cfee3642 (STDOUT, CELL)#
#2026 08 26 15:36:54.961#Z#DEBUG#c28227b5-a163-11f1-b062-eeee0a986ec4.ResilienceCockpit-db-deployer#flowable-async-job-executor-thread-2678#
[PollExecuteTaskStatusExecution] 2d23200b-60aa-4519-b7f8-9f40de7a8ecc [2026-08-26T15:35:46.942065] Updated app with guid 2d23200b-60aa-4519-b7f8-9f40de7a8ecc ({"lifecycle"=>{"data"=>{"buildpacks"=>["nodejs_buildpack"]}, "type"=>"buildpack"}}) (STDOUT, API)#
#2026 08 26 15:36:54.961#Z#DEBUG#c28227b5-a163-11f1-b062-eeee0a986ec4.ResilienceCockpit-db-deployer#flowable-async-job-executor-thread-2678#
[PollExecuteTaskStatusExecution] 2d23200b-60aa-4519-b7f8-9f40de7a8ecc [2026-08-26T15:35:47.029580] Updating process: "web" (STDOUT, API)#
#2026 08 26 15:36:54.961#Z#DEBUG#c28227b5-a163-11f1-b062-eeee0a986ec4.ResilienceCockpit-db-deployer#flowable-async-job-executor-thread-2678#
[PollExecuteTaskStatusExecution] 2d23200b-60aa-4519-b7f8-9f40de7a8ecc [2026-08-26T15:35:55.061772] Uploading app package for app with guid 2d23200b-60aa-4519-b7f8-9f40de7a8ecc (STDOUT, API)#
#2026 08 26 15:36:54.961#Z#DEBUG#c28227b5-a163-11f1-b062-eeee0a986ec4.ResilienceCockpit-db-deployer#flowable-async-job-executor-thread-2678#
[PollExecuteTaskStatusExecution] 2d23200b-60aa-4519-b7f8-9f40de7a8ecc [2026-08-26T15:35:55.236714] Updated app with guid 2d23200b-60aa-4519-b7f8-9f40de7a8ecc ({"environment_variables"=>"[PRIVATE DATA HIDDEN]"}) (STDOUT, API)#
#2026 08 26 15:36:54.961#Z#DEBUG#c28227b5-a163-11f1-b062-eeee0a986ec4.ResilienceCockpit-db-deployer#flowable-async-job-executor-thread-2678#
[PollExecuteTaskStatusExecution] 2d23200b-60aa-4519-b7f8-9f40de7a8ecc [2026-08-26T15:36:05.098572] Creating build for app with guid 2d23200b-60aa-4519-b7f8-9f40de7a8ecc (STDOUT, API)#
#2026 08 26 15:36:54.961#Z#DEBUG#c28227b5-a163-11f1-b062-eeee0a986ec4.ResilienceCockpit-db-deployer#flowable-async-job-executor-thread-2678#
[PollExecuteTaskStatusExecution] 2d23200b-60aa-4519-b7f8-9f40de7a8ecc [2026-08-26T15:36:05.407231] Downloading nodejs_buildpack... (STDOUT, STG)#
#2026 08 26 15:36:54.961#Z#DEBUG#c28227b5-a163-11f1-b062-eeee0a986ec4.ResilienceCockpit-db-deployer#flowable-async-job-executor-thread-2678#
[PollExecuteTaskStatusExecution] 2d23200b-60aa-4519-b7f8-9f40de7a8ecc [2026-08-26T15:36:05.446931] Downloaded nodejs_buildpack (STDOUT, STG)#
#2026 08 26 15:36:54.961#Z#DEBUG#c28227b5-a163-11f1-b062-eeee0a986ec4.ResilienceCockpit-db-deployer#flowable-async-job-executor-thread-2678#
[PollExecuteTaskStatusExecution] 2d23200b-60aa-4519-b7f8-9f40de7a8ecc [2026-08-26T15:36:05.446995] Cell 13752499-11e5-4ce9-a7df-2188d5ab1e0d creating container for instance 28a0f16f-cead-4077-af36-9e730a04ebc8 (STDOUT, STG)#
#2026 08 26 15:36:54.961#Z#DEBUG#c28227b5-a163-11f1-b062-eeee0a986ec4.ResilienceCockpit-db-deployer#flowable-async-job-executor-thread-2678#
[PollExecuteTaskStatusExecution] 2d23200b-60aa-4519-b7f8-9f40de7a8ecc [2026-08-26T15:36:05.764005] Security group rules were updated (STDOUT, STG)#
#2026 08 26 15:36:54.961#Z#DEBUG#c28227b5-a163-11f1-b062-eeee0a986ec4.ResilienceCockpit-db-deployer#flowable-async-job-executor-thread-2678#
[PollExecuteTaskStatusExecution] 2d23200b-60aa-4519-b7f8-9f40de7a8ecc [2026-08-26T15:36:05.818272] Cell 13752499-11e5-4ce9-a7df-2188d5ab1e0d successfully created container for instance 28a0f16f-cead-4077-af36-9e730a04ebc8 (STDOUT, STG)#
#2026 08 26 15:36:54.961#Z#DEBUG#c28227b5-a163-11f1-b062-eeee0a986ec4.ResilienceCockpit-db-deployer#flowable-async-job-executor-thread-2678#
[PollExecuteTaskStatusExecution] 2d23200b-60aa-4519-b7f8-9f40de7a8ecc [2026-08-26T15:36:05.998266] Downloading app package... (STDOUT, STG)#
#2026 08 26 15:36:54.961#Z#DEBUG#c28227b5-a163-11f1-b062-eeee0a986ec4.ResilienceCockpit-db-deployer#flowable-async-job-executor-thread-2678#
[PollExecuteTaskStatusExecution] 2d23200b-60aa-4519-b7f8-9f40de7a8ecc [2026-08-26T15:36:05.998301] Downloading build artifacts cache... (STDOUT, STG)#
#2026 08 26 15:36:54.961#Z#DEBUG#c28227b5-a163-11f1-b062-eeee0a986ec4.ResilienceCockpit-db-deployer#flowable-async-job-executor-thread-2678#
[PollExecuteTaskStatusExecution] 2d23200b-60aa-4519-b7f8-9f40de7a8ecc [2026-08-26T15:36:06.100411] Downloaded build artifacts cache (223B) (STDOUT, STG)#
#2026 08 26 15:36:54.961#Z#DEBUG#c28227b5-a163-11f1-b062-eeee0a986ec4.ResilienceCockpit-db-deployer#flowable-async-job-executor-thread-2678#
[PollExecuteTaskStatusExecution] 2d23200b-60aa-4519-b7f8-9f40de7a8ecc [2026-08-26T15:36:06.239193] Downloaded app package (2.5M) (STDOUT, STG)#
#2026 08 26 15:36:54.961#Z#DEBUG#c28227b5-a163-11f1-b062-eeee0a986ec4.ResilienceCockpit-db-deployer#flowable-async-job-executor-thread-2678#
[PollExecuteTaskStatusExecution] 2d23200b-60aa-4519-b7f8-9f40de7a8ecc [2026-08-26T15:36:06.290249] -----> Nodejs Buildpack version 1.9.3 (STDOUT, STG)#
#2026 08 26 15:36:54.961#Z#DEBUG#c28227b5-a163-11f1-b062-eeee0a986ec4.ResilienceCockpit-db-deployer#flowable-async-job-executor-thread-2678#
[PollExecuteTaskStatusExecution] 2d23200b-60aa-4519-b7f8-9f40de7a8ecc [2026-08-26T15:36:06.381394] -----> Bootstrapping python (STDOUT, STG)#
#2026 08 26 15:36:54.961#Z#DEBUG#c28227b5-a163-11f1-b062-eeee0a986ec4.ResilienceCockpit-db-deployer#flowable-async-job-executor-thread-2678#
[PollExecuteTaskStatusExecution] 2d23200b-60aa-4519-b7f8-9f40de7a8ecc [2026-08-26T15:36:06.381416] -----> Installing python 3.13.14 (STDOUT, STG)#
#2026 08 26 15:36:54.961#Z#DEBUG#c28227b5-a163-11f1-b062-eeee0a986ec4.ResilienceCockpit-db-deployer#flowable-async-job-executor-thread-2678#
[PollExecuteTaskStatusExecution] 2d23200b-60aa-4519-b7f8-9f40de7a8ecc [2026-08-26T15:36:06.381440] Copy [/tmp/buildpacks/adc5840e3e50b48d/dependencies/4b4266a2ff36730aef37b88b668ca327/python_3.13.14_linux_x64_cflinuxfs4_b80d4954.tgz] (STDOUT, STG)#
#2026 08 26 15:36:54.961#Z#DEBUG#c28227b5-a163-11f1-b062-eeee0a986ec4.ResilienceCockpit-db-deployer#flowable-async-job-executor-thread-2678#
[PollExecuteTaskStatusExecution] 2d23200b-60aa-4519-b7f8-9f40de7a8ecc [2026-08-26T15:36:09.372969] -----> Installing binaries (STDOUT, STG)#
#2026 08 26 15:36:54.961#Z#DEBUG#c28227b5-a163-11f1-b062-eeee0a986ec4.ResilienceCockpit-db-deployer#flowable-async-job-executor-thread-2678#
[PollExecuteTaskStatusExecution] 2d23200b-60aa-4519-b7f8-9f40de7a8ecc [2026-08-26T15:36:09.373067] engines.node (package.json): >=18 (STDOUT, STG)#
#2026 08 26 15:36:54.961#Z#DEBUG#c28227b5-a163-11f1-b062-eeee0a986ec4.ResilienceCockpit-db-deployer#flowable-async-job-executor-thread-2678#
[PollExecuteTaskStatusExecution] 2d23200b-60aa-4519-b7f8-9f40de7a8ecc [2026-08-26T15:36:09.373083] engines.npm (package.json): unspecified (use default) (STDOUT, STG)#
#2026 08 26 15:36:54.961#Z#DEBUG#c28227b5-a163-11f1-b062-eeee0a986ec4.ResilienceCockpit-db-deployer#flowable-async-job-executor-thread-2678#
[PollExecuteTaskStatusExecution] 2d23200b-60aa-4519-b7f8-9f40de7a8ecc [2026-08-26T15:36:09.373089] [31;1m**WARNING**[0m Dangerous semver range (>) in engines.node. See: http://docs.cloudfoundry.org/buildpacks/node/node-tips.html (STDOUT, STG)#
#2026 08 26 15:36:54.961#Z#DEBUG#c28227b5-a163-11f1-b062-eeee0a986ec4.ResilienceCockpit-db-deployer#flowable-async-job-executor-thread-2678#
[PollExecuteTaskStatusExecution] 2d23200b-60aa-4519-b7f8-9f40de7a8ecc [2026-08-26T15:36:09.373101] -----> Installing node 24.18.0 (STDOUT, STG)#
#2026 08 26 15:36:54.961#Z#DEBUG#c28227b5-a163-11f1-b062-eeee0a986ec4.ResilienceCockpit-db-deployer#flowable-async-job-executor-thread-2678#
[PollExecuteTaskStatusExecution] 2d23200b-60aa-4519-b7f8-9f40de7a8ecc [2026-08-26T15:36:09.373341] Copy [/tmp/buildpacks/adc5840e3e50b48d/dependencies/dffbbb835fcd073c4544f78eb6247fac/node_24.18.0_linux_x64_cflinuxfs4_cdfed650.tgz] (STDOUT, STG)#
#2026 08 26 15:36:54.961#Z#DEBUG#c28227b5-a163-11f1-b062-eeee0a986ec4.ResilienceCockpit-db-deployer#flowable-async-job-executor-thread-2678#
[PollExecuteTaskStatusExecution] 2d23200b-60aa-4519-b7f8-9f40de7a8ecc [2026-08-26T15:36:11.103905] Using default npm version: 11.16.0 (STDOUT, STG)#
#2026 08 26 15:36:54.961#Z#DEBUG#c28227b5-a163-11f1-b062-eeee0a986ec4.ResilienceCockpit-db-deployer#flowable-async-job-executor-thread-2678#
[PollExecuteTaskStatusExecution] 2d23200b-60aa-4519-b7f8-9f40de7a8ecc [2026-08-26T15:36:11.103938] -----> Installing yarn 1.22.22 (STDOUT, STG)#
#2026 08 26 15:36:54.961#Z#DEBUG#c28227b5-a163-11f1-b062-eeee0a986ec4.ResilienceCockpit-db-deployer#flowable-async-job-executor-thread-2678#
[PollExecuteTaskStatusExecution] 2d23200b-60aa-4519-b7f8-9f40de7a8ecc [2026-08-26T15:36:11.103962] Copy [/tmp/buildpacks/adc5840e3e50b48d/dependencies/e4fe26756e9984a665478d350474fa2e/yarn_1.22.22_linux_noarch_any-stack_b6132b86.tgz] (STDOUT, STG)#
#2026 08 26 15:36:54.961#Z#DEBUG#c28227b5-a163-11f1-b062-eeee0a986ec4.ResilienceCockpit-db-deployer#flowable-async-job-executor-thread-2678#
[PollExecuteTaskStatusExecution] 2d23200b-60aa-4519-b7f8-9f40de7a8ecc [2026-08-26T15:36:11.353153] Installed yarn 1.22.22 (STDOUT, STG)#
#2026 08 26 15:36:54.961#Z#DEBUG#c28227b5-a163-11f1-b062-eeee0a986ec4.ResilienceCockpit-db-deployer#flowable-async-job-executor-thread-2678#
[PollExecuteTaskStatusExecution] 2d23200b-60aa-4519-b7f8-9f40de7a8ecc [2026-08-26T15:36:11.353186] -----> Creating runtime environment (STDOUT, STG)#
#2026 08 26 15:36:54.961#Z#DEBUG#c28227b5-a163-11f1-b062-eeee0a986ec4.ResilienceCockpit-db-deployer#flowable-async-job-executor-thread-2678#
[PollExecuteTaskStatusExecution] 2d23200b-60aa-4519-b7f8-9f40de7a8ecc [2026-08-26T15:36:11.354342] NODE_ENV=production (STDOUT, STG)#
#2026 08 26 15:36:54.961#Z#DEBUG#c28227b5-a163-11f1-b062-eeee0a986ec4.ResilienceCockpit-db-deployer#flowable-async-job-executor-thread-2678#
[PollExecuteTaskStatusExecution] 2d23200b-60aa-4519-b7f8-9f40de7a8ecc [2026-08-26T15:36:11.354364] NODE_HOME=/tmp/contents203368967/deps/0/node (STDOUT, STG)#
#2026 08 26 15:36:54.961#Z#DEBUG#c28227b5-a163-11f1-b062-eeee0a986ec4.ResilienceCockpit-db-deployer#flowable-async-job-executor-thread-2678#
[PollExecuteTaskStatusExecution] 2d23200b-60aa-4519-b7f8-9f40de7a8ecc [2026-08-26T15:36:11.354369] NODE_MODULES_CACHE=true (STDOUT, STG)#
#2026 08 26 15:36:54.961#Z#DEBUG#c28227b5-a163-11f1-b062-eeee0a986ec4.ResilienceCockpit-db-deployer#flowable-async-job-executor-thread-2678#
[PollExecuteTaskStatusExecution] 2d23200b-60aa-4519-b7f8-9f40de7a8ecc [2026-08-26T15:36:11.354371] NODE_VERBOSE=false (STDOUT, STG)#
#2026 08 26 15:36:54.961#Z#DEBUG#c28227b5-a163-11f1-b062-eeee0a986ec4.ResilienceCockpit-db-deployer#flowable-async-job-executor-thread-2678#
[PollExecuteTaskStatusExecution] 2d23200b-60aa-4519-b7f8-9f40de7a8ecc [2026-08-26T15:36:11.354376] NPM_CONFIG_LOGLEVEL=error (STDOUT, STG)#
#2026 08 26 15:36:54.961#Z#DEBUG#c28227b5-a163-11f1-b062-eeee0a986ec4.ResilienceCockpit-db-deployer#flowable-async-job-executor-thread-2678#
[PollExecuteTaskStatusExecution] 2d23200b-60aa-4519-b7f8-9f40de7a8ecc [2026-08-26T15:36:11.354380] NPM_CONFIG_PRODUCTION=true (STDOUT, STG)#
#2026 08 26 15:36:54.961#Z#DEBUG#c28227b5-a163-11f1-b062-eeee0a986ec4.ResilienceCockpit-db-deployer#flowable-async-job-executor-thread-2678#
[PollExecuteTaskStatusExecution] 2d23200b-60aa-4519-b7f8-9f40de7a8ecc [2026-08-26T15:36:11.354382] -----> Building dependencies (STDOUT, STG)#
#2026 08 26 15:36:54.961#Z#DEBUG#c28227b5-a163-11f1-b062-eeee0a986ec4.ResilienceCockpit-db-deployer#flowable-async-job-executor-thread-2678#
[PollExecuteTaskStatusExecution] 2d23200b-60aa-4519-b7f8-9f40de7a8ecc [2026-08-26T15:36:11.354385] Prebuild detected (node_modules already exists) (STDOUT, STG)#
#2026 08 26 15:36:54.961#Z#DEBUG#c28227b5-a163-11f1-b062-eeee0a986ec4.ResilienceCockpit-db-deployer#flowable-async-job-executor-thread-2678#
[PollExecuteTaskStatusExecution] 2d23200b-60aa-4519-b7f8-9f40de7a8ecc [2026-08-26T15:36:11.354387] Rebuilding any native modules (STDOUT, STG)#
#2026 08 26 15:36:54.961#Z#DEBUG#c28227b5-a163-11f1-b062-eeee0a986ec4.ResilienceCockpit-db-deployer#flowable-async-job-executor-thread-2678#
[PollExecuteTaskStatusExecution] 2d23200b-60aa-4519-b7f8-9f40de7a8ecc [2026-08-26T15:36:11.738968] rebuilt dependencies successfully (STDOUT, STG)#
#2026 08 26 15:36:54.961#Z#DEBUG#c28227b5-a163-11f1-b062-eeee0a986ec4.ResilienceCockpit-db-deployer#flowable-async-job-executor-thread-2678#
[PollExecuteTaskStatusExecution] 2d23200b-60aa-4519-b7f8-9f40de7a8ecc [2026-08-26T15:36:11.785978] Installing any new modules (package.json + package-lock.json) (STDOUT, STG)#
#2026 08 26 15:36:54.961#Z#DEBUG#c28227b5-a163-11f1-b062-eeee0a986ec4.ResilienceCockpit-db-deployer#flowable-async-job-executor-thread-2678#
[PollExecuteTaskStatusExecution] 2d23200b-60aa-4519-b7f8-9f40de7a8ecc [2026-08-26T15:36:12.116137] up to date in 271ms (STDOUT, STG)#
#2026 08 26 15:36:54.961#Z#DEBUG#c28227b5-a163-11f1-b062-eeee0a986ec4.ResilienceCockpit-db-deployer#flowable-async-job-executor-thread-2678#
[PollExecuteTaskStatusExecution] 2d23200b-60aa-4519-b7f8-9f40de7a8ecc [2026-08-26T15:36:12.116376] 4 packages are looking for funding (STDOUT, STG)#
#2026 08 26 15:36:54.961#Z#DEBUG#c28227b5-a163-11f1-b062-eeee0a986ec4.ResilienceCockpit-db-deployer#flowable-async-job-executor-thread-2678#
[PollExecuteTaskStatusExecution] 2d23200b-60aa-4519-b7f8-9f40de7a8ecc [2026-08-26T15:36:12.116496] run `npm fund` for details (STDOUT, STG)#
#2026 08 26 15:36:54.961#Z#DEBUG#c28227b5-a163-11f1-b062-eeee0a986ec4.ResilienceCockpit-db-deployer#flowable-async-job-executor-thread-2678#
[PollExecuteTaskStatusExecution] 2d23200b-60aa-4519-b7f8-9f40de7a8ecc [2026-08-26T15:36:12.520765] Contrast Security no credentials found. Will not write environment files. (STDOUT, STG)#
#2026 08 26 15:36:54.961#Z#DEBUG#c28227b5-a163-11f1-b062-eeee0a986ec4.ResilienceCockpit-db-deployer#flowable-async-job-executor-thread-2678#
[PollExecuteTaskStatusExecution] 2d23200b-60aa-4519-b7f8-9f40de7a8ecc [2026-08-26T15:36:20.029992] Exit status 0 (STDOUT, STG)#
#2026 08 26 15:36:54.961#Z#DEBUG#c28227b5-a163-11f1-b062-eeee0a986ec4.ResilienceCockpit-db-deployer#flowable-async-job-executor-thread-2678#
[PollExecuteTaskStatusExecution] 2d23200b-60aa-4519-b7f8-9f40de7a8ecc [2026-08-26T15:36:20.030055] Uploading droplet, build artifacts cache... (STDOUT, STG)#
#2026 08 26 15:36:54.961#Z#DEBUG#c28227b5-a163-11f1-b062-eeee0a986ec4.ResilienceCockpit-db-deployer#flowable-async-job-executor-thread-2678#
[PollExecuteTaskStatusExecution] 2d23200b-60aa-4519-b7f8-9f40de7a8ecc [2026-08-26T15:36:20.030114] Uploading droplet... (STDOUT, STG)#
#2026 08 26 15:36:54.961#Z#DEBUG#c28227b5-a163-11f1-b062-eeee0a986ec4.ResilienceCockpit-db-deployer#flowable-async-job-executor-thread-2678#
[PollExecuteTaskStatusExecution] 2d23200b-60aa-4519-b7f8-9f40de7a8ecc [2026-08-26T15:36:20.030114] Uploading build artifacts cache... (STDOUT, STG)#
#2026 08 26 15:36:54.961#Z#DEBUG#c28227b5-a163-11f1-b062-eeee0a986ec4.ResilienceCockpit-db-deployer#flowable-async-job-executor-thread-2678#
[PollExecuteTaskStatusExecution] 2d23200b-60aa-4519-b7f8-9f40de7a8ecc [2026-08-26T15:36:20.047461] Uploaded build artifacts cache (224B) (STDOUT, STG)#
#2026 08 26 15:36:54.961#Z#DEBUG#c28227b5-a163-11f1-b062-eeee0a986ec4.ResilienceCockpit-db-deployer#flowable-async-job-executor-thread-2678#
[PollExecuteTaskStatusExecution] 2d23200b-60aa-4519-b7f8-9f40de7a8ecc [2026-08-26T15:36:20.651525] Creating droplet for app with guid 2d23200b-60aa-4519-b7f8-9f40de7a8ecc (STDOUT, API)#
#2026 08 26 15:36:54.961#Z#DEBUG#c28227b5-a163-11f1-b062-eeee0a986ec4.ResilienceCockpit-db-deployer#flowable-async-job-executor-thread-2678#
[PollExecuteTaskStatusExecution] 2d23200b-60aa-4519-b7f8-9f40de7a8ecc [2026-08-26T15:36:25.719020] Uploaded droplet (59.3M) (STDOUT, STG)#
#2026 08 26 15:36:54.961#Z#DEBUG#c28227b5-a163-11f1-b062-eeee0a986ec4.ResilienceCockpit-db-deployer#flowable-async-job-executor-thread-2678#
[PollExecuteTaskStatusExecution] 2d23200b-60aa-4519-b7f8-9f40de7a8ecc [2026-08-26T15:36:25.732754] Uploading complete (STDOUT, STG)#
#2026 08 26 15:36:54.961#Z#DEBUG#c28227b5-a163-11f1-b062-eeee0a986ec4.ResilienceCockpit-db-deployer#flowable-async-job-executor-thread-2678#
[PollExecuteTaskStatusExecution] 2d23200b-60aa-4519-b7f8-9f40de7a8ecc [2026-08-26T15:36:26.192701] Cell 13752499-11e5-4ce9-a7df-2188d5ab1e0d stopping instance 28a0f16f-cead-4077-af36-9e730a04ebc8 (STDOUT, STG)#
#2026 08 26 15:36:54.961#Z#DEBUG#c28227b5-a163-11f1-b062-eeee0a986ec4.ResilienceCockpit-db-deployer#flowable-async-job-executor-thread-2678#
[PollExecuteTaskStatusExecution] 2d23200b-60aa-4519-b7f8-9f40de7a8ecc [2026-08-26T15:36:26.192727] Cell 13752499-11e5-4ce9-a7df-2188d5ab1e0d destroying container for instance 28a0f16f-cead-4077-af36-9e730a04ebc8 (STDOUT, STG)#
#2026 08 26 15:36:54.961#Z#DEBUG#c28227b5-a163-11f1-b062-eeee0a986ec4.ResilienceCockpit-db-deployer#flowable-async-job-executor-thread-2678#
[PollExecuteTaskStatusExecution] 2d23200b-60aa-4519-b7f8-9f40de7a8ecc [2026-08-26T15:36:26.260640] Staging complete for build 28a0f16f-cead-4077-af36-9e730a04ebc8 (STDOUT, API)#
#2026 08 26 15:36:54.961#Z#DEBUG#c28227b5-a163-11f1-b062-eeee0a986ec4.ResilienceCockpit-db-deployer#flowable-async-job-executor-thread-2678#
[PollExecuteTaskStatusExecution] 2d23200b-60aa-4519-b7f8-9f40de7a8ecc [2026-08-26T15:36:28.539860] Cell 13752499-11e5-4ce9-a7df-2188d5ab1e0d successfully destroyed container for instance 28a0f16f-cead-4077-af36-9e730a04ebc8 (STDOUT, STG)#
#2026 08 26 15:36:54.961#Z#DEBUG#c28227b5-a163-11f1-b062-eeee0a986ec4.ResilienceCockpit-db-deployer#flowable-async-job-executor-thread-2678#
[PollExecuteTaskStatusExecution] 2d23200b-60aa-4519-b7f8-9f40de7a8ecc [2026-08-26T15:36:35.003259] Updated app with guid 2d23200b-60aa-4519-b7f8-9f40de7a8ecc ({:droplet_guid=>"e6553c00-263c-417c-af04-270ea3804907"}) (STDOUT, API)#
#2026 08 26 15:36:54.961#Z#DEBUG#c28227b5-a163-11f1-b062-eeee0a986ec4.ResilienceCockpit-db-deployer#flowable-async-job-executor-thread-2678#
[PollExecuteTaskStatusExecution] 2d23200b-60aa-4519-b7f8-9f40de7a8ecc [2026-08-26T15:36:35.361645] Cell 2cba0a63-a06b-4c2d-9ff8-cb3bec259489 creating container for instance 89ebbd8f-c858-44f1-8d3d-27707e430112 (STDOUT, CELL)#
#2026 08 26 15:36:54.961#Z#DEBUG#c28227b5-a163-11f1-b062-eeee0a986ec4.ResilienceCockpit-db-deployer#flowable-async-job-executor-thread-2678#
[PollExecuteTaskStatusExecution] 2d23200b-60aa-4519-b7f8-9f40de7a8ecc [2026-08-26T15:36:35.656541] Security group rules were updated (STDOUT, CELL)#
#2026 08 26 15:36:54.961#Z#DEBUG#c28227b5-a163-11f1-b062-eeee0a986ec4.ResilienceCockpit-db-deployer#flowable-async-job-executor-thread-2678#
[PollExecuteTaskStatusExecution] 2d23200b-60aa-4519-b7f8-9f40de7a8ecc [2026-08-26T15:36:35.711811] Cell 2cba0a63-a06b-4c2d-9ff8-cb3bec259489 successfully created container for instance 89ebbd8f-c858-44f1-8d3d-27707e430112 (STDOUT, CELL)#
#2026 08 26 15:36:54.961#Z#DEBUG#c28227b5-a163-11f1-b062-eeee0a986ec4.ResilienceCockpit-db-deployer#flowable-async-job-executor-thread-2678#
[PollExecuteTaskStatusExecution] 2d23200b-60aa-4519-b7f8-9f40de7a8ecc [2026-08-26T15:36:38.656309] Invoking pre-start scripts. (STDOUT, APP/TASK/deploy)#
#2026 08 26 15:36:54.961#Z#DEBUG#c28227b5-a163-11f1-b062-eeee0a986ec4.ResilienceCockpit-db-deployer#flowable-async-job-executor-thread-2678#
[PollExecuteTaskStatusExecution] 2d23200b-60aa-4519-b7f8-9f40de7a8ecc [2026-08-26T15:36:38.798478] Invoking start command. (STDOUT, APP/TASK/deploy)#
#2026 08 26 15:36:54.961#Z#DEBUG#c28227b5-a163-11f1-b062-eeee0a986ec4.ResilienceCockpit-db-deployer#flowable-async-job-executor-thread-2678#
[PollExecuteTaskStatusExecution] 2d23200b-60aa-4519-b7f8-9f40de7a8ecc [2026-08-26T15:36:39.089280] > start (STDOUT, APP/TASK/deploy)#
#2026 08 26 15:36:54.961#Z#DEBUG#c28227b5-a163-11f1-b062-eeee0a986ec4.ResilienceCockpit-db-deployer#flowable-async-job-executor-thread-2678#
[PollExecuteTaskStatusExecution] 2d23200b-60aa-4519-b7f8-9f40de7a8ecc [2026-08-26T15:36:39.089311] > node node_modules/@sap/hdi-deploy/deploy.js --use-hdb --parameter com.sap.hana.di.table/try_fast_table_migration=true (STDOUT, APP/TASK/deploy)#
#2026 08 26 15:36:54.961#Z#DEBUG#c28227b5-a163-11f1-b062-eeee0a986ec4.ResilienceCockpit-db-deployer#flowable-async-job-executor-thread-2678#
[PollExecuteTaskStatusExecution] 2d23200b-60aa-4519-b7f8-9f40de7a8ecc [2026-08-26T15:36:39.189774] VCAP_SERVICES: (STDOUT, APP/TASK/deploy)#
#2026 08 26 15:36:54.961#Z#DEBUG#c28227b5-a163-11f1-b062-eeee0a986ec4.ResilienceCockpit-db-deployer#flowable-async-job-executor-thread-2678#
[PollExecuteTaskStatusExecution] 2d23200b-60aa-4519-b7f8-9f40de7a8ecc [2026-08-26T15:36:39.190179] { (STDOUT, APP/TASK/deploy)#
#2026 08 26 15:36:54.961#Z#DEBUG#c28227b5-a163-11f1-b062-eeee0a986ec4.ResilienceCockpit-db-deployer#flowable-async-job-executor-thread-2678#
[PollExecuteTaskStatusExecution] 2d23200b-60aa-4519-b7f8-9f40de7a8ecc [2026-08-26T15:36:39.190197] "hana": [ (STDOUT, APP/TASK/deploy)#
#2026 08 26 15:36:54.961#Z#DEBUG#c28227b5-a163-11f1-b062-eeee0a986ec4.ResilienceCockpit-db-deployer#flowable-async-job-executor-thread-2678#
[PollExecuteTaskStatusExecution] 2d23200b-60aa-4519-b7f8-9f40de7a8ecc [2026-08-26T15:36:39.190200] { (STDOUT, APP/TASK/deploy)#
#2026 08 26 15:36:54.961#Z#DEBUG#c28227b5-a163-11f1-b062-eeee0a986ec4.ResilienceCockpit-db-deployer#flowable-async-job-executor-thread-2678#
[PollExecuteTaskStatusExecution] 2d23200b-60aa-4519-b7f8-9f40de7a8ecc [2026-08-26T15:36:39.190202] "name": "ResilienceCockpit-db", (STDOUT, APP/TASK/deploy)#
#2026 08 26 15:36:54.961#Z#DEBUG#c28227b5-a163-11f1-b062-eeee0a986ec4.ResilienceCockpit-db-deployer#flowable-async-job-executor-thread-2678#
[PollExecuteTaskStatusExecution] 2d23200b-60aa-4519-b7f8-9f40de7a8ecc [2026-08-26T15:36:39.190206] "label": "hana", (STDOUT, APP/TASK/deploy)#
#2026 08 26 15:36:54.961#Z#DEBUG#c28227b5-a163-11f1-b062-eeee0a986ec4.ResilienceCockpit-db-deployer#flowable-async-job-executor-thread-2678#
[PollExecuteTaskStatusExecution] 2d23200b-60aa-4519-b7f8-9f40de7a8ecc [2026-08-26T15:36:39.190211] "plan": "hdi-shared", (STDOUT, APP/TASK/deploy)#
#2026 08 26 15:36:54.961#Z#DEBUG#c28227b5-a163-11f1-b062-eeee0a986ec4.ResilienceCockpit-db-deployer#flowable-async-job-executor-thread-2678#
[PollExecuteTaskStatusExecution] 2d23200b-60aa-4519-b7f8-9f40de7a8ecc [2026-08-26T15:36:39.190213] "credentials": { (STDOUT, APP/TASK/deploy)#
#2026 08 26 15:36:54.961#Z#DEBUG#c28227b5-a163-11f1-b062-eeee0a986ec4.ResilienceCockpit-db-deployer#flowable-async-job-executor-thread-2678#
[PollExecuteTaskStatusExecution] 2d23200b-60aa-4519-b7f8-9f40de7a8ecc [2026-08-26T15:36:39.190216] "schema": "8697B1A4A8B84AC49EFF171810969752", (STDOUT, APP/TASK/deploy)#
#2026 08 26 15:36:54.961#Z#DEBUG#c28227b5-a163-11f1-b062-eeee0a986ec4.ResilienceCockpit-db-deployer#flowable-async-job-executor-thread-2678#
[PollExecuteTaskStatusExecution] 2d23200b-60aa-4519-b7f8-9f40de7a8ecc [2026-08-26T15:36:39.190218] "database_id": "eb9e608b-a8d8-462e-98e7-906abde25244", (STDOUT, APP/TASK/deploy)#
#2026 08 26 15:36:54.961#Z#DEBUG#c28227b5-a163-11f1-b062-eeee0a986ec4.ResilienceCockpit-db-deployer#flowable-async-job-executor-thread-2678#
[PollExecuteTaskStatusExecution] 2d23200b-60aa-4519-b7f8-9f40de7a8ecc [2026-08-26T15:36:39.190221] "user": "8697B1A4A8B84AC49EFF171810969752_94GU5GV2BBQ6JWQX102ZOJ91W_RT", (STDOUT, APP/TASK/deploy)#
#2026 08 26 15:36:54.961#Z#DEBUG#c28227b5-a163-11f1-b062-eeee0a986ec4.ResilienceCockpit-db-deployer#flowable-async-job-executor-thread-2678#
[PollExecuteTaskStatusExecution] 2d23200b-60aa-4519-b7f8-9f40de7a8ecc [2026-08-26T15:36:39.190224] "hdi_user": "8697B1A4A8B84AC49EFF171810969752_94GU5GV2BBQ6JWQX102ZOJ91W_DT" (STDOUT, APP/TASK/deploy)#
#2026 08 26 15:36:54.961#Z#DEBUG#c28227b5-a163-11f1-b062-eeee0a986ec4.ResilienceCockpit-db-deployer#flowable-async-job-executor-thread-2678#
[PollExecuteTaskStatusExecution] 2d23200b-60aa-4519-b7f8-9f40de7a8ecc [2026-08-26T15:36:39.190226] }, (STDOUT, APP/TASK/deploy)#
#2026 08 26 15:36:54.961#Z#DEBUG#c28227b5-a163-11f1-b062-eeee0a986ec4.ResilienceCockpit-db-deployer#flowable-async-job-executor-thread-2678#
[PollExecuteTaskStatusExecution] 2d23200b-60aa-4519-b7f8-9f40de7a8ecc [2026-08-26T15:36:39.190228] "tags": [ (STDOUT, APP/TASK/deploy)#
#2026 08 26 15:36:54.961#Z#DEBUG#c28227b5-a163-11f1-b062-eeee0a986ec4.ResilienceCockpit-db-deployer#flowable-async-job-executor-thread-2678#
[PollExecuteTaskStatusExecution] 2d23200b-60aa-4519-b7f8-9f40de7a8ecc [2026-08-26T15:36:39.190233] "hana", (STDOUT, APP/TASK/deploy)#
#2026 08 26 15:36:54.961#Z#DEBUG#c28227b5-a163-11f1-b062-eeee0a986ec4.ResilienceCockpit-db-deployer#flowable-async-job-executor-thread-2678#
[PollExecuteTaskStatusExecution] 2d23200b-60aa-4519-b7f8-9f40de7a8ecc [2026-08-26T15:36:39.190235] "database", (STDOUT, APP/TASK/deploy)#
#2026 08 26 15:36:54.961#Z#DEBUG#c28227b5-a163-11f1-b062-eeee0a986ec4.ResilienceCockpit-db-deployer#flowable-async-job-executor-thread-2678#
[PollExecuteTaskStatusExecution] 2d23200b-60aa-4519-b7f8-9f40de7a8ecc [2026-08-26T15:36:39.190236] "relational" (STDOUT, APP/TASK/deploy)#
#2026 08 26 15:36:54.961#Z#DEBUG#c28227b5-a163-11f1-b062-eeee0a986ec4.ResilienceCockpit-db-deployer#flowable-async-job-executor-thread-2678#
[PollExecuteTaskStatusExecution] 2d23200b-60aa-4519-b7f8-9f40de7a8ecc [2026-08-26T15:36:39.190238] ] (STDOUT, APP/TASK/deploy)#
#2026 08 26 15:36:54.961#Z#DEBUG#c28227b5-a163-11f1-b062-eeee0a986ec4.ResilienceCockpit-db-deployer#flowable-async-job-executor-thread-2678#
[PollExecuteTaskStatusExecution] 2d23200b-60aa-4519-b7f8-9f40de7a8ecc [2026-08-26T15:36:39.190241] } (STDOUT, APP/TASK/deploy)#
#2026 08 26 15:36:54.961#Z#DEBUG#c28227b5-a163-11f1-b062-eeee0a986ec4.ResilienceCockpit-db-deployer#flowable-async-job-executor-thread-2678#
[PollExecuteTaskStatusExecution] 2d23200b-60aa-4519-b7f8-9f40de7a8ecc [2026-08-26T15:36:39.190243] ] (STDOUT, APP/TASK/deploy)#
#2026 08 26 15:36:54.961#Z#DEBUG#c28227b5-a163-11f1-b062-eeee0a986ec4.ResilienceCockpit-db-deployer#flowable-async-job-executor-thread-2678#
[PollExecuteTaskStatusExecution] 2d23200b-60aa-4519-b7f8-9f40de7a8ecc [2026-08-26T15:36:39.190244] } (STDOUT, APP/TASK/deploy)#
#2026 08 26 15:36:54.961#Z#DEBUG#c28227b5-a163-11f1-b062-eeee0a986ec4.ResilienceCockpit-db-deployer#flowable-async-job-executor-thread-2678#
[PollExecuteTaskStatusExecution] 2d23200b-60aa-4519-b7f8-9f40de7a8ecc [2026-08-26T15:36:43.486486] @sap/hdi-deploy, version 5.7.0 (mode default), server version unknown (0.0.0.0), cloud version , node version 24.18.0, HDI version -1, container API version -1 (STDOUT, APP/TASK/deploy)#
#2026 08 26 15:36:54.961#Z#DEBUG#c28227b5-a163-11f1-b062-eeee0a986ec4.ResilienceCockpit-db-deployer#flowable-async-job-executor-thread-2678#
[PollExecuteTaskStatusExecution] 2d23200b-60aa-4519-b7f8-9f40de7a8ecc [2026-08-26T15:36:43.486512] Deployment started at 2026-08-26 15:36:43 (STDOUT, APP/TASK/deploy)#
#2026 08 26 15:36:54.961#Z#DEBUG#c28227b5-a163-11f1-b062-eeee0a986ec4.ResilienceCockpit-db-deployer#flowable-async-job-executor-thread-2678#
[PollExecuteTaskStatusExecution] 2d23200b-60aa-4519-b7f8-9f40de7a8ecc [2026-08-26T15:36:43.486737] Using hdb@2.29.6 for connection (STDOUT, APP/TASK/deploy)#
#2026 08 26 15:36:54.961#Z#DEBUG#c28227b5-a163-11f1-b062-eeee0a986ec4.ResilienceCockpit-db-deployer#flowable-async-job-executor-thread-2678#
[PollExecuteTaskStatusExecution] 2d23200b-60aa-4519-b7f8-9f40de7a8ecc [2026-08-26T15:36:43.486751] Detection of server version failed; root cause: HANA Database instance is stopped (STDOUT, APP/TASK/deploy)#
#2026 08 26 15:36:54.961#Z#DEBUG#c28227b5-a163-11f1-b062-eeee0a986ec4.ResilienceCockpit-db-deployer#flowable-async-job-executor-thread-2678#
[PollExecuteTaskStatusExecution] 2d23200b-60aa-4519-b7f8-9f40de7a8ecc [2026-08-26T15:36:43.486810] Detection of cloud version failed; root cause: HANA Database instance is stopped (STDOUT, APP/TASK/deploy)#
#2026 08 26 15:36:54.961#Z#DEBUG#c28227b5-a163-11f1-b062-eeee0a986ec4.ResilienceCockpit-db-deployer#flowable-async-job-executor-thread-2678#
[PollExecuteTaskStatusExecution] 2d23200b-60aa-4519-b7f8-9f40de7a8ecc [2026-08-26T15:36:43.486821] Detection of container API version failed; root cause: HANA Database instance is stopped (STDOUT, APP/TASK/deploy)#
#2026 08 26 15:36:54.961#Z#DEBUG#c28227b5-a163-11f1-b062-eeee0a986ec4.ResilienceCockpit-db-deployer#flowable-async-job-executor-thread-2678#
[PollExecuteTaskStatusExecution] 2d23200b-60aa-4519-b7f8-9f40de7a8ecc [2026-08-26T15:36:43.486823] Detection of HDI version failed; root cause: HANA Database instance is stopped (STDOUT, APP/TASK/deploy)#
#2026 08 26 15:36:54.961#Z#DEBUG#c28227b5-a163-11f1-b062-eeee0a986ec4.ResilienceCockpit-db-deployer#flowable-async-job-executor-thread-2678#
[PollExecuteTaskStatusExecution] 2d23200b-60aa-4519-b7f8-9f40de7a8ecc [2026-08-26T15:36:43.487107] Deployment ended at 2026-08-26 15:36:43 (STDOUT, APP/TASK/deploy)#
#2026 08 26 15:36:54.961#Z#DEBUG#c28227b5-a163-11f1-b062-eeee0a986ec4.ResilienceCockpit-db-deployer#flowable-async-job-executor-thread-2678#
[PollExecuteTaskStatusExecution] 2d23200b-60aa-4519-b7f8-9f40de7a8ecc [2026-08-26T15:36:43.487244] Error: Option parameter is not supported by the server; based on detected server version unknown (STDERR, APP/TASK/deploy)#
#2026 08 26 15:36:54.961#Z#DEBUG#c28227b5-a163-11f1-b062-eeee0a986ec4.ResilienceCockpit-db-deployer#flowable-async-job-executor-thread-2678#
[PollExecuteTaskStatusExecution] 2d23200b-60aa-4519-b7f8-9f40de7a8ecc [2026-08-26T15:36:43.487361] (4s 366ms) (STDOUT, APP/TASK/deploy)#
#2026 08 26 15:36:54.961#Z#DEBUG#c28227b5-a163-11f1-b062-eeee0a986ec4.ResilienceCockpit-db-deployer#flowable-async-job-executor-thread-2678#
[PollExecuteTaskStatusExecution] 2d23200b-60aa-4519-b7f8-9f40de7a8ecc [2026-08-26T15:36:43.495835] npm notice (STDERR, APP/TASK/deploy)#
#2026 08 26 15:36:54.961#Z#DEBUG#c28227b5-a163-11f1-b062-eeee0a986ec4.ResilienceCockpit-db-deployer#flowable-async-job-executor-thread-2678#
[PollExecuteTaskStatusExecution] 2d23200b-60aa-4519-b7f8-9f40de7a8ecc [2026-08-26T15:36:43.495857] npm notice New major version of npm available! 11.16.0 -> 12.0.2 (STDERR, APP/TASK/deploy)#
#2026 08 26 15:36:54.961#Z#DEBUG#c28227b5-a163-11f1-b062-eeee0a986ec4.ResilienceCockpit-db-deployer#flowable-async-job-executor-thread-2678#
[PollExecuteTaskStatusExecution] 2d23200b-60aa-4519-b7f8-9f40de7a8ecc [2026-08-26T15:36:43.495861] npm notice Changelog: https://github.com/npm/cli/releases/tag/v12.0.2 (STDERR, APP/TASK/deploy)#
#2026 08 26 15:36:54.961#Z#DEBUG#c28227b5-a163-11f1-b062-eeee0a986ec4.ResilienceCockpit-db-deployer#flowable-async-job-executor-thread-2678#
[PollExecuteTaskStatusExecution] 2d23200b-60aa-4519-b7f8-9f40de7a8ecc [2026-08-26T15:36:43.495865] npm notice To update run: npm install -g npm@12.0.2 (STDERR, APP/TASK/deploy)#
#2026 08 26 15:36:54.961#Z#DEBUG#c28227b5-a163-11f1-b062-eeee0a986ec4.ResilienceCockpit-db-deployer#flowable-async-job-executor-thread-2678#
[PollExecuteTaskStatusExecution] 2d23200b-60aa-4519-b7f8-9f40de7a8ecc [2026-08-26T15:36:43.495868] npm notice (STDERR, APP/TASK/deploy)#
#2026 08 26 15:36:54.961#Z#DEBUG#c28227b5-a163-11f1-b062-eeee0a986ec4.ResilienceCockpit-db-deployer#flowable-async-job-executor-thread-2678#
[PollExecuteTaskStatusExecution] 2d23200b-60aa-4519-b7f8-9f40de7a8ecc [2026-08-26T15:36:43.544900] Exit status 1 (STDOUT, APP/TASK/deploy)#
#2026 08 26 15:36:54.961#Z#DEBUG#c28227b5-a163-11f1-b062-eeee0a986ec4.ResilienceCockpit-db-deployer#flowable-async-job-executor-thread-2678#
[PollExecuteTaskStatusExecution] 2d23200b-60aa-4519-b7f8-9f40de7a8ecc [2026-08-26T15:36:44.097506] Cell 2cba0a63-a06b-4c2d-9ff8-cb3bec259489 stopping instance 89ebbd8f-c858-44f1-8d3d-27707e430112 (STDOUT, CELL)#
#2026 08 26 15:36:54.961#Z#DEBUG#c28227b5-a163-11f1-b062-eeee0a986ec4.ResilienceCockpit-db-deployer#flowable-async-job-executor-thread-2678#
[PollExecuteTaskStatusExecution] 2d23200b-60aa-4519-b7f8-9f40de7a8ecc [2026-08-26T15:36:44.097560] Cell 2cba0a63-a06b-4c2d-9ff8-cb3bec259489 destroying container for instance 89ebbd8f-c858-44f1-8d3d-27707e430112 (STDOUT, CELL)#
#2026 08 26 15:36:54.961#Z#DEBUG#c28227b5-a163-11f1-b062-eeee0a986ec4.ResilienceCockpit-db-deployer#flowable-async-job-executor-thread-2678#
[PollExecuteTaskStatusExecution] 2d23200b-60aa-4519-b7f8-9f40de7a8ecc [2026-08-26T15:36:46.233048] Cell 2cba0a63-a06b-4c2d-9ff8-cb3bec259489 successfully destroyed container for instance 89ebbd8f-c858-44f1-8d3d-27707e430112 (STDOUT, CELL)#
#2026 08 26 15:36:54.961#Z#DEBUG#c28227b5-a163-11f1-b062-eeee0a986ec4.ResilienceCockpit-db-deployer#flowable-async-job-executor-thread-2678#
[PollExecuteTaskStatusExecution] 2d23200b-60aa-4519-b7f8-9f40de7a8ecc [2026-08-26T15:36:48.568725] Cell 2cba0a63-a06b-4c2d-9ff8-cb3bec259489 creating container for instance 744bf819-b94e-4cc9-bcac-63d26564ebe0 (STDOUT, CELL)#
#2026 08 26 15:36:54.961#Z#DEBUG#c28227b5-a163-11f1-b062-eeee0a986ec4.ResilienceCockpit-db-deployer#flowable-async-job-executor-thread-2678#
[PollExecuteTaskStatusExecution] 2d23200b-60aa-4519-b7f8-9f40de7a8ecc [2026-08-26T15:36:48.860990] Security group rules were updated (STDOUT, CELL)#
#2026 08 26 15:36:54.961#Z#DEBUG#c28227b5-a163-11f1-b062-eeee0a986ec4.ResilienceCockpit-db-deployer#flowable-async-job-executor-thread-2678#
[PollExecuteTaskStatusExecution] 2d23200b-60aa-4519-b7f8-9f40de7a8ecc [2026-08-26T15:36:48.939676] Cell 2cba0a63-a06b-4c2d-9ff8-cb3bec259489 successfully created container for instance 744bf819-b94e-4cc9-bcac-63d26564ebe0 (STDOUT, CELL)#
#2026 08 26 15:36:54.961#Z#DEBUG#c28227b5-a163-11f1-b062-eeee0a986ec4.ResilienceCockpit-db-deployer#flowable-async-job-executor-thread-2678#
[PollExecuteTaskStatusExecution] 2d23200b-60aa-4519-b7f8-9f40de7a8ecc [2026-08-26T15:36:52.150214] Invoking pre-start scripts. (STDOUT, APP/TASK/deploy)#
#2026 08 26 15:36:54.961#Z#DEBUG#c28227b5-a163-11f1-b062-eeee0a986ec4.ResilienceCockpit-db-deployer#flowable-async-job-executor-thread-2678#
[PollExecuteTaskStatusExecution] 2d23200b-60aa-4519-b7f8-9f40de7a8ecc [2026-08-26T15:36:52.290574] Invoking start command. (STDOUT, APP/TASK/deploy)#
#2026 08 26 15:36:54.961#Z#DEBUG#c28227b5-a163-11f1-b062-eeee0a986ec4.ResilienceCockpit-db-deployer#flowable-async-job-executor-thread-2678#
[PollExecuteTaskStatusExecution] 2d23200b-60aa-4519-b7f8-9f40de7a8ecc [2026-08-26T15:36:52.579481] > start (STDOUT, APP/TASK/deploy)#
#2026 08 26 15:36:54.961#Z#DEBUG#c28227b5-a163-11f1-b062-eeee0a986ec4.ResilienceCockpit-db-deployer#flowable-async-job-executor-thread-2678#
[PollExecuteTaskStatusExecution] 2d23200b-60aa-4519-b7f8-9f40de7a8ecc [2026-08-26T15:36:52.579507] > node node_modules/@sap/hdi-deploy/deploy.js --use-hdb --parameter com.sap.hana.di.table/try_fast_table_migration=true (STDOUT, APP/TASK/deploy)#
#2026 08 26 15:36:54.961#Z#DEBUG#c28227b5-a163-11f1-b062-eeee0a986ec4.ResilienceCockpit-db-deployer#flowable-async-job-executor-thread-2678#
[PollExecuteTaskStatusExecution] 2d23200b-60aa-4519-b7f8-9f40de7a8ecc [2026-08-26T15:36:52.676571] VCAP_SERVICES: (STDOUT, APP/TASK/deploy)#
#2026 08 26 15:36:54.961#Z#DEBUG#c28227b5-a163-11f1-b062-eeee0a986ec4.ResilienceCockpit-db-deployer#flowable-async-job-executor-thread-2678#
[PollExecuteTaskStatusExecution] 2d23200b-60aa-4519-b7f8-9f40de7a8ecc [2026-08-26T15:36:52.677002] { (STDOUT, APP/TASK/deploy)#
#2026 08 26 15:36:54.961#Z#DEBUG#c28227b5-a163-11f1-b062-eeee0a986ec4.ResilienceCockpit-db-deployer#flowable-async-job-executor-thread-2678#
[PollExecuteTaskStatusExecution] 2d23200b-60aa-4519-b7f8-9f40de7a8ecc [2026-08-26T15:36:52.677021] "hana": [ (STDOUT, APP/TASK/deploy)#
#2026 08 26 15:36:54.961#Z#DEBUG#c28227b5-a163-11f1-b062-eeee0a986ec4.ResilienceCockpit-db-deployer#flowable-async-job-executor-thread-2678#
[PollExecuteTaskStatusExecution] 2d23200b-60aa-4519-b7f8-9f40de7a8ecc [2026-08-26T15:36:52.677026] { (STDOUT, APP/TASK/deploy)#
#2026 08 26 15:36:54.961#Z#DEBUG#c28227b5-a163-11f1-b062-eeee0a986ec4.ResilienceCockpit-db-deployer#flowable-async-job-executor-thread-2678#
[PollExecuteTaskStatusExecution] 2d23200b-60aa-4519-b7f8-9f40de7a8ecc [2026-08-26T15:36:52.677031] "name": "ResilienceCockpit-db", (STDOUT, APP/TASK/deploy)#
#2026 08 26 15:36:54.961#Z#DEBUG#c28227b5-a163-11f1-b062-eeee0a986ec4.ResilienceCockpit-db-deployer#flowable-async-job-executor-thread-2678#
[PollExecuteTaskStatusExecution] 2d23200b-60aa-4519-b7f8-9f40de7a8ecc [2026-08-26T15:36:52.677036] "label": "hana", (STDOUT, APP/TASK/deploy)#
#2026 08 26 15:36:54.961#Z#DEBUG#c28227b5-a163-11f1-b062-eeee0a986ec4.ResilienceCockpit-db-deployer#flowable-async-job-executor-thread-2678#
[PollExecuteTaskStatusExecution] 2d23200b-60aa-4519-b7f8-9f40de7a8ecc [2026-08-26T15:36:52.677039] "plan": "hdi-shared", (STDOUT, APP/TASK/deploy)#
#2026 08 26 15:36:54.961#Z#DEBUG#c28227b5-a163-11f1-b062-eeee0a986ec4.ResilienceCockpit-db-deployer#flowable-async-job-executor-thread-2678#
[PollExecuteTaskStatusExecution] 2d23200b-60aa-4519-b7f8-9f40de7a8ecc [2026-08-26T15:36:52.677043] "credentials": { (STDOUT, APP/TASK/deploy)#
#2026 08 26 15:36:54.961#Z#DEBUG#c28227b5-a163-11f1-b062-eeee0a986ec4.ResilienceCockpit-db-deployer#flowable-async-job-executor-thread-2678#
[PollExecuteTaskStatusExecution] 2d23200b-60aa-4519-b7f8-9f40de7a8ecc [2026-08-26T15:36:52.677047] "schema": "8697B1A4A8B84AC49EFF171810969752", (STDOUT, APP/TASK/deploy)#
#2026 08 26 15:36:54.961#Z#DEBUG#c28227b5-a163-11f1-b062-eeee0a986ec4.ResilienceCockpit-db-deployer#flowable-async-job-executor-thread-2678#
[PollExecuteTaskStatusExecution] 2d23200b-60aa-4519-b7f8-9f40de7a8ecc [2026-08-26T15:36:52.677050] "database_id": "eb9e608b-a8d8-462e-98e7-906abde25244", (STDOUT, APP/TASK/deploy)#
#2026 08 26 15:36:54.961#Z#DEBUG#c28227b5-a163-11f1-b062-eeee0a986ec4.ResilienceCockpit-db-deployer#flowable-async-job-executor-thread-2678#
[PollExecuteTaskStatusExecution] 2d23200b-60aa-4519-b7f8-9f40de7a8ecc [2026-08-26T15:36:52.677060] "user": "8697B1A4A8B84AC49EFF171810969752_94GU5GV2BBQ6JWQX102ZOJ91W_RT", (STDOUT, APP/TASK/deploy)#
#2026 08 26 15:36:54.961#Z#DEBUG#c28227b5-a163-11f1-b062-eeee0a986ec4.ResilienceCockpit-db-deployer#flowable-async-job-executor-thread-2678#
[PollExecuteTaskStatusExecution] 2d23200b-60aa-4519-b7f8-9f40de7a8ecc [2026-08-26T15:36:52.677067] "hdi_user": "8697B1A4A8B84AC49EFF171810969752_94GU5GV2BBQ6JWQX102ZOJ91W_DT" (STDOUT, APP/TASK/deploy)#
#2026 08 26 15:36:54.961#Z#DEBUG#c28227b5-a163-11f1-b062-eeee0a986ec4.ResilienceCockpit-db-deployer#flowable-async-job-executor-thread-2678#
[PollExecuteTaskStatusExecution] 2d23200b-60aa-4519-b7f8-9f40de7a8ecc [2026-08-26T15:36:52.677070] }, (STDOUT, APP/TASK/deploy)#
#2026 08 26 15:36:54.961#Z#DEBUG#c28227b5-a163-11f1-b062-eeee0a986ec4.ResilienceCockpit-db-deployer#flowable-async-job-executor-thread-2678#
[PollExecuteTaskStatusExecution] 2d23200b-60aa-4519-b7f8-9f40de7a8ecc [2026-08-26T15:36:52.677073] "tags": [ (STDOUT, APP/TASK/deploy)#
#2026 08 26 15:36:54.961#Z#DEBUG#c28227b5-a163-11f1-b062-eeee0a986ec4.ResilienceCockpit-db-deployer#flowable-async-job-executor-thread-2678#
[PollExecuteTaskStatusExecution] 2d23200b-60aa-4519-b7f8-9f40de7a8ecc [2026-08-26T15:36:52.677077] "hana", (STDOUT, APP/TASK/deploy)#
#2026 08 26 15:36:54.961#Z#DEBUG#c28227b5-a163-11f1-b062-eeee0a986ec4.ResilienceCockpit-db-deployer#flowable-async-job-executor-thread-2678#
[PollExecuteTaskStatusExecution] 2d23200b-60aa-4519-b7f8-9f40de7a8ecc [2026-08-26T15:36:52.677080] "database", (STDOUT, APP/TASK/deploy)#
#2026 08 26 15:36:54.961#Z#DEBUG#c28227b5-a163-11f1-b062-eeee0a986ec4.ResilienceCockpit-db-deployer#flowable-async-job-executor-thread-2678#
[PollExecuteTaskStatusExecution] 2d23200b-60aa-4519-b7f8-9f40de7a8ecc [2026-08-26T15:36:52.677084] "relational" (STDOUT, APP/TASK/deploy)#
#2026 08 26 15:36:54.961#Z#DEBUG#c28227b5-a163-11f1-b062-eeee0a986ec4.ResilienceCockpit-db-deployer#flowable-async-job-executor-thread-2678#
[PollExecuteTaskStatusExecution] 2d23200b-60aa-4519-b7f8-9f40de7a8ecc [2026-08-26T15:36:52.677087] ] (STDOUT, APP/TASK/deploy)#
#2026 08 26 15:36:54.961#Z#DEBUG#c28227b5-a163-11f1-b062-eeee0a986ec4.ResilienceCockpit-db-deployer#flowable-async-job-executor-thread-2678#
[PollExecuteTaskStatusExecution] 2d23200b-60aa-4519-b7f8-9f40de7a8ecc [2026-08-26T15:36:52.677090] } (STDOUT, APP/TASK/deploy)#
#2026 08 26 15:36:54.961#Z#DEBUG#c28227b5-a163-11f1-b062-eeee0a986ec4.ResilienceCockpit-db-deployer#flowable-async-job-executor-thread-2678#
[PollExecuteTaskStatusExecution] 2d23200b-60aa-4519-b7f8-9f40de7a8ecc [2026-08-26T15:36:52.677093] ] (STDOUT, APP/TASK/deploy)#
#2026 08 26 15:36:54.961#Z#DEBUG#c28227b5-a163-11f1-b062-eeee0a986ec4.ResilienceCockpit-db-deployer#flowable-async-job-executor-thread-2678#
[PollExecuteTaskStatusExecution] 2d23200b-60aa-4519-b7f8-9f40de7a8ecc [2026-08-26T15:36:52.677098] } (STDOUT, APP/TASK/deploy)#
#2026 08 26 15:37:04.951#Z#DEBUG#c28227b5-a163-11f1-b062-eeee0a986ec4.ResilienceCockpit-db-deployer#flowable-async-job-executor-thread-2682#
[PollExecuteTaskStatusExecution] 2d23200b-60aa-4519-b7f8-9f40de7a8ecc [2026-08-26T15:36:56.963063] @sap/hdi-deploy, version 5.7.0 (mode default), server version unknown (0.0.0.0), cloud version , node version 24.18.0, HDI version -1, container API version -1 (STDOUT, APP/TASK/deploy)#
#2026 08 26 15:37:04.951#Z#DEBUG#c28227b5-a163-11f1-b062-eeee0a986ec4.ResilienceCockpit-db-deployer#flowable-async-job-executor-thread-2682#
[PollExecuteTaskStatusExecution] 2d23200b-60aa-4519-b7f8-9f40de7a8ecc [2026-08-26T15:36:56.963090] Deployment started at 2026-08-26 15:36:56 (STDOUT, APP/TASK/deploy)#
#2026 08 26 15:37:04.951#Z#DEBUG#c28227b5-a163-11f1-b062-eeee0a986ec4.ResilienceCockpit-db-deployer#flowable-async-job-executor-thread-2682#
[PollExecuteTaskStatusExecution] 2d23200b-60aa-4519-b7f8-9f40de7a8ecc [2026-08-26T15:36:56.963247] Using hdb@2.29.6 for connection (STDOUT, APP/TASK/deploy)#
#2026 08 26 15:37:04.951#Z#DEBUG#c28227b5-a163-11f1-b062-eeee0a986ec4.ResilienceCockpit-db-deployer#flowable-async-job-executor-thread-2682#
[PollExecuteTaskStatusExecution] 2d23200b-60aa-4519-b7f8-9f40de7a8ecc [2026-08-26T15:36:56.963263] Detection of server version failed; root cause: HANA Database instance is stopped (STDOUT, APP/TASK/deploy)#
#2026 08 26 15:37:04.951#Z#DEBUG#c28227b5-a163-11f1-b062-eeee0a986ec4.ResilienceCockpit-db-deployer#flowable-async-job-executor-thread-2682#
[PollExecuteTaskStatusExecution] 2d23200b-60aa-4519-b7f8-9f40de7a8ecc [2026-08-26T15:36:56.963268] Detection of cloud version failed; root cause: HANA Database instance is stopped (STDOUT, APP/TASK/deploy)#
#2026 08 26 15:37:04.951#Z#DEBUG#c28227b5-a163-11f1-b062-eeee0a986ec4.ResilienceCockpit-db-deployer#flowable-async-job-executor-thread-2682#
[PollExecuteTaskStatusExecution] 2d23200b-60aa-4519-b7f8-9f40de7a8ecc [2026-08-26T15:36:56.963271] Detection of container API version failed; root cause: HANA Database instance is stopped (STDOUT, APP/TASK/deploy)#
#2026 08 26 15:37:04.951#Z#DEBUG#c28227b5-a163-11f1-b062-eeee0a986ec4.ResilienceCockpit-db-deployer#flowable-async-job-executor-thread-2682#
[PollExecuteTaskStatusExecution] 2d23200b-60aa-4519-b7f8-9f40de7a8ecc [2026-08-26T15:36:56.963275] Detection of HDI version failed; root cause: HANA Database instance is stopped (STDOUT, APP/TASK/deploy)#
#2026 08 26 15:37:04.951#Z#DEBUG#c28227b5-a163-11f1-b062-eeee0a986ec4.ResilienceCockpit-db-deployer#flowable-async-job-executor-thread-2682#
[PollExecuteTaskStatusExecution] 2d23200b-60aa-4519-b7f8-9f40de7a8ecc [2026-08-26T15:36:56.963577] Deployment ended at 2026-08-26 15:36:56 (STDOUT, APP/TASK/deploy)#
#2026 08 26 15:37:04.951#Z#DEBUG#c28227b5-a163-11f1-b062-eeee0a986ec4.ResilienceCockpit-db-deployer#flowable-async-job-executor-thread-2682#
[PollExecuteTaskStatusExecution] 2d23200b-60aa-4519-b7f8-9f40de7a8ecc [2026-08-26T15:36:56.963679] Error: Option parameter is not supported by the server; based on detected server version unknown (STDERR, APP/TASK/deploy)#
#2026 08 26 15:37:04.951#Z#DEBUG#c28227b5-a163-11f1-b062-eeee0a986ec4.ResilienceCockpit-db-deployer#flowable-async-job-executor-thread-2682#
[PollExecuteTaskStatusExecution] 2d23200b-60aa-4519-b7f8-9f40de7a8ecc [2026-08-26T15:36:56.963863] (4s 353ms) (STDOUT, APP/TASK/deploy)#
#2026 08 26 15:37:04.951#Z#DEBUG#c28227b5-a163-11f1-b062-eeee0a986ec4.ResilienceCockpit-db-deployer#flowable-async-job-executor-thread-2682#
[PollExecuteTaskStatusExecution] 2d23200b-60aa-4519-b7f8-9f40de7a8ecc [2026-08-26T15:36:56.972127] npm notice (STDERR, APP/TASK/deploy)#
#2026 08 26 15:37:04.951#Z#DEBUG#c28227b5-a163-11f1-b062-eeee0a986ec4.ResilienceCockpit-db-deployer#flowable-async-job-executor-thread-2682#
[PollExecuteTaskStatusExecution] 2d23200b-60aa-4519-b7f8-9f40de7a8ecc [2026-08-26T15:36:56.972145] npm notice New major version of npm available! 11.16.0 -> 12.0.2 (STDERR, APP/TASK/deploy)#
#2026 08 26 15:37:04.951#Z#DEBUG#c28227b5-a163-11f1-b062-eeee0a986ec4.ResilienceCockpit-db-deployer#flowable-async-job-executor-thread-2682#
[PollExecuteTaskStatusExecution] 2d23200b-60aa-4519-b7f8-9f40de7a8ecc [2026-08-26T15:36:56.972150] npm notice Changelog: https://github.com/npm/cli/releases/tag/v12.0.2 (STDERR, APP/TASK/deploy)#
#2026 08 26 15:37:04.951#Z#DEBUG#c28227b5-a163-11f1-b062-eeee0a986ec4.ResilienceCockpit-db-deployer#flowable-async-job-executor-thread-2682#
[PollExecuteTaskStatusExecution] 2d23200b-60aa-4519-b7f8-9f40de7a8ecc [2026-08-26T15:36:56.972154] npm notice To update run: npm install -g npm@12.0.2 (STDERR, APP/TASK/deploy)#
#2026 08 26 15:37:04.951#Z#DEBUG#c28227b5-a163-11f1-b062-eeee0a986ec4.ResilienceCockpit-db-deployer#flowable-async-job-executor-thread-2682#
[PollExecuteTaskStatusExecution] 2d23200b-60aa-4519-b7f8-9f40de7a8ecc [2026-08-26T15:36:56.972157] npm notice (STDERR, APP/TASK/deploy)#
#2026 08 26 15:37:04.951#Z#DEBUG#c28227b5-a163-11f1-b062-eeee0a986ec4.ResilienceCockpit-db-deployer#flowable-async-job-executor-thread-2682#
[PollExecuteTaskStatusExecution] 2d23200b-60aa-4519-b7f8-9f40de7a8ecc [2026-08-26T15:36:57.020386] Exit status 1 (STDOUT, APP/TASK/deploy)#
#2026 08 26 15:37:04.951#Z#DEBUG#c28227b5-a163-11f1-b062-eeee0a986ec4.ResilienceCockpit-db-deployer#flowable-async-job-executor-thread-2682#
[PollExecuteTaskStatusExecution] 2d23200b-60aa-4519-b7f8-9f40de7a8ecc [2026-08-26T15:36:57.348966] Cell 2cba0a63-a06b-4c2d-9ff8-cb3bec259489 stopping instance 744bf819-b94e-4cc9-bcac-63d26564ebe0 (STDOUT, CELL)#
#2026 08 26 15:37:04.951#Z#DEBUG#c28227b5-a163-11f1-b062-eeee0a986ec4.ResilienceCockpit-db-deployer#flowable-async-job-executor-thread-2682#
[PollExecuteTaskStatusExecution] 2d23200b-60aa-4519-b7f8-9f40de7a8ecc [2026-08-26T15:36:57.349011] Cell 2cba0a63-a06b-4c2d-9ff8-cb3bec259489 destroying container for instance 744bf819-b94e-4cc9-bcac-63d26564ebe0 (STDOUT, CELL)#
#2026 08 26 15:37:04.951#Z#DEBUG#c28227b5-a163-11f1-b062-eeee0a986ec4.ResilienceCockpit-db-deployer#flowable-async-job-executor-thread-2682#
[PollExecuteTaskStatusExecution] 2d23200b-60aa-4519-b7f8-9f40de7a8ecc [2026-08-26T15:36:59.543848] Cell 2cba0a63-a06b-4c2d-9ff8-cb3bec259489 successfully destroyed container for instance 744bf819-b94e-4cc9-bcac-63d26564ebe0 (STDOUT, CELL)#
#2026 08 26 15:37:14.978#Z#DEBUG#c28227b5-a163-11f1-b062-eeee0a986ec4.ResilienceCockpit-db-deployer#flowable-async-job-executor-thread-2687#
[PollExecuteTaskStatusExecution] 2d23200b-60aa-4519-b7f8-9f40de7a8ecc [2026-08-26T15:36:56.963063] @sap/hdi-deploy, version 5.7.0 (mode default), server version unknown (0.0.0.0), cloud version , node version 24.18.0, HDI version -1, container API version -1 (STDOUT, APP/TASK/deploy)#
#2026 08 26 15:37:14.978#Z#DEBUG#c28227b5-a163-11f1-b062-eeee0a986ec4.ResilienceCockpit-db-deployer#flowable-async-job-executor-thread-2687#
[PollExecuteTaskStatusExecution] 2d23200b-60aa-4519-b7f8-9f40de7a8ecc [2026-08-26T15:36:56.963090] Deployment started at 2026-08-26 15:36:56 (STDOUT, APP/TASK/deploy)#
#2026 08 26 15:37:14.978#Z#DEBUG#c28227b5-a163-11f1-b062-eeee0a986ec4.ResilienceCockpit-db-deployer#flowable-async-job-executor-thread-2687#
[PollExecuteTaskStatusExecution] 2d23200b-60aa-4519-b7f8-9f40de7a8ecc [2026-08-26T15:36:56.963247] Using hdb@2.29.6 for connection (STDOUT, APP/TASK/deploy)#
#2026 08 26 15:37:14.978#Z#DEBUG#c28227b5-a163-11f1-b062-eeee0a986ec4.ResilienceCockpit-db-deployer#flowable-async-job-executor-thread-2687#
[PollExecuteTaskStatusExecution] 2d23200b-60aa-4519-b7f8-9f40de7a8ecc [2026-08-26T15:36:56.963263] Detection of server version failed; root cause: HANA Database instance is stopped (STDOUT, APP/TASK/deploy)#
#2026 08 26 15:37:14.978#Z#DEBUG#c28227b5-a163-11f1-b062-eeee0a986ec4.ResilienceCockpit-db-deployer#flowable-async-job-executor-thread-2687#
[PollExecuteTaskStatusExecution] 2d23200b-60aa-4519-b7f8-9f40de7a8ecc [2026-08-26T15:36:56.963268] Detection of cloud version failed; root cause: HANA Database instance is stopped (STDOUT, APP/TASK/deploy)#
#2026 08 26 15:37:14.978#Z#DEBUG#c28227b5-a163-11f1-b062-eeee0a986ec4.ResilienceCockpit-db-deployer#flowable-async-job-executor-thread-2687#
[PollExecuteTaskStatusExecution] 2d23200b-60aa-4519-b7f8-9f40de7a8ecc [2026-08-26T15:36:56.963271] Detection of container API version failed; root cause: HANA Database instance is stopped (STDOUT, APP/TASK/deploy)#
#2026 08 26 15:37:14.978#Z#DEBUG#c28227b5-a163-11f1-b062-eeee0a986ec4.ResilienceCockpit-db-deployer#flowable-async-job-executor-thread-2687#
[PollExecuteTaskStatusExecution] 2d23200b-60aa-4519-b7f8-9f40de7a8ecc [2026-08-26T15:36:56.963275] Detection of HDI version failed; root cause: HANA Database instance is stopped (STDOUT, APP/TASK/deploy)#
#2026 08 26 15:37:14.978#Z#DEBUG#c28227b5-a163-11f1-b062-eeee0a986ec4.ResilienceCockpit-db-deployer#flowable-async-job-executor-thread-2687#
[PollExecuteTaskStatusExecution] 2d23200b-60aa-4519-b7f8-9f40de7a8ecc [2026-08-26T15:36:56.963577] Deployment ended at 2026-08-26 15:36:56 (STDOUT, APP/TASK/deploy)#
#2026 08 26 15:37:14.979#Z#DEBUG#c28227b5-a163-11f1-b062-eeee0a986ec4.ResilienceCockpit-db-deployer#flowable-async-job-executor-thread-2687#
[PollExecuteTaskStatusExecution] 2d23200b-60aa-4519-b7f8-9f40de7a8ecc [2026-08-26T15:36:56.963679] Error: Option parameter is not supported by the server; based on detected server version unknown (STDERR, APP/TASK/deploy)#
#2026 08 26 15:37:14.979#Z#DEBUG#c28227b5-a163-11f1-b062-eeee0a986ec4.ResilienceCockpit-db-deployer#flowable-async-job-executor-thread-2687#
[PollExecuteTaskStatusExecution] 2d23200b-60aa-4519-b7f8-9f40de7a8ecc [2026-08-26T15:36:56.963863] (4s 353ms) (STDOUT, APP/TASK/deploy)#
#2026 08 26 15:37:14.979#Z#DEBUG#c28227b5-a163-11f1-b062-eeee0a986ec4.ResilienceCockpit-db-deployer#flowable-async-job-executor-thread-2687#
[PollExecuteTaskStatusExecution] 2d23200b-60aa-4519-b7f8-9f40de7a8ecc [2026-08-26T15:36:56.972127] npm notice (STDERR, APP/TASK/deploy)#
#2026 08 26 15:37:14.979#Z#DEBUG#c28227b5-a163-11f1-b062-eeee0a986ec4.ResilienceCockpit-db-deployer#flowable-async-job-executor-thread-2687#
[PollExecuteTaskStatusExecution] 2d23200b-60aa-4519-b7f8-9f40de7a8ecc [2026-08-26T15:36:56.972145] npm notice New major version of npm available! 11.16.0 -> 12.0.2 (STDERR, APP/TASK/deploy)#
#2026 08 26 15:37:14.979#Z#DEBUG#c28227b5-a163-11f1-b062-eeee0a986ec4.ResilienceCockpit-db-deployer#flowable-async-job-executor-thread-2687#
[PollExecuteTaskStatusExecution] 2d23200b-60aa-4519-b7f8-9f40de7a8ecc [2026-08-26T15:36:56.972150] npm notice Changelog: https://github.com/npm/cli/releases/tag/v12.0.2 (STDERR, APP/TASK/deploy)#
#2026 08 26 15:37:14.979#Z#DEBUG#c28227b5-a163-11f1-b062-eeee0a986ec4.ResilienceCockpit-db-deployer#flowable-async-job-executor-thread-2687#
[PollExecuteTaskStatusExecution] 2d23200b-60aa-4519-b7f8-9f40de7a8ecc [2026-08-26T15:36:56.972154] npm notice To update run: npm install -g npm@12.0.2 (STDERR, APP/TASK/deploy)#
#2026 08 26 15:37:14.979#Z#DEBUG#c28227b5-a163-11f1-b062-eeee0a986ec4.ResilienceCockpit-db-deployer#flowable-async-job-executor-thread-2687#
[PollExecuteTaskStatusExecution] 2d23200b-60aa-4519-b7f8-9f40de7a8ecc [2026-08-26T15:36:56.972157] npm notice (STDERR, APP/TASK/deploy)#
#2026 08 26 15:37:14.979#Z#DEBUG#c28227b5-a163-11f1-b062-eeee0a986ec4.ResilienceCockpit-db-deployer#flowable-async-job-executor-thread-2687#
[PollExecuteTaskStatusExecution] 2d23200b-60aa-4519-b7f8-9f40de7a8ecc [2026-08-26T15:36:57.020386] Exit status 1 (STDOUT, APP/TASK/deploy)#
#2026 08 26 15:37:14.979#Z#DEBUG#c28227b5-a163-11f1-b062-eeee0a986ec4.ResilienceCockpit-db-deployer#flowable-async-job-executor-thread-2687#
[PollExecuteTaskStatusExecution] 2d23200b-60aa-4519-b7f8-9f40de7a8ecc [2026-08-26T15:36:57.348966] Cell 2cba0a63-a06b-4c2d-9ff8-cb3bec259489 stopping instance 744bf819-b94e-4cc9-bcac-63d26564ebe0 (STDOUT, CELL)#
#2026 08 26 15:37:14.979#Z#DEBUG#c28227b5-a163-11f1-b062-eeee0a986ec4.ResilienceCockpit-db-deployer#flowable-async-job-executor-thread-2687#
[PollExecuteTaskStatusExecution] 2d23200b-60aa-4519-b7f8-9f40de7a8ecc [2026-08-26T15:36:57.349011] Cell 2cba0a63-a06b-4c2d-9ff8-cb3bec259489 destroying container for instance 744bf819-b94e-4cc9-bcac-63d26564ebe0 (STDOUT, CELL)#
#2026 08 26 15:37:14.979#Z#DEBUG#c28227b5-a163-11f1-b062-eeee0a986ec4.ResilienceCockpit-db-deployer#flowable-async-job-executor-thread-2687#
[PollExecuteTaskStatusExecution] 2d23200b-60aa-4519-b7f8-9f40de7a8ecc [2026-08-26T15:36:59.543848] Cell 2cba0a63-a06b-4c2d-9ff8-cb3bec259489 successfully destroyed container for instance 744bf819-b94e-4cc9-bcac-63d26564ebe0 (STDOUT, CELL)#
#2026 08 26 15:37:14.979#Z#DEBUG#c28227b5-a163-11f1-b062-eeee0a986ec4.ResilienceCockpit-db-deployer#flowable-async-job-executor-thread-2687#
[PollExecuteTaskStatusExecution] 2d23200b-60aa-4519-b7f8-9f40de7a8ecc [2026-08-26T15:37:06.898465] Cell 919653e1-7038-451d-ac9f-e4bd0de8dbda creating container for instance 63b63d06-cf27-4785-8382-7453dbf3febc (STDOUT, CELL)#
#2026 08 26 15:37:14.979#Z#DEBUG#c28227b5-a163-11f1-b062-eeee0a986ec4.ResilienceCockpit-db-deployer#flowable-async-job-executor-thread-2687#
[PollExecuteTaskStatusExecution] 2d23200b-60aa-4519-b7f8-9f40de7a8ecc [2026-08-26T15:37:07.213054] Security group rules were updated (STDOUT, CELL)#
#2026 08 26 15:37:14.979#Z#DEBUG#c28227b5-a163-11f1-b062-eeee0a986ec4.ResilienceCockpit-db-deployer#flowable-async-job-executor-thread-2687#
[PollExecuteTaskStatusExecution] 2d23200b-60aa-4519-b7f8-9f40de7a8ecc [2026-08-26T15:37:07.272462] Cell 919653e1-7038-451d-ac9f-e4bd0de8dbda successfully created container for instance 63b63d06-cf27-4785-8382-7453dbf3febc (STDOUT, CELL)#
#2026 08 26 15:37:14.979#Z#DEBUG#c28227b5-a163-11f1-b062-eeee0a986ec4.ResilienceCockpit-db-deployer#flowable-async-job-executor-thread-2687#
[PollExecuteTaskStatusExecution] 2d23200b-60aa-4519-b7f8-9f40de7a8ecc [2026-08-26T15:37:10.456068] Invoking pre-start scripts. (STDOUT, APP/TASK/deploy)#
#2026 08 26 15:37:14.979#Z#DEBUG#c28227b5-a163-11f1-b062-eeee0a986ec4.ResilienceCockpit-db-deployer#flowable-async-job-executor-thread-2687#
[PollExecuteTaskStatusExecution] 2d23200b-60aa-4519-b7f8-9f40de7a8ecc [2026-08-26T15:37:10.593713] Invoking start command. (STDOUT, APP/TASK/deploy)#
#2026 08 26 15:37:14.979#Z#DEBUG#c28227b5-a163-11f1-b062-eeee0a986ec4.ResilienceCockpit-db-deployer#flowable-async-job-executor-thread-2687#
[PollExecuteTaskStatusExecution] 2d23200b-60aa-4519-b7f8-9f40de7a8ecc [2026-08-26T15:37:10.882700] > start (STDOUT, APP/TASK/deploy)#
#2026 08 26 15:37:14.979#Z#DEBUG#c28227b5-a163-11f1-b062-eeee0a986ec4.ResilienceCockpit-db-deployer#flowable-async-job-executor-thread-2687#
[PollExecuteTaskStatusExecution] 2d23200b-60aa-4519-b7f8-9f40de7a8ecc [2026-08-26T15:37:10.882716] > node node_modules/@sap/hdi-deploy/deploy.js --use-hdb --parameter com.sap.hana.di.table/try_fast_table_migration=true (STDOUT, APP/TASK/deploy)#
#2026 08 26 15:37:14.979#Z#DEBUG#c28227b5-a163-11f1-b062-eeee0a986ec4.ResilienceCockpit-db-deployer#flowable-async-job-executor-thread-2687#
[PollExecuteTaskStatusExecution] 2d23200b-60aa-4519-b7f8-9f40de7a8ecc [2026-08-26T15:37:10.979108] VCAP_SERVICES: (STDOUT, APP/TASK/deploy)#
#2026 08 26 15:37:14.979#Z#DEBUG#c28227b5-a163-11f1-b062-eeee0a986ec4.ResilienceCockpit-db-deployer#flowable-async-job-executor-thread-2687#
[PollExecuteTaskStatusExecution] 2d23200b-60aa-4519-b7f8-9f40de7a8ecc [2026-08-26T15:37:10.979454] { (STDOUT, APP/TASK/deploy)#
#2026 08 26 15:37:14.979#Z#DEBUG#c28227b5-a163-11f1-b062-eeee0a986ec4.ResilienceCockpit-db-deployer#flowable-async-job-executor-thread-2687#
[PollExecuteTaskStatusExecution] 2d23200b-60aa-4519-b7f8-9f40de7a8ecc [2026-08-26T15:37:10.979465] "hana": [ (STDOUT, APP/TASK/deploy)#
#2026 08 26 15:37:14.979#Z#DEBUG#c28227b5-a163-11f1-b062-eeee0a986ec4.ResilienceCockpit-db-deployer#flowable-async-job-executor-thread-2687#
[PollExecuteTaskStatusExecution] 2d23200b-60aa-4519-b7f8-9f40de7a8ecc [2026-08-26T15:37:10.979474] { (STDOUT, APP/TASK/deploy)#
#2026 08 26 15:37:14.979#Z#DEBUG#c28227b5-a163-11f1-b062-eeee0a986ec4.ResilienceCockpit-db-deployer#flowable-async-job-executor-thread-2687#
[PollExecuteTaskStatusExecution] 2d23200b-60aa-4519-b7f8-9f40de7a8ecc [2026-08-26T15:37:10.979477] "name": "ResilienceCockpit-db", (STDOUT, APP/TASK/deploy)#
#2026 08 26 15:37:14.979#Z#DEBUG#c28227b5-a163-11f1-b062-eeee0a986ec4.ResilienceCockpit-db-deployer#flowable-async-job-executor-thread-2687#
[PollExecuteTaskStatusExecution] 2d23200b-60aa-4519-b7f8-9f40de7a8ecc [2026-08-26T15:37:10.979479] "label": "hana", (STDOUT, APP/TASK/deploy)#
#2026 08 26 15:37:14.979#Z#DEBUG#c28227b5-a163-11f1-b062-eeee0a986ec4.ResilienceCockpit-db-deployer#flowable-async-job-executor-thread-2687#
[PollExecuteTaskStatusExecution] 2d23200b-60aa-4519-b7f8-9f40de7a8ecc [2026-08-26T15:37:10.979482] "plan": "hdi-shared", (STDOUT, APP/TASK/deploy)#
#2026 08 26 15:37:14.979#Z#DEBUG#c28227b5-a163-11f1-b062-eeee0a986ec4.ResilienceCockpit-db-deployer#flowable-async-job-executor-thread-2687#
[PollExecuteTaskStatusExecution] 2d23200b-60aa-4519-b7f8-9f40de7a8ecc [2026-08-26T15:37:10.979484] "credentials": { (STDOUT, APP/TASK/deploy)#
#2026 08 26 15:37:14.979#Z#DEBUG#c28227b5-a163-11f1-b062-eeee0a986ec4.ResilienceCockpit-db-deployer#flowable-async-job-executor-thread-2687#
[PollExecuteTaskStatusExecution] 2d23200b-60aa-4519-b7f8-9f40de7a8ecc [2026-08-26T15:37:10.979487] "schema": "8697B1A4A8B84AC49EFF171810969752", (STDOUT, APP/TASK/deploy)#
#2026 08 26 15:37:14.979#Z#DEBUG#c28227b5-a163-11f1-b062-eeee0a986ec4.ResilienceCockpit-db-deployer#flowable-async-job-executor-thread-2687#
[PollExecuteTaskStatusExecution] 2d23200b-60aa-4519-b7f8-9f40de7a8ecc [2026-08-26T15:37:10.979489] "database_id": "eb9e608b-a8d8-462e-98e7-906abde25244", (STDOUT, APP/TASK/deploy)#
#2026 08 26 15:37:14.979#Z#DEBUG#c28227b5-a163-11f1-b062-eeee0a986ec4.ResilienceCockpit-db-deployer#flowable-async-job-executor-thread-2687#
[PollExecuteTaskStatusExecution] 2d23200b-60aa-4519-b7f8-9f40de7a8ecc [2026-08-26T15:37:10.979491] "user": "8697B1A4A8B84AC49EFF171810969752_94GU5GV2BBQ6JWQX102ZOJ91W_RT", (STDOUT, APP/TASK/deploy)#
#2026 08 26 15:37:14.979#Z#DEBUG#c28227b5-a163-11f1-b062-eeee0a986ec4.ResilienceCockpit-db-deployer#flowable-async-job-executor-thread-2687#
[PollExecuteTaskStatusExecution] 2d23200b-60aa-4519-b7f8-9f40de7a8ecc [2026-08-26T15:37:10.979493] "hdi_user": "8697B1A4A8B84AC49EFF171810969752_94GU5GV2BBQ6JWQX102ZOJ91W_DT" (STDOUT, APP/TASK/deploy)#
#2026 08 26 15:37:14.979#Z#DEBUG#c28227b5-a163-11f1-b062-eeee0a986ec4.ResilienceCockpit-db-deployer#flowable-async-job-executor-thread-2687#
[PollExecuteTaskStatusExecution] 2d23200b-60aa-4519-b7f8-9f40de7a8ecc [2026-08-26T15:37:10.979496] }, (STDOUT, APP/TASK/deploy)#
#2026 08 26 15:37:14.979#Z#DEBUG#c28227b5-a163-11f1-b062-eeee0a986ec4.ResilienceCockpit-db-deployer#flowable-async-job-executor-thread-2687#
[PollExecuteTaskStatusExecution] 2d23200b-60aa-4519-b7f8-9f40de7a8ecc [2026-08-26T15:37:10.979499] "tags": [ (STDOUT, APP/TASK/deploy)#
#2026 08 26 15:37:14.979#Z#DEBUG#c28227b5-a163-11f1-b062-eeee0a986ec4.ResilienceCockpit-db-deployer#flowable-async-job-executor-thread-2687#
[PollExecuteTaskStatusExecution] 2d23200b-60aa-4519-b7f8-9f40de7a8ecc [2026-08-26T15:37:10.979500] "hana", (STDOUT, APP/TASK/deploy)#
#2026 08 26 15:37:14.979#Z#DEBUG#c28227b5-a163-11f1-b062-eeee0a986ec4.ResilienceCockpit-db-deployer#flowable-async-job-executor-thread-2687#
[PollExecuteTaskStatusExecution] 2d23200b-60aa-4519-b7f8-9f40de7a8ecc [2026-08-26T15:37:10.979502] "database", (STDOUT, APP/TASK/deploy)#
#2026 08 26 15:37:14.979#Z#DEBUG#c28227b5-a163-11f1-b062-eeee0a986ec4.ResilienceCockpit-db-deployer#flowable-async-job-executor-thread-2687#
[PollExecuteTaskStatusExecution] 2d23200b-60aa-4519-b7f8-9f40de7a8ecc [2026-08-26T15:37:10.979504] "relational" (STDOUT, APP/TASK/deploy)#
#2026 08 26 15:37:14.979#Z#DEBUG#c28227b5-a163-11f1-b062-eeee0a986ec4.ResilienceCockpit-db-deployer#flowable-async-job-executor-thread-2687#
[PollExecuteTaskStatusExecution] 2d23200b-60aa-4519-b7f8-9f40de7a8ecc [2026-08-26T15:37:10.979505] ] (STDOUT, APP/TASK/deploy)#
#2026 08 26 15:37:14.979#Z#DEBUG#c28227b5-a163-11f1-b062-eeee0a986ec4.ResilienceCockpit-db-deployer#flowable-async-job-executor-thread-2687#
[PollExecuteTaskStatusExecution] 2d23200b-60aa-4519-b7f8-9f40de7a8ecc [2026-08-26T15:37:10.979510] } (STDOUT, APP/TASK/deploy)#
#2026 08 26 15:37:14.979#Z#DEBUG#c28227b5-a163-11f1-b062-eeee0a986ec4.ResilienceCockpit-db-deployer#flowable-async-job-executor-thread-2687#
[PollExecuteTaskStatusExecution] 2d23200b-60aa-4519-b7f8-9f40de7a8ecc [2026-08-26T15:37:10.979512] ] (STDOUT, APP/TASK/deploy)#
#2026 08 26 15:37:14.979#Z#DEBUG#c28227b5-a163-11f1-b062-eeee0a986ec4.ResilienceCockpit-db-deployer#flowable-async-job-executor-thread-2687#
[PollExecuteTaskStatusExecution] 2d23200b-60aa-4519-b7f8-9f40de7a8ecc [2026-08-26T15:37:10.979513] } (STDOUT, APP/TASK/deploy)#
#2026 08 26 15:37:24.964#Z#DEBUG#c28227b5-a163-11f1-b062-eeee0a986ec4.ResilienceCockpit-db-deployer#flowable-async-job-executor-thread-2691#
[PollExecuteTaskStatusExecution] 2d23200b-60aa-4519-b7f8-9f40de7a8ecc [2026-08-26T15:37:15.262355] @sap/hdi-deploy, version 5.7.0 (mode default), server version unknown (0.0.0.0), cloud version , node version 24.18.0, HDI version -1, container API version -1 (STDOUT, APP/TASK/deploy)#
#2026 08 26 15:37:24.964#Z#DEBUG#c28227b5-a163-11f1-b062-eeee0a986ec4.ResilienceCockpit-db-deployer#flowable-async-job-executor-thread-2691#
[PollExecuteTaskStatusExecution] 2d23200b-60aa-4519-b7f8-9f40de7a8ecc [2026-08-26T15:37:15.262405] Deployment started at 2026-08-26 15:37:15 (STDOUT, APP/TASK/deploy)#
#2026 08 26 15:37:24.964#Z#DEBUG#c28227b5-a163-11f1-b062-eeee0a986ec4.ResilienceCockpit-db-deployer#flowable-async-job-executor-thread-2691#
[PollExecuteTaskStatusExecution] 2d23200b-60aa-4519-b7f8-9f40de7a8ecc [2026-08-26T15:37:15.262547] Using hdb@2.29.6 for connection (STDOUT, APP/TASK/deploy)#
#2026 08 26 15:37:24.964#Z#DEBUG#c28227b5-a163-11f1-b062-eeee0a986ec4.ResilienceCockpit-db-deployer#flowable-async-job-executor-thread-2691#
[PollExecuteTaskStatusExecution] 2d23200b-60aa-4519-b7f8-9f40de7a8ecc [2026-08-26T15:37:15.262563] Detection of server version failed; root cause: HANA Database instance is stopped (STDOUT, APP/TASK/deploy)#
#2026 08 26 15:37:24.964#Z#DEBUG#c28227b5-a163-11f1-b062-eeee0a986ec4.ResilienceCockpit-db-deployer#flowable-async-job-executor-thread-2691#
[PollExecuteTaskStatusExecution] 2d23200b-60aa-4519-b7f8-9f40de7a8ecc [2026-08-26T15:37:15.262602] Detection of cloud version failed; root cause: HANA Database instance is stopped (STDOUT, APP/TASK/deploy)#
#2026 08 26 15:37:24.964#Z#DEBUG#c28227b5-a163-11f1-b062-eeee0a986ec4.ResilienceCockpit-db-deployer#flowable-async-job-executor-thread-2691#
[PollExecuteTaskStatusExecution] 2d23200b-60aa-4519-b7f8-9f40de7a8ecc [2026-08-26T15:37:15.262614] Detection of container API version failed; root cause: HANA Database instance is stopped (STDOUT, APP/TASK/deploy)#
#2026 08 26 15:37:24.964#Z#DEBUG#c28227b5-a163-11f1-b062-eeee0a986ec4.ResilienceCockpit-db-deployer#flowable-async-job-executor-thread-2691#
[PollExecuteTaskStatusExecution] 2d23200b-60aa-4519-b7f8-9f40de7a8ecc [2026-08-26T15:37:15.262616] Detection of HDI version failed; root cause: HANA Database instance is stopped (STDOUT, APP/TASK/deploy)#
#2026 08 26 15:37:24.964#Z#DEBUG#c28227b5-a163-11f1-b062-eeee0a986ec4.ResilienceCockpit-db-deployer#flowable-async-job-executor-thread-2691#
[PollExecuteTaskStatusExecution] 2d23200b-60aa-4519-b7f8-9f40de7a8ecc [2026-08-26T15:37:15.262926] Deployment ended at 2026-08-26 15:37:15 (STDOUT, APP/TASK/deploy)#
#2026 08 26 15:37:24.964#Z#DEBUG#c28227b5-a163-11f1-b062-eeee0a986ec4.ResilienceCockpit-db-deployer#flowable-async-job-executor-thread-2691#
[PollExecuteTaskStatusExecution] 2d23200b-60aa-4519-b7f8-9f40de7a8ecc [2026-08-26T15:37:15.263019] Error: Option parameter is not supported by the server; based on detected server version unknown (STDERR, APP/TASK/deploy)#
#2026 08 26 15:37:24.964#Z#DEBUG#c28227b5-a163-11f1-b062-eeee0a986ec4.ResilienceCockpit-db-deployer#flowable-async-job-executor-thread-2691#
[PollExecuteTaskStatusExecution] 2d23200b-60aa-4519-b7f8-9f40de7a8ecc [2026-08-26T15:37:15.263175] (4s 351ms) (STDOUT, APP/TASK/deploy)#
#2026 08 26 15:37:24.964#Z#DEBUG#c28227b5-a163-11f1-b062-eeee0a986ec4.ResilienceCockpit-db-deployer#flowable-async-job-executor-thread-2691#
[PollExecuteTaskStatusExecution] 2d23200b-60aa-4519-b7f8-9f40de7a8ecc [2026-08-26T15:37:15.272494] npm notice (STDERR, APP/TASK/deploy)#
#2026 08 26 15:37:24.964#Z#DEBUG#c28227b5-a163-11f1-b062-eeee0a986ec4.ResilienceCockpit-db-deployer#flowable-async-job-executor-thread-2691#
[PollExecuteTaskStatusExecution] 2d23200b-60aa-4519-b7f8-9f40de7a8ecc [2026-08-26T15:37:15.272506] npm notice New major version of npm available! 11.16.0 -> 12.0.2 (STDERR, APP/TASK/deploy)#
#2026 08 26 15:37:24.964#Z#DEBUG#c28227b5-a163-11f1-b062-eeee0a986ec4.ResilienceCockpit-db-deployer#flowable-async-job-executor-thread-2691#
[PollExecuteTaskStatusExecution] 2d23200b-60aa-4519-b7f8-9f40de7a8ecc [2026-08-26T15:37:15.272516] npm notice Changelog: https://github.com/npm/cli/releases/tag/v12.0.2 (STDERR, APP/TASK/deploy)#
#2026 08 26 15:37:24.964#Z#DEBUG#c28227b5-a163-11f1-b062-eeee0a986ec4.ResilienceCockpit-db-deployer#flowable-async-job-executor-thread-2691#
[PollExecuteTaskStatusExecution] 2d23200b-60aa-4519-b7f8-9f40de7a8ecc [2026-08-26T15:37:15.272519] npm notice To update run: npm install -g npm@12.0.2 (STDERR, APP/TASK/deploy)#
#2026 08 26 15:37:24.964#Z#DEBUG#c28227b5-a163-11f1-b062-eeee0a986ec4.ResilienceCockpit-db-deployer#flowable-async-job-executor-thread-2691#
[PollExecuteTaskStatusExecution] 2d23200b-60aa-4519-b7f8-9f40de7a8ecc [2026-08-26T15:37:15.272521] npm notice (STDERR, APP/TASK/deploy)#
#2026 08 26 15:37:24.964#Z#DEBUG#c28227b5-a163-11f1-b062-eeee0a986ec4.ResilienceCockpit-db-deployer#flowable-async-job-executor-thread-2691#
[PollExecuteTaskStatusExecution] 2d23200b-60aa-4519-b7f8-9f40de7a8ecc [2026-08-26T15:37:15.323149] Exit status 1 (STDOUT, APP/TASK/deploy)#
#2026 08 26 15:37:24.964#Z#DEBUG#c28227b5-a163-11f1-b062-eeee0a986ec4.ResilienceCockpit-db-deployer#flowable-async-job-executor-thread-2691#
[PollExecuteTaskStatusExecution] 2d23200b-60aa-4519-b7f8-9f40de7a8ecc [2026-08-26T15:37:15.725079] Cell 919653e1-7038-451d-ac9f-e4bd0de8dbda stopping instance 63b63d06-cf27-4785-8382-7453dbf3febc (STDOUT, CELL)#
#2026 08 26 15:37:24.964#Z#DEBUG#c28227b5-a163-11f1-b062-eeee0a986ec4.ResilienceCockpit-db-deployer#flowable-async-job-executor-thread-2691#
[PollExecuteTaskStatusExecution] 2d23200b-60aa-4519-b7f8-9f40de7a8ecc [2026-08-26T15:37:15.725110] Cell 919653e1-7038-451d-ac9f-e4bd0de8dbda destroying container for instance 63b63d06-cf27-4785-8382-7453dbf3febc (STDOUT, CELL)#
#2026 08 26 15:37:24.964#Z#DEBUG#c28227b5-a163-11f1-b062-eeee0a986ec4.ResilienceCockpit-db-deployer#flowable-async-job-executor-thread-2691#
[PollExecuteTaskStatusExecution] 2d23200b-60aa-4519-b7f8-9f40de7a8ecc [2026-08-26T15:37:18.118257] Cell 919653e1-7038-451d-ac9f-e4bd0de8dbda successfully destroyed container for instance 63b63d06-cf27-4785-8382-7453dbf3febc (STDOUT, CELL)#
#2026 08 26 15:37:35.089#Z#DEBUG#c28227b5-a163-11f1-b062-eeee0a986ec4.ResilienceCockpit-db-deployer#flowable-async-job-executor-thread-2697#
[PollExecuteTaskStatusExecution] 2d23200b-60aa-4519-b7f8-9f40de7a8ecc [2026-08-26T15:37:15.262355] @sap/hdi-deploy, version 5.7.0 (mode default), server version unknown (0.0.0.0), cloud version , node version 24.18.0, HDI version -1, container API version -1 (STDOUT, APP/TASK/deploy)#
#2026 08 26 15:37:35.089#Z#DEBUG#c28227b5-a163-11f1-b062-eeee0a986ec4.ResilienceCockpit-db-deployer#flowable-async-job-executor-thread-2697#
[PollExecuteTaskStatusExecution] 2d23200b-60aa-4519-b7f8-9f40de7a8ecc [2026-08-26T15:37:15.262405] Deployment started at 2026-08-26 15:37:15 (STDOUT, APP/TASK/deploy)#
#2026 08 26 15:37:35.089#Z#DEBUG#c28227b5-a163-11f1-b062-eeee0a986ec4.ResilienceCockpit-db-deployer#flowable-async-job-executor-thread-2697#
[PollExecuteTaskStatusExecution] 2d23200b-60aa-4519-b7f8-9f40de7a8ecc [2026-08-26T15:37:15.262547] Using hdb@2.29.6 for connection (STDOUT, APP/TASK/deploy)#
#2026 08 26 15:37:35.089#Z#DEBUG#c28227b5-a163-11f1-b062-eeee0a986ec4.ResilienceCockpit-db-deployer#flowable-async-job-executor-thread-2697#
[PollExecuteTaskStatusExecution] 2d23200b-60aa-4519-b7f8-9f40de7a8ecc [2026-08-26T15:37:15.262563] Detection of server version failed; root cause: HANA Database instance is stopped (STDOUT, APP/TASK/deploy)#
#2026 08 26 15:37:35.089#Z#DEBUG#c28227b5-a163-11f1-b062-eeee0a986ec4.ResilienceCockpit-db-deployer#flowable-async-job-executor-thread-2697#
[PollExecuteTaskStatusExecution] 2d23200b-60aa-4519-b7f8-9f40de7a8ecc [2026-08-26T15:37:15.262602] Detection of cloud version failed; root cause: HANA Database instance is stopped (STDOUT, APP/TASK/deploy)#
#2026 08 26 15:37:35.089#Z#DEBUG#c28227b5-a163-11f1-b062-eeee0a986ec4.ResilienceCockpit-db-deployer#flowable-async-job-executor-thread-2697#
[PollExecuteTaskStatusExecution] 2d23200b-60aa-4519-b7f8-9f40de7a8ecc [2026-08-26T15:37:15.262614] Detection of container API version failed; root cause: HANA Database instance is stopped (STDOUT, APP/TASK/deploy)#
#2026 08 26 15:37:35.089#Z#DEBUG#c28227b5-a163-11f1-b062-eeee0a986ec4.ResilienceCockpit-db-deployer#flowable-async-job-executor-thread-2697#
[PollExecuteTaskStatusExecution] 2d23200b-60aa-4519-b7f8-9f40de7a8ecc [2026-08-26T15:37:15.262616] Detection of HDI version failed; root cause: HANA Database instance is stopped (STDOUT, APP/TASK/deploy)#
#2026 08 26 15:37:35.089#Z#DEBUG#c28227b5-a163-11f1-b062-eeee0a986ec4.ResilienceCockpit-db-deployer#flowable-async-job-executor-thread-2697#
[PollExecuteTaskStatusExecution] 2d23200b-60aa-4519-b7f8-9f40de7a8ecc [2026-08-26T15:37:15.262926] Deployment ended at 2026-08-26 15:37:15 (STDOUT, APP/TASK/deploy)#
#2026 08 26 15:37:35.089#Z#DEBUG#c28227b5-a163-11f1-b062-eeee0a986ec4.ResilienceCockpit-db-deployer#flowable-async-job-executor-thread-2697#
[PollExecuteTaskStatusExecution] 2d23200b-60aa-4519-b7f8-9f40de7a8ecc [2026-08-26T15:37:15.263019] Error: Option parameter is not supported by the server; based on detected server version unknown (STDERR, APP/TASK/deploy)#
#2026 08 26 15:37:35.089#Z#DEBUG#c28227b5-a163-11f1-b062-eeee0a986ec4.ResilienceCockpit-db-deployer#flowable-async-job-executor-thread-2697#
[PollExecuteTaskStatusExecution] 2d23200b-60aa-4519-b7f8-9f40de7a8ecc [2026-08-26T15:37:15.263175] (4s 351ms) (STDOUT, APP/TASK/deploy)#
#2026 08 26 15:37:35.089#Z#DEBUG#c28227b5-a163-11f1-b062-eeee0a986ec4.ResilienceCockpit-db-deployer#flowable-async-job-executor-thread-2697#
[PollExecuteTaskStatusExecution] 2d23200b-60aa-4519-b7f8-9f40de7a8ecc [2026-08-26T15:37:15.272494] npm notice (STDERR, APP/TASK/deploy)#
#2026 08 26 15:37:35.089#Z#DEBUG#c28227b5-a163-11f1-b062-eeee0a986ec4.ResilienceCockpit-db-deployer#flowable-async-job-executor-thread-2697#
[PollExecuteTaskStatusExecution] 2d23200b-60aa-4519-b7f8-9f40de7a8ecc [2026-08-26T15:37:15.272506] npm notice New major version of npm available! 11.16.0 -> 12.0.2 (STDERR, APP/TASK/deploy)#
#2026 08 26 15:37:35.089#Z#DEBUG#c28227b5-a163-11f1-b062-eeee0a986ec4.ResilienceCockpit-db-deployer#flowable-async-job-executor-thread-2697#
[PollExecuteTaskStatusExecution] 2d23200b-60aa-4519-b7f8-9f40de7a8ecc [2026-08-26T15:37:15.272516] npm notice Changelog: https://github.com/npm/cli/releases/tag/v12.0.2 (STDERR, APP/TASK/deploy)#
#2026 08 26 15:37:35.089#Z#DEBUG#c28227b5-a163-11f1-b062-eeee0a986ec4.ResilienceCockpit-db-deployer#flowable-async-job-executor-thread-2697#
[PollExecuteTaskStatusExecution] 2d23200b-60aa-4519-b7f8-9f40de7a8ecc [2026-08-26T15:37:15.272519] npm notice To update run: npm install -g npm@12.0.2 (STDERR, APP/TASK/deploy)#
#2026 08 26 15:37:35.089#Z#DEBUG#c28227b5-a163-11f1-b062-eeee0a986ec4.ResilienceCockpit-db-deployer#flowable-async-job-executor-thread-2697#
[PollExecuteTaskStatusExecution] 2d23200b-60aa-4519-b7f8-9f40de7a8ecc [2026-08-26T15:37:15.272521] npm notice (STDERR, APP/TASK/deploy)#
#2026 08 26 15:37:35.089#Z#DEBUG#c28227b5-a163-11f1-b062-eeee0a986ec4.ResilienceCockpit-db-deployer#flowable-async-job-executor-thread-2697#
[PollExecuteTaskStatusExecution] 2d23200b-60aa-4519-b7f8-9f40de7a8ecc [2026-08-26T15:37:15.323149] Exit status 1 (STDOUT, APP/TASK/deploy)#
#2026 08 26 15:37:35.089#Z#DEBUG#c28227b5-a163-11f1-b062-eeee0a986ec4.ResilienceCockpit-db-deployer#flowable-async-job-executor-thread-2697#
[PollExecuteTaskStatusExecution] 2d23200b-60aa-4519-b7f8-9f40de7a8ecc [2026-08-26T15:37:15.725079] Cell 919653e1-7038-451d-ac9f-e4bd0de8dbda stopping instance 63b63d06-cf27-4785-8382-7453dbf3febc (STDOUT, CELL)#
#2026 08 26 15:37:35.089#Z#DEBUG#c28227b5-a163-11f1-b062-eeee0a986ec4.ResilienceCockpit-db-deployer#flowable-async-job-executor-thread-2697#
[PollExecuteTaskStatusExecution] 2d23200b-60aa-4519-b7f8-9f40de7a8ecc [2026-08-26T15:37:15.725110] Cell 919653e1-7038-451d-ac9f-e4bd0de8dbda destroying container for instance 63b63d06-cf27-4785-8382-7453dbf3febc (STDOUT, CELL)#
#2026 08 26 15:37:35.089#Z#DEBUG#c28227b5-a163-11f1-b062-eeee0a986ec4.ResilienceCockpit-db-deployer#flowable-async-job-executor-thread-2697#
[PollExecuteTaskStatusExecution] 2d23200b-60aa-4519-b7f8-9f40de7a8ecc [2026-08-26T15:37:18.118257] Cell 919653e1-7038-451d-ac9f-e4bd0de8dbda successfully destroyed container for instance 63b63d06-cf27-4785-8382-7453dbf3febc (STDOUT, CELL)#
#2026 08 26 15:37:35.089#Z#DEBUG#c28227b5-a163-11f1-b062-eeee0a986ec4.ResilienceCockpit-db-deployer#flowable-async-job-executor-thread-2697#
[PollExecuteTaskStatusExecution] 2d23200b-60aa-4519-b7f8-9f40de7a8ecc [2026-08-26T15:37:28.222418] Cell 13752499-11e5-4ce9-a7df-2188d5ab1e0d creating container for instance a38fa9ba-fc53-4f2a-ae87-9a4e30177384 (STDOUT, CELL)#
#2026 08 26 15:37:35.089#Z#DEBUG#c28227b5-a163-11f1-b062-eeee0a986ec4.ResilienceCockpit-db-deployer#flowable-async-job-executor-thread-2697#
[PollExecuteTaskStatusExecution] 2d23200b-60aa-4519-b7f8-9f40de7a8ecc [2026-08-26T15:37:28.552219] Security group rules were updated (STDOUT, CELL)#
#2026 08 26 15:37:35.089#Z#DEBUG#c28227b5-a163-11f1-b062-eeee0a986ec4.ResilienceCockpit-db-deployer#flowable-async-job-executor-thread-2697#
[PollExecuteTaskStatusExecution] 2d23200b-60aa-4519-b7f8-9f40de7a8ecc [2026-08-26T15:37:28.611077] Cell 13752499-11e5-4ce9-a7df-2188d5ab1e0d successfully created container for instance a38fa9ba-fc53-4f2a-ae87-9a4e30177384 (STDOUT, CELL)#
#2026 08 26 15:37:35.089#Z#DEBUG#c28227b5-a163-11f1-b062-eeee0a986ec4.ResilienceCockpit-db-deployer#flowable-async-job-executor-thread-2697#
[PollExecuteTaskStatusExecution] 2d23200b-60aa-4519-b7f8-9f40de7a8ecc [2026-08-26T15:37:32.455266] Invoking pre-start scripts. (STDOUT, APP/TASK/deploy)#
#2026 08 26 15:37:35.089#Z#DEBUG#c28227b5-a163-11f1-b062-eeee0a986ec4.ResilienceCockpit-db-deployer#flowable-async-job-executor-thread-2697#
[PollExecuteTaskStatusExecution] 2d23200b-60aa-4519-b7f8-9f40de7a8ecc [2026-08-26T15:37:32.595554] Invoking start command. (STDOUT, APP/TASK/deploy)#
#2026 08 26 15:37:35.089#Z#DEBUG#c28227b5-a163-11f1-b062-eeee0a986ec4.ResilienceCockpit-db-deployer#flowable-async-job-executor-thread-2697#
[PollExecuteTaskStatusExecution] 2d23200b-60aa-4519-b7f8-9f40de7a8ecc [2026-08-26T15:37:32.880084] > start (STDOUT, APP/TASK/deploy)#
#2026 08 26 15:37:35.089#Z#DEBUG#c28227b5-a163-11f1-b062-eeee0a986ec4.ResilienceCockpit-db-deployer#flowable-async-job-executor-thread-2697#
[PollExecuteTaskStatusExecution] 2d23200b-60aa-4519-b7f8-9f40de7a8ecc [2026-08-26T15:37:32.880122] > node node_modules/@sap/hdi-deploy/deploy.js --use-hdb --parameter com.sap.hana.di.table/try_fast_table_migration=true (STDOUT, APP/TASK/deploy)#
#2026 08 26 15:37:35.089#Z#DEBUG#c28227b5-a163-11f1-b062-eeee0a986ec4.ResilienceCockpit-db-deployer#flowable-async-job-executor-thread-2697#
[PollExecuteTaskStatusExecution] 2d23200b-60aa-4519-b7f8-9f40de7a8ecc [2026-08-26T15:37:32.975926] VCAP_SERVICES: (STDOUT, APP/TASK/deploy)#
#2026 08 26 15:37:35.089#Z#DEBUG#c28227b5-a163-11f1-b062-eeee0a986ec4.ResilienceCockpit-db-deployer#flowable-async-job-executor-thread-2697#
[PollExecuteTaskStatusExecution] 2d23200b-60aa-4519-b7f8-9f40de7a8ecc [2026-08-26T15:37:32.976269] { (STDOUT, APP/TASK/deploy)#
#2026 08 26 15:37:35.089#Z#DEBUG#c28227b5-a163-11f1-b062-eeee0a986ec4.ResilienceCockpit-db-deployer#flowable-async-job-executor-thread-2697#
[PollExecuteTaskStatusExecution] 2d23200b-60aa-4519-b7f8-9f40de7a8ecc [2026-08-26T15:37:32.976283] "hana": [ (STDOUT, APP/TASK/deploy)#
#2026 08 26 15:37:35.089#Z#DEBUG#c28227b5-a163-11f1-b062-eeee0a986ec4.ResilienceCockpit-db-deployer#flowable-async-job-executor-thread-2697#
[PollExecuteTaskStatusExecution] 2d23200b-60aa-4519-b7f8-9f40de7a8ecc [2026-08-26T15:37:32.976286] { (STDOUT, APP/TASK/deploy)#
#2026 08 26 15:37:35.089#Z#DEBUG#c28227b5-a163-11f1-b062-eeee0a986ec4.ResilienceCockpit-db-deployer#flowable-async-job-executor-thread-2697#
[PollExecuteTaskStatusExecution] 2d23200b-60aa-4519-b7f8-9f40de7a8ecc [2026-08-26T15:37:32.976289] "name": "ResilienceCockpit-db", (STDOUT, APP/TASK/deploy)#
#2026 08 26 15:37:35.089#Z#DEBUG#c28227b5-a163-11f1-b062-eeee0a986ec4.ResilienceCockpit-db-deployer#flowable-async-job-executor-thread-2697#
[PollExecuteTaskStatusExecution] 2d23200b-60aa-4519-b7f8-9f40de7a8ecc [2026-08-26T15:37:32.976294] "label": "hana", (STDOUT, APP/TASK/deploy)#
#2026 08 26 15:37:35.089#Z#DEBUG#c28227b5-a163-11f1-b062-eeee0a986ec4.ResilienceCockpit-db-deployer#flowable-async-job-executor-thread-2697#
[PollExecuteTaskStatusExecution] 2d23200b-60aa-4519-b7f8-9f40de7a8ecc [2026-08-26T15:37:32.976298] "plan": "hdi-shared", (STDOUT, APP/TASK/deploy)#
#2026 08 26 15:37:35.089#Z#DEBUG#c28227b5-a163-11f1-b062-eeee0a986ec4.ResilienceCockpit-db-deployer#flowable-async-job-executor-thread-2697#
[PollExecuteTaskStatusExecution] 2d23200b-60aa-4519-b7f8-9f40de7a8ecc [2026-08-26T15:37:32.976299] "credentials": { (STDOUT, APP/TASK/deploy)#
#2026 08 26 15:37:35.089#Z#DEBUG#c28227b5-a163-11f1-b062-eeee0a986ec4.ResilienceCockpit-db-deployer#flowable-async-job-executor-thread-2697#
[PollExecuteTaskStatusExecution] 2d23200b-60aa-4519-b7f8-9f40de7a8ecc [2026-08-26T15:37:32.976302] "schema": "8697B1A4A8B84AC49EFF171810969752", (STDOUT, APP/TASK/deploy)#
#2026 08 26 15:37:35.089#Z#DEBUG#c28227b5-a163-11f1-b062-eeee0a986ec4.ResilienceCockpit-db-deployer#flowable-async-job-executor-thread-2697#
[PollExecuteTaskStatusExecution] 2d23200b-60aa-4519-b7f8-9f40de7a8ecc [2026-08-26T15:37:32.976304] "database_id": "eb9e608b-a8d8-462e-98e7-906abde25244", (STDOUT, APP/TASK/deploy)#
#2026 08 26 15:37:35.089#Z#DEBUG#c28227b5-a163-11f1-b062-eeee0a986ec4.ResilienceCockpit-db-deployer#flowable-async-job-executor-thread-2697#
[PollExecuteTaskStatusExecution] 2d23200b-60aa-4519-b7f8-9f40de7a8ecc [2026-08-26T15:37:32.976310] "user": "8697B1A4A8B84AC49EFF171810969752_94GU5GV2BBQ6JWQX102ZOJ91W_RT", (STDOUT, APP/TASK/deploy)#
#2026 08 26 15:37:35.089#Z#DEBUG#c28227b5-a163-11f1-b062-eeee0a986ec4.ResilienceCockpit-db-deployer#flowable-async-job-executor-thread-2697#
[PollExecuteTaskStatusExecution] 2d23200b-60aa-4519-b7f8-9f40de7a8ecc [2026-08-26T15:37:32.976316] "hdi_user": "8697B1A4A8B84AC49EFF171810969752_94GU5GV2BBQ6JWQX102ZOJ91W_DT" (STDOUT, APP/TASK/deploy)#
#2026 08 26 15:37:35.089#Z#DEBUG#c28227b5-a163-11f1-b062-eeee0a986ec4.ResilienceCockpit-db-deployer#flowable-async-job-executor-thread-2697#
[PollExecuteTaskStatusExecution] 2d23200b-60aa-4519-b7f8-9f40de7a8ecc [2026-08-26T15:37:32.976318] }, (STDOUT, APP/TASK/deploy)#
#2026 08 26 15:37:35.089#Z#DEBUG#c28227b5-a163-11f1-b062-eeee0a986ec4.ResilienceCockpit-db-deployer#flowable-async-job-executor-thread-2697#
[PollExecuteTaskStatusExecution] 2d23200b-60aa-4519-b7f8-9f40de7a8ecc [2026-08-26T15:37:32.976320] "tags": [ (STDOUT, APP/TASK/deploy)#
#2026 08 26 15:37:35.089#Z#DEBUG#c28227b5-a163-11f1-b062-eeee0a986ec4.ResilienceCockpit-db-deployer#flowable-async-job-executor-thread-2697#
[PollExecuteTaskStatusExecution] 2d23200b-60aa-4519-b7f8-9f40de7a8ecc [2026-08-26T15:37:32.976321] "hana", (STDOUT, APP/TASK/deploy)#
#2026 08 26 15:37:35.089#Z#DEBUG#c28227b5-a163-11f1-b062-eeee0a986ec4.ResilienceCockpit-db-deployer#flowable-async-job-executor-thread-2697#
[PollExecuteTaskStatusExecution] 2d23200b-60aa-4519-b7f8-9f40de7a8ecc [2026-08-26T15:37:32.976323] "database", (STDOUT, APP/TASK/deploy)#
#2026 08 26 15:37:35.089#Z#DEBUG#c28227b5-a163-11f1-b062-eeee0a986ec4.ResilienceCockpit-db-deployer#flowable-async-job-executor-thread-2697#
[PollExecuteTaskStatusExecution] 2d23200b-60aa-4519-b7f8-9f40de7a8ecc [2026-08-26T15:37:32.976325] "relational" (STDOUT, APP/TASK/deploy)#
#2026 08 26 15:37:35.089#Z#DEBUG#c28227b5-a163-11f1-b062-eeee0a986ec4.ResilienceCockpit-db-deployer#flowable-async-job-executor-thread-2697#
[PollExecuteTaskStatusExecution] 2d23200b-60aa-4519-b7f8-9f40de7a8ecc [2026-08-26T15:37:32.976327] ] (STDOUT, APP/TASK/deploy)#
#2026 08 26 15:37:35.089#Z#DEBUG#c28227b5-a163-11f1-b062-eeee0a986ec4.ResilienceCockpit-db-deployer#flowable-async-job-executor-thread-2697#
[PollExecuteTaskStatusExecution] 2d23200b-60aa-4519-b7f8-9f40de7a8ecc [2026-08-26T15:37:32.976329] } (STDOUT, APP/TASK/deploy)#
#2026 08 26 15:37:35.089#Z#DEBUG#c28227b5-a163-11f1-b062-eeee0a986ec4.ResilienceCockpit-db-deployer#flowable-async-job-executor-thread-2697#
[PollExecuteTaskStatusExecution] 2d23200b-60aa-4519-b7f8-9f40de7a8ecc [2026-08-26T15:37:32.976331] ] (STDOUT, APP/TASK/deploy)#
#2026 08 26 15:37:35.089#Z#DEBUG#c28227b5-a163-11f1-b062-eeee0a986ec4.ResilienceCockpit-db-deployer#flowable-async-job-executor-thread-2697#
[PollExecuteTaskStatusExecution] 2d23200b-60aa-4519-b7f8-9f40de7a8ecc [2026-08-26T15:37:32.976332] } (STDOUT, APP/TASK/deploy)#
#2026 08 26 15:37:45.026#Z#DEBUG#c28227b5-a163-11f1-b062-eeee0a986ec4.ResilienceCockpit-db-deployer#flowable-async-job-executor-thread-2700#
[PollExecuteTaskStatusExecution] 2d23200b-60aa-4519-b7f8-9f40de7a8ecc [2026-08-26T15:37:37.364134] @sap/hdi-deploy, version 5.7.0 (mode default), server version unknown (0.0.0.0), cloud version , node version 24.18.0, HDI version -1, container API version -1 (STDOUT, APP/TASK/deploy)#
#2026 08 26 15:37:45.026#Z#DEBUG#c28227b5-a163-11f1-b062-eeee0a986ec4.ResilienceCockpit-db-deployer#flowable-async-job-executor-thread-2700#
[PollExecuteTaskStatusExecution] 2d23200b-60aa-4519-b7f8-9f40de7a8ecc [2026-08-26T15:37:37.364157] Deployment started at 2026-08-26 15:37:37 (STDOUT, APP/TASK/deploy)#
#2026 08 26 15:37:45.026#Z#DEBUG#c28227b5-a163-11f1-b062-eeee0a986ec4.ResilienceCockpit-db-deployer#flowable-async-job-executor-thread-2700#
[PollExecuteTaskStatusExecution] 2d23200b-60aa-4519-b7f8-9f40de7a8ecc [2026-08-26T15:37:37.364316] Using hdb@2.29.6 for connection (STDOUT, APP/TASK/deploy)#
#2026 08 26 15:37:45.026#Z#DEBUG#c28227b5-a163-11f1-b062-eeee0a986ec4.ResilienceCockpit-db-deployer#flowable-async-job-executor-thread-2700#
[PollExecuteTaskStatusExecution] 2d23200b-60aa-4519-b7f8-9f40de7a8ecc [2026-08-26T15:37:37.364333] Detection of server version failed; root cause: HANA Database instance is stopped (STDOUT, APP/TASK/deploy)#
#2026 08 26 15:37:45.026#Z#DEBUG#c28227b5-a163-11f1-b062-eeee0a986ec4.ResilienceCockpit-db-deployer#flowable-async-job-executor-thread-2700#
[PollExecuteTaskStatusExecution] 2d23200b-60aa-4519-b7f8-9f40de7a8ecc [2026-08-26T15:37:37.364338] Detection of cloud version failed; root cause: HANA Database instance is stopped (STDOUT, APP/TASK/deploy)#
#2026 08 26 15:37:45.026#Z#DEBUG#c28227b5-a163-11f1-b062-eeee0a986ec4.ResilienceCockpit-db-deployer#flowable-async-job-executor-thread-2700#
[PollExecuteTaskStatusExecution] 2d23200b-60aa-4519-b7f8-9f40de7a8ecc [2026-08-26T15:37:37.364341] Detection of container API version failed; root cause: HANA Database instance is stopped (STDOUT, APP/TASK/deploy)#
#2026 08 26 15:37:45.026#Z#DEBUG#c28227b5-a163-11f1-b062-eeee0a986ec4.ResilienceCockpit-db-deployer#flowable-async-job-executor-thread-2700#
[PollExecuteTaskStatusExecution] 2d23200b-60aa-4519-b7f8-9f40de7a8ecc [2026-08-26T15:37:37.364351] Detection of HDI version failed; root cause: HANA Database instance is stopped (STDOUT, APP/TASK/deploy)#
#2026 08 26 15:37:45.026#Z#DEBUG#c28227b5-a163-11f1-b062-eeee0a986ec4.ResilienceCockpit-db-deployer#flowable-async-job-executor-thread-2700#
[PollExecuteTaskStatusExecution] 2d23200b-60aa-4519-b7f8-9f40de7a8ecc [2026-08-26T15:37:37.364671] Deployment ended at 2026-08-26 15:37:37 (STDOUT, APP/TASK/deploy)#
#2026 08 26 15:37:45.026#Z#DEBUG#c28227b5-a163-11f1-b062-eeee0a986ec4.ResilienceCockpit-db-deployer#flowable-async-job-executor-thread-2700#
[PollExecuteTaskStatusExecution] 2d23200b-60aa-4519-b7f8-9f40de7a8ecc [2026-08-26T15:37:37.364712] Error: Option parameter is not supported by the server; based on detected server version unknown (STDERR, APP/TASK/deploy)#
#2026 08 26 15:37:45.026#Z#DEBUG#c28227b5-a163-11f1-b062-eeee0a986ec4.ResilienceCockpit-db-deployer#flowable-async-job-executor-thread-2700#
[PollExecuteTaskStatusExecution] 2d23200b-60aa-4519-b7f8-9f40de7a8ecc [2026-08-26T15:37:37.364906] (4s 455ms) (STDOUT, APP/TASK/deploy)#
#2026 08 26 15:37:45.026#Z#DEBUG#c28227b5-a163-11f1-b062-eeee0a986ec4.ResilienceCockpit-db-deployer#flowable-async-job-executor-thread-2700#
[PollExecuteTaskStatusExecution] 2d23200b-60aa-4519-b7f8-9f40de7a8ecc [2026-08-26T15:37:37.373460] npm notice (STDERR, APP/TASK/deploy)#
#2026 08 26 15:37:45.026#Z#DEBUG#c28227b5-a163-11f1-b062-eeee0a986ec4.ResilienceCockpit-db-deployer#flowable-async-job-executor-thread-2700#
[PollExecuteTaskStatusExecution] 2d23200b-60aa-4519-b7f8-9f40de7a8ecc [2026-08-26T15:37:37.373480] npm notice New major version of npm available! 11.16.0 -> 12.0.2 (STDERR, APP/TASK/deploy)#
#2026 08 26 15:37:45.026#Z#DEBUG#c28227b5-a163-11f1-b062-eeee0a986ec4.ResilienceCockpit-db-deployer#flowable-async-job-executor-thread-2700#
[PollExecuteTaskStatusExecution] 2d23200b-60aa-4519-b7f8-9f40de7a8ecc [2026-08-26T15:37:37.373485] npm notice Changelog: https://github.com/npm/cli/releases/tag/v12.0.2 (STDERR, APP/TASK/deploy)#
#2026 08 26 15:37:45.026#Z#DEBUG#c28227b5-a163-11f1-b062-eeee0a986ec4.ResilienceCockpit-db-deployer#flowable-async-job-executor-thread-2700#
[PollExecuteTaskStatusExecution] 2d23200b-60aa-4519-b7f8-9f40de7a8ecc [2026-08-26T15:37:37.373489] npm notice To update run: npm install -g npm@12.0.2 (STDERR, APP/TASK/deploy)#
#2026 08 26 15:37:45.026#Z#DEBUG#c28227b5-a163-11f1-b062-eeee0a986ec4.ResilienceCockpit-db-deployer#flowable-async-job-executor-thread-2700#
[PollExecuteTaskStatusExecution] 2d23200b-60aa-4519-b7f8-9f40de7a8ecc [2026-08-26T15:37:37.373493] npm notice (STDERR, APP/TASK/deploy)#
#2026 08 26 15:37:45.026#Z#DEBUG#c28227b5-a163-11f1-b062-eeee0a986ec4.ResilienceCockpit-db-deployer#flowable-async-job-executor-thread-2700#
[PollExecuteTaskStatusExecution] 2d23200b-60aa-4519-b7f8-9f40de7a8ecc [2026-08-26T15:37:37.422702] Exit status 1 (STDOUT, APP/TASK/deploy)#
#2026 08 26 15:37:45.026#Z#DEBUG#c28227b5-a163-11f1-b062-eeee0a986ec4.ResilienceCockpit-db-deployer#flowable-async-job-executor-thread-2700#
[PollExecuteTaskStatusExecution] 2d23200b-60aa-4519-b7f8-9f40de7a8ecc [2026-08-26T15:37:37.747963] Cell 13752499-11e5-4ce9-a7df-2188d5ab1e0d stopping instance a38fa9ba-fc53-4f2a-ae87-9a4e30177384 (STDOUT, CELL)#
#2026 08 26 15:37:45.026#Z#DEBUG#c28227b5-a163-11f1-b062-eeee0a986ec4.ResilienceCockpit-db-deployer#flowable-async-job-executor-thread-2700#
[PollExecuteTaskStatusExecution] 2d23200b-60aa-4519-b7f8-9f40de7a8ecc [2026-08-26T15:37:37.748015] Cell 13752499-11e5-4ce9-a7df-2188d5ab1e0d destroying container for instance a38fa9ba-fc53-4f2a-ae87-9a4e30177384 (STDOUT, CELL)#
#2026 08 26 15:37:45.026#Z#DEBUG#c28227b5-a163-11f1-b062-eeee0a986ec4.ResilienceCockpit-db-deployer#flowable-async-job-executor-thread-2700#
[PollExecuteTaskStatusExecution] 2d23200b-60aa-4519-b7f8-9f40de7a8ecc [2026-08-26T15:37:39.865261] Cell 13752499-11e5-4ce9-a7df-2188d5ab1e0d successfully destroyed container for instance a38fa9ba-fc53-4f2a-ae87-9a4e30177384 (STDOUT, CELL)#
