#2026 09 09 06:28:41.770#Z#INFO#b34eb0e1-ac17-11f1-a392-eeee0a8d8db9.OPERATION#http-nio-0.0.0.0-8080-exec-7#
[XS2StartProcessListener] Operation ID: b34eb0e1-ac17-11f1-a392-eeee0a8d8db9#
#2026 09 09 06:28:41.782#Z#DEBUG#b34eb0e1-ac17-11f1-a392-eeee0a8d8db9.OPERATION#http-nio-0.0.0.0-8080-exec-7#
[XS2StartProcessListener] Process environment: {
  "SKIP_SSL_VALIDATION" : "false",
  "FLOWABLE_JOB_EXECUTOR_MAX_THREADS" : "32",
  "VERSION" : "2.53.0",
  "BASIC_AUTH_ENABLED" : "true",
  "FLOWABLE_JOB_EXECUTOR_QUEUE_CAPACITY" : "16",
  "FLOWABLE_JOB_EXECUTOR_CORE_THREADS" : "8"
}#
#2026 09 09 06:28:41.782#Z#DEBUG#b34eb0e1-ac17-11f1-a392-eeee0a8d8db9.OPERATION#http-nio-0.0.0.0-8080-exec-7#
[XS2StartProcessListener] Current user: satyasri.thotakura98@gmail.com#
#2026 09 09 06:28:41.782#Z#DEBUG#b34eb0e1-ac17-11f1-a392-eeee0a8d8db9.OPERATION#http-nio-0.0.0.0-8080-exec-7#
[XS2StartProcessListener] Client space: dev#
#2026 09 09 06:28:41.782#Z#DEBUG#b34eb0e1-ac17-11f1-a392-eeee0a8d8db9.OPERATION#http-nio-0.0.0.0-8080-exec-7#
[XS2StartProcessListener] Client organization: 94060551trial#
#2026 09 09 06:28:41.782#Z#INFO#b34eb0e1-ac17-11f1-a392-eeee0a8d8db9.OPERATION#http-nio-0.0.0.0-8080-exec-7#
[XS2StartProcessListener] Process variables: {
  "keepFiles" : false,
  "skipAppDigestCalculation" : false,
  "abortOnError" : false,
  "mtaId" : "ResilienceCockpit",
  "noFailOnMissingPermissions" : false,
  "isSecurityEnabled" : false,
  "apiRequestPath" : "https://deploy-service.cf.us10-003.hana.ondemand.com/api/v1/spaces/039a1fe6-69a4-4c1e-9b8f-a64d47329d3e/operations",
  "deleteServiceBrokers" : false,
  "appArchiveId" : "70f94f4c-da37-463c-8a23-32418f197e22",
  "isDisposableUserProvidedServiceEnabled" : false,
  "deleteServiceKeys" : false,
  "noRestartSubscribedApps" : false,
  "noStart" : false,
  "deleteServices" : false
}#
#2026 09 09 06:28:42.308#Z#DEBUG#b34eb0e1-ac17-11f1-a392-eeee0a8d8db9.OPERATION#flowable-async-job-executor-thread-4202#
[ValidateDeployParametersStep] Executing task "validateParametersTask" of process "b34eb107-ac17-11f1-a392-eeee0a8d8db9"...#
#2026 09 09 06:28:42.308#Z#DEBUG#b34eb0e1-ac17-11f1-a392-eeee0a8d8db9.OPERATION#flowable-async-job-executor-thread-4202#
[ValidateDeployParametersStep] Validating parameters...#
#2026 09 09 06:28:42.309#Z#INFO#b34eb0e1-ac17-11f1-a392-eeee0a8d8db9.OPERATION#flowable-async-job-executor-thread-4202#
[ValidateDeployParametersStep] Size of mtars is 17,812,683 and size of extension descriptors is 0#
#2026 09 09 06:28:42.337#Z#INFO#b34eb0e1-ac17-11f1-a392-eeee0a8d8db9.OPERATION#flowable-async-job-executor-thread-4202#
[ValidateDeployParametersStep] Archive was not split! Total size in bytes: 17,812,683#
#2026 09 09 06:28:42.337#Z#INFO#b34eb0e1-ac17-11f1-a392-eeee0a8d8db9.OPERATION#flowable-async-job-executor-thread-4202#
[ValidateDeployParametersStep] Deploying in org "94060551trial" and space "dev"#
#2026 09 09 06:28:42.340#Z#DEBUG#b34eb0e1-ac17-11f1-a392-eeee0a8d8db9.OPERATION#flowable-async-job-executor-thread-4202#
[ValidateDeployParametersStep] Parameters validated#
#2026 09 09 06:28:42.340#Z#DEBUG#b34eb0e1-ac17-11f1-a392-eeee0a8d8db9.OPERATION#flowable-async-job-executor-thread-4202#
Step "Validate Parameters" finished#
#2026 09 09 06:28:42.355#Z#DEBUG#b34eb0e1-ac17-11f1-a392-eeee0a8d8db9.OPERATION#flowable-async-job-executor-thread-4203#
[DeleteRemainingFileParts] Executing task "deleteRemainingFileParts" of process "b34eb107-ac17-11f1-a392-eeee0a8d8db9"...#
#2026 09 09 06:28:42.355#Z#DEBUG#b34eb0e1-ac17-11f1-a392-eeee0a8d8db9.OPERATION#flowable-async-job-executor-thread-4203#
Step "Delete Remaining File Parts" finished#
#2026 09 09 06:28:42.369#Z#DEBUG#b34eb0e1-ac17-11f1-a392-eeee0a8d8db9.OPERATION#flowable-async-job-executor-thread-4204#
[XS2ProcessMtaArchiveStep] Executing task "processArchiveTask" of process "b34eb107-ac17-11f1-a392-eeee0a8d8db9"...#
#2026 09 09 06:28:42.369#Z#DEBUG#b34eb0e1-ac17-11f1-a392-eeee0a8d8db9.OPERATION#flowable-async-job-executor-thread-4204#
[XS2ProcessMtaArchiveStep] Processing MTA archive...#
#2026 09 09 06:28:42.369#Z#DEBUG#b34eb0e1-ac17-11f1-a392-eeee0a8d8db9.OPERATION#flowable-async-job-executor-thread-4204#
[XS2ProcessMtaArchiveStep] MTA Archive ID: 70f94f4c-da37-463c-8a23-32418f197e22#
#2026 09 09 06:28:42.617#Z#DEBUG#b34eb0e1-ac17-11f1-a392-eeee0a8d8db9.OPERATION#flowable-async-job-executor-thread-4204#
[XS2ProcessMtaArchiveStep] MTA Descriptor length: 3,793#
#2026 09 09 06:28:42.617#Z#DEBUG#b34eb0e1-ac17-11f1-a392-eeee0a8d8db9.OPERATION#flowable-async-job-executor-thread-4204#
[XS2ProcessMtaArchiveStep] MTA Archive Modules: [ResilienceCockpit-srv, ResilienceCockpit-app-deployer, ResilienceCockpit-db-deployer]#
#2026 09 09 06:28:42.617#Z#DEBUG#b34eb0e1-ac17-11f1-a392-eeee0a8d8db9.OPERATION#flowable-async-job-executor-thread-4204#
[XS2ProcessMtaArchiveStep] MTA Archive Requires: []#
#2026 09 09 06:28:42.617#Z#DEBUG#b34eb0e1-ac17-11f1-a392-eeee0a8d8db9.OPERATION#flowable-async-job-executor-thread-4204#
[XS2ProcessMtaArchiveStep] MTA Archive Resources: [ResilienceCockpit-auth]#
#2026 09 09 06:28:42.622#Z#DEBUG#b34eb0e1-ac17-11f1-a392-eeee0a8d8db9.OPERATION#flowable-async-job-executor-thread-4204#
[XS2ProcessMtaArchiveStep] MTA archive processed#
#2026 09 09 06:28:42.622#Z#DEBUG#b34eb0e1-ac17-11f1-a392-eeee0a8d8db9.OPERATION#flowable-async-job-executor-thread-4204#
Step "Process Archive" finished#
#2026 09 09 06:28:42.640#Z#DEBUG#b34eb0e1-ac17-11f1-a392-eeee0a8d8db9.OPERATION#flowable-async-job-executor-thread-4205#
[ProcessMtaExtensionDescriptorsStep] Executing task "processExtensionDescriptorsTask" of process "b34eb107-ac17-11f1-a392-eeee0a8d8db9"...#
#2026 09 09 06:28:42.640#Z#DEBUG#b34eb0e1-ac17-11f1-a392-eeee0a8d8db9.OPERATION#flowable-async-job-executor-thread-4205#
[ProcessMtaExtensionDescriptorsStep] Processing MTA extension descriptors...#
#2026 09 09 06:28:42.641#Z#DEBUG#b34eb0e1-ac17-11f1-a392-eeee0a8d8db9.OPERATION#flowable-async-job-executor-thread-4205#
[ProcessMtaExtensionDescriptorsStep] Provided extension descriptors: [ ]#
#2026 09 09 06:28:42.641#Z#DEBUG#b34eb0e1-ac17-11f1-a392-eeee0a8d8db9.OPERATION#flowable-async-job-executor-thread-4205#
[ProcessMtaExtensionDescriptorsStep] No extension descriptors in use#
#2026 09 09 06:28:42.641#Z#DEBUG#b34eb0e1-ac17-11f1-a392-eeee0a8d8db9.OPERATION#flowable-async-job-executor-thread-4205#
[ProcessMtaExtensionDescriptorsStep] MTA extension descriptors processed#
#2026 09 09 06:28:42.641#Z#DEBUG#b34eb0e1-ac17-11f1-a392-eeee0a8d8db9.OPERATION#flowable-async-job-executor-thread-4205#
Step "Process Extension Descriptors" finished#
#2026 09 09 06:28:42.655#Z#DEBUG#b34eb0e1-ac17-11f1-a392-eeee0a8d8db9.OPERATION#flowable-async-job-executor-thread-4206#
[XS2DetectMtaSchemaVersionStep] Executing task "detectSchemaVersionTask" of process "b34eb107-ac17-11f1-a392-eeee0a8d8db9"...#
#2026 09 09 06:28:42.655#Z#DEBUG#b34eb0e1-ac17-11f1-a392-eeee0a8d8db9.OPERATION#flowable-async-job-executor-thread-4206#
[XS2DetectMtaSchemaVersionStep] Detecting MTA major schema version...#
#2026 09 09 06:28:42.656#Z#INFO#b34eb0e1-ac17-11f1-a392-eeee0a8d8db9.OPERATION#flowable-async-job-executor-thread-4206#
[XS2DetectMtaSchemaVersionStep] Detected MTA schema version: "3"#
#2026 09 09 06:28:42.658#Z#DEBUG#b34eb0e1-ac17-11f1-a392-eeee0a8d8db9.OPERATION#flowable-async-job-executor-thread-4206#
Step "Detect Schema Version" finished#
#2026 09 09 06:28:42.672#Z#DEBUG#b34eb0e1-ac17-11f1-a392-eeee0a8d8db9.OPERATION#flowable-async-job-executor-thread-4207#
[MergeDescriptorsStep] Executing task "mergeDescriptorsTask" of process "b34eb107-ac17-11f1-a392-eeee0a8d8db9"...#
#2026 09 09 06:28:42.672#Z#DEBUG#b34eb0e1-ac17-11f1-a392-eeee0a8d8db9.OPERATION#flowable-async-job-executor-thread-4207#
[MergeDescriptorsStep] Validating and merging descriptors...#
#2026 09 09 06:28:42.680#Z#DEBUG#b34eb0e1-ac17-11f1-a392-eeee0a8d8db9.OPERATION#flowable-async-job-executor-thread-4207#
[MergeDescriptorsStep] Merged deployment descriptor: {
  "majorSchemaVersion" : 3,
  "schemaVersion" : "3.3.0",
  "id" : "ResilienceCockpit",
  "version" : "1.0.0",
  "modules" : [ {
    "majorSchemaVersion" : 3,
    "name" : "ResilienceCockpit-srv",
    "type" : "javascript.nodejs",
    "path" : "ResilienceCockpit-srv",
    "properties" : { },
    "parameters" : {
      "buildpack" : "nodejs_buildpack",
      "instances" : 1
    },
    "requiredDependencies" : [ {
      "majorSchemaVersion" : 3,
      "name" : "********",
      "properties" : { },
      "parameters" : { },
      "propertiesMetadata" : {
        "metadata" : { }
      },
      "parametersMetadata" : {
        "metadata" : { }
      }
    }, {
      "majorSchemaVersion" : 3,
      "name" : "ResilienceCockpit-db",
      "properties" : { },
      "parameters" : { },
      "propertiesMetadata" : {
        "metadata" : { }
      },
      "parametersMetadata" : {
        "metadata" : { }
      }
    }, {
      "majorSchemaVersion" : 3,
      "name" : "ResilienceCockpit-connectivity",
      "properties" : { },
      "parameters" : { },
      "propertiesMetadata" : {
        "metadata" : { }
      },
      "parametersMetadata" : {
        "metadata" : { }
      }
    }, {
      "majorSchemaVersion" : 3,
      "name" : "ResilienceCockpit-destination",
      "properties" : { },
      "parameters" : { },
      "propertiesMetadata" : {
        "metadata" : { }
      },
      "parametersMetadata" : {
        "metadata" : { }
      }
    }, {
      "majorSchemaVersion" : 3,
      "name" : "ResilienceCockpit-logging",
      "properties" : { },
      "parameters" : { },
      "propertiesMetadata" : {
        "metadata" : { }
      },
      "parametersMetadata" : {
        "metadata" : { }
      }
    } ],
    "providedDependencies" : [ {
      "majorSchemaVersion" : 3,
      "name" : "srv-api",
      "isPublic" : false,
      "properties" : {
        "srv-url" : "${default-url}"
      },
      "parameters" : { },
      "propertiesMetadata" : {
        "metadata" : { }
      },
      "parametersMetadata" : {
        "metadata" : { }
      }
    }, {
      "majorSchemaVersion" : 3,
      "name" : "ResilienceCockpit-srv",
      "isPublic" : false,
      "properties" : { },
      "parameters" : { },
      "propertiesMetadata" : {
        "metadata" : { }
      },
      "parametersMetadata" : {
        "metadata" : { }
      }
    } ],
    "propertiesMetadata" : {
      "metadata" : { }
    },
    "parametersMetadata" : {
      "metadata" : { }
    },
    "hooks" : [ ]
  }, {
    "majorSchemaVersion" : 3,
    "name" : "ResilienceCockpit-db-deployer",
    "type" : "com.sap.xs.hdi",
    "path" : "ResilienceCockpit-db-deployer",
    "properties" : {
      "EXIT" : 1
    },
    "parameters" : {
      "memory" : "256M",
      "buildpack" : "nodejs_buildpack",
      "no-route" : true,
      "dependency-type" : "hard",
      "tasks" : [ {
        "name" : "deploy",
        "memory" : "256M",
        "command" : "npm start"
      } ],
      "no-start" : true
    },
    "requiredDependencies" : [ {
      "majorSchemaVersion" : 3,
      "name" : "ResilienceCockpit-db",
      "properties" : { },
      "parameters" : { },
      "propertiesMetadata" : {
        "metadata" : { }
      },
      "parametersMetadata" : {
        "metadata" : { }
      }
    } ],
    "providedDependencies" : [ {
      "majorSchemaVersion" : 3,
      "name" : "ResilienceCockpit-db-deployer",
      "isPublic" : false,
      "properties" : { },
      "parameters" : { },
      "propertiesMetadata" : {
        "metadata" : { }
      },
      "parametersMetadata" : {
        "metadata" : { }
      }
    } ],
    "propertiesMetadata" : {
      "metadata" : { }
    },
    "parametersMetadata" : {
      "metadata" : { }
    },
    "hooks" : [ ]
  }, {
    "majorSchemaVersion" : 3,
    "name" : "ResilienceCockpit-app-deployer",
    "type" : "com.sap.application.content",
    "path" : "ResilienceCockpit-app-deployer",
    "properties" : { },
    "parameters" : { },
    "requiredDependencies" : [ {
      "majorSchemaVersion" : 3,
      "name" : "********",
      "properties" : { },
      "parameters" : { },
      "propertiesMetadata" : {
        "metadata" : { }
      },
      "parametersMetadata" : {
        "metadata" : { }
      }
    }, {
      "majorSchemaVersion" : 3,
      "name" : "srv-api",
      "properties" : { },
      "parameters" : { },
      "propertiesMetadata" : {
        "metadata" : { }
      },
      "parametersMetadata" : {
        "metadata" : { }
      }
    }, {
      "majorSchemaVersion" : 3,
      "name" : "ResilienceCockpit-html5-repo-host",
      "properties" : { },
      "parameters" : {
        "config" : {
          "HTML5Runtime_enabled" : false
        },
        "content-target" : true
      },
      "propertiesMetadata" : {
        "metadata" : { }
      },
      "parametersMetadata" : {
        "metadata" : { }
      }
    } ],
    "providedDependencies" : [ {
      "majorSchemaVersion" : 3,
      "name" : "ResilienceCockpit-app-deployer",
      "isPublic" : false,
      "properties" : { },
      "parameters" : { },
      "propertiesMetadata" : {
        "metadata" : { }
      },
      "parametersMetadata" : {
        "metadata" : { }
      }
    } ],
    "propertiesMetadata" : {
      "metadata" : { }
    },
    "parametersMetadata" : {
      "metadata" : { }
    },
    "hooks" : [ ]
  }, {
    "majorSchemaVersion" : 3,
    "name" : "ResilienceCockpit-destination-content",
    "type" : "com.sap.application.content",
    "properties" : { },
    "parameters" : {
      "content" : {
        "instance" : {
          "destinations" : [ {
            "Authentication" : "********",
            "Name" : "srv-api",
            "TokenServiceInstanceName" : "********",
            "TokenServiceKeyName" : "********",
            "URL" : "~{srv-api/srv-url}"
          }, {
            "Name" : "ResilienceCockpit-html5-repo-host",
            "ServiceInstanceName" : "ResilienceCockpit-html5-repo-host",
            "ServiceKeyName" : "********",
            "sap.cloud.service" : "nexus"
          }, {
            "Authentication" : "********",
            "Name" : "********",
            "ServiceInstanceName" : "********",
            "ServiceKeyName" : "********"
          } ],
          "existing_destinations_policy" : "update"
        }
      }
    },
    "requiredDependencies" : [ {
      "majorSchemaVersion" : 3,
      "name" : "********",
      "properties" : { },
      "parameters" : {
        "service-key" : "********"
      },
      "propertiesMetadata" : {
        "metadata" : { }
      },
      "parametersMetadata" : {
        "metadata" : { }
      }
    }, {
      "majorSchemaVersion" : 3,
      "name" : "ResilienceCockpit-html5-repo-host",
      "properties" : { },
      "parameters" : {
        "service-key" : "********"
      },
      "propertiesMetadata" : {
        "metadata" : { }
      },
      "parametersMetadata" : {
        "metadata" : { }
      }
    }, {
      "majorSchemaVersion" : 3,
      "name" : "srv-api",
      "properties" : { },
      "parameters" : { },
      "propertiesMetadata" : {
        "metadata" : { }
      },
      "parametersMetadata" : {
        "metadata" : { }
      }
    }, {
      "majorSchemaVersion" : 3,
      "name" : "ResilienceCockpit-destination",
      "properties" : { },
      "parameters" : {
        "content-target" : true
      },
      "propertiesMetadata" : {
        "metadata" : { }
      },
      "parametersMetadata" : {
        "metadata" : { }
      }
    } ],
    "providedDependencies" : [ {
      "majorSchemaVersion" : 3,
      "name" : "ResilienceCockpit-destination-content",
      "isPublic" : false,
      "properties" : { },
      "parameters" : { },
      "propertiesMetadata" : {
        "metadata" : { }
      },
      "parametersMetadata" : {
        "metadata" : { }
      }
    } ],
    "propertiesMetadata" : {
      "metadata" : { }
    },
    "parametersMetadata" : {
      "metadata" : { }
    },
    "hooks" : [ ]
  } ],
  "resources" : [ {
    "majorSchemaVersion" : 3,
    "name" : "********",
    "type" : "org.cloudfoundry.managed-service",
    "properties" : { },
    "parameters" : {
      "path" : "./xs-security.json",
      "service-plan" : "application",
      "type" : "managed-service",
      "config" : {
        "oauth2-configuration" : "********",
        "tenant-mode" : "dedicated",
        "xsappname" : "ResilienceCockpit-${org}-${space}"
      },
      "service" : "xsuaa"
    },
    "isActive" : true,
    "isOptional" : false,
    "propertiesMetadata" : {
      "metadata" : { }
    },
    "parametersMetadata" : {
      "metadata" : { }
    },
    "requiredDependencies" : [ ],
    "processedAfter" : [ ]
  }, {
    "majorSchemaVersion" : 3,
    "name" : "ResilienceCockpit-db",
    "type" : "com.sap.xs.hdi-container",
    "properties" : { },
    "parameters" : {
      "type" : "managed-service",
      "service" : "hana",
      "service-plan" : "hdi-shared"
    },
    "isActive" : true,
    "isOptional" : false,
    "propertiesMetadata" : {
      "metadata" : { }
    },
    "parametersMetadata" : {
      "metadata" : { }
    },
    "requiredDependencies" : [ ],
    "processedAfter" : [ ]
  }, {
    "majorSchemaVersion" : 3,
    "name" : "ResilienceCockpit-connectivity",
    "type" : "org.cloudfoundry.managed-service",
    "properties" : { },
    "parameters" : {
      "type" : "managed-service",
      "service" : "connectivity",
      "service-plan" : "lite"
    },
    "isActive" : true,
    "isOptional" : false,
    "propertiesMetadata" : {
      "metadata" : { }
    },
    "parametersMetadata" : {
      "metadata" : { }
    },
    "requiredDependencies" : [ ],
    "processedAfter" : [ ]
  }, {
    "majorSchemaVersion" : 3,
    "name" : "ResilienceCockpit-destination",
    "type" : "org.cloudfoundry.managed-service",
    "properties" : { },
    "parameters" : {
      "service-plan" : "lite",
      "type" : "managed-service",
      "config" : {
        "HTML5Runtime_enabled" : true,
        "init_data" : {
          "instance" : {
            "destinations" : [ {
              "Authentication" : "********",
              "Name" : "ui5",
              "ProxyType" : "Internet",
              "Type" : "HTTP",
              "URL" : "https://ui5.sap.com"
            } ],
            "existing_destinations_policy" : "update"
          }
        }
      },
      "service" : "destination"
    },
    "isActive" : true,
    "isOptional" : false,
    "propertiesMetadata" : {
      "metadata" : { }
    },
    "parametersMetadata" : {
      "metadata" : { }
    },
    "requiredDependencies" : [ {
      "majorSchemaVersion" : 3,
      "name" : "srv-api",
      "properties" : { },
      "parameters" : { },
      "propertiesMetadata" : {
        "metadata" : { }
      },
      "parametersMetadata" : {
        "metadata" : { }
      }
    } ],
    "processedAfter" : [ ]
  }, {
    "majorSchemaVersion" : 3,
    "name" : "ResilienceCockpit-html5-repo-host",
    "type" : "org.cloudfoundry.managed-service",
    "properties" : { },
    "parameters" : {
      "type" : "managed-service",
      "service" : "html5-apps-repo",
      "service-plan" : "app-host"
    },
    "isActive" : true,
    "isOptional" : false,
    "propertiesMetadata" : {
      "metadata" : { }
    },
    "parametersMetadata" : {
      "metadata" : { }
    },
    "requiredDependencies" : [ ],
    "processedAfter" : [ ]
  }, {
    "majorSchemaVersion" : 3,
    "name" : "ResilienceCockpit-logging",
    "type" : "org.cloudfoundry.managed-service",
    "properties" : { },
    "parameters" : {
      "type" : "managed-service",
      "service" : "application-logs",
      "service-plan" : "lite"
    },
    "isActive" : true,
    "isOptional" : false,
    "propertiesMetadata" : {
      "metadata" : { }
    },
    "parametersMetadata" : {
      "metadata" : { }
    },
    "requiredDependencies" : [ ],
    "processedAfter" : [ ]
  } ],
  "parameters" : {
    "enable-parallel-deployments" : true,
    "deploy_mode" : "html5-repo"
  },
  "parametersMetadata" : {
    "metadata" : { }
  }
}#
#2026 09 09 06:28:42.681#Z#DEBUG#b34eb0e1-ac17-11f1-a392-eeee0a8d8db9.OPERATION#flowable-async-job-executor-thread-4207#
[MergeDescriptorsStep] Descriptors validated and merged#
#2026 09 09 06:28:42.681#Z#DEBUG#b34eb0e1-ac17-11f1-a392-eeee0a8d8db9.OPERATION#flowable-async-job-executor-thread-4207#
Step "Merge Descriptors" finished#
#2026 09 09 06:28:42.697#Z#DEBUG#b34eb0e1-ac17-11f1-a392-eeee0a8d8db9.OPERATION#flowable-async-job-executor-thread-4208#
[CollectCloudLoggingServiceParametersStep] Executing task "sid-9C5714DF-CEC8-4019-8873-CBBA99AC459A" of process "b34eb107-ac17-11f1-a392-eeee0a8d8db9"...#
#2026 09 09 06:28:42.699#Z#DEBUG#b34eb0e1-ac17-11f1-a392-eeee0a8d8db9.OPERATION#flowable-async-job-executor-thread-4208#
Step "Collect Cloud Logging Service Parameters" finished#
#2026 09 09 06:28:42.712#Z#DEBUG#b34eb0e1-ac17-11f1-a392-eeee0a8d8db9.OPERATION#flowable-async-job-executor-thread-4209#
[DetectDeployedMtaStep] Executing task "detectDeployedMtaTask" of process "b34eb107-ac17-11f1-a392-eeee0a8d8db9"...#
#2026 09 09 06:28:42.712#Z#DEBUG#b34eb0e1-ac17-11f1-a392-eeee0a8d8db9.OPERATION#flowable-async-job-executor-thread-4209#
[DetectDeployedMtaStep] Detecting deployed MTA...#
#2026 09 09 06:28:42.768#Z#DEBUG#b34eb0e1-ac17-11f1-a392-eeee0a8d8db9.OPERATION#flowable-async-job-executor-thread-4209#
[DetectDeployedMtaStep] Detecting MTA by id ResilienceCockpit and namespace null#
#2026 09 09 06:28:42.768#Z#DEBUG#b34eb0e1-ac17-11f1-a392-eeee0a8d8db9.OPERATION#flowable-async-job-executor-thread-4209#
[DetectDeployedMtaStep] Getting applications by metadata label selector "mta_id=12714f170fc41ee91010bfb8bfd6b5c9,!mta_namespace"...#
#2026 09 09 06:28:42.812#Z#DEBUG#b34eb0e1-ac17-11f1-a392-eeee0a8d8db9.OPERATION#flowable-async-job-executor-thread-4209#
[DetectDeployedMtaStep] Getting service instances by metadata label selector "mta_id=12714f170fc41ee91010bfb8bfd6b5c9,!mta_namespace"...#
#2026 09 09 06:28:42.919#Z#DEBUG#b34eb0e1-ac17-11f1-a392-eeee0a8d8db9.OPERATION#flowable-async-job-executor-thread-4209#
[DetectDeployedMtaStep] Deployed MTA: {
  "metadata" : {
    "id" : "ResilienceCockpit",
    "version" : "1.0.0"
  },
  "applications" : [ {
    "name" : "ResilienceCockpit-srv",
    "metadata" : {
      "guid" : "846298f7-a9cf-4b9f-a20b-63e370407f6e",
      "createdAt" : [ 2026, 8, 25, 8, 30, 21 ],
      "updatedAt" : [ 2026, 9, 9, 0, 0, 56 ]
    },
    "v3Metadata" : {
      "annotations" : {
        "mta_id" : "ResilienceCockpit",
        "mta_version" : "1.0.0",
        "mta_module" : "{\"name\":\"ResilienceCockpit-srv\"}",
        "mta_module_provided_dependencies" : "[]",
        "mta_bound_services" : "********"
      },
      "labels" : {
        "mta_id" : "12714f170fc41ee91010bfb8bfd6b5c9"
      }
    },
    "state" : "STOPPED",
    "lifecycle" : {
      "type" : "BUILDPACK",
      "data" : {
        "buildpacks" : [ "nodejs_buildpack" ],
        "stack" : "cflinuxfs4"
      }
    },
    "space" : {
      "name" : "dev",
      "metadata" : {
        "guid" : "039a1fe6-69a4-4c1e-9b8f-a64d47329d3e",
        "createdAt" : [ 2026, 7, 19, 3, 49, 2 ],
        "updatedAt" : [ 2026, 7, 19, 3, 49, 2 ]
      },
      "organization" : {
        "name" : "94060551trial",
        "metadata" : {
          "guid" : "78e7b825-503f-4bdc-af4e-be86d7f43c8e",
          "createdAt" : [ 2026, 7, 19, 3, 49, 1 ],
          "updatedAt" : [ 2026, 7, 19, 3, 49, 2 ]
        }
      }
    },
    "moduleName" : "ResilienceCockpit-srv",
    "boundMtaServices" : [ "********", "ResilienceCockpit-db", "ResilienceCockpit-connectivity", "ResilienceCockpit-destination", "ResilienceCockpit-logging" ],
    "providedDependencyNames" : [ ],
    "productizationState" : "LIVE"
  }, {
    "name" : "ResilienceCockpit-db-deployer",
    "metadata" : {
      "guid" : "2d23200b-60aa-4519-b7f8-9f40de7a8ecc",
      "createdAt" : [ 2026, 8, 25, 8, 30, 23 ],
      "updatedAt" : [ 2026, 9, 8, 7, 50, 48 ]
    },
    "v3Metadata" : {
      "annotations" : {
        "mta_id" : "ResilienceCockpit",
        "mta_version" : "1.0.0",
        "mta_module" : "{\"name\":\"ResilienceCockpit-db-deployer\"}",
        "mta_module_provided_dependencies" : "[]",
        "mta_bound_services" : "[\"ResilienceCockpit-db\"]"
      },
      "labels" : {
        "mta_id" : "12714f170fc41ee91010bfb8bfd6b5c9"
      }
    },
    "state" : "STOPPED",
    "lifecycle" : {
      "type" : "BUILDPACK",
      "data" : {
        "buildpacks" : [ "nodejs_buildpack" ],
        "stack" : "cflinuxfs4"
      }
    },
    "space" : {
      "name" : "dev",
      "metadata" : {
        "guid" : "039a1fe6-69a4-4c1e-9b8f-a64d47329d3e",
        "createdAt" : [ 2026, 7, 19, 3, 49, 2 ],
        "updatedAt" : [ 2026, 7, 19, 3, 49, 2 ]
      },
      "organization" : {
        "name" : "94060551trial",
        "metadata" : {
          "guid" : "78e7b825-503f-4bdc-af4e-be86d7f43c8e",
          "createdAt" : [ 2026, 7, 19, 3, 49, 1 ],
          "updatedAt" : [ 2026, 7, 19, 3, 49, 2 ]
        }
      }
    },
    "moduleName" : "ResilienceCockpit-db-deployer",
    "boundMtaServices" : [ "ResilienceCockpit-db" ],
    "providedDependencyNames" : [ ],
    "productizationState" : "LIVE"
  } ],
  "services" : [ {
    "name" : "ResilienceCockpit-db",
    "metadata" : {
      "guid" : "793c82c4-0c29-4054-8664-8ad70f1aaf7d",
      "createdAt" : [ 2026, 8, 25, 8, 30, 5 ],
      "updatedAt" : [ 2026, 8, 25, 8, 30, 5 ]
    },
    "v3Metadata" : {
      "annotations" : {
        "mta_id" : "ResilienceCockpit",
        "mta_version" : "1.0.0",
        "mta_resource" : "{\"name\":\"ResilienceCockpit-db\"}"
      },
      "labels" : {
        "mta_id" : "12714f170fc41ee91010bfb8bfd6b5c9"
      }
    },
    "label" : "hana",
    "plan" : "hdi-shared",
    "credentials" : "********",
    "tags" : [ ],
    "type" : "managed",
    "lastOperation" : {
      "type" : "CREATE",
      "state" : "SUCCEEDED"
    },
    "resourceName" : "ResilienceCockpit-db"
  }, {
    "name" : "ResilienceCockpit-destination",
    "metadata" : {
      "guid" : "b320a563-1340-4020-8574-566b1e2175a9",
      "createdAt" : [ 2026, 8, 25, 11, 44, 14 ],
      "updatedAt" : [ 2026, 8, 25, 11, 44, 19 ]
    },
    "v3Metadata" : {
      "annotations" : {
        "mta_id" : "ResilienceCockpit",
        "mta_version" : "1.0.0",
        "mta_resource" : "{\"name\":\"ResilienceCockpit-destination\"}"
      },
      "labels" : {
        "mta_id" : "12714f170fc41ee91010bfb8bfd6b5c9"
      }
    },
    "label" : "destination",
    "plan" : "lite",
    "credentials" : "********",
    "tags" : [ ],
    "type" : "managed",
    "lastOperation" : {
      "type" : "UPDATE",
      "description" : "",
      "state" : "SUCCEEDED"
    },
    "resourceName" : "ResilienceCockpit-destination"
  }, {
    "name" : "ResilienceCockpit-connectivity",
    "metadata" : {
      "guid" : "57ce73c3-9d98-4630-a914-bb3fe51155dc",
      "createdAt" : [ 2026, 8, 25, 8, 30, 4 ],
      "updatedAt" : [ 2026, 8, 25, 8, 30, 6 ]
    },
    "v3Metadata" : {
      "annotations" : {
        "mta_id" : "ResilienceCockpit",
        "mta_version" : "1.0.0",
        "mta_resource" : "{\"name\":\"ResilienceCockpit-connectivity\"}"
      },
      "labels" : {
        "mta_id" : "12714f170fc41ee91010bfb8bfd6b5c9"
      }
    },
    "label" : "connectivity",
    "plan" : "lite",
    "credentials" : "********",
    "tags" : [ ],
    "type" : "managed",
    "lastOperation" : {
      "type" : "CREATE",
      "description" : "",
      "state" : "SUCCEEDED"
    },
    "resourceName" : "ResilienceCockpit-connectivity"
  }, {
    "name" : "ResilienceCockpit-html5-repo-host",
    "metadata" : {
      "guid" : "fd6aaf90-4cca-4826-9764-60a919421480",
      "createdAt" : [ 2026, 8, 25, 8, 30, 6 ],
      "updatedAt" : [ 2026, 8, 25, 8, 30, 7 ]
    },
    "v3Metadata" : {
      "annotations" : {
        "mta_id" : "ResilienceCockpit",
        "mta_version" : "1.0.0",
        "mta_resource" : "{\"name\":\"ResilienceCockpit-html5-repo-host\"}"
      },
      "labels" : {
        "mta_id" : "12714f170fc41ee91010bfb8bfd6b5c9"
      }
    },
    "label" : "html5-apps-repo",
    "plan" : "app-host",
    "credentials" : "********",
    "tags" : [ ],
    "type" : "managed",
    "lastOperation" : {
      "type" : "CREATE",
      "description" : "",
      "state" : "SUCCEEDED"
    },
    "resourceName" : "ResilienceCockpit-html5-repo-host"
  }, {
    "name" : "ResilienceCockpit-logging",
    "metadata" : {
      "guid" : "336ec7d3-cd56-4076-bb50-7f23f8654af2",
      "createdAt" : [ 2026, 8, 25, 8, 30, 2 ],
      "updatedAt" : [ 2026, 8, 25, 8, 30, 3 ]
    },
    "v3Metadata" : {
      "annotations" : {
        "mta_id" : "ResilienceCockpit",
        "mta_version" : "1.0.0",
        "mta_resource" : "{\"name\":\"ResilienceCockpit-logging\"}"
      },
      "labels" : {
        "mta_id" : "12714f170fc41ee91010bfb8bfd6b5c9"
      }
    },
    "label" : "application-logs",
    "plan" : "lite",
    "credentials" : "********",
    "tags" : [ ],
    "type" : "managed",
    "lastOperation" : {
      "type" : "CREATE",
      "description" : "",
      "state" : "SUCCEEDED"
    },
    "resourceName" : "ResilienceCockpit-logging"
  }, {
    "name" : "********",
    "metadata" : {
      "guid" : "a4201f74-f0ad-456c-947a-8ce52d2ae7ca",
      "createdAt" : [ 2026, 8, 25, 8, 30, 2 ],
      "updatedAt" : [ 2026, 8, 25, 8, 30, 3 ]
    },
    "v3Metadata" : {
      "annotations" : {
        "mta_id" : "ResilienceCockpit",
        "mta_version" : "1.0.0",
        "mta_resource" : "********"
      },
      "labels" : {
        "mta_id" : "12714f170fc41ee91010bfb8bfd6b5c9"
      }
    },
    "label" : "xsuaa",
    "plan" : "application",
    "credentials" : "********",
    "tags" : [ ],
    "type" : "managed",
    "lastOperation" : {
      "type" : "UPDATE",
      "description" : "",
      "state" : "SUCCEEDED"
    },
    "resourceName" : "********"
  } ]
}#
#2026 09 09 06:28:42.919#Z#INFO#b34eb0e1-ac17-11f1-a392-eeee0a8d8db9.OPERATION#flowable-async-job-executor-thread-4209#
[DetectDeployedMtaStep] Detected deployed MTA with ID "ResilienceCockpit" and version "1.0.0"#
#2026 09 09 06:28:42.921#Z#DEBUG#b34eb0e1-ac17-11f1-a392-eeee0a8d8db9.OPERATION#flowable-async-job-executor-thread-4209#
[DetectDeployedMtaStep] Detecting backup mta by id "ResilienceCockpit" and namespace "null"#
#2026 09 09 06:28:42.921#Z#DEBUG#b34eb0e1-ac17-11f1-a392-eeee0a8d8db9.OPERATION#flowable-async-job-executor-thread-4209#
[DetectDeployedMtaStep] Getting applications by metadata label selector "mta_id=12714f170fc41ee91010bfb8bfd6b5c9,mta_namespace=b698114a0995e936895b9598a6c19a2c"...#
#2026 09 09 06:28:42.943#Z#DEBUG#b34eb0e1-ac17-11f1-a392-eeee0a8d8db9.OPERATION#flowable-async-job-executor-thread-4209#
[DetectDeployedMtaStep] Getting service instances by metadata label selector "mta_id=12714f170fc41ee91010bfb8bfd6b5c9,mta_namespace=b698114a0995e936895b9598a6c19a2c"...#
#2026 09 09 06:28:43.010#Z#DEBUG#b34eb0e1-ac17-11f1-a392-eeee0a8d8db9.OPERATION#flowable-async-job-executor-thread-4209#
[DetectDeployedMtaStep] Deployed MTA service keys: [ {
  "name" : "********",
  "metadata" : {
    "guid" : "5d6a90ac-d2af-4efb-9c74-52d5e2c186dd",
    "createdAt" : [ 2026, 8, 25, 8, 30, 22 ],
    "updatedAt" : [ 2026, 8, 25, 8, 30, 23 ]
  },
  "v3Metadata" : {
    "annotations" : {
      "mta_id" : "ResilienceCockpit",
      "mta_version" : "1.0.0"
    },
    "labels" : {
      "mta_id" : "12714f170fc41ee91010bfb8bfd6b5c9",
      "space_guid" : "039a1fe6-69a4-4c1e-9b8f-a64d47329d3e"
    }
  },
  "serviceInstance" : {
    "name" : "********",
    "metadata" : {
      "guid" : "a4201f74-f0ad-456c-947a-8ce52d2ae7ca",
      "createdAt" : [ 2026, 8, 25, 8, 30, 2 ],
      "updatedAt" : [ 2026, 8, 25, 8, 30, 3 ]
    },
    "v3Metadata" : {
      "annotations" : {
        "mta_id" : "ResilienceCockpit",
        "mta_version" : "1.0.0",
        "mta_resource" : "********"
      },
      "labels" : {
        "mta_id" : "12714f170fc41ee91010bfb8bfd6b5c9"
      }
    },
    "credentials" : "********",
    "tags" : [ ],
    "type" : "managed"
  }
}, {
  "name" : "********",
  "metadata" : {
    "guid" : "de7350a4-f280-459d-afc2-ad86ef46b093",
    "createdAt" : [ 2026, 8, 25, 8, 30, 22 ],
    "updatedAt" : [ 2026, 8, 25, 8, 30, 23 ]
  },
  "v3Metadata" : {
    "annotations" : {
      "mta_id" : "ResilienceCockpit",
      "mta_version" : "1.0.0"
    },
    "labels" : {
      "mta_id" : "12714f170fc41ee91010bfb8bfd6b5c9",
      "space_guid" : "039a1fe6-69a4-4c1e-9b8f-a64d47329d3e"
    }
  },
  "serviceInstance" : {
    "name" : "ResilienceCockpit-html5-repo-host",
    "metadata" : {
      "guid" : "fd6aaf90-4cca-4826-9764-60a919421480",
      "createdAt" : [ 2026, 8, 25, 8, 30, 6 ],
      "updatedAt" : [ 2026, 8, 25, 8, 30, 7 ]
    },
    "v3Metadata" : {
      "annotations" : {
        "mta_id" : "ResilienceCockpit",
        "mta_version" : "1.0.0",
        "mta_resource" : "{\"name\":\"ResilienceCockpit-html5-repo-host\"}"
      },
      "labels" : {
        "mta_id" : "12714f170fc41ee91010bfb8bfd6b5c9"
      }
    },
    "credentials" : "********",
    "tags" : [ ],
    "type" : "managed"
  }
}, {
  "name" : "********",
  "metadata" : {
    "guid" : "a740b217-4eaa-4fba-94d5-6b134f537e01",
    "createdAt" : [ 2026, 8, 25, 8, 30, 23 ],
    "updatedAt" : [ 2026, 8, 25, 8, 30, 23 ]
  },
  "v3Metadata" : {
    "annotations" : {
      "mta_id" : "ResilienceCockpit",
      "mta_version" : "1.0.0"
    },
    "labels" : {
      "mta_id" : "12714f170fc41ee91010bfb8bfd6b5c9",
      "space_guid" : "039a1fe6-69a4-4c1e-9b8f-a64d47329d3e"
    }
  },
  "serviceInstance" : {
    "name" : "********",
    "metadata" : {
      "guid" : "a4201f74-f0ad-456c-947a-8ce52d2ae7ca",
      "createdAt" : [ 2026, 8, 25, 8, 30, 2 ],
      "updatedAt" : [ 2026, 8, 25, 8, 30, 3 ]
    },
    "v3Metadata" : {
      "annotations" : {
        "mta_id" : "ResilienceCockpit",
        "mta_version" : "1.0.0",
        "mta_resource" : "********"
      },
      "labels" : {
        "mta_id" : "12714f170fc41ee91010bfb8bfd6b5c9"
      }
    },
    "credentials" : "********",
    "tags" : [ ],
    "type" : "managed"
  }
}, {
  "name" : "********",
  "metadata" : {
    "guid" : "67b06842-65c2-44d3-9ce0-5b5dfc51df85",
    "createdAt" : [ 2026, 8, 25, 8, 30, 23 ],
    "updatedAt" : [ 2026, 8, 25, 8, 30, 24 ]
  },
  "v3Metadata" : {
    "annotations" : {
      "mta_id" : "ResilienceCockpit",
      "mta_version" : "1.0.0"
    },
    "labels" : {
      "mta_id" : "12714f170fc41ee91010bfb8bfd6b5c9",
      "space_guid" : "039a1fe6-69a4-4c1e-9b8f-a64d47329d3e"
    }
  },
  "serviceInstance" : {
    "name" : "ResilienceCockpit-html5-repo-host",
    "metadata" : {
      "guid" : "fd6aaf90-4cca-4826-9764-60a919421480",
      "createdAt" : [ 2026, 8, 25, 8, 30, 6 ],
      "updatedAt" : [ 2026, 8, 25, 8, 30, 7 ]
    },
    "v3Metadata" : {
      "annotations" : {
        "mta_id" : "ResilienceCockpit",
        "mta_version" : "1.0.0",
        "mta_resource" : "{\"name\":\"ResilienceCockpit-html5-repo-host\"}"
      },
      "labels" : {
        "mta_id" : "12714f170fc41ee91010bfb8bfd6b5c9"
      }
    },
    "credentials" : "********",
    "tags" : [ ],
    "type" : "managed"
  }
}, {
  "name" : "********",
  "metadata" : {
    "guid" : "7ddd25ac-6128-41d8-b339-11a4a5e9f307",
    "createdAt" : [ 2026, 8, 25, 11, 44, 32 ],
    "updatedAt" : [ 2026, 8, 25, 11, 44, 34 ]
  },
  "v3Metadata" : {
    "annotations" : {
      "mta_id" : "ResilienceCockpit",
      "mta_version" : "1.0.0"
    },
    "labels" : {
      "mta_id" : "12714f170fc41ee91010bfb8bfd6b5c9",
      "space_guid" : "039a1fe6-69a4-4c1e-9b8f-a64d47329d3e"
    }
  },
  "serviceInstance" : {
    "name" : "ResilienceCockpit-destination",
    "metadata" : {
      "guid" : "b320a563-1340-4020-8574-566b1e2175a9",
      "createdAt" : [ 2026, 8, 25, 11, 44, 14 ],
      "updatedAt" : [ 2026, 8, 25, 11, 44, 19 ]
    },
    "v3Metadata" : {
      "annotations" : {
        "mta_id" : "ResilienceCockpit",
        "mta_version" : "1.0.0",
        "mta_resource" : "{\"name\":\"ResilienceCockpit-destination\"}"
      },
      "labels" : {
        "mta_id" : "12714f170fc41ee91010bfb8bfd6b5c9"
      }
    },
    "credentials" : "********",
    "tags" : [ ],
    "type" : "managed"
  }
} ]#
#2026 09 09 06:28:43.010#Z#DEBUG#b34eb0e1-ac17-11f1-a392-eeee0a8d8db9.OPERATION#flowable-async-job-executor-thread-4209#
Step "Detect Deployed MTA" finished#
#2026 09 09 06:28:43.027#Z#DEBUG#b34eb0e1-ac17-11f1-a392-eeee0a8d8db9.OPERATION#flowable-async-job-executor-thread-4209#
[XS2CollectSystemParametersStep] Executing task "collectSystemParametersTask" of process "b34eb107-ac17-11f1-a392-eeee0a8d8db9"...#
#2026 09 09 06:28:43.028#Z#DEBUG#b34eb0e1-ac17-11f1-a392-eeee0a8d8db9.OPERATION#flowable-async-job-executor-thread-4209#
[XS2CollectSystemParametersStep] Collecting system parameters...#
#2026 09 09 06:28:43.028#Z#DEBUG#b34eb0e1-ac17-11f1-a392-eeee0a8d8db9.OPERATION#flowable-async-job-executor-thread-4209#
[XS2CollectSystemParametersStep] Getting default domain...#
#2026 09 09 06:28:43.056#Z#DEBUG#b34eb0e1-ac17-11f1-a392-eeee0a8d8db9.OPERATION#flowable-async-job-executor-thread-4209#
[XS2CollectSystemParametersStep] Default domain: cfapps.us10-003.hana.ondemand.com#
#2026 09 09 06:28:43.057#Z#DEBUG#b34eb0e1-ac17-11f1-a392-eeee0a8d8db9.OPERATION#flowable-async-job-executor-thread-4209#
[XS2CollectSystemParametersStep] Checking for overwriting read-only parameters for mta with id: "ResilienceCockpit"#
#2026 09 09 06:28:43.057#Z#DEBUG#b34eb0e1-ac17-11f1-a392-eeee0a8d8db9.OPERATION#flowable-async-job-executor-thread-4209#
[XS2CollectSystemParametersStep] No read-only parameters are overwritten#
#2026 09 09 06:28:43.071#Z#DEBUG#b34eb0e1-ac17-11f1-a392-eeee0a8d8db9.OPERATION#flowable-async-job-executor-thread-4209#
[XS2CollectSystemParametersStep] Descriptor with system parameters: {
  "majorSchemaVersion" : 3,
  "schemaVersion" : "3.3.0",
  "id" : "ResilienceCockpit",
  "version" : "1.0.0",
  "modules" : [ {
    "majorSchemaVersion" : 3,
    "name" : "ResilienceCockpit-srv",
    "type" : "javascript.nodejs",
    "path" : "ResilienceCockpit-srv",
    "properties" : { },
    "parameters" : {
      "default-url" : "${protocol}://${default-uri}",
      "default-app-name" : "ResilienceCockpit-srv",
      "generated-password" : "********",
      "default-live-url" : "${protocol}://${default-live-uri}",
      "default-uri" : "${host}.${domain}",
      "default-instances" : 1,
      "default-live-host" : "94060551trial-dev-resiliencecockpit-srv",
      "instances" : 1,
      "buildpack" : "nodejs_buildpack",
      "default-host" : "94060551trial-dev-resiliencecockpit-srv",
      "app-name" : "${default-app-name}",
      "default-live-uri" : "94060551trial-dev-resiliencecockpit-srv.${domain}",
      "protocol" : "https",
      "default-live-app-name" : "ResilienceCockpit-srv",
      "default-live-domain" : "cfapps.us10-003.hana.ondemand.com",
      "domain" : "${default-domain}",
      "host" : "${default-host}",
      "generated-user" : "********"
    },
    "requiredDependencies" : [ {
      "majorSchemaVersion" : 3,
      "name" : "********",
      "properties" : { },
      "parameters" : { },
      "propertiesMetadata" : {
        "metadata" : { }
      },
      "parametersMetadata" : {
        "metadata" : { }
      }
    }, {
      "majorSchemaVersion" : 3,
      "name" : "ResilienceCockpit-db",
      "properties" : { },
      "parameters" : { },
      "propertiesMetadata" : {
        "metadata" : { }
      },
      "parametersMetadata" : {
        "metadata" : { }
      }
    }, {
      "majorSchemaVersion" : 3,
      "name" : "ResilienceCockpit-connectivity",
      "properties" : { },
      "parameters" : { },
      "propertiesMetadata" : {
        "metadata" : { }
      },
      "parametersMetadata" : {
        "metadata" : { }
      }
    }, {
      "majorSchemaVersion" : 3,
      "name" : "ResilienceCockpit-destination",
      "properties" : { },
      "parameters" : { },
      "propertiesMetadata" : {
        "metadata" : { }
      },
      "parametersMetadata" : {
        "metadata" : { }
      }
    }, {
      "majorSchemaVersion" : 3,
      "name" : "ResilienceCockpit-logging",
      "properties" : { },
      "parameters" : { },
      "propertiesMetadata" : {
        "metadata" : { }
      },
      "parametersMetadata" : {
        "metadata" : { }
      }
    } ],
    "providedDependencies" : [ {
      "majorSchemaVersion" : 3,
      "name" : "srv-api",
      "isPublic" : false,
      "properties" : {
        "srv-url" : "${default-url}"
      },
      "parameters" : { },
      "propertiesMetadata" : {
        "metadata" : { }
      },
      "parametersMetadata" : {
        "metadata" : { }
      }
    }, {
      "majorSchemaVersion" : 3,
      "name" : "ResilienceCockpit-srv",
      "isPublic" : false,
      "properties" : { },
      "parameters" : { },
      "propertiesMetadata" : {
        "metadata" : { }
      },
      "parametersMetadata" : {
        "metadata" : { }
      }
    } ],
    "propertiesMetadata" : {
      "metadata" : { }
    },
    "parametersMetadata" : {
      "metadata" : { }
    },
    "hooks" : [ ]
  }, {
    "majorSchemaVersion" : 3,
    "name" : "ResilienceCockpit-db-deployer",
    "type" : "com.sap.xs.hdi",
    "path" : "ResilienceCockpit-db-deployer",
    "properties" : {
      "EXIT" : 1
    },
    "parameters" : {
      "default-url" : "${protocol}://${default-uri}",
      "default-app-name" : "ResilienceCockpit-db-deployer",
      "generated-password" : "********",
      "default-live-url" : "${protocol}://${default-live-uri}",
      "default-uri" : "${host}.${domain}",
      "memory" : "256M",
      "default-instances" : 1,
      "no-route" : true,
      "default-live-host" : "94060551trial-dev-resiliencecockpit-db-deployer",
      "instances" : "${default-instances}",
      "buildpack" : "nodejs_buildpack",
      "default-host" : "94060551trial-dev-resiliencecockpit-db-deployer",
      "app-name" : "${default-app-name}",
      "default-live-uri" : "94060551trial-dev-resiliencecockpit-db-deployer.${domain}",
      "protocol" : "https",
      "default-live-app-name" : "ResilienceCockpit-db-deployer",
      "default-live-domain" : "cfapps.us10-003.hana.ondemand.com",
      "dependency-type" : "hard",
      "domain" : "${default-domain}",
      "host" : "${default-host}",
      "generated-user" : "********",
      "tasks" : [ {
        "name" : "deploy",
        "memory" : "256M",
        "command" : "npm start"
      } ],
      "no-start" : true
    },
    "requiredDependencies" : [ {
      "majorSchemaVersion" : 3,
      "name" : "ResilienceCockpit-db",
      "properties" : { },
      "parameters" : { },
      "propertiesMetadata" : {
        "metadata" : { }
      },
      "parametersMetadata" : {
        "metadata" : { }
      }
    } ],
    "providedDependencies" : [ {
      "majorSchemaVersion" : 3,
      "name" : "ResilienceCockpit-db-deployer",
      "isPublic" : false,
      "properties" : { },
      "parameters" : { },
      "propertiesMetadata" : {
        "metadata" : { }
      },
      "parametersMetadata" : {
        "metadata" : { }
      }
    } ],
    "propertiesMetadata" : {
      "metadata" : { }
    },
    "parametersMetadata" : {
      "metadata" : { }
    },
    "hooks" : [ ]
  }, {
    "majorSchemaVersion" : 3,
    "name" : "ResilienceCockpit-app-deployer",
    "type" : "com.sap.application.content",
    "path" : "ResilienceCockpit-app-deployer",
    "properties" : { },
    "parameters" : {
      "default-url" : "${protocol}://${default-uri}",
      "default-app-name" : "ResilienceCockpit-app-deployer",
      "generated-password" : "********",
      "default-live-url" : "${protocol}://${default-live-uri}",
      "default-uri" : "${host}.${domain}",
      "default-instances" : 1,
      "default-live-host" : "94060551trial-dev-resiliencecockpit-app-deployer",
      "instances" : "${default-instances}",
      "default-host" : "94060551trial-dev-resiliencecockpit-app-deployer",
      "app-name" : "${default-app-name}",
      "default-live-uri" : "94060551trial-dev-resiliencecockpit-app-deployer.${domain}",
      "protocol" : "https",
      "default-live-app-name" : "ResilienceCockpit-app-deployer",
      "default-live-domain" : "cfapps.us10-003.hana.ondemand.com",
      "domain" : "${default-domain}",
      "host" : "${default-host}",
      "generated-user" : "********"
    },
    "requiredDependencies" : [ {
      "majorSchemaVersion" : 3,
      "name" : "********",
      "properties" : { },
      "parameters" : { },
      "propertiesMetadata" : {
        "metadata" : { }
      },
      "parametersMetadata" : {
        "metadata" : { }
      }
    }, {
      "majorSchemaVersion" : 3,
      "name" : "srv-api",
      "properties" : { },
      "parameters" : { },
      "propertiesMetadata" : {
        "metadata" : { }
      },
      "parametersMetadata" : {
        "metadata" : { }
      }
    }, {
      "majorSchemaVersion" : 3,
      "name" : "ResilienceCockpit-html5-repo-host",
      "properties" : { },
      "parameters" : {
        "config" : {
          "HTML5Runtime_enabled" : false
        },
        "content-target" : true
      },
      "propertiesMetadata" : {
        "metadata" : { }
      },
      "parametersMetadata" : {
        "metadata" : { }
      }
    } ],
    "providedDependencies" : [ {
      "majorSchemaVersion" : 3,
      "name" : "ResilienceCockpit-app-deployer",
      "isPublic" : false,
      "properties" : { },
      "parameters" : { },
      "propertiesMetadata" : {
        "metadata" : { }
      },
      "parametersMetadata" : {
        "metadata" : { }
      }
    } ],
    "propertiesMetadata" : {
      "metadata" : { }
    },
    "parametersMetadata" : {
      "metadata" : { }
    },
    "hooks" : [ ]
  }, {
    "majorSchemaVersion" : 3,
    "name" : "ResilienceCockpit-destination-content",
    "type" : "com.sap.application.content",
    "properties" : { },
    "parameters" : {
      "default-url" : "${protocol}://${default-uri}",
      "default-app-name" : "ResilienceCockpit-destination-content",
      "generated-password" : "********",
      "default-live-url" : "${protocol}://${default-live-uri}",
      "default-uri" : "${host}.${domain}",
      "default-instances" : 1,
      "default-live-host" : "94060551trial-dev-resiliencecockpit-destination-content",
      "instances" : "${default-instances}",
      "default-host" : "94060551trial-dev-resiliencecockpit-destination-content",
      "content" : {
        "instance" : {
          "destinations" : [ {
            "Authentication" : "********",
            "Name" : "srv-api",
            "TokenServiceInstanceName" : "********",
            "TokenServiceKeyName" : "********",
            "URL" : "~{srv-api/srv-url}"
          }, {
            "Name" : "ResilienceCockpit-html5-repo-host",
            "ServiceInstanceName" : "ResilienceCockpit-html5-repo-host",
            "ServiceKeyName" : "********",
            "sap.cloud.service" : "nexus"
          }, {
            "Authentication" : "********",
            "Name" : "********",
            "ServiceInstanceName" : "********",
            "ServiceKeyName" : "********"
          } ],
          "existing_destinations_policy" : "update"
        }
      },
      "app-name" : "${default-app-name}",
      "default-live-uri" : "94060551trial-dev-resiliencecockpit-destination-content.${domain}",
      "protocol" : "https",
      "default-live-app-name" : "ResilienceCockpit-destination-content",
      "default-live-domain" : "cfapps.us10-003.hana.ondemand.com",
      "domain" : "${default-domain}",
      "host" : "${default-host}",
      "generated-user" : "********"
    },
    "requiredDependencies" : [ {
      "majorSchemaVersion" : 3,
      "name" : "********",
      "properties" : { },
      "parameters" : {
        "service-key" : "********"
      },
      "propertiesMetadata" : {
        "metadata" : { }
      },
      "parametersMetadata" : {
        "metadata" : { }
      }
    }, {
      "majorSchemaVersion" : 3,
      "name" : "ResilienceCockpit-html5-repo-host",
      "properties" : { },
      "parameters" : {
        "service-key" : "********"
      },
      "propertiesMetadata" : {
        "metadata" : { }
      },
      "parametersMetadata" : {
        "metadata" : { }
      }
    }, {
      "majorSchemaVersion" : 3,
      "name" : "srv-api",
      "properties" : { },
      "parameters" : { },
      "propertiesMetadata" : {
        "metadata" : { }
      },
      "parametersMetadata" : {
        "metadata" : { }
      }
    }, {
      "majorSchemaVersion" : 3,
      "name" : "ResilienceCockpit-destination",
      "properties" : { },
      "parameters" : {
        "content-target" : true
      },
      "propertiesMetadata" : {
        "metadata" : { }
      },
      "parametersMetadata" : {
        "metadata" : { }
      }
    } ],
    "providedDependencies" : [ {
      "majorSchemaVersion" : 3,
      "name" : "ResilienceCockpit-destination-content",
      "isPublic" : false,
      "properties" : { },
      "parameters" : { },
      "propertiesMetadata" : {
        "metadata" : { }
      },
      "parametersMetadata" : {
        "metadata" : { }
      }
    } ],
    "propertiesMetadata" : {
      "metadata" : { }
    },
    "parametersMetadata" : {
      "metadata" : { }
    },
    "hooks" : [ ]
  } ],
  "resources" : [ {
    "majorSchemaVersion" : 3,
    "name" : "********",
    "type" : "org.cloudfoundry.managed-service",
    "properties" : { },
    "parameters" : {
      "generated-password" : "********",
      "path" : "./xs-security.json",
      "service-name" : "${default-service-name}",
      "service-plan" : "application",
      "service" : "xsuaa",
      "generated-user" : "********",
      "default-xsappname" : "********",
      "type" : "managed-service",
      "config" : {
        "oauth2-configuration" : "********",
        "tenant-mode" : "dedicated",
        "xsappname" : "ResilienceCockpit-${org}-${space}"
      },
      "default-service-name" : "********",
      "default-container-name" : "********"
    },
    "isActive" : true,
    "isOptional" : false,
    "propertiesMetadata" : {
      "metadata" : { }
    },
    "parametersMetadata" : {
      "metadata" : { }
    },
    "requiredDependencies" : [ ],
    "processedAfter" : [ ]
  }, {
    "majorSchemaVersion" : 3,
    "name" : "ResilienceCockpit-db",
    "type" : "com.sap.xs.hdi-container",
    "properties" : { },
    "parameters" : {
      "generated-password" : "********",
      "service-name" : "${default-service-name}",
      "service-plan" : "hdi-shared",
      "service" : "hana",
      "generated-user" : "********",
      "default-xsappname" : "ResilienceCockpit-db",
      "type" : "managed-service",
      "default-service-name" : "ResilienceCockpit-db",
      "default-container-name" : "94060551TRIAL_DEV_RESILIENCECOCKPIT_DB"
    },
    "isActive" : true,
    "isOptional" : false,
    "propertiesMetadata" : {
      "metadata" : { }
    },
    "parametersMetadata" : {
      "metadata" : { }
    },
    "requiredDependencies" : [ ],
    "processedAfter" : [ ]
  }, {
    "majorSchemaVersion" : 3,
    "name" : "ResilienceCockpit-connectivity",
    "type" : "org.cloudfoundry.managed-service",
    "properties" : { },
    "parameters" : {
      "generated-password" : "********",
      "service-name" : "${default-service-name}",
      "service-plan" : "lite",
      "service" : "connectivity",
      "generated-user" : "********",
      "default-xsappname" : "ResilienceCockpit-connectivity",
      "type" : "managed-service",
      "default-service-name" : "ResilienceCockpit-connectivity",
      "default-container-name" : "94060551TRIAL_DEV_RESILIENCECOCKPIT_CONNECTIVITY"
    },
    "isActive" : true,
    "isOptional" : false,
    "propertiesMetadata" : {
      "metadata" : { }
    },
    "parametersMetadata" : {
      "metadata" : { }
    },
    "requiredDependencies" : [ ],
    "processedAfter" : [ ]
  }, {
    "majorSchemaVersion" : 3,
    "name" : "ResilienceCockpit-destination",
    "type" : "org.cloudfoundry.managed-service",
    "properties" : { },
    "parameters" : {
      "generated-password" : "********",
      "service-name" : "${default-service-name}",
      "service-plan" : "lite",
      "service" : "destination",
      "generated-user" : "********",
      "default-xsappname" : "ResilienceCockpit-destination",
      "type" : "managed-service",
      "config" : {
        "HTML5Runtime_enabled" : true,
        "init_data" : {
          "instance" : {
            "destinations" : [ {
              "Authentication" : "********",
              "Name" : "ui5",
              "ProxyType" : "Internet",
              "Type" : "HTTP",
              "URL" : "https://ui5.sap.com"
            } ],
            "existing_destinations_policy" : "update"
          }
        }
      },
      "default-service-name" : "ResilienceCockpit-destination",
      "default-container-name" : "94060551TRIAL_DEV_RESILIENCECOCKPIT_DESTINATION"
    },
    "isActive" : true,
    "isOptional" : false,
    "propertiesMetadata" : {
      "metadata" : { }
    },
    "parametersMetadata" : {
      "metadata" : { }
    },
    "requiredDependencies" : [ {
      "majorSchemaVersion" : 3,
      "name" : "srv-api",
      "properties" : { },
      "parameters" : { },
      "propertiesMetadata" : {
        "metadata" : { }
      },
      "parametersMetadata" : {
        "metadata" : { }
      }
    } ],
    "processedAfter" : [ ]
  }, {
    "majorSchemaVersion" : 3,
    "name" : "ResilienceCockpit-html5-repo-host",
    "type" : "org.cloudfoundry.managed-service",
    "properties" : { },
    "parameters" : {
      "generated-password" : "********",
      "service-name" : "${default-service-name}",
      "service-plan" : "app-host",
      "service" : "html5-apps-repo",
      "generated-user" : "********",
      "default-xsappname" : "ResilienceCockpit-html5-repo-host",
      "type" : "managed-service",
      "default-service-name" : "ResilienceCockpit-html5-repo-host",
      "default-container-name" : "94060551TRIAL_DEV_RESILIENCECOCKPIT_HTML5_REPO_HOST"
    },
    "isActive" : true,
    "isOptional" : false,
    "propertiesMetadata" : {
      "metadata" : { }
    },
    "parametersMetadata" : {
      "metadata" : { }
    },
    "requiredDependencies" : [ ],
    "processedAfter" : [ ]
  }, {
    "majorSchemaVersion" : 3,
    "name" : "ResilienceCockpit-logging",
    "type" : "org.cloudfoundry.managed-service",
    "properties" : { },
    "parameters" : {
      "generated-password" : "********",
      "service-name" : "${default-service-name}",
      "service-plan" : "lite",
      "service" : "application-logs",
      "generated-user" : "********",
      "default-xsappname" : "ResilienceCockpit-logging",
      "type" : "managed-service",
      "default-service-name" : "ResilienceCockpit-logging",
      "default-container-name" : "94060551TRIAL_DEV_RESILIENCECOCKPIT_LOGGING"
    },
    "isActive" : true,
    "isOptional" : false,
    "propertiesMetadata" : {
      "metadata" : { }
    },
    "parametersMetadata" : {
      "metadata" : { }
    },
    "requiredDependencies" : [ ],
    "processedAfter" : [ ]
  } ],
  "parameters" : {
    "deploy_mode" : "html5-repo",
    "mta-id" : "ResilienceCockpit",
    "authorization-url" : "********",
    "org-guid" : "78e7b825-503f-4bdc-af4e-be86d7f43c8e",
    "org" : "94060551trial",
    "deploy-target" : "94060551trial dev",
    "enable-parallel-deployments" : true,
    "space" : "dev",
    "xs-api-url" : "https://api.cf.us10-003.hana.ondemand.com",
    "deploy-url" : "deploy-service.cfapps.us10-003.hana.ondemand.com",
    "xs-type" : "CF",
    "default-domain" : "cfapps.us10-003.hana.ondemand.com",
    "mta-version" : "1.0.0",
    "xs-auth-url" : "********",
    "space-guid" : "039a1fe6-69a4-4c1e-9b8f-a64d47329d3e",
    "user" : "********",
    "controller-url" : "https://api.cf.us10-003.hana.ondemand.com",
    "timestamp" : "20260909062841"
  },
  "parametersMetadata" : {
    "metadata" : { }
  }
}#
#2026 09 09 06:28:43.072#Z#DEBUG#b34eb0e1-ac17-11f1-a392-eeee0a8d8db9.OPERATION#flowable-async-job-executor-thread-4209#
[XS2CollectSystemParametersStep] Version rule: SAME_HIGHER#
#2026 09 09 06:28:43.072#Z#INFO#b34eb0e1-ac17-11f1-a392-eeee0a8d8db9.OPERATION#flowable-async-job-executor-thread-4209#
[XS2CollectSystemParametersStep] Detected new MTA version: "1.0.0"#
#2026 09 09 06:28:43.074#Z#INFO#b34eb0e1-ac17-11f1-a392-eeee0a8d8db9.OPERATION#flowable-async-job-executor-thread-4209#
[XS2CollectSystemParametersStep] Deployed MTA version: "1.0.0"#
#2026 09 09 06:28:43.076#Z#DEBUG#b34eb0e1-ac17-11f1-a392-eeee0a8d8db9.OPERATION#flowable-async-job-executor-thread-4209#
[XS2CollectSystemParametersStep] MTA accepted for deployment#
#2026 09 09 06:28:43.077#Z#DEBUG#b34eb0e1-ac17-11f1-a392-eeee0a8d8db9.OPERATION#flowable-async-job-executor-thread-4209#
[XS2CollectSystemParametersStep] System parameters collected#
#2026 09 09 06:28:43.077#Z#DEBUG#b34eb0e1-ac17-11f1-a392-eeee0a8d8db9.OPERATION#flowable-async-job-executor-thread-4209#
Step "Collect System Parameters" finished#
#2026 09 09 06:28:43.093#Z#DEBUG#b34eb0e1-ac17-11f1-a392-eeee0a8d8db9.OPERATION#flowable-async-job-executor-thread-4209#
[ProcessDescriptorStep] Executing task "processDescriptorTask" of process "b34eb107-ac17-11f1-a392-eeee0a8d8db9"...#
#2026 09 09 06:28:43.094#Z#DEBUG#b34eb0e1-ac17-11f1-a392-eeee0a8d8db9.OPERATION#flowable-async-job-executor-thread-4209#
[ProcessDescriptorStep] Resolving properties and parameters in merged descriptor...#
#2026 09 09 06:28:43.097#Z#DEBUG#b34eb0e1-ac17-11f1-a392-eeee0a8d8db9.OPERATION#flowable-async-job-executor-thread-4209#
[ProcessDescriptorStep] Subscriptions: [ ]#
#2026 09 09 06:28:43.097#Z#DEBUG#b34eb0e1-ac17-11f1-a392-eeee0a8d8db9.OPERATION#flowable-async-job-executor-thread-4209#
[ProcessDescriptorStep] MTA modules: [ResilienceCockpit-srv, ResilienceCockpit-app-deployer, ResilienceCockpit-destination-content, ResilienceCockpit-db-deployer]#
#2026 09 09 06:28:43.098#Z#DEBUG#b34eb0e1-ac17-11f1-a392-eeee0a8d8db9.OPERATION#flowable-async-job-executor-thread-4209#
[ProcessDescriptorStep] Resolved deployment descriptor: {
  "majorSchemaVersion" : 3,
  "schemaVersion" : "3.3.0",
  "id" : "ResilienceCockpit",
  "version" : "1.0.0",
  "modules" : [ {
    "majorSchemaVersion" : 3,
    "name" : "ResilienceCockpit-srv",
    "type" : "javascript.nodejs",
    "path" : "ResilienceCockpit-srv",
    "properties" : { },
    "parameters" : {
      "default-url" : "https://94060551trial-dev-resiliencecockpit-srv.cfapps.us10-003.hana.ondemand.com",
      "default-app-name" : "ResilienceCockpit-srv",
      "generated-password" : "********",
      "default-live-url" : "https://94060551trial-dev-resiliencecockpit-srv.cfapps.us10-003.hana.ondemand.com",
      "default-uri" : "94060551trial-dev-resiliencecockpit-srv.cfapps.us10-003.hana.ondemand.com",
      "default-instances" : 1,
      "default-live-host" : "94060551trial-dev-resiliencecockpit-srv",
      "instances" : 1,
      "buildpack" : "nodejs_buildpack",
      "default-host" : "94060551trial-dev-resiliencecockpit-srv",
      "app-name" : "ResilienceCockpit-srv",
      "default-live-uri" : "94060551trial-dev-resiliencecockpit-srv.cfapps.us10-003.hana.ondemand.com",
      "protocol" : "https",
      "default-live-app-name" : "ResilienceCockpit-srv",
      "default-live-domain" : "cfapps.us10-003.hana.ondemand.com",
      "domain" : "cfapps.us10-003.hana.ondemand.com",
      "host" : "94060551trial-dev-resiliencecockpit-srv",
      "generated-user" : "********"
    },
    "requiredDependencies" : [ {
      "majorSchemaVersion" : 3,
      "name" : "********",
      "properties" : { },
      "parameters" : { },
      "propertiesMetadata" : {
        "metadata" : { }
      },
      "parametersMetadata" : {
        "metadata" : { }
      }
    }, {
      "majorSchemaVersion" : 3,
      "name" : "ResilienceCockpit-db",
      "properties" : { },
      "parameters" : { },
      "propertiesMetadata" : {
        "metadata" : { }
      },
      "parametersMetadata" : {
        "metadata" : { }
      }
    }, {
      "majorSchemaVersion" : 3,
      "name" : "ResilienceCockpit-connectivity",
      "properties" : { },
      "parameters" : { },
      "propertiesMetadata" : {
        "metadata" : { }
      },
      "parametersMetadata" : {
        "metadata" : { }
      }
    }, {
      "majorSchemaVersion" : 3,
      "name" : "ResilienceCockpit-destination",
      "properties" : { },
      "parameters" : { },
      "propertiesMetadata" : {
        "metadata" : { }
      },
      "parametersMetadata" : {
        "metadata" : { }
      }
    }, {
      "majorSchemaVersion" : 3,
      "name" : "ResilienceCockpit-logging",
      "properties" : { },
      "parameters" : { },
      "propertiesMetadata" : {
        "metadata" : { }
      },
      "parametersMetadata" : {
        "metadata" : { }
      }
    } ],
    "providedDependencies" : [ {
      "majorSchemaVersion" : 3,
      "name" : "srv-api",
      "isPublic" : false,
      "properties" : {
        "srv-url" : "https://94060551trial-dev-resiliencecockpit-srv.cfapps.us10-003.hana.ondemand.com"
      },
      "parameters" : { },
      "propertiesMetadata" : {
        "metadata" : { }
      },
      "parametersMetadata" : {
        "metadata" : { }
      }
    }, {
      "majorSchemaVersion" : 3,
      "name" : "ResilienceCockpit-srv",
      "isPublic" : false,
      "properties" : { },
      "parameters" : { },
      "propertiesMetadata" : {
        "metadata" : { }
      },
      "parametersMetadata" : {
        "metadata" : { }
      }
    } ],
    "propertiesMetadata" : {
      "metadata" : { }
    },
    "parametersMetadata" : {
      "metadata" : { }
    },
    "hooks" : [ ]
  }, {
    "majorSchemaVersion" : 3,
    "name" : "ResilienceCockpit-db-deployer",
    "type" : "com.sap.xs.hdi",
    "path" : "ResilienceCockpit-db-deployer",
    "properties" : {
      "EXIT" : 1
    },
    "parameters" : {
      "default-url" : "https://94060551trial-dev-resiliencecockpit-db-deployer.cfapps.us10-003.hana.ondemand.com",
      "default-app-name" : "ResilienceCockpit-db-deployer",
      "generated-password" : "********",
      "default-live-url" : "https://94060551trial-dev-resiliencecockpit-db-deployer.cfapps.us10-003.hana.ondemand.com",
      "default-uri" : "94060551trial-dev-resiliencecockpit-db-deployer.cfapps.us10-003.hana.ondemand.com",
      "memory" : "256M",
      "default-instances" : 1,
      "no-route" : true,
      "default-live-host" : "94060551trial-dev-resiliencecockpit-db-deployer",
      "instances" : 1,
      "buildpack" : "nodejs_buildpack",
      "default-host" : "94060551trial-dev-resiliencecockpit-db-deployer",
      "app-name" : "ResilienceCockpit-db-deployer",
      "default-live-uri" : "94060551trial-dev-resiliencecockpit-db-deployer.cfapps.us10-003.hana.ondemand.com",
      "protocol" : "https",
      "default-live-app-name" : "ResilienceCockpit-db-deployer",
      "default-live-domain" : "cfapps.us10-003.hana.ondemand.com",
      "dependency-type" : "hard",
      "domain" : "cfapps.us10-003.hana.ondemand.com",
      "host" : "94060551trial-dev-resiliencecockpit-db-deployer",
      "generated-user" : "********",
      "tasks" : [ {
        "command" : "npm start",
        "memory" : "256M",
        "name" : "deploy"
      } ],
      "no-start" : true
    },
    "requiredDependencies" : [ {
      "majorSchemaVersion" : 3,
      "name" : "ResilienceCockpit-db",
      "properties" : { },
      "parameters" : { },
      "propertiesMetadata" : {
        "metadata" : { }
      },
      "parametersMetadata" : {
        "metadata" : { }
      }
    } ],
    "providedDependencies" : [ {
      "majorSchemaVersion" : 3,
      "name" : "ResilienceCockpit-db-deployer",
      "isPublic" : false,
      "properties" : { },
      "parameters" : { },
      "propertiesMetadata" : {
        "metadata" : { }
      },
      "parametersMetadata" : {
        "metadata" : { }
      }
    } ],
    "propertiesMetadata" : {
      "metadata" : { }
    },
    "parametersMetadata" : {
      "metadata" : { }
    },
    "hooks" : [ ]
  }, {
    "majorSchemaVersion" : 3,
    "name" : "ResilienceCockpit-app-deployer",
    "type" : "com.sap.application.content",
    "path" : "ResilienceCockpit-app-deployer",
    "properties" : { },
    "parameters" : {
      "default-url" : "https://94060551trial-dev-resiliencecockpit-app-deployer.cfapps.us10-003.hana.ondemand.com",
      "default-app-name" : "ResilienceCockpit-app-deployer",
      "generated-password" : "********",
      "default-live-url" : "https://94060551trial-dev-resiliencecockpit-app-deployer.cfapps.us10-003.hana.ondemand.com",
      "default-uri" : "94060551trial-dev-resiliencecockpit-app-deployer.cfapps.us10-003.hana.ondemand.com",
      "default-instances" : 1,
      "default-live-host" : "94060551trial-dev-resiliencecockpit-app-deployer",
      "instances" : 1,
      "default-host" : "94060551trial-dev-resiliencecockpit-app-deployer",
      "app-name" : "ResilienceCockpit-app-deployer",
      "default-live-uri" : "94060551trial-dev-resiliencecockpit-app-deployer.cfapps.us10-003.hana.ondemand.com",
      "protocol" : "https",
      "default-live-app-name" : "ResilienceCockpit-app-deployer",
      "default-live-domain" : "cfapps.us10-003.hana.ondemand.com",
      "domain" : "cfapps.us10-003.hana.ondemand.com",
      "host" : "94060551trial-dev-resiliencecockpit-app-deployer",
      "generated-user" : "********"
    },
    "requiredDependencies" : [ {
      "majorSchemaVersion" : 3,
      "name" : "********",
      "properties" : { },
      "parameters" : { },
      "propertiesMetadata" : {
        "metadata" : { }
      },
      "parametersMetadata" : {
        "metadata" : { }
      }
    }, {
      "majorSchemaVersion" : 3,
      "name" : "srv-api",
      "properties" : { },
      "parameters" : { },
      "propertiesMetadata" : {
        "metadata" : { }
      },
      "parametersMetadata" : {
        "metadata" : { }
      }
    }, {
      "majorSchemaVersion" : 3,
      "name" : "ResilienceCockpit-html5-repo-host",
      "properties" : { },
      "parameters" : {
        "config" : {
          "HTML5Runtime_enabled" : false
        },
        "content-target" : true
      },
      "propertiesMetadata" : {
        "metadata" : { }
      },
      "parametersMetadata" : {
        "metadata" : { }
      }
    } ],
    "providedDependencies" : [ {
      "majorSchemaVersion" : 3,
      "name" : "ResilienceCockpit-app-deployer",
      "isPublic" : false,
      "properties" : { },
      "parameters" : { },
      "propertiesMetadata" : {
        "metadata" : { }
      },
      "parametersMetadata" : {
        "metadata" : { }
      }
    } ],
    "propertiesMetadata" : {
      "metadata" : { }
    },
    "parametersMetadata" : {
      "metadata" : { }
    },
    "hooks" : [ ]
  }, {
    "majorSchemaVersion" : 3,
    "name" : "ResilienceCockpit-destination-content",
    "type" : "com.sap.application.content",
    "properties" : { },
    "parameters" : {
      "default-url" : "https://94060551trial-dev-resiliencecockpit-destination-content.cfapps.us10-003.hana.ondemand.com",
      "default-app-name" : "ResilienceCockpit-destination-content",
      "generated-password" : "********",
      "default-live-url" : "https://94060551trial-dev-resiliencecockpit-destination-content.cfapps.us10-003.hana.ondemand.com",
      "default-uri" : "94060551trial-dev-resiliencecockpit-destination-content.cfapps.us10-003.hana.ondemand.com",
      "default-instances" : 1,
      "default-live-host" : "94060551trial-dev-resiliencecockpit-destination-content",
      "instances" : 1,
      "default-host" : "94060551trial-dev-resiliencecockpit-destination-content",
      "content" : {
        "instance" : {
          "destinations" : [ {
            "Authentication" : "********",
            "Name" : "srv-api",
            "TokenServiceInstanceName" : "********",
            "TokenServiceKeyName" : "********",
            "URL" : "https://94060551trial-dev-resiliencecockpit-srv.cfapps.us10-003.hana.ondemand.com"
          }, {
            "Name" : "ResilienceCockpit-html5-repo-host",
            "ServiceInstanceName" : "ResilienceCockpit-html5-repo-host",
            "ServiceKeyName" : "********",
            "sap.cloud.service" : "nexus"
          }, {
            "Authentication" : "********",
            "Name" : "********",
            "ServiceInstanceName" : "********",
            "ServiceKeyName" : "********"
          } ],
          "existing_destinations_policy" : "update"
        }
      },
      "app-name" : "ResilienceCockpit-destination-content",
      "default-live-uri" : "94060551trial-dev-resiliencecockpit-destination-content.cfapps.us10-003.hana.ondemand.com",
      "protocol" : "https",
      "default-live-app-name" : "ResilienceCockpit-destination-content",
      "default-live-domain" : "cfapps.us10-003.hana.ondemand.com",
      "domain" : "cfapps.us10-003.hana.ondemand.com",
      "host" : "94060551trial-dev-resiliencecockpit-destination-content",
      "generated-user" : "********"
    },
    "requiredDependencies" : [ {
      "majorSchemaVersion" : 3,
      "name" : "********",
      "properties" : { },
      "parameters" : {
        "service-key" : "********"
      },
      "propertiesMetadata" : {
        "metadata" : { }
      },
      "parametersMetadata" : {
        "metadata" : { }
      }
    }, {
      "majorSchemaVersion" : 3,
      "name" : "ResilienceCockpit-html5-repo-host",
      "properties" : { },
      "parameters" : {
        "service-key" : "********"
      },
      "propertiesMetadata" : {
        "metadata" : { }
      },
      "parametersMetadata" : {
        "metadata" : { }
      }
    }, {
      "majorSchemaVersion" : 3,
      "name" : "srv-api",
      "properties" : { },
      "parameters" : { },
      "propertiesMetadata" : {
        "metadata" : { }
      },
      "parametersMetadata" : {
        "metadata" : { }
      }
    }, {
      "majorSchemaVersion" : 3,
      "name" : "ResilienceCockpit-destination",
      "properties" : { },
      "parameters" : {
        "content-target" : true
      },
      "propertiesMetadata" : {
        "metadata" : { }
      },
      "parametersMetadata" : {
        "metadata" : { }
      }
    } ],
    "providedDependencies" : [ {
      "majorSchemaVersion" : 3,
      "name" : "ResilienceCockpit-destination-content",
      "isPublic" : false,
      "properties" : { },
      "parameters" : { },
      "propertiesMetadata" : {
        "metadata" : { }
      },
      "parametersMetadata" : {
        "metadata" : { }
      }
    } ],
    "propertiesMetadata" : {
      "metadata" : { }
    },
    "parametersMetadata" : {
      "metadata" : { }
    },
    "hooks" : [ ]
  } ],
  "resources" : [ {
    "majorSchemaVersion" : 3,
    "name" : "********",
    "type" : "org.cloudfoundry.managed-service",
    "properties" : { },
    "parameters" : {
      "generated-password" : "********",
      "path" : "./xs-security.json",
      "service-name" : "********",
      "service-plan" : "application",
      "service" : "xsuaa",
      "generated-user" : "********",
      "default-xsappname" : "********",
      "type" : "managed-service",
      "config" : {
        "oauth2-configuration" : "********",
        "tenant-mode" : "dedicated",
        "xsappname" : "ResilienceCockpit-94060551trial-dev"
      },
      "default-service-name" : "********",
      "default-container-name" : "********"
    },
    "isActive" : true,
    "isOptional" : false,
    "propertiesMetadata" : {
      "metadata" : { }
    },
    "parametersMetadata" : {
      "metadata" : { }
    },
    "requiredDependencies" : [ ],
    "processedAfter" : [ ]
  }, {
    "majorSchemaVersion" : 3,
    "name" : "ResilienceCockpit-db",
    "type" : "com.sap.xs.hdi-container",
    "properties" : { },
    "parameters" : {
      "generated-password" : "********",
      "service-name" : "ResilienceCockpit-db",
      "service-plan" : "hdi-shared",
      "service" : "hana",
      "generated-user" : "********",
      "default-xsappname" : "ResilienceCockpit-db",
      "type" : "managed-service",
      "default-service-name" : "ResilienceCockpit-db",
      "default-container-name" : "94060551TRIAL_DEV_RESILIENCECOCKPIT_DB"
    },
    "isActive" : true,
    "isOptional" : false,
    "propertiesMetadata" : {
      "metadata" : { }
    },
    "parametersMetadata" : {
      "metadata" : { }
    },
    "requiredDependencies" : [ ],
    "processedAfter" : [ ]
  }, {
    "majorSchemaVersion" : 3,
    "name" : "ResilienceCockpit-connectivity",
    "type" : "org.cloudfoundry.managed-service",
    "properties" : { },
    "parameters" : {
      "generated-password" : "********",
      "service-name" : "ResilienceCockpit-connectivity",
      "service-plan" : "lite",
      "service" : "connectivity",
      "generated-user" : "********",
      "default-xsappname" : "ResilienceCockpit-connectivity",
      "type" : "managed-service",
      "default-service-name" : "ResilienceCockpit-connectivity",
      "default-container-name" : "94060551TRIAL_DEV_RESILIENCECOCKPIT_CONNECTIVITY"
    },
    "isActive" : true,
    "isOptional" : false,
    "propertiesMetadata" : {
      "metadata" : { }
    },
    "parametersMetadata" : {
      "metadata" : { }
    },
    "requiredDependencies" : [ ],
    "processedAfter" : [ ]
  }, {
    "majorSchemaVersion" : 3,
    "name" : "ResilienceCockpit-destination",
    "type" : "org.cloudfoundry.managed-service",
    "properties" : { },
    "parameters" : {
      "generated-password" : "********",
      "service-name" : "ResilienceCockpit-destination",
      "service-plan" : "lite",
      "service" : "destination",
      "generated-user" : "********",
      "default-xsappname" : "ResilienceCockpit-destination",
      "type" : "managed-service",
      "config" : {
        "HTML5Runtime_enabled" : true,
        "init_data" : {
          "instance" : {
            "destinations" : [ {
              "Authentication" : "********",
              "Name" : "ui5",
              "ProxyType" : "Internet",
              "Type" : "HTTP",
              "URL" : "https://ui5.sap.com"
            } ],
            "existing_destinations_policy" : "update"
          }
        }
      },
      "default-service-name" : "ResilienceCockpit-destination",
      "default-container-name" : "94060551TRIAL_DEV_RESILIENCECOCKPIT_DESTINATION"
    },
    "isActive" : true,
    "isOptional" : false,
    "propertiesMetadata" : {
      "metadata" : { }
    },
    "parametersMetadata" : {
      "metadata" : { }
    },
    "requiredDependencies" : [ {
      "majorSchemaVersion" : 3,
      "name" : "srv-api",
      "properties" : { },
      "parameters" : { },
      "propertiesMetadata" : {
        "metadata" : { }
      },
      "parametersMetadata" : {
        "metadata" : { }
      }
    } ],
    "processedAfter" : [ ]
  }, {
    "majorSchemaVersion" : 3,
    "name" : "ResilienceCockpit-html5-repo-host",
    "type" : "org.cloudfoundry.managed-service",
    "properties" : { },
    "parameters" : {
      "generated-password" : "********",
      "service-name" : "ResilienceCockpit-html5-repo-host",
      "service-plan" : "app-host",
      "service" : "html5-apps-repo",
      "generated-user" : "********",
      "default-xsappname" : "ResilienceCockpit-html5-repo-host",
      "type" : "managed-service",
      "default-service-name" : "ResilienceCockpit-html5-repo-host",
      "default-container-name" : "94060551TRIAL_DEV_RESILIENCECOCKPIT_HTML5_REPO_HOST"
    },
    "isActive" : true,
    "isOptional" : false,
    "propertiesMetadata" : {
      "metadata" : { }
    },
    "parametersMetadata" : {
      "metadata" : { }
    },
    "requiredDependencies" : [ ],
    "processedAfter" : [ ]
  }, {
    "majorSchemaVersion" : 3,
    "name" : "ResilienceCockpit-logging",
    "type" : "org.cloudfoundry.managed-service",
    "properties" : { },
    "parameters" : {
      "generated-password" : "********",
      "service-name" : "ResilienceCockpit-logging",
      "service-plan" : "lite",
      "service" : "application-logs",
      "generated-user" : "********",
      "default-xsappname" : "ResilienceCockpit-logging",
      "type" : "managed-service",
      "default-service-name" : "ResilienceCockpit-logging",
      "default-container-name" : "94060551TRIAL_DEV_RESILIENCECOCKPIT_LOGGING"
    },
    "isActive" : true,
    "isOptional" : false,
    "propertiesMetadata" : {
      "metadata" : { }
    },
    "parametersMetadata" : {
      "metadata" : { }
    },
    "requiredDependencies" : [ ],
    "processedAfter" : [ ]
  } ],
  "parameters" : {
    "deploy_mode" : "html5-repo",
    "mta-id" : "ResilienceCockpit",
    "authorization-url" : "********",
    "org-guid" : "78e7b825-503f-4bdc-af4e-be86d7f43c8e",
    "org" : "94060551trial",
    "deploy-target" : "94060551trial dev",
    "enable-parallel-deployments" : true,
    "region-primary-domain" : "us10.hana.ondemand.com",
    "space" : "dev",
    "region-domain" : "us10-003.hana.ondemand.com",
    "xs-api-url" : "https://api.cf.us10-003.hana.ondemand.com",
    "deploy-url" : "deploy-service.cfapps.us10-003.hana.ondemand.com",
    "xs-type" : "CF",
    "default-domain" : "cfapps.us10-003.hana.ondemand.com",
    "mta-version" : "1.0.0",
    "xs-auth-url" : "********",
    "space-guid" : "039a1fe6-69a4-4c1e-9b8f-a64d47329d3e",
    "user" : "********",
    "controller-url" : "https://api.cf.us10-003.hana.ondemand.com",
    "timestamp" : "20260909062841"
  },
  "parametersMetadata" : {
    "metadata" : { }
  }
}#
#2026 09 09 06:28:43.098#Z#DEBUG#b34eb0e1-ac17-11f1-a392-eeee0a8d8db9.OPERATION#flowable-async-job-executor-thread-4209#
[ProcessDescriptorStep] Merged descriptor properties and parameters resolved#
#2026 09 09 06:28:43.098#Z#DEBUG#b34eb0e1-ac17-11f1-a392-eeee0a8d8db9.OPERATION#flowable-async-job-executor-thread-4209#
Step "Process Descriptor Step" finished#
#2026 09 09 06:28:43.114#Z#DEBUG#b34eb0e1-ac17-11f1-a392-eeee0a8d8db9.OPERATION#flowable-async-job-executor-thread-4209#
[XS2BuildCloudDeployModelStep] Executing task "buildDeployModelTask" of process "b34eb107-ac17-11f1-a392-eeee0a8d8db9"...#
#2026 09 09 06:28:43.116#Z#DEBUG#b34eb0e1-ac17-11f1-a392-eeee0a8d8db9.OPERATION#flowable-async-job-executor-thread-4209#
[XS2BuildCloudDeployModelStep] Service keys defined for content deployment grouped by service name: {
  "ResilienceCockpit-auth" : "********",
  "ResilienceCockpit-html5-repo-host" : [ {
    "name" : "********",
    "v3Metadata" : {
      "annotations" : {
        "mta_id" : "ResilienceCockpit",
        "mta_version" : "1.0.0"
      },
      "labels" : {
        "mta_id" : "12714f170fc41ee91010bfb8bfd6b5c9",
        "space_guid" : "039a1fe6-69a4-4c1e-9b8f-a64d47329d3e"
      }
    },
    "credentials" : "********",
    "moduleName" : "ResilienceCockpit-app-deployer",
    "resourceName" : "ResilienceCockpit-html5-repo-host",
    "serviceInstance" : {
      "isOptional" : false,
      "isManaged" : false,
      "name" : "ResilienceCockpit-html5-repo-host",
      "credentials" : "********",
      "tags" : [ ],
      "shouldSkipParametersUpdate" : false,
      "shouldSkipPlanUpdate" : false,
      "shouldSkipTagsUpdate" : false,
      "shouldSkipSyslogUrlUpdate" : false
    },
    "shouldDeleteServiceKeyAfterDeploy" : "********",
    "resourceType" : "org.cloudfoundry.managed-service"
  }, {
    "name" : "********",
    "v3Metadata" : {
      "annotations" : {
        "mta_id" : "ResilienceCockpit",
        "mta_version" : "1.0.0"
      },
      "labels" : {
        "mta_id" : "12714f170fc41ee91010bfb8bfd6b5c9",
        "space_guid" : "039a1fe6-69a4-4c1e-9b8f-a64d47329d3e"
      }
    },
    "credentials" : "********",
    "moduleName" : "ResilienceCockpit-destination-content",
    "resourceName" : "ResilienceCockpit-html5-repo-host",
    "serviceInstance" : {
      "isOptional" : false,
      "isManaged" : false,
      "name" : "ResilienceCockpit-html5-repo-host",
      "credentials" : "********",
      "tags" : [ ],
      "shouldSkipParametersUpdate" : false,
      "shouldSkipPlanUpdate" : false,
      "shouldSkipTagsUpdate" : false,
      "shouldSkipSyslogUrlUpdate" : false
    },
    "shouldDeleteServiceKeyAfterDeploy" : "********",
    "resourceType" : "org.cloudfoundry.managed-service"
  } ],
  "ResilienceCockpit-destination" : [ {
    "name" : "********",
    "v3Metadata" : {
      "annotations" : {
        "mta_id" : "ResilienceCockpit",
        "mta_version" : "1.0.0"
      },
      "labels" : {
        "mta_id" : "12714f170fc41ee91010bfb8bfd6b5c9",
        "space_guid" : "039a1fe6-69a4-4c1e-9b8f-a64d47329d3e"
      }
    },
    "credentials" : "********",
    "moduleName" : "ResilienceCockpit-destination-content",
    "resourceName" : "ResilienceCockpit-destination",
    "serviceInstance" : {
      "isOptional" : false,
      "isManaged" : false,
      "name" : "ResilienceCockpit-destination",
      "credentials" : "********",
      "tags" : [ ],
      "shouldSkipParametersUpdate" : false,
      "shouldSkipPlanUpdate" : false,
      "shouldSkipTagsUpdate" : false,
      "shouldSkipSyslogUrlUpdate" : false
    },
    "shouldDeleteServiceKeyAfterDeploy" : "********",
    "resourceType" : "org.cloudfoundry.managed-service"
  } ]
}#
#2026 09 09 06:28:43.116#Z#DEBUG#b34eb0e1-ac17-11f1-a392-eeee0a8d8db9.OPERATION#flowable-async-job-executor-thread-4209#
[XS2BuildCloudDeployModelStep] Building cloud deployment model...#
#2026 09 09 06:28:43.118#Z#DEBUG#b34eb0e1-ac17-11f1-a392-eeee0a8d8db9.OPERATION#flowable-async-job-executor-thread-4209#
[XS2BuildCloudDeployModelStep] MTA archive modules: [ResilienceCockpit-srv, ResilienceCockpit-app-deployer, ResilienceCockpit-db-deployer]#
#2026 09 09 06:28:43.118#Z#DEBUG#b34eb0e1-ac17-11f1-a392-eeee0a8d8db9.OPERATION#flowable-async-job-executor-thread-4209#
[XS2BuildCloudDeployModelStep] Deployed modules: [ResilienceCockpit-db-deployer, ResilienceCockpit-srv]#
#2026 09 09 06:28:43.118#Z#DEBUG#b34eb0e1-ac17-11f1-a392-eeee0a8d8db9.OPERATION#flowable-async-job-executor-thread-4209#
[XS2BuildCloudDeployModelStep] MTA modules: [ResilienceCockpit-srv, ResilienceCockpit-app-deployer, ResilienceCockpit-destination-content, ResilienceCockpit-db-deployer]#
#2026 09 09 06:28:43.118#Z#DEBUG#b34eb0e1-ac17-11f1-a392-eeee0a8d8db9.OPERATION#flowable-async-job-executor-thread-4209#
[XS2BuildCloudDeployModelStep] Service keys to create: {
  "ResilienceCockpit-db" : [ ],
  "ResilienceCockpit-auth" : "********",
  "ResilienceCockpit-html5-repo-host" : [ ],
  "ResilienceCockpit-connectivity" : [ ],
  "ResilienceCockpit-destination" : [ ],
  "ResilienceCockpit-logging" : [ ]
}#
#2026 09 09 06:28:43.119#Z#DEBUG#b34eb0e1-ac17-11f1-a392-eeee0a8d8db9.OPERATION#flowable-async-job-executor-thread-4209#
[XS2BuildCloudDeployModelStep] Modules to deploy: [{
  "majorSchemaVersion" : 3,
  "name" : "ResilienceCockpit-srv",
  "type" : "javascript.nodejs",
  "path" : "ResilienceCockpit-srv",
  "properties" : { },
  "parameters" : {
    "default-url" : "https://94060551trial-dev-resiliencecockpit-srv.cfapps.us10-003.hana.ondemand.com",
    "default-app-name" : "ResilienceCockpit-srv",
    "generated-password" : "********",
    "default-live-url" : "https://94060551trial-dev-resiliencecockpit-srv.cfapps.us10-003.hana.ondemand.com",
    "default-uri" : "94060551trial-dev-resiliencecockpit-srv.cfapps.us10-003.hana.ondemand.com",
    "default-instances" : 1,
    "default-live-host" : "94060551trial-dev-resiliencecockpit-srv",
    "instances" : 1,
    "buildpack" : "nodejs_buildpack",
    "default-host" : "94060551trial-dev-resiliencecockpit-srv",
    "app-name" : "ResilienceCockpit-srv",
    "default-live-uri" : "94060551trial-dev-resiliencecockpit-srv.cfapps.us10-003.hana.ondemand.com",
    "protocol" : "https",
    "default-live-app-name" : "ResilienceCockpit-srv",
    "default-live-domain" : "cfapps.us10-003.hana.ondemand.com",
    "dependency-type" : "soft",
    "domain" : "cfapps.us10-003.hana.ondemand.com",
    "host" : "94060551trial-dev-resiliencecockpit-srv",
    "generated-user" : "********"
  },
  "requiredDependencies" : [ {
    "majorSchemaVersion" : 3,
    "name" : "********",
    "properties" : { },
    "parameters" : { },
    "propertiesMetadata" : {
      "metadata" : { }
    },
    "parametersMetadata" : {
      "metadata" : { }
    }
  }, {
    "majorSchemaVersion" : 3,
    "name" : "ResilienceCockpit-db",
    "properties" : { },
    "parameters" : { },
    "propertiesMetadata" : {
      "metadata" : { }
    },
    "parametersMetadata" : {
      "metadata" : { }
    }
  }, {
    "majorSchemaVersion" : 3,
    "name" : "ResilienceCockpit-connectivity",
    "properties" : { },
    "parameters" : { },
    "propertiesMetadata" : {
      "metadata" : { }
    },
    "parametersMetadata" : {
      "metadata" : { }
    }
  }, {
    "majorSchemaVersion" : 3,
    "name" : "ResilienceCockpit-destination",
    "properties" : { },
    "parameters" : { },
    "propertiesMetadata" : {
      "metadata" : { }
    },
    "parametersMetadata" : {
      "metadata" : { }
    }
  }, {
    "majorSchemaVersion" : 3,
    "name" : "ResilienceCockpit-logging",
    "properties" : { },
    "parameters" : { },
    "propertiesMetadata" : {
      "metadata" : { }
    },
    "parametersMetadata" : {
      "metadata" : { }
    }
  } ],
  "providedDependencies" : [ {
    "majorSchemaVersion" : 3,
    "name" : "srv-api",
    "isPublic" : false,
    "properties" : {
      "srv-url" : "https://94060551trial-dev-resiliencecockpit-srv.cfapps.us10-003.hana.ondemand.com"
    },
    "parameters" : { },
    "propertiesMetadata" : {
      "metadata" : { }
    },
    "parametersMetadata" : {
      "metadata" : { }
    }
  }, {
    "majorSchemaVersion" : 3,
    "name" : "ResilienceCockpit-srv",
    "isPublic" : false,
    "properties" : { },
    "parameters" : { },
    "propertiesMetadata" : {
      "metadata" : { }
    },
    "parametersMetadata" : {
      "metadata" : { }
    }
  } ],
  "propertiesMetadata" : {
    "metadata" : { }
  },
  "parametersMetadata" : {
    "metadata" : { }
  },
  "deployedAfter" : [ ],
  "hooks" : [ ]
}, {
  "majorSchemaVersion" : 3,
  "name" : "ResilienceCockpit-db-deployer",
  "type" : "com.sap.xs.hdi",
  "path" : "ResilienceCockpit-db-deployer",
  "properties" : {
    "EXIT" : 1
  },
  "parameters" : {
    "default-url" : "https://94060551trial-dev-resiliencecockpit-db-deployer.cfapps.us10-003.hana.ondemand.com",
    "default-app-name" : "ResilienceCockpit-db-deployer",
    "generated-password" : "********",
    "default-live-url" : "https://94060551trial-dev-resiliencecockpit-db-deployer.cfapps.us10-003.hana.ondemand.com",
    "default-uri" : "94060551trial-dev-resiliencecockpit-db-deployer.cfapps.us10-003.hana.ondemand.com",
    "memory" : "256M",
    "default-instances" : 1,
    "no-route" : true,
    "default-live-host" : "94060551trial-dev-resiliencecockpit-db-deployer",
    "instances" : 1,
    "buildpack" : "nodejs_buildpack",
    "default-host" : "94060551trial-dev-resiliencecockpit-db-deployer",
    "app-name" : "ResilienceCockpit-db-deployer",
    "default-live-uri" : "94060551trial-dev-resiliencecockpit-db-deployer.cfapps.us10-003.hana.ondemand.com",
    "protocol" : "https",
    "default-live-app-name" : "ResilienceCockpit-db-deployer",
    "default-live-domain" : "cfapps.us10-003.hana.ondemand.com",
    "dependency-type" : "hard",
    "domain" : "cfapps.us10-003.hana.ondemand.com",
    "host" : "94060551trial-dev-resiliencecockpit-db-deployer",
    "generated-user" : "********",
    "tasks" : [ {
      "command" : "npm start",
      "memory" : "256M",
      "name" : "deploy"
    } ],
    "no-start" : true
  },
  "requiredDependencies" : [ {
    "majorSchemaVersion" : 3,
    "name" : "ResilienceCockpit-db",
    "properties" : { },
    "parameters" : { },
    "propertiesMetadata" : {
      "metadata" : { }
    },
    "parametersMetadata" : {
      "metadata" : { }
    }
  } ],
  "providedDependencies" : [ {
    "majorSchemaVersion" : 3,
    "name" : "ResilienceCockpit-db-deployer",
    "isPublic" : false,
    "properties" : { },
    "parameters" : { },
    "propertiesMetadata" : {
      "metadata" : { }
    },
    "parametersMetadata" : {
      "metadata" : { }
    }
  } ],
  "propertiesMetadata" : {
    "metadata" : { }
  },
  "parametersMetadata" : {
    "metadata" : { }
  },
  "deployedAfter" : [ ],
  "hooks" : [ ]
}, {
  "majorSchemaVersion" : 3,
  "name" : "ResilienceCockpit-app-deployer",
  "type" : "com.sap.application.content",
  "path" : "ResilienceCockpit-app-deployer",
  "properties" : { },
  "parameters" : {
    "default-url" : "https://94060551trial-dev-resiliencecockpit-app-deployer.cfapps.us10-003.hana.ondemand.com",
    "default-app-name" : "ResilienceCockpit-app-deployer",
    "generated-password" : "********",
    "default-live-url" : "https://94060551trial-dev-resiliencecockpit-app-deployer.cfapps.us10-003.hana.ondemand.com",
    "default-uri" : "94060551trial-dev-resiliencecockpit-app-deployer.cfapps.us10-003.hana.ondemand.com",
    "default-instances" : 1,
    "default-live-host" : "94060551trial-dev-resiliencecockpit-app-deployer",
    "instances" : 1,
    "default-host" : "94060551trial-dev-resiliencecockpit-app-deployer",
    "app-name" : "ResilienceCockpit-app-deployer",
    "default-live-uri" : "94060551trial-dev-resiliencecockpit-app-deployer.cfapps.us10-003.hana.ondemand.com",
    "protocol" : "https",
    "default-live-app-name" : "ResilienceCockpit-app-deployer",
    "default-live-domain" : "cfapps.us10-003.hana.ondemand.com",
    "dependency-type" : "soft",
    "domain" : "cfapps.us10-003.hana.ondemand.com",
    "host" : "94060551trial-dev-resiliencecockpit-app-deployer",
    "generated-user" : "********"
  },
  "requiredDependencies" : [ {
    "majorSchemaVersion" : 3,
    "name" : "********",
    "properties" : { },
    "parameters" : { },
    "propertiesMetadata" : {
      "metadata" : { }
    },
    "parametersMetadata" : {
      "metadata" : { }
    }
  }, {
    "majorSchemaVersion" : 3,
    "name" : "srv-api",
    "properties" : { },
    "parameters" : { },
    "propertiesMetadata" : {
      "metadata" : { }
    },
    "parametersMetadata" : {
      "metadata" : { }
    }
  }, {
    "majorSchemaVersion" : 3,
    "name" : "ResilienceCockpit-html5-repo-host",
    "properties" : { },
    "parameters" : {
      "config" : {
        "HTML5Runtime_enabled" : false
      },
      "content-target" : true
    },
    "propertiesMetadata" : {
      "metadata" : { }
    },
    "parametersMetadata" : {
      "metadata" : { }
    }
  } ],
  "providedDependencies" : [ {
    "majorSchemaVersion" : 3,
    "name" : "ResilienceCockpit-app-deployer",
    "isPublic" : false,
    "properties" : { },
    "parameters" : { },
    "propertiesMetadata" : {
      "metadata" : { }
    },
    "parametersMetadata" : {
      "metadata" : { }
    }
  } ],
  "propertiesMetadata" : {
    "metadata" : { }
  },
  "parametersMetadata" : {
    "metadata" : { }
  },
  "deployedAfter" : [ ],
  "hooks" : [ ]
}, {
  "majorSchemaVersion" : 3,
  "name" : "ResilienceCockpit-destination-content",
  "type" : "com.sap.application.content",
  "properties" : { },
  "parameters" : {
    "default-url" : "https://94060551trial-dev-resiliencecockpit-destination-content.cfapps.us10-003.hana.ondemand.com",
    "default-app-name" : "ResilienceCockpit-destination-content",
    "generated-password" : "********",
    "default-live-url" : "https://94060551trial-dev-resiliencecockpit-destination-content.cfapps.us10-003.hana.ondemand.com",
    "default-uri" : "94060551trial-dev-resiliencecockpit-destination-content.cfapps.us10-003.hana.ondemand.com",
    "default-instances" : 1,
    "default-live-host" : "94060551trial-dev-resiliencecockpit-destination-content",
    "instances" : 1,
    "default-host" : "94060551trial-dev-resiliencecockpit-destination-content",
    "content" : {
      "instance" : {
        "destinations" : [ {
          "Authentication" : "********",
          "Name" : "srv-api",
          "TokenServiceInstanceName" : "********",
          "TokenServiceKeyName" : "********",
          "URL" : "https://94060551trial-dev-resiliencecockpit-srv.cfapps.us10-003.hana.ondemand.com"
        }, {
          "Name" : "ResilienceCockpit-html5-repo-host",
          "ServiceInstanceName" : "ResilienceCockpit-html5-repo-host",
          "ServiceKeyName" : "********",
          "sap.cloud.service" : "nexus"
        }, {
          "Authentication" : "********",
          "Name" : "********",
          "ServiceInstanceName" : "********",
          "ServiceKeyName" : "********"
        } ],
        "existing_destinations_policy" : "update"
      }
    },
    "app-name" : "ResilienceCockpit-destination-content",
    "default-live-uri" : "94060551trial-dev-resiliencecockpit-destination-content.cfapps.us10-003.hana.ondemand.com",
    "protocol" : "https",
    "default-live-app-name" : "ResilienceCockpit-destination-content",
    "default-live-domain" : "cfapps.us10-003.hana.ondemand.com",
    "dependency-type" : "soft",
    "domain" : "cfapps.us10-003.hana.ondemand.com",
    "host" : "94060551trial-dev-resiliencecockpit-destination-content",
    "generated-user" : "********"
  },
  "requiredDependencies" : [ {
    "majorSchemaVersion" : 3,
    "name" : "********",
    "properties" : { },
    "parameters" : {
      "service-key" : "********"
    },
    "propertiesMetadata" : {
      "metadata" : { }
    },
    "parametersMetadata" : {
      "metadata" : { }
    }
  }, {
    "majorSchemaVersion" : 3,
    "name" : "ResilienceCockpit-html5-repo-host",
    "properties" : { },
    "parameters" : {
      "service-key" : "********"
    },
    "propertiesMetadata" : {
      "metadata" : { }
    },
    "parametersMetadata" : {
      "metadata" : { }
    }
  }, {
    "majorSchemaVersion" : 3,
    "name" : "srv-api",
    "properties" : { },
    "parameters" : { },
    "propertiesMetadata" : {
      "metadata" : { }
    },
    "parametersMetadata" : {
      "metadata" : { }
    }
  }, {
    "majorSchemaVersion" : 3,
    "name" : "ResilienceCockpit-destination",
    "properties" : { },
    "parameters" : {
      "content-target" : true
    },
    "propertiesMetadata" : {
      "metadata" : { }
    },
    "parametersMetadata" : {
      "metadata" : { }
    }
  } ],
  "providedDependencies" : [ {
    "majorSchemaVersion" : 3,
    "name" : "ResilienceCockpit-destination-content",
    "isPublic" : false,
    "properties" : { },
    "parameters" : { },
    "propertiesMetadata" : {
      "metadata" : { }
    },
    "parametersMetadata" : {
      "metadata" : { }
    }
  } ],
  "propertiesMetadata" : {
    "metadata" : { }
  },
  "parametersMetadata" : {
    "metadata" : { }
  },
  "deployedAfter" : [ ],
  "hooks" : [ ]
}]#
#2026 09 09 06:28:43.119#Z#DEBUG#b34eb0e1-ac17-11f1-a392-eeee0a8d8db9.OPERATION#flowable-async-job-executor-thread-4209#
[XS2BuildCloudDeployModelStep] Custom domains: []#
#2026 09 09 06:28:43.121#Z#DEBUG#b34eb0e1-ac17-11f1-a392-eeee0a8d8db9.OPERATION#flowable-async-job-executor-thread-4209#
[XS2BuildCloudDeployModelStep] Calculating resource batches...#
#2026 09 09 06:28:43.122#Z#DEBUG#b34eb0e1-ac17-11f1-a392-eeee0a8d8db9.OPERATION#flowable-async-job-executor-thread-4209#
[XS2BuildCloudDeployModelStep] Calculating resource batches completed.#
#2026 09 09 06:28:43.122#Z#DEBUG#b34eb0e1-ac17-11f1-a392-eeee0a8d8db9.OPERATION#flowable-async-job-executor-thread-4209#
[XS2BuildCloudDeployModelStep] Cloud deployment model built#
#2026 09 09 06:28:43.122#Z#DEBUG#b34eb0e1-ac17-11f1-a392-eeee0a8d8db9.OPERATION#flowable-async-job-executor-thread-4209#
Step "Build Deploy Model" finished#
#2026 09 09 06:28:43.140#Z#DEBUG#b34eb0e1-ac17-11f1-a392-eeee0a8d8db9.OPERATION#flowable-async-job-executor-thread-4209#
[BuildCloudUndeployModelStep] Executing task "buildUndeployModelTask" of process "b34eb107-ac17-11f1-a392-eeee0a8d8db9"...#
#2026 09 09 06:28:43.140#Z#DEBUG#b34eb0e1-ac17-11f1-a392-eeee0a8d8db9.OPERATION#flowable-async-job-executor-thread-4209#
[BuildCloudUndeployModelStep] Building cloud undeployment model...#
#2026 09 09 06:28:43.141#Z#DEBUG#b34eb0e1-ac17-11f1-a392-eeee0a8d8db9.OPERATION#flowable-async-job-executor-thread-4209#
[BuildCloudUndeployModelStep] Detecting service keys to delete.#
#2026 09 09 06:28:43.142#Z#DEBUG#b34eb0e1-ac17-11f1-a392-eeee0a8d8db9.OPERATION#flowable-async-job-executor-thread-4209#
[BuildCloudUndeployModelStep] Detected deployed service keys by service "{ResilienceCockpit-auth=[DeployedMtaServiceKey{name=ResilienceCockpit-app-deployer-ResilienceCockpit-auth-credentials, metadata=CloudMetadata{guid=5d6a90ac-d2af-4efb-9c74-52d5e2c186dd, createdAt=2026-08-25T08:30:22, updatedAt=2026-08-25T08:30:23, url=null}, v3Metadata=Metadata{annotations={mta_id=ResilienceCockpit, mta_version=1.0.0}, labels={mta_id=12714f170fc41ee91010bfb8bfd6b5c9, space_guid=039a1fe6-69a4-4c1e-9b8f-a64d47329d3e}}, credentials=null, serviceInstance=CloudServiceInstance{name=ResilienceCockpit-auth, metadata=CloudMetadata{guid=a4201f74-f0ad-456c-947a-8ce52d2ae7ca, createdAt=2026-08-25T08:30:02, updatedAt=2026-08-25T08:30:03, url=null}, v3Metadata=Metadata{annotations={mta_id=ResilienceCockpit, mta_version=1.0.0, mta_resource={"name":"ResilienceCockpit-auth"}}, labels={mta_id=12714f170fc41ee91010bfb8bfd6b5c9}}, label=null, plan=null, provider=null, broker=null, version=null, credentials={}, syslogDrainUrl=null, tags=[], type=managed, lastOperation=null}, serviceKeyOperation=null, resourceName=null}, DeployedMtaServiceKey{name=ResilienceCockpit-auth-key, metadata=CloudMetadata{guid=a740b217-4eaa-4fba-94d5-6b134f537e01, createdAt=2026-08-25T08:30:23, updatedAt=2026-08-25T08:30:23, url=null}, v3Metadata=Metadata{annotations={mta_id=ResilienceCockpit, mta_version=1.0.0}, labels={mta_id=12714f170fc41ee91010bfb8bfd6b5c9, space_guid=039a1fe6-69a4-4c1e-9b8f-a64d47329d3e}}, credentials=null, serviceInstance=CloudServiceInstance{name=ResilienceCockpit-auth, metadata=CloudMetadata{guid=a4201f74-f0ad-456c-947a-8ce52d2ae7ca, createdAt=2026-08-25T08:30:02, updatedAt=2026-08-25T08:30:03, url=null}, v3Metadata=Metadata{annotations={mta_id=ResilienceCockpit, mta_version=1.0.0, mta_resource={"name":"ResilienceCockpit-auth"}}, labels={mta_id=12714f170fc41ee91010bfb8bfd6b5c9}}, label=null, plan=null, provider=null, broker=null, version=null, credentials={}, syslogDrainUrl=null, tags=[], type=managed, lastOperation=null}, serviceKeyOperation=null, resourceName=null}], ResilienceCockpit-html5-repo-host=[DeployedMtaServiceKey{name=ResilienceCockpit-app-deployer-ResilienceCockpit-html5-repo-host-credentials, metadata=CloudMetadata{guid=de7350a4-f280-459d-afc2-ad86ef46b093, createdAt=2026-08-25T08:30:22, updatedAt=2026-08-25T08:30:23, url=null}, v3Metadata=Metadata{annotations={mta_id=ResilienceCockpit, mta_version=1.0.0}, labels={mta_id=12714f170fc41ee91010bfb8bfd6b5c9, space_guid=039a1fe6-69a4-4c1e-9b8f-a64d47329d3e}}, credentials=null, serviceInstance=CloudServiceInstance{name=ResilienceCockpit-html5-repo-host, metadata=CloudMetadata{guid=fd6aaf90-4cca-4826-9764-60a919421480, createdAt=2026-08-25T08:30:06, updatedAt=2026-08-25T08:30:07, url=null}, v3Metadata=Metadata{annotations={mta_id=ResilienceCockpit, mta_version=1.0.0, mta_resource={"name":"ResilienceCockpit-html5-repo-host"}}, labels={mta_id=12714f170fc41ee91010bfb8bfd6b5c9}}, label=null, plan=null, provider=null, broker=null, version=null, credentials={}, syslogDrainUrl=null, tags=[], type=managed, lastOperation=null}, serviceKeyOperation=null, resourceName=null}, DeployedMtaServiceKey{name=ResilienceCockpit-html5-repo-host-key, metadata=CloudMetadata{guid=67b06842-65c2-44d3-9ce0-5b5dfc51df85, createdAt=2026-08-25T08:30:23, updatedAt=2026-08-25T08:30:24, url=null}, v3Metadata=Metadata{annotations={mta_id=ResilienceCockpit, mta_version=1.0.0}, labels={mta_id=12714f170fc41ee91010bfb8bfd6b5c9, space_guid=039a1fe6-69a4-4c1e-9b8f-a64d47329d3e}}, credentials=null, serviceInstance=CloudServiceInstance{name=ResilienceCockpit-html5-repo-host, metadata=CloudMetadata{guid=fd6aaf90-4cca-4826-9764-60a919421480, createdAt=2026-08-25T08:30:06, updatedAt=2026-08-25T08:30:07, url=null}, v3Metadata=Metadata{annotations={mta_id=ResilienceCockpit, mta_version=1.0.0, mta_resource={"name":"ResilienceCockpit-html5-repo-host"}}, labels={mta_id=12714f170fc41ee91010bfb8bfd6b5c9}}, label=null, plan=null, provider=null, broker=null, version=null, credentials={}, syslogDrainUrl=null, tags=[], type=managed, lastOperation=null}, serviceKeyOperation=null, resourceName=null}], ResilienceCockpit-destination=[DeployedMtaServiceKey{name=ResilienceCockpit-destination-content-ResilienceCockpit-destination-credentials, metadata=CloudMetadata{guid=7ddd25ac-6128-41d8-b339-11a4a5e9f307, createdAt=2026-08-25T11:44:32, updatedAt=2026-08-25T11:44:34, url=null}, v3Metadata=Metadata{annotations={mta_id=ResilienceCockpit, mta_version=1.0.0}, labels={mta_id=12714f170fc41ee91010bfb8bfd6b5c9, space_guid=039a1fe6-69a4-4c1e-9b8f-a64d47329d3e}}, credentials=null, serviceInstance=CloudServiceInstance{name=ResilienceCockpit-destination, metadata=CloudMetadata{guid=b320a563-1340-4020-8574-566b1e2175a9, createdAt=2026-08-25T11:44:14, updatedAt=2026-08-25T11:44:19, url=null}, v3Metadata=Metadata{annotations={mta_id=ResilienceCockpit, mta_version=1.0.0, mta_resource={"name":"ResilienceCockpit-destination"}}, labels={mta_id=12714f170fc41ee91010bfb8bfd6b5c9}}, label=null, plan=null, provider=null, broker=null, version=null, credentials={}, syslogDrainUrl=null, tags=[], type=managed, lastOperation=null}, serviceKeyOperation=null, resourceName=null}]}"#
#2026 09 09 06:28:43.144#Z#DEBUG#b34eb0e1-ac17-11f1-a392-eeee0a8d8db9.OPERATION#flowable-async-job-executor-thread-4209#
[BuildCloudUndeployModelStep] New service keys by service "{ResilienceCockpit-auth=[ResilienceCockpit-app-deployer-ResilienceCockpit-auth-credentials, ResilienceCockpit-auth-key], ResilienceCockpit-html5-repo-host=[ResilienceCockpit-app-deployer-ResilienceCockpit-html5-repo-host-credentials, ResilienceCockpit-html5-repo-host-key], ResilienceCockpit-destination=[ResilienceCockpit-destination-content-ResilienceCockpit-destination-credentials]}"#
#2026 09 09 06:28:43.145#Z#DEBUG#b34eb0e1-ac17-11f1-a392-eeee0a8d8db9.OPERATION#flowable-async-job-executor-thread-4209#
[BuildCloudUndeployModelStep] Existing service keys by service "{}"#
#2026 09 09 06:28:43.145#Z#DEBUG#b34eb0e1-ac17-11f1-a392-eeee0a8d8db9.OPERATION#flowable-async-job-executor-thread-4209#
[BuildCloudUndeployModelStep] Detected service keys to delete "[]"#
#2026 09 09 06:28:43.147#Z#DEBUG#b34eb0e1-ac17-11f1-a392-eeee0a8d8db9.OPERATION#flowable-async-job-executor-thread-4209#
[BuildCloudUndeployModelStep] MTA modules: [ResilienceCockpit-srv, ResilienceCockpit-app-deployer, ResilienceCockpit-destination-content, ResilienceCockpit-db-deployer]#
#2026 09 09 06:28:43.147#Z#DEBUG#b34eb0e1-ac17-11f1-a392-eeee0a8d8db9.OPERATION#flowable-async-job-executor-thread-4209#
[BuildCloudUndeployModelStep] Modules to undeploy: [ ]#
#2026 09 09 06:28:43.147#Z#DEBUG#b34eb0e1-ac17-11f1-a392-eeee0a8d8db9.OPERATION#flowable-async-job-executor-thread-4209#
[BuildCloudUndeployModelStep] Modules that won't be changed: [ ]#
#2026 09 09 06:28:43.147#Z#DEBUG#b34eb0e1-ac17-11f1-a392-eeee0a8d8db9.OPERATION#flowable-async-job-executor-thread-4209#
[BuildCloudUndeployModelStep] Subscriptions to delete: [ ]#
#2026 09 09 06:28:43.149#Z#DEBUG#b34eb0e1-ac17-11f1-a392-eeee0a8d8db9.OPERATION#flowable-async-job-executor-thread-4209#
[BuildCloudUndeployModelStep] Cloud services to delete: []#
#2026 09 09 06:28:43.149#Z#DEBUG#b34eb0e1-ac17-11f1-a392-eeee0a8d8db9.OPERATION#flowable-async-job-executor-thread-4209#
[BuildCloudUndeployModelStep] Cloud applications to undeploy: [ ]#
#2026 09 09 06:28:43.150#Z#DEBUG#b34eb0e1-ac17-11f1-a392-eeee0a8d8db9.OPERATION#flowable-async-job-executor-thread-4209#
[BuildCloudUndeployModelStep] Cloud undeployment model built#
#2026 09 09 06:28:43.150#Z#DEBUG#b34eb0e1-ac17-11f1-a392-eeee0a8d8db9.OPERATION#flowable-async-job-executor-thread-4209#
Step "Build Undeploy Model" finished#
#2026 09 09 06:28:43.165#Z#DEBUG#b34eb0e1-ac17-11f1-a392-eeee0a8d8db9.OPERATION#flowable-async-job-executor-thread-4209#
[AddDomainsStep] Executing task "addDomainsTask" of process "b34eb107-ac17-11f1-a392-eeee0a8d8db9"...#
#2026 09 09 06:28:43.166#Z#DEBUG#b34eb0e1-ac17-11f1-a392-eeee0a8d8db9.OPERATION#flowable-async-job-executor-thread-4209#
[AddDomainsStep] Custom domains: []#
#2026 09 09 06:28:43.166#Z#DEBUG#b34eb0e1-ac17-11f1-a392-eeee0a8d8db9.OPERATION#flowable-async-job-executor-thread-4209#
Step "Add Domains" finished#
#2026 09 09 06:28:43.517#Z#DEBUG#b34eb0e1-ac17-11f1-a392-eeee0a8d8db9.OPERATION#flowable-async-job-executor-thread-4209#
[ExtractBatchedServicesWithResolvedDynamicParametersStep] Executing task "prepareModulesDeploymentTask" of process "b427376f-ac17-11f1-a392-eeee0a8d8db9"...#
#2026 09 09 06:28:43.518#Z#DEBUG#b34eb0e1-ac17-11f1-a392-eeee0a8d8db9.OPERATION#flowable-async-job-executor-thread-4209#
[ExtractBatchedServicesWithResolvedDynamicParametersStep] Extracting services and resolving dynamic parameters from batch#
#2026 09 09 06:28:43.519#Z#DEBUG#b34eb0e1-ac17-11f1-a392-eeee0a8d8db9.OPERATION#flowable-async-job-executor-thread-4209#
[ExtractBatchedServicesWithResolvedDynamicParametersStep] Services to create: [ {
  "isOptional" : false,
  "isManaged" : true,
  "name" : "********",
  "v3Metadata" : {
    "annotations" : {
      "mta_id" : "ResilienceCockpit",
      "mta_version" : "1.0.0",
      "mta_resource" : "********"
    },
    "labels" : {
      "mta_id" : "12714f170fc41ee91010bfb8bfd6b5c9"
    }
  },
  "label" : "xsuaa",
  "plan" : "application",
  "credentials" : "********",
  "tags" : [ ],
  "type" : "managed",
  "resourceName" : "********",
  "shouldSkipParametersUpdate" : false,
  "shouldSkipPlanUpdate" : false,
  "shouldSkipTagsUpdate" : false,
  "shouldSkipSyslogUrlUpdate" : false
}, {
  "isOptional" : false,
  "isManaged" : true,
  "name" : "ResilienceCockpit-db",
  "v3Metadata" : {
    "annotations" : {
      "mta_id" : "ResilienceCockpit",
      "mta_version" : "1.0.0",
      "mta_resource" : "{\"name\":\"ResilienceCockpit-db\"}"
    },
    "labels" : {
      "mta_id" : "12714f170fc41ee91010bfb8bfd6b5c9"
    }
  },
  "label" : "hana",
  "plan" : "hdi-shared",
  "credentials" : "********",
  "tags" : [ ],
  "type" : "managed",
  "resourceName" : "ResilienceCockpit-db",
  "shouldSkipParametersUpdate" : false,
  "shouldSkipPlanUpdate" : false,
  "shouldSkipTagsUpdate" : false,
  "shouldSkipSyslogUrlUpdate" : false
}, {
  "isOptional" : false,
  "isManaged" : true,
  "name" : "ResilienceCockpit-connectivity",
  "v3Metadata" : {
    "annotations" : {
      "mta_id" : "ResilienceCockpit",
      "mta_version" : "1.0.0",
      "mta_resource" : "{\"name\":\"ResilienceCockpit-connectivity\"}"
    },
    "labels" : {
      "mta_id" : "12714f170fc41ee91010bfb8bfd6b5c9"
    }
  },
  "label" : "connectivity",
  "plan" : "lite",
  "credentials" : "********",
  "tags" : [ ],
  "type" : "managed",
  "resourceName" : "ResilienceCockpit-connectivity",
  "shouldSkipParametersUpdate" : false,
  "shouldSkipPlanUpdate" : false,
  "shouldSkipTagsUpdate" : false,
  "shouldSkipSyslogUrlUpdate" : false
}, {
  "isOptional" : false,
  "isManaged" : true,
  "name" : "ResilienceCockpit-destination",
  "v3Metadata" : {
    "annotations" : {
      "mta_id" : "ResilienceCockpit",
      "mta_version" : "1.0.0",
      "mta_resource" : "{\"name\":\"ResilienceCockpit-destination\"}"
    },
    "labels" : {
      "mta_id" : "12714f170fc41ee91010bfb8bfd6b5c9"
    }
  },
  "label" : "destination",
  "plan" : "lite",
  "credentials" : "********",
  "tags" : [ ],
  "type" : "managed",
  "resourceName" : "ResilienceCockpit-destination",
  "shouldSkipParametersUpdate" : false,
  "shouldSkipPlanUpdate" : false,
  "shouldSkipTagsUpdate" : false,
  "shouldSkipSyslogUrlUpdate" : false
}, {
  "isOptional" : false,
  "isManaged" : true,
  "name" : "ResilienceCockpit-html5-repo-host",
  "v3Metadata" : {
    "annotations" : {
      "mta_id" : "ResilienceCockpit",
      "mta_version" : "1.0.0",
      "mta_resource" : "{\"name\":\"ResilienceCockpit-html5-repo-host\"}"
    },
    "labels" : {
      "mta_id" : "12714f170fc41ee91010bfb8bfd6b5c9"
    }
  },
  "label" : "html5-apps-repo",
  "plan" : "app-host",
  "credentials" : "********",
  "tags" : [ ],
  "type" : "managed",
  "resourceName" : "ResilienceCockpit-html5-repo-host",
  "shouldSkipParametersUpdate" : false,
  "shouldSkipPlanUpdate" : false,
  "shouldSkipTagsUpdate" : false,
  "shouldSkipSyslogUrlUpdate" : false
}, {
  "isOptional" : false,
  "isManaged" : true,
  "name" : "ResilienceCockpit-logging",
  "v3Metadata" : {
    "annotations" : {
      "mta_id" : "ResilienceCockpit",
      "mta_version" : "1.0.0",
      "mta_resource" : "{\"name\":\"ResilienceCockpit-logging\"}"
    },
    "labels" : {
      "mta_id" : "12714f170fc41ee91010bfb8bfd6b5c9"
    }
  },
  "label" : "application-logs",
  "plan" : "lite",
  "credentials" : "********",
  "tags" : [ ],
  "type" : "managed",
  "resourceName" : "ResilienceCockpit-logging",
  "shouldSkipParametersUpdate" : false,
  "shouldSkipPlanUpdate" : false,
  "shouldSkipTagsUpdate" : false,
  "shouldSkipSyslogUrlUpdate" : false
} ]#
#2026 09 09 06:28:43.519#Z#DEBUG#b34eb0e1-ac17-11f1-a392-eeee0a8d8db9.OPERATION#flowable-async-job-executor-thread-4209#
Step "Extract Services with Resolved Dynamic parameters from batch" finished#
#2026 09 09 06:28:43.575#Z#DEBUG#b34eb0e1-ac17-11f1-a392-eeee0a8d8db9.OPERATION#flowable-async-job-executor-thread-4209#
[CheckServiceOperationStateStep] Executing task "CheckServiceOperationStateTask" of process "b45ee894-ac17-11f1-a392-eeee0a8d8db9"...#
#2026 09 09 06:28:43.576#Z#DEBUG#b34eb0e1-ac17-11f1-a392-eeee0a8d8db9.OPERATION#flowable-async-job-executor-thread-4209#
[CheckServiceOperationStateStep] Getting service instance "ResilienceCockpit-auth"...#
#2026 09 09 06:28:43.660#Z#DEBUG#b34eb0e1-ac17-11f1-a392-eeee0a8d8db9.OPERATION#flowable-async-job-executor-thread-4209#
Step "Check for service operations in Progress" finished#
#2026 09 09 06:28:43.676#Z#DEBUG#b34eb0e1-ac17-11f1-a392-eeee0a8d8db9.OPERATION#flowable-async-job-executor-thread-4209#
[DetermineServiceCreateUpdateServiceActionsStep] Executing task "DetermineServiceCreateUpdateActionsTask" of process "b45ee894-ac17-11f1-a392-eeee0a8d8db9"...#
#2026 09 09 06:28:43.677#Z#INFO#b34eb0e1-ac17-11f1-a392-eeee0a8d8db9.OPERATION#flowable-async-job-executor-thread-4209#
[DetermineServiceCreateUpdateServiceActionsStep] Processing service "ResilienceCockpit-auth"...#
#2026 09 09 06:28:43.679#Z#DEBUG#b34eb0e1-ac17-11f1-a392-eeee0a8d8db9.OPERATION#flowable-async-job-executor-thread-4209#
[DetermineServiceCreateUpdateServiceActionsStep] Getting service instance "ResilienceCockpit-auth"...#
#2026 09 09 06:28:43.759#Z#INFO#b34eb0e1-ac17-11f1-a392-eeee0a8d8db9.OPERATION#flowable-async-job-executor-thread-4209#
[DetermineServiceCreateUpdateServiceActionsStep] Setting service "ResilienceCockpit-auth" parameters from "xs-security.json"#
#2026 09 09 06:28:43.804#Z#DEBUG#b34eb0e1-ac17-11f1-a392-eeee0a8d8db9.OPERATION#flowable-async-job-executor-thread-4209#
[DetermineServiceCreateUpdateServiceActionsStep] Existing service: {
  "name" : "********",
  "metadata" : {
    "guid" : "a4201f74-f0ad-456c-947a-8ce52d2ae7ca",
    "createdAt" : [ 2026, 8, 25, 8, 30, 2 ],
    "updatedAt" : [ 2026, 8, 25, 8, 30, 3 ]
  },
  "v3Metadata" : {
    "annotations" : {
      "mta_id" : "ResilienceCockpit",
      "mta_version" : "1.0.0",
      "mta_resource" : "********"
    },
    "labels" : {
      "mta_id" : "12714f170fc41ee91010bfb8bfd6b5c9"
    }
  },
  "label" : "xsuaa",
  "plan" : "application",
  "credentials" : "********",
  "tags" : [ ],
  "type" : "managed",
  "lastOperation" : {
    "type" : "UPDATE",
    "description" : "",
    "state" : "SUCCEEDED"
  }
}#
#2026 09 09 06:28:43.804#Z#DEBUG#b34eb0e1-ac17-11f1-a392-eeee0a8d8db9.OPERATION#flowable-async-job-executor-thread-4209#
[DetermineServiceCreateUpdateServiceActionsStep] Service parameters will be updated#
#2026 09 09 06:28:43.804#Z#DEBUG#b34eb0e1-ac17-11f1-a392-eeee0a8d8db9.OPERATION#flowable-async-job-executor-thread-4209#
[DetermineServiceCreateUpdateServiceActionsStep] New parameters: {
  "attributes" : [ ],
  "oauth2-configuration" : "********",
  "role-templates" : [ {
    "name" : "NX-SC-ANL",
    "description" : "generated",
    "scope-references" : [ "$XSAPPNAME.NX-SC-ANL", "********" ],
    "attribute-references" : [ ]
  }, {
    "name" : "NX-PR-ANL",
    "description" : "generated",
    "scope-references" : [ "$XSAPPNAME.NX-PR-ANL", "********" ],
    "attribute-references" : [ ]
  }, {
    "name" : "NX-SC-MGR",
    "description" : "generated",
    "scope-references" : [ "$XSAPPNAME.NX-SC-MGR", "********" ],
    "attribute-references" : [ ]
  } ],
  "scopes" : [ {
    "name" : "********",
    "description" : "********"
  }, {
    "name" : "$XSAPPNAME.NX-SC-ANL",
    "description" : "NX-SC-ANL"
  }, {
    "name" : "$XSAPPNAME.NX-PR-ANL",
    "description" : "NX-PR-ANL"
  }, {
    "name" : "$XSAPPNAME.NX-SC-MGR",
    "description" : "NX-SC-MGR"
  } ],
  "tenant-mode" : "dedicated",
  "xsappname" : "ResilienceCockpit-94060551trial-dev"
}#
#2026 09 09 06:28:43.804#Z#DEBUG#b34eb0e1-ac17-11f1-a392-eeee0a8d8db9.OPERATION#flowable-async-job-executor-thread-4209#
Step "Determine update actions" finished#
#2026 09 09 06:28:43.825#Z#DEBUG#b34eb0e1-ac17-11f1-a392-eeee0a8d8db9.OPERATION#flowable-async-job-executor-thread-4209#
[CheckForServiceBindingOrKeyOperationStep] Executing task "CheckForServiceBindingOrKeyCreation" of process "b45ee894-ac17-11f1-a392-eeee0a8d8db9"...#
#2026 09 09 06:28:43.826#Z#DEBUG#b34eb0e1-ac17-11f1-a392-eeee0a8d8db9.OPERATION#flowable-async-job-executor-thread-4209#
Step "Check for service binding or key creation" finished#
#2026 09 09 06:28:43.843#Z#DEBUG#b34eb0e1-ac17-11f1-a392-eeee0a8d8db9.OPERATION#flowable-async-job-executor-thread-4209#
[UpdateServiceParametersStep] Executing task "UpdateServiceParametersTask" of process "b45ee894-ac17-11f1-a392-eeee0a8d8db9"...#
#2026 09 09 06:28:43.844#Z#INFO#b34eb0e1-ac17-11f1-a392-eeee0a8d8db9.OPERATION#flowable-async-job-executor-thread-4209#
[UpdateServiceParametersStep] Updating service "ResilienceCockpit-auth"...#
#2026 09 09 06:28:43.846#Z#DEBUG#b34eb0e1-ac17-11f1-a392-eeee0a8d8db9.OPERATION#flowable-async-job-executor-thread-4209#
[UpdateServiceParametersStep] Updating service parameters for service "ResilienceCockpit-auth"...#
#2026 09 09 06:28:43.933#Z#DEBUG#b34eb0e1-ac17-11f1-a392-eeee0a8d8db9.OPERATION#flowable-async-job-executor-thread-4209#
[UpdateServiceParametersStep] Service "ResilienceCockpit-auth" updated#
#2026 09 09 06:28:43.933#Z#DEBUG#b34eb0e1-ac17-11f1-a392-eeee0a8d8db9.OPERATION#flowable-async-job-executor-thread-4209#
[UpdateServiceParametersStep] Triggered service operations: {
  "ResilienceCockpit-auth" : "UPDATE"
}#
#2026 09 09 06:28:43.934#Z#DEBUG#b34eb0e1-ac17-11f1-a392-eeee0a8d8db9.OPERATION#flowable-async-job-executor-thread-4209#
Step "Update parameters" finished#
#2026 09 09 06:28:45.429#Z#DEBUG#b34eb0e1-ac17-11f1-a392-eeee0a8d8db9.OPERATION#flowable-async-job-executor-thread-4204#
[CheckServiceOperationStateStep] Executing task "CheckServiceOperationStateTask" of process "b5786f3e-ac17-11f1-a392-eeee0a8d8db9"...#
#2026 09 09 06:28:45.430#Z#DEBUG#b34eb0e1-ac17-11f1-a392-eeee0a8d8db9.OPERATION#flowable-async-job-executor-thread-4204#
[CheckServiceOperationStateStep] Getting service instance "ResilienceCockpit-connectivity"...#
#2026 09 09 06:28:45.467#Z#DEBUG#b34eb0e1-ac17-11f1-a392-eeee0a8d8db9.OPERATION#flowable-async-job-executor-thread-4206#
[CheckServiceOperationStateStep] Executing task "CheckServiceOperationStateTask" of process "b57eff1e-ac17-11f1-a392-eeee0a8d8db9"...#
#2026 09 09 06:28:45.468#Z#DEBUG#b34eb0e1-ac17-11f1-a392-eeee0a8d8db9.OPERATION#flowable-async-job-executor-thread-4206#
[CheckServiceOperationStateStep] Getting service instance "ResilienceCockpit-logging"...#
#2026 09 09 06:28:45.528#Z#DEBUG#b34eb0e1-ac17-11f1-a392-eeee0a8d8db9.OPERATION#flowable-async-job-executor-thread-4204#
Step "Check for service operations in Progress" finished#
#2026 09 09 06:28:45.551#Z#DEBUG#b34eb0e1-ac17-11f1-a392-eeee0a8d8db9.OPERATION#flowable-async-job-executor-thread-4206#
Step "Check for service operations in Progress" finished#
#2026 09 09 06:28:45.544#Z#DEBUG#b34eb0e1-ac17-11f1-a392-eeee0a8d8db9.OPERATION#flowable-async-job-executor-thread-4204#
[DetermineServiceCreateUpdateServiceActionsStep] Executing task "DetermineServiceCreateUpdateActionsTask" of process "b5786f3e-ac17-11f1-a392-eeee0a8d8db9"...#
#2026 09 09 06:28:45.545#Z#INFO#b34eb0e1-ac17-11f1-a392-eeee0a8d8db9.OPERATION#flowable-async-job-executor-thread-4204#
[DetermineServiceCreateUpdateServiceActionsStep] Processing service "ResilienceCockpit-connectivity"...#
#2026 09 09 06:28:45.547#Z#DEBUG#b34eb0e1-ac17-11f1-a392-eeee0a8d8db9.OPERATION#flowable-async-job-executor-thread-4204#
[DetermineServiceCreateUpdateServiceActionsStep] Getting service instance "ResilienceCockpit-connectivity"...#
#2026 09 09 06:28:45.566#Z#DEBUG#b34eb0e1-ac17-11f1-a392-eeee0a8d8db9.OPERATION#flowable-async-job-executor-thread-4206#
[DetermineServiceCreateUpdateServiceActionsStep] Executing task "DetermineServiceCreateUpdateActionsTask" of process "b57eff1e-ac17-11f1-a392-eeee0a8d8db9"...#
#2026 09 09 06:28:45.567#Z#INFO#b34eb0e1-ac17-11f1-a392-eeee0a8d8db9.OPERATION#flowable-async-job-executor-thread-4206#
[DetermineServiceCreateUpdateServiceActionsStep] Processing service "ResilienceCockpit-logging"...#
#2026 09 09 06:28:45.569#Z#DEBUG#b34eb0e1-ac17-11f1-a392-eeee0a8d8db9.OPERATION#flowable-async-job-executor-thread-4206#
[DetermineServiceCreateUpdateServiceActionsStep] Getting service instance "ResilienceCockpit-logging"...#
#2026 09 09 06:28:45.633#Z#DEBUG#b34eb0e1-ac17-11f1-a392-eeee0a8d8db9.OPERATION#flowable-async-job-executor-thread-4204#
[DetermineServiceCreateUpdateServiceActionsStep] Existing service: {
  "name" : "ResilienceCockpit-connectivity",
  "metadata" : {
    "guid" : "57ce73c3-9d98-4630-a914-bb3fe51155dc",
    "createdAt" : [ 2026, 8, 25, 8, 30, 4 ],
    "updatedAt" : [ 2026, 8, 25, 8, 30, 6 ]
  },
  "v3Metadata" : {
    "annotations" : {
      "mta_id" : "ResilienceCockpit",
      "mta_version" : "1.0.0",
      "mta_resource" : "{\"name\":\"ResilienceCockpit-connectivity\"}"
    },
    "labels" : {
      "mta_id" : "12714f170fc41ee91010bfb8bfd6b5c9"
    }
  },
  "label" : "connectivity",
  "plan" : "lite",
  "credentials" : "********",
  "tags" : [ ],
  "type" : "managed",
  "lastOperation" : {
    "type" : "CREATE",
    "description" : "",
    "state" : "SUCCEEDED"
  }
}#
#2026 09 09 06:28:45.633#Z#WARN#b34eb0e1-ac17-11f1-a392-eeee0a8d8db9.OPERATION#flowable-async-job-executor-thread-4204#
[DetermineServiceCreateUpdateServiceActionsStep] Service parameters for service "ResilienceCockpit-connectivity" will not be updated, as the parameters are not defined or empty.#
#2026 09 09 06:28:45.633#Z#DEBUG#b34eb0e1-ac17-11f1-a392-eeee0a8d8db9.OPERATION#flowable-async-job-executor-thread-4204#
Step "Determine update actions" finished#
#2026 09 09 06:28:45.636#Z#DEBUG#b34eb0e1-ac17-11f1-a392-eeee0a8d8db9.OPERATION#flowable-async-job-executor-thread-4206#
[DetermineServiceCreateUpdateServiceActionsStep] Existing service: {
  "name" : "ResilienceCockpit-logging",
  "metadata" : {
    "guid" : "336ec7d3-cd56-4076-bb50-7f23f8654af2",
    "createdAt" : [ 2026, 8, 25, 8, 30, 2 ],
    "updatedAt" : [ 2026, 8, 25, 8, 30, 3 ]
  },
  "v3Metadata" : {
    "annotations" : {
      "mta_id" : "ResilienceCockpit",
      "mta_version" : "1.0.0",
      "mta_resource" : "{\"name\":\"ResilienceCockpit-logging\"}"
    },
    "labels" : {
      "mta_id" : "12714f170fc41ee91010bfb8bfd6b5c9"
    }
  },
  "label" : "application-logs",
  "plan" : "lite",
  "credentials" : "********",
  "tags" : [ ],
  "type" : "managed",
  "lastOperation" : {
    "type" : "CREATE",
    "description" : "",
    "state" : "SUCCEEDED"
  }
}#
#2026 09 09 06:28:45.636#Z#WARN#b34eb0e1-ac17-11f1-a392-eeee0a8d8db9.OPERATION#flowable-async-job-executor-thread-4206#
[DetermineServiceCreateUpdateServiceActionsStep] Service parameters for service "ResilienceCockpit-logging" will not be updated, as the parameters are not defined or empty.#
#2026 09 09 06:28:45.637#Z#DEBUG#b34eb0e1-ac17-11f1-a392-eeee0a8d8db9.OPERATION#flowable-async-job-executor-thread-4206#
Step "Determine update actions" finished#
#2026 09 09 06:28:45.661#Z#DEBUG#b34eb0e1-ac17-11f1-a392-eeee0a8d8db9.OPERATION#flowable-async-job-executor-thread-4206#
[CheckForServiceBindingOrKeyOperationStep] Executing task "CheckForServiceBindingOrKeyCreation" of process "b57eff1e-ac17-11f1-a392-eeee0a8d8db9"...#
#2026 09 09 06:28:45.662#Z#DEBUG#b34eb0e1-ac17-11f1-a392-eeee0a8d8db9.OPERATION#flowable-async-job-executor-thread-4206#
Step "Check for service binding or key creation" finished#
#2026 09 09 06:28:45.662#Z#DEBUG#b34eb0e1-ac17-11f1-a392-eeee0a8d8db9.OPERATION#flowable-async-job-executor-thread-4204#
[CheckForServiceBindingOrKeyOperationStep] Executing task "CheckForServiceBindingOrKeyCreation" of process "b5786f3e-ac17-11f1-a392-eeee0a8d8db9"...#
#2026 09 09 06:28:45.664#Z#DEBUG#b34eb0e1-ac17-11f1-a392-eeee0a8d8db9.OPERATION#flowable-async-job-executor-thread-4204#
Step "Check for service binding or key creation" finished#
#2026 09 09 06:28:45.710#Z#DEBUG#b34eb0e1-ac17-11f1-a392-eeee0a8d8db9.OPERATION#flowable-async-job-executor-thread-969#
[CheckServiceOperationStateStep] Executing task "CheckServiceOperationStateTask" of process "b59f587f-ac17-11f1-a14e-eeee0a9fa9ec"...#
#2026 09 09 06:28:45.801#Z#DEBUG#b34eb0e1-ac17-11f1-a392-eeee0a8d8db9.OPERATION#flowable-async-job-executor-thread-969#
[CheckServiceOperationStateStep] Getting service instance "ResilienceCockpit-db"...#
#2026 09 09 06:28:45.906#Z#DEBUG#b34eb0e1-ac17-11f1-a392-eeee0a8d8db9.OPERATION#flowable-async-job-executor-thread-969#
Step "Check for service operations in Progress" finished#
#2026 09 09 06:28:45.941#Z#DEBUG#b34eb0e1-ac17-11f1-a392-eeee0a8d8db9.OPERATION#flowable-async-job-executor-thread-970#
[DetermineServiceCreateUpdateServiceActionsStep] Executing task "DetermineServiceCreateUpdateActionsTask" of process "b59f587f-ac17-11f1-a14e-eeee0a9fa9ec"...#
#2026 09 09 06:28:45.944#Z#INFO#b34eb0e1-ac17-11f1-a392-eeee0a8d8db9.OPERATION#flowable-async-job-executor-thread-970#
[DetermineServiceCreateUpdateServiceActionsStep] Processing service "ResilienceCockpit-db"...#
#2026 09 09 06:28:45.949#Z#DEBUG#b34eb0e1-ac17-11f1-a392-eeee0a8d8db9.OPERATION#flowable-async-job-executor-thread-970#
[DetermineServiceCreateUpdateServiceActionsStep] Getting service instance "ResilienceCockpit-db"...#
#2026 09 09 06:28:46.044#Z#DEBUG#b34eb0e1-ac17-11f1-a392-eeee0a8d8db9.OPERATION#flowable-async-job-executor-thread-970#
[DetermineServiceCreateUpdateServiceActionsStep] Existing service: {
  "name" : "ResilienceCockpit-db",
  "metadata" : {
    "guid" : "793c82c4-0c29-4054-8664-8ad70f1aaf7d",
    "createdAt" : [ 2026, 8, 25, 8, 30, 5 ],
    "updatedAt" : [ 2026, 8, 25, 8, 30, 5 ]
  },
  "v3Metadata" : {
    "annotations" : {
      "mta_id" : "ResilienceCockpit",
      "mta_version" : "1.0.0",
      "mta_resource" : "{\"name\":\"ResilienceCockpit-db\"}"
    },
    "labels" : {
      "mta_id" : "12714f170fc41ee91010bfb8bfd6b5c9"
    }
  },
  "label" : "hana",
  "plan" : "hdi-shared",
  "credentials" : "********",
  "tags" : [ ],
  "type" : "managed",
  "lastOperation" : {
    "type" : "CREATE",
    "state" : "SUCCEEDED"
  }
}#
#2026 09 09 06:28:46.044#Z#WARN#b34eb0e1-ac17-11f1-a392-eeee0a8d8db9.OPERATION#flowable-async-job-executor-thread-970#
[DetermineServiceCreateUpdateServiceActionsStep] Service parameters for service "ResilienceCockpit-db" will not be updated, as the parameters are not defined or empty.#
#2026 09 09 06:28:46.044#Z#DEBUG#b34eb0e1-ac17-11f1-a392-eeee0a8d8db9.OPERATION#flowable-async-job-executor-thread-970#
Step "Determine update actions" finished#
#2026 09 09 06:28:46.092#Z#DEBUG#b34eb0e1-ac17-11f1-a392-eeee0a8d8db9.OPERATION#flowable-async-job-executor-thread-971#
[CheckForServiceBindingOrKeyOperationStep] Executing task "CheckForServiceBindingOrKeyCreation" of process "b59f587f-ac17-11f1-a14e-eeee0a9fa9ec"...#
#2026 09 09 06:28:46.094#Z#DEBUG#b34eb0e1-ac17-11f1-a392-eeee0a8d8db9.OPERATION#flowable-async-job-executor-thread-971#
Step "Check for service binding or key creation" finished#
#2026 09 09 06:28:46.342#Z#DEBUG#b34eb0e1-ac17-11f1-a392-eeee0a8d8db9.OPERATION#flowable-async-job-executor-thread-2166#
[CheckServiceOperationStateStep] Executing task "CheckServiceOperationStateTask" of process "b602d51c-ac17-11f1-8875-eeee0a839432"...#
#2026 09 09 06:28:46.432#Z#DEBUG#b34eb0e1-ac17-11f1-a392-eeee0a8d8db9.OPERATION#flowable-async-job-executor-thread-2166#
[CheckServiceOperationStateStep] Getting service instance "ResilienceCockpit-html5-repo-host"...#
#2026 09 09 06:28:46.558#Z#DEBUG#b34eb0e1-ac17-11f1-a392-eeee0a8d8db9.OPERATION#flowable-async-job-executor-thread-2166#
Step "Check for service operations in Progress" finished#
#2026 09 09 06:28:46.582#Z#DEBUG#b34eb0e1-ac17-11f1-a392-eeee0a8d8db9.OPERATION#flowable-async-job-executor-thread-2167#
[DetermineServiceCreateUpdateServiceActionsStep] Executing task "DetermineServiceCreateUpdateActionsTask" of process "b602d51c-ac17-11f1-8875-eeee0a839432"...#
#2026 09 09 06:28:46.584#Z#INFO#b34eb0e1-ac17-11f1-a392-eeee0a8d8db9.OPERATION#flowable-async-job-executor-thread-2167#
[DetermineServiceCreateUpdateServiceActionsStep] Processing service "ResilienceCockpit-html5-repo-host"...#
#2026 09 09 06:28:46.586#Z#DEBUG#b34eb0e1-ac17-11f1-a392-eeee0a8d8db9.OPERATION#flowable-async-job-executor-thread-2167#
[DetermineServiceCreateUpdateServiceActionsStep] Getting service instance "ResilienceCockpit-html5-repo-host"...#
#2026 09 09 06:28:46.682#Z#DEBUG#b34eb0e1-ac17-11f1-a392-eeee0a8d8db9.OPERATION#flowable-async-job-executor-thread-2167#
[DetermineServiceCreateUpdateServiceActionsStep] Existing service: {
  "name" : "ResilienceCockpit-html5-repo-host",
  "metadata" : {
    "guid" : "fd6aaf90-4cca-4826-9764-60a919421480",
    "createdAt" : [ 2026, 8, 25, 8, 30, 6 ],
    "updatedAt" : [ 2026, 8, 25, 8, 30, 7 ]
  },
  "v3Metadata" : {
    "annotations" : {
      "mta_id" : "ResilienceCockpit",
      "mta_version" : "1.0.0",
      "mta_resource" : "{\"name\":\"ResilienceCockpit-html5-repo-host\"}"
    },
    "labels" : {
      "mta_id" : "12714f170fc41ee91010bfb8bfd6b5c9"
    }
  },
  "label" : "html5-apps-repo",
  "plan" : "app-host",
  "credentials" : "********",
  "tags" : [ ],
  "type" : "managed",
  "lastOperation" : {
    "type" : "CREATE",
    "description" : "",
    "state" : "SUCCEEDED"
  }
}#
#2026 09 09 06:28:46.683#Z#WARN#b34eb0e1-ac17-11f1-a392-eeee0a8d8db9.OPERATION#flowable-async-job-executor-thread-2167#
[DetermineServiceCreateUpdateServiceActionsStep] Service parameters for service "ResilienceCockpit-html5-repo-host" will not be updated, as the parameters are not defined or empty.#
#2026 09 09 06:28:46.683#Z#DEBUG#b34eb0e1-ac17-11f1-a392-eeee0a8d8db9.OPERATION#flowable-async-job-executor-thread-2167#
Step "Determine update actions" finished#
#2026 09 09 06:28:46.711#Z#DEBUG#b34eb0e1-ac17-11f1-a392-eeee0a8d8db9.OPERATION#flowable-async-job-executor-thread-2168#
[CheckForServiceBindingOrKeyOperationStep] Executing task "CheckForServiceBindingOrKeyCreation" of process "b602d51c-ac17-11f1-8875-eeee0a839432"...#
#2026 09 09 06:28:46.712#Z#DEBUG#b34eb0e1-ac17-11f1-a392-eeee0a8d8db9.OPERATION#flowable-async-job-executor-thread-2168#
Step "Check for service binding or key creation" finished#
#2026 09 09 06:28:48.485#Z#DEBUG#b34eb0e1-ac17-11f1-a392-eeee0a8d8db9.OPERATION#flowable-async-job-executor-thread-4207#
[CheckServiceOperationStateStep] Executing task "CheckServiceOperationStateTask" of process "b74b3322-ac17-11f1-a392-eeee0a8d8db9"...#
#2026 09 09 06:28:48.485#Z#DEBUG#b34eb0e1-ac17-11f1-a392-eeee0a8d8db9.OPERATION#flowable-async-job-executor-thread-4207#
[CheckServiceOperationStateStep] Getting service instance "ResilienceCockpit-destination"...#
#2026 09 09 06:28:48.601#Z#DEBUG#b34eb0e1-ac17-11f1-a392-eeee0a8d8db9.OPERATION#flowable-async-job-executor-thread-4207#
Step "Check for service operations in Progress" finished#
#2026 09 09 06:28:48.616#Z#DEBUG#b34eb0e1-ac17-11f1-a392-eeee0a8d8db9.OPERATION#flowable-async-job-executor-thread-4207#
[DetermineServiceCreateUpdateServiceActionsStep] Executing task "DetermineServiceCreateUpdateActionsTask" of process "b74b3322-ac17-11f1-a392-eeee0a8d8db9"...#
#2026 09 09 06:28:48.617#Z#INFO#b34eb0e1-ac17-11f1-a392-eeee0a8d8db9.OPERATION#flowable-async-job-executor-thread-4207#
[DetermineServiceCreateUpdateServiceActionsStep] Processing service "ResilienceCockpit-destination"...#
#2026 09 09 06:28:48.619#Z#DEBUG#b34eb0e1-ac17-11f1-a392-eeee0a8d8db9.OPERATION#flowable-async-job-executor-thread-4207#
[DetermineServiceCreateUpdateServiceActionsStep] Getting service instance "ResilienceCockpit-destination"...#
#2026 09 09 06:28:48.704#Z#DEBUG#b34eb0e1-ac17-11f1-a392-eeee0a8d8db9.OPERATION#flowable-async-job-executor-thread-4207#
[DetermineServiceCreateUpdateServiceActionsStep] Existing service: {
  "name" : "ResilienceCockpit-destination",
  "metadata" : {
    "guid" : "b320a563-1340-4020-8574-566b1e2175a9",
    "createdAt" : [ 2026, 8, 25, 11, 44, 14 ],
    "updatedAt" : [ 2026, 8, 25, 11, 44, 19 ]
  },
  "v3Metadata" : {
    "annotations" : {
      "mta_id" : "ResilienceCockpit",
      "mta_version" : "1.0.0",
      "mta_resource" : "{\"name\":\"ResilienceCockpit-destination\"}"
    },
    "labels" : {
      "mta_id" : "12714f170fc41ee91010bfb8bfd6b5c9"
    }
  },
  "label" : "destination",
  "plan" : "lite",
  "credentials" : "********",
  "tags" : [ ],
  "type" : "managed",
  "lastOperation" : {
    "type" : "UPDATE",
    "description" : "",
    "state" : "SUCCEEDED"
  }
}#
#2026 09 09 06:28:48.704#Z#DEBUG#b34eb0e1-ac17-11f1-a392-eeee0a8d8db9.OPERATION#flowable-async-job-executor-thread-4207#
[DetermineServiceCreateUpdateServiceActionsStep] Service parameters will be updated#
#2026 09 09 06:28:48.704#Z#DEBUG#b34eb0e1-ac17-11f1-a392-eeee0a8d8db9.OPERATION#flowable-async-job-executor-thread-4207#
[DetermineServiceCreateUpdateServiceActionsStep] New parameters: {
  "HTML5Runtime_enabled" : true,
  "init_data" : {
    "instance" : {
      "destinations" : [ {
        "Authentication" : "********",
        "Name" : "ui5",
        "ProxyType" : "Internet",
        "Type" : "HTTP",
        "URL" : "https://ui5.sap.com"
      } ],
      "existing_destinations_policy" : "update"
    }
  }
}#
#2026 09 09 06:28:48.704#Z#DEBUG#b34eb0e1-ac17-11f1-a392-eeee0a8d8db9.OPERATION#flowable-async-job-executor-thread-4207#
Step "Determine update actions" finished#
#2026 09 09 06:28:48.724#Z#DEBUG#b34eb0e1-ac17-11f1-a392-eeee0a8d8db9.OPERATION#flowable-async-job-executor-thread-4207#
[CheckForServiceBindingOrKeyOperationStep] Executing task "CheckForServiceBindingOrKeyCreation" of process "b74b3322-ac17-11f1-a392-eeee0a8d8db9"...#
#2026 09 09 06:28:48.725#Z#DEBUG#b34eb0e1-ac17-11f1-a392-eeee0a8d8db9.OPERATION#flowable-async-job-executor-thread-4207#
Step "Check for service binding or key creation" finished#
#2026 09 09 06:28:48.742#Z#DEBUG#b34eb0e1-ac17-11f1-a392-eeee0a8d8db9.OPERATION#flowable-async-job-executor-thread-4207#
[UpdateServiceParametersStep] Executing task "UpdateServiceParametersTask" of process "b74b3322-ac17-11f1-a392-eeee0a8d8db9"...#
#2026 09 09 06:28:48.743#Z#INFO#b34eb0e1-ac17-11f1-a392-eeee0a8d8db9.OPERATION#flowable-async-job-executor-thread-4207#
[UpdateServiceParametersStep] Updating service "ResilienceCockpit-destination"...#
#2026 09 09 06:28:48.745#Z#DEBUG#b34eb0e1-ac17-11f1-a392-eeee0a8d8db9.OPERATION#flowable-async-job-executor-thread-4207#
[UpdateServiceParametersStep] Updating service parameters for service "ResilienceCockpit-destination"...#
#2026 09 09 06:28:48.829#Z#DEBUG#b34eb0e1-ac17-11f1-a392-eeee0a8d8db9.OPERATION#flowable-async-job-executor-thread-4207#
[UpdateServiceParametersStep] Service "ResilienceCockpit-destination" updated#
#2026 09 09 06:28:48.829#Z#DEBUG#b34eb0e1-ac17-11f1-a392-eeee0a8d8db9.OPERATION#flowable-async-job-executor-thread-4207#
[UpdateServiceParametersStep] Triggered service operations: {
  "ResilienceCockpit-destination" : "UPDATE"
}#
#2026 09 09 06:28:48.830#Z#DEBUG#b34eb0e1-ac17-11f1-a392-eeee0a8d8db9.OPERATION#flowable-async-job-executor-thread-4207#
Step "Update parameters" finished#
#2026 09 09 06:28:57.301#Z#DEBUG#b34eb0e1-ac17-11f1-a392-eeee0a8d8db9.OPERATION#flowable-async-job-executor-thread-4212#
[UpdateServiceParametersStep] Executing task "UpdateServiceParametersTask" of process "b45ee894-ac17-11f1-a392-eeee0a8d8db9"...#
#2026 09 09 06:28:57.302#Z#DEBUG#b34eb0e1-ac17-11f1-a392-eeee0a8d8db9.OPERATION#flowable-async-job-executor-thread-4212#
[UpdateServiceParametersStep] Polling service operations...#
#2026 09 09 06:28:57.304#Z#DEBUG#b34eb0e1-ac17-11f1-a392-eeee0a8d8db9.OPERATION#flowable-async-job-executor-thread-4212#
[UpdateServiceParametersStep] Getting service instance "ResilienceCockpit-auth"...#
#2026 09 09 06:28:57.305#Z#DEBUG#b34eb0e1-ac17-11f1-a392-eeee0a8d8db9.OPERATION#flowable-async-job-executor-thread-4213#
[UpdateServiceParametersStep] Executing task "UpdateServiceParametersTask" of process "b74b3322-ac17-11f1-a392-eeee0a8d8db9"...#
#2026 09 09 06:28:57.306#Z#DEBUG#b34eb0e1-ac17-11f1-a392-eeee0a8d8db9.OPERATION#flowable-async-job-executor-thread-4213#
[UpdateServiceParametersStep] Polling service operations...#
#2026 09 09 06:28:57.307#Z#DEBUG#b34eb0e1-ac17-11f1-a392-eeee0a8d8db9.OPERATION#flowable-async-job-executor-thread-4213#
[UpdateServiceParametersStep] Getting service instance "ResilienceCockpit-destination"...#
#2026 09 09 06:28:57.389#Z#DEBUG#b34eb0e1-ac17-11f1-a392-eeee0a8d8db9.OPERATION#flowable-async-job-executor-thread-4213#
[UpdateServiceParametersStep] Last operation for service "ResilienceCockpit-destination": {
  "type" : "UPDATE",
  "description" : "",
  "state" : "SUCCEEDED"
}#
#2026 09 09 06:28:57.389#Z#DEBUG#b34eb0e1-ac17-11f1-a392-eeee0a8d8db9.OPERATION#flowable-async-job-executor-thread-4213#
[UpdateServiceParametersStep] Service "ResilienceCockpit-destination" updated#
#2026 09 09 06:28:57.389#Z#INFO#b34eb0e1-ac17-11f1-a392-eeee0a8d8db9.OPERATION#flowable-async-job-executor-thread-4213#
[UpdateServiceParametersStep] 1 of 1 done#
#2026 09 09 06:28:57.392#Z#DEBUG#b34eb0e1-ac17-11f1-a392-eeee0a8d8db9.OPERATION#flowable-async-job-executor-thread-4213#
[UpdateServiceParametersStep] Remaining services to poll: [ ]#
#2026 09 09 06:28:57.392#Z#DEBUG#b34eb0e1-ac17-11f1-a392-eeee0a8d8db9.OPERATION#flowable-async-job-executor-thread-4213#
Step "Update parameters" finished#
#2026 09 09 06:28:57.399#Z#DEBUG#b34eb0e1-ac17-11f1-a392-eeee0a8d8db9.OPERATION#flowable-async-job-executor-thread-4212#
[UpdateServiceParametersStep] Last operation for service "ResilienceCockpit-auth": {
  "type" : "UPDATE",
  "description" : "",
  "state" : "SUCCEEDED"
}#
#2026 09 09 06:28:57.399#Z#DEBUG#b34eb0e1-ac17-11f1-a392-eeee0a8d8db9.OPERATION#flowable-async-job-executor-thread-4212#
[UpdateServiceParametersStep] Service "ResilienceCockpit-auth" updated#
#2026 09 09 06:28:57.399#Z#INFO#b34eb0e1-ac17-11f1-a392-eeee0a8d8db9.OPERATION#flowable-async-job-executor-thread-4212#
[UpdateServiceParametersStep] 1 of 1 done#
#2026 09 09 06:28:57.401#Z#DEBUG#b34eb0e1-ac17-11f1-a392-eeee0a8d8db9.OPERATION#flowable-async-job-executor-thread-4212#
[UpdateServiceParametersStep] Remaining services to poll: [ ]#
#2026 09 09 06:28:57.402#Z#DEBUG#b34eb0e1-ac17-11f1-a392-eeee0a8d8db9.OPERATION#flowable-async-job-executor-thread-4212#
Step "Update parameters" finished#
#2026 09 09 06:28:57.567#Z#DEBUG#b34eb0e1-ac17-11f1-a392-eeee0a8d8db9.OPERATION#flowable-async-job-executor-thread-4217#
[PrepareModulesDeploymentStep] Executing task "prepareModulesDeploymentTask" of process "bcb52849-ac17-11f1-a392-eeee0a8d8db9"...#
#2026 09 09 06:28:57.568#Z#DEBUG#b34eb0e1-ac17-11f1-a392-eeee0a8d8db9.OPERATION#flowable-async-job-executor-thread-4217#
[PrepareModulesDeploymentStep] Preparing modules deployment...#
#2026 09 09 06:28:57.570#Z#DEBUG#b34eb0e1-ac17-11f1-a392-eeee0a8d8db9.OPERATION#flowable-async-job-executor-thread-4217#
Step "Prepare Modules Deployment" finished#
#2026 09 09 06:28:57.588#Z#DEBUG#b34eb0e1-ac17-11f1-a392-eeee0a8d8db9.OPERATION#flowable-async-job-executor-thread-4217#
[ComputeNextModulesStep] Executing task "computeNextModulesToDeployInParallel" of process "bcb52849-ac17-11f1-a392-eeee0a8d8db9"...#
#2026 09 09 06:28:57.589#Z#DEBUG#b34eb0e1-ac17-11f1-a392-eeee0a8d8db9.OPERATION#flowable-async-job-executor-thread-4217#
[ComputeNextModulesStep] Computing modules for next parallel iteration...#
#2026 09 09 06:28:57.590#Z#DEBUG#b34eb0e1-ac17-11f1-a392-eeee0a8d8db9.OPERATION#flowable-async-job-executor-thread-4217#
[ComputeNextModulesStep] Completed modules detected: []#
#2026 09 09 06:28:57.590#Z#DEBUG#b34eb0e1-ac17-11f1-a392-eeee0a8d8db9.OPERATION#flowable-async-job-executor-thread-4217#
[ComputeNextModulesStep] All modules for deploy detected: [ResilienceCockpit-srv, ResilienceCockpit-app-deployer, ResilienceCockpit-destination-content, ResilienceCockpit-db-deployer]#
#2026 09 09 06:28:57.590#Z#DEBUG#b34eb0e1-ac17-11f1-a392-eeee0a8d8db9.OPERATION#flowable-async-job-executor-thread-4217#
[ComputeNextModulesStep] Modules not for deploy detected: []#
#2026 09 09 06:28:57.590#Z#DEBUG#b34eb0e1-ac17-11f1-a392-eeee0a8d8db9.OPERATION#flowable-async-job-executor-thread-4217#
[ComputeNextModulesStep] Computed modules for next parallel iteration: [ {
  "majorSchemaVersion" : 3,
  "name" : "ResilienceCockpit-srv",
  "type" : "javascript.nodejs",
  "path" : "ResilienceCockpit-srv",
  "properties" : { },
  "parameters" : {
    "app-name" : "ResilienceCockpit-srv",
    "buildpack" : "nodejs_buildpack",
    "default-app-name" : "ResilienceCockpit-srv",
    "default-host" : "94060551trial-dev-resiliencecockpit-srv",
    "default-instances" : 1,
    "default-live-app-name" : "ResilienceCockpit-srv",
    "default-live-domain" : "cfapps.us10-003.hana.ondemand.com",
    "default-live-host" : "94060551trial-dev-resiliencecockpit-srv",
    "default-live-uri" : "94060551trial-dev-resiliencecockpit-srv.cfapps.us10-003.hana.ondemand.com",
    "default-live-url" : "https://94060551trial-dev-resiliencecockpit-srv.cfapps.us10-003.hana.ondemand.com",
    "default-uri" : "94060551trial-dev-resiliencecockpit-srv.cfapps.us10-003.hana.ondemand.com",
    "default-url" : "https://94060551trial-dev-resiliencecockpit-srv.cfapps.us10-003.hana.ondemand.com",
    "dependency-type" : "soft",
    "domain" : "cfapps.us10-003.hana.ondemand.com",
    "generated-password" : "********",
    "generated-user" : "********",
    "host" : "94060551trial-dev-resiliencecockpit-srv",
    "instances" : 1,
    "protocol" : "https"
  },
  "requiredDependencies" : [ {
    "majorSchemaVersion" : 3,
    "name" : "********",
    "properties" : { },
    "parameters" : { },
    "propertiesMetadata" : {
      "metadata" : { }
    },
    "parametersMetadata" : {
      "metadata" : { }
    }
  }, {
    "majorSchemaVersion" : 3,
    "name" : "ResilienceCockpit-db",
    "properties" : { },
    "parameters" : { },
    "propertiesMetadata" : {
      "metadata" : { }
    },
    "parametersMetadata" : {
      "metadata" : { }
    }
  }, {
    "majorSchemaVersion" : 3,
    "name" : "ResilienceCockpit-connectivity",
    "properties" : { },
    "parameters" : { },
    "propertiesMetadata" : {
      "metadata" : { }
    },
    "parametersMetadata" : {
      "metadata" : { }
    }
  }, {
    "majorSchemaVersion" : 3,
    "name" : "ResilienceCockpit-destination",
    "properties" : { },
    "parameters" : { },
    "propertiesMetadata" : {
      "metadata" : { }
    },
    "parametersMetadata" : {
      "metadata" : { }
    }
  }, {
    "majorSchemaVersion" : 3,
    "name" : "ResilienceCockpit-logging",
    "properties" : { },
    "parameters" : { },
    "propertiesMetadata" : {
      "metadata" : { }
    },
    "parametersMetadata" : {
      "metadata" : { }
    }
  } ],
  "providedDependencies" : [ {
    "majorSchemaVersion" : 3,
    "name" : "srv-api",
    "isPublic" : false,
    "properties" : {
      "srv-url" : "https://94060551trial-dev-resiliencecockpit-srv.cfapps.us10-003.hana.ondemand.com"
    },
    "parameters" : { },
    "propertiesMetadata" : {
      "metadata" : { }
    },
    "parametersMetadata" : {
      "metadata" : { }
    }
  }, {
    "majorSchemaVersion" : 3,
    "name" : "ResilienceCockpit-srv",
    "isPublic" : false,
    "properties" : { },
    "parameters" : { },
    "propertiesMetadata" : {
      "metadata" : { }
    },
    "parametersMetadata" : {
      "metadata" : { }
    }
  } ],
  "propertiesMetadata" : {
    "metadata" : { }
  },
  "parametersMetadata" : {
    "metadata" : { }
  },
  "deployedAfter" : [ ],
  "hooks" : [ ]
}, {
  "majorSchemaVersion" : 3,
  "name" : "ResilienceCockpit-db-deployer",
  "type" : "com.sap.xs.hdi",
  "path" : "ResilienceCockpit-db-deployer",
  "properties" : {
    "EXIT" : 1
  },
  "parameters" : {
    "app-name" : "ResilienceCockpit-db-deployer",
    "buildpack" : "nodejs_buildpack",
    "default-app-name" : "ResilienceCockpit-db-deployer",
    "default-host" : "94060551trial-dev-resiliencecockpit-db-deployer",
    "default-instances" : 1,
    "default-live-app-name" : "ResilienceCockpit-db-deployer",
    "default-live-domain" : "cfapps.us10-003.hana.ondemand.com",
    "default-live-host" : "94060551trial-dev-resiliencecockpit-db-deployer",
    "default-live-uri" : "94060551trial-dev-resiliencecockpit-db-deployer.cfapps.us10-003.hana.ondemand.com",
    "default-live-url" : "https://94060551trial-dev-resiliencecockpit-db-deployer.cfapps.us10-003.hana.ondemand.com",
    "default-uri" : "94060551trial-dev-resiliencecockpit-db-deployer.cfapps.us10-003.hana.ondemand.com",
    "default-url" : "https://94060551trial-dev-resiliencecockpit-db-deployer.cfapps.us10-003.hana.ondemand.com",
    "dependency-type" : "hard",
    "domain" : "cfapps.us10-003.hana.ondemand.com",
    "generated-password" : "********",
    "generated-user" : "********",
    "host" : "94060551trial-dev-resiliencecockpit-db-deployer",
    "instances" : 1,
    "memory" : "256M",
    "no-route" : true,
    "no-start" : true,
    "protocol" : "https",
    "tasks" : [ {
      "command" : "npm start",
      "memory" : "256M",
      "name" : "deploy"
    } ]
  },
  "requiredDependencies" : [ {
    "majorSchemaVersion" : 3,
    "name" : "ResilienceCockpit-db",
    "properties" : { },
    "parameters" : { },
    "propertiesMetadata" : {
      "metadata" : { }
    },
    "parametersMetadata" : {
      "metadata" : { }
    }
  } ],
  "providedDependencies" : [ {
    "majorSchemaVersion" : 3,
    "name" : "ResilienceCockpit-db-deployer",
    "isPublic" : false,
    "properties" : { },
    "parameters" : { },
    "propertiesMetadata" : {
      "metadata" : { }
    },
    "parametersMetadata" : {
      "metadata" : { }
    }
  } ],
  "propertiesMetadata" : {
    "metadata" : { }
  },
  "parametersMetadata" : {
    "metadata" : { }
  },
  "deployedAfter" : [ ],
  "hooks" : [ ]
}, {
  "majorSchemaVersion" : 3,
  "name" : "ResilienceCockpit-app-deployer",
  "type" : "com.sap.application.content",
  "path" : "ResilienceCockpit-app-deployer",
  "properties" : { },
  "parameters" : {
    "app-name" : "ResilienceCockpit-app-deployer",
    "default-app-name" : "ResilienceCockpit-app-deployer",
    "default-host" : "94060551trial-dev-resiliencecockpit-app-deployer",
    "default-instances" : 1,
    "default-live-app-name" : "ResilienceCockpit-app-deployer",
    "default-live-domain" : "cfapps.us10-003.hana.ondemand.com",
    "default-live-host" : "94060551trial-dev-resiliencecockpit-app-deployer",
    "default-live-uri" : "94060551trial-dev-resiliencecockpit-app-deployer.cfapps.us10-003.hana.ondemand.com",
    "default-live-url" : "https://94060551trial-dev-resiliencecockpit-app-deployer.cfapps.us10-003.hana.ondemand.com",
    "default-uri" : "94060551trial-dev-resiliencecockpit-app-deployer.cfapps.us10-003.hana.ondemand.com",
    "default-url" : "https://94060551trial-dev-resiliencecockpit-app-deployer.cfapps.us10-003.hana.ondemand.com",
    "dependency-type" : "soft",
    "domain" : "cfapps.us10-003.hana.ondemand.com",
    "generated-password" : "********",
    "generated-user" : "********",
    "host" : "94060551trial-dev-resiliencecockpit-app-deployer",
    "instances" : 1,
    "protocol" : "https"
  },
  "requiredDependencies" : [ {
    "majorSchemaVersion" : 3,
    "name" : "********",
    "properties" : { },
    "parameters" : { },
    "propertiesMetadata" : {
      "metadata" : { }
    },
    "parametersMetadata" : {
      "metadata" : { }
    }
  }, {
    "majorSchemaVersion" : 3,
    "name" : "srv-api",
    "properties" : { },
    "parameters" : { },
    "propertiesMetadata" : {
      "metadata" : { }
    },
    "parametersMetadata" : {
      "metadata" : { }
    }
  }, {
    "majorSchemaVersion" : 3,
    "name" : "ResilienceCockpit-html5-repo-host",
    "properties" : { },
    "parameters" : {
      "config" : {
        "HTML5Runtime_enabled" : false
      },
      "content-target" : true
    },
    "propertiesMetadata" : {
      "metadata" : { }
    },
    "parametersMetadata" : {
      "metadata" : { }
    }
  } ],
  "providedDependencies" : [ {
    "majorSchemaVersion" : 3,
    "name" : "ResilienceCockpit-app-deployer",
    "isPublic" : false,
    "properties" : { },
    "parameters" : { },
    "propertiesMetadata" : {
      "metadata" : { }
    },
    "parametersMetadata" : {
      "metadata" : { }
    }
  } ],
  "propertiesMetadata" : {
    "metadata" : { }
  },
  "parametersMetadata" : {
    "metadata" : { }
  },
  "deployedAfter" : [ ],
  "hooks" : [ ]
}, {
  "majorSchemaVersion" : 3,
  "name" : "ResilienceCockpit-destination-content",
  "type" : "com.sap.application.content",
  "properties" : { },
  "parameters" : {
    "app-name" : "ResilienceCockpit-destination-content",
    "content" : {
      "instance" : {
        "destinations" : [ {
          "Authentication" : "********",
          "Name" : "srv-api",
          "TokenServiceInstanceName" : "********",
          "TokenServiceKeyName" : "********",
          "URL" : "https://94060551trial-dev-resiliencecockpit-srv.cfapps.us10-003.hana.ondemand.com"
        }, {
          "Name" : "ResilienceCockpit-html5-repo-host",
          "ServiceInstanceName" : "ResilienceCockpit-html5-repo-host",
          "ServiceKeyName" : "********",
          "sap.cloud.service" : "nexus"
        }, {
          "Authentication" : "********",
          "Name" : "********",
          "ServiceInstanceName" : "********",
          "ServiceKeyName" : "********"
        } ],
        "existing_destinations_policy" : "update"
      }
    },
    "default-app-name" : "ResilienceCockpit-destination-content",
    "default-host" : "94060551trial-dev-resiliencecockpit-destination-content",
    "default-instances" : 1,
    "default-live-app-name" : "ResilienceCockpit-destination-content",
    "default-live-domain" : "cfapps.us10-003.hana.ondemand.com",
    "default-live-host" : "94060551trial-dev-resiliencecockpit-destination-content",
    "default-live-uri" : "94060551trial-dev-resiliencecockpit-destination-content.cfapps.us10-003.hana.ondemand.com",
    "default-live-url" : "https://94060551trial-dev-resiliencecockpit-destination-content.cfapps.us10-003.hana.ondemand.com",
    "default-uri" : "94060551trial-dev-resiliencecockpit-destination-content.cfapps.us10-003.hana.ondemand.com",
    "default-url" : "https://94060551trial-dev-resiliencecockpit-destination-content.cfapps.us10-003.hana.ondemand.com",
    "dependency-type" : "soft",
    "domain" : "cfapps.us10-003.hana.ondemand.com",
    "generated-password" : "********",
    "generated-user" : "********",
    "host" : "94060551trial-dev-resiliencecockpit-destination-content",
    "instances" : 1,
    "protocol" : "https"
  },
  "requiredDependencies" : [ {
    "majorSchemaVersion" : 3,
    "name" : "********",
    "properties" : { },
    "parameters" : {
      "service-key" : "********"
    },
    "propertiesMetadata" : {
      "metadata" : { }
    },
    "parametersMetadata" : {
      "metadata" : { }
    }
  }, {
    "majorSchemaVersion" : 3,
    "name" : "ResilienceCockpit-html5-repo-host",
    "properties" : { },
    "parameters" : {
      "service-key" : "********"
    },
    "propertiesMetadata" : {
      "metadata" : { }
    },
    "parametersMetadata" : {
      "metadata" : { }
    }
  }, {
    "majorSchemaVersion" : 3,
    "name" : "srv-api",
    "properties" : { },
    "parameters" : { },
    "propertiesMetadata" : {
      "metadata" : { }
    },
    "parametersMetadata" : {
      "metadata" : { }
    }
  }, {
    "majorSchemaVersion" : 3,
    "name" : "ResilienceCockpit-destination",
    "properties" : { },
    "parameters" : {
      "content-target" : true
    },
    "propertiesMetadata" : {
      "metadata" : { }
    },
    "parametersMetadata" : {
      "metadata" : { }
    }
  } ],
  "providedDependencies" : [ {
    "majorSchemaVersion" : 3,
    "name" : "ResilienceCockpit-destination-content",
    "isPublic" : false,
    "properties" : { },
    "parameters" : { },
    "propertiesMetadata" : {
      "metadata" : { }
    },
    "parametersMetadata" : {
      "metadata" : { }
    }
  } ],
  "propertiesMetadata" : {
    "metadata" : { }
  },
  "parametersMetadata" : {
    "metadata" : { }
  },
  "deployedAfter" : [ ],
  "hooks" : [ ]
} ]#
#2026 09 09 06:28:57.590#Z#DEBUG#b34eb0e1-ac17-11f1-a392-eeee0a8d8db9.OPERATION#flowable-async-job-executor-thread-4217#
Step "Compute Next Modules To Deploy" finished#
#2026 09 09 06:28:57.674#Z#DEBUG#b34eb0e1-ac17-11f1-a392-eeee0a8d8db9.OPERATION#flowable-async-job-executor-thread-4217#
[ProcessDescriptorStep] Executing task "reprocessDescriptorTask" of process "bcc24787-ac17-11f1-a392-eeee0a8d8db9"...#
#2026 09 09 06:28:57.675#Z#DEBUG#b34eb0e1-ac17-11f1-a392-eeee0a8d8db9.OPERATION#flowable-async-job-executor-thread-4217#
[ProcessDescriptorStep] Resolving properties and parameters in merged descriptor...#
#2026 09 09 06:28:57.678#Z#DEBUG#b34eb0e1-ac17-11f1-a392-eeee0a8d8db9.OPERATION#flowable-async-job-executor-thread-4217#
[ProcessDescriptorStep] Subscriptions: [ ]#
#2026 09 09 06:28:57.681#Z#DEBUG#b34eb0e1-ac17-11f1-a392-eeee0a8d8db9.OPERATION#flowable-async-job-executor-thread-4217#
[ProcessDescriptorStep] MTA modules: [ResilienceCockpit-srv, ResilienceCockpit-app-deployer, ResilienceCockpit-destination-content, ResilienceCockpit-db-deployer]#
#2026 09 09 06:28:57.683#Z#DEBUG#b34eb0e1-ac17-11f1-a392-eeee0a8d8db9.OPERATION#flowable-async-job-executor-thread-4217#
[ProcessDescriptorStep] Resolved deployment descriptor: {
  "majorSchemaVersion" : 3,
  "schemaVersion" : "3.3.0",
  "id" : "ResilienceCockpit",
  "version" : "1.0.0",
  "modules" : [ {
    "majorSchemaVersion" : 3,
    "name" : "ResilienceCockpit-srv",
    "type" : "javascript.nodejs",
    "path" : "ResilienceCockpit-srv",
    "properties" : { },
    "parameters" : {
      "default-url" : "https://94060551trial-dev-resiliencecockpit-srv.cfapps.us10-003.hana.ondemand.com",
      "default-app-name" : "ResilienceCockpit-srv",
      "generated-password" : "********",
      "default-live-url" : "https://94060551trial-dev-resiliencecockpit-srv.cfapps.us10-003.hana.ondemand.com",
      "default-uri" : "94060551trial-dev-resiliencecockpit-srv.cfapps.us10-003.hana.ondemand.com",
      "default-instances" : 1,
      "default-live-host" : "94060551trial-dev-resiliencecockpit-srv",
      "instances" : 1,
      "buildpack" : "nodejs_buildpack",
      "default-host" : "94060551trial-dev-resiliencecockpit-srv",
      "app-name" : "ResilienceCockpit-srv",
      "default-live-uri" : "94060551trial-dev-resiliencecockpit-srv.cfapps.us10-003.hana.ondemand.com",
      "protocol" : "https",
      "default-live-app-name" : "ResilienceCockpit-srv",
      "default-live-domain" : "cfapps.us10-003.hana.ondemand.com",
      "domain" : "cfapps.us10-003.hana.ondemand.com",
      "host" : "94060551trial-dev-resiliencecockpit-srv",
      "generated-user" : "********"
    },
    "requiredDependencies" : [ {
      "majorSchemaVersion" : 3,
      "name" : "********",
      "properties" : { },
      "parameters" : { },
      "propertiesMetadata" : {
        "metadata" : { }
      },
      "parametersMetadata" : {
        "metadata" : { }
      }
    }, {
      "majorSchemaVersion" : 3,
      "name" : "ResilienceCockpit-db",
      "properties" : { },
      "parameters" : { },
      "propertiesMetadata" : {
        "metadata" : { }
      },
      "parametersMetadata" : {
        "metadata" : { }
      }
    }, {
      "majorSchemaVersion" : 3,
      "name" : "ResilienceCockpit-connectivity",
      "properties" : { },
      "parameters" : { },
      "propertiesMetadata" : {
        "metadata" : { }
      },
      "parametersMetadata" : {
        "metadata" : { }
      }
    }, {
      "majorSchemaVersion" : 3,
      "name" : "ResilienceCockpit-destination",
      "properties" : { },
      "parameters" : { },
      "propertiesMetadata" : {
        "metadata" : { }
      },
      "parametersMetadata" : {
        "metadata" : { }
      }
    }, {
      "majorSchemaVersion" : 3,
      "name" : "ResilienceCockpit-logging",
      "properties" : { },
      "parameters" : { },
      "propertiesMetadata" : {
        "metadata" : { }
      },
      "parametersMetadata" : {
        "metadata" : { }
      }
    } ],
    "providedDependencies" : [ {
      "majorSchemaVersion" : 3,
      "name" : "srv-api",
      "isPublic" : false,
      "properties" : {
        "srv-url" : "https://94060551trial-dev-resiliencecockpit-srv.cfapps.us10-003.hana.ondemand.com"
      },
      "parameters" : { },
      "propertiesMetadata" : {
        "metadata" : { }
      },
      "parametersMetadata" : {
        "metadata" : { }
      }
    }, {
      "majorSchemaVersion" : 3,
      "name" : "ResilienceCockpit-srv",
      "isPublic" : false,
      "properties" : { },
      "parameters" : { },
      "propertiesMetadata" : {
        "metadata" : { }
      },
      "parametersMetadata" : {
        "metadata" : { }
      }
    } ],
    "propertiesMetadata" : {
      "metadata" : { }
    },
    "parametersMetadata" : {
      "metadata" : { }
    },
    "hooks" : [ ]
  }, {
    "majorSchemaVersion" : 3,
    "name" : "ResilienceCockpit-db-deployer",
    "type" : "com.sap.xs.hdi",
    "path" : "ResilienceCockpit-db-deployer",
    "properties" : {
      "EXIT" : 1
    },
    "parameters" : {
      "default-url" : "https://94060551trial-dev-resiliencecockpit-db-deployer.cfapps.us10-003.hana.ondemand.com",
      "default-app-name" : "ResilienceCockpit-db-deployer",
      "generated-password" : "********",
      "default-live-url" : "https://94060551trial-dev-resiliencecockpit-db-deployer.cfapps.us10-003.hana.ondemand.com",
      "default-uri" : "94060551trial-dev-resiliencecockpit-db-deployer.cfapps.us10-003.hana.ondemand.com",
      "memory" : "256M",
      "default-instances" : 1,
      "no-route" : true,
      "default-live-host" : "94060551trial-dev-resiliencecockpit-db-deployer",
      "instances" : 1,
      "buildpack" : "nodejs_buildpack",
      "default-host" : "94060551trial-dev-resiliencecockpit-db-deployer",
      "app-name" : "ResilienceCockpit-db-deployer",
      "default-live-uri" : "94060551trial-dev-resiliencecockpit-db-deployer.cfapps.us10-003.hana.ondemand.com",
      "protocol" : "https",
      "default-live-app-name" : "ResilienceCockpit-db-deployer",
      "default-live-domain" : "cfapps.us10-003.hana.ondemand.com",
      "dependency-type" : "hard",
      "domain" : "cfapps.us10-003.hana.ondemand.com",
      "host" : "94060551trial-dev-resiliencecockpit-db-deployer",
      "generated-user" : "********",
      "tasks" : [ {
        "command" : "npm start",
        "memory" : "256M",
        "name" : "deploy"
      } ],
      "no-start" : true
    },
    "requiredDependencies" : [ {
      "majorSchemaVersion" : 3,
      "name" : "ResilienceCockpit-db",
      "properties" : { },
      "parameters" : { },
      "propertiesMetadata" : {
        "metadata" : { }
      },
      "parametersMetadata" : {
        "metadata" : { }
      }
    } ],
    "providedDependencies" : [ {
      "majorSchemaVersion" : 3,
      "name" : "ResilienceCockpit-db-deployer",
      "isPublic" : false,
      "properties" : { },
      "parameters" : { },
      "propertiesMetadata" : {
        "metadata" : { }
      },
      "parametersMetadata" : {
        "metadata" : { }
      }
    } ],
    "propertiesMetadata" : {
      "metadata" : { }
    },
    "parametersMetadata" : {
      "metadata" : { }
    },
    "hooks" : [ ]
  }, {
    "majorSchemaVersion" : 3,
    "name" : "ResilienceCockpit-app-deployer",
    "type" : "com.sap.application.content",
    "path" : "ResilienceCockpit-app-deployer",
    "properties" : { },
    "parameters" : {
      "default-url" : "https://94060551trial-dev-resiliencecockpit-app-deployer.cfapps.us10-003.hana.ondemand.com",
      "default-app-name" : "ResilienceCockpit-app-deployer",
      "generated-password" : "********",
      "default-live-url" : "https://94060551trial-dev-resiliencecockpit-app-deployer.cfapps.us10-003.hana.ondemand.com",
      "default-uri" : "94060551trial-dev-resiliencecockpit-app-deployer.cfapps.us10-003.hana.ondemand.com",
      "default-instances" : 1,
      "default-live-host" : "94060551trial-dev-resiliencecockpit-app-deployer",
      "instances" : 1,
      "default-host" : "94060551trial-dev-resiliencecockpit-app-deployer",
      "app-name" : "ResilienceCockpit-app-deployer",
      "default-live-uri" : "94060551trial-dev-resiliencecockpit-app-deployer.cfapps.us10-003.hana.ondemand.com",
      "protocol" : "https",
      "default-live-app-name" : "ResilienceCockpit-app-deployer",
      "default-live-domain" : "cfapps.us10-003.hana.ondemand.com",
      "domain" : "cfapps.us10-003.hana.ondemand.com",
      "host" : "94060551trial-dev-resiliencecockpit-app-deployer",
      "generated-user" : "********"
    },
    "requiredDependencies" : [ {
      "majorSchemaVersion" : 3,
      "name" : "********",
      "properties" : { },
      "parameters" : { },
      "propertiesMetadata" : {
        "metadata" : { }
      },
      "parametersMetadata" : {
        "metadata" : { }
      }
    }, {
      "majorSchemaVersion" : 3,
      "name" : "srv-api",
      "properties" : { },
      "parameters" : { },
      "propertiesMetadata" : {
        "metadata" : { }
      },
      "parametersMetadata" : {
        "metadata" : { }
      }
    }, {
      "majorSchemaVersion" : 3,
      "name" : "ResilienceCockpit-html5-repo-host",
      "properties" : { },
      "parameters" : {
        "config" : {
          "HTML5Runtime_enabled" : false
        },
        "content-target" : true
      },
      "propertiesMetadata" : {
        "metadata" : { }
      },
      "parametersMetadata" : {
        "metadata" : { }
      }
    } ],
    "providedDependencies" : [ {
      "majorSchemaVersion" : 3,
      "name" : "ResilienceCockpit-app-deployer",
      "isPublic" : false,
      "properties" : { },
      "parameters" : { },
      "propertiesMetadata" : {
        "metadata" : { }
      },
      "parametersMetadata" : {
        "metadata" : { }
      }
    } ],
    "propertiesMetadata" : {
      "metadata" : { }
    },
    "parametersMetadata" : {
      "metadata" : { }
    },
    "hooks" : [ ]
  }, {
    "majorSchemaVersion" : 3,
    "name" : "ResilienceCockpit-destination-content",
    "type" : "com.sap.application.content",
    "properties" : { },
    "parameters" : {
      "default-url" : "https://94060551trial-dev-resiliencecockpit-destination-content.cfapps.us10-003.hana.ondemand.com",
      "default-app-name" : "ResilienceCockpit-destination-content",
      "generated-password" : "********",
      "default-live-url" : "https://94060551trial-dev-resiliencecockpit-destination-content.cfapps.us10-003.hana.ondemand.com",
      "default-uri" : "94060551trial-dev-resiliencecockpit-destination-content.cfapps.us10-003.hana.ondemand.com",
      "default-instances" : 1,
      "default-live-host" : "94060551trial-dev-resiliencecockpit-destination-content",
      "instances" : 1,
      "default-host" : "94060551trial-dev-resiliencecockpit-destination-content",
      "content" : {
        "instance" : {
          "destinations" : [ {
            "Authentication" : "********",
            "Name" : "srv-api",
            "TokenServiceInstanceName" : "********",
            "TokenServiceKeyName" : "********",
            "URL" : "https://94060551trial-dev-resiliencecockpit-srv.cfapps.us10-003.hana.ondemand.com"
          }, {
            "Name" : "ResilienceCockpit-html5-repo-host",
            "ServiceInstanceName" : "ResilienceCockpit-html5-repo-host",
            "ServiceKeyName" : "********",
            "sap.cloud.service" : "nexus"
          }, {
            "Authentication" : "********",
            "Name" : "********",
            "ServiceInstanceName" : "********",
            "ServiceKeyName" : "********"
          } ],
          "existing_destinations_policy" : "update"
        }
      },
      "app-name" : "ResilienceCockpit-destination-content",
      "default-live-uri" : "94060551trial-dev-resiliencecockpit-destination-content.cfapps.us10-003.hana.ondemand.com",
      "protocol" : "https",
      "default-live-app-name" : "ResilienceCockpit-destination-content",
      "default-live-domain" : "cfapps.us10-003.hana.ondemand.com",
      "domain" : "cfapps.us10-003.hana.ondemand.com",
      "host" : "94060551trial-dev-resiliencecockpit-destination-content",
      "generated-user" : "********"
    },
    "requiredDependencies" : [ {
      "majorSchemaVersion" : 3,
      "name" : "********",
      "properties" : { },
      "parameters" : {
        "service-key" : "********"
      },
      "propertiesMetadata" : {
        "metadata" : { }
      },
      "parametersMetadata" : {
        "metadata" : { }
      }
    }, {
      "majorSchemaVersion" : 3,
      "name" : "ResilienceCockpit-html5-repo-host",
      "properties" : { },
      "parameters" : {
        "service-key" : "********"
      },
      "propertiesMetadata" : {
        "metadata" : { }
      },
      "parametersMetadata" : {
        "metadata" : { }
      }
    }, {
      "majorSchemaVersion" : 3,
      "name" : "srv-api",
      "properties" : { },
      "parameters" : { },
      "propertiesMetadata" : {
        "metadata" : { }
      },
      "parametersMetadata" : {
        "metadata" : { }
      }
    }, {
      "majorSchemaVersion" : 3,
      "name" : "ResilienceCockpit-destination",
      "properties" : { },
      "parameters" : {
        "content-target" : true
      },
      "propertiesMetadata" : {
        "metadata" : { }
      },
      "parametersMetadata" : {
        "metadata" : { }
      }
    } ],
    "providedDependencies" : [ {
      "majorSchemaVersion" : 3,
      "name" : "ResilienceCockpit-destination-content",
      "isPublic" : false,
      "properties" : { },
      "parameters" : { },
      "propertiesMetadata" : {
        "metadata" : { }
      },
      "parametersMetadata" : {
        "metadata" : { }
      }
    } ],
    "propertiesMetadata" : {
      "metadata" : { }
    },
    "parametersMetadata" : {
      "metadata" : { }
    },
    "hooks" : [ ]
  } ],
  "resources" : [ {
    "majorSchemaVersion" : 3,
    "name" : "********",
    "type" : "org.cloudfoundry.managed-service",
    "properties" : { },
    "parameters" : {
      "generated-password" : "********",
      "path" : "./xs-security.json",
      "service-name" : "********",
      "service-plan" : "application",
      "service" : "xsuaa",
      "generated-user" : "********",
      "default-xsappname" : "********",
      "type" : "managed-service",
      "config" : {
        "oauth2-configuration" : "********",
        "tenant-mode" : "dedicated",
        "xsappname" : "ResilienceCockpit-94060551trial-dev"
      },
      "default-service-name" : "********",
      "default-container-name" : "********"
    },
    "isActive" : true,
    "isOptional" : false,
    "propertiesMetadata" : {
      "metadata" : { }
    },
    "parametersMetadata" : {
      "metadata" : { }
    },
    "requiredDependencies" : [ ],
    "processedAfter" : [ ]
  }, {
    "majorSchemaVersion" : 3,
    "name" : "ResilienceCockpit-db",
    "type" : "com.sap.xs.hdi-container",
    "properties" : { },
    "parameters" : {
      "generated-password" : "********",
      "service-name" : "ResilienceCockpit-db",
      "service-plan" : "hdi-shared",
      "service" : "hana",
      "generated-user" : "********",
      "default-xsappname" : "ResilienceCockpit-db",
      "type" : "managed-service",
      "default-service-name" : "ResilienceCockpit-db",
      "default-container-name" : "94060551TRIAL_DEV_RESILIENCECOCKPIT_DB"
    },
    "isActive" : true,
    "isOptional" : false,
    "propertiesMetadata" : {
      "metadata" : { }
    },
    "parametersMetadata" : {
      "metadata" : { }
    },
    "requiredDependencies" : [ ],
    "processedAfter" : [ ]
  }, {
    "majorSchemaVersion" : 3,
    "name" : "ResilienceCockpit-connectivity",
    "type" : "org.cloudfoundry.managed-service",
    "properties" : { },
    "parameters" : {
      "generated-password" : "********",
      "service-name" : "ResilienceCockpit-connectivity",
      "service-plan" : "lite",
      "service" : "connectivity",
      "generated-user" : "********",
      "default-xsappname" : "ResilienceCockpit-connectivity",
      "type" : "managed-service",
      "default-service-name" : "ResilienceCockpit-connectivity",
      "default-container-name" : "94060551TRIAL_DEV_RESILIENCECOCKPIT_CONNECTIVITY"
    },
    "isActive" : true,
    "isOptional" : false,
    "propertiesMetadata" : {
      "metadata" : { }
    },
    "parametersMetadata" : {
      "metadata" : { }
    },
    "requiredDependencies" : [ ],
    "processedAfter" : [ ]
  }, {
    "majorSchemaVersion" : 3,
    "name" : "ResilienceCockpit-destination",
    "type" : "org.cloudfoundry.managed-service",
    "properties" : { },
    "parameters" : {
      "generated-password" : "********",
      "service-name" : "ResilienceCockpit-destination",
      "service-plan" : "lite",
      "service" : "destination",
      "generated-user" : "********",
      "default-xsappname" : "ResilienceCockpit-destination",
      "type" : "managed-service",
      "config" : {
        "HTML5Runtime_enabled" : true,
        "init_data" : {
          "instance" : {
            "destinations" : [ {
              "Authentication" : "********",
              "Name" : "ui5",
              "ProxyType" : "Internet",
              "Type" : "HTTP",
              "URL" : "https://ui5.sap.com"
            } ],
            "existing_destinations_policy" : "update"
          }
        }
      },
      "default-service-name" : "ResilienceCockpit-destination",
      "default-container-name" : "94060551TRIAL_DEV_RESILIENCECOCKPIT_DESTINATION"
    },
    "isActive" : true,
    "isOptional" : false,
    "propertiesMetadata" : {
      "metadata" : { }
    },
    "parametersMetadata" : {
      "metadata" : { }
    },
    "requiredDependencies" : [ {
      "majorSchemaVersion" : 3,
      "name" : "srv-api",
      "properties" : { },
      "parameters" : { },
      "propertiesMetadata" : {
        "metadata" : { }
      },
      "parametersMetadata" : {
        "metadata" : { }
      }
    } ],
    "processedAfter" : [ ]
  }, {
    "majorSchemaVersion" : 3,
    "name" : "ResilienceCockpit-html5-repo-host",
    "type" : "org.cloudfoundry.managed-service",
    "properties" : { },
    "parameters" : {
      "generated-password" : "********",
      "service-name" : "ResilienceCockpit-html5-repo-host",
      "service-plan" : "app-host",
      "service" : "html5-apps-repo",
      "generated-user" : "********",
      "default-xsappname" : "ResilienceCockpit-html5-repo-host",
      "type" : "managed-service",
      "default-service-name" : "ResilienceCockpit-html5-repo-host",
      "default-container-name" : "94060551TRIAL_DEV_RESILIENCECOCKPIT_HTML5_REPO_HOST"
    },
    "isActive" : true,
    "isOptional" : false,
    "propertiesMetadata" : {
      "metadata" : { }
    },
    "parametersMetadata" : {
      "metadata" : { }
    },
    "requiredDependencies" : [ ],
    "processedAfter" : [ ]
  }, {
    "majorSchemaVersion" : 3,
    "name" : "ResilienceCockpit-logging",
    "type" : "org.cloudfoundry.managed-service",
    "properties" : { },
    "parameters" : {
      "generated-password" : "********",
      "service-name" : "ResilienceCockpit-logging",
      "service-plan" : "lite",
      "service" : "application-logs",
      "generated-user" : "********",
      "default-xsappname" : "ResilienceCockpit-logging",
      "type" : "managed-service",
      "default-service-name" : "ResilienceCockpit-logging",
      "default-container-name" : "94060551TRIAL_DEV_RESILIENCECOCKPIT_LOGGING"
    },
    "isActive" : true,
    "isOptional" : false,
    "propertiesMetadata" : {
      "metadata" : { }
    },
    "parametersMetadata" : {
      "metadata" : { }
    },
    "requiredDependencies" : [ ],
    "processedAfter" : [ ]
  } ],
  "parameters" : {
    "deploy_mode" : "html5-repo",
    "mta-id" : "ResilienceCockpit",
    "authorization-url" : "********",
    "org-guid" : "78e7b825-503f-4bdc-af4e-be86d7f43c8e",
    "org" : "94060551trial",
    "deploy-target" : "94060551trial dev",
    "enable-parallel-deployments" : true,
    "region-primary-domain" : "us10.hana.ondemand.com",
    "space" : "dev",
    "region-domain" : "us10-003.hana.ondemand.com",
    "xs-api-url" : "https://api.cf.us10-003.hana.ondemand.com",
    "deploy-url" : "deploy-service.cfapps.us10-003.hana.ondemand.com",
    "xs-type" : "CF",
    "default-domain" : "cfapps.us10-003.hana.ondemand.com",
    "mta-version" : "1.0.0",
    "xs-auth-url" : "********",
    "space-guid" : "039a1fe6-69a4-4c1e-9b8f-a64d47329d3e",
    "user" : "********",
    "controller-url" : "https://api.cf.us10-003.hana.ondemand.com",
    "timestamp" : "20260909062841"
  },
  "parametersMetadata" : {
    "metadata" : { }
  }
}#
#2026 09 09 06:28:57.683#Z#DEBUG#b34eb0e1-ac17-11f1-a392-eeee0a8d8db9.OPERATION#flowable-async-job-executor-thread-4217#
[ProcessDescriptorStep] Merged descriptor properties and parameters resolved#
#2026 09 09 06:28:57.683#Z#DEBUG#b34eb0e1-ac17-11f1-a392-eeee0a8d8db9.OPERATION#flowable-async-job-executor-thread-4217#
Step "Re-Process Descriptor Step" finished#
#2026 09 09 06:28:57.697#Z#DEBUG#b34eb0e1-ac17-11f1-a392-eeee0a8d8db9.OPERATION#flowable-async-job-executor-thread-4217#
[BuildApplicationDeployModelStep] Executing task "buildApplicationDeployModelTask" of process "bcc24787-ac17-11f1-a392-eeee0a8d8db9"...#
#2026 09 09 06:28:57.698#Z#DEBUG#b34eb0e1-ac17-11f1-a392-eeee0a8d8db9.OPERATION#flowable-async-job-executor-thread-4217#
[BuildApplicationDeployModelStep] Building cloud deployment model for application "ResilienceCockpit-db-deployer"...#
#2026 09 09 06:28:57.701#Z#DEBUG#b34eb0e1-ac17-11f1-a392-eeee0a8d8db9.OPERATION#flowable-async-job-executor-thread-4217#
[BuildApplicationDeployModelStep] No health-check-type is specified. Setting default type: port#
#2026 09 09 06:28:57.702#Z#INFO#b34eb0e1-ac17-11f1-a392-eeee0a8d8db9.OPERATION#flowable-async-job-executor-thread-4217#
[BuildApplicationDeployModelStep] Building configuration entries for org 94060551trial, space dev, spaceId 039a1fe6-69a4-4c1e-9b8f-a64d47329d3e and namespace null!#
#2026 09 09 06:28:57.702#Z#DEBUG#b34eb0e1-ac17-11f1-a392-eeee0a8d8db9.OPERATION#flowable-async-job-executor-thread-4217#
[BuildApplicationDeployModelStep] Configuration entries to publish: [ ]#
#2026 09 09 06:28:57.702#Z#DEBUG#b34eb0e1-ac17-11f1-a392-eeee0a8d8db9.OPERATION#flowable-async-job-executor-thread-4217#
[BuildApplicationDeployModelStep] Cloud deployment model for application built#
#2026 09 09 06:28:57.702#Z#DEBUG#b34eb0e1-ac17-11f1-a392-eeee0a8d8db9.OPERATION#flowable-async-job-executor-thread-4217#
Step "Build Application Deploy Model" finished#
#2026 09 09 06:28:57.799#Z#DEBUG#b34eb0e1-ac17-11f1-a392-eeee0a8d8db9.OPERATION#flowable-async-job-executor-thread-979#
[BuildContentDeploymentConfigurationStep] Executing task "buildContentDeploymentConfigurationTask" of process "bcd114b6-ac17-11f1-a14e-eeee0a9fa9ec"...#
#2026 09 09 06:28:57.806#Z#DEBUG#b34eb0e1-ac17-11f1-a392-eeee0a8d8db9.OPERATION#ForkJoinPool-12-worker-1#
[BuildContentDeploymentConfigurationStep] Getting service key "ResilienceCockpit-html5-repo-host-key" for service instance "ResilienceCockpit-html5-repo-host"...#
#2026 09 09 06:28:57.806#Z#DEBUG#b34eb0e1-ac17-11f1-a392-eeee0a8d8db9.OPERATION#ForkJoinPool-12-worker-2#
[BuildContentDeploymentConfigurationStep] Getting service key "ResilienceCockpit-auth-key" for service instance "ResilienceCockpit-auth"...#
#2026 09 09 06:28:57.807#Z#DEBUG#b34eb0e1-ac17-11f1-a392-eeee0a8d8db9.OPERATION#ForkJoinPool-12-worker-3#
[BuildContentDeploymentConfigurationStep] Getting service key "ResilienceCockpit-destination-content-ResilienceCockpit-destination-credentials" for service instance "ResilienceCockpit-destination"...#
#2026 09 09 06:28:57.957#Z#INFO#b34eb0e1-ac17-11f1-a392-eeee0a8d8db9.OPERATION#ForkJoinPool-12-worker-1#
[BuildContentDeploymentConfigurationStep] Service key "ResilienceCockpit-html5-repo-host-key" for service "ResilienceCockpit-html5-repo-host" already exists#
#2026 09 09 06:28:57.959#Z#INFO#b34eb0e1-ac17-11f1-a392-eeee0a8d8db9.OPERATION#ForkJoinPool-12-worker-3#
[BuildContentDeploymentConfigurationStep] Service key "ResilienceCockpit-destination-content-ResilienceCockpit-destination-credentials" for service "ResilienceCockpit-destination" already exists#
#2026 09 09 06:28:57.972#Z#INFO#b34eb0e1-ac17-11f1-a392-eeee0a8d8db9.OPERATION#ForkJoinPool-12-worker-2#
[BuildContentDeploymentConfigurationStep] Service key "ResilienceCockpit-auth-key" for service "ResilienceCockpit-auth" already exists#
#2026 09 09 06:28:57.978#Z#DEBUG#b34eb0e1-ac17-11f1-a392-eeee0a8d8db9.OPERATION#flowable-async-job-executor-thread-979#
Step "Build Content Deployment Configuration" finished#
#2026 09 09 06:28:57.721#Z#DEBUG#b34eb0e1-ac17-11f1-a392-eeee0a8d8db9.OPERATION#flowable-async-job-executor-thread-4217#
[CreateOrUpdateAppStep] Executing task "createAppTask" of process "bcc24787-ac17-11f1-a392-eeee0a8d8db9"...#
#2026 09 09 06:28:57.721#Z#DEBUG#b34eb0e1-ac17-11f1-a392-eeee0a8d8db9.OPERATION#flowable-async-job-executor-thread-4217#
[CreateOrUpdateAppStep] Getting application "ResilienceCockpit-db-deployer"...#
#2026 09 09 06:28:57.758#Z#INFO#b34eb0e1-ac17-11f1-a392-eeee0a8d8db9.OPERATION#flowable-async-job-executor-thread-4217#
[CreateOrUpdateAppStep] Updating application "ResilienceCockpit-db-deployer"...#
#2026 09 09 06:28:57.762#Z#DEBUG#b34eb0e1-ac17-11f1-a392-eeee0a8d8db9.OPERATION#flowable-async-job-executor-thread-4217#
[CreateOrUpdateAppStep] Getting process for application "2d23200b-60aa-4519-b7f8-9f40de7a8ecc"...#
#2026 09 09 06:28:57.793#Z#DEBUG#b34eb0e1-ac17-11f1-a392-eeee0a8d8db9.OPERATION#flowable-async-job-executor-thread-4217#
[CreateOrUpdateAppStep] Getting routes for application "2d23200b-60aa-4519-b7f8-9f40de7a8ecc"...#
#2026 09 09 06:28:57.821#Z#DEBUG#b34eb0e1-ac17-11f1-a392-eeee0a8d8db9.OPERATION#flowable-async-job-executor-thread-4217#
[CreateOrUpdateAppStep] Getting features for application "2d23200b-60aa-4519-b7f8-9f40de7a8ecc"#
#2026 09 09 06:28:57.844#Z#DEBUG#b34eb0e1-ac17-11f1-a392-eeee0a8d8db9.OPERATION#flowable-async-job-executor-thread-4217#
[CreateOrUpdateAppStep] Updating staging of application "ResilienceCockpit-db-deployer" to: {
  "buildpacks" : [ "nodejs_buildpack" ],
  "healthCheckType" : "port",
  "appFeatures" : { }
}#
#2026 09 09 06:28:58.037#Z#DEBUG#b34eb0e1-ac17-11f1-a392-eeee0a8d8db9.OPERATION#flowable-async-job-executor-thread-4217#
[CreateOrUpdateAppStep] Application "ResilienceCockpit-db-deployer" updated#
#2026 09 09 06:28:58.037#Z#DEBUG#b34eb0e1-ac17-11f1-a392-eeee0a8d8db9.OPERATION#flowable-async-job-executor-thread-4217#
[CreateOrUpdateAppStep] Getting environment of application "2d23200b-60aa-4519-b7f8-9f40de7a8ecc"...#
#2026 09 09 06:28:58.103#Z#DEBUG#b34eb0e1-ac17-11f1-a392-eeee0a8d8db9.OPERATION#flowable-async-job-executor-thread-4217#
[CreateOrUpdateAppStep] Application "ResilienceCockpit-db-deployer" updated#
#2026 09 09 06:28:58.103#Z#DEBUG#b34eb0e1-ac17-11f1-a392-eeee0a8d8db9.OPERATION#flowable-async-job-executor-thread-4217#
Step "Create App" finished#
#2026 09 09 06:28:57.982#Z#DEBUG#b34eb0e1-ac17-11f1-a392-eeee0a8d8db9.OPERATION#flowable-async-job-executor-thread-979#
[CreateContentDeployClientConfigurationStep] Executing task "createContentDeployClientConfigurationTask" of process "bcf823cc-ac17-11f1-a14e-eeee0a9fa9ec"...#
#2026 09 09 06:28:57.984#Z#DEBUG#b34eb0e1-ac17-11f1-a392-eeee0a8d8db9.OPERATION#flowable-async-job-executor-thread-979#
[CreateContentDeployClientConfigurationStep] Content deployer client configuration: {
  "contentDeployerUrl" : "https://destination-configuration.cfapps.us10.hana.ondemand.com/destination-configuration/gacd",
  "uaaClientConfiguration" : {
    "url" : "********",
    "credentials" : "********",
    "authenticationStrategyType" : "********"
  },
  "httpRequestHeaders" : {
    "X-CorrelationID" : "b34eb0e1-ac17-11f1-a392-eeee0a8d8db9"
  },
  "spaceId" : "039a1fe6-69a4-4c1e-9b8f-a64d47329d3e",
  "serviceName" : "ResilienceCockpit-destination"
}#
#2026 09 09 06:28:58.199#Z#DEBUG#b34eb0e1-ac17-11f1-a392-eeee0a8d8db9.OPERATION#flowable-async-job-executor-thread-979#
Step "Create Content Deploy Client Configuration" finished#
#2026 09 09 06:28:58.201#Z#DEBUG#b34eb0e1-ac17-11f1-a392-eeee0a8d8db9.OPERATION#flowable-async-job-executor-thread-979#
[GetContentFromDeploymentDescriptorStep] Executing task "getContentFromDeploymentDescriptorTask" of process "bcf823cc-ac17-11f1-a14e-eeee0a9fa9ec"...#
#2026 09 09 06:28:58.201#Z#DEBUG#b34eb0e1-ac17-11f1-a392-eeee0a8d8db9.OPERATION#flowable-async-job-executor-thread-979#
[GetContentFromDeploymentDescriptorStep] Content for module: "ResilienceCockpit-destination-content" is: "{
  "id" : "2b495239-26c0-4154-818b-fd962d22ae18",
  "contentType" : "EMBEDDED",
  "content" : {
    "instance" : {
      "destinations" : [ {
        "Authentication" : "********",
        "Name" : "srv-api",
        "TokenServiceInstanceName" : "********",
        "TokenServiceKeyName" : "********",
        "URL" : "https://94060551trial-dev-resiliencecockpit-srv.cfapps.us10-003.hana.ondemand.com"
      }, {
        "Name" : "ResilienceCockpit-html5-repo-host",
        "ServiceInstanceName" : "ResilienceCockpit-html5-repo-host",
        "ServiceKeyName" : "********",
        "sap.cloud.service" : "nexus"
      }, {
        "Authentication" : "********",
        "Name" : "********",
        "ServiceInstanceName" : "********",
        "ServiceKeyName" : "********"
      } ],
      "existing_destinations_policy" : "update"
    }
  }
}"#
#2026 09 09 06:28:58.201#Z#DEBUG#b34eb0e1-ac17-11f1-a392-eeee0a8d8db9.OPERATION#flowable-async-job-executor-thread-979#
Step "Get Content From Deployment Descriptor" finished#
#2026 09 09 06:28:58.150#Z#DEBUG#b34eb0e1-ac17-11f1-a392-eeee0a8d8db9.OPERATION#flowable-async-job-executor-thread-4217#
[CheckServiceBindingOperationStep] Executing task "checkForServiceBindingOperationInProgress" of process "bd0ee03b-ac17-11f1-a392-eeee0a8d8db9"...#
#2026 09 09 06:28:58.150#Z#DEBUG#b34eb0e1-ac17-11f1-a392-eeee0a8d8db9.OPERATION#flowable-async-job-executor-thread-4217#
[CheckServiceBindingOperationStep] Checking for service binding operation in progress between app "ResilienceCockpit-db-deployer" and service instance "ResilienceCockpit-db"#
#2026 09 09 06:28:58.150#Z#DEBUG#b34eb0e1-ac17-11f1-a392-eeee0a8d8db9.OPERATION#flowable-async-job-executor-thread-4217#
[CheckServiceBindingOperationStep] Getting application guid "ResilienceCockpit-db-deployer"...#
#2026 09 09 06:28:58.174#Z#DEBUG#b34eb0e1-ac17-11f1-a392-eeee0a8d8db9.OPERATION#flowable-async-job-executor-thread-4217#
[CheckServiceBindingOperationStep] Getting GUID of required service instance "ResilienceCockpit-db"...#
#2026 09 09 06:28:58.207#Z#DEBUG#b34eb0e1-ac17-11f1-a392-eeee0a8d8db9.OPERATION#flowable-async-job-executor-thread-4217#
[CheckServiceBindingOperationStep] Getting binding of service instance "793c82c4-0c29-4054-8664-8ad70f1aaf7d" with application "2d23200b-60aa-4519-b7f8-9f40de7a8ecc"...#
#2026 09 09 06:28:58.243#Z#DEBUG#b34eb0e1-ac17-11f1-a392-eeee0a8d8db9.OPERATION#flowable-async-job-executor-thread-4217#
[CheckServiceBindingOperationStep] Service binding operation "2a9f65f0-baa1-4922-a94a-66d6df3eb107" with type "create" is in state "succeeded"#
#2026 09 09 06:28:58.244#Z#DEBUG#b34eb0e1-ac17-11f1-a392-eeee0a8d8db9.OPERATION#flowable-async-job-executor-thread-4217#
Step "Check For Service Binding Operation In Progress" finished#
#2026 09 09 06:28:58.391#Z#DEBUG#b34eb0e1-ac17-11f1-a392-eeee0a8d8db9.OPERATION#flowable-async-job-executor-thread-2172#
[ProcessDescriptorStep] Executing task "reprocessDescriptorTask" of process "bd2e28b3-ac17-11f1-8875-eeee0a839432"...#
#2026 09 09 06:28:58.391#Z#DEBUG#b34eb0e1-ac17-11f1-a392-eeee0a8d8db9.OPERATION#flowable-async-job-executor-thread-2172#
[ProcessDescriptorStep] Resolving properties and parameters in merged descriptor...#
#2026 09 09 06:28:58.396#Z#DEBUG#b34eb0e1-ac17-11f1-a392-eeee0a8d8db9.OPERATION#flowable-async-job-executor-thread-2172#
[ProcessDescriptorStep] Subscriptions: [ ]#
#2026 09 09 06:28:58.400#Z#DEBUG#b34eb0e1-ac17-11f1-a392-eeee0a8d8db9.OPERATION#flowable-async-job-executor-thread-2172#
[ProcessDescriptorStep] MTA modules: [ResilienceCockpit-srv, ResilienceCockpit-app-deployer, ResilienceCockpit-destination-content, ResilienceCockpit-db-deployer]#
#2026 09 09 06:28:58.403#Z#DEBUG#b34eb0e1-ac17-11f1-a392-eeee0a8d8db9.OPERATION#flowable-async-job-executor-thread-2172#
[ProcessDescriptorStep] Resolved deployment descriptor: {
  "majorSchemaVersion" : 3,
  "schemaVersion" : "3.3.0",
  "id" : "ResilienceCockpit",
  "version" : "1.0.0",
  "modules" : [ {
    "majorSchemaVersion" : 3,
    "name" : "ResilienceCockpit-srv",
    "type" : "javascript.nodejs",
    "path" : "ResilienceCockpit-srv",
    "properties" : { },
    "parameters" : {
      "default-url" : "https://94060551trial-dev-resiliencecockpit-srv.cfapps.us10-003.hana.ondemand.com",
      "default-app-name" : "ResilienceCockpit-srv",
      "generated-password" : "********",
      "default-live-url" : "https://94060551trial-dev-resiliencecockpit-srv.cfapps.us10-003.hana.ondemand.com",
      "default-uri" : "94060551trial-dev-resiliencecockpit-srv.cfapps.us10-003.hana.ondemand.com",
      "default-instances" : 1,
      "default-live-host" : "94060551trial-dev-resiliencecockpit-srv",
      "instances" : 1,
      "buildpack" : "nodejs_buildpack",
      "default-host" : "94060551trial-dev-resiliencecockpit-srv",
      "app-name" : "ResilienceCockpit-srv",
      "default-live-uri" : "94060551trial-dev-resiliencecockpit-srv.cfapps.us10-003.hana.ondemand.com",
      "protocol" : "https",
      "default-live-app-name" : "ResilienceCockpit-srv",
      "default-live-domain" : "cfapps.us10-003.hana.ondemand.com",
      "domain" : "cfapps.us10-003.hana.ondemand.com",
      "host" : "94060551trial-dev-resiliencecockpit-srv",
      "generated-user" : "********"
    },
    "requiredDependencies" : [ {
      "majorSchemaVersion" : 3,
      "name" : "********",
      "properties" : { },
      "parameters" : { },
      "propertiesMetadata" : {
        "metadata" : { }
      },
      "parametersMetadata" : {
        "metadata" : { }
      }
    }, {
      "majorSchemaVersion" : 3,
      "name" : "ResilienceCockpit-db",
      "properties" : { },
      "parameters" : { },
      "propertiesMetadata" : {
        "metadata" : { }
      },
      "parametersMetadata" : {
        "metadata" : { }
      }
    }, {
      "majorSchemaVersion" : 3,
      "name" : "ResilienceCockpit-connectivity",
      "properties" : { },
      "parameters" : { },
      "propertiesMetadata" : {
        "metadata" : { }
      },
      "parametersMetadata" : {
        "metadata" : { }
      }
    }, {
      "majorSchemaVersion" : 3,
      "name" : "ResilienceCockpit-destination",
      "properties" : { },
      "parameters" : { },
      "propertiesMetadata" : {
        "metadata" : { }
      },
      "parametersMetadata" : {
        "metadata" : { }
      }
    }, {
      "majorSchemaVersion" : 3,
      "name" : "ResilienceCockpit-logging",
      "properties" : { },
      "parameters" : { },
      "propertiesMetadata" : {
        "metadata" : { }
      },
      "parametersMetadata" : {
        "metadata" : { }
      }
    } ],
    "providedDependencies" : [ {
      "majorSchemaVersion" : 3,
      "name" : "srv-api",
      "isPublic" : false,
      "properties" : {
        "srv-url" : "https://94060551trial-dev-resiliencecockpit-srv.cfapps.us10-003.hana.ondemand.com"
      },
      "parameters" : { },
      "propertiesMetadata" : {
        "metadata" : { }
      },
      "parametersMetadata" : {
        "metadata" : { }
      }
    }, {
      "majorSchemaVersion" : 3,
      "name" : "ResilienceCockpit-srv",
      "isPublic" : false,
      "properties" : { },
      "parameters" : { },
      "propertiesMetadata" : {
        "metadata" : { }
      },
      "parametersMetadata" : {
        "metadata" : { }
      }
    } ],
    "propertiesMetadata" : {
      "metadata" : { }
    },
    "parametersMetadata" : {
      "metadata" : { }
    },
    "hooks" : [ ]
  }, {
    "majorSchemaVersion" : 3,
    "name" : "ResilienceCockpit-db-deployer",
    "type" : "com.sap.xs.hdi",
    "path" : "ResilienceCockpit-db-deployer",
    "properties" : {
      "EXIT" : 1
    },
    "parameters" : {
      "default-url" : "https://94060551trial-dev-resiliencecockpit-db-deployer.cfapps.us10-003.hana.ondemand.com",
      "default-app-name" : "ResilienceCockpit-db-deployer",
      "generated-password" : "********",
      "default-live-url" : "https://94060551trial-dev-resiliencecockpit-db-deployer.cfapps.us10-003.hana.ondemand.com",
      "default-uri" : "94060551trial-dev-resiliencecockpit-db-deployer.cfapps.us10-003.hana.ondemand.com",
      "memory" : "256M",
      "default-instances" : 1,
      "no-route" : true,
      "default-live-host" : "94060551trial-dev-resiliencecockpit-db-deployer",
      "instances" : 1,
      "buildpack" : "nodejs_buildpack",
      "default-host" : "94060551trial-dev-resiliencecockpit-db-deployer",
      "app-name" : "ResilienceCockpit-db-deployer",
      "default-live-uri" : "94060551trial-dev-resiliencecockpit-db-deployer.cfapps.us10-003.hana.ondemand.com",
      "protocol" : "https",
      "default-live-app-name" : "ResilienceCockpit-db-deployer",
      "default-live-domain" : "cfapps.us10-003.hana.ondemand.com",
      "dependency-type" : "hard",
      "domain" : "cfapps.us10-003.hana.ondemand.com",
      "host" : "94060551trial-dev-resiliencecockpit-db-deployer",
      "generated-user" : "********",
      "tasks" : [ {
        "command" : "npm start",
        "memory" : "256M",
        "name" : "deploy"
      } ],
      "no-start" : true
    },
    "requiredDependencies" : [ {
      "majorSchemaVersion" : 3,
      "name" : "ResilienceCockpit-db",
      "properties" : { },
      "parameters" : { },
      "propertiesMetadata" : {
        "metadata" : { }
      },
      "parametersMetadata" : {
        "metadata" : { }
      }
    } ],
    "providedDependencies" : [ {
      "majorSchemaVersion" : 3,
      "name" : "ResilienceCockpit-db-deployer",
      "isPublic" : false,
      "properties" : { },
      "parameters" : { },
      "propertiesMetadata" : {
        "metadata" : { }
      },
      "parametersMetadata" : {
        "metadata" : { }
      }
    } ],
    "propertiesMetadata" : {
      "metadata" : { }
    },
    "parametersMetadata" : {
      "metadata" : { }
    },
    "hooks" : [ ]
  }, {
    "majorSchemaVersion" : 3,
    "name" : "ResilienceCockpit-app-deployer",
    "type" : "com.sap.application.content",
    "path" : "ResilienceCockpit-app-deployer",
    "properties" : { },
    "parameters" : {
      "default-url" : "https://94060551trial-dev-resiliencecockpit-app-deployer.cfapps.us10-003.hana.ondemand.com",
      "default-app-name" : "ResilienceCockpit-app-deployer",
      "generated-password" : "********",
      "default-live-url" : "https://94060551trial-dev-resiliencecockpit-app-deployer.cfapps.us10-003.hana.ondemand.com",
      "default-uri" : "94060551trial-dev-resiliencecockpit-app-deployer.cfapps.us10-003.hana.ondemand.com",
      "default-instances" : 1,
      "default-live-host" : "94060551trial-dev-resiliencecockpit-app-deployer",
      "instances" : 1,
      "default-host" : "94060551trial-dev-resiliencecockpit-app-deployer",
      "app-name" : "ResilienceCockpit-app-deployer",
      "default-live-uri" : "94060551trial-dev-resiliencecockpit-app-deployer.cfapps.us10-003.hana.ondemand.com",
      "protocol" : "https",
      "default-live-app-name" : "ResilienceCockpit-app-deployer",
      "default-live-domain" : "cfapps.us10-003.hana.ondemand.com",
      "domain" : "cfapps.us10-003.hana.ondemand.com",
      "host" : "94060551trial-dev-resiliencecockpit-app-deployer",
      "generated-user" : "********"
    },
    "requiredDependencies" : [ {
      "majorSchemaVersion" : 3,
      "name" : "********",
      "properties" : { },
      "parameters" : { },
      "propertiesMetadata" : {
        "metadata" : { }
      },
      "parametersMetadata" : {
        "metadata" : { }
      }
    }, {
      "majorSchemaVersion" : 3,
      "name" : "srv-api",
      "properties" : { },
      "parameters" : { },
      "propertiesMetadata" : {
        "metadata" : { }
      },
      "parametersMetadata" : {
        "metadata" : { }
      }
    }, {
      "majorSchemaVersion" : 3,
      "name" : "ResilienceCockpit-html5-repo-host",
      "properties" : { },
      "parameters" : {
        "config" : {
          "HTML5Runtime_enabled" : false
        },
        "content-target" : true
      },
      "propertiesMetadata" : {
        "metadata" : { }
      },
      "parametersMetadata" : {
        "metadata" : { }
      }
    } ],
    "providedDependencies" : [ {
      "majorSchemaVersion" : 3,
      "name" : "ResilienceCockpit-app-deployer",
      "isPublic" : false,
      "properties" : { },
      "parameters" : { },
      "propertiesMetadata" : {
        "metadata" : { }
      },
      "parametersMetadata" : {
        "metadata" : { }
      }
    } ],
    "propertiesMetadata" : {
      "metadata" : { }
    },
    "parametersMetadata" : {
      "metadata" : { }
    },
    "hooks" : [ ]
  }, {
    "majorSchemaVersion" : 3,
    "name" : "ResilienceCockpit-destination-content",
    "type" : "com.sap.application.content",
    "properties" : { },
    "parameters" : {
      "default-url" : "https://94060551trial-dev-resiliencecockpit-destination-content.cfapps.us10-003.hana.ondemand.com",
      "default-app-name" : "ResilienceCockpit-destination-content",
      "generated-password" : "********",
      "default-live-url" : "https://94060551trial-dev-resiliencecockpit-destination-content.cfapps.us10-003.hana.ondemand.com",
      "default-uri" : "94060551trial-dev-resiliencecockpit-destination-content.cfapps.us10-003.hana.ondemand.com",
      "default-instances" : 1,
      "default-live-host" : "94060551trial-dev-resiliencecockpit-destination-content",
      "instances" : 1,
      "default-host" : "94060551trial-dev-resiliencecockpit-destination-content",
      "content" : {
        "instance" : {
          "destinations" : [ {
            "Authentication" : "********",
            "Name" : "srv-api",
            "TokenServiceInstanceName" : "********",
            "TokenServiceKeyName" : "********",
            "URL" : "https://94060551trial-dev-resiliencecockpit-srv.cfapps.us10-003.hana.ondemand.com"
          }, {
            "Name" : "ResilienceCockpit-html5-repo-host",
            "ServiceInstanceName" : "ResilienceCockpit-html5-repo-host",
            "ServiceKeyName" : "********",
            "sap.cloud.service" : "nexus"
          }, {
            "Authentication" : "********",
            "Name" : "********",
            "ServiceInstanceName" : "********",
            "ServiceKeyName" : "********"
          } ],
          "existing_destinations_policy" : "update"
        }
      },
      "app-name" : "ResilienceCockpit-destination-content",
      "default-live-uri" : "94060551trial-dev-resiliencecockpit-destination-content.cfapps.us10-003.hana.ondemand.com",
      "protocol" : "https",
      "default-live-app-name" : "ResilienceCockpit-destination-content",
      "default-live-domain" : "cfapps.us10-003.hana.ondemand.com",
      "domain" : "cfapps.us10-003.hana.ondemand.com",
      "host" : "94060551trial-dev-resiliencecockpit-destination-content",
      "generated-user" : "********"
    },
    "requiredDependencies" : [ {
      "majorSchemaVersion" : 3,
      "name" : "********",
      "properties" : { },
      "parameters" : {
        "service-key" : "********"
      },
      "propertiesMetadata" : {
        "metadata" : { }
      },
      "parametersMetadata" : {
        "metadata" : { }
      }
    }, {
      "majorSchemaVersion" : 3,
      "name" : "ResilienceCockpit-html5-repo-host",
      "properties" : { },
      "parameters" : {
        "service-key" : "********"
      },
      "propertiesMetadata" : {
        "metadata" : { }
      },
      "parametersMetadata" : {
        "metadata" : { }
      }
    }, {
      "majorSchemaVersion" : 3,
      "name" : "srv-api",
      "properties" : { },
      "parameters" : { },
      "propertiesMetadata" : {
        "metadata" : { }
      },
      "parametersMetadata" : {
        "metadata" : { }
      }
    }, {
      "majorSchemaVersion" : 3,
      "name" : "ResilienceCockpit-destination",
      "properties" : { },
      "parameters" : {
        "content-target" : true
      },
      "propertiesMetadata" : {
        "metadata" : { }
      },
      "parametersMetadata" : {
        "metadata" : { }
      }
    } ],
    "providedDependencies" : [ {
      "majorSchemaVersion" : 3,
      "name" : "ResilienceCockpit-destination-content",
      "isPublic" : false,
      "properties" : { },
      "parameters" : { },
      "propertiesMetadata" : {
        "metadata" : { }
      },
      "parametersMetadata" : {
        "metadata" : { }
      }
    } ],
    "propertiesMetadata" : {
      "metadata" : { }
    },
    "parametersMetadata" : {
      "metadata" : { }
    },
    "hooks" : [ ]
  } ],
  "resources" : [ {
    "majorSchemaVersion" : 3,
    "name" : "********",
    "type" : "org.cloudfoundry.managed-service",
    "properties" : { },
    "parameters" : {
      "generated-password" : "********",
      "path" : "./xs-security.json",
      "service-name" : "********",
      "service-plan" : "application",
      "service" : "xsuaa",
      "generated-user" : "********",
      "default-xsappname" : "********",
      "type" : "managed-service",
      "config" : {
        "oauth2-configuration" : "********",
        "tenant-mode" : "dedicated",
        "xsappname" : "ResilienceCockpit-94060551trial-dev"
      },
      "default-service-name" : "********",
      "default-container-name" : "********"
    },
    "isActive" : true,
    "isOptional" : false,
    "propertiesMetadata" : {
      "metadata" : { }
    },
    "parametersMetadata" : {
      "metadata" : { }
    },
    "requiredDependencies" : [ ],
    "processedAfter" : [ ]
  }, {
    "majorSchemaVersion" : 3,
    "name" : "ResilienceCockpit-db",
    "type" : "com.sap.xs.hdi-container",
    "properties" : { },
    "parameters" : {
      "generated-password" : "********",
      "service-name" : "ResilienceCockpit-db",
      "service-plan" : "hdi-shared",
      "service" : "hana",
      "generated-user" : "********",
      "default-xsappname" : "ResilienceCockpit-db",
      "type" : "managed-service",
      "default-service-name" : "ResilienceCockpit-db",
      "default-container-name" : "94060551TRIAL_DEV_RESILIENCECOCKPIT_DB"
    },
    "isActive" : true,
    "isOptional" : false,
    "propertiesMetadata" : {
      "metadata" : { }
    },
    "parametersMetadata" : {
      "metadata" : { }
    },
    "requiredDependencies" : [ ],
    "processedAfter" : [ ]
  }, {
    "majorSchemaVersion" : 3,
    "name" : "ResilienceCockpit-connectivity",
    "type" : "org.cloudfoundry.managed-service",
    "properties" : { },
    "parameters" : {
      "generated-password" : "********",
      "service-name" : "ResilienceCockpit-connectivity",
      "service-plan" : "lite",
      "service" : "connectivity",
      "generated-user" : "********",
      "default-xsappname" : "ResilienceCockpit-connectivity",
      "type" : "managed-service",
      "default-service-name" : "ResilienceCockpit-connectivity",
      "default-container-name" : "94060551TRIAL_DEV_RESILIENCECOCKPIT_CONNECTIVITY"
    },
    "isActive" : true,
    "isOptional" : false,
    "propertiesMetadata" : {
      "metadata" : { }
    },
    "parametersMetadata" : {
      "metadata" : { }
    },
    "requiredDependencies" : [ ],
    "processedAfter" : [ ]
  }, {
    "majorSchemaVersion" : 3,
    "name" : "ResilienceCockpit-destination",
    "type" : "org.cloudfoundry.managed-service",
    "properties" : { },
    "parameters" : {
      "generated-password" : "********",
      "service-name" : "ResilienceCockpit-destination",
      "service-plan" : "lite",
      "service" : "destination",
      "generated-user" : "********",
      "default-xsappname" : "ResilienceCockpit-destination",
      "type" : "managed-service",
      "config" : {
        "HTML5Runtime_enabled" : true,
        "init_data" : {
          "instance" : {
            "destinations" : [ {
              "Authentication" : "********",
              "Name" : "ui5",
              "ProxyType" : "Internet",
              "Type" : "HTTP",
              "URL" : "https://ui5.sap.com"
            } ],
            "existing_destinations_policy" : "update"
          }
        }
      },
      "default-service-name" : "ResilienceCockpit-destination",
      "default-container-name" : "94060551TRIAL_DEV_RESILIENCECOCKPIT_DESTINATION"
    },
    "isActive" : true,
    "isOptional" : false,
    "propertiesMetadata" : {
      "metadata" : { }
    },
    "parametersMetadata" : {
      "metadata" : { }
    },
    "requiredDependencies" : [ {
      "majorSchemaVersion" : 3,
      "name" : "srv-api",
      "properties" : { },
      "parameters" : { },
      "propertiesMetadata" : {
        "metadata" : { }
      },
      "parametersMetadata" : {
        "metadata" : { }
      }
    } ],
    "processedAfter" : [ ]
  }, {
    "majorSchemaVersion" : 3,
    "name" : "ResilienceCockpit-html5-repo-host",
    "type" : "org.cloudfoundry.managed-service",
    "properties" : { },
    "parameters" : {
      "generated-password" : "********",
      "service-name" : "ResilienceCockpit-html5-repo-host",
      "service-plan" : "app-host",
      "service" : "html5-apps-repo",
      "generated-user" : "********",
      "default-xsappname" : "ResilienceCockpit-html5-repo-host",
      "type" : "managed-service",
      "default-service-name" : "ResilienceCockpit-html5-repo-host",
      "default-container-name" : "94060551TRIAL_DEV_RESILIENCECOCKPIT_HTML5_REPO_HOST"
    },
    "isActive" : true,
    "isOptional" : false,
    "propertiesMetadata" : {
      "metadata" : { }
    },
    "parametersMetadata" : {
      "metadata" : { }
    },
    "requiredDependencies" : [ ],
    "processedAfter" : [ ]
  }, {
    "majorSchemaVersion" : 3,
    "name" : "ResilienceCockpit-logging",
    "type" : "org.cloudfoundry.managed-service",
    "properties" : { },
    "parameters" : {
      "generated-password" : "********",
      "service-name" : "ResilienceCockpit-logging",
      "service-plan" : "lite",
      "service" : "application-logs",
      "generated-user" : "********",
      "default-xsappname" : "ResilienceCockpit-logging",
      "type" : "managed-service",
      "default-service-name" : "ResilienceCockpit-logging",
      "default-container-name" : "94060551TRIAL_DEV_RESILIENCECOCKPIT_LOGGING"
    },
    "isActive" : true,
    "isOptional" : false,
    "propertiesMetadata" : {
      "metadata" : { }
    },
    "parametersMetadata" : {
      "metadata" : { }
    },
    "requiredDependencies" : [ ],
    "processedAfter" : [ ]
  } ],
  "parameters" : {
    "deploy_mode" : "html5-repo",
    "mta-id" : "ResilienceCockpit",
    "authorization-url" : "********",
    "org-guid" : "78e7b825-503f-4bdc-af4e-be86d7f43c8e",
    "org" : "94060551trial",
    "deploy-target" : "94060551trial dev",
    "enable-parallel-deployments" : true,
    "region-primary-domain" : "us10.hana.ondemand.com",
    "space" : "dev",
    "region-domain" : "us10-003.hana.ondemand.com",
    "xs-api-url" : "https://api.cf.us10-003.hana.ondemand.com",
    "deploy-url" : "deploy-service.cfapps.us10-003.hana.ondemand.com",
    "xs-type" : "CF",
    "default-domain" : "cfapps.us10-003.hana.ondemand.com",
    "mta-version" : "1.0.0",
    "xs-auth-url" : "********",
    "space-guid" : "039a1fe6-69a4-4c1e-9b8f-a64d47329d3e",
    "user" : "********",
    "controller-url" : "https://api.cf.us10-003.hana.ondemand.com",
    "timestamp" : "20260909062841"
  },
  "parametersMetadata" : {
    "metadata" : { }
  }
}#
#2026 09 09 06:28:58.403#Z#DEBUG#b34eb0e1-ac17-11f1-a392-eeee0a8d8db9.OPERATION#flowable-async-job-executor-thread-2172#
[ProcessDescriptorStep] Merged descriptor properties and parameters resolved#
#2026 09 09 06:28:58.403#Z#DEBUG#b34eb0e1-ac17-11f1-a392-eeee0a8d8db9.OPERATION#flowable-async-job-executor-thread-2172#
Step "Re-Process Descriptor Step" finished#
#2026 09 09 06:28:58.424#Z#DEBUG#b34eb0e1-ac17-11f1-a392-eeee0a8d8db9.OPERATION#flowable-async-job-executor-thread-2173#
[BuildApplicationDeployModelStep] Executing task "buildApplicationDeployModelTask" of process "bd2e28b3-ac17-11f1-8875-eeee0a839432"...#
#2026 09 09 06:28:58.425#Z#DEBUG#b34eb0e1-ac17-11f1-a392-eeee0a8d8db9.OPERATION#flowable-async-job-executor-thread-2173#
[BuildApplicationDeployModelStep] Building cloud deployment model for application "ResilienceCockpit-srv"...#
#2026 09 09 06:28:58.430#Z#DEBUG#b34eb0e1-ac17-11f1-a392-eeee0a8d8db9.OPERATION#flowable-async-job-executor-thread-2173#
[BuildApplicationDeployModelStep] No health-check-type is specified. Setting default type: port#
#2026 09 09 06:28:58.430#Z#INFO#b34eb0e1-ac17-11f1-a392-eeee0a8d8db9.OPERATION#flowable-async-job-executor-thread-2173#
[BuildApplicationDeployModelStep] Building configuration entries for org 94060551trial, space dev, spaceId 039a1fe6-69a4-4c1e-9b8f-a64d47329d3e and namespace null!#
#2026 09 09 06:28:58.431#Z#DEBUG#b34eb0e1-ac17-11f1-a392-eeee0a8d8db9.OPERATION#flowable-async-job-executor-thread-2173#
[BuildApplicationDeployModelStep] Configuration entries to publish: [ ]#
#2026 09 09 06:28:58.431#Z#DEBUG#b34eb0e1-ac17-11f1-a392-eeee0a8d8db9.OPERATION#flowable-async-job-executor-thread-2173#
[BuildApplicationDeployModelStep] Cloud deployment model for application built#
#2026 09 09 06:28:58.431#Z#DEBUG#b34eb0e1-ac17-11f1-a392-eeee0a8d8db9.OPERATION#flowable-async-job-executor-thread-2173#
Step "Build Application Deploy Model" finished#
#2026 09 09 06:28:58.259#Z#DEBUG#b34eb0e1-ac17-11f1-a392-eeee0a8d8db9.OPERATION#flowable-async-job-executor-thread-4217#
[DetermineApplicationServiceBindingActionsStep] Executing task "determineApplicationServiceBindingActionsTask" of process "bd0ee03b-ac17-11f1-a392-eeee0a8d8db9"...#
#2026 09 09 06:28:58.259#Z#DEBUG#b34eb0e1-ac17-11f1-a392-eeee0a8d8db9.OPERATION#flowable-async-job-executor-thread-4217#
[DetermineApplicationServiceBindingActionsStep] Determine bind/unbind operations of application "ResilienceCockpit-db-deployer" to service instance "ResilienceCockpit-db"#
#2026 09 09 06:28:58.259#Z#DEBUG#b34eb0e1-ac17-11f1-a392-eeee0a8d8db9.OPERATION#flowable-async-job-executor-thread-4217#
[DetermineApplicationServiceBindingActionsStep] Getting application "ResilienceCockpit-db-deployer"...#
#2026 09 09 06:28:58.288#Z#DEBUG#b34eb0e1-ac17-11f1-a392-eeee0a8d8db9.OPERATION#flowable-async-job-executor-thread-4217#
[DetermineApplicationServiceBindingActionsStep] Binding parameters for application "ResilienceCockpit-db-deployer": { }#
#2026 09 09 06:28:58.326#Z#DEBUG#b34eb0e1-ac17-11f1-a392-eeee0a8d8db9.OPERATION#flowable-async-job-executor-thread-4217#
[DetermineApplicationServiceBindingActionsStep] Check should rebind application "ResilienceCockpit-db-deployer" and service instance "ResilienceCockpit-db"#
#2026 09 09 06:28:58.326#Z#DEBUG#b34eb0e1-ac17-11f1-a392-eeee0a8d8db9.OPERATION#flowable-async-job-executor-thread-4217#
[DetermineApplicationServiceBindingActionsStep] Getting GUID of required service instance "ResilienceCockpit-db"...#
#2026 09 09 06:28:58.356#Z#DEBUG#b34eb0e1-ac17-11f1-a392-eeee0a8d8db9.OPERATION#flowable-async-job-executor-thread-4217#
[DetermineApplicationServiceBindingActionsStep] Getting binding of service instance "793c82c4-0c29-4054-8664-8ad70f1aaf7d" with application "2d23200b-60aa-4519-b7f8-9f40de7a8ecc"...#
#2026 09 09 06:28:58.389#Z#DEBUG#b34eb0e1-ac17-11f1-a392-eeee0a8d8db9.OPERATION#flowable-async-job-executor-thread-4217#
[DetermineApplicationServiceBindingActionsStep] Getting parameters of service binding "2a9f65f0-baa1-4922-a94a-66d6df3eb107"...#
#2026 09 09 06:28:58.617#Z#INFO#b34eb0e1-ac17-11f1-a392-eeee0a8d8db9.OPERATION#flowable-async-job-executor-thread-4217#
[DetermineApplicationServiceBindingActionsStep] Service instance "ResilienceCockpit-db" will not be rebound to application "ResilienceCockpit-db-deployer" because the binding parameters are not modified#
#2026 09 09 06:28:58.620#Z#DEBUG#b34eb0e1-ac17-11f1-a392-eeee0a8d8db9.OPERATION#flowable-async-job-executor-thread-4217#
[DetermineApplicationServiceBindingActionsStep] Calculated binding operations between application "ResilienceCockpit-db-deployer" and service instance "ResilienceCockpit-db": unbind - false bind - false#
#2026 09 09 06:28:58.620#Z#DEBUG#b34eb0e1-ac17-11f1-a392-eeee0a8d8db9.OPERATION#flowable-async-job-executor-thread-4217#
Step "Determine Application Service Binding Actions" finished#
#2026 09 09 06:28:58.203#Z#DEBUG#b34eb0e1-ac17-11f1-a392-eeee0a8d8db9.OPERATION#flowable-async-job-executor-thread-979#
[SynchronousContentDeployStep] Executing task "synchronousContentDeployTask" of process "bcf823cc-ac17-11f1-a14e-eeee0a9fa9ec"...#
#2026 09 09 06:28:58.203#Z#INFO#b34eb0e1-ac17-11f1-a392-eeee0a8d8db9.OPERATION#flowable-async-job-executor-thread-979#
[SynchronousContentDeployStep] Deploying content module "ResilienceCockpit-destination-content" in target service "ResilienceCockpit-destination"...#
#2026 09 09 06:28:58.430#Z#DEBUG#b34eb0e1-ac17-11f1-a392-eeee0a8d8db9.OPERATION#flowable-async-job-executor-thread-979#
[SynchronousContentDeployStep] Processing inline content upload for module: ResilienceCockpit-destination-content#
#2026 09 09 06:28:58.663#Z#DEBUG#b34eb0e1-ac17-11f1-a392-eeee0a8d8db9.OPERATION#flowable-async-job-executor-thread-979#
Step "Synchronous Deploy" finished#
#2026 09 09 06:28:58.678#Z#DEBUG#b34eb0e1-ac17-11f1-a392-eeee0a8d8db9.OPERATION#flowable-async-job-executor-thread-4217#
[DetermineVcapServicesPropertiesChangedStep] Executing task "determineVcapServicesPropertiesChangedTask" of process "bd5eae05-ac17-11f1-a392-eeee0a8d8db9"...#
#2026 09 09 06:28:58.679#Z#DEBUG#b34eb0e1-ac17-11f1-a392-eeee0a8d8db9.OPERATION#flowable-async-job-executor-thread-4217#
[DetermineVcapServicesPropertiesChangedStep] VCAP_SERVICES properties for application "ResilienceCockpit-db-deployer" changed: false#
#2026 09 09 06:28:58.679#Z#DEBUG#b34eb0e1-ac17-11f1-a392-eeee0a8d8db9.OPERATION#flowable-async-job-executor-thread-4217#
Step "Determine vcap services properties changed" finished#
#2026 09 09 06:28:58.456#Z#DEBUG#b34eb0e1-ac17-11f1-a392-eeee0a8d8db9.OPERATION#flowable-async-job-executor-thread-2174#
[CreateOrUpdateAppStep] Executing task "createAppTask" of process "bd2e28b3-ac17-11f1-8875-eeee0a839432"...#
#2026 09 09 06:28:58.458#Z#DEBUG#b34eb0e1-ac17-11f1-a392-eeee0a8d8db9.OPERATION#flowable-async-job-executor-thread-2174#
[CreateOrUpdateAppStep] Getting application "ResilienceCockpit-srv"...#
#2026 09 09 06:28:58.486#Z#INFO#b34eb0e1-ac17-11f1-a392-eeee0a8d8db9.OPERATION#flowable-async-job-executor-thread-2174#
[CreateOrUpdateAppStep] Updating application "ResilienceCockpit-srv"...#
#2026 09 09 06:28:58.490#Z#DEBUG#b34eb0e1-ac17-11f1-a392-eeee0a8d8db9.OPERATION#flowable-async-job-executor-thread-2174#
[CreateOrUpdateAppStep] Getting process for application "846298f7-a9cf-4b9f-a20b-63e370407f6e"...#
#2026 09 09 06:28:58.527#Z#DEBUG#b34eb0e1-ac17-11f1-a392-eeee0a8d8db9.OPERATION#flowable-async-job-executor-thread-2174#
[CreateOrUpdateAppStep] Getting routes for application "846298f7-a9cf-4b9f-a20b-63e370407f6e"...#
#2026 09 09 06:28:58.562#Z#DEBUG#b34eb0e1-ac17-11f1-a392-eeee0a8d8db9.OPERATION#flowable-async-job-executor-thread-2174#
[CreateOrUpdateAppStep] Getting features for application "846298f7-a9cf-4b9f-a20b-63e370407f6e"#
#2026 09 09 06:28:58.580#Z#DEBUG#b34eb0e1-ac17-11f1-a392-eeee0a8d8db9.OPERATION#flowable-async-job-executor-thread-2174#
[CreateOrUpdateAppStep] Updating staging of application "ResilienceCockpit-srv" to: {
  "buildpacks" : [ "nodejs_buildpack" ],
  "healthCheckType" : "port",
  "appFeatures" : { }
}#
#2026 09 09 06:28:58.781#Z#DEBUG#b34eb0e1-ac17-11f1-a392-eeee0a8d8db9.OPERATION#flowable-async-job-executor-thread-2174#
[CreateOrUpdateAppStep] Application "ResilienceCockpit-srv" updated#
#2026 09 09 06:28:58.781#Z#DEBUG#b34eb0e1-ac17-11f1-a392-eeee0a8d8db9.OPERATION#flowable-async-job-executor-thread-2174#
[CreateOrUpdateAppStep] Getting environment of application "846298f7-a9cf-4b9f-a20b-63e370407f6e"...#
#2026 09 09 06:28:58.864#Z#DEBUG#b34eb0e1-ac17-11f1-a392-eeee0a8d8db9.OPERATION#flowable-async-job-executor-thread-2174#
[CreateOrUpdateAppStep] Application "ResilienceCockpit-srv" updated#
#2026 09 09 06:28:58.864#Z#DEBUG#b34eb0e1-ac17-11f1-a392-eeee0a8d8db9.OPERATION#flowable-async-job-executor-thread-2174#
Step "Create App" finished#
#2026 09 09 06:28:58.695#Z#DEBUG#b34eb0e1-ac17-11f1-a392-eeee0a8d8db9.OPERATION#flowable-async-job-executor-thread-4217#
[UploadAppStep] Executing task "uploadAppTask" of process "bd5eae05-ac17-11f1-a392-eeee0a8d8db9"...#
#2026 09 09 06:28:58.696#Z#DEBUG#b34eb0e1-ac17-11f1-a392-eeee0a8d8db9.OPERATION#flowable-async-job-executor-thread-4217#
[UploadAppStep] Application upload timeout is default one: 3,600 seconds#
#2026 09 09 06:28:58.696#Z#INFO#b34eb0e1-ac17-11f1-a392-eeee0a8d8db9.OPERATION#flowable-async-job-executor-thread-4217#
[UploadAppStep] Uploading application "ResilienceCockpit-db-deployer"...#
#2026 09 09 06:28:58.699#Z#DEBUG#b34eb0e1-ac17-11f1-a392-eeee0a8d8db9.OPERATION#flowable-async-job-executor-thread-4217#
[UploadAppStep] Getting application "ResilienceCockpit-db-deployer"...#
#2026 09 09 06:28:58.727#Z#DEBUG#b34eb0e1-ac17-11f1-a392-eeee0a8d8db9.OPERATION#flowable-async-job-executor-thread-4217#
[UploadAppStep] Getting environment of application "2d23200b-60aa-4519-b7f8-9f40de7a8ecc"...#
#2026 09 09 06:28:58.763#Z#INFO#b34eb0e1-ac17-11f1-a392-eeee0a8d8db9.OPERATION#flowable-async-job-executor-thread-4217#
[UploadAppStep] Calculating application digest: "ResilienceCockpit-db-deployer"#
#2026 09 09 06:28:58.894#Z#DEBUG#b34eb0e1-ac17-11f1-a392-eeee0a8d8db9.OPERATION#flowable-async-job-executor-thread-4217#
Step "Upload App" finished#
#2026 09 09 06:28:58.935#Z#DEBUG#b34eb0e1-ac17-11f1-a392-eeee0a8d8db9.OPERATION#flowable-async-job-executor-thread-2174#
[CheckServiceBindingOperationStep] Executing task "checkForServiceBindingOperationInProgress" of process "bd85bdfb-ac17-11f1-8875-eeee0a839432"...#
#2026 09 09 06:28:58.935#Z#DEBUG#b34eb0e1-ac17-11f1-a392-eeee0a8d8db9.OPERATION#flowable-async-job-executor-thread-2174#
[CheckServiceBindingOperationStep] Checking for service binding operation in progress between app "ResilienceCockpit-srv" and service instance "ResilienceCockpit-destination"#
#2026 09 09 06:28:58.936#Z#DEBUG#b34eb0e1-ac17-11f1-a392-eeee0a8d8db9.OPERATION#flowable-async-job-executor-thread-2174#
[CheckServiceBindingOperationStep] Getting application guid "ResilienceCockpit-srv"...#
#2026 09 09 06:28:58.962#Z#DEBUG#b34eb0e1-ac17-11f1-a392-eeee0a8d8db9.OPERATION#flowable-async-job-executor-thread-2174#
[CheckServiceBindingOperationStep] Getting GUID of required service instance "ResilienceCockpit-destination"...#
#2026 09 09 06:28:58.994#Z#DEBUG#b34eb0e1-ac17-11f1-a392-eeee0a8d8db9.OPERATION#flowable-async-job-executor-thread-2174#
[CheckServiceBindingOperationStep] Getting binding of service instance "b320a563-1340-4020-8574-566b1e2175a9" with application "846298f7-a9cf-4b9f-a20b-63e370407f6e"...#
#2026 09 09 06:28:59.029#Z#DEBUG#b34eb0e1-ac17-11f1-a392-eeee0a8d8db9.OPERATION#flowable-async-job-executor-thread-2174#
[CheckServiceBindingOperationStep] Service binding operation "86015d77-60a2-455b-bbcf-7e608fc07dbe" with type "create" is in state "succeeded"#
#2026 09 09 06:28:59.029#Z#DEBUG#b34eb0e1-ac17-11f1-a392-eeee0a8d8db9.OPERATION#flowable-async-job-executor-thread-2174#
Step "Check For Service Binding Operation In Progress" finished#
#2026 09 09 06:28:59.049#Z#DEBUG#b34eb0e1-ac17-11f1-a392-eeee0a8d8db9.OPERATION#flowable-async-job-executor-thread-2174#
[DetermineApplicationServiceBindingActionsStep] Executing task "determineApplicationServiceBindingActionsTask" of process "bd85bdfb-ac17-11f1-8875-eeee0a839432"...#
#2026 09 09 06:28:59.050#Z#DEBUG#b34eb0e1-ac17-11f1-a392-eeee0a8d8db9.OPERATION#flowable-async-job-executor-thread-2174#
[DetermineApplicationServiceBindingActionsStep] Determine bind/unbind operations of application "ResilienceCockpit-srv" to service instance "ResilienceCockpit-destination"#
#2026 09 09 06:28:59.050#Z#DEBUG#b34eb0e1-ac17-11f1-a392-eeee0a8d8db9.OPERATION#flowable-async-job-executor-thread-2174#
[DetermineApplicationServiceBindingActionsStep] Getting application "ResilienceCockpit-srv"...#
#2026 09 09 06:28:59.084#Z#DEBUG#b34eb0e1-ac17-11f1-a392-eeee0a8d8db9.OPERATION#flowable-async-job-executor-thread-2174#
[DetermineApplicationServiceBindingActionsStep] Binding parameters for application "ResilienceCockpit-srv": { }#
#2026 09 09 06:28:59.114#Z#DEBUG#b34eb0e1-ac17-11f1-a392-eeee0a8d8db9.OPERATION#flowable-async-job-executor-thread-2174#
[DetermineApplicationServiceBindingActionsStep] Check should rebind application "ResilienceCockpit-srv" and service instance "ResilienceCockpit-destination"#
#2026 09 09 06:28:59.114#Z#DEBUG#b34eb0e1-ac17-11f1-a392-eeee0a8d8db9.OPERATION#flowable-async-job-executor-thread-2174#
[DetermineApplicationServiceBindingActionsStep] Getting GUID of required service instance "ResilienceCockpit-destination"...#
#2026 09 09 06:28:59.138#Z#DEBUG#b34eb0e1-ac17-11f1-a392-eeee0a8d8db9.OPERATION#flowable-async-job-executor-thread-2174#
[DetermineApplicationServiceBindingActionsStep] Getting binding of service instance "b320a563-1340-4020-8574-566b1e2175a9" with application "846298f7-a9cf-4b9f-a20b-63e370407f6e"...#
#2026 09 09 06:28:59.169#Z#DEBUG#b34eb0e1-ac17-11f1-a392-eeee0a8d8db9.OPERATION#flowable-async-job-executor-thread-2174#
[DetermineApplicationServiceBindingActionsStep] Getting parameters of service binding "86015d77-60a2-455b-bbcf-7e608fc07dbe"...#
#2026 09 09 06:28:59.193#Z#WARN#b34eb0e1-ac17-11f1-a392-eeee0a8d8db9.OPERATION#flowable-async-job-executor-thread-2174#
[DetermineApplicationServiceBindingActionsStep] Cannot retrieve parameters of binding between application "ResilienceCockpit-srv" and service instance "ResilienceCockpit-destination"#
#2026 09 09 06:28:59.194#Z#DEBUG#b34eb0e1-ac17-11f1-a392-eeee0a8d8db9.OPERATION#flowable-async-job-executor-thread-2174#
[DetermineApplicationServiceBindingActionsStep] Calculated binding operations between application "ResilienceCockpit-srv" and service instance "ResilienceCockpit-destination": unbind - true bind - true#
#2026 09 09 06:28:59.194#Z#DEBUG#b34eb0e1-ac17-11f1-a392-eeee0a8d8db9.OPERATION#flowable-async-job-executor-thread-2174#
Step "Determine Application Service Binding Actions" finished#
#2026 09 09 06:28:59.215#Z#DEBUG#b34eb0e1-ac17-11f1-a392-eeee0a8d8db9.OPERATION#flowable-async-job-executor-thread-2174#
[UnbindServiceFromApplicationStep] Executing task "unbindServiceFromApplicationTask" of process "bd85bdfb-ac17-11f1-8875-eeee0a839432"...#
#2026 09 09 06:28:59.217#Z#INFO#b34eb0e1-ac17-11f1-a392-eeee0a8d8db9.OPERATION#flowable-async-job-executor-thread-2174#
[UnbindServiceFromApplicationStep] Unbinding service instance "ResilienceCockpit-destination" from application "ResilienceCockpit-srv"...#
#2026 09 09 06:28:59.219#Z#DEBUG#b34eb0e1-ac17-11f1-a392-eeee0a8d8db9.OPERATION#flowable-async-job-executor-thread-2174#
[UnbindServiceFromApplicationStep] Unbinding application "ResilienceCockpit-srv" from service instance "ResilienceCockpit-destination"...#
#2026 09 09 06:28:59.358#Z#DEBUG#b34eb0e1-ac17-11f1-a392-eeee0a8d8db9.OPERATION#flowable-async-job-executor-thread-2174#
Step "Unbind Service from Application" finished#
#2026 09 09 06:29:00.506#Z#DEBUG#b34eb0e1-ac17-11f1-a392-eeee0a8d8db9.OPERATION#flowable-async-job-executor-thread-4211#
[CheckServiceBindingOperationStep] Executing task "checkForServiceBindingOperationInProgress" of process "be73eece-ac17-11f1-a392-eeee0a8d8db9"...#
#2026 09 09 06:29:00.507#Z#DEBUG#b34eb0e1-ac17-11f1-a392-eeee0a8d8db9.OPERATION#flowable-async-job-executor-thread-4211#
[CheckServiceBindingOperationStep] Checking for service binding operation in progress between app "ResilienceCockpit-srv" and service instance "ResilienceCockpit-auth"#
#2026 09 09 06:29:00.508#Z#DEBUG#b34eb0e1-ac17-11f1-a392-eeee0a8d8db9.OPERATION#flowable-async-job-executor-thread-4211#
[CheckServiceBindingOperationStep] Getting application guid "ResilienceCockpit-srv"...#
#2026 09 09 06:29:00.538#Z#DEBUG#b34eb0e1-ac17-11f1-a392-eeee0a8d8db9.OPERATION#flowable-async-job-executor-thread-4216#
[CheckServiceBindingOperationStep] Executing task "checkForServiceBindingOperationInProgress" of process "be7a5741-ac17-11f1-a392-eeee0a8d8db9"...#
#2026 09 09 06:29:00.538#Z#DEBUG#b34eb0e1-ac17-11f1-a392-eeee0a8d8db9.OPERATION#flowable-async-job-executor-thread-4216#
[CheckServiceBindingOperationStep] Checking for service binding operation in progress between app "ResilienceCockpit-srv" and service instance "ResilienceCockpit-logging"#
#2026 09 09 06:29:00.538#Z#DEBUG#b34eb0e1-ac17-11f1-a392-eeee0a8d8db9.OPERATION#flowable-async-job-executor-thread-4216#
[CheckServiceBindingOperationStep] Getting application guid "ResilienceCockpit-srv"...#
#2026 09 09 06:29:00.541#Z#DEBUG#b34eb0e1-ac17-11f1-a392-eeee0a8d8db9.OPERATION#flowable-async-job-executor-thread-4211#
[CheckServiceBindingOperationStep] Getting GUID of required service instance "ResilienceCockpit-auth"...#
#2026 09 09 06:29:00.565#Z#DEBUG#b34eb0e1-ac17-11f1-a392-eeee0a8d8db9.OPERATION#flowable-async-job-executor-thread-4216#
[CheckServiceBindingOperationStep] Getting GUID of required service instance "ResilienceCockpit-logging"...#
#2026 09 09 06:29:00.581#Z#DEBUG#b34eb0e1-ac17-11f1-a392-eeee0a8d8db9.OPERATION#flowable-async-job-executor-thread-4211#
[CheckServiceBindingOperationStep] Getting binding of service instance "a4201f74-f0ad-456c-947a-8ce52d2ae7ca" with application "846298f7-a9cf-4b9f-a20b-63e370407f6e"...#
#2026 09 09 06:29:00.598#Z#DEBUG#b34eb0e1-ac17-11f1-a392-eeee0a8d8db9.OPERATION#flowable-async-job-executor-thread-4216#
[CheckServiceBindingOperationStep] Getting binding of service instance "336ec7d3-cd56-4076-bb50-7f23f8654af2" with application "846298f7-a9cf-4b9f-a20b-63e370407f6e"...#
#2026 09 09 06:29:00.614#Z#DEBUG#b34eb0e1-ac17-11f1-a392-eeee0a8d8db9.OPERATION#flowable-async-job-executor-thread-4211#
[CheckServiceBindingOperationStep] Service binding operation "8c58d7df-5e1f-4cae-8218-4772905c2399" with type "create" is in state "succeeded"#
#2026 09 09 06:29:00.614#Z#DEBUG#b34eb0e1-ac17-11f1-a392-eeee0a8d8db9.OPERATION#flowable-async-job-executor-thread-4211#
Step "Check For Service Binding Operation In Progress" finished#
#2026 09 09 06:29:00.626#Z#DEBUG#b34eb0e1-ac17-11f1-a392-eeee0a8d8db9.OPERATION#flowable-async-job-executor-thread-4216#
[CheckServiceBindingOperationStep] Service binding operation "8246deaf-57c6-4933-8dd8-3ee20a7eec16" with type "create" is in state "succeeded"#
#2026 09 09 06:29:00.626#Z#DEBUG#b34eb0e1-ac17-11f1-a392-eeee0a8d8db9.OPERATION#flowable-async-job-executor-thread-4216#
Step "Check For Service Binding Operation In Progress" finished#
#2026 09 09 06:29:00.544#Z#DEBUG#b34eb0e1-ac17-11f1-a392-eeee0a8d8db9.OPERATION#flowable-async-job-executor-thread-4213#
[BuildContentDeploymentConfigurationStep] Executing task "buildContentDeploymentConfigurationTask" of process "be76d5a6-ac17-11f1-a392-eeee0a8d8db9"...#
#2026 09 09 06:29:00.548#Z#DEBUG#b34eb0e1-ac17-11f1-a392-eeee0a8d8db9.OPERATION#ForkJoinPool-13-worker-1#
[BuildContentDeploymentConfigurationStep] Getting service key "ResilienceCockpit-app-deployer-ResilienceCockpit-html5-repo-host-credentials" for service instance "ResilienceCockpit-html5-repo-host"...#
#2026 09 09 06:29:00.548#Z#DEBUG#b34eb0e1-ac17-11f1-a392-eeee0a8d8db9.OPERATION#ForkJoinPool-13-worker-2#
[BuildContentDeploymentConfigurationStep] Getting service key "ResilienceCockpit-app-deployer-ResilienceCockpit-auth-credentials" for service instance "ResilienceCockpit-auth"...#
#2026 09 09 06:29:00.737#Z#INFO#b34eb0e1-ac17-11f1-a392-eeee0a8d8db9.OPERATION#ForkJoinPool-13-worker-1#
[BuildContentDeploymentConfigurationStep] Service key "ResilienceCockpit-app-deployer-ResilienceCockpit-html5-repo-host-credentials" for service "ResilienceCockpit-html5-repo-host" already exists#
#2026 09 09 06:29:00.766#Z#INFO#b34eb0e1-ac17-11f1-a392-eeee0a8d8db9.OPERATION#ForkJoinPool-13-worker-2#
[BuildContentDeploymentConfigurationStep] Service key "ResilienceCockpit-app-deployer-ResilienceCockpit-auth-credentials" for service "ResilienceCockpit-auth" already exists#
#2026 09 09 06:29:00.770#Z#DEBUG#b34eb0e1-ac17-11f1-a392-eeee0a8d8db9.OPERATION#flowable-async-job-executor-thread-4213#
Step "Build Content Deployment Configuration" finished#
#2026 09 09 06:29:00.742#Z#DEBUG#b34eb0e1-ac17-11f1-a392-eeee0a8d8db9.OPERATION#flowable-async-job-executor-thread-981#
[CheckServiceBindingOperationStep] Executing task "checkForServiceBindingOperationInProgress" of process "be97ca43-ac17-11f1-a14e-eeee0a9fa9ec"...#
#2026 09 09 06:29:00.743#Z#DEBUG#b34eb0e1-ac17-11f1-a392-eeee0a8d8db9.OPERATION#flowable-async-job-executor-thread-981#
[CheckServiceBindingOperationStep] Checking for service binding operation in progress between app "ResilienceCockpit-srv" and service instance "ResilienceCockpit-db"#
#2026 09 09 06:29:00.744#Z#DEBUG#b34eb0e1-ac17-11f1-a392-eeee0a8d8db9.OPERATION#flowable-async-job-executor-thread-981#
[CheckServiceBindingOperationStep] Getting application guid "ResilienceCockpit-srv"...#
#2026 09 09 06:29:00.772#Z#DEBUG#b34eb0e1-ac17-11f1-a392-eeee0a8d8db9.OPERATION#flowable-async-job-executor-thread-981#
[CheckServiceBindingOperationStep] Getting GUID of required service instance "ResilienceCockpit-db"...#
#2026 09 09 06:29:00.803#Z#DEBUG#b34eb0e1-ac17-11f1-a392-eeee0a8d8db9.OPERATION#flowable-async-job-executor-thread-981#
[CheckServiceBindingOperationStep] Getting binding of service instance "793c82c4-0c29-4054-8664-8ad70f1aaf7d" with application "846298f7-a9cf-4b9f-a20b-63e370407f6e"...#
#2026 09 09 06:29:00.835#Z#DEBUG#b34eb0e1-ac17-11f1-a392-eeee0a8d8db9.OPERATION#flowable-async-job-executor-thread-981#
[CheckServiceBindingOperationStep] Service binding operation "7af3739a-f0a8-472f-b962-c8d6cfea5843" with type "create" is in state "succeeded"#
#2026 09 09 06:29:00.835#Z#DEBUG#b34eb0e1-ac17-11f1-a392-eeee0a8d8db9.OPERATION#flowable-async-job-executor-thread-981#
Step "Check For Service Binding Operation In Progress" finished#
#2026 09 09 06:29:00.668#Z#DEBUG#b34eb0e1-ac17-11f1-a392-eeee0a8d8db9.OPERATION#flowable-async-job-executor-thread-4211#
[DetermineApplicationServiceBindingActionsStep] Executing task "determineApplicationServiceBindingActionsTask" of process "be73eece-ac17-11f1-a392-eeee0a8d8db9"...#
#2026 09 09 06:29:00.669#Z#DEBUG#b34eb0e1-ac17-11f1-a392-eeee0a8d8db9.OPERATION#flowable-async-job-executor-thread-4211#
[DetermineApplicationServiceBindingActionsStep] Determine bind/unbind operations of application "ResilienceCockpit-srv" to service instance "ResilienceCockpit-auth"#
#2026 09 09 06:29:00.669#Z#DEBUG#b34eb0e1-ac17-11f1-a392-eeee0a8d8db9.OPERATION#flowable-async-job-executor-thread-4211#
[DetermineApplicationServiceBindingActionsStep] Getting application "ResilienceCockpit-srv"...#
#2026 09 09 06:29:00.684#Z#DEBUG#b34eb0e1-ac17-11f1-a392-eeee0a8d8db9.OPERATION#flowable-async-job-executor-thread-4210#
[DetermineApplicationServiceBindingActionsStep] Executing task "determineApplicationServiceBindingActionsTask" of process "be7a5741-ac17-11f1-a392-eeee0a8d8db9"...#
#2026 09 09 06:29:00.685#Z#DEBUG#b34eb0e1-ac17-11f1-a392-eeee0a8d8db9.OPERATION#flowable-async-job-executor-thread-4210#
[DetermineApplicationServiceBindingActionsStep] Determine bind/unbind operations of application "ResilienceCockpit-srv" to service instance "ResilienceCockpit-logging"#
#2026 09 09 06:29:00.685#Z#DEBUG#b34eb0e1-ac17-11f1-a392-eeee0a8d8db9.OPERATION#flowable-async-job-executor-thread-4210#
[DetermineApplicationServiceBindingActionsStep] Getting application "ResilienceCockpit-srv"...#
#2026 09 09 06:29:00.699#Z#DEBUG#b34eb0e1-ac17-11f1-a392-eeee0a8d8db9.OPERATION#flowable-async-job-executor-thread-4211#
[DetermineApplicationServiceBindingActionsStep] Binding parameters for application "ResilienceCockpit-srv": { }#
#2026 09 09 06:29:00.712#Z#DEBUG#b34eb0e1-ac17-11f1-a392-eeee0a8d8db9.OPERATION#flowable-async-job-executor-thread-4210#
[DetermineApplicationServiceBindingActionsStep] Binding parameters for application "ResilienceCockpit-srv": { }#
#2026 09 09 06:29:00.735#Z#DEBUG#b34eb0e1-ac17-11f1-a392-eeee0a8d8db9.OPERATION#flowable-async-job-executor-thread-4211#
[DetermineApplicationServiceBindingActionsStep] Check should rebind application "ResilienceCockpit-srv" and service instance "ResilienceCockpit-auth"#
#2026 09 09 06:29:00.735#Z#DEBUG#b34eb0e1-ac17-11f1-a392-eeee0a8d8db9.OPERATION#flowable-async-job-executor-thread-4211#
[DetermineApplicationServiceBindingActionsStep] Getting GUID of required service instance "ResilienceCockpit-auth"...#
#2026 09 09 06:29:00.761#Z#DEBUG#b34eb0e1-ac17-11f1-a392-eeee0a8d8db9.OPERATION#flowable-async-job-executor-thread-4210#
[DetermineApplicationServiceBindingActionsStep] Check should rebind application "ResilienceCockpit-srv" and service instance "ResilienceCockpit-logging"#
#2026 09 09 06:29:00.761#Z#DEBUG#b34eb0e1-ac17-11f1-a392-eeee0a8d8db9.OPERATION#flowable-async-job-executor-thread-4210#
[DetermineApplicationServiceBindingActionsStep] Getting GUID of required service instance "ResilienceCockpit-logging"...#
#2026 09 09 06:29:00.766#Z#DEBUG#b34eb0e1-ac17-11f1-a392-eeee0a8d8db9.OPERATION#flowable-async-job-executor-thread-4211#
[DetermineApplicationServiceBindingActionsStep] Getting binding of service instance "a4201f74-f0ad-456c-947a-8ce52d2ae7ca" with application "846298f7-a9cf-4b9f-a20b-63e370407f6e"...#
#2026 09 09 06:29:00.794#Z#DEBUG#b34eb0e1-ac17-11f1-a392-eeee0a8d8db9.OPERATION#flowable-async-job-executor-thread-4210#
[DetermineApplicationServiceBindingActionsStep] Getting binding of service instance "336ec7d3-cd56-4076-bb50-7f23f8654af2" with application "846298f7-a9cf-4b9f-a20b-63e370407f6e"...#
#2026 09 09 06:29:00.823#Z#DEBUG#b34eb0e1-ac17-11f1-a392-eeee0a8d8db9.OPERATION#flowable-async-job-executor-thread-4210#
[DetermineApplicationServiceBindingActionsStep] Getting parameters of service binding "8246deaf-57c6-4933-8dd8-3ee20a7eec16"...#
#2026 09 09 06:29:00.855#Z#DEBUG#b34eb0e1-ac17-11f1-a392-eeee0a8d8db9.OPERATION#flowable-async-job-executor-thread-4211#
[DetermineApplicationServiceBindingActionsStep] Getting parameters of service binding "8c58d7df-5e1f-4cae-8218-4772905c2399"...#
#2026 09 09 06:29:00.856#Z#WARN#b34eb0e1-ac17-11f1-a392-eeee0a8d8db9.OPERATION#flowable-async-job-executor-thread-4210#
[DetermineApplicationServiceBindingActionsStep] Cannot retrieve parameters of binding between application "ResilienceCockpit-srv" and service instance "ResilienceCockpit-logging"#
#2026 09 09 06:29:00.856#Z#DEBUG#b34eb0e1-ac17-11f1-a392-eeee0a8d8db9.OPERATION#flowable-async-job-executor-thread-4210#
[DetermineApplicationServiceBindingActionsStep] Calculated binding operations between application "ResilienceCockpit-srv" and service instance "ResilienceCockpit-logging": unbind - true bind - true#
#2026 09 09 06:29:00.856#Z#DEBUG#b34eb0e1-ac17-11f1-a392-eeee0a8d8db9.OPERATION#flowable-async-job-executor-thread-4210#
Step "Determine Application Service Binding Actions" finished#
#2026 09 09 06:29:00.883#Z#WARN#b34eb0e1-ac17-11f1-a392-eeee0a8d8db9.OPERATION#flowable-async-job-executor-thread-4211#
[DetermineApplicationServiceBindingActionsStep] Cannot retrieve parameters of binding between application "ResilienceCockpit-srv" and service instance "ResilienceCockpit-auth"#
#2026 09 09 06:29:00.884#Z#DEBUG#b34eb0e1-ac17-11f1-a392-eeee0a8d8db9.OPERATION#flowable-async-job-executor-thread-4211#
[DetermineApplicationServiceBindingActionsStep] Calculated binding operations between application "ResilienceCockpit-srv" and service instance "ResilienceCockpit-auth": unbind - true bind - true#
#2026 09 09 06:29:00.884#Z#DEBUG#b34eb0e1-ac17-11f1-a392-eeee0a8d8db9.OPERATION#flowable-async-job-executor-thread-4211#
Step "Determine Application Service Binding Actions" finished#
#2026 09 09 06:29:00.772#Z#DEBUG#b34eb0e1-ac17-11f1-a392-eeee0a8d8db9.OPERATION#flowable-async-job-executor-thread-4213#
[CreateContentDeployClientConfigurationStep] Executing task "createContentDeployClientConfigurationTask" of process "bea22ab8-ac17-11f1-a392-eeee0a8d8db9"...#
#2026 09 09 06:29:00.773#Z#DEBUG#b34eb0e1-ac17-11f1-a392-eeee0a8d8db9.OPERATION#flowable-async-job-executor-thread-4213#
[CreateContentDeployClientConfigurationStep] Content deployer client configuration: {
  "contentDeployerUrl" : "https://html5-apps-repo-dt.cfapps.us10.hana.ondemand.com",
  "uaaClientConfiguration" : {
    "url" : "********",
    "credentials" : "********",
    "authenticationStrategyType" : "********"
  },
  "httpRequestHeaders" : {
    "X-CorrelationID" : "b34eb0e1-ac17-11f1-a392-eeee0a8d8db9"
  },
  "spaceId" : "039a1fe6-69a4-4c1e-9b8f-a64d47329d3e",
  "serviceName" : "ResilienceCockpit-html5-repo-host"
}#
#2026 09 09 06:29:00.988#Z#DEBUG#b34eb0e1-ac17-11f1-a392-eeee0a8d8db9.OPERATION#flowable-async-job-executor-thread-4213#
Step "Create Content Deploy Client Configuration" finished#
#2026 09 09 06:29:00.990#Z#DEBUG#b34eb0e1-ac17-11f1-a392-eeee0a8d8db9.OPERATION#flowable-async-job-executor-thread-4213#
[GetContentFromDeploymentDescriptorStep] Executing task "getContentFromDeploymentDescriptorTask" of process "bea22ab8-ac17-11f1-a392-eeee0a8d8db9"...#
#2026 09 09 06:29:00.990#Z#DEBUG#b34eb0e1-ac17-11f1-a392-eeee0a8d8db9.OPERATION#flowable-async-job-executor-thread-4213#
Step "Get Content From Deployment Descriptor" finished#
#2026 09 09 06:29:00.876#Z#DEBUG#b34eb0e1-ac17-11f1-a392-eeee0a8d8db9.OPERATION#flowable-async-job-executor-thread-4210#
[UnbindServiceFromApplicationStep] Executing task "unbindServiceFromApplicationTask" of process "be7a5741-ac17-11f1-a392-eeee0a8d8db9"...#
#2026 09 09 06:29:00.877#Z#INFO#b34eb0e1-ac17-11f1-a392-eeee0a8d8db9.OPERATION#flowable-async-job-executor-thread-4210#
[UnbindServiceFromApplicationStep] Unbinding service instance "ResilienceCockpit-logging" from application "ResilienceCockpit-srv"...#
#2026 09 09 06:29:00.879#Z#DEBUG#b34eb0e1-ac17-11f1-a392-eeee0a8d8db9.OPERATION#flowable-async-job-executor-thread-4210#
[UnbindServiceFromApplicationStep] Unbinding application "ResilienceCockpit-srv" from service instance "ResilienceCockpit-logging"...#
#2026 09 09 06:29:00.899#Z#DEBUG#b34eb0e1-ac17-11f1-a392-eeee0a8d8db9.OPERATION#flowable-async-job-executor-thread-4211#
[UnbindServiceFromApplicationStep] Executing task "unbindServiceFromApplicationTask" of process "be73eece-ac17-11f1-a392-eeee0a8d8db9"...#
#2026 09 09 06:29:00.900#Z#INFO#b34eb0e1-ac17-11f1-a392-eeee0a8d8db9.OPERATION#flowable-async-job-executor-thread-4211#
[UnbindServiceFromApplicationStep] Unbinding service instance "ResilienceCockpit-auth" from application "ResilienceCockpit-srv"...#
#2026 09 09 06:29:00.903#Z#DEBUG#b34eb0e1-ac17-11f1-a392-eeee0a8d8db9.OPERATION#flowable-async-job-executor-thread-4211#
[UnbindServiceFromApplicationStep] Unbinding application "ResilienceCockpit-srv" from service instance "ResilienceCockpit-auth"...#
#2026 09 09 06:29:01.005#Z#DEBUG#b34eb0e1-ac17-11f1-a392-eeee0a8d8db9.OPERATION#flowable-async-job-executor-thread-4210#
Step "Unbind Service from Application" finished#
#2026 09 09 06:29:01.050#Z#DEBUG#b34eb0e1-ac17-11f1-a392-eeee0a8d8db9.OPERATION#flowable-async-job-executor-thread-4211#
Step "Unbind Service from Application" finished#
#2026 09 09 06:29:00.866#Z#DEBUG#b34eb0e1-ac17-11f1-a392-eeee0a8d8db9.OPERATION#flowable-async-job-executor-thread-981#
[DetermineApplicationServiceBindingActionsStep] Executing task "determineApplicationServiceBindingActionsTask" of process "be97ca43-ac17-11f1-a14e-eeee0a9fa9ec"...#
#2026 09 09 06:29:00.868#Z#DEBUG#b34eb0e1-ac17-11f1-a392-eeee0a8d8db9.OPERATION#flowable-async-job-executor-thread-981#
[DetermineApplicationServiceBindingActionsStep] Determine bind/unbind operations of application "ResilienceCockpit-srv" to service instance "ResilienceCockpit-db"#
#2026 09 09 06:29:00.868#Z#DEBUG#b34eb0e1-ac17-11f1-a392-eeee0a8d8db9.OPERATION#flowable-async-job-executor-thread-981#
[DetermineApplicationServiceBindingActionsStep] Getting application "ResilienceCockpit-srv"...#
#2026 09 09 06:29:00.908#Z#DEBUG#b34eb0e1-ac17-11f1-a392-eeee0a8d8db9.OPERATION#flowable-async-job-executor-thread-981#
[DetermineApplicationServiceBindingActionsStep] Binding parameters for application "ResilienceCockpit-srv": { }#
#2026 09 09 06:29:00.949#Z#DEBUG#b34eb0e1-ac17-11f1-a392-eeee0a8d8db9.OPERATION#flowable-async-job-executor-thread-981#
[DetermineApplicationServiceBindingActionsStep] Check should rebind application "ResilienceCockpit-srv" and service instance "ResilienceCockpit-db"#
#2026 09 09 06:29:00.949#Z#DEBUG#b34eb0e1-ac17-11f1-a392-eeee0a8d8db9.OPERATION#flowable-async-job-executor-thread-981#
[DetermineApplicationServiceBindingActionsStep] Getting GUID of required service instance "ResilienceCockpit-db"...#
#2026 09 09 06:29:00.983#Z#DEBUG#b34eb0e1-ac17-11f1-a392-eeee0a8d8db9.OPERATION#flowable-async-job-executor-thread-981#
[DetermineApplicationServiceBindingActionsStep] Getting binding of service instance "793c82c4-0c29-4054-8664-8ad70f1aaf7d" with application "846298f7-a9cf-4b9f-a20b-63e370407f6e"...#
#2026 09 09 06:29:01.024#Z#DEBUG#b34eb0e1-ac17-11f1-a392-eeee0a8d8db9.OPERATION#flowable-async-job-executor-thread-981#
[DetermineApplicationServiceBindingActionsStep] Getting parameters of service binding "7af3739a-f0a8-472f-b962-c8d6cfea5843"...#
#2026 09 09 06:29:01.203#Z#INFO#b34eb0e1-ac17-11f1-a392-eeee0a8d8db9.OPERATION#flowable-async-job-executor-thread-981#
[DetermineApplicationServiceBindingActionsStep] Service instance "ResilienceCockpit-db" will not be rebound to application "ResilienceCockpit-srv" because the binding parameters are not modified#
#2026 09 09 06:29:01.208#Z#DEBUG#b34eb0e1-ac17-11f1-a392-eeee0a8d8db9.OPERATION#flowable-async-job-executor-thread-981#
[DetermineApplicationServiceBindingActionsStep] Calculated binding operations between application "ResilienceCockpit-srv" and service instance "ResilienceCockpit-db": unbind - false bind - false#
#2026 09 09 06:29:01.208#Z#DEBUG#b34eb0e1-ac17-11f1-a392-eeee0a8d8db9.OPERATION#flowable-async-job-executor-thread-981#
Step "Determine Application Service Binding Actions" finished#
#2026 09 09 06:29:01.349#Z#DEBUG#b34eb0e1-ac17-11f1-a392-eeee0a8d8db9.OPERATION#flowable-async-job-executor-thread-2175#
[CheckServiceBindingOperationStep] Executing task "checkForServiceBindingOperationInProgress" of process "bef61720-ac17-11f1-8875-eeee0a839432"...#
#2026 09 09 06:29:01.350#Z#DEBUG#b34eb0e1-ac17-11f1-a392-eeee0a8d8db9.OPERATION#flowable-async-job-executor-thread-2175#
[CheckServiceBindingOperationStep] Checking for service binding operation in progress between app "ResilienceCockpit-srv" and service instance "ResilienceCockpit-connectivity"#
#2026 09 09 06:29:01.350#Z#DEBUG#b34eb0e1-ac17-11f1-a392-eeee0a8d8db9.OPERATION#flowable-async-job-executor-thread-2175#
[CheckServiceBindingOperationStep] Getting application guid "ResilienceCockpit-srv"...#
#2026 09 09 06:29:01.382#Z#DEBUG#b34eb0e1-ac17-11f1-a392-eeee0a8d8db9.OPERATION#flowable-async-job-executor-thread-2175#
[CheckServiceBindingOperationStep] Getting GUID of required service instance "ResilienceCockpit-connectivity"...#
#2026 09 09 06:29:01.408#Z#DEBUG#b34eb0e1-ac17-11f1-a392-eeee0a8d8db9.OPERATION#flowable-async-job-executor-thread-2175#
[CheckServiceBindingOperationStep] Getting binding of service instance "57ce73c3-9d98-4630-a914-bb3fe51155dc" with application "846298f7-a9cf-4b9f-a20b-63e370407f6e"...#
#2026 09 09 06:29:01.437#Z#DEBUG#b34eb0e1-ac17-11f1-a392-eeee0a8d8db9.OPERATION#flowable-async-job-executor-thread-2175#
[CheckServiceBindingOperationStep] Service binding operation "e4ba5688-5915-4cc2-9e76-7f3f1c7406a0" with type "create" is in state "succeeded"#
#2026 09 09 06:29:01.437#Z#DEBUG#b34eb0e1-ac17-11f1-a392-eeee0a8d8db9.OPERATION#flowable-async-job-executor-thread-2175#
Step "Check For Service Binding Operation In Progress" finished#
#2026 09 09 06:29:01.457#Z#DEBUG#b34eb0e1-ac17-11f1-a392-eeee0a8d8db9.OPERATION#flowable-async-job-executor-thread-2175#
[DetermineApplicationServiceBindingActionsStep] Executing task "determineApplicationServiceBindingActionsTask" of process "bef61720-ac17-11f1-8875-eeee0a839432"...#
#2026 09 09 06:29:01.458#Z#DEBUG#b34eb0e1-ac17-11f1-a392-eeee0a8d8db9.OPERATION#flowable-async-job-executor-thread-2175#
[DetermineApplicationServiceBindingActionsStep] Determine bind/unbind operations of application "ResilienceCockpit-srv" to service instance "ResilienceCockpit-connectivity"#
#2026 09 09 06:29:01.458#Z#DEBUG#b34eb0e1-ac17-11f1-a392-eeee0a8d8db9.OPERATION#flowable-async-job-executor-thread-2175#
[DetermineApplicationServiceBindingActionsStep] Getting application "ResilienceCockpit-srv"...#
#2026 09 09 06:29:01.495#Z#DEBUG#b34eb0e1-ac17-11f1-a392-eeee0a8d8db9.OPERATION#flowable-async-job-executor-thread-2175#
[DetermineApplicationServiceBindingActionsStep] Binding parameters for application "ResilienceCockpit-srv": { }#
#2026 09 09 06:29:01.528#Z#DEBUG#b34eb0e1-ac17-11f1-a392-eeee0a8d8db9.OPERATION#flowable-async-job-executor-thread-2175#
[DetermineApplicationServiceBindingActionsStep] Check should rebind application "ResilienceCockpit-srv" and service instance "ResilienceCockpit-connectivity"#
#2026 09 09 06:29:01.528#Z#DEBUG#b34eb0e1-ac17-11f1-a392-eeee0a8d8db9.OPERATION#flowable-async-job-executor-thread-2175#
[DetermineApplicationServiceBindingActionsStep] Getting GUID of required service instance "ResilienceCockpit-connectivity"...#
#2026 09 09 06:29:01.554#Z#DEBUG#b34eb0e1-ac17-11f1-a392-eeee0a8d8db9.OPERATION#flowable-async-job-executor-thread-2175#
[DetermineApplicationServiceBindingActionsStep] Getting binding of service instance "57ce73c3-9d98-4630-a914-bb3fe51155dc" with application "846298f7-a9cf-4b9f-a20b-63e370407f6e"...#
#2026 09 09 06:29:01.579#Z#DEBUG#b34eb0e1-ac17-11f1-a392-eeee0a8d8db9.OPERATION#flowable-async-job-executor-thread-2175#
[DetermineApplicationServiceBindingActionsStep] Getting parameters of service binding "e4ba5688-5915-4cc2-9e76-7f3f1c7406a0"...#
#2026 09 09 06:29:01.611#Z#WARN#b34eb0e1-ac17-11f1-a392-eeee0a8d8db9.OPERATION#flowable-async-job-executor-thread-2175#
[DetermineApplicationServiceBindingActionsStep] Cannot retrieve parameters of binding between application "ResilienceCockpit-srv" and service instance "ResilienceCockpit-connectivity"#
#2026 09 09 06:29:01.612#Z#DEBUG#b34eb0e1-ac17-11f1-a392-eeee0a8d8db9.OPERATION#flowable-async-job-executor-thread-2175#
[DetermineApplicationServiceBindingActionsStep] Calculated binding operations between application "ResilienceCockpit-srv" and service instance "ResilienceCockpit-connectivity": unbind - true bind - true#
#2026 09 09 06:29:01.612#Z#DEBUG#b34eb0e1-ac17-11f1-a392-eeee0a8d8db9.OPERATION#flowable-async-job-executor-thread-2175#
Step "Determine Application Service Binding Actions" finished#
#2026 09 09 06:29:01.635#Z#DEBUG#b34eb0e1-ac17-11f1-a392-eeee0a8d8db9.OPERATION#flowable-async-job-executor-thread-2175#
[UnbindServiceFromApplicationStep] Executing task "unbindServiceFromApplicationTask" of process "bef61720-ac17-11f1-8875-eeee0a839432"...#
#2026 09 09 06:29:01.637#Z#INFO#b34eb0e1-ac17-11f1-a392-eeee0a8d8db9.OPERATION#flowable-async-job-executor-thread-2175#
[UnbindServiceFromApplicationStep] Unbinding service instance "ResilienceCockpit-connectivity" from application "ResilienceCockpit-srv"...#
#2026 09 09 06:29:01.640#Z#DEBUG#b34eb0e1-ac17-11f1-a392-eeee0a8d8db9.OPERATION#flowable-async-job-executor-thread-2175#
[UnbindServiceFromApplicationStep] Unbinding application "ResilienceCockpit-srv" from service instance "ResilienceCockpit-connectivity"...#
#2026 09 09 06:29:01.778#Z#DEBUG#b34eb0e1-ac17-11f1-a392-eeee0a8d8db9.OPERATION#flowable-async-job-executor-thread-2175#
Step "Unbind Service from Application" finished#
#2026 09 09 06:29:00.991#Z#DEBUG#b34eb0e1-ac17-11f1-a392-eeee0a8d8db9.OPERATION#flowable-async-job-executor-thread-4213#
[UploadContentStep] Executing task "uploadContentTask" of process "bea22ab8-ac17-11f1-a392-eeee0a8d8db9"...#
#2026 09 09 06:29:00.991#Z#INFO#b34eb0e1-ac17-11f1-a392-eeee0a8d8db9.OPERATION#flowable-async-job-executor-thread-4213#
[UploadContentStep] Uploading content module "ResilienceCockpit-app-deployer" in target service "ResilienceCockpit-html5-repo-host"...#
#2026 09 09 06:29:00.993#Z#DEBUG#b34eb0e1-ac17-11f1-a392-eeee0a8d8db9.OPERATION#flowable-async-job-executor-thread-4213#
[UploadContentStep] Uploading file "ResilienceCockpit-app-deployer/app/data.zip" for content module "ResilienceCockpit-app-deployer" in service "ResilienceCockpit-html5-repo-host"#
#2026 09 09 06:29:01.339#Z#INFO#b34eb0e1-ac17-11f1-a392-eeee0a8d8db9.OPERATION#flowable-async-job-executor-thread-4213#
[UploadContentStep] Content to deploy size: 20,272 in bytes#
#2026 09 09 06:29:02.515#Z#DEBUG#b34eb0e1-ac17-11f1-a392-eeee0a8d8db9.OPERATION#flowable-async-job-executor-thread-4213#
[UploadContentStep] Uploaded content: {
  "id" : "94c4cfc9-70ca-481d-94c0-624b096214f6",
  "name" : "content.zip",
  "contentType" : "FILE"
}#
#2026 09 09 06:29:02.516#Z#DEBUG#b34eb0e1-ac17-11f1-a392-eeee0a8d8db9.OPERATION#flowable-async-job-executor-thread-4213#
Step "Upload Content" finished#
#2026 09 09 06:29:02.517#Z#DEBUG#b34eb0e1-ac17-11f1-a392-eeee0a8d8db9.OPERATION#flowable-async-job-executor-thread-4213#
[StartContentDeployStep] Executing task "startContentDeployTask" of process "bea22ab8-ac17-11f1-a392-eeee0a8d8db9"...#
#2026 09 09 06:29:02.517#Z#INFO#b34eb0e1-ac17-11f1-a392-eeee0a8d8db9.OPERATION#flowable-async-job-executor-thread-4213#
[StartContentDeployStep] Deploying content module "ResilienceCockpit-app-deployer" in target service "ResilienceCockpit-html5-repo-host"...#
#2026 09 09 06:29:02.828#Z#DEBUG#b34eb0e1-ac17-11f1-a392-eeee0a8d8db9.OPERATION#flowable-async-job-executor-thread-4213#
Step "Start Content Deploy" finished#
#2026 09 09 06:29:07.311#Z#DEBUG#b34eb0e1-ac17-11f1-a392-eeee0a8d8db9.OPERATION#flowable-async-job-executor-thread-4224#
[UnbindServiceFromApplicationStep] Executing task "unbindServiceFromApplicationTask" of process "bd85bdfb-ac17-11f1-8875-eeee0a839432"...#
#2026 09 09 06:29:07.312#Z#DEBUG#b34eb0e1-ac17-11f1-a392-eeee0a8d8db9.OPERATION#flowable-async-job-executor-thread-4224#
[UnbindServiceFromApplicationStep] Getting async job "50a3aaa3-0ed7-4ccc-aa63-2b267b0ba8a8"#
#2026 09 09 06:29:07.314#Z#DEBUG#b34eb0e1-ac17-11f1-a392-eeee0a8d8db9.OPERATION#flowable-async-job-executor-thread-4220#
[UnbindServiceFromApplicationStep] Executing task "unbindServiceFromApplicationTask" of process "be7a5741-ac17-11f1-a392-eeee0a8d8db9"...#
#2026 09 09 06:29:07.315#Z#DEBUG#b34eb0e1-ac17-11f1-a392-eeee0a8d8db9.OPERATION#flowable-async-job-executor-thread-4221#
[UnbindServiceFromApplicationStep] Executing task "unbindServiceFromApplicationTask" of process "be73eece-ac17-11f1-a392-eeee0a8d8db9"...#
#2026 09 09 06:29:07.315#Z#DEBUG#b34eb0e1-ac17-11f1-a392-eeee0a8d8db9.OPERATION#flowable-async-job-executor-thread-4220#
[UnbindServiceFromApplicationStep] Getting async job "432ffa9e-763a-4d4a-9245-9dc0641ca6b1"#
#2026 09 09 06:29:07.316#Z#DEBUG#b34eb0e1-ac17-11f1-a392-eeee0a8d8db9.OPERATION#flowable-async-job-executor-thread-4221#
[UnbindServiceFromApplicationStep] Getting async job "614b1426-97b8-4696-8ba4-71c6b953076f"#
#2026 09 09 06:29:07.320#Z#DEBUG#b34eb0e1-ac17-11f1-a392-eeee0a8d8db9.OPERATION#flowable-async-job-executor-thread-4222#
[UnbindServiceFromApplicationStep] Executing task "unbindServiceFromApplicationTask" of process "bef61720-ac17-11f1-8875-eeee0a839432"...#
#2026 09 09 06:29:07.322#Z#DEBUG#b34eb0e1-ac17-11f1-a392-eeee0a8d8db9.OPERATION#flowable-async-job-executor-thread-4222#
[UnbindServiceFromApplicationStep] Getting async job "5bbaeb53-f8bb-40de-89c6-4de7e7876e07"#
#2026 09 09 06:29:07.338#Z#DEBUG#b34eb0e1-ac17-11f1-a392-eeee0a8d8db9.OPERATION#flowable-async-job-executor-thread-4224#
[UnbindServiceFromApplicationStep] Getting service instance "ResilienceCockpit-destination"...#
#2026 09 09 06:29:07.340#Z#DEBUG#b34eb0e1-ac17-11f1-a392-eeee0a8d8db9.OPERATION#flowable-async-job-executor-thread-4220#
[UnbindServiceFromApplicationStep] Getting service instance "ResilienceCockpit-logging"...#
#2026 09 09 06:29:07.341#Z#DEBUG#b34eb0e1-ac17-11f1-a392-eeee0a8d8db9.OPERATION#flowable-async-job-executor-thread-4221#
[UnbindServiceFromApplicationStep] Getting service instance "ResilienceCockpit-auth"...#
#2026 09 09 06:29:07.348#Z#DEBUG#b34eb0e1-ac17-11f1-a392-eeee0a8d8db9.OPERATION#flowable-async-job-executor-thread-4222#
[UnbindServiceFromApplicationStep] Getting service instance "ResilienceCockpit-connectivity"...#
#2026 09 09 06:29:07.423#Z#DEBUG#b34eb0e1-ac17-11f1-a392-eeee0a8d8db9.OPERATION#flowable-async-job-executor-thread-4224#
[UnbindServiceFromApplicationStep] Async service binding operation with id "50a3aaa3-0ed7-4ccc-aa63-2b267b0ba8a8" finished#
#2026 09 09 06:29:07.424#Z#DEBUG#b34eb0e1-ac17-11f1-a392-eeee0a8d8db9.OPERATION#flowable-async-job-executor-thread-4224#
Step "Unbind Service from Application" finished#
#2026 09 09 06:29:07.424#Z#DEBUG#b34eb0e1-ac17-11f1-a392-eeee0a8d8db9.OPERATION#flowable-async-job-executor-thread-4220#
[UnbindServiceFromApplicationStep] Async service binding operation with id "432ffa9e-763a-4d4a-9245-9dc0641ca6b1" finished#
#2026 09 09 06:29:07.425#Z#DEBUG#b34eb0e1-ac17-11f1-a392-eeee0a8d8db9.OPERATION#flowable-async-job-executor-thread-4220#
Step "Unbind Service from Application" finished#
#2026 09 09 06:29:07.427#Z#DEBUG#b34eb0e1-ac17-11f1-a392-eeee0a8d8db9.OPERATION#flowable-async-job-executor-thread-4221#
[UnbindServiceFromApplicationStep] Async service binding operation with id "614b1426-97b8-4696-8ba4-71c6b953076f" finished#
#2026 09 09 06:29:07.429#Z#DEBUG#b34eb0e1-ac17-11f1-a392-eeee0a8d8db9.OPERATION#flowable-async-job-executor-thread-4221#
Step "Unbind Service from Application" finished#
#2026 09 09 06:29:07.438#Z#DEBUG#b34eb0e1-ac17-11f1-a392-eeee0a8d8db9.OPERATION#flowable-async-job-executor-thread-4222#
[UnbindServiceFromApplicationStep] Async service binding operation with id "5bbaeb53-f8bb-40de-89c6-4de7e7876e07" finished#
#2026 09 09 06:29:07.439#Z#DEBUG#b34eb0e1-ac17-11f1-a392-eeee0a8d8db9.OPERATION#flowable-async-job-executor-thread-4222#
Step "Unbind Service from Application" finished#
#2026 09 09 06:29:07.444#Z#DEBUG#b34eb0e1-ac17-11f1-a392-eeee0a8d8db9.OPERATION#flowable-async-job-executor-thread-4224#
[BindServiceToApplicationStep] Executing task "bindServiceToApplicationTask" of process "bd85bdfb-ac17-11f1-8875-eeee0a839432"...#
#2026 09 09 06:29:07.445#Z#DEBUG#b34eb0e1-ac17-11f1-a392-eeee0a8d8db9.OPERATION#flowable-async-job-executor-thread-4220#
[BindServiceToApplicationStep] Executing task "bindServiceToApplicationTask" of process "be7a5741-ac17-11f1-a392-eeee0a8d8db9"...#
#2026 09 09 06:29:07.445#Z#INFO#b34eb0e1-ac17-11f1-a392-eeee0a8d8db9.OPERATION#flowable-async-job-executor-thread-4224#
[BindServiceToApplicationStep] Binding service instance "ResilienceCockpit-destination" to application "ResilienceCockpit-srv"...#
#2026 09 09 06:29:07.446#Z#INFO#b34eb0e1-ac17-11f1-a392-eeee0a8d8db9.OPERATION#flowable-async-job-executor-thread-4220#
[BindServiceToApplicationStep] Binding service instance "ResilienceCockpit-logging" to application "ResilienceCockpit-srv"...#
#2026 09 09 06:29:07.447#Z#DEBUG#b34eb0e1-ac17-11f1-a392-eeee0a8d8db9.OPERATION#flowable-async-job-executor-thread-4221#
[BindServiceToApplicationStep] Executing task "bindServiceToApplicationTask" of process "be73eece-ac17-11f1-a392-eeee0a8d8db9"...#
#2026 09 09 06:29:07.448#Z#INFO#b34eb0e1-ac17-11f1-a392-eeee0a8d8db9.OPERATION#flowable-async-job-executor-thread-4221#
[BindServiceToApplicationStep] Binding service instance "ResilienceCockpit-auth" to application "ResilienceCockpit-srv"...#
#2026 09 09 06:29:07.449#Z#DEBUG#b34eb0e1-ac17-11f1-a392-eeee0a8d8db9.OPERATION#flowable-async-job-executor-thread-4224#
[BindServiceToApplicationStep] Binding service instance "ResilienceCockpit-destination" to application "ResilienceCockpit-srv" with parameters: { }#
#2026 09 09 06:29:07.451#Z#DEBUG#b34eb0e1-ac17-11f1-a392-eeee0a8d8db9.OPERATION#flowable-async-job-executor-thread-4220#
[BindServiceToApplicationStep] Binding service instance "ResilienceCockpit-logging" to application "ResilienceCockpit-srv" with parameters: { }#
#2026 09 09 06:29:07.452#Z#DEBUG#b34eb0e1-ac17-11f1-a392-eeee0a8d8db9.OPERATION#flowable-async-job-executor-thread-4221#
[BindServiceToApplicationStep] Binding service instance "ResilienceCockpit-auth" to application "ResilienceCockpit-srv" with parameters: { }#
#2026 09 09 06:29:07.460#Z#DEBUG#b34eb0e1-ac17-11f1-a392-eeee0a8d8db9.OPERATION#flowable-async-job-executor-thread-4222#
[BindServiceToApplicationStep] Executing task "bindServiceToApplicationTask" of process "bef61720-ac17-11f1-8875-eeee0a839432"...#
#2026 09 09 06:29:07.461#Z#INFO#b34eb0e1-ac17-11f1-a392-eeee0a8d8db9.OPERATION#flowable-async-job-executor-thread-4222#
[BindServiceToApplicationStep] Binding service instance "ResilienceCockpit-connectivity" to application "ResilienceCockpit-srv"...#
#2026 09 09 06:29:07.464#Z#DEBUG#b34eb0e1-ac17-11f1-a392-eeee0a8d8db9.OPERATION#flowable-async-job-executor-thread-4222#
[BindServiceToApplicationStep] Binding service instance "ResilienceCockpit-connectivity" to application "ResilienceCockpit-srv" with parameters: { }#
#2026 09 09 06:29:07.555#Z#DEBUG#b34eb0e1-ac17-11f1-a392-eeee0a8d8db9.OPERATION#flowable-async-job-executor-thread-4224#
Step "Bind Service to Application" finished#
#2026 09 09 06:29:07.570#Z#DEBUG#b34eb0e1-ac17-11f1-a392-eeee0a8d8db9.OPERATION#flowable-async-job-executor-thread-4220#
Step "Bind Service to Application" finished#
#2026 09 09 06:29:07.591#Z#DEBUG#b34eb0e1-ac17-11f1-a392-eeee0a8d8db9.OPERATION#flowable-async-job-executor-thread-4221#
Step "Bind Service to Application" finished#
#2026 09 09 06:29:07.606#Z#DEBUG#b34eb0e1-ac17-11f1-a392-eeee0a8d8db9.OPERATION#flowable-async-job-executor-thread-4222#
Step "Bind Service to Application" finished#
#2026 09 09 06:29:07.310#Z#DEBUG#b34eb0e1-ac17-11f1-a392-eeee0a8d8db9.OPERATION#flowable-async-job-executor-thread-4223#
[UploadAppStep] Executing task "uploadAppTask" of process "bd5eae05-ac17-11f1-a392-eeee0a8d8db9"...#
#2026 09 09 06:29:07.311#Z#DEBUG#b34eb0e1-ac17-11f1-a392-eeee0a8d8db9.OPERATION#flowable-async-job-executor-thread-4223#
[UploadAppStep] Application upload timeout is default one: 3,600 seconds#
#2026 09 09 06:29:07.312#Z#DEBUG#b34eb0e1-ac17-11f1-a392-eeee0a8d8db9.OPERATION#pool-14-thread-5#
[UploadAppStep] Upload of application: ResilienceCockpit-db-deployer started on instance: 2#
#2026 09 09 06:29:07.313#Z#DEBUG#b34eb0e1-ac17-11f1-a392-eeee0a8d8db9.OPERATION#pool-14-thread-5#
[UploadAppStep] Uploading file "ResilienceCockpit-db-deployer/data.zip" for application "ResilienceCockpit-db-deployer"#
#2026 09 09 06:29:07.466#Z#INFO#b34eb0e1-ac17-11f1-a392-eeee0a8d8db9.OPERATION#pool-14-thread-5#
[UploadAppStep] Time elapsed for app binary download: 153 in millis#
#2026 09 09 06:29:07.466#Z#INFO#b34eb0e1-ac17-11f1-a392-eeee0a8d8db9.OPERATION#pool-14-thread-5#
[UploadAppStep] Size of app ResilienceCockpit-db-deployer is 2,605,014 bytes#
#2026 09 09 06:29:07.466#Z#DEBUG#b34eb0e1-ac17-11f1-a392-eeee0a8d8db9.OPERATION#pool-14-thread-5#
[UploadAppStep] Asynchronously uploading binaries for application "ResilienceCockpit-db-deployer"...#
#2026 09 09 06:29:07.628#Z#INFO#b34eb0e1-ac17-11f1-a392-eeee0a8d8db9.OPERATION#pool-14-thread-5#
[UploadAppStep] Started async upload of application "ResilienceCockpit-db-deployer"#
#2026 09 09 06:29:07.630#Z#INFO#b34eb0e1-ac17-11f1-a392-eeee0a8d8db9.OPERATION#flowable-async-job-executor-thread-4223#
[UploadAppStep] Time elapsed for upload: 318 in millis#
#2026 09 09 06:29:07.630#Z#DEBUG#b34eb0e1-ac17-11f1-a392-eeee0a8d8db9.OPERATION#flowable-async-job-executor-thread-4223#
[UploadAppStep] Getting application "ResilienceCockpit-db-deployer"...#
#2026 09 09 06:29:07.655#Z#DEBUG#b34eb0e1-ac17-11f1-a392-eeee0a8d8db9.OPERATION#App upload monitor: e0b3a80c-3aa0-4451-bd9f-82c6c403e261#
[UploadAppStep] Upload status: PROCESSING_UPLOAD#
#2026 09 09 06:29:07.662#Z#DEBUG#b34eb0e1-ac17-11f1-a392-eeee0a8d8db9.OPERATION#flowable-async-job-executor-thread-4223#
[UploadAppStep] Getting environment of application "2d23200b-60aa-4519-b7f8-9f40de7a8ecc"...#
#2026 09 09 06:29:07.694#Z#DEBUG#b34eb0e1-ac17-11f1-a392-eeee0a8d8db9.OPERATION#flowable-async-job-executor-thread-4223#
[UploadAppStep] Updating environment of application "ResilienceCockpit-db-deployer"#
#2026 09 09 06:29:07.764#Z#DEBUG#b34eb0e1-ac17-11f1-a392-eeee0a8d8db9.OPERATION#flowable-async-job-executor-thread-4223#
Step "Upload App" finished#
#2026 09 09 06:29:08.323#Z#DEBUG#b34eb0e1-ac17-11f1-a392-eeee0a8d8db9.OPERATION#flowable-async-job-executor-thread-982#
[StartContentDeployStep] Executing task "startContentDeployTask" of process "bea22ab8-ac17-11f1-a392-eeee0a8d8db9"...#
#2026 09 09 06:29:08.325#Z#DEBUG#b34eb0e1-ac17-11f1-a392-eeee0a8d8db9.OPERATION#flowable-async-job-executor-thread-982#
[StartContentDeployStep] Checking status of module content deployment "ResilienceCockpit-app-deployer" in service "ResilienceCockpit-html5-repo-host"...#
#2026 09 09 06:29:08.805#Z#DEBUG#b34eb0e1-ac17-11f1-a392-eeee0a8d8db9.OPERATION#flowable-async-job-executor-thread-982#
[StartContentDeployStep] Deleting content deployment resource "94c4cfc9-70ca-481d-94c0-624b096214f6"...#
#2026 09 09 06:29:08.829#Z#DEBUG#b34eb0e1-ac17-11f1-a392-eeee0a8d8db9.OPERATION#flowable-async-job-executor-thread-982#
Step "Start Content Deploy" finished#
#2026 09 09 06:29:17.344#Z#DEBUG#b34eb0e1-ac17-11f1-a392-eeee0a8d8db9.OPERATION#flowable-async-job-executor-thread-4229#
[UploadAppStep] Executing task "uploadAppTask" of process "bd5eae05-ac17-11f1-a392-eeee0a8d8db9"...#
#2026 09 09 06:29:17.345#Z#DEBUG#b34eb0e1-ac17-11f1-a392-eeee0a8d8db9.OPERATION#flowable-async-job-executor-thread-4229#
[UploadAppStep] Application upload timeout is default one: 3,600 seconds#
#2026 09 09 06:29:17.345#Z#DEBUG#b34eb0e1-ac17-11f1-a392-eeee0a8d8db9.OPERATION#flowable-async-job-executor-thread-4229#
[UploadAppStep] Checking upload status of application "ResilienceCockpit-db-deployer"...#
#2026 09 09 06:29:17.346#Z#DEBUG#b34eb0e1-ac17-11f1-a392-eeee0a8d8db9.OPERATION#flowable-async-job-executor-thread-4229#
[UploadAppStep] Getting package "e0b3a80c-3aa0-4451-bd9f-82c6c403e261"...#
#2026 09 09 06:29:17.372#Z#DEBUG#b34eb0e1-ac17-11f1-a392-eeee0a8d8db9.OPERATION#flowable-async-job-executor-thread-4229#
[UploadAppStep] Application "ResilienceCockpit-db-deployer" uploaded#
#2026 09 09 06:29:17.372#Z#DEBUG#b34eb0e1-ac17-11f1-a392-eeee0a8d8db9.OPERATION#flowable-async-job-executor-thread-4229#
Step "Upload App" finished#
#2026 09 09 06:29:17.328#Z#DEBUG#b34eb0e1-ac17-11f1-a392-eeee0a8d8db9.OPERATION#flowable-async-job-executor-thread-4230#
[BindServiceToApplicationStep] Executing task "bindServiceToApplicationTask" of process "bd85bdfb-ac17-11f1-8875-eeee0a839432"...#
#2026 09 09 06:29:17.330#Z#DEBUG#b34eb0e1-ac17-11f1-a392-eeee0a8d8db9.OPERATION#flowable-async-job-executor-thread-4230#
[BindServiceToApplicationStep] Getting async job "39a67c48-ca85-4871-b7a1-42dcdaf8dbf7"#
#2026 09 09 06:29:17.333#Z#DEBUG#b34eb0e1-ac17-11f1-a392-eeee0a8d8db9.OPERATION#flowable-async-job-executor-thread-4231#
[BindServiceToApplicationStep] Executing task "bindServiceToApplicationTask" of process "be7a5741-ac17-11f1-a392-eeee0a8d8db9"...#
#2026 09 09 06:29:17.334#Z#DEBUG#b34eb0e1-ac17-11f1-a392-eeee0a8d8db9.OPERATION#flowable-async-job-executor-thread-4231#
[BindServiceToApplicationStep] Getting async job "a0a26334-da25-4b1e-b88f-2b7e3049e372"#
#2026 09 09 06:29:17.339#Z#DEBUG#b34eb0e1-ac17-11f1-a392-eeee0a8d8db9.OPERATION#flowable-async-job-executor-thread-4232#
[BindServiceToApplicationStep] Executing task "bindServiceToApplicationTask" of process "be73eece-ac17-11f1-a392-eeee0a8d8db9"...#
#2026 09 09 06:29:17.340#Z#DEBUG#b34eb0e1-ac17-11f1-a392-eeee0a8d8db9.OPERATION#flowable-async-job-executor-thread-4232#
[BindServiceToApplicationStep] Getting async job "c836e5b0-ba52-41cf-8ef5-373d50e6845f"#
#2026 09 09 06:29:17.342#Z#DEBUG#b34eb0e1-ac17-11f1-a392-eeee0a8d8db9.OPERATION#flowable-async-job-executor-thread-4228#
[BindServiceToApplicationStep] Executing task "bindServiceToApplicationTask" of process "bef61720-ac17-11f1-8875-eeee0a839432"...#
#2026 09 09 06:29:17.343#Z#DEBUG#b34eb0e1-ac17-11f1-a392-eeee0a8d8db9.OPERATION#flowable-async-job-executor-thread-4228#
[BindServiceToApplicationStep] Getting async job "e2530f6e-e2d8-417d-8ed2-f4e3387487cc"#
#2026 09 09 06:29:17.355#Z#DEBUG#b34eb0e1-ac17-11f1-a392-eeee0a8d8db9.OPERATION#flowable-async-job-executor-thread-4230#
[BindServiceToApplicationStep] Getting service instance "ResilienceCockpit-destination"...#
#2026 09 09 06:29:17.359#Z#DEBUG#b34eb0e1-ac17-11f1-a392-eeee0a8d8db9.OPERATION#flowable-async-job-executor-thread-4231#
[BindServiceToApplicationStep] Getting service instance "ResilienceCockpit-logging"...#
#2026 09 09 06:29:17.363#Z#DEBUG#b34eb0e1-ac17-11f1-a392-eeee0a8d8db9.OPERATION#flowable-async-job-executor-thread-4232#
[BindServiceToApplicationStep] Getting service instance "ResilienceCockpit-auth"...#
#2026 09 09 06:29:17.370#Z#DEBUG#b34eb0e1-ac17-11f1-a392-eeee0a8d8db9.OPERATION#flowable-async-job-executor-thread-4228#
[BindServiceToApplicationStep] Getting service instance "ResilienceCockpit-connectivity"...#
#2026 09 09 06:29:17.447#Z#DEBUG#b34eb0e1-ac17-11f1-a392-eeee0a8d8db9.OPERATION#flowable-async-job-executor-thread-4231#
[BindServiceToApplicationStep] Async service binding operation with id "a0a26334-da25-4b1e-b88f-2b7e3049e372" finished#
#2026 09 09 06:29:17.448#Z#DEBUG#b34eb0e1-ac17-11f1-a392-eeee0a8d8db9.OPERATION#flowable-async-job-executor-thread-4231#
Step "Bind Service to Application" finished#
#2026 09 09 06:29:17.450#Z#DEBUG#b34eb0e1-ac17-11f1-a392-eeee0a8d8db9.OPERATION#flowable-async-job-executor-thread-4232#
[BindServiceToApplicationStep] Async service binding operation with id "c836e5b0-ba52-41cf-8ef5-373d50e6845f" finished#
#2026 09 09 06:29:17.450#Z#DEBUG#b34eb0e1-ac17-11f1-a392-eeee0a8d8db9.OPERATION#flowable-async-job-executor-thread-4232#
Step "Bind Service to Application" finished#
#2026 09 09 06:29:17.389#Z#DEBUG#b34eb0e1-ac17-11f1-a392-eeee0a8d8db9.OPERATION#flowable-async-job-executor-thread-4229#
[ScaleAppStep] Executing task "scaleAppTask" of process "bd5eae05-ac17-11f1-a392-eeee0a8d8db9"...#
#2026 09 09 06:29:17.390#Z#DEBUG#b34eb0e1-ac17-11f1-a392-eeee0a8d8db9.OPERATION#flowable-async-job-executor-thread-4229#
[ScaleAppStep] Scaling application "ResilienceCockpit-db-deployer"...#
#2026 09 09 06:29:17.390#Z#DEBUG#b34eb0e1-ac17-11f1-a392-eeee0a8d8db9.OPERATION#flowable-async-job-executor-thread-4229#
[ScaleAppStep] Getting application guid "ResilienceCockpit-db-deployer"...#
#2026 09 09 06:29:17.417#Z#DEBUG#b34eb0e1-ac17-11f1-a392-eeee0a8d8db9.OPERATION#flowable-async-job-executor-thread-4229#
[ScaleAppStep] Getting process for application "2d23200b-60aa-4519-b7f8-9f40de7a8ecc"...#
#2026 09 09 06:29:17.452#Z#DEBUG#b34eb0e1-ac17-11f1-a392-eeee0a8d8db9.OPERATION#flowable-async-job-executor-thread-4229#
[ScaleAppStep] Application "ResilienceCockpit-db-deployer" scaled#
#2026 09 09 06:29:17.452#Z#DEBUG#b34eb0e1-ac17-11f1-a392-eeee0a8d8db9.OPERATION#flowable-async-job-executor-thread-4229#
Step "Scale App" finished#
#2026 09 09 06:29:17.457#Z#DEBUG#b34eb0e1-ac17-11f1-a392-eeee0a8d8db9.OPERATION#flowable-async-job-executor-thread-4228#
[BindServiceToApplicationStep] Async service binding operation with id "e2530f6e-e2d8-417d-8ed2-f4e3387487cc" finished#
#2026 09 09 06:29:17.457#Z#DEBUG#b34eb0e1-ac17-11f1-a392-eeee0a8d8db9.OPERATION#flowable-async-job-executor-thread-4228#
Step "Bind Service to Application" finished#
#2026 09 09 06:29:17.463#Z#DEBUG#b34eb0e1-ac17-11f1-a392-eeee0a8d8db9.OPERATION#flowable-async-job-executor-thread-4230#
[BindServiceToApplicationStep] Async service binding operation with id "39a67c48-ca85-4871-b7a1-42dcdaf8dbf7" finished#
#2026 09 09 06:29:17.463#Z#DEBUG#b34eb0e1-ac17-11f1-a392-eeee0a8d8db9.OPERATION#flowable-async-job-executor-thread-4230#
Step "Bind Service to Application" finished#
#2026 09 09 06:29:17.473#Z#DEBUG#b34eb0e1-ac17-11f1-a392-eeee0a8d8db9.OPERATION#flowable-async-job-executor-thread-4229#
[DetermineDesiredStateAchievingActionsStep] Executing task "determineDesiredStateAchievingActionsTask" of process "bd5eae05-ac17-11f1-a392-eeee0a8d8db9"...#
#2026 09 09 06:29:17.474#Z#DEBUG#b34eb0e1-ac17-11f1-a392-eeee0a8d8db9.OPERATION#flowable-async-job-executor-thread-4229#
[DetermineDesiredStateAchievingActionsStep] Getting application "ResilienceCockpit-db-deployer"...#
#2026 09 09 06:29:17.503#Z#DEBUG#b34eb0e1-ac17-11f1-a392-eeee0a8d8db9.OPERATION#flowable-async-job-executor-thread-4229#
[DetermineDesiredStateAchievingActionsStep] Getting instances for application "ResilienceCockpit-db-deployer"...#
#2026 09 09 06:29:17.503#Z#DEBUG#b34eb0e1-ac17-11f1-a392-eeee0a8d8db9.OPERATION#flowable-async-job-executor-thread-4229#
[DetermineDesiredStateAchievingActionsStep] Getting environment of application "2d23200b-60aa-4519-b7f8-9f40de7a8ecc"...#
#2026 09 09 06:29:17.535#Z#DEBUG#b34eb0e1-ac17-11f1-a392-eeee0a8d8db9.OPERATION#flowable-async-job-executor-thread-4229#
[DetermineDesiredStateAchievingActionsStep] Current state of application ResilienceCockpit-db-deployer: STOPPED#
#2026 09 09 06:29:17.535#Z#DEBUG#b34eb0e1-ac17-11f1-a392-eeee0a8d8db9.OPERATION#flowable-async-job-executor-thread-4229#
[DetermineDesiredStateAchievingActionsStep] Desired state of application ResilienceCockpit-db-deployer: STOPPED#
#2026 09 09 06:29:17.535#Z#DEBUG#b34eb0e1-ac17-11f1-a392-eeee0a8d8db9.OPERATION#flowable-async-job-executor-thread-4229#
[DetermineDesiredStateAchievingActionsStep] Actions that should be executed on application ResilienceCockpit-db-deployer: [STAGE]#
#2026 09 09 06:29:17.535#Z#DEBUG#b34eb0e1-ac17-11f1-a392-eeee0a8d8db9.OPERATION#flowable-async-job-executor-thread-4229#
Step "Determine Desired State Achieving Actions" finished#
#2026 09 09 06:29:17.554#Z#DEBUG#b34eb0e1-ac17-11f1-a392-eeee0a8d8db9.OPERATION#flowable-async-job-executor-thread-4229#
[StageAppStep] Executing task "stageAppTask" of process "bd5eae05-ac17-11f1-a392-eeee0a8d8db9"...#
#2026 09 09 06:29:17.555#Z#DEBUG#b34eb0e1-ac17-11f1-a392-eeee0a8d8db9.OPERATION#flowable-async-job-executor-thread-4229#
[StageAppStep] Application stage timeout is default one: 3,600 seconds#
#2026 09 09 06:29:17.556#Z#INFO#b34eb0e1-ac17-11f1-a392-eeee0a8d8db9.OPERATION#flowable-async-job-executor-thread-4229#
[StageAppStep] Staging application "ResilienceCockpit-db-deployer"...#
#2026 09 09 06:29:17.558#Z#DEBUG#b34eb0e1-ac17-11f1-a392-eeee0a8d8db9.OPERATION#flowable-async-job-executor-thread-4229#
[StageAppStep] Creating build for package "e0b3a80c-3aa0-4451-bd9f-82c6c403e261"...#
#2026 09 09 06:29:17.941#Z#DEBUG#b34eb0e1-ac17-11f1-a392-eeee0a8d8db9.OPERATION#flowable-async-job-executor-thread-4229#
Step "Stage App" finished#
#2026 09 09 06:29:19.424#Z#DEBUG#b34eb0e1-ac17-11f1-a392-eeee0a8d8db9.OPERATION#flowable-async-job-executor-thread-2179#
[DetermineVcapServicesPropertiesChangedStep] Executing task "determineVcapServicesPropertiesChangedTask" of process "c9b76302-ac17-11f1-8875-eeee0a839432"...#
#2026 09 09 06:29:19.426#Z#DEBUG#b34eb0e1-ac17-11f1-a392-eeee0a8d8db9.OPERATION#flowable-async-job-executor-thread-2179#
[DetermineVcapServicesPropertiesChangedStep] VCAP_SERVICES properties for application "ResilienceCockpit-srv" changed: true#
#2026 09 09 06:29:19.426#Z#DEBUG#b34eb0e1-ac17-11f1-a392-eeee0a8d8db9.OPERATION#flowable-async-job-executor-thread-2179#
Step "Determine vcap services properties changed" finished#
#2026 09 09 06:29:19.445#Z#DEBUG#b34eb0e1-ac17-11f1-a392-eeee0a8d8db9.OPERATION#flowable-async-job-executor-thread-2180#
[UploadAppStep] Executing task "uploadAppTask" of process "c9b76302-ac17-11f1-8875-eeee0a839432"...#
#2026 09 09 06:29:19.447#Z#DEBUG#b34eb0e1-ac17-11f1-a392-eeee0a8d8db9.OPERATION#flowable-async-job-executor-thread-2180#
[UploadAppStep] Application upload timeout is default one: 3,600 seconds#
#2026 09 09 06:29:19.447#Z#INFO#b34eb0e1-ac17-11f1-a392-eeee0a8d8db9.OPERATION#flowable-async-job-executor-thread-2180#
[UploadAppStep] Uploading application "ResilienceCockpit-srv"...#
#2026 09 09 06:29:19.450#Z#DEBUG#b34eb0e1-ac17-11f1-a392-eeee0a8d8db9.OPERATION#flowable-async-job-executor-thread-2180#
[UploadAppStep] Getting application "ResilienceCockpit-srv"...#
#2026 09 09 06:29:19.487#Z#DEBUG#b34eb0e1-ac17-11f1-a392-eeee0a8d8db9.OPERATION#flowable-async-job-executor-thread-2180#
[UploadAppStep] Getting environment of application "846298f7-a9cf-4b9f-a20b-63e370407f6e"...#
#2026 09 09 06:29:19.518#Z#INFO#b34eb0e1-ac17-11f1-a392-eeee0a8d8db9.OPERATION#flowable-async-job-executor-thread-2180#
[UploadAppStep] Calculating application digest: "ResilienceCockpit-srv"#
#2026 09 09 06:29:19.765#Z#DEBUG#b34eb0e1-ac17-11f1-a392-eeee0a8d8db9.OPERATION#flowable-async-job-executor-thread-2180#
Step "Upload App" finished#
#2026 09 09 06:29:27.341#Z#DEBUG#b34eb0e1-ac17-11f1-a392-eeee0a8d8db9.OPERATION#flowable-async-job-executor-thread-4235#
[StageAppStep] Executing task "stageAppTask" of process "bd5eae05-ac17-11f1-a392-eeee0a8d8db9"...#
#2026 09 09 06:29:27.342#Z#DEBUG#b34eb0e1-ac17-11f1-a392-eeee0a8d8db9.OPERATION#flowable-async-job-executor-thread-4235#
[StageAppStep] Application stage timeout is default one: 3,600 seconds#
#2026 09 09 06:29:27.343#Z#DEBUG#b34eb0e1-ac17-11f1-a392-eeee0a8d8db9.OPERATION#flowable-async-job-executor-thread-4235#
[StageAppStep] Checking status of application "ResilienceCockpit-db-deployer"...#
#2026 09 09 06:29:27.343#Z#DEBUG#b34eb0e1-ac17-11f1-a392-eeee0a8d8db9.OPERATION#flowable-async-job-executor-thread-4235#
[StageAppStep] Getting build "9467e4ba-8f3c-4758-9973-287c69d4957c"...#
#2026 09 09 06:29:27.391#Z#DEBUG#b34eb0e1-ac17-11f1-a392-eeee0a8d8db9.OPERATION#flowable-async-job-executor-thread-4235#
[StageAppStep] Staging status of application "ResilienceCockpit-db-deployer": PENDING#
#2026 09 09 06:29:27.392#Z#DEBUG#b34eb0e1-ac17-11f1-a392-eeee0a8d8db9.OPERATION#flowable-async-job-executor-thread-4235#
[StageAppStep] Getting application guid "ResilienceCockpit-db-deployer"...#
#2026 09 09 06:29:27.482#Z#DEBUG#b34eb0e1-ac17-11f1-a392-eeee0a8d8db9.OPERATION#flowable-async-job-executor-thread-4235#
Step "Stage App" finished#
#2026 09 09 06:29:27.342#Z#DEBUG#b34eb0e1-ac17-11f1-a392-eeee0a8d8db9.OPERATION#flowable-async-job-executor-thread-4236#
[UploadAppStep] Executing task "uploadAppTask" of process "c9b76302-ac17-11f1-8875-eeee0a839432"...#
#2026 09 09 06:29:27.343#Z#DEBUG#b34eb0e1-ac17-11f1-a392-eeee0a8d8db9.OPERATION#flowable-async-job-executor-thread-4236#
[UploadAppStep] Application upload timeout is default one: 3,600 seconds#
#2026 09 09 06:29:27.344#Z#DEBUG#b34eb0e1-ac17-11f1-a392-eeee0a8d8db9.OPERATION#pool-14-thread-5#
[UploadAppStep] Upload of application: ResilienceCockpit-srv started on instance: 2#
#2026 09 09 06:29:27.344#Z#DEBUG#b34eb0e1-ac17-11f1-a392-eeee0a8d8db9.OPERATION#pool-14-thread-5#
[UploadAppStep] Uploading file "ResilienceCockpit-srv/data.zip" for application "ResilienceCockpit-srv"#
#2026 09 09 06:29:27.570#Z#INFO#b34eb0e1-ac17-11f1-a392-eeee0a8d8db9.OPERATION#pool-14-thread-5#
[UploadAppStep] Time elapsed for app binary download: 225 in millis#
#2026 09 09 06:29:27.570#Z#INFO#b34eb0e1-ac17-11f1-a392-eeee0a8d8db9.OPERATION#pool-14-thread-5#
[UploadAppStep] Size of app ResilienceCockpit-srv is 16,416,110 bytes#
#2026 09 09 06:29:27.570#Z#DEBUG#b34eb0e1-ac17-11f1-a392-eeee0a8d8db9.OPERATION#pool-14-thread-5#
[UploadAppStep] Asynchronously uploading binaries for application "ResilienceCockpit-srv"...#
#2026 09 09 06:29:27.808#Z#INFO#b34eb0e1-ac17-11f1-a392-eeee0a8d8db9.OPERATION#pool-14-thread-5#
[UploadAppStep] Started async upload of application "ResilienceCockpit-srv"#
#2026 09 09 06:29:27.810#Z#INFO#b34eb0e1-ac17-11f1-a392-eeee0a8d8db9.OPERATION#flowable-async-job-executor-thread-4236#
[UploadAppStep] Time elapsed for upload: 467 in millis#
#2026 09 09 06:29:27.810#Z#DEBUG#b34eb0e1-ac17-11f1-a392-eeee0a8d8db9.OPERATION#flowable-async-job-executor-thread-4236#
[UploadAppStep] Getting application "ResilienceCockpit-srv"...#
#2026 09 09 06:29:27.832#Z#DEBUG#b34eb0e1-ac17-11f1-a392-eeee0a8d8db9.OPERATION#App upload monitor: ea1f4d32-6d31-4e29-a190-9e6cdc33b644#
[UploadAppStep] Upload status: PROCESSING_UPLOAD#
#2026 09 09 06:29:27.835#Z#DEBUG#b34eb0e1-ac17-11f1-a392-eeee0a8d8db9.OPERATION#flowable-async-job-executor-thread-4236#
[UploadAppStep] Getting environment of application "846298f7-a9cf-4b9f-a20b-63e370407f6e"...#
#2026 09 09 06:29:27.864#Z#DEBUG#b34eb0e1-ac17-11f1-a392-eeee0a8d8db9.OPERATION#flowable-async-job-executor-thread-4236#
[UploadAppStep] Updating environment of application "ResilienceCockpit-srv"#
#2026 09 09 06:29:27.940#Z#DEBUG#b34eb0e1-ac17-11f1-a392-eeee0a8d8db9.OPERATION#flowable-async-job-executor-thread-4236#
Step "Upload App" finished#
#2026 09 09 06:29:32.878#Z#DEBUG#b34eb0e1-ac17-11f1-a392-eeee0a8d8db9.OPERATION#App upload monitor: ea1f4d32-6d31-4e29-a190-9e6cdc33b644#
[UploadAppStep] Upload status: PROCESSING_UPLOAD#
#2026 09 09 06:29:37.347#Z#DEBUG#b34eb0e1-ac17-11f1-a392-eeee0a8d8db9.OPERATION#flowable-async-job-executor-thread-4240#
[UploadAppStep] Executing task "uploadAppTask" of process "c9b76302-ac17-11f1-8875-eeee0a839432"...#
#2026 09 09 06:29:37.348#Z#DEBUG#b34eb0e1-ac17-11f1-a392-eeee0a8d8db9.OPERATION#flowable-async-job-executor-thread-4240#
[UploadAppStep] Application upload timeout is default one: 3,600 seconds#
#2026 09 09 06:29:37.348#Z#DEBUG#b34eb0e1-ac17-11f1-a392-eeee0a8d8db9.OPERATION#flowable-async-job-executor-thread-4240#
[UploadAppStep] Checking upload status of application "ResilienceCockpit-srv"...#
#2026 09 09 06:29:37.349#Z#DEBUG#b34eb0e1-ac17-11f1-a392-eeee0a8d8db9.OPERATION#flowable-async-job-executor-thread-4240#
[UploadAppStep] Getting package "ea1f4d32-6d31-4e29-a190-9e6cdc33b644"...#
#2026 09 09 06:29:37.376#Z#DEBUG#b34eb0e1-ac17-11f1-a392-eeee0a8d8db9.OPERATION#flowable-async-job-executor-thread-4240#
[UploadAppStep] Application "ResilienceCockpit-srv" uploaded#
#2026 09 09 06:29:37.377#Z#DEBUG#b34eb0e1-ac17-11f1-a392-eeee0a8d8db9.OPERATION#flowable-async-job-executor-thread-4240#
Step "Upload App" finished#
#2026 09 09 06:29:37.393#Z#DEBUG#b34eb0e1-ac17-11f1-a392-eeee0a8d8db9.OPERATION#flowable-async-job-executor-thread-4241#
[ScaleAppStep] Executing task "scaleAppTask" of process "c9b76302-ac17-11f1-8875-eeee0a839432"...#
#2026 09 09 06:29:37.394#Z#DEBUG#b34eb0e1-ac17-11f1-a392-eeee0a8d8db9.OPERATION#flowable-async-job-executor-thread-4241#
[ScaleAppStep] Scaling application "ResilienceCockpit-srv"...#
#2026 09 09 06:29:37.394#Z#DEBUG#b34eb0e1-ac17-11f1-a392-eeee0a8d8db9.OPERATION#flowable-async-job-executor-thread-4241#
[ScaleAppStep] Getting application guid "ResilienceCockpit-srv"...#
#2026 09 09 06:29:37.420#Z#DEBUG#b34eb0e1-ac17-11f1-a392-eeee0a8d8db9.OPERATION#flowable-async-job-executor-thread-4241#
[ScaleAppStep] Getting process for application "846298f7-a9cf-4b9f-a20b-63e370407f6e"...#
#2026 09 09 06:29:37.450#Z#DEBUG#b34eb0e1-ac17-11f1-a392-eeee0a8d8db9.OPERATION#flowable-async-job-executor-thread-4241#
[ScaleAppStep] Application "ResilienceCockpit-srv" scaled#
#2026 09 09 06:29:37.450#Z#DEBUG#b34eb0e1-ac17-11f1-a392-eeee0a8d8db9.OPERATION#flowable-async-job-executor-thread-4241#
Step "Scale App" finished#
#2026 09 09 06:29:37.465#Z#DEBUG#b34eb0e1-ac17-11f1-a392-eeee0a8d8db9.OPERATION#flowable-async-job-executor-thread-4242#
[DetermineDesiredStateAchievingActionsStep] Executing task "determineDesiredStateAchievingActionsTask" of process "c9b76302-ac17-11f1-8875-eeee0a839432"...#
#2026 09 09 06:29:37.465#Z#DEBUG#b34eb0e1-ac17-11f1-a392-eeee0a8d8db9.OPERATION#flowable-async-job-executor-thread-4242#
[DetermineDesiredStateAchievingActionsStep] Getting application "ResilienceCockpit-srv"...#
#2026 09 09 06:29:37.500#Z#DEBUG#b34eb0e1-ac17-11f1-a392-eeee0a8d8db9.OPERATION#flowable-async-job-executor-thread-4242#
[DetermineDesiredStateAchievingActionsStep] Getting instances for application "ResilienceCockpit-srv"...#
#2026 09 09 06:29:37.500#Z#DEBUG#b34eb0e1-ac17-11f1-a392-eeee0a8d8db9.OPERATION#flowable-async-job-executor-thread-4242#
[DetermineDesiredStateAchievingActionsStep] Getting environment of application "846298f7-a9cf-4b9f-a20b-63e370407f6e"...#
#2026 09 09 06:29:37.531#Z#DEBUG#b34eb0e1-ac17-11f1-a392-eeee0a8d8db9.OPERATION#flowable-async-job-executor-thread-4242#
[DetermineDesiredStateAchievingActionsStep] Current state of application ResilienceCockpit-srv: STOPPED#
#2026 09 09 06:29:37.531#Z#DEBUG#b34eb0e1-ac17-11f1-a392-eeee0a8d8db9.OPERATION#flowable-async-job-executor-thread-4242#
[DetermineDesiredStateAchievingActionsStep] Desired state of application ResilienceCockpit-srv: STARTED#
#2026 09 09 06:29:37.531#Z#DEBUG#b34eb0e1-ac17-11f1-a392-eeee0a8d8db9.OPERATION#flowable-async-job-executor-thread-4242#
[DetermineDesiredStateAchievingActionsStep] Actions that should be executed on application ResilienceCockpit-srv: [STAGE, START]#
#2026 09 09 06:29:37.531#Z#DEBUG#b34eb0e1-ac17-11f1-a392-eeee0a8d8db9.OPERATION#flowable-async-job-executor-thread-4242#
Step "Determine Desired State Achieving Actions" finished#
#2026 09 09 06:29:37.345#Z#DEBUG#b34eb0e1-ac17-11f1-a392-eeee0a8d8db9.OPERATION#flowable-async-job-executor-thread-4239#
[StageAppStep] Executing task "stageAppTask" of process "bd5eae05-ac17-11f1-a392-eeee0a8d8db9"...#
#2026 09 09 06:29:37.346#Z#DEBUG#b34eb0e1-ac17-11f1-a392-eeee0a8d8db9.OPERATION#flowable-async-job-executor-thread-4239#
[StageAppStep] Application stage timeout is default one: 3,600 seconds#
#2026 09 09 06:29:37.347#Z#DEBUG#b34eb0e1-ac17-11f1-a392-eeee0a8d8db9.OPERATION#flowable-async-job-executor-thread-4239#
[StageAppStep] Checking status of application "ResilienceCockpit-db-deployer"...#
#2026 09 09 06:29:37.347#Z#DEBUG#b34eb0e1-ac17-11f1-a392-eeee0a8d8db9.OPERATION#flowable-async-job-executor-thread-4239#
[StageAppStep] Getting build "9467e4ba-8f3c-4758-9973-287c69d4957c"...#
#2026 09 09 06:29:37.382#Z#DEBUG#b34eb0e1-ac17-11f1-a392-eeee0a8d8db9.OPERATION#flowable-async-job-executor-thread-4239#
[StageAppStep] Staging status of application "ResilienceCockpit-db-deployer": STAGED#
#2026 09 09 06:29:37.383#Z#DEBUG#b34eb0e1-ac17-11f1-a392-eeee0a8d8db9.OPERATION#flowable-async-job-executor-thread-4239#
[StageAppStep] Getting application guid "ResilienceCockpit-db-deployer"...#
#2026 09 09 06:29:37.465#Z#DEBUG#b34eb0e1-ac17-11f1-a392-eeee0a8d8db9.OPERATION#flowable-async-job-executor-thread-4239#
[StageAppStep] Getting build "9467e4ba-8f3c-4758-9973-287c69d4957c"...#
#2026 09 09 06:29:37.508#Z#DEBUG#b34eb0e1-ac17-11f1-a392-eeee0a8d8db9.OPERATION#flowable-async-job-executor-thread-4239#
[StageAppStep] Binding droplet "974de1d9-9657-4377-a4be-8ff3ad1bba08" to application "2d23200b-60aa-4519-b7f8-9f40de7a8ecc"...#
#2026 09 09 06:29:37.548#Z#DEBUG#b34eb0e1-ac17-11f1-a392-eeee0a8d8db9.OPERATION#flowable-async-job-executor-thread-4243#
[StageAppStep] Executing task "stageAppTask" of process "c9b76302-ac17-11f1-8875-eeee0a839432"...#
#2026 09 09 06:29:37.549#Z#DEBUG#b34eb0e1-ac17-11f1-a392-eeee0a8d8db9.OPERATION#flowable-async-job-executor-thread-4243#
[StageAppStep] Application stage timeout is default one: 3,600 seconds#
#2026 09 09 06:29:37.550#Z#INFO#b34eb0e1-ac17-11f1-a392-eeee0a8d8db9.OPERATION#flowable-async-job-executor-thread-4243#
[StageAppStep] Staging application "ResilienceCockpit-srv"...#
#2026 09 09 06:29:37.551#Z#DEBUG#b34eb0e1-ac17-11f1-a392-eeee0a8d8db9.OPERATION#flowable-async-job-executor-thread-4243#
[StageAppStep] Creating build for package "ea1f4d32-6d31-4e29-a190-9e6cdc33b644"...#
#2026 09 09 06:29:37.562#Z#INFO#b34eb0e1-ac17-11f1-a392-eeee0a8d8db9.OPERATION#flowable-async-job-executor-thread-4239#
[StageAppStep] Application "ResilienceCockpit-db-deployer" staged#
#2026 09 09 06:29:37.565#Z#DEBUG#b34eb0e1-ac17-11f1-a392-eeee0a8d8db9.OPERATION#flowable-async-job-executor-thread-4239#
Step "Stage App" finished#
#2026 09 09 06:29:37.603#Z#DEBUG#b34eb0e1-ac17-11f1-a392-eeee0a8d8db9.OPERATION#flowable-async-job-executor-thread-4244#
[PrepareToExecuteTasksStep] Executing task "prepareToExecuteTasksTask" of process "d4933bc0-ac17-11f1-a392-eeee0a8d8db9"...#
#2026 09 09 06:29:37.603#Z#DEBUG#b34eb0e1-ac17-11f1-a392-eeee0a8d8db9.OPERATION#flowable-async-job-executor-thread-4244#
Step "Prepare To Execute Tasks" finished#
#2026 09 09 06:29:37.616#Z#DEBUG#b34eb0e1-ac17-11f1-a392-eeee0a8d8db9.OPERATION#flowable-async-job-executor-thread-4244#
[ExecuteTaskStep] Executing task "executeTaskTask" of process "d4933bc0-ac17-11f1-a392-eeee0a8d8db9"...#
#2026 09 09 06:29:37.617#Z#DEBUG#b34eb0e1-ac17-11f1-a392-eeee0a8d8db9.OPERATION#flowable-async-job-executor-thread-4244#
[ExecuteTaskStep] Application task execution timeout is default one: 43,200 seconds#
#2026 09 09 06:29:37.618#Z#INFO#b34eb0e1-ac17-11f1-a392-eeee0a8d8db9.OPERATION#flowable-async-job-executor-thread-4244#
[ExecuteTaskStep] Executing task "deploy" on application "ResilienceCockpit-db-deployer"...#
#2026 09 09 06:29:37.620#Z#DEBUG#b34eb0e1-ac17-11f1-a392-eeee0a8d8db9.OPERATION#flowable-async-job-executor-thread-4244#
[ExecuteTaskStep] Running task on application "ResilienceCockpit-db-deployer": {
  "name" : "deploy",
  "command" : "npm start",
  "limits" : {
    "memory" : 256
  }
}#
#2026 09 09 06:29:37.899#Z#DEBUG#b34eb0e1-ac17-11f1-a392-eeee0a8d8db9.OPERATION#flowable-async-job-executor-thread-4244#
Step "Execute Task" finished#
#2026 09 09 06:29:37.931#Z#DEBUG#b34eb0e1-ac17-11f1-a392-eeee0a8d8db9.OPERATION#flowable-async-job-executor-thread-4243#
Step "Stage App" finished#
#2026 09 09 06:29:47.357#Z#DEBUG#b34eb0e1-ac17-11f1-a392-eeee0a8d8db9.OPERATION#flowable-async-job-executor-thread-4248#
[StageAppStep] Executing task "stageAppTask" of process "c9b76302-ac17-11f1-8875-eeee0a839432"...#
#2026 09 09 06:29:47.358#Z#DEBUG#b34eb0e1-ac17-11f1-a392-eeee0a8d8db9.OPERATION#flowable-async-job-executor-thread-4248#
[StageAppStep] Application stage timeout is default one: 3,600 seconds#
#2026 09 09 06:29:47.359#Z#DEBUG#b34eb0e1-ac17-11f1-a392-eeee0a8d8db9.OPERATION#flowable-async-job-executor-thread-4248#
[StageAppStep] Checking status of application "ResilienceCockpit-srv"...#
#2026 09 09 06:29:47.359#Z#DEBUG#b34eb0e1-ac17-11f1-a392-eeee0a8d8db9.OPERATION#flowable-async-job-executor-thread-4248#
[StageAppStep] Getting build "f893d55d-ec32-4ed2-8d99-1f6c5a2d27a6"...#
#2026 09 09 06:29:47.388#Z#DEBUG#b34eb0e1-ac17-11f1-a392-eeee0a8d8db9.OPERATION#flowable-async-job-executor-thread-4248#
[StageAppStep] Staging status of application "ResilienceCockpit-srv": PENDING#
#2026 09 09 06:29:47.389#Z#DEBUG#b34eb0e1-ac17-11f1-a392-eeee0a8d8db9.OPERATION#flowable-async-job-executor-thread-4248#
[StageAppStep] Getting application guid "ResilienceCockpit-srv"...#
#2026 09 09 06:29:47.479#Z#DEBUG#b34eb0e1-ac17-11f1-a392-eeee0a8d8db9.OPERATION#flowable-async-job-executor-thread-4248#
Step "Stage App" finished#
#2026 09 09 06:29:47.356#Z#DEBUG#b34eb0e1-ac17-11f1-a392-eeee0a8d8db9.OPERATION#flowable-async-job-executor-thread-4247#
[ExecuteTaskStep] Executing task "executeTaskTask" of process "d4933bc0-ac17-11f1-a392-eeee0a8d8db9"...#
#2026 09 09 06:29:47.357#Z#DEBUG#b34eb0e1-ac17-11f1-a392-eeee0a8d8db9.OPERATION#flowable-async-job-executor-thread-4247#
[ExecuteTaskStep] Application task execution timeout is default one: 43,200 seconds#
#2026 09 09 06:29:47.358#Z#DEBUG#b34eb0e1-ac17-11f1-a392-eeee0a8d8db9.OPERATION#flowable-async-job-executor-thread-4247#
[ExecuteTaskStep] Getting task "daab8755-c078-4b84-b59d-9a27fb2d1544"...#
#2026 09 09 06:29:47.387#Z#DEBUG#b34eb0e1-ac17-11f1-a392-eeee0a8d8db9.OPERATION#flowable-async-job-executor-thread-4247#
[ExecuteTaskStep] Task execution status: failed#
#2026 09 09 06:29:47.388#Z#DEBUG#b34eb0e1-ac17-11f1-a392-eeee0a8d8db9.OPERATION#flowable-async-job-executor-thread-4247#
[ExecuteTaskStep] Getting application guid "ResilienceCockpit-db-deployer"...#
#2026 09 09 06:29:47.480#Z#ERROR#b34eb0e1-ac17-11f1-a392-eeee0a8d8db9.OPERATION#flowable-async-job-executor-thread-4247#
[ExecuteTaskStep] Execution of task "deploy" on application "ResilienceCockpit-db-deployer" failed.#
#2026 09 09 06:29:47.483#Z#INFO#b34eb0e1-ac17-11f1-a392-eeee0a8d8db9.OPERATION#flowable-async-job-executor-thread-4247#
[ExecuteTaskStep] Download the MTA operation logs for more details.#
#2026 09 09 06:29:47.485#Z#DEBUG#b34eb0e1-ac17-11f1-a392-eeee0a8d8db9.OPERATION#flowable-async-job-executor-thread-4247#
Step "Execute Task" finished#
#2026 09 09 06:29:49.042#Z#DEBUG#b34eb0e1-ac17-11f1-a392-eeee0a8d8db9.OPERATION#flowable-async-job-executor-thread-4249#
[ExecuteTaskStep] Executing task "executeTaskTask" of process "d4933bc0-ac17-11f1-a392-eeee0a8d8db9"...#
#2026 09 09 06:29:49.043#Z#DEBUG#b34eb0e1-ac17-11f1-a392-eeee0a8d8db9.OPERATION#flowable-async-job-executor-thread-4249#
[ExecuteTaskStep] Application task execution timeout is default one: 43,200 seconds#
#2026 09 09 06:29:49.108#Z#INFO#b34eb0e1-ac17-11f1-a392-eeee0a8d8db9.OPERATION#flowable-async-job-executor-thread-4249#
[ExecuteTaskStep] Executing task "deploy" on application "ResilienceCockpit-db-deployer"...#
#2026 09 09 06:29:49.110#Z#DEBUG#b34eb0e1-ac17-11f1-a392-eeee0a8d8db9.OPERATION#flowable-async-job-executor-thread-4249#
[ExecuteTaskStep] Running task on application "ResilienceCockpit-db-deployer": {
  "name" : "deploy",
  "command" : "npm start",
  "limits" : {
    "memory" : 256
  }
}#
#2026 09 09 06:29:49.400#Z#DEBUG#b34eb0e1-ac17-11f1-a392-eeee0a8d8db9.OPERATION#flowable-async-job-executor-thread-4249#
Step "Execute Task" finished#
#2026 09 09 06:29:57.362#Z#DEBUG#b34eb0e1-ac17-11f1-a392-eeee0a8d8db9.OPERATION#flowable-async-job-executor-thread-4252#
[StageAppStep] Executing task "stageAppTask" of process "c9b76302-ac17-11f1-8875-eeee0a839432"...#
#2026 09 09 06:29:57.363#Z#DEBUG#b34eb0e1-ac17-11f1-a392-eeee0a8d8db9.OPERATION#flowable-async-job-executor-thread-4252#
[StageAppStep] Application stage timeout is default one: 3,600 seconds#
#2026 09 09 06:29:57.363#Z#DEBUG#b34eb0e1-ac17-11f1-a392-eeee0a8d8db9.OPERATION#flowable-async-job-executor-thread-4252#
[StageAppStep] Checking status of application "ResilienceCockpit-srv"...#
#2026 09 09 06:29:57.363#Z#DEBUG#b34eb0e1-ac17-11f1-a392-eeee0a8d8db9.OPERATION#flowable-async-job-executor-thread-4252#
[StageAppStep] Getting build "f893d55d-ec32-4ed2-8d99-1f6c5a2d27a6"...#
#2026 09 09 06:29:57.391#Z#DEBUG#b34eb0e1-ac17-11f1-a392-eeee0a8d8db9.OPERATION#flowable-async-job-executor-thread-4252#
[StageAppStep] Staging status of application "ResilienceCockpit-srv": PENDING#
#2026 09 09 06:29:57.393#Z#DEBUG#b34eb0e1-ac17-11f1-a392-eeee0a8d8db9.OPERATION#flowable-async-job-executor-thread-4252#
[StageAppStep] Getting application guid "ResilienceCockpit-srv"...#
#2026 09 09 06:29:57.474#Z#DEBUG#b34eb0e1-ac17-11f1-a392-eeee0a8d8db9.OPERATION#flowable-async-job-executor-thread-4252#
Step "Stage App" finished#
#2026 09 09 06:29:57.362#Z#DEBUG#b34eb0e1-ac17-11f1-a392-eeee0a8d8db9.OPERATION#flowable-async-job-executor-thread-4253#
[ExecuteTaskStep] Executing task "executeTaskTask" of process "d4933bc0-ac17-11f1-a392-eeee0a8d8db9"...#
#2026 09 09 06:29:57.363#Z#DEBUG#b34eb0e1-ac17-11f1-a392-eeee0a8d8db9.OPERATION#flowable-async-job-executor-thread-4253#
[ExecuteTaskStep] Application task execution timeout is default one: 43,200 seconds#
#2026 09 09 06:29:57.364#Z#DEBUG#b34eb0e1-ac17-11f1-a392-eeee0a8d8db9.OPERATION#flowable-async-job-executor-thread-4253#
[ExecuteTaskStep] Getting task "fa911a38-9d56-46fa-9367-b2872a90d578"...#
#2026 09 09 06:29:57.394#Z#DEBUG#b34eb0e1-ac17-11f1-a392-eeee0a8d8db9.OPERATION#flowable-async-job-executor-thread-4253#
[ExecuteTaskStep] Task execution status: running#
#2026 09 09 06:29:57.395#Z#DEBUG#b34eb0e1-ac17-11f1-a392-eeee0a8d8db9.OPERATION#flowable-async-job-executor-thread-4253#
[ExecuteTaskStep] Getting application guid "ResilienceCockpit-db-deployer"...#
#2026 09 09 06:29:57.483#Z#DEBUG#b34eb0e1-ac17-11f1-a392-eeee0a8d8db9.OPERATION#flowable-async-job-executor-thread-4253#
Step "Execute Task" finished#
#2026 09 09 06:30:07.369#Z#DEBUG#b34eb0e1-ac17-11f1-a392-eeee0a8d8db9.OPERATION#flowable-async-job-executor-thread-4257#
[ExecuteTaskStep] Executing task "executeTaskTask" of process "d4933bc0-ac17-11f1-a392-eeee0a8d8db9"...#
#2026 09 09 06:30:07.370#Z#DEBUG#b34eb0e1-ac17-11f1-a392-eeee0a8d8db9.OPERATION#flowable-async-job-executor-thread-4257#
[ExecuteTaskStep] Application task execution timeout is default one: 43,200 seconds#
#2026 09 09 06:30:07.371#Z#DEBUG#b34eb0e1-ac17-11f1-a392-eeee0a8d8db9.OPERATION#flowable-async-job-executor-thread-4257#
[ExecuteTaskStep] Getting task "fa911a38-9d56-46fa-9367-b2872a90d578"...#
#2026 09 09 06:30:07.397#Z#DEBUG#b34eb0e1-ac17-11f1-a392-eeee0a8d8db9.OPERATION#flowable-async-job-executor-thread-4257#
[ExecuteTaskStep] Task execution status: failed#
#2026 09 09 06:30:07.398#Z#DEBUG#b34eb0e1-ac17-11f1-a392-eeee0a8d8db9.OPERATION#flowable-async-job-executor-thread-4257#
[ExecuteTaskStep] Getting application guid "ResilienceCockpit-db-deployer"...#
#2026 09 09 06:30:07.465#Z#ERROR#b34eb0e1-ac17-11f1-a392-eeee0a8d8db9.OPERATION#flowable-async-job-executor-thread-4257#
[ExecuteTaskStep] Execution of task "deploy" on application "ResilienceCockpit-db-deployer" failed.#
#2026 09 09 06:30:07.467#Z#INFO#b34eb0e1-ac17-11f1-a392-eeee0a8d8db9.OPERATION#flowable-async-job-executor-thread-4257#
[ExecuteTaskStep] Download the MTA operation logs for more details.#
#2026 09 09 06:30:07.469#Z#DEBUG#b34eb0e1-ac17-11f1-a392-eeee0a8d8db9.OPERATION#flowable-async-job-executor-thread-4257#
Step "Execute Task" finished#
#2026 09 09 06:30:07.368#Z#DEBUG#b34eb0e1-ac17-11f1-a392-eeee0a8d8db9.OPERATION#flowable-async-job-executor-thread-4256#
[StageAppStep] Executing task "stageAppTask" of process "c9b76302-ac17-11f1-8875-eeee0a839432"...#
#2026 09 09 06:30:07.369#Z#DEBUG#b34eb0e1-ac17-11f1-a392-eeee0a8d8db9.OPERATION#flowable-async-job-executor-thread-4256#
[StageAppStep] Application stage timeout is default one: 3,600 seconds#
#2026 09 09 06:30:07.370#Z#DEBUG#b34eb0e1-ac17-11f1-a392-eeee0a8d8db9.OPERATION#flowable-async-job-executor-thread-4256#
[StageAppStep] Checking status of application "ResilienceCockpit-srv"...#
#2026 09 09 06:30:07.370#Z#DEBUG#b34eb0e1-ac17-11f1-a392-eeee0a8d8db9.OPERATION#flowable-async-job-executor-thread-4256#
[StageAppStep] Getting build "f893d55d-ec32-4ed2-8d99-1f6c5a2d27a6"...#
#2026 09 09 06:30:07.401#Z#DEBUG#b34eb0e1-ac17-11f1-a392-eeee0a8d8db9.OPERATION#flowable-async-job-executor-thread-4256#
[StageAppStep] Staging status of application "ResilienceCockpit-srv": STAGED#
#2026 09 09 06:30:07.402#Z#DEBUG#b34eb0e1-ac17-11f1-a392-eeee0a8d8db9.OPERATION#flowable-async-job-executor-thread-4256#
[StageAppStep] Getting application guid "ResilienceCockpit-srv"...#
#2026 09 09 06:30:07.513#Z#DEBUG#b34eb0e1-ac17-11f1-a392-eeee0a8d8db9.OPERATION#flowable-async-job-executor-thread-4256#
[StageAppStep] Getting build "f893d55d-ec32-4ed2-8d99-1f6c5a2d27a6"...#
#2026 09 09 06:30:07.543#Z#DEBUG#b34eb0e1-ac17-11f1-a392-eeee0a8d8db9.OPERATION#flowable-async-job-executor-thread-4256#
[StageAppStep] Binding droplet "390c1902-9b23-4a1f-8d65-4098b78edd57" to application "846298f7-a9cf-4b9f-a20b-63e370407f6e"...#
#2026 09 09 06:30:07.591#Z#INFO#b34eb0e1-ac17-11f1-a392-eeee0a8d8db9.OPERATION#flowable-async-job-executor-thread-4256#
[StageAppStep] Application "ResilienceCockpit-srv" staged#
#2026 09 09 06:30:07.594#Z#DEBUG#b34eb0e1-ac17-11f1-a392-eeee0a8d8db9.OPERATION#flowable-async-job-executor-thread-4256#
Step "Stage App" finished#
#2026 09 09 06:30:07.614#Z#DEBUG#b34eb0e1-ac17-11f1-a392-eeee0a8d8db9.OPERATION#flowable-async-job-executor-thread-4258#
[RestartAppStep] Executing task "startAppTask" of process "c9b76302-ac17-11f1-8875-eeee0a839432"...#
#2026 09 09 06:30:07.615#Z#DEBUG#b34eb0e1-ac17-11f1-a392-eeee0a8d8db9.OPERATION#flowable-async-job-executor-thread-4258#
[RestartAppStep] Application start timeout is default one: 3,600 seconds#
#2026 09 09 06:30:07.673#Z#DEBUG#b34eb0e1-ac17-11f1-a392-eeee0a8d8db9.OPERATION#flowable-async-job-executor-thread-4258#
[RestartAppStep] Getting application "ResilienceCockpit-srv"...#
#2026 09 09 06:30:07.711#Z#INFO#b34eb0e1-ac17-11f1-a392-eeee0a8d8db9.OPERATION#flowable-async-job-executor-thread-4258#
[RestartAppStep] Starting application "ResilienceCockpit-srv"...#
#2026 09 09 06:30:07.713#Z#DEBUG#b34eb0e1-ac17-11f1-a392-eeee0a8d8db9.OPERATION#flowable-async-job-executor-thread-4258#
[RestartAppStep] Starting application "ResilienceCockpit-srv"...#
#2026 09 09 06:30:08.017#Z#DEBUG#b34eb0e1-ac17-11f1-a392-eeee0a8d8db9.OPERATION#flowable-async-job-executor-thread-4258#
Step "Start App" finished#
#2026 09 09 06:30:10.365#Z#DEBUG#b34eb0e1-ac17-11f1-a392-eeee0a8d8db9.OPERATION#flowable-async-job-executor-thread-4259#
[ExecuteTaskStep] Executing task "executeTaskTask" of process "d4933bc0-ac17-11f1-a392-eeee0a8d8db9"...#
#2026 09 09 06:30:10.366#Z#DEBUG#b34eb0e1-ac17-11f1-a392-eeee0a8d8db9.OPERATION#flowable-async-job-executor-thread-4259#
[ExecuteTaskStep] Application task execution timeout is default one: 43,200 seconds#
#2026 09 09 06:30:10.367#Z#INFO#b34eb0e1-ac17-11f1-a392-eeee0a8d8db9.OPERATION#flowable-async-job-executor-thread-4259#
[ExecuteTaskStep] Executing task "deploy" on application "ResilienceCockpit-db-deployer"...#
#2026 09 09 06:30:10.370#Z#DEBUG#b34eb0e1-ac17-11f1-a392-eeee0a8d8db9.OPERATION#flowable-async-job-executor-thread-4259#
[ExecuteTaskStep] Running task on application "ResilienceCockpit-db-deployer": {
  "name" : "deploy",
  "command" : "npm start",
  "limits" : {
    "memory" : 256
  }
}#
#2026 09 09 06:30:10.615#Z#DEBUG#b34eb0e1-ac17-11f1-a392-eeee0a8d8db9.OPERATION#flowable-async-job-executor-thread-4259#
Step "Execute Task" finished#
#2026 09 09 06:30:17.372#Z#DEBUG#b34eb0e1-ac17-11f1-a392-eeee0a8d8db9.OPERATION#flowable-async-job-executor-thread-4262#
[ExecuteTaskStep] Executing task "executeTaskTask" of process "d4933bc0-ac17-11f1-a392-eeee0a8d8db9"...#
#2026 09 09 06:30:17.373#Z#DEBUG#b34eb0e1-ac17-11f1-a392-eeee0a8d8db9.OPERATION#flowable-async-job-executor-thread-4262#
[ExecuteTaskStep] Application task execution timeout is default one: 43,200 seconds#
#2026 09 09 06:30:17.374#Z#DEBUG#b34eb0e1-ac17-11f1-a392-eeee0a8d8db9.OPERATION#flowable-async-job-executor-thread-4262#
[ExecuteTaskStep] Getting task "31964894-957b-4bf1-bbc2-b9be94f1af5a"...#
#2026 09 09 06:30:17.400#Z#DEBUG#b34eb0e1-ac17-11f1-a392-eeee0a8d8db9.OPERATION#flowable-async-job-executor-thread-4262#
[ExecuteTaskStep] Task execution status: running#
#2026 09 09 06:30:17.401#Z#DEBUG#b34eb0e1-ac17-11f1-a392-eeee0a8d8db9.OPERATION#flowable-async-job-executor-thread-4262#
[ExecuteTaskStep] Getting application guid "ResilienceCockpit-db-deployer"...#
#2026 09 09 06:30:17.470#Z#DEBUG#b34eb0e1-ac17-11f1-a392-eeee0a8d8db9.OPERATION#flowable-async-job-executor-thread-4262#
Step "Execute Task" finished#
#2026 09 09 06:30:17.378#Z#DEBUG#b34eb0e1-ac17-11f1-a392-eeee0a8d8db9.OPERATION#flowable-async-job-executor-thread-4263#
[RestartAppStep] Executing task "startAppTask" of process "e6b73e63-ac17-11f1-a392-eeee0a8d8db9"...#
#2026 09 09 06:30:17.379#Z#DEBUG#b34eb0e1-ac17-11f1-a392-eeee0a8d8db9.OPERATION#flowable-async-job-executor-thread-4263#
[RestartAppStep] Application start timeout is default one: 3,600 seconds#
#2026 09 09 06:30:17.379#Z#DEBUG#b34eb0e1-ac17-11f1-a392-eeee0a8d8db9.OPERATION#flowable-async-job-executor-thread-4263#
[RestartAppStep] Checking status of application "ResilienceCockpit-srv"...#
#2026 09 09 06:30:17.380#Z#DEBUG#b34eb0e1-ac17-11f1-a392-eeee0a8d8db9.OPERATION#flowable-async-job-executor-thread-4263#
[RestartAppStep] Getting application "ResilienceCockpit-srv"...#
#2026 09 09 06:30:17.409#Z#DEBUG#b34eb0e1-ac17-11f1-a392-eeee0a8d8db9.OPERATION#flowable-async-job-executor-thread-4263#
[RestartAppStep] Getting instances for application "ResilienceCockpit-srv"...#
#2026 09 09 06:30:17.474#Z#DEBUG#b34eb0e1-ac17-11f1-a392-eeee0a8d8db9.OPERATION#flowable-async-job-executor-thread-4263#
[RestartAppStep] Application "ResilienceCockpit-srv": 1 of 1 instances running (1 running)#
#2026 09 09 06:30:17.536#Z#DEBUG#b34eb0e1-ac17-11f1-a392-eeee0a8d8db9.OPERATION#flowable-async-job-executor-thread-4263#
[RestartAppStep] Getting routes for application "846298f7-a9cf-4b9f-a20b-63e370407f6e"...#
#2026 09 09 06:30:17.560#Z#INFO#b34eb0e1-ac17-11f1-a392-eeee0a8d8db9.OPERATION#flowable-async-job-executor-thread-4263#
[RestartAppStep] Application "ResilienceCockpit-srv" started and available at "94060551trial-dev-resiliencecockpit-srv.cfapps.us10-003.hana.ondemand.com"#
#2026 09 09 06:30:17.562#Z#DEBUG#b34eb0e1-ac17-11f1-a392-eeee0a8d8db9.OPERATION#flowable-async-job-executor-thread-4263#
Step "Start App" finished#
#2026 09 09 06:30:27.387#Z#DEBUG#b34eb0e1-ac17-11f1-a392-eeee0a8d8db9.OPERATION#flowable-async-job-executor-thread-4267#
[RestartAppStep] Executing task "startAppTask" of process "ec67d925-ac17-11f1-a392-eeee0a8d8db9"...#
#2026 09 09 06:30:27.388#Z#DEBUG#b34eb0e1-ac17-11f1-a392-eeee0a8d8db9.OPERATION#flowable-async-job-executor-thread-4267#
[RestartAppStep] Application start timeout is default one: 3,600 seconds#
#2026 09 09 06:30:27.389#Z#DEBUG#b34eb0e1-ac17-11f1-a392-eeee0a8d8db9.OPERATION#flowable-async-job-executor-thread-4267#
Step "Start App" finished#
#2026 09 09 06:30:27.433#Z#DEBUG#b34eb0e1-ac17-11f1-a392-eeee0a8d8db9.OPERATION#flowable-async-job-executor-thread-4269#
[PrepareToExecuteTasksStep] Executing task "prepareToExecuteTasksTask" of process "f24688da-ac17-11f1-a392-eeee0a8d8db9"...#
#2026 09 09 06:30:27.433#Z#DEBUG#b34eb0e1-ac17-11f1-a392-eeee0a8d8db9.OPERATION#flowable-async-job-executor-thread-4269#
Step "Prepare To Execute Tasks" finished#
#2026 09 09 06:30:27.470#Z#DEBUG#b34eb0e1-ac17-11f1-a392-eeee0a8d8db9.OPERATION#flowable-async-job-executor-thread-4270#
[PublishConfigurationEntriesStep] Executing task "publishProvidedDependenciesTask" of process "f2432d56-ac17-11f1-a392-eeee0a8d8db9"...#
#2026 09 09 06:30:27.471#Z#DEBUG#b34eb0e1-ac17-11f1-a392-eeee0a8d8db9.OPERATION#flowable-async-job-executor-thread-4270#
[PublishConfigurationEntriesStep] Publishing public provided dependencies for application "ResilienceCockpit-srv"...#
#2026 09 09 06:30:27.471#Z#DEBUG#b34eb0e1-ac17-11f1-a392-eeee0a8d8db9.OPERATION#flowable-async-job-executor-thread-4270#
[PublishConfigurationEntriesStep] No public provided dependencies for publishing#
#2026 09 09 06:30:27.471#Z#DEBUG#b34eb0e1-ac17-11f1-a392-eeee0a8d8db9.OPERATION#flowable-async-job-executor-thread-4270#
Step "Publish Provided Dependencies" finished#
#2026 09 09 06:30:27.489#Z#DEBUG#b34eb0e1-ac17-11f1-a392-eeee0a8d8db9.OPERATION#flowable-async-job-executor-thread-4271#
[CreateOrUpdateServiceBrokerStep] Executing task "createOrUpdateServiceBrokerTask" of process "f2432d56-ac17-11f1-a392-eeee0a8d8db9"...#
#2026 09 09 06:30:27.490#Z#DEBUG#b34eb0e1-ac17-11f1-a392-eeee0a8d8db9.OPERATION#flowable-async-job-executor-thread-4271#
[CreateOrUpdateServiceBrokerStep] Creating service brokers...#
#2026 09 09 06:30:27.490#Z#DEBUG#b34eb0e1-ac17-11f1-a392-eeee0a8d8db9.OPERATION#flowable-async-job-executor-thread-4271#
Step "Create Or Update Service Broker " finished#
#2026 09 09 06:30:27.385#Z#DEBUG#b34eb0e1-ac17-11f1-a392-eeee0a8d8db9.OPERATION#flowable-async-job-executor-thread-4266#
[ExecuteTaskStep] Executing task "executeTaskTask" of process "d4933bc0-ac17-11f1-a392-eeee0a8d8db9"...#
#2026 09 09 06:30:27.386#Z#DEBUG#b34eb0e1-ac17-11f1-a392-eeee0a8d8db9.OPERATION#flowable-async-job-executor-thread-4266#
[ExecuteTaskStep] Application task execution timeout is default one: 43,200 seconds#
#2026 09 09 06:30:27.387#Z#DEBUG#b34eb0e1-ac17-11f1-a392-eeee0a8d8db9.OPERATION#flowable-async-job-executor-thread-4266#
[ExecuteTaskStep] Getting task "31964894-957b-4bf1-bbc2-b9be94f1af5a"...#
#2026 09 09 06:30:27.419#Z#DEBUG#b34eb0e1-ac17-11f1-a392-eeee0a8d8db9.OPERATION#flowable-async-job-executor-thread-4266#
[ExecuteTaskStep] Task execution status: failed#
#2026 09 09 06:30:27.420#Z#DEBUG#b34eb0e1-ac17-11f1-a392-eeee0a8d8db9.OPERATION#flowable-async-job-executor-thread-4266#
[ExecuteTaskStep] Getting application guid "ResilienceCockpit-db-deployer"...#
#2026 09 09 06:30:27.485#Z#ERROR#b34eb0e1-ac17-11f1-a392-eeee0a8d8db9.OPERATION#flowable-async-job-executor-thread-4266#
[ExecuteTaskStep] Execution of task "deploy" on application "ResilienceCockpit-db-deployer" failed.#
#2026 09 09 06:30:27.491#Z#INFO#b34eb0e1-ac17-11f1-a392-eeee0a8d8db9.OPERATION#flowable-async-job-executor-thread-4266#
[ExecuteTaskStep] Download the MTA operation logs for more details.#
#2026 09 09 06:30:27.493#Z#DEBUG#b34eb0e1-ac17-11f1-a392-eeee0a8d8db9.OPERATION#flowable-async-job-executor-thread-4266#
Step "Execute Task" finished#
#2026 09 09 06:30:28.828#Z#DEBUG#b34eb0e1-ac17-11f1-a392-eeee0a8d8db9.OPERATION#flowable-async-job-executor-thread-986#
[ExecuteTaskStep] Executing task "executeTaskTask" of process "d4933bc0-ac17-11f1-a392-eeee0a8d8db9"...#
#2026 09 09 06:30:28.832#Z#DEBUG#b34eb0e1-ac17-11f1-a392-eeee0a8d8db9.OPERATION#flowable-async-job-executor-thread-986#
[ExecuteTaskStep] Application task execution timeout is default one: 43,200 seconds#
#2026 09 09 06:30:28.835#Z#INFO#b34eb0e1-ac17-11f1-a392-eeee0a8d8db9.OPERATION#flowable-async-job-executor-thread-986#
[ExecuteTaskStep] Executing task "deploy" on application "ResilienceCockpit-db-deployer"...#
#2026 09 09 06:30:28.839#Z#DEBUG#b34eb0e1-ac17-11f1-a392-eeee0a8d8db9.OPERATION#flowable-async-job-executor-thread-986#
[ExecuteTaskStep] Running task on application "ResilienceCockpit-db-deployer": {
  "name" : "deploy",
  "command" : "npm start",
  "limits" : {
    "memory" : 256
  }
}#
#2026 09 09 06:30:29.108#Z#DEBUG#b34eb0e1-ac17-11f1-a392-eeee0a8d8db9.OPERATION#flowable-async-job-executor-thread-986#
Step "Execute Task" finished#
#2026 09 09 06:30:37.390#Z#DEBUG#b34eb0e1-ac17-11f1-a392-eeee0a8d8db9.OPERATION#flowable-async-job-executor-thread-4273#
[ExecuteTaskStep] Executing task "executeTaskTask" of process "d4933bc0-ac17-11f1-a392-eeee0a8d8db9"...#
#2026 09 09 06:30:37.391#Z#DEBUG#b34eb0e1-ac17-11f1-a392-eeee0a8d8db9.OPERATION#flowable-async-job-executor-thread-4273#
[ExecuteTaskStep] Application task execution timeout is default one: 43,200 seconds#
#2026 09 09 06:30:37.448#Z#DEBUG#b34eb0e1-ac17-11f1-a392-eeee0a8d8db9.OPERATION#flowable-async-job-executor-thread-4273#
[ExecuteTaskStep] Getting task "ee46b2a8-5383-4e90-a5ad-0fdd18cd23b8"...#
#2026 09 09 06:30:37.493#Z#DEBUG#b34eb0e1-ac17-11f1-a392-eeee0a8d8db9.OPERATION#flowable-async-job-executor-thread-4273#
[ExecuteTaskStep] Task execution status: running#
#2026 09 09 06:30:37.494#Z#DEBUG#b34eb0e1-ac17-11f1-a392-eeee0a8d8db9.OPERATION#flowable-async-job-executor-thread-4273#
[ExecuteTaskStep] Getting application guid "ResilienceCockpit-db-deployer"...#
#2026 09 09 06:30:37.576#Z#DEBUG#b34eb0e1-ac17-11f1-a392-eeee0a8d8db9.OPERATION#flowable-async-job-executor-thread-4273#
Step "Execute Task" finished#
#2026 09 09 06:30:47.394#Z#DEBUG#b34eb0e1-ac17-11f1-a392-eeee0a8d8db9.OPERATION#flowable-async-job-executor-thread-4275#
[ExecuteTaskStep] Executing task "executeTaskTask" of process "d4933bc0-ac17-11f1-a392-eeee0a8d8db9"...#
#2026 09 09 06:30:47.395#Z#DEBUG#b34eb0e1-ac17-11f1-a392-eeee0a8d8db9.OPERATION#flowable-async-job-executor-thread-4275#
[ExecuteTaskStep] Application task execution timeout is default one: 43,200 seconds#
#2026 09 09 06:30:47.396#Z#DEBUG#b34eb0e1-ac17-11f1-a392-eeee0a8d8db9.OPERATION#flowable-async-job-executor-thread-4275#
[ExecuteTaskStep] Getting task "ee46b2a8-5383-4e90-a5ad-0fdd18cd23b8"...#
#2026 09 09 06:30:47.438#Z#DEBUG#b34eb0e1-ac17-11f1-a392-eeee0a8d8db9.OPERATION#flowable-async-job-executor-thread-4275#
[ExecuteTaskStep] Task execution status: failed#
#2026 09 09 06:30:47.439#Z#DEBUG#b34eb0e1-ac17-11f1-a392-eeee0a8d8db9.OPERATION#flowable-async-job-executor-thread-4275#
[ExecuteTaskStep] Getting application guid "ResilienceCockpit-db-deployer"...#
#2026 09 09 06:30:47.493#Z#ERROR#b34eb0e1-ac17-11f1-a392-eeee0a8d8db9.OPERATION#flowable-async-job-executor-thread-4275#
[ExecuteTaskStep] Execution of task "deploy" on application "ResilienceCockpit-db-deployer" failed.#
#2026 09 09 06:30:47.496#Z#INFO#b34eb0e1-ac17-11f1-a392-eeee0a8d8db9.OPERATION#flowable-async-job-executor-thread-4275#
[ExecuteTaskStep] Download the MTA operation logs for more details.#
#2026 09 09 06:30:47.498#Z#DEBUG#b34eb0e1-ac17-11f1-a392-eeee0a8d8db9.OPERATION#flowable-async-job-executor-thread-4275#
Step "Execute Task" finished#
