#2026 08 28 03:50:33.957#Z#INFO#9f2c2b3d-a293-11f1-9e34-eeee0a9f0b65.OPERATION#http-nio-0.0.0.0-8080-exec-1#
[XS2StartProcessListener] Operation ID: 9f2c2b3d-a293-11f1-9e34-eeee0a9f0b65#
#2026 08 28 03:50:33.978#Z#DEBUG#9f2c2b3d-a293-11f1-9e34-eeee0a9f0b65.OPERATION#http-nio-0.0.0.0-8080-exec-1#
[XS2StartProcessListener] Process environment: {
  "SKIP_SSL_VALIDATION" : "false",
  "FLOWABLE_JOB_EXECUTOR_MAX_THREADS" : "32",
  "VERSION" : "2.52.0",
  "BASIC_AUTH_ENABLED" : "true",
  "FLOWABLE_JOB_EXECUTOR_QUEUE_CAPACITY" : "16",
  "FLOWABLE_JOB_EXECUTOR_CORE_THREADS" : "8"
}#
#2026 08 28 03:50:33.978#Z#DEBUG#9f2c2b3d-a293-11f1-9e34-eeee0a9f0b65.OPERATION#http-nio-0.0.0.0-8080-exec-1#
[XS2StartProcessListener] Current user: satyasri.thotakura98@gmail.com#
#2026 08 28 03:50:33.978#Z#DEBUG#9f2c2b3d-a293-11f1-9e34-eeee0a9f0b65.OPERATION#http-nio-0.0.0.0-8080-exec-1#
[XS2StartProcessListener] Client space: dev#
#2026 08 28 03:50:33.978#Z#DEBUG#9f2c2b3d-a293-11f1-9e34-eeee0a9f0b65.OPERATION#http-nio-0.0.0.0-8080-exec-1#
[XS2StartProcessListener] Client organization: 94060551trial#
#2026 08 28 03:50:33.978#Z#INFO#9f2c2b3d-a293-11f1-9e34-eeee0a9f0b65.OPERATION#http-nio-0.0.0.0-8080-exec-1#
[XS2StartProcessListener] Process variables: {
  "keepFiles" : false,
  "skipAppDigestCalculation" : false,
  "abortOnError" : false,
  "mtaId" : "ResilienceCockpit",
  "noFailOnMissingPermissions" : false,
  "isSecurityEnabled" : false,
  "apiRequestPath" : "https://deploy-service.cf.us10-003.hana.ondemand.com/api/v1/spaces/039a1fe6-69a4-4c1e-9b8f-a64d47329d3e/operations",
  "deleteServiceBrokers" : false,
  "appArchiveId" : "c06f77b9-83aa-46cb-a698-22a7cd04284d",
  "isDisposableUserProvidedServiceEnabled" : false,
  "deleteServiceKeys" : false,
  "noRestartSubscribedApps" : false,
  "noStart" : false,
  "deleteServices" : false
}#
#2026 08 28 03:50:34.035#Z#DEBUG#9f2c2b3d-a293-11f1-9e34-eeee0a9f0b65.OPERATION#flowable-async-job-executor-thread-835#
[ValidateDeployParametersStep] Executing task "validateParametersTask" of process "9f2c2b63-a293-11f1-9e34-eeee0a9f0b65"...#
#2026 08 28 03:50:34.035#Z#DEBUG#9f2c2b3d-a293-11f1-9e34-eeee0a9f0b65.OPERATION#flowable-async-job-executor-thread-835#
[ValidateDeployParametersStep] Validating parameters...#
#2026 08 28 03:50:34.038#Z#INFO#9f2c2b3d-a293-11f1-9e34-eeee0a9f0b65.OPERATION#flowable-async-job-executor-thread-835#
[ValidateDeployParametersStep] Size of mtars is 17,593,282 and size of extension descriptors is 0#
#2026 08 28 03:50:34.187#Z#INFO#9f2c2b3d-a293-11f1-9e34-eeee0a9f0b65.OPERATION#flowable-async-job-executor-thread-835#
[ValidateDeployParametersStep] Archive was not split! Total size in bytes: 17,593,282#
#2026 08 28 03:50:34.187#Z#INFO#9f2c2b3d-a293-11f1-9e34-eeee0a9f0b65.OPERATION#flowable-async-job-executor-thread-835#
[ValidateDeployParametersStep] Deploying in org "94060551trial" and space "dev"#
#2026 08 28 03:50:34.191#Z#DEBUG#9f2c2b3d-a293-11f1-9e34-eeee0a9f0b65.OPERATION#flowable-async-job-executor-thread-835#
[ValidateDeployParametersStep] Parameters validated#
#2026 08 28 03:50:34.191#Z#DEBUG#9f2c2b3d-a293-11f1-9e34-eeee0a9f0b65.OPERATION#flowable-async-job-executor-thread-835#
Step "Validate Parameters" finished#
#2026 08 28 03:50:34.221#Z#DEBUG#9f2c2b3d-a293-11f1-9e34-eeee0a9f0b65.OPERATION#flowable-async-job-executor-thread-836#
[DeleteRemainingFileParts] Executing task "deleteRemainingFileParts" of process "9f2c2b63-a293-11f1-9e34-eeee0a9f0b65"...#
#2026 08 28 03:50:34.222#Z#DEBUG#9f2c2b3d-a293-11f1-9e34-eeee0a9f0b65.OPERATION#flowable-async-job-executor-thread-836#
Step "Delete Remaining File Parts" finished#
#2026 08 28 03:50:34.250#Z#DEBUG#9f2c2b3d-a293-11f1-9e34-eeee0a9f0b65.OPERATION#flowable-async-job-executor-thread-837#
[XS2ProcessMtaArchiveStep] Executing task "processArchiveTask" of process "9f2c2b63-a293-11f1-9e34-eeee0a9f0b65"...#
#2026 08 28 03:50:34.251#Z#DEBUG#9f2c2b3d-a293-11f1-9e34-eeee0a9f0b65.OPERATION#flowable-async-job-executor-thread-837#
[XS2ProcessMtaArchiveStep] Processing MTA archive...#
#2026 08 28 03:50:34.251#Z#DEBUG#9f2c2b3d-a293-11f1-9e34-eeee0a9f0b65.OPERATION#flowable-async-job-executor-thread-837#
[XS2ProcessMtaArchiveStep] MTA Archive ID: c06f77b9-83aa-46cb-a698-22a7cd04284d#
#2026 08 28 03:50:34.492#Z#DEBUG#9f2c2b3d-a293-11f1-9e34-eeee0a9f0b65.OPERATION#flowable-async-job-executor-thread-837#
[XS2ProcessMtaArchiveStep] MTA Descriptor length: 4,039#
#2026 08 28 03:50:34.492#Z#DEBUG#9f2c2b3d-a293-11f1-9e34-eeee0a9f0b65.OPERATION#flowable-async-job-executor-thread-837#
[XS2ProcessMtaArchiveStep] MTA Archive Modules: [ResilienceCockpit-srv, ResilienceCockpit-app-deployer, ResilienceCockpit-db-deployer]#
#2026 08 28 03:50:34.492#Z#DEBUG#9f2c2b3d-a293-11f1-9e34-eeee0a9f0b65.OPERATION#flowable-async-job-executor-thread-837#
[XS2ProcessMtaArchiveStep] MTA Archive Requires: []#
#2026 08 28 03:50:34.492#Z#DEBUG#9f2c2b3d-a293-11f1-9e34-eeee0a9f0b65.OPERATION#flowable-async-job-executor-thread-837#
[XS2ProcessMtaArchiveStep] MTA Archive Resources: [ResilienceCockpit-auth]#
#2026 08 28 03:50:34.502#Z#DEBUG#9f2c2b3d-a293-11f1-9e34-eeee0a9f0b65.OPERATION#flowable-async-job-executor-thread-837#
[XS2ProcessMtaArchiveStep] MTA archive processed#
#2026 08 28 03:50:34.502#Z#DEBUG#9f2c2b3d-a293-11f1-9e34-eeee0a9f0b65.OPERATION#flowable-async-job-executor-thread-837#
Step "Process Archive" finished#
#2026 08 28 03:50:34.539#Z#DEBUG#9f2c2b3d-a293-11f1-9e34-eeee0a9f0b65.OPERATION#flowable-async-job-executor-thread-838#
[ProcessMtaExtensionDescriptorsStep] Executing task "processExtensionDescriptorsTask" of process "9f2c2b63-a293-11f1-9e34-eeee0a9f0b65"...#
#2026 08 28 03:50:34.541#Z#DEBUG#9f2c2b3d-a293-11f1-9e34-eeee0a9f0b65.OPERATION#flowable-async-job-executor-thread-838#
[ProcessMtaExtensionDescriptorsStep] Processing MTA extension descriptors...#
#2026 08 28 03:50:34.543#Z#DEBUG#9f2c2b3d-a293-11f1-9e34-eeee0a9f0b65.OPERATION#flowable-async-job-executor-thread-838#
[ProcessMtaExtensionDescriptorsStep] Provided extension descriptors: [ ]#
#2026 08 28 03:50:34.543#Z#DEBUG#9f2c2b3d-a293-11f1-9e34-eeee0a9f0b65.OPERATION#flowable-async-job-executor-thread-838#
[ProcessMtaExtensionDescriptorsStep] No extension descriptors in use#
#2026 08 28 03:50:34.543#Z#DEBUG#9f2c2b3d-a293-11f1-9e34-eeee0a9f0b65.OPERATION#flowable-async-job-executor-thread-838#
[ProcessMtaExtensionDescriptorsStep] MTA extension descriptors processed#
#2026 08 28 03:50:34.543#Z#DEBUG#9f2c2b3d-a293-11f1-9e34-eeee0a9f0b65.OPERATION#flowable-async-job-executor-thread-838#
Step "Process Extension Descriptors" finished#
#2026 08 28 03:50:34.576#Z#DEBUG#9f2c2b3d-a293-11f1-9e34-eeee0a9f0b65.OPERATION#flowable-async-job-executor-thread-839#
[XS2DetectMtaSchemaVersionStep] Executing task "detectSchemaVersionTask" of process "9f2c2b63-a293-11f1-9e34-eeee0a9f0b65"...#
#2026 08 28 03:50:34.577#Z#DEBUG#9f2c2b3d-a293-11f1-9e34-eeee0a9f0b65.OPERATION#flowable-async-job-executor-thread-839#
[XS2DetectMtaSchemaVersionStep] Detecting MTA major schema version...#
#2026 08 28 03:50:34.579#Z#INFO#9f2c2b3d-a293-11f1-9e34-eeee0a9f0b65.OPERATION#flowable-async-job-executor-thread-839#
[XS2DetectMtaSchemaVersionStep] Detected MTA schema version: "3"#
#2026 08 28 03:50:34.584#Z#DEBUG#9f2c2b3d-a293-11f1-9e34-eeee0a9f0b65.OPERATION#flowable-async-job-executor-thread-839#
Step "Detect Schema Version" finished#
#2026 08 28 03:50:34.615#Z#DEBUG#9f2c2b3d-a293-11f1-9e34-eeee0a9f0b65.OPERATION#flowable-async-job-executor-thread-840#
[MergeDescriptorsStep] Executing task "mergeDescriptorsTask" of process "9f2c2b63-a293-11f1-9e34-eeee0a9f0b65"...#
#2026 08 28 03:50:34.615#Z#DEBUG#9f2c2b3d-a293-11f1-9e34-eeee0a9f0b65.OPERATION#flowable-async-job-executor-thread-840#
[MergeDescriptorsStep] Validating and merging descriptors...#
#2026 08 28 03:50:34.620#Z#DEBUG#9f2c2b3d-a293-11f1-9e34-eeee0a9f0b65.OPERATION#flowable-async-job-executor-thread-840#
[MergeDescriptorsStep] Merged deployment descriptor: {
  "majorSchemaVersion" : 3,
  "schemaVersion" : "3.3.0",
  "id" : "ResilienceCockpit",
  "version" : "1.0.0",
  "modules" : [ {
    "majorSchemaVersion" : 3,
    "name" : "ResilienceCockpit-srv",
    "type" : "javascript.nodejs",
    "path" : "ResilienceCockpit-srv",
    "properties" : { },
    "parameters" : {
      "buildpack" : "nodejs_buildpack",
      "instances" : 1
    },
    "requiredDependencies" : [ {
      "majorSchemaVersion" : 3,
      "name" : "********",
      "properties" : { },
      "parameters" : { },
      "propertiesMetadata" : {
        "metadata" : { }
      },
      "parametersMetadata" : {
        "metadata" : { }
      }
    }, {
      "majorSchemaVersion" : 3,
      "name" : "ResilienceCockpit-db",
      "properties" : { },
      "parameters" : { },
      "propertiesMetadata" : {
        "metadata" : { }
      },
      "parametersMetadata" : {
        "metadata" : { }
      }
    }, {
      "majorSchemaVersion" : 3,
      "name" : "ResilienceCockpit-connectivity",
      "properties" : { },
      "parameters" : { },
      "propertiesMetadata" : {
        "metadata" : { }
      },
      "parametersMetadata" : {
        "metadata" : { }
      }
    }, {
      "majorSchemaVersion" : 3,
      "name" : "ResilienceCockpit-destination",
      "properties" : { },
      "parameters" : { },
      "propertiesMetadata" : {
        "metadata" : { }
      },
      "parametersMetadata" : {
        "metadata" : { }
      }
    }, {
      "majorSchemaVersion" : 3,
      "name" : "ResilienceCockpit-logging",
      "properties" : { },
      "parameters" : { },
      "propertiesMetadata" : {
        "metadata" : { }
      },
      "parametersMetadata" : {
        "metadata" : { }
      }
    } ],
    "providedDependencies" : [ {
      "majorSchemaVersion" : 3,
      "name" : "srv-api",
      "isPublic" : false,
      "properties" : {
        "srv-url" : "${default-url}"
      },
      "parameters" : { },
      "propertiesMetadata" : {
        "metadata" : { }
      },
      "parametersMetadata" : {
        "metadata" : { }
      }
    }, {
      "majorSchemaVersion" : 3,
      "name" : "ResilienceCockpit-srv",
      "isPublic" : false,
      "properties" : { },
      "parameters" : { },
      "propertiesMetadata" : {
        "metadata" : { }
      },
      "parametersMetadata" : {
        "metadata" : { }
      }
    } ],
    "propertiesMetadata" : {
      "metadata" : { }
    },
    "parametersMetadata" : {
      "metadata" : { }
    },
    "hooks" : [ ]
  }, {
    "majorSchemaVersion" : 3,
    "name" : "ResilienceCockpit-db-deployer",
    "type" : "com.sap.xs.hdi",
    "path" : "ResilienceCockpit-db-deployer",
    "properties" : {
      "EXIT" : 1
    },
    "parameters" : {
      "memory" : "256M",
      "buildpack" : "nodejs_buildpack",
      "no-route" : true,
      "dependency-type" : "hard",
      "tasks" : [ {
        "name" : "deploy",
        "memory" : "256M",
        "command" : "npm start"
      } ],
      "no-start" : true
    },
    "requiredDependencies" : [ {
      "majorSchemaVersion" : 3,
      "name" : "ResilienceCockpit-db",
      "properties" : { },
      "parameters" : { },
      "propertiesMetadata" : {
        "metadata" : { }
      },
      "parametersMetadata" : {
        "metadata" : { }
      }
    } ],
    "providedDependencies" : [ {
      "majorSchemaVersion" : 3,
      "name" : "ResilienceCockpit-db-deployer",
      "isPublic" : false,
      "properties" : { },
      "parameters" : { },
      "propertiesMetadata" : {
        "metadata" : { }
      },
      "parametersMetadata" : {
        "metadata" : { }
      }
    } ],
    "propertiesMetadata" : {
      "metadata" : { }
    },
    "parametersMetadata" : {
      "metadata" : { }
    },
    "hooks" : [ ]
  }, {
    "majorSchemaVersion" : 3,
    "name" : "ResilienceCockpit-app-deployer",
    "type" : "com.sap.application.content",
    "path" : "ResilienceCockpit-app-deployer",
    "properties" : { },
    "parameters" : { },
    "requiredDependencies" : [ {
      "majorSchemaVersion" : 3,
      "name" : "********",
      "properties" : { },
      "parameters" : { },
      "propertiesMetadata" : {
        "metadata" : { }
      },
      "parametersMetadata" : {
        "metadata" : { }
      }
    }, {
      "majorSchemaVersion" : 3,
      "name" : "srv-api",
      "properties" : { },
      "parameters" : { },
      "propertiesMetadata" : {
        "metadata" : { }
      },
      "parametersMetadata" : {
        "metadata" : { }
      }
    }, {
      "majorSchemaVersion" : 3,
      "name" : "ResilienceCockpit-html5-repo-host",
      "properties" : { },
      "parameters" : {
        "config" : {
          "HTML5Runtime_enabled" : false
        },
        "content-target" : true
      },
      "propertiesMetadata" : {
        "metadata" : { }
      },
      "parametersMetadata" : {
        "metadata" : { }
      }
    } ],
    "providedDependencies" : [ {
      "majorSchemaVersion" : 3,
      "name" : "ResilienceCockpit-app-deployer",
      "isPublic" : false,
      "properties" : { },
      "parameters" : { },
      "propertiesMetadata" : {
        "metadata" : { }
      },
      "parametersMetadata" : {
        "metadata" : { }
      }
    } ],
    "propertiesMetadata" : {
      "metadata" : { }
    },
    "parametersMetadata" : {
      "metadata" : { }
    },
    "hooks" : [ ]
  }, {
    "majorSchemaVersion" : 3,
    "name" : "ResilienceCockpit-destination-content",
    "type" : "com.sap.application.content",
    "properties" : { },
    "parameters" : {
      "content" : {
        "instance" : {
          "destinations" : [ {
            "Authentication" : "********",
            "Name" : "srv-api",
            "TokenServiceInstanceName" : "********",
            "TokenServiceKeyName" : "********",
            "URL" : "~{srv-api/srv-url}"
          }, {
            "Name" : "ResilienceCockpit-html5-repo-host",
            "ServiceInstanceName" : "ResilienceCockpit-html5-repo-host",
            "ServiceKeyName" : "********",
            "sap.cloud.service" : "nexus"
          }, {
            "Authentication" : "********",
            "Name" : "********",
            "ServiceInstanceName" : "********",
            "ServiceKeyName" : "********"
          } ],
          "existing_destinations_policy" : "update"
        }
      }
    },
    "requiredDependencies" : [ {
      "majorSchemaVersion" : 3,
      "name" : "********",
      "properties" : { },
      "parameters" : {
        "service-key" : "********"
      },
      "propertiesMetadata" : {
        "metadata" : { }
      },
      "parametersMetadata" : {
        "metadata" : { }
      }
    }, {
      "majorSchemaVersion" : 3,
      "name" : "ResilienceCockpit-html5-repo-host",
      "properties" : { },
      "parameters" : {
        "service-key" : "********"
      },
      "propertiesMetadata" : {
        "metadata" : { }
      },
      "parametersMetadata" : {
        "metadata" : { }
      }
    }, {
      "majorSchemaVersion" : 3,
      "name" : "srv-api",
      "properties" : { },
      "parameters" : { },
      "propertiesMetadata" : {
        "metadata" : { }
      },
      "parametersMetadata" : {
        "metadata" : { }
      }
    }, {
      "majorSchemaVersion" : 3,
      "name" : "ResilienceCockpit-destination",
      "properties" : { },
      "parameters" : {
        "content-target" : true
      },
      "propertiesMetadata" : {
        "metadata" : { }
      },
      "parametersMetadata" : {
        "metadata" : { }
      }
    } ],
    "providedDependencies" : [ {
      "majorSchemaVersion" : 3,
      "name" : "ResilienceCockpit-destination-content",
      "isPublic" : false,
      "properties" : { },
      "parameters" : { },
      "propertiesMetadata" : {
        "metadata" : { }
      },
      "parametersMetadata" : {
        "metadata" : { }
      }
    } ],
    "propertiesMetadata" : {
      "metadata" : { }
    },
    "parametersMetadata" : {
      "metadata" : { }
    },
    "hooks" : [ ]
  } ],
  "resources" : [ {
    "majorSchemaVersion" : 3,
    "name" : "********",
    "type" : "org.cloudfoundry.managed-service",
    "properties" : { },
    "parameters" : {
      "path" : "./xs-security.json",
      "service-plan" : "application",
      "type" : "managed-service",
      "config" : {
        "oauth2-configuration" : "********",
        "tenant-mode" : "dedicated",
        "xsappname" : "ResilienceCockpit-${org}-${space}"
      },
      "service" : "xsuaa"
    },
    "isActive" : true,
    "isOptional" : false,
    "propertiesMetadata" : {
      "metadata" : { }
    },
    "parametersMetadata" : {
      "metadata" : { }
    },
    "requiredDependencies" : [ ],
    "processedAfter" : [ ]
  }, {
    "majorSchemaVersion" : 3,
    "name" : "ResilienceCockpit-db",
    "type" : "com.sap.xs.hdi-container",
    "properties" : { },
    "parameters" : {
      "type" : "managed-service",
      "service" : "hana",
      "service-plan" : "hdi-shared"
    },
    "isActive" : true,
    "isOptional" : false,
    "propertiesMetadata" : {
      "metadata" : { }
    },
    "parametersMetadata" : {
      "metadata" : { }
    },
    "requiredDependencies" : [ ],
    "processedAfter" : [ ]
  }, {
    "majorSchemaVersion" : 3,
    "name" : "ResilienceCockpit-connectivity",
    "type" : "org.cloudfoundry.managed-service",
    "properties" : { },
    "parameters" : {
      "type" : "managed-service",
      "service" : "connectivity",
      "service-plan" : "lite"
    },
    "isActive" : true,
    "isOptional" : false,
    "propertiesMetadata" : {
      "metadata" : { }
    },
    "parametersMetadata" : {
      "metadata" : { }
    },
    "requiredDependencies" : [ ],
    "processedAfter" : [ ]
  }, {
    "majorSchemaVersion" : 3,
    "name" : "ResilienceCockpit-destination",
    "type" : "org.cloudfoundry.managed-service",
    "properties" : { },
    "parameters" : {
      "service-plan" : "lite",
      "type" : "managed-service",
      "config" : {
        "HTML5Runtime_enabled" : true,
        "init_data" : {
          "instance" : {
            "destinations" : [ {
              "Authentication" : "********",
              "Name" : "ui5",
              "ProxyType" : "Internet",
              "Type" : "HTTP",
              "URL" : "https://ui5.sap.com"
            }, {
              "Authentication" : "********",
              "HTML5.DynamicDestination" : true,
              "HTML5.ForwardAuthToken" : "********",
              "Name" : "srv-api",
              "ProxyType" : "Internet",
              "Type" : "HTTP",
              "URL" : "~{srv-api/srv-url}"
            } ],
            "existing_destinations_policy" : "update"
          }
        }
      },
      "service" : "destination"
    },
    "isActive" : true,
    "isOptional" : false,
    "propertiesMetadata" : {
      "metadata" : { }
    },
    "parametersMetadata" : {
      "metadata" : { }
    },
    "requiredDependencies" : [ {
      "majorSchemaVersion" : 3,
      "name" : "srv-api",
      "properties" : { },
      "parameters" : { },
      "propertiesMetadata" : {
        "metadata" : { }
      },
      "parametersMetadata" : {
        "metadata" : { }
      }
    } ],
    "processedAfter" : [ ]
  }, {
    "majorSchemaVersion" : 3,
    "name" : "ResilienceCockpit-html5-repo-host",
    "type" : "org.cloudfoundry.managed-service",
    "properties" : { },
    "parameters" : {
      "type" : "managed-service",
      "service" : "html5-apps-repo",
      "service-plan" : "app-host"
    },
    "isActive" : true,
    "isOptional" : false,
    "propertiesMetadata" : {
      "metadata" : { }
    },
    "parametersMetadata" : {
      "metadata" : { }
    },
    "requiredDependencies" : [ ],
    "processedAfter" : [ ]
  }, {
    "majorSchemaVersion" : 3,
    "name" : "ResilienceCockpit-logging",
    "type" : "org.cloudfoundry.managed-service",
    "properties" : { },
    "parameters" : {
      "type" : "managed-service",
      "service" : "application-logs",
      "service-plan" : "lite"
    },
    "isActive" : true,
    "isOptional" : false,
    "propertiesMetadata" : {
      "metadata" : { }
    },
    "parametersMetadata" : {
      "metadata" : { }
    },
    "requiredDependencies" : [ ],
    "processedAfter" : [ ]
  } ],
  "parameters" : {
    "enable-parallel-deployments" : true,
    "deploy_mode" : "html5-repo"
  },
  "parametersMetadata" : {
    "metadata" : { }
  }
}#
#2026 08 28 03:50:34.622#Z#DEBUG#9f2c2b3d-a293-11f1-9e34-eeee0a9f0b65.OPERATION#flowable-async-job-executor-thread-840#
[MergeDescriptorsStep] Descriptors validated and merged#
#2026 08 28 03:50:34.622#Z#DEBUG#9f2c2b3d-a293-11f1-9e34-eeee0a9f0b65.OPERATION#flowable-async-job-executor-thread-840#
Step "Merge Descriptors" finished#
#2026 08 28 03:50:34.656#Z#DEBUG#9f2c2b3d-a293-11f1-9e34-eeee0a9f0b65.OPERATION#flowable-async-job-executor-thread-841#
[DetectDeployedMtaStep] Executing task "detectDeployedMtaTask" of process "9f2c2b63-a293-11f1-9e34-eeee0a9f0b65"...#
#2026 08 28 03:50:34.657#Z#DEBUG#9f2c2b3d-a293-11f1-9e34-eeee0a9f0b65.OPERATION#flowable-async-job-executor-thread-841#
[DetectDeployedMtaStep] Detecting deployed MTA...#
#2026 08 28 03:50:34.658#Z#DEBUG#9f2c2b3d-a293-11f1-9e34-eeee0a9f0b65.OPERATION#flowable-async-job-executor-thread-841#
[DetectDeployedMtaStep] Detecting MTA by id ResilienceCockpit and namespace null#
#2026 08 28 03:50:34.658#Z#DEBUG#9f2c2b3d-a293-11f1-9e34-eeee0a9f0b65.OPERATION#flowable-async-job-executor-thread-841#
[DetectDeployedMtaStep] Getting applications by metadata label selector "mta_id=12714f170fc41ee91010bfb8bfd6b5c9,!mta_namespace"...#
#2026 08 28 03:50:34.693#Z#DEBUG#9f2c2b3d-a293-11f1-9e34-eeee0a9f0b65.OPERATION#flowable-async-job-executor-thread-841#
[DetectDeployedMtaStep] Getting service instances by metadata label selector "mta_id=12714f170fc41ee91010bfb8bfd6b5c9,!mta_namespace"...#
#2026 08 28 03:50:34.806#Z#DEBUG#9f2c2b3d-a293-11f1-9e34-eeee0a9f0b65.OPERATION#flowable-async-job-executor-thread-841#
[DetectDeployedMtaStep] Deployed MTA: {
  "metadata" : {
    "id" : "ResilienceCockpit",
    "version" : "1.0.0"
  },
  "applications" : [ {
    "name" : "ResilienceCockpit-srv",
    "metadata" : {
      "guid" : "846298f7-a9cf-4b9f-a20b-63e370407f6e",
      "createdAt" : [ 2026, 8, 25, 8, 30, 21 ],
      "updatedAt" : [ 2026, 8, 28, 3, 41, 21 ]
    },
    "v3Metadata" : {
      "annotations" : {
        "mta_id" : "ResilienceCockpit",
        "mta_version" : "1.0.0",
        "mta_module" : "{\"name\":\"ResilienceCockpit-srv\"}",
        "mta_module_provided_dependencies" : "[]",
        "mta_bound_services" : "********"
      },
      "labels" : {
        "mta_id" : "12714f170fc41ee91010bfb8bfd6b5c9"
      }
    },
    "state" : "STARTED",
    "lifecycle" : {
      "type" : "BUILDPACK",
      "data" : {
        "stack" : "cflinuxfs4",
        "buildpacks" : [ "nodejs_buildpack" ]
      }
    },
    "space" : {
      "name" : "dev",
      "metadata" : {
        "guid" : "039a1fe6-69a4-4c1e-9b8f-a64d47329d3e",
        "createdAt" : [ 2026, 7, 19, 3, 49, 2 ],
        "updatedAt" : [ 2026, 7, 19, 3, 49, 2 ]
      },
      "organization" : {
        "name" : "94060551trial",
        "metadata" : {
          "guid" : "78e7b825-503f-4bdc-af4e-be86d7f43c8e",
          "createdAt" : [ 2026, 7, 19, 3, 49, 1 ],
          "updatedAt" : [ 2026, 7, 19, 3, 49, 2 ]
        }
      }
    },
    "moduleName" : "ResilienceCockpit-srv",
    "boundMtaServices" : [ "********", "ResilienceCockpit-db", "ResilienceCockpit-connectivity", "ResilienceCockpit-destination", "ResilienceCockpit-logging" ],
    "providedDependencyNames" : [ ],
    "productizationState" : "LIVE"
  }, {
    "name" : "ResilienceCockpit-db-deployer",
    "metadata" : {
      "guid" : "2d23200b-60aa-4519-b7f8-9f40de7a8ecc",
      "createdAt" : [ 2026, 8, 25, 8, 30, 23 ],
      "updatedAt" : [ 2026, 8, 28, 3, 41, 23 ]
    },
    "v3Metadata" : {
      "annotations" : {
        "mta_id" : "ResilienceCockpit",
        "mta_version" : "1.0.0",
        "mta_module" : "{\"name\":\"ResilienceCockpit-db-deployer\"}",
        "mta_module_provided_dependencies" : "[]",
        "mta_bound_services" : "[\"ResilienceCockpit-db\"]"
      },
      "labels" : {
        "mta_id" : "12714f170fc41ee91010bfb8bfd6b5c9"
      }
    },
    "state" : "STOPPED",
    "lifecycle" : {
      "type" : "BUILDPACK",
      "data" : {
        "stack" : "cflinuxfs4",
        "buildpacks" : [ "nodejs_buildpack" ]
      }
    },
    "space" : {
      "name" : "dev",
      "metadata" : {
        "guid" : "039a1fe6-69a4-4c1e-9b8f-a64d47329d3e",
        "createdAt" : [ 2026, 7, 19, 3, 49, 2 ],
        "updatedAt" : [ 2026, 7, 19, 3, 49, 2 ]
      },
      "organization" : {
        "name" : "94060551trial",
        "metadata" : {
          "guid" : "78e7b825-503f-4bdc-af4e-be86d7f43c8e",
          "createdAt" : [ 2026, 7, 19, 3, 49, 1 ],
          "updatedAt" : [ 2026, 7, 19, 3, 49, 2 ]
        }
      }
    },
    "moduleName" : "ResilienceCockpit-db-deployer",
    "boundMtaServices" : [ "ResilienceCockpit-db" ],
    "providedDependencyNames" : [ ],
    "productizationState" : "LIVE"
  } ],
  "services" : [ {
    "name" : "ResilienceCockpit-connectivity",
    "metadata" : {
      "guid" : "57ce73c3-9d98-4630-a914-bb3fe51155dc",
      "createdAt" : [ 2026, 8, 25, 8, 30, 4 ],
      "updatedAt" : [ 2026, 8, 25, 8, 30, 6 ]
    },
    "v3Metadata" : {
      "annotations" : {
        "mta_id" : "ResilienceCockpit",
        "mta_version" : "1.0.0",
        "mta_resource" : "{\"name\":\"ResilienceCockpit-connectivity\"}"
      },
      "labels" : {
        "mta_id" : "12714f170fc41ee91010bfb8bfd6b5c9"
      }
    },
    "label" : "connectivity",
    "plan" : "lite",
    "credentials" : "********",
    "tags" : [ ],
    "type" : "managed",
    "lastOperation" : {
      "type" : "CREATE",
      "description" : "",
      "state" : "SUCCEEDED"
    },
    "resourceName" : "ResilienceCockpit-connectivity"
  }, {
    "name" : "ResilienceCockpit-db",
    "metadata" : {
      "guid" : "793c82c4-0c29-4054-8664-8ad70f1aaf7d",
      "createdAt" : [ 2026, 8, 25, 8, 30, 5 ],
      "updatedAt" : [ 2026, 8, 25, 8, 30, 5 ]
    },
    "v3Metadata" : {
      "annotations" : {
        "mta_id" : "ResilienceCockpit",
        "mta_version" : "1.0.0",
        "mta_resource" : "{\"name\":\"ResilienceCockpit-db\"}"
      },
      "labels" : {
        "mta_id" : "12714f170fc41ee91010bfb8bfd6b5c9"
      }
    },
    "label" : "hana",
    "plan" : "hdi-shared",
    "credentials" : "********",
    "tags" : [ ],
    "type" : "managed",
    "lastOperation" : {
      "type" : "CREATE",
      "state" : "SUCCEEDED"
    },
    "resourceName" : "ResilienceCockpit-db"
  }, {
    "name" : "********",
    "metadata" : {
      "guid" : "a4201f74-f0ad-456c-947a-8ce52d2ae7ca",
      "createdAt" : [ 2026, 8, 25, 8, 30, 2 ],
      "updatedAt" : [ 2026, 8, 25, 8, 30, 3 ]
    },
    "v3Metadata" : {
      "annotations" : {
        "mta_id" : "ResilienceCockpit",
        "mta_version" : "1.0.0",
        "mta_resource" : "********"
      },
      "labels" : {
        "mta_id" : "12714f170fc41ee91010bfb8bfd6b5c9"
      }
    },
    "label" : "xsuaa",
    "plan" : "application",
    "credentials" : "********",
    "tags" : [ ],
    "type" : "managed",
    "lastOperation" : {
      "type" : "UPDATE",
      "description" : "",
      "state" : "SUCCEEDED"
    },
    "resourceName" : "********"
  }, {
    "name" : "ResilienceCockpit-logging",
    "metadata" : {
      "guid" : "336ec7d3-cd56-4076-bb50-7f23f8654af2",
      "createdAt" : [ 2026, 8, 25, 8, 30, 2 ],
      "updatedAt" : [ 2026, 8, 25, 8, 30, 3 ]
    },
    "v3Metadata" : {
      "annotations" : {
        "mta_id" : "ResilienceCockpit",
        "mta_version" : "1.0.0",
        "mta_resource" : "{\"name\":\"ResilienceCockpit-logging\"}"
      },
      "labels" : {
        "mta_id" : "12714f170fc41ee91010bfb8bfd6b5c9"
      }
    },
    "label" : "application-logs",
    "plan" : "lite",
    "credentials" : "********",
    "tags" : [ ],
    "type" : "managed",
    "lastOperation" : {
      "type" : "CREATE",
      "description" : "",
      "state" : "SUCCEEDED"
    },
    "resourceName" : "ResilienceCockpit-logging"
  }, {
    "name" : "ResilienceCockpit-destination",
    "metadata" : {
      "guid" : "b320a563-1340-4020-8574-566b1e2175a9",
      "createdAt" : [ 2026, 8, 25, 11, 44, 14 ],
      "updatedAt" : [ 2026, 8, 25, 11, 44, 19 ]
    },
    "v3Metadata" : {
      "annotations" : {
        "mta_id" : "ResilienceCockpit",
        "mta_version" : "1.0.0",
        "mta_resource" : "{\"name\":\"ResilienceCockpit-destination\"}"
      },
      "labels" : {
        "mta_id" : "12714f170fc41ee91010bfb8bfd6b5c9"
      }
    },
    "label" : "destination",
    "plan" : "lite",
    "credentials" : "********",
    "tags" : [ ],
    "type" : "managed",
    "lastOperation" : {
      "type" : "UPDATE",
      "description" : "********",
      "state" : "FAILED"
    },
    "resourceName" : "ResilienceCockpit-destination"
  }, {
    "name" : "ResilienceCockpit-html5-repo-host",
    "metadata" : {
      "guid" : "fd6aaf90-4cca-4826-9764-60a919421480",
      "createdAt" : [ 2026, 8, 25, 8, 30, 6 ],
      "updatedAt" : [ 2026, 8, 25, 8, 30, 7 ]
    },
    "v3Metadata" : {
      "annotations" : {
        "mta_id" : "ResilienceCockpit",
        "mta_version" : "1.0.0",
        "mta_resource" : "{\"name\":\"ResilienceCockpit-html5-repo-host\"}"
      },
      "labels" : {
        "mta_id" : "12714f170fc41ee91010bfb8bfd6b5c9"
      }
    },
    "label" : "html5-apps-repo",
    "plan" : "app-host",
    "credentials" : "********",
    "tags" : [ ],
    "type" : "managed",
    "lastOperation" : {
      "type" : "CREATE",
      "description" : "",
      "state" : "SUCCEEDED"
    },
    "resourceName" : "ResilienceCockpit-html5-repo-host"
  } ]
}#
#2026 08 28 03:50:34.807#Z#INFO#9f2c2b3d-a293-11f1-9e34-eeee0a9f0b65.OPERATION#flowable-async-job-executor-thread-841#
[DetectDeployedMtaStep] Detected deployed MTA with ID "ResilienceCockpit" and version "1.0.0"#
#2026 08 28 03:50:34.812#Z#DEBUG#9f2c2b3d-a293-11f1-9e34-eeee0a9f0b65.OPERATION#flowable-async-job-executor-thread-841#
[DetectDeployedMtaStep] Detecting backup mta by id "ResilienceCockpit" and namespace "null"#
#2026 08 28 03:50:34.813#Z#DEBUG#9f2c2b3d-a293-11f1-9e34-eeee0a9f0b65.OPERATION#flowable-async-job-executor-thread-841#
[DetectDeployedMtaStep] Getting applications by metadata label selector "mta_id=12714f170fc41ee91010bfb8bfd6b5c9,mta_namespace=b698114a0995e936895b9598a6c19a2c"...#
#2026 08 28 03:50:34.861#Z#DEBUG#9f2c2b3d-a293-11f1-9e34-eeee0a9f0b65.OPERATION#flowable-async-job-executor-thread-841#
[DetectDeployedMtaStep] Getting service instances by metadata label selector "mta_id=12714f170fc41ee91010bfb8bfd6b5c9,mta_namespace=b698114a0995e936895b9598a6c19a2c"...#
#2026 08 28 03:50:34.937#Z#DEBUG#9f2c2b3d-a293-11f1-9e34-eeee0a9f0b65.OPERATION#flowable-async-job-executor-thread-841#
[DetectDeployedMtaStep] Deployed MTA service keys: [ {
  "name" : "********",
  "metadata" : {
    "guid" : "5d6a90ac-d2af-4efb-9c74-52d5e2c186dd",
    "createdAt" : [ 2026, 8, 25, 8, 30, 22 ],
    "updatedAt" : [ 2026, 8, 25, 8, 30, 23 ]
  },
  "v3Metadata" : {
    "annotations" : {
      "mta_id" : "ResilienceCockpit",
      "mta_version" : "1.0.0"
    },
    "labels" : {
      "mta_id" : "12714f170fc41ee91010bfb8bfd6b5c9",
      "space_guid" : "039a1fe6-69a4-4c1e-9b8f-a64d47329d3e"
    }
  },
  "serviceInstance" : {
    "name" : "********",
    "metadata" : {
      "guid" : "a4201f74-f0ad-456c-947a-8ce52d2ae7ca",
      "createdAt" : [ 2026, 8, 25, 8, 30, 2 ],
      "updatedAt" : [ 2026, 8, 25, 8, 30, 3 ]
    },
    "v3Metadata" : {
      "annotations" : {
        "mta_id" : "ResilienceCockpit",
        "mta_version" : "1.0.0",
        "mta_resource" : "********"
      },
      "labels" : {
        "mta_id" : "12714f170fc41ee91010bfb8bfd6b5c9"
      }
    },
    "credentials" : "********",
    "tags" : [ ],
    "type" : "managed"
  }
}, {
  "name" : "********",
  "metadata" : {
    "guid" : "de7350a4-f280-459d-afc2-ad86ef46b093",
    "createdAt" : [ 2026, 8, 25, 8, 30, 22 ],
    "updatedAt" : [ 2026, 8, 25, 8, 30, 23 ]
  },
  "v3Metadata" : {
    "annotations" : {
      "mta_id" : "ResilienceCockpit",
      "mta_version" : "1.0.0"
    },
    "labels" : {
      "mta_id" : "12714f170fc41ee91010bfb8bfd6b5c9",
      "space_guid" : "039a1fe6-69a4-4c1e-9b8f-a64d47329d3e"
    }
  },
  "serviceInstance" : {
    "name" : "ResilienceCockpit-html5-repo-host",
    "metadata" : {
      "guid" : "fd6aaf90-4cca-4826-9764-60a919421480",
      "createdAt" : [ 2026, 8, 25, 8, 30, 6 ],
      "updatedAt" : [ 2026, 8, 25, 8, 30, 7 ]
    },
    "v3Metadata" : {
      "annotations" : {
        "mta_id" : "ResilienceCockpit",
        "mta_version" : "1.0.0",
        "mta_resource" : "{\"name\":\"ResilienceCockpit-html5-repo-host\"}"
      },
      "labels" : {
        "mta_id" : "12714f170fc41ee91010bfb8bfd6b5c9"
      }
    },
    "credentials" : "********",
    "tags" : [ ],
    "type" : "managed"
  }
}, {
  "name" : "********",
  "metadata" : {
    "guid" : "a740b217-4eaa-4fba-94d5-6b134f537e01",
    "createdAt" : [ 2026, 8, 25, 8, 30, 23 ],
    "updatedAt" : [ 2026, 8, 25, 8, 30, 23 ]
  },
  "v3Metadata" : {
    "annotations" : {
      "mta_id" : "ResilienceCockpit",
      "mta_version" : "1.0.0"
    },
    "labels" : {
      "mta_id" : "12714f170fc41ee91010bfb8bfd6b5c9",
      "space_guid" : "039a1fe6-69a4-4c1e-9b8f-a64d47329d3e"
    }
  },
  "serviceInstance" : {
    "name" : "********",
    "metadata" : {
      "guid" : "a4201f74-f0ad-456c-947a-8ce52d2ae7ca",
      "createdAt" : [ 2026, 8, 25, 8, 30, 2 ],
      "updatedAt" : [ 2026, 8, 25, 8, 30, 3 ]
    },
    "v3Metadata" : {
      "annotations" : {
        "mta_id" : "ResilienceCockpit",
        "mta_version" : "1.0.0",
        "mta_resource" : "********"
      },
      "labels" : {
        "mta_id" : "12714f170fc41ee91010bfb8bfd6b5c9"
      }
    },
    "credentials" : "********",
    "tags" : [ ],
    "type" : "managed"
  }
}, {
  "name" : "********",
  "metadata" : {
    "guid" : "67b06842-65c2-44d3-9ce0-5b5dfc51df85",
    "createdAt" : [ 2026, 8, 25, 8, 30, 23 ],
    "updatedAt" : [ 2026, 8, 25, 8, 30, 24 ]
  },
  "v3Metadata" : {
    "annotations" : {
      "mta_id" : "ResilienceCockpit",
      "mta_version" : "1.0.0"
    },
    "labels" : {
      "mta_id" : "12714f170fc41ee91010bfb8bfd6b5c9",
      "space_guid" : "039a1fe6-69a4-4c1e-9b8f-a64d47329d3e"
    }
  },
  "serviceInstance" : {
    "name" : "ResilienceCockpit-html5-repo-host",
    "metadata" : {
      "guid" : "fd6aaf90-4cca-4826-9764-60a919421480",
      "createdAt" : [ 2026, 8, 25, 8, 30, 6 ],
      "updatedAt" : [ 2026, 8, 25, 8, 30, 7 ]
    },
    "v3Metadata" : {
      "annotations" : {
        "mta_id" : "ResilienceCockpit",
        "mta_version" : "1.0.0",
        "mta_resource" : "{\"name\":\"ResilienceCockpit-html5-repo-host\"}"
      },
      "labels" : {
        "mta_id" : "12714f170fc41ee91010bfb8bfd6b5c9"
      }
    },
    "credentials" : "********",
    "tags" : [ ],
    "type" : "managed"
  }
}, {
  "name" : "********",
  "metadata" : {
    "guid" : "7ddd25ac-6128-41d8-b339-11a4a5e9f307",
    "createdAt" : [ 2026, 8, 25, 11, 44, 32 ],
    "updatedAt" : [ 2026, 8, 25, 11, 44, 34 ]
  },
  "v3Metadata" : {
    "annotations" : {
      "mta_id" : "ResilienceCockpit",
      "mta_version" : "1.0.0"
    },
    "labels" : {
      "mta_id" : "12714f170fc41ee91010bfb8bfd6b5c9",
      "space_guid" : "039a1fe6-69a4-4c1e-9b8f-a64d47329d3e"
    }
  },
  "serviceInstance" : {
    "name" : "ResilienceCockpit-destination",
    "metadata" : {
      "guid" : "b320a563-1340-4020-8574-566b1e2175a9",
      "createdAt" : [ 2026, 8, 25, 11, 44, 14 ],
      "updatedAt" : [ 2026, 8, 25, 11, 44, 19 ]
    },
    "v3Metadata" : {
      "annotations" : {
        "mta_id" : "ResilienceCockpit",
        "mta_version" : "1.0.0",
        "mta_resource" : "{\"name\":\"ResilienceCockpit-destination\"}"
      },
      "labels" : {
        "mta_id" : "12714f170fc41ee91010bfb8bfd6b5c9"
      }
    },
    "credentials" : "********",
    "tags" : [ ],
    "type" : "managed"
  }
} ]#
#2026 08 28 03:50:34.937#Z#DEBUG#9f2c2b3d-a293-11f1-9e34-eeee0a9f0b65.OPERATION#flowable-async-job-executor-thread-841#
Step "Detect Deployed MTA" finished#
#2026 08 28 03:50:34.978#Z#DEBUG#9f2c2b3d-a293-11f1-9e34-eeee0a9f0b65.OPERATION#flowable-async-job-executor-thread-842#
[XS2CollectSystemParametersStep] Executing task "collectSystemParametersTask" of process "9f2c2b63-a293-11f1-9e34-eeee0a9f0b65"...#
#2026 08 28 03:50:34.979#Z#DEBUG#9f2c2b3d-a293-11f1-9e34-eeee0a9f0b65.OPERATION#flowable-async-job-executor-thread-842#
[XS2CollectSystemParametersStep] Collecting system parameters...#
#2026 08 28 03:50:34.980#Z#DEBUG#9f2c2b3d-a293-11f1-9e34-eeee0a9f0b65.OPERATION#flowable-async-job-executor-thread-842#
[XS2CollectSystemParametersStep] Getting default domain...#
#2026 08 28 03:50:35.007#Z#DEBUG#9f2c2b3d-a293-11f1-9e34-eeee0a9f0b65.OPERATION#flowable-async-job-executor-thread-842#
[XS2CollectSystemParametersStep] Default domain: cfapps.us10-003.hana.ondemand.com#
#2026 08 28 03:50:35.008#Z#DEBUG#9f2c2b3d-a293-11f1-9e34-eeee0a9f0b65.OPERATION#flowable-async-job-executor-thread-842#
[XS2CollectSystemParametersStep] Checking for overwriting read-only parameters for mta with id: "ResilienceCockpit"#
#2026 08 28 03:50:35.009#Z#DEBUG#9f2c2b3d-a293-11f1-9e34-eeee0a9f0b65.OPERATION#flowable-async-job-executor-thread-842#
[XS2CollectSystemParametersStep] No read-only parameters are overwritten#
#2026 08 28 03:50:35.021#Z#DEBUG#9f2c2b3d-a293-11f1-9e34-eeee0a9f0b65.OPERATION#flowable-async-job-executor-thread-842#
[XS2CollectSystemParametersStep] Descriptor with system parameters: {
  "majorSchemaVersion" : 3,
  "schemaVersion" : "3.3.0",
  "id" : "ResilienceCockpit",
  "version" : "1.0.0",
  "modules" : [ {
    "majorSchemaVersion" : 3,
    "name" : "ResilienceCockpit-srv",
    "type" : "javascript.nodejs",
    "path" : "ResilienceCockpit-srv",
    "properties" : { },
    "parameters" : {
      "default-url" : "${protocol}://${default-uri}",
      "default-app-name" : "ResilienceCockpit-srv",
      "generated-password" : "********",
      "default-live-url" : "${protocol}://${default-live-uri}",
      "default-uri" : "${host}.${domain}",
      "default-instances" : 1,
      "default-live-host" : "94060551trial-dev-resiliencecockpit-srv",
      "instances" : 1,
      "buildpack" : "nodejs_buildpack",
      "default-host" : "94060551trial-dev-resiliencecockpit-srv",
      "app-name" : "${default-app-name}",
      "default-live-uri" : "94060551trial-dev-resiliencecockpit-srv.${domain}",
      "protocol" : "https",
      "default-live-app-name" : "ResilienceCockpit-srv",
      "default-live-domain" : "cfapps.us10-003.hana.ondemand.com",
      "domain" : "${default-domain}",
      "host" : "${default-host}",
      "generated-user" : "********"
    },
    "requiredDependencies" : [ {
      "majorSchemaVersion" : 3,
      "name" : "********",
      "properties" : { },
      "parameters" : { },
      "propertiesMetadata" : {
        "metadata" : { }
      },
      "parametersMetadata" : {
        "metadata" : { }
      }
    }, {
      "majorSchemaVersion" : 3,
      "name" : "ResilienceCockpit-db",
      "properties" : { },
      "parameters" : { },
      "propertiesMetadata" : {
        "metadata" : { }
      },
      "parametersMetadata" : {
        "metadata" : { }
      }
    }, {
      "majorSchemaVersion" : 3,
      "name" : "ResilienceCockpit-connectivity",
      "properties" : { },
      "parameters" : { },
      "propertiesMetadata" : {
        "metadata" : { }
      },
      "parametersMetadata" : {
        "metadata" : { }
      }
    }, {
      "majorSchemaVersion" : 3,
      "name" : "ResilienceCockpit-destination",
      "properties" : { },
      "parameters" : { },
      "propertiesMetadata" : {
        "metadata" : { }
      },
      "parametersMetadata" : {
        "metadata" : { }
      }
    }, {
      "majorSchemaVersion" : 3,
      "name" : "ResilienceCockpit-logging",
      "properties" : { },
      "parameters" : { },
      "propertiesMetadata" : {
        "metadata" : { }
      },
      "parametersMetadata" : {
        "metadata" : { }
      }
    } ],
    "providedDependencies" : [ {
      "majorSchemaVersion" : 3,
      "name" : "srv-api",
      "isPublic" : false,
      "properties" : {
        "srv-url" : "${default-url}"
      },
      "parameters" : { },
      "propertiesMetadata" : {
        "metadata" : { }
      },
      "parametersMetadata" : {
        "metadata" : { }
      }
    }, {
      "majorSchemaVersion" : 3,
      "name" : "ResilienceCockpit-srv",
      "isPublic" : false,
      "properties" : { },
      "parameters" : { },
      "propertiesMetadata" : {
        "metadata" : { }
      },
      "parametersMetadata" : {
        "metadata" : { }
      }
    } ],
    "propertiesMetadata" : {
      "metadata" : { }
    },
    "parametersMetadata" : {
      "metadata" : { }
    },
    "hooks" : [ ]
  }, {
    "majorSchemaVersion" : 3,
    "name" : "ResilienceCockpit-db-deployer",
    "type" : "com.sap.xs.hdi",
    "path" : "ResilienceCockpit-db-deployer",
    "properties" : {
      "EXIT" : 1
    },
    "parameters" : {
      "default-url" : "${protocol}://${default-uri}",
      "default-app-name" : "ResilienceCockpit-db-deployer",
      "generated-password" : "********",
      "default-live-url" : "${protocol}://${default-live-uri}",
      "default-uri" : "${host}.${domain}",
      "memory" : "256M",
      "default-instances" : 1,
      "no-route" : true,
      "default-live-host" : "94060551trial-dev-resiliencecockpit-db-deployer",
      "instances" : "${default-instances}",
      "buildpack" : "nodejs_buildpack",
      "default-host" : "94060551trial-dev-resiliencecockpit-db-deployer",
      "app-name" : "${default-app-name}",
      "default-live-uri" : "94060551trial-dev-resiliencecockpit-db-deployer.${domain}",
      "protocol" : "https",
      "default-live-app-name" : "ResilienceCockpit-db-deployer",
      "default-live-domain" : "cfapps.us10-003.hana.ondemand.com",
      "dependency-type" : "hard",
      "domain" : "${default-domain}",
      "host" : "${default-host}",
      "generated-user" : "********",
      "tasks" : [ {
        "name" : "deploy",
        "memory" : "256M",
        "command" : "npm start"
      } ],
      "no-start" : true
    },
    "requiredDependencies" : [ {
      "majorSchemaVersion" : 3,
      "name" : "ResilienceCockpit-db",
      "properties" : { },
      "parameters" : { },
      "propertiesMetadata" : {
        "metadata" : { }
      },
      "parametersMetadata" : {
        "metadata" : { }
      }
    } ],
    "providedDependencies" : [ {
      "majorSchemaVersion" : 3,
      "name" : "ResilienceCockpit-db-deployer",
      "isPublic" : false,
      "properties" : { },
      "parameters" : { },
      "propertiesMetadata" : {
        "metadata" : { }
      },
      "parametersMetadata" : {
        "metadata" : { }
      }
    } ],
    "propertiesMetadata" : {
      "metadata" : { }
    },
    "parametersMetadata" : {
      "metadata" : { }
    },
    "hooks" : [ ]
  }, {
    "majorSchemaVersion" : 3,
    "name" : "ResilienceCockpit-app-deployer",
    "type" : "com.sap.application.content",
    "path" : "ResilienceCockpit-app-deployer",
    "properties" : { },
    "parameters" : {
      "default-url" : "${protocol}://${default-uri}",
      "default-app-name" : "ResilienceCockpit-app-deployer",
      "generated-password" : "********",
      "default-live-url" : "${protocol}://${default-live-uri}",
      "default-uri" : "${host}.${domain}",
      "default-instances" : 1,
      "default-live-host" : "94060551trial-dev-resiliencecockpit-app-deployer",
      "instances" : "${default-instances}",
      "default-host" : "94060551trial-dev-resiliencecockpit-app-deployer",
      "app-name" : "${default-app-name}",
      "default-live-uri" : "94060551trial-dev-resiliencecockpit-app-deployer.${domain}",
      "protocol" : "https",
      "default-live-app-name" : "ResilienceCockpit-app-deployer",
      "default-live-domain" : "cfapps.us10-003.hana.ondemand.com",
      "domain" : "${default-domain}",
      "host" : "${default-host}",
      "generated-user" : "********"
    },
    "requiredDependencies" : [ {
      "majorSchemaVersion" : 3,
      "name" : "********",
      "properties" : { },
      "parameters" : { },
      "propertiesMetadata" : {
        "metadata" : { }
      },
      "parametersMetadata" : {
        "metadata" : { }
      }
    }, {
      "majorSchemaVersion" : 3,
      "name" : "srv-api",
      "properties" : { },
      "parameters" : { },
      "propertiesMetadata" : {
        "metadata" : { }
      },
      "parametersMetadata" : {
        "metadata" : { }
      }
    }, {
      "majorSchemaVersion" : 3,
      "name" : "ResilienceCockpit-html5-repo-host",
      "properties" : { },
      "parameters" : {
        "config" : {
          "HTML5Runtime_enabled" : false
        },
        "content-target" : true
      },
      "propertiesMetadata" : {
        "metadata" : { }
      },
      "parametersMetadata" : {
        "metadata" : { }
      }
    } ],
    "providedDependencies" : [ {
      "majorSchemaVersion" : 3,
      "name" : "ResilienceCockpit-app-deployer",
      "isPublic" : false,
      "properties" : { },
      "parameters" : { },
      "propertiesMetadata" : {
        "metadata" : { }
      },
      "parametersMetadata" : {
        "metadata" : { }
      }
    } ],
    "propertiesMetadata" : {
      "metadata" : { }
    },
    "parametersMetadata" : {
      "metadata" : { }
    },
    "hooks" : [ ]
  }, {
    "majorSchemaVersion" : 3,
    "name" : "ResilienceCockpit-destination-content",
    "type" : "com.sap.application.content",
    "properties" : { },
    "parameters" : {
      "default-url" : "${protocol}://${default-uri}",
      "default-app-name" : "ResilienceCockpit-destination-content",
      "generated-password" : "********",
      "default-live-url" : "${protocol}://${default-live-uri}",
      "default-uri" : "${host}.${domain}",
      "default-instances" : 1,
      "default-live-host" : "94060551trial-dev-resiliencecockpit-destination-content",
      "instances" : "${default-instances}",
      "default-host" : "94060551trial-dev-resiliencecockpit-destination-content",
      "content" : {
        "instance" : {
          "destinations" : [ {
            "Authentication" : "********",
            "Name" : "srv-api",
            "TokenServiceInstanceName" : "********",
            "TokenServiceKeyName" : "********",
            "URL" : "~{srv-api/srv-url}"
          }, {
            "Name" : "ResilienceCockpit-html5-repo-host",
            "ServiceInstanceName" : "ResilienceCockpit-html5-repo-host",
            "ServiceKeyName" : "********",
            "sap.cloud.service" : "nexus"
          }, {
            "Authentication" : "********",
            "Name" : "********",
            "ServiceInstanceName" : "********",
            "ServiceKeyName" : "********"
          } ],
          "existing_destinations_policy" : "update"
        }
      },
      "app-name" : "${default-app-name}",
      "default-live-uri" : "94060551trial-dev-resiliencecockpit-destination-content.${domain}",
      "protocol" : "https",
      "default-live-app-name" : "ResilienceCockpit-destination-content",
      "default-live-domain" : "cfapps.us10-003.hana.ondemand.com",
      "domain" : "${default-domain}",
      "host" : "${default-host}",
      "generated-user" : "********"
    },
    "requiredDependencies" : [ {
      "majorSchemaVersion" : 3,
      "name" : "********",
      "properties" : { },
      "parameters" : {
        "service-key" : "********"
      },
      "propertiesMetadata" : {
        "metadata" : { }
      },
      "parametersMetadata" : {
        "metadata" : { }
      }
    }, {
      "majorSchemaVersion" : 3,
      "name" : "ResilienceCockpit-html5-repo-host",
      "properties" : { },
      "parameters" : {
        "service-key" : "********"
      },
      "propertiesMetadata" : {
        "metadata" : { }
      },
      "parametersMetadata" : {
        "metadata" : { }
      }
    }, {
      "majorSchemaVersion" : 3,
      "name" : "srv-api",
      "properties" : { },
      "parameters" : { },
      "propertiesMetadata" : {
        "metadata" : { }
      },
      "parametersMetadata" : {
        "metadata" : { }
      }
    }, {
      "majorSchemaVersion" : 3,
      "name" : "ResilienceCockpit-destination",
      "properties" : { },
      "parameters" : {
        "content-target" : true
      },
      "propertiesMetadata" : {
        "metadata" : { }
      },
      "parametersMetadata" : {
        "metadata" : { }
      }
    } ],
    "providedDependencies" : [ {
      "majorSchemaVersion" : 3,
      "name" : "ResilienceCockpit-destination-content",
      "isPublic" : false,
      "properties" : { },
      "parameters" : { },
      "propertiesMetadata" : {
        "metadata" : { }
      },
      "parametersMetadata" : {
        "metadata" : { }
      }
    } ],
    "propertiesMetadata" : {
      "metadata" : { }
    },
    "parametersMetadata" : {
      "metadata" : { }
    },
    "hooks" : [ ]
  } ],
  "resources" : [ {
    "majorSchemaVersion" : 3,
    "name" : "********",
    "type" : "org.cloudfoundry.managed-service",
    "properties" : { },
    "parameters" : {
      "generated-password" : "********",
      "path" : "./xs-security.json",
      "service-name" : "${default-service-name}",
      "service-plan" : "application",
      "service" : "xsuaa",
      "generated-user" : "********",
      "default-xsappname" : "********",
      "type" : "managed-service",
      "config" : {
        "oauth2-configuration" : "********",
        "tenant-mode" : "dedicated",
        "xsappname" : "ResilienceCockpit-${org}-${space}"
      },
      "default-service-name" : "********",
      "default-container-name" : "********"
    },
    "isActive" : true,
    "isOptional" : false,
    "propertiesMetadata" : {
      "metadata" : { }
    },
    "parametersMetadata" : {
      "metadata" : { }
    },
    "requiredDependencies" : [ ],
    "processedAfter" : [ ]
  }, {
    "majorSchemaVersion" : 3,
    "name" : "ResilienceCockpit-db",
    "type" : "com.sap.xs.hdi-container",
    "properties" : { },
    "parameters" : {
      "generated-password" : "********",
      "service-name" : "${default-service-name}",
      "service-plan" : "hdi-shared",
      "service" : "hana",
      "generated-user" : "********",
      "default-xsappname" : "ResilienceCockpit-db",
      "type" : "managed-service",
      "default-service-name" : "ResilienceCockpit-db",
      "default-container-name" : "94060551TRIAL_DEV_RESILIENCECOCKPIT_DB"
    },
    "isActive" : true,
    "isOptional" : false,
    "propertiesMetadata" : {
      "metadata" : { }
    },
    "parametersMetadata" : {
      "metadata" : { }
    },
    "requiredDependencies" : [ ],
    "processedAfter" : [ ]
  }, {
    "majorSchemaVersion" : 3,
    "name" : "ResilienceCockpit-connectivity",
    "type" : "org.cloudfoundry.managed-service",
    "properties" : { },
    "parameters" : {
      "generated-password" : "********",
      "service-name" : "${default-service-name}",
      "service-plan" : "lite",
      "service" : "connectivity",
      "generated-user" : "********",
      "default-xsappname" : "ResilienceCockpit-connectivity",
      "type" : "managed-service",
      "default-service-name" : "ResilienceCockpit-connectivity",
      "default-container-name" : "94060551TRIAL_DEV_RESILIENCECOCKPIT_CONNECTIVITY"
    },
    "isActive" : true,
    "isOptional" : false,
    "propertiesMetadata" : {
      "metadata" : { }
    },
    "parametersMetadata" : {
      "metadata" : { }
    },
    "requiredDependencies" : [ ],
    "processedAfter" : [ ]
  }, {
    "majorSchemaVersion" : 3,
    "name" : "ResilienceCockpit-destination",
    "type" : "org.cloudfoundry.managed-service",
    "properties" : { },
    "parameters" : {
      "generated-password" : "********",
      "service-name" : "${default-service-name}",
      "service-plan" : "lite",
      "service" : "destination",
      "generated-user" : "********",
      "default-xsappname" : "ResilienceCockpit-destination",
      "type" : "managed-service",
      "config" : {
        "HTML5Runtime_enabled" : true,
        "init_data" : {
          "instance" : {
            "destinations" : [ {
              "Authentication" : "********",
              "Name" : "ui5",
              "ProxyType" : "Internet",
              "Type" : "HTTP",
              "URL" : "https://ui5.sap.com"
            }, {
              "Authentication" : "********",
              "HTML5.DynamicDestination" : true,
              "HTML5.ForwardAuthToken" : "********",
              "Name" : "srv-api",
              "ProxyType" : "Internet",
              "Type" : "HTTP",
              "URL" : "~{srv-api/srv-url}"
            } ],
            "existing_destinations_policy" : "update"
          }
        }
      },
      "default-service-name" : "ResilienceCockpit-destination",
      "default-container-name" : "94060551TRIAL_DEV_RESILIENCECOCKPIT_DESTINATION"
    },
    "isActive" : true,
    "isOptional" : false,
    "propertiesMetadata" : {
      "metadata" : { }
    },
    "parametersMetadata" : {
      "metadata" : { }
    },
    "requiredDependencies" : [ {
      "majorSchemaVersion" : 3,
      "name" : "srv-api",
      "properties" : { },
      "parameters" : { },
      "propertiesMetadata" : {
        "metadata" : { }
      },
      "parametersMetadata" : {
        "metadata" : { }
      }
    } ],
    "processedAfter" : [ ]
  }, {
    "majorSchemaVersion" : 3,
    "name" : "ResilienceCockpit-html5-repo-host",
    "type" : "org.cloudfoundry.managed-service",
    "properties" : { },
    "parameters" : {
      "generated-password" : "********",
      "service-name" : "${default-service-name}",
      "service-plan" : "app-host",
      "service" : "html5-apps-repo",
      "generated-user" : "********",
      "default-xsappname" : "ResilienceCockpit-html5-repo-host",
      "type" : "managed-service",
      "default-service-name" : "ResilienceCockpit-html5-repo-host",
      "default-container-name" : "94060551TRIAL_DEV_RESILIENCECOCKPIT_HTML5_REPO_HOST"
    },
    "isActive" : true,
    "isOptional" : false,
    "propertiesMetadata" : {
      "metadata" : { }
    },
    "parametersMetadata" : {
      "metadata" : { }
    },
    "requiredDependencies" : [ ],
    "processedAfter" : [ ]
  }, {
    "majorSchemaVersion" : 3,
    "name" : "ResilienceCockpit-logging",
    "type" : "org.cloudfoundry.managed-service",
    "properties" : { },
    "parameters" : {
      "generated-password" : "********",
      "service-name" : "${default-service-name}",
      "service-plan" : "lite",
      "service" : "application-logs",
      "generated-user" : "********",
      "default-xsappname" : "ResilienceCockpit-logging",
      "type" : "managed-service",
      "default-service-name" : "ResilienceCockpit-logging",
      "default-container-name" : "94060551TRIAL_DEV_RESILIENCECOCKPIT_LOGGING"
    },
    "isActive" : true,
    "isOptional" : false,
    "propertiesMetadata" : {
      "metadata" : { }
    },
    "parametersMetadata" : {
      "metadata" : { }
    },
    "requiredDependencies" : [ ],
    "processedAfter" : [ ]
  } ],
  "parameters" : {
    "deploy_mode" : "html5-repo",
    "mta-id" : "ResilienceCockpit",
    "authorization-url" : "********",
    "org-guid" : "78e7b825-503f-4bdc-af4e-be86d7f43c8e",
    "org" : "94060551trial",
    "deploy-target" : "94060551trial dev",
    "enable-parallel-deployments" : true,
    "space" : "dev",
    "xs-api-url" : "https://api.cf.us10-003.hana.ondemand.com",
    "deploy-url" : "deploy-service.cfapps.us10-003.hana.ondemand.com",
    "xs-type" : "CF",
    "default-domain" : "cfapps.us10-003.hana.ondemand.com",
    "mta-version" : "1.0.0",
    "xs-auth-url" : "********",
    "space-guid" : "039a1fe6-69a4-4c1e-9b8f-a64d47329d3e",
    "user" : "********",
    "controller-url" : "https://api.cf.us10-003.hana.ondemand.com",
    "timestamp" : "20260828035033"
  },
  "parametersMetadata" : {
    "metadata" : { }
  }
}#
#2026 08 28 03:50:35.023#Z#DEBUG#9f2c2b3d-a293-11f1-9e34-eeee0a9f0b65.OPERATION#flowable-async-job-executor-thread-842#
[XS2CollectSystemParametersStep] Version rule: SAME_HIGHER#
#2026 08 28 03:50:35.023#Z#INFO#9f2c2b3d-a293-11f1-9e34-eeee0a9f0b65.OPERATION#flowable-async-job-executor-thread-842#
[XS2CollectSystemParametersStep] Detected new MTA version: "1.0.0"#
#2026 08 28 03:50:35.028#Z#INFO#9f2c2b3d-a293-11f1-9e34-eeee0a9f0b65.OPERATION#flowable-async-job-executor-thread-842#
[XS2CollectSystemParametersStep] Deployed MTA version: "1.0.0"#
#2026 08 28 03:50:35.032#Z#DEBUG#9f2c2b3d-a293-11f1-9e34-eeee0a9f0b65.OPERATION#flowable-async-job-executor-thread-842#
[XS2CollectSystemParametersStep] MTA accepted for deployment#
#2026 08 28 03:50:35.033#Z#DEBUG#9f2c2b3d-a293-11f1-9e34-eeee0a9f0b65.OPERATION#flowable-async-job-executor-thread-842#
[XS2CollectSystemParametersStep] System parameters collected#
#2026 08 28 03:50:35.033#Z#DEBUG#9f2c2b3d-a293-11f1-9e34-eeee0a9f0b65.OPERATION#flowable-async-job-executor-thread-842#
Step "Collect System Parameters" finished#
#2026 08 28 03:50:35.066#Z#DEBUG#9f2c2b3d-a293-11f1-9e34-eeee0a9f0b65.OPERATION#flowable-async-job-executor-thread-842#
[ProcessDescriptorStep] Executing task "processDescriptorTask" of process "9f2c2b63-a293-11f1-9e34-eeee0a9f0b65"...#
#2026 08 28 03:50:35.067#Z#DEBUG#9f2c2b3d-a293-11f1-9e34-eeee0a9f0b65.OPERATION#flowable-async-job-executor-thread-842#
[ProcessDescriptorStep] Resolving properties and parameters in merged descriptor...#
#2026 08 28 03:50:35.073#Z#DEBUG#9f2c2b3d-a293-11f1-9e34-eeee0a9f0b65.OPERATION#flowable-async-job-executor-thread-842#
[ProcessDescriptorStep] Subscriptions: [ ]#
#2026 08 28 03:50:35.073#Z#DEBUG#9f2c2b3d-a293-11f1-9e34-eeee0a9f0b65.OPERATION#flowable-async-job-executor-thread-842#
[ProcessDescriptorStep] MTA modules: [ResilienceCockpit-srv, ResilienceCockpit-app-deployer, ResilienceCockpit-destination-content, ResilienceCockpit-db-deployer]#
#2026 08 28 03:50:35.074#Z#DEBUG#9f2c2b3d-a293-11f1-9e34-eeee0a9f0b65.OPERATION#flowable-async-job-executor-thread-842#
[ProcessDescriptorStep] Resolved deployment descriptor: {
  "majorSchemaVersion" : 3,
  "schemaVersion" : "3.3.0",
  "id" : "ResilienceCockpit",
  "version" : "1.0.0",
  "modules" : [ {
    "majorSchemaVersion" : 3,
    "name" : "ResilienceCockpit-srv",
    "type" : "javascript.nodejs",
    "path" : "ResilienceCockpit-srv",
    "properties" : { },
    "parameters" : {
      "default-url" : "https://94060551trial-dev-resiliencecockpit-srv.cfapps.us10-003.hana.ondemand.com",
      "default-app-name" : "ResilienceCockpit-srv",
      "generated-password" : "********",
      "default-live-url" : "https://94060551trial-dev-resiliencecockpit-srv.cfapps.us10-003.hana.ondemand.com",
      "default-uri" : "94060551trial-dev-resiliencecockpit-srv.cfapps.us10-003.hana.ondemand.com",
      "default-instances" : 1,
      "default-live-host" : "94060551trial-dev-resiliencecockpit-srv",
      "instances" : 1,
      "buildpack" : "nodejs_buildpack",
      "default-host" : "94060551trial-dev-resiliencecockpit-srv",
      "app-name" : "ResilienceCockpit-srv",
      "default-live-uri" : "94060551trial-dev-resiliencecockpit-srv.cfapps.us10-003.hana.ondemand.com",
      "protocol" : "https",
      "default-live-app-name" : "ResilienceCockpit-srv",
      "default-live-domain" : "cfapps.us10-003.hana.ondemand.com",
      "domain" : "cfapps.us10-003.hana.ondemand.com",
      "host" : "94060551trial-dev-resiliencecockpit-srv",
      "generated-user" : "********"
    },
    "requiredDependencies" : [ {
      "majorSchemaVersion" : 3,
      "name" : "********",
      "properties" : { },
      "parameters" : { },
      "propertiesMetadata" : {
        "metadata" : { }
      },
      "parametersMetadata" : {
        "metadata" : { }
      }
    }, {
      "majorSchemaVersion" : 3,
      "name" : "ResilienceCockpit-db",
      "properties" : { },
      "parameters" : { },
      "propertiesMetadata" : {
        "metadata" : { }
      },
      "parametersMetadata" : {
        "metadata" : { }
      }
    }, {
      "majorSchemaVersion" : 3,
      "name" : "ResilienceCockpit-connectivity",
      "properties" : { },
      "parameters" : { },
      "propertiesMetadata" : {
        "metadata" : { }
      },
      "parametersMetadata" : {
        "metadata" : { }
      }
    }, {
      "majorSchemaVersion" : 3,
      "name" : "ResilienceCockpit-destination",
      "properties" : { },
      "parameters" : { },
      "propertiesMetadata" : {
        "metadata" : { }
      },
      "parametersMetadata" : {
        "metadata" : { }
      }
    }, {
      "majorSchemaVersion" : 3,
      "name" : "ResilienceCockpit-logging",
      "properties" : { },
      "parameters" : { },
      "propertiesMetadata" : {
        "metadata" : { }
      },
      "parametersMetadata" : {
        "metadata" : { }
      }
    } ],
    "providedDependencies" : [ {
      "majorSchemaVersion" : 3,
      "name" : "srv-api",
      "isPublic" : false,
      "properties" : {
        "srv-url" : "https://94060551trial-dev-resiliencecockpit-srv.cfapps.us10-003.hana.ondemand.com"
      },
      "parameters" : { },
      "propertiesMetadata" : {
        "metadata" : { }
      },
      "parametersMetadata" : {
        "metadata" : { }
      }
    }, {
      "majorSchemaVersion" : 3,
      "name" : "ResilienceCockpit-srv",
      "isPublic" : false,
      "properties" : { },
      "parameters" : { },
      "propertiesMetadata" : {
        "metadata" : { }
      },
      "parametersMetadata" : {
        "metadata" : { }
      }
    } ],
    "propertiesMetadata" : {
      "metadata" : { }
    },
    "parametersMetadata" : {
      "metadata" : { }
    },
    "hooks" : [ ]
  }, {
    "majorSchemaVersion" : 3,
    "name" : "ResilienceCockpit-db-deployer",
    "type" : "com.sap.xs.hdi",
    "path" : "ResilienceCockpit-db-deployer",
    "properties" : {
      "EXIT" : 1
    },
    "parameters" : {
      "default-url" : "https://94060551trial-dev-resiliencecockpit-db-deployer.cfapps.us10-003.hana.ondemand.com",
      "default-app-name" : "ResilienceCockpit-db-deployer",
      "generated-password" : "********",
      "default-live-url" : "https://94060551trial-dev-resiliencecockpit-db-deployer.cfapps.us10-003.hana.ondemand.com",
      "default-uri" : "94060551trial-dev-resiliencecockpit-db-deployer.cfapps.us10-003.hana.ondemand.com",
      "memory" : "256M",
      "default-instances" : 1,
      "no-route" : true,
      "default-live-host" : "94060551trial-dev-resiliencecockpit-db-deployer",
      "instances" : 1,
      "buildpack" : "nodejs_buildpack",
      "default-host" : "94060551trial-dev-resiliencecockpit-db-deployer",
      "app-name" : "ResilienceCockpit-db-deployer",
      "default-live-uri" : "94060551trial-dev-resiliencecockpit-db-deployer.cfapps.us10-003.hana.ondemand.com",
      "protocol" : "https",
      "default-live-app-name" : "ResilienceCockpit-db-deployer",
      "default-live-domain" : "cfapps.us10-003.hana.ondemand.com",
      "dependency-type" : "hard",
      "domain" : "cfapps.us10-003.hana.ondemand.com",
      "host" : "94060551trial-dev-resiliencecockpit-db-deployer",
      "generated-user" : "********",
      "tasks" : [ {
        "command" : "npm start",
        "memory" : "256M",
        "name" : "deploy"
      } ],
      "no-start" : true
    },
    "requiredDependencies" : [ {
      "majorSchemaVersion" : 3,
      "name" : "ResilienceCockpit-db",
      "properties" : { },
      "parameters" : { },
      "propertiesMetadata" : {
        "metadata" : { }
      },
      "parametersMetadata" : {
        "metadata" : { }
      }
    } ],
    "providedDependencies" : [ {
      "majorSchemaVersion" : 3,
      "name" : "ResilienceCockpit-db-deployer",
      "isPublic" : false,
      "properties" : { },
      "parameters" : { },
      "propertiesMetadata" : {
        "metadata" : { }
      },
      "parametersMetadata" : {
        "metadata" : { }
      }
    } ],
    "propertiesMetadata" : {
      "metadata" : { }
    },
    "parametersMetadata" : {
      "metadata" : { }
    },
    "hooks" : [ ]
  }, {
    "majorSchemaVersion" : 3,
    "name" : "ResilienceCockpit-app-deployer",
    "type" : "com.sap.application.content",
    "path" : "ResilienceCockpit-app-deployer",
    "properties" : { },
    "parameters" : {
      "default-url" : "https://94060551trial-dev-resiliencecockpit-app-deployer.cfapps.us10-003.hana.ondemand.com",
      "default-app-name" : "ResilienceCockpit-app-deployer",
      "generated-password" : "********",
      "default-live-url" : "https://94060551trial-dev-resiliencecockpit-app-deployer.cfapps.us10-003.hana.ondemand.com",
      "default-uri" : "94060551trial-dev-resiliencecockpit-app-deployer.cfapps.us10-003.hana.ondemand.com",
      "default-instances" : 1,
      "default-live-host" : "94060551trial-dev-resiliencecockpit-app-deployer",
      "instances" : 1,
      "default-host" : "94060551trial-dev-resiliencecockpit-app-deployer",
      "app-name" : "ResilienceCockpit-app-deployer",
      "default-live-uri" : "94060551trial-dev-resiliencecockpit-app-deployer.cfapps.us10-003.hana.ondemand.com",
      "protocol" : "https",
      "default-live-app-name" : "ResilienceCockpit-app-deployer",
      "default-live-domain" : "cfapps.us10-003.hana.ondemand.com",
      "domain" : "cfapps.us10-003.hana.ondemand.com",
      "host" : "94060551trial-dev-resiliencecockpit-app-deployer",
      "generated-user" : "********"
    },
    "requiredDependencies" : [ {
      "majorSchemaVersion" : 3,
      "name" : "********",
      "properties" : { },
      "parameters" : { },
      "propertiesMetadata" : {
        "metadata" : { }
      },
      "parametersMetadata" : {
        "metadata" : { }
      }
    }, {
      "majorSchemaVersion" : 3,
      "name" : "srv-api",
      "properties" : { },
      "parameters" : { },
      "propertiesMetadata" : {
        "metadata" : { }
      },
      "parametersMetadata" : {
        "metadata" : { }
      }
    }, {
      "majorSchemaVersion" : 3,
      "name" : "ResilienceCockpit-html5-repo-host",
      "properties" : { },
      "parameters" : {
        "config" : {
          "HTML5Runtime_enabled" : false
        },
        "content-target" : true
      },
      "propertiesMetadata" : {
        "metadata" : { }
      },
      "parametersMetadata" : {
        "metadata" : { }
      }
    } ],
    "providedDependencies" : [ {
      "majorSchemaVersion" : 3,
      "name" : "ResilienceCockpit-app-deployer",
      "isPublic" : false,
      "properties" : { },
      "parameters" : { },
      "propertiesMetadata" : {
        "metadata" : { }
      },
      "parametersMetadata" : {
        "metadata" : { }
      }
    } ],
    "propertiesMetadata" : {
      "metadata" : { }
    },
    "parametersMetadata" : {
      "metadata" : { }
    },
    "hooks" : [ ]
  }, {
    "majorSchemaVersion" : 3,
    "name" : "ResilienceCockpit-destination-content",
    "type" : "com.sap.application.content",
    "properties" : { },
    "parameters" : {
      "default-url" : "https://94060551trial-dev-resiliencecockpit-destination-content.cfapps.us10-003.hana.ondemand.com",
      "default-app-name" : "ResilienceCockpit-destination-content",
      "generated-password" : "********",
      "default-live-url" : "https://94060551trial-dev-resiliencecockpit-destination-content.cfapps.us10-003.hana.ondemand.com",
      "default-uri" : "94060551trial-dev-resiliencecockpit-destination-content.cfapps.us10-003.hana.ondemand.com",
      "default-instances" : 1,
      "default-live-host" : "94060551trial-dev-resiliencecockpit-destination-content",
      "instances" : 1,
      "default-host" : "94060551trial-dev-resiliencecockpit-destination-content",
      "content" : {
        "instance" : {
          "destinations" : [ {
            "Authentication" : "********",
            "Name" : "srv-api",
            "TokenServiceInstanceName" : "********",
            "TokenServiceKeyName" : "********",
            "URL" : "https://94060551trial-dev-resiliencecockpit-srv.cfapps.us10-003.hana.ondemand.com"
          }, {
            "Name" : "ResilienceCockpit-html5-repo-host",
            "ServiceInstanceName" : "ResilienceCockpit-html5-repo-host",
            "ServiceKeyName" : "********",
            "sap.cloud.service" : "nexus"
          }, {
            "Authentication" : "********",
            "Name" : "********",
            "ServiceInstanceName" : "********",
            "ServiceKeyName" : "********"
          } ],
          "existing_destinations_policy" : "update"
        }
      },
      "app-name" : "ResilienceCockpit-destination-content",
      "default-live-uri" : "94060551trial-dev-resiliencecockpit-destination-content.cfapps.us10-003.hana.ondemand.com",
      "protocol" : "https",
      "default-live-app-name" : "ResilienceCockpit-destination-content",
      "default-live-domain" : "cfapps.us10-003.hana.ondemand.com",
      "domain" : "cfapps.us10-003.hana.ondemand.com",
      "host" : "94060551trial-dev-resiliencecockpit-destination-content",
      "generated-user" : "********"
    },
    "requiredDependencies" : [ {
      "majorSchemaVersion" : 3,
      "name" : "********",
      "properties" : { },
      "parameters" : {
        "service-key" : "********"
      },
      "propertiesMetadata" : {
        "metadata" : { }
      },
      "parametersMetadata" : {
        "metadata" : { }
      }
    }, {
      "majorSchemaVersion" : 3,
      "name" : "ResilienceCockpit-html5-repo-host",
      "properties" : { },
      "parameters" : {
        "service-key" : "********"
      },
      "propertiesMetadata" : {
        "metadata" : { }
      },
      "parametersMetadata" : {
        "metadata" : { }
      }
    }, {
      "majorSchemaVersion" : 3,
      "name" : "srv-api",
      "properties" : { },
      "parameters" : { },
      "propertiesMetadata" : {
        "metadata" : { }
      },
      "parametersMetadata" : {
        "metadata" : { }
      }
    }, {
      "majorSchemaVersion" : 3,
      "name" : "ResilienceCockpit-destination",
      "properties" : { },
      "parameters" : {
        "content-target" : true
      },
      "propertiesMetadata" : {
        "metadata" : { }
      },
      "parametersMetadata" : {
        "metadata" : { }
      }
    } ],
    "providedDependencies" : [ {
      "majorSchemaVersion" : 3,
      "name" : "ResilienceCockpit-destination-content",
      "isPublic" : false,
      "properties" : { },
      "parameters" : { },
      "propertiesMetadata" : {
        "metadata" : { }
      },
      "parametersMetadata" : {
        "metadata" : { }
      }
    } ],
    "propertiesMetadata" : {
      "metadata" : { }
    },
    "parametersMetadata" : {
      "metadata" : { }
    },
    "hooks" : [ ]
  } ],
  "resources" : [ {
    "majorSchemaVersion" : 3,
    "name" : "********",
    "type" : "org.cloudfoundry.managed-service",
    "properties" : { },
    "parameters" : {
      "generated-password" : "********",
      "path" : "./xs-security.json",
      "service-name" : "********",
      "service-plan" : "application",
      "service" : "xsuaa",
      "generated-user" : "********",
      "default-xsappname" : "********",
      "type" : "managed-service",
      "config" : {
        "oauth2-configuration" : "********",
        "tenant-mode" : "dedicated",
        "xsappname" : "ResilienceCockpit-94060551trial-dev"
      },
      "default-service-name" : "********",
      "default-container-name" : "********"
    },
    "isActive" : true,
    "isOptional" : false,
    "propertiesMetadata" : {
      "metadata" : { }
    },
    "parametersMetadata" : {
      "metadata" : { }
    },
    "requiredDependencies" : [ ],
    "processedAfter" : [ ]
  }, {
    "majorSchemaVersion" : 3,
    "name" : "ResilienceCockpit-db",
    "type" : "com.sap.xs.hdi-container",
    "properties" : { },
    "parameters" : {
      "generated-password" : "********",
      "service-name" : "ResilienceCockpit-db",
      "service-plan" : "hdi-shared",
      "service" : "hana",
      "generated-user" : "********",
      "default-xsappname" : "ResilienceCockpit-db",
      "type" : "managed-service",
      "default-service-name" : "ResilienceCockpit-db",
      "default-container-name" : "94060551TRIAL_DEV_RESILIENCECOCKPIT_DB"
    },
    "isActive" : true,
    "isOptional" : false,
    "propertiesMetadata" : {
      "metadata" : { }
    },
    "parametersMetadata" : {
      "metadata" : { }
    },
    "requiredDependencies" : [ ],
    "processedAfter" : [ ]
  }, {
    "majorSchemaVersion" : 3,
    "name" : "ResilienceCockpit-connectivity",
    "type" : "org.cloudfoundry.managed-service",
    "properties" : { },
    "parameters" : {
      "generated-password" : "********",
      "service-name" : "ResilienceCockpit-connectivity",
      "service-plan" : "lite",
      "service" : "connectivity",
      "generated-user" : "********",
      "default-xsappname" : "ResilienceCockpit-connectivity",
      "type" : "managed-service",
      "default-service-name" : "ResilienceCockpit-connectivity",
      "default-container-name" : "94060551TRIAL_DEV_RESILIENCECOCKPIT_CONNECTIVITY"
    },
    "isActive" : true,
    "isOptional" : false,
    "propertiesMetadata" : {
      "metadata" : { }
    },
    "parametersMetadata" : {
      "metadata" : { }
    },
    "requiredDependencies" : [ ],
    "processedAfter" : [ ]
  }, {
    "majorSchemaVersion" : 3,
    "name" : "ResilienceCockpit-destination",
    "type" : "org.cloudfoundry.managed-service",
    "properties" : { },
    "parameters" : {
      "generated-password" : "********",
      "service-name" : "ResilienceCockpit-destination",
      "service-plan" : "lite",
      "service" : "destination",
      "generated-user" : "********",
      "default-xsappname" : "ResilienceCockpit-destination",
      "type" : "managed-service",
      "config" : {
        "HTML5Runtime_enabled" : true,
        "init_data" : {
          "instance" : {
            "destinations" : [ {
              "Authentication" : "********",
              "Name" : "ui5",
              "ProxyType" : "Internet",
              "Type" : "HTTP",
              "URL" : "https://ui5.sap.com"
            }, {
              "Authentication" : "********",
              "HTML5.DynamicDestination" : true,
              "HTML5.ForwardAuthToken" : "********",
              "Name" : "srv-api",
              "ProxyType" : "Internet",
              "Type" : "HTTP",
              "URL" : "https://94060551trial-dev-resiliencecockpit-srv.cfapps.us10-003.hana.ondemand.com"
            } ],
            "existing_destinations_policy" : "update"
          }
        }
      },
      "default-service-name" : "ResilienceCockpit-destination",
      "default-container-name" : "94060551TRIAL_DEV_RESILIENCECOCKPIT_DESTINATION"
    },
    "isActive" : true,
    "isOptional" : false,
    "propertiesMetadata" : {
      "metadata" : { }
    },
    "parametersMetadata" : {
      "metadata" : { }
    },
    "requiredDependencies" : [ {
      "majorSchemaVersion" : 3,
      "name" : "srv-api",
      "properties" : { },
      "parameters" : { },
      "propertiesMetadata" : {
        "metadata" : { }
      },
      "parametersMetadata" : {
        "metadata" : { }
      }
    } ],
    "processedAfter" : [ ]
  }, {
    "majorSchemaVersion" : 3,
    "name" : "ResilienceCockpit-html5-repo-host",
    "type" : "org.cloudfoundry.managed-service",
    "properties" : { },
    "parameters" : {
      "generated-password" : "********",
      "service-name" : "ResilienceCockpit-html5-repo-host",
      "service-plan" : "app-host",
      "service" : "html5-apps-repo",
      "generated-user" : "********",
      "default-xsappname" : "ResilienceCockpit-html5-repo-host",
      "type" : "managed-service",
      "default-service-name" : "ResilienceCockpit-html5-repo-host",
      "default-container-name" : "94060551TRIAL_DEV_RESILIENCECOCKPIT_HTML5_REPO_HOST"
    },
    "isActive" : true,
    "isOptional" : false,
    "propertiesMetadata" : {
      "metadata" : { }
    },
    "parametersMetadata" : {
      "metadata" : { }
    },
    "requiredDependencies" : [ ],
    "processedAfter" : [ ]
  }, {
    "majorSchemaVersion" : 3,
    "name" : "ResilienceCockpit-logging",
    "type" : "org.cloudfoundry.managed-service",
    "properties" : { },
    "parameters" : {
      "generated-password" : "********",
      "service-name" : "ResilienceCockpit-logging",
      "service-plan" : "lite",
      "service" : "application-logs",
      "generated-user" : "********",
      "default-xsappname" : "ResilienceCockpit-logging",
      "type" : "managed-service",
      "default-service-name" : "ResilienceCockpit-logging",
      "default-container-name" : "94060551TRIAL_DEV_RESILIENCECOCKPIT_LOGGING"
    },
    "isActive" : true,
    "isOptional" : false,
    "propertiesMetadata" : {
      "metadata" : { }
    },
    "parametersMetadata" : {
      "metadata" : { }
    },
    "requiredDependencies" : [ ],
    "processedAfter" : [ ]
  } ],
  "parameters" : {
    "deploy_mode" : "html5-repo",
    "mta-id" : "ResilienceCockpit",
    "authorization-url" : "********",
    "org-guid" : "78e7b825-503f-4bdc-af4e-be86d7f43c8e",
    "org" : "94060551trial",
    "deploy-target" : "94060551trial dev",
    "enable-parallel-deployments" : true,
    "region-primary-domain" : "us10.hana.ondemand.com",
    "space" : "dev",
    "region-domain" : "us10-003.hana.ondemand.com",
    "xs-api-url" : "https://api.cf.us10-003.hana.ondemand.com",
    "deploy-url" : "deploy-service.cfapps.us10-003.hana.ondemand.com",
    "xs-type" : "CF",
    "default-domain" : "cfapps.us10-003.hana.ondemand.com",
    "mta-version" : "1.0.0",
    "xs-auth-url" : "********",
    "space-guid" : "039a1fe6-69a4-4c1e-9b8f-a64d47329d3e",
    "user" : "********",
    "controller-url" : "https://api.cf.us10-003.hana.ondemand.com",
    "timestamp" : "20260828035033"
  },
  "parametersMetadata" : {
    "metadata" : { }
  }
}#
#2026 08 28 03:50:35.074#Z#DEBUG#9f2c2b3d-a293-11f1-9e34-eeee0a9f0b65.OPERATION#flowable-async-job-executor-thread-842#
[ProcessDescriptorStep] Merged descriptor properties and parameters resolved#
#2026 08 28 03:50:35.074#Z#DEBUG#9f2c2b3d-a293-11f1-9e34-eeee0a9f0b65.OPERATION#flowable-async-job-executor-thread-842#
Step "Process Descriptor Step" finished#
#2026 08 28 03:50:35.109#Z#DEBUG#9f2c2b3d-a293-11f1-9e34-eeee0a9f0b65.OPERATION#flowable-async-job-executor-thread-842#
[XS2BuildCloudDeployModelStep] Executing task "buildDeployModelTask" of process "9f2c2b63-a293-11f1-9e34-eeee0a9f0b65"...#
#2026 08 28 03:50:35.113#Z#DEBUG#9f2c2b3d-a293-11f1-9e34-eeee0a9f0b65.OPERATION#flowable-async-job-executor-thread-842#
[XS2BuildCloudDeployModelStep] Service keys defined for content deployment grouped by service name: {
  "ResilienceCockpit-auth" : "********",
  "ResilienceCockpit-html5-repo-host" : [ {
    "name" : "********",
    "v3Metadata" : {
      "annotations" : {
        "mta_id" : "ResilienceCockpit",
        "mta_version" : "1.0.0"
      },
      "labels" : {
        "mta_id" : "12714f170fc41ee91010bfb8bfd6b5c9",
        "space_guid" : "039a1fe6-69a4-4c1e-9b8f-a64d47329d3e"
      }
    },
    "credentials" : "********",
    "moduleName" : "ResilienceCockpit-app-deployer",
    "resourceName" : "ResilienceCockpit-html5-repo-host",
    "serviceInstance" : {
      "isOptional" : false,
      "isManaged" : false,
      "name" : "ResilienceCockpit-html5-repo-host",
      "credentials" : "********",
      "tags" : [ ],
      "shouldSkipParametersUpdate" : false,
      "shouldSkipPlanUpdate" : false,
      "shouldSkipTagsUpdate" : false,
      "shouldSkipSyslogUrlUpdate" : false
    },
    "shouldDeleteServiceKeyAfterDeploy" : "********",
    "resourceType" : "org.cloudfoundry.managed-service"
  }, {
    "name" : "********",
    "v3Metadata" : {
      "annotations" : {
        "mta_id" : "ResilienceCockpit",
        "mta_version" : "1.0.0"
      },
      "labels" : {
        "mta_id" : "12714f170fc41ee91010bfb8bfd6b5c9",
        "space_guid" : "039a1fe6-69a4-4c1e-9b8f-a64d47329d3e"
      }
    },
    "credentials" : "********",
    "moduleName" : "ResilienceCockpit-destination-content",
    "resourceName" : "ResilienceCockpit-html5-repo-host",
    "serviceInstance" : {
      "isOptional" : false,
      "isManaged" : false,
      "name" : "ResilienceCockpit-html5-repo-host",
      "credentials" : "********",
      "tags" : [ ],
      "shouldSkipParametersUpdate" : false,
      "shouldSkipPlanUpdate" : false,
      "shouldSkipTagsUpdate" : false,
      "shouldSkipSyslogUrlUpdate" : false
    },
    "shouldDeleteServiceKeyAfterDeploy" : "********",
    "resourceType" : "org.cloudfoundry.managed-service"
  } ],
  "ResilienceCockpit-destination" : [ {
    "name" : "********",
    "v3Metadata" : {
      "annotations" : {
        "mta_id" : "ResilienceCockpit",
        "mta_version" : "1.0.0"
      },
      "labels" : {
        "mta_id" : "12714f170fc41ee91010bfb8bfd6b5c9",
        "space_guid" : "039a1fe6-69a4-4c1e-9b8f-a64d47329d3e"
      }
    },
    "credentials" : "********",
    "moduleName" : "ResilienceCockpit-destination-content",
    "resourceName" : "ResilienceCockpit-destination",
    "serviceInstance" : {
      "isOptional" : false,
      "isManaged" : false,
      "name" : "ResilienceCockpit-destination",
      "credentials" : "********",
      "tags" : [ ],
      "shouldSkipParametersUpdate" : false,
      "shouldSkipPlanUpdate" : false,
      "shouldSkipTagsUpdate" : false,
      "shouldSkipSyslogUrlUpdate" : false
    },
    "shouldDeleteServiceKeyAfterDeploy" : "********",
    "resourceType" : "org.cloudfoundry.managed-service"
  } ]
}#
#2026 08 28 03:50:35.113#Z#DEBUG#9f2c2b3d-a293-11f1-9e34-eeee0a9f0b65.OPERATION#flowable-async-job-executor-thread-842#
[XS2BuildCloudDeployModelStep] Building cloud deployment model...#
#2026 08 28 03:50:35.117#Z#DEBUG#9f2c2b3d-a293-11f1-9e34-eeee0a9f0b65.OPERATION#flowable-async-job-executor-thread-842#
[XS2BuildCloudDeployModelStep] MTA archive modules: [ResilienceCockpit-srv, ResilienceCockpit-app-deployer, ResilienceCockpit-db-deployer]#
#2026 08 28 03:50:35.117#Z#DEBUG#9f2c2b3d-a293-11f1-9e34-eeee0a9f0b65.OPERATION#flowable-async-job-executor-thread-842#
[XS2BuildCloudDeployModelStep] Deployed modules: [ResilienceCockpit-db-deployer, ResilienceCockpit-srv]#
#2026 08 28 03:50:35.118#Z#DEBUG#9f2c2b3d-a293-11f1-9e34-eeee0a9f0b65.OPERATION#flowable-async-job-executor-thread-842#
[XS2BuildCloudDeployModelStep] MTA modules: [ResilienceCockpit-srv, ResilienceCockpit-app-deployer, ResilienceCockpit-destination-content, ResilienceCockpit-db-deployer]#
#2026 08 28 03:50:35.118#Z#DEBUG#9f2c2b3d-a293-11f1-9e34-eeee0a9f0b65.OPERATION#flowable-async-job-executor-thread-842#
[XS2BuildCloudDeployModelStep] Service keys to create: {
  "ResilienceCockpit-db" : [ ],
  "ResilienceCockpit-auth" : "********",
  "ResilienceCockpit-html5-repo-host" : [ ],
  "ResilienceCockpit-connectivity" : [ ],
  "ResilienceCockpit-destination" : [ ],
  "ResilienceCockpit-logging" : [ ]
}#
#2026 08 28 03:50:35.119#Z#DEBUG#9f2c2b3d-a293-11f1-9e34-eeee0a9f0b65.OPERATION#flowable-async-job-executor-thread-842#
[XS2BuildCloudDeployModelStep] Modules to deploy: [{
  "majorSchemaVersion" : 3,
  "name" : "ResilienceCockpit-srv",
  "type" : "javascript.nodejs",
  "path" : "ResilienceCockpit-srv",
  "properties" : { },
  "parameters" : {
    "default-url" : "https://94060551trial-dev-resiliencecockpit-srv.cfapps.us10-003.hana.ondemand.com",
    "default-app-name" : "ResilienceCockpit-srv",
    "generated-password" : "********",
    "default-live-url" : "https://94060551trial-dev-resiliencecockpit-srv.cfapps.us10-003.hana.ondemand.com",
    "default-uri" : "94060551trial-dev-resiliencecockpit-srv.cfapps.us10-003.hana.ondemand.com",
    "default-instances" : 1,
    "default-live-host" : "94060551trial-dev-resiliencecockpit-srv",
    "instances" : 1,
    "buildpack" : "nodejs_buildpack",
    "default-host" : "94060551trial-dev-resiliencecockpit-srv",
    "app-name" : "ResilienceCockpit-srv",
    "default-live-uri" : "94060551trial-dev-resiliencecockpit-srv.cfapps.us10-003.hana.ondemand.com",
    "protocol" : "https",
    "default-live-app-name" : "ResilienceCockpit-srv",
    "default-live-domain" : "cfapps.us10-003.hana.ondemand.com",
    "dependency-type" : "soft",
    "domain" : "cfapps.us10-003.hana.ondemand.com",
    "host" : "94060551trial-dev-resiliencecockpit-srv",
    "generated-user" : "********"
  },
  "requiredDependencies" : [ {
    "majorSchemaVersion" : 3,
    "name" : "********",
    "properties" : { },
    "parameters" : { },
    "propertiesMetadata" : {
      "metadata" : { }
    },
    "parametersMetadata" : {
      "metadata" : { }
    }
  }, {
    "majorSchemaVersion" : 3,
    "name" : "ResilienceCockpit-db",
    "properties" : { },
    "parameters" : { },
    "propertiesMetadata" : {
      "metadata" : { }
    },
    "parametersMetadata" : {
      "metadata" : { }
    }
  }, {
    "majorSchemaVersion" : 3,
    "name" : "ResilienceCockpit-connectivity",
    "properties" : { },
    "parameters" : { },
    "propertiesMetadata" : {
      "metadata" : { }
    },
    "parametersMetadata" : {
      "metadata" : { }
    }
  }, {
    "majorSchemaVersion" : 3,
    "name" : "ResilienceCockpit-destination",
    "properties" : { },
    "parameters" : { },
    "propertiesMetadata" : {
      "metadata" : { }
    },
    "parametersMetadata" : {
      "metadata" : { }
    }
  }, {
    "majorSchemaVersion" : 3,
    "name" : "ResilienceCockpit-logging",
    "properties" : { },
    "parameters" : { },
    "propertiesMetadata" : {
      "metadata" : { }
    },
    "parametersMetadata" : {
      "metadata" : { }
    }
  } ],
  "providedDependencies" : [ {
    "majorSchemaVersion" : 3,
    "name" : "srv-api",
    "isPublic" : false,
    "properties" : {
      "srv-url" : "https://94060551trial-dev-resiliencecockpit-srv.cfapps.us10-003.hana.ondemand.com"
    },
    "parameters" : { },
    "propertiesMetadata" : {
      "metadata" : { }
    },
    "parametersMetadata" : {
      "metadata" : { }
    }
  }, {
    "majorSchemaVersion" : 3,
    "name" : "ResilienceCockpit-srv",
    "isPublic" : false,
    "properties" : { },
    "parameters" : { },
    "propertiesMetadata" : {
      "metadata" : { }
    },
    "parametersMetadata" : {
      "metadata" : { }
    }
  } ],
  "propertiesMetadata" : {
    "metadata" : { }
  },
  "parametersMetadata" : {
    "metadata" : { }
  },
  "deployedAfter" : [ ],
  "hooks" : [ ]
}, {
  "majorSchemaVersion" : 3,
  "name" : "ResilienceCockpit-db-deployer",
  "type" : "com.sap.xs.hdi",
  "path" : "ResilienceCockpit-db-deployer",
  "properties" : {
    "EXIT" : 1
  },
  "parameters" : {
    "default-url" : "https://94060551trial-dev-resiliencecockpit-db-deployer.cfapps.us10-003.hana.ondemand.com",
    "default-app-name" : "ResilienceCockpit-db-deployer",
    "generated-password" : "********",
    "default-live-url" : "https://94060551trial-dev-resiliencecockpit-db-deployer.cfapps.us10-003.hana.ondemand.com",
    "default-uri" : "94060551trial-dev-resiliencecockpit-db-deployer.cfapps.us10-003.hana.ondemand.com",
    "memory" : "256M",
    "default-instances" : 1,
    "no-route" : true,
    "default-live-host" : "94060551trial-dev-resiliencecockpit-db-deployer",
    "instances" : 1,
    "buildpack" : "nodejs_buildpack",
    "default-host" : "94060551trial-dev-resiliencecockpit-db-deployer",
    "app-name" : "ResilienceCockpit-db-deployer",
    "default-live-uri" : "94060551trial-dev-resiliencecockpit-db-deployer.cfapps.us10-003.hana.ondemand.com",
    "protocol" : "https",
    "default-live-app-name" : "ResilienceCockpit-db-deployer",
    "default-live-domain" : "cfapps.us10-003.hana.ondemand.com",
    "dependency-type" : "hard",
    "domain" : "cfapps.us10-003.hana.ondemand.com",
    "host" : "94060551trial-dev-resiliencecockpit-db-deployer",
    "generated-user" : "********",
    "tasks" : [ {
      "command" : "npm start",
      "memory" : "256M",
      "name" : "deploy"
    } ],
    "no-start" : true
  },
  "requiredDependencies" : [ {
    "majorSchemaVersion" : 3,
    "name" : "ResilienceCockpit-db",
    "properties" : { },
    "parameters" : { },
    "propertiesMetadata" : {
      "metadata" : { }
    },
    "parametersMetadata" : {
      "metadata" : { }
    }
  } ],
  "providedDependencies" : [ {
    "majorSchemaVersion" : 3,
    "name" : "ResilienceCockpit-db-deployer",
    "isPublic" : false,
    "properties" : { },
    "parameters" : { },
    "propertiesMetadata" : {
      "metadata" : { }
    },
    "parametersMetadata" : {
      "metadata" : { }
    }
  } ],
  "propertiesMetadata" : {
    "metadata" : { }
  },
  "parametersMetadata" : {
    "metadata" : { }
  },
  "deployedAfter" : [ ],
  "hooks" : [ ]
}, {
  "majorSchemaVersion" : 3,
  "name" : "ResilienceCockpit-app-deployer",
  "type" : "com.sap.application.content",
  "path" : "ResilienceCockpit-app-deployer",
  "properties" : { },
  "parameters" : {
    "default-url" : "https://94060551trial-dev-resiliencecockpit-app-deployer.cfapps.us10-003.hana.ondemand.com",
    "default-app-name" : "ResilienceCockpit-app-deployer",
    "generated-password" : "********",
    "default-live-url" : "https://94060551trial-dev-resiliencecockpit-app-deployer.cfapps.us10-003.hana.ondemand.com",
    "default-uri" : "94060551trial-dev-resiliencecockpit-app-deployer.cfapps.us10-003.hana.ondemand.com",
    "default-instances" : 1,
    "default-live-host" : "94060551trial-dev-resiliencecockpit-app-deployer",
    "instances" : 1,
    "default-host" : "94060551trial-dev-resiliencecockpit-app-deployer",
    "app-name" : "ResilienceCockpit-app-deployer",
    "default-live-uri" : "94060551trial-dev-resiliencecockpit-app-deployer.cfapps.us10-003.hana.ondemand.com",
    "protocol" : "https",
    "default-live-app-name" : "ResilienceCockpit-app-deployer",
    "default-live-domain" : "cfapps.us10-003.hana.ondemand.com",
    "dependency-type" : "soft",
    "domain" : "cfapps.us10-003.hana.ondemand.com",
    "host" : "94060551trial-dev-resiliencecockpit-app-deployer",
    "generated-user" : "********"
  },
  "requiredDependencies" : [ {
    "majorSchemaVersion" : 3,
    "name" : "********",
    "properties" : { },
    "parameters" : { },
    "propertiesMetadata" : {
      "metadata" : { }
    },
    "parametersMetadata" : {
      "metadata" : { }
    }
  }, {
    "majorSchemaVersion" : 3,
    "name" : "srv-api",
    "properties" : { },
    "parameters" : { },
    "propertiesMetadata" : {
      "metadata" : { }
    },
    "parametersMetadata" : {
      "metadata" : { }
    }
  }, {
    "majorSchemaVersion" : 3,
    "name" : "ResilienceCockpit-html5-repo-host",
    "properties" : { },
    "parameters" : {
      "config" : {
        "HTML5Runtime_enabled" : false
      },
      "content-target" : true
    },
    "propertiesMetadata" : {
      "metadata" : { }
    },
    "parametersMetadata" : {
      "metadata" : { }
    }
  } ],
  "providedDependencies" : [ {
    "majorSchemaVersion" : 3,
    "name" : "ResilienceCockpit-app-deployer",
    "isPublic" : false,
    "properties" : { },
    "parameters" : { },
    "propertiesMetadata" : {
      "metadata" : { }
    },
    "parametersMetadata" : {
      "metadata" : { }
    }
  } ],
  "propertiesMetadata" : {
    "metadata" : { }
  },
  "parametersMetadata" : {
    "metadata" : { }
  },
  "deployedAfter" : [ ],
  "hooks" : [ ]
}, {
  "majorSchemaVersion" : 3,
  "name" : "ResilienceCockpit-destination-content",
  "type" : "com.sap.application.content",
  "properties" : { },
  "parameters" : {
    "default-url" : "https://94060551trial-dev-resiliencecockpit-destination-content.cfapps.us10-003.hana.ondemand.com",
    "default-app-name" : "ResilienceCockpit-destination-content",
    "generated-password" : "********",
    "default-live-url" : "https://94060551trial-dev-resiliencecockpit-destination-content.cfapps.us10-003.hana.ondemand.com",
    "default-uri" : "94060551trial-dev-resiliencecockpit-destination-content.cfapps.us10-003.hana.ondemand.com",
    "default-instances" : 1,
    "default-live-host" : "94060551trial-dev-resiliencecockpit-destination-content",
    "instances" : 1,
    "default-host" : "94060551trial-dev-resiliencecockpit-destination-content",
    "content" : {
      "instance" : {
        "destinations" : [ {
          "Authentication" : "********",
          "Name" : "srv-api",
          "TokenServiceInstanceName" : "********",
          "TokenServiceKeyName" : "********",
          "URL" : "https://94060551trial-dev-resiliencecockpit-srv.cfapps.us10-003.hana.ondemand.com"
        }, {
          "Name" : "ResilienceCockpit-html5-repo-host",
          "ServiceInstanceName" : "ResilienceCockpit-html5-repo-host",
          "ServiceKeyName" : "********",
          "sap.cloud.service" : "nexus"
        }, {
          "Authentication" : "********",
          "Name" : "********",
          "ServiceInstanceName" : "********",
          "ServiceKeyName" : "********"
        } ],
        "existing_destinations_policy" : "update"
      }
    },
    "app-name" : "ResilienceCockpit-destination-content",
    "default-live-uri" : "94060551trial-dev-resiliencecockpit-destination-content.cfapps.us10-003.hana.ondemand.com",
    "protocol" : "https",
    "default-live-app-name" : "ResilienceCockpit-destination-content",
    "default-live-domain" : "cfapps.us10-003.hana.ondemand.com",
    "dependency-type" : "soft",
    "domain" : "cfapps.us10-003.hana.ondemand.com",
    "host" : "94060551trial-dev-resiliencecockpit-destination-content",
    "generated-user" : "********"
  },
  "requiredDependencies" : [ {
    "majorSchemaVersion" : 3,
    "name" : "********",
    "properties" : { },
    "parameters" : {
      "service-key" : "********"
    },
    "propertiesMetadata" : {
      "metadata" : { }
    },
    "parametersMetadata" : {
      "metadata" : { }
    }
  }, {
    "majorSchemaVersion" : 3,
    "name" : "ResilienceCockpit-html5-repo-host",
    "properties" : { },
    "parameters" : {
      "service-key" : "********"
    },
    "propertiesMetadata" : {
      "metadata" : { }
    },
    "parametersMetadata" : {
      "metadata" : { }
    }
  }, {
    "majorSchemaVersion" : 3,
    "name" : "srv-api",
    "properties" : { },
    "parameters" : { },
    "propertiesMetadata" : {
      "metadata" : { }
    },
    "parametersMetadata" : {
      "metadata" : { }
    }
  }, {
    "majorSchemaVersion" : 3,
    "name" : "ResilienceCockpit-destination",
    "properties" : { },
    "parameters" : {
      "content-target" : true
    },
    "propertiesMetadata" : {
      "metadata" : { }
    },
    "parametersMetadata" : {
      "metadata" : { }
    }
  } ],
  "providedDependencies" : [ {
    "majorSchemaVersion" : 3,
    "name" : "ResilienceCockpit-destination-content",
    "isPublic" : false,
    "properties" : { },
    "parameters" : { },
    "propertiesMetadata" : {
      "metadata" : { }
    },
    "parametersMetadata" : {
      "metadata" : { }
    }
  } ],
  "propertiesMetadata" : {
    "metadata" : { }
  },
  "parametersMetadata" : {
    "metadata" : { }
  },
  "deployedAfter" : [ ],
  "hooks" : [ ]
}]#
#2026 08 28 03:50:35.120#Z#DEBUG#9f2c2b3d-a293-11f1-9e34-eeee0a9f0b65.OPERATION#flowable-async-job-executor-thread-842#
[XS2BuildCloudDeployModelStep] Custom domains: []#
#2026 08 28 03:50:35.122#Z#DEBUG#9f2c2b3d-a293-11f1-9e34-eeee0a9f0b65.OPERATION#flowable-async-job-executor-thread-842#
[XS2BuildCloudDeployModelStep] Calculating resource batches...#
#2026 08 28 03:50:35.123#Z#DEBUG#9f2c2b3d-a293-11f1-9e34-eeee0a9f0b65.OPERATION#flowable-async-job-executor-thread-842#
[XS2BuildCloudDeployModelStep] Calculating resource batches completed.#
#2026 08 28 03:50:35.123#Z#DEBUG#9f2c2b3d-a293-11f1-9e34-eeee0a9f0b65.OPERATION#flowable-async-job-executor-thread-842#
[XS2BuildCloudDeployModelStep] Cloud deployment model built#
#2026 08 28 03:50:35.123#Z#DEBUG#9f2c2b3d-a293-11f1-9e34-eeee0a9f0b65.OPERATION#flowable-async-job-executor-thread-842#
Step "Build Deploy Model" finished#
#2026 08 28 03:50:35.159#Z#DEBUG#9f2c2b3d-a293-11f1-9e34-eeee0a9f0b65.OPERATION#flowable-async-job-executor-thread-842#
[BuildCloudUndeployModelStep] Executing task "buildUndeployModelTask" of process "9f2c2b63-a293-11f1-9e34-eeee0a9f0b65"...#
#2026 08 28 03:50:35.160#Z#DEBUG#9f2c2b3d-a293-11f1-9e34-eeee0a9f0b65.OPERATION#flowable-async-job-executor-thread-842#
[BuildCloudUndeployModelStep] Building cloud undeployment model...#
#2026 08 28 03:50:35.162#Z#DEBUG#9f2c2b3d-a293-11f1-9e34-eeee0a9f0b65.OPERATION#flowable-async-job-executor-thread-842#
[BuildCloudUndeployModelStep] Detecting service keys to delete.#
#2026 08 28 03:50:35.164#Z#DEBUG#9f2c2b3d-a293-11f1-9e34-eeee0a9f0b65.OPERATION#flowable-async-job-executor-thread-842#
[BuildCloudUndeployModelStep] Detected deployed service keys by service "{ResilienceCockpit-auth=[DeployedMtaServiceKey{name=ResilienceCockpit-app-deployer-ResilienceCockpit-auth-credentials, metadata=CloudMetadata{guid=5d6a90ac-d2af-4efb-9c74-52d5e2c186dd, createdAt=2026-08-25T08:30:22, updatedAt=2026-08-25T08:30:23, url=null}, v3Metadata=Metadata{annotations={mta_id=ResilienceCockpit, mta_version=1.0.0}, labels={mta_id=12714f170fc41ee91010bfb8bfd6b5c9, space_guid=039a1fe6-69a4-4c1e-9b8f-a64d47329d3e}}, credentials=null, serviceInstance=CloudServiceInstance{name=ResilienceCockpit-auth, metadata=CloudMetadata{guid=a4201f74-f0ad-456c-947a-8ce52d2ae7ca, createdAt=2026-08-25T08:30:02, updatedAt=2026-08-25T08:30:03, url=null}, v3Metadata=Metadata{annotations={mta_id=ResilienceCockpit, mta_version=1.0.0, mta_resource={"name":"ResilienceCockpit-auth"}}, labels={mta_id=12714f170fc41ee91010bfb8bfd6b5c9}}, label=null, plan=null, provider=null, broker=null, version=null, credentials={}, syslogDrainUrl=null, tags=[], type=managed, lastOperation=null}, serviceKeyOperation=null, resourceName=null}, DeployedMtaServiceKey{name=ResilienceCockpit-auth-key, metadata=CloudMetadata{guid=a740b217-4eaa-4fba-94d5-6b134f537e01, createdAt=2026-08-25T08:30:23, updatedAt=2026-08-25T08:30:23, url=null}, v3Metadata=Metadata{annotations={mta_id=ResilienceCockpit, mta_version=1.0.0}, labels={mta_id=12714f170fc41ee91010bfb8bfd6b5c9, space_guid=039a1fe6-69a4-4c1e-9b8f-a64d47329d3e}}, credentials=null, serviceInstance=CloudServiceInstance{name=ResilienceCockpit-auth, metadata=CloudMetadata{guid=a4201f74-f0ad-456c-947a-8ce52d2ae7ca, createdAt=2026-08-25T08:30:02, updatedAt=2026-08-25T08:30:03, url=null}, v3Metadata=Metadata{annotations={mta_id=ResilienceCockpit, mta_version=1.0.0, mta_resource={"name":"ResilienceCockpit-auth"}}, labels={mta_id=12714f170fc41ee91010bfb8bfd6b5c9}}, label=null, plan=null, provider=null, broker=null, version=null, credentials={}, syslogDrainUrl=null, tags=[], type=managed, lastOperation=null}, serviceKeyOperation=null, resourceName=null}], ResilienceCockpit-html5-repo-host=[DeployedMtaServiceKey{name=ResilienceCockpit-app-deployer-ResilienceCockpit-html5-repo-host-credentials, metadata=CloudMetadata{guid=de7350a4-f280-459d-afc2-ad86ef46b093, createdAt=2026-08-25T08:30:22, updatedAt=2026-08-25T08:30:23, url=null}, v3Metadata=Metadata{annotations={mta_id=ResilienceCockpit, mta_version=1.0.0}, labels={mta_id=12714f170fc41ee91010bfb8bfd6b5c9, space_guid=039a1fe6-69a4-4c1e-9b8f-a64d47329d3e}}, credentials=null, serviceInstance=CloudServiceInstance{name=ResilienceCockpit-html5-repo-host, metadata=CloudMetadata{guid=fd6aaf90-4cca-4826-9764-60a919421480, createdAt=2026-08-25T08:30:06, updatedAt=2026-08-25T08:30:07, url=null}, v3Metadata=Metadata{annotations={mta_id=ResilienceCockpit, mta_version=1.0.0, mta_resource={"name":"ResilienceCockpit-html5-repo-host"}}, labels={mta_id=12714f170fc41ee91010bfb8bfd6b5c9}}, label=null, plan=null, provider=null, broker=null, version=null, credentials={}, syslogDrainUrl=null, tags=[], type=managed, lastOperation=null}, serviceKeyOperation=null, resourceName=null}, DeployedMtaServiceKey{name=ResilienceCockpit-html5-repo-host-key, metadata=CloudMetadata{guid=67b06842-65c2-44d3-9ce0-5b5dfc51df85, createdAt=2026-08-25T08:30:23, updatedAt=2026-08-25T08:30:24, url=null}, v3Metadata=Metadata{annotations={mta_id=ResilienceCockpit, mta_version=1.0.0}, labels={mta_id=12714f170fc41ee91010bfb8bfd6b5c9, space_guid=039a1fe6-69a4-4c1e-9b8f-a64d47329d3e}}, credentials=null, serviceInstance=CloudServiceInstance{name=ResilienceCockpit-html5-repo-host, metadata=CloudMetadata{guid=fd6aaf90-4cca-4826-9764-60a919421480, createdAt=2026-08-25T08:30:06, updatedAt=2026-08-25T08:30:07, url=null}, v3Metadata=Metadata{annotations={mta_id=ResilienceCockpit, mta_version=1.0.0, mta_resource={"name":"ResilienceCockpit-html5-repo-host"}}, labels={mta_id=12714f170fc41ee91010bfb8bfd6b5c9}}, label=null, plan=null, provider=null, broker=null, version=null, credentials={}, syslogDrainUrl=null, tags=[], type=managed, lastOperation=null}, serviceKeyOperation=null, resourceName=null}], ResilienceCockpit-destination=[DeployedMtaServiceKey{name=ResilienceCockpit-destination-content-ResilienceCockpit-destination-credentials, metadata=CloudMetadata{guid=7ddd25ac-6128-41d8-b339-11a4a5e9f307, createdAt=2026-08-25T11:44:32, updatedAt=2026-08-25T11:44:34, url=null}, v3Metadata=Metadata{annotations={mta_id=ResilienceCockpit, mta_version=1.0.0}, labels={mta_id=12714f170fc41ee91010bfb8bfd6b5c9, space_guid=039a1fe6-69a4-4c1e-9b8f-a64d47329d3e}}, credentials=null, serviceInstance=CloudServiceInstance{name=ResilienceCockpit-destination, metadata=CloudMetadata{guid=b320a563-1340-4020-8574-566b1e2175a9, createdAt=2026-08-25T11:44:14, updatedAt=2026-08-25T11:44:19, url=null}, v3Metadata=Metadata{annotations={mta_id=ResilienceCockpit, mta_version=1.0.0, mta_resource={"name":"ResilienceCockpit-destination"}}, labels={mta_id=12714f170fc41ee91010bfb8bfd6b5c9}}, label=null, plan=null, provider=null, broker=null, version=null, credentials={}, syslogDrainUrl=null, tags=[], type=managed, lastOperation=null}, serviceKeyOperation=null, resourceName=null}]}"#
#2026 08 28 03:50:35.167#Z#DEBUG#9f2c2b3d-a293-11f1-9e34-eeee0a9f0b65.OPERATION#flowable-async-job-executor-thread-842#
[BuildCloudUndeployModelStep] New service keys by service "{ResilienceCockpit-auth=[ResilienceCockpit-app-deployer-ResilienceCockpit-auth-credentials, ResilienceCockpit-auth-key], ResilienceCockpit-html5-repo-host=[ResilienceCockpit-app-deployer-ResilienceCockpit-html5-repo-host-credentials, ResilienceCockpit-html5-repo-host-key], ResilienceCockpit-destination=[ResilienceCockpit-destination-content-ResilienceCockpit-destination-credentials]}"#
#2026 08 28 03:50:35.168#Z#DEBUG#9f2c2b3d-a293-11f1-9e34-eeee0a9f0b65.OPERATION#flowable-async-job-executor-thread-842#
[BuildCloudUndeployModelStep] Existing service keys by service "{}"#
#2026 08 28 03:50:35.168#Z#DEBUG#9f2c2b3d-a293-11f1-9e34-eeee0a9f0b65.OPERATION#flowable-async-job-executor-thread-842#
[BuildCloudUndeployModelStep] Detected service keys to delete "[]"#
#2026 08 28 03:50:35.174#Z#DEBUG#9f2c2b3d-a293-11f1-9e34-eeee0a9f0b65.OPERATION#flowable-async-job-executor-thread-842#
[BuildCloudUndeployModelStep] MTA modules: [ResilienceCockpit-srv, ResilienceCockpit-app-deployer, ResilienceCockpit-destination-content, ResilienceCockpit-db-deployer]#
#2026 08 28 03:50:35.174#Z#DEBUG#9f2c2b3d-a293-11f1-9e34-eeee0a9f0b65.OPERATION#flowable-async-job-executor-thread-842#
[BuildCloudUndeployModelStep] Modules to undeploy: [ ]#
#2026 08 28 03:50:35.174#Z#DEBUG#9f2c2b3d-a293-11f1-9e34-eeee0a9f0b65.OPERATION#flowable-async-job-executor-thread-842#
[BuildCloudUndeployModelStep] Modules that won't be changed: [ ]#
#2026 08 28 03:50:35.175#Z#DEBUG#9f2c2b3d-a293-11f1-9e34-eeee0a9f0b65.OPERATION#flowable-async-job-executor-thread-842#
[BuildCloudUndeployModelStep] Subscriptions to delete: [ ]#
#2026 08 28 03:50:35.178#Z#DEBUG#9f2c2b3d-a293-11f1-9e34-eeee0a9f0b65.OPERATION#flowable-async-job-executor-thread-842#
[BuildCloudUndeployModelStep] Cloud services to delete: []#
#2026 08 28 03:50:35.178#Z#DEBUG#9f2c2b3d-a293-11f1-9e34-eeee0a9f0b65.OPERATION#flowable-async-job-executor-thread-842#
[BuildCloudUndeployModelStep] Cloud applications to undeploy: [ ]#
#2026 08 28 03:50:35.182#Z#DEBUG#9f2c2b3d-a293-11f1-9e34-eeee0a9f0b65.OPERATION#flowable-async-job-executor-thread-842#
[BuildCloudUndeployModelStep] Cloud undeployment model built#
#2026 08 28 03:50:35.182#Z#DEBUG#9f2c2b3d-a293-11f1-9e34-eeee0a9f0b65.OPERATION#flowable-async-job-executor-thread-842#
Step "Build Undeploy Model" finished#
#2026 08 28 03:50:35.214#Z#DEBUG#9f2c2b3d-a293-11f1-9e34-eeee0a9f0b65.OPERATION#flowable-async-job-executor-thread-842#
[AddDomainsStep] Executing task "addDomainsTask" of process "9f2c2b63-a293-11f1-9e34-eeee0a9f0b65"...#
#2026 08 28 03:50:35.216#Z#DEBUG#9f2c2b3d-a293-11f1-9e34-eeee0a9f0b65.OPERATION#flowable-async-job-executor-thread-842#
[AddDomainsStep] Custom domains: []#
#2026 08 28 03:50:35.216#Z#DEBUG#9f2c2b3d-a293-11f1-9e34-eeee0a9f0b65.OPERATION#flowable-async-job-executor-thread-842#
Step "Add Domains" finished#
#2026 08 28 03:50:35.336#Z#DEBUG#9f2c2b3d-a293-11f1-9e34-eeee0a9f0b65.OPERATION#flowable-async-job-executor-thread-842#
[ExtractBatchedServicesWithResolvedDynamicParametersStep] Executing task "prepareModulesDeploymentTask" of process "9ff63233-a293-11f1-9e34-eeee0a9f0b65"...#
#2026 08 28 03:50:35.337#Z#DEBUG#9f2c2b3d-a293-11f1-9e34-eeee0a9f0b65.OPERATION#flowable-async-job-executor-thread-842#
[ExtractBatchedServicesWithResolvedDynamicParametersStep] Extracting services and resolving dynamic parameters from batch#
#2026 08 28 03:50:35.339#Z#DEBUG#9f2c2b3d-a293-11f1-9e34-eeee0a9f0b65.OPERATION#flowable-async-job-executor-thread-842#
[ExtractBatchedServicesWithResolvedDynamicParametersStep] Services to create: [ {
  "isOptional" : false,
  "isManaged" : true,
  "name" : "********",
  "v3Metadata" : {
    "annotations" : {
      "mta_id" : "ResilienceCockpit",
      "mta_version" : "1.0.0",
      "mta_resource" : "********"
    },
    "labels" : {
      "mta_id" : "12714f170fc41ee91010bfb8bfd6b5c9"
    }
  },
  "label" : "xsuaa",
  "plan" : "application",
  "credentials" : "********",
  "tags" : [ ],
  "type" : "managed",
  "resourceName" : "********",
  "shouldSkipParametersUpdate" : false,
  "shouldSkipPlanUpdate" : false,
  "shouldSkipTagsUpdate" : false,
  "shouldSkipSyslogUrlUpdate" : false
}, {
  "isOptional" : false,
  "isManaged" : true,
  "name" : "ResilienceCockpit-db",
  "v3Metadata" : {
    "annotations" : {
      "mta_id" : "ResilienceCockpit",
      "mta_version" : "1.0.0",
      "mta_resource" : "{\"name\":\"ResilienceCockpit-db\"}"
    },
    "labels" : {
      "mta_id" : "12714f170fc41ee91010bfb8bfd6b5c9"
    }
  },
  "label" : "hana",
  "plan" : "hdi-shared",
  "credentials" : "********",
  "tags" : [ ],
  "type" : "managed",
  "resourceName" : "ResilienceCockpit-db",
  "shouldSkipParametersUpdate" : false,
  "shouldSkipPlanUpdate" : false,
  "shouldSkipTagsUpdate" : false,
  "shouldSkipSyslogUrlUpdate" : false
}, {
  "isOptional" : false,
  "isManaged" : true,
  "name" : "ResilienceCockpit-connectivity",
  "v3Metadata" : {
    "annotations" : {
      "mta_id" : "ResilienceCockpit",
      "mta_version" : "1.0.0",
      "mta_resource" : "{\"name\":\"ResilienceCockpit-connectivity\"}"
    },
    "labels" : {
      "mta_id" : "12714f170fc41ee91010bfb8bfd6b5c9"
    }
  },
  "label" : "connectivity",
  "plan" : "lite",
  "credentials" : "********",
  "tags" : [ ],
  "type" : "managed",
  "resourceName" : "ResilienceCockpit-connectivity",
  "shouldSkipParametersUpdate" : false,
  "shouldSkipPlanUpdate" : false,
  "shouldSkipTagsUpdate" : false,
  "shouldSkipSyslogUrlUpdate" : false
}, {
  "isOptional" : false,
  "isManaged" : true,
  "name" : "ResilienceCockpit-destination",
  "v3Metadata" : {
    "annotations" : {
      "mta_id" : "ResilienceCockpit",
      "mta_version" : "1.0.0",
      "mta_resource" : "{\"name\":\"ResilienceCockpit-destination\"}"
    },
    "labels" : {
      "mta_id" : "12714f170fc41ee91010bfb8bfd6b5c9"
    }
  },
  "label" : "destination",
  "plan" : "lite",
  "credentials" : "********",
  "tags" : [ ],
  "type" : "managed",
  "resourceName" : "ResilienceCockpit-destination",
  "shouldSkipParametersUpdate" : false,
  "shouldSkipPlanUpdate" : false,
  "shouldSkipTagsUpdate" : false,
  "shouldSkipSyslogUrlUpdate" : false
}, {
  "isOptional" : false,
  "isManaged" : true,
  "name" : "ResilienceCockpit-html5-repo-host",
  "v3Metadata" : {
    "annotations" : {
      "mta_id" : "ResilienceCockpit",
      "mta_version" : "1.0.0",
      "mta_resource" : "{\"name\":\"ResilienceCockpit-html5-repo-host\"}"
    },
    "labels" : {
      "mta_id" : "12714f170fc41ee91010bfb8bfd6b5c9"
    }
  },
  "label" : "html5-apps-repo",
  "plan" : "app-host",
  "credentials" : "********",
  "tags" : [ ],
  "type" : "managed",
  "resourceName" : "ResilienceCockpit-html5-repo-host",
  "shouldSkipParametersUpdate" : false,
  "shouldSkipPlanUpdate" : false,
  "shouldSkipTagsUpdate" : false,
  "shouldSkipSyslogUrlUpdate" : false
}, {
  "isOptional" : false,
  "isManaged" : true,
  "name" : "ResilienceCockpit-logging",
  "v3Metadata" : {
    "annotations" : {
      "mta_id" : "ResilienceCockpit",
      "mta_version" : "1.0.0",
      "mta_resource" : "{\"name\":\"ResilienceCockpit-logging\"}"
    },
    "labels" : {
      "mta_id" : "12714f170fc41ee91010bfb8bfd6b5c9"
    }
  },
  "label" : "application-logs",
  "plan" : "lite",
  "credentials" : "********",
  "tags" : [ ],
  "type" : "managed",
  "resourceName" : "ResilienceCockpit-logging",
  "shouldSkipParametersUpdate" : false,
  "shouldSkipPlanUpdate" : false,
  "shouldSkipTagsUpdate" : false,
  "shouldSkipSyslogUrlUpdate" : false
} ]#
#2026 08 28 03:50:35.340#Z#DEBUG#9f2c2b3d-a293-11f1-9e34-eeee0a9f0b65.OPERATION#flowable-async-job-executor-thread-842#
Step "Extract Services with Resolved Dynamic parameters from batch" finished#
#2026 08 28 03:50:35.430#Z#DEBUG#9f2c2b3d-a293-11f1-9e34-eeee0a9f0b65.OPERATION#flowable-async-job-executor-thread-842#
[CheckServiceOperationStateStep] Executing task "CheckServiceOperationStateTask" of process "a00796a5-a293-11f1-9e34-eeee0a9f0b65"...#
#2026 08 28 03:50:35.431#Z#DEBUG#9f2c2b3d-a293-11f1-9e34-eeee0a9f0b65.OPERATION#flowable-async-job-executor-thread-842#
[CheckServiceOperationStateStep] Getting service instance "ResilienceCockpit-auth"...#
#2026 08 28 03:50:35.524#Z#DEBUG#9f2c2b3d-a293-11f1-9e34-eeee0a9f0b65.OPERATION#flowable-async-job-executor-thread-842#
Step "Check for service operations in Progress" finished#
#2026 08 28 03:50:35.552#Z#DEBUG#9f2c2b3d-a293-11f1-9e34-eeee0a9f0b65.OPERATION#flowable-async-job-executor-thread-842#
[DetermineServiceCreateUpdateServiceActionsStep] Executing task "DetermineServiceCreateUpdateActionsTask" of process "a00796a5-a293-11f1-9e34-eeee0a9f0b65"...#
#2026 08 28 03:50:35.554#Z#INFO#9f2c2b3d-a293-11f1-9e34-eeee0a9f0b65.OPERATION#flowable-async-job-executor-thread-842#
[DetermineServiceCreateUpdateServiceActionsStep] Processing service "ResilienceCockpit-auth"...#
#2026 08 28 03:50:35.558#Z#DEBUG#9f2c2b3d-a293-11f1-9e34-eeee0a9f0b65.OPERATION#flowable-async-job-executor-thread-842#
[DetermineServiceCreateUpdateServiceActionsStep] Getting service instance "ResilienceCockpit-auth"...#
#2026 08 28 03:50:35.642#Z#INFO#9f2c2b3d-a293-11f1-9e34-eeee0a9f0b65.OPERATION#flowable-async-job-executor-thread-842#
[DetermineServiceCreateUpdateServiceActionsStep] Setting service "ResilienceCockpit-auth" parameters from "xs-security.json"#
#2026 08 28 03:50:35.685#Z#DEBUG#9f2c2b3d-a293-11f1-9e34-eeee0a9f0b65.OPERATION#flowable-async-job-executor-thread-842#
[DetermineServiceCreateUpdateServiceActionsStep] Existing service: {
  "name" : "********",
  "metadata" : {
    "guid" : "a4201f74-f0ad-456c-947a-8ce52d2ae7ca",
    "createdAt" : [ 2026, 8, 25, 8, 30, 2 ],
    "updatedAt" : [ 2026, 8, 25, 8, 30, 3 ]
  },
  "v3Metadata" : {
    "annotations" : {
      "mta_id" : "ResilienceCockpit",
      "mta_version" : "1.0.0",
      "mta_resource" : "********"
    },
    "labels" : {
      "mta_id" : "12714f170fc41ee91010bfb8bfd6b5c9"
    }
  },
  "label" : "xsuaa",
  "plan" : "application",
  "credentials" : "********",
  "tags" : [ ],
  "type" : "managed",
  "lastOperation" : {
    "type" : "UPDATE",
    "description" : "",
    "state" : "SUCCEEDED"
  }
}#
#2026 08 28 03:50:35.685#Z#DEBUG#9f2c2b3d-a293-11f1-9e34-eeee0a9f0b65.OPERATION#flowable-async-job-executor-thread-842#
[DetermineServiceCreateUpdateServiceActionsStep] Service parameters will be updated#
#2026 08 28 03:50:35.685#Z#DEBUG#9f2c2b3d-a293-11f1-9e34-eeee0a9f0b65.OPERATION#flowable-async-job-executor-thread-842#
[DetermineServiceCreateUpdateServiceActionsStep] New parameters: {
  "attributes" : [ ],
  "oauth2-configuration" : "********",
  "role-templates" : [ {
    "name" : "NX-SC-ANL",
    "description" : "generated",
    "scope-references" : [ "$XSAPPNAME.NX-SC-ANL", "********" ],
    "attribute-references" : [ ]
  }, {
    "name" : "NX-PR-ANL",
    "description" : "generated",
    "scope-references" : [ "$XSAPPNAME.NX-PR-ANL", "********" ],
    "attribute-references" : [ ]
  }, {
    "name" : "NX-SC-MGR",
    "description" : "generated",
    "scope-references" : [ "$XSAPPNAME.NX-SC-MGR", "********" ],
    "attribute-references" : [ ]
  } ],
  "scopes" : [ {
    "name" : "********",
    "description" : "********"
  }, {
    "name" : "$XSAPPNAME.NX-SC-ANL",
    "description" : "NX-SC-ANL"
  }, {
    "name" : "$XSAPPNAME.NX-PR-ANL",
    "description" : "NX-PR-ANL"
  }, {
    "name" : "$XSAPPNAME.NX-SC-MGR",
    "description" : "NX-SC-MGR"
  } ],
  "tenant-mode" : "dedicated",
  "xsappname" : "ResilienceCockpit-94060551trial-dev"
}#
#2026 08 28 03:50:35.685#Z#DEBUG#9f2c2b3d-a293-11f1-9e34-eeee0a9f0b65.OPERATION#flowable-async-job-executor-thread-842#
Step "Determine update actions" finished#
#2026 08 28 03:50:35.559#Z#DEBUG#9f2c2b3d-a293-11f1-9e34-eeee0a9f0b65.OPERATION#flowable-async-job-executor-thread-5399#
[CheckServiceOperationStateStep] Executing task "CheckServiceOperationStateTask" of process "a01be1c1-a293-11f1-ad9c-eeee0a80c268"...#
#2026 08 28 03:50:35.631#Z#DEBUG#9f2c2b3d-a293-11f1-9e34-eeee0a9f0b65.OPERATION#flowable-async-job-executor-thread-5399#
[CheckServiceOperationStateStep] Getting service instance "ResilienceCockpit-db"...#
#2026 08 28 03:50:35.728#Z#DEBUG#9f2c2b3d-a293-11f1-9e34-eeee0a9f0b65.OPERATION#flowable-async-job-executor-thread-5399#
Step "Check for service operations in Progress" finished#
#2026 08 28 03:50:35.729#Z#DEBUG#9f2c2b3d-a293-11f1-9e34-eeee0a9f0b65.OPERATION#flowable-async-job-executor-thread-842#
[CheckForServiceBindingOrKeyOperationStep] Executing task "CheckForServiceBindingOrKeyCreation" of process "a00796a5-a293-11f1-9e34-eeee0a9f0b65"...#
#2026 08 28 03:50:35.732#Z#DEBUG#9f2c2b3d-a293-11f1-9e34-eeee0a9f0b65.OPERATION#flowable-async-job-executor-thread-842#
Step "Check for service binding or key creation" finished#
#2026 08 28 03:50:35.749#Z#DEBUG#9f2c2b3d-a293-11f1-9e34-eeee0a9f0b65.OPERATION#flowable-async-job-executor-thread-5400#
[DetermineServiceCreateUpdateServiceActionsStep] Executing task "DetermineServiceCreateUpdateActionsTask" of process "a01be1c1-a293-11f1-ad9c-eeee0a80c268"...#
#2026 08 28 03:50:35.750#Z#INFO#9f2c2b3d-a293-11f1-9e34-eeee0a9f0b65.OPERATION#flowable-async-job-executor-thread-5400#
[DetermineServiceCreateUpdateServiceActionsStep] Processing service "ResilienceCockpit-db"...#
#2026 08 28 03:50:35.753#Z#DEBUG#9f2c2b3d-a293-11f1-9e34-eeee0a9f0b65.OPERATION#flowable-async-job-executor-thread-5400#
[DetermineServiceCreateUpdateServiceActionsStep] Getting service instance "ResilienceCockpit-db"...#
#2026 08 28 03:50:35.832#Z#DEBUG#9f2c2b3d-a293-11f1-9e34-eeee0a9f0b65.OPERATION#flowable-async-job-executor-thread-5400#
[DetermineServiceCreateUpdateServiceActionsStep] Existing service: {
  "name" : "ResilienceCockpit-db",
  "metadata" : {
    "guid" : "793c82c4-0c29-4054-8664-8ad70f1aaf7d",
    "createdAt" : [ 2026, 8, 25, 8, 30, 5 ],
    "updatedAt" : [ 2026, 8, 25, 8, 30, 5 ]
  },
  "v3Metadata" : {
    "annotations" : {
      "mta_id" : "ResilienceCockpit",
      "mta_version" : "1.0.0",
      "mta_resource" : "{\"name\":\"ResilienceCockpit-db\"}"
    },
    "labels" : {
      "mta_id" : "12714f170fc41ee91010bfb8bfd6b5c9"
    }
  },
  "label" : "hana",
  "plan" : "hdi-shared",
  "credentials" : "********",
  "tags" : [ ],
  "type" : "managed",
  "lastOperation" : {
    "type" : "CREATE",
    "state" : "SUCCEEDED"
  }
}#
#2026 08 28 03:50:35.832#Z#WARN#9f2c2b3d-a293-11f1-9e34-eeee0a9f0b65.OPERATION#flowable-async-job-executor-thread-5400#
[DetermineServiceCreateUpdateServiceActionsStep] Service parameters for service "ResilienceCockpit-db" will not be updated, as the parameters are not defined or empty.#
#2026 08 28 03:50:35.833#Z#DEBUG#9f2c2b3d-a293-11f1-9e34-eeee0a9f0b65.OPERATION#flowable-async-job-executor-thread-5400#
Step "Determine update actions" finished#
#2026 08 28 03:50:35.860#Z#DEBUG#9f2c2b3d-a293-11f1-9e34-eeee0a9f0b65.OPERATION#flowable-async-job-executor-thread-5400#
[CheckForServiceBindingOrKeyOperationStep] Executing task "CheckForServiceBindingOrKeyCreation" of process "a01be1c1-a293-11f1-ad9c-eeee0a80c268"...#
#2026 08 28 03:50:35.861#Z#DEBUG#9f2c2b3d-a293-11f1-9e34-eeee0a9f0b65.OPERATION#flowable-async-job-executor-thread-5400#
Step "Check for service binding or key creation" finished#
#2026 08 28 03:50:35.771#Z#DEBUG#9f2c2b3d-a293-11f1-9e34-eeee0a9f0b65.OPERATION#flowable-async-job-executor-thread-842#
[UpdateServiceParametersStep] Executing task "UpdateServiceParametersTask" of process "a00796a5-a293-11f1-9e34-eeee0a9f0b65"...#
#2026 08 28 03:50:35.774#Z#INFO#9f2c2b3d-a293-11f1-9e34-eeee0a9f0b65.OPERATION#flowable-async-job-executor-thread-842#
[UpdateServiceParametersStep] Updating service "ResilienceCockpit-auth"...#
#2026 08 28 03:50:35.778#Z#DEBUG#9f2c2b3d-a293-11f1-9e34-eeee0a9f0b65.OPERATION#flowable-async-job-executor-thread-842#
[UpdateServiceParametersStep] Updating service parameters for service "ResilienceCockpit-auth"...#
#2026 08 28 03:50:35.882#Z#DEBUG#9f2c2b3d-a293-11f1-9e34-eeee0a9f0b65.OPERATION#flowable-async-job-executor-thread-842#
[UpdateServiceParametersStep] Service "ResilienceCockpit-auth" updated#
#2026 08 28 03:50:35.882#Z#DEBUG#9f2c2b3d-a293-11f1-9e34-eeee0a9f0b65.OPERATION#flowable-async-job-executor-thread-842#
[UpdateServiceParametersStep] Triggered service operations: {
  "ResilienceCockpit-auth" : "UPDATE"
}#
#2026 08 28 03:50:35.883#Z#DEBUG#9f2c2b3d-a293-11f1-9e34-eeee0a9f0b65.OPERATION#flowable-async-job-executor-thread-842#
Step "Update parameters" finished#
#2026 08 28 03:50:37.849#Z#DEBUG#9f2c2b3d-a293-11f1-9e34-eeee0a9f0b65.OPERATION#flowable-async-job-executor-thread-1302#
[CheckServiceOperationStateStep] Executing task "CheckServiceOperationStateTask" of process "a178d991-a293-11f1-b31b-eeee0a949a95"...#
#2026 08 28 03:50:37.850#Z#DEBUG#9f2c2b3d-a293-11f1-9e34-eeee0a9f0b65.OPERATION#flowable-async-job-executor-thread-1302#
[CheckServiceOperationStateStep] Getting service instance "ResilienceCockpit-destination"...#
#2026 08 28 03:50:37.935#Z#DEBUG#9f2c2b3d-a293-11f1-9e34-eeee0a9f0b65.OPERATION#flowable-async-job-executor-thread-1302#
Step "Check for service operations in Progress" finished#
#2026 08 28 03:50:37.956#Z#DEBUG#9f2c2b3d-a293-11f1-9e34-eeee0a9f0b65.OPERATION#flowable-async-job-executor-thread-1303#
[DetermineServiceCreateUpdateServiceActionsStep] Executing task "DetermineServiceCreateUpdateActionsTask" of process "a178d991-a293-11f1-b31b-eeee0a949a95"...#
#2026 08 28 03:50:37.957#Z#INFO#9f2c2b3d-a293-11f1-9e34-eeee0a9f0b65.OPERATION#flowable-async-job-executor-thread-1303#
[DetermineServiceCreateUpdateServiceActionsStep] Processing service "ResilienceCockpit-destination"...#
#2026 08 28 03:50:37.960#Z#DEBUG#9f2c2b3d-a293-11f1-9e34-eeee0a9f0b65.OPERATION#flowable-async-job-executor-thread-1303#
[DetermineServiceCreateUpdateServiceActionsStep] Getting service instance "ResilienceCockpit-destination"...#
#2026 08 28 03:50:38.062#Z#DEBUG#9f2c2b3d-a293-11f1-9e34-eeee0a9f0b65.OPERATION#flowable-async-job-executor-thread-1303#
[DetermineServiceCreateUpdateServiceActionsStep] Existing service: {
  "name" : "ResilienceCockpit-destination",
  "metadata" : {
    "guid" : "b320a563-1340-4020-8574-566b1e2175a9",
    "createdAt" : [ 2026, 8, 25, 11, 44, 14 ],
    "updatedAt" : [ 2026, 8, 25, 11, 44, 19 ]
  },
  "v3Metadata" : {
    "annotations" : {
      "mta_id" : "ResilienceCockpit",
      "mta_version" : "1.0.0",
      "mta_resource" : "{\"name\":\"ResilienceCockpit-destination\"}"
    },
    "labels" : {
      "mta_id" : "12714f170fc41ee91010bfb8bfd6b5c9"
    }
  },
  "label" : "destination",
  "plan" : "lite",
  "credentials" : "********",
  "tags" : [ ],
  "type" : "managed",
  "lastOperation" : {
    "type" : "UPDATE",
    "description" : "********",
    "state" : "FAILED"
  }
}#
#2026 08 28 03:50:38.062#Z#DEBUG#9f2c2b3d-a293-11f1-9e34-eeee0a9f0b65.OPERATION#flowable-async-job-executor-thread-1303#
[DetermineServiceCreateUpdateServiceActionsStep] Service parameters will be updated#
#2026 08 28 03:50:38.063#Z#DEBUG#9f2c2b3d-a293-11f1-9e34-eeee0a9f0b65.OPERATION#flowable-async-job-executor-thread-1303#
[DetermineServiceCreateUpdateServiceActionsStep] New parameters: {
  "HTML5Runtime_enabled" : true,
  "init_data" : {
    "instance" : {
      "destinations" : [ {
        "Authentication" : "********",
        "Name" : "ui5",
        "ProxyType" : "Internet",
        "Type" : "HTTP",
        "URL" : "https://ui5.sap.com"
      }, {
        "Authentication" : "********",
        "HTML5.DynamicDestination" : true,
        "HTML5.ForwardAuthToken" : "********",
        "Name" : "srv-api",
        "ProxyType" : "Internet",
        "Type" : "HTTP",
        "URL" : "https://94060551trial-dev-resiliencecockpit-srv.cfapps.us10-003.hana.ondemand.com"
      } ],
      "existing_destinations_policy" : "update"
    }
  }
}#
#2026 08 28 03:50:38.063#Z#DEBUG#9f2c2b3d-a293-11f1-9e34-eeee0a9f0b65.OPERATION#flowable-async-job-executor-thread-1303#
Step "Determine update actions" finished#
#2026 08 28 03:50:38.092#Z#DEBUG#9f2c2b3d-a293-11f1-9e34-eeee0a9f0b65.OPERATION#flowable-async-job-executor-thread-1297#
[CheckForServiceBindingOrKeyOperationStep] Executing task "CheckForServiceBindingOrKeyCreation" of process "a178d991-a293-11f1-b31b-eeee0a949a95"...#
#2026 08 28 03:50:38.093#Z#DEBUG#9f2c2b3d-a293-11f1-9e34-eeee0a9f0b65.OPERATION#flowable-async-job-executor-thread-1297#
Step "Check for service binding or key creation" finished#
#2026 08 28 03:50:38.065#Z#DEBUG#9f2c2b3d-a293-11f1-9e34-eeee0a9f0b65.OPERATION#flowable-async-job-executor-thread-836#
[CheckServiceOperationStateStep] Executing task "CheckServiceOperationStateTask" of process "a198be4e-a293-11f1-9e34-eeee0a9f0b65"...#
#2026 08 28 03:50:38.066#Z#DEBUG#9f2c2b3d-a293-11f1-9e34-eeee0a9f0b65.OPERATION#flowable-async-job-executor-thread-836#
[CheckServiceOperationStateStep] Getting service instance "ResilienceCockpit-logging"...#
#2026 08 28 03:50:38.150#Z#DEBUG#9f2c2b3d-a293-11f1-9e34-eeee0a9f0b65.OPERATION#flowable-async-job-executor-thread-836#
Step "Check for service operations in Progress" finished#
#2026 08 28 03:50:38.123#Z#DEBUG#9f2c2b3d-a293-11f1-9e34-eeee0a9f0b65.OPERATION#flowable-async-job-executor-thread-1297#
[UpdateServiceParametersStep] Executing task "UpdateServiceParametersTask" of process "a178d991-a293-11f1-b31b-eeee0a949a95"...#
#2026 08 28 03:50:38.125#Z#INFO#9f2c2b3d-a293-11f1-9e34-eeee0a9f0b65.OPERATION#flowable-async-job-executor-thread-1297#
[UpdateServiceParametersStep] Updating service "ResilienceCockpit-destination"...#
#2026 08 28 03:50:38.128#Z#DEBUG#9f2c2b3d-a293-11f1-9e34-eeee0a9f0b65.OPERATION#flowable-async-job-executor-thread-1297#
[UpdateServiceParametersStep] Updating service parameters for service "ResilienceCockpit-destination"...#
#2026 08 28 03:50:38.220#Z#DEBUG#9f2c2b3d-a293-11f1-9e34-eeee0a9f0b65.OPERATION#flowable-async-job-executor-thread-1297#
[UpdateServiceParametersStep] Service "ResilienceCockpit-destination" updated#
#2026 08 28 03:50:38.220#Z#DEBUG#9f2c2b3d-a293-11f1-9e34-eeee0a9f0b65.OPERATION#flowable-async-job-executor-thread-1297#
[UpdateServiceParametersStep] Triggered service operations: {
  "ResilienceCockpit-destination" : "UPDATE"
}#
#2026 08 28 03:50:38.221#Z#DEBUG#9f2c2b3d-a293-11f1-9e34-eeee0a9f0b65.OPERATION#flowable-async-job-executor-thread-1297#
Step "Update parameters" finished#
#2026 08 28 03:50:38.180#Z#DEBUG#9f2c2b3d-a293-11f1-9e34-eeee0a9f0b65.OPERATION#flowable-async-job-executor-thread-836#
[DetermineServiceCreateUpdateServiceActionsStep] Executing task "DetermineServiceCreateUpdateActionsTask" of process "a198be4e-a293-11f1-9e34-eeee0a9f0b65"...#
#2026 08 28 03:50:38.182#Z#INFO#9f2c2b3d-a293-11f1-9e34-eeee0a9f0b65.OPERATION#flowable-async-job-executor-thread-836#
[DetermineServiceCreateUpdateServiceActionsStep] Processing service "ResilienceCockpit-logging"...#
#2026 08 28 03:50:38.186#Z#DEBUG#9f2c2b3d-a293-11f1-9e34-eeee0a9f0b65.OPERATION#flowable-async-job-executor-thread-836#
[DetermineServiceCreateUpdateServiceActionsStep] Getting service instance "ResilienceCockpit-logging"...#
#2026 08 28 03:50:38.274#Z#DEBUG#9f2c2b3d-a293-11f1-9e34-eeee0a9f0b65.OPERATION#flowable-async-job-executor-thread-836#
[DetermineServiceCreateUpdateServiceActionsStep] Existing service: {
  "name" : "ResilienceCockpit-logging",
  "metadata" : {
    "guid" : "336ec7d3-cd56-4076-bb50-7f23f8654af2",
    "createdAt" : [ 2026, 8, 25, 8, 30, 2 ],
    "updatedAt" : [ 2026, 8, 25, 8, 30, 3 ]
  },
  "v3Metadata" : {
    "annotations" : {
      "mta_id" : "ResilienceCockpit",
      "mta_version" : "1.0.0",
      "mta_resource" : "{\"name\":\"ResilienceCockpit-logging\"}"
    },
    "labels" : {
      "mta_id" : "12714f170fc41ee91010bfb8bfd6b5c9"
    }
  },
  "label" : "application-logs",
  "plan" : "lite",
  "credentials" : "********",
  "tags" : [ ],
  "type" : "managed",
  "lastOperation" : {
    "type" : "CREATE",
    "description" : "",
    "state" : "SUCCEEDED"
  }
}#
#2026 08 28 03:50:38.274#Z#WARN#9f2c2b3d-a293-11f1-9e34-eeee0a9f0b65.OPERATION#flowable-async-job-executor-thread-836#
[DetermineServiceCreateUpdateServiceActionsStep] Service parameters for service "ResilienceCockpit-logging" will not be updated, as the parameters are not defined or empty.#
#2026 08 28 03:50:38.274#Z#DEBUG#9f2c2b3d-a293-11f1-9e34-eeee0a9f0b65.OPERATION#flowable-async-job-executor-thread-836#
Step "Determine update actions" finished#
#2026 08 28 03:50:38.315#Z#DEBUG#9f2c2b3d-a293-11f1-9e34-eeee0a9f0b65.OPERATION#flowable-async-job-executor-thread-836#
[CheckForServiceBindingOrKeyOperationStep] Executing task "CheckForServiceBindingOrKeyCreation" of process "a198be4e-a293-11f1-9e34-eeee0a9f0b65"...#
#2026 08 28 03:50:38.317#Z#DEBUG#9f2c2b3d-a293-11f1-9e34-eeee0a9f0b65.OPERATION#flowable-async-job-executor-thread-836#
Step "Check for service binding or key creation" finished#
#2026 08 28 03:50:38.570#Z#DEBUG#9f2c2b3d-a293-11f1-9e34-eeee0a9f0b65.OPERATION#flowable-async-job-executor-thread-5397#
[CheckServiceOperationStateStep] Executing task "CheckServiceOperationStateTask" of process "a1e7a16a-a293-11f1-ad9c-eeee0a80c268"...#
#2026 08 28 03:50:38.570#Z#DEBUG#9f2c2b3d-a293-11f1-9e34-eeee0a9f0b65.OPERATION#flowable-async-job-executor-thread-5397#
[CheckServiceOperationStateStep] Getting service instance "ResilienceCockpit-connectivity"...#
#2026 08 28 03:50:38.672#Z#DEBUG#9f2c2b3d-a293-11f1-9e34-eeee0a9f0b65.OPERATION#flowable-async-job-executor-thread-5397#
Step "Check for service operations in Progress" finished#
#2026 08 28 03:50:38.690#Z#DEBUG#9f2c2b3d-a293-11f1-9e34-eeee0a9f0b65.OPERATION#flowable-async-job-executor-thread-5397#
[DetermineServiceCreateUpdateServiceActionsStep] Executing task "DetermineServiceCreateUpdateActionsTask" of process "a1e7a16a-a293-11f1-ad9c-eeee0a80c268"...#
#2026 08 28 03:50:38.691#Z#INFO#9f2c2b3d-a293-11f1-9e34-eeee0a9f0b65.OPERATION#flowable-async-job-executor-thread-5397#
[DetermineServiceCreateUpdateServiceActionsStep] Processing service "ResilienceCockpit-connectivity"...#
#2026 08 28 03:50:38.693#Z#DEBUG#9f2c2b3d-a293-11f1-9e34-eeee0a9f0b65.OPERATION#flowable-async-job-executor-thread-5397#
[DetermineServiceCreateUpdateServiceActionsStep] Getting service instance "ResilienceCockpit-connectivity"...#
#2026 08 28 03:50:38.801#Z#DEBUG#9f2c2b3d-a293-11f1-9e34-eeee0a9f0b65.OPERATION#flowable-async-job-executor-thread-5397#
[DetermineServiceCreateUpdateServiceActionsStep] Existing service: {
  "name" : "ResilienceCockpit-connectivity",
  "metadata" : {
    "guid" : "57ce73c3-9d98-4630-a914-bb3fe51155dc",
    "createdAt" : [ 2026, 8, 25, 8, 30, 4 ],
    "updatedAt" : [ 2026, 8, 25, 8, 30, 6 ]
  },
  "v3Metadata" : {
    "annotations" : {
      "mta_id" : "ResilienceCockpit",
      "mta_version" : "1.0.0",
      "mta_resource" : "{\"name\":\"ResilienceCockpit-connectivity\"}"
    },
    "labels" : {
      "mta_id" : "12714f170fc41ee91010bfb8bfd6b5c9"
    }
  },
  "label" : "connectivity",
  "plan" : "lite",
  "credentials" : "********",
  "tags" : [ ],
  "type" : "managed",
  "lastOperation" : {
    "type" : "CREATE",
    "description" : "",
    "state" : "SUCCEEDED"
  }
}#
#2026 08 28 03:50:38.801#Z#WARN#9f2c2b3d-a293-11f1-9e34-eeee0a9f0b65.OPERATION#flowable-async-job-executor-thread-5397#
[DetermineServiceCreateUpdateServiceActionsStep] Service parameters for service "ResilienceCockpit-connectivity" will not be updated, as the parameters are not defined or empty.#
#2026 08 28 03:50:38.801#Z#DEBUG#9f2c2b3d-a293-11f1-9e34-eeee0a9f0b65.OPERATION#flowable-async-job-executor-thread-5397#
Step "Determine update actions" finished#
#2026 08 28 03:50:38.825#Z#DEBUG#9f2c2b3d-a293-11f1-9e34-eeee0a9f0b65.OPERATION#flowable-async-job-executor-thread-5397#
[CheckForServiceBindingOrKeyOperationStep] Executing task "CheckForServiceBindingOrKeyCreation" of process "a1e7a16a-a293-11f1-ad9c-eeee0a80c268"...#
#2026 08 28 03:50:38.826#Z#DEBUG#9f2c2b3d-a293-11f1-9e34-eeee0a9f0b65.OPERATION#flowable-async-job-executor-thread-5397#
Step "Check for service binding or key creation" finished#
#2026 08 28 03:50:40.860#Z#DEBUG#9f2c2b3d-a293-11f1-9e34-eeee0a9f0b65.OPERATION#flowable-async-job-executor-thread-1300#
[CheckServiceOperationStateStep] Executing task "CheckServiceOperationStateTask" of process "a345357a-a293-11f1-b31b-eeee0a949a95"...#
#2026 08 28 03:50:40.861#Z#DEBUG#9f2c2b3d-a293-11f1-9e34-eeee0a9f0b65.OPERATION#flowable-async-job-executor-thread-1300#
[CheckServiceOperationStateStep] Getting service instance "ResilienceCockpit-html5-repo-host"...#
#2026 08 28 03:50:40.953#Z#DEBUG#9f2c2b3d-a293-11f1-9e34-eeee0a9f0b65.OPERATION#flowable-async-job-executor-thread-1300#
Step "Check for service operations in Progress" finished#
#2026 08 28 03:50:40.971#Z#DEBUG#9f2c2b3d-a293-11f1-9e34-eeee0a9f0b65.OPERATION#flowable-async-job-executor-thread-1300#
[DetermineServiceCreateUpdateServiceActionsStep] Executing task "DetermineServiceCreateUpdateActionsTask" of process "a345357a-a293-11f1-b31b-eeee0a949a95"...#
#2026 08 28 03:50:40.972#Z#INFO#9f2c2b3d-a293-11f1-9e34-eeee0a9f0b65.OPERATION#flowable-async-job-executor-thread-1300#
[DetermineServiceCreateUpdateServiceActionsStep] Processing service "ResilienceCockpit-html5-repo-host"...#
#2026 08 28 03:50:40.974#Z#DEBUG#9f2c2b3d-a293-11f1-9e34-eeee0a9f0b65.OPERATION#flowable-async-job-executor-thread-1300#
[DetermineServiceCreateUpdateServiceActionsStep] Getting service instance "ResilienceCockpit-html5-repo-host"...#
#2026 08 28 03:50:41.069#Z#DEBUG#9f2c2b3d-a293-11f1-9e34-eeee0a9f0b65.OPERATION#flowable-async-job-executor-thread-1300#
[DetermineServiceCreateUpdateServiceActionsStep] Existing service: {
  "name" : "ResilienceCockpit-html5-repo-host",
  "metadata" : {
    "guid" : "fd6aaf90-4cca-4826-9764-60a919421480",
    "createdAt" : [ 2026, 8, 25, 8, 30, 6 ],
    "updatedAt" : [ 2026, 8, 25, 8, 30, 7 ]
  },
  "v3Metadata" : {
    "annotations" : {
      "mta_id" : "ResilienceCockpit",
      "mta_version" : "1.0.0",
      "mta_resource" : "{\"name\":\"ResilienceCockpit-html5-repo-host\"}"
    },
    "labels" : {
      "mta_id" : "12714f170fc41ee91010bfb8bfd6b5c9"
    }
  },
  "label" : "html5-apps-repo",
  "plan" : "app-host",
  "credentials" : "********",
  "tags" : [ ],
  "type" : "managed",
  "lastOperation" : {
    "type" : "CREATE",
    "description" : "",
    "state" : "SUCCEEDED"
  }
}#
#2026 08 28 03:50:41.070#Z#WARN#9f2c2b3d-a293-11f1-9e34-eeee0a9f0b65.OPERATION#flowable-async-job-executor-thread-1300#
[DetermineServiceCreateUpdateServiceActionsStep] Service parameters for service "ResilienceCockpit-html5-repo-host" will not be updated, as the parameters are not defined or empty.#
#2026 08 28 03:50:41.070#Z#DEBUG#9f2c2b3d-a293-11f1-9e34-eeee0a9f0b65.OPERATION#flowable-async-job-executor-thread-1300#
Step "Determine update actions" finished#
#2026 08 28 03:50:41.100#Z#DEBUG#9f2c2b3d-a293-11f1-9e34-eeee0a9f0b65.OPERATION#flowable-async-job-executor-thread-1300#
[CheckForServiceBindingOrKeyOperationStep] Executing task "CheckForServiceBindingOrKeyCreation" of process "a345357a-a293-11f1-b31b-eeee0a949a95"...#
#2026 08 28 03:50:41.101#Z#DEBUG#9f2c2b3d-a293-11f1-9e34-eeee0a9f0b65.OPERATION#flowable-async-job-executor-thread-1300#
Step "Check for service binding or key creation" finished#
#2026 08 28 03:50:43.001#Z#DEBUG#9f2c2b3d-a293-11f1-9e34-eeee0a9f0b65.OPERATION#flowable-async-job-executor-thread-844#
[UpdateServiceParametersStep] Executing task "UpdateServiceParametersTask" of process "a00796a5-a293-11f1-9e34-eeee0a9f0b65"...#
#2026 08 28 03:50:43.002#Z#DEBUG#9f2c2b3d-a293-11f1-9e34-eeee0a9f0b65.OPERATION#flowable-async-job-executor-thread-844#
[UpdateServiceParametersStep] Polling service operations...#
#2026 08 28 03:50:43.005#Z#DEBUG#9f2c2b3d-a293-11f1-9e34-eeee0a9f0b65.OPERATION#flowable-async-job-executor-thread-844#
[UpdateServiceParametersStep] Getting service instance "ResilienceCockpit-auth"...#
#2026 08 28 03:50:43.111#Z#DEBUG#9f2c2b3d-a293-11f1-9e34-eeee0a9f0b65.OPERATION#flowable-async-job-executor-thread-844#
[UpdateServiceParametersStep] Last operation for service "ResilienceCockpit-auth": {
  "type" : "UPDATE",
  "description" : "",
  "state" : "SUCCEEDED"
}#
#2026 08 28 03:50:43.112#Z#DEBUG#9f2c2b3d-a293-11f1-9e34-eeee0a9f0b65.OPERATION#flowable-async-job-executor-thread-844#
[UpdateServiceParametersStep] Service "ResilienceCockpit-auth" updated#
#2026 08 28 03:50:43.112#Z#INFO#9f2c2b3d-a293-11f1-9e34-eeee0a9f0b65.OPERATION#flowable-async-job-executor-thread-844#
[UpdateServiceParametersStep] 1 of 1 done#
#2026 08 28 03:50:43.116#Z#DEBUG#9f2c2b3d-a293-11f1-9e34-eeee0a9f0b65.OPERATION#flowable-async-job-executor-thread-844#
[UpdateServiceParametersStep] Remaining services to poll: [ ]#
#2026 08 28 03:50:43.117#Z#DEBUG#9f2c2b3d-a293-11f1-9e34-eeee0a9f0b65.OPERATION#flowable-async-job-executor-thread-844#
Step "Update parameters" finished#
#2026 08 28 03:50:50.897#Z#DEBUG#9f2c2b3d-a293-11f1-9e34-eeee0a9f0b65.OPERATION#flowable-async-job-executor-thread-5402#
[UpdateServiceParametersStep] Executing task "UpdateServiceParametersTask" of process "a178d991-a293-11f1-b31b-eeee0a949a95"...#
#2026 08 28 03:50:50.898#Z#DEBUG#9f2c2b3d-a293-11f1-9e34-eeee0a9f0b65.OPERATION#flowable-async-job-executor-thread-5402#
[UpdateServiceParametersStep] Polling service operations...#
#2026 08 28 03:50:50.899#Z#DEBUG#9f2c2b3d-a293-11f1-9e34-eeee0a9f0b65.OPERATION#flowable-async-job-executor-thread-5402#
[UpdateServiceParametersStep] Getting service instance "ResilienceCockpit-destination"...#
#2026 08 28 03:50:50.989#Z#WARN#9f2c2b3d-a293-11f1-9e34-eeee0a9f0b65.OPERATION#flowable-async-job-executor-thread-5402#
[UpdateServiceParametersStep] Updating service "ResilienceCockpit-destination" failed: Service broker error: Service broker destination-service-broker failed with: Failed to update the destination service instance with the user provided configuration.#
#2026 08 28 03:50:50.992#Z#DEBUG#9f2c2b3d-a293-11f1-9e34-eeee0a9f0b65.OPERATION#flowable-async-job-executor-thread-5402#
[UpdateServiceParametersStep] Last operation for service "ResilienceCockpit-destination": {
  "type" : "UPDATE",
  "description" : "Service broker error: Service broker destination-service-broker failed with: Failed to update the destination service instance with the user provided configuration.",
  "state" : "SUCCEEDED"
}#
#2026 08 28 03:50:50.992#Z#DEBUG#9f2c2b3d-a293-11f1-9e34-eeee0a9f0b65.OPERATION#flowable-async-job-executor-thread-5402#
[UpdateServiceParametersStep] Service "ResilienceCockpit-destination" updated#
#2026 08 28 03:50:50.992#Z#INFO#9f2c2b3d-a293-11f1-9e34-eeee0a9f0b65.OPERATION#flowable-async-job-executor-thread-5402#
[UpdateServiceParametersStep] 1 of 1 done#
#2026 08 28 03:50:50.995#Z#DEBUG#9f2c2b3d-a293-11f1-9e34-eeee0a9f0b65.OPERATION#flowable-async-job-executor-thread-5402#
[UpdateServiceParametersStep] Remaining services to poll: [ ]#
#2026 08 28 03:50:50.996#Z#DEBUG#9f2c2b3d-a293-11f1-9e34-eeee0a9f0b65.OPERATION#flowable-async-job-executor-thread-5402#
Step "Update parameters" finished#
#2026 08 28 03:50:51.191#Z#DEBUG#9f2c2b3d-a293-11f1-9e34-eeee0a9f0b65.OPERATION#flowable-async-job-executor-thread-5405#
[PrepareModulesDeploymentStep] Executing task "prepareModulesDeploymentTask" of process "a96aff9b-a293-11f1-ad9c-eeee0a80c268"...#
#2026 08 28 03:50:51.191#Z#DEBUG#9f2c2b3d-a293-11f1-9e34-eeee0a9f0b65.OPERATION#flowable-async-job-executor-thread-5405#
[PrepareModulesDeploymentStep] Preparing modules deployment...#
#2026 08 28 03:50:51.194#Z#DEBUG#9f2c2b3d-a293-11f1-9e34-eeee0a9f0b65.OPERATION#flowable-async-job-executor-thread-5405#
Step "Prepare Modules Deployment" finished#
#2026 08 28 03:50:51.219#Z#DEBUG#9f2c2b3d-a293-11f1-9e34-eeee0a9f0b65.OPERATION#flowable-async-job-executor-thread-5406#
[ComputeNextModulesStep] Executing task "computeNextModulesToDeployInParallel" of process "a96aff9b-a293-11f1-ad9c-eeee0a80c268"...#
#2026 08 28 03:50:51.220#Z#DEBUG#9f2c2b3d-a293-11f1-9e34-eeee0a9f0b65.OPERATION#flowable-async-job-executor-thread-5406#
[ComputeNextModulesStep] Computing modules for next parallel iteration...#
#2026 08 28 03:50:51.222#Z#DEBUG#9f2c2b3d-a293-11f1-9e34-eeee0a9f0b65.OPERATION#flowable-async-job-executor-thread-5406#
[ComputeNextModulesStep] Completed modules detected: []#
#2026 08 28 03:50:51.222#Z#DEBUG#9f2c2b3d-a293-11f1-9e34-eeee0a9f0b65.OPERATION#flowable-async-job-executor-thread-5406#
[ComputeNextModulesStep] All modules for deploy detected: [ResilienceCockpit-srv, ResilienceCockpit-app-deployer, ResilienceCockpit-destination-content, ResilienceCockpit-db-deployer]#
#2026 08 28 03:50:51.222#Z#DEBUG#9f2c2b3d-a293-11f1-9e34-eeee0a9f0b65.OPERATION#flowable-async-job-executor-thread-5406#
[ComputeNextModulesStep] Modules not for deploy detected: []#
#2026 08 28 03:50:51.223#Z#DEBUG#9f2c2b3d-a293-11f1-9e34-eeee0a9f0b65.OPERATION#flowable-async-job-executor-thread-5406#
[ComputeNextModulesStep] Computed modules for next parallel iteration: [ {
  "majorSchemaVersion" : 3,
  "name" : "ResilienceCockpit-srv",
  "type" : "javascript.nodejs",
  "path" : "ResilienceCockpit-srv",
  "properties" : { },
  "parameters" : {
    "app-name" : "ResilienceCockpit-srv",
    "buildpack" : "nodejs_buildpack",
    "default-app-name" : "ResilienceCockpit-srv",
    "default-host" : "94060551trial-dev-resiliencecockpit-srv",
    "default-instances" : 1,
    "default-live-app-name" : "ResilienceCockpit-srv",
    "default-live-domain" : "cfapps.us10-003.hana.ondemand.com",
    "default-live-host" : "94060551trial-dev-resiliencecockpit-srv",
    "default-live-uri" : "94060551trial-dev-resiliencecockpit-srv.cfapps.us10-003.hana.ondemand.com",
    "default-live-url" : "https://94060551trial-dev-resiliencecockpit-srv.cfapps.us10-003.hana.ondemand.com",
    "default-uri" : "94060551trial-dev-resiliencecockpit-srv.cfapps.us10-003.hana.ondemand.com",
    "default-url" : "https://94060551trial-dev-resiliencecockpit-srv.cfapps.us10-003.hana.ondemand.com",
    "dependency-type" : "soft",
    "domain" : "cfapps.us10-003.hana.ondemand.com",
    "generated-password" : "********",
    "generated-user" : "********",
    "host" : "94060551trial-dev-resiliencecockpit-srv",
    "instances" : 1,
    "protocol" : "https"
  },
  "requiredDependencies" : [ {
    "majorSchemaVersion" : 3,
    "name" : "********",
    "properties" : { },
    "parameters" : { },
    "propertiesMetadata" : {
      "metadata" : { }
    },
    "parametersMetadata" : {
      "metadata" : { }
    }
  }, {
    "majorSchemaVersion" : 3,
    "name" : "ResilienceCockpit-db",
    "properties" : { },
    "parameters" : { },
    "propertiesMetadata" : {
      "metadata" : { }
    },
    "parametersMetadata" : {
      "metadata" : { }
    }
  }, {
    "majorSchemaVersion" : 3,
    "name" : "ResilienceCockpit-connectivity",
    "properties" : { },
    "parameters" : { },
    "propertiesMetadata" : {
      "metadata" : { }
    },
    "parametersMetadata" : {
      "metadata" : { }
    }
  }, {
    "majorSchemaVersion" : 3,
    "name" : "ResilienceCockpit-destination",
    "properties" : { },
    "parameters" : { },
    "propertiesMetadata" : {
      "metadata" : { }
    },
    "parametersMetadata" : {
      "metadata" : { }
    }
  }, {
    "majorSchemaVersion" : 3,
    "name" : "ResilienceCockpit-logging",
    "properties" : { },
    "parameters" : { },
    "propertiesMetadata" : {
      "metadata" : { }
    },
    "parametersMetadata" : {
      "metadata" : { }
    }
  } ],
  "providedDependencies" : [ {
    "majorSchemaVersion" : 3,
    "name" : "srv-api",
    "isPublic" : false,
    "properties" : {
      "srv-url" : "https://94060551trial-dev-resiliencecockpit-srv.cfapps.us10-003.hana.ondemand.com"
    },
    "parameters" : { },
    "propertiesMetadata" : {
      "metadata" : { }
    },
    "parametersMetadata" : {
      "metadata" : { }
    }
  }, {
    "majorSchemaVersion" : 3,
    "name" : "ResilienceCockpit-srv",
    "isPublic" : false,
    "properties" : { },
    "parameters" : { },
    "propertiesMetadata" : {
      "metadata" : { }
    },
    "parametersMetadata" : {
      "metadata" : { }
    }
  } ],
  "propertiesMetadata" : {
    "metadata" : { }
  },
  "parametersMetadata" : {
    "metadata" : { }
  },
  "deployedAfter" : [ ],
  "hooks" : [ ]
}, {
  "majorSchemaVersion" : 3,
  "name" : "ResilienceCockpit-db-deployer",
  "type" : "com.sap.xs.hdi",
  "path" : "ResilienceCockpit-db-deployer",
  "properties" : {
    "EXIT" : 1
  },
  "parameters" : {
    "app-name" : "ResilienceCockpit-db-deployer",
    "buildpack" : "nodejs_buildpack",
    "default-app-name" : "ResilienceCockpit-db-deployer",
    "default-host" : "94060551trial-dev-resiliencecockpit-db-deployer",
    "default-instances" : 1,
    "default-live-app-name" : "ResilienceCockpit-db-deployer",
    "default-live-domain" : "cfapps.us10-003.hana.ondemand.com",
    "default-live-host" : "94060551trial-dev-resiliencecockpit-db-deployer",
    "default-live-uri" : "94060551trial-dev-resiliencecockpit-db-deployer.cfapps.us10-003.hana.ondemand.com",
    "default-live-url" : "https://94060551trial-dev-resiliencecockpit-db-deployer.cfapps.us10-003.hana.ondemand.com",
    "default-uri" : "94060551trial-dev-resiliencecockpit-db-deployer.cfapps.us10-003.hana.ondemand.com",
    "default-url" : "https://94060551trial-dev-resiliencecockpit-db-deployer.cfapps.us10-003.hana.ondemand.com",
    "dependency-type" : "hard",
    "domain" : "cfapps.us10-003.hana.ondemand.com",
    "generated-password" : "********",
    "generated-user" : "********",
    "host" : "94060551trial-dev-resiliencecockpit-db-deployer",
    "instances" : 1,
    "memory" : "256M",
    "no-route" : true,
    "no-start" : true,
    "protocol" : "https",
    "tasks" : [ {
      "command" : "npm start",
      "memory" : "256M",
      "name" : "deploy"
    } ]
  },
  "requiredDependencies" : [ {
    "majorSchemaVersion" : 3,
    "name" : "ResilienceCockpit-db",
    "properties" : { },
    "parameters" : { },
    "propertiesMetadata" : {
      "metadata" : { }
    },
    "parametersMetadata" : {
      "metadata" : { }
    }
  } ],
  "providedDependencies" : [ {
    "majorSchemaVersion" : 3,
    "name" : "ResilienceCockpit-db-deployer",
    "isPublic" : false,
    "properties" : { },
    "parameters" : { },
    "propertiesMetadata" : {
      "metadata" : { }
    },
    "parametersMetadata" : {
      "metadata" : { }
    }
  } ],
  "propertiesMetadata" : {
    "metadata" : { }
  },
  "parametersMetadata" : {
    "metadata" : { }
  },
  "deployedAfter" : [ ],
  "hooks" : [ ]
}, {
  "majorSchemaVersion" : 3,
  "name" : "ResilienceCockpit-app-deployer",
  "type" : "com.sap.application.content",
  "path" : "ResilienceCockpit-app-deployer",
  "properties" : { },
  "parameters" : {
    "app-name" : "ResilienceCockpit-app-deployer",
    "default-app-name" : "ResilienceCockpit-app-deployer",
    "default-host" : "94060551trial-dev-resiliencecockpit-app-deployer",
    "default-instances" : 1,
    "default-live-app-name" : "ResilienceCockpit-app-deployer",
    "default-live-domain" : "cfapps.us10-003.hana.ondemand.com",
    "default-live-host" : "94060551trial-dev-resiliencecockpit-app-deployer",
    "default-live-uri" : "94060551trial-dev-resiliencecockpit-app-deployer.cfapps.us10-003.hana.ondemand.com",
    "default-live-url" : "https://94060551trial-dev-resiliencecockpit-app-deployer.cfapps.us10-003.hana.ondemand.com",
    "default-uri" : "94060551trial-dev-resiliencecockpit-app-deployer.cfapps.us10-003.hana.ondemand.com",
    "default-url" : "https://94060551trial-dev-resiliencecockpit-app-deployer.cfapps.us10-003.hana.ondemand.com",
    "dependency-type" : "soft",
    "domain" : "cfapps.us10-003.hana.ondemand.com",
    "generated-password" : "********",
    "generated-user" : "********",
    "host" : "94060551trial-dev-resiliencecockpit-app-deployer",
    "instances" : 1,
    "protocol" : "https"
  },
  "requiredDependencies" : [ {
    "majorSchemaVersion" : 3,
    "name" : "********",
    "properties" : { },
    "parameters" : { },
    "propertiesMetadata" : {
      "metadata" : { }
    },
    "parametersMetadata" : {
      "metadata" : { }
    }
  }, {
    "majorSchemaVersion" : 3,
    "name" : "srv-api",
    "properties" : { },
    "parameters" : { },
    "propertiesMetadata" : {
      "metadata" : { }
    },
    "parametersMetadata" : {
      "metadata" : { }
    }
  }, {
    "majorSchemaVersion" : 3,
    "name" : "ResilienceCockpit-html5-repo-host",
    "properties" : { },
    "parameters" : {
      "config" : {
        "HTML5Runtime_enabled" : false
      },
      "content-target" : true
    },
    "propertiesMetadata" : {
      "metadata" : { }
    },
    "parametersMetadata" : {
      "metadata" : { }
    }
  } ],
  "providedDependencies" : [ {
    "majorSchemaVersion" : 3,
    "name" : "ResilienceCockpit-app-deployer",
    "isPublic" : false,
    "properties" : { },
    "parameters" : { },
    "propertiesMetadata" : {
      "metadata" : { }
    },
    "parametersMetadata" : {
      "metadata" : { }
    }
  } ],
  "propertiesMetadata" : {
    "metadata" : { }
  },
  "parametersMetadata" : {
    "metadata" : { }
  },
  "deployedAfter" : [ ],
  "hooks" : [ ]
}, {
  "majorSchemaVersion" : 3,
  "name" : "ResilienceCockpit-destination-content",
  "type" : "com.sap.application.content",
  "properties" : { },
  "parameters" : {
    "app-name" : "ResilienceCockpit-destination-content",
    "content" : {
      "instance" : {
        "destinations" : [ {
          "Authentication" : "********",
          "Name" : "srv-api",
          "TokenServiceInstanceName" : "********",
          "TokenServiceKeyName" : "********",
          "URL" : "https://94060551trial-dev-resiliencecockpit-srv.cfapps.us10-003.hana.ondemand.com"
        }, {
          "Name" : "ResilienceCockpit-html5-repo-host",
          "ServiceInstanceName" : "ResilienceCockpit-html5-repo-host",
          "ServiceKeyName" : "********",
          "sap.cloud.service" : "nexus"
        }, {
          "Authentication" : "********",
          "Name" : "********",
          "ServiceInstanceName" : "********",
          "ServiceKeyName" : "********"
        } ],
        "existing_destinations_policy" : "update"
      }
    },
    "default-app-name" : "ResilienceCockpit-destination-content",
    "default-host" : "94060551trial-dev-resiliencecockpit-destination-content",
    "default-instances" : 1,
    "default-live-app-name" : "ResilienceCockpit-destination-content",
    "default-live-domain" : "cfapps.us10-003.hana.ondemand.com",
    "default-live-host" : "94060551trial-dev-resiliencecockpit-destination-content",
    "default-live-uri" : "94060551trial-dev-resiliencecockpit-destination-content.cfapps.us10-003.hana.ondemand.com",
    "default-live-url" : "https://94060551trial-dev-resiliencecockpit-destination-content.cfapps.us10-003.hana.ondemand.com",
    "default-uri" : "94060551trial-dev-resiliencecockpit-destination-content.cfapps.us10-003.hana.ondemand.com",
    "default-url" : "https://94060551trial-dev-resiliencecockpit-destination-content.cfapps.us10-003.hana.ondemand.com",
    "dependency-type" : "soft",
    "domain" : "cfapps.us10-003.hana.ondemand.com",
    "generated-password" : "********",
    "generated-user" : "********",
    "host" : "94060551trial-dev-resiliencecockpit-destination-content",
    "instances" : 1,
    "protocol" : "https"
  },
  "requiredDependencies" : [ {
    "majorSchemaVersion" : 3,
    "name" : "********",
    "properties" : { },
    "parameters" : {
      "service-key" : "********"
    },
    "propertiesMetadata" : {
      "metadata" : { }
    },
    "parametersMetadata" : {
      "metadata" : { }
    }
  }, {
    "majorSchemaVersion" : 3,
    "name" : "ResilienceCockpit-html5-repo-host",
    "properties" : { },
    "parameters" : {
      "service-key" : "********"
    },
    "propertiesMetadata" : {
      "metadata" : { }
    },
    "parametersMetadata" : {
      "metadata" : { }
    }
  }, {
    "majorSchemaVersion" : 3,
    "name" : "srv-api",
    "properties" : { },
    "parameters" : { },
    "propertiesMetadata" : {
      "metadata" : { }
    },
    "parametersMetadata" : {
      "metadata" : { }
    }
  }, {
    "majorSchemaVersion" : 3,
    "name" : "ResilienceCockpit-destination",
    "properties" : { },
    "parameters" : {
      "content-target" : true
    },
    "propertiesMetadata" : {
      "metadata" : { }
    },
    "parametersMetadata" : {
      "metadata" : { }
    }
  } ],
  "providedDependencies" : [ {
    "majorSchemaVersion" : 3,
    "name" : "ResilienceCockpit-destination-content",
    "isPublic" : false,
    "properties" : { },
    "parameters" : { },
    "propertiesMetadata" : {
      "metadata" : { }
    },
    "parametersMetadata" : {
      "metadata" : { }
    }
  } ],
  "propertiesMetadata" : {
    "metadata" : { }
  },
  "parametersMetadata" : {
    "metadata" : { }
  },
  "deployedAfter" : [ ],
  "hooks" : [ ]
} ]#
#2026 08 28 03:50:51.223#Z#DEBUG#9f2c2b3d-a293-11f1-9e34-eeee0a9f0b65.OPERATION#flowable-async-job-executor-thread-5406#
Step "Compute Next Modules To Deploy" finished#
#2026 08 28 03:50:51.316#Z#DEBUG#9f2c2b3d-a293-11f1-9e34-eeee0a9f0b65.OPERATION#flowable-async-job-executor-thread-5406#
[BuildContentDeploymentConfigurationStep] Executing task "buildContentDeploymentConfigurationTask" of process "a97d7709-a293-11f1-ad9c-eeee0a80c268"...#
#2026 08 28 03:50:51.320#Z#DEBUG#9f2c2b3d-a293-11f1-9e34-eeee0a9f0b65.OPERATION#ForkJoinPool-4-worker-2#
[BuildContentDeploymentConfigurationStep] Getting service key "ResilienceCockpit-app-deployer-ResilienceCockpit-auth-credentials" for service instance "ResilienceCockpit-auth"...#
#2026 08 28 03:50:51.320#Z#DEBUG#9f2c2b3d-a293-11f1-9e34-eeee0a9f0b65.OPERATION#ForkJoinPool-4-worker-1#
[BuildContentDeploymentConfigurationStep] Getting service key "ResilienceCockpit-app-deployer-ResilienceCockpit-html5-repo-host-credentials" for service instance "ResilienceCockpit-html5-repo-host"...#
#2026 08 28 03:50:51.473#Z#INFO#9f2c2b3d-a293-11f1-9e34-eeee0a9f0b65.OPERATION#ForkJoinPool-4-worker-2#
[BuildContentDeploymentConfigurationStep] Service key "ResilienceCockpit-app-deployer-ResilienceCockpit-auth-credentials" for service "ResilienceCockpit-auth" already exists#
#2026 08 28 03:50:51.477#Z#INFO#9f2c2b3d-a293-11f1-9e34-eeee0a9f0b65.OPERATION#ForkJoinPool-4-worker-1#
[BuildContentDeploymentConfigurationStep] Service key "ResilienceCockpit-app-deployer-ResilienceCockpit-html5-repo-host-credentials" for service "ResilienceCockpit-html5-repo-host" already exists#
#2026 08 28 03:50:51.480#Z#DEBUG#9f2c2b3d-a293-11f1-9e34-eeee0a9f0b65.OPERATION#flowable-async-job-executor-thread-5406#
Step "Build Content Deployment Configuration" finished#
#2026 08 28 03:50:51.482#Z#DEBUG#9f2c2b3d-a293-11f1-9e34-eeee0a9f0b65.OPERATION#flowable-async-job-executor-thread-5406#
[CreateContentDeployClientConfigurationStep] Executing task "createContentDeployClientConfigurationTask" of process "a99e458f-a293-11f1-ad9c-eeee0a80c268"...#
#2026 08 28 03:50:51.483#Z#DEBUG#9f2c2b3d-a293-11f1-9e34-eeee0a9f0b65.OPERATION#flowable-async-job-executor-thread-5406#
[CreateContentDeployClientConfigurationStep] Content deployer client configuration: {
  "contentDeployerUrl" : "https://html5-apps-repo-dt.cfapps.us10.hana.ondemand.com",
  "uaaClientConfiguration" : {
    "url" : "********",
    "credentials" : "********",
    "authenticationStrategyType" : "********"
  },
  "httpRequestHeaders" : {
    "X-CorrelationID" : "9f2c2b3d-a293-11f1-9e34-eeee0a9f0b65"
  },
  "spaceId" : "039a1fe6-69a4-4c1e-9b8f-a64d47329d3e",
  "serviceName" : "ResilienceCockpit-html5-repo-host"
}#
#2026 08 28 03:50:51.692#Z#DEBUG#9f2c2b3d-a293-11f1-9e34-eeee0a9f0b65.OPERATION#flowable-async-job-executor-thread-5406#
Step "Create Content Deploy Client Configuration" finished#
#2026 08 28 03:50:51.693#Z#DEBUG#9f2c2b3d-a293-11f1-9e34-eeee0a9f0b65.OPERATION#flowable-async-job-executor-thread-5406#
[GetContentFromDeploymentDescriptorStep] Executing task "getContentFromDeploymentDescriptorTask" of process "a99e458f-a293-11f1-ad9c-eeee0a80c268"...#
#2026 08 28 03:50:51.693#Z#DEBUG#9f2c2b3d-a293-11f1-9e34-eeee0a9f0b65.OPERATION#flowable-async-job-executor-thread-5406#
Step "Get Content From Deployment Descriptor" finished#
#2026 08 28 03:50:51.695#Z#DEBUG#9f2c2b3d-a293-11f1-9e34-eeee0a9f0b65.OPERATION#flowable-async-job-executor-thread-5406#
[UploadContentStep] Executing task "uploadContentTask" of process "a99e458f-a293-11f1-ad9c-eeee0a80c268"...#
#2026 08 28 03:50:51.695#Z#INFO#9f2c2b3d-a293-11f1-9e34-eeee0a9f0b65.OPERATION#flowable-async-job-executor-thread-5406#
[UploadContentStep] Uploading content module "ResilienceCockpit-app-deployer" in target service "ResilienceCockpit-html5-repo-host"...#
#2026 08 28 03:50:51.697#Z#DEBUG#9f2c2b3d-a293-11f1-9e34-eeee0a9f0b65.OPERATION#flowable-async-job-executor-thread-5406#
[UploadContentStep] Uploading file "ResilienceCockpit-app-deployer/app/data.zip" for content module "ResilienceCockpit-app-deployer" in service "ResilienceCockpit-html5-repo-host"#
#2026 08 28 03:50:52.000#Z#INFO#9f2c2b3d-a293-11f1-9e34-eeee0a9f0b65.OPERATION#flowable-async-job-executor-thread-5406#
[UploadContentStep] Content to deploy size: 20,265 in bytes#
#2026 08 28 03:50:52.796#Z#DEBUG#9f2c2b3d-a293-11f1-9e34-eeee0a9f0b65.OPERATION#flowable-async-job-executor-thread-5406#
[UploadContentStep] Uploaded content: {
  "id" : "83890291-85ed-4e60-91c0-53d52e46c729",
  "name" : "content.zip",
  "contentType" : "FILE"
}#
#2026 08 28 03:50:52.796#Z#DEBUG#9f2c2b3d-a293-11f1-9e34-eeee0a9f0b65.OPERATION#flowable-async-job-executor-thread-5406#
Step "Upload Content" finished#
#2026 08 28 03:50:52.932#Z#DEBUG#9f2c2b3d-a293-11f1-9e34-eeee0a9f0b65.OPERATION#flowable-async-job-executor-thread-1307#
[ProcessDescriptorStep] Executing task "reprocessDescriptorTask" of process "aa708a11-a293-11f1-b31b-eeee0a949a95"...#
#2026 08 28 03:50:52.933#Z#DEBUG#9f2c2b3d-a293-11f1-9e34-eeee0a9f0b65.OPERATION#flowable-async-job-executor-thread-1307#
[ProcessDescriptorStep] Resolving properties and parameters in merged descriptor...#
#2026 08 28 03:50:52.940#Z#DEBUG#9f2c2b3d-a293-11f1-9e34-eeee0a9f0b65.OPERATION#flowable-async-job-executor-thread-1307#
[ProcessDescriptorStep] Subscriptions: [ ]#
#2026 08 28 03:50:52.945#Z#DEBUG#9f2c2b3d-a293-11f1-9e34-eeee0a9f0b65.OPERATION#flowable-async-job-executor-thread-1307#
[ProcessDescriptorStep] MTA modules: [ResilienceCockpit-srv, ResilienceCockpit-app-deployer, ResilienceCockpit-destination-content, ResilienceCockpit-db-deployer]#
#2026 08 28 03:50:52.948#Z#DEBUG#9f2c2b3d-a293-11f1-9e34-eeee0a9f0b65.OPERATION#flowable-async-job-executor-thread-1307#
[ProcessDescriptorStep] Resolved deployment descriptor: {
  "majorSchemaVersion" : 3,
  "schemaVersion" : "3.3.0",
  "id" : "ResilienceCockpit",
  "version" : "1.0.0",
  "modules" : [ {
    "majorSchemaVersion" : 3,
    "name" : "ResilienceCockpit-srv",
    "type" : "javascript.nodejs",
    "path" : "ResilienceCockpit-srv",
    "properties" : { },
    "parameters" : {
      "default-url" : "https://94060551trial-dev-resiliencecockpit-srv.cfapps.us10-003.hana.ondemand.com",
      "default-app-name" : "ResilienceCockpit-srv",
      "generated-password" : "********",
      "default-live-url" : "https://94060551trial-dev-resiliencecockpit-srv.cfapps.us10-003.hana.ondemand.com",
      "default-uri" : "94060551trial-dev-resiliencecockpit-srv.cfapps.us10-003.hana.ondemand.com",
      "default-instances" : 1,
      "default-live-host" : "94060551trial-dev-resiliencecockpit-srv",
      "instances" : 1,
      "buildpack" : "nodejs_buildpack",
      "default-host" : "94060551trial-dev-resiliencecockpit-srv",
      "app-name" : "ResilienceCockpit-srv",
      "default-live-uri" : "94060551trial-dev-resiliencecockpit-srv.cfapps.us10-003.hana.ondemand.com",
      "protocol" : "https",
      "default-live-app-name" : "ResilienceCockpit-srv",
      "default-live-domain" : "cfapps.us10-003.hana.ondemand.com",
      "domain" : "cfapps.us10-003.hana.ondemand.com",
      "host" : "94060551trial-dev-resiliencecockpit-srv",
      "generated-user" : "********"
    },
    "requiredDependencies" : [ {
      "majorSchemaVersion" : 3,
      "name" : "********",
      "properties" : { },
      "parameters" : { },
      "propertiesMetadata" : {
        "metadata" : { }
      },
      "parametersMetadata" : {
        "metadata" : { }
      }
    }, {
      "majorSchemaVersion" : 3,
      "name" : "ResilienceCockpit-db",
      "properties" : { },
      "parameters" : { },
      "propertiesMetadata" : {
        "metadata" : { }
      },
      "parametersMetadata" : {
        "metadata" : { }
      }
    }, {
      "majorSchemaVersion" : 3,
      "name" : "ResilienceCockpit-connectivity",
      "properties" : { },
      "parameters" : { },
      "propertiesMetadata" : {
        "metadata" : { }
      },
      "parametersMetadata" : {
        "metadata" : { }
      }
    }, {
      "majorSchemaVersion" : 3,
      "name" : "ResilienceCockpit-destination",
      "properties" : { },
      "parameters" : { },
      "propertiesMetadata" : {
        "metadata" : { }
      },
      "parametersMetadata" : {
        "metadata" : { }
      }
    }, {
      "majorSchemaVersion" : 3,
      "name" : "ResilienceCockpit-logging",
      "properties" : { },
      "parameters" : { },
      "propertiesMetadata" : {
        "metadata" : { }
      },
      "parametersMetadata" : {
        "metadata" : { }
      }
    } ],
    "providedDependencies" : [ {
      "majorSchemaVersion" : 3,
      "name" : "srv-api",
      "isPublic" : false,
      "properties" : {
        "srv-url" : "https://94060551trial-dev-resiliencecockpit-srv.cfapps.us10-003.hana.ondemand.com"
      },
      "parameters" : { },
      "propertiesMetadata" : {
        "metadata" : { }
      },
      "parametersMetadata" : {
        "metadata" : { }
      }
    }, {
      "majorSchemaVersion" : 3,
      "name" : "ResilienceCockpit-srv",
      "isPublic" : false,
      "properties" : { },
      "parameters" : { },
      "propertiesMetadata" : {
        "metadata" : { }
      },
      "parametersMetadata" : {
        "metadata" : { }
      }
    } ],
    "propertiesMetadata" : {
      "metadata" : { }
    },
    "parametersMetadata" : {
      "metadata" : { }
    },
    "hooks" : [ ]
  }, {
    "majorSchemaVersion" : 3,
    "name" : "ResilienceCockpit-db-deployer",
    "type" : "com.sap.xs.hdi",
    "path" : "ResilienceCockpit-db-deployer",
    "properties" : {
      "EXIT" : 1
    },
    "parameters" : {
      "default-url" : "https://94060551trial-dev-resiliencecockpit-db-deployer.cfapps.us10-003.hana.ondemand.com",
      "default-app-name" : "ResilienceCockpit-db-deployer",
      "generated-password" : "********",
      "default-live-url" : "https://94060551trial-dev-resiliencecockpit-db-deployer.cfapps.us10-003.hana.ondemand.com",
      "default-uri" : "94060551trial-dev-resiliencecockpit-db-deployer.cfapps.us10-003.hana.ondemand.com",
      "memory" : "256M",
      "default-instances" : 1,
      "no-route" : true,
      "default-live-host" : "94060551trial-dev-resiliencecockpit-db-deployer",
      "instances" : 1,
      "buildpack" : "nodejs_buildpack",
      "default-host" : "94060551trial-dev-resiliencecockpit-db-deployer",
      "app-name" : "ResilienceCockpit-db-deployer",
      "default-live-uri" : "94060551trial-dev-resiliencecockpit-db-deployer.cfapps.us10-003.hana.ondemand.com",
      "protocol" : "https",
      "default-live-app-name" : "ResilienceCockpit-db-deployer",
      "default-live-domain" : "cfapps.us10-003.hana.ondemand.com",
      "dependency-type" : "hard",
      "domain" : "cfapps.us10-003.hana.ondemand.com",
      "host" : "94060551trial-dev-resiliencecockpit-db-deployer",
      "generated-user" : "********",
      "tasks" : [ {
        "command" : "npm start",
        "memory" : "256M",
        "name" : "deploy"
      } ],
      "no-start" : true
    },
    "requiredDependencies" : [ {
      "majorSchemaVersion" : 3,
      "name" : "ResilienceCockpit-db",
      "properties" : { },
      "parameters" : { },
      "propertiesMetadata" : {
        "metadata" : { }
      },
      "parametersMetadata" : {
        "metadata" : { }
      }
    } ],
    "providedDependencies" : [ {
      "majorSchemaVersion" : 3,
      "name" : "ResilienceCockpit-db-deployer",
      "isPublic" : false,
      "properties" : { },
      "parameters" : { },
      "propertiesMetadata" : {
        "metadata" : { }
      },
      "parametersMetadata" : {
        "metadata" : { }
      }
    } ],
    "propertiesMetadata" : {
      "metadata" : { }
    },
    "parametersMetadata" : {
      "metadata" : { }
    },
    "hooks" : [ ]
  }, {
    "majorSchemaVersion" : 3,
    "name" : "ResilienceCockpit-app-deployer",
    "type" : "com.sap.application.content",
    "path" : "ResilienceCockpit-app-deployer",
    "properties" : { },
    "parameters" : {
      "default-url" : "https://94060551trial-dev-resiliencecockpit-app-deployer.cfapps.us10-003.hana.ondemand.com",
      "default-app-name" : "ResilienceCockpit-app-deployer",
      "generated-password" : "********",
      "default-live-url" : "https://94060551trial-dev-resiliencecockpit-app-deployer.cfapps.us10-003.hana.ondemand.com",
      "default-uri" : "94060551trial-dev-resiliencecockpit-app-deployer.cfapps.us10-003.hana.ondemand.com",
      "default-instances" : 1,
      "default-live-host" : "94060551trial-dev-resiliencecockpit-app-deployer",
      "instances" : 1,
      "default-host" : "94060551trial-dev-resiliencecockpit-app-deployer",
      "app-name" : "ResilienceCockpit-app-deployer",
      "default-live-uri" : "94060551trial-dev-resiliencecockpit-app-deployer.cfapps.us10-003.hana.ondemand.com",
      "protocol" : "https",
      "default-live-app-name" : "ResilienceCockpit-app-deployer",
      "default-live-domain" : "cfapps.us10-003.hana.ondemand.com",
      "domain" : "cfapps.us10-003.hana.ondemand.com",
      "host" : "94060551trial-dev-resiliencecockpit-app-deployer",
      "generated-user" : "********"
    },
    "requiredDependencies" : [ {
      "majorSchemaVersion" : 3,
      "name" : "********",
      "properties" : { },
      "parameters" : { },
      "propertiesMetadata" : {
        "metadata" : { }
      },
      "parametersMetadata" : {
        "metadata" : { }
      }
    }, {
      "majorSchemaVersion" : 3,
      "name" : "srv-api",
      "properties" : { },
      "parameters" : { },
      "propertiesMetadata" : {
        "metadata" : { }
      },
      "parametersMetadata" : {
        "metadata" : { }
      }
    }, {
      "majorSchemaVersion" : 3,
      "name" : "ResilienceCockpit-html5-repo-host",
      "properties" : { },
      "parameters" : {
        "config" : {
          "HTML5Runtime_enabled" : false
        },
        "content-target" : true
      },
      "propertiesMetadata" : {
        "metadata" : { }
      },
      "parametersMetadata" : {
        "metadata" : { }
      }
    } ],
    "providedDependencies" : [ {
      "majorSchemaVersion" : 3,
      "name" : "ResilienceCockpit-app-deployer",
      "isPublic" : false,
      "properties" : { },
      "parameters" : { },
      "propertiesMetadata" : {
        "metadata" : { }
      },
      "parametersMetadata" : {
        "metadata" : { }
      }
    } ],
    "propertiesMetadata" : {
      "metadata" : { }
    },
    "parametersMetadata" : {
      "metadata" : { }
    },
    "hooks" : [ ]
  }, {
    "majorSchemaVersion" : 3,
    "name" : "ResilienceCockpit-destination-content",
    "type" : "com.sap.application.content",
    "properties" : { },
    "parameters" : {
      "default-url" : "https://94060551trial-dev-resiliencecockpit-destination-content.cfapps.us10-003.hana.ondemand.com",
      "default-app-name" : "ResilienceCockpit-destination-content",
      "generated-password" : "********",
      "default-live-url" : "https://94060551trial-dev-resiliencecockpit-destination-content.cfapps.us10-003.hana.ondemand.com",
      "default-uri" : "94060551trial-dev-resiliencecockpit-destination-content.cfapps.us10-003.hana.ondemand.com",
      "default-instances" : 1,
      "default-live-host" : "94060551trial-dev-resiliencecockpit-destination-content",
      "instances" : 1,
      "default-host" : "94060551trial-dev-resiliencecockpit-destination-content",
      "content" : {
        "instance" : {
          "destinations" : [ {
            "Authentication" : "********",
            "Name" : "srv-api",
            "TokenServiceInstanceName" : "********",
            "TokenServiceKeyName" : "********",
            "URL" : "https://94060551trial-dev-resiliencecockpit-srv.cfapps.us10-003.hana.ondemand.com"
          }, {
            "Name" : "ResilienceCockpit-html5-repo-host",
            "ServiceInstanceName" : "ResilienceCockpit-html5-repo-host",
            "ServiceKeyName" : "********",
            "sap.cloud.service" : "nexus"
          }, {
            "Authentication" : "********",
            "Name" : "********",
            "ServiceInstanceName" : "********",
            "ServiceKeyName" : "********"
          } ],
          "existing_destinations_policy" : "update"
        }
      },
      "app-name" : "ResilienceCockpit-destination-content",
      "default-live-uri" : "94060551trial-dev-resiliencecockpit-destination-content.cfapps.us10-003.hana.ondemand.com",
      "protocol" : "https",
      "default-live-app-name" : "ResilienceCockpit-destination-content",
      "default-live-domain" : "cfapps.us10-003.hana.ondemand.com",
      "domain" : "cfapps.us10-003.hana.ondemand.com",
      "host" : "94060551trial-dev-resiliencecockpit-destination-content",
      "generated-user" : "********"
    },
    "requiredDependencies" : [ {
      "majorSchemaVersion" : 3,
      "name" : "********",
      "properties" : { },
      "parameters" : {
        "service-key" : "********"
      },
      "propertiesMetadata" : {
        "metadata" : { }
      },
      "parametersMetadata" : {
        "metadata" : { }
      }
    }, {
      "majorSchemaVersion" : 3,
      "name" : "ResilienceCockpit-html5-repo-host",
      "properties" : { },
      "parameters" : {
        "service-key" : "********"
      },
      "propertiesMetadata" : {
        "metadata" : { }
      },
      "parametersMetadata" : {
        "metadata" : { }
      }
    }, {
      "majorSchemaVersion" : 3,
      "name" : "srv-api",
      "properties" : { },
      "parameters" : { },
      "propertiesMetadata" : {
        "metadata" : { }
      },
      "parametersMetadata" : {
        "metadata" : { }
      }
    }, {
      "majorSchemaVersion" : 3,
      "name" : "ResilienceCockpit-destination",
      "properties" : { },
      "parameters" : {
        "content-target" : true
      },
      "propertiesMetadata" : {
        "metadata" : { }
      },
      "parametersMetadata" : {
        "metadata" : { }
      }
    } ],
    "providedDependencies" : [ {
      "majorSchemaVersion" : 3,
      "name" : "ResilienceCockpit-destination-content",
      "isPublic" : false,
      "properties" : { },
      "parameters" : { },
      "propertiesMetadata" : {
        "metadata" : { }
      },
      "parametersMetadata" : {
        "metadata" : { }
      }
    } ],
    "propertiesMetadata" : {
      "metadata" : { }
    },
    "parametersMetadata" : {
      "metadata" : { }
    },
    "hooks" : [ ]
  } ],
  "resources" : [ {
    "majorSchemaVersion" : 3,
    "name" : "********",
    "type" : "org.cloudfoundry.managed-service",
    "properties" : { },
    "parameters" : {
      "generated-password" : "********",
      "path" : "./xs-security.json",
      "service-name" : "********",
      "service-plan" : "application",
      "service" : "xsuaa",
      "generated-user" : "********",
      "default-xsappname" : "********",
      "type" : "managed-service",
      "config" : {
        "oauth2-configuration" : "********",
        "tenant-mode" : "dedicated",
        "xsappname" : "ResilienceCockpit-94060551trial-dev"
      },
      "default-service-name" : "********",
      "default-container-name" : "********"
    },
    "isActive" : true,
    "isOptional" : false,
    "propertiesMetadata" : {
      "metadata" : { }
    },
    "parametersMetadata" : {
      "metadata" : { }
    },
    "requiredDependencies" : [ ],
    "processedAfter" : [ ]
  }, {
    "majorSchemaVersion" : 3,
    "name" : "ResilienceCockpit-db",
    "type" : "com.sap.xs.hdi-container",
    "properties" : { },
    "parameters" : {
      "generated-password" : "********",
      "service-name" : "ResilienceCockpit-db",
      "service-plan" : "hdi-shared",
      "service" : "hana",
      "generated-user" : "********",
      "default-xsappname" : "ResilienceCockpit-db",
      "type" : "managed-service",
      "default-service-name" : "ResilienceCockpit-db",
      "default-container-name" : "94060551TRIAL_DEV_RESILIENCECOCKPIT_DB"
    },
    "isActive" : true,
    "isOptional" : false,
    "propertiesMetadata" : {
      "metadata" : { }
    },
    "parametersMetadata" : {
      "metadata" : { }
    },
    "requiredDependencies" : [ ],
    "processedAfter" : [ ]
  }, {
    "majorSchemaVersion" : 3,
    "name" : "ResilienceCockpit-connectivity",
    "type" : "org.cloudfoundry.managed-service",
    "properties" : { },
    "parameters" : {
      "generated-password" : "********",
      "service-name" : "ResilienceCockpit-connectivity",
      "service-plan" : "lite",
      "service" : "connectivity",
      "generated-user" : "********",
      "default-xsappname" : "ResilienceCockpit-connectivity",
      "type" : "managed-service",
      "default-service-name" : "ResilienceCockpit-connectivity",
      "default-container-name" : "94060551TRIAL_DEV_RESILIENCECOCKPIT_CONNECTIVITY"
    },
    "isActive" : true,
    "isOptional" : false,
    "propertiesMetadata" : {
      "metadata" : { }
    },
    "parametersMetadata" : {
      "metadata" : { }
    },
    "requiredDependencies" : [ ],
    "processedAfter" : [ ]
  }, {
    "majorSchemaVersion" : 3,
    "name" : "ResilienceCockpit-destination",
    "type" : "org.cloudfoundry.managed-service",
    "properties" : { },
    "parameters" : {
      "generated-password" : "********",
      "service-name" : "ResilienceCockpit-destination",
      "service-plan" : "lite",
      "service" : "destination",
      "generated-user" : "********",
      "default-xsappname" : "ResilienceCockpit-destination",
      "type" : "managed-service",
      "config" : {
        "HTML5Runtime_enabled" : true,
        "init_data" : {
          "instance" : {
            "destinations" : [ {
              "Authentication" : "********",
              "Name" : "ui5",
              "ProxyType" : "Internet",
              "Type" : "HTTP",
              "URL" : "https://ui5.sap.com"
            }, {
              "Authentication" : "********",
              "HTML5.DynamicDestination" : true,
              "HTML5.ForwardAuthToken" : "********",
              "Name" : "srv-api",
              "ProxyType" : "Internet",
              "Type" : "HTTP",
              "URL" : "https://94060551trial-dev-resiliencecockpit-srv.cfapps.us10-003.hana.ondemand.com"
            } ],
            "existing_destinations_policy" : "update"
          }
        }
      },
      "default-service-name" : "ResilienceCockpit-destination",
      "default-container-name" : "94060551TRIAL_DEV_RESILIENCECOCKPIT_DESTINATION"
    },
    "isActive" : true,
    "isOptional" : false,
    "propertiesMetadata" : {
      "metadata" : { }
    },
    "parametersMetadata" : {
      "metadata" : { }
    },
    "requiredDependencies" : [ {
      "majorSchemaVersion" : 3,
      "name" : "srv-api",
      "properties" : { },
      "parameters" : { },
      "propertiesMetadata" : {
        "metadata" : { }
      },
      "parametersMetadata" : {
        "metadata" : { }
      }
    } ],
    "processedAfter" : [ ]
  }, {
    "majorSchemaVersion" : 3,
    "name" : "ResilienceCockpit-html5-repo-host",
    "type" : "org.cloudfoundry.managed-service",
    "properties" : { },
    "parameters" : {
      "generated-password" : "********",
      "service-name" : "ResilienceCockpit-html5-repo-host",
      "service-plan" : "app-host",
      "service" : "html5-apps-repo",
      "generated-user" : "********",
      "default-xsappname" : "ResilienceCockpit-html5-repo-host",
      "type" : "managed-service",
      "default-service-name" : "ResilienceCockpit-html5-repo-host",
      "default-container-name" : "94060551TRIAL_DEV_RESILIENCECOCKPIT_HTML5_REPO_HOST"
    },
    "isActive" : true,
    "isOptional" : false,
    "propertiesMetadata" : {
      "metadata" : { }
    },
    "parametersMetadata" : {
      "metadata" : { }
    },
    "requiredDependencies" : [ ],
    "processedAfter" : [ ]
  }, {
    "majorSchemaVersion" : 3,
    "name" : "ResilienceCockpit-logging",
    "type" : "org.cloudfoundry.managed-service",
    "properties" : { },
    "parameters" : {
      "generated-password" : "********",
      "service-name" : "ResilienceCockpit-logging",
      "service-plan" : "lite",
      "service" : "application-logs",
      "generated-user" : "********",
      "default-xsappname" : "ResilienceCockpit-logging",
      "type" : "managed-service",
      "default-service-name" : "ResilienceCockpit-logging",
      "default-container-name" : "94060551TRIAL_DEV_RESILIENCECOCKPIT_LOGGING"
    },
    "isActive" : true,
    "isOptional" : false,
    "propertiesMetadata" : {
      "metadata" : { }
    },
    "parametersMetadata" : {
      "metadata" : { }
    },
    "requiredDependencies" : [ ],
    "processedAfter" : [ ]
  } ],
  "parameters" : {
    "deploy_mode" : "html5-repo",
    "mta-id" : "ResilienceCockpit",
    "authorization-url" : "********",
    "org-guid" : "78e7b825-503f-4bdc-af4e-be86d7f43c8e",
    "org" : "94060551trial",
    "deploy-target" : "94060551trial dev",
    "enable-parallel-deployments" : true,
    "region-primary-domain" : "us10.hana.ondemand.com",
    "space" : "dev",
    "region-domain" : "us10-003.hana.ondemand.com",
    "xs-api-url" : "https://api.cf.us10-003.hana.ondemand.com",
    "deploy-url" : "deploy-service.cfapps.us10-003.hana.ondemand.com",
    "xs-type" : "CF",
    "default-domain" : "cfapps.us10-003.hana.ondemand.com",
    "mta-version" : "1.0.0",
    "xs-auth-url" : "********",
    "space-guid" : "039a1fe6-69a4-4c1e-9b8f-a64d47329d3e",
    "user" : "********",
    "controller-url" : "https://api.cf.us10-003.hana.ondemand.com",
    "timestamp" : "20260828035033"
  },
  "parametersMetadata" : {
    "metadata" : { }
  }
}#
#2026 08 28 03:50:52.948#Z#DEBUG#9f2c2b3d-a293-11f1-9e34-eeee0a9f0b65.OPERATION#flowable-async-job-executor-thread-1307#
[ProcessDescriptorStep] Merged descriptor properties and parameters resolved#
#2026 08 28 03:50:52.948#Z#DEBUG#9f2c2b3d-a293-11f1-9e34-eeee0a9f0b65.OPERATION#flowable-async-job-executor-thread-1307#
Step "Re-Process Descriptor Step" finished#
#2026 08 28 03:50:52.970#Z#DEBUG#9f2c2b3d-a293-11f1-9e34-eeee0a9f0b65.OPERATION#flowable-async-job-executor-thread-1308#
[BuildApplicationDeployModelStep] Executing task "buildApplicationDeployModelTask" of process "aa708a11-a293-11f1-b31b-eeee0a949a95"...#
#2026 08 28 03:50:52.971#Z#DEBUG#9f2c2b3d-a293-11f1-9e34-eeee0a9f0b65.OPERATION#flowable-async-job-executor-thread-1308#
[BuildApplicationDeployModelStep] Building cloud deployment model for application "ResilienceCockpit-srv"...#
#2026 08 28 03:50:52.977#Z#DEBUG#9f2c2b3d-a293-11f1-9e34-eeee0a9f0b65.OPERATION#flowable-async-job-executor-thread-1308#
[BuildApplicationDeployModelStep] No health-check-type is specified. Setting default type: port#
#2026 08 28 03:50:52.977#Z#INFO#9f2c2b3d-a293-11f1-9e34-eeee0a9f0b65.OPERATION#flowable-async-job-executor-thread-1308#
[BuildApplicationDeployModelStep] Building configuration entries for org 94060551trial, space dev, spaceId 039a1fe6-69a4-4c1e-9b8f-a64d47329d3e and namespace null!#
#2026 08 28 03:50:52.978#Z#DEBUG#9f2c2b3d-a293-11f1-9e34-eeee0a9f0b65.OPERATION#flowable-async-job-executor-thread-1308#
[BuildApplicationDeployModelStep] Configuration entries to publish: [ ]#
#2026 08 28 03:50:52.978#Z#DEBUG#9f2c2b3d-a293-11f1-9e34-eeee0a9f0b65.OPERATION#flowable-async-job-executor-thread-1308#
[BuildApplicationDeployModelStep] Cloud deployment model for application built#
#2026 08 28 03:50:52.978#Z#DEBUG#9f2c2b3d-a293-11f1-9e34-eeee0a9f0b65.OPERATION#flowable-async-job-executor-thread-1308#
Step "Build Application Deploy Model" finished#
#2026 08 28 03:50:52.797#Z#DEBUG#9f2c2b3d-a293-11f1-9e34-eeee0a9f0b65.OPERATION#flowable-async-job-executor-thread-5406#
[StartContentDeployStep] Executing task "startContentDeployTask" of process "a99e458f-a293-11f1-ad9c-eeee0a80c268"...#
#2026 08 28 03:50:52.798#Z#INFO#9f2c2b3d-a293-11f1-9e34-eeee0a9f0b65.OPERATION#flowable-async-job-executor-thread-5406#
[StartContentDeployStep] Deploying content module "ResilienceCockpit-app-deployer" in target service "ResilienceCockpit-html5-repo-host"...#
#2026 08 28 03:50:53.059#Z#DEBUG#9f2c2b3d-a293-11f1-9e34-eeee0a9f0b65.OPERATION#flowable-async-job-executor-thread-5406#
Step "Start Content Deploy" finished#
#2026 08 28 03:50:53.149#Z#DEBUG#9f2c2b3d-a293-11f1-9e34-eeee0a9f0b65.OPERATION#flowable-async-job-executor-thread-848#
[BuildContentDeploymentConfigurationStep] Executing task "buildContentDeploymentConfigurationTask" of process "aa91f42b-a293-11f1-9e34-eeee0a9f0b65"...#
#2026 08 28 03:50:53.156#Z#DEBUG#9f2c2b3d-a293-11f1-9e34-eeee0a9f0b65.OPERATION#ForkJoinPool-3-worker-1#
[BuildContentDeploymentConfigurationStep] Getting service key "ResilienceCockpit-html5-repo-host-key" for service instance "ResilienceCockpit-html5-repo-host"...#
#2026 08 28 03:50:53.156#Z#DEBUG#9f2c2b3d-a293-11f1-9e34-eeee0a9f0b65.OPERATION#ForkJoinPool-3-worker-2#
[BuildContentDeploymentConfigurationStep] Getting service key "ResilienceCockpit-auth-key" for service instance "ResilienceCockpit-auth"...#
#2026 08 28 03:50:53.157#Z#DEBUG#9f2c2b3d-a293-11f1-9e34-eeee0a9f0b65.OPERATION#ForkJoinPool-3-worker-3#
[BuildContentDeploymentConfigurationStep] Getting service key "ResilienceCockpit-destination-content-ResilienceCockpit-destination-credentials" for service instance "ResilienceCockpit-destination"...#
#2026 08 28 03:50:53.298#Z#INFO#9f2c2b3d-a293-11f1-9e34-eeee0a9f0b65.OPERATION#ForkJoinPool-3-worker-1#
[BuildContentDeploymentConfigurationStep] Service key "ResilienceCockpit-html5-repo-host-key" for service "ResilienceCockpit-html5-repo-host" already exists#
#2026 08 28 03:50:53.316#Z#INFO#9f2c2b3d-a293-11f1-9e34-eeee0a9f0b65.OPERATION#ForkJoinPool-3-worker-3#
[BuildContentDeploymentConfigurationStep] Service key "ResilienceCockpit-destination-content-ResilienceCockpit-destination-credentials" for service "ResilienceCockpit-destination" already exists#
#2026 08 28 03:50:53.327#Z#INFO#9f2c2b3d-a293-11f1-9e34-eeee0a9f0b65.OPERATION#ForkJoinPool-3-worker-2#
[BuildContentDeploymentConfigurationStep] Service key "ResilienceCockpit-auth-key" for service "ResilienceCockpit-auth" already exists#
#2026 08 28 03:50:53.332#Z#DEBUG#9f2c2b3d-a293-11f1-9e34-eeee0a9f0b65.OPERATION#flowable-async-job-executor-thread-848#
Step "Build Content Deployment Configuration" finished#
#2026 08 28 03:50:53.025#Z#DEBUG#9f2c2b3d-a293-11f1-9e34-eeee0a9f0b65.OPERATION#flowable-async-job-executor-thread-1309#
[CreateOrUpdateAppStep] Executing task "createAppTask" of process "aa708a11-a293-11f1-b31b-eeee0a949a95"...#
#2026 08 28 03:50:53.027#Z#DEBUG#9f2c2b3d-a293-11f1-9e34-eeee0a9f0b65.OPERATION#flowable-async-job-executor-thread-1309#
[CreateOrUpdateAppStep] Getting application "ResilienceCockpit-srv"...#
#2026 08 28 03:50:53.064#Z#INFO#9f2c2b3d-a293-11f1-9e34-eeee0a9f0b65.OPERATION#flowable-async-job-executor-thread-1309#
[CreateOrUpdateAppStep] Updating application "ResilienceCockpit-srv"...#
#2026 08 28 03:50:53.068#Z#DEBUG#9f2c2b3d-a293-11f1-9e34-eeee0a9f0b65.OPERATION#flowable-async-job-executor-thread-1309#
[CreateOrUpdateAppStep] Getting process for application "846298f7-a9cf-4b9f-a20b-63e370407f6e"...#
#2026 08 28 03:50:53.100#Z#DEBUG#9f2c2b3d-a293-11f1-9e34-eeee0a9f0b65.OPERATION#flowable-async-job-executor-thread-1309#
[CreateOrUpdateAppStep] Getting routes for application "846298f7-a9cf-4b9f-a20b-63e370407f6e"...#
#2026 08 28 03:50:53.132#Z#DEBUG#9f2c2b3d-a293-11f1-9e34-eeee0a9f0b65.OPERATION#flowable-async-job-executor-thread-1309#
[CreateOrUpdateAppStep] Getting features for application "846298f7-a9cf-4b9f-a20b-63e370407f6e"#
#2026 08 28 03:50:53.148#Z#DEBUG#9f2c2b3d-a293-11f1-9e34-eeee0a9f0b65.OPERATION#flowable-async-job-executor-thread-1309#
[CreateOrUpdateAppStep] Updating staging of application "ResilienceCockpit-srv" to: {
  "buildpacks" : [ "nodejs_buildpack" ],
  "healthCheckType" : "port",
  "appFeatures" : { }
}#
#2026 08 28 03:50:53.394#Z#DEBUG#9f2c2b3d-a293-11f1-9e34-eeee0a9f0b65.OPERATION#flowable-async-job-executor-thread-1309#
[CreateOrUpdateAppStep] Application "ResilienceCockpit-srv" updated#
#2026 08 28 03:50:53.394#Z#DEBUG#9f2c2b3d-a293-11f1-9e34-eeee0a9f0b65.OPERATION#flowable-async-job-executor-thread-1309#
[CreateOrUpdateAppStep] Getting environment of application "846298f7-a9cf-4b9f-a20b-63e370407f6e"...#
#2026 08 28 03:50:53.485#Z#DEBUG#9f2c2b3d-a293-11f1-9e34-eeee0a9f0b65.OPERATION#flowable-async-job-executor-thread-1309#
[CreateOrUpdateAppStep] Application "ResilienceCockpit-srv" updated#
#2026 08 28 03:50:53.485#Z#DEBUG#9f2c2b3d-a293-11f1-9e34-eeee0a9f0b65.OPERATION#flowable-async-job-executor-thread-1309#
Step "Create App" finished#
#2026 08 28 03:50:53.336#Z#DEBUG#9f2c2b3d-a293-11f1-9e34-eeee0a9f0b65.OPERATION#flowable-async-job-executor-thread-848#
[CreateContentDeployClientConfigurationStep] Executing task "createContentDeployClientConfigurationTask" of process "aab92b51-a293-11f1-9e34-eeee0a9f0b65"...#
#2026 08 28 03:50:53.337#Z#DEBUG#9f2c2b3d-a293-11f1-9e34-eeee0a9f0b65.OPERATION#flowable-async-job-executor-thread-848#
[CreateContentDeployClientConfigurationStep] Content deployer client configuration: {
  "contentDeployerUrl" : "https://destination-configuration.cfapps.us10.hana.ondemand.com/destination-configuration/gacd",
  "uaaClientConfiguration" : {
    "url" : "********",
    "credentials" : "********",
    "authenticationStrategyType" : "********"
  },
  "httpRequestHeaders" : {
    "X-CorrelationID" : "9f2c2b3d-a293-11f1-9e34-eeee0a9f0b65"
  },
  "spaceId" : "039a1fe6-69a4-4c1e-9b8f-a64d47329d3e",
  "serviceName" : "ResilienceCockpit-destination"
}#
#2026 08 28 03:50:53.539#Z#DEBUG#9f2c2b3d-a293-11f1-9e34-eeee0a9f0b65.OPERATION#flowable-async-job-executor-thread-848#
Step "Create Content Deploy Client Configuration" finished#
#2026 08 28 03:50:53.541#Z#DEBUG#9f2c2b3d-a293-11f1-9e34-eeee0a9f0b65.OPERATION#flowable-async-job-executor-thread-848#
[GetContentFromDeploymentDescriptorStep] Executing task "getContentFromDeploymentDescriptorTask" of process "aab92b51-a293-11f1-9e34-eeee0a9f0b65"...#
#2026 08 28 03:50:53.542#Z#DEBUG#9f2c2b3d-a293-11f1-9e34-eeee0a9f0b65.OPERATION#flowable-async-job-executor-thread-848#
[GetContentFromDeploymentDescriptorStep] Content for module: "ResilienceCockpit-destination-content" is: "{
  "id" : "4b2c81c3-ae45-4077-a7c8-eb9929274b8e",
  "contentType" : "EMBEDDED",
  "content" : {
    "instance" : {
      "destinations" : [ {
        "Authentication" : "********",
        "Name" : "srv-api",
        "TokenServiceInstanceName" : "********",
        "TokenServiceKeyName" : "********",
        "URL" : "https://94060551trial-dev-resiliencecockpit-srv.cfapps.us10-003.hana.ondemand.com"
      }, {
        "Name" : "ResilienceCockpit-html5-repo-host",
        "ServiceInstanceName" : "ResilienceCockpit-html5-repo-host",
        "ServiceKeyName" : "********",
        "sap.cloud.service" : "nexus"
      }, {
        "Authentication" : "********",
        "Name" : "********",
        "ServiceInstanceName" : "********",
        "ServiceKeyName" : "********"
      } ],
      "existing_destinations_policy" : "update"
    }
  }
}"#
#2026 08 28 03:50:53.542#Z#DEBUG#9f2c2b3d-a293-11f1-9e34-eeee0a9f0b65.OPERATION#flowable-async-job-executor-thread-848#
Step "Get Content From Deployment Descriptor" finished#
#2026 08 28 03:50:53.630#Z#DEBUG#9f2c2b3d-a293-11f1-9e34-eeee0a9f0b65.OPERATION#flowable-async-job-executor-thread-5404#
[ProcessDescriptorStep] Executing task "reprocessDescriptorTask" of process "aaddca2b-a293-11f1-ad9c-eeee0a80c268"...#
#2026 08 28 03:50:53.630#Z#DEBUG#9f2c2b3d-a293-11f1-9e34-eeee0a9f0b65.OPERATION#flowable-async-job-executor-thread-5404#
[ProcessDescriptorStep] Resolving properties and parameters in merged descriptor...#
#2026 08 28 03:50:53.635#Z#DEBUG#9f2c2b3d-a293-11f1-9e34-eeee0a9f0b65.OPERATION#flowable-async-job-executor-thread-5404#
[ProcessDescriptorStep] Subscriptions: [ ]#
#2026 08 28 03:50:53.638#Z#DEBUG#9f2c2b3d-a293-11f1-9e34-eeee0a9f0b65.OPERATION#flowable-async-job-executor-thread-5404#
[ProcessDescriptorStep] MTA modules: [ResilienceCockpit-srv, ResilienceCockpit-app-deployer, ResilienceCockpit-destination-content, ResilienceCockpit-db-deployer]#
#2026 08 28 03:50:53.641#Z#DEBUG#9f2c2b3d-a293-11f1-9e34-eeee0a9f0b65.OPERATION#flowable-async-job-executor-thread-5404#
[ProcessDescriptorStep] Resolved deployment descriptor: {
  "majorSchemaVersion" : 3,
  "schemaVersion" : "3.3.0",
  "id" : "ResilienceCockpit",
  "version" : "1.0.0",
  "modules" : [ {
    "majorSchemaVersion" : 3,
    "name" : "ResilienceCockpit-srv",
    "type" : "javascript.nodejs",
    "path" : "ResilienceCockpit-srv",
    "properties" : { },
    "parameters" : {
      "default-url" : "https://94060551trial-dev-resiliencecockpit-srv.cfapps.us10-003.hana.ondemand.com",
      "default-app-name" : "ResilienceCockpit-srv",
      "generated-password" : "********",
      "default-live-url" : "https://94060551trial-dev-resiliencecockpit-srv.cfapps.us10-003.hana.ondemand.com",
      "default-uri" : "94060551trial-dev-resiliencecockpit-srv.cfapps.us10-003.hana.ondemand.com",
      "default-instances" : 1,
      "default-live-host" : "94060551trial-dev-resiliencecockpit-srv",
      "instances" : 1,
      "buildpack" : "nodejs_buildpack",
      "default-host" : "94060551trial-dev-resiliencecockpit-srv",
      "app-name" : "ResilienceCockpit-srv",
      "default-live-uri" : "94060551trial-dev-resiliencecockpit-srv.cfapps.us10-003.hana.ondemand.com",
      "protocol" : "https",
      "default-live-app-name" : "ResilienceCockpit-srv",
      "default-live-domain" : "cfapps.us10-003.hana.ondemand.com",
      "domain" : "cfapps.us10-003.hana.ondemand.com",
      "host" : "94060551trial-dev-resiliencecockpit-srv",
      "generated-user" : "********"
    },
    "requiredDependencies" : [ {
      "majorSchemaVersion" : 3,
      "name" : "********",
      "properties" : { },
      "parameters" : { },
      "propertiesMetadata" : {
        "metadata" : { }
      },
      "parametersMetadata" : {
        "metadata" : { }
      }
    }, {
      "majorSchemaVersion" : 3,
      "name" : "ResilienceCockpit-db",
      "properties" : { },
      "parameters" : { },
      "propertiesMetadata" : {
        "metadata" : { }
      },
      "parametersMetadata" : {
        "metadata" : { }
      }
    }, {
      "majorSchemaVersion" : 3,
      "name" : "ResilienceCockpit-connectivity",
      "properties" : { },
      "parameters" : { },
      "propertiesMetadata" : {
        "metadata" : { }
      },
      "parametersMetadata" : {
        "metadata" : { }
      }
    }, {
      "majorSchemaVersion" : 3,
      "name" : "ResilienceCockpit-destination",
      "properties" : { },
      "parameters" : { },
      "propertiesMetadata" : {
        "metadata" : { }
      },
      "parametersMetadata" : {
        "metadata" : { }
      }
    }, {
      "majorSchemaVersion" : 3,
      "name" : "ResilienceCockpit-logging",
      "properties" : { },
      "parameters" : { },
      "propertiesMetadata" : {
        "metadata" : { }
      },
      "parametersMetadata" : {
        "metadata" : { }
      }
    } ],
    "providedDependencies" : [ {
      "majorSchemaVersion" : 3,
      "name" : "srv-api",
      "isPublic" : false,
      "properties" : {
        "srv-url" : "https://94060551trial-dev-resiliencecockpit-srv.cfapps.us10-003.hana.ondemand.com"
      },
      "parameters" : { },
      "propertiesMetadata" : {
        "metadata" : { }
      },
      "parametersMetadata" : {
        "metadata" : { }
      }
    }, {
      "majorSchemaVersion" : 3,
      "name" : "ResilienceCockpit-srv",
      "isPublic" : false,
      "properties" : { },
      "parameters" : { },
      "propertiesMetadata" : {
        "metadata" : { }
      },
      "parametersMetadata" : {
        "metadata" : { }
      }
    } ],
    "propertiesMetadata" : {
      "metadata" : { }
    },
    "parametersMetadata" : {
      "metadata" : { }
    },
    "hooks" : [ ]
  }, {
    "majorSchemaVersion" : 3,
    "name" : "ResilienceCockpit-db-deployer",
    "type" : "com.sap.xs.hdi",
    "path" : "ResilienceCockpit-db-deployer",
    "properties" : {
      "EXIT" : 1
    },
    "parameters" : {
      "default-url" : "https://94060551trial-dev-resiliencecockpit-db-deployer.cfapps.us10-003.hana.ondemand.com",
      "default-app-name" : "ResilienceCockpit-db-deployer",
      "generated-password" : "********",
      "default-live-url" : "https://94060551trial-dev-resiliencecockpit-db-deployer.cfapps.us10-003.hana.ondemand.com",
      "default-uri" : "94060551trial-dev-resiliencecockpit-db-deployer.cfapps.us10-003.hana.ondemand.com",
      "memory" : "256M",
      "default-instances" : 1,
      "no-route" : true,
      "default-live-host" : "94060551trial-dev-resiliencecockpit-db-deployer",
      "instances" : 1,
      "buildpack" : "nodejs_buildpack",
      "default-host" : "94060551trial-dev-resiliencecockpit-db-deployer",
      "app-name" : "ResilienceCockpit-db-deployer",
      "default-live-uri" : "94060551trial-dev-resiliencecockpit-db-deployer.cfapps.us10-003.hana.ondemand.com",
      "protocol" : "https",
      "default-live-app-name" : "ResilienceCockpit-db-deployer",
      "default-live-domain" : "cfapps.us10-003.hana.ondemand.com",
      "dependency-type" : "hard",
      "domain" : "cfapps.us10-003.hana.ondemand.com",
      "host" : "94060551trial-dev-resiliencecockpit-db-deployer",
      "generated-user" : "********",
      "tasks" : [ {
        "command" : "npm start",
        "memory" : "256M",
        "name" : "deploy"
      } ],
      "no-start" : true
    },
    "requiredDependencies" : [ {
      "majorSchemaVersion" : 3,
      "name" : "ResilienceCockpit-db",
      "properties" : { },
      "parameters" : { },
      "propertiesMetadata" : {
        "metadata" : { }
      },
      "parametersMetadata" : {
        "metadata" : { }
      }
    } ],
    "providedDependencies" : [ {
      "majorSchemaVersion" : 3,
      "name" : "ResilienceCockpit-db-deployer",
      "isPublic" : false,
      "properties" : { },
      "parameters" : { },
      "propertiesMetadata" : {
        "metadata" : { }
      },
      "parametersMetadata" : {
        "metadata" : { }
      }
    } ],
    "propertiesMetadata" : {
      "metadata" : { }
    },
    "parametersMetadata" : {
      "metadata" : { }
    },
    "hooks" : [ ]
  }, {
    "majorSchemaVersion" : 3,
    "name" : "ResilienceCockpit-app-deployer",
    "type" : "com.sap.application.content",
    "path" : "ResilienceCockpit-app-deployer",
    "properties" : { },
    "parameters" : {
      "default-url" : "https://94060551trial-dev-resiliencecockpit-app-deployer.cfapps.us10-003.hana.ondemand.com",
      "default-app-name" : "ResilienceCockpit-app-deployer",
      "generated-password" : "********",
      "default-live-url" : "https://94060551trial-dev-resiliencecockpit-app-deployer.cfapps.us10-003.hana.ondemand.com",
      "default-uri" : "94060551trial-dev-resiliencecockpit-app-deployer.cfapps.us10-003.hana.ondemand.com",
      "default-instances" : 1,
      "default-live-host" : "94060551trial-dev-resiliencecockpit-app-deployer",
      "instances" : 1,
      "default-host" : "94060551trial-dev-resiliencecockpit-app-deployer",
      "app-name" : "ResilienceCockpit-app-deployer",
      "default-live-uri" : "94060551trial-dev-resiliencecockpit-app-deployer.cfapps.us10-003.hana.ondemand.com",
      "protocol" : "https",
      "default-live-app-name" : "ResilienceCockpit-app-deployer",
      "default-live-domain" : "cfapps.us10-003.hana.ondemand.com",
      "domain" : "cfapps.us10-003.hana.ondemand.com",
      "host" : "94060551trial-dev-resiliencecockpit-app-deployer",
      "generated-user" : "********"
    },
    "requiredDependencies" : [ {
      "majorSchemaVersion" : 3,
      "name" : "********",
      "properties" : { },
      "parameters" : { },
      "propertiesMetadata" : {
        "metadata" : { }
      },
      "parametersMetadata" : {
        "metadata" : { }
      }
    }, {
      "majorSchemaVersion" : 3,
      "name" : "srv-api",
      "properties" : { },
      "parameters" : { },
      "propertiesMetadata" : {
        "metadata" : { }
      },
      "parametersMetadata" : {
        "metadata" : { }
      }
    }, {
      "majorSchemaVersion" : 3,
      "name" : "ResilienceCockpit-html5-repo-host",
      "properties" : { },
      "parameters" : {
        "config" : {
          "HTML5Runtime_enabled" : false
        },
        "content-target" : true
      },
      "propertiesMetadata" : {
        "metadata" : { }
      },
      "parametersMetadata" : {
        "metadata" : { }
      }
    } ],
    "providedDependencies" : [ {
      "majorSchemaVersion" : 3,
      "name" : "ResilienceCockpit-app-deployer",
      "isPublic" : false,
      "properties" : { },
      "parameters" : { },
      "propertiesMetadata" : {
        "metadata" : { }
      },
      "parametersMetadata" : {
        "metadata" : { }
      }
    } ],
    "propertiesMetadata" : {
      "metadata" : { }
    },
    "parametersMetadata" : {
      "metadata" : { }
    },
    "hooks" : [ ]
  }, {
    "majorSchemaVersion" : 3,
    "name" : "ResilienceCockpit-destination-content",
    "type" : "com.sap.application.content",
    "properties" : { },
    "parameters" : {
      "default-url" : "https://94060551trial-dev-resiliencecockpit-destination-content.cfapps.us10-003.hana.ondemand.com",
      "default-app-name" : "ResilienceCockpit-destination-content",
      "generated-password" : "********",
      "default-live-url" : "https://94060551trial-dev-resiliencecockpit-destination-content.cfapps.us10-003.hana.ondemand.com",
      "default-uri" : "94060551trial-dev-resiliencecockpit-destination-content.cfapps.us10-003.hana.ondemand.com",
      "default-instances" : 1,
      "default-live-host" : "94060551trial-dev-resiliencecockpit-destination-content",
      "instances" : 1,
      "default-host" : "94060551trial-dev-resiliencecockpit-destination-content",
      "content" : {
        "instance" : {
          "destinations" : [ {
            "Authentication" : "********",
            "Name" : "srv-api",
            "TokenServiceInstanceName" : "********",
            "TokenServiceKeyName" : "********",
            "URL" : "https://94060551trial-dev-resiliencecockpit-srv.cfapps.us10-003.hana.ondemand.com"
          }, {
            "Name" : "ResilienceCockpit-html5-repo-host",
            "ServiceInstanceName" : "ResilienceCockpit-html5-repo-host",
            "ServiceKeyName" : "********",
            "sap.cloud.service" : "nexus"
          }, {
            "Authentication" : "********",
            "Name" : "********",
            "ServiceInstanceName" : "********",
            "ServiceKeyName" : "********"
          } ],
          "existing_destinations_policy" : "update"
        }
      },
      "app-name" : "ResilienceCockpit-destination-content",
      "default-live-uri" : "94060551trial-dev-resiliencecockpit-destination-content.cfapps.us10-003.hana.ondemand.com",
      "protocol" : "https",
      "default-live-app-name" : "ResilienceCockpit-destination-content",
      "default-live-domain" : "cfapps.us10-003.hana.ondemand.com",
      "domain" : "cfapps.us10-003.hana.ondemand.com",
      "host" : "94060551trial-dev-resiliencecockpit-destination-content",
      "generated-user" : "********"
    },
    "requiredDependencies" : [ {
      "majorSchemaVersion" : 3,
      "name" : "********",
      "properties" : { },
      "parameters" : {
        "service-key" : "********"
      },
      "propertiesMetadata" : {
        "metadata" : { }
      },
      "parametersMetadata" : {
        "metadata" : { }
      }
    }, {
      "majorSchemaVersion" : 3,
      "name" : "ResilienceCockpit-html5-repo-host",
      "properties" : { },
      "parameters" : {
        "service-key" : "********"
      },
      "propertiesMetadata" : {
        "metadata" : { }
      },
      "parametersMetadata" : {
        "metadata" : { }
      }
    }, {
      "majorSchemaVersion" : 3,
      "name" : "srv-api",
      "properties" : { },
      "parameters" : { },
      "propertiesMetadata" : {
        "metadata" : { }
      },
      "parametersMetadata" : {
        "metadata" : { }
      }
    }, {
      "majorSchemaVersion" : 3,
      "name" : "ResilienceCockpit-destination",
      "properties" : { },
      "parameters" : {
        "content-target" : true
      },
      "propertiesMetadata" : {
        "metadata" : { }
      },
      "parametersMetadata" : {
        "metadata" : { }
      }
    } ],
    "providedDependencies" : [ {
      "majorSchemaVersion" : 3,
      "name" : "ResilienceCockpit-destination-content",
      "isPublic" : false,
      "properties" : { },
      "parameters" : { },
      "propertiesMetadata" : {
        "metadata" : { }
      },
      "parametersMetadata" : {
        "metadata" : { }
      }
    } ],
    "propertiesMetadata" : {
      "metadata" : { }
    },
    "parametersMetadata" : {
      "metadata" : { }
    },
    "hooks" : [ ]
  } ],
  "resources" : [ {
    "majorSchemaVersion" : 3,
    "name" : "********",
    "type" : "org.cloudfoundry.managed-service",
    "properties" : { },
    "parameters" : {
      "generated-password" : "********",
      "path" : "./xs-security.json",
      "service-name" : "********",
      "service-plan" : "application",
      "service" : "xsuaa",
      "generated-user" : "********",
      "default-xsappname" : "********",
      "type" : "managed-service",
      "config" : {
        "oauth2-configuration" : "********",
        "tenant-mode" : "dedicated",
        "xsappname" : "ResilienceCockpit-94060551trial-dev"
      },
      "default-service-name" : "********",
      "default-container-name" : "********"
    },
    "isActive" : true,
    "isOptional" : false,
    "propertiesMetadata" : {
      "metadata" : { }
    },
    "parametersMetadata" : {
      "metadata" : { }
    },
    "requiredDependencies" : [ ],
    "processedAfter" : [ ]
  }, {
    "majorSchemaVersion" : 3,
    "name" : "ResilienceCockpit-db",
    "type" : "com.sap.xs.hdi-container",
    "properties" : { },
    "parameters" : {
      "generated-password" : "********",
      "service-name" : "ResilienceCockpit-db",
      "service-plan" : "hdi-shared",
      "service" : "hana",
      "generated-user" : "********",
      "default-xsappname" : "ResilienceCockpit-db",
      "type" : "managed-service",
      "default-service-name" : "ResilienceCockpit-db",
      "default-container-name" : "94060551TRIAL_DEV_RESILIENCECOCKPIT_DB"
    },
    "isActive" : true,
    "isOptional" : false,
    "propertiesMetadata" : {
      "metadata" : { }
    },
    "parametersMetadata" : {
      "metadata" : { }
    },
    "requiredDependencies" : [ ],
    "processedAfter" : [ ]
  }, {
    "majorSchemaVersion" : 3,
    "name" : "ResilienceCockpit-connectivity",
    "type" : "org.cloudfoundry.managed-service",
    "properties" : { },
    "parameters" : {
      "generated-password" : "********",
      "service-name" : "ResilienceCockpit-connectivity",
      "service-plan" : "lite",
      "service" : "connectivity",
      "generated-user" : "********",
      "default-xsappname" : "ResilienceCockpit-connectivity",
      "type" : "managed-service",
      "default-service-name" : "ResilienceCockpit-connectivity",
      "default-container-name" : "94060551TRIAL_DEV_RESILIENCECOCKPIT_CONNECTIVITY"
    },
    "isActive" : true,
    "isOptional" : false,
    "propertiesMetadata" : {
      "metadata" : { }
    },
    "parametersMetadata" : {
      "metadata" : { }
    },
    "requiredDependencies" : [ ],
    "processedAfter" : [ ]
  }, {
    "majorSchemaVersion" : 3,
    "name" : "ResilienceCockpit-destination",
    "type" : "org.cloudfoundry.managed-service",
    "properties" : { },
    "parameters" : {
      "generated-password" : "********",
      "service-name" : "ResilienceCockpit-destination",
      "service-plan" : "lite",
      "service" : "destination",
      "generated-user" : "********",
      "default-xsappname" : "ResilienceCockpit-destination",
      "type" : "managed-service",
      "config" : {
        "HTML5Runtime_enabled" : true,
        "init_data" : {
          "instance" : {
            "destinations" : [ {
              "Authentication" : "********",
              "Name" : "ui5",
              "ProxyType" : "Internet",
              "Type" : "HTTP",
              "URL" : "https://ui5.sap.com"
            }, {
              "Authentication" : "********",
              "HTML5.DynamicDestination" : true,
              "HTML5.ForwardAuthToken" : "********",
              "Name" : "srv-api",
              "ProxyType" : "Internet",
              "Type" : "HTTP",
              "URL" : "https://94060551trial-dev-resiliencecockpit-srv.cfapps.us10-003.hana.ondemand.com"
            } ],
            "existing_destinations_policy" : "update"
          }
        }
      },
      "default-service-name" : "ResilienceCockpit-destination",
      "default-container-name" : "94060551TRIAL_DEV_RESILIENCECOCKPIT_DESTINATION"
    },
    "isActive" : true,
    "isOptional" : false,
    "propertiesMetadata" : {
      "metadata" : { }
    },
    "parametersMetadata" : {
      "metadata" : { }
    },
    "requiredDependencies" : [ {
      "majorSchemaVersion" : 3,
      "name" : "srv-api",
      "properties" : { },
      "parameters" : { },
      "propertiesMetadata" : {
        "metadata" : { }
      },
      "parametersMetadata" : {
        "metadata" : { }
      }
    } ],
    "processedAfter" : [ ]
  }, {
    "majorSchemaVersion" : 3,
    "name" : "ResilienceCockpit-html5-repo-host",
    "type" : "org.cloudfoundry.managed-service",
    "properties" : { },
    "parameters" : {
      "generated-password" : "********",
      "service-name" : "ResilienceCockpit-html5-repo-host",
      "service-plan" : "app-host",
      "service" : "html5-apps-repo",
      "generated-user" : "********",
      "default-xsappname" : "ResilienceCockpit-html5-repo-host",
      "type" : "managed-service",
      "default-service-name" : "ResilienceCockpit-html5-repo-host",
      "default-container-name" : "94060551TRIAL_DEV_RESILIENCECOCKPIT_HTML5_REPO_HOST"
    },
    "isActive" : true,
    "isOptional" : false,
    "propertiesMetadata" : {
      "metadata" : { }
    },
    "parametersMetadata" : {
      "metadata" : { }
    },
    "requiredDependencies" : [ ],
    "processedAfter" : [ ]
  }, {
    "majorSchemaVersion" : 3,
    "name" : "ResilienceCockpit-logging",
    "type" : "org.cloudfoundry.managed-service",
    "properties" : { },
    "parameters" : {
      "generated-password" : "********",
      "service-name" : "ResilienceCockpit-logging",
      "service-plan" : "lite",
      "service" : "application-logs",
      "generated-user" : "********",
      "default-xsappname" : "ResilienceCockpit-logging",
      "type" : "managed-service",
      "default-service-name" : "ResilienceCockpit-logging",
      "default-container-name" : "94060551TRIAL_DEV_RESILIENCECOCKPIT_LOGGING"
    },
    "isActive" : true,
    "isOptional" : false,
    "propertiesMetadata" : {
      "metadata" : { }
    },
    "parametersMetadata" : {
      "metadata" : { }
    },
    "requiredDependencies" : [ ],
    "processedAfter" : [ ]
  } ],
  "parameters" : {
    "deploy_mode" : "html5-repo",
    "mta-id" : "ResilienceCockpit",
    "authorization-url" : "********",
    "org-guid" : "78e7b825-503f-4bdc-af4e-be86d7f43c8e",
    "org" : "94060551trial",
    "deploy-target" : "94060551trial dev",
    "enable-parallel-deployments" : true,
    "region-primary-domain" : "us10.hana.ondemand.com",
    "space" : "dev",
    "region-domain" : "us10-003.hana.ondemand.com",
    "xs-api-url" : "https://api.cf.us10-003.hana.ondemand.com",
    "deploy-url" : "deploy-service.cfapps.us10-003.hana.ondemand.com",
    "xs-type" : "CF",
    "default-domain" : "cfapps.us10-003.hana.ondemand.com",
    "mta-version" : "1.0.0",
    "xs-auth-url" : "********",
    "space-guid" : "039a1fe6-69a4-4c1e-9b8f-a64d47329d3e",
    "user" : "********",
    "controller-url" : "https://api.cf.us10-003.hana.ondemand.com",
    "timestamp" : "20260828035033"
  },
  "parametersMetadata" : {
    "metadata" : { }
  }
}#
#2026 08 28 03:50:53.641#Z#DEBUG#9f2c2b3d-a293-11f1-9e34-eeee0a9f0b65.OPERATION#flowable-async-job-executor-thread-5404#
[ProcessDescriptorStep] Merged descriptor properties and parameters resolved#
#2026 08 28 03:50:53.641#Z#DEBUG#9f2c2b3d-a293-11f1-9e34-eeee0a9f0b65.OPERATION#flowable-async-job-executor-thread-5404#
Step "Re-Process Descriptor Step" finished#
#2026 08 28 03:50:53.565#Z#DEBUG#9f2c2b3d-a293-11f1-9e34-eeee0a9f0b65.OPERATION#flowable-async-job-executor-thread-1310#
[CheckServiceBindingOperationStep] Executing task "checkForServiceBindingOperationInProgress" of process "aad7afb8-a293-11f1-b31b-eeee0a949a95"...#
#2026 08 28 03:50:53.566#Z#DEBUG#9f2c2b3d-a293-11f1-9e34-eeee0a9f0b65.OPERATION#flowable-async-job-executor-thread-1310#
[CheckServiceBindingOperationStep] Checking for service binding operation in progress between app "ResilienceCockpit-srv" and service instance "ResilienceCockpit-auth"#
#2026 08 28 03:50:53.566#Z#DEBUG#9f2c2b3d-a293-11f1-9e34-eeee0a9f0b65.OPERATION#flowable-async-job-executor-thread-1310#
[CheckServiceBindingOperationStep] Getting application guid "ResilienceCockpit-srv"...#
#2026 08 28 03:50:53.591#Z#DEBUG#9f2c2b3d-a293-11f1-9e34-eeee0a9f0b65.OPERATION#flowable-async-job-executor-thread-1310#
[CheckServiceBindingOperationStep] Getting GUID of required service instance "ResilienceCockpit-auth"...#
#2026 08 28 03:50:53.606#Z#DEBUG#9f2c2b3d-a293-11f1-9e34-eeee0a9f0b65.OPERATION#flowable-async-job-executor-thread-1311#
[CheckServiceBindingOperationStep] Executing task "checkForServiceBindingOperationInProgress" of process "aadda352-a293-11f1-b31b-eeee0a949a95"...#
#2026 08 28 03:50:53.606#Z#DEBUG#9f2c2b3d-a293-11f1-9e34-eeee0a9f0b65.OPERATION#flowable-async-job-executor-thread-1311#
[CheckServiceBindingOperationStep] Checking for service binding operation in progress between app "ResilienceCockpit-srv" and service instance "ResilienceCockpit-db"#
#2026 08 28 03:50:53.607#Z#DEBUG#9f2c2b3d-a293-11f1-9e34-eeee0a9f0b65.OPERATION#flowable-async-job-executor-thread-1311#
[CheckServiceBindingOperationStep] Getting application guid "ResilienceCockpit-srv"...#
#2026 08 28 03:50:53.614#Z#DEBUG#9f2c2b3d-a293-11f1-9e34-eeee0a9f0b65.OPERATION#flowable-async-job-executor-thread-1310#
[CheckServiceBindingOperationStep] Getting binding of service instance "a4201f74-f0ad-456c-947a-8ce52d2ae7ca" with application "846298f7-a9cf-4b9f-a20b-63e370407f6e"...#
#2026 08 28 03:50:53.633#Z#DEBUG#9f2c2b3d-a293-11f1-9e34-eeee0a9f0b65.OPERATION#flowable-async-job-executor-thread-1311#
[CheckServiceBindingOperationStep] Getting GUID of required service instance "ResilienceCockpit-db"...#
#2026 08 28 03:50:53.652#Z#DEBUG#9f2c2b3d-a293-11f1-9e34-eeee0a9f0b65.OPERATION#flowable-async-job-executor-thread-1310#
[CheckServiceBindingOperationStep] Service binding operation "a9804a31-57d6-43a4-9e0b-4d18819ab970" with type "create" is in state "succeeded"#
#2026 08 28 03:50:53.652#Z#DEBUG#9f2c2b3d-a293-11f1-9e34-eeee0a9f0b65.OPERATION#flowable-async-job-executor-thread-1310#
Step "Check For Service Binding Operation In Progress" finished#
#2026 08 28 03:50:53.658#Z#DEBUG#9f2c2b3d-a293-11f1-9e34-eeee0a9f0b65.OPERATION#flowable-async-job-executor-thread-5404#
[BuildApplicationDeployModelStep] Executing task "buildApplicationDeployModelTask" of process "aaddca2b-a293-11f1-ad9c-eeee0a80c268"...#
#2026 08 28 03:50:53.659#Z#DEBUG#9f2c2b3d-a293-11f1-9e34-eeee0a9f0b65.OPERATION#flowable-async-job-executor-thread-5404#
[BuildApplicationDeployModelStep] Building cloud deployment model for application "ResilienceCockpit-db-deployer"...#
#2026 08 28 03:50:53.662#Z#DEBUG#9f2c2b3d-a293-11f1-9e34-eeee0a9f0b65.OPERATION#flowable-async-job-executor-thread-5404#
[BuildApplicationDeployModelStep] No health-check-type is specified. Setting default type: port#
#2026 08 28 03:50:53.663#Z#INFO#9f2c2b3d-a293-11f1-9e34-eeee0a9f0b65.OPERATION#flowable-async-job-executor-thread-5404#
[BuildApplicationDeployModelStep] Building configuration entries for org 94060551trial, space dev, spaceId 039a1fe6-69a4-4c1e-9b8f-a64d47329d3e and namespace null!#
#2026 08 28 03:50:53.664#Z#DEBUG#9f2c2b3d-a293-11f1-9e34-eeee0a9f0b65.OPERATION#flowable-async-job-executor-thread-5404#
[BuildApplicationDeployModelStep] Configuration entries to publish: [ ]#
#2026 08 28 03:50:53.664#Z#DEBUG#9f2c2b3d-a293-11f1-9e34-eeee0a9f0b65.OPERATION#flowable-async-job-executor-thread-5404#
[BuildApplicationDeployModelStep] Cloud deployment model for application built#
#2026 08 28 03:50:53.664#Z#DEBUG#9f2c2b3d-a293-11f1-9e34-eeee0a9f0b65.OPERATION#flowable-async-job-executor-thread-5404#
Step "Build Application Deploy Model" finished#
#2026 08 28 03:50:53.661#Z#DEBUG#9f2c2b3d-a293-11f1-9e34-eeee0a9f0b65.OPERATION#flowable-async-job-executor-thread-1311#
[CheckServiceBindingOperationStep] Getting binding of service instance "793c82c4-0c29-4054-8664-8ad70f1aaf7d" with application "846298f7-a9cf-4b9f-a20b-63e370407f6e"...#
#2026 08 28 03:50:53.698#Z#DEBUG#9f2c2b3d-a293-11f1-9e34-eeee0a9f0b65.OPERATION#flowable-async-job-executor-thread-1311#
[CheckServiceBindingOperationStep] Service binding operation "7af3739a-f0a8-472f-b962-c8d6cfea5843" with type "create" is in state "succeeded"#
#2026 08 28 03:50:53.698#Z#DEBUG#9f2c2b3d-a293-11f1-9e34-eeee0a9f0b65.OPERATION#flowable-async-job-executor-thread-1311#
Step "Check For Service Binding Operation In Progress" finished#
#2026 08 28 03:50:53.671#Z#DEBUG#9f2c2b3d-a293-11f1-9e34-eeee0a9f0b65.OPERATION#flowable-async-job-executor-thread-1310#
[DetermineApplicationServiceBindingActionsStep] Executing task "determineApplicationServiceBindingActionsTask" of process "aad7afb8-a293-11f1-b31b-eeee0a949a95"...#
#2026 08 28 03:50:53.672#Z#DEBUG#9f2c2b3d-a293-11f1-9e34-eeee0a9f0b65.OPERATION#flowable-async-job-executor-thread-1310#
[DetermineApplicationServiceBindingActionsStep] Determine bind/unbind operations of application "ResilienceCockpit-srv" to service instance "ResilienceCockpit-auth"#
#2026 08 28 03:50:53.672#Z#DEBUG#9f2c2b3d-a293-11f1-9e34-eeee0a9f0b65.OPERATION#flowable-async-job-executor-thread-1310#
[DetermineApplicationServiceBindingActionsStep] Getting application "ResilienceCockpit-srv"...#
#2026 08 28 03:50:53.701#Z#DEBUG#9f2c2b3d-a293-11f1-9e34-eeee0a9f0b65.OPERATION#flowable-async-job-executor-thread-1310#
[DetermineApplicationServiceBindingActionsStep] Binding parameters for application "ResilienceCockpit-srv": { }#
#2026 08 28 03:50:53.719#Z#DEBUG#9f2c2b3d-a293-11f1-9e34-eeee0a9f0b65.OPERATION#flowable-async-job-executor-thread-1311#
[DetermineApplicationServiceBindingActionsStep] Executing task "determineApplicationServiceBindingActionsTask" of process "aadda352-a293-11f1-b31b-eeee0a949a95"...#
#2026 08 28 03:50:53.720#Z#DEBUG#9f2c2b3d-a293-11f1-9e34-eeee0a9f0b65.OPERATION#flowable-async-job-executor-thread-1311#
[DetermineApplicationServiceBindingActionsStep] Determine bind/unbind operations of application "ResilienceCockpit-srv" to service instance "ResilienceCockpit-db"#
#2026 08 28 03:50:53.720#Z#DEBUG#9f2c2b3d-a293-11f1-9e34-eeee0a9f0b65.OPERATION#flowable-async-job-executor-thread-1311#
[DetermineApplicationServiceBindingActionsStep] Getting application "ResilienceCockpit-srv"...#
#2026 08 28 03:50:53.734#Z#DEBUG#9f2c2b3d-a293-11f1-9e34-eeee0a9f0b65.OPERATION#flowable-async-job-executor-thread-1310#
[DetermineApplicationServiceBindingActionsStep] Check should rebind application "ResilienceCockpit-srv" and service instance "ResilienceCockpit-auth"#
#2026 08 28 03:50:53.734#Z#DEBUG#9f2c2b3d-a293-11f1-9e34-eeee0a9f0b65.OPERATION#flowable-async-job-executor-thread-1310#
[DetermineApplicationServiceBindingActionsStep] Getting GUID of required service instance "ResilienceCockpit-auth"...#
#2026 08 28 03:50:53.757#Z#DEBUG#9f2c2b3d-a293-11f1-9e34-eeee0a9f0b65.OPERATION#flowable-async-job-executor-thread-1311#
[DetermineApplicationServiceBindingActionsStep] Binding parameters for application "ResilienceCockpit-srv": { }#
#2026 08 28 03:50:53.761#Z#DEBUG#9f2c2b3d-a293-11f1-9e34-eeee0a9f0b65.OPERATION#flowable-async-job-executor-thread-1310#
[DetermineApplicationServiceBindingActionsStep] Getting binding of service instance "a4201f74-f0ad-456c-947a-8ce52d2ae7ca" with application "846298f7-a9cf-4b9f-a20b-63e370407f6e"...#
#2026 08 28 03:50:53.791#Z#DEBUG#9f2c2b3d-a293-11f1-9e34-eeee0a9f0b65.OPERATION#flowable-async-job-executor-thread-1310#
[DetermineApplicationServiceBindingActionsStep] Getting parameters of service binding "a9804a31-57d6-43a4-9e0b-4d18819ab970"...#
#2026 08 28 03:50:53.792#Z#DEBUG#9f2c2b3d-a293-11f1-9e34-eeee0a9f0b65.OPERATION#flowable-async-job-executor-thread-1311#
[DetermineApplicationServiceBindingActionsStep] Check should rebind application "ResilienceCockpit-srv" and service instance "ResilienceCockpit-db"#
#2026 08 28 03:50:53.792#Z#DEBUG#9f2c2b3d-a293-11f1-9e34-eeee0a9f0b65.OPERATION#flowable-async-job-executor-thread-1311#
[DetermineApplicationServiceBindingActionsStep] Getting GUID of required service instance "ResilienceCockpit-db"...#
#2026 08 28 03:50:53.820#Z#WARN#9f2c2b3d-a293-11f1-9e34-eeee0a9f0b65.OPERATION#flowable-async-job-executor-thread-1310#
[DetermineApplicationServiceBindingActionsStep] Cannot retrieve parameters of binding between application "ResilienceCockpit-srv" and service instance "ResilienceCockpit-auth"#
#2026 08 28 03:50:53.821#Z#DEBUG#9f2c2b3d-a293-11f1-9e34-eeee0a9f0b65.OPERATION#flowable-async-job-executor-thread-1310#
[DetermineApplicationServiceBindingActionsStep] Calculated binding operations between application "ResilienceCockpit-srv" and service instance "ResilienceCockpit-auth": unbind - true bind - true#
#2026 08 28 03:50:53.821#Z#DEBUG#9f2c2b3d-a293-11f1-9e34-eeee0a9f0b65.OPERATION#flowable-async-job-executor-thread-1310#
Step "Determine Application Service Binding Actions" finished#
#2026 08 28 03:50:53.543#Z#DEBUG#9f2c2b3d-a293-11f1-9e34-eeee0a9f0b65.OPERATION#flowable-async-job-executor-thread-848#
[SynchronousContentDeployStep] Executing task "synchronousContentDeployTask" of process "aab92b51-a293-11f1-9e34-eeee0a9f0b65"...#
#2026 08 28 03:50:53.544#Z#INFO#9f2c2b3d-a293-11f1-9e34-eeee0a9f0b65.OPERATION#flowable-async-job-executor-thread-848#
[SynchronousContentDeployStep] Deploying content module "ResilienceCockpit-destination-content" in target service "ResilienceCockpit-destination"...#
#2026 08 28 03:50:53.697#Z#DEBUG#9f2c2b3d-a293-11f1-9e34-eeee0a9f0b65.OPERATION#flowable-async-job-executor-thread-848#
[SynchronousContentDeployStep] Processing inline content upload for module: ResilienceCockpit-destination-content#
#2026 08 28 03:50:53.891#Z#DEBUG#9f2c2b3d-a293-11f1-9e34-eeee0a9f0b65.OPERATION#flowable-async-job-executor-thread-848#
Step "Synchronous Deploy" finished#
#2026 08 28 03:50:53.843#Z#DEBUG#9f2c2b3d-a293-11f1-9e34-eeee0a9f0b65.OPERATION#flowable-async-job-executor-thread-1310#
[UnbindServiceFromApplicationStep] Executing task "unbindServiceFromApplicationTask" of process "aad7afb8-a293-11f1-b31b-eeee0a949a95"...#
#2026 08 28 03:50:53.845#Z#INFO#9f2c2b3d-a293-11f1-9e34-eeee0a9f0b65.OPERATION#flowable-async-job-executor-thread-1310#
[UnbindServiceFromApplicationStep] Unbinding service instance "ResilienceCockpit-auth" from application "ResilienceCockpit-srv"...#
#2026 08 28 03:50:53.850#Z#DEBUG#9f2c2b3d-a293-11f1-9e34-eeee0a9f0b65.OPERATION#flowable-async-job-executor-thread-1310#
[UnbindServiceFromApplicationStep] Unbinding application "ResilienceCockpit-srv" from service instance "ResilienceCockpit-auth"...#
#2026 08 28 03:50:53.995#Z#DEBUG#9f2c2b3d-a293-11f1-9e34-eeee0a9f0b65.OPERATION#flowable-async-job-executor-thread-1310#
Step "Unbind Service from Application" finished#
#2026 08 28 03:50:53.844#Z#DEBUG#9f2c2b3d-a293-11f1-9e34-eeee0a9f0b65.OPERATION#flowable-async-job-executor-thread-1311#
[DetermineApplicationServiceBindingActionsStep] Getting binding of service instance "793c82c4-0c29-4054-8664-8ad70f1aaf7d" with application "846298f7-a9cf-4b9f-a20b-63e370407f6e"...#
#2026 08 28 03:50:53.879#Z#DEBUG#9f2c2b3d-a293-11f1-9e34-eeee0a9f0b65.OPERATION#flowable-async-job-executor-thread-1311#
[DetermineApplicationServiceBindingActionsStep] Getting parameters of service binding "7af3739a-f0a8-472f-b962-c8d6cfea5843"...#
#2026 08 28 03:50:54.069#Z#INFO#9f2c2b3d-a293-11f1-9e34-eeee0a9f0b65.OPERATION#flowable-async-job-executor-thread-1311#
[DetermineApplicationServiceBindingActionsStep] Service instance "ResilienceCockpit-db" will not be rebound to application "ResilienceCockpit-srv" because the binding parameters are not modified#
#2026 08 28 03:50:54.072#Z#DEBUG#9f2c2b3d-a293-11f1-9e34-eeee0a9f0b65.OPERATION#flowable-async-job-executor-thread-1311#
[DetermineApplicationServiceBindingActionsStep] Calculated binding operations between application "ResilienceCockpit-srv" and service instance "ResilienceCockpit-db": unbind - false bind - false#
#2026 08 28 03:50:54.072#Z#DEBUG#9f2c2b3d-a293-11f1-9e34-eeee0a9f0b65.OPERATION#flowable-async-job-executor-thread-1311#
Step "Determine Application Service Binding Actions" finished#
#2026 08 28 03:50:53.689#Z#DEBUG#9f2c2b3d-a293-11f1-9e34-eeee0a9f0b65.OPERATION#flowable-async-job-executor-thread-5404#
[CreateOrUpdateAppStep] Executing task "createAppTask" of process "aaddca2b-a293-11f1-ad9c-eeee0a80c268"...#
#2026 08 28 03:50:53.690#Z#DEBUG#9f2c2b3d-a293-11f1-9e34-eeee0a9f0b65.OPERATION#flowable-async-job-executor-thread-5404#
[CreateOrUpdateAppStep] Getting application "ResilienceCockpit-db-deployer"...#
#2026 08 28 03:50:53.711#Z#INFO#9f2c2b3d-a293-11f1-9e34-eeee0a9f0b65.OPERATION#flowable-async-job-executor-thread-5404#
[CreateOrUpdateAppStep] Updating application "ResilienceCockpit-db-deployer"...#
#2026 08 28 03:50:53.715#Z#DEBUG#9f2c2b3d-a293-11f1-9e34-eeee0a9f0b65.OPERATION#flowable-async-job-executor-thread-5404#
[CreateOrUpdateAppStep] Getting process for application "2d23200b-60aa-4519-b7f8-9f40de7a8ecc"...#
#2026 08 28 03:50:53.744#Z#DEBUG#9f2c2b3d-a293-11f1-9e34-eeee0a9f0b65.OPERATION#flowable-async-job-executor-thread-5404#
[CreateOrUpdateAppStep] Getting routes for application "2d23200b-60aa-4519-b7f8-9f40de7a8ecc"...#
#2026 08 28 03:50:53.777#Z#DEBUG#9f2c2b3d-a293-11f1-9e34-eeee0a9f0b65.OPERATION#flowable-async-job-executor-thread-5404#
[CreateOrUpdateAppStep] Getting features for application "2d23200b-60aa-4519-b7f8-9f40de7a8ecc"#
#2026 08 28 03:50:53.798#Z#DEBUG#9f2c2b3d-a293-11f1-9e34-eeee0a9f0b65.OPERATION#flowable-async-job-executor-thread-5404#
[CreateOrUpdateAppStep] Updating staging of application "ResilienceCockpit-db-deployer" to: {
  "buildpacks" : [ "nodejs_buildpack" ],
  "healthCheckType" : "port",
  "appFeatures" : { }
}#
#2026 08 28 03:50:54.018#Z#DEBUG#9f2c2b3d-a293-11f1-9e34-eeee0a9f0b65.OPERATION#flowable-async-job-executor-thread-5404#
[CreateOrUpdateAppStep] Application "ResilienceCockpit-db-deployer" updated#
#2026 08 28 03:50:54.018#Z#DEBUG#9f2c2b3d-a293-11f1-9e34-eeee0a9f0b65.OPERATION#flowable-async-job-executor-thread-5404#
[CreateOrUpdateAppStep] Getting environment of application "2d23200b-60aa-4519-b7f8-9f40de7a8ecc"...#
#2026 08 28 03:50:54.104#Z#DEBUG#9f2c2b3d-a293-11f1-9e34-eeee0a9f0b65.OPERATION#flowable-async-job-executor-thread-5404#
[CreateOrUpdateAppStep] Application "ResilienceCockpit-db-deployer" updated#
#2026 08 28 03:50:54.104#Z#DEBUG#9f2c2b3d-a293-11f1-9e34-eeee0a9f0b65.OPERATION#flowable-async-job-executor-thread-5404#
Step "Create App" finished#
#2026 08 28 03:50:54.163#Z#DEBUG#9f2c2b3d-a293-11f1-9e34-eeee0a9f0b65.OPERATION#flowable-async-job-executor-thread-5404#
[CheckServiceBindingOperationStep] Executing task "checkForServiceBindingOperationInProgress" of process "ab33d9be-a293-11f1-ad9c-eeee0a80c268"...#
#2026 08 28 03:50:54.163#Z#DEBUG#9f2c2b3d-a293-11f1-9e34-eeee0a9f0b65.OPERATION#flowable-async-job-executor-thread-5404#
[CheckServiceBindingOperationStep] Checking for service binding operation in progress between app "ResilienceCockpit-db-deployer" and service instance "ResilienceCockpit-db"#
#2026 08 28 03:50:54.163#Z#DEBUG#9f2c2b3d-a293-11f1-9e34-eeee0a9f0b65.OPERATION#flowable-async-job-executor-thread-5404#
[CheckServiceBindingOperationStep] Getting application guid "ResilienceCockpit-db-deployer"...#
#2026 08 28 03:50:54.191#Z#DEBUG#9f2c2b3d-a293-11f1-9e34-eeee0a9f0b65.OPERATION#flowable-async-job-executor-thread-5404#
[CheckServiceBindingOperationStep] Getting GUID of required service instance "ResilienceCockpit-db"...#
#2026 08 28 03:50:54.220#Z#DEBUG#9f2c2b3d-a293-11f1-9e34-eeee0a9f0b65.OPERATION#flowable-async-job-executor-thread-5404#
[CheckServiceBindingOperationStep] Getting binding of service instance "793c82c4-0c29-4054-8664-8ad70f1aaf7d" with application "2d23200b-60aa-4519-b7f8-9f40de7a8ecc"...#
#2026 08 28 03:50:54.249#Z#DEBUG#9f2c2b3d-a293-11f1-9e34-eeee0a9f0b65.OPERATION#flowable-async-job-executor-thread-5404#
[CheckServiceBindingOperationStep] Service binding operation "2a9f65f0-baa1-4922-a94a-66d6df3eb107" with type "create" is in state "succeeded"#
#2026 08 28 03:50:54.249#Z#DEBUG#9f2c2b3d-a293-11f1-9e34-eeee0a9f0b65.OPERATION#flowable-async-job-executor-thread-5404#
Step "Check For Service Binding Operation In Progress" finished#
#2026 08 28 03:50:54.265#Z#DEBUG#9f2c2b3d-a293-11f1-9e34-eeee0a9f0b65.OPERATION#flowable-async-job-executor-thread-5404#
[DetermineApplicationServiceBindingActionsStep] Executing task "determineApplicationServiceBindingActionsTask" of process "ab33d9be-a293-11f1-ad9c-eeee0a80c268"...#
#2026 08 28 03:50:54.266#Z#DEBUG#9f2c2b3d-a293-11f1-9e34-eeee0a9f0b65.OPERATION#flowable-async-job-executor-thread-5404#
[DetermineApplicationServiceBindingActionsStep] Determine bind/unbind operations of application "ResilienceCockpit-db-deployer" to service instance "ResilienceCockpit-db"#
#2026 08 28 03:50:54.266#Z#DEBUG#9f2c2b3d-a293-11f1-9e34-eeee0a9f0b65.OPERATION#flowable-async-job-executor-thread-5404#
[DetermineApplicationServiceBindingActionsStep] Getting application "ResilienceCockpit-db-deployer"...#
#2026 08 28 03:50:54.311#Z#DEBUG#9f2c2b3d-a293-11f1-9e34-eeee0a9f0b65.OPERATION#flowable-async-job-executor-thread-5404#
[DetermineApplicationServiceBindingActionsStep] Binding parameters for application "ResilienceCockpit-db-deployer": { }#
#2026 08 28 03:50:54.351#Z#DEBUG#9f2c2b3d-a293-11f1-9e34-eeee0a9f0b65.OPERATION#flowable-async-job-executor-thread-5404#
[DetermineApplicationServiceBindingActionsStep] Check should rebind application "ResilienceCockpit-db-deployer" and service instance "ResilienceCockpit-db"#
#2026 08 28 03:50:54.351#Z#DEBUG#9f2c2b3d-a293-11f1-9e34-eeee0a9f0b65.OPERATION#flowable-async-job-executor-thread-5404#
[DetermineApplicationServiceBindingActionsStep] Getting GUID of required service instance "ResilienceCockpit-db"...#
#2026 08 28 03:50:54.382#Z#DEBUG#9f2c2b3d-a293-11f1-9e34-eeee0a9f0b65.OPERATION#flowable-async-job-executor-thread-5404#
[DetermineApplicationServiceBindingActionsStep] Getting binding of service instance "793c82c4-0c29-4054-8664-8ad70f1aaf7d" with application "2d23200b-60aa-4519-b7f8-9f40de7a8ecc"...#
#2026 08 28 03:50:54.407#Z#DEBUG#9f2c2b3d-a293-11f1-9e34-eeee0a9f0b65.OPERATION#flowable-async-job-executor-thread-5404#
[DetermineApplicationServiceBindingActionsStep] Getting parameters of service binding "2a9f65f0-baa1-4922-a94a-66d6df3eb107"...#
#2026 08 28 03:50:54.591#Z#INFO#9f2c2b3d-a293-11f1-9e34-eeee0a9f0b65.OPERATION#flowable-async-job-executor-thread-5404#
[DetermineApplicationServiceBindingActionsStep] Service instance "ResilienceCockpit-db" will not be rebound to application "ResilienceCockpit-db-deployer" because the binding parameters are not modified#
#2026 08 28 03:50:54.594#Z#DEBUG#9f2c2b3d-a293-11f1-9e34-eeee0a9f0b65.OPERATION#flowable-async-job-executor-thread-5404#
[DetermineApplicationServiceBindingActionsStep] Calculated binding operations between application "ResilienceCockpit-db-deployer" and service instance "ResilienceCockpit-db": unbind - false bind - false#
#2026 08 28 03:50:54.594#Z#DEBUG#9f2c2b3d-a293-11f1-9e34-eeee0a9f0b65.OPERATION#flowable-async-job-executor-thread-5404#
Step "Determine Application Service Binding Actions" finished#
#2026 08 28 03:50:54.668#Z#DEBUG#9f2c2b3d-a293-11f1-9e34-eeee0a9f0b65.OPERATION#flowable-async-job-executor-thread-5404#
[DetermineVcapServicesPropertiesChangedStep] Executing task "determineVcapServicesPropertiesChangedTask" of process "ab7faee8-a293-11f1-ad9c-eeee0a80c268"...#
#2026 08 28 03:50:54.669#Z#DEBUG#9f2c2b3d-a293-11f1-9e34-eeee0a9f0b65.OPERATION#flowable-async-job-executor-thread-5404#
[DetermineVcapServicesPropertiesChangedStep] VCAP_SERVICES properties for application "ResilienceCockpit-db-deployer" changed: false#
#2026 08 28 03:50:54.669#Z#DEBUG#9f2c2b3d-a293-11f1-9e34-eeee0a9f0b65.OPERATION#flowable-async-job-executor-thread-5404#
Step "Determine vcap services properties changed" finished#
#2026 08 28 03:50:54.685#Z#DEBUG#9f2c2b3d-a293-11f1-9e34-eeee0a9f0b65.OPERATION#flowable-async-job-executor-thread-5404#
[UploadAppStep] Executing task "uploadAppTask" of process "ab7faee8-a293-11f1-ad9c-eeee0a80c268"...#
#2026 08 28 03:50:54.687#Z#DEBUG#9f2c2b3d-a293-11f1-9e34-eeee0a9f0b65.OPERATION#flowable-async-job-executor-thread-5404#
[UploadAppStep] Application upload timeout is default one: 3,600 seconds#
#2026 08 28 03:50:54.687#Z#INFO#9f2c2b3d-a293-11f1-9e34-eeee0a9f0b65.OPERATION#flowable-async-job-executor-thread-5404#
[UploadAppStep] Uploading application "ResilienceCockpit-db-deployer"...#
#2026 08 28 03:50:54.689#Z#DEBUG#9f2c2b3d-a293-11f1-9e34-eeee0a9f0b65.OPERATION#flowable-async-job-executor-thread-5404#
[UploadAppStep] Getting application "ResilienceCockpit-db-deployer"...#
#2026 08 28 03:50:54.717#Z#DEBUG#9f2c2b3d-a293-11f1-9e34-eeee0a9f0b65.OPERATION#flowable-async-job-executor-thread-5404#
[UploadAppStep] Getting environment of application "2d23200b-60aa-4519-b7f8-9f40de7a8ecc"...#
#2026 08 28 03:50:54.740#Z#INFO#9f2c2b3d-a293-11f1-9e34-eeee0a9f0b65.OPERATION#flowable-async-job-executor-thread-5404#
[UploadAppStep] Calculating application digest: "ResilienceCockpit-db-deployer"#
#2026 08 28 03:50:54.920#Z#DEBUG#9f2c2b3d-a293-11f1-9e34-eeee0a9f0b65.OPERATION#flowable-async-job-executor-thread-5404#
[UploadAppStep] Getting packages for application: "2d23200b-60aa-4519-b7f8-9f40de7a8ecc"#
#2026 08 28 03:50:54.981#Z#DEBUG#9f2c2b3d-a293-11f1-9e34-eeee0a9f0b65.OPERATION#flowable-async-job-executor-thread-5404#
[UploadAppStep] Getting the current droplet for application: "2d23200b-60aa-4519-b7f8-9f40de7a8ecc"#
#2026 08 28 03:50:55.026#Z#DEBUG#9f2c2b3d-a293-11f1-9e34-eeee0a9f0b65.OPERATION#flowable-async-job-executor-thread-5404#
[UploadAppStep] Getting package by id: "20337da9-4257-49fc-ae67-4612c692ef2a"#
#2026 08 28 03:50:55.051#Z#DEBUG#9f2c2b3d-a293-11f1-9e34-eeee0a9f0b65.OPERATION#flowable-async-job-executor-thread-5404#
[UploadAppStep] Getting builds for application "2d23200b-60aa-4519-b7f8-9f40de7a8ecc"...#
#2026 08 28 03:50:55.167#Z#DEBUG#9f2c2b3d-a293-11f1-9e34-eeee0a9f0b65.OPERATION#flowable-async-job-executor-thread-5404#
[UploadAppStep] Getting the current droplet for application: "2d23200b-60aa-4519-b7f8-9f40de7a8ecc"#
#2026 08 28 03:50:55.202#Z#INFO#9f2c2b3d-a293-11f1-9e34-eeee0a9f0b65.OPERATION#flowable-async-job-executor-thread-5404#
[UploadAppStep] Content of application "ResilienceCockpit-db-deployer" is not changed - upload will be skipped.#
#2026 08 28 03:50:55.205#Z#DEBUG#9f2c2b3d-a293-11f1-9e34-eeee0a9f0b65.OPERATION#flowable-async-job-executor-thread-5404#
Step "Upload App" finished#
#2026 08 28 03:50:55.224#Z#DEBUG#9f2c2b3d-a293-11f1-9e34-eeee0a9f0b65.OPERATION#flowable-async-job-executor-thread-5404#
[ScaleAppStep] Executing task "scaleAppTask" of process "ab7faee8-a293-11f1-ad9c-eeee0a80c268"...#
#2026 08 28 03:50:55.225#Z#DEBUG#9f2c2b3d-a293-11f1-9e34-eeee0a9f0b65.OPERATION#flowable-async-job-executor-thread-5404#
[ScaleAppStep] Scaling application "ResilienceCockpit-db-deployer"...#
#2026 08 28 03:50:55.225#Z#DEBUG#9f2c2b3d-a293-11f1-9e34-eeee0a9f0b65.OPERATION#flowable-async-job-executor-thread-5404#
[ScaleAppStep] Getting application guid "ResilienceCockpit-db-deployer"...#
#2026 08 28 03:50:55.255#Z#DEBUG#9f2c2b3d-a293-11f1-9e34-eeee0a9f0b65.OPERATION#flowable-async-job-executor-thread-5404#
[ScaleAppStep] Getting process for application "2d23200b-60aa-4519-b7f8-9f40de7a8ecc"...#
#2026 08 28 03:50:55.282#Z#DEBUG#9f2c2b3d-a293-11f1-9e34-eeee0a9f0b65.OPERATION#flowable-async-job-executor-thread-5404#
[ScaleAppStep] Application "ResilienceCockpit-db-deployer" scaled#
#2026 08 28 03:50:55.282#Z#DEBUG#9f2c2b3d-a293-11f1-9e34-eeee0a9f0b65.OPERATION#flowable-async-job-executor-thread-5404#
Step "Scale App" finished#
#2026 08 28 03:50:55.296#Z#DEBUG#9f2c2b3d-a293-11f1-9e34-eeee0a9f0b65.OPERATION#flowable-async-job-executor-thread-5404#
[DetermineDesiredStateAchievingActionsStep] Executing task "determineDesiredStateAchievingActionsTask" of process "ab7faee8-a293-11f1-ad9c-eeee0a80c268"...#
#2026 08 28 03:50:55.296#Z#DEBUG#9f2c2b3d-a293-11f1-9e34-eeee0a9f0b65.OPERATION#flowable-async-job-executor-thread-5404#
[DetermineDesiredStateAchievingActionsStep] Getting application "ResilienceCockpit-db-deployer"...#
#2026 08 28 03:50:55.334#Z#DEBUG#9f2c2b3d-a293-11f1-9e34-eeee0a9f0b65.OPERATION#flowable-async-job-executor-thread-5404#
[DetermineDesiredStateAchievingActionsStep] Getting instances for application "ResilienceCockpit-db-deployer"...#
#2026 08 28 03:50:55.334#Z#DEBUG#9f2c2b3d-a293-11f1-9e34-eeee0a9f0b65.OPERATION#flowable-async-job-executor-thread-5404#
[DetermineDesiredStateAchievingActionsStep] Getting environment of application "2d23200b-60aa-4519-b7f8-9f40de7a8ecc"...#
#2026 08 28 03:50:55.364#Z#DEBUG#9f2c2b3d-a293-11f1-9e34-eeee0a9f0b65.OPERATION#flowable-async-job-executor-thread-5404#
[DetermineDesiredStateAchievingActionsStep] Current state of application ResilienceCockpit-db-deployer: STOPPED#
#2026 08 28 03:50:55.364#Z#DEBUG#9f2c2b3d-a293-11f1-9e34-eeee0a9f0b65.OPERATION#flowable-async-job-executor-thread-5404#
[DetermineDesiredStateAchievingActionsStep] Desired state of application ResilienceCockpit-db-deployer: STOPPED#
#2026 08 28 03:50:55.364#Z#DEBUG#9f2c2b3d-a293-11f1-9e34-eeee0a9f0b65.OPERATION#flowable-async-job-executor-thread-5404#
[DetermineDesiredStateAchievingActionsStep] Actions that should be executed on application ResilienceCockpit-db-deployer: [STAGE]#
#2026 08 28 03:50:55.364#Z#DEBUG#9f2c2b3d-a293-11f1-9e34-eeee0a9f0b65.OPERATION#flowable-async-job-executor-thread-5404#
Step "Determine Desired State Achieving Actions" finished#
#2026 08 28 03:50:55.381#Z#DEBUG#9f2c2b3d-a293-11f1-9e34-eeee0a9f0b65.OPERATION#flowable-async-job-executor-thread-5404#
[StageAppStep] Executing task "stageAppTask" of process "ab7faee8-a293-11f1-ad9c-eeee0a80c268"...#
#2026 08 28 03:50:55.382#Z#DEBUG#9f2c2b3d-a293-11f1-9e34-eeee0a9f0b65.OPERATION#flowable-async-job-executor-thread-5404#
[StageAppStep] Application stage timeout is default one: 3,600 seconds#
#2026 08 28 03:50:55.383#Z#DEBUG#9f2c2b3d-a293-11f1-9e34-eeee0a9f0b65.OPERATION#flowable-async-job-executor-thread-5404#
Step "Stage App" finished#
#2026 08 28 03:50:55.422#Z#DEBUG#9f2c2b3d-a293-11f1-9e34-eeee0a9f0b65.OPERATION#flowable-async-job-executor-thread-5404#
[PrepareToExecuteTasksStep] Executing task "prepareToExecuteTasksTask" of process "abf49113-a293-11f1-ad9c-eeee0a80c268"...#
#2026 08 28 03:50:55.422#Z#DEBUG#9f2c2b3d-a293-11f1-9e34-eeee0a9f0b65.OPERATION#flowable-async-job-executor-thread-5404#
Step "Prepare To Execute Tasks" finished#
#2026 08 28 03:50:55.438#Z#DEBUG#9f2c2b3d-a293-11f1-9e34-eeee0a9f0b65.OPERATION#flowable-async-job-executor-thread-5404#
[ExecuteTaskStep] Executing task "executeTaskTask" of process "abf49113-a293-11f1-ad9c-eeee0a80c268"...#
#2026 08 28 03:50:55.439#Z#DEBUG#9f2c2b3d-a293-11f1-9e34-eeee0a9f0b65.OPERATION#flowable-async-job-executor-thread-5404#
[ExecuteTaskStep] Application task execution timeout is default one: 43,200 seconds#
#2026 08 28 03:50:55.440#Z#INFO#9f2c2b3d-a293-11f1-9e34-eeee0a9f0b65.OPERATION#flowable-async-job-executor-thread-5404#
[ExecuteTaskStep] Executing task "deploy" on application "ResilienceCockpit-db-deployer"...#
#2026 08 28 03:50:55.442#Z#DEBUG#9f2c2b3d-a293-11f1-9e34-eeee0a9f0b65.OPERATION#flowable-async-job-executor-thread-5404#
[ExecuteTaskStep] Running task on application "ResilienceCockpit-db-deployer": {
  "name" : "deploy",
  "command" : "npm start",
  "limits" : {
    "memory" : 256
  }
}#
#2026 08 28 03:50:55.683#Z#DEBUG#9f2c2b3d-a293-11f1-9e34-eeee0a9f0b65.OPERATION#flowable-async-job-executor-thread-5404#
Step "Execute Task" finished#
#2026 08 28 03:50:55.878#Z#DEBUG#9f2c2b3d-a293-11f1-9e34-eeee0a9f0b65.OPERATION#flowable-async-job-executor-thread-1307#
[CheckServiceBindingOperationStep] Executing task "checkForServiceBindingOperationInProgress" of process "ac393b08-a293-11f1-b31b-eeee0a949a95"...#
#2026 08 28 03:50:55.878#Z#DEBUG#9f2c2b3d-a293-11f1-9e34-eeee0a9f0b65.OPERATION#flowable-async-job-executor-thread-1307#
[CheckServiceBindingOperationStep] Checking for service binding operation in progress between app "ResilienceCockpit-srv" and service instance "ResilienceCockpit-destination"#
#2026 08 28 03:50:55.879#Z#DEBUG#9f2c2b3d-a293-11f1-9e34-eeee0a9f0b65.OPERATION#flowable-async-job-executor-thread-1307#
[CheckServiceBindingOperationStep] Getting application guid "ResilienceCockpit-srv"...#
#2026 08 28 03:50:55.908#Z#DEBUG#9f2c2b3d-a293-11f1-9e34-eeee0a9f0b65.OPERATION#flowable-async-job-executor-thread-1307#
[CheckServiceBindingOperationStep] Getting GUID of required service instance "ResilienceCockpit-destination"...#
#2026 08 28 03:50:55.939#Z#DEBUG#9f2c2b3d-a293-11f1-9e34-eeee0a9f0b65.OPERATION#flowable-async-job-executor-thread-1307#
[CheckServiceBindingOperationStep] Getting binding of service instance "b320a563-1340-4020-8574-566b1e2175a9" with application "846298f7-a9cf-4b9f-a20b-63e370407f6e"...#
#2026 08 28 03:50:55.975#Z#DEBUG#9f2c2b3d-a293-11f1-9e34-eeee0a9f0b65.OPERATION#flowable-async-job-executor-thread-1307#
[CheckServiceBindingOperationStep] Service binding operation "cb68f441-a27d-4eda-8fe3-b56785e77229" with type "create" is in state "succeeded"#
#2026 08 28 03:50:55.975#Z#DEBUG#9f2c2b3d-a293-11f1-9e34-eeee0a9f0b65.OPERATION#flowable-async-job-executor-thread-1307#
Step "Check For Service Binding Operation In Progress" finished#
#2026 08 28 03:50:55.994#Z#DEBUG#9f2c2b3d-a293-11f1-9e34-eeee0a9f0b65.OPERATION#flowable-async-job-executor-thread-1307#
[DetermineApplicationServiceBindingActionsStep] Executing task "determineApplicationServiceBindingActionsTask" of process "ac393b08-a293-11f1-b31b-eeee0a949a95"...#
#2026 08 28 03:50:55.995#Z#DEBUG#9f2c2b3d-a293-11f1-9e34-eeee0a9f0b65.OPERATION#flowable-async-job-executor-thread-1307#
[DetermineApplicationServiceBindingActionsStep] Determine bind/unbind operations of application "ResilienceCockpit-srv" to service instance "ResilienceCockpit-destination"#
#2026 08 28 03:50:55.995#Z#DEBUG#9f2c2b3d-a293-11f1-9e34-eeee0a9f0b65.OPERATION#flowable-async-job-executor-thread-1307#
[DetermineApplicationServiceBindingActionsStep] Getting application "ResilienceCockpit-srv"...#
#2026 08 28 03:50:56.025#Z#DEBUG#9f2c2b3d-a293-11f1-9e34-eeee0a9f0b65.OPERATION#flowable-async-job-executor-thread-1307#
[DetermineApplicationServiceBindingActionsStep] Binding parameters for application "ResilienceCockpit-srv": { }#
#2026 08 28 03:50:56.070#Z#DEBUG#9f2c2b3d-a293-11f1-9e34-eeee0a9f0b65.OPERATION#flowable-async-job-executor-thread-1307#
[DetermineApplicationServiceBindingActionsStep] Check should rebind application "ResilienceCockpit-srv" and service instance "ResilienceCockpit-destination"#
#2026 08 28 03:50:56.070#Z#DEBUG#9f2c2b3d-a293-11f1-9e34-eeee0a9f0b65.OPERATION#flowable-async-job-executor-thread-1307#
[DetermineApplicationServiceBindingActionsStep] Getting GUID of required service instance "ResilienceCockpit-destination"...#
#2026 08 28 03:50:56.098#Z#DEBUG#9f2c2b3d-a293-11f1-9e34-eeee0a9f0b65.OPERATION#flowable-async-job-executor-thread-1307#
[DetermineApplicationServiceBindingActionsStep] Getting binding of service instance "b320a563-1340-4020-8574-566b1e2175a9" with application "846298f7-a9cf-4b9f-a20b-63e370407f6e"...#
#2026 08 28 03:50:56.127#Z#DEBUG#9f2c2b3d-a293-11f1-9e34-eeee0a9f0b65.OPERATION#flowable-async-job-executor-thread-1307#
[DetermineApplicationServiceBindingActionsStep] Getting parameters of service binding "cb68f441-a27d-4eda-8fe3-b56785e77229"...#
#2026 08 28 03:50:56.160#Z#WARN#9f2c2b3d-a293-11f1-9e34-eeee0a9f0b65.OPERATION#flowable-async-job-executor-thread-1307#
[DetermineApplicationServiceBindingActionsStep] Cannot retrieve parameters of binding between application "ResilienceCockpit-srv" and service instance "ResilienceCockpit-destination"#
#2026 08 28 03:50:56.161#Z#DEBUG#9f2c2b3d-a293-11f1-9e34-eeee0a9f0b65.OPERATION#flowable-async-job-executor-thread-1307#
[DetermineApplicationServiceBindingActionsStep] Calculated binding operations between application "ResilienceCockpit-srv" and service instance "ResilienceCockpit-destination": unbind - true bind - true#
#2026 08 28 03:50:56.161#Z#DEBUG#9f2c2b3d-a293-11f1-9e34-eeee0a9f0b65.OPERATION#flowable-async-job-executor-thread-1307#
Step "Determine Application Service Binding Actions" finished#
#2026 08 28 03:50:56.099#Z#DEBUG#9f2c2b3d-a293-11f1-9e34-eeee0a9f0b65.OPERATION#flowable-async-job-executor-thread-852#
[CheckServiceBindingOperationStep] Executing task "checkForServiceBindingOperationInProgress" of process "ac58d1c7-a293-11f1-9e34-eeee0a9f0b65"...#
#2026 08 28 03:50:56.099#Z#DEBUG#9f2c2b3d-a293-11f1-9e34-eeee0a9f0b65.OPERATION#flowable-async-job-executor-thread-852#
[CheckServiceBindingOperationStep] Checking for service binding operation in progress between app "ResilienceCockpit-srv" and service instance "ResilienceCockpit-logging"#
#2026 08 28 03:50:56.100#Z#DEBUG#9f2c2b3d-a293-11f1-9e34-eeee0a9f0b65.OPERATION#flowable-async-job-executor-thread-852#
[CheckServiceBindingOperationStep] Getting application guid "ResilienceCockpit-srv"...#
#2026 08 28 03:50:56.131#Z#DEBUG#9f2c2b3d-a293-11f1-9e34-eeee0a9f0b65.OPERATION#flowable-async-job-executor-thread-852#
[CheckServiceBindingOperationStep] Getting GUID of required service instance "ResilienceCockpit-logging"...#
#2026 08 28 03:50:56.160#Z#DEBUG#9f2c2b3d-a293-11f1-9e34-eeee0a9f0b65.OPERATION#flowable-async-job-executor-thread-852#
[CheckServiceBindingOperationStep] Getting binding of service instance "336ec7d3-cd56-4076-bb50-7f23f8654af2" with application "846298f7-a9cf-4b9f-a20b-63e370407f6e"...#
#2026 08 28 03:50:56.192#Z#DEBUG#9f2c2b3d-a293-11f1-9e34-eeee0a9f0b65.OPERATION#flowable-async-job-executor-thread-852#
[CheckServiceBindingOperationStep] Service binding operation "1ddf6f4c-7b74-4696-80fc-9e7e656bc57b" with type "create" is in state "succeeded"#
#2026 08 28 03:50:56.192#Z#DEBUG#9f2c2b3d-a293-11f1-9e34-eeee0a9f0b65.OPERATION#flowable-async-job-executor-thread-852#
Step "Check For Service Binding Operation In Progress" finished#
#2026 08 28 03:50:56.185#Z#DEBUG#9f2c2b3d-a293-11f1-9e34-eeee0a9f0b65.OPERATION#flowable-async-job-executor-thread-1307#
[UnbindServiceFromApplicationStep] Executing task "unbindServiceFromApplicationTask" of process "ac393b08-a293-11f1-b31b-eeee0a949a95"...#
#2026 08 28 03:50:56.186#Z#INFO#9f2c2b3d-a293-11f1-9e34-eeee0a9f0b65.OPERATION#flowable-async-job-executor-thread-1307#
[UnbindServiceFromApplicationStep] Unbinding service instance "ResilienceCockpit-destination" from application "ResilienceCockpit-srv"...#
#2026 08 28 03:50:56.189#Z#DEBUG#9f2c2b3d-a293-11f1-9e34-eeee0a9f0b65.OPERATION#flowable-async-job-executor-thread-1307#
[UnbindServiceFromApplicationStep] Unbinding application "ResilienceCockpit-srv" from service instance "ResilienceCockpit-destination"...#
#2026 08 28 03:50:56.333#Z#DEBUG#9f2c2b3d-a293-11f1-9e34-eeee0a9f0b65.OPERATION#flowable-async-job-executor-thread-1307#
Step "Unbind Service from Application" finished#
#2026 08 28 03:50:56.223#Z#DEBUG#9f2c2b3d-a293-11f1-9e34-eeee0a9f0b65.OPERATION#flowable-async-job-executor-thread-853#
[DetermineApplicationServiceBindingActionsStep] Executing task "determineApplicationServiceBindingActionsTask" of process "ac58d1c7-a293-11f1-9e34-eeee0a9f0b65"...#
#2026 08 28 03:50:56.226#Z#DEBUG#9f2c2b3d-a293-11f1-9e34-eeee0a9f0b65.OPERATION#flowable-async-job-executor-thread-853#
[DetermineApplicationServiceBindingActionsStep] Determine bind/unbind operations of application "ResilienceCockpit-srv" to service instance "ResilienceCockpit-logging"#
#2026 08 28 03:50:56.226#Z#DEBUG#9f2c2b3d-a293-11f1-9e34-eeee0a9f0b65.OPERATION#flowable-async-job-executor-thread-853#
[DetermineApplicationServiceBindingActionsStep] Getting application "ResilienceCockpit-srv"...#
#2026 08 28 03:50:56.259#Z#DEBUG#9f2c2b3d-a293-11f1-9e34-eeee0a9f0b65.OPERATION#flowable-async-job-executor-thread-853#
[DetermineApplicationServiceBindingActionsStep] Binding parameters for application "ResilienceCockpit-srv": { }#
#2026 08 28 03:50:56.290#Z#DEBUG#9f2c2b3d-a293-11f1-9e34-eeee0a9f0b65.OPERATION#flowable-async-job-executor-thread-853#
[DetermineApplicationServiceBindingActionsStep] Check should rebind application "ResilienceCockpit-srv" and service instance "ResilienceCockpit-logging"#
#2026 08 28 03:50:56.290#Z#DEBUG#9f2c2b3d-a293-11f1-9e34-eeee0a9f0b65.OPERATION#flowable-async-job-executor-thread-853#
[DetermineApplicationServiceBindingActionsStep] Getting GUID of required service instance "ResilienceCockpit-logging"...#
#2026 08 28 03:50:56.319#Z#DEBUG#9f2c2b3d-a293-11f1-9e34-eeee0a9f0b65.OPERATION#flowable-async-job-executor-thread-853#
[DetermineApplicationServiceBindingActionsStep] Getting binding of service instance "336ec7d3-cd56-4076-bb50-7f23f8654af2" with application "846298f7-a9cf-4b9f-a20b-63e370407f6e"...#
#2026 08 28 03:50:56.355#Z#DEBUG#9f2c2b3d-a293-11f1-9e34-eeee0a9f0b65.OPERATION#flowable-async-job-executor-thread-853#
[DetermineApplicationServiceBindingActionsStep] Getting parameters of service binding "1ddf6f4c-7b74-4696-80fc-9e7e656bc57b"...#
#2026 08 28 03:50:56.383#Z#WARN#9f2c2b3d-a293-11f1-9e34-eeee0a9f0b65.OPERATION#flowable-async-job-executor-thread-853#
[DetermineApplicationServiceBindingActionsStep] Cannot retrieve parameters of binding between application "ResilienceCockpit-srv" and service instance "ResilienceCockpit-logging"#
#2026 08 28 03:50:56.384#Z#DEBUG#9f2c2b3d-a293-11f1-9e34-eeee0a9f0b65.OPERATION#flowable-async-job-executor-thread-853#
[DetermineApplicationServiceBindingActionsStep] Calculated binding operations between application "ResilienceCockpit-srv" and service instance "ResilienceCockpit-logging": unbind - true bind - true#
#2026 08 28 03:50:56.384#Z#DEBUG#9f2c2b3d-a293-11f1-9e34-eeee0a9f0b65.OPERATION#flowable-async-job-executor-thread-853#
Step "Determine Application Service Binding Actions" finished#
#2026 08 28 03:50:56.420#Z#DEBUG#9f2c2b3d-a293-11f1-9e34-eeee0a9f0b65.OPERATION#flowable-async-job-executor-thread-853#
[UnbindServiceFromApplicationStep] Executing task "unbindServiceFromApplicationTask" of process "ac58d1c7-a293-11f1-9e34-eeee0a9f0b65"...#
#2026 08 28 03:50:56.422#Z#INFO#9f2c2b3d-a293-11f1-9e34-eeee0a9f0b65.OPERATION#flowable-async-job-executor-thread-853#
[UnbindServiceFromApplicationStep] Unbinding service instance "ResilienceCockpit-logging" from application "ResilienceCockpit-srv"...#
#2026 08 28 03:50:56.426#Z#DEBUG#9f2c2b3d-a293-11f1-9e34-eeee0a9f0b65.OPERATION#flowable-async-job-executor-thread-853#
[UnbindServiceFromApplicationStep] Unbinding application "ResilienceCockpit-srv" from service instance "ResilienceCockpit-logging"...#
#2026 08 28 03:50:56.555#Z#DEBUG#9f2c2b3d-a293-11f1-9e34-eeee0a9f0b65.OPERATION#flowable-async-job-executor-thread-853#
Step "Unbind Service from Application" finished#
#2026 08 28 03:50:56.615#Z#DEBUG#9f2c2b3d-a293-11f1-9e34-eeee0a9f0b65.OPERATION#flowable-async-job-executor-thread-5410#
[CheckServiceBindingOperationStep] Executing task "checkForServiceBindingOperationInProgress" of process "aca8ed32-a293-11f1-ad9c-eeee0a80c268"...#
#2026 08 28 03:50:56.615#Z#DEBUG#9f2c2b3d-a293-11f1-9e34-eeee0a9f0b65.OPERATION#flowable-async-job-executor-thread-5410#
[CheckServiceBindingOperationStep] Checking for service binding operation in progress between app "ResilienceCockpit-srv" and service instance "ResilienceCockpit-connectivity"#
#2026 08 28 03:50:56.615#Z#DEBUG#9f2c2b3d-a293-11f1-9e34-eeee0a9f0b65.OPERATION#flowable-async-job-executor-thread-5410#
[CheckServiceBindingOperationStep] Getting application guid "ResilienceCockpit-srv"...#
#2026 08 28 03:50:56.652#Z#DEBUG#9f2c2b3d-a293-11f1-9e34-eeee0a9f0b65.OPERATION#flowable-async-job-executor-thread-5410#
[CheckServiceBindingOperationStep] Getting GUID of required service instance "ResilienceCockpit-connectivity"...#
#2026 08 28 03:50:56.677#Z#DEBUG#9f2c2b3d-a293-11f1-9e34-eeee0a9f0b65.OPERATION#flowable-async-job-executor-thread-5410#
[CheckServiceBindingOperationStep] Getting binding of service instance "57ce73c3-9d98-4630-a914-bb3fe51155dc" with application "846298f7-a9cf-4b9f-a20b-63e370407f6e"...#
#2026 08 28 03:50:56.704#Z#DEBUG#9f2c2b3d-a293-11f1-9e34-eeee0a9f0b65.OPERATION#flowable-async-job-executor-thread-5410#
[CheckServiceBindingOperationStep] Service binding operation "f72a2101-36fb-442c-94ad-2a15635b7492" with type "create" is in state "succeeded"#
#2026 08 28 03:50:56.705#Z#DEBUG#9f2c2b3d-a293-11f1-9e34-eeee0a9f0b65.OPERATION#flowable-async-job-executor-thread-5410#
Step "Check For Service Binding Operation In Progress" finished#
#2026 08 28 03:50:56.723#Z#DEBUG#9f2c2b3d-a293-11f1-9e34-eeee0a9f0b65.OPERATION#flowable-async-job-executor-thread-5410#
[DetermineApplicationServiceBindingActionsStep] Executing task "determineApplicationServiceBindingActionsTask" of process "aca8ed32-a293-11f1-ad9c-eeee0a80c268"...#
#2026 08 28 03:50:56.724#Z#DEBUG#9f2c2b3d-a293-11f1-9e34-eeee0a9f0b65.OPERATION#flowable-async-job-executor-thread-5410#
[DetermineApplicationServiceBindingActionsStep] Determine bind/unbind operations of application "ResilienceCockpit-srv" to service instance "ResilienceCockpit-connectivity"#
#2026 08 28 03:50:56.724#Z#DEBUG#9f2c2b3d-a293-11f1-9e34-eeee0a9f0b65.OPERATION#flowable-async-job-executor-thread-5410#
[DetermineApplicationServiceBindingActionsStep] Getting application "ResilienceCockpit-srv"...#
#2026 08 28 03:50:56.755#Z#DEBUG#9f2c2b3d-a293-11f1-9e34-eeee0a9f0b65.OPERATION#flowable-async-job-executor-thread-5410#
[DetermineApplicationServiceBindingActionsStep] Binding parameters for application "ResilienceCockpit-srv": { }#
#2026 08 28 03:50:56.789#Z#DEBUG#9f2c2b3d-a293-11f1-9e34-eeee0a9f0b65.OPERATION#flowable-async-job-executor-thread-5410#
[DetermineApplicationServiceBindingActionsStep] Check should rebind application "ResilienceCockpit-srv" and service instance "ResilienceCockpit-connectivity"#
#2026 08 28 03:50:56.789#Z#DEBUG#9f2c2b3d-a293-11f1-9e34-eeee0a9f0b65.OPERATION#flowable-async-job-executor-thread-5410#
[DetermineApplicationServiceBindingActionsStep] Getting GUID of required service instance "ResilienceCockpit-connectivity"...#
#2026 08 28 03:50:56.834#Z#DEBUG#9f2c2b3d-a293-11f1-9e34-eeee0a9f0b65.OPERATION#flowable-async-job-executor-thread-5410#
[DetermineApplicationServiceBindingActionsStep] Getting binding of service instance "57ce73c3-9d98-4630-a914-bb3fe51155dc" with application "846298f7-a9cf-4b9f-a20b-63e370407f6e"...#
#2026 08 28 03:50:56.869#Z#DEBUG#9f2c2b3d-a293-11f1-9e34-eeee0a9f0b65.OPERATION#flowable-async-job-executor-thread-5410#
[DetermineApplicationServiceBindingActionsStep] Getting parameters of service binding "f72a2101-36fb-442c-94ad-2a15635b7492"...#
#2026 08 28 03:50:56.903#Z#WARN#9f2c2b3d-a293-11f1-9e34-eeee0a9f0b65.OPERATION#flowable-async-job-executor-thread-5410#
[DetermineApplicationServiceBindingActionsStep] Cannot retrieve parameters of binding between application "ResilienceCockpit-srv" and service instance "ResilienceCockpit-connectivity"#
#2026 08 28 03:50:56.903#Z#DEBUG#9f2c2b3d-a293-11f1-9e34-eeee0a9f0b65.OPERATION#flowable-async-job-executor-thread-5410#
[DetermineApplicationServiceBindingActionsStep] Calculated binding operations between application "ResilienceCockpit-srv" and service instance "ResilienceCockpit-connectivity": unbind - true bind - true#
#2026 08 28 03:50:56.903#Z#DEBUG#9f2c2b3d-a293-11f1-9e34-eeee0a9f0b65.OPERATION#flowable-async-job-executor-thread-5410#
Step "Determine Application Service Binding Actions" finished#
#2026 08 28 03:50:56.924#Z#DEBUG#9f2c2b3d-a293-11f1-9e34-eeee0a9f0b65.OPERATION#flowable-async-job-executor-thread-5410#
[UnbindServiceFromApplicationStep] Executing task "unbindServiceFromApplicationTask" of process "aca8ed32-a293-11f1-ad9c-eeee0a80c268"...#
#2026 08 28 03:50:56.925#Z#INFO#9f2c2b3d-a293-11f1-9e34-eeee0a9f0b65.OPERATION#flowable-async-job-executor-thread-5410#
[UnbindServiceFromApplicationStep] Unbinding service instance "ResilienceCockpit-connectivity" from application "ResilienceCockpit-srv"...#
#2026 08 28 03:50:56.927#Z#DEBUG#9f2c2b3d-a293-11f1-9e34-eeee0a9f0b65.OPERATION#flowable-async-job-executor-thread-5410#
[UnbindServiceFromApplicationStep] Unbinding application "ResilienceCockpit-srv" from service instance "ResilienceCockpit-connectivity"...#
#2026 08 28 03:50:57.047#Z#DEBUG#9f2c2b3d-a293-11f1-9e34-eeee0a9f0b65.OPERATION#flowable-async-job-executor-thread-5410#
Step "Unbind Service from Application" finished#
#2026 08 28 03:51:00.901#Z#DEBUG#9f2c2b3d-a293-11f1-9e34-eeee0a9f0b65.OPERATION#flowable-async-job-executor-thread-5414#
[UnbindServiceFromApplicationStep] Executing task "unbindServiceFromApplicationTask" of process "aad7afb8-a293-11f1-b31b-eeee0a949a95"...#
#2026 08 28 03:51:00.902#Z#DEBUG#9f2c2b3d-a293-11f1-9e34-eeee0a9f0b65.OPERATION#flowable-async-job-executor-thread-5414#
[UnbindServiceFromApplicationStep] Getting async job "657cacd8-7498-4292-b0d1-c115d19e6abe"#
#2026 08 28 03:51:00.927#Z#DEBUG#9f2c2b3d-a293-11f1-9e34-eeee0a9f0b65.OPERATION#flowable-async-job-executor-thread-5414#
[UnbindServiceFromApplicationStep] Getting service instance "ResilienceCockpit-auth"...#
#2026 08 28 03:51:01.013#Z#DEBUG#9f2c2b3d-a293-11f1-9e34-eeee0a9f0b65.OPERATION#flowable-async-job-executor-thread-5414#
[UnbindServiceFromApplicationStep] Async service binding operation with id "657cacd8-7498-4292-b0d1-c115d19e6abe" finished#
#2026 08 28 03:51:01.014#Z#DEBUG#9f2c2b3d-a293-11f1-9e34-eeee0a9f0b65.OPERATION#flowable-async-job-executor-thread-5414#
Step "Unbind Service from Application" finished#
#2026 08 28 03:51:00.910#Z#DEBUG#9f2c2b3d-a293-11f1-9e34-eeee0a9f0b65.OPERATION#flowable-async-job-executor-thread-5415#
[ExecuteTaskStep] Executing task "executeTaskTask" of process "abf49113-a293-11f1-ad9c-eeee0a80c268"...#
#2026 08 28 03:51:00.912#Z#DEBUG#9f2c2b3d-a293-11f1-9e34-eeee0a9f0b65.OPERATION#flowable-async-job-executor-thread-5415#
[ExecuteTaskStep] Application task execution timeout is default one: 43,200 seconds#
#2026 08 28 03:51:00.913#Z#DEBUG#9f2c2b3d-a293-11f1-9e34-eeee0a9f0b65.OPERATION#flowable-async-job-executor-thread-5415#
[ExecuteTaskStep] Getting task "24efab2c-ca24-42ad-98d6-e9b808418e75"...#
#2026 08 28 03:51:00.947#Z#DEBUG#9f2c2b3d-a293-11f1-9e34-eeee0a9f0b65.OPERATION#flowable-async-job-executor-thread-5415#
[ExecuteTaskStep] Task execution status: running#
#2026 08 28 03:51:00.948#Z#DEBUG#9f2c2b3d-a293-11f1-9e34-eeee0a9f0b65.OPERATION#flowable-async-job-executor-thread-5415#
[ExecuteTaskStep] Getting application guid "ResilienceCockpit-db-deployer"...#
#2026 08 28 03:51:01.038#Z#DEBUG#9f2c2b3d-a293-11f1-9e34-eeee0a9f0b65.OPERATION#flowable-async-job-executor-thread-5415#
Step "Execute Task" finished#
#2026 08 28 03:51:01.034#Z#DEBUG#9f2c2b3d-a293-11f1-9e34-eeee0a9f0b65.OPERATION#flowable-async-job-executor-thread-5416#
[BindServiceToApplicationStep] Executing task "bindServiceToApplicationTask" of process "aad7afb8-a293-11f1-b31b-eeee0a949a95"...#
#2026 08 28 03:51:01.035#Z#INFO#9f2c2b3d-a293-11f1-9e34-eeee0a9f0b65.OPERATION#flowable-async-job-executor-thread-5416#
[BindServiceToApplicationStep] Binding service instance "ResilienceCockpit-auth" to application "ResilienceCockpit-srv"...#
#2026 08 28 03:51:01.038#Z#DEBUG#9f2c2b3d-a293-11f1-9e34-eeee0a9f0b65.OPERATION#flowable-async-job-executor-thread-5416#
[BindServiceToApplicationStep] Binding service instance "ResilienceCockpit-auth" to application "ResilienceCockpit-srv" with parameters: { }#
#2026 08 28 03:51:01.148#Z#DEBUG#9f2c2b3d-a293-11f1-9e34-eeee0a9f0b65.OPERATION#flowable-async-job-executor-thread-5416#
Step "Bind Service to Application" finished#
#2026 08 28 03:51:00.887#Z#DEBUG#9f2c2b3d-a293-11f1-9e34-eeee0a9f0b65.OPERATION#flowable-async-job-executor-thread-5411#
[StartContentDeployStep] Executing task "startContentDeployTask" of process "a99e458f-a293-11f1-ad9c-eeee0a80c268"...#
#2026 08 28 03:51:00.888#Z#DEBUG#9f2c2b3d-a293-11f1-9e34-eeee0a9f0b65.OPERATION#flowable-async-job-executor-thread-5411#
[StartContentDeployStep] Checking status of module content deployment "ResilienceCockpit-app-deployer" in service "ResilienceCockpit-html5-repo-host"...#
#2026 08 28 03:51:01.387#Z#DEBUG#9f2c2b3d-a293-11f1-9e34-eeee0a9f0b65.OPERATION#flowable-async-job-executor-thread-5411#
[StartContentDeployStep] Deleting content deployment resource "83890291-85ed-4e60-91c0-53d52e46c729"...#
#2026 08 28 03:51:01.421#Z#DEBUG#9f2c2b3d-a293-11f1-9e34-eeee0a9f0b65.OPERATION#flowable-async-job-executor-thread-5411#
Step "Start Content Deploy" finished#
#2026 08 28 03:51:03.018#Z#DEBUG#9f2c2b3d-a293-11f1-9e34-eeee0a9f0b65.OPERATION#flowable-async-job-executor-thread-858#
[UnbindServiceFromApplicationStep] Executing task "unbindServiceFromApplicationTask" of process "ac58d1c7-a293-11f1-9e34-eeee0a9f0b65"...#
#2026 08 28 03:51:03.021#Z#DEBUG#9f2c2b3d-a293-11f1-9e34-eeee0a9f0b65.OPERATION#flowable-async-job-executor-thread-857#
[UnbindServiceFromApplicationStep] Executing task "unbindServiceFromApplicationTask" of process "ac393b08-a293-11f1-b31b-eeee0a949a95"...#
#2026 08 28 03:51:03.021#Z#DEBUG#9f2c2b3d-a293-11f1-9e34-eeee0a9f0b65.OPERATION#flowable-async-job-executor-thread-858#
[UnbindServiceFromApplicationStep] Getting async job "009227a3-9f6a-482b-9505-0c595d297ef3"#
#2026 08 28 03:51:03.024#Z#DEBUG#9f2c2b3d-a293-11f1-9e34-eeee0a9f0b65.OPERATION#flowable-async-job-executor-thread-857#
[UnbindServiceFromApplicationStep] Getting async job "9f52f45d-3608-4062-831a-54439c17e297"#
#2026 08 28 03:51:03.027#Z#DEBUG#9f2c2b3d-a293-11f1-9e34-eeee0a9f0b65.OPERATION#flowable-async-job-executor-thread-859#
[UnbindServiceFromApplicationStep] Executing task "unbindServiceFromApplicationTask" of process "aca8ed32-a293-11f1-ad9c-eeee0a80c268"...#
#2026 08 28 03:51:03.030#Z#DEBUG#9f2c2b3d-a293-11f1-9e34-eeee0a9f0b65.OPERATION#flowable-async-job-executor-thread-859#
[UnbindServiceFromApplicationStep] Getting async job "b3e3b83d-eadf-4490-b824-3257a08c1127"#
#2026 08 28 03:51:03.049#Z#DEBUG#9f2c2b3d-a293-11f1-9e34-eeee0a9f0b65.OPERATION#flowable-async-job-executor-thread-857#
[UnbindServiceFromApplicationStep] Getting service instance "ResilienceCockpit-destination"...#
#2026 08 28 03:51:03.051#Z#DEBUG#9f2c2b3d-a293-11f1-9e34-eeee0a9f0b65.OPERATION#flowable-async-job-executor-thread-859#
[UnbindServiceFromApplicationStep] Getting service instance "ResilienceCockpit-connectivity"...#
#2026 08 28 03:51:03.052#Z#DEBUG#9f2c2b3d-a293-11f1-9e34-eeee0a9f0b65.OPERATION#flowable-async-job-executor-thread-858#
[UnbindServiceFromApplicationStep] Getting service instance "ResilienceCockpit-logging"...#
#2026 08 28 03:51:03.132#Z#DEBUG#9f2c2b3d-a293-11f1-9e34-eeee0a9f0b65.OPERATION#flowable-async-job-executor-thread-857#
[UnbindServiceFromApplicationStep] Async service binding operation with id "9f52f45d-3608-4062-831a-54439c17e297" finished#
#2026 08 28 03:51:03.135#Z#DEBUG#9f2c2b3d-a293-11f1-9e34-eeee0a9f0b65.OPERATION#flowable-async-job-executor-thread-857#
Step "Unbind Service from Application" finished#
#2026 08 28 03:51:03.137#Z#DEBUG#9f2c2b3d-a293-11f1-9e34-eeee0a9f0b65.OPERATION#flowable-async-job-executor-thread-859#
[UnbindServiceFromApplicationStep] Async service binding operation with id "b3e3b83d-eadf-4490-b824-3257a08c1127" finished#
#2026 08 28 03:51:03.140#Z#DEBUG#9f2c2b3d-a293-11f1-9e34-eeee0a9f0b65.OPERATION#flowable-async-job-executor-thread-859#
Step "Unbind Service from Application" finished#
#2026 08 28 03:51:03.143#Z#DEBUG#9f2c2b3d-a293-11f1-9e34-eeee0a9f0b65.OPERATION#flowable-async-job-executor-thread-858#
[UnbindServiceFromApplicationStep] Async service binding operation with id "009227a3-9f6a-482b-9505-0c595d297ef3" finished#
#2026 08 28 03:51:03.146#Z#DEBUG#9f2c2b3d-a293-11f1-9e34-eeee0a9f0b65.OPERATION#flowable-async-job-executor-thread-858#
Step "Unbind Service from Application" finished#
#2026 08 28 03:51:03.178#Z#DEBUG#9f2c2b3d-a293-11f1-9e34-eeee0a9f0b65.OPERATION#flowable-async-job-executor-thread-860#
[BindServiceToApplicationStep] Executing task "bindServiceToApplicationTask" of process "ac393b08-a293-11f1-b31b-eeee0a949a95"...#
#2026 08 28 03:51:03.180#Z#INFO#9f2c2b3d-a293-11f1-9e34-eeee0a9f0b65.OPERATION#flowable-async-job-executor-thread-860#
[BindServiceToApplicationStep] Binding service instance "ResilienceCockpit-destination" to application "ResilienceCockpit-srv"...#
#2026 08 28 03:51:03.180#Z#DEBUG#9f2c2b3d-a293-11f1-9e34-eeee0a9f0b65.OPERATION#flowable-async-job-executor-thread-861#
[BindServiceToApplicationStep] Executing task "bindServiceToApplicationTask" of process "aca8ed32-a293-11f1-ad9c-eeee0a80c268"...#
#2026 08 28 03:51:03.182#Z#DEBUG#9f2c2b3d-a293-11f1-9e34-eeee0a9f0b65.OPERATION#flowable-async-job-executor-thread-858#
[BindServiceToApplicationStep] Executing task "bindServiceToApplicationTask" of process "ac58d1c7-a293-11f1-9e34-eeee0a9f0b65"...#
#2026 08 28 03:51:03.182#Z#INFO#9f2c2b3d-a293-11f1-9e34-eeee0a9f0b65.OPERATION#flowable-async-job-executor-thread-861#
[BindServiceToApplicationStep] Binding service instance "ResilienceCockpit-connectivity" to application "ResilienceCockpit-srv"...#
#2026 08 28 03:51:03.184#Z#INFO#9f2c2b3d-a293-11f1-9e34-eeee0a9f0b65.OPERATION#flowable-async-job-executor-thread-858#
[BindServiceToApplicationStep] Binding service instance "ResilienceCockpit-logging" to application "ResilienceCockpit-srv"...#
#2026 08 28 03:51:03.186#Z#DEBUG#9f2c2b3d-a293-11f1-9e34-eeee0a9f0b65.OPERATION#flowable-async-job-executor-thread-860#
[BindServiceToApplicationStep] Binding service instance "ResilienceCockpit-destination" to application "ResilienceCockpit-srv" with parameters: { }#
#2026 08 28 03:51:03.188#Z#DEBUG#9f2c2b3d-a293-11f1-9e34-eeee0a9f0b65.OPERATION#flowable-async-job-executor-thread-861#
[BindServiceToApplicationStep] Binding service instance "ResilienceCockpit-connectivity" to application "ResilienceCockpit-srv" with parameters: { }#
#2026 08 28 03:51:03.190#Z#DEBUG#9f2c2b3d-a293-11f1-9e34-eeee0a9f0b65.OPERATION#flowable-async-job-executor-thread-858#
[BindServiceToApplicationStep] Binding service instance "ResilienceCockpit-logging" to application "ResilienceCockpit-srv" with parameters: { }#
#2026 08 28 03:51:03.307#Z#DEBUG#9f2c2b3d-a293-11f1-9e34-eeee0a9f0b65.OPERATION#flowable-async-job-executor-thread-860#
Step "Bind Service to Application" finished#
#2026 08 28 03:51:03.331#Z#DEBUG#9f2c2b3d-a293-11f1-9e34-eeee0a9f0b65.OPERATION#flowable-async-job-executor-thread-858#
Step "Bind Service to Application" finished#
#2026 08 28 03:51:03.360#Z#DEBUG#9f2c2b3d-a293-11f1-9e34-eeee0a9f0b65.OPERATION#flowable-async-job-executor-thread-861#
Step "Bind Service to Application" finished#
#2026 08 28 03:51:10.913#Z#DEBUG#9f2c2b3d-a293-11f1-9e34-eeee0a9f0b65.OPERATION#flowable-async-job-executor-thread-5422#
[BindServiceToApplicationStep] Executing task "bindServiceToApplicationTask" of process "ac58d1c7-a293-11f1-9e34-eeee0a9f0b65"...#
#2026 08 28 03:51:10.915#Z#DEBUG#9f2c2b3d-a293-11f1-9e34-eeee0a9f0b65.OPERATION#flowable-async-job-executor-thread-5422#
[BindServiceToApplicationStep] Getting async job "fb162e32-eef9-4773-98f5-e5fe6fa63b77"#
#2026 08 28 03:51:10.920#Z#DEBUG#9f2c2b3d-a293-11f1-9e34-eeee0a9f0b65.OPERATION#flowable-async-job-executor-thread-5423#
[BindServiceToApplicationStep] Executing task "bindServiceToApplicationTask" of process "ac393b08-a293-11f1-b31b-eeee0a949a95"...#
#2026 08 28 03:51:10.921#Z#DEBUG#9f2c2b3d-a293-11f1-9e34-eeee0a9f0b65.OPERATION#flowable-async-job-executor-thread-5423#
[BindServiceToApplicationStep] Getting async job "bedb9093-b7e8-4e8b-8b72-7f450de73fc5"#
#2026 08 28 03:51:10.925#Z#DEBUG#9f2c2b3d-a293-11f1-9e34-eeee0a9f0b65.OPERATION#flowable-async-job-executor-thread-5424#
[BindServiceToApplicationStep] Executing task "bindServiceToApplicationTask" of process "aca8ed32-a293-11f1-ad9c-eeee0a80c268"...#
#2026 08 28 03:51:10.926#Z#DEBUG#9f2c2b3d-a293-11f1-9e34-eeee0a9f0b65.OPERATION#flowable-async-job-executor-thread-5424#
[BindServiceToApplicationStep] Getting async job "f48e16ec-c4ec-4800-9357-b0861f64f849"#
#2026 08 28 03:51:10.927#Z#DEBUG#9f2c2b3d-a293-11f1-9e34-eeee0a9f0b65.OPERATION#flowable-async-job-executor-thread-5421#
[BindServiceToApplicationStep] Executing task "bindServiceToApplicationTask" of process "aad7afb8-a293-11f1-b31b-eeee0a949a95"...#
#2026 08 28 03:51:10.928#Z#DEBUG#9f2c2b3d-a293-11f1-9e34-eeee0a9f0b65.OPERATION#flowable-async-job-executor-thread-5421#
[BindServiceToApplicationStep] Getting async job "64146597-cefb-4582-9cf5-289df3f81c2e"#
#2026 08 28 03:51:10.940#Z#DEBUG#9f2c2b3d-a293-11f1-9e34-eeee0a9f0b65.OPERATION#flowable-async-job-executor-thread-5422#
[BindServiceToApplicationStep] Getting service instance "ResilienceCockpit-logging"...#
#2026 08 28 03:51:10.946#Z#DEBUG#9f2c2b3d-a293-11f1-9e34-eeee0a9f0b65.OPERATION#flowable-async-job-executor-thread-5423#
[BindServiceToApplicationStep] Getting service instance "ResilienceCockpit-destination"...#
#2026 08 28 03:51:10.949#Z#DEBUG#9f2c2b3d-a293-11f1-9e34-eeee0a9f0b65.OPERATION#flowable-async-job-executor-thread-5424#
[BindServiceToApplicationStep] Getting service instance "ResilienceCockpit-connectivity"...#
#2026 08 28 03:51:10.951#Z#DEBUG#9f2c2b3d-a293-11f1-9e34-eeee0a9f0b65.OPERATION#flowable-async-job-executor-thread-5421#
[BindServiceToApplicationStep] Getting service instance "ResilienceCockpit-auth"...#
#2026 08 28 03:51:11.022#Z#DEBUG#9f2c2b3d-a293-11f1-9e34-eeee0a9f0b65.OPERATION#flowable-async-job-executor-thread-5423#
[BindServiceToApplicationStep] Async service binding operation with id "bedb9093-b7e8-4e8b-8b72-7f450de73fc5" finished#
#2026 08 28 03:51:11.023#Z#DEBUG#9f2c2b3d-a293-11f1-9e34-eeee0a9f0b65.OPERATION#flowable-async-job-executor-thread-5423#
Step "Bind Service to Application" finished#
#2026 08 28 03:51:11.040#Z#DEBUG#9f2c2b3d-a293-11f1-9e34-eeee0a9f0b65.OPERATION#flowable-async-job-executor-thread-5421#
[BindServiceToApplicationStep] Async service binding operation with id "64146597-cefb-4582-9cf5-289df3f81c2e" finished#
#2026 08 28 03:51:11.040#Z#DEBUG#9f2c2b3d-a293-11f1-9e34-eeee0a9f0b65.OPERATION#flowable-async-job-executor-thread-5421#
Step "Bind Service to Application" finished#
#2026 08 28 03:51:11.053#Z#DEBUG#9f2c2b3d-a293-11f1-9e34-eeee0a9f0b65.OPERATION#flowable-async-job-executor-thread-5424#
[BindServiceToApplicationStep] Async service binding operation with id "f48e16ec-c4ec-4800-9357-b0861f64f849" finished#
#2026 08 28 03:51:11.054#Z#DEBUG#9f2c2b3d-a293-11f1-9e34-eeee0a9f0b65.OPERATION#flowable-async-job-executor-thread-5424#
Step "Bind Service to Application" finished#
#2026 08 28 03:51:11.056#Z#DEBUG#9f2c2b3d-a293-11f1-9e34-eeee0a9f0b65.OPERATION#flowable-async-job-executor-thread-5422#
[BindServiceToApplicationStep] Async service binding operation with id "fb162e32-eef9-4773-98f5-e5fe6fa63b77" finished#
#2026 08 28 03:51:11.057#Z#DEBUG#9f2c2b3d-a293-11f1-9e34-eeee0a9f0b65.OPERATION#flowable-async-job-executor-thread-5422#
Step "Bind Service to Application" finished#
#2026 08 28 03:51:10.927#Z#DEBUG#9f2c2b3d-a293-11f1-9e34-eeee0a9f0b65.OPERATION#flowable-async-job-executor-thread-5420#
[ExecuteTaskStep] Executing task "executeTaskTask" of process "abf49113-a293-11f1-ad9c-eeee0a80c268"...#
#2026 08 28 03:51:10.929#Z#DEBUG#9f2c2b3d-a293-11f1-9e34-eeee0a9f0b65.OPERATION#flowable-async-job-executor-thread-5420#
[ExecuteTaskStep] Application task execution timeout is default one: 43,200 seconds#
#2026 08 28 03:51:10.930#Z#DEBUG#9f2c2b3d-a293-11f1-9e34-eeee0a9f0b65.OPERATION#flowable-async-job-executor-thread-5420#
[ExecuteTaskStep] Getting task "24efab2c-ca24-42ad-98d6-e9b808418e75"...#
#2026 08 28 03:51:10.961#Z#DEBUG#9f2c2b3d-a293-11f1-9e34-eeee0a9f0b65.OPERATION#flowable-async-job-executor-thread-5420#
[ExecuteTaskStep] Task execution status: failed#
#2026 08 28 03:51:10.962#Z#DEBUG#9f2c2b3d-a293-11f1-9e34-eeee0a9f0b65.OPERATION#flowable-async-job-executor-thread-5420#
[ExecuteTaskStep] Getting application guid "ResilienceCockpit-db-deployer"...#
#2026 08 28 03:51:11.053#Z#ERROR#9f2c2b3d-a293-11f1-9e34-eeee0a9f0b65.OPERATION#flowable-async-job-executor-thread-5420#
[ExecuteTaskStep] Execution of task "deploy" on application "ResilienceCockpit-db-deployer" failed.#
#2026 08 28 03:51:11.059#Z#INFO#9f2c2b3d-a293-11f1-9e34-eeee0a9f0b65.OPERATION#flowable-async-job-executor-thread-5420#
[ExecuteTaskStep] Download the MTA operation logs for more details.#
#2026 08 28 03:51:11.062#Z#DEBUG#9f2c2b3d-a293-11f1-9e34-eeee0a9f0b65.OPERATION#flowable-async-job-executor-thread-5420#
Step "Execute Task" finished#
#2026 08 28 03:51:13.633#Z#DEBUG#9f2c2b3d-a293-11f1-9e34-eeee0a9f0b65.OPERATION#flowable-async-job-executor-thread-862#
[ExecuteTaskStep] Executing task "executeTaskTask" of process "abf49113-a293-11f1-ad9c-eeee0a80c268"...#
#2026 08 28 03:51:13.636#Z#DEBUG#9f2c2b3d-a293-11f1-9e34-eeee0a9f0b65.OPERATION#flowable-async-job-executor-thread-862#
[ExecuteTaskStep] Application task execution timeout is default one: 43,200 seconds#
#2026 08 28 03:51:13.639#Z#INFO#9f2c2b3d-a293-11f1-9e34-eeee0a9f0b65.OPERATION#flowable-async-job-executor-thread-862#
[ExecuteTaskStep] Executing task "deploy" on application "ResilienceCockpit-db-deployer"...#
#2026 08 28 03:51:13.643#Z#DEBUG#9f2c2b3d-a293-11f1-9e34-eeee0a9f0b65.OPERATION#flowable-async-job-executor-thread-862#
[ExecuteTaskStep] Running task on application "ResilienceCockpit-db-deployer": {
  "name" : "deploy",
  "command" : "npm start",
  "limits" : {
    "memory" : 256
  }
}#
#2026 08 28 03:51:13.917#Z#DEBUG#9f2c2b3d-a293-11f1-9e34-eeee0a9f0b65.OPERATION#flowable-async-job-executor-thread-862#
Step "Execute Task" finished#
#2026 08 28 03:51:13.945#Z#DEBUG#9f2c2b3d-a293-11f1-9e34-eeee0a9f0b65.OPERATION#flowable-async-job-executor-thread-1313#
[DetermineVcapServicesPropertiesChangedStep] Executing task "determineVcapServicesPropertiesChangedTask" of process "b6fa11ba-a293-11f1-b31b-eeee0a949a95"...#
#2026 08 28 03:51:13.946#Z#DEBUG#9f2c2b3d-a293-11f1-9e34-eeee0a9f0b65.OPERATION#flowable-async-job-executor-thread-1313#
[DetermineVcapServicesPropertiesChangedStep] VCAP_SERVICES properties for application "ResilienceCockpit-srv" changed: true#
#2026 08 28 03:51:13.946#Z#DEBUG#9f2c2b3d-a293-11f1-9e34-eeee0a9f0b65.OPERATION#flowable-async-job-executor-thread-1313#
Step "Determine vcap services properties changed" finished#
#2026 08 28 03:51:13.968#Z#DEBUG#9f2c2b3d-a293-11f1-9e34-eeee0a9f0b65.OPERATION#flowable-async-job-executor-thread-1314#
[UploadAppStep] Executing task "uploadAppTask" of process "b6fa11ba-a293-11f1-b31b-eeee0a949a95"...#
#2026 08 28 03:51:13.970#Z#DEBUG#9f2c2b3d-a293-11f1-9e34-eeee0a9f0b65.OPERATION#flowable-async-job-executor-thread-1314#
[UploadAppStep] Application upload timeout is default one: 3,600 seconds#
#2026 08 28 03:51:13.970#Z#INFO#9f2c2b3d-a293-11f1-9e34-eeee0a9f0b65.OPERATION#flowable-async-job-executor-thread-1314#
[UploadAppStep] Uploading application "ResilienceCockpit-srv"...#
#2026 08 28 03:51:13.973#Z#DEBUG#9f2c2b3d-a293-11f1-9e34-eeee0a9f0b65.OPERATION#flowable-async-job-executor-thread-1314#
[UploadAppStep] Getting application "ResilienceCockpit-srv"...#
#2026 08 28 03:51:14.008#Z#DEBUG#9f2c2b3d-a293-11f1-9e34-eeee0a9f0b65.OPERATION#flowable-async-job-executor-thread-1314#
[UploadAppStep] Getting environment of application "846298f7-a9cf-4b9f-a20b-63e370407f6e"...#
#2026 08 28 03:51:14.051#Z#INFO#9f2c2b3d-a293-11f1-9e34-eeee0a9f0b65.OPERATION#flowable-async-job-executor-thread-1314#
[UploadAppStep] Calculating application digest: "ResilienceCockpit-srv"#
#2026 08 28 03:51:14.261#Z#DEBUG#9f2c2b3d-a293-11f1-9e34-eeee0a9f0b65.OPERATION#flowable-async-job-executor-thread-1314#
[UploadAppStep] Getting packages for application: "846298f7-a9cf-4b9f-a20b-63e370407f6e"#
#2026 08 28 03:51:14.341#Z#DEBUG#9f2c2b3d-a293-11f1-9e34-eeee0a9f0b65.OPERATION#flowable-async-job-executor-thread-1314#
[UploadAppStep] Getting the current droplet for application: "846298f7-a9cf-4b9f-a20b-63e370407f6e"#
#2026 08 28 03:51:14.396#Z#DEBUG#9f2c2b3d-a293-11f1-9e34-eeee0a9f0b65.OPERATION#flowable-async-job-executor-thread-1314#
[UploadAppStep] Getting package by id: "28ed3729-979f-424b-a981-ffdedbdffaa8"#
#2026 08 28 03:51:14.423#Z#DEBUG#9f2c2b3d-a293-11f1-9e34-eeee0a9f0b65.OPERATION#flowable-async-job-executor-thread-1314#
[UploadAppStep] Getting builds for application "846298f7-a9cf-4b9f-a20b-63e370407f6e"...#
#2026 08 28 03:51:14.565#Z#DEBUG#9f2c2b3d-a293-11f1-9e34-eeee0a9f0b65.OPERATION#flowable-async-job-executor-thread-1314#
[UploadAppStep] Getting the current droplet for application: "846298f7-a9cf-4b9f-a20b-63e370407f6e"#
#2026 08 28 03:51:14.594#Z#INFO#9f2c2b3d-a293-11f1-9e34-eeee0a9f0b65.OPERATION#flowable-async-job-executor-thread-1314#
[UploadAppStep] Content of application "ResilienceCockpit-srv" is not changed - upload will be skipped.#
#2026 08 28 03:51:14.597#Z#DEBUG#9f2c2b3d-a293-11f1-9e34-eeee0a9f0b65.OPERATION#flowable-async-job-executor-thread-1314#
Step "Upload App" finished#
#2026 08 28 03:51:14.620#Z#DEBUG#9f2c2b3d-a293-11f1-9e34-eeee0a9f0b65.OPERATION#flowable-async-job-executor-thread-1315#
[ScaleAppStep] Executing task "scaleAppTask" of process "b6fa11ba-a293-11f1-b31b-eeee0a949a95"...#
#2026 08 28 03:51:14.622#Z#DEBUG#9f2c2b3d-a293-11f1-9e34-eeee0a9f0b65.OPERATION#flowable-async-job-executor-thread-1315#
[ScaleAppStep] Scaling application "ResilienceCockpit-srv"...#
#2026 08 28 03:51:14.622#Z#DEBUG#9f2c2b3d-a293-11f1-9e34-eeee0a9f0b65.OPERATION#flowable-async-job-executor-thread-1315#
[ScaleAppStep] Getting application guid "ResilienceCockpit-srv"...#
#2026 08 28 03:51:14.654#Z#DEBUG#9f2c2b3d-a293-11f1-9e34-eeee0a9f0b65.OPERATION#flowable-async-job-executor-thread-1315#
[ScaleAppStep] Getting process for application "846298f7-a9cf-4b9f-a20b-63e370407f6e"...#
#2026 08 28 03:51:14.688#Z#DEBUG#9f2c2b3d-a293-11f1-9e34-eeee0a9f0b65.OPERATION#flowable-async-job-executor-thread-1315#
[ScaleAppStep] Application "ResilienceCockpit-srv" scaled#
#2026 08 28 03:51:14.688#Z#DEBUG#9f2c2b3d-a293-11f1-9e34-eeee0a9f0b65.OPERATION#flowable-async-job-executor-thread-1315#
Step "Scale App" finished#
#2026 08 28 03:51:14.705#Z#DEBUG#9f2c2b3d-a293-11f1-9e34-eeee0a9f0b65.OPERATION#flowable-async-job-executor-thread-1316#
[DetermineDesiredStateAchievingActionsStep] Executing task "determineDesiredStateAchievingActionsTask" of process "b6fa11ba-a293-11f1-b31b-eeee0a949a95"...#
#2026 08 28 03:51:14.706#Z#DEBUG#9f2c2b3d-a293-11f1-9e34-eeee0a9f0b65.OPERATION#flowable-async-job-executor-thread-1316#
[DetermineDesiredStateAchievingActionsStep] Getting application "ResilienceCockpit-srv"...#
#2026 08 28 03:51:14.737#Z#DEBUG#9f2c2b3d-a293-11f1-9e34-eeee0a9f0b65.OPERATION#flowable-async-job-executor-thread-1316#
[DetermineDesiredStateAchievingActionsStep] Getting instances for application "ResilienceCockpit-srv"...#
#2026 08 28 03:51:14.804#Z#DEBUG#9f2c2b3d-a293-11f1-9e34-eeee0a9f0b65.OPERATION#flowable-async-job-executor-thread-1316#
[DetermineDesiredStateAchievingActionsStep] Getting environment of application "846298f7-a9cf-4b9f-a20b-63e370407f6e"...#
#2026 08 28 03:51:14.838#Z#DEBUG#9f2c2b3d-a293-11f1-9e34-eeee0a9f0b65.OPERATION#flowable-async-job-executor-thread-1316#
[DetermineDesiredStateAchievingActionsStep] Current state of application ResilienceCockpit-srv: STARTED#
#2026 08 28 03:51:14.838#Z#DEBUG#9f2c2b3d-a293-11f1-9e34-eeee0a9f0b65.OPERATION#flowable-async-job-executor-thread-1316#
[DetermineDesiredStateAchievingActionsStep] Desired state of application ResilienceCockpit-srv: STARTED#
#2026 08 28 03:51:14.838#Z#DEBUG#9f2c2b3d-a293-11f1-9e34-eeee0a9f0b65.OPERATION#flowable-async-job-executor-thread-1316#
[DetermineDesiredStateAchievingActionsStep] Actions that should be executed on application ResilienceCockpit-srv: [STOP, STAGE, START]#
#2026 08 28 03:51:14.838#Z#DEBUG#9f2c2b3d-a293-11f1-9e34-eeee0a9f0b65.OPERATION#flowable-async-job-executor-thread-1316#
Step "Determine Desired State Achieving Actions" finished#
#2026 08 28 03:51:14.861#Z#DEBUG#9f2c2b3d-a293-11f1-9e34-eeee0a9f0b65.OPERATION#flowable-async-job-executor-thread-1317#
[StopAppStep] Executing task "stopAppTask" of process "b6fa11ba-a293-11f1-b31b-eeee0a949a95"...#
#2026 08 28 03:51:14.863#Z#INFO#9f2c2b3d-a293-11f1-9e34-eeee0a9f0b65.OPERATION#flowable-async-job-executor-thread-1317#
[StopAppStep] Stopping application "ResilienceCockpit-srv"...#
#2026 08 28 03:51:14.866#Z#DEBUG#9f2c2b3d-a293-11f1-9e34-eeee0a9f0b65.OPERATION#flowable-async-job-executor-thread-1317#
[StopAppStep] Stopping application "ResilienceCockpit-srv"...#
#2026 08 28 03:51:14.994#Z#DEBUG#9f2c2b3d-a293-11f1-9e34-eeee0a9f0b65.OPERATION#flowable-async-job-executor-thread-1317#
[StopAppStep] Application "ResilienceCockpit-srv" stopped#
#2026 08 28 03:51:14.995#Z#DEBUG#9f2c2b3d-a293-11f1-9e34-eeee0a9f0b65.OPERATION#flowable-async-job-executor-thread-1317#
[StopAppStep] Getting environment of application "846298f7-a9cf-4b9f-a20b-63e370407f6e"...#
#2026 08 28 03:51:15.036#Z#DEBUG#9f2c2b3d-a293-11f1-9e34-eeee0a9f0b65.OPERATION#flowable-async-job-executor-thread-1317#
Step "Stop App" finished#
#2026 08 28 03:51:15.067#Z#DEBUG#9f2c2b3d-a293-11f1-9e34-eeee0a9f0b65.OPERATION#flowable-async-job-executor-thread-1318#
[StageAppStep] Executing task "stageAppTask" of process "b7a8c87a-a293-11f1-b31b-eeee0a949a95"...#
#2026 08 28 03:51:15.068#Z#DEBUG#9f2c2b3d-a293-11f1-9e34-eeee0a9f0b65.OPERATION#flowable-async-job-executor-thread-1318#
[StageAppStep] Application stage timeout is default one: 3,600 seconds#
#2026 08 28 03:51:15.069#Z#DEBUG#9f2c2b3d-a293-11f1-9e34-eeee0a9f0b65.OPERATION#flowable-async-job-executor-thread-1318#
Step "Stage App" finished#
#2026 08 28 03:51:15.092#Z#DEBUG#9f2c2b3d-a293-11f1-9e34-eeee0a9f0b65.OPERATION#flowable-async-job-executor-thread-1319#
[RestartAppStep] Executing task "startAppTask" of process "b7a8c87a-a293-11f1-b31b-eeee0a949a95"...#
#2026 08 28 03:51:15.094#Z#DEBUG#9f2c2b3d-a293-11f1-9e34-eeee0a9f0b65.OPERATION#flowable-async-job-executor-thread-1319#
[RestartAppStep] Application start timeout is default one: 3,600 seconds#
#2026 08 28 03:51:15.099#Z#DEBUG#9f2c2b3d-a293-11f1-9e34-eeee0a9f0b65.OPERATION#flowable-async-job-executor-thread-1319#
[RestartAppStep] Getting application "ResilienceCockpit-srv"...#
#2026 08 28 03:51:15.128#Z#INFO#9f2c2b3d-a293-11f1-9e34-eeee0a9f0b65.OPERATION#flowable-async-job-executor-thread-1319#
[RestartAppStep] Starting application "ResilienceCockpit-srv"...#
#2026 08 28 03:51:15.131#Z#DEBUG#9f2c2b3d-a293-11f1-9e34-eeee0a9f0b65.OPERATION#flowable-async-job-executor-thread-1319#
[RestartAppStep] Starting application "ResilienceCockpit-srv"...#
#2026 08 28 03:51:15.401#Z#DEBUG#9f2c2b3d-a293-11f1-9e34-eeee0a9f0b65.OPERATION#flowable-async-job-executor-thread-1319#
Step "Start App" finished#
#2026 08 28 03:51:20.929#Z#DEBUG#9f2c2b3d-a293-11f1-9e34-eeee0a9f0b65.OPERATION#flowable-async-job-executor-thread-5427#
[ExecuteTaskStep] Executing task "executeTaskTask" of process "abf49113-a293-11f1-ad9c-eeee0a80c268"...#
#2026 08 28 03:51:20.931#Z#DEBUG#9f2c2b3d-a293-11f1-9e34-eeee0a9f0b65.OPERATION#flowable-async-job-executor-thread-5427#
[ExecuteTaskStep] Application task execution timeout is default one: 43,200 seconds#
#2026 08 28 03:51:21.006#Z#DEBUG#9f2c2b3d-a293-11f1-9e34-eeee0a9f0b65.OPERATION#flowable-async-job-executor-thread-5427#
[ExecuteTaskStep] Getting task "35c0f8d7-6506-436f-bd65-3f2f3d8f9a24"...#
#2026 08 28 03:51:21.046#Z#DEBUG#9f2c2b3d-a293-11f1-9e34-eeee0a9f0b65.OPERATION#flowable-async-job-executor-thread-5427#
[ExecuteTaskStep] Task execution status: running#
#2026 08 28 03:51:21.047#Z#DEBUG#9f2c2b3d-a293-11f1-9e34-eeee0a9f0b65.OPERATION#flowable-async-job-executor-thread-5427#
[ExecuteTaskStep] Getting application guid "ResilienceCockpit-db-deployer"...#
#2026 08 28 03:51:21.099#Z#DEBUG#9f2c2b3d-a293-11f1-9e34-eeee0a9f0b65.OPERATION#flowable-async-job-executor-thread-5427#
Step "Execute Task" finished#
#2026 08 28 03:51:20.930#Z#DEBUG#9f2c2b3d-a293-11f1-9e34-eeee0a9f0b65.OPERATION#flowable-async-job-executor-thread-5428#
[RestartAppStep] Executing task "startAppTask" of process "b7e07a62-a293-11f1-b31b-eeee0a949a95"...#
#2026 08 28 03:51:20.932#Z#DEBUG#9f2c2b3d-a293-11f1-9e34-eeee0a9f0b65.OPERATION#flowable-async-job-executor-thread-5428#
[RestartAppStep] Application start timeout is default one: 3,600 seconds#
#2026 08 28 03:51:20.997#Z#DEBUG#9f2c2b3d-a293-11f1-9e34-eeee0a9f0b65.OPERATION#flowable-async-job-executor-thread-5428#
[RestartAppStep] Checking status of application "ResilienceCockpit-srv"...#
#2026 08 28 03:51:20.997#Z#DEBUG#9f2c2b3d-a293-11f1-9e34-eeee0a9f0b65.OPERATION#flowable-async-job-executor-thread-5428#
[RestartAppStep] Getting application "ResilienceCockpit-srv"...#
#2026 08 28 03:51:21.042#Z#DEBUG#9f2c2b3d-a293-11f1-9e34-eeee0a9f0b65.OPERATION#flowable-async-job-executor-thread-5428#
[RestartAppStep] Getting instances for application "ResilienceCockpit-srv"...#
#2026 08 28 03:51:21.114#Z#DEBUG#9f2c2b3d-a293-11f1-9e34-eeee0a9f0b65.OPERATION#flowable-async-job-executor-thread-5428#
[RestartAppStep] Application "ResilienceCockpit-srv": 0 of 1 instances running (1 starting)#
#2026 08 28 03:51:21.163#Z#DEBUG#9f2c2b3d-a293-11f1-9e34-eeee0a9f0b65.OPERATION#flowable-async-job-executor-thread-5428#
Step "Start App" finished#
#2026 08 28 03:51:30.933#Z#DEBUG#9f2c2b3d-a293-11f1-9e34-eeee0a9f0b65.OPERATION#flowable-async-job-executor-thread-5431#
[ExecuteTaskStep] Executing task "executeTaskTask" of process "abf49113-a293-11f1-ad9c-eeee0a80c268"...#
#2026 08 28 03:51:30.934#Z#DEBUG#9f2c2b3d-a293-11f1-9e34-eeee0a9f0b65.OPERATION#flowable-async-job-executor-thread-5431#
[ExecuteTaskStep] Application task execution timeout is default one: 43,200 seconds#
#2026 08 28 03:51:30.934#Z#DEBUG#9f2c2b3d-a293-11f1-9e34-eeee0a9f0b65.OPERATION#flowable-async-job-executor-thread-5431#
[ExecuteTaskStep] Getting task "35c0f8d7-6506-436f-bd65-3f2f3d8f9a24"...#
#2026 08 28 03:51:30.968#Z#DEBUG#9f2c2b3d-a293-11f1-9e34-eeee0a9f0b65.OPERATION#flowable-async-job-executor-thread-5431#
[ExecuteTaskStep] Task execution status: failed#
#2026 08 28 03:51:30.970#Z#DEBUG#9f2c2b3d-a293-11f1-9e34-eeee0a9f0b65.OPERATION#flowable-async-job-executor-thread-5431#
[ExecuteTaskStep] Getting application guid "ResilienceCockpit-db-deployer"...#
#2026 08 28 03:51:31.048#Z#ERROR#9f2c2b3d-a293-11f1-9e34-eeee0a9f0b65.OPERATION#flowable-async-job-executor-thread-5431#
[ExecuteTaskStep] Execution of task "deploy" on application "ResilienceCockpit-db-deployer" failed.#
#2026 08 28 03:51:31.052#Z#INFO#9f2c2b3d-a293-11f1-9e34-eeee0a9f0b65.OPERATION#flowable-async-job-executor-thread-5431#
[ExecuteTaskStep] Download the MTA operation logs for more details.#
#2026 08 28 03:51:31.054#Z#DEBUG#9f2c2b3d-a293-11f1-9e34-eeee0a9f0b65.OPERATION#flowable-async-job-executor-thread-5431#
Step "Execute Task" finished#
#2026 08 28 03:51:30.935#Z#DEBUG#9f2c2b3d-a293-11f1-9e34-eeee0a9f0b65.OPERATION#flowable-async-job-executor-thread-5432#
[RestartAppStep] Executing task "startAppTask" of process "bb4fd724-a293-11f1-ad9c-eeee0a80c268"...#
#2026 08 28 03:51:30.936#Z#DEBUG#9f2c2b3d-a293-11f1-9e34-eeee0a9f0b65.OPERATION#flowable-async-job-executor-thread-5432#
[RestartAppStep] Application start timeout is default one: 3,600 seconds#
#2026 08 28 03:51:30.937#Z#DEBUG#9f2c2b3d-a293-11f1-9e34-eeee0a9f0b65.OPERATION#flowable-async-job-executor-thread-5432#
[RestartAppStep] Checking status of application "ResilienceCockpit-srv"...#
#2026 08 28 03:51:30.937#Z#DEBUG#9f2c2b3d-a293-11f1-9e34-eeee0a9f0b65.OPERATION#flowable-async-job-executor-thread-5432#
[RestartAppStep] Getting instances for application "ResilienceCockpit-srv"...#
#2026 08 28 03:51:30.989#Z#DEBUG#9f2c2b3d-a293-11f1-9e34-eeee0a9f0b65.OPERATION#flowable-async-job-executor-thread-5432#
[RestartAppStep] Application "ResilienceCockpit-srv": 1 of 1 instances running (1 running)#
#2026 08 28 03:51:31.042#Z#DEBUG#9f2c2b3d-a293-11f1-9e34-eeee0a9f0b65.OPERATION#flowable-async-job-executor-thread-5432#
[RestartAppStep] Getting routes for application "846298f7-a9cf-4b9f-a20b-63e370407f6e"...#
#2026 08 28 03:51:31.072#Z#INFO#9f2c2b3d-a293-11f1-9e34-eeee0a9f0b65.OPERATION#flowable-async-job-executor-thread-5432#
[RestartAppStep] Application "ResilienceCockpit-srv" started and available at "94060551trial-dev-resiliencecockpit-srv.cfapps.us10-003.hana.ondemand.com"#
#2026 08 28 03:51:31.075#Z#DEBUG#9f2c2b3d-a293-11f1-9e34-eeee0a9f0b65.OPERATION#flowable-async-job-executor-thread-5432#
Step "Start App" finished#
#2026 08 28 03:51:31.988#Z#DEBUG#9f2c2b3d-a293-11f1-9e34-eeee0a9f0b65.OPERATION#flowable-async-job-executor-thread-863#
[ExecuteTaskStep] Executing task "executeTaskTask" of process "abf49113-a293-11f1-ad9c-eeee0a80c268"...#
#2026 08 28 03:51:31.991#Z#DEBUG#9f2c2b3d-a293-11f1-9e34-eeee0a9f0b65.OPERATION#flowable-async-job-executor-thread-863#
[ExecuteTaskStep] Application task execution timeout is default one: 43,200 seconds#
#2026 08 28 03:51:31.994#Z#INFO#9f2c2b3d-a293-11f1-9e34-eeee0a9f0b65.OPERATION#flowable-async-job-executor-thread-863#
[ExecuteTaskStep] Executing task "deploy" on application "ResilienceCockpit-db-deployer"...#
#2026 08 28 03:51:31.997#Z#DEBUG#9f2c2b3d-a293-11f1-9e34-eeee0a9f0b65.OPERATION#flowable-async-job-executor-thread-863#
[ExecuteTaskStep] Running task on application "ResilienceCockpit-db-deployer": {
  "name" : "deploy",
  "command" : "npm start",
  "limits" : {
    "memory" : 256
  }
}#
#2026 08 28 03:51:32.243#Z#DEBUG#9f2c2b3d-a293-11f1-9e34-eeee0a9f0b65.OPERATION#flowable-async-job-executor-thread-863#
Step "Execute Task" finished#
#2026 08 28 03:51:40.942#Z#DEBUG#9f2c2b3d-a293-11f1-9e34-eeee0a9f0b65.OPERATION#flowable-async-job-executor-thread-5435#
[RestartAppStep] Executing task "startAppTask" of process "c13823a6-a293-11f1-ad9c-eeee0a80c268"...#
#2026 08 28 03:51:40.943#Z#DEBUG#9f2c2b3d-a293-11f1-9e34-eeee0a9f0b65.OPERATION#flowable-async-job-executor-thread-5435#
[RestartAppStep] Application start timeout is default one: 3,600 seconds#
#2026 08 28 03:51:40.944#Z#DEBUG#9f2c2b3d-a293-11f1-9e34-eeee0a9f0b65.OPERATION#flowable-async-job-executor-thread-5435#
Step "Start App" finished#
#2026 08 28 03:51:40.992#Z#DEBUG#9f2c2b3d-a293-11f1-9e34-eeee0a9f0b65.OPERATION#flowable-async-job-executor-thread-5438#
[PrepareToExecuteTasksStep] Executing task "prepareToExecuteTasksTask" of process "c71d630a-a293-11f1-ad9c-eeee0a80c268"...#
#2026 08 28 03:51:40.993#Z#DEBUG#9f2c2b3d-a293-11f1-9e34-eeee0a9f0b65.OPERATION#flowable-async-job-executor-thread-5438#
Step "Prepare To Execute Tasks" finished#
#2026 08 28 03:51:41.029#Z#DEBUG#9f2c2b3d-a293-11f1-9e34-eeee0a9f0b65.OPERATION#flowable-async-job-executor-thread-5439#
[PublishConfigurationEntriesStep] Executing task "publishProvidedDependenciesTask" of process "c71a2e97-a293-11f1-ad9c-eeee0a80c268"...#
#2026 08 28 03:51:41.029#Z#DEBUG#9f2c2b3d-a293-11f1-9e34-eeee0a9f0b65.OPERATION#flowable-async-job-executor-thread-5439#
[PublishConfigurationEntriesStep] Publishing public provided dependencies for application "ResilienceCockpit-srv"...#
#2026 08 28 03:51:41.029#Z#DEBUG#9f2c2b3d-a293-11f1-9e34-eeee0a9f0b65.OPERATION#flowable-async-job-executor-thread-5439#
[PublishConfigurationEntriesStep] No public provided dependencies for publishing#
#2026 08 28 03:51:41.029#Z#DEBUG#9f2c2b3d-a293-11f1-9e34-eeee0a9f0b65.OPERATION#flowable-async-job-executor-thread-5439#
Step "Publish Provided Dependencies" finished#
#2026 08 28 03:51:41.046#Z#DEBUG#9f2c2b3d-a293-11f1-9e34-eeee0a9f0b65.OPERATION#flowable-async-job-executor-thread-5440#
[CreateOrUpdateServiceBrokerStep] Executing task "createOrUpdateServiceBrokerTask" of process "c71a2e97-a293-11f1-ad9c-eeee0a80c268"...#
#2026 08 28 03:51:41.047#Z#DEBUG#9f2c2b3d-a293-11f1-9e34-eeee0a9f0b65.OPERATION#flowable-async-job-executor-thread-5440#
[CreateOrUpdateServiceBrokerStep] Creating service brokers...#
#2026 08 28 03:51:41.047#Z#DEBUG#9f2c2b3d-a293-11f1-9e34-eeee0a9f0b65.OPERATION#flowable-async-job-executor-thread-5440#
Step "Create Or Update Service Broker " finished#
#2026 08 28 03:51:40.943#Z#DEBUG#9f2c2b3d-a293-11f1-9e34-eeee0a9f0b65.OPERATION#flowable-async-job-executor-thread-5436#
[ExecuteTaskStep] Executing task "executeTaskTask" of process "abf49113-a293-11f1-ad9c-eeee0a80c268"...#
#2026 08 28 03:51:40.944#Z#DEBUG#9f2c2b3d-a293-11f1-9e34-eeee0a9f0b65.OPERATION#flowable-async-job-executor-thread-5436#
[ExecuteTaskStep] Application task execution timeout is default one: 43,200 seconds#
#2026 08 28 03:51:41.015#Z#DEBUG#9f2c2b3d-a293-11f1-9e34-eeee0a9f0b65.OPERATION#flowable-async-job-executor-thread-5436#
[ExecuteTaskStep] Getting task "6aea3ad4-8ba4-4571-868d-b36577a1c49a"...#
#2026 08 28 03:51:41.043#Z#DEBUG#9f2c2b3d-a293-11f1-9e34-eeee0a9f0b65.OPERATION#flowable-async-job-executor-thread-5436#
[ExecuteTaskStep] Task execution status: failed#
#2026 08 28 03:51:41.044#Z#DEBUG#9f2c2b3d-a293-11f1-9e34-eeee0a9f0b65.OPERATION#flowable-async-job-executor-thread-5436#
[ExecuteTaskStep] Getting application guid "ResilienceCockpit-db-deployer"...#
#2026 08 28 03:51:41.132#Z#ERROR#9f2c2b3d-a293-11f1-9e34-eeee0a9f0b65.OPERATION#flowable-async-job-executor-thread-5436#
[ExecuteTaskStep] Execution of task "deploy" on application "ResilienceCockpit-db-deployer" failed.#
#2026 08 28 03:51:41.136#Z#INFO#9f2c2b3d-a293-11f1-9e34-eeee0a9f0b65.OPERATION#flowable-async-job-executor-thread-5436#
[ExecuteTaskStep] Download the MTA operation logs for more details.#
#2026 08 28 03:51:41.139#Z#DEBUG#9f2c2b3d-a293-11f1-9e34-eeee0a9f0b65.OPERATION#flowable-async-job-executor-thread-5436#
Step "Execute Task" finished#
#2026 08 28 03:51:44.264#Z#DEBUG#9f2c2b3d-a293-11f1-9e34-eeee0a9f0b65.OPERATION#flowable-async-job-executor-thread-864#
[ExecuteTaskStep] Executing task "executeTaskTask" of process "abf49113-a293-11f1-ad9c-eeee0a80c268"...#
#2026 08 28 03:51:44.267#Z#DEBUG#9f2c2b3d-a293-11f1-9e34-eeee0a9f0b65.OPERATION#flowable-async-job-executor-thread-864#
[ExecuteTaskStep] Application task execution timeout is default one: 43,200 seconds#
#2026 08 28 03:51:44.270#Z#INFO#9f2c2b3d-a293-11f1-9e34-eeee0a9f0b65.OPERATION#flowable-async-job-executor-thread-864#
[ExecuteTaskStep] Executing task "deploy" on application "ResilienceCockpit-db-deployer"...#
#2026 08 28 03:51:44.274#Z#DEBUG#9f2c2b3d-a293-11f1-9e34-eeee0a9f0b65.OPERATION#flowable-async-job-executor-thread-864#
[ExecuteTaskStep] Running task on application "ResilienceCockpit-db-deployer": {
  "name" : "deploy",
  "command" : "npm start",
  "limits" : {
    "memory" : 256
  }
}#
#2026 08 28 03:51:45.190#Z#DEBUG#9f2c2b3d-a293-11f1-9e34-eeee0a9f0b65.OPERATION#flowable-async-job-executor-thread-864#
Step "Execute Task" finished#
#2026 08 28 03:51:50.949#Z#DEBUG#9f2c2b3d-a293-11f1-9e34-eeee0a9f0b65.OPERATION#flowable-async-job-executor-thread-5442#
[ExecuteTaskStep] Executing task "executeTaskTask" of process "abf49113-a293-11f1-ad9c-eeee0a80c268"...#
#2026 08 28 03:51:50.950#Z#DEBUG#9f2c2b3d-a293-11f1-9e34-eeee0a9f0b65.OPERATION#flowable-async-job-executor-thread-5442#
[ExecuteTaskStep] Application task execution timeout is default one: 43,200 seconds#
#2026 08 28 03:51:51.002#Z#DEBUG#9f2c2b3d-a293-11f1-9e34-eeee0a9f0b65.OPERATION#flowable-async-job-executor-thread-5442#
[ExecuteTaskStep] Getting task "4bc6ebd8-5edd-413f-bfba-d149dd734058"...#
#2026 08 28 03:51:51.046#Z#DEBUG#9f2c2b3d-a293-11f1-9e34-eeee0a9f0b65.OPERATION#flowable-async-job-executor-thread-5442#
[ExecuteTaskStep] Task execution status: running#
#2026 08 28 03:51:51.047#Z#DEBUG#9f2c2b3d-a293-11f1-9e34-eeee0a9f0b65.OPERATION#flowable-async-job-executor-thread-5442#
[ExecuteTaskStep] Getting application guid "ResilienceCockpit-db-deployer"...#
#2026 08 28 03:51:51.106#Z#DEBUG#9f2c2b3d-a293-11f1-9e34-eeee0a9f0b65.OPERATION#flowable-async-job-executor-thread-5442#
Step "Execute Task" finished#
#2026 08 28 03:52:00.952#Z#DEBUG#9f2c2b3d-a293-11f1-9e34-eeee0a9f0b65.OPERATION#flowable-async-job-executor-thread-5444#
[ExecuteTaskStep] Executing task "executeTaskTask" of process "abf49113-a293-11f1-ad9c-eeee0a80c268"...#
#2026 08 28 03:52:00.954#Z#DEBUG#9f2c2b3d-a293-11f1-9e34-eeee0a9f0b65.OPERATION#flowable-async-job-executor-thread-5444#
[ExecuteTaskStep] Application task execution timeout is default one: 43,200 seconds#
#2026 08 28 03:52:00.954#Z#DEBUG#9f2c2b3d-a293-11f1-9e34-eeee0a9f0b65.OPERATION#flowable-async-job-executor-thread-5444#
[ExecuteTaskStep] Getting task "4bc6ebd8-5edd-413f-bfba-d149dd734058"...#
#2026 08 28 03:52:00.980#Z#DEBUG#9f2c2b3d-a293-11f1-9e34-eeee0a9f0b65.OPERATION#flowable-async-job-executor-thread-5444#
[ExecuteTaskStep] Task execution status: failed#
#2026 08 28 03:52:00.981#Z#DEBUG#9f2c2b3d-a293-11f1-9e34-eeee0a9f0b65.OPERATION#flowable-async-job-executor-thread-5444#
[ExecuteTaskStep] Getting application guid "ResilienceCockpit-db-deployer"...#
#2026 08 28 03:52:01.039#Z#ERROR#9f2c2b3d-a293-11f1-9e34-eeee0a9f0b65.OPERATION#flowable-async-job-executor-thread-5444#
[ExecuteTaskStep] Execution of task "deploy" on application "ResilienceCockpit-db-deployer" failed.#
#2026 08 28 03:52:01.042#Z#INFO#9f2c2b3d-a293-11f1-9e34-eeee0a9f0b65.OPERATION#flowable-async-job-executor-thread-5444#
[ExecuteTaskStep] Download the MTA operation logs for more details.#
#2026 08 28 03:52:01.044#Z#DEBUG#9f2c2b3d-a293-11f1-9e34-eeee0a9f0b65.OPERATION#flowable-async-job-executor-thread-5444#
Step "Execute Task" finished#
