#2026 08 25 08:47:13.440#Z#INFO#9140a271-a061-11f1-b78a-eeee0a986e3f.OPERATION#http-nio-0.0.0.0-8080-exec-7#
[XS2StartProcessListener] Operation ID: 9140a271-a061-11f1-b78a-eeee0a986e3f#
#2026 08 25 08:47:13.453#Z#DEBUG#9140a271-a061-11f1-b78a-eeee0a986e3f.OPERATION#http-nio-0.0.0.0-8080-exec-7#
[XS2StartProcessListener] Process environment: {
  "SKIP_SSL_VALIDATION" : "false",
  "FLOWABLE_JOB_EXECUTOR_MAX_THREADS" : "32",
  "VERSION" : "2.52.0",
  "BASIC_AUTH_ENABLED" : "true",
  "FLOWABLE_JOB_EXECUTOR_QUEUE_CAPACITY" : "16",
  "FLOWABLE_JOB_EXECUTOR_CORE_THREADS" : "8"
}#
#2026 08 25 08:47:13.453#Z#DEBUG#9140a271-a061-11f1-b78a-eeee0a986e3f.OPERATION#http-nio-0.0.0.0-8080-exec-7#
[XS2StartProcessListener] Current user: satyasri.thotakura98@gmail.com#
#2026 08 25 08:47:13.453#Z#DEBUG#9140a271-a061-11f1-b78a-eeee0a986e3f.OPERATION#http-nio-0.0.0.0-8080-exec-7#
[XS2StartProcessListener] Client space: dev#
#2026 08 25 08:47:13.453#Z#DEBUG#9140a271-a061-11f1-b78a-eeee0a986e3f.OPERATION#http-nio-0.0.0.0-8080-exec-7#
[XS2StartProcessListener] Client organization: 94060551trial#
#2026 08 25 08:47:13.453#Z#INFO#9140a271-a061-11f1-b78a-eeee0a986e3f.OPERATION#http-nio-0.0.0.0-8080-exec-7#
[XS2StartProcessListener] Process variables: {
  "keepFiles" : false,
  "skipAppDigestCalculation" : false,
  "abortOnError" : false,
  "mtaId" : "ResilienceCockpit",
  "noFailOnMissingPermissions" : false,
  "isSecurityEnabled" : false,
  "apiRequestPath" : "https://deploy-service.cf.us10-003.hana.ondemand.com/api/v1/spaces/039a1fe6-69a4-4c1e-9b8f-a64d47329d3e/operations",
  "deleteServiceBrokers" : false,
  "appArchiveId" : "379cdaff-1c8b-4b73-abfd-190416a13983",
  "isDisposableUserProvidedServiceEnabled" : false,
  "deleteServiceKeys" : false,
  "noRestartSubscribedApps" : false,
  "noStart" : false,
  "deleteServices" : false
}#
#2026 08 25 08:47:13.482#Z#DEBUG#9140a271-a061-11f1-b78a-eeee0a986e3f.OPERATION#flowable-async-job-executor-thread-11888#
[ValidateDeployParametersStep] Executing task "validateParametersTask" of process "9140a297-a061-11f1-b78a-eeee0a986e3f"...#
#2026 08 25 08:47:13.482#Z#DEBUG#9140a271-a061-11f1-b78a-eeee0a986e3f.OPERATION#flowable-async-job-executor-thread-11888#
[ValidateDeployParametersStep] Validating parameters...#
#2026 08 25 08:47:13.483#Z#INFO#9140a271-a061-11f1-b78a-eeee0a986e3f.OPERATION#flowable-async-job-executor-thread-11888#
[ValidateDeployParametersStep] Size of mtars is 17,585,191 and size of extension descriptors is 0#
#2026 08 25 08:47:13.537#Z#INFO#9140a271-a061-11f1-b78a-eeee0a986e3f.OPERATION#flowable-async-job-executor-thread-11888#
[ValidateDeployParametersStep] Archive was not split! Total size in bytes: 17,585,191#
#2026 08 25 08:47:13.537#Z#INFO#9140a271-a061-11f1-b78a-eeee0a986e3f.OPERATION#flowable-async-job-executor-thread-11888#
[ValidateDeployParametersStep] Deploying in org "94060551trial" and space "dev"#
#2026 08 25 08:47:13.539#Z#DEBUG#9140a271-a061-11f1-b78a-eeee0a986e3f.OPERATION#flowable-async-job-executor-thread-11888#
[ValidateDeployParametersStep] Parameters validated#
#2026 08 25 08:47:13.539#Z#DEBUG#9140a271-a061-11f1-b78a-eeee0a986e3f.OPERATION#flowable-async-job-executor-thread-11888#
Step "Validate Parameters" finished#
#2026 08 25 08:47:13.554#Z#DEBUG#9140a271-a061-11f1-b78a-eeee0a986e3f.OPERATION#flowable-async-job-executor-thread-11889#
[DeleteRemainingFileParts] Executing task "deleteRemainingFileParts" of process "9140a297-a061-11f1-b78a-eeee0a986e3f"...#
#2026 08 25 08:47:13.555#Z#DEBUG#9140a271-a061-11f1-b78a-eeee0a986e3f.OPERATION#flowable-async-job-executor-thread-11889#
Step "Delete Remaining File Parts" finished#
#2026 08 25 08:47:13.569#Z#DEBUG#9140a271-a061-11f1-b78a-eeee0a986e3f.OPERATION#flowable-async-job-executor-thread-11890#
[XS2ProcessMtaArchiveStep] Executing task "processArchiveTask" of process "9140a297-a061-11f1-b78a-eeee0a986e3f"...#
#2026 08 25 08:47:13.570#Z#DEBUG#9140a271-a061-11f1-b78a-eeee0a986e3f.OPERATION#flowable-async-job-executor-thread-11890#
[XS2ProcessMtaArchiveStep] Processing MTA archive...#
#2026 08 25 08:47:13.570#Z#DEBUG#9140a271-a061-11f1-b78a-eeee0a986e3f.OPERATION#flowable-async-job-executor-thread-11890#
[XS2ProcessMtaArchiveStep] MTA Archive ID: 379cdaff-1c8b-4b73-abfd-190416a13983#
#2026 08 25 08:47:13.820#Z#DEBUG#9140a271-a061-11f1-b78a-eeee0a986e3f.OPERATION#flowable-async-job-executor-thread-11890#
[XS2ProcessMtaArchiveStep] MTA Descriptor length: 4,039#
#2026 08 25 08:47:13.820#Z#DEBUG#9140a271-a061-11f1-b78a-eeee0a986e3f.OPERATION#flowable-async-job-executor-thread-11890#
[XS2ProcessMtaArchiveStep] MTA Archive Modules: [ResilienceCockpit-srv, ResilienceCockpit-app-deployer, ResilienceCockpit-db-deployer]#
#2026 08 25 08:47:13.820#Z#DEBUG#9140a271-a061-11f1-b78a-eeee0a986e3f.OPERATION#flowable-async-job-executor-thread-11890#
[XS2ProcessMtaArchiveStep] MTA Archive Requires: []#
#2026 08 25 08:47:13.820#Z#DEBUG#9140a271-a061-11f1-b78a-eeee0a986e3f.OPERATION#flowable-async-job-executor-thread-11890#
[XS2ProcessMtaArchiveStep] MTA Archive Resources: [ResilienceCockpit-auth]#
#2026 08 25 08:47:13.828#Z#DEBUG#9140a271-a061-11f1-b78a-eeee0a986e3f.OPERATION#flowable-async-job-executor-thread-11890#
[XS2ProcessMtaArchiveStep] MTA archive processed#
#2026 08 25 08:47:13.828#Z#DEBUG#9140a271-a061-11f1-b78a-eeee0a986e3f.OPERATION#flowable-async-job-executor-thread-11890#
Step "Process Archive" finished#
#2026 08 25 08:47:13.848#Z#DEBUG#9140a271-a061-11f1-b78a-eeee0a986e3f.OPERATION#flowable-async-job-executor-thread-11890#
[ProcessMtaExtensionDescriptorsStep] Executing task "processExtensionDescriptorsTask" of process "9140a297-a061-11f1-b78a-eeee0a986e3f"...#
#2026 08 25 08:47:13.849#Z#DEBUG#9140a271-a061-11f1-b78a-eeee0a986e3f.OPERATION#flowable-async-job-executor-thread-11890#
[ProcessMtaExtensionDescriptorsStep] Processing MTA extension descriptors...#
#2026 08 25 08:47:13.849#Z#DEBUG#9140a271-a061-11f1-b78a-eeee0a986e3f.OPERATION#flowable-async-job-executor-thread-11890#
[ProcessMtaExtensionDescriptorsStep] Provided extension descriptors: [ ]#
#2026 08 25 08:47:13.849#Z#DEBUG#9140a271-a061-11f1-b78a-eeee0a986e3f.OPERATION#flowable-async-job-executor-thread-11890#
[ProcessMtaExtensionDescriptorsStep] No extension descriptors in use#
#2026 08 25 08:47:13.849#Z#DEBUG#9140a271-a061-11f1-b78a-eeee0a986e3f.OPERATION#flowable-async-job-executor-thread-11890#
[ProcessMtaExtensionDescriptorsStep] MTA extension descriptors processed#
#2026 08 25 08:47:13.849#Z#DEBUG#9140a271-a061-11f1-b78a-eeee0a986e3f.OPERATION#flowable-async-job-executor-thread-11890#
Step "Process Extension Descriptors" finished#
#2026 08 25 08:47:13.865#Z#DEBUG#9140a271-a061-11f1-b78a-eeee0a986e3f.OPERATION#flowable-async-job-executor-thread-11890#
[XS2DetectMtaSchemaVersionStep] Executing task "detectSchemaVersionTask" of process "9140a297-a061-11f1-b78a-eeee0a986e3f"...#
#2026 08 25 08:47:13.865#Z#DEBUG#9140a271-a061-11f1-b78a-eeee0a986e3f.OPERATION#flowable-async-job-executor-thread-11890#
[XS2DetectMtaSchemaVersionStep] Detecting MTA major schema version...#
#2026 08 25 08:47:13.866#Z#INFO#9140a271-a061-11f1-b78a-eeee0a986e3f.OPERATION#flowable-async-job-executor-thread-11890#
[XS2DetectMtaSchemaVersionStep] Detected MTA schema version: "3"#
#2026 08 25 08:47:13.869#Z#DEBUG#9140a271-a061-11f1-b78a-eeee0a986e3f.OPERATION#flowable-async-job-executor-thread-11890#
Step "Detect Schema Version" finished#
#2026 08 25 08:47:13.884#Z#DEBUG#9140a271-a061-11f1-b78a-eeee0a986e3f.OPERATION#flowable-async-job-executor-thread-11890#
[MergeDescriptorsStep] Executing task "mergeDescriptorsTask" of process "9140a297-a061-11f1-b78a-eeee0a986e3f"...#
#2026 08 25 08:47:13.884#Z#DEBUG#9140a271-a061-11f1-b78a-eeee0a986e3f.OPERATION#flowable-async-job-executor-thread-11890#
[MergeDescriptorsStep] Validating and merging descriptors...#
#2026 08 25 08:47:13.886#Z#DEBUG#9140a271-a061-11f1-b78a-eeee0a986e3f.OPERATION#flowable-async-job-executor-thread-11890#
[MergeDescriptorsStep] Merged deployment descriptor: {
  "majorSchemaVersion" : 3,
  "schemaVersion" : "3.3.0",
  "id" : "ResilienceCockpit",
  "version" : "1.0.0",
  "modules" : [ {
    "majorSchemaVersion" : 3,
    "name" : "ResilienceCockpit-srv",
    "type" : "javascript.nodejs",
    "path" : "ResilienceCockpit-srv",
    "properties" : { },
    "parameters" : {
      "buildpack" : "nodejs_buildpack",
      "instances" : 1
    },
    "requiredDependencies" : [ {
      "majorSchemaVersion" : 3,
      "name" : "********",
      "properties" : { },
      "parameters" : { },
      "propertiesMetadata" : {
        "metadata" : { }
      },
      "parametersMetadata" : {
        "metadata" : { }
      }
    }, {
      "majorSchemaVersion" : 3,
      "name" : "ResilienceCockpit-db",
      "properties" : { },
      "parameters" : { },
      "propertiesMetadata" : {
        "metadata" : { }
      },
      "parametersMetadata" : {
        "metadata" : { }
      }
    }, {
      "majorSchemaVersion" : 3,
      "name" : "ResilienceCockpit-connectivity",
      "properties" : { },
      "parameters" : { },
      "propertiesMetadata" : {
        "metadata" : { }
      },
      "parametersMetadata" : {
        "metadata" : { }
      }
    }, {
      "majorSchemaVersion" : 3,
      "name" : "ResilienceCockpit-destination",
      "properties" : { },
      "parameters" : { },
      "propertiesMetadata" : {
        "metadata" : { }
      },
      "parametersMetadata" : {
        "metadata" : { }
      }
    }, {
      "majorSchemaVersion" : 3,
      "name" : "ResilienceCockpit-logging",
      "properties" : { },
      "parameters" : { },
      "propertiesMetadata" : {
        "metadata" : { }
      },
      "parametersMetadata" : {
        "metadata" : { }
      }
    } ],
    "providedDependencies" : [ {
      "majorSchemaVersion" : 3,
      "name" : "srv-api",
      "isPublic" : false,
      "properties" : {
        "srv-url" : "${default-url}"
      },
      "parameters" : { },
      "propertiesMetadata" : {
        "metadata" : { }
      },
      "parametersMetadata" : {
        "metadata" : { }
      }
    }, {
      "majorSchemaVersion" : 3,
      "name" : "ResilienceCockpit-srv",
      "isPublic" : false,
      "properties" : { },
      "parameters" : { },
      "propertiesMetadata" : {
        "metadata" : { }
      },
      "parametersMetadata" : {
        "metadata" : { }
      }
    } ],
    "propertiesMetadata" : {
      "metadata" : { }
    },
    "parametersMetadata" : {
      "metadata" : { }
    },
    "hooks" : [ ]
  }, {
    "majorSchemaVersion" : 3,
    "name" : "ResilienceCockpit-db-deployer",
    "type" : "com.sap.xs.hdi",
    "path" : "ResilienceCockpit-db-deployer",
    "properties" : {
      "EXIT" : 1
    },
    "parameters" : {
      "memory" : "256M",
      "buildpack" : "nodejs_buildpack",
      "no-route" : true,
      "dependency-type" : "hard",
      "tasks" : [ {
        "name" : "deploy",
        "memory" : "256M",
        "command" : "npm start"
      } ],
      "no-start" : true
    },
    "requiredDependencies" : [ {
      "majorSchemaVersion" : 3,
      "name" : "ResilienceCockpit-db",
      "properties" : { },
      "parameters" : { },
      "propertiesMetadata" : {
        "metadata" : { }
      },
      "parametersMetadata" : {
        "metadata" : { }
      }
    } ],
    "providedDependencies" : [ {
      "majorSchemaVersion" : 3,
      "name" : "ResilienceCockpit-db-deployer",
      "isPublic" : false,
      "properties" : { },
      "parameters" : { },
      "propertiesMetadata" : {
        "metadata" : { }
      },
      "parametersMetadata" : {
        "metadata" : { }
      }
    } ],
    "propertiesMetadata" : {
      "metadata" : { }
    },
    "parametersMetadata" : {
      "metadata" : { }
    },
    "hooks" : [ ]
  }, {
    "majorSchemaVersion" : 3,
    "name" : "ResilienceCockpit-app-deployer",
    "type" : "com.sap.application.content",
    "path" : "ResilienceCockpit-app-deployer",
    "properties" : { },
    "parameters" : { },
    "requiredDependencies" : [ {
      "majorSchemaVersion" : 3,
      "name" : "********",
      "properties" : { },
      "parameters" : { },
      "propertiesMetadata" : {
        "metadata" : { }
      },
      "parametersMetadata" : {
        "metadata" : { }
      }
    }, {
      "majorSchemaVersion" : 3,
      "name" : "srv-api",
      "properties" : { },
      "parameters" : { },
      "propertiesMetadata" : {
        "metadata" : { }
      },
      "parametersMetadata" : {
        "metadata" : { }
      }
    }, {
      "majorSchemaVersion" : 3,
      "name" : "ResilienceCockpit-html5-repo-host",
      "properties" : { },
      "parameters" : {
        "config" : {
          "HTML5Runtime_enabled" : false
        },
        "content-target" : true
      },
      "propertiesMetadata" : {
        "metadata" : { }
      },
      "parametersMetadata" : {
        "metadata" : { }
      }
    } ],
    "providedDependencies" : [ {
      "majorSchemaVersion" : 3,
      "name" : "ResilienceCockpit-app-deployer",
      "isPublic" : false,
      "properties" : { },
      "parameters" : { },
      "propertiesMetadata" : {
        "metadata" : { }
      },
      "parametersMetadata" : {
        "metadata" : { }
      }
    } ],
    "propertiesMetadata" : {
      "metadata" : { }
    },
    "parametersMetadata" : {
      "metadata" : { }
    },
    "hooks" : [ ]
  }, {
    "majorSchemaVersion" : 3,
    "name" : "ResilienceCockpit-destination-content",
    "type" : "com.sap.application.content",
    "properties" : { },
    "parameters" : {
      "content" : {
        "instance" : {
          "destinations" : [ {
            "Authentication" : "********",
            "Name" : "srv-api",
            "TokenServiceInstanceName" : "********",
            "TokenServiceKeyName" : "********",
            "URL" : "~{srv-api/srv-url}"
          }, {
            "Name" : "ResilienceCockpit-html5-repo-host",
            "ServiceInstanceName" : "ResilienceCockpit-html5-repo-host",
            "ServiceKeyName" : "********",
            "sap.cloud.service" : "nexus"
          }, {
            "Authentication" : "********",
            "Name" : "********",
            "ServiceInstanceName" : "********",
            "ServiceKeyName" : "********"
          } ],
          "existing_destinations_policy" : "update"
        }
      }
    },
    "requiredDependencies" : [ {
      "majorSchemaVersion" : 3,
      "name" : "********",
      "properties" : { },
      "parameters" : {
        "service-key" : "********"
      },
      "propertiesMetadata" : {
        "metadata" : { }
      },
      "parametersMetadata" : {
        "metadata" : { }
      }
    }, {
      "majorSchemaVersion" : 3,
      "name" : "ResilienceCockpit-html5-repo-host",
      "properties" : { },
      "parameters" : {
        "service-key" : "********"
      },
      "propertiesMetadata" : {
        "metadata" : { }
      },
      "parametersMetadata" : {
        "metadata" : { }
      }
    }, {
      "majorSchemaVersion" : 3,
      "name" : "srv-api",
      "properties" : { },
      "parameters" : { },
      "propertiesMetadata" : {
        "metadata" : { }
      },
      "parametersMetadata" : {
        "metadata" : { }
      }
    }, {
      "majorSchemaVersion" : 3,
      "name" : "ResilienceCockpit-destination",
      "properties" : { },
      "parameters" : {
        "content-target" : true
      },
      "propertiesMetadata" : {
        "metadata" : { }
      },
      "parametersMetadata" : {
        "metadata" : { }
      }
    } ],
    "providedDependencies" : [ {
      "majorSchemaVersion" : 3,
      "name" : "ResilienceCockpit-destination-content",
      "isPublic" : false,
      "properties" : { },
      "parameters" : { },
      "propertiesMetadata" : {
        "metadata" : { }
      },
      "parametersMetadata" : {
        "metadata" : { }
      }
    } ],
    "propertiesMetadata" : {
      "metadata" : { }
    },
    "parametersMetadata" : {
      "metadata" : { }
    },
    "hooks" : [ ]
  } ],
  "resources" : [ {
    "majorSchemaVersion" : 3,
    "name" : "********",
    "type" : "org.cloudfoundry.managed-service",
    "properties" : { },
    "parameters" : {
      "path" : "./xs-security.json",
      "service-plan" : "application",
      "type" : "managed-service",
      "config" : {
        "oauth2-configuration" : "********",
        "tenant-mode" : "dedicated",
        "xsappname" : "ResilienceCockpit-${org}-${space}"
      },
      "service" : "xsuaa"
    },
    "isActive" : true,
    "isOptional" : false,
    "propertiesMetadata" : {
      "metadata" : { }
    },
    "parametersMetadata" : {
      "metadata" : { }
    },
    "requiredDependencies" : [ ],
    "processedAfter" : [ ]
  }, {
    "majorSchemaVersion" : 3,
    "name" : "ResilienceCockpit-db",
    "type" : "com.sap.xs.hdi-container",
    "properties" : { },
    "parameters" : {
      "type" : "managed-service",
      "service" : "hana",
      "service-plan" : "hdi-shared"
    },
    "isActive" : true,
    "isOptional" : false,
    "propertiesMetadata" : {
      "metadata" : { }
    },
    "parametersMetadata" : {
      "metadata" : { }
    },
    "requiredDependencies" : [ ],
    "processedAfter" : [ ]
  }, {
    "majorSchemaVersion" : 3,
    "name" : "ResilienceCockpit-connectivity",
    "type" : "org.cloudfoundry.managed-service",
    "properties" : { },
    "parameters" : {
      "type" : "managed-service",
      "service" : "connectivity",
      "service-plan" : "lite"
    },
    "isActive" : true,
    "isOptional" : false,
    "propertiesMetadata" : {
      "metadata" : { }
    },
    "parametersMetadata" : {
      "metadata" : { }
    },
    "requiredDependencies" : [ ],
    "processedAfter" : [ ]
  }, {
    "majorSchemaVersion" : 3,
    "name" : "ResilienceCockpit-destination",
    "type" : "org.cloudfoundry.managed-service",
    "properties" : { },
    "parameters" : {
      "service-plan" : "lite",
      "type" : "managed-service",
      "config" : {
        "HTML5Runtime_enabled" : true,
        "init_data" : {
          "instance" : {
            "destinations" : [ {
              "Authentication" : "********",
              "Name" : "ui5",
              "ProxyType" : "Internet",
              "Type" : "HTTP",
              "URL" : "https://ui5.sap.com"
            }, {
              "Authentication" : "********",
              "HTML5.DynamicDestination" : true,
              "HTML5.ForwardAuthToken" : "********",
              "Name" : "srv-api",
              "ProxyType" : "Internet",
              "Type" : "HTTP",
              "URL" : "~{srv-api/srv-url}"
            } ],
            "existing_destinations_policy" : "update"
          }
        }
      },
      "service" : "destination"
    },
    "isActive" : true,
    "isOptional" : false,
    "propertiesMetadata" : {
      "metadata" : { }
    },
    "parametersMetadata" : {
      "metadata" : { }
    },
    "requiredDependencies" : [ {
      "majorSchemaVersion" : 3,
      "name" : "srv-api",
      "properties" : { },
      "parameters" : { },
      "propertiesMetadata" : {
        "metadata" : { }
      },
      "parametersMetadata" : {
        "metadata" : { }
      }
    } ],
    "processedAfter" : [ ]
  }, {
    "majorSchemaVersion" : 3,
    "name" : "ResilienceCockpit-html5-repo-host",
    "type" : "org.cloudfoundry.managed-service",
    "properties" : { },
    "parameters" : {
      "type" : "managed-service",
      "service" : "html5-apps-repo",
      "service-plan" : "app-host"
    },
    "isActive" : true,
    "isOptional" : false,
    "propertiesMetadata" : {
      "metadata" : { }
    },
    "parametersMetadata" : {
      "metadata" : { }
    },
    "requiredDependencies" : [ ],
    "processedAfter" : [ ]
  }, {
    "majorSchemaVersion" : 3,
    "name" : "ResilienceCockpit-logging",
    "type" : "org.cloudfoundry.managed-service",
    "properties" : { },
    "parameters" : {
      "type" : "managed-service",
      "service" : "application-logs",
      "service-plan" : "lite"
    },
    "isActive" : true,
    "isOptional" : false,
    "propertiesMetadata" : {
      "metadata" : { }
    },
    "parametersMetadata" : {
      "metadata" : { }
    },
    "requiredDependencies" : [ ],
    "processedAfter" : [ ]
  } ],
  "parameters" : {
    "enable-parallel-deployments" : true,
    "deploy_mode" : "html5-repo"
  },
  "parametersMetadata" : {
    "metadata" : { }
  }
}#
#2026 08 25 08:47:13.888#Z#DEBUG#9140a271-a061-11f1-b78a-eeee0a986e3f.OPERATION#flowable-async-job-executor-thread-11890#
[MergeDescriptorsStep] Descriptors validated and merged#
#2026 08 25 08:47:13.888#Z#DEBUG#9140a271-a061-11f1-b78a-eeee0a986e3f.OPERATION#flowable-async-job-executor-thread-11890#
Step "Merge Descriptors" finished#
#2026 08 25 08:47:13.905#Z#DEBUG#9140a271-a061-11f1-b78a-eeee0a986e3f.OPERATION#flowable-async-job-executor-thread-11890#
[DetectDeployedMtaStep] Executing task "detectDeployedMtaTask" of process "9140a297-a061-11f1-b78a-eeee0a986e3f"...#
#2026 08 25 08:47:13.906#Z#DEBUG#9140a271-a061-11f1-b78a-eeee0a986e3f.OPERATION#flowable-async-job-executor-thread-11890#
[DetectDeployedMtaStep] Detecting deployed MTA...#
#2026 08 25 08:47:13.963#Z#DEBUG#9140a271-a061-11f1-b78a-eeee0a986e3f.OPERATION#flowable-async-job-executor-thread-11890#
[DetectDeployedMtaStep] Detecting MTA by id ResilienceCockpit and namespace null#
#2026 08 25 08:47:13.963#Z#DEBUG#9140a271-a061-11f1-b78a-eeee0a986e3f.OPERATION#flowable-async-job-executor-thread-11890#
[DetectDeployedMtaStep] Getting applications by metadata label selector "mta_id=12714f170fc41ee91010bfb8bfd6b5c9,!mta_namespace"...#
#2026 08 25 08:47:14.003#Z#DEBUG#9140a271-a061-11f1-b78a-eeee0a986e3f.OPERATION#flowable-async-job-executor-thread-11890#
[DetectDeployedMtaStep] Getting service instances by metadata label selector "mta_id=12714f170fc41ee91010bfb8bfd6b5c9,!mta_namespace"...#
#2026 08 25 08:47:14.116#Z#DEBUG#9140a271-a061-11f1-b78a-eeee0a986e3f.OPERATION#flowable-async-job-executor-thread-11890#
[DetectDeployedMtaStep] Deployed MTA: {
  "metadata" : {
    "id" : "ResilienceCockpit",
    "version" : "1.0.0"
  },
  "applications" : [ {
    "name" : "ResilienceCockpit-srv",
    "metadata" : {
      "guid" : "846298f7-a9cf-4b9f-a20b-63e370407f6e",
      "createdAt" : [ 2026, 8, 25, 8, 30, 21 ],
      "updatedAt" : [ 2026, 8, 25, 8, 31, 30 ]
    },
    "v3Metadata" : {
      "annotations" : {
        "mta_id" : "ResilienceCockpit",
        "mta_version" : "1.0.0",
        "mta_module" : "{\"name\":\"ResilienceCockpit-srv\"}",
        "mta_module_provided_dependencies" : "[]",
        "mta_bound_services" : "********"
      },
      "labels" : {
        "mta_id" : "12714f170fc41ee91010bfb8bfd6b5c9"
      }
    },
    "state" : "STARTED",
    "lifecycle" : {
      "type" : "BUILDPACK",
      "data" : {
        "buildpacks" : [ "nodejs_buildpack" ],
        "stack" : "cflinuxfs4"
      }
    },
    "space" : {
      "name" : "dev",
      "metadata" : {
        "guid" : "039a1fe6-69a4-4c1e-9b8f-a64d47329d3e",
        "createdAt" : [ 2026, 7, 19, 3, 49, 2 ],
        "updatedAt" : [ 2026, 7, 19, 3, 49, 2 ]
      },
      "organization" : {
        "name" : "94060551trial",
        "metadata" : {
          "guid" : "78e7b825-503f-4bdc-af4e-be86d7f43c8e",
          "createdAt" : [ 2026, 7, 19, 3, 49, 1 ],
          "updatedAt" : [ 2026, 7, 19, 3, 49, 2 ]
        }
      }
    },
    "moduleName" : "ResilienceCockpit-srv",
    "boundMtaServices" : [ "********", "ResilienceCockpit-db", "ResilienceCockpit-connectivity", "ResilienceCockpit-destination", "ResilienceCockpit-logging" ],
    "providedDependencyNames" : [ ],
    "productizationState" : "LIVE"
  }, {
    "name" : "ResilienceCockpit-db-deployer",
    "metadata" : {
      "guid" : "2d23200b-60aa-4519-b7f8-9f40de7a8ecc",
      "createdAt" : [ 2026, 8, 25, 8, 30, 23 ],
      "updatedAt" : [ 2026, 8, 25, 8, 31, 20 ]
    },
    "v3Metadata" : {
      "annotations" : {
        "mta_id" : "ResilienceCockpit",
        "mta_version" : "1.0.0",
        "mta_module" : "{\"name\":\"ResilienceCockpit-db-deployer\"}",
        "mta_module_provided_dependencies" : "[]",
        "mta_bound_services" : "[\"ResilienceCockpit-db\"]"
      },
      "labels" : {
        "mta_id" : "12714f170fc41ee91010bfb8bfd6b5c9"
      }
    },
    "state" : "STOPPED",
    "lifecycle" : {
      "type" : "BUILDPACK",
      "data" : {
        "buildpacks" : [ "nodejs_buildpack" ],
        "stack" : "cflinuxfs4"
      }
    },
    "space" : {
      "name" : "dev",
      "metadata" : {
        "guid" : "039a1fe6-69a4-4c1e-9b8f-a64d47329d3e",
        "createdAt" : [ 2026, 7, 19, 3, 49, 2 ],
        "updatedAt" : [ 2026, 7, 19, 3, 49, 2 ]
      },
      "organization" : {
        "name" : "94060551trial",
        "metadata" : {
          "guid" : "78e7b825-503f-4bdc-af4e-be86d7f43c8e",
          "createdAt" : [ 2026, 7, 19, 3, 49, 1 ],
          "updatedAt" : [ 2026, 7, 19, 3, 49, 2 ]
        }
      }
    },
    "moduleName" : "ResilienceCockpit-db-deployer",
    "boundMtaServices" : [ "ResilienceCockpit-db" ],
    "providedDependencyNames" : [ ],
    "productizationState" : "LIVE"
  } ],
  "services" : [ {
    "name" : "ResilienceCockpit-db",
    "metadata" : {
      "guid" : "793c82c4-0c29-4054-8664-8ad70f1aaf7d",
      "createdAt" : [ 2026, 8, 25, 8, 30, 5 ],
      "updatedAt" : [ 2026, 8, 25, 8, 30, 5 ]
    },
    "v3Metadata" : {
      "annotations" : {
        "mta_id" : "ResilienceCockpit",
        "mta_version" : "1.0.0",
        "mta_resource" : "{\"name\":\"ResilienceCockpit-db\"}"
      },
      "labels" : {
        "mta_id" : "12714f170fc41ee91010bfb8bfd6b5c9"
      }
    },
    "label" : "hana",
    "plan" : "hdi-shared",
    "credentials" : "********",
    "tags" : [ ],
    "type" : "managed",
    "lastOperation" : {
      "type" : "CREATE",
      "state" : "SUCCEEDED"
    },
    "resourceName" : "ResilienceCockpit-db"
  }, {
    "name" : "ResilienceCockpit-html5-repo-host",
    "metadata" : {
      "guid" : "fd6aaf90-4cca-4826-9764-60a919421480",
      "createdAt" : [ 2026, 8, 25, 8, 30, 6 ],
      "updatedAt" : [ 2026, 8, 25, 8, 30, 7 ]
    },
    "v3Metadata" : {
      "annotations" : {
        "mta_id" : "ResilienceCockpit",
        "mta_version" : "1.0.0",
        "mta_resource" : "{\"name\":\"ResilienceCockpit-html5-repo-host\"}"
      },
      "labels" : {
        "mta_id" : "12714f170fc41ee91010bfb8bfd6b5c9"
      }
    },
    "label" : "html5-apps-repo",
    "plan" : "app-host",
    "credentials" : "********",
    "tags" : [ ],
    "type" : "managed",
    "lastOperation" : {
      "type" : "CREATE",
      "description" : "",
      "state" : "SUCCEEDED"
    },
    "resourceName" : "ResilienceCockpit-html5-repo-host"
  }, {
    "name" : "ResilienceCockpit-logging",
    "metadata" : {
      "guid" : "336ec7d3-cd56-4076-bb50-7f23f8654af2",
      "createdAt" : [ 2026, 8, 25, 8, 30, 2 ],
      "updatedAt" : [ 2026, 8, 25, 8, 30, 3 ]
    },
    "v3Metadata" : {
      "annotations" : {
        "mta_id" : "ResilienceCockpit",
        "mta_version" : "1.0.0",
        "mta_resource" : "{\"name\":\"ResilienceCockpit-logging\"}"
      },
      "labels" : {
        "mta_id" : "12714f170fc41ee91010bfb8bfd6b5c9"
      }
    },
    "label" : "application-logs",
    "plan" : "lite",
    "credentials" : "********",
    "tags" : [ ],
    "type" : "managed",
    "lastOperation" : {
      "type" : "CREATE",
      "description" : "",
      "state" : "SUCCEEDED"
    },
    "resourceName" : "ResilienceCockpit-logging"
  }, {
    "name" : "ResilienceCockpit-connectivity",
    "metadata" : {
      "guid" : "57ce73c3-9d98-4630-a914-bb3fe51155dc",
      "createdAt" : [ 2026, 8, 25, 8, 30, 4 ],
      "updatedAt" : [ 2026, 8, 25, 8, 30, 6 ]
    },
    "v3Metadata" : {
      "annotations" : {
        "mta_id" : "ResilienceCockpit",
        "mta_version" : "1.0.0",
        "mta_resource" : "{\"name\":\"ResilienceCockpit-connectivity\"}"
      },
      "labels" : {
        "mta_id" : "12714f170fc41ee91010bfb8bfd6b5c9"
      }
    },
    "label" : "connectivity",
    "plan" : "lite",
    "credentials" : "********",
    "tags" : [ ],
    "type" : "managed",
    "lastOperation" : {
      "type" : "CREATE",
      "description" : "",
      "state" : "SUCCEEDED"
    },
    "resourceName" : "ResilienceCockpit-connectivity"
  }, {
    "name" : "********",
    "metadata" : {
      "guid" : "a4201f74-f0ad-456c-947a-8ce52d2ae7ca",
      "createdAt" : [ 2026, 8, 25, 8, 30, 2 ],
      "updatedAt" : [ 2026, 8, 25, 8, 30, 3 ]
    },
    "v3Metadata" : {
      "annotations" : {
        "mta_id" : "ResilienceCockpit",
        "mta_version" : "1.0.0",
        "mta_resource" : "********"
      },
      "labels" : {
        "mta_id" : "12714f170fc41ee91010bfb8bfd6b5c9"
      }
    },
    "label" : "xsuaa",
    "plan" : "application",
    "credentials" : "********",
    "tags" : [ ],
    "type" : "managed",
    "lastOperation" : {
      "type" : "CREATE",
      "description" : "",
      "state" : "SUCCEEDED"
    },
    "resourceName" : "********"
  }, {
    "name" : "ResilienceCockpit-destination",
    "metadata" : {
      "guid" : "01ee3953-9bb6-4134-988a-deaf8ca2479c",
      "createdAt" : [ 2026, 8, 25, 8, 30, 3 ],
      "updatedAt" : [ 2026, 8, 25, 8, 30, 7 ]
    },
    "v3Metadata" : {
      "annotations" : {
        "mta_id" : "ResilienceCockpit",
        "mta_version" : "1.0.0",
        "mta_resource" : "{\"name\":\"ResilienceCockpit-destination\"}"
      },
      "labels" : {
        "mta_id" : "12714f170fc41ee91010bfb8bfd6b5c9"
      }
    },
    "label" : "destination",
    "plan" : "lite",
    "credentials" : "********",
    "tags" : [ ],
    "type" : "managed",
    "lastOperation" : {
      "type" : "CREATE",
      "description" : "",
      "state" : "SUCCEEDED"
    },
    "resourceName" : "ResilienceCockpit-destination"
  } ]
}#
#2026 08 25 08:47:14.116#Z#INFO#9140a271-a061-11f1-b78a-eeee0a986e3f.OPERATION#flowable-async-job-executor-thread-11890#
[DetectDeployedMtaStep] Detected deployed MTA with ID "ResilienceCockpit" and version "1.0.0"#
#2026 08 25 08:47:14.119#Z#DEBUG#9140a271-a061-11f1-b78a-eeee0a986e3f.OPERATION#flowable-async-job-executor-thread-11890#
[DetectDeployedMtaStep] Detecting backup mta by id "ResilienceCockpit" and namespace "null"#
#2026 08 25 08:47:14.119#Z#DEBUG#9140a271-a061-11f1-b78a-eeee0a986e3f.OPERATION#flowable-async-job-executor-thread-11890#
[DetectDeployedMtaStep] Getting applications by metadata label selector "mta_id=12714f170fc41ee91010bfb8bfd6b5c9,mta_namespace=b698114a0995e936895b9598a6c19a2c"...#
#2026 08 25 08:47:14.146#Z#DEBUG#9140a271-a061-11f1-b78a-eeee0a986e3f.OPERATION#flowable-async-job-executor-thread-11890#
[DetectDeployedMtaStep] Getting service instances by metadata label selector "mta_id=12714f170fc41ee91010bfb8bfd6b5c9,mta_namespace=b698114a0995e936895b9598a6c19a2c"...#
#2026 08 25 08:47:14.213#Z#DEBUG#9140a271-a061-11f1-b78a-eeee0a986e3f.OPERATION#flowable-async-job-executor-thread-11890#
[DetectDeployedMtaStep] Deployed MTA service keys: [ {
  "name" : "********",
  "metadata" : {
    "guid" : "5d6a90ac-d2af-4efb-9c74-52d5e2c186dd",
    "createdAt" : [ 2026, 8, 25, 8, 30, 22 ],
    "updatedAt" : [ 2026, 8, 25, 8, 30, 23 ]
  },
  "v3Metadata" : {
    "annotations" : {
      "mta_id" : "ResilienceCockpit",
      "mta_version" : "1.0.0"
    },
    "labels" : {
      "mta_id" : "12714f170fc41ee91010bfb8bfd6b5c9",
      "space_guid" : "039a1fe6-69a4-4c1e-9b8f-a64d47329d3e"
    }
  },
  "serviceInstance" : {
    "name" : "********",
    "metadata" : {
      "guid" : "a4201f74-f0ad-456c-947a-8ce52d2ae7ca",
      "createdAt" : [ 2026, 8, 25, 8, 30, 2 ],
      "updatedAt" : [ 2026, 8, 25, 8, 30, 3 ]
    },
    "v3Metadata" : {
      "annotations" : {
        "mta_id" : "ResilienceCockpit",
        "mta_version" : "1.0.0",
        "mta_resource" : "********"
      },
      "labels" : {
        "mta_id" : "12714f170fc41ee91010bfb8bfd6b5c9"
      }
    },
    "credentials" : "********",
    "tags" : [ ],
    "type" : "managed"
  }
}, {
  "name" : "********",
  "metadata" : {
    "guid" : "de7350a4-f280-459d-afc2-ad86ef46b093",
    "createdAt" : [ 2026, 8, 25, 8, 30, 22 ],
    "updatedAt" : [ 2026, 8, 25, 8, 30, 23 ]
  },
  "v3Metadata" : {
    "annotations" : {
      "mta_id" : "ResilienceCockpit",
      "mta_version" : "1.0.0"
    },
    "labels" : {
      "mta_id" : "12714f170fc41ee91010bfb8bfd6b5c9",
      "space_guid" : "039a1fe6-69a4-4c1e-9b8f-a64d47329d3e"
    }
  },
  "serviceInstance" : {
    "name" : "ResilienceCockpit-html5-repo-host",
    "metadata" : {
      "guid" : "fd6aaf90-4cca-4826-9764-60a919421480",
      "createdAt" : [ 2026, 8, 25, 8, 30, 6 ],
      "updatedAt" : [ 2026, 8, 25, 8, 30, 7 ]
    },
    "v3Metadata" : {
      "annotations" : {
        "mta_id" : "ResilienceCockpit",
        "mta_version" : "1.0.0",
        "mta_resource" : "{\"name\":\"ResilienceCockpit-html5-repo-host\"}"
      },
      "labels" : {
        "mta_id" : "12714f170fc41ee91010bfb8bfd6b5c9"
      }
    },
    "credentials" : "********",
    "tags" : [ ],
    "type" : "managed"
  }
}, {
  "name" : "********",
  "metadata" : {
    "guid" : "a740b217-4eaa-4fba-94d5-6b134f537e01",
    "createdAt" : [ 2026, 8, 25, 8, 30, 23 ],
    "updatedAt" : [ 2026, 8, 25, 8, 30, 23 ]
  },
  "v3Metadata" : {
    "annotations" : {
      "mta_id" : "ResilienceCockpit",
      "mta_version" : "1.0.0"
    },
    "labels" : {
      "mta_id" : "12714f170fc41ee91010bfb8bfd6b5c9",
      "space_guid" : "039a1fe6-69a4-4c1e-9b8f-a64d47329d3e"
    }
  },
  "serviceInstance" : {
    "name" : "********",
    "metadata" : {
      "guid" : "a4201f74-f0ad-456c-947a-8ce52d2ae7ca",
      "createdAt" : [ 2026, 8, 25, 8, 30, 2 ],
      "updatedAt" : [ 2026, 8, 25, 8, 30, 3 ]
    },
    "v3Metadata" : {
      "annotations" : {
        "mta_id" : "ResilienceCockpit",
        "mta_version" : "1.0.0",
        "mta_resource" : "********"
      },
      "labels" : {
        "mta_id" : "12714f170fc41ee91010bfb8bfd6b5c9"
      }
    },
    "credentials" : "********",
    "tags" : [ ],
    "type" : "managed"
  }
}, {
  "name" : "********",
  "metadata" : {
    "guid" : "5ec0d7e3-b2f8-45f2-a6c1-420e9a46d4a6",
    "createdAt" : [ 2026, 8, 25, 8, 30, 23 ],
    "updatedAt" : [ 2026, 8, 25, 8, 30, 24 ]
  },
  "v3Metadata" : {
    "annotations" : {
      "mta_id" : "ResilienceCockpit",
      "mta_version" : "1.0.0"
    },
    "labels" : {
      "mta_id" : "12714f170fc41ee91010bfb8bfd6b5c9",
      "space_guid" : "039a1fe6-69a4-4c1e-9b8f-a64d47329d3e"
    }
  },
  "serviceInstance" : {
    "name" : "ResilienceCockpit-destination",
    "metadata" : {
      "guid" : "01ee3953-9bb6-4134-988a-deaf8ca2479c",
      "createdAt" : [ 2026, 8, 25, 8, 30, 3 ],
      "updatedAt" : [ 2026, 8, 25, 8, 30, 7 ]
    },
    "v3Metadata" : {
      "annotations" : {
        "mta_id" : "ResilienceCockpit",
        "mta_version" : "1.0.0",
        "mta_resource" : "{\"name\":\"ResilienceCockpit-destination\"}"
      },
      "labels" : {
        "mta_id" : "12714f170fc41ee91010bfb8bfd6b5c9"
      }
    },
    "credentials" : "********",
    "tags" : [ ],
    "type" : "managed"
  }
}, {
  "name" : "********",
  "metadata" : {
    "guid" : "67b06842-65c2-44d3-9ce0-5b5dfc51df85",
    "createdAt" : [ 2026, 8, 25, 8, 30, 23 ],
    "updatedAt" : [ 2026, 8, 25, 8, 30, 24 ]
  },
  "v3Metadata" : {
    "annotations" : {
      "mta_id" : "ResilienceCockpit",
      "mta_version" : "1.0.0"
    },
    "labels" : {
      "mta_id" : "12714f170fc41ee91010bfb8bfd6b5c9",
      "space_guid" : "039a1fe6-69a4-4c1e-9b8f-a64d47329d3e"
    }
  },
  "serviceInstance" : {
    "name" : "ResilienceCockpit-html5-repo-host",
    "metadata" : {
      "guid" : "fd6aaf90-4cca-4826-9764-60a919421480",
      "createdAt" : [ 2026, 8, 25, 8, 30, 6 ],
      "updatedAt" : [ 2026, 8, 25, 8, 30, 7 ]
    },
    "v3Metadata" : {
      "annotations" : {
        "mta_id" : "ResilienceCockpit",
        "mta_version" : "1.0.0",
        "mta_resource" : "{\"name\":\"ResilienceCockpit-html5-repo-host\"}"
      },
      "labels" : {
        "mta_id" : "12714f170fc41ee91010bfb8bfd6b5c9"
      }
    },
    "credentials" : "********",
    "tags" : [ ],
    "type" : "managed"
  }
} ]#
#2026 08 25 08:47:14.213#Z#DEBUG#9140a271-a061-11f1-b78a-eeee0a986e3f.OPERATION#flowable-async-job-executor-thread-11890#
Step "Detect Deployed MTA" finished#
#2026 08 25 08:47:14.231#Z#DEBUG#9140a271-a061-11f1-b78a-eeee0a986e3f.OPERATION#flowable-async-job-executor-thread-11890#
[XS2CollectSystemParametersStep] Executing task "collectSystemParametersTask" of process "9140a297-a061-11f1-b78a-eeee0a986e3f"...#
#2026 08 25 08:47:14.231#Z#DEBUG#9140a271-a061-11f1-b78a-eeee0a986e3f.OPERATION#flowable-async-job-executor-thread-11890#
[XS2CollectSystemParametersStep] Collecting system parameters...#
#2026 08 25 08:47:14.232#Z#DEBUG#9140a271-a061-11f1-b78a-eeee0a986e3f.OPERATION#flowable-async-job-executor-thread-11890#
[XS2CollectSystemParametersStep] Getting default domain...#
#2026 08 25 08:47:14.262#Z#DEBUG#9140a271-a061-11f1-b78a-eeee0a986e3f.OPERATION#flowable-async-job-executor-thread-11890#
[XS2CollectSystemParametersStep] Default domain: cfapps.us10-003.hana.ondemand.com#
#2026 08 25 08:47:14.263#Z#DEBUG#9140a271-a061-11f1-b78a-eeee0a986e3f.OPERATION#flowable-async-job-executor-thread-11890#
[XS2CollectSystemParametersStep] Checking for overwriting read-only parameters for mta with id: "ResilienceCockpit"#
#2026 08 25 08:47:14.263#Z#DEBUG#9140a271-a061-11f1-b78a-eeee0a986e3f.OPERATION#flowable-async-job-executor-thread-11890#
[XS2CollectSystemParametersStep] No read-only parameters are overwritten#
#2026 08 25 08:47:14.274#Z#DEBUG#9140a271-a061-11f1-b78a-eeee0a986e3f.OPERATION#flowable-async-job-executor-thread-11890#
[XS2CollectSystemParametersStep] Descriptor with system parameters: {
  "majorSchemaVersion" : 3,
  "schemaVersion" : "3.3.0",
  "id" : "ResilienceCockpit",
  "version" : "1.0.0",
  "modules" : [ {
    "majorSchemaVersion" : 3,
    "name" : "ResilienceCockpit-srv",
    "type" : "javascript.nodejs",
    "path" : "ResilienceCockpit-srv",
    "properties" : { },
    "parameters" : {
      "default-url" : "${protocol}://${default-uri}",
      "default-app-name" : "ResilienceCockpit-srv",
      "generated-password" : "********",
      "default-live-url" : "${protocol}://${default-live-uri}",
      "default-uri" : "${host}.${domain}",
      "default-instances" : 1,
      "default-live-host" : "94060551trial-dev-resiliencecockpit-srv",
      "instances" : 1,
      "buildpack" : "nodejs_buildpack",
      "default-host" : "94060551trial-dev-resiliencecockpit-srv",
      "app-name" : "${default-app-name}",
      "default-live-uri" : "94060551trial-dev-resiliencecockpit-srv.${domain}",
      "protocol" : "https",
      "default-live-app-name" : "ResilienceCockpit-srv",
      "default-live-domain" : "cfapps.us10-003.hana.ondemand.com",
      "domain" : "${default-domain}",
      "host" : "${default-host}",
      "generated-user" : "********"
    },
    "requiredDependencies" : [ {
      "majorSchemaVersion" : 3,
      "name" : "********",
      "properties" : { },
      "parameters" : { },
      "propertiesMetadata" : {
        "metadata" : { }
      },
      "parametersMetadata" : {
        "metadata" : { }
      }
    }, {
      "majorSchemaVersion" : 3,
      "name" : "ResilienceCockpit-db",
      "properties" : { },
      "parameters" : { },
      "propertiesMetadata" : {
        "metadata" : { }
      },
      "parametersMetadata" : {
        "metadata" : { }
      }
    }, {
      "majorSchemaVersion" : 3,
      "name" : "ResilienceCockpit-connectivity",
      "properties" : { },
      "parameters" : { },
      "propertiesMetadata" : {
        "metadata" : { }
      },
      "parametersMetadata" : {
        "metadata" : { }
      }
    }, {
      "majorSchemaVersion" : 3,
      "name" : "ResilienceCockpit-destination",
      "properties" : { },
      "parameters" : { },
      "propertiesMetadata" : {
        "metadata" : { }
      },
      "parametersMetadata" : {
        "metadata" : { }
      }
    }, {
      "majorSchemaVersion" : 3,
      "name" : "ResilienceCockpit-logging",
      "properties" : { },
      "parameters" : { },
      "propertiesMetadata" : {
        "metadata" : { }
      },
      "parametersMetadata" : {
        "metadata" : { }
      }
    } ],
    "providedDependencies" : [ {
      "majorSchemaVersion" : 3,
      "name" : "srv-api",
      "isPublic" : false,
      "properties" : {
        "srv-url" : "${default-url}"
      },
      "parameters" : { },
      "propertiesMetadata" : {
        "metadata" : { }
      },
      "parametersMetadata" : {
        "metadata" : { }
      }
    }, {
      "majorSchemaVersion" : 3,
      "name" : "ResilienceCockpit-srv",
      "isPublic" : false,
      "properties" : { },
      "parameters" : { },
      "propertiesMetadata" : {
        "metadata" : { }
      },
      "parametersMetadata" : {
        "metadata" : { }
      }
    } ],
    "propertiesMetadata" : {
      "metadata" : { }
    },
    "parametersMetadata" : {
      "metadata" : { }
    },
    "hooks" : [ ]
  }, {
    "majorSchemaVersion" : 3,
    "name" : "ResilienceCockpit-db-deployer",
    "type" : "com.sap.xs.hdi",
    "path" : "ResilienceCockpit-db-deployer",
    "properties" : {
      "EXIT" : 1
    },
    "parameters" : {
      "default-url" : "${protocol}://${default-uri}",
      "default-app-name" : "ResilienceCockpit-db-deployer",
      "generated-password" : "********",
      "default-live-url" : "${protocol}://${default-live-uri}",
      "default-uri" : "${host}.${domain}",
      "memory" : "256M",
      "default-instances" : 1,
      "no-route" : true,
      "default-live-host" : "94060551trial-dev-resiliencecockpit-db-deployer",
      "instances" : "${default-instances}",
      "buildpack" : "nodejs_buildpack",
      "default-host" : "94060551trial-dev-resiliencecockpit-db-deployer",
      "app-name" : "${default-app-name}",
      "default-live-uri" : "94060551trial-dev-resiliencecockpit-db-deployer.${domain}",
      "protocol" : "https",
      "default-live-app-name" : "ResilienceCockpit-db-deployer",
      "default-live-domain" : "cfapps.us10-003.hana.ondemand.com",
      "dependency-type" : "hard",
      "domain" : "${default-domain}",
      "host" : "${default-host}",
      "generated-user" : "********",
      "tasks" : [ {
        "name" : "deploy",
        "memory" : "256M",
        "command" : "npm start"
      } ],
      "no-start" : true
    },
    "requiredDependencies" : [ {
      "majorSchemaVersion" : 3,
      "name" : "ResilienceCockpit-db",
      "properties" : { },
      "parameters" : { },
      "propertiesMetadata" : {
        "metadata" : { }
      },
      "parametersMetadata" : {
        "metadata" : { }
      }
    } ],
    "providedDependencies" : [ {
      "majorSchemaVersion" : 3,
      "name" : "ResilienceCockpit-db-deployer",
      "isPublic" : false,
      "properties" : { },
      "parameters" : { },
      "propertiesMetadata" : {
        "metadata" : { }
      },
      "parametersMetadata" : {
        "metadata" : { }
      }
    } ],
    "propertiesMetadata" : {
      "metadata" : { }
    },
    "parametersMetadata" : {
      "metadata" : { }
    },
    "hooks" : [ ]
  }, {
    "majorSchemaVersion" : 3,
    "name" : "ResilienceCockpit-app-deployer",
    "type" : "com.sap.application.content",
    "path" : "ResilienceCockpit-app-deployer",
    "properties" : { },
    "parameters" : {
      "default-url" : "${protocol}://${default-uri}",
      "default-app-name" : "ResilienceCockpit-app-deployer",
      "generated-password" : "********",
      "default-live-url" : "${protocol}://${default-live-uri}",
      "default-uri" : "${host}.${domain}",
      "default-instances" : 1,
      "default-live-host" : "94060551trial-dev-resiliencecockpit-app-deployer",
      "instances" : "${default-instances}",
      "default-host" : "94060551trial-dev-resiliencecockpit-app-deployer",
      "app-name" : "${default-app-name}",
      "default-live-uri" : "94060551trial-dev-resiliencecockpit-app-deployer.${domain}",
      "protocol" : "https",
      "default-live-app-name" : "ResilienceCockpit-app-deployer",
      "default-live-domain" : "cfapps.us10-003.hana.ondemand.com",
      "domain" : "${default-domain}",
      "host" : "${default-host}",
      "generated-user" : "********"
    },
    "requiredDependencies" : [ {
      "majorSchemaVersion" : 3,
      "name" : "********",
      "properties" : { },
      "parameters" : { },
      "propertiesMetadata" : {
        "metadata" : { }
      },
      "parametersMetadata" : {
        "metadata" : { }
      }
    }, {
      "majorSchemaVersion" : 3,
      "name" : "srv-api",
      "properties" : { },
      "parameters" : { },
      "propertiesMetadata" : {
        "metadata" : { }
      },
      "parametersMetadata" : {
        "metadata" : { }
      }
    }, {
      "majorSchemaVersion" : 3,
      "name" : "ResilienceCockpit-html5-repo-host",
      "properties" : { },
      "parameters" : {
        "config" : {
          "HTML5Runtime_enabled" : false
        },
        "content-target" : true
      },
      "propertiesMetadata" : {
        "metadata" : { }
      },
      "parametersMetadata" : {
        "metadata" : { }
      }
    } ],
    "providedDependencies" : [ {
      "majorSchemaVersion" : 3,
      "name" : "ResilienceCockpit-app-deployer",
      "isPublic" : false,
      "properties" : { },
      "parameters" : { },
      "propertiesMetadata" : {
        "metadata" : { }
      },
      "parametersMetadata" : {
        "metadata" : { }
      }
    } ],
    "propertiesMetadata" : {
      "metadata" : { }
    },
    "parametersMetadata" : {
      "metadata" : { }
    },
    "hooks" : [ ]
  }, {
    "majorSchemaVersion" : 3,
    "name" : "ResilienceCockpit-destination-content",
    "type" : "com.sap.application.content",
    "properties" : { },
    "parameters" : {
      "default-url" : "${protocol}://${default-uri}",
      "default-app-name" : "ResilienceCockpit-destination-content",
      "generated-password" : "********",
      "default-live-url" : "${protocol}://${default-live-uri}",
      "default-uri" : "${host}.${domain}",
      "default-instances" : 1,
      "default-live-host" : "94060551trial-dev-resiliencecockpit-destination-content",
      "instances" : "${default-instances}",
      "default-host" : "94060551trial-dev-resiliencecockpit-destination-content",
      "content" : {
        "instance" : {
          "destinations" : [ {
            "Authentication" : "********",
            "Name" : "srv-api",
            "TokenServiceInstanceName" : "********",
            "TokenServiceKeyName" : "********",
            "URL" : "~{srv-api/srv-url}"
          }, {
            "Name" : "ResilienceCockpit-html5-repo-host",
            "ServiceInstanceName" : "ResilienceCockpit-html5-repo-host",
            "ServiceKeyName" : "********",
            "sap.cloud.service" : "nexus"
          }, {
            "Authentication" : "********",
            "Name" : "********",
            "ServiceInstanceName" : "********",
            "ServiceKeyName" : "********"
          } ],
          "existing_destinations_policy" : "update"
        }
      },
      "app-name" : "${default-app-name}",
      "default-live-uri" : "94060551trial-dev-resiliencecockpit-destination-content.${domain}",
      "protocol" : "https",
      "default-live-app-name" : "ResilienceCockpit-destination-content",
      "default-live-domain" : "cfapps.us10-003.hana.ondemand.com",
      "domain" : "${default-domain}",
      "host" : "${default-host}",
      "generated-user" : "********"
    },
    "requiredDependencies" : [ {
      "majorSchemaVersion" : 3,
      "name" : "********",
      "properties" : { },
      "parameters" : {
        "service-key" : "********"
      },
      "propertiesMetadata" : {
        "metadata" : { }
      },
      "parametersMetadata" : {
        "metadata" : { }
      }
    }, {
      "majorSchemaVersion" : 3,
      "name" : "ResilienceCockpit-html5-repo-host",
      "properties" : { },
      "parameters" : {
        "service-key" : "********"
      },
      "propertiesMetadata" : {
        "metadata" : { }
      },
      "parametersMetadata" : {
        "metadata" : { }
      }
    }, {
      "majorSchemaVersion" : 3,
      "name" : "srv-api",
      "properties" : { },
      "parameters" : { },
      "propertiesMetadata" : {
        "metadata" : { }
      },
      "parametersMetadata" : {
        "metadata" : { }
      }
    }, {
      "majorSchemaVersion" : 3,
      "name" : "ResilienceCockpit-destination",
      "properties" : { },
      "parameters" : {
        "content-target" : true
      },
      "propertiesMetadata" : {
        "metadata" : { }
      },
      "parametersMetadata" : {
        "metadata" : { }
      }
    } ],
    "providedDependencies" : [ {
      "majorSchemaVersion" : 3,
      "name" : "ResilienceCockpit-destination-content",
      "isPublic" : false,
      "properties" : { },
      "parameters" : { },
      "propertiesMetadata" : {
        "metadata" : { }
      },
      "parametersMetadata" : {
        "metadata" : { }
      }
    } ],
    "propertiesMetadata" : {
      "metadata" : { }
    },
    "parametersMetadata" : {
      "metadata" : { }
    },
    "hooks" : [ ]
  } ],
  "resources" : [ {
    "majorSchemaVersion" : 3,
    "name" : "********",
    "type" : "org.cloudfoundry.managed-service",
    "properties" : { },
    "parameters" : {
      "generated-password" : "********",
      "path" : "./xs-security.json",
      "service-name" : "${default-service-name}",
      "service-plan" : "application",
      "service" : "xsuaa",
      "generated-user" : "********",
      "default-xsappname" : "********",
      "type" : "managed-service",
      "config" : {
        "oauth2-configuration" : "********",
        "tenant-mode" : "dedicated",
        "xsappname" : "ResilienceCockpit-${org}-${space}"
      },
      "default-service-name" : "********",
      "default-container-name" : "********"
    },
    "isActive" : true,
    "isOptional" : false,
    "propertiesMetadata" : {
      "metadata" : { }
    },
    "parametersMetadata" : {
      "metadata" : { }
    },
    "requiredDependencies" : [ ],
    "processedAfter" : [ ]
  }, {
    "majorSchemaVersion" : 3,
    "name" : "ResilienceCockpit-db",
    "type" : "com.sap.xs.hdi-container",
    "properties" : { },
    "parameters" : {
      "generated-password" : "********",
      "service-name" : "${default-service-name}",
      "service-plan" : "hdi-shared",
      "service" : "hana",
      "generated-user" : "********",
      "default-xsappname" : "ResilienceCockpit-db",
      "type" : "managed-service",
      "default-service-name" : "ResilienceCockpit-db",
      "default-container-name" : "94060551TRIAL_DEV_RESILIENCECOCKPIT_DB"
    },
    "isActive" : true,
    "isOptional" : false,
    "propertiesMetadata" : {
      "metadata" : { }
    },
    "parametersMetadata" : {
      "metadata" : { }
    },
    "requiredDependencies" : [ ],
    "processedAfter" : [ ]
  }, {
    "majorSchemaVersion" : 3,
    "name" : "ResilienceCockpit-connectivity",
    "type" : "org.cloudfoundry.managed-service",
    "properties" : { },
    "parameters" : {
      "generated-password" : "********",
      "service-name" : "${default-service-name}",
      "service-plan" : "lite",
      "service" : "connectivity",
      "generated-user" : "********",
      "default-xsappname" : "ResilienceCockpit-connectivity",
      "type" : "managed-service",
      "default-service-name" : "ResilienceCockpit-connectivity",
      "default-container-name" : "94060551TRIAL_DEV_RESILIENCECOCKPIT_CONNECTIVITY"
    },
    "isActive" : true,
    "isOptional" : false,
    "propertiesMetadata" : {
      "metadata" : { }
    },
    "parametersMetadata" : {
      "metadata" : { }
    },
    "requiredDependencies" : [ ],
    "processedAfter" : [ ]
  }, {
    "majorSchemaVersion" : 3,
    "name" : "ResilienceCockpit-destination",
    "type" : "org.cloudfoundry.managed-service",
    "properties" : { },
    "parameters" : {
      "generated-password" : "********",
      "service-name" : "${default-service-name}",
      "service-plan" : "lite",
      "service" : "destination",
      "generated-user" : "********",
      "default-xsappname" : "ResilienceCockpit-destination",
      "type" : "managed-service",
      "config" : {
        "HTML5Runtime_enabled" : true,
        "init_data" : {
          "instance" : {
            "destinations" : [ {
              "Authentication" : "********",
              "Name" : "ui5",
              "ProxyType" : "Internet",
              "Type" : "HTTP",
              "URL" : "https://ui5.sap.com"
            }, {
              "Authentication" : "********",
              "HTML5.DynamicDestination" : true,
              "HTML5.ForwardAuthToken" : "********",
              "Name" : "srv-api",
              "ProxyType" : "Internet",
              "Type" : "HTTP",
              "URL" : "~{srv-api/srv-url}"
            } ],
            "existing_destinations_policy" : "update"
          }
        }
      },
      "default-service-name" : "ResilienceCockpit-destination",
      "default-container-name" : "94060551TRIAL_DEV_RESILIENCECOCKPIT_DESTINATION"
    },
    "isActive" : true,
    "isOptional" : false,
    "propertiesMetadata" : {
      "metadata" : { }
    },
    "parametersMetadata" : {
      "metadata" : { }
    },
    "requiredDependencies" : [ {
      "majorSchemaVersion" : 3,
      "name" : "srv-api",
      "properties" : { },
      "parameters" : { },
      "propertiesMetadata" : {
        "metadata" : { }
      },
      "parametersMetadata" : {
        "metadata" : { }
      }
    } ],
    "processedAfter" : [ ]
  }, {
    "majorSchemaVersion" : 3,
    "name" : "ResilienceCockpit-html5-repo-host",
    "type" : "org.cloudfoundry.managed-service",
    "properties" : { },
    "parameters" : {
      "generated-password" : "********",
      "service-name" : "${default-service-name}",
      "service-plan" : "app-host",
      "service" : "html5-apps-repo",
      "generated-user" : "********",
      "default-xsappname" : "ResilienceCockpit-html5-repo-host",
      "type" : "managed-service",
      "default-service-name" : "ResilienceCockpit-html5-repo-host",
      "default-container-name" : "94060551TRIAL_DEV_RESILIENCECOCKPIT_HTML5_REPO_HOST"
    },
    "isActive" : true,
    "isOptional" : false,
    "propertiesMetadata" : {
      "metadata" : { }
    },
    "parametersMetadata" : {
      "metadata" : { }
    },
    "requiredDependencies" : [ ],
    "processedAfter" : [ ]
  }, {
    "majorSchemaVersion" : 3,
    "name" : "ResilienceCockpit-logging",
    "type" : "org.cloudfoundry.managed-service",
    "properties" : { },
    "parameters" : {
      "generated-password" : "********",
      "service-name" : "${default-service-name}",
      "service-plan" : "lite",
      "service" : "application-logs",
      "generated-user" : "********",
      "default-xsappname" : "ResilienceCockpit-logging",
      "type" : "managed-service",
      "default-service-name" : "ResilienceCockpit-logging",
      "default-container-name" : "94060551TRIAL_DEV_RESILIENCECOCKPIT_LOGGING"
    },
    "isActive" : true,
    "isOptional" : false,
    "propertiesMetadata" : {
      "metadata" : { }
    },
    "parametersMetadata" : {
      "metadata" : { }
    },
    "requiredDependencies" : [ ],
    "processedAfter" : [ ]
  } ],
  "parameters" : {
    "deploy_mode" : "html5-repo",
    "mta-id" : "ResilienceCockpit",
    "authorization-url" : "********",
    "org-guid" : "78e7b825-503f-4bdc-af4e-be86d7f43c8e",
    "org" : "94060551trial",
    "deploy-target" : "94060551trial dev",
    "enable-parallel-deployments" : true,
    "space" : "dev",
    "xs-api-url" : "https://api.cf.us10-003.hana.ondemand.com",
    "deploy-url" : "deploy-service.cfapps.us10-003.hana.ondemand.com",
    "xs-type" : "CF",
    "default-domain" : "cfapps.us10-003.hana.ondemand.com",
    "mta-version" : "1.0.0",
    "xs-auth-url" : "********",
    "space-guid" : "039a1fe6-69a4-4c1e-9b8f-a64d47329d3e",
    "user" : "********",
    "controller-url" : "https://api.cf.us10-003.hana.ondemand.com",
    "timestamp" : "20260825084713"
  },
  "parametersMetadata" : {
    "metadata" : { }
  }
}#
#2026 08 25 08:47:14.275#Z#DEBUG#9140a271-a061-11f1-b78a-eeee0a986e3f.OPERATION#flowable-async-job-executor-thread-11890#
[XS2CollectSystemParametersStep] Version rule: SAME_HIGHER#
#2026 08 25 08:47:14.275#Z#INFO#9140a271-a061-11f1-b78a-eeee0a986e3f.OPERATION#flowable-async-job-executor-thread-11890#
[XS2CollectSystemParametersStep] Detected new MTA version: "1.0.0"#
#2026 08 25 08:47:14.280#Z#INFO#9140a271-a061-11f1-b78a-eeee0a986e3f.OPERATION#flowable-async-job-executor-thread-11890#
[XS2CollectSystemParametersStep] Deployed MTA version: "1.0.0"#
#2026 08 25 08:47:14.283#Z#DEBUG#9140a271-a061-11f1-b78a-eeee0a986e3f.OPERATION#flowable-async-job-executor-thread-11890#
[XS2CollectSystemParametersStep] MTA accepted for deployment#
#2026 08 25 08:47:14.283#Z#DEBUG#9140a271-a061-11f1-b78a-eeee0a986e3f.OPERATION#flowable-async-job-executor-thread-11890#
[XS2CollectSystemParametersStep] System parameters collected#
#2026 08 25 08:47:14.283#Z#DEBUG#9140a271-a061-11f1-b78a-eeee0a986e3f.OPERATION#flowable-async-job-executor-thread-11890#
Step "Collect System Parameters" finished#
#2026 08 25 08:47:14.300#Z#DEBUG#9140a271-a061-11f1-b78a-eeee0a986e3f.OPERATION#flowable-async-job-executor-thread-11890#
[ProcessDescriptorStep] Executing task "processDescriptorTask" of process "9140a297-a061-11f1-b78a-eeee0a986e3f"...#
#2026 08 25 08:47:14.300#Z#DEBUG#9140a271-a061-11f1-b78a-eeee0a986e3f.OPERATION#flowable-async-job-executor-thread-11890#
[ProcessDescriptorStep] Resolving properties and parameters in merged descriptor...#
#2026 08 25 08:47:14.303#Z#DEBUG#9140a271-a061-11f1-b78a-eeee0a986e3f.OPERATION#flowable-async-job-executor-thread-11890#
[ProcessDescriptorStep] Subscriptions: [ ]#
#2026 08 25 08:47:14.304#Z#DEBUG#9140a271-a061-11f1-b78a-eeee0a986e3f.OPERATION#flowable-async-job-executor-thread-11890#
[ProcessDescriptorStep] MTA modules: [ResilienceCockpit-srv, ResilienceCockpit-app-deployer, ResilienceCockpit-destination-content, ResilienceCockpit-db-deployer]#
#2026 08 25 08:47:14.305#Z#DEBUG#9140a271-a061-11f1-b78a-eeee0a986e3f.OPERATION#flowable-async-job-executor-thread-11890#
[ProcessDescriptorStep] Resolved deployment descriptor: {
  "majorSchemaVersion" : 3,
  "schemaVersion" : "3.3.0",
  "id" : "ResilienceCockpit",
  "version" : "1.0.0",
  "modules" : [ {
    "majorSchemaVersion" : 3,
    "name" : "ResilienceCockpit-srv",
    "type" : "javascript.nodejs",
    "path" : "ResilienceCockpit-srv",
    "properties" : { },
    "parameters" : {
      "default-url" : "https://94060551trial-dev-resiliencecockpit-srv.cfapps.us10-003.hana.ondemand.com",
      "default-app-name" : "ResilienceCockpit-srv",
      "generated-password" : "********",
      "default-live-url" : "https://94060551trial-dev-resiliencecockpit-srv.cfapps.us10-003.hana.ondemand.com",
      "default-uri" : "94060551trial-dev-resiliencecockpit-srv.cfapps.us10-003.hana.ondemand.com",
      "default-instances" : 1,
      "default-live-host" : "94060551trial-dev-resiliencecockpit-srv",
      "instances" : 1,
      "buildpack" : "nodejs_buildpack",
      "default-host" : "94060551trial-dev-resiliencecockpit-srv",
      "app-name" : "ResilienceCockpit-srv",
      "default-live-uri" : "94060551trial-dev-resiliencecockpit-srv.cfapps.us10-003.hana.ondemand.com",
      "protocol" : "https",
      "default-live-app-name" : "ResilienceCockpit-srv",
      "default-live-domain" : "cfapps.us10-003.hana.ondemand.com",
      "domain" : "cfapps.us10-003.hana.ondemand.com",
      "host" : "94060551trial-dev-resiliencecockpit-srv",
      "generated-user" : "********"
    },
    "requiredDependencies" : [ {
      "majorSchemaVersion" : 3,
      "name" : "********",
      "properties" : { },
      "parameters" : { },
      "propertiesMetadata" : {
        "metadata" : { }
      },
      "parametersMetadata" : {
        "metadata" : { }
      }
    }, {
      "majorSchemaVersion" : 3,
      "name" : "ResilienceCockpit-db",
      "properties" : { },
      "parameters" : { },
      "propertiesMetadata" : {
        "metadata" : { }
      },
      "parametersMetadata" : {
        "metadata" : { }
      }
    }, {
      "majorSchemaVersion" : 3,
      "name" : "ResilienceCockpit-connectivity",
      "properties" : { },
      "parameters" : { },
      "propertiesMetadata" : {
        "metadata" : { }
      },
      "parametersMetadata" : {
        "metadata" : { }
      }
    }, {
      "majorSchemaVersion" : 3,
      "name" : "ResilienceCockpit-destination",
      "properties" : { },
      "parameters" : { },
      "propertiesMetadata" : {
        "metadata" : { }
      },
      "parametersMetadata" : {
        "metadata" : { }
      }
    }, {
      "majorSchemaVersion" : 3,
      "name" : "ResilienceCockpit-logging",
      "properties" : { },
      "parameters" : { },
      "propertiesMetadata" : {
        "metadata" : { }
      },
      "parametersMetadata" : {
        "metadata" : { }
      }
    } ],
    "providedDependencies" : [ {
      "majorSchemaVersion" : 3,
      "name" : "srv-api",
      "isPublic" : false,
      "properties" : {
        "srv-url" : "https://94060551trial-dev-resiliencecockpit-srv.cfapps.us10-003.hana.ondemand.com"
      },
      "parameters" : { },
      "propertiesMetadata" : {
        "metadata" : { }
      },
      "parametersMetadata" : {
        "metadata" : { }
      }
    }, {
      "majorSchemaVersion" : 3,
      "name" : "ResilienceCockpit-srv",
      "isPublic" : false,
      "properties" : { },
      "parameters" : { },
      "propertiesMetadata" : {
        "metadata" : { }
      },
      "parametersMetadata" : {
        "metadata" : { }
      }
    } ],
    "propertiesMetadata" : {
      "metadata" : { }
    },
    "parametersMetadata" : {
      "metadata" : { }
    },
    "hooks" : [ ]
  }, {
    "majorSchemaVersion" : 3,
    "name" : "ResilienceCockpit-db-deployer",
    "type" : "com.sap.xs.hdi",
    "path" : "ResilienceCockpit-db-deployer",
    "properties" : {
      "EXIT" : 1
    },
    "parameters" : {
      "default-url" : "https://94060551trial-dev-resiliencecockpit-db-deployer.cfapps.us10-003.hana.ondemand.com",
      "default-app-name" : "ResilienceCockpit-db-deployer",
      "generated-password" : "********",
      "default-live-url" : "https://94060551trial-dev-resiliencecockpit-db-deployer.cfapps.us10-003.hana.ondemand.com",
      "default-uri" : "94060551trial-dev-resiliencecockpit-db-deployer.cfapps.us10-003.hana.ondemand.com",
      "memory" : "256M",
      "default-instances" : 1,
      "no-route" : true,
      "default-live-host" : "94060551trial-dev-resiliencecockpit-db-deployer",
      "instances" : 1,
      "buildpack" : "nodejs_buildpack",
      "default-host" : "94060551trial-dev-resiliencecockpit-db-deployer",
      "app-name" : "ResilienceCockpit-db-deployer",
      "default-live-uri" : "94060551trial-dev-resiliencecockpit-db-deployer.cfapps.us10-003.hana.ondemand.com",
      "protocol" : "https",
      "default-live-app-name" : "ResilienceCockpit-db-deployer",
      "default-live-domain" : "cfapps.us10-003.hana.ondemand.com",
      "dependency-type" : "hard",
      "domain" : "cfapps.us10-003.hana.ondemand.com",
      "host" : "94060551trial-dev-resiliencecockpit-db-deployer",
      "generated-user" : "********",
      "tasks" : [ {
        "command" : "npm start",
        "memory" : "256M",
        "name" : "deploy"
      } ],
      "no-start" : true
    },
    "requiredDependencies" : [ {
      "majorSchemaVersion" : 3,
      "name" : "ResilienceCockpit-db",
      "properties" : { },
      "parameters" : { },
      "propertiesMetadata" : {
        "metadata" : { }
      },
      "parametersMetadata" : {
        "metadata" : { }
      }
    } ],
    "providedDependencies" : [ {
      "majorSchemaVersion" : 3,
      "name" : "ResilienceCockpit-db-deployer",
      "isPublic" : false,
      "properties" : { },
      "parameters" : { },
      "propertiesMetadata" : {
        "metadata" : { }
      },
      "parametersMetadata" : {
        "metadata" : { }
      }
    } ],
    "propertiesMetadata" : {
      "metadata" : { }
    },
    "parametersMetadata" : {
      "metadata" : { }
    },
    "hooks" : [ ]
  }, {
    "majorSchemaVersion" : 3,
    "name" : "ResilienceCockpit-app-deployer",
    "type" : "com.sap.application.content",
    "path" : "ResilienceCockpit-app-deployer",
    "properties" : { },
    "parameters" : {
      "default-url" : "https://94060551trial-dev-resiliencecockpit-app-deployer.cfapps.us10-003.hana.ondemand.com",
      "default-app-name" : "ResilienceCockpit-app-deployer",
      "generated-password" : "********",
      "default-live-url" : "https://94060551trial-dev-resiliencecockpit-app-deployer.cfapps.us10-003.hana.ondemand.com",
      "default-uri" : "94060551trial-dev-resiliencecockpit-app-deployer.cfapps.us10-003.hana.ondemand.com",
      "default-instances" : 1,
      "default-live-host" : "94060551trial-dev-resiliencecockpit-app-deployer",
      "instances" : 1,
      "default-host" : "94060551trial-dev-resiliencecockpit-app-deployer",
      "app-name" : "ResilienceCockpit-app-deployer",
      "default-live-uri" : "94060551trial-dev-resiliencecockpit-app-deployer.cfapps.us10-003.hana.ondemand.com",
      "protocol" : "https",
      "default-live-app-name" : "ResilienceCockpit-app-deployer",
      "default-live-domain" : "cfapps.us10-003.hana.ondemand.com",
      "domain" : "cfapps.us10-003.hana.ondemand.com",
      "host" : "94060551trial-dev-resiliencecockpit-app-deployer",
      "generated-user" : "********"
    },
    "requiredDependencies" : [ {
      "majorSchemaVersion" : 3,
      "name" : "********",
      "properties" : { },
      "parameters" : { },
      "propertiesMetadata" : {
        "metadata" : { }
      },
      "parametersMetadata" : {
        "metadata" : { }
      }
    }, {
      "majorSchemaVersion" : 3,
      "name" : "srv-api",
      "properties" : { },
      "parameters" : { },
      "propertiesMetadata" : {
        "metadata" : { }
      },
      "parametersMetadata" : {
        "metadata" : { }
      }
    }, {
      "majorSchemaVersion" : 3,
      "name" : "ResilienceCockpit-html5-repo-host",
      "properties" : { },
      "parameters" : {
        "config" : {
          "HTML5Runtime_enabled" : false
        },
        "content-target" : true
      },
      "propertiesMetadata" : {
        "metadata" : { }
      },
      "parametersMetadata" : {
        "metadata" : { }
      }
    } ],
    "providedDependencies" : [ {
      "majorSchemaVersion" : 3,
      "name" : "ResilienceCockpit-app-deployer",
      "isPublic" : false,
      "properties" : { },
      "parameters" : { },
      "propertiesMetadata" : {
        "metadata" : { }
      },
      "parametersMetadata" : {
        "metadata" : { }
      }
    } ],
    "propertiesMetadata" : {
      "metadata" : { }
    },
    "parametersMetadata" : {
      "metadata" : { }
    },
    "hooks" : [ ]
  }, {
    "majorSchemaVersion" : 3,
    "name" : "ResilienceCockpit-destination-content",
    "type" : "com.sap.application.content",
    "properties" : { },
    "parameters" : {
      "default-url" : "https://94060551trial-dev-resiliencecockpit-destination-content.cfapps.us10-003.hana.ondemand.com",
      "default-app-name" : "ResilienceCockpit-destination-content",
      "generated-password" : "********",
      "default-live-url" : "https://94060551trial-dev-resiliencecockpit-destination-content.cfapps.us10-003.hana.ondemand.com",
      "default-uri" : "94060551trial-dev-resiliencecockpit-destination-content.cfapps.us10-003.hana.ondemand.com",
      "default-instances" : 1,
      "default-live-host" : "94060551trial-dev-resiliencecockpit-destination-content",
      "instances" : 1,
      "default-host" : "94060551trial-dev-resiliencecockpit-destination-content",
      "content" : {
        "instance" : {
          "destinations" : [ {
            "Authentication" : "********",
            "Name" : "srv-api",
            "TokenServiceInstanceName" : "********",
            "TokenServiceKeyName" : "********",
            "URL" : "https://94060551trial-dev-resiliencecockpit-srv.cfapps.us10-003.hana.ondemand.com"
          }, {
            "Name" : "ResilienceCockpit-html5-repo-host",
            "ServiceInstanceName" : "ResilienceCockpit-html5-repo-host",
            "ServiceKeyName" : "********",
            "sap.cloud.service" : "nexus"
          }, {
            "Authentication" : "********",
            "Name" : "********",
            "ServiceInstanceName" : "********",
            "ServiceKeyName" : "********"
          } ],
          "existing_destinations_policy" : "update"
        }
      },
      "app-name" : "ResilienceCockpit-destination-content",
      "default-live-uri" : "94060551trial-dev-resiliencecockpit-destination-content.cfapps.us10-003.hana.ondemand.com",
      "protocol" : "https",
      "default-live-app-name" : "ResilienceCockpit-destination-content",
      "default-live-domain" : "cfapps.us10-003.hana.ondemand.com",
      "domain" : "cfapps.us10-003.hana.ondemand.com",
      "host" : "94060551trial-dev-resiliencecockpit-destination-content",
      "generated-user" : "********"
    },
    "requiredDependencies" : [ {
      "majorSchemaVersion" : 3,
      "name" : "********",
      "properties" : { },
      "parameters" : {
        "service-key" : "********"
      },
      "propertiesMetadata" : {
        "metadata" : { }
      },
      "parametersMetadata" : {
        "metadata" : { }
      }
    }, {
      "majorSchemaVersion" : 3,
      "name" : "ResilienceCockpit-html5-repo-host",
      "properties" : { },
      "parameters" : {
        "service-key" : "********"
      },
      "propertiesMetadata" : {
        "metadata" : { }
      },
      "parametersMetadata" : {
        "metadata" : { }
      }
    }, {
      "majorSchemaVersion" : 3,
      "name" : "srv-api",
      "properties" : { },
      "parameters" : { },
      "propertiesMetadata" : {
        "metadata" : { }
      },
      "parametersMetadata" : {
        "metadata" : { }
      }
    }, {
      "majorSchemaVersion" : 3,
      "name" : "ResilienceCockpit-destination",
      "properties" : { },
      "parameters" : {
        "content-target" : true
      },
      "propertiesMetadata" : {
        "metadata" : { }
      },
      "parametersMetadata" : {
        "metadata" : { }
      }
    } ],
    "providedDependencies" : [ {
      "majorSchemaVersion" : 3,
      "name" : "ResilienceCockpit-destination-content",
      "isPublic" : false,
      "properties" : { },
      "parameters" : { },
      "propertiesMetadata" : {
        "metadata" : { }
      },
      "parametersMetadata" : {
        "metadata" : { }
      }
    } ],
    "propertiesMetadata" : {
      "metadata" : { }
    },
    "parametersMetadata" : {
      "metadata" : { }
    },
    "hooks" : [ ]
  } ],
  "resources" : [ {
    "majorSchemaVersion" : 3,
    "name" : "********",
    "type" : "org.cloudfoundry.managed-service",
    "properties" : { },
    "parameters" : {
      "generated-password" : "********",
      "path" : "./xs-security.json",
      "service-name" : "********",
      "service-plan" : "application",
      "service" : "xsuaa",
      "generated-user" : "********",
      "default-xsappname" : "********",
      "type" : "managed-service",
      "config" : {
        "oauth2-configuration" : "********",
        "tenant-mode" : "dedicated",
        "xsappname" : "ResilienceCockpit-94060551trial-dev"
      },
      "default-service-name" : "********",
      "default-container-name" : "********"
    },
    "isActive" : true,
    "isOptional" : false,
    "propertiesMetadata" : {
      "metadata" : { }
    },
    "parametersMetadata" : {
      "metadata" : { }
    },
    "requiredDependencies" : [ ],
    "processedAfter" : [ ]
  }, {
    "majorSchemaVersion" : 3,
    "name" : "ResilienceCockpit-db",
    "type" : "com.sap.xs.hdi-container",
    "properties" : { },
    "parameters" : {
      "generated-password" : "********",
      "service-name" : "ResilienceCockpit-db",
      "service-plan" : "hdi-shared",
      "service" : "hana",
      "generated-user" : "********",
      "default-xsappname" : "ResilienceCockpit-db",
      "type" : "managed-service",
      "default-service-name" : "ResilienceCockpit-db",
      "default-container-name" : "94060551TRIAL_DEV_RESILIENCECOCKPIT_DB"
    },
    "isActive" : true,
    "isOptional" : false,
    "propertiesMetadata" : {
      "metadata" : { }
    },
    "parametersMetadata" : {
      "metadata" : { }
    },
    "requiredDependencies" : [ ],
    "processedAfter" : [ ]
  }, {
    "majorSchemaVersion" : 3,
    "name" : "ResilienceCockpit-connectivity",
    "type" : "org.cloudfoundry.managed-service",
    "properties" : { },
    "parameters" : {
      "generated-password" : "********",
      "service-name" : "ResilienceCockpit-connectivity",
      "service-plan" : "lite",
      "service" : "connectivity",
      "generated-user" : "********",
      "default-xsappname" : "ResilienceCockpit-connectivity",
      "type" : "managed-service",
      "default-service-name" : "ResilienceCockpit-connectivity",
      "default-container-name" : "94060551TRIAL_DEV_RESILIENCECOCKPIT_CONNECTIVITY"
    },
    "isActive" : true,
    "isOptional" : false,
    "propertiesMetadata" : {
      "metadata" : { }
    },
    "parametersMetadata" : {
      "metadata" : { }
    },
    "requiredDependencies" : [ ],
    "processedAfter" : [ ]
  }, {
    "majorSchemaVersion" : 3,
    "name" : "ResilienceCockpit-destination",
    "type" : "org.cloudfoundry.managed-service",
    "properties" : { },
    "parameters" : {
      "generated-password" : "********",
      "service-name" : "ResilienceCockpit-destination",
      "service-plan" : "lite",
      "service" : "destination",
      "generated-user" : "********",
      "default-xsappname" : "ResilienceCockpit-destination",
      "type" : "managed-service",
      "config" : {
        "HTML5Runtime_enabled" : true,
        "init_data" : {
          "instance" : {
            "destinations" : [ {
              "Authentication" : "********",
              "Name" : "ui5",
              "ProxyType" : "Internet",
              "Type" : "HTTP",
              "URL" : "https://ui5.sap.com"
            }, {
              "Authentication" : "********",
              "HTML5.DynamicDestination" : true,
              "HTML5.ForwardAuthToken" : "********",
              "Name" : "srv-api",
              "ProxyType" : "Internet",
              "Type" : "HTTP",
              "URL" : "https://94060551trial-dev-resiliencecockpit-srv.cfapps.us10-003.hana.ondemand.com"
            } ],
            "existing_destinations_policy" : "update"
          }
        }
      },
      "default-service-name" : "ResilienceCockpit-destination",
      "default-container-name" : "94060551TRIAL_DEV_RESILIENCECOCKPIT_DESTINATION"
    },
    "isActive" : true,
    "isOptional" : false,
    "propertiesMetadata" : {
      "metadata" : { }
    },
    "parametersMetadata" : {
      "metadata" : { }
    },
    "requiredDependencies" : [ {
      "majorSchemaVersion" : 3,
      "name" : "srv-api",
      "properties" : { },
      "parameters" : { },
      "propertiesMetadata" : {
        "metadata" : { }
      },
      "parametersMetadata" : {
        "metadata" : { }
      }
    } ],
    "processedAfter" : [ ]
  }, {
    "majorSchemaVersion" : 3,
    "name" : "ResilienceCockpit-html5-repo-host",
    "type" : "org.cloudfoundry.managed-service",
    "properties" : { },
    "parameters" : {
      "generated-password" : "********",
      "service-name" : "ResilienceCockpit-html5-repo-host",
      "service-plan" : "app-host",
      "service" : "html5-apps-repo",
      "generated-user" : "********",
      "default-xsappname" : "ResilienceCockpit-html5-repo-host",
      "type" : "managed-service",
      "default-service-name" : "ResilienceCockpit-html5-repo-host",
      "default-container-name" : "94060551TRIAL_DEV_RESILIENCECOCKPIT_HTML5_REPO_HOST"
    },
    "isActive" : true,
    "isOptional" : false,
    "propertiesMetadata" : {
      "metadata" : { }
    },
    "parametersMetadata" : {
      "metadata" : { }
    },
    "requiredDependencies" : [ ],
    "processedAfter" : [ ]
  }, {
    "majorSchemaVersion" : 3,
    "name" : "ResilienceCockpit-logging",
    "type" : "org.cloudfoundry.managed-service",
    "properties" : { },
    "parameters" : {
      "generated-password" : "********",
      "service-name" : "ResilienceCockpit-logging",
      "service-plan" : "lite",
      "service" : "application-logs",
      "generated-user" : "********",
      "default-xsappname" : "ResilienceCockpit-logging",
      "type" : "managed-service",
      "default-service-name" : "ResilienceCockpit-logging",
      "default-container-name" : "94060551TRIAL_DEV_RESILIENCECOCKPIT_LOGGING"
    },
    "isActive" : true,
    "isOptional" : false,
    "propertiesMetadata" : {
      "metadata" : { }
    },
    "parametersMetadata" : {
      "metadata" : { }
    },
    "requiredDependencies" : [ ],
    "processedAfter" : [ ]
  } ],
  "parameters" : {
    "deploy_mode" : "html5-repo",
    "mta-id" : "ResilienceCockpit",
    "authorization-url" : "********",
    "org-guid" : "78e7b825-503f-4bdc-af4e-be86d7f43c8e",
    "org" : "94060551trial",
    "deploy-target" : "94060551trial dev",
    "enable-parallel-deployments" : true,
    "region-primary-domain" : "us10.hana.ondemand.com",
    "space" : "dev",
    "region-domain" : "us10-003.hana.ondemand.com",
    "xs-api-url" : "https://api.cf.us10-003.hana.ondemand.com",
    "deploy-url" : "deploy-service.cfapps.us10-003.hana.ondemand.com",
    "xs-type" : "CF",
    "default-domain" : "cfapps.us10-003.hana.ondemand.com",
    "mta-version" : "1.0.0",
    "xs-auth-url" : "********",
    "space-guid" : "039a1fe6-69a4-4c1e-9b8f-a64d47329d3e",
    "user" : "********",
    "controller-url" : "https://api.cf.us10-003.hana.ondemand.com",
    "timestamp" : "20260825084713"
  },
  "parametersMetadata" : {
    "metadata" : { }
  }
}#
#2026 08 25 08:47:14.305#Z#DEBUG#9140a271-a061-11f1-b78a-eeee0a986e3f.OPERATION#flowable-async-job-executor-thread-11890#
[ProcessDescriptorStep] Merged descriptor properties and parameters resolved#
#2026 08 25 08:47:14.305#Z#DEBUG#9140a271-a061-11f1-b78a-eeee0a986e3f.OPERATION#flowable-async-job-executor-thread-11890#
Step "Process Descriptor Step" finished#
#2026 08 25 08:47:14.321#Z#DEBUG#9140a271-a061-11f1-b78a-eeee0a986e3f.OPERATION#flowable-async-job-executor-thread-11890#
[XS2BuildCloudDeployModelStep] Executing task "buildDeployModelTask" of process "9140a297-a061-11f1-b78a-eeee0a986e3f"...#
#2026 08 25 08:47:14.323#Z#DEBUG#9140a271-a061-11f1-b78a-eeee0a986e3f.OPERATION#flowable-async-job-executor-thread-11890#
[XS2BuildCloudDeployModelStep] Service keys defined for content deployment grouped by service name: {
  "ResilienceCockpit-auth" : "********",
  "ResilienceCockpit-html5-repo-host" : [ {
    "name" : "********",
    "v3Metadata" : {
      "annotations" : {
        "mta_id" : "ResilienceCockpit",
        "mta_version" : "1.0.0"
      },
      "labels" : {
        "mta_id" : "12714f170fc41ee91010bfb8bfd6b5c9",
        "space_guid" : "039a1fe6-69a4-4c1e-9b8f-a64d47329d3e"
      }
    },
    "credentials" : "********",
    "moduleName" : "ResilienceCockpit-app-deployer",
    "resourceName" : "ResilienceCockpit-html5-repo-host",
    "serviceInstance" : {
      "isOptional" : false,
      "isManaged" : false,
      "name" : "ResilienceCockpit-html5-repo-host",
      "credentials" : "********",
      "tags" : [ ],
      "shouldSkipParametersUpdate" : false,
      "shouldSkipPlanUpdate" : false,
      "shouldSkipTagsUpdate" : false,
      "shouldSkipSyslogUrlUpdate" : false
    },
    "shouldDeleteServiceKeyAfterDeploy" : "********",
    "resourceType" : "org.cloudfoundry.managed-service"
  }, {
    "name" : "********",
    "v3Metadata" : {
      "annotations" : {
        "mta_id" : "ResilienceCockpit",
        "mta_version" : "1.0.0"
      },
      "labels" : {
        "mta_id" : "12714f170fc41ee91010bfb8bfd6b5c9",
        "space_guid" : "039a1fe6-69a4-4c1e-9b8f-a64d47329d3e"
      }
    },
    "credentials" : "********",
    "moduleName" : "ResilienceCockpit-destination-content",
    "resourceName" : "ResilienceCockpit-html5-repo-host",
    "serviceInstance" : {
      "isOptional" : false,
      "isManaged" : false,
      "name" : "ResilienceCockpit-html5-repo-host",
      "credentials" : "********",
      "tags" : [ ],
      "shouldSkipParametersUpdate" : false,
      "shouldSkipPlanUpdate" : false,
      "shouldSkipTagsUpdate" : false,
      "shouldSkipSyslogUrlUpdate" : false
    },
    "shouldDeleteServiceKeyAfterDeploy" : "********",
    "resourceType" : "org.cloudfoundry.managed-service"
  } ],
  "ResilienceCockpit-destination" : [ {
    "name" : "********",
    "v3Metadata" : {
      "annotations" : {
        "mta_id" : "ResilienceCockpit",
        "mta_version" : "1.0.0"
      },
      "labels" : {
        "mta_id" : "12714f170fc41ee91010bfb8bfd6b5c9",
        "space_guid" : "039a1fe6-69a4-4c1e-9b8f-a64d47329d3e"
      }
    },
    "credentials" : "********",
    "moduleName" : "ResilienceCockpit-destination-content",
    "resourceName" : "ResilienceCockpit-destination",
    "serviceInstance" : {
      "isOptional" : false,
      "isManaged" : false,
      "name" : "ResilienceCockpit-destination",
      "credentials" : "********",
      "tags" : [ ],
      "shouldSkipParametersUpdate" : false,
      "shouldSkipPlanUpdate" : false,
      "shouldSkipTagsUpdate" : false,
      "shouldSkipSyslogUrlUpdate" : false
    },
    "shouldDeleteServiceKeyAfterDeploy" : "********",
    "resourceType" : "org.cloudfoundry.managed-service"
  } ]
}#
#2026 08 25 08:47:14.323#Z#DEBUG#9140a271-a061-11f1-b78a-eeee0a986e3f.OPERATION#flowable-async-job-executor-thread-11890#
[XS2BuildCloudDeployModelStep] Building cloud deployment model...#
#2026 08 25 08:47:14.324#Z#DEBUG#9140a271-a061-11f1-b78a-eeee0a986e3f.OPERATION#flowable-async-job-executor-thread-11890#
[XS2BuildCloudDeployModelStep] MTA archive modules: [ResilienceCockpit-srv, ResilienceCockpit-app-deployer, ResilienceCockpit-db-deployer]#
#2026 08 25 08:47:14.324#Z#DEBUG#9140a271-a061-11f1-b78a-eeee0a986e3f.OPERATION#flowable-async-job-executor-thread-11890#
[XS2BuildCloudDeployModelStep] Deployed modules: [ResilienceCockpit-db-deployer, ResilienceCockpit-srv]#
#2026 08 25 08:47:14.324#Z#DEBUG#9140a271-a061-11f1-b78a-eeee0a986e3f.OPERATION#flowable-async-job-executor-thread-11890#
[XS2BuildCloudDeployModelStep] MTA modules: [ResilienceCockpit-srv, ResilienceCockpit-app-deployer, ResilienceCockpit-destination-content, ResilienceCockpit-db-deployer]#
#2026 08 25 08:47:14.325#Z#DEBUG#9140a271-a061-11f1-b78a-eeee0a986e3f.OPERATION#flowable-async-job-executor-thread-11890#
[XS2BuildCloudDeployModelStep] Service keys to create: {
  "ResilienceCockpit-db" : [ ],
  "ResilienceCockpit-auth" : "********",
  "ResilienceCockpit-html5-repo-host" : [ ],
  "ResilienceCockpit-connectivity" : [ ],
  "ResilienceCockpit-destination" : [ ],
  "ResilienceCockpit-logging" : [ ]
}#
#2026 08 25 08:47:14.325#Z#DEBUG#9140a271-a061-11f1-b78a-eeee0a986e3f.OPERATION#flowable-async-job-executor-thread-11890#
[XS2BuildCloudDeployModelStep] Modules to deploy: [{
  "majorSchemaVersion" : 3,
  "name" : "ResilienceCockpit-srv",
  "type" : "javascript.nodejs",
  "path" : "ResilienceCockpit-srv",
  "properties" : { },
  "parameters" : {
    "default-url" : "https://94060551trial-dev-resiliencecockpit-srv.cfapps.us10-003.hana.ondemand.com",
    "default-app-name" : "ResilienceCockpit-srv",
    "generated-password" : "********",
    "default-live-url" : "https://94060551trial-dev-resiliencecockpit-srv.cfapps.us10-003.hana.ondemand.com",
    "default-uri" : "94060551trial-dev-resiliencecockpit-srv.cfapps.us10-003.hana.ondemand.com",
    "default-instances" : 1,
    "default-live-host" : "94060551trial-dev-resiliencecockpit-srv",
    "instances" : 1,
    "buildpack" : "nodejs_buildpack",
    "default-host" : "94060551trial-dev-resiliencecockpit-srv",
    "app-name" : "ResilienceCockpit-srv",
    "default-live-uri" : "94060551trial-dev-resiliencecockpit-srv.cfapps.us10-003.hana.ondemand.com",
    "protocol" : "https",
    "default-live-app-name" : "ResilienceCockpit-srv",
    "default-live-domain" : "cfapps.us10-003.hana.ondemand.com",
    "dependency-type" : "soft",
    "domain" : "cfapps.us10-003.hana.ondemand.com",
    "host" : "94060551trial-dev-resiliencecockpit-srv",
    "generated-user" : "********"
  },
  "requiredDependencies" : [ {
    "majorSchemaVersion" : 3,
    "name" : "********",
    "properties" : { },
    "parameters" : { },
    "propertiesMetadata" : {
      "metadata" : { }
    },
    "parametersMetadata" : {
      "metadata" : { }
    }
  }, {
    "majorSchemaVersion" : 3,
    "name" : "ResilienceCockpit-db",
    "properties" : { },
    "parameters" : { },
    "propertiesMetadata" : {
      "metadata" : { }
    },
    "parametersMetadata" : {
      "metadata" : { }
    }
  }, {
    "majorSchemaVersion" : 3,
    "name" : "ResilienceCockpit-connectivity",
    "properties" : { },
    "parameters" : { },
    "propertiesMetadata" : {
      "metadata" : { }
    },
    "parametersMetadata" : {
      "metadata" : { }
    }
  }, {
    "majorSchemaVersion" : 3,
    "name" : "ResilienceCockpit-destination",
    "properties" : { },
    "parameters" : { },
    "propertiesMetadata" : {
      "metadata" : { }
    },
    "parametersMetadata" : {
      "metadata" : { }
    }
  }, {
    "majorSchemaVersion" : 3,
    "name" : "ResilienceCockpit-logging",
    "properties" : { },
    "parameters" : { },
    "propertiesMetadata" : {
      "metadata" : { }
    },
    "parametersMetadata" : {
      "metadata" : { }
    }
  } ],
  "providedDependencies" : [ {
    "majorSchemaVersion" : 3,
    "name" : "srv-api",
    "isPublic" : false,
    "properties" : {
      "srv-url" : "https://94060551trial-dev-resiliencecockpit-srv.cfapps.us10-003.hana.ondemand.com"
    },
    "parameters" : { },
    "propertiesMetadata" : {
      "metadata" : { }
    },
    "parametersMetadata" : {
      "metadata" : { }
    }
  }, {
    "majorSchemaVersion" : 3,
    "name" : "ResilienceCockpit-srv",
    "isPublic" : false,
    "properties" : { },
    "parameters" : { },
    "propertiesMetadata" : {
      "metadata" : { }
    },
    "parametersMetadata" : {
      "metadata" : { }
    }
  } ],
  "propertiesMetadata" : {
    "metadata" : { }
  },
  "parametersMetadata" : {
    "metadata" : { }
  },
  "deployedAfter" : [ ],
  "hooks" : [ ]
}, {
  "majorSchemaVersion" : 3,
  "name" : "ResilienceCockpit-db-deployer",
  "type" : "com.sap.xs.hdi",
  "path" : "ResilienceCockpit-db-deployer",
  "properties" : {
    "EXIT" : 1
  },
  "parameters" : {
    "default-url" : "https://94060551trial-dev-resiliencecockpit-db-deployer.cfapps.us10-003.hana.ondemand.com",
    "default-app-name" : "ResilienceCockpit-db-deployer",
    "generated-password" : "********",
    "default-live-url" : "https://94060551trial-dev-resiliencecockpit-db-deployer.cfapps.us10-003.hana.ondemand.com",
    "default-uri" : "94060551trial-dev-resiliencecockpit-db-deployer.cfapps.us10-003.hana.ondemand.com",
    "memory" : "256M",
    "default-instances" : 1,
    "no-route" : true,
    "default-live-host" : "94060551trial-dev-resiliencecockpit-db-deployer",
    "instances" : 1,
    "buildpack" : "nodejs_buildpack",
    "default-host" : "94060551trial-dev-resiliencecockpit-db-deployer",
    "app-name" : "ResilienceCockpit-db-deployer",
    "default-live-uri" : "94060551trial-dev-resiliencecockpit-db-deployer.cfapps.us10-003.hana.ondemand.com",
    "protocol" : "https",
    "default-live-app-name" : "ResilienceCockpit-db-deployer",
    "default-live-domain" : "cfapps.us10-003.hana.ondemand.com",
    "dependency-type" : "hard",
    "domain" : "cfapps.us10-003.hana.ondemand.com",
    "host" : "94060551trial-dev-resiliencecockpit-db-deployer",
    "generated-user" : "********",
    "tasks" : [ {
      "command" : "npm start",
      "memory" : "256M",
      "name" : "deploy"
    } ],
    "no-start" : true
  },
  "requiredDependencies" : [ {
    "majorSchemaVersion" : 3,
    "name" : "ResilienceCockpit-db",
    "properties" : { },
    "parameters" : { },
    "propertiesMetadata" : {
      "metadata" : { }
    },
    "parametersMetadata" : {
      "metadata" : { }
    }
  } ],
  "providedDependencies" : [ {
    "majorSchemaVersion" : 3,
    "name" : "ResilienceCockpit-db-deployer",
    "isPublic" : false,
    "properties" : { },
    "parameters" : { },
    "propertiesMetadata" : {
      "metadata" : { }
    },
    "parametersMetadata" : {
      "metadata" : { }
    }
  } ],
  "propertiesMetadata" : {
    "metadata" : { }
  },
  "parametersMetadata" : {
    "metadata" : { }
  },
  "deployedAfter" : [ ],
  "hooks" : [ ]
}, {
  "majorSchemaVersion" : 3,
  "name" : "ResilienceCockpit-app-deployer",
  "type" : "com.sap.application.content",
  "path" : "ResilienceCockpit-app-deployer",
  "properties" : { },
  "parameters" : {
    "default-url" : "https://94060551trial-dev-resiliencecockpit-app-deployer.cfapps.us10-003.hana.ondemand.com",
    "default-app-name" : "ResilienceCockpit-app-deployer",
    "generated-password" : "********",
    "default-live-url" : "https://94060551trial-dev-resiliencecockpit-app-deployer.cfapps.us10-003.hana.ondemand.com",
    "default-uri" : "94060551trial-dev-resiliencecockpit-app-deployer.cfapps.us10-003.hana.ondemand.com",
    "default-instances" : 1,
    "default-live-host" : "94060551trial-dev-resiliencecockpit-app-deployer",
    "instances" : 1,
    "default-host" : "94060551trial-dev-resiliencecockpit-app-deployer",
    "app-name" : "ResilienceCockpit-app-deployer",
    "default-live-uri" : "94060551trial-dev-resiliencecockpit-app-deployer.cfapps.us10-003.hana.ondemand.com",
    "protocol" : "https",
    "default-live-app-name" : "ResilienceCockpit-app-deployer",
    "default-live-domain" : "cfapps.us10-003.hana.ondemand.com",
    "dependency-type" : "soft",
    "domain" : "cfapps.us10-003.hana.ondemand.com",
    "host" : "94060551trial-dev-resiliencecockpit-app-deployer",
    "generated-user" : "********"
  },
  "requiredDependencies" : [ {
    "majorSchemaVersion" : 3,
    "name" : "********",
    "properties" : { },
    "parameters" : { },
    "propertiesMetadata" : {
      "metadata" : { }
    },
    "parametersMetadata" : {
      "metadata" : { }
    }
  }, {
    "majorSchemaVersion" : 3,
    "name" : "srv-api",
    "properties" : { },
    "parameters" : { },
    "propertiesMetadata" : {
      "metadata" : { }
    },
    "parametersMetadata" : {
      "metadata" : { }
    }
  }, {
    "majorSchemaVersion" : 3,
    "name" : "ResilienceCockpit-html5-repo-host",
    "properties" : { },
    "parameters" : {
      "config" : {
        "HTML5Runtime_enabled" : false
      },
      "content-target" : true
    },
    "propertiesMetadata" : {
      "metadata" : { }
    },
    "parametersMetadata" : {
      "metadata" : { }
    }
  } ],
  "providedDependencies" : [ {
    "majorSchemaVersion" : 3,
    "name" : "ResilienceCockpit-app-deployer",
    "isPublic" : false,
    "properties" : { },
    "parameters" : { },
    "propertiesMetadata" : {
      "metadata" : { }
    },
    "parametersMetadata" : {
      "metadata" : { }
    }
  } ],
  "propertiesMetadata" : {
    "metadata" : { }
  },
  "parametersMetadata" : {
    "metadata" : { }
  },
  "deployedAfter" : [ ],
  "hooks" : [ ]
}, {
  "majorSchemaVersion" : 3,
  "name" : "ResilienceCockpit-destination-content",
  "type" : "com.sap.application.content",
  "properties" : { },
  "parameters" : {
    "default-url" : "https://94060551trial-dev-resiliencecockpit-destination-content.cfapps.us10-003.hana.ondemand.com",
    "default-app-name" : "ResilienceCockpit-destination-content",
    "generated-password" : "********",
    "default-live-url" : "https://94060551trial-dev-resiliencecockpit-destination-content.cfapps.us10-003.hana.ondemand.com",
    "default-uri" : "94060551trial-dev-resiliencecockpit-destination-content.cfapps.us10-003.hana.ondemand.com",
    "default-instances" : 1,
    "default-live-host" : "94060551trial-dev-resiliencecockpit-destination-content",
    "instances" : 1,
    "default-host" : "94060551trial-dev-resiliencecockpit-destination-content",
    "content" : {
      "instance" : {
        "destinations" : [ {
          "Authentication" : "********",
          "Name" : "srv-api",
          "TokenServiceInstanceName" : "********",
          "TokenServiceKeyName" : "********",
          "URL" : "https://94060551trial-dev-resiliencecockpit-srv.cfapps.us10-003.hana.ondemand.com"
        }, {
          "Name" : "ResilienceCockpit-html5-repo-host",
          "ServiceInstanceName" : "ResilienceCockpit-html5-repo-host",
          "ServiceKeyName" : "********",
          "sap.cloud.service" : "nexus"
        }, {
          "Authentication" : "********",
          "Name" : "********",
          "ServiceInstanceName" : "********",
          "ServiceKeyName" : "********"
        } ],
        "existing_destinations_policy" : "update"
      }
    },
    "app-name" : "ResilienceCockpit-destination-content",
    "default-live-uri" : "94060551trial-dev-resiliencecockpit-destination-content.cfapps.us10-003.hana.ondemand.com",
    "protocol" : "https",
    "default-live-app-name" : "ResilienceCockpit-destination-content",
    "default-live-domain" : "cfapps.us10-003.hana.ondemand.com",
    "dependency-type" : "soft",
    "domain" : "cfapps.us10-003.hana.ondemand.com",
    "host" : "94060551trial-dev-resiliencecockpit-destination-content",
    "generated-user" : "********"
  },
  "requiredDependencies" : [ {
    "majorSchemaVersion" : 3,
    "name" : "********",
    "properties" : { },
    "parameters" : {
      "service-key" : "********"
    },
    "propertiesMetadata" : {
      "metadata" : { }
    },
    "parametersMetadata" : {
      "metadata" : { }
    }
  }, {
    "majorSchemaVersion" : 3,
    "name" : "ResilienceCockpit-html5-repo-host",
    "properties" : { },
    "parameters" : {
      "service-key" : "********"
    },
    "propertiesMetadata" : {
      "metadata" : { }
    },
    "parametersMetadata" : {
      "metadata" : { }
    }
  }, {
    "majorSchemaVersion" : 3,
    "name" : "srv-api",
    "properties" : { },
    "parameters" : { },
    "propertiesMetadata" : {
      "metadata" : { }
    },
    "parametersMetadata" : {
      "metadata" : { }
    }
  }, {
    "majorSchemaVersion" : 3,
    "name" : "ResilienceCockpit-destination",
    "properties" : { },
    "parameters" : {
      "content-target" : true
    },
    "propertiesMetadata" : {
      "metadata" : { }
    },
    "parametersMetadata" : {
      "metadata" : { }
    }
  } ],
  "providedDependencies" : [ {
    "majorSchemaVersion" : 3,
    "name" : "ResilienceCockpit-destination-content",
    "isPublic" : false,
    "properties" : { },
    "parameters" : { },
    "propertiesMetadata" : {
      "metadata" : { }
    },
    "parametersMetadata" : {
      "metadata" : { }
    }
  } ],
  "propertiesMetadata" : {
    "metadata" : { }
  },
  "parametersMetadata" : {
    "metadata" : { }
  },
  "deployedAfter" : [ ],
  "hooks" : [ ]
}]#
#2026 08 25 08:47:14.326#Z#DEBUG#9140a271-a061-11f1-b78a-eeee0a986e3f.OPERATION#flowable-async-job-executor-thread-11890#
[XS2BuildCloudDeployModelStep] Custom domains: []#
#2026 08 25 08:47:14.329#Z#DEBUG#9140a271-a061-11f1-b78a-eeee0a986e3f.OPERATION#flowable-async-job-executor-thread-11890#
[XS2BuildCloudDeployModelStep] Calculating resource batches...#
#2026 08 25 08:47:14.330#Z#DEBUG#9140a271-a061-11f1-b78a-eeee0a986e3f.OPERATION#flowable-async-job-executor-thread-11890#
[XS2BuildCloudDeployModelStep] Calculating resource batches completed.#
#2026 08 25 08:47:14.330#Z#DEBUG#9140a271-a061-11f1-b78a-eeee0a986e3f.OPERATION#flowable-async-job-executor-thread-11890#
[XS2BuildCloudDeployModelStep] Cloud deployment model built#
#2026 08 25 08:47:14.330#Z#DEBUG#9140a271-a061-11f1-b78a-eeee0a986e3f.OPERATION#flowable-async-job-executor-thread-11890#
Step "Build Deploy Model" finished#
#2026 08 25 08:47:14.349#Z#DEBUG#9140a271-a061-11f1-b78a-eeee0a986e3f.OPERATION#flowable-async-job-executor-thread-11890#
[BuildCloudUndeployModelStep] Executing task "buildUndeployModelTask" of process "9140a297-a061-11f1-b78a-eeee0a986e3f"...#
#2026 08 25 08:47:14.349#Z#DEBUG#9140a271-a061-11f1-b78a-eeee0a986e3f.OPERATION#flowable-async-job-executor-thread-11890#
[BuildCloudUndeployModelStep] Building cloud undeployment model...#
#2026 08 25 08:47:14.350#Z#DEBUG#9140a271-a061-11f1-b78a-eeee0a986e3f.OPERATION#flowable-async-job-executor-thread-11890#
[BuildCloudUndeployModelStep] Detecting service keys to delete.#
#2026 08 25 08:47:14.351#Z#DEBUG#9140a271-a061-11f1-b78a-eeee0a986e3f.OPERATION#flowable-async-job-executor-thread-11890#
[BuildCloudUndeployModelStep] Detected deployed service keys by service "{ResilienceCockpit-auth=[DeployedMtaServiceKey{name=ResilienceCockpit-app-deployer-ResilienceCockpit-auth-credentials, metadata=CloudMetadata{guid=5d6a90ac-d2af-4efb-9c74-52d5e2c186dd, createdAt=2026-08-25T08:30:22, updatedAt=2026-08-25T08:30:23, url=null}, v3Metadata=Metadata{annotations={mta_id=ResilienceCockpit, mta_version=1.0.0}, labels={mta_id=12714f170fc41ee91010bfb8bfd6b5c9, space_guid=039a1fe6-69a4-4c1e-9b8f-a64d47329d3e}}, credentials=null, serviceInstance=CloudServiceInstance{name=ResilienceCockpit-auth, metadata=CloudMetadata{guid=a4201f74-f0ad-456c-947a-8ce52d2ae7ca, createdAt=2026-08-25T08:30:02, updatedAt=2026-08-25T08:30:03, url=null}, v3Metadata=Metadata{annotations={mta_id=ResilienceCockpit, mta_version=1.0.0, mta_resource={"name":"ResilienceCockpit-auth"}}, labels={mta_id=12714f170fc41ee91010bfb8bfd6b5c9}}, label=null, plan=null, provider=null, broker=null, version=null, credentials={}, syslogDrainUrl=null, tags=[], type=managed, lastOperation=null}, serviceKeyOperation=null, resourceName=null}, DeployedMtaServiceKey{name=ResilienceCockpit-auth-key, metadata=CloudMetadata{guid=a740b217-4eaa-4fba-94d5-6b134f537e01, createdAt=2026-08-25T08:30:23, updatedAt=2026-08-25T08:30:23, url=null}, v3Metadata=Metadata{annotations={mta_id=ResilienceCockpit, mta_version=1.0.0}, labels={mta_id=12714f170fc41ee91010bfb8bfd6b5c9, space_guid=039a1fe6-69a4-4c1e-9b8f-a64d47329d3e}}, credentials=null, serviceInstance=CloudServiceInstance{name=ResilienceCockpit-auth, metadata=CloudMetadata{guid=a4201f74-f0ad-456c-947a-8ce52d2ae7ca, createdAt=2026-08-25T08:30:02, updatedAt=2026-08-25T08:30:03, url=null}, v3Metadata=Metadata{annotations={mta_id=ResilienceCockpit, mta_version=1.0.0, mta_resource={"name":"ResilienceCockpit-auth"}}, labels={mta_id=12714f170fc41ee91010bfb8bfd6b5c9}}, label=null, plan=null, provider=null, broker=null, version=null, credentials={}, syslogDrainUrl=null, tags=[], type=managed, lastOperation=null}, serviceKeyOperation=null, resourceName=null}], ResilienceCockpit-html5-repo-host=[DeployedMtaServiceKey{name=ResilienceCockpit-app-deployer-ResilienceCockpit-html5-repo-host-credentials, metadata=CloudMetadata{guid=de7350a4-f280-459d-afc2-ad86ef46b093, createdAt=2026-08-25T08:30:22, updatedAt=2026-08-25T08:30:23, url=null}, v3Metadata=Metadata{annotations={mta_id=ResilienceCockpit, mta_version=1.0.0}, labels={mta_id=12714f170fc41ee91010bfb8bfd6b5c9, space_guid=039a1fe6-69a4-4c1e-9b8f-a64d47329d3e}}, credentials=null, serviceInstance=CloudServiceInstance{name=ResilienceCockpit-html5-repo-host, metadata=CloudMetadata{guid=fd6aaf90-4cca-4826-9764-60a919421480, createdAt=2026-08-25T08:30:06, updatedAt=2026-08-25T08:30:07, url=null}, v3Metadata=Metadata{annotations={mta_id=ResilienceCockpit, mta_version=1.0.0, mta_resource={"name":"ResilienceCockpit-html5-repo-host"}}, labels={mta_id=12714f170fc41ee91010bfb8bfd6b5c9}}, label=null, plan=null, provider=null, broker=null, version=null, credentials={}, syslogDrainUrl=null, tags=[], type=managed, lastOperation=null}, serviceKeyOperation=null, resourceName=null}, DeployedMtaServiceKey{name=ResilienceCockpit-html5-repo-host-key, metadata=CloudMetadata{guid=67b06842-65c2-44d3-9ce0-5b5dfc51df85, createdAt=2026-08-25T08:30:23, updatedAt=2026-08-25T08:30:24, url=null}, v3Metadata=Metadata{annotations={mta_id=ResilienceCockpit, mta_version=1.0.0}, labels={mta_id=12714f170fc41ee91010bfb8bfd6b5c9, space_guid=039a1fe6-69a4-4c1e-9b8f-a64d47329d3e}}, credentials=null, serviceInstance=CloudServiceInstance{name=ResilienceCockpit-html5-repo-host, metadata=CloudMetadata{guid=fd6aaf90-4cca-4826-9764-60a919421480, createdAt=2026-08-25T08:30:06, updatedAt=2026-08-25T08:30:07, url=null}, v3Metadata=Metadata{annotations={mta_id=ResilienceCockpit, mta_version=1.0.0, mta_resource={"name":"ResilienceCockpit-html5-repo-host"}}, labels={mta_id=12714f170fc41ee91010bfb8bfd6b5c9}}, label=null, plan=null, provider=null, broker=null, version=null, credentials={}, syslogDrainUrl=null, tags=[], type=managed, lastOperation=null}, serviceKeyOperation=null, resourceName=null}], ResilienceCockpit-destination=[DeployedMtaServiceKey{name=ResilienceCockpit-destination-content-ResilienceCockpit-destination-credentials, metadata=CloudMetadata{guid=5ec0d7e3-b2f8-45f2-a6c1-420e9a46d4a6, createdAt=2026-08-25T08:30:23, updatedAt=2026-08-25T08:30:24, url=null}, v3Metadata=Metadata{annotations={mta_id=ResilienceCockpit, mta_version=1.0.0}, labels={mta_id=12714f170fc41ee91010bfb8bfd6b5c9, space_guid=039a1fe6-69a4-4c1e-9b8f-a64d47329d3e}}, credentials=null, serviceInstance=CloudServiceInstance{name=ResilienceCockpit-destination, metadata=CloudMetadata{guid=01ee3953-9bb6-4134-988a-deaf8ca2479c, createdAt=2026-08-25T08:30:03, updatedAt=2026-08-25T08:30:07, url=null}, v3Metadata=Metadata{annotations={mta_id=ResilienceCockpit, mta_version=1.0.0, mta_resource={"name":"ResilienceCockpit-destination"}}, labels={mta_id=12714f170fc41ee91010bfb8bfd6b5c9}}, label=null, plan=null, provider=null, broker=null, version=null, credentials={}, syslogDrainUrl=null, tags=[], type=managed, lastOperation=null}, serviceKeyOperation=null, resourceName=null}]}"#
#2026 08 25 08:47:14.352#Z#DEBUG#9140a271-a061-11f1-b78a-eeee0a986e3f.OPERATION#flowable-async-job-executor-thread-11890#
[BuildCloudUndeployModelStep] New service keys by service "{ResilienceCockpit-auth=[ResilienceCockpit-app-deployer-ResilienceCockpit-auth-credentials, ResilienceCockpit-auth-key], ResilienceCockpit-html5-repo-host=[ResilienceCockpit-app-deployer-ResilienceCockpit-html5-repo-host-credentials, ResilienceCockpit-html5-repo-host-key], ResilienceCockpit-destination=[ResilienceCockpit-destination-content-ResilienceCockpit-destination-credentials]}"#
#2026 08 25 08:47:14.352#Z#DEBUG#9140a271-a061-11f1-b78a-eeee0a986e3f.OPERATION#flowable-async-job-executor-thread-11890#
[BuildCloudUndeployModelStep] Existing service keys by service "{}"#
#2026 08 25 08:47:14.352#Z#DEBUG#9140a271-a061-11f1-b78a-eeee0a986e3f.OPERATION#flowable-async-job-executor-thread-11890#
[BuildCloudUndeployModelStep] Detected service keys to delete "[]"#
#2026 08 25 08:47:14.354#Z#DEBUG#9140a271-a061-11f1-b78a-eeee0a986e3f.OPERATION#flowable-async-job-executor-thread-11890#
[BuildCloudUndeployModelStep] MTA modules: [ResilienceCockpit-srv, ResilienceCockpit-app-deployer, ResilienceCockpit-destination-content, ResilienceCockpit-db-deployer]#
#2026 08 25 08:47:14.354#Z#DEBUG#9140a271-a061-11f1-b78a-eeee0a986e3f.OPERATION#flowable-async-job-executor-thread-11890#
[BuildCloudUndeployModelStep] Modules to undeploy: [ ]#
#2026 08 25 08:47:14.354#Z#DEBUG#9140a271-a061-11f1-b78a-eeee0a986e3f.OPERATION#flowable-async-job-executor-thread-11890#
[BuildCloudUndeployModelStep] Modules that won't be changed: [ ]#
#2026 08 25 08:47:14.355#Z#DEBUG#9140a271-a061-11f1-b78a-eeee0a986e3f.OPERATION#flowable-async-job-executor-thread-11890#
[BuildCloudUndeployModelStep] Subscriptions to delete: [ ]#
#2026 08 25 08:47:14.356#Z#DEBUG#9140a271-a061-11f1-b78a-eeee0a986e3f.OPERATION#flowable-async-job-executor-thread-11890#
[BuildCloudUndeployModelStep] Cloud services to delete: []#
#2026 08 25 08:47:14.356#Z#DEBUG#9140a271-a061-11f1-b78a-eeee0a986e3f.OPERATION#flowable-async-job-executor-thread-11890#
[BuildCloudUndeployModelStep] Cloud applications to undeploy: [ ]#
#2026 08 25 08:47:14.358#Z#DEBUG#9140a271-a061-11f1-b78a-eeee0a986e3f.OPERATION#flowable-async-job-executor-thread-11890#
[BuildCloudUndeployModelStep] Cloud undeployment model built#
#2026 08 25 08:47:14.358#Z#DEBUG#9140a271-a061-11f1-b78a-eeee0a986e3f.OPERATION#flowable-async-job-executor-thread-11890#
Step "Build Undeploy Model" finished#
#2026 08 25 08:47:14.374#Z#DEBUG#9140a271-a061-11f1-b78a-eeee0a986e3f.OPERATION#flowable-async-job-executor-thread-11890#
[AddDomainsStep] Executing task "addDomainsTask" of process "9140a297-a061-11f1-b78a-eeee0a986e3f"...#
#2026 08 25 08:47:14.375#Z#DEBUG#9140a271-a061-11f1-b78a-eeee0a986e3f.OPERATION#flowable-async-job-executor-thread-11890#
[AddDomainsStep] Custom domains: []#
#2026 08 25 08:47:14.375#Z#DEBUG#9140a271-a061-11f1-b78a-eeee0a986e3f.OPERATION#flowable-async-job-executor-thread-11890#
Step "Add Domains" finished#
#2026 08 25 08:47:14.444#Z#DEBUG#9140a271-a061-11f1-b78a-eeee0a986e3f.OPERATION#flowable-async-job-executor-thread-11890#
[ExtractBatchedServicesWithResolvedDynamicParametersStep] Executing task "prepareModulesDeploymentTask" of process "91d3bae7-a061-11f1-b78a-eeee0a986e3f"...#
#2026 08 25 08:47:14.444#Z#DEBUG#9140a271-a061-11f1-b78a-eeee0a986e3f.OPERATION#flowable-async-job-executor-thread-11890#
[ExtractBatchedServicesWithResolvedDynamicParametersStep] Extracting services and resolving dynamic parameters from batch#
#2026 08 25 08:47:14.445#Z#DEBUG#9140a271-a061-11f1-b78a-eeee0a986e3f.OPERATION#flowable-async-job-executor-thread-11890#
[ExtractBatchedServicesWithResolvedDynamicParametersStep] Services to create: [ {
  "isOptional" : false,
  "isManaged" : true,
  "name" : "********",
  "v3Metadata" : {
    "annotations" : {
      "mta_id" : "ResilienceCockpit",
      "mta_version" : "1.0.0",
      "mta_resource" : "********"
    },
    "labels" : {
      "mta_id" : "12714f170fc41ee91010bfb8bfd6b5c9"
    }
  },
  "label" : "xsuaa",
  "plan" : "application",
  "credentials" : "********",
  "tags" : [ ],
  "type" : "managed",
  "resourceName" : "********",
  "shouldSkipParametersUpdate" : false,
  "shouldSkipPlanUpdate" : false,
  "shouldSkipTagsUpdate" : false,
  "shouldSkipSyslogUrlUpdate" : false
}, {
  "isOptional" : false,
  "isManaged" : true,
  "name" : "ResilienceCockpit-db",
  "v3Metadata" : {
    "annotations" : {
      "mta_id" : "ResilienceCockpit",
      "mta_version" : "1.0.0",
      "mta_resource" : "{\"name\":\"ResilienceCockpit-db\"}"
    },
    "labels" : {
      "mta_id" : "12714f170fc41ee91010bfb8bfd6b5c9"
    }
  },
  "label" : "hana",
  "plan" : "hdi-shared",
  "credentials" : "********",
  "tags" : [ ],
  "type" : "managed",
  "resourceName" : "ResilienceCockpit-db",
  "shouldSkipParametersUpdate" : false,
  "shouldSkipPlanUpdate" : false,
  "shouldSkipTagsUpdate" : false,
  "shouldSkipSyslogUrlUpdate" : false
}, {
  "isOptional" : false,
  "isManaged" : true,
  "name" : "ResilienceCockpit-connectivity",
  "v3Metadata" : {
    "annotations" : {
      "mta_id" : "ResilienceCockpit",
      "mta_version" : "1.0.0",
      "mta_resource" : "{\"name\":\"ResilienceCockpit-connectivity\"}"
    },
    "labels" : {
      "mta_id" : "12714f170fc41ee91010bfb8bfd6b5c9"
    }
  },
  "label" : "connectivity",
  "plan" : "lite",
  "credentials" : "********",
  "tags" : [ ],
  "type" : "managed",
  "resourceName" : "ResilienceCockpit-connectivity",
  "shouldSkipParametersUpdate" : false,
  "shouldSkipPlanUpdate" : false,
  "shouldSkipTagsUpdate" : false,
  "shouldSkipSyslogUrlUpdate" : false
}, {
  "isOptional" : false,
  "isManaged" : true,
  "name" : "ResilienceCockpit-destination",
  "v3Metadata" : {
    "annotations" : {
      "mta_id" : "ResilienceCockpit",
      "mta_version" : "1.0.0",
      "mta_resource" : "{\"name\":\"ResilienceCockpit-destination\"}"
    },
    "labels" : {
      "mta_id" : "12714f170fc41ee91010bfb8bfd6b5c9"
    }
  },
  "label" : "destination",
  "plan" : "lite",
  "credentials" : "********",
  "tags" : [ ],
  "type" : "managed",
  "resourceName" : "ResilienceCockpit-destination",
  "shouldSkipParametersUpdate" : false,
  "shouldSkipPlanUpdate" : false,
  "shouldSkipTagsUpdate" : false,
  "shouldSkipSyslogUrlUpdate" : false
}, {
  "isOptional" : false,
  "isManaged" : true,
  "name" : "ResilienceCockpit-html5-repo-host",
  "v3Metadata" : {
    "annotations" : {
      "mta_id" : "ResilienceCockpit",
      "mta_version" : "1.0.0",
      "mta_resource" : "{\"name\":\"ResilienceCockpit-html5-repo-host\"}"
    },
    "labels" : {
      "mta_id" : "12714f170fc41ee91010bfb8bfd6b5c9"
    }
  },
  "label" : "html5-apps-repo",
  "plan" : "app-host",
  "credentials" : "********",
  "tags" : [ ],
  "type" : "managed",
  "resourceName" : "ResilienceCockpit-html5-repo-host",
  "shouldSkipParametersUpdate" : false,
  "shouldSkipPlanUpdate" : false,
  "shouldSkipTagsUpdate" : false,
  "shouldSkipSyslogUrlUpdate" : false
}, {
  "isOptional" : false,
  "isManaged" : true,
  "name" : "ResilienceCockpit-logging",
  "v3Metadata" : {
    "annotations" : {
      "mta_id" : "ResilienceCockpit",
      "mta_version" : "1.0.0",
      "mta_resource" : "{\"name\":\"ResilienceCockpit-logging\"}"
    },
    "labels" : {
      "mta_id" : "12714f170fc41ee91010bfb8bfd6b5c9"
    }
  },
  "label" : "application-logs",
  "plan" : "lite",
  "credentials" : "********",
  "tags" : [ ],
  "type" : "managed",
  "resourceName" : "ResilienceCockpit-logging",
  "shouldSkipParametersUpdate" : false,
  "shouldSkipPlanUpdate" : false,
  "shouldSkipTagsUpdate" : false,
  "shouldSkipSyslogUrlUpdate" : false
} ]#
#2026 08 25 08:47:14.446#Z#DEBUG#9140a271-a061-11f1-b78a-eeee0a986e3f.OPERATION#flowable-async-job-executor-thread-11890#
Step "Extract Services with Resolved Dynamic parameters from batch" finished#
#2026 08 25 08:47:14.509#Z#DEBUG#9140a271-a061-11f1-b78a-eeee0a986e3f.OPERATION#flowable-async-job-executor-thread-11890#
[CheckServiceOperationStateStep] Executing task "CheckServiceOperationStateTask" of process "91e01749-a061-11f1-b78a-eeee0a986e3f"...#
#2026 08 25 08:47:14.509#Z#DEBUG#9140a271-a061-11f1-b78a-eeee0a986e3f.OPERATION#flowable-async-job-executor-thread-11890#
[CheckServiceOperationStateStep] Getting service instance "ResilienceCockpit-auth"...#
#2026 08 25 08:47:14.586#Z#DEBUG#9140a271-a061-11f1-b78a-eeee0a986e3f.OPERATION#flowable-async-job-executor-thread-11890#
Step "Check for service operations in Progress" finished#
#2026 08 25 08:47:14.601#Z#DEBUG#9140a271-a061-11f1-b78a-eeee0a986e3f.OPERATION#flowable-async-job-executor-thread-11890#
[DetermineServiceCreateUpdateServiceActionsStep] Executing task "DetermineServiceCreateUpdateActionsTask" of process "91e01749-a061-11f1-b78a-eeee0a986e3f"...#
#2026 08 25 08:47:14.602#Z#INFO#9140a271-a061-11f1-b78a-eeee0a986e3f.OPERATION#flowable-async-job-executor-thread-11890#
[DetermineServiceCreateUpdateServiceActionsStep] Processing service "ResilienceCockpit-auth"...#
#2026 08 25 08:47:14.605#Z#DEBUG#9140a271-a061-11f1-b78a-eeee0a986e3f.OPERATION#flowable-async-job-executor-thread-11890#
[DetermineServiceCreateUpdateServiceActionsStep] Getting service instance "ResilienceCockpit-auth"...#
#2026 08 25 08:47:14.695#Z#INFO#9140a271-a061-11f1-b78a-eeee0a986e3f.OPERATION#flowable-async-job-executor-thread-11890#
[DetermineServiceCreateUpdateServiceActionsStep] Setting service "ResilienceCockpit-auth" parameters from "xs-security.json"#
#2026 08 25 08:47:14.747#Z#DEBUG#9140a271-a061-11f1-b78a-eeee0a986e3f.OPERATION#flowable-async-job-executor-thread-11890#
[DetermineServiceCreateUpdateServiceActionsStep] Existing service: {
  "name" : "********",
  "metadata" : {
    "guid" : "a4201f74-f0ad-456c-947a-8ce52d2ae7ca",
    "createdAt" : [ 2026, 8, 25, 8, 30, 2 ],
    "updatedAt" : [ 2026, 8, 25, 8, 30, 3 ]
  },
  "v3Metadata" : {
    "annotations" : {
      "mta_id" : "ResilienceCockpit",
      "mta_version" : "1.0.0",
      "mta_resource" : "********"
    },
    "labels" : {
      "mta_id" : "12714f170fc41ee91010bfb8bfd6b5c9"
    }
  },
  "label" : "xsuaa",
  "plan" : "application",
  "credentials" : "********",
  "tags" : [ ],
  "type" : "managed",
  "lastOperation" : {
    "type" : "CREATE",
    "description" : "",
    "state" : "SUCCEEDED"
  }
}#
#2026 08 25 08:47:14.747#Z#DEBUG#9140a271-a061-11f1-b78a-eeee0a986e3f.OPERATION#flowable-async-job-executor-thread-11890#
[DetermineServiceCreateUpdateServiceActionsStep] Service parameters will be updated#
#2026 08 25 08:47:14.747#Z#DEBUG#9140a271-a061-11f1-b78a-eeee0a986e3f.OPERATION#flowable-async-job-executor-thread-11890#
[DetermineServiceCreateUpdateServiceActionsStep] New parameters: {
  "attributes" : [ ],
  "oauth2-configuration" : "********",
  "role-templates" : [ {
    "name" : "********",
    "description" : "generated",
    "scope-references" : [ "********" ],
    "attribute-references" : [ ]
  }, {
    "name" : "NX-SC-ANL",
    "description" : "generated",
    "scope-references" : [ "$XSAPPNAME.NX-SC-ANL" ],
    "attribute-references" : [ ]
  }, {
    "name" : "NX-PR-ANL",
    "description" : "generated",
    "scope-references" : [ "$XSAPPNAME.NX-PR-ANL" ],
    "attribute-references" : [ ]
  }, {
    "name" : "NX-SC-MGR",
    "description" : "generated",
    "scope-references" : [ "$XSAPPNAME.NX-SC-MGR" ],
    "attribute-references" : [ ]
  } ],
  "scopes" : [ {
    "name" : "********",
    "description" : "********"
  }, {
    "name" : "$XSAPPNAME.NX-SC-ANL",
    "description" : "NX-SC-ANL"
  }, {
    "name" : "$XSAPPNAME.NX-PR-ANL",
    "description" : "NX-PR-ANL"
  }, {
    "name" : "$XSAPPNAME.NX-SC-MGR",
    "description" : "NX-SC-MGR"
  } ],
  "tenant-mode" : "dedicated",
  "xsappname" : "ResilienceCockpit-94060551trial-dev"
}#
#2026 08 25 08:47:14.747#Z#DEBUG#9140a271-a061-11f1-b78a-eeee0a986e3f.OPERATION#flowable-async-job-executor-thread-11890#
Step "Determine update actions" finished#
#2026 08 25 08:47:14.770#Z#DEBUG#9140a271-a061-11f1-b78a-eeee0a986e3f.OPERATION#flowable-async-job-executor-thread-11890#
[CheckForServiceBindingOrKeyOperationStep] Executing task "CheckForServiceBindingOrKeyCreation" of process "91e01749-a061-11f1-b78a-eeee0a986e3f"...#
#2026 08 25 08:47:14.771#Z#DEBUG#9140a271-a061-11f1-b78a-eeee0a986e3f.OPERATION#flowable-async-job-executor-thread-11890#
Step "Check for service binding or key creation" finished#
#2026 08 25 08:47:14.790#Z#DEBUG#9140a271-a061-11f1-b78a-eeee0a986e3f.OPERATION#flowable-async-job-executor-thread-11890#
[UpdateServiceParametersStep] Executing task "UpdateServiceParametersTask" of process "91e01749-a061-11f1-b78a-eeee0a986e3f"...#
#2026 08 25 08:47:14.791#Z#INFO#9140a271-a061-11f1-b78a-eeee0a986e3f.OPERATION#flowable-async-job-executor-thread-11890#
[UpdateServiceParametersStep] Updating service "ResilienceCockpit-auth"...#
#2026 08 25 08:47:14.793#Z#DEBUG#9140a271-a061-11f1-b78a-eeee0a986e3f.OPERATION#flowable-async-job-executor-thread-11890#
[UpdateServiceParametersStep] Updating service parameters for service "ResilienceCockpit-auth"...#
#2026 08 25 08:47:14.883#Z#DEBUG#9140a271-a061-11f1-b78a-eeee0a986e3f.OPERATION#flowable-async-job-executor-thread-11890#
[UpdateServiceParametersStep] Service "ResilienceCockpit-auth" updated#
#2026 08 25 08:47:14.883#Z#DEBUG#9140a271-a061-11f1-b78a-eeee0a986e3f.OPERATION#flowable-async-job-executor-thread-11890#
[UpdateServiceParametersStep] Triggered service operations: {
  "ResilienceCockpit-auth" : "UPDATE"
}#
#2026 08 25 08:47:14.883#Z#DEBUG#9140a271-a061-11f1-b78a-eeee0a986e3f.OPERATION#flowable-async-job-executor-thread-11890#
Step "Update parameters" finished#
#2026 08 25 08:47:15.245#Z#DEBUG#9140a271-a061-11f1-b78a-eeee0a986e3f.OPERATION#flowable-async-job-executor-thread-3182#
[CheckServiceOperationStateStep] Executing task "CheckServiceOperationStateTask" of process "924f5350-a061-11f1-87c7-eeee0a8e79e5"...#
#2026 08 25 08:47:15.245#Z#DEBUG#9140a271-a061-11f1-b78a-eeee0a986e3f.OPERATION#flowable-async-job-executor-thread-3182#
[CheckServiceOperationStateStep] Getting service instance "ResilienceCockpit-db"...#
#2026 08 25 08:47:15.286#Z#DEBUG#9140a271-a061-11f1-b78a-eeee0a986e3f.OPERATION#flowable-async-job-executor-thread-3189#
[CheckServiceOperationStateStep] Executing task "CheckServiceOperationStateTask" of process "92551fdf-a061-11f1-87c7-eeee0a8e79e5"...#
#2026 08 25 08:47:15.287#Z#DEBUG#9140a271-a061-11f1-b78a-eeee0a986e3f.OPERATION#flowable-async-job-executor-thread-3189#
[CheckServiceOperationStateStep] Getting service instance "ResilienceCockpit-html5-repo-host"...#
#2026 08 25 08:47:15.316#Z#DEBUG#9140a271-a061-11f1-b78a-eeee0a986e3f.OPERATION#flowable-async-job-executor-thread-3186#
[CheckServiceOperationStateStep] Executing task "CheckServiceOperationStateTask" of process "925a9e4e-a061-11f1-87c7-eeee0a8e79e5"...#
#2026 08 25 08:47:15.316#Z#DEBUG#9140a271-a061-11f1-b78a-eeee0a986e3f.OPERATION#flowable-async-job-executor-thread-3186#
[CheckServiceOperationStateStep] Getting service instance "ResilienceCockpit-connectivity"...#
#2026 08 25 08:47:15.335#Z#DEBUG#9140a271-a061-11f1-b78a-eeee0a986e3f.OPERATION#flowable-async-job-executor-thread-3182#
Step "Check for service operations in Progress" finished#
#2026 08 25 08:47:15.377#Z#DEBUG#9140a271-a061-11f1-b78a-eeee0a986e3f.OPERATION#flowable-async-job-executor-thread-3189#
Step "Check for service operations in Progress" finished#
#2026 08 25 08:47:15.416#Z#DEBUG#9140a271-a061-11f1-b78a-eeee0a986e3f.OPERATION#flowable-async-job-executor-thread-3186#
Step "Check for service operations in Progress" finished#
#2026 08 25 08:47:15.352#Z#DEBUG#9140a271-a061-11f1-b78a-eeee0a986e3f.OPERATION#flowable-async-job-executor-thread-3182#
[DetermineServiceCreateUpdateServiceActionsStep] Executing task "DetermineServiceCreateUpdateActionsTask" of process "924f5350-a061-11f1-87c7-eeee0a8e79e5"...#
#2026 08 25 08:47:15.353#Z#INFO#9140a271-a061-11f1-b78a-eeee0a986e3f.OPERATION#flowable-async-job-executor-thread-3182#
[DetermineServiceCreateUpdateServiceActionsStep] Processing service "ResilienceCockpit-db"...#
#2026 08 25 08:47:15.356#Z#DEBUG#9140a271-a061-11f1-b78a-eeee0a986e3f.OPERATION#flowable-async-job-executor-thread-3182#
[DetermineServiceCreateUpdateServiceActionsStep] Getting service instance "ResilienceCockpit-db"...#
#2026 08 25 08:47:15.398#Z#DEBUG#9140a271-a061-11f1-b78a-eeee0a986e3f.OPERATION#flowable-async-job-executor-thread-3189#
[DetermineServiceCreateUpdateServiceActionsStep] Executing task "DetermineServiceCreateUpdateActionsTask" of process "92551fdf-a061-11f1-87c7-eeee0a8e79e5"...#
#2026 08 25 08:47:15.399#Z#INFO#9140a271-a061-11f1-b78a-eeee0a986e3f.OPERATION#flowable-async-job-executor-thread-3189#
[DetermineServiceCreateUpdateServiceActionsStep] Processing service "ResilienceCockpit-html5-repo-host"...#
#2026 08 25 08:47:15.402#Z#DEBUG#9140a271-a061-11f1-b78a-eeee0a986e3f.OPERATION#flowable-async-job-executor-thread-3189#
[DetermineServiceCreateUpdateServiceActionsStep] Getting service instance "ResilienceCockpit-html5-repo-host"...#
#2026 08 25 08:47:15.436#Z#DEBUG#9140a271-a061-11f1-b78a-eeee0a986e3f.OPERATION#flowable-async-job-executor-thread-3186#
[DetermineServiceCreateUpdateServiceActionsStep] Executing task "DetermineServiceCreateUpdateActionsTask" of process "925a9e4e-a061-11f1-87c7-eeee0a8e79e5"...#
#2026 08 25 08:47:15.437#Z#INFO#9140a271-a061-11f1-b78a-eeee0a986e3f.OPERATION#flowable-async-job-executor-thread-3186#
[DetermineServiceCreateUpdateServiceActionsStep] Processing service "ResilienceCockpit-connectivity"...#
#2026 08 25 08:47:15.440#Z#DEBUG#9140a271-a061-11f1-b78a-eeee0a986e3f.OPERATION#flowable-async-job-executor-thread-3186#
[DetermineServiceCreateUpdateServiceActionsStep] Getting service instance "ResilienceCockpit-connectivity"...#
#2026 08 25 08:47:15.444#Z#DEBUG#9140a271-a061-11f1-b78a-eeee0a986e3f.OPERATION#flowable-async-job-executor-thread-3182#
[DetermineServiceCreateUpdateServiceActionsStep] Existing service: {
  "name" : "ResilienceCockpit-db",
  "metadata" : {
    "guid" : "793c82c4-0c29-4054-8664-8ad70f1aaf7d",
    "createdAt" : [ 2026, 8, 25, 8, 30, 5 ],
    "updatedAt" : [ 2026, 8, 25, 8, 30, 5 ]
  },
  "v3Metadata" : {
    "annotations" : {
      "mta_id" : "ResilienceCockpit",
      "mta_version" : "1.0.0",
      "mta_resource" : "{\"name\":\"ResilienceCockpit-db\"}"
    },
    "labels" : {
      "mta_id" : "12714f170fc41ee91010bfb8bfd6b5c9"
    }
  },
  "label" : "hana",
  "plan" : "hdi-shared",
  "credentials" : "********",
  "tags" : [ ],
  "type" : "managed",
  "lastOperation" : {
    "type" : "CREATE",
    "state" : "SUCCEEDED"
  }
}#
#2026 08 25 08:47:15.445#Z#WARN#9140a271-a061-11f1-b78a-eeee0a986e3f.OPERATION#flowable-async-job-executor-thread-3182#
[DetermineServiceCreateUpdateServiceActionsStep] Service parameters for service "ResilienceCockpit-db" will not be updated, as the parameters are not defined or empty.#
#2026 08 25 08:47:15.445#Z#DEBUG#9140a271-a061-11f1-b78a-eeee0a986e3f.OPERATION#flowable-async-job-executor-thread-3182#
Step "Determine update actions" finished#
#2026 08 25 08:47:15.470#Z#DEBUG#9140a271-a061-11f1-b78a-eeee0a986e3f.OPERATION#flowable-async-job-executor-thread-3182#
[CheckForServiceBindingOrKeyOperationStep] Executing task "CheckForServiceBindingOrKeyCreation" of process "924f5350-a061-11f1-87c7-eeee0a8e79e5"...#
#2026 08 25 08:47:15.471#Z#DEBUG#9140a271-a061-11f1-b78a-eeee0a986e3f.OPERATION#flowable-async-job-executor-thread-3182#
Step "Check for service binding or key creation" finished#
#2026 08 25 08:47:15.495#Z#DEBUG#9140a271-a061-11f1-b78a-eeee0a986e3f.OPERATION#flowable-async-job-executor-thread-3189#
[DetermineServiceCreateUpdateServiceActionsStep] Existing service: {
  "name" : "ResilienceCockpit-html5-repo-host",
  "metadata" : {
    "guid" : "fd6aaf90-4cca-4826-9764-60a919421480",
    "createdAt" : [ 2026, 8, 25, 8, 30, 6 ],
    "updatedAt" : [ 2026, 8, 25, 8, 30, 7 ]
  },
  "v3Metadata" : {
    "annotations" : {
      "mta_id" : "ResilienceCockpit",
      "mta_version" : "1.0.0",
      "mta_resource" : "{\"name\":\"ResilienceCockpit-html5-repo-host\"}"
    },
    "labels" : {
      "mta_id" : "12714f170fc41ee91010bfb8bfd6b5c9"
    }
  },
  "label" : "html5-apps-repo",
  "plan" : "app-host",
  "credentials" : "********",
  "tags" : [ ],
  "type" : "managed",
  "lastOperation" : {
    "type" : "CREATE",
    "description" : "",
    "state" : "SUCCEEDED"
  }
}#
#2026 08 25 08:47:15.495#Z#WARN#9140a271-a061-11f1-b78a-eeee0a986e3f.OPERATION#flowable-async-job-executor-thread-3189#
[DetermineServiceCreateUpdateServiceActionsStep] Service parameters for service "ResilienceCockpit-html5-repo-host" will not be updated, as the parameters are not defined or empty.#
#2026 08 25 08:47:15.496#Z#DEBUG#9140a271-a061-11f1-b78a-eeee0a986e3f.OPERATION#flowable-async-job-executor-thread-3189#
Step "Determine update actions" finished#
#2026 08 25 08:47:15.525#Z#DEBUG#9140a271-a061-11f1-b78a-eeee0a986e3f.OPERATION#flowable-async-job-executor-thread-3189#
[CheckForServiceBindingOrKeyOperationStep] Executing task "CheckForServiceBindingOrKeyCreation" of process "92551fdf-a061-11f1-87c7-eeee0a8e79e5"...#
#2026 08 25 08:47:15.526#Z#DEBUG#9140a271-a061-11f1-b78a-eeee0a986e3f.OPERATION#flowable-async-job-executor-thread-3189#
Step "Check for service binding or key creation" finished#
#2026 08 25 08:47:15.535#Z#DEBUG#9140a271-a061-11f1-b78a-eeee0a986e3f.OPERATION#flowable-async-job-executor-thread-3186#
[DetermineServiceCreateUpdateServiceActionsStep] Existing service: {
  "name" : "ResilienceCockpit-connectivity",
  "metadata" : {
    "guid" : "57ce73c3-9d98-4630-a914-bb3fe51155dc",
    "createdAt" : [ 2026, 8, 25, 8, 30, 4 ],
    "updatedAt" : [ 2026, 8, 25, 8, 30, 6 ]
  },
  "v3Metadata" : {
    "annotations" : {
      "mta_id" : "ResilienceCockpit",
      "mta_version" : "1.0.0",
      "mta_resource" : "{\"name\":\"ResilienceCockpit-connectivity\"}"
    },
    "labels" : {
      "mta_id" : "12714f170fc41ee91010bfb8bfd6b5c9"
    }
  },
  "label" : "connectivity",
  "plan" : "lite",
  "credentials" : "********",
  "tags" : [ ],
  "type" : "managed",
  "lastOperation" : {
    "type" : "CREATE",
    "description" : "",
    "state" : "SUCCEEDED"
  }
}#
#2026 08 25 08:47:15.535#Z#WARN#9140a271-a061-11f1-b78a-eeee0a986e3f.OPERATION#flowable-async-job-executor-thread-3186#
[DetermineServiceCreateUpdateServiceActionsStep] Service parameters for service "ResilienceCockpit-connectivity" will not be updated, as the parameters are not defined or empty.#
#2026 08 25 08:47:15.535#Z#DEBUG#9140a271-a061-11f1-b78a-eeee0a986e3f.OPERATION#flowable-async-job-executor-thread-3186#
Step "Determine update actions" finished#
#2026 08 25 08:47:15.564#Z#DEBUG#9140a271-a061-11f1-b78a-eeee0a986e3f.OPERATION#flowable-async-job-executor-thread-3186#
[CheckForServiceBindingOrKeyOperationStep] Executing task "CheckForServiceBindingOrKeyCreation" of process "925a9e4e-a061-11f1-87c7-eeee0a8e79e5"...#
#2026 08 25 08:47:15.565#Z#DEBUG#9140a271-a061-11f1-b78a-eeee0a986e3f.OPERATION#flowable-async-job-executor-thread-3186#
Step "Check for service binding or key creation" finished#
#2026 08 25 08:47:17.036#Z#DEBUG#9140a271-a061-11f1-b78a-eeee0a986e3f.OPERATION#flowable-async-job-executor-thread-11891#
[CheckServiceOperationStateStep] Executing task "CheckServiceOperationStateTask" of process "9360c332-a061-11f1-b78a-eeee0a986e3f"...#
#2026 08 25 08:47:17.037#Z#DEBUG#9140a271-a061-11f1-b78a-eeee0a986e3f.OPERATION#flowable-async-job-executor-thread-11891#
[CheckServiceOperationStateStep] Getting service instance "ResilienceCockpit-destination"...#
#2026 08 25 08:47:17.122#Z#DEBUG#9140a271-a061-11f1-b78a-eeee0a986e3f.OPERATION#flowable-async-job-executor-thread-11891#
Step "Check for service operations in Progress" finished#
#2026 08 25 08:47:17.138#Z#DEBUG#9140a271-a061-11f1-b78a-eeee0a986e3f.OPERATION#flowable-async-job-executor-thread-11891#
[DetermineServiceCreateUpdateServiceActionsStep] Executing task "DetermineServiceCreateUpdateActionsTask" of process "9360c332-a061-11f1-b78a-eeee0a986e3f"...#
#2026 08 25 08:47:17.139#Z#INFO#9140a271-a061-11f1-b78a-eeee0a986e3f.OPERATION#flowable-async-job-executor-thread-11891#
[DetermineServiceCreateUpdateServiceActionsStep] Processing service "ResilienceCockpit-destination"...#
#2026 08 25 08:47:17.143#Z#DEBUG#9140a271-a061-11f1-b78a-eeee0a986e3f.OPERATION#flowable-async-job-executor-thread-11891#
[DetermineServiceCreateUpdateServiceActionsStep] Getting service instance "ResilienceCockpit-destination"...#
#2026 08 25 08:47:17.233#Z#DEBUG#9140a271-a061-11f1-b78a-eeee0a986e3f.OPERATION#flowable-async-job-executor-thread-11891#
[DetermineServiceCreateUpdateServiceActionsStep] Existing service: {
  "name" : "ResilienceCockpit-destination",
  "metadata" : {
    "guid" : "01ee3953-9bb6-4134-988a-deaf8ca2479c",
    "createdAt" : [ 2026, 8, 25, 8, 30, 3 ],
    "updatedAt" : [ 2026, 8, 25, 8, 30, 7 ]
  },
  "v3Metadata" : {
    "annotations" : {
      "mta_id" : "ResilienceCockpit",
      "mta_version" : "1.0.0",
      "mta_resource" : "{\"name\":\"ResilienceCockpit-destination\"}"
    },
    "labels" : {
      "mta_id" : "12714f170fc41ee91010bfb8bfd6b5c9"
    }
  },
  "label" : "destination",
  "plan" : "lite",
  "credentials" : "********",
  "tags" : [ ],
  "type" : "managed",
  "lastOperation" : {
    "type" : "CREATE",
    "description" : "",
    "state" : "SUCCEEDED"
  }
}#
#2026 08 25 08:47:17.233#Z#DEBUG#9140a271-a061-11f1-b78a-eeee0a986e3f.OPERATION#flowable-async-job-executor-thread-11891#
[DetermineServiceCreateUpdateServiceActionsStep] Service parameters will be updated#
#2026 08 25 08:47:17.233#Z#DEBUG#9140a271-a061-11f1-b78a-eeee0a986e3f.OPERATION#flowable-async-job-executor-thread-11891#
[DetermineServiceCreateUpdateServiceActionsStep] New parameters: {
  "HTML5Runtime_enabled" : true,
  "init_data" : {
    "instance" : {
      "destinations" : [ {
        "Authentication" : "********",
        "Name" : "ui5",
        "ProxyType" : "Internet",
        "Type" : "HTTP",
        "URL" : "https://ui5.sap.com"
      }, {
        "Authentication" : "********",
        "HTML5.DynamicDestination" : true,
        "HTML5.ForwardAuthToken" : "********",
        "Name" : "srv-api",
        "ProxyType" : "Internet",
        "Type" : "HTTP",
        "URL" : "https://94060551trial-dev-resiliencecockpit-srv.cfapps.us10-003.hana.ondemand.com"
      } ],
      "existing_destinations_policy" : "update"
    }
  }
}#
#2026 08 25 08:47:17.233#Z#DEBUG#9140a271-a061-11f1-b78a-eeee0a986e3f.OPERATION#flowable-async-job-executor-thread-11891#
Step "Determine update actions" finished#
#2026 08 25 08:47:17.256#Z#DEBUG#9140a271-a061-11f1-b78a-eeee0a986e3f.OPERATION#flowable-async-job-executor-thread-11891#
[CheckForServiceBindingOrKeyOperationStep] Executing task "CheckForServiceBindingOrKeyCreation" of process "9360c332-a061-11f1-b78a-eeee0a986e3f"...#
#2026 08 25 08:47:17.257#Z#DEBUG#9140a271-a061-11f1-b78a-eeee0a986e3f.OPERATION#flowable-async-job-executor-thread-11891#
Step "Check for service binding or key creation" finished#
#2026 08 25 08:47:17.284#Z#DEBUG#9140a271-a061-11f1-b78a-eeee0a986e3f.OPERATION#flowable-async-job-executor-thread-11891#
[UpdateServiceParametersStep] Executing task "UpdateServiceParametersTask" of process "9360c332-a061-11f1-b78a-eeee0a986e3f"...#
#2026 08 25 08:47:17.286#Z#INFO#9140a271-a061-11f1-b78a-eeee0a986e3f.OPERATION#flowable-async-job-executor-thread-11891#
[UpdateServiceParametersStep] Updating service "ResilienceCockpit-destination"...#
#2026 08 25 08:47:17.289#Z#DEBUG#9140a271-a061-11f1-b78a-eeee0a986e3f.OPERATION#flowable-async-job-executor-thread-11891#
[UpdateServiceParametersStep] Updating service parameters for service "ResilienceCockpit-destination"...#
#2026 08 25 08:47:17.392#Z#DEBUG#9140a271-a061-11f1-b78a-eeee0a986e3f.OPERATION#flowable-async-job-executor-thread-11891#
[UpdateServiceParametersStep] Service "ResilienceCockpit-destination" updated#
#2026 08 25 08:47:17.392#Z#DEBUG#9140a271-a061-11f1-b78a-eeee0a986e3f.OPERATION#flowable-async-job-executor-thread-11891#
[UpdateServiceParametersStep] Triggered service operations: {
  "ResilienceCockpit-destination" : "UPDATE"
}#
#2026 08 25 08:47:17.393#Z#DEBUG#9140a271-a061-11f1-b78a-eeee0a986e3f.OPERATION#flowable-async-job-executor-thread-11891#
Step "Update parameters" finished#
#2026 08 25 08:47:20.042#Z#DEBUG#9140a271-a061-11f1-b78a-eeee0a986e3f.OPERATION#flowable-async-job-executor-thread-11894#
[CheckServiceOperationStateStep] Executing task "CheckServiceOperationStateTask" of process "952c34bb-a061-11f1-b78a-eeee0a986e3f"...#
#2026 08 25 08:47:20.042#Z#DEBUG#9140a271-a061-11f1-b78a-eeee0a986e3f.OPERATION#flowable-async-job-executor-thread-11894#
[CheckServiceOperationStateStep] Getting service instance "ResilienceCockpit-logging"...#
#2026 08 25 08:47:20.129#Z#DEBUG#9140a271-a061-11f1-b78a-eeee0a986e3f.OPERATION#flowable-async-job-executor-thread-11894#
Step "Check for service operations in Progress" finished#
#2026 08 25 08:47:20.145#Z#DEBUG#9140a271-a061-11f1-b78a-eeee0a986e3f.OPERATION#flowable-async-job-executor-thread-11895#
[DetermineServiceCreateUpdateServiceActionsStep] Executing task "DetermineServiceCreateUpdateActionsTask" of process "952c34bb-a061-11f1-b78a-eeee0a986e3f"...#
#2026 08 25 08:47:20.146#Z#INFO#9140a271-a061-11f1-b78a-eeee0a986e3f.OPERATION#flowable-async-job-executor-thread-11895#
[DetermineServiceCreateUpdateServiceActionsStep] Processing service "ResilienceCockpit-logging"...#
#2026 08 25 08:47:20.149#Z#DEBUG#9140a271-a061-11f1-b78a-eeee0a986e3f.OPERATION#flowable-async-job-executor-thread-11895#
[DetermineServiceCreateUpdateServiceActionsStep] Getting service instance "ResilienceCockpit-logging"...#
#2026 08 25 08:47:20.235#Z#DEBUG#9140a271-a061-11f1-b78a-eeee0a986e3f.OPERATION#flowable-async-job-executor-thread-11895#
[DetermineServiceCreateUpdateServiceActionsStep] Existing service: {
  "name" : "ResilienceCockpit-logging",
  "metadata" : {
    "guid" : "336ec7d3-cd56-4076-bb50-7f23f8654af2",
    "createdAt" : [ 2026, 8, 25, 8, 30, 2 ],
    "updatedAt" : [ 2026, 8, 25, 8, 30, 3 ]
  },
  "v3Metadata" : {
    "annotations" : {
      "mta_id" : "ResilienceCockpit",
      "mta_version" : "1.0.0",
      "mta_resource" : "{\"name\":\"ResilienceCockpit-logging\"}"
    },
    "labels" : {
      "mta_id" : "12714f170fc41ee91010bfb8bfd6b5c9"
    }
  },
  "label" : "application-logs",
  "plan" : "lite",
  "credentials" : "********",
  "tags" : [ ],
  "type" : "managed",
  "lastOperation" : {
    "type" : "CREATE",
    "description" : "",
    "state" : "SUCCEEDED"
  }
}#
#2026 08 25 08:47:20.236#Z#WARN#9140a271-a061-11f1-b78a-eeee0a986e3f.OPERATION#flowable-async-job-executor-thread-11895#
[DetermineServiceCreateUpdateServiceActionsStep] Service parameters for service "ResilienceCockpit-logging" will not be updated, as the parameters are not defined or empty.#
#2026 08 25 08:47:20.236#Z#DEBUG#9140a271-a061-11f1-b78a-eeee0a986e3f.OPERATION#flowable-async-job-executor-thread-11895#
Step "Determine update actions" finished#
#2026 08 25 08:47:20.258#Z#DEBUG#9140a271-a061-11f1-b78a-eeee0a986e3f.OPERATION#flowable-async-job-executor-thread-11896#
[CheckForServiceBindingOrKeyOperationStep] Executing task "CheckForServiceBindingOrKeyCreation" of process "952c34bb-a061-11f1-b78a-eeee0a986e3f"...#
#2026 08 25 08:47:20.258#Z#DEBUG#9140a271-a061-11f1-b78a-eeee0a986e3f.OPERATION#flowable-async-job-executor-thread-11896#
Step "Check for service binding or key creation" finished#
#2026 08 25 08:47:20.853#Z#DEBUG#9140a271-a061-11f1-b78a-eeee0a986e3f.OPERATION#flowable-async-job-executor-thread-11892#
[UpdateServiceParametersStep] Executing task "UpdateServiceParametersTask" of process "91e01749-a061-11f1-b78a-eeee0a986e3f"...#
#2026 08 25 08:47:20.854#Z#DEBUG#9140a271-a061-11f1-b78a-eeee0a986e3f.OPERATION#flowable-async-job-executor-thread-11892#
[UpdateServiceParametersStep] Polling service operations...#
#2026 08 25 08:47:20.855#Z#DEBUG#9140a271-a061-11f1-b78a-eeee0a986e3f.OPERATION#flowable-async-job-executor-thread-11892#
[UpdateServiceParametersStep] Getting service instance "ResilienceCockpit-auth"...#
#2026 08 25 08:47:20.942#Z#DEBUG#9140a271-a061-11f1-b78a-eeee0a986e3f.OPERATION#flowable-async-job-executor-thread-11892#
[UpdateServiceParametersStep] Last operation for service "ResilienceCockpit-auth": {
  "type" : "UPDATE",
  "description" : "",
  "state" : "SUCCEEDED"
}#
#2026 08 25 08:47:20.942#Z#DEBUG#9140a271-a061-11f1-b78a-eeee0a986e3f.OPERATION#flowable-async-job-executor-thread-11892#
[UpdateServiceParametersStep] Service "ResilienceCockpit-auth" updated#
#2026 08 25 08:47:20.942#Z#INFO#9140a271-a061-11f1-b78a-eeee0a986e3f.OPERATION#flowable-async-job-executor-thread-11892#
[UpdateServiceParametersStep] 1 of 1 done#
#2026 08 25 08:47:20.945#Z#DEBUG#9140a271-a061-11f1-b78a-eeee0a986e3f.OPERATION#flowable-async-job-executor-thread-11892#
[UpdateServiceParametersStep] Remaining services to poll: [ ]#
#2026 08 25 08:47:20.946#Z#DEBUG#9140a271-a061-11f1-b78a-eeee0a986e3f.OPERATION#flowable-async-job-executor-thread-11892#
Step "Update parameters" finished#
#2026 08 25 08:47:30.866#Z#DEBUG#9140a271-a061-11f1-b78a-eeee0a986e3f.OPERATION#flowable-async-job-executor-thread-11900#
[UpdateServiceParametersStep] Executing task "UpdateServiceParametersTask" of process "9360c332-a061-11f1-b78a-eeee0a986e3f"...#
#2026 08 25 08:47:30.867#Z#DEBUG#9140a271-a061-11f1-b78a-eeee0a986e3f.OPERATION#flowable-async-job-executor-thread-11900#
[UpdateServiceParametersStep] Polling service operations...#
#2026 08 25 08:47:30.868#Z#DEBUG#9140a271-a061-11f1-b78a-eeee0a986e3f.OPERATION#flowable-async-job-executor-thread-11900#
[UpdateServiceParametersStep] Getting service instance "ResilienceCockpit-destination"...#
#2026 08 25 08:47:30.953#Z#WARN#9140a271-a061-11f1-b78a-eeee0a986e3f.OPERATION#flowable-async-job-executor-thread-11900#
[UpdateServiceParametersStep] Updating service "ResilienceCockpit-destination" failed: Service broker error: Service broker destination-service-broker failed with: Failed to update the destination service instance with the user provided configuration.#
#2026 08 25 08:47:30.956#Z#DEBUG#9140a271-a061-11f1-b78a-eeee0a986e3f.OPERATION#flowable-async-job-executor-thread-11900#
[UpdateServiceParametersStep] Last operation for service "ResilienceCockpit-destination": {
  "type" : "UPDATE",
  "description" : "Service broker error: Service broker destination-service-broker failed with: Failed to update the destination service instance with the user provided configuration.",
  "state" : "SUCCEEDED"
}#
#2026 08 25 08:47:30.956#Z#DEBUG#9140a271-a061-11f1-b78a-eeee0a986e3f.OPERATION#flowable-async-job-executor-thread-11900#
[UpdateServiceParametersStep] Service "ResilienceCockpit-destination" updated#
#2026 08 25 08:47:30.956#Z#INFO#9140a271-a061-11f1-b78a-eeee0a986e3f.OPERATION#flowable-async-job-executor-thread-11900#
[UpdateServiceParametersStep] 1 of 1 done#
#2026 08 25 08:47:30.958#Z#DEBUG#9140a271-a061-11f1-b78a-eeee0a986e3f.OPERATION#flowable-async-job-executor-thread-11900#
[UpdateServiceParametersStep] Remaining services to poll: [ ]#
#2026 08 25 08:47:30.959#Z#DEBUG#9140a271-a061-11f1-b78a-eeee0a986e3f.OPERATION#flowable-async-job-executor-thread-11900#
Step "Update parameters" finished#
#2026 08 25 08:47:31.123#Z#DEBUG#9140a271-a061-11f1-b78a-eeee0a986e3f.OPERATION#flowable-async-job-executor-thread-11904#
[PrepareModulesDeploymentStep] Executing task "prepareModulesDeploymentTask" of process "9bc3d3a4-a061-11f1-b78a-eeee0a986e3f"...#
#2026 08 25 08:47:31.123#Z#DEBUG#9140a271-a061-11f1-b78a-eeee0a986e3f.OPERATION#flowable-async-job-executor-thread-11904#
[PrepareModulesDeploymentStep] Preparing modules deployment...#
#2026 08 25 08:47:31.126#Z#DEBUG#9140a271-a061-11f1-b78a-eeee0a986e3f.OPERATION#flowable-async-job-executor-thread-11904#
Step "Prepare Modules Deployment" finished#
#2026 08 25 08:47:31.147#Z#DEBUG#9140a271-a061-11f1-b78a-eeee0a986e3f.OPERATION#flowable-async-job-executor-thread-11905#
[ComputeNextModulesStep] Executing task "computeNextModulesToDeployInParallel" of process "9bc3d3a4-a061-11f1-b78a-eeee0a986e3f"...#
#2026 08 25 08:47:31.147#Z#DEBUG#9140a271-a061-11f1-b78a-eeee0a986e3f.OPERATION#flowable-async-job-executor-thread-11905#
[ComputeNextModulesStep] Computing modules for next parallel iteration...#
#2026 08 25 08:47:31.149#Z#DEBUG#9140a271-a061-11f1-b78a-eeee0a986e3f.OPERATION#flowable-async-job-executor-thread-11905#
[ComputeNextModulesStep] Completed modules detected: []#
#2026 08 25 08:47:31.149#Z#DEBUG#9140a271-a061-11f1-b78a-eeee0a986e3f.OPERATION#flowable-async-job-executor-thread-11905#
[ComputeNextModulesStep] All modules for deploy detected: [ResilienceCockpit-srv, ResilienceCockpit-app-deployer, ResilienceCockpit-destination-content, ResilienceCockpit-db-deployer]#
#2026 08 25 08:47:31.149#Z#DEBUG#9140a271-a061-11f1-b78a-eeee0a986e3f.OPERATION#flowable-async-job-executor-thread-11905#
[ComputeNextModulesStep] Modules not for deploy detected: []#
#2026 08 25 08:47:31.150#Z#DEBUG#9140a271-a061-11f1-b78a-eeee0a986e3f.OPERATION#flowable-async-job-executor-thread-11905#
[ComputeNextModulesStep] Computed modules for next parallel iteration: [ {
  "majorSchemaVersion" : 3,
  "name" : "ResilienceCockpit-srv",
  "type" : "javascript.nodejs",
  "path" : "ResilienceCockpit-srv",
  "properties" : { },
  "parameters" : {
    "app-name" : "ResilienceCockpit-srv",
    "buildpack" : "nodejs_buildpack",
    "default-app-name" : "ResilienceCockpit-srv",
    "default-host" : "94060551trial-dev-resiliencecockpit-srv",
    "default-instances" : 1,
    "default-live-app-name" : "ResilienceCockpit-srv",
    "default-live-domain" : "cfapps.us10-003.hana.ondemand.com",
    "default-live-host" : "94060551trial-dev-resiliencecockpit-srv",
    "default-live-uri" : "94060551trial-dev-resiliencecockpit-srv.cfapps.us10-003.hana.ondemand.com",
    "default-live-url" : "https://94060551trial-dev-resiliencecockpit-srv.cfapps.us10-003.hana.ondemand.com",
    "default-uri" : "94060551trial-dev-resiliencecockpit-srv.cfapps.us10-003.hana.ondemand.com",
    "default-url" : "https://94060551trial-dev-resiliencecockpit-srv.cfapps.us10-003.hana.ondemand.com",
    "dependency-type" : "soft",
    "domain" : "cfapps.us10-003.hana.ondemand.com",
    "generated-password" : "********",
    "generated-user" : "********",
    "host" : "94060551trial-dev-resiliencecockpit-srv",
    "instances" : 1,
    "protocol" : "https"
  },
  "requiredDependencies" : [ {
    "majorSchemaVersion" : 3,
    "name" : "********",
    "properties" : { },
    "parameters" : { },
    "propertiesMetadata" : {
      "metadata" : { }
    },
    "parametersMetadata" : {
      "metadata" : { }
    }
  }, {
    "majorSchemaVersion" : 3,
    "name" : "ResilienceCockpit-db",
    "properties" : { },
    "parameters" : { },
    "propertiesMetadata" : {
      "metadata" : { }
    },
    "parametersMetadata" : {
      "metadata" : { }
    }
  }, {
    "majorSchemaVersion" : 3,
    "name" : "ResilienceCockpit-connectivity",
    "properties" : { },
    "parameters" : { },
    "propertiesMetadata" : {
      "metadata" : { }
    },
    "parametersMetadata" : {
      "metadata" : { }
    }
  }, {
    "majorSchemaVersion" : 3,
    "name" : "ResilienceCockpit-destination",
    "properties" : { },
    "parameters" : { },
    "propertiesMetadata" : {
      "metadata" : { }
    },
    "parametersMetadata" : {
      "metadata" : { }
    }
  }, {
    "majorSchemaVersion" : 3,
    "name" : "ResilienceCockpit-logging",
    "properties" : { },
    "parameters" : { },
    "propertiesMetadata" : {
      "metadata" : { }
    },
    "parametersMetadata" : {
      "metadata" : { }
    }
  } ],
  "providedDependencies" : [ {
    "majorSchemaVersion" : 3,
    "name" : "srv-api",
    "isPublic" : false,
    "properties" : {
      "srv-url" : "https://94060551trial-dev-resiliencecockpit-srv.cfapps.us10-003.hana.ondemand.com"
    },
    "parameters" : { },
    "propertiesMetadata" : {
      "metadata" : { }
    },
    "parametersMetadata" : {
      "metadata" : { }
    }
  }, {
    "majorSchemaVersion" : 3,
    "name" : "ResilienceCockpit-srv",
    "isPublic" : false,
    "properties" : { },
    "parameters" : { },
    "propertiesMetadata" : {
      "metadata" : { }
    },
    "parametersMetadata" : {
      "metadata" : { }
    }
  } ],
  "propertiesMetadata" : {
    "metadata" : { }
  },
  "parametersMetadata" : {
    "metadata" : { }
  },
  "deployedAfter" : [ ],
  "hooks" : [ ]
}, {
  "majorSchemaVersion" : 3,
  "name" : "ResilienceCockpit-db-deployer",
  "type" : "com.sap.xs.hdi",
  "path" : "ResilienceCockpit-db-deployer",
  "properties" : {
    "EXIT" : 1
  },
  "parameters" : {
    "app-name" : "ResilienceCockpit-db-deployer",
    "buildpack" : "nodejs_buildpack",
    "default-app-name" : "ResilienceCockpit-db-deployer",
    "default-host" : "94060551trial-dev-resiliencecockpit-db-deployer",
    "default-instances" : 1,
    "default-live-app-name" : "ResilienceCockpit-db-deployer",
    "default-live-domain" : "cfapps.us10-003.hana.ondemand.com",
    "default-live-host" : "94060551trial-dev-resiliencecockpit-db-deployer",
    "default-live-uri" : "94060551trial-dev-resiliencecockpit-db-deployer.cfapps.us10-003.hana.ondemand.com",
    "default-live-url" : "https://94060551trial-dev-resiliencecockpit-db-deployer.cfapps.us10-003.hana.ondemand.com",
    "default-uri" : "94060551trial-dev-resiliencecockpit-db-deployer.cfapps.us10-003.hana.ondemand.com",
    "default-url" : "https://94060551trial-dev-resiliencecockpit-db-deployer.cfapps.us10-003.hana.ondemand.com",
    "dependency-type" : "hard",
    "domain" : "cfapps.us10-003.hana.ondemand.com",
    "generated-password" : "********",
    "generated-user" : "********",
    "host" : "94060551trial-dev-resiliencecockpit-db-deployer",
    "instances" : 1,
    "memory" : "256M",
    "no-route" : true,
    "no-start" : true,
    "protocol" : "https",
    "tasks" : [ {
      "command" : "npm start",
      "memory" : "256M",
      "name" : "deploy"
    } ]
  },
  "requiredDependencies" : [ {
    "majorSchemaVersion" : 3,
    "name" : "ResilienceCockpit-db",
    "properties" : { },
    "parameters" : { },
    "propertiesMetadata" : {
      "metadata" : { }
    },
    "parametersMetadata" : {
      "metadata" : { }
    }
  } ],
  "providedDependencies" : [ {
    "majorSchemaVersion" : 3,
    "name" : "ResilienceCockpit-db-deployer",
    "isPublic" : false,
    "properties" : { },
    "parameters" : { },
    "propertiesMetadata" : {
      "metadata" : { }
    },
    "parametersMetadata" : {
      "metadata" : { }
    }
  } ],
  "propertiesMetadata" : {
    "metadata" : { }
  },
  "parametersMetadata" : {
    "metadata" : { }
  },
  "deployedAfter" : [ ],
  "hooks" : [ ]
}, {
  "majorSchemaVersion" : 3,
  "name" : "ResilienceCockpit-app-deployer",
  "type" : "com.sap.application.content",
  "path" : "ResilienceCockpit-app-deployer",
  "properties" : { },
  "parameters" : {
    "app-name" : "ResilienceCockpit-app-deployer",
    "default-app-name" : "ResilienceCockpit-app-deployer",
    "default-host" : "94060551trial-dev-resiliencecockpit-app-deployer",
    "default-instances" : 1,
    "default-live-app-name" : "ResilienceCockpit-app-deployer",
    "default-live-domain" : "cfapps.us10-003.hana.ondemand.com",
    "default-live-host" : "94060551trial-dev-resiliencecockpit-app-deployer",
    "default-live-uri" : "94060551trial-dev-resiliencecockpit-app-deployer.cfapps.us10-003.hana.ondemand.com",
    "default-live-url" : "https://94060551trial-dev-resiliencecockpit-app-deployer.cfapps.us10-003.hana.ondemand.com",
    "default-uri" : "94060551trial-dev-resiliencecockpit-app-deployer.cfapps.us10-003.hana.ondemand.com",
    "default-url" : "https://94060551trial-dev-resiliencecockpit-app-deployer.cfapps.us10-003.hana.ondemand.com",
    "dependency-type" : "soft",
    "domain" : "cfapps.us10-003.hana.ondemand.com",
    "generated-password" : "********",
    "generated-user" : "********",
    "host" : "94060551trial-dev-resiliencecockpit-app-deployer",
    "instances" : 1,
    "protocol" : "https"
  },
  "requiredDependencies" : [ {
    "majorSchemaVersion" : 3,
    "name" : "********",
    "properties" : { },
    "parameters" : { },
    "propertiesMetadata" : {
      "metadata" : { }
    },
    "parametersMetadata" : {
      "metadata" : { }
    }
  }, {
    "majorSchemaVersion" : 3,
    "name" : "srv-api",
    "properties" : { },
    "parameters" : { },
    "propertiesMetadata" : {
      "metadata" : { }
    },
    "parametersMetadata" : {
      "metadata" : { }
    }
  }, {
    "majorSchemaVersion" : 3,
    "name" : "ResilienceCockpit-html5-repo-host",
    "properties" : { },
    "parameters" : {
      "config" : {
        "HTML5Runtime_enabled" : false
      },
      "content-target" : true
    },
    "propertiesMetadata" : {
      "metadata" : { }
    },
    "parametersMetadata" : {
      "metadata" : { }
    }
  } ],
  "providedDependencies" : [ {
    "majorSchemaVersion" : 3,
    "name" : "ResilienceCockpit-app-deployer",
    "isPublic" : false,
    "properties" : { },
    "parameters" : { },
    "propertiesMetadata" : {
      "metadata" : { }
    },
    "parametersMetadata" : {
      "metadata" : { }
    }
  } ],
  "propertiesMetadata" : {
    "metadata" : { }
  },
  "parametersMetadata" : {
    "metadata" : { }
  },
  "deployedAfter" : [ ],
  "hooks" : [ ]
}, {
  "majorSchemaVersion" : 3,
  "name" : "ResilienceCockpit-destination-content",
  "type" : "com.sap.application.content",
  "properties" : { },
  "parameters" : {
    "app-name" : "ResilienceCockpit-destination-content",
    "content" : {
      "instance" : {
        "destinations" : [ {
          "Authentication" : "********",
          "Name" : "srv-api",
          "TokenServiceInstanceName" : "********",
          "TokenServiceKeyName" : "********",
          "URL" : "https://94060551trial-dev-resiliencecockpit-srv.cfapps.us10-003.hana.ondemand.com"
        }, {
          "Name" : "ResilienceCockpit-html5-repo-host",
          "ServiceInstanceName" : "ResilienceCockpit-html5-repo-host",
          "ServiceKeyName" : "********",
          "sap.cloud.service" : "nexus"
        }, {
          "Authentication" : "********",
          "Name" : "********",
          "ServiceInstanceName" : "********",
          "ServiceKeyName" : "********"
        } ],
        "existing_destinations_policy" : "update"
      }
    },
    "default-app-name" : "ResilienceCockpit-destination-content",
    "default-host" : "94060551trial-dev-resiliencecockpit-destination-content",
    "default-instances" : 1,
    "default-live-app-name" : "ResilienceCockpit-destination-content",
    "default-live-domain" : "cfapps.us10-003.hana.ondemand.com",
    "default-live-host" : "94060551trial-dev-resiliencecockpit-destination-content",
    "default-live-uri" : "94060551trial-dev-resiliencecockpit-destination-content.cfapps.us10-003.hana.ondemand.com",
    "default-live-url" : "https://94060551trial-dev-resiliencecockpit-destination-content.cfapps.us10-003.hana.ondemand.com",
    "default-uri" : "94060551trial-dev-resiliencecockpit-destination-content.cfapps.us10-003.hana.ondemand.com",
    "default-url" : "https://94060551trial-dev-resiliencecockpit-destination-content.cfapps.us10-003.hana.ondemand.com",
    "dependency-type" : "soft",
    "domain" : "cfapps.us10-003.hana.ondemand.com",
    "generated-password" : "********",
    "generated-user" : "********",
    "host" : "94060551trial-dev-resiliencecockpit-destination-content",
    "instances" : 1,
    "protocol" : "https"
  },
  "requiredDependencies" : [ {
    "majorSchemaVersion" : 3,
    "name" : "********",
    "properties" : { },
    "parameters" : {
      "service-key" : "********"
    },
    "propertiesMetadata" : {
      "metadata" : { }
    },
    "parametersMetadata" : {
      "metadata" : { }
    }
  }, {
    "majorSchemaVersion" : 3,
    "name" : "ResilienceCockpit-html5-repo-host",
    "properties" : { },
    "parameters" : {
      "service-key" : "********"
    },
    "propertiesMetadata" : {
      "metadata" : { }
    },
    "parametersMetadata" : {
      "metadata" : { }
    }
  }, {
    "majorSchemaVersion" : 3,
    "name" : "srv-api",
    "properties" : { },
    "parameters" : { },
    "propertiesMetadata" : {
      "metadata" : { }
    },
    "parametersMetadata" : {
      "metadata" : { }
    }
  }, {
    "majorSchemaVersion" : 3,
    "name" : "ResilienceCockpit-destination",
    "properties" : { },
    "parameters" : {
      "content-target" : true
    },
    "propertiesMetadata" : {
      "metadata" : { }
    },
    "parametersMetadata" : {
      "metadata" : { }
    }
  } ],
  "providedDependencies" : [ {
    "majorSchemaVersion" : 3,
    "name" : "ResilienceCockpit-destination-content",
    "isPublic" : false,
    "properties" : { },
    "parameters" : { },
    "propertiesMetadata" : {
      "metadata" : { }
    },
    "parametersMetadata" : {
      "metadata" : { }
    }
  } ],
  "propertiesMetadata" : {
    "metadata" : { }
  },
  "parametersMetadata" : {
    "metadata" : { }
  },
  "deployedAfter" : [ ],
  "hooks" : [ ]
} ]#
#2026 08 25 08:47:31.150#Z#DEBUG#9140a271-a061-11f1-b78a-eeee0a986e3f.OPERATION#flowable-async-job-executor-thread-11905#
Step "Compute Next Modules To Deploy" finished#
#2026 08 25 08:47:31.243#Z#DEBUG#9140a271-a061-11f1-b78a-eeee0a986e3f.OPERATION#flowable-async-job-executor-thread-11905#
[ProcessDescriptorStep] Executing task "reprocessDescriptorTask" of process "9bd587c2-a061-11f1-b78a-eeee0a986e3f"...#
#2026 08 25 08:47:31.244#Z#DEBUG#9140a271-a061-11f1-b78a-eeee0a986e3f.OPERATION#flowable-async-job-executor-thread-11905#
[ProcessDescriptorStep] Resolving properties and parameters in merged descriptor...#
#2026 08 25 08:47:31.247#Z#DEBUG#9140a271-a061-11f1-b78a-eeee0a986e3f.OPERATION#flowable-async-job-executor-thread-11905#
[ProcessDescriptorStep] Subscriptions: [ ]#
#2026 08 25 08:47:31.250#Z#DEBUG#9140a271-a061-11f1-b78a-eeee0a986e3f.OPERATION#flowable-async-job-executor-thread-11905#
[ProcessDescriptorStep] MTA modules: [ResilienceCockpit-srv, ResilienceCockpit-app-deployer, ResilienceCockpit-destination-content, ResilienceCockpit-db-deployer]#
#2026 08 25 08:47:31.251#Z#DEBUG#9140a271-a061-11f1-b78a-eeee0a986e3f.OPERATION#flowable-async-job-executor-thread-11905#
[ProcessDescriptorStep] Resolved deployment descriptor: {
  "majorSchemaVersion" : 3,
  "schemaVersion" : "3.3.0",
  "id" : "ResilienceCockpit",
  "version" : "1.0.0",
  "modules" : [ {
    "majorSchemaVersion" : 3,
    "name" : "ResilienceCockpit-srv",
    "type" : "javascript.nodejs",
    "path" : "ResilienceCockpit-srv",
    "properties" : { },
    "parameters" : {
      "default-url" : "https://94060551trial-dev-resiliencecockpit-srv.cfapps.us10-003.hana.ondemand.com",
      "default-app-name" : "ResilienceCockpit-srv",
      "generated-password" : "********",
      "default-live-url" : "https://94060551trial-dev-resiliencecockpit-srv.cfapps.us10-003.hana.ondemand.com",
      "default-uri" : "94060551trial-dev-resiliencecockpit-srv.cfapps.us10-003.hana.ondemand.com",
      "default-instances" : 1,
      "default-live-host" : "94060551trial-dev-resiliencecockpit-srv",
      "instances" : 1,
      "buildpack" : "nodejs_buildpack",
      "default-host" : "94060551trial-dev-resiliencecockpit-srv",
      "app-name" : "ResilienceCockpit-srv",
      "default-live-uri" : "94060551trial-dev-resiliencecockpit-srv.cfapps.us10-003.hana.ondemand.com",
      "protocol" : "https",
      "default-live-app-name" : "ResilienceCockpit-srv",
      "default-live-domain" : "cfapps.us10-003.hana.ondemand.com",
      "domain" : "cfapps.us10-003.hana.ondemand.com",
      "host" : "94060551trial-dev-resiliencecockpit-srv",
      "generated-user" : "********"
    },
    "requiredDependencies" : [ {
      "majorSchemaVersion" : 3,
      "name" : "********",
      "properties" : { },
      "parameters" : { },
      "propertiesMetadata" : {
        "metadata" : { }
      },
      "parametersMetadata" : {
        "metadata" : { }
      }
    }, {
      "majorSchemaVersion" : 3,
      "name" : "ResilienceCockpit-db",
      "properties" : { },
      "parameters" : { },
      "propertiesMetadata" : {
        "metadata" : { }
      },
      "parametersMetadata" : {
        "metadata" : { }
      }
    }, {
      "majorSchemaVersion" : 3,
      "name" : "ResilienceCockpit-connectivity",
      "properties" : { },
      "parameters" : { },
      "propertiesMetadata" : {
        "metadata" : { }
      },
      "parametersMetadata" : {
        "metadata" : { }
      }
    }, {
      "majorSchemaVersion" : 3,
      "name" : "ResilienceCockpit-destination",
      "properties" : { },
      "parameters" : { },
      "propertiesMetadata" : {
        "metadata" : { }
      },
      "parametersMetadata" : {
        "metadata" : { }
      }
    }, {
      "majorSchemaVersion" : 3,
      "name" : "ResilienceCockpit-logging",
      "properties" : { },
      "parameters" : { },
      "propertiesMetadata" : {
        "metadata" : { }
      },
      "parametersMetadata" : {
        "metadata" : { }
      }
    } ],
    "providedDependencies" : [ {
      "majorSchemaVersion" : 3,
      "name" : "srv-api",
      "isPublic" : false,
      "properties" : {
        "srv-url" : "https://94060551trial-dev-resiliencecockpit-srv.cfapps.us10-003.hana.ondemand.com"
      },
      "parameters" : { },
      "propertiesMetadata" : {
        "metadata" : { }
      },
      "parametersMetadata" : {
        "metadata" : { }
      }
    }, {
      "majorSchemaVersion" : 3,
      "name" : "ResilienceCockpit-srv",
      "isPublic" : false,
      "properties" : { },
      "parameters" : { },
      "propertiesMetadata" : {
        "metadata" : { }
      },
      "parametersMetadata" : {
        "metadata" : { }
      }
    } ],
    "propertiesMetadata" : {
      "metadata" : { }
    },
    "parametersMetadata" : {
      "metadata" : { }
    },
    "hooks" : [ ]
  }, {
    "majorSchemaVersion" : 3,
    "name" : "ResilienceCockpit-db-deployer",
    "type" : "com.sap.xs.hdi",
    "path" : "ResilienceCockpit-db-deployer",
    "properties" : {
      "EXIT" : 1
    },
    "parameters" : {
      "default-url" : "https://94060551trial-dev-resiliencecockpit-db-deployer.cfapps.us10-003.hana.ondemand.com",
      "default-app-name" : "ResilienceCockpit-db-deployer",
      "generated-password" : "********",
      "default-live-url" : "https://94060551trial-dev-resiliencecockpit-db-deployer.cfapps.us10-003.hana.ondemand.com",
      "default-uri" : "94060551trial-dev-resiliencecockpit-db-deployer.cfapps.us10-003.hana.ondemand.com",
      "memory" : "256M",
      "default-instances" : 1,
      "no-route" : true,
      "default-live-host" : "94060551trial-dev-resiliencecockpit-db-deployer",
      "instances" : 1,
      "buildpack" : "nodejs_buildpack",
      "default-host" : "94060551trial-dev-resiliencecockpit-db-deployer",
      "app-name" : "ResilienceCockpit-db-deployer",
      "default-live-uri" : "94060551trial-dev-resiliencecockpit-db-deployer.cfapps.us10-003.hana.ondemand.com",
      "protocol" : "https",
      "default-live-app-name" : "ResilienceCockpit-db-deployer",
      "default-live-domain" : "cfapps.us10-003.hana.ondemand.com",
      "dependency-type" : "hard",
      "domain" : "cfapps.us10-003.hana.ondemand.com",
      "host" : "94060551trial-dev-resiliencecockpit-db-deployer",
      "generated-user" : "********",
      "tasks" : [ {
        "command" : "npm start",
        "memory" : "256M",
        "name" : "deploy"
      } ],
      "no-start" : true
    },
    "requiredDependencies" : [ {
      "majorSchemaVersion" : 3,
      "name" : "ResilienceCockpit-db",
      "properties" : { },
      "parameters" : { },
      "propertiesMetadata" : {
        "metadata" : { }
      },
      "parametersMetadata" : {
        "metadata" : { }
      }
    } ],
    "providedDependencies" : [ {
      "majorSchemaVersion" : 3,
      "name" : "ResilienceCockpit-db-deployer",
      "isPublic" : false,
      "properties" : { },
      "parameters" : { },
      "propertiesMetadata" : {
        "metadata" : { }
      },
      "parametersMetadata" : {
        "metadata" : { }
      }
    } ],
    "propertiesMetadata" : {
      "metadata" : { }
    },
    "parametersMetadata" : {
      "metadata" : { }
    },
    "hooks" : [ ]
  }, {
    "majorSchemaVersion" : 3,
    "name" : "ResilienceCockpit-app-deployer",
    "type" : "com.sap.application.content",
    "path" : "ResilienceCockpit-app-deployer",
    "properties" : { },
    "parameters" : {
      "default-url" : "https://94060551trial-dev-resiliencecockpit-app-deployer.cfapps.us10-003.hana.ondemand.com",
      "default-app-name" : "ResilienceCockpit-app-deployer",
      "generated-password" : "********",
      "default-live-url" : "https://94060551trial-dev-resiliencecockpit-app-deployer.cfapps.us10-003.hana.ondemand.com",
      "default-uri" : "94060551trial-dev-resiliencecockpit-app-deployer.cfapps.us10-003.hana.ondemand.com",
      "default-instances" : 1,
      "default-live-host" : "94060551trial-dev-resiliencecockpit-app-deployer",
      "instances" : 1,
      "default-host" : "94060551trial-dev-resiliencecockpit-app-deployer",
      "app-name" : "ResilienceCockpit-app-deployer",
      "default-live-uri" : "94060551trial-dev-resiliencecockpit-app-deployer.cfapps.us10-003.hana.ondemand.com",
      "protocol" : "https",
      "default-live-app-name" : "ResilienceCockpit-app-deployer",
      "default-live-domain" : "cfapps.us10-003.hana.ondemand.com",
      "domain" : "cfapps.us10-003.hana.ondemand.com",
      "host" : "94060551trial-dev-resiliencecockpit-app-deployer",
      "generated-user" : "********"
    },
    "requiredDependencies" : [ {
      "majorSchemaVersion" : 3,
      "name" : "********",
      "properties" : { },
      "parameters" : { },
      "propertiesMetadata" : {
        "metadata" : { }
      },
      "parametersMetadata" : {
        "metadata" : { }
      }
    }, {
      "majorSchemaVersion" : 3,
      "name" : "srv-api",
      "properties" : { },
      "parameters" : { },
      "propertiesMetadata" : {
        "metadata" : { }
      },
      "parametersMetadata" : {
        "metadata" : { }
      }
    }, {
      "majorSchemaVersion" : 3,
      "name" : "ResilienceCockpit-html5-repo-host",
      "properties" : { },
      "parameters" : {
        "config" : {
          "HTML5Runtime_enabled" : false
        },
        "content-target" : true
      },
      "propertiesMetadata" : {
        "metadata" : { }
      },
      "parametersMetadata" : {
        "metadata" : { }
      }
    } ],
    "providedDependencies" : [ {
      "majorSchemaVersion" : 3,
      "name" : "ResilienceCockpit-app-deployer",
      "isPublic" : false,
      "properties" : { },
      "parameters" : { },
      "propertiesMetadata" : {
        "metadata" : { }
      },
      "parametersMetadata" : {
        "metadata" : { }
      }
    } ],
    "propertiesMetadata" : {
      "metadata" : { }
    },
    "parametersMetadata" : {
      "metadata" : { }
    },
    "hooks" : [ ]
  }, {
    "majorSchemaVersion" : 3,
    "name" : "ResilienceCockpit-destination-content",
    "type" : "com.sap.application.content",
    "properties" : { },
    "parameters" : {
      "default-url" : "https://94060551trial-dev-resiliencecockpit-destination-content.cfapps.us10-003.hana.ondemand.com",
      "default-app-name" : "ResilienceCockpit-destination-content",
      "generated-password" : "********",
      "default-live-url" : "https://94060551trial-dev-resiliencecockpit-destination-content.cfapps.us10-003.hana.ondemand.com",
      "default-uri" : "94060551trial-dev-resiliencecockpit-destination-content.cfapps.us10-003.hana.ondemand.com",
      "default-instances" : 1,
      "default-live-host" : "94060551trial-dev-resiliencecockpit-destination-content",
      "instances" : 1,
      "default-host" : "94060551trial-dev-resiliencecockpit-destination-content",
      "content" : {
        "instance" : {
          "destinations" : [ {
            "Authentication" : "********",
            "Name" : "srv-api",
            "TokenServiceInstanceName" : "********",
            "TokenServiceKeyName" : "********",
            "URL" : "https://94060551trial-dev-resiliencecockpit-srv.cfapps.us10-003.hana.ondemand.com"
          }, {
            "Name" : "ResilienceCockpit-html5-repo-host",
            "ServiceInstanceName" : "ResilienceCockpit-html5-repo-host",
            "ServiceKeyName" : "********",
            "sap.cloud.service" : "nexus"
          }, {
            "Authentication" : "********",
            "Name" : "********",
            "ServiceInstanceName" : "********",
            "ServiceKeyName" : "********"
          } ],
          "existing_destinations_policy" : "update"
        }
      },
      "app-name" : "ResilienceCockpit-destination-content",
      "default-live-uri" : "94060551trial-dev-resiliencecockpit-destination-content.cfapps.us10-003.hana.ondemand.com",
      "protocol" : "https",
      "default-live-app-name" : "ResilienceCockpit-destination-content",
      "default-live-domain" : "cfapps.us10-003.hana.ondemand.com",
      "domain" : "cfapps.us10-003.hana.ondemand.com",
      "host" : "94060551trial-dev-resiliencecockpit-destination-content",
      "generated-user" : "********"
    },
    "requiredDependencies" : [ {
      "majorSchemaVersion" : 3,
      "name" : "********",
      "properties" : { },
      "parameters" : {
        "service-key" : "********"
      },
      "propertiesMetadata" : {
        "metadata" : { }
      },
      "parametersMetadata" : {
        "metadata" : { }
      }
    }, {
      "majorSchemaVersion" : 3,
      "name" : "ResilienceCockpit-html5-repo-host",
      "properties" : { },
      "parameters" : {
        "service-key" : "********"
      },
      "propertiesMetadata" : {
        "metadata" : { }
      },
      "parametersMetadata" : {
        "metadata" : { }
      }
    }, {
      "majorSchemaVersion" : 3,
      "name" : "srv-api",
      "properties" : { },
      "parameters" : { },
      "propertiesMetadata" : {
        "metadata" : { }
      },
      "parametersMetadata" : {
        "metadata" : { }
      }
    }, {
      "majorSchemaVersion" : 3,
      "name" : "ResilienceCockpit-destination",
      "properties" : { },
      "parameters" : {
        "content-target" : true
      },
      "propertiesMetadata" : {
        "metadata" : { }
      },
      "parametersMetadata" : {
        "metadata" : { }
      }
    } ],
    "providedDependencies" : [ {
      "majorSchemaVersion" : 3,
      "name" : "ResilienceCockpit-destination-content",
      "isPublic" : false,
      "properties" : { },
      "parameters" : { },
      "propertiesMetadata" : {
        "metadata" : { }
      },
      "parametersMetadata" : {
        "metadata" : { }
      }
    } ],
    "propertiesMetadata" : {
      "metadata" : { }
    },
    "parametersMetadata" : {
      "metadata" : { }
    },
    "hooks" : [ ]
  } ],
  "resources" : [ {
    "majorSchemaVersion" : 3,
    "name" : "********",
    "type" : "org.cloudfoundry.managed-service",
    "properties" : { },
    "parameters" : {
      "generated-password" : "********",
      "path" : "./xs-security.json",
      "service-name" : "********",
      "service-plan" : "application",
      "service" : "xsuaa",
      "generated-user" : "********",
      "default-xsappname" : "********",
      "type" : "managed-service",
      "config" : {
        "oauth2-configuration" : "********",
        "tenant-mode" : "dedicated",
        "xsappname" : "ResilienceCockpit-94060551trial-dev"
      },
      "default-service-name" : "********",
      "default-container-name" : "********"
    },
    "isActive" : true,
    "isOptional" : false,
    "propertiesMetadata" : {
      "metadata" : { }
    },
    "parametersMetadata" : {
      "metadata" : { }
    },
    "requiredDependencies" : [ ],
    "processedAfter" : [ ]
  }, {
    "majorSchemaVersion" : 3,
    "name" : "ResilienceCockpit-db",
    "type" : "com.sap.xs.hdi-container",
    "properties" : { },
    "parameters" : {
      "generated-password" : "********",
      "service-name" : "ResilienceCockpit-db",
      "service-plan" : "hdi-shared",
      "service" : "hana",
      "generated-user" : "********",
      "default-xsappname" : "ResilienceCockpit-db",
      "type" : "managed-service",
      "default-service-name" : "ResilienceCockpit-db",
      "default-container-name" : "94060551TRIAL_DEV_RESILIENCECOCKPIT_DB"
    },
    "isActive" : true,
    "isOptional" : false,
    "propertiesMetadata" : {
      "metadata" : { }
    },
    "parametersMetadata" : {
      "metadata" : { }
    },
    "requiredDependencies" : [ ],
    "processedAfter" : [ ]
  }, {
    "majorSchemaVersion" : 3,
    "name" : "ResilienceCockpit-connectivity",
    "type" : "org.cloudfoundry.managed-service",
    "properties" : { },
    "parameters" : {
      "generated-password" : "********",
      "service-name" : "ResilienceCockpit-connectivity",
      "service-plan" : "lite",
      "service" : "connectivity",
      "generated-user" : "********",
      "default-xsappname" : "ResilienceCockpit-connectivity",
      "type" : "managed-service",
      "default-service-name" : "ResilienceCockpit-connectivity",
      "default-container-name" : "94060551TRIAL_DEV_RESILIENCECOCKPIT_CONNECTIVITY"
    },
    "isActive" : true,
    "isOptional" : false,
    "propertiesMetadata" : {
      "metadata" : { }
    },
    "parametersMetadata" : {
      "metadata" : { }
    },
    "requiredDependencies" : [ ],
    "processedAfter" : [ ]
  }, {
    "majorSchemaVersion" : 3,
    "name" : "ResilienceCockpit-destination",
    "type" : "org.cloudfoundry.managed-service",
    "properties" : { },
    "parameters" : {
      "generated-password" : "********",
      "service-name" : "ResilienceCockpit-destination",
      "service-plan" : "lite",
      "service" : "destination",
      "generated-user" : "********",
      "default-xsappname" : "ResilienceCockpit-destination",
      "type" : "managed-service",
      "config" : {
        "HTML5Runtime_enabled" : true,
        "init_data" : {
          "instance" : {
            "destinations" : [ {
              "Authentication" : "********",
              "Name" : "ui5",
              "ProxyType" : "Internet",
              "Type" : "HTTP",
              "URL" : "https://ui5.sap.com"
            }, {
              "Authentication" : "********",
              "HTML5.DynamicDestination" : true,
              "HTML5.ForwardAuthToken" : "********",
              "Name" : "srv-api",
              "ProxyType" : "Internet",
              "Type" : "HTTP",
              "URL" : "https://94060551trial-dev-resiliencecockpit-srv.cfapps.us10-003.hana.ondemand.com"
            } ],
            "existing_destinations_policy" : "update"
          }
        }
      },
      "default-service-name" : "ResilienceCockpit-destination",
      "default-container-name" : "94060551TRIAL_DEV_RESILIENCECOCKPIT_DESTINATION"
    },
    "isActive" : true,
    "isOptional" : false,
    "propertiesMetadata" : {
      "metadata" : { }
    },
    "parametersMetadata" : {
      "metadata" : { }
    },
    "requiredDependencies" : [ {
      "majorSchemaVersion" : 3,
      "name" : "srv-api",
      "properties" : { },
      "parameters" : { },
      "propertiesMetadata" : {
        "metadata" : { }
      },
      "parametersMetadata" : {
        "metadata" : { }
      }
    } ],
    "processedAfter" : [ ]
  }, {
    "majorSchemaVersion" : 3,
    "name" : "ResilienceCockpit-html5-repo-host",
    "type" : "org.cloudfoundry.managed-service",
    "properties" : { },
    "parameters" : {
      "generated-password" : "********",
      "service-name" : "ResilienceCockpit-html5-repo-host",
      "service-plan" : "app-host",
      "service" : "html5-apps-repo",
      "generated-user" : "********",
      "default-xsappname" : "ResilienceCockpit-html5-repo-host",
      "type" : "managed-service",
      "default-service-name" : "ResilienceCockpit-html5-repo-host",
      "default-container-name" : "94060551TRIAL_DEV_RESILIENCECOCKPIT_HTML5_REPO_HOST"
    },
    "isActive" : true,
    "isOptional" : false,
    "propertiesMetadata" : {
      "metadata" : { }
    },
    "parametersMetadata" : {
      "metadata" : { }
    },
    "requiredDependencies" : [ ],
    "processedAfter" : [ ]
  }, {
    "majorSchemaVersion" : 3,
    "name" : "ResilienceCockpit-logging",
    "type" : "org.cloudfoundry.managed-service",
    "properties" : { },
    "parameters" : {
      "generated-password" : "********",
      "service-name" : "ResilienceCockpit-logging",
      "service-plan" : "lite",
      "service" : "application-logs",
      "generated-user" : "********",
      "default-xsappname" : "ResilienceCockpit-logging",
      "type" : "managed-service",
      "default-service-name" : "ResilienceCockpit-logging",
      "default-container-name" : "94060551TRIAL_DEV_RESILIENCECOCKPIT_LOGGING"
    },
    "isActive" : true,
    "isOptional" : false,
    "propertiesMetadata" : {
      "metadata" : { }
    },
    "parametersMetadata" : {
      "metadata" : { }
    },
    "requiredDependencies" : [ ],
    "processedAfter" : [ ]
  } ],
  "parameters" : {
    "deploy_mode" : "html5-repo",
    "mta-id" : "ResilienceCockpit",
    "authorization-url" : "********",
    "org-guid" : "78e7b825-503f-4bdc-af4e-be86d7f43c8e",
    "org" : "94060551trial",
    "deploy-target" : "94060551trial dev",
    "enable-parallel-deployments" : true,
    "region-primary-domain" : "us10.hana.ondemand.com",
    "space" : "dev",
    "region-domain" : "us10-003.hana.ondemand.com",
    "xs-api-url" : "https://api.cf.us10-003.hana.ondemand.com",
    "deploy-url" : "deploy-service.cfapps.us10-003.hana.ondemand.com",
    "xs-type" : "CF",
    "default-domain" : "cfapps.us10-003.hana.ondemand.com",
    "mta-version" : "1.0.0",
    "xs-auth-url" : "********",
    "space-guid" : "039a1fe6-69a4-4c1e-9b8f-a64d47329d3e",
    "user" : "********",
    "controller-url" : "https://api.cf.us10-003.hana.ondemand.com",
    "timestamp" : "20260825084713"
  },
  "parametersMetadata" : {
    "metadata" : { }
  }
}#
#2026 08 25 08:47:31.251#Z#DEBUG#9140a271-a061-11f1-b78a-eeee0a986e3f.OPERATION#flowable-async-job-executor-thread-11905#
[ProcessDescriptorStep] Merged descriptor properties and parameters resolved#
#2026 08 25 08:47:31.251#Z#DEBUG#9140a271-a061-11f1-b78a-eeee0a986e3f.OPERATION#flowable-async-job-executor-thread-11905#
Step "Re-Process Descriptor Step" finished#
#2026 08 25 08:47:31.267#Z#DEBUG#9140a271-a061-11f1-b78a-eeee0a986e3f.OPERATION#flowable-async-job-executor-thread-11905#
[BuildApplicationDeployModelStep] Executing task "buildApplicationDeployModelTask" of process "9bd587c2-a061-11f1-b78a-eeee0a986e3f"...#
#2026 08 25 08:47:31.268#Z#DEBUG#9140a271-a061-11f1-b78a-eeee0a986e3f.OPERATION#flowable-async-job-executor-thread-11905#
[BuildApplicationDeployModelStep] Building cloud deployment model for application "ResilienceCockpit-srv"...#
#2026 08 25 08:47:31.271#Z#DEBUG#9140a271-a061-11f1-b78a-eeee0a986e3f.OPERATION#flowable-async-job-executor-thread-11905#
[BuildApplicationDeployModelStep] No health-check-type is specified. Setting default type: port#
#2026 08 25 08:47:31.271#Z#INFO#9140a271-a061-11f1-b78a-eeee0a986e3f.OPERATION#flowable-async-job-executor-thread-11905#
[BuildApplicationDeployModelStep] Building configuration entries for org 94060551trial, space dev, spaceId 039a1fe6-69a4-4c1e-9b8f-a64d47329d3e and namespace null!#
#2026 08 25 08:47:31.271#Z#DEBUG#9140a271-a061-11f1-b78a-eeee0a986e3f.OPERATION#flowable-async-job-executor-thread-11905#
[BuildApplicationDeployModelStep] Configuration entries to publish: [ ]#
#2026 08 25 08:47:31.271#Z#DEBUG#9140a271-a061-11f1-b78a-eeee0a986e3f.OPERATION#flowable-async-job-executor-thread-11905#
[BuildApplicationDeployModelStep] Cloud deployment model for application built#
#2026 08 25 08:47:31.271#Z#DEBUG#9140a271-a061-11f1-b78a-eeee0a986e3f.OPERATION#flowable-async-job-executor-thread-11905#
Step "Build Application Deploy Model" finished#
#2026 08 25 08:47:31.290#Z#DEBUG#9140a271-a061-11f1-b78a-eeee0a986e3f.OPERATION#flowable-async-job-executor-thread-11905#
[CreateOrUpdateAppStep] Executing task "createAppTask" of process "9bd587c2-a061-11f1-b78a-eeee0a986e3f"...#
#2026 08 25 08:47:31.290#Z#DEBUG#9140a271-a061-11f1-b78a-eeee0a986e3f.OPERATION#flowable-async-job-executor-thread-11905#
[CreateOrUpdateAppStep] Getting application "ResilienceCockpit-srv"...#
#2026 08 25 08:47:31.317#Z#INFO#9140a271-a061-11f1-b78a-eeee0a986e3f.OPERATION#flowable-async-job-executor-thread-11905#
[CreateOrUpdateAppStep] Updating application "ResilienceCockpit-srv"...#
#2026 08 25 08:47:31.321#Z#DEBUG#9140a271-a061-11f1-b78a-eeee0a986e3f.OPERATION#flowable-async-job-executor-thread-11905#
[CreateOrUpdateAppStep] Getting process for application "846298f7-a9cf-4b9f-a20b-63e370407f6e"...#
#2026 08 25 08:47:31.353#Z#DEBUG#9140a271-a061-11f1-b78a-eeee0a986e3f.OPERATION#flowable-async-job-executor-thread-11905#
[CreateOrUpdateAppStep] Getting routes for application "846298f7-a9cf-4b9f-a20b-63e370407f6e"...#
#2026 08 25 08:47:31.386#Z#DEBUG#9140a271-a061-11f1-b78a-eeee0a986e3f.OPERATION#flowable-async-job-executor-thread-11905#
[CreateOrUpdateAppStep] Getting features for application "846298f7-a9cf-4b9f-a20b-63e370407f6e"#
#2026 08 25 08:47:31.412#Z#DEBUG#9140a271-a061-11f1-b78a-eeee0a986e3f.OPERATION#flowable-async-job-executor-thread-11905#
[CreateOrUpdateAppStep] Updating staging of application "ResilienceCockpit-srv" to: {
  "buildpacks" : [ "nodejs_buildpack" ],
  "healthCheckType" : "port",
  "appFeatures" : { }
}#
#2026 08 25 08:47:31.620#Z#DEBUG#9140a271-a061-11f1-b78a-eeee0a986e3f.OPERATION#flowable-async-job-executor-thread-11905#
[CreateOrUpdateAppStep] Application "ResilienceCockpit-srv" updated#
#2026 08 25 08:47:31.620#Z#DEBUG#9140a271-a061-11f1-b78a-eeee0a986e3f.OPERATION#flowable-async-job-executor-thread-11905#
[CreateOrUpdateAppStep] Getting environment of application "846298f7-a9cf-4b9f-a20b-63e370407f6e"...#
#2026 08 25 08:47:31.701#Z#DEBUG#9140a271-a061-11f1-b78a-eeee0a986e3f.OPERATION#flowable-async-job-executor-thread-11905#
[CreateOrUpdateAppStep] Application "ResilienceCockpit-srv" updated#
#2026 08 25 08:47:31.701#Z#DEBUG#9140a271-a061-11f1-b78a-eeee0a986e3f.OPERATION#flowable-async-job-executor-thread-11905#
Step "Create App" finished#
#2026 08 25 08:47:31.762#Z#DEBUG#9140a271-a061-11f1-b78a-eeee0a986e3f.OPERATION#flowable-async-job-executor-thread-11902#
[CheckServiceBindingOperationStep] Executing task "checkForServiceBindingOperationInProgress" of process "9c286219-a061-11f1-b78a-eeee0a986e3f"...#
#2026 08 25 08:47:31.762#Z#DEBUG#9140a271-a061-11f1-b78a-eeee0a986e3f.OPERATION#flowable-async-job-executor-thread-11902#
[CheckServiceBindingOperationStep] Checking for service binding operation in progress between app "ResilienceCockpit-srv" and service instance "ResilienceCockpit-db"#
#2026 08 25 08:47:31.762#Z#DEBUG#9140a271-a061-11f1-b78a-eeee0a986e3f.OPERATION#flowable-async-job-executor-thread-11902#
[CheckServiceBindingOperationStep] Getting application guid "ResilienceCockpit-srv"...#
#2026 08 25 08:47:31.789#Z#DEBUG#9140a271-a061-11f1-b78a-eeee0a986e3f.OPERATION#flowable-async-job-executor-thread-11902#
[CheckServiceBindingOperationStep] Getting GUID of required service instance "ResilienceCockpit-db"...#
#2026 08 25 08:47:31.812#Z#DEBUG#9140a271-a061-11f1-b78a-eeee0a986e3f.OPERATION#flowable-async-job-executor-thread-11902#
[CheckServiceBindingOperationStep] Getting binding of service instance "793c82c4-0c29-4054-8664-8ad70f1aaf7d" with application "846298f7-a9cf-4b9f-a20b-63e370407f6e"...#
#2026 08 25 08:47:31.839#Z#DEBUG#9140a271-a061-11f1-b78a-eeee0a986e3f.OPERATION#flowable-async-job-executor-thread-11902#
[CheckServiceBindingOperationStep] Service binding operation "7af3739a-f0a8-472f-b962-c8d6cfea5843" with type "create" is in state "succeeded"#
#2026 08 25 08:47:31.839#Z#DEBUG#9140a271-a061-11f1-b78a-eeee0a986e3f.OPERATION#flowable-async-job-executor-thread-11902#
Step "Check For Service Binding Operation In Progress" finished#
#2026 08 25 08:47:32.104#Z#DEBUG#9140a271-a061-11f1-b78a-eeee0a986e3f.OPERATION#flowable-async-job-executor-thread-11901#
[ProcessDescriptorStep] Executing task "reprocessDescriptorTask" of process "9c573b22-a061-11f1-b78a-eeee0a986e3f"...#
#2026 08 25 08:47:32.105#Z#DEBUG#9140a271-a061-11f1-b78a-eeee0a986e3f.OPERATION#flowable-async-job-executor-thread-11901#
[ProcessDescriptorStep] Resolving properties and parameters in merged descriptor...#
#2026 08 25 08:47:32.109#Z#DEBUG#9140a271-a061-11f1-b78a-eeee0a986e3f.OPERATION#flowable-async-job-executor-thread-11901#
[ProcessDescriptorStep] Subscriptions: [ ]#
#2026 08 25 08:47:32.112#Z#DEBUG#9140a271-a061-11f1-b78a-eeee0a986e3f.OPERATION#flowable-async-job-executor-thread-11901#
[ProcessDescriptorStep] MTA modules: [ResilienceCockpit-srv, ResilienceCockpit-app-deployer, ResilienceCockpit-destination-content, ResilienceCockpit-db-deployer]#
#2026 08 25 08:47:32.114#Z#DEBUG#9140a271-a061-11f1-b78a-eeee0a986e3f.OPERATION#flowable-async-job-executor-thread-11901#
[ProcessDescriptorStep] Resolved deployment descriptor: {
  "majorSchemaVersion" : 3,
  "schemaVersion" : "3.3.0",
  "id" : "ResilienceCockpit",
  "version" : "1.0.0",
  "modules" : [ {
    "majorSchemaVersion" : 3,
    "name" : "ResilienceCockpit-srv",
    "type" : "javascript.nodejs",
    "path" : "ResilienceCockpit-srv",
    "properties" : { },
    "parameters" : {
      "default-url" : "https://94060551trial-dev-resiliencecockpit-srv.cfapps.us10-003.hana.ondemand.com",
      "default-app-name" : "ResilienceCockpit-srv",
      "generated-password" : "********",
      "default-live-url" : "https://94060551trial-dev-resiliencecockpit-srv.cfapps.us10-003.hana.ondemand.com",
      "default-uri" : "94060551trial-dev-resiliencecockpit-srv.cfapps.us10-003.hana.ondemand.com",
      "default-instances" : 1,
      "default-live-host" : "94060551trial-dev-resiliencecockpit-srv",
      "instances" : 1,
      "buildpack" : "nodejs_buildpack",
      "default-host" : "94060551trial-dev-resiliencecockpit-srv",
      "app-name" : "ResilienceCockpit-srv",
      "default-live-uri" : "94060551trial-dev-resiliencecockpit-srv.cfapps.us10-003.hana.ondemand.com",
      "protocol" : "https",
      "default-live-app-name" : "ResilienceCockpit-srv",
      "default-live-domain" : "cfapps.us10-003.hana.ondemand.com",
      "domain" : "cfapps.us10-003.hana.ondemand.com",
      "host" : "94060551trial-dev-resiliencecockpit-srv",
      "generated-user" : "********"
    },
    "requiredDependencies" : [ {
      "majorSchemaVersion" : 3,
      "name" : "********",
      "properties" : { },
      "parameters" : { },
      "propertiesMetadata" : {
        "metadata" : { }
      },
      "parametersMetadata" : {
        "metadata" : { }
      }
    }, {
      "majorSchemaVersion" : 3,
      "name" : "ResilienceCockpit-db",
      "properties" : { },
      "parameters" : { },
      "propertiesMetadata" : {
        "metadata" : { }
      },
      "parametersMetadata" : {
        "metadata" : { }
      }
    }, {
      "majorSchemaVersion" : 3,
      "name" : "ResilienceCockpit-connectivity",
      "properties" : { },
      "parameters" : { },
      "propertiesMetadata" : {
        "metadata" : { }
      },
      "parametersMetadata" : {
        "metadata" : { }
      }
    }, {
      "majorSchemaVersion" : 3,
      "name" : "ResilienceCockpit-destination",
      "properties" : { },
      "parameters" : { },
      "propertiesMetadata" : {
        "metadata" : { }
      },
      "parametersMetadata" : {
        "metadata" : { }
      }
    }, {
      "majorSchemaVersion" : 3,
      "name" : "ResilienceCockpit-logging",
      "properties" : { },
      "parameters" : { },
      "propertiesMetadata" : {
        "metadata" : { }
      },
      "parametersMetadata" : {
        "metadata" : { }
      }
    } ],
    "providedDependencies" : [ {
      "majorSchemaVersion" : 3,
      "name" : "srv-api",
      "isPublic" : false,
      "properties" : {
        "srv-url" : "https://94060551trial-dev-resiliencecockpit-srv.cfapps.us10-003.hana.ondemand.com"
      },
      "parameters" : { },
      "propertiesMetadata" : {
        "metadata" : { }
      },
      "parametersMetadata" : {
        "metadata" : { }
      }
    }, {
      "majorSchemaVersion" : 3,
      "name" : "ResilienceCockpit-srv",
      "isPublic" : false,
      "properties" : { },
      "parameters" : { },
      "propertiesMetadata" : {
        "metadata" : { }
      },
      "parametersMetadata" : {
        "metadata" : { }
      }
    } ],
    "propertiesMetadata" : {
      "metadata" : { }
    },
    "parametersMetadata" : {
      "metadata" : { }
    },
    "hooks" : [ ]
  }, {
    "majorSchemaVersion" : 3,
    "name" : "ResilienceCockpit-db-deployer",
    "type" : "com.sap.xs.hdi",
    "path" : "ResilienceCockpit-db-deployer",
    "properties" : {
      "EXIT" : 1
    },
    "parameters" : {
      "default-url" : "https://94060551trial-dev-resiliencecockpit-db-deployer.cfapps.us10-003.hana.ondemand.com",
      "default-app-name" : "ResilienceCockpit-db-deployer",
      "generated-password" : "********",
      "default-live-url" : "https://94060551trial-dev-resiliencecockpit-db-deployer.cfapps.us10-003.hana.ondemand.com",
      "default-uri" : "94060551trial-dev-resiliencecockpit-db-deployer.cfapps.us10-003.hana.ondemand.com",
      "memory" : "256M",
      "default-instances" : 1,
      "no-route" : true,
      "default-live-host" : "94060551trial-dev-resiliencecockpit-db-deployer",
      "instances" : 1,
      "buildpack" : "nodejs_buildpack",
      "default-host" : "94060551trial-dev-resiliencecockpit-db-deployer",
      "app-name" : "ResilienceCockpit-db-deployer",
      "default-live-uri" : "94060551trial-dev-resiliencecockpit-db-deployer.cfapps.us10-003.hana.ondemand.com",
      "protocol" : "https",
      "default-live-app-name" : "ResilienceCockpit-db-deployer",
      "default-live-domain" : "cfapps.us10-003.hana.ondemand.com",
      "dependency-type" : "hard",
      "domain" : "cfapps.us10-003.hana.ondemand.com",
      "host" : "94060551trial-dev-resiliencecockpit-db-deployer",
      "generated-user" : "********",
      "tasks" : [ {
        "command" : "npm start",
        "memory" : "256M",
        "name" : "deploy"
      } ],
      "no-start" : true
    },
    "requiredDependencies" : [ {
      "majorSchemaVersion" : 3,
      "name" : "ResilienceCockpit-db",
      "properties" : { },
      "parameters" : { },
      "propertiesMetadata" : {
        "metadata" : { }
      },
      "parametersMetadata" : {
        "metadata" : { }
      }
    } ],
    "providedDependencies" : [ {
      "majorSchemaVersion" : 3,
      "name" : "ResilienceCockpit-db-deployer",
      "isPublic" : false,
      "properties" : { },
      "parameters" : { },
      "propertiesMetadata" : {
        "metadata" : { }
      },
      "parametersMetadata" : {
        "metadata" : { }
      }
    } ],
    "propertiesMetadata" : {
      "metadata" : { }
    },
    "parametersMetadata" : {
      "metadata" : { }
    },
    "hooks" : [ ]
  }, {
    "majorSchemaVersion" : 3,
    "name" : "ResilienceCockpit-app-deployer",
    "type" : "com.sap.application.content",
    "path" : "ResilienceCockpit-app-deployer",
    "properties" : { },
    "parameters" : {
      "default-url" : "https://94060551trial-dev-resiliencecockpit-app-deployer.cfapps.us10-003.hana.ondemand.com",
      "default-app-name" : "ResilienceCockpit-app-deployer",
      "generated-password" : "********",
      "default-live-url" : "https://94060551trial-dev-resiliencecockpit-app-deployer.cfapps.us10-003.hana.ondemand.com",
      "default-uri" : "94060551trial-dev-resiliencecockpit-app-deployer.cfapps.us10-003.hana.ondemand.com",
      "default-instances" : 1,
      "default-live-host" : "94060551trial-dev-resiliencecockpit-app-deployer",
      "instances" : 1,
      "default-host" : "94060551trial-dev-resiliencecockpit-app-deployer",
      "app-name" : "ResilienceCockpit-app-deployer",
      "default-live-uri" : "94060551trial-dev-resiliencecockpit-app-deployer.cfapps.us10-003.hana.ondemand.com",
      "protocol" : "https",
      "default-live-app-name" : "ResilienceCockpit-app-deployer",
      "default-live-domain" : "cfapps.us10-003.hana.ondemand.com",
      "domain" : "cfapps.us10-003.hana.ondemand.com",
      "host" : "94060551trial-dev-resiliencecockpit-app-deployer",
      "generated-user" : "********"
    },
    "requiredDependencies" : [ {
      "majorSchemaVersion" : 3,
      "name" : "********",
      "properties" : { },
      "parameters" : { },
      "propertiesMetadata" : {
        "metadata" : { }
      },
      "parametersMetadata" : {
        "metadata" : { }
      }
    }, {
      "majorSchemaVersion" : 3,
      "name" : "srv-api",
      "properties" : { },
      "parameters" : { },
      "propertiesMetadata" : {
        "metadata" : { }
      },
      "parametersMetadata" : {
        "metadata" : { }
      }
    }, {
      "majorSchemaVersion" : 3,
      "name" : "ResilienceCockpit-html5-repo-host",
      "properties" : { },
      "parameters" : {
        "config" : {
          "HTML5Runtime_enabled" : false
        },
        "content-target" : true
      },
      "propertiesMetadata" : {
        "metadata" : { }
      },
      "parametersMetadata" : {
        "metadata" : { }
      }
    } ],
    "providedDependencies" : [ {
      "majorSchemaVersion" : 3,
      "name" : "ResilienceCockpit-app-deployer",
      "isPublic" : false,
      "properties" : { },
      "parameters" : { },
      "propertiesMetadata" : {
        "metadata" : { }
      },
      "parametersMetadata" : {
        "metadata" : { }
      }
    } ],
    "propertiesMetadata" : {
      "metadata" : { }
    },
    "parametersMetadata" : {
      "metadata" : { }
    },
    "hooks" : [ ]
  }, {
    "majorSchemaVersion" : 3,
    "name" : "ResilienceCockpit-destination-content",
    "type" : "com.sap.application.content",
    "properties" : { },
    "parameters" : {
      "default-url" : "https://94060551trial-dev-resiliencecockpit-destination-content.cfapps.us10-003.hana.ondemand.com",
      "default-app-name" : "ResilienceCockpit-destination-content",
      "generated-password" : "********",
      "default-live-url" : "https://94060551trial-dev-resiliencecockpit-destination-content.cfapps.us10-003.hana.ondemand.com",
      "default-uri" : "94060551trial-dev-resiliencecockpit-destination-content.cfapps.us10-003.hana.ondemand.com",
      "default-instances" : 1,
      "default-live-host" : "94060551trial-dev-resiliencecockpit-destination-content",
      "instances" : 1,
      "default-host" : "94060551trial-dev-resiliencecockpit-destination-content",
      "content" : {
        "instance" : {
          "destinations" : [ {
            "Authentication" : "********",
            "Name" : "srv-api",
            "TokenServiceInstanceName" : "********",
            "TokenServiceKeyName" : "********",
            "URL" : "https://94060551trial-dev-resiliencecockpit-srv.cfapps.us10-003.hana.ondemand.com"
          }, {
            "Name" : "ResilienceCockpit-html5-repo-host",
            "ServiceInstanceName" : "ResilienceCockpit-html5-repo-host",
            "ServiceKeyName" : "********",
            "sap.cloud.service" : "nexus"
          }, {
            "Authentication" : "********",
            "Name" : "********",
            "ServiceInstanceName" : "********",
            "ServiceKeyName" : "********"
          } ],
          "existing_destinations_policy" : "update"
        }
      },
      "app-name" : "ResilienceCockpit-destination-content",
      "default-live-uri" : "94060551trial-dev-resiliencecockpit-destination-content.cfapps.us10-003.hana.ondemand.com",
      "protocol" : "https",
      "default-live-app-name" : "ResilienceCockpit-destination-content",
      "default-live-domain" : "cfapps.us10-003.hana.ondemand.com",
      "domain" : "cfapps.us10-003.hana.ondemand.com",
      "host" : "94060551trial-dev-resiliencecockpit-destination-content",
      "generated-user" : "********"
    },
    "requiredDependencies" : [ {
      "majorSchemaVersion" : 3,
      "name" : "********",
      "properties" : { },
      "parameters" : {
        "service-key" : "********"
      },
      "propertiesMetadata" : {
        "metadata" : { }
      },
      "parametersMetadata" : {
        "metadata" : { }
      }
    }, {
      "majorSchemaVersion" : 3,
      "name" : "ResilienceCockpit-html5-repo-host",
      "properties" : { },
      "parameters" : {
        "service-key" : "********"
      },
      "propertiesMetadata" : {
        "metadata" : { }
      },
      "parametersMetadata" : {
        "metadata" : { }
      }
    }, {
      "majorSchemaVersion" : 3,
      "name" : "srv-api",
      "properties" : { },
      "parameters" : { },
      "propertiesMetadata" : {
        "metadata" : { }
      },
      "parametersMetadata" : {
        "metadata" : { }
      }
    }, {
      "majorSchemaVersion" : 3,
      "name" : "ResilienceCockpit-destination",
      "properties" : { },
      "parameters" : {
        "content-target" : true
      },
      "propertiesMetadata" : {
        "metadata" : { }
      },
      "parametersMetadata" : {
        "metadata" : { }
      }
    } ],
    "providedDependencies" : [ {
      "majorSchemaVersion" : 3,
      "name" : "ResilienceCockpit-destination-content",
      "isPublic" : false,
      "properties" : { },
      "parameters" : { },
      "propertiesMetadata" : {
        "metadata" : { }
      },
      "parametersMetadata" : {
        "metadata" : { }
      }
    } ],
    "propertiesMetadata" : {
      "metadata" : { }
    },
    "parametersMetadata" : {
      "metadata" : { }
    },
    "hooks" : [ ]
  } ],
  "resources" : [ {
    "majorSchemaVersion" : 3,
    "name" : "********",
    "type" : "org.cloudfoundry.managed-service",
    "properties" : { },
    "parameters" : {
      "generated-password" : "********",
      "path" : "./xs-security.json",
      "service-name" : "********",
      "service-plan" : "application",
      "service" : "xsuaa",
      "generated-user" : "********",
      "default-xsappname" : "********",
      "type" : "managed-service",
      "config" : {
        "oauth2-configuration" : "********",
        "tenant-mode" : "dedicated",
        "xsappname" : "ResilienceCockpit-94060551trial-dev"
      },
      "default-service-name" : "********",
      "default-container-name" : "********"
    },
    "isActive" : true,
    "isOptional" : false,
    "propertiesMetadata" : {
      "metadata" : { }
    },
    "parametersMetadata" : {
      "metadata" : { }
    },
    "requiredDependencies" : [ ],
    "processedAfter" : [ ]
  }, {
    "majorSchemaVersion" : 3,
    "name" : "ResilienceCockpit-db",
    "type" : "com.sap.xs.hdi-container",
    "properties" : { },
    "parameters" : {
      "generated-password" : "********",
      "service-name" : "ResilienceCockpit-db",
      "service-plan" : "hdi-shared",
      "service" : "hana",
      "generated-user" : "********",
      "default-xsappname" : "ResilienceCockpit-db",
      "type" : "managed-service",
      "default-service-name" : "ResilienceCockpit-db",
      "default-container-name" : "94060551TRIAL_DEV_RESILIENCECOCKPIT_DB"
    },
    "isActive" : true,
    "isOptional" : false,
    "propertiesMetadata" : {
      "metadata" : { }
    },
    "parametersMetadata" : {
      "metadata" : { }
    },
    "requiredDependencies" : [ ],
    "processedAfter" : [ ]
  }, {
    "majorSchemaVersion" : 3,
    "name" : "ResilienceCockpit-connectivity",
    "type" : "org.cloudfoundry.managed-service",
    "properties" : { },
    "parameters" : {
      "generated-password" : "********",
      "service-name" : "ResilienceCockpit-connectivity",
      "service-plan" : "lite",
      "service" : "connectivity",
      "generated-user" : "********",
      "default-xsappname" : "ResilienceCockpit-connectivity",
      "type" : "managed-service",
      "default-service-name" : "ResilienceCockpit-connectivity",
      "default-container-name" : "94060551TRIAL_DEV_RESILIENCECOCKPIT_CONNECTIVITY"
    },
    "isActive" : true,
    "isOptional" : false,
    "propertiesMetadata" : {
      "metadata" : { }
    },
    "parametersMetadata" : {
      "metadata" : { }
    },
    "requiredDependencies" : [ ],
    "processedAfter" : [ ]
  }, {
    "majorSchemaVersion" : 3,
    "name" : "ResilienceCockpit-destination",
    "type" : "org.cloudfoundry.managed-service",
    "properties" : { },
    "parameters" : {
      "generated-password" : "********",
      "service-name" : "ResilienceCockpit-destination",
      "service-plan" : "lite",
      "service" : "destination",
      "generated-user" : "********",
      "default-xsappname" : "ResilienceCockpit-destination",
      "type" : "managed-service",
      "config" : {
        "HTML5Runtime_enabled" : true,
        "init_data" : {
          "instance" : {
            "destinations" : [ {
              "Authentication" : "********",
              "Name" : "ui5",
              "ProxyType" : "Internet",
              "Type" : "HTTP",
              "URL" : "https://ui5.sap.com"
            }, {
              "Authentication" : "********",
              "HTML5.DynamicDestination" : true,
              "HTML5.ForwardAuthToken" : "********",
              "Name" : "srv-api",
              "ProxyType" : "Internet",
              "Type" : "HTTP",
              "URL" : "https://94060551trial-dev-resiliencecockpit-srv.cfapps.us10-003.hana.ondemand.com"
            } ],
            "existing_destinations_policy" : "update"
          }
        }
      },
      "default-service-name" : "ResilienceCockpit-destination",
      "default-container-name" : "94060551TRIAL_DEV_RESILIENCECOCKPIT_DESTINATION"
    },
    "isActive" : true,
    "isOptional" : false,
    "propertiesMetadata" : {
      "metadata" : { }
    },
    "parametersMetadata" : {
      "metadata" : { }
    },
    "requiredDependencies" : [ {
      "majorSchemaVersion" : 3,
      "name" : "srv-api",
      "properties" : { },
      "parameters" : { },
      "propertiesMetadata" : {
        "metadata" : { }
      },
      "parametersMetadata" : {
        "metadata" : { }
      }
    } ],
    "processedAfter" : [ ]
  }, {
    "majorSchemaVersion" : 3,
    "name" : "ResilienceCockpit-html5-repo-host",
    "type" : "org.cloudfoundry.managed-service",
    "properties" : { },
    "parameters" : {
      "generated-password" : "********",
      "service-name" : "ResilienceCockpit-html5-repo-host",
      "service-plan" : "app-host",
      "service" : "html5-apps-repo",
      "generated-user" : "********",
      "default-xsappname" : "ResilienceCockpit-html5-repo-host",
      "type" : "managed-service",
      "default-service-name" : "ResilienceCockpit-html5-repo-host",
      "default-container-name" : "94060551TRIAL_DEV_RESILIENCECOCKPIT_HTML5_REPO_HOST"
    },
    "isActive" : true,
    "isOptional" : false,
    "propertiesMetadata" : {
      "metadata" : { }
    },
    "parametersMetadata" : {
      "metadata" : { }
    },
    "requiredDependencies" : [ ],
    "processedAfter" : [ ]
  }, {
    "majorSchemaVersion" : 3,
    "name" : "ResilienceCockpit-logging",
    "type" : "org.cloudfoundry.managed-service",
    "properties" : { },
    "parameters" : {
      "generated-password" : "********",
      "service-name" : "ResilienceCockpit-logging",
      "service-plan" : "lite",
      "service" : "application-logs",
      "generated-user" : "********",
      "default-xsappname" : "ResilienceCockpit-logging",
      "type" : "managed-service",
      "default-service-name" : "ResilienceCockpit-logging",
      "default-container-name" : "94060551TRIAL_DEV_RESILIENCECOCKPIT_LOGGING"
    },
    "isActive" : true,
    "isOptional" : false,
    "propertiesMetadata" : {
      "metadata" : { }
    },
    "parametersMetadata" : {
      "metadata" : { }
    },
    "requiredDependencies" : [ ],
    "processedAfter" : [ ]
  } ],
  "parameters" : {
    "deploy_mode" : "html5-repo",
    "mta-id" : "ResilienceCockpit",
    "authorization-url" : "********",
    "org-guid" : "78e7b825-503f-4bdc-af4e-be86d7f43c8e",
    "org" : "94060551trial",
    "deploy-target" : "94060551trial dev",
    "enable-parallel-deployments" : true,
    "region-primary-domain" : "us10.hana.ondemand.com",
    "space" : "dev",
    "region-domain" : "us10-003.hana.ondemand.com",
    "xs-api-url" : "https://api.cf.us10-003.hana.ondemand.com",
    "deploy-url" : "deploy-service.cfapps.us10-003.hana.ondemand.com",
    "xs-type" : "CF",
    "default-domain" : "cfapps.us10-003.hana.ondemand.com",
    "mta-version" : "1.0.0",
    "xs-auth-url" : "********",
    "space-guid" : "039a1fe6-69a4-4c1e-9b8f-a64d47329d3e",
    "user" : "********",
    "controller-url" : "https://api.cf.us10-003.hana.ondemand.com",
    "timestamp" : "20260825084713"
  },
  "parametersMetadata" : {
    "metadata" : { }
  }
}#
#2026 08 25 08:47:32.114#Z#DEBUG#9140a271-a061-11f1-b78a-eeee0a986e3f.OPERATION#flowable-async-job-executor-thread-11901#
[ProcessDescriptorStep] Merged descriptor properties and parameters resolved#
#2026 08 25 08:47:32.114#Z#DEBUG#9140a271-a061-11f1-b78a-eeee0a986e3f.OPERATION#flowable-async-job-executor-thread-11901#
Step "Re-Process Descriptor Step" finished#
#2026 08 25 08:47:32.131#Z#DEBUG#9140a271-a061-11f1-b78a-eeee0a986e3f.OPERATION#flowable-async-job-executor-thread-11901#
[BuildApplicationDeployModelStep] Executing task "buildApplicationDeployModelTask" of process "9c573b22-a061-11f1-b78a-eeee0a986e3f"...#
#2026 08 25 08:47:32.132#Z#DEBUG#9140a271-a061-11f1-b78a-eeee0a986e3f.OPERATION#flowable-async-job-executor-thread-11901#
[BuildApplicationDeployModelStep] Building cloud deployment model for application "ResilienceCockpit-db-deployer"...#
#2026 08 25 08:47:32.135#Z#DEBUG#9140a271-a061-11f1-b78a-eeee0a986e3f.OPERATION#flowable-async-job-executor-thread-11901#
[BuildApplicationDeployModelStep] No health-check-type is specified. Setting default type: port#
#2026 08 25 08:47:32.135#Z#INFO#9140a271-a061-11f1-b78a-eeee0a986e3f.OPERATION#flowable-async-job-executor-thread-11901#
[BuildApplicationDeployModelStep] Building configuration entries for org 94060551trial, space dev, spaceId 039a1fe6-69a4-4c1e-9b8f-a64d47329d3e and namespace null!#
#2026 08 25 08:47:32.135#Z#DEBUG#9140a271-a061-11f1-b78a-eeee0a986e3f.OPERATION#flowable-async-job-executor-thread-11901#
[BuildApplicationDeployModelStep] Configuration entries to publish: [ ]#
#2026 08 25 08:47:32.136#Z#DEBUG#9140a271-a061-11f1-b78a-eeee0a986e3f.OPERATION#flowable-async-job-executor-thread-11901#
[BuildApplicationDeployModelStep] Cloud deployment model for application built#
#2026 08 25 08:47:32.136#Z#DEBUG#9140a271-a061-11f1-b78a-eeee0a986e3f.OPERATION#flowable-async-job-executor-thread-11901#
Step "Build Application Deploy Model" finished#
#2026 08 25 08:47:32.070#Z#DEBUG#9140a271-a061-11f1-b78a-eeee0a986e3f.OPERATION#flowable-async-job-executor-thread-11898#
[CheckServiceBindingOperationStep] Executing task "checkForServiceBindingOperationInProgress" of process "9c5601fc-a061-11f1-b78a-eeee0a986e3f"...#
#2026 08 25 08:47:32.070#Z#DEBUG#9140a271-a061-11f1-b78a-eeee0a986e3f.OPERATION#flowable-async-job-executor-thread-11898#
[CheckServiceBindingOperationStep] Checking for service binding operation in progress between app "ResilienceCockpit-srv" and service instance "ResilienceCockpit-auth"#
#2026 08 25 08:47:32.071#Z#DEBUG#9140a271-a061-11f1-b78a-eeee0a986e3f.OPERATION#flowable-async-job-executor-thread-11898#
[CheckServiceBindingOperationStep] Getting application guid "ResilienceCockpit-srv"...#
#2026 08 25 08:47:32.100#Z#DEBUG#9140a271-a061-11f1-b78a-eeee0a986e3f.OPERATION#flowable-async-job-executor-thread-11898#
[CheckServiceBindingOperationStep] Getting GUID of required service instance "ResilienceCockpit-auth"...#
#2026 08 25 08:47:32.114#Z#DEBUG#9140a271-a061-11f1-b78a-eeee0a986e3f.OPERATION#flowable-async-job-executor-thread-11904#
[CheckServiceBindingOperationStep] Executing task "checkForServiceBindingOperationInProgress" of process "9c5d06ac-a061-11f1-b78a-eeee0a986e3f"...#
#2026 08 25 08:47:32.115#Z#DEBUG#9140a271-a061-11f1-b78a-eeee0a986e3f.OPERATION#flowable-async-job-executor-thread-11904#
[CheckServiceBindingOperationStep] Checking for service binding operation in progress between app "ResilienceCockpit-srv" and service instance "ResilienceCockpit-destination"#
#2026 08 25 08:47:32.115#Z#DEBUG#9140a271-a061-11f1-b78a-eeee0a986e3f.OPERATION#flowable-async-job-executor-thread-11904#
[CheckServiceBindingOperationStep] Getting application guid "ResilienceCockpit-srv"...#
#2026 08 25 08:47:32.126#Z#DEBUG#9140a271-a061-11f1-b78a-eeee0a986e3f.OPERATION#flowable-async-job-executor-thread-11898#
[CheckServiceBindingOperationStep] Getting binding of service instance "a4201f74-f0ad-456c-947a-8ce52d2ae7ca" with application "846298f7-a9cf-4b9f-a20b-63e370407f6e"...#
#2026 08 25 08:47:32.146#Z#DEBUG#9140a271-a061-11f1-b78a-eeee0a986e3f.OPERATION#flowable-async-job-executor-thread-11899#
[CheckServiceBindingOperationStep] Executing task "checkForServiceBindingOperationInProgress" of process "9c62d33c-a061-11f1-b78a-eeee0a986e3f"...#
#2026 08 25 08:47:32.146#Z#DEBUG#9140a271-a061-11f1-b78a-eeee0a986e3f.OPERATION#flowable-async-job-executor-thread-11899#
[CheckServiceBindingOperationStep] Checking for service binding operation in progress between app "ResilienceCockpit-srv" and service instance "ResilienceCockpit-connectivity"#
#2026 08 25 08:47:32.146#Z#DEBUG#9140a271-a061-11f1-b78a-eeee0a986e3f.OPERATION#flowable-async-job-executor-thread-11899#
[CheckServiceBindingOperationStep] Getting application guid "ResilienceCockpit-srv"...#
#2026 08 25 08:47:32.154#Z#DEBUG#9140a271-a061-11f1-b78a-eeee0a986e3f.OPERATION#flowable-async-job-executor-thread-11904#
[CheckServiceBindingOperationStep] Getting GUID of required service instance "ResilienceCockpit-destination"...#
#2026 08 25 08:47:32.156#Z#DEBUG#9140a271-a061-11f1-b78a-eeee0a986e3f.OPERATION#flowable-async-job-executor-thread-11898#
[CheckServiceBindingOperationStep] Service binding operation "dc8b9de8-ce4d-4eb3-b6b1-95c131d52f16" with type "create" is in state "succeeded"#
#2026 08 25 08:47:32.156#Z#DEBUG#9140a271-a061-11f1-b78a-eeee0a986e3f.OPERATION#flowable-async-job-executor-thread-11898#
Step "Check For Service Binding Operation In Progress" finished#
#2026 08 25 08:47:31.856#Z#DEBUG#9140a271-a061-11f1-b78a-eeee0a986e3f.OPERATION#flowable-async-job-executor-thread-11902#
[DetermineApplicationServiceBindingActionsStep] Executing task "determineApplicationServiceBindingActionsTask" of process "9c286219-a061-11f1-b78a-eeee0a986e3f"...#
#2026 08 25 08:47:31.857#Z#DEBUG#9140a271-a061-11f1-b78a-eeee0a986e3f.OPERATION#flowable-async-job-executor-thread-11902#
[DetermineApplicationServiceBindingActionsStep] Determine bind/unbind operations of application "ResilienceCockpit-srv" to service instance "ResilienceCockpit-db"#
#2026 08 25 08:47:31.857#Z#DEBUG#9140a271-a061-11f1-b78a-eeee0a986e3f.OPERATION#flowable-async-job-executor-thread-11902#
[DetermineApplicationServiceBindingActionsStep] Getting application "ResilienceCockpit-srv"...#
#2026 08 25 08:47:31.888#Z#DEBUG#9140a271-a061-11f1-b78a-eeee0a986e3f.OPERATION#flowable-async-job-executor-thread-11902#
[DetermineApplicationServiceBindingActionsStep] Binding parameters for application "ResilienceCockpit-srv": { }#
#2026 08 25 08:47:31.917#Z#DEBUG#9140a271-a061-11f1-b78a-eeee0a986e3f.OPERATION#flowable-async-job-executor-thread-11902#
[DetermineApplicationServiceBindingActionsStep] Check should rebind application "ResilienceCockpit-srv" and service instance "ResilienceCockpit-db"#
#2026 08 25 08:47:31.917#Z#DEBUG#9140a271-a061-11f1-b78a-eeee0a986e3f.OPERATION#flowable-async-job-executor-thread-11902#
[DetermineApplicationServiceBindingActionsStep] Getting GUID of required service instance "ResilienceCockpit-db"...#
#2026 08 25 08:47:31.946#Z#DEBUG#9140a271-a061-11f1-b78a-eeee0a986e3f.OPERATION#flowable-async-job-executor-thread-11902#
[DetermineApplicationServiceBindingActionsStep] Getting binding of service instance "793c82c4-0c29-4054-8664-8ad70f1aaf7d" with application "846298f7-a9cf-4b9f-a20b-63e370407f6e"...#
#2026 08 25 08:47:31.975#Z#DEBUG#9140a271-a061-11f1-b78a-eeee0a986e3f.OPERATION#flowable-async-job-executor-thread-11902#
[DetermineApplicationServiceBindingActionsStep] Getting parameters of service binding "7af3739a-f0a8-472f-b962-c8d6cfea5843"...#
#2026 08 25 08:47:32.158#Z#INFO#9140a271-a061-11f1-b78a-eeee0a986e3f.OPERATION#flowable-async-job-executor-thread-11902#
[DetermineApplicationServiceBindingActionsStep] Service instance "ResilienceCockpit-db" will not be rebound to application "ResilienceCockpit-srv" because the binding parameters are not modified#
#2026 08 25 08:47:32.168#Z#DEBUG#9140a271-a061-11f1-b78a-eeee0a986e3f.OPERATION#flowable-async-job-executor-thread-11902#
[DetermineApplicationServiceBindingActionsStep] Calculated binding operations between application "ResilienceCockpit-srv" and service instance "ResilienceCockpit-db": unbind - false bind - false#
#2026 08 25 08:47:32.168#Z#DEBUG#9140a271-a061-11f1-b78a-eeee0a986e3f.OPERATION#flowable-async-job-executor-thread-11902#
Step "Determine Application Service Binding Actions" finished#
#2026 08 25 08:47:32.182#Z#DEBUG#9140a271-a061-11f1-b78a-eeee0a986e3f.OPERATION#flowable-async-job-executor-thread-11899#
[CheckServiceBindingOperationStep] Getting GUID of required service instance "ResilienceCockpit-connectivity"...#
#2026 08 25 08:47:32.188#Z#DEBUG#9140a271-a061-11f1-b78a-eeee0a986e3f.OPERATION#flowable-async-job-executor-thread-11904#
[CheckServiceBindingOperationStep] Getting binding of service instance "01ee3953-9bb6-4134-988a-deaf8ca2479c" with application "846298f7-a9cf-4b9f-a20b-63e370407f6e"...#
#2026 08 25 08:47:32.207#Z#DEBUG#9140a271-a061-11f1-b78a-eeee0a986e3f.OPERATION#flowable-async-job-executor-thread-11899#
[CheckServiceBindingOperationStep] Getting binding of service instance "57ce73c3-9d98-4630-a914-bb3fe51155dc" with application "846298f7-a9cf-4b9f-a20b-63e370407f6e"...#
#2026 08 25 08:47:32.215#Z#DEBUG#9140a271-a061-11f1-b78a-eeee0a986e3f.OPERATION#flowable-async-job-executor-thread-11904#
[CheckServiceBindingOperationStep] Service binding operation "8da2e329-f8e5-4473-bbf1-c1db1742db9a" with type "create" is in state "succeeded"#
#2026 08 25 08:47:32.215#Z#DEBUG#9140a271-a061-11f1-b78a-eeee0a986e3f.OPERATION#flowable-async-job-executor-thread-11904#
Step "Check For Service Binding Operation In Progress" finished#
#2026 08 25 08:47:32.242#Z#DEBUG#9140a271-a061-11f1-b78a-eeee0a986e3f.OPERATION#flowable-async-job-executor-thread-11899#
[CheckServiceBindingOperationStep] Service binding operation "46c94c85-05c6-4250-bdb3-d96c79fd1329" with type "create" is in state "succeeded"#
#2026 08 25 08:47:32.242#Z#DEBUG#9140a271-a061-11f1-b78a-eeee0a986e3f.OPERATION#flowable-async-job-executor-thread-11899#
Step "Check For Service Binding Operation In Progress" finished#
#2026 08 25 08:47:32.173#Z#DEBUG#9140a271-a061-11f1-b78a-eeee0a986e3f.OPERATION#flowable-async-job-executor-thread-11898#
[DetermineApplicationServiceBindingActionsStep] Executing task "determineApplicationServiceBindingActionsTask" of process "9c5601fc-a061-11f1-b78a-eeee0a986e3f"...#
#2026 08 25 08:47:32.174#Z#DEBUG#9140a271-a061-11f1-b78a-eeee0a986e3f.OPERATION#flowable-async-job-executor-thread-11898#
[DetermineApplicationServiceBindingActionsStep] Determine bind/unbind operations of application "ResilienceCockpit-srv" to service instance "ResilienceCockpit-auth"#
#2026 08 25 08:47:32.174#Z#DEBUG#9140a271-a061-11f1-b78a-eeee0a986e3f.OPERATION#flowable-async-job-executor-thread-11898#
[DetermineApplicationServiceBindingActionsStep] Getting application "ResilienceCockpit-srv"...#
#2026 08 25 08:47:32.208#Z#DEBUG#9140a271-a061-11f1-b78a-eeee0a986e3f.OPERATION#flowable-async-job-executor-thread-11898#
[DetermineApplicationServiceBindingActionsStep] Binding parameters for application "ResilienceCockpit-srv": { }#
#2026 08 25 08:47:32.231#Z#DEBUG#9140a271-a061-11f1-b78a-eeee0a986e3f.OPERATION#flowable-async-job-executor-thread-11904#
[DetermineApplicationServiceBindingActionsStep] Executing task "determineApplicationServiceBindingActionsTask" of process "9c5d06ac-a061-11f1-b78a-eeee0a986e3f"...#
#2026 08 25 08:47:32.231#Z#DEBUG#9140a271-a061-11f1-b78a-eeee0a986e3f.OPERATION#flowable-async-job-executor-thread-11904#
[DetermineApplicationServiceBindingActionsStep] Determine bind/unbind operations of application "ResilienceCockpit-srv" to service instance "ResilienceCockpit-destination"#
#2026 08 25 08:47:32.231#Z#DEBUG#9140a271-a061-11f1-b78a-eeee0a986e3f.OPERATION#flowable-async-job-executor-thread-11904#
[DetermineApplicationServiceBindingActionsStep] Getting application "ResilienceCockpit-srv"...#
#2026 08 25 08:47:32.241#Z#DEBUG#9140a271-a061-11f1-b78a-eeee0a986e3f.OPERATION#flowable-async-job-executor-thread-11898#
[DetermineApplicationServiceBindingActionsStep] Check should rebind application "ResilienceCockpit-srv" and service instance "ResilienceCockpit-auth"#
#2026 08 25 08:47:32.241#Z#DEBUG#9140a271-a061-11f1-b78a-eeee0a986e3f.OPERATION#flowable-async-job-executor-thread-11898#
[DetermineApplicationServiceBindingActionsStep] Getting GUID of required service instance "ResilienceCockpit-auth"...#
#2026 08 25 08:47:32.258#Z#DEBUG#9140a271-a061-11f1-b78a-eeee0a986e3f.OPERATION#flowable-async-job-executor-thread-11899#
[DetermineApplicationServiceBindingActionsStep] Executing task "determineApplicationServiceBindingActionsTask" of process "9c62d33c-a061-11f1-b78a-eeee0a986e3f"...#
#2026 08 25 08:47:32.258#Z#DEBUG#9140a271-a061-11f1-b78a-eeee0a986e3f.OPERATION#flowable-async-job-executor-thread-11904#
[DetermineApplicationServiceBindingActionsStep] Binding parameters for application "ResilienceCockpit-srv": { }#
#2026 08 25 08:47:32.258#Z#DEBUG#9140a271-a061-11f1-b78a-eeee0a986e3f.OPERATION#flowable-async-job-executor-thread-11899#
[DetermineApplicationServiceBindingActionsStep] Determine bind/unbind operations of application "ResilienceCockpit-srv" to service instance "ResilienceCockpit-connectivity"#
#2026 08 25 08:47:32.258#Z#DEBUG#9140a271-a061-11f1-b78a-eeee0a986e3f.OPERATION#flowable-async-job-executor-thread-11899#
[DetermineApplicationServiceBindingActionsStep] Getting application "ResilienceCockpit-srv"...#
#2026 08 25 08:47:32.268#Z#DEBUG#9140a271-a061-11f1-b78a-eeee0a986e3f.OPERATION#flowable-async-job-executor-thread-11898#
[DetermineApplicationServiceBindingActionsStep] Getting binding of service instance "a4201f74-f0ad-456c-947a-8ce52d2ae7ca" with application "846298f7-a9cf-4b9f-a20b-63e370407f6e"...#
#2026 08 25 08:47:32.291#Z#DEBUG#9140a271-a061-11f1-b78a-eeee0a986e3f.OPERATION#flowable-async-job-executor-thread-11899#
[DetermineApplicationServiceBindingActionsStep] Binding parameters for application "ResilienceCockpit-srv": { }#
#2026 08 25 08:47:32.302#Z#DEBUG#9140a271-a061-11f1-b78a-eeee0a986e3f.OPERATION#flowable-async-job-executor-thread-11904#
[DetermineApplicationServiceBindingActionsStep] Check should rebind application "ResilienceCockpit-srv" and service instance "ResilienceCockpit-destination"#
#2026 08 25 08:47:32.302#Z#DEBUG#9140a271-a061-11f1-b78a-eeee0a986e3f.OPERATION#flowable-async-job-executor-thread-11904#
[DetermineApplicationServiceBindingActionsStep] Getting GUID of required service instance "ResilienceCockpit-destination"...#
#2026 08 25 08:47:32.302#Z#DEBUG#9140a271-a061-11f1-b78a-eeee0a986e3f.OPERATION#flowable-async-job-executor-thread-11898#
[DetermineApplicationServiceBindingActionsStep] Getting parameters of service binding "dc8b9de8-ce4d-4eb3-b6b1-95c131d52f16"...#
#2026 08 25 08:47:32.328#Z#DEBUG#9140a271-a061-11f1-b78a-eeee0a986e3f.OPERATION#flowable-async-job-executor-thread-11904#
[DetermineApplicationServiceBindingActionsStep] Getting binding of service instance "01ee3953-9bb6-4134-988a-deaf8ca2479c" with application "846298f7-a9cf-4b9f-a20b-63e370407f6e"...#
#2026 08 25 08:47:32.328#Z#WARN#9140a271-a061-11f1-b78a-eeee0a986e3f.OPERATION#flowable-async-job-executor-thread-11898#
[DetermineApplicationServiceBindingActionsStep] Cannot retrieve parameters of binding between application "ResilienceCockpit-srv" and service instance "ResilienceCockpit-auth"#
#2026 08 25 08:47:32.329#Z#DEBUG#9140a271-a061-11f1-b78a-eeee0a986e3f.OPERATION#flowable-async-job-executor-thread-11898#
[DetermineApplicationServiceBindingActionsStep] Calculated binding operations between application "ResilienceCockpit-srv" and service instance "ResilienceCockpit-auth": unbind - true bind - true#
#2026 08 25 08:47:32.329#Z#DEBUG#9140a271-a061-11f1-b78a-eeee0a986e3f.OPERATION#flowable-async-job-executor-thread-11898#
Step "Determine Application Service Binding Actions" finished#
#2026 08 25 08:47:32.179#Z#DEBUG#9140a271-a061-11f1-b78a-eeee0a986e3f.OPERATION#flowable-async-job-executor-thread-11903#
[BuildContentDeploymentConfigurationStep] Executing task "buildContentDeploymentConfigurationTask" of process "9c640b62-a061-11f1-b78a-eeee0a986e3f"...#
#2026 08 25 08:47:32.183#Z#DEBUG#9140a271-a061-11f1-b78a-eeee0a986e3f.OPERATION#ForkJoinPool-35-worker-1#
[BuildContentDeploymentConfigurationStep] Getting service key "ResilienceCockpit-app-deployer-ResilienceCockpit-html5-repo-host-credentials" for service instance "ResilienceCockpit-html5-repo-host"...#
#2026 08 25 08:47:32.183#Z#DEBUG#9140a271-a061-11f1-b78a-eeee0a986e3f.OPERATION#ForkJoinPool-35-worker-2#
[BuildContentDeploymentConfigurationStep] Getting service key "ResilienceCockpit-app-deployer-ResilienceCockpit-auth-credentials" for service instance "ResilienceCockpit-auth"...#
#2026 08 25 08:47:32.343#Z#INFO#9140a271-a061-11f1-b78a-eeee0a986e3f.OPERATION#ForkJoinPool-35-worker-2#
[BuildContentDeploymentConfigurationStep] Service key "ResilienceCockpit-app-deployer-ResilienceCockpit-auth-credentials" for service "ResilienceCockpit-auth" already exists#
#2026 08 25 08:47:32.357#Z#INFO#9140a271-a061-11f1-b78a-eeee0a986e3f.OPERATION#ForkJoinPool-35-worker-1#
[BuildContentDeploymentConfigurationStep] Service key "ResilienceCockpit-app-deployer-ResilienceCockpit-html5-repo-host-credentials" for service "ResilienceCockpit-html5-repo-host" already exists#
#2026 08 25 08:47:32.361#Z#DEBUG#9140a271-a061-11f1-b78a-eeee0a986e3f.OPERATION#flowable-async-job-executor-thread-11903#
Step "Build Content Deployment Configuration" finished#
#2026 08 25 08:47:32.346#Z#DEBUG#9140a271-a061-11f1-b78a-eeee0a986e3f.OPERATION#flowable-async-job-executor-thread-11899#
[DetermineApplicationServiceBindingActionsStep] Check should rebind application "ResilienceCockpit-srv" and service instance "ResilienceCockpit-connectivity"#
#2026 08 25 08:47:32.346#Z#DEBUG#9140a271-a061-11f1-b78a-eeee0a986e3f.OPERATION#flowable-async-job-executor-thread-11899#
[DetermineApplicationServiceBindingActionsStep] Getting GUID of required service instance "ResilienceCockpit-connectivity"...#
#2026 08 25 08:47:32.363#Z#DEBUG#9140a271-a061-11f1-b78a-eeee0a986e3f.OPERATION#flowable-async-job-executor-thread-11904#
[DetermineApplicationServiceBindingActionsStep] Getting parameters of service binding "8da2e329-f8e5-4473-bbf1-c1db1742db9a"...#
#2026 08 25 08:47:32.375#Z#DEBUG#9140a271-a061-11f1-b78a-eeee0a986e3f.OPERATION#flowable-async-job-executor-thread-11899#
[DetermineApplicationServiceBindingActionsStep] Getting binding of service instance "57ce73c3-9d98-4630-a914-bb3fe51155dc" with application "846298f7-a9cf-4b9f-a20b-63e370407f6e"...#
#2026 08 25 08:47:32.393#Z#WARN#9140a271-a061-11f1-b78a-eeee0a986e3f.OPERATION#flowable-async-job-executor-thread-11904#
[DetermineApplicationServiceBindingActionsStep] Cannot retrieve parameters of binding between application "ResilienceCockpit-srv" and service instance "ResilienceCockpit-destination"#
#2026 08 25 08:47:32.393#Z#DEBUG#9140a271-a061-11f1-b78a-eeee0a986e3f.OPERATION#flowable-async-job-executor-thread-11904#
[DetermineApplicationServiceBindingActionsStep] Calculated binding operations between application "ResilienceCockpit-srv" and service instance "ResilienceCockpit-destination": unbind - true bind - true#
#2026 08 25 08:47:32.393#Z#DEBUG#9140a271-a061-11f1-b78a-eeee0a986e3f.OPERATION#flowable-async-job-executor-thread-11904#
Step "Determine Application Service Binding Actions" finished#
#2026 08 25 08:47:32.408#Z#DEBUG#9140a271-a061-11f1-b78a-eeee0a986e3f.OPERATION#flowable-async-job-executor-thread-11899#
[DetermineApplicationServiceBindingActionsStep] Getting parameters of service binding "46c94c85-05c6-4250-bdb3-d96c79fd1329"...#
#2026 08 25 08:47:32.431#Z#WARN#9140a271-a061-11f1-b78a-eeee0a986e3f.OPERATION#flowable-async-job-executor-thread-11899#
[DetermineApplicationServiceBindingActionsStep] Cannot retrieve parameters of binding between application "ResilienceCockpit-srv" and service instance "ResilienceCockpit-connectivity"#
#2026 08 25 08:47:32.431#Z#DEBUG#9140a271-a061-11f1-b78a-eeee0a986e3f.OPERATION#flowable-async-job-executor-thread-11899#
[DetermineApplicationServiceBindingActionsStep] Calculated binding operations between application "ResilienceCockpit-srv" and service instance "ResilienceCockpit-connectivity": unbind - true bind - true#
#2026 08 25 08:47:32.431#Z#DEBUG#9140a271-a061-11f1-b78a-eeee0a986e3f.OPERATION#flowable-async-job-executor-thread-11899#
Step "Determine Application Service Binding Actions" finished#
#2026 08 25 08:47:32.348#Z#DEBUG#9140a271-a061-11f1-b78a-eeee0a986e3f.OPERATION#flowable-async-job-executor-thread-11898#
[UnbindServiceFromApplicationStep] Executing task "unbindServiceFromApplicationTask" of process "9c5601fc-a061-11f1-b78a-eeee0a986e3f"...#
#2026 08 25 08:47:32.349#Z#INFO#9140a271-a061-11f1-b78a-eeee0a986e3f.OPERATION#flowable-async-job-executor-thread-11898#
[UnbindServiceFromApplicationStep] Unbinding service instance "ResilienceCockpit-auth" from application "ResilienceCockpit-srv"...#
#2026 08 25 08:47:32.352#Z#DEBUG#9140a271-a061-11f1-b78a-eeee0a986e3f.OPERATION#flowable-async-job-executor-thread-11898#
[UnbindServiceFromApplicationStep] Unbinding application "ResilienceCockpit-srv" from service instance "ResilienceCockpit-auth"...#
#2026 08 25 08:47:32.411#Z#DEBUG#9140a271-a061-11f1-b78a-eeee0a986e3f.OPERATION#flowable-async-job-executor-thread-11904#
[UnbindServiceFromApplicationStep] Executing task "unbindServiceFromApplicationTask" of process "9c5d06ac-a061-11f1-b78a-eeee0a986e3f"...#
#2026 08 25 08:47:32.413#Z#INFO#9140a271-a061-11f1-b78a-eeee0a986e3f.OPERATION#flowable-async-job-executor-thread-11904#
[UnbindServiceFromApplicationStep] Unbinding service instance "ResilienceCockpit-destination" from application "ResilienceCockpit-srv"...#
#2026 08 25 08:47:32.415#Z#DEBUG#9140a271-a061-11f1-b78a-eeee0a986e3f.OPERATION#flowable-async-job-executor-thread-11904#
[UnbindServiceFromApplicationStep] Unbinding application "ResilienceCockpit-srv" from service instance "ResilienceCockpit-destination"...#
#2026 08 25 08:47:32.449#Z#DEBUG#9140a271-a061-11f1-b78a-eeee0a986e3f.OPERATION#flowable-async-job-executor-thread-11899#
[UnbindServiceFromApplicationStep] Executing task "unbindServiceFromApplicationTask" of process "9c62d33c-a061-11f1-b78a-eeee0a986e3f"...#
#2026 08 25 08:47:32.450#Z#INFO#9140a271-a061-11f1-b78a-eeee0a986e3f.OPERATION#flowable-async-job-executor-thread-11899#
[UnbindServiceFromApplicationStep] Unbinding service instance "ResilienceCockpit-connectivity" from application "ResilienceCockpit-srv"...#
#2026 08 25 08:47:32.453#Z#DEBUG#9140a271-a061-11f1-b78a-eeee0a986e3f.OPERATION#flowable-async-job-executor-thread-11899#
[UnbindServiceFromApplicationStep] Unbinding application "ResilienceCockpit-srv" from service instance "ResilienceCockpit-connectivity"...#
#2026 08 25 08:47:32.477#Z#DEBUG#9140a271-a061-11f1-b78a-eeee0a986e3f.OPERATION#flowable-async-job-executor-thread-11898#
Step "Unbind Service from Application" finished#
#2026 08 25 08:47:32.156#Z#DEBUG#9140a271-a061-11f1-b78a-eeee0a986e3f.OPERATION#flowable-async-job-executor-thread-11901#
[CreateOrUpdateAppStep] Executing task "createAppTask" of process "9c573b22-a061-11f1-b78a-eeee0a986e3f"...#
#2026 08 25 08:47:32.157#Z#DEBUG#9140a271-a061-11f1-b78a-eeee0a986e3f.OPERATION#flowable-async-job-executor-thread-11901#
[CreateOrUpdateAppStep] Getting application "ResilienceCockpit-db-deployer"...#
#2026 08 25 08:47:32.183#Z#INFO#9140a271-a061-11f1-b78a-eeee0a986e3f.OPERATION#flowable-async-job-executor-thread-11901#
[CreateOrUpdateAppStep] Updating application "ResilienceCockpit-db-deployer"...#
#2026 08 25 08:47:32.188#Z#DEBUG#9140a271-a061-11f1-b78a-eeee0a986e3f.OPERATION#flowable-async-job-executor-thread-11901#
[CreateOrUpdateAppStep] Getting process for application "2d23200b-60aa-4519-b7f8-9f40de7a8ecc"...#
#2026 08 25 08:47:32.225#Z#DEBUG#9140a271-a061-11f1-b78a-eeee0a986e3f.OPERATION#flowable-async-job-executor-thread-11901#
[CreateOrUpdateAppStep] Getting routes for application "2d23200b-60aa-4519-b7f8-9f40de7a8ecc"...#
#2026 08 25 08:47:32.252#Z#DEBUG#9140a271-a061-11f1-b78a-eeee0a986e3f.OPERATION#flowable-async-job-executor-thread-11901#
[CreateOrUpdateAppStep] Getting features for application "2d23200b-60aa-4519-b7f8-9f40de7a8ecc"#
#2026 08 25 08:47:32.271#Z#DEBUG#9140a271-a061-11f1-b78a-eeee0a986e3f.OPERATION#flowable-async-job-executor-thread-11901#
[CreateOrUpdateAppStep] Updating staging of application "ResilienceCockpit-db-deployer" to: {
  "buildpacks" : [ "nodejs_buildpack" ],
  "healthCheckType" : "port",
  "appFeatures" : { }
}#
#2026 08 25 08:47:32.429#Z#DEBUG#9140a271-a061-11f1-b78a-eeee0a986e3f.OPERATION#flowable-async-job-executor-thread-11901#
[CreateOrUpdateAppStep] Application "ResilienceCockpit-db-deployer" updated#
#2026 08 25 08:47:32.429#Z#DEBUG#9140a271-a061-11f1-b78a-eeee0a986e3f.OPERATION#flowable-async-job-executor-thread-11901#
[CreateOrUpdateAppStep] Getting environment of application "2d23200b-60aa-4519-b7f8-9f40de7a8ecc"...#
#2026 08 25 08:47:32.495#Z#DEBUG#9140a271-a061-11f1-b78a-eeee0a986e3f.OPERATION#flowable-async-job-executor-thread-11901#
[CreateOrUpdateAppStep] Application "ResilienceCockpit-db-deployer" updated#
#2026 08 25 08:47:32.495#Z#DEBUG#9140a271-a061-11f1-b78a-eeee0a986e3f.OPERATION#flowable-async-job-executor-thread-11901#
Step "Create App" finished#
#2026 08 25 08:47:32.363#Z#DEBUG#9140a271-a061-11f1-b78a-eeee0a986e3f.OPERATION#flowable-async-job-executor-thread-11903#
[CreateContentDeployClientConfigurationStep] Executing task "createContentDeployClientConfigurationTask" of process "9c880e7a-a061-11f1-b78a-eeee0a986e3f"...#
#2026 08 25 08:47:32.364#Z#DEBUG#9140a271-a061-11f1-b78a-eeee0a986e3f.OPERATION#flowable-async-job-executor-thread-11903#
[CreateContentDeployClientConfigurationStep] Content deployer client configuration: {
  "contentDeployerUrl" : "https://html5-apps-repo-dt.cfapps.us10.hana.ondemand.com",
  "uaaClientConfiguration" : {
    "url" : "********",
    "credentials" : "********",
    "authenticationStrategyType" : "********"
  },
  "httpRequestHeaders" : {
    "X-CorrelationID" : "9140a271-a061-11f1-b78a-eeee0a986e3f"
  },
  "spaceId" : "039a1fe6-69a4-4c1e-9b8f-a64d47329d3e",
  "serviceName" : "ResilienceCockpit-html5-repo-host"
}#
#2026 08 25 08:47:32.540#Z#DEBUG#9140a271-a061-11f1-b78a-eeee0a986e3f.OPERATION#flowable-async-job-executor-thread-11903#
Step "Create Content Deploy Client Configuration" finished#
#2026 08 25 08:47:32.541#Z#DEBUG#9140a271-a061-11f1-b78a-eeee0a986e3f.OPERATION#flowable-async-job-executor-thread-11903#
[GetContentFromDeploymentDescriptorStep] Executing task "getContentFromDeploymentDescriptorTask" of process "9c880e7a-a061-11f1-b78a-eeee0a986e3f"...#
#2026 08 25 08:47:32.541#Z#DEBUG#9140a271-a061-11f1-b78a-eeee0a986e3f.OPERATION#flowable-async-job-executor-thread-11903#
Step "Get Content From Deployment Descriptor" finished#
#2026 08 25 08:47:32.544#Z#DEBUG#9140a271-a061-11f1-b78a-eeee0a986e3f.OPERATION#flowable-async-job-executor-thread-11904#
Step "Unbind Service from Application" finished#
#2026 08 25 08:47:32.581#Z#DEBUG#9140a271-a061-11f1-b78a-eeee0a986e3f.OPERATION#flowable-async-job-executor-thread-11899#
Step "Unbind Service from Application" finished#
#2026 08 25 08:47:32.548#Z#DEBUG#9140a271-a061-11f1-b78a-eeee0a986e3f.OPERATION#flowable-async-job-executor-thread-11901#
[CheckServiceBindingOperationStep] Executing task "checkForServiceBindingOperationInProgress" of process "9ca0c5f1-a061-11f1-b78a-eeee0a986e3f"...#
#2026 08 25 08:47:32.548#Z#DEBUG#9140a271-a061-11f1-b78a-eeee0a986e3f.OPERATION#flowable-async-job-executor-thread-11901#
[CheckServiceBindingOperationStep] Checking for service binding operation in progress between app "ResilienceCockpit-db-deployer" and service instance "ResilienceCockpit-db"#
#2026 08 25 08:47:32.549#Z#DEBUG#9140a271-a061-11f1-b78a-eeee0a986e3f.OPERATION#flowable-async-job-executor-thread-11901#
[CheckServiceBindingOperationStep] Getting application guid "ResilienceCockpit-db-deployer"...#
#2026 08 25 08:47:32.576#Z#DEBUG#9140a271-a061-11f1-b78a-eeee0a986e3f.OPERATION#flowable-async-job-executor-thread-11901#
[CheckServiceBindingOperationStep] Getting GUID of required service instance "ResilienceCockpit-db"...#
#2026 08 25 08:47:32.608#Z#DEBUG#9140a271-a061-11f1-b78a-eeee0a986e3f.OPERATION#flowable-async-job-executor-thread-11901#
[CheckServiceBindingOperationStep] Getting binding of service instance "793c82c4-0c29-4054-8664-8ad70f1aaf7d" with application "2d23200b-60aa-4519-b7f8-9f40de7a8ecc"...#
#2026 08 25 08:47:32.639#Z#DEBUG#9140a271-a061-11f1-b78a-eeee0a986e3f.OPERATION#flowable-async-job-executor-thread-11901#
[CheckServiceBindingOperationStep] Service binding operation "2a9f65f0-baa1-4922-a94a-66d6df3eb107" with type "create" is in state "succeeded"#
#2026 08 25 08:47:32.639#Z#DEBUG#9140a271-a061-11f1-b78a-eeee0a986e3f.OPERATION#flowable-async-job-executor-thread-11901#
Step "Check For Service Binding Operation In Progress" finished#
#2026 08 25 08:47:32.656#Z#DEBUG#9140a271-a061-11f1-b78a-eeee0a986e3f.OPERATION#flowable-async-job-executor-thread-11901#
[DetermineApplicationServiceBindingActionsStep] Executing task "determineApplicationServiceBindingActionsTask" of process "9ca0c5f1-a061-11f1-b78a-eeee0a986e3f"...#
#2026 08 25 08:47:32.657#Z#DEBUG#9140a271-a061-11f1-b78a-eeee0a986e3f.OPERATION#flowable-async-job-executor-thread-11901#
[DetermineApplicationServiceBindingActionsStep] Determine bind/unbind operations of application "ResilienceCockpit-db-deployer" to service instance "ResilienceCockpit-db"#
#2026 08 25 08:47:32.657#Z#DEBUG#9140a271-a061-11f1-b78a-eeee0a986e3f.OPERATION#flowable-async-job-executor-thread-11901#
[DetermineApplicationServiceBindingActionsStep] Getting application "ResilienceCockpit-db-deployer"...#
#2026 08 25 08:47:32.680#Z#DEBUG#9140a271-a061-11f1-b78a-eeee0a986e3f.OPERATION#flowable-async-job-executor-thread-11901#
[DetermineApplicationServiceBindingActionsStep] Binding parameters for application "ResilienceCockpit-db-deployer": { }#
#2026 08 25 08:47:32.709#Z#DEBUG#9140a271-a061-11f1-b78a-eeee0a986e3f.OPERATION#flowable-async-job-executor-thread-11901#
[DetermineApplicationServiceBindingActionsStep] Check should rebind application "ResilienceCockpit-db-deployer" and service instance "ResilienceCockpit-db"#
#2026 08 25 08:47:32.709#Z#DEBUG#9140a271-a061-11f1-b78a-eeee0a986e3f.OPERATION#flowable-async-job-executor-thread-11901#
[DetermineApplicationServiceBindingActionsStep] Getting GUID of required service instance "ResilienceCockpit-db"...#
#2026 08 25 08:47:32.735#Z#DEBUG#9140a271-a061-11f1-b78a-eeee0a986e3f.OPERATION#flowable-async-job-executor-thread-11901#
[DetermineApplicationServiceBindingActionsStep] Getting binding of service instance "793c82c4-0c29-4054-8664-8ad70f1aaf7d" with application "2d23200b-60aa-4519-b7f8-9f40de7a8ecc"...#
#2026 08 25 08:47:32.764#Z#DEBUG#9140a271-a061-11f1-b78a-eeee0a986e3f.OPERATION#flowable-async-job-executor-thread-11901#
[DetermineApplicationServiceBindingActionsStep] Getting parameters of service binding "2a9f65f0-baa1-4922-a94a-66d6df3eb107"...#
#2026 08 25 08:47:32.973#Z#INFO#9140a271-a061-11f1-b78a-eeee0a986e3f.OPERATION#flowable-async-job-executor-thread-11901#
[DetermineApplicationServiceBindingActionsStep] Service instance "ResilienceCockpit-db" will not be rebound to application "ResilienceCockpit-db-deployer" because the binding parameters are not modified#
#2026 08 25 08:47:32.976#Z#DEBUG#9140a271-a061-11f1-b78a-eeee0a986e3f.OPERATION#flowable-async-job-executor-thread-11901#
[DetermineApplicationServiceBindingActionsStep] Calculated binding operations between application "ResilienceCockpit-db-deployer" and service instance "ResilienceCockpit-db": unbind - false bind - false#
#2026 08 25 08:47:32.976#Z#DEBUG#9140a271-a061-11f1-b78a-eeee0a986e3f.OPERATION#flowable-async-job-executor-thread-11901#
Step "Determine Application Service Binding Actions" finished#
#2026 08 25 08:47:33.043#Z#DEBUG#9140a271-a061-11f1-b78a-eeee0a986e3f.OPERATION#flowable-async-job-executor-thread-11901#
[DetermineVcapServicesPropertiesChangedStep] Executing task "determineVcapServicesPropertiesChangedTask" of process "9ceb8ac4-a061-11f1-b78a-eeee0a986e3f"...#
#2026 08 25 08:47:33.044#Z#DEBUG#9140a271-a061-11f1-b78a-eeee0a986e3f.OPERATION#flowable-async-job-executor-thread-11901#
[DetermineVcapServicesPropertiesChangedStep] VCAP_SERVICES properties for application "ResilienceCockpit-db-deployer" changed: false#
#2026 08 25 08:47:33.044#Z#DEBUG#9140a271-a061-11f1-b78a-eeee0a986e3f.OPERATION#flowable-async-job-executor-thread-11901#
Step "Determine vcap services properties changed" finished#
#2026 08 25 08:47:33.060#Z#DEBUG#9140a271-a061-11f1-b78a-eeee0a986e3f.OPERATION#flowable-async-job-executor-thread-11901#
[UploadAppStep] Executing task "uploadAppTask" of process "9ceb8ac4-a061-11f1-b78a-eeee0a986e3f"...#
#2026 08 25 08:47:33.061#Z#DEBUG#9140a271-a061-11f1-b78a-eeee0a986e3f.OPERATION#flowable-async-job-executor-thread-11901#
[UploadAppStep] Application upload timeout is default one: 3,600 seconds#
#2026 08 25 08:47:33.062#Z#INFO#9140a271-a061-11f1-b78a-eeee0a986e3f.OPERATION#flowable-async-job-executor-thread-11901#
[UploadAppStep] Uploading application "ResilienceCockpit-db-deployer"...#
#2026 08 25 08:47:33.064#Z#DEBUG#9140a271-a061-11f1-b78a-eeee0a986e3f.OPERATION#flowable-async-job-executor-thread-11901#
[UploadAppStep] Getting application "ResilienceCockpit-db-deployer"...#
#2026 08 25 08:47:33.093#Z#DEBUG#9140a271-a061-11f1-b78a-eeee0a986e3f.OPERATION#flowable-async-job-executor-thread-11901#
[UploadAppStep] Getting environment of application "2d23200b-60aa-4519-b7f8-9f40de7a8ecc"...#
#2026 08 25 08:47:33.124#Z#INFO#9140a271-a061-11f1-b78a-eeee0a986e3f.OPERATION#flowable-async-job-executor-thread-11901#
[UploadAppStep] Calculating application digest: "ResilienceCockpit-db-deployer"#
#2026 08 25 08:47:33.167#Z#DEBUG#9140a271-a061-11f1-b78a-eeee0a986e3f.OPERATION#flowable-async-job-executor-thread-11901#
Step "Upload App" finished#
#2026 08 25 08:47:33.353#Z#DEBUG#9140a271-a061-11f1-b78a-eeee0a986e3f.OPERATION#flowable-async-job-executor-thread-3192#
[CheckServiceBindingOperationStep] Executing task "checkForServiceBindingOperationInProgress" of process "9d1a3c09-a061-11f1-87c7-eeee0a8e79e5"...#
#2026 08 25 08:47:33.353#Z#DEBUG#9140a271-a061-11f1-b78a-eeee0a986e3f.OPERATION#flowable-async-job-executor-thread-3192#
[CheckServiceBindingOperationStep] Checking for service binding operation in progress between app "ResilienceCockpit-srv" and service instance "ResilienceCockpit-logging"#
#2026 08 25 08:47:33.353#Z#DEBUG#9140a271-a061-11f1-b78a-eeee0a986e3f.OPERATION#flowable-async-job-executor-thread-3192#
[CheckServiceBindingOperationStep] Getting application guid "ResilienceCockpit-srv"...#
#2026 08 25 08:47:33.390#Z#DEBUG#9140a271-a061-11f1-b78a-eeee0a986e3f.OPERATION#flowable-async-job-executor-thread-3192#
[CheckServiceBindingOperationStep] Getting GUID of required service instance "ResilienceCockpit-logging"...#
#2026 08 25 08:47:33.427#Z#DEBUG#9140a271-a061-11f1-b78a-eeee0a986e3f.OPERATION#flowable-async-job-executor-thread-3192#
[CheckServiceBindingOperationStep] Getting binding of service instance "336ec7d3-cd56-4076-bb50-7f23f8654af2" with application "846298f7-a9cf-4b9f-a20b-63e370407f6e"...#
#2026 08 25 08:47:33.463#Z#DEBUG#9140a271-a061-11f1-b78a-eeee0a986e3f.OPERATION#flowable-async-job-executor-thread-3192#
[CheckServiceBindingOperationStep] Service binding operation "73ece1a0-2098-454f-8824-e5e432a73a1b" with type "create" is in state "succeeded"#
#2026 08 25 08:47:33.463#Z#DEBUG#9140a271-a061-11f1-b78a-eeee0a986e3f.OPERATION#flowable-async-job-executor-thread-3192#
Step "Check For Service Binding Operation In Progress" finished#
#2026 08 25 08:47:32.542#Z#DEBUG#9140a271-a061-11f1-b78a-eeee0a986e3f.OPERATION#flowable-async-job-executor-thread-11903#
[UploadContentStep] Executing task "uploadContentTask" of process "9c880e7a-a061-11f1-b78a-eeee0a986e3f"...#
#2026 08 25 08:47:32.542#Z#INFO#9140a271-a061-11f1-b78a-eeee0a986e3f.OPERATION#flowable-async-job-executor-thread-11903#
[UploadContentStep] Uploading content module "ResilienceCockpit-app-deployer" in target service "ResilienceCockpit-html5-repo-host"...#
#2026 08 25 08:47:32.545#Z#DEBUG#9140a271-a061-11f1-b78a-eeee0a986e3f.OPERATION#flowable-async-job-executor-thread-11903#
[UploadContentStep] Uploading file "ResilienceCockpit-app-deployer/app/data.zip" for content module "ResilienceCockpit-app-deployer" in service "ResilienceCockpit-html5-repo-host"#
#2026 08 25 08:47:32.811#Z#INFO#9140a271-a061-11f1-b78a-eeee0a986e3f.OPERATION#flowable-async-job-executor-thread-11903#
[UploadContentStep] Content to deploy size: 11,753 in bytes#
#2026 08 25 08:47:33.477#Z#DEBUG#9140a271-a061-11f1-b78a-eeee0a986e3f.OPERATION#flowable-async-job-executor-thread-11903#
[UploadContentStep] Uploaded content: {
  "id" : "3034e753-a459-4a54-b2cd-f630c5e91bee",
  "name" : "content.zip",
  "contentType" : "FILE"
}#
#2026 08 25 08:47:33.478#Z#DEBUG#9140a271-a061-11f1-b78a-eeee0a986e3f.OPERATION#flowable-async-job-executor-thread-11903#
Step "Upload Content" finished#
#2026 08 25 08:47:33.397#Z#DEBUG#9140a271-a061-11f1-b78a-eeee0a986e3f.OPERATION#flowable-async-job-executor-thread-3193#
[BuildContentDeploymentConfigurationStep] Executing task "buildContentDeploymentConfigurationTask" of process "9d1d22e0-a061-11f1-87c7-eeee0a8e79e5"...#
#2026 08 25 08:47:33.402#Z#DEBUG#9140a271-a061-11f1-b78a-eeee0a986e3f.OPERATION#ForkJoinPool-24-worker-1#
[BuildContentDeploymentConfigurationStep] Getting service key "ResilienceCockpit-html5-repo-host-key" for service instance "ResilienceCockpit-html5-repo-host"...#
#2026 08 25 08:47:33.402#Z#DEBUG#9140a271-a061-11f1-b78a-eeee0a986e3f.OPERATION#ForkJoinPool-24-worker-3#
[BuildContentDeploymentConfigurationStep] Getting service key "ResilienceCockpit-destination-content-ResilienceCockpit-destination-credentials" for service instance "ResilienceCockpit-destination"...#
#2026 08 25 08:47:33.403#Z#DEBUG#9140a271-a061-11f1-b78a-eeee0a986e3f.OPERATION#ForkJoinPool-24-worker-2#
[BuildContentDeploymentConfigurationStep] Getting service key "ResilienceCockpit-auth-key" for service instance "ResilienceCockpit-auth"...#
#2026 08 25 08:47:33.560#Z#INFO#9140a271-a061-11f1-b78a-eeee0a986e3f.OPERATION#ForkJoinPool-24-worker-3#
[BuildContentDeploymentConfigurationStep] Service key "ResilienceCockpit-destination-content-ResilienceCockpit-destination-credentials" for service "ResilienceCockpit-destination" already exists#
#2026 08 25 08:47:33.577#Z#INFO#9140a271-a061-11f1-b78a-eeee0a986e3f.OPERATION#ForkJoinPool-24-worker-2#
[BuildContentDeploymentConfigurationStep] Service key "ResilienceCockpit-auth-key" for service "ResilienceCockpit-auth" already exists#
#2026 08 25 08:47:33.583#Z#INFO#9140a271-a061-11f1-b78a-eeee0a986e3f.OPERATION#ForkJoinPool-24-worker-1#
[BuildContentDeploymentConfigurationStep] Service key "ResilienceCockpit-html5-repo-host-key" for service "ResilienceCockpit-html5-repo-host" already exists#
#2026 08 25 08:47:33.588#Z#DEBUG#9140a271-a061-11f1-b78a-eeee0a986e3f.OPERATION#flowable-async-job-executor-thread-3193#
Step "Build Content Deployment Configuration" finished#
#2026 08 25 08:47:33.487#Z#DEBUG#9140a271-a061-11f1-b78a-eeee0a986e3f.OPERATION#flowable-async-job-executor-thread-3194#
[DetermineApplicationServiceBindingActionsStep] Executing task "determineApplicationServiceBindingActionsTask" of process "9d1a3c09-a061-11f1-87c7-eeee0a8e79e5"...#
#2026 08 25 08:47:33.488#Z#DEBUG#9140a271-a061-11f1-b78a-eeee0a986e3f.OPERATION#flowable-async-job-executor-thread-3194#
[DetermineApplicationServiceBindingActionsStep] Determine bind/unbind operations of application "ResilienceCockpit-srv" to service instance "ResilienceCockpit-logging"#
#2026 08 25 08:47:33.488#Z#DEBUG#9140a271-a061-11f1-b78a-eeee0a986e3f.OPERATION#flowable-async-job-executor-thread-3194#
[DetermineApplicationServiceBindingActionsStep] Getting application "ResilienceCockpit-srv"...#
#2026 08 25 08:47:33.521#Z#DEBUG#9140a271-a061-11f1-b78a-eeee0a986e3f.OPERATION#flowable-async-job-executor-thread-3194#
[DetermineApplicationServiceBindingActionsStep] Binding parameters for application "ResilienceCockpit-srv": { }#
#2026 08 25 08:47:33.556#Z#DEBUG#9140a271-a061-11f1-b78a-eeee0a986e3f.OPERATION#flowable-async-job-executor-thread-3194#
[DetermineApplicationServiceBindingActionsStep] Check should rebind application "ResilienceCockpit-srv" and service instance "ResilienceCockpit-logging"#
#2026 08 25 08:47:33.556#Z#DEBUG#9140a271-a061-11f1-b78a-eeee0a986e3f.OPERATION#flowable-async-job-executor-thread-3194#
[DetermineApplicationServiceBindingActionsStep] Getting GUID of required service instance "ResilienceCockpit-logging"...#
#2026 08 25 08:47:33.585#Z#DEBUG#9140a271-a061-11f1-b78a-eeee0a986e3f.OPERATION#flowable-async-job-executor-thread-3194#
[DetermineApplicationServiceBindingActionsStep] Getting binding of service instance "336ec7d3-cd56-4076-bb50-7f23f8654af2" with application "846298f7-a9cf-4b9f-a20b-63e370407f6e"...#
#2026 08 25 08:47:33.628#Z#DEBUG#9140a271-a061-11f1-b78a-eeee0a986e3f.OPERATION#flowable-async-job-executor-thread-3194#
[DetermineApplicationServiceBindingActionsStep] Getting parameters of service binding "73ece1a0-2098-454f-8824-e5e432a73a1b"...#
#2026 08 25 08:47:33.654#Z#WARN#9140a271-a061-11f1-b78a-eeee0a986e3f.OPERATION#flowable-async-job-executor-thread-3194#
[DetermineApplicationServiceBindingActionsStep] Cannot retrieve parameters of binding between application "ResilienceCockpit-srv" and service instance "ResilienceCockpit-logging"#
#2026 08 25 08:47:33.655#Z#DEBUG#9140a271-a061-11f1-b78a-eeee0a986e3f.OPERATION#flowable-async-job-executor-thread-3194#
[DetermineApplicationServiceBindingActionsStep] Calculated binding operations between application "ResilienceCockpit-srv" and service instance "ResilienceCockpit-logging": unbind - true bind - true#
#2026 08 25 08:47:33.655#Z#DEBUG#9140a271-a061-11f1-b78a-eeee0a986e3f.OPERATION#flowable-async-job-executor-thread-3194#
Step "Determine Application Service Binding Actions" finished#
#2026 08 25 08:47:33.591#Z#DEBUG#9140a271-a061-11f1-b78a-eeee0a986e3f.OPERATION#flowable-async-job-executor-thread-3193#
[CreateContentDeployClientConfigurationStep] Executing task "createContentDeployClientConfigurationTask" of process "9d4347a0-a061-11f1-87c7-eeee0a8e79e5"...#
#2026 08 25 08:47:33.591#Z#DEBUG#9140a271-a061-11f1-b78a-eeee0a986e3f.OPERATION#flowable-async-job-executor-thread-3193#
[CreateContentDeployClientConfigurationStep] Content deployer client configuration: {
  "contentDeployerUrl" : "https://destination-configuration.cfapps.us10.hana.ondemand.com/destination-configuration/gacd",
  "uaaClientConfiguration" : {
    "url" : "********",
    "credentials" : "********",
    "authenticationStrategyType" : "********"
  },
  "httpRequestHeaders" : {
    "X-CorrelationID" : "9140a271-a061-11f1-b78a-eeee0a986e3f"
  },
  "spaceId" : "039a1fe6-69a4-4c1e-9b8f-a64d47329d3e",
  "serviceName" : "ResilienceCockpit-destination"
}#
#2026 08 25 08:47:33.820#Z#DEBUG#9140a271-a061-11f1-b78a-eeee0a986e3f.OPERATION#flowable-async-job-executor-thread-3193#
Step "Create Content Deploy Client Configuration" finished#
#2026 08 25 08:47:33.821#Z#DEBUG#9140a271-a061-11f1-b78a-eeee0a986e3f.OPERATION#flowable-async-job-executor-thread-3193#
[GetContentFromDeploymentDescriptorStep] Executing task "getContentFromDeploymentDescriptorTask" of process "9d4347a0-a061-11f1-87c7-eeee0a8e79e5"...#
#2026 08 25 08:47:33.821#Z#DEBUG#9140a271-a061-11f1-b78a-eeee0a986e3f.OPERATION#flowable-async-job-executor-thread-3193#
[GetContentFromDeploymentDescriptorStep] Content for module: "ResilienceCockpit-destination-content" is: "{
  "id" : "456de040-16b4-4636-921f-60c5ad30c510",
  "contentType" : "EMBEDDED",
  "content" : {
    "instance" : {
      "destinations" : [ {
        "Authentication" : "********",
        "Name" : "srv-api",
        "TokenServiceInstanceName" : "********",
        "TokenServiceKeyName" : "********",
        "URL" : "https://94060551trial-dev-resiliencecockpit-srv.cfapps.us10-003.hana.ondemand.com"
      }, {
        "Name" : "ResilienceCockpit-html5-repo-host",
        "ServiceInstanceName" : "ResilienceCockpit-html5-repo-host",
        "ServiceKeyName" : "********",
        "sap.cloud.service" : "nexus"
      }, {
        "Authentication" : "********",
        "Name" : "********",
        "ServiceInstanceName" : "********",
        "ServiceKeyName" : "********"
      } ],
      "existing_destinations_policy" : "update"
    }
  }
}"#
#2026 08 25 08:47:33.821#Z#DEBUG#9140a271-a061-11f1-b78a-eeee0a986e3f.OPERATION#flowable-async-job-executor-thread-3193#
Step "Get Content From Deployment Descriptor" finished#
#2026 08 25 08:47:33.479#Z#DEBUG#9140a271-a061-11f1-b78a-eeee0a986e3f.OPERATION#flowable-async-job-executor-thread-11903#
[StartContentDeployStep] Executing task "startContentDeployTask" of process "9c880e7a-a061-11f1-b78a-eeee0a986e3f"...#
#2026 08 25 08:47:33.479#Z#INFO#9140a271-a061-11f1-b78a-eeee0a986e3f.OPERATION#flowable-async-job-executor-thread-11903#
[StartContentDeployStep] Deploying content module "ResilienceCockpit-app-deployer" in target service "ResilienceCockpit-html5-repo-host"...#
#2026 08 25 08:47:33.836#Z#DEBUG#9140a271-a061-11f1-b78a-eeee0a986e3f.OPERATION#flowable-async-job-executor-thread-11903#
Step "Start Content Deploy" finished#
#2026 08 25 08:47:33.678#Z#DEBUG#9140a271-a061-11f1-b78a-eeee0a986e3f.OPERATION#flowable-async-job-executor-thread-3195#
[UnbindServiceFromApplicationStep] Executing task "unbindServiceFromApplicationTask" of process "9d1a3c09-a061-11f1-87c7-eeee0a8e79e5"...#
#2026 08 25 08:47:33.679#Z#INFO#9140a271-a061-11f1-b78a-eeee0a986e3f.OPERATION#flowable-async-job-executor-thread-3195#
[UnbindServiceFromApplicationStep] Unbinding service instance "ResilienceCockpit-logging" from application "ResilienceCockpit-srv"...#
#2026 08 25 08:47:33.683#Z#DEBUG#9140a271-a061-11f1-b78a-eeee0a986e3f.OPERATION#flowable-async-job-executor-thread-3195#
[UnbindServiceFromApplicationStep] Unbinding application "ResilienceCockpit-srv" from service instance "ResilienceCockpit-logging"...#
#2026 08 25 08:47:33.844#Z#DEBUG#9140a271-a061-11f1-b78a-eeee0a986e3f.OPERATION#flowable-async-job-executor-thread-3195#
Step "Unbind Service from Application" finished#
#2026 08 25 08:47:33.822#Z#DEBUG#9140a271-a061-11f1-b78a-eeee0a986e3f.OPERATION#flowable-async-job-executor-thread-3193#
[SynchronousContentDeployStep] Executing task "synchronousContentDeployTask" of process "9d4347a0-a061-11f1-87c7-eeee0a8e79e5"...#
#2026 08 25 08:47:33.823#Z#INFO#9140a271-a061-11f1-b78a-eeee0a986e3f.OPERATION#flowable-async-job-executor-thread-3193#
[SynchronousContentDeployStep] Deploying content module "ResilienceCockpit-destination-content" in target service "ResilienceCockpit-destination"...#
#2026 08 25 08:47:34.008#Z#DEBUG#9140a271-a061-11f1-b78a-eeee0a986e3f.OPERATION#flowable-async-job-executor-thread-3193#
[SynchronousContentDeployStep] Processing inline content upload for module: ResilienceCockpit-destination-content#
#2026 08 25 08:47:34.240#Z#DEBUG#9140a271-a061-11f1-b78a-eeee0a986e3f.OPERATION#flowable-async-job-executor-thread-3193#
Step "Synchronous Deploy" finished#
#2026 08 25 08:47:40.884#Z#DEBUG#9140a271-a061-11f1-b78a-eeee0a986e3f.OPERATION#flowable-async-job-executor-thread-11910#
[UnbindServiceFromApplicationStep] Executing task "unbindServiceFromApplicationTask" of process "9c5d06ac-a061-11f1-b78a-eeee0a986e3f"...#
#2026 08 25 08:47:40.886#Z#DEBUG#9140a271-a061-11f1-b78a-eeee0a986e3f.OPERATION#flowable-async-job-executor-thread-11910#
[UnbindServiceFromApplicationStep] Getting async job "640e37e0-4a45-4aaa-bb5b-d8f8712dc878"#
#2026 08 25 08:47:40.887#Z#DEBUG#9140a271-a061-11f1-b78a-eeee0a986e3f.OPERATION#flowable-async-job-executor-thread-11911#
[UnbindServiceFromApplicationStep] Executing task "unbindServiceFromApplicationTask" of process "9c5601fc-a061-11f1-b78a-eeee0a986e3f"...#
#2026 08 25 08:47:40.888#Z#DEBUG#9140a271-a061-11f1-b78a-eeee0a986e3f.OPERATION#flowable-async-job-executor-thread-11911#
[UnbindServiceFromApplicationStep] Getting async job "7f875ac0-79cf-43fb-a2f8-b00bae3e8d58"#
#2026 08 25 08:47:40.893#Z#DEBUG#9140a271-a061-11f1-b78a-eeee0a986e3f.OPERATION#flowable-async-job-executor-thread-11909#
[UnbindServiceFromApplicationStep] Executing task "unbindServiceFromApplicationTask" of process "9c62d33c-a061-11f1-b78a-eeee0a986e3f"...#
#2026 08 25 08:47:40.895#Z#DEBUG#9140a271-a061-11f1-b78a-eeee0a986e3f.OPERATION#flowable-async-job-executor-thread-11908#
[UnbindServiceFromApplicationStep] Executing task "unbindServiceFromApplicationTask" of process "9d1a3c09-a061-11f1-87c7-eeee0a8e79e5"...#
#2026 08 25 08:47:40.895#Z#DEBUG#9140a271-a061-11f1-b78a-eeee0a986e3f.OPERATION#flowable-async-job-executor-thread-11909#
[UnbindServiceFromApplicationStep] Getting async job "9a626c30-b1f6-4af2-9996-ad38c380b2df"#
#2026 08 25 08:47:40.897#Z#DEBUG#9140a271-a061-11f1-b78a-eeee0a986e3f.OPERATION#flowable-async-job-executor-thread-11908#
[UnbindServiceFromApplicationStep] Getting async job "2a863e3b-5b2a-49d7-b9c3-d336a9b44753"#
#2026 08 25 08:47:40.913#Z#DEBUG#9140a271-a061-11f1-b78a-eeee0a986e3f.OPERATION#flowable-async-job-executor-thread-11911#
[UnbindServiceFromApplicationStep] Getting service instance "ResilienceCockpit-auth"...#
#2026 08 25 08:47:40.914#Z#DEBUG#9140a271-a061-11f1-b78a-eeee0a986e3f.OPERATION#flowable-async-job-executor-thread-11910#
[UnbindServiceFromApplicationStep] Getting service instance "ResilienceCockpit-destination"...#
#2026 08 25 08:47:40.921#Z#DEBUG#9140a271-a061-11f1-b78a-eeee0a986e3f.OPERATION#flowable-async-job-executor-thread-11909#
[UnbindServiceFromApplicationStep] Getting service instance "ResilienceCockpit-connectivity"...#
#2026 08 25 08:47:40.924#Z#DEBUG#9140a271-a061-11f1-b78a-eeee0a986e3f.OPERATION#flowable-async-job-executor-thread-11908#
[UnbindServiceFromApplicationStep] Getting service instance "ResilienceCockpit-logging"...#
#2026 08 25 08:47:40.993#Z#DEBUG#9140a271-a061-11f1-b78a-eeee0a986e3f.OPERATION#flowable-async-job-executor-thread-11911#
[UnbindServiceFromApplicationStep] Async service binding operation with id "7f875ac0-79cf-43fb-a2f8-b00bae3e8d58" finished#
#2026 08 25 08:47:40.994#Z#DEBUG#9140a271-a061-11f1-b78a-eeee0a986e3f.OPERATION#flowable-async-job-executor-thread-11911#
Step "Unbind Service from Application" finished#
#2026 08 25 08:47:40.999#Z#DEBUG#9140a271-a061-11f1-b78a-eeee0a986e3f.OPERATION#flowable-async-job-executor-thread-11908#
[UnbindServiceFromApplicationStep] Async service binding operation with id "2a863e3b-5b2a-49d7-b9c3-d336a9b44753" finished#
#2026 08 25 08:47:41.001#Z#DEBUG#9140a271-a061-11f1-b78a-eeee0a986e3f.OPERATION#flowable-async-job-executor-thread-11908#
Step "Unbind Service from Application" finished#
#2026 08 25 08:47:41.003#Z#DEBUG#9140a271-a061-11f1-b78a-eeee0a986e3f.OPERATION#flowable-async-job-executor-thread-11909#
[UnbindServiceFromApplicationStep] Async service binding operation with id "9a626c30-b1f6-4af2-9996-ad38c380b2df" finished#
#2026 08 25 08:47:41.005#Z#DEBUG#9140a271-a061-11f1-b78a-eeee0a986e3f.OPERATION#flowable-async-job-executor-thread-11909#
Step "Unbind Service from Application" finished#
#2026 08 25 08:47:41.014#Z#DEBUG#9140a271-a061-11f1-b78a-eeee0a986e3f.OPERATION#flowable-async-job-executor-thread-11910#
[UnbindServiceFromApplicationStep] Async service binding operation with id "640e37e0-4a45-4aaa-bb5b-d8f8712dc878" finished#
#2026 08 25 08:47:41.017#Z#DEBUG#9140a271-a061-11f1-b78a-eeee0a986e3f.OPERATION#flowable-async-job-executor-thread-11910#
Step "Unbind Service from Application" finished#
#2026 08 25 08:47:41.023#Z#DEBUG#9140a271-a061-11f1-b78a-eeee0a986e3f.OPERATION#flowable-async-job-executor-thread-11911#
[BindServiceToApplicationStep] Executing task "bindServiceToApplicationTask" of process "9c5601fc-a061-11f1-b78a-eeee0a986e3f"...#
#2026 08 25 08:47:41.024#Z#INFO#9140a271-a061-11f1-b78a-eeee0a986e3f.OPERATION#flowable-async-job-executor-thread-11911#
[BindServiceToApplicationStep] Binding service instance "ResilienceCockpit-auth" to application "ResilienceCockpit-srv"...#
#2026 08 25 08:47:41.028#Z#DEBUG#9140a271-a061-11f1-b78a-eeee0a986e3f.OPERATION#flowable-async-job-executor-thread-11911#
[BindServiceToApplicationStep] Binding service instance "ResilienceCockpit-auth" to application "ResilienceCockpit-srv" with parameters: { }#
#2026 08 25 08:47:41.034#Z#DEBUG#9140a271-a061-11f1-b78a-eeee0a986e3f.OPERATION#flowable-async-job-executor-thread-11908#
[BindServiceToApplicationStep] Executing task "bindServiceToApplicationTask" of process "9d1a3c09-a061-11f1-87c7-eeee0a8e79e5"...#
#2026 08 25 08:47:41.035#Z#INFO#9140a271-a061-11f1-b78a-eeee0a986e3f.OPERATION#flowable-async-job-executor-thread-11908#
[BindServiceToApplicationStep] Binding service instance "ResilienceCockpit-logging" to application "ResilienceCockpit-srv"...#
#2026 08 25 08:47:41.039#Z#DEBUG#9140a271-a061-11f1-b78a-eeee0a986e3f.OPERATION#flowable-async-job-executor-thread-11908#
[BindServiceToApplicationStep] Binding service instance "ResilienceCockpit-logging" to application "ResilienceCockpit-srv" with parameters: { }#
#2026 08 25 08:47:41.040#Z#DEBUG#9140a271-a061-11f1-b78a-eeee0a986e3f.OPERATION#flowable-async-job-executor-thread-11909#
[BindServiceToApplicationStep] Executing task "bindServiceToApplicationTask" of process "9c62d33c-a061-11f1-b78a-eeee0a986e3f"...#
#2026 08 25 08:47:41.041#Z#INFO#9140a271-a061-11f1-b78a-eeee0a986e3f.OPERATION#flowable-async-job-executor-thread-11909#
[BindServiceToApplicationStep] Binding service instance "ResilienceCockpit-connectivity" to application "ResilienceCockpit-srv"...#
#2026 08 25 08:47:41.045#Z#DEBUG#9140a271-a061-11f1-b78a-eeee0a986e3f.OPERATION#flowable-async-job-executor-thread-11909#
[BindServiceToApplicationStep] Binding service instance "ResilienceCockpit-connectivity" to application "ResilienceCockpit-srv" with parameters: { }#
#2026 08 25 08:47:41.045#Z#DEBUG#9140a271-a061-11f1-b78a-eeee0a986e3f.OPERATION#flowable-async-job-executor-thread-11910#
[BindServiceToApplicationStep] Executing task "bindServiceToApplicationTask" of process "9c5d06ac-a061-11f1-b78a-eeee0a986e3f"...#
#2026 08 25 08:47:41.046#Z#INFO#9140a271-a061-11f1-b78a-eeee0a986e3f.OPERATION#flowable-async-job-executor-thread-11910#
[BindServiceToApplicationStep] Binding service instance "ResilienceCockpit-destination" to application "ResilienceCockpit-srv"...#
#2026 08 25 08:47:41.050#Z#DEBUG#9140a271-a061-11f1-b78a-eeee0a986e3f.OPERATION#flowable-async-job-executor-thread-11910#
[BindServiceToApplicationStep] Binding service instance "ResilienceCockpit-destination" to application "ResilienceCockpit-srv" with parameters: { }#
#2026 08 25 08:47:41.142#Z#DEBUG#9140a271-a061-11f1-b78a-eeee0a986e3f.OPERATION#flowable-async-job-executor-thread-11908#
Step "Bind Service to Application" finished#
#2026 08 25 08:47:41.157#Z#DEBUG#9140a271-a061-11f1-b78a-eeee0a986e3f.OPERATION#flowable-async-job-executor-thread-11910#
Step "Bind Service to Application" finished#
#2026 08 25 08:47:41.172#Z#DEBUG#9140a271-a061-11f1-b78a-eeee0a986e3f.OPERATION#flowable-async-job-executor-thread-11911#
Step "Bind Service to Application" finished#
#2026 08 25 08:47:41.186#Z#DEBUG#9140a271-a061-11f1-b78a-eeee0a986e3f.OPERATION#flowable-async-job-executor-thread-11909#
Step "Bind Service to Application" finished#
#2026 08 25 08:47:40.902#Z#DEBUG#9140a271-a061-11f1-b78a-eeee0a986e3f.OPERATION#flowable-async-job-executor-thread-11913#
[UploadAppStep] Executing task "uploadAppTask" of process "9ceb8ac4-a061-11f1-b78a-eeee0a986e3f"...#
#2026 08 25 08:47:40.903#Z#DEBUG#9140a271-a061-11f1-b78a-eeee0a986e3f.OPERATION#flowable-async-job-executor-thread-11913#
[UploadAppStep] Application upload timeout is default one: 3,600 seconds#
#2026 08 25 08:47:40.904#Z#DEBUG#9140a271-a061-11f1-b78a-eeee0a986e3f.OPERATION#pool-20-thread-5#
[UploadAppStep] Upload of application: ResilienceCockpit-db-deployer started on instance: 1#
#2026 08 25 08:47:40.904#Z#DEBUG#9140a271-a061-11f1-b78a-eeee0a986e3f.OPERATION#pool-20-thread-5#
[UploadAppStep] Uploading file "ResilienceCockpit-db-deployer/data.zip" for application "ResilienceCockpit-db-deployer"#
#2026 08 25 08:47:41.007#Z#INFO#9140a271-a061-11f1-b78a-eeee0a986e3f.OPERATION#pool-20-thread-5#
[UploadAppStep] Time elapsed for app binary download: 102 in millis#
#2026 08 25 08:47:41.007#Z#INFO#9140a271-a061-11f1-b78a-eeee0a986e3f.OPERATION#pool-20-thread-5#
[UploadAppStep] Size of app ResilienceCockpit-db-deployer is 2,605,014 bytes#
#2026 08 25 08:47:41.007#Z#DEBUG#9140a271-a061-11f1-b78a-eeee0a986e3f.OPERATION#pool-20-thread-5#
[UploadAppStep] Asynchronously uploading binaries for application "ResilienceCockpit-db-deployer"...#
#2026 08 25 08:47:41.203#Z#INFO#9140a271-a061-11f1-b78a-eeee0a986e3f.OPERATION#pool-20-thread-5#
[UploadAppStep] Started async upload of application "ResilienceCockpit-db-deployer"#
#2026 08 25 08:47:41.207#Z#INFO#9140a271-a061-11f1-b78a-eeee0a986e3f.OPERATION#flowable-async-job-executor-thread-11913#
[UploadAppStep] Time elapsed for upload: 303 in millis#
#2026 08 25 08:47:41.207#Z#DEBUG#9140a271-a061-11f1-b78a-eeee0a986e3f.OPERATION#flowable-async-job-executor-thread-11913#
[UploadAppStep] Getting application "ResilienceCockpit-db-deployer"...#
#2026 08 25 08:47:41.226#Z#DEBUG#9140a271-a061-11f1-b78a-eeee0a986e3f.OPERATION#App upload monitor: c5f61635-1bd1-4a1a-91ab-410ee474da01#
[UploadAppStep] Upload status: PROCESSING_UPLOAD#
#2026 08 25 08:47:41.237#Z#DEBUG#9140a271-a061-11f1-b78a-eeee0a986e3f.OPERATION#flowable-async-job-executor-thread-11913#
[UploadAppStep] Getting environment of application "2d23200b-60aa-4519-b7f8-9f40de7a8ecc"...#
#2026 08 25 08:47:41.267#Z#DEBUG#9140a271-a061-11f1-b78a-eeee0a986e3f.OPERATION#flowable-async-job-executor-thread-11913#
[UploadAppStep] Updating environment of application "ResilienceCockpit-db-deployer"#
#2026 08 25 08:47:41.340#Z#DEBUG#9140a271-a061-11f1-b78a-eeee0a986e3f.OPERATION#flowable-async-job-executor-thread-11913#
Step "Upload App" finished#
#2026 08 25 08:47:40.895#Z#DEBUG#9140a271-a061-11f1-b78a-eeee0a986e3f.OPERATION#flowable-async-job-executor-thread-11907#
[StartContentDeployStep] Executing task "startContentDeployTask" of process "9c880e7a-a061-11f1-b78a-eeee0a986e3f"...#
#2026 08 25 08:47:40.896#Z#DEBUG#9140a271-a061-11f1-b78a-eeee0a986e3f.OPERATION#flowable-async-job-executor-thread-11907#
[StartContentDeployStep] Checking status of module content deployment "ResilienceCockpit-app-deployer" in service "ResilienceCockpit-html5-repo-host"...#
#2026 08 25 08:47:41.430#Z#DEBUG#9140a271-a061-11f1-b78a-eeee0a986e3f.OPERATION#flowable-async-job-executor-thread-11907#
[StartContentDeployStep] Deleting content deployment resource "3034e753-a459-4a54-b2cd-f630c5e91bee"...#
#2026 08 25 08:47:41.475#Z#DEBUG#9140a271-a061-11f1-b78a-eeee0a986e3f.OPERATION#flowable-async-job-executor-thread-11907#
Step "Start Content Deploy" finished#
#2026 08 25 08:47:46.252#Z#DEBUG#9140a271-a061-11f1-b78a-eeee0a986e3f.OPERATION#App upload monitor: c5f61635-1bd1-4a1a-91ab-410ee474da01#
[UploadAppStep] Upload status: READY#
#2026 08 25 08:47:50.904#Z#DEBUG#9140a271-a061-11f1-b78a-eeee0a986e3f.OPERATION#flowable-async-job-executor-thread-11915#
[UploadAppStep] Executing task "uploadAppTask" of process "9ceb8ac4-a061-11f1-b78a-eeee0a986e3f"...#
#2026 08 25 08:47:50.906#Z#DEBUG#9140a271-a061-11f1-b78a-eeee0a986e3f.OPERATION#flowable-async-job-executor-thread-11915#
[UploadAppStep] Application upload timeout is default one: 3,600 seconds#
#2026 08 25 08:47:50.906#Z#DEBUG#9140a271-a061-11f1-b78a-eeee0a986e3f.OPERATION#flowable-async-job-executor-thread-11915#
[UploadAppStep] Checking upload status of application "ResilienceCockpit-db-deployer"...#
#2026 08 25 08:47:50.906#Z#DEBUG#9140a271-a061-11f1-b78a-eeee0a986e3f.OPERATION#flowable-async-job-executor-thread-11915#
[UploadAppStep] Getting package "c5f61635-1bd1-4a1a-91ab-410ee474da01"...#
#2026 08 25 08:47:50.937#Z#DEBUG#9140a271-a061-11f1-b78a-eeee0a986e3f.OPERATION#flowable-async-job-executor-thread-11915#
[UploadAppStep] Application "ResilienceCockpit-db-deployer" uploaded#
#2026 08 25 08:47:50.937#Z#DEBUG#9140a271-a061-11f1-b78a-eeee0a986e3f.OPERATION#flowable-async-job-executor-thread-11915#
Step "Upload App" finished#
#2026 08 25 08:47:50.901#Z#DEBUG#9140a271-a061-11f1-b78a-eeee0a986e3f.OPERATION#flowable-async-job-executor-thread-11918#
[BindServiceToApplicationStep] Executing task "bindServiceToApplicationTask" of process "9c5d06ac-a061-11f1-b78a-eeee0a986e3f"...#
#2026 08 25 08:47:50.902#Z#DEBUG#9140a271-a061-11f1-b78a-eeee0a986e3f.OPERATION#flowable-async-job-executor-thread-11918#
[BindServiceToApplicationStep] Getting async job "e2aafa8a-aafd-4504-8406-f2874fff2f37"#
#2026 08 25 08:47:50.911#Z#DEBUG#9140a271-a061-11f1-b78a-eeee0a986e3f.OPERATION#flowable-async-job-executor-thread-11917#
[BindServiceToApplicationStep] Executing task "bindServiceToApplicationTask" of process "9d1a3c09-a061-11f1-87c7-eeee0a8e79e5"...#
#2026 08 25 08:47:50.912#Z#DEBUG#9140a271-a061-11f1-b78a-eeee0a986e3f.OPERATION#flowable-async-job-executor-thread-11917#
[BindServiceToApplicationStep] Getting async job "6e43e8cf-33e1-40be-8a8b-06d1fd2b7249"#
#2026 08 25 08:47:50.912#Z#DEBUG#9140a271-a061-11f1-b78a-eeee0a986e3f.OPERATION#flowable-async-job-executor-thread-11919#
[BindServiceToApplicationStep] Executing task "bindServiceToApplicationTask" of process "9c62d33c-a061-11f1-b78a-eeee0a986e3f"...#
#2026 08 25 08:47:50.913#Z#DEBUG#9140a271-a061-11f1-b78a-eeee0a986e3f.OPERATION#flowable-async-job-executor-thread-11919#
[BindServiceToApplicationStep] Getting async job "11559eac-058a-4f43-a2e0-de02a4bf0c2c"#
#2026 08 25 08:47:50.915#Z#DEBUG#9140a271-a061-11f1-b78a-eeee0a986e3f.OPERATION#flowable-async-job-executor-thread-11920#
[BindServiceToApplicationStep] Executing task "bindServiceToApplicationTask" of process "9c5601fc-a061-11f1-b78a-eeee0a986e3f"...#
#2026 08 25 08:47:50.916#Z#DEBUG#9140a271-a061-11f1-b78a-eeee0a986e3f.OPERATION#flowable-async-job-executor-thread-11920#
[BindServiceToApplicationStep] Getting async job "0cd019e0-b284-4e1f-8abd-64ed45c92d4f"#
#2026 08 25 08:47:50.927#Z#DEBUG#9140a271-a061-11f1-b78a-eeee0a986e3f.OPERATION#flowable-async-job-executor-thread-11918#
[BindServiceToApplicationStep] Getting service instance "ResilienceCockpit-destination"...#
#2026 08 25 08:47:50.937#Z#DEBUG#9140a271-a061-11f1-b78a-eeee0a986e3f.OPERATION#flowable-async-job-executor-thread-11917#
[BindServiceToApplicationStep] Getting service instance "ResilienceCockpit-logging"...#
#2026 08 25 08:47:50.937#Z#DEBUG#9140a271-a061-11f1-b78a-eeee0a986e3f.OPERATION#flowable-async-job-executor-thread-11919#
[BindServiceToApplicationStep] Getting service instance "ResilienceCockpit-connectivity"...#
#2026 08 25 08:47:50.939#Z#DEBUG#9140a271-a061-11f1-b78a-eeee0a986e3f.OPERATION#flowable-async-job-executor-thread-11920#
[BindServiceToApplicationStep] Getting service instance "ResilienceCockpit-auth"...#
#2026 08 25 08:47:51.021#Z#DEBUG#9140a271-a061-11f1-b78a-eeee0a986e3f.OPERATION#flowable-async-job-executor-thread-11918#
[BindServiceToApplicationStep] Async service binding operation with id "e2aafa8a-aafd-4504-8406-f2874fff2f37" finished#
#2026 08 25 08:47:51.022#Z#DEBUG#9140a271-a061-11f1-b78a-eeee0a986e3f.OPERATION#flowable-async-job-executor-thread-11918#
Step "Bind Service to Application" finished#
#2026 08 25 08:47:51.027#Z#DEBUG#9140a271-a061-11f1-b78a-eeee0a986e3f.OPERATION#flowable-async-job-executor-thread-11920#
[BindServiceToApplicationStep] Async service binding operation with id "0cd019e0-b284-4e1f-8abd-64ed45c92d4f" finished#
#2026 08 25 08:47:51.027#Z#DEBUG#9140a271-a061-11f1-b78a-eeee0a986e3f.OPERATION#flowable-async-job-executor-thread-11920#
Step "Bind Service to Application" finished#
#2026 08 25 08:47:50.954#Z#DEBUG#9140a271-a061-11f1-b78a-eeee0a986e3f.OPERATION#flowable-async-job-executor-thread-11915#
[ScaleAppStep] Executing task "scaleAppTask" of process "9ceb8ac4-a061-11f1-b78a-eeee0a986e3f"...#
#2026 08 25 08:47:50.955#Z#DEBUG#9140a271-a061-11f1-b78a-eeee0a986e3f.OPERATION#flowable-async-job-executor-thread-11915#
[ScaleAppStep] Scaling application "ResilienceCockpit-db-deployer"...#
#2026 08 25 08:47:50.955#Z#DEBUG#9140a271-a061-11f1-b78a-eeee0a986e3f.OPERATION#flowable-async-job-executor-thread-11915#
[ScaleAppStep] Getting application guid "ResilienceCockpit-db-deployer"...#
#2026 08 25 08:47:50.999#Z#DEBUG#9140a271-a061-11f1-b78a-eeee0a986e3f.OPERATION#flowable-async-job-executor-thread-11915#
[ScaleAppStep] Getting process for application "2d23200b-60aa-4519-b7f8-9f40de7a8ecc"...#
#2026 08 25 08:47:51.038#Z#DEBUG#9140a271-a061-11f1-b78a-eeee0a986e3f.OPERATION#flowable-async-job-executor-thread-11915#
[ScaleAppStep] Application "ResilienceCockpit-db-deployer" scaled#
#2026 08 25 08:47:51.038#Z#DEBUG#9140a271-a061-11f1-b78a-eeee0a986e3f.OPERATION#flowable-async-job-executor-thread-11915#
Step "Scale App" finished#
#2026 08 25 08:47:51.054#Z#DEBUG#9140a271-a061-11f1-b78a-eeee0a986e3f.OPERATION#flowable-async-job-executor-thread-11919#
[BindServiceToApplicationStep] Async service binding operation with id "11559eac-058a-4f43-a2e0-de02a4bf0c2c" finished#
#2026 08 25 08:47:51.055#Z#DEBUG#9140a271-a061-11f1-b78a-eeee0a986e3f.OPERATION#flowable-async-job-executor-thread-11919#
Step "Bind Service to Application" finished#
#2026 08 25 08:47:51.056#Z#DEBUG#9140a271-a061-11f1-b78a-eeee0a986e3f.OPERATION#flowable-async-job-executor-thread-11917#
[BindServiceToApplicationStep] Async service binding operation with id "6e43e8cf-33e1-40be-8a8b-06d1fd2b7249" finished#
#2026 08 25 08:47:51.056#Z#DEBUG#9140a271-a061-11f1-b78a-eeee0a986e3f.OPERATION#flowable-async-job-executor-thread-11917#
Step "Bind Service to Application" finished#
#2026 08 25 08:47:51.053#Z#DEBUG#9140a271-a061-11f1-b78a-eeee0a986e3f.OPERATION#flowable-async-job-executor-thread-11915#
[DetermineDesiredStateAchievingActionsStep] Executing task "determineDesiredStateAchievingActionsTask" of process "9ceb8ac4-a061-11f1-b78a-eeee0a986e3f"...#
#2026 08 25 08:47:51.053#Z#DEBUG#9140a271-a061-11f1-b78a-eeee0a986e3f.OPERATION#flowable-async-job-executor-thread-11915#
[DetermineDesiredStateAchievingActionsStep] Getting application "ResilienceCockpit-db-deployer"...#
#2026 08 25 08:47:51.087#Z#DEBUG#9140a271-a061-11f1-b78a-eeee0a986e3f.OPERATION#flowable-async-job-executor-thread-11915#
[DetermineDesiredStateAchievingActionsStep] Getting instances for application "ResilienceCockpit-db-deployer"...#
#2026 08 25 08:47:51.087#Z#DEBUG#9140a271-a061-11f1-b78a-eeee0a986e3f.OPERATION#flowable-async-job-executor-thread-11915#
[DetermineDesiredStateAchievingActionsStep] Getting environment of application "2d23200b-60aa-4519-b7f8-9f40de7a8ecc"...#
#2026 08 25 08:47:51.119#Z#DEBUG#9140a271-a061-11f1-b78a-eeee0a986e3f.OPERATION#flowable-async-job-executor-thread-11915#
[DetermineDesiredStateAchievingActionsStep] Current state of application ResilienceCockpit-db-deployer: STOPPED#
#2026 08 25 08:47:51.119#Z#DEBUG#9140a271-a061-11f1-b78a-eeee0a986e3f.OPERATION#flowable-async-job-executor-thread-11915#
[DetermineDesiredStateAchievingActionsStep] Desired state of application ResilienceCockpit-db-deployer: STOPPED#
#2026 08 25 08:47:51.119#Z#DEBUG#9140a271-a061-11f1-b78a-eeee0a986e3f.OPERATION#flowable-async-job-executor-thread-11915#
[DetermineDesiredStateAchievingActionsStep] Actions that should be executed on application ResilienceCockpit-db-deployer: [STAGE]#
#2026 08 25 08:47:51.119#Z#DEBUG#9140a271-a061-11f1-b78a-eeee0a986e3f.OPERATION#flowable-async-job-executor-thread-11915#
Step "Determine Desired State Achieving Actions" finished#
#2026 08 25 08:47:51.137#Z#DEBUG#9140a271-a061-11f1-b78a-eeee0a986e3f.OPERATION#flowable-async-job-executor-thread-11915#
[StageAppStep] Executing task "stageAppTask" of process "9ceb8ac4-a061-11f1-b78a-eeee0a986e3f"...#
#2026 08 25 08:47:51.138#Z#DEBUG#9140a271-a061-11f1-b78a-eeee0a986e3f.OPERATION#flowable-async-job-executor-thread-11915#
[StageAppStep] Application stage timeout is default one: 3,600 seconds#
#2026 08 25 08:47:51.138#Z#INFO#9140a271-a061-11f1-b78a-eeee0a986e3f.OPERATION#flowable-async-job-executor-thread-11915#
[StageAppStep] Staging application "ResilienceCockpit-db-deployer"...#
#2026 08 25 08:47:51.141#Z#DEBUG#9140a271-a061-11f1-b78a-eeee0a986e3f.OPERATION#flowable-async-job-executor-thread-11915#
[StageAppStep] Creating build for package "c5f61635-1bd1-4a1a-91ab-410ee474da01"...#
#2026 08 25 08:47:51.514#Z#DEBUG#9140a271-a061-11f1-b78a-eeee0a986e3f.OPERATION#flowable-async-job-executor-thread-11915#
Step "Stage App" finished#
#2026 08 25 08:47:53.168#Z#DEBUG#9140a271-a061-11f1-b78a-eeee0a986e3f.OPERATION#flowable-async-job-executor-thread-2364#
[DetermineVcapServicesPropertiesChangedStep] Executing task "determineVcapServicesPropertiesChangedTask" of process "a8e41e0f-a061-11f1-b87e-eeee0a95c1ad"...#
#2026 08 25 08:47:53.170#Z#DEBUG#9140a271-a061-11f1-b78a-eeee0a986e3f.OPERATION#flowable-async-job-executor-thread-2364#
[DetermineVcapServicesPropertiesChangedStep] VCAP_SERVICES properties for application "ResilienceCockpit-srv" changed: true#
#2026 08 25 08:47:53.170#Z#DEBUG#9140a271-a061-11f1-b78a-eeee0a986e3f.OPERATION#flowable-async-job-executor-thread-2364#
Step "Determine vcap services properties changed" finished#
#2026 08 25 08:47:53.203#Z#DEBUG#9140a271-a061-11f1-b78a-eeee0a986e3f.OPERATION#flowable-async-job-executor-thread-2365#
[UploadAppStep] Executing task "uploadAppTask" of process "a8e41e0f-a061-11f1-b87e-eeee0a95c1ad"...#
#2026 08 25 08:47:53.205#Z#DEBUG#9140a271-a061-11f1-b78a-eeee0a986e3f.OPERATION#flowable-async-job-executor-thread-2365#
[UploadAppStep] Application upload timeout is default one: 3,600 seconds#
#2026 08 25 08:47:53.205#Z#INFO#9140a271-a061-11f1-b78a-eeee0a986e3f.OPERATION#flowable-async-job-executor-thread-2365#
[UploadAppStep] Uploading application "ResilienceCockpit-srv"...#
#2026 08 25 08:47:53.211#Z#DEBUG#9140a271-a061-11f1-b78a-eeee0a986e3f.OPERATION#flowable-async-job-executor-thread-2365#
[UploadAppStep] Getting application "ResilienceCockpit-srv"...#
#2026 08 25 08:47:53.268#Z#DEBUG#9140a271-a061-11f1-b78a-eeee0a986e3f.OPERATION#flowable-async-job-executor-thread-2365#
[UploadAppStep] Getting environment of application "846298f7-a9cf-4b9f-a20b-63e370407f6e"...#
#2026 08 25 08:47:53.296#Z#INFO#9140a271-a061-11f1-b78a-eeee0a986e3f.OPERATION#flowable-async-job-executor-thread-2365#
[UploadAppStep] Calculating application digest: "ResilienceCockpit-srv"#
#2026 08 25 08:47:53.500#Z#DEBUG#9140a271-a061-11f1-b78a-eeee0a986e3f.OPERATION#flowable-async-job-executor-thread-2365#
Step "Upload App" finished#
#2026 08 25 08:48:00.928#Z#DEBUG#9140a271-a061-11f1-b78a-eeee0a986e3f.OPERATION#flowable-async-job-executor-thread-11927#
[StageAppStep] Executing task "stageAppTask" of process "9ceb8ac4-a061-11f1-b78a-eeee0a986e3f"...#
#2026 08 25 08:48:00.929#Z#DEBUG#9140a271-a061-11f1-b78a-eeee0a986e3f.OPERATION#flowable-async-job-executor-thread-11927#
[StageAppStep] Application stage timeout is default one: 3,600 seconds#
#2026 08 25 08:48:00.930#Z#DEBUG#9140a271-a061-11f1-b78a-eeee0a986e3f.OPERATION#flowable-async-job-executor-thread-11927#
[StageAppStep] Checking status of application "ResilienceCockpit-db-deployer"...#
#2026 08 25 08:48:00.930#Z#DEBUG#9140a271-a061-11f1-b78a-eeee0a986e3f.OPERATION#flowable-async-job-executor-thread-11927#
[StageAppStep] Getting build "a5f5b43d-9b95-439a-8e8d-ed06b9cccd71"...#
#2026 08 25 08:48:00.962#Z#DEBUG#9140a271-a061-11f1-b78a-eeee0a986e3f.OPERATION#flowable-async-job-executor-thread-11927#
[StageAppStep] Staging status of application "ResilienceCockpit-db-deployer": PENDING#
#2026 08 25 08:48:00.963#Z#DEBUG#9140a271-a061-11f1-b78a-eeee0a986e3f.OPERATION#flowable-async-job-executor-thread-11927#
[StageAppStep] Getting application guid "ResilienceCockpit-db-deployer"...#
#2026 08 25 08:48:01.081#Z#DEBUG#9140a271-a061-11f1-b78a-eeee0a986e3f.OPERATION#flowable-async-job-executor-thread-11927#
Step "Stage App" finished#
#2026 08 25 08:48:00.924#Z#DEBUG#9140a271-a061-11f1-b78a-eeee0a986e3f.OPERATION#flowable-async-job-executor-thread-11925#
[UploadAppStep] Executing task "uploadAppTask" of process "a8e41e0f-a061-11f1-b87e-eeee0a95c1ad"...#
#2026 08 25 08:48:00.925#Z#DEBUG#9140a271-a061-11f1-b78a-eeee0a986e3f.OPERATION#flowable-async-job-executor-thread-11925#
[UploadAppStep] Application upload timeout is default one: 3,600 seconds#
#2026 08 25 08:48:00.927#Z#DEBUG#9140a271-a061-11f1-b78a-eeee0a986e3f.OPERATION#pool-20-thread-5#
[UploadAppStep] Upload of application: ResilienceCockpit-srv started on instance: 1#
#2026 08 25 08:48:00.927#Z#DEBUG#9140a271-a061-11f1-b78a-eeee0a986e3f.OPERATION#pool-20-thread-5#
[UploadAppStep] Uploading file "ResilienceCockpit-srv/data.zip" for application "ResilienceCockpit-srv"#
#2026 08 25 08:48:01.189#Z#INFO#9140a271-a061-11f1-b78a-eeee0a986e3f.OPERATION#pool-20-thread-5#
[UploadAppStep] Time elapsed for app binary download: 262 in millis#
#2026 08 25 08:48:01.189#Z#INFO#9140a271-a061-11f1-b78a-eeee0a986e3f.OPERATION#pool-20-thread-5#
[UploadAppStep] Size of app ResilienceCockpit-srv is 16,187,707 bytes#
#2026 08 25 08:48:01.189#Z#DEBUG#9140a271-a061-11f1-b78a-eeee0a986e3f.OPERATION#pool-20-thread-5#
[UploadAppStep] Asynchronously uploading binaries for application "ResilienceCockpit-srv"...#
#2026 08 25 08:48:01.451#Z#INFO#9140a271-a061-11f1-b78a-eeee0a986e3f.OPERATION#pool-20-thread-5#
[UploadAppStep] Started async upload of application "ResilienceCockpit-srv"#
#2026 08 25 08:48:01.454#Z#INFO#9140a271-a061-11f1-b78a-eeee0a986e3f.OPERATION#flowable-async-job-executor-thread-11925#
[UploadAppStep] Time elapsed for upload: 528 in millis#
#2026 08 25 08:48:01.454#Z#DEBUG#9140a271-a061-11f1-b78a-eeee0a986e3f.OPERATION#flowable-async-job-executor-thread-11925#
[UploadAppStep] Getting application "ResilienceCockpit-srv"...#
#2026 08 25 08:48:01.480#Z#DEBUG#9140a271-a061-11f1-b78a-eeee0a986e3f.OPERATION#flowable-async-job-executor-thread-11925#
[UploadAppStep] Getting environment of application "846298f7-a9cf-4b9f-a20b-63e370407f6e"...#
#2026 08 25 08:48:01.480#Z#DEBUG#9140a271-a061-11f1-b78a-eeee0a986e3f.OPERATION#App upload monitor: f5e0b854-45e8-4735-8f93-1d26777f94ad#
[UploadAppStep] Upload status: PROCESSING_UPLOAD#
#2026 08 25 08:48:01.512#Z#DEBUG#9140a271-a061-11f1-b78a-eeee0a986e3f.OPERATION#flowable-async-job-executor-thread-11925#
[UploadAppStep] Updating environment of application "ResilienceCockpit-srv"#
#2026 08 25 08:48:01.586#Z#DEBUG#9140a271-a061-11f1-b78a-eeee0a986e3f.OPERATION#flowable-async-job-executor-thread-11925#
Step "Upload App" finished#
#2026 08 25 08:48:06.500#Z#DEBUG#9140a271-a061-11f1-b78a-eeee0a986e3f.OPERATION#App upload monitor: f5e0b854-45e8-4735-8f93-1d26777f94ad#
[UploadAppStep] Upload status: PROCESSING_UPLOAD#
#2026 08 25 08:48:10.935#Z#DEBUG#9140a271-a061-11f1-b78a-eeee0a986e3f.OPERATION#flowable-async-job-executor-thread-11933#
[UploadAppStep] Executing task "uploadAppTask" of process "a8e41e0f-a061-11f1-b87e-eeee0a95c1ad"...#
#2026 08 25 08:48:10.936#Z#DEBUG#9140a271-a061-11f1-b78a-eeee0a986e3f.OPERATION#flowable-async-job-executor-thread-11933#
[UploadAppStep] Application upload timeout is default one: 3,600 seconds#
#2026 08 25 08:48:10.936#Z#DEBUG#9140a271-a061-11f1-b78a-eeee0a986e3f.OPERATION#flowable-async-job-executor-thread-11933#
[UploadAppStep] Checking upload status of application "ResilienceCockpit-srv"...#
#2026 08 25 08:48:10.936#Z#DEBUG#9140a271-a061-11f1-b78a-eeee0a986e3f.OPERATION#flowable-async-job-executor-thread-11933#
[UploadAppStep] Getting package "f5e0b854-45e8-4735-8f93-1d26777f94ad"...#
#2026 08 25 08:48:10.962#Z#DEBUG#9140a271-a061-11f1-b78a-eeee0a986e3f.OPERATION#flowable-async-job-executor-thread-11933#
Step "Upload App" finished#
#2026 08 25 08:48:10.937#Z#DEBUG#9140a271-a061-11f1-b78a-eeee0a986e3f.OPERATION#flowable-async-job-executor-thread-11932#
[StageAppStep] Executing task "stageAppTask" of process "9ceb8ac4-a061-11f1-b78a-eeee0a986e3f"...#
#2026 08 25 08:48:10.938#Z#DEBUG#9140a271-a061-11f1-b78a-eeee0a986e3f.OPERATION#flowable-async-job-executor-thread-11932#
[StageAppStep] Application stage timeout is default one: 3,600 seconds#
#2026 08 25 08:48:10.938#Z#DEBUG#9140a271-a061-11f1-b78a-eeee0a986e3f.OPERATION#flowable-async-job-executor-thread-11932#
[StageAppStep] Checking status of application "ResilienceCockpit-db-deployer"...#
#2026 08 25 08:48:10.938#Z#DEBUG#9140a271-a061-11f1-b78a-eeee0a986e3f.OPERATION#flowable-async-job-executor-thread-11932#
[StageAppStep] Getting build "a5f5b43d-9b95-439a-8e8d-ed06b9cccd71"...#
#2026 08 25 08:48:10.970#Z#DEBUG#9140a271-a061-11f1-b78a-eeee0a986e3f.OPERATION#flowable-async-job-executor-thread-11932#
[StageAppStep] Staging status of application "ResilienceCockpit-db-deployer": PENDING#
#2026 08 25 08:48:10.971#Z#DEBUG#9140a271-a061-11f1-b78a-eeee0a986e3f.OPERATION#flowable-async-job-executor-thread-11932#
[StageAppStep] Getting application guid "ResilienceCockpit-db-deployer"...#
#2026 08 25 08:48:11.047#Z#DEBUG#9140a271-a061-11f1-b78a-eeee0a986e3f.OPERATION#flowable-async-job-executor-thread-11932#
Step "Stage App" finished#
#2026 08 25 08:48:11.519#Z#DEBUG#9140a271-a061-11f1-b78a-eeee0a986e3f.OPERATION#App upload monitor: f5e0b854-45e8-4735-8f93-1d26777f94ad#
[UploadAppStep] Upload status: PROCESSING_UPLOAD#
#2026 08 25 08:48:16.549#Z#DEBUG#9140a271-a061-11f1-b78a-eeee0a986e3f.OPERATION#App upload monitor: f5e0b854-45e8-4735-8f93-1d26777f94ad#
[UploadAppStep] Upload status: READY#
#2026 08 25 08:48:20.939#Z#DEBUG#9140a271-a061-11f1-b78a-eeee0a986e3f.OPERATION#flowable-async-job-executor-thread-11936#
[UploadAppStep] Executing task "uploadAppTask" of process "a8e41e0f-a061-11f1-b87e-eeee0a95c1ad"...#
#2026 08 25 08:48:20.940#Z#DEBUG#9140a271-a061-11f1-b78a-eeee0a986e3f.OPERATION#flowable-async-job-executor-thread-11936#
[UploadAppStep] Application upload timeout is default one: 3,600 seconds#
#2026 08 25 08:48:20.940#Z#DEBUG#9140a271-a061-11f1-b78a-eeee0a986e3f.OPERATION#flowable-async-job-executor-thread-11936#
[UploadAppStep] Checking upload status of application "ResilienceCockpit-srv"...#
#2026 08 25 08:48:20.940#Z#DEBUG#9140a271-a061-11f1-b78a-eeee0a986e3f.OPERATION#flowable-async-job-executor-thread-11936#
[UploadAppStep] Getting package "f5e0b854-45e8-4735-8f93-1d26777f94ad"...#
#2026 08 25 08:48:20.966#Z#DEBUG#9140a271-a061-11f1-b78a-eeee0a986e3f.OPERATION#flowable-async-job-executor-thread-11936#
[UploadAppStep] Application "ResilienceCockpit-srv" uploaded#
#2026 08 25 08:48:20.967#Z#DEBUG#9140a271-a061-11f1-b78a-eeee0a986e3f.OPERATION#flowable-async-job-executor-thread-11936#
Step "Upload App" finished#
#2026 08 25 08:48:20.985#Z#DEBUG#9140a271-a061-11f1-b78a-eeee0a986e3f.OPERATION#flowable-async-job-executor-thread-11938#
[ScaleAppStep] Executing task "scaleAppTask" of process "a8e41e0f-a061-11f1-b87e-eeee0a95c1ad"...#
#2026 08 25 08:48:20.987#Z#DEBUG#9140a271-a061-11f1-b78a-eeee0a986e3f.OPERATION#flowable-async-job-executor-thread-11938#
[ScaleAppStep] Scaling application "ResilienceCockpit-srv"...#
#2026 08 25 08:48:20.987#Z#DEBUG#9140a271-a061-11f1-b78a-eeee0a986e3f.OPERATION#flowable-async-job-executor-thread-11938#
[ScaleAppStep] Getting application guid "ResilienceCockpit-srv"...#
#2026 08 25 08:48:21.013#Z#DEBUG#9140a271-a061-11f1-b78a-eeee0a986e3f.OPERATION#flowable-async-job-executor-thread-11938#
[ScaleAppStep] Getting process for application "846298f7-a9cf-4b9f-a20b-63e370407f6e"...#
#2026 08 25 08:48:21.065#Z#DEBUG#9140a271-a061-11f1-b78a-eeee0a986e3f.OPERATION#flowable-async-job-executor-thread-11938#
[ScaleAppStep] Application "ResilienceCockpit-srv" scaled#
#2026 08 25 08:48:21.065#Z#DEBUG#9140a271-a061-11f1-b78a-eeee0a986e3f.OPERATION#flowable-async-job-executor-thread-11938#
Step "Scale App" finished#
#2026 08 25 08:48:20.941#Z#DEBUG#9140a271-a061-11f1-b78a-eeee0a986e3f.OPERATION#flowable-async-job-executor-thread-11937#
[StageAppStep] Executing task "stageAppTask" of process "9ceb8ac4-a061-11f1-b78a-eeee0a986e3f"...#
#2026 08 25 08:48:20.942#Z#DEBUG#9140a271-a061-11f1-b78a-eeee0a986e3f.OPERATION#flowable-async-job-executor-thread-11937#
[StageAppStep] Application stage timeout is default one: 3,600 seconds#
#2026 08 25 08:48:20.943#Z#DEBUG#9140a271-a061-11f1-b78a-eeee0a986e3f.OPERATION#flowable-async-job-executor-thread-11937#
[StageAppStep] Checking status of application "ResilienceCockpit-db-deployer"...#
#2026 08 25 08:48:20.943#Z#DEBUG#9140a271-a061-11f1-b78a-eeee0a986e3f.OPERATION#flowable-async-job-executor-thread-11937#
[StageAppStep] Getting build "a5f5b43d-9b95-439a-8e8d-ed06b9cccd71"...#
#2026 08 25 08:48:20.978#Z#DEBUG#9140a271-a061-11f1-b78a-eeee0a986e3f.OPERATION#flowable-async-job-executor-thread-11937#
[StageAppStep] Staging status of application "ResilienceCockpit-db-deployer": STAGED#
#2026 08 25 08:48:20.979#Z#DEBUG#9140a271-a061-11f1-b78a-eeee0a986e3f.OPERATION#flowable-async-job-executor-thread-11937#
[StageAppStep] Getting application guid "ResilienceCockpit-db-deployer"...#
#2026 08 25 08:48:21.057#Z#DEBUG#9140a271-a061-11f1-b78a-eeee0a986e3f.OPERATION#flowable-async-job-executor-thread-11937#
[StageAppStep] Getting build "a5f5b43d-9b95-439a-8e8d-ed06b9cccd71"...#
#2026 08 25 08:48:21.086#Z#DEBUG#9140a271-a061-11f1-b78a-eeee0a986e3f.OPERATION#flowable-async-job-executor-thread-11937#
[StageAppStep] Binding droplet "fd4bf71e-9655-46fd-a9f0-f6a6cc1edc7a" to application "2d23200b-60aa-4519-b7f8-9f40de7a8ecc"...#
#2026 08 25 08:48:21.156#Z#INFO#9140a271-a061-11f1-b78a-eeee0a986e3f.OPERATION#flowable-async-job-executor-thread-11937#
[StageAppStep] Application "ResilienceCockpit-db-deployer" staged#
#2026 08 25 08:48:21.160#Z#DEBUG#9140a271-a061-11f1-b78a-eeee0a986e3f.OPERATION#flowable-async-job-executor-thread-11937#
Step "Stage App" finished#
#2026 08 25 08:48:21.206#Z#DEBUG#9140a271-a061-11f1-b78a-eeee0a986e3f.OPERATION#flowable-async-job-executor-thread-11941#
[PrepareToExecuteTasksStep] Executing task "prepareToExecuteTasksTask" of process "b9a16559-a061-11f1-b78a-eeee0a986e3f"...#
#2026 08 25 08:48:21.207#Z#DEBUG#9140a271-a061-11f1-b78a-eeee0a986e3f.OPERATION#flowable-async-job-executor-thread-11941#
Step "Prepare To Execute Tasks" finished#
#2026 08 25 08:48:21.081#Z#DEBUG#9140a271-a061-11f1-b78a-eeee0a986e3f.OPERATION#flowable-async-job-executor-thread-11939#
[DetermineDesiredStateAchievingActionsStep] Executing task "determineDesiredStateAchievingActionsTask" of process "a8e41e0f-a061-11f1-b87e-eeee0a95c1ad"...#
#2026 08 25 08:48:21.082#Z#DEBUG#9140a271-a061-11f1-b78a-eeee0a986e3f.OPERATION#flowable-async-job-executor-thread-11939#
[DetermineDesiredStateAchievingActionsStep] Getting application "ResilienceCockpit-srv"...#
#2026 08 25 08:48:21.103#Z#DEBUG#9140a271-a061-11f1-b78a-eeee0a986e3f.OPERATION#flowable-async-job-executor-thread-11939#
[DetermineDesiredStateAchievingActionsStep] Getting instances for application "ResilienceCockpit-srv"...#
#2026 08 25 08:48:21.177#Z#DEBUG#9140a271-a061-11f1-b78a-eeee0a986e3f.OPERATION#flowable-async-job-executor-thread-11939#
[DetermineDesiredStateAchievingActionsStep] Getting environment of application "846298f7-a9cf-4b9f-a20b-63e370407f6e"...#
#2026 08 25 08:48:21.215#Z#DEBUG#9140a271-a061-11f1-b78a-eeee0a986e3f.OPERATION#flowable-async-job-executor-thread-11939#
[DetermineDesiredStateAchievingActionsStep] Current state of application ResilienceCockpit-srv: STARTED#
#2026 08 25 08:48:21.215#Z#DEBUG#9140a271-a061-11f1-b78a-eeee0a986e3f.OPERATION#flowable-async-job-executor-thread-11939#
[DetermineDesiredStateAchievingActionsStep] Desired state of application ResilienceCockpit-srv: STARTED#
#2026 08 25 08:48:21.215#Z#DEBUG#9140a271-a061-11f1-b78a-eeee0a986e3f.OPERATION#flowable-async-job-executor-thread-11939#
[DetermineDesiredStateAchievingActionsStep] Actions that should be executed on application ResilienceCockpit-srv: [STOP, STAGE, START]#
#2026 08 25 08:48:21.215#Z#DEBUG#9140a271-a061-11f1-b78a-eeee0a986e3f.OPERATION#flowable-async-job-executor-thread-11939#
Step "Determine Desired State Achieving Actions" finished#
#2026 08 25 08:48:21.233#Z#DEBUG#9140a271-a061-11f1-b78a-eeee0a986e3f.OPERATION#flowable-async-job-executor-thread-11939#
[StopAppStep] Executing task "stopAppTask" of process "a8e41e0f-a061-11f1-b87e-eeee0a95c1ad"...#
#2026 08 25 08:48:21.234#Z#INFO#9140a271-a061-11f1-b78a-eeee0a986e3f.OPERATION#flowable-async-job-executor-thread-11939#
[StopAppStep] Stopping application "ResilienceCockpit-srv"...#
#2026 08 25 08:48:21.237#Z#DEBUG#9140a271-a061-11f1-b78a-eeee0a986e3f.OPERATION#flowable-async-job-executor-thread-11939#
[StopAppStep] Stopping application "ResilienceCockpit-srv"...#
#2026 08 25 08:48:21.352#Z#DEBUG#9140a271-a061-11f1-b78a-eeee0a986e3f.OPERATION#flowable-async-job-executor-thread-11939#
[StopAppStep] Application "ResilienceCockpit-srv" stopped#
#2026 08 25 08:48:21.352#Z#DEBUG#9140a271-a061-11f1-b78a-eeee0a986e3f.OPERATION#flowable-async-job-executor-thread-11939#
[StopAppStep] Getting environment of application "846298f7-a9cf-4b9f-a20b-63e370407f6e"...#
#2026 08 25 08:48:21.391#Z#DEBUG#9140a271-a061-11f1-b78a-eeee0a986e3f.OPERATION#flowable-async-job-executor-thread-11939#
Step "Stop App" finished#
#2026 08 25 08:48:21.223#Z#DEBUG#9140a271-a061-11f1-b78a-eeee0a986e3f.OPERATION#flowable-async-job-executor-thread-11941#
[ExecuteTaskStep] Executing task "executeTaskTask" of process "b9a16559-a061-11f1-b78a-eeee0a986e3f"...#
#2026 08 25 08:48:21.224#Z#DEBUG#9140a271-a061-11f1-b78a-eeee0a986e3f.OPERATION#flowable-async-job-executor-thread-11941#
[ExecuteTaskStep] Application task execution timeout is default one: 43,200 seconds#
#2026 08 25 08:48:21.225#Z#INFO#9140a271-a061-11f1-b78a-eeee0a986e3f.OPERATION#flowable-async-job-executor-thread-11941#
[ExecuteTaskStep] Executing task "deploy" on application "ResilienceCockpit-db-deployer"...#
#2026 08 25 08:48:21.227#Z#DEBUG#9140a271-a061-11f1-b78a-eeee0a986e3f.OPERATION#flowable-async-job-executor-thread-11941#
[ExecuteTaskStep] Running task on application "ResilienceCockpit-db-deployer": {
  "name" : "deploy",
  "command" : "npm start",
  "limits" : {
    "memory" : 256
  }
}#
#2026 08 25 08:48:21.511#Z#DEBUG#9140a271-a061-11f1-b78a-eeee0a986e3f.OPERATION#flowable-async-job-executor-thread-11941#
Step "Execute Task" finished#
#2026 08 25 08:48:21.423#Z#DEBUG#9140a271-a061-11f1-b78a-eeee0a986e3f.OPERATION#flowable-async-job-executor-thread-11939#
[StageAppStep] Executing task "stageAppTask" of process "b9c170a1-a061-11f1-b78a-eeee0a986e3f"...#
#2026 08 25 08:48:21.425#Z#DEBUG#9140a271-a061-11f1-b78a-eeee0a986e3f.OPERATION#flowable-async-job-executor-thread-11939#
[StageAppStep] Application stage timeout is default one: 3,600 seconds#
#2026 08 25 08:48:21.426#Z#INFO#9140a271-a061-11f1-b78a-eeee0a986e3f.OPERATION#flowable-async-job-executor-thread-11939#
[StageAppStep] Staging application "ResilienceCockpit-srv"...#
#2026 08 25 08:48:21.429#Z#DEBUG#9140a271-a061-11f1-b78a-eeee0a986e3f.OPERATION#flowable-async-job-executor-thread-11939#
[StageAppStep] Creating build for package "f5e0b854-45e8-4735-8f93-1d26777f94ad"...#
#2026 08 25 08:48:21.801#Z#DEBUG#9140a271-a061-11f1-b78a-eeee0a986e3f.OPERATION#flowable-async-job-executor-thread-11939#
Step "Stage App" finished#
#2026 08 25 08:48:30.974#Z#DEBUG#9140a271-a061-11f1-b78a-eeee0a986e3f.OPERATION#flowable-async-job-executor-thread-2367#
[StageAppStep] Executing task "stageAppTask" of process "b9c170a1-a061-11f1-b78a-eeee0a986e3f"...#
#2026 08 25 08:48:30.977#Z#DEBUG#9140a271-a061-11f1-b78a-eeee0a986e3f.OPERATION#flowable-async-job-executor-thread-2367#
[StageAppStep] Application stage timeout is default one: 3,600 seconds#
#2026 08 25 08:48:30.978#Z#DEBUG#9140a271-a061-11f1-b78a-eeee0a986e3f.OPERATION#flowable-async-job-executor-thread-2367#
[StageAppStep] Checking status of application "ResilienceCockpit-srv"...#
#2026 08 25 08:48:30.978#Z#DEBUG#9140a271-a061-11f1-b78a-eeee0a986e3f.OPERATION#flowable-async-job-executor-thread-2367#
[StageAppStep] Getting build "ee24e400-048d-4e99-a950-ca2dda989c30"...#
#2026 08 25 08:48:31.007#Z#DEBUG#9140a271-a061-11f1-b78a-eeee0a986e3f.OPERATION#flowable-async-job-executor-thread-2367#
[StageAppStep] Staging status of application "ResilienceCockpit-srv": PENDING#
#2026 08 25 08:48:31.008#Z#DEBUG#9140a271-a061-11f1-b78a-eeee0a986e3f.OPERATION#flowable-async-job-executor-thread-2367#
[StageAppStep] Getting application guid "ResilienceCockpit-srv"...#
#2026 08 25 08:48:31.112#Z#DEBUG#9140a271-a061-11f1-b78a-eeee0a986e3f.OPERATION#flowable-async-job-executor-thread-2367#
Step "Stage App" finished#
#2026 08 25 08:48:30.951#Z#DEBUG#9140a271-a061-11f1-b78a-eeee0a986e3f.OPERATION#flowable-async-job-executor-thread-11943#
[ExecuteTaskStep] Executing task "executeTaskTask" of process "b9a16559-a061-11f1-b78a-eeee0a986e3f"...#
#2026 08 25 08:48:30.952#Z#DEBUG#9140a271-a061-11f1-b78a-eeee0a986e3f.OPERATION#flowable-async-job-executor-thread-11943#
[ExecuteTaskStep] Application task execution timeout is default one: 43,200 seconds#
#2026 08 25 08:48:30.953#Z#DEBUG#9140a271-a061-11f1-b78a-eeee0a986e3f.OPERATION#flowable-async-job-executor-thread-11943#
[ExecuteTaskStep] Getting task "67601bc4-e420-4e0e-8b9f-73543b1ddaf0"...#
#2026 08 25 08:48:30.980#Z#DEBUG#9140a271-a061-11f1-b78a-eeee0a986e3f.OPERATION#flowable-async-job-executor-thread-11943#
[ExecuteTaskStep] Task execution status: succeeded#
#2026 08 25 08:48:30.982#Z#DEBUG#9140a271-a061-11f1-b78a-eeee0a986e3f.OPERATION#flowable-async-job-executor-thread-11943#
[ExecuteTaskStep] Getting application guid "ResilienceCockpit-db-deployer"...#
#2026 08 25 08:48:31.143#Z#DEBUG#9140a271-a061-11f1-b78a-eeee0a986e3f.OPERATION#flowable-async-job-executor-thread-11943#
Step "Execute Task" finished#
#2026 08 25 08:48:31.161#Z#DEBUG#9140a271-a061-11f1-b78a-eeee0a986e3f.OPERATION#flowable-async-job-executor-thread-11944#
[IncrementIndexStep] Executing task "incrementTaskIndexTask" of process "b9a16559-a061-11f1-b78a-eeee0a986e3f"...#
#2026 08 25 08:48:31.162#Z#DEBUG#9140a271-a061-11f1-b78a-eeee0a986e3f.OPERATION#flowable-async-job-executor-thread-11944#
Step "Increment Task Index" finished#
#2026 08 25 08:48:31.200#Z#DEBUG#9140a271-a061-11f1-b78a-eeee0a986e3f.OPERATION#flowable-async-job-executor-thread-11945#
[PublishConfigurationEntriesStep] Executing task "publishProvidedDependenciesTask" of process "9ceb8ac4-a061-11f1-b78a-eeee0a986e3f"...#
#2026 08 25 08:48:31.201#Z#DEBUG#9140a271-a061-11f1-b78a-eeee0a986e3f.OPERATION#flowable-async-job-executor-thread-11945#
[PublishConfigurationEntriesStep] Publishing public provided dependencies for application "ResilienceCockpit-db-deployer"...#
#2026 08 25 08:48:31.201#Z#DEBUG#9140a271-a061-11f1-b78a-eeee0a986e3f.OPERATION#flowable-async-job-executor-thread-11945#
[PublishConfigurationEntriesStep] No public provided dependencies for publishing#
#2026 08 25 08:48:31.201#Z#DEBUG#9140a271-a061-11f1-b78a-eeee0a986e3f.OPERATION#flowable-async-job-executor-thread-11945#
Step "Publish Provided Dependencies" finished#
#2026 08 25 08:48:31.218#Z#DEBUG#9140a271-a061-11f1-b78a-eeee0a986e3f.OPERATION#flowable-async-job-executor-thread-11946#
[CreateOrUpdateServiceBrokerStep] Executing task "createOrUpdateServiceBrokerTask" of process "9ceb8ac4-a061-11f1-b78a-eeee0a986e3f"...#
#2026 08 25 08:48:31.219#Z#DEBUG#9140a271-a061-11f1-b78a-eeee0a986e3f.OPERATION#flowable-async-job-executor-thread-11946#
[CreateOrUpdateServiceBrokerStep] Creating service brokers...#
#2026 08 25 08:48:31.219#Z#DEBUG#9140a271-a061-11f1-b78a-eeee0a986e3f.OPERATION#flowable-async-job-executor-thread-11946#
Step "Create Or Update Service Broker " finished#
#2026 08 25 08:48:40.958#Z#DEBUG#9140a271-a061-11f1-b78a-eeee0a986e3f.OPERATION#flowable-async-job-executor-thread-11949#
[StageAppStep] Executing task "stageAppTask" of process "b9c170a1-a061-11f1-b78a-eeee0a986e3f"...#
#2026 08 25 08:48:40.959#Z#DEBUG#9140a271-a061-11f1-b78a-eeee0a986e3f.OPERATION#flowable-async-job-executor-thread-11949#
[StageAppStep] Application stage timeout is default one: 3,600 seconds#
#2026 08 25 08:48:40.959#Z#DEBUG#9140a271-a061-11f1-b78a-eeee0a986e3f.OPERATION#flowable-async-job-executor-thread-11949#
[StageAppStep] Checking status of application "ResilienceCockpit-srv"...#
#2026 08 25 08:48:40.959#Z#DEBUG#9140a271-a061-11f1-b78a-eeee0a986e3f.OPERATION#flowable-async-job-executor-thread-11949#
[StageAppStep] Getting build "ee24e400-048d-4e99-a950-ca2dda989c30"...#
#2026 08 25 08:48:40.990#Z#DEBUG#9140a271-a061-11f1-b78a-eeee0a986e3f.OPERATION#flowable-async-job-executor-thread-11949#
[StageAppStep] Staging status of application "ResilienceCockpit-srv": PENDING#
#2026 08 25 08:48:40.991#Z#DEBUG#9140a271-a061-11f1-b78a-eeee0a986e3f.OPERATION#flowable-async-job-executor-thread-11949#
[StageAppStep] Getting application guid "ResilienceCockpit-srv"...#
#2026 08 25 08:48:41.040#Z#DEBUG#9140a271-a061-11f1-b78a-eeee0a986e3f.OPERATION#flowable-async-job-executor-thread-11949#
Step "Stage App" finished#
#2026 08 25 08:48:50.962#Z#DEBUG#9140a271-a061-11f1-b78a-eeee0a986e3f.OPERATION#flowable-async-job-executor-thread-11951#
[StageAppStep] Executing task "stageAppTask" of process "b9c170a1-a061-11f1-b78a-eeee0a986e3f"...#
#2026 08 25 08:48:50.964#Z#DEBUG#9140a271-a061-11f1-b78a-eeee0a986e3f.OPERATION#flowable-async-job-executor-thread-11951#
[StageAppStep] Application stage timeout is default one: 3,600 seconds#
#2026 08 25 08:48:50.964#Z#DEBUG#9140a271-a061-11f1-b78a-eeee0a986e3f.OPERATION#flowable-async-job-executor-thread-11951#
[StageAppStep] Checking status of application "ResilienceCockpit-srv"...#
#2026 08 25 08:48:50.964#Z#DEBUG#9140a271-a061-11f1-b78a-eeee0a986e3f.OPERATION#flowable-async-job-executor-thread-11951#
[StageAppStep] Getting build "ee24e400-048d-4e99-a950-ca2dda989c30"...#
#2026 08 25 08:48:51.002#Z#DEBUG#9140a271-a061-11f1-b78a-eeee0a986e3f.OPERATION#flowable-async-job-executor-thread-11951#
[StageAppStep] Staging status of application "ResilienceCockpit-srv": STAGED#
#2026 08 25 08:48:51.003#Z#DEBUG#9140a271-a061-11f1-b78a-eeee0a986e3f.OPERATION#flowable-async-job-executor-thread-11951#
[StageAppStep] Getting application guid "ResilienceCockpit-srv"...#
#2026 08 25 08:48:51.109#Z#DEBUG#9140a271-a061-11f1-b78a-eeee0a986e3f.OPERATION#flowable-async-job-executor-thread-11951#
[StageAppStep] Getting build "ee24e400-048d-4e99-a950-ca2dda989c30"...#
#2026 08 25 08:48:51.138#Z#DEBUG#9140a271-a061-11f1-b78a-eeee0a986e3f.OPERATION#flowable-async-job-executor-thread-11951#
[StageAppStep] Binding droplet "eada6305-77f7-482d-a3f3-eeab2f87650c" to application "846298f7-a9cf-4b9f-a20b-63e370407f6e"...#
#2026 08 25 08:48:51.203#Z#INFO#9140a271-a061-11f1-b78a-eeee0a986e3f.OPERATION#flowable-async-job-executor-thread-11951#
[StageAppStep] Application "ResilienceCockpit-srv" staged#
#2026 08 25 08:48:51.207#Z#DEBUG#9140a271-a061-11f1-b78a-eeee0a986e3f.OPERATION#flowable-async-job-executor-thread-11951#
Step "Stage App" finished#
#2026 08 25 08:48:51.229#Z#DEBUG#9140a271-a061-11f1-b78a-eeee0a986e3f.OPERATION#flowable-async-job-executor-thread-11952#
[RestartAppStep] Executing task "startAppTask" of process "b9c170a1-a061-11f1-b78a-eeee0a986e3f"...#
#2026 08 25 08:48:51.232#Z#DEBUG#9140a271-a061-11f1-b78a-eeee0a986e3f.OPERATION#flowable-async-job-executor-thread-11952#
[RestartAppStep] Application start timeout is default one: 3,600 seconds#
#2026 08 25 08:48:51.236#Z#DEBUG#9140a271-a061-11f1-b78a-eeee0a986e3f.OPERATION#flowable-async-job-executor-thread-11952#
[RestartAppStep] Getting application "ResilienceCockpit-srv"...#
#2026 08 25 08:48:51.264#Z#INFO#9140a271-a061-11f1-b78a-eeee0a986e3f.OPERATION#flowable-async-job-executor-thread-11952#
[RestartAppStep] Starting application "ResilienceCockpit-srv"...#
#2026 08 25 08:48:51.267#Z#DEBUG#9140a271-a061-11f1-b78a-eeee0a986e3f.OPERATION#flowable-async-job-executor-thread-11952#
[RestartAppStep] Starting application "ResilienceCockpit-srv"...#
#2026 08 25 08:48:51.491#Z#DEBUG#9140a271-a061-11f1-b78a-eeee0a986e3f.OPERATION#flowable-async-job-executor-thread-11952#
Step "Start App" finished#
#2026 08 25 08:49:00.968#Z#DEBUG#9140a271-a061-11f1-b78a-eeee0a986e3f.OPERATION#flowable-async-job-executor-thread-11954#
[RestartAppStep] Executing task "startAppTask" of process "cbb2563d-a061-11f1-b78a-eeee0a986e3f"...#
#2026 08 25 08:49:00.970#Z#DEBUG#9140a271-a061-11f1-b78a-eeee0a986e3f.OPERATION#flowable-async-job-executor-thread-11954#
[RestartAppStep] Application start timeout is default one: 3,600 seconds#
#2026 08 25 08:49:00.971#Z#DEBUG#9140a271-a061-11f1-b78a-eeee0a986e3f.OPERATION#flowable-async-job-executor-thread-11954#
[RestartAppStep] Checking status of application "ResilienceCockpit-srv"...#
#2026 08 25 08:49:00.971#Z#DEBUG#9140a271-a061-11f1-b78a-eeee0a986e3f.OPERATION#flowable-async-job-executor-thread-11954#
[RestartAppStep] Getting application "ResilienceCockpit-srv"...#
#2026 08 25 08:49:01.003#Z#DEBUG#9140a271-a061-11f1-b78a-eeee0a986e3f.OPERATION#flowable-async-job-executor-thread-11954#
[RestartAppStep] Getting instances for application "ResilienceCockpit-srv"...#
#2026 08 25 08:49:01.070#Z#DEBUG#9140a271-a061-11f1-b78a-eeee0a986e3f.OPERATION#flowable-async-job-executor-thread-11954#
[RestartAppStep] Application "ResilienceCockpit-srv": 1 of 1 instances running (1 running)#
#2026 08 25 08:49:01.097#Z#DEBUG#9140a271-a061-11f1-b78a-eeee0a986e3f.OPERATION#flowable-async-job-executor-thread-11954#
[RestartAppStep] Getting routes for application "846298f7-a9cf-4b9f-a20b-63e370407f6e"...#
#2026 08 25 08:49:01.136#Z#INFO#9140a271-a061-11f1-b78a-eeee0a986e3f.OPERATION#flowable-async-job-executor-thread-11954#
[RestartAppStep] Application "ResilienceCockpit-srv" started and available at "94060551trial-dev-resiliencecockpit-srv.cfapps.us10-003.hana.ondemand.com"#
#2026 08 25 08:49:01.139#Z#DEBUG#9140a271-a061-11f1-b78a-eeee0a986e3f.OPERATION#flowable-async-job-executor-thread-11954#
Step "Start App" finished#
#2026 08 25 08:49:10.972#Z#DEBUG#9140a271-a061-11f1-b78a-eeee0a986e3f.OPERATION#flowable-async-job-executor-thread-11956#
[RestartAppStep] Executing task "startAppTask" of process "d172814d-a061-11f1-b78a-eeee0a986e3f"...#
#2026 08 25 08:49:10.974#Z#DEBUG#9140a271-a061-11f1-b78a-eeee0a986e3f.OPERATION#flowable-async-job-executor-thread-11956#
[RestartAppStep] Application start timeout is default one: 3,600 seconds#
#2026 08 25 08:49:10.975#Z#DEBUG#9140a271-a061-11f1-b78a-eeee0a986e3f.OPERATION#flowable-async-job-executor-thread-11956#
Step "Start App" finished#
#2026 08 25 08:49:11.022#Z#DEBUG#9140a271-a061-11f1-b78a-eeee0a986e3f.OPERATION#flowable-async-job-executor-thread-11958#
[PrepareToExecuteTasksStep] Executing task "prepareToExecuteTasksTask" of process "d752ddad-a061-11f1-b78a-eeee0a986e3f"...#
#2026 08 25 08:49:11.022#Z#DEBUG#9140a271-a061-11f1-b78a-eeee0a986e3f.OPERATION#flowable-async-job-executor-thread-11958#
Step "Prepare To Execute Tasks" finished#
#2026 08 25 08:49:11.053#Z#DEBUG#9140a271-a061-11f1-b78a-eeee0a986e3f.OPERATION#flowable-async-job-executor-thread-11959#
[PublishConfigurationEntriesStep] Executing task "publishProvidedDependenciesTask" of process "d74f5b1a-a061-11f1-b78a-eeee0a986e3f"...#
#2026 08 25 08:49:11.054#Z#DEBUG#9140a271-a061-11f1-b78a-eeee0a986e3f.OPERATION#flowable-async-job-executor-thread-11959#
[PublishConfigurationEntriesStep] Publishing public provided dependencies for application "ResilienceCockpit-srv"...#
#2026 08 25 08:49:11.054#Z#DEBUG#9140a271-a061-11f1-b78a-eeee0a986e3f.OPERATION#flowable-async-job-executor-thread-11959#
[PublishConfigurationEntriesStep] No public provided dependencies for publishing#
#2026 08 25 08:49:11.054#Z#DEBUG#9140a271-a061-11f1-b78a-eeee0a986e3f.OPERATION#flowable-async-job-executor-thread-11959#
Step "Publish Provided Dependencies" finished#
#2026 08 25 08:49:11.072#Z#DEBUG#9140a271-a061-11f1-b78a-eeee0a986e3f.OPERATION#flowable-async-job-executor-thread-11960#
[CreateOrUpdateServiceBrokerStep] Executing task "createOrUpdateServiceBrokerTask" of process "d74f5b1a-a061-11f1-b78a-eeee0a986e3f"...#
#2026 08 25 08:49:11.073#Z#DEBUG#9140a271-a061-11f1-b78a-eeee0a986e3f.OPERATION#flowable-async-job-executor-thread-11960#
[CreateOrUpdateServiceBrokerStep] Creating service brokers...#
#2026 08 25 08:49:11.073#Z#DEBUG#9140a271-a061-11f1-b78a-eeee0a986e3f.OPERATION#flowable-async-job-executor-thread-11960#
Step "Create Or Update Service Broker " finished#
#2026 08 25 08:49:11.202#Z#DEBUG#9140a271-a061-11f1-b78a-eeee0a986e3f.OPERATION#flowable-async-job-executor-thread-11962#
[CreateSubscriptionsStep] Executing task "createSubscriptionsTask" of process "d763f4d2-a061-11f1-b78a-eeee0a986e3f"...#
#2026 08 25 08:49:11.202#Z#DEBUG#9140a271-a061-11f1-b78a-eeee0a986e3f.OPERATION#flowable-async-job-executor-thread-11962#
[CreateSubscriptionsStep] Creating subscriptions...#
#2026 08 25 08:49:11.202#Z#DEBUG#9140a271-a061-11f1-b78a-eeee0a986e3f.OPERATION#flowable-async-job-executor-thread-11962#
[CreateSubscriptionsStep] Subscriptions created#
#2026 08 25 08:49:11.202#Z#DEBUG#9140a271-a061-11f1-b78a-eeee0a986e3f.OPERATION#flowable-async-job-executor-thread-11962#
Step "Create Subscriptions" finished#
#2026 08 25 08:49:11.219#Z#DEBUG#9140a271-a061-11f1-b78a-eeee0a986e3f.OPERATION#flowable-async-job-executor-thread-11962#
[DeleteSubscriptionsStep] Executing task "deleteSubscriptionsTask" of process "d763f4d2-a061-11f1-b78a-eeee0a986e3f"...#
#2026 08 25 08:49:11.219#Z#DEBUG#9140a271-a061-11f1-b78a-eeee0a986e3f.OPERATION#flowable-async-job-executor-thread-11962#
[DeleteSubscriptionsStep] Deleting discontinued subscriptions...#
#2026 08 25 08:49:11.220#Z#DEBUG#9140a271-a061-11f1-b78a-eeee0a986e3f.OPERATION#flowable-async-job-executor-thread-11962#
[DeleteSubscriptionsStep] Subscriptions to delete: [ ]#
#2026 08 25 08:49:11.220#Z#DEBUG#9140a271-a061-11f1-b78a-eeee0a986e3f.OPERATION#flowable-async-job-executor-thread-11962#
[DeleteSubscriptionsStep] Deleted discontinued subscriptions#
#2026 08 25 08:49:11.220#Z#DEBUG#9140a271-a061-11f1-b78a-eeee0a986e3f.OPERATION#flowable-async-job-executor-thread-11962#
Step "Delete Subscriptions" finished#
#2026 08 25 08:49:11.239#Z#DEBUG#9140a271-a061-11f1-b78a-eeee0a986e3f.OPERATION#flowable-async-job-executor-thread-11962#
[DeleteDiscontinuedConfigurationEntriesStep] Executing task "deleteDiscontinuedConfigurationEntriesTask" of process "d763f4d2-a061-11f1-b78a-eeee0a986e3f"...#
#2026 08 25 08:49:11.240#Z#DEBUG#9140a271-a061-11f1-b78a-eeee0a986e3f.OPERATION#flowable-async-job-executor-thread-11962#
[DeleteDiscontinuedConfigurationEntriesStep] Deleting discontinued published dependencies...#
#2026 08 25 08:49:11.252#Z#DEBUG#9140a271-a061-11f1-b78a-eeee0a986e3f.OPERATION#flowable-async-job-executor-thread-11962#
[DeleteDiscontinuedConfigurationEntriesStep] Deleted entries: [ ]#
#2026 08 25 08:49:11.252#Z#DEBUG#9140a271-a061-11f1-b78a-eeee0a986e3f.OPERATION#flowable-async-job-executor-thread-11962#
[DeleteDiscontinuedConfigurationEntriesStep] Discontinued published dependencies deleted#
#2026 08 25 08:49:11.252#Z#DEBUG#9140a271-a061-11f1-b78a-eeee0a986e3f.OPERATION#flowable-async-job-executor-thread-11962#
Step "Delete Discontinued Configuration Entries" finished#
#2026 08 25 08:49:11.255#Z#WARN#9140a271-a061-11f1-b78a-eeee0a986e3f.OPERATION#flowable-async-job-executor-thread-11962#
[DoNotDeleteServicesListener] Skipping deletion of services, because the command line option "--delete-services" is not specified.#
#2026 08 25 08:49:11.275#Z#DEBUG#9140a271-a061-11f1-b78a-eeee0a986e3f.OPERATION#flowable-async-job-executor-thread-11962#
[DetachServicesFromMtaStep] Executing task "detachServicesFromMtaTask" of process "d779c6db-a061-11f1-b78a-eeee0a986e3f"...#
#2026 08 25 08:49:11.275#Z#DEBUG#9140a271-a061-11f1-b78a-eeee0a986e3f.OPERATION#flowable-async-job-executor-thread-11962#
[DetachServicesFromMtaStep] Detaching services from MTA...#
#2026 08 25 08:49:11.276#Z#DEBUG#9140a271-a061-11f1-b78a-eeee0a986e3f.OPERATION#flowable-async-job-executor-thread-11962#
[DetachServicesFromMtaStep] Getting service instances without auxiliary content by names []...#
#2026 08 25 08:49:11.276#Z#DEBUG#9140a271-a061-11f1-b78a-eeee0a986e3f.OPERATION#flowable-async-job-executor-thread-11962#
[DetachServicesFromMtaStep] Detached services from MTA#
#2026 08 25 08:49:11.276#Z#DEBUG#9140a271-a061-11f1-b78a-eeee0a986e3f.OPERATION#flowable-async-job-executor-thread-11962#
Step "Detach Services from MTA" finished#
#2026 08 25 08:49:11.289#Z#DEBUG#9140a271-a061-11f1-b78a-eeee0a986e3f.OPERATION#flowable-async-job-executor-thread-11962#
[UpdateSubscribersStep] Executing task "updateSubscribersTask" of process "d779c6db-a061-11f1-b78a-eeee0a986e3f"...#
#2026 08 25 08:49:11.289#Z#DEBUG#9140a271-a061-11f1-b78a-eeee0a986e3f.OPERATION#flowable-async-job-executor-thread-11962#
[UpdateSubscribersStep] Updating subscribers...#
#2026 08 25 08:49:11.328#Z#DEBUG#9140a271-a061-11f1-b78a-eeee0a986e3f.OPERATION#flowable-async-job-executor-thread-11962#
[UpdateSubscribersStep] Subscribers updated#
#2026 08 25 08:49:11.328#Z#DEBUG#9140a271-a061-11f1-b78a-eeee0a986e3f.OPERATION#flowable-async-job-executor-thread-11962#
Step "Update Subscribers" finished#
#2026 08 25 08:49:11.344#Z#DEBUG#9140a271-a061-11f1-b78a-eeee0a986e3f.OPERATION#flowable-async-job-executor-thread-11962#
[RestartSubscribersStep] Executing task "restartSubscribersTask" of process "d779c6db-a061-11f1-b78a-eeee0a986e3f"...#
#2026 08 25 08:49:11.344#Z#DEBUG#9140a271-a061-11f1-b78a-eeee0a986e3f.OPERATION#flowable-async-job-executor-thread-11962#
Step "Restart Subscribers" finished#
#2026 08 25 08:49:11.357#Z#DEBUG#9140a271-a061-11f1-b78a-eeee0a986e3f.OPERATION#flowable-async-job-executor-thread-11962#
[PrepareToRestartServiceBrokerSubscribersStep] Executing task "prepareToRestartServiceBrokerSubscribersTask" of process "d779c6db-a061-11f1-b78a-eeee0a986e3f"...#
#2026 08 25 08:49:11.358#Z#DEBUG#9140a271-a061-11f1-b78a-eeee0a986e3f.OPERATION#flowable-async-job-executor-thread-11962#
Step "Prepare To Restart Service Brokers Subscribers" finished#
