#2026 08 25 08:48:01.078#Z#DEBUG#9140a271-a061-11f1-b78a-eeee0a986e3f.ResilienceCockpit-db-deployer#flowable-async-job-executor-thread-11927#
[PollStageAppStatusExecution] 2d23200b-60aa-4519-b7f8-9f40de7a8ecc [2026-08-25T08:31:29.817798] Adding "src/gen/data/sap-common-Countries_texts_da.hdbtabledata" for deploy... (STDOUT, APP/TASK/deploy)#
#2026 08 25 08:48:01.078#Z#DEBUG#9140a271-a061-11f1-b78a-eeee0a986e3f.ResilienceCockpit-db-deployer#flowable-async-job-executor-thread-11927#
[PollStageAppStatusExecution] 2d23200b-60aa-4519-b7f8-9f40de7a8ecc [2026-08-25T08:31:29.817801] Adding "src/gen/data/sap-common-Countries_texts_da.hdbtabledata" for deploy... ok (0s 0ms) (STDOUT, APP/TASK/deploy)#
#2026 08 25 08:48:01.078#Z#DEBUG#9140a271-a061-11f1-b78a-eeee0a986e3f.ResilienceCockpit-db-deployer#flowable-async-job-executor-thread-11927#
[PollStageAppStatusExecution] 2d23200b-60aa-4519-b7f8-9f40de7a8ecc [2026-08-25T08:31:29.817805] Adding "src/gen/data/sap-common-Countries_texts_de.csv" for deploy... (STDOUT, APP/TASK/deploy)#
#2026 08 25 08:48:01.078#Z#DEBUG#9140a271-a061-11f1-b78a-eeee0a986e3f.ResilienceCockpit-db-deployer#flowable-async-job-executor-thread-11927#
[PollStageAppStatusExecution] 2d23200b-60aa-4519-b7f8-9f40de7a8ecc [2026-08-25T08:31:29.817820] Adding "src/gen/data/sap-common-Countries_texts_de.csv" for deploy... ok (0s 0ms) (STDOUT, APP/TASK/deploy)#
#2026 08 25 08:48:01.078#Z#DEBUG#9140a271-a061-11f1-b78a-eeee0a986e3f.ResilienceCockpit-db-deployer#flowable-async-job-executor-thread-11927#
[PollStageAppStatusExecution] 2d23200b-60aa-4519-b7f8-9f40de7a8ecc [2026-08-25T08:31:29.817824] Adding "src/gen/data/sap-common-Countries_texts_de.hdbtabledata" for deploy... (STDOUT, APP/TASK/deploy)#
#2026 08 25 08:48:01.078#Z#DEBUG#9140a271-a061-11f1-b78a-eeee0a986e3f.ResilienceCockpit-db-deployer#flowable-async-job-executor-thread-11927#
[PollStageAppStatusExecution] 2d23200b-60aa-4519-b7f8-9f40de7a8ecc [2026-08-25T08:31:29.817833] Adding "src/gen/data/sap-common-Countries_texts_de.hdbtabledata" for deploy... ok (0s 1ms) (STDOUT, APP/TASK/deploy)#
#2026 08 25 08:48:01.078#Z#DEBUG#9140a271-a061-11f1-b78a-eeee0a986e3f.ResilienceCockpit-db-deployer#flowable-async-job-executor-thread-11927#
[PollStageAppStatusExecution] 2d23200b-60aa-4519-b7f8-9f40de7a8ecc [2026-08-25T08:31:29.817860] Adding "src/gen/data/sap-common-Countries_texts_el.csv" for deploy... (STDOUT, APP/TASK/deploy)#
#2026 08 25 08:48:01.078#Z#DEBUG#9140a271-a061-11f1-b78a-eeee0a986e3f.ResilienceCockpit-db-deployer#flowable-async-job-executor-thread-11927#
[PollStageAppStatusExecution] 2d23200b-60aa-4519-b7f8-9f40de7a8ecc [2026-08-25T08:31:29.817864] Adding "src/gen/data/sap-common-Countries_texts_el.csv" for deploy... ok (0s 0ms) (STDOUT, APP/TASK/deploy)#
#2026 08 25 08:48:01.078#Z#DEBUG#9140a271-a061-11f1-b78a-eeee0a986e3f.ResilienceCockpit-db-deployer#flowable-async-job-executor-thread-11927#
[PollStageAppStatusExecution] 2d23200b-60aa-4519-b7f8-9f40de7a8ecc [2026-08-25T08:31:29.817868] Adding "src/gen/data/sap-common-Countries_texts_el.hdbtabledata" for deploy... (STDOUT, APP/TASK/deploy)#
#2026 08 25 08:48:01.078#Z#DEBUG#9140a271-a061-11f1-b78a-eeee0a986e3f.ResilienceCockpit-db-deployer#flowable-async-job-executor-thread-11927#
[PollStageAppStatusExecution] 2d23200b-60aa-4519-b7f8-9f40de7a8ecc [2026-08-25T08:31:29.817872] Adding "src/gen/data/sap-common-Countries_texts_el.hdbtabledata" for deploy... ok (0s 0ms) (STDOUT, APP/TASK/deploy)#
#2026 08 25 08:48:01.078#Z#DEBUG#9140a271-a061-11f1-b78a-eeee0a986e3f.ResilienceCockpit-db-deployer#flowable-async-job-executor-thread-11927#
[PollStageAppStatusExecution] 2d23200b-60aa-4519-b7f8-9f40de7a8ecc [2026-08-25T08:31:29.817875] Adding "src/gen/data/sap-common-Countries_texts_en.csv" for deploy... (STDOUT, APP/TASK/deploy)#
#2026 08 25 08:48:01.078#Z#DEBUG#9140a271-a061-11f1-b78a-eeee0a986e3f.ResilienceCockpit-db-deployer#flowable-async-job-executor-thread-11927#
[PollStageAppStatusExecution] 2d23200b-60aa-4519-b7f8-9f40de7a8ecc [2026-08-25T08:31:29.817879] Adding "src/gen/data/sap-common-Countries_texts_en.csv" for deploy... ok (0s 0ms) (STDOUT, APP/TASK/deploy)#
#2026 08 25 08:48:01.078#Z#DEBUG#9140a271-a061-11f1-b78a-eeee0a986e3f.ResilienceCockpit-db-deployer#flowable-async-job-executor-thread-11927#
[PollStageAppStatusExecution] 2d23200b-60aa-4519-b7f8-9f40de7a8ecc [2026-08-25T08:31:29.817897] Adding "src/gen/data/sap-common-Countries_texts_en.hdbtabledata" for deploy... (STDOUT, APP/TASK/deploy)#
#2026 08 25 08:48:01.078#Z#DEBUG#9140a271-a061-11f1-b78a-eeee0a986e3f.ResilienceCockpit-db-deployer#flowable-async-job-executor-thread-11927#
[PollStageAppStatusExecution] 2d23200b-60aa-4519-b7f8-9f40de7a8ecc [2026-08-25T08:31:29.817900] Adding "src/gen/data/sap-common-Countries_texts_en.hdbtabledata" for deploy... ok (0s 0ms) (STDOUT, APP/TASK/deploy)#
#2026 08 25 08:48:01.078#Z#DEBUG#9140a271-a061-11f1-b78a-eeee0a986e3f.ResilienceCockpit-db-deployer#flowable-async-job-executor-thread-11927#
[PollStageAppStatusExecution] 2d23200b-60aa-4519-b7f8-9f40de7a8ecc [2026-08-25T08:31:29.817904] Adding "src/gen/data/sap-common-Countries_texts_en_US_saptrc.csv" for deploy... (STDOUT, APP/TASK/deploy)#
#2026 08 25 08:48:01.078#Z#DEBUG#9140a271-a061-11f1-b78a-eeee0a986e3f.ResilienceCockpit-db-deployer#flowable-async-job-executor-thread-11927#
[PollStageAppStatusExecution] 2d23200b-60aa-4519-b7f8-9f40de7a8ecc [2026-08-25T08:31:29.817907] Adding "src/gen/data/sap-common-Countries_texts_en_US_saptrc.csv" for deploy... ok (0s 0ms) (STDOUT, APP/TASK/deploy)#
#2026 08 25 08:48:01.078#Z#DEBUG#9140a271-a061-11f1-b78a-eeee0a986e3f.ResilienceCockpit-db-deployer#flowable-async-job-executor-thread-11927#
[PollStageAppStatusExecution] 2d23200b-60aa-4519-b7f8-9f40de7a8ecc [2026-08-25T08:31:29.817927] Adding "src/gen/data/sap-common-Countries_texts_en_US_saptrc.hdbtabledata" for deploy... (STDOUT, APP/TASK/deploy)#
#2026 08 25 08:48:01.078#Z#DEBUG#9140a271-a061-11f1-b78a-eeee0a986e3f.ResilienceCockpit-db-deployer#flowable-async-job-executor-thread-11927#
[PollStageAppStatusExecution] 2d23200b-60aa-4519-b7f8-9f40de7a8ecc [2026-08-25T08:31:29.817931] Adding "src/gen/data/sap-common-Countries_texts_en_US_saptrc.hdbtabledata" for deploy... ok (0s 0ms) (STDOUT, APP/TASK/deploy)#
#2026 08 25 08:48:01.078#Z#DEBUG#9140a271-a061-11f1-b78a-eeee0a986e3f.ResilienceCockpit-db-deployer#flowable-async-job-executor-thread-11927#
[PollStageAppStatusExecution] 2d23200b-60aa-4519-b7f8-9f40de7a8ecc [2026-08-25T08:31:29.817934] Adding "src/gen/data/sap-common-Countries_texts_es.csv" for deploy... (STDOUT, APP/TASK/deploy)#
#2026 08 25 08:48:01.078#Z#DEBUG#9140a271-a061-11f1-b78a-eeee0a986e3f.ResilienceCockpit-db-deployer#flowable-async-job-executor-thread-11927#
[PollStageAppStatusExecution] 2d23200b-60aa-4519-b7f8-9f40de7a8ecc [2026-08-25T08:31:29.817939] Adding "src/gen/data/sap-common-Countries_texts_es.csv" for deploy... ok (0s 0ms) (STDOUT, APP/TASK/deploy)#
#2026 08 25 08:48:01.078#Z#DEBUG#9140a271-a061-11f1-b78a-eeee0a986e3f.ResilienceCockpit-db-deployer#flowable-async-job-executor-thread-11927#
[PollStageAppStatusExecution] 2d23200b-60aa-4519-b7f8-9f40de7a8ecc [2026-08-25T08:31:29.817942] Adding "src/gen/data/sap-common-Countries_texts_es.hdbtabledata" for deploy... (STDOUT, APP/TASK/deploy)#
#2026 08 25 08:48:01.078#Z#DEBUG#9140a271-a061-11f1-b78a-eeee0a986e3f.ResilienceCockpit-db-deployer#flowable-async-job-executor-thread-11927#
[PollStageAppStatusExecution] 2d23200b-60aa-4519-b7f8-9f40de7a8ecc [2026-08-25T08:31:29.817945] Adding "src/gen/data/sap-common-Countries_texts_es.hdbtabledata" for deploy... ok (0s 0ms) (STDOUT, APP/TASK/deploy)#
#2026 08 25 08:48:01.078#Z#DEBUG#9140a271-a061-11f1-b78a-eeee0a986e3f.ResilienceCockpit-db-deployer#flowable-async-job-executor-thread-11927#
[PollStageAppStatusExecution] 2d23200b-60aa-4519-b7f8-9f40de7a8ecc [2026-08-25T08:31:29.817959] Adding "src/gen/data/sap-common-Countries_texts_es_MX.csv" for deploy... (STDOUT, APP/TASK/deploy)#
#2026 08 25 08:48:01.078#Z#DEBUG#9140a271-a061-11f1-b78a-eeee0a986e3f.ResilienceCockpit-db-deployer#flowable-async-job-executor-thread-11927#
[PollStageAppStatusExecution] 2d23200b-60aa-4519-b7f8-9f40de7a8ecc [2026-08-25T08:31:29.817962] Adding "src/gen/data/sap-common-Countries_texts_es_MX.csv" for deploy... ok (0s 0ms) (STDOUT, APP/TASK/deploy)#
#2026 08 25 08:48:01.078#Z#DEBUG#9140a271-a061-11f1-b78a-eeee0a986e3f.ResilienceCockpit-db-deployer#flowable-async-job-executor-thread-11927#
[PollStageAppStatusExecution] 2d23200b-60aa-4519-b7f8-9f40de7a8ecc [2026-08-25T08:31:29.817966] Adding "src/gen/data/sap-common-Countries_texts_es_MX.hdbtabledata" for deploy... (STDOUT, APP/TASK/deploy)#
#2026 08 25 08:48:01.078#Z#DEBUG#9140a271-a061-11f1-b78a-eeee0a986e3f.ResilienceCockpit-db-deployer#flowable-async-job-executor-thread-11927#
[PollStageAppStatusExecution] 2d23200b-60aa-4519-b7f8-9f40de7a8ecc [2026-08-25T08:31:29.817971] Adding "src/gen/data/sap-common-Countries_texts_es_MX.hdbtabledata" for deploy... ok (0s 0ms) (STDOUT, APP/TASK/deploy)#
#2026 08 25 08:48:01.078#Z#DEBUG#9140a271-a061-11f1-b78a-eeee0a986e3f.ResilienceCockpit-db-deployer#flowable-async-job-executor-thread-11927#
[PollStageAppStatusExecution] 2d23200b-60aa-4519-b7f8-9f40de7a8ecc [2026-08-25T08:31:29.817986] Adding "src/gen/data/sap-common-Countries_texts_fi.csv" for deploy... (STDOUT, APP/TASK/deploy)#
#2026 08 25 08:48:01.078#Z#DEBUG#9140a271-a061-11f1-b78a-eeee0a986e3f.ResilienceCockpit-db-deployer#flowable-async-job-executor-thread-11927#
[PollStageAppStatusExecution] 2d23200b-60aa-4519-b7f8-9f40de7a8ecc [2026-08-25T08:31:29.817989] Adding "src/gen/data/sap-common-Countries_texts_fi.csv" for deploy... ok (0s 0ms) (STDOUT, APP/TASK/deploy)#
#2026 08 25 08:48:01.078#Z#DEBUG#9140a271-a061-11f1-b78a-eeee0a986e3f.ResilienceCockpit-db-deployer#flowable-async-job-executor-thread-11927#
[PollStageAppStatusExecution] 2d23200b-60aa-4519-b7f8-9f40de7a8ecc [2026-08-25T08:31:29.817992] Adding "src/gen/data/sap-common-Countries_texts_fi.hdbtabledata" for deploy... (STDOUT, APP/TASK/deploy)#
#2026 08 25 08:48:01.078#Z#DEBUG#9140a271-a061-11f1-b78a-eeee0a986e3f.ResilienceCockpit-db-deployer#flowable-async-job-executor-thread-11927#
[PollStageAppStatusExecution] 2d23200b-60aa-4519-b7f8-9f40de7a8ecc [2026-08-25T08:31:29.817995] Adding "src/gen/data/sap-common-Countries_texts_fi.hdbtabledata" for deploy... ok (0s 0ms) (STDOUT, APP/TASK/deploy)#
#2026 08 25 08:48:01.078#Z#DEBUG#9140a271-a061-11f1-b78a-eeee0a986e3f.ResilienceCockpit-db-deployer#flowable-async-job-executor-thread-11927#
[PollStageAppStatusExecution] 2d23200b-60aa-4519-b7f8-9f40de7a8ecc [2026-08-25T08:31:29.817999] Adding "src/gen/data/sap-common-Countries_texts_fr.csv" for deploy... (STDOUT, APP/TASK/deploy)#
#2026 08 25 08:48:01.078#Z#DEBUG#9140a271-a061-11f1-b78a-eeee0a986e3f.ResilienceCockpit-db-deployer#flowable-async-job-executor-thread-11927#
[PollStageAppStatusExecution] 2d23200b-60aa-4519-b7f8-9f40de7a8ecc [2026-08-25T08:31:29.818002] Adding "src/gen/data/sap-common-Countries_texts_fr.csv" for deploy... ok (0s 0ms) (STDOUT, APP/TASK/deploy)#
#2026 08 25 08:48:01.078#Z#DEBUG#9140a271-a061-11f1-b78a-eeee0a986e3f.ResilienceCockpit-db-deployer#flowable-async-job-executor-thread-11927#
[PollStageAppStatusExecution] 2d23200b-60aa-4519-b7f8-9f40de7a8ecc [2026-08-25T08:31:29.818015] Adding "src/gen/data/sap-common-Countries_texts_fr.hdbtabledata" for deploy... (STDOUT, APP/TASK/deploy)#
#2026 08 25 08:48:01.078#Z#DEBUG#9140a271-a061-11f1-b78a-eeee0a986e3f.ResilienceCockpit-db-deployer#flowable-async-job-executor-thread-11927#
[PollStageAppStatusExecution] 2d23200b-60aa-4519-b7f8-9f40de7a8ecc [2026-08-25T08:31:29.818020] Adding "src/gen/data/sap-common-Countries_texts_fr.hdbtabledata" for deploy... ok (0s 1ms) (STDOUT, APP/TASK/deploy)#
#2026 08 25 08:48:01.078#Z#DEBUG#9140a271-a061-11f1-b78a-eeee0a986e3f.ResilienceCockpit-db-deployer#flowable-async-job-executor-thread-11927#
[PollStageAppStatusExecution] 2d23200b-60aa-4519-b7f8-9f40de7a8ecc [2026-08-25T08:31:29.818023] Adding "src/gen/data/sap-common-Countries_texts_he.csv" for deploy... (STDOUT, APP/TASK/deploy)#
#2026 08 25 08:48:01.078#Z#DEBUG#9140a271-a061-11f1-b78a-eeee0a986e3f.ResilienceCockpit-db-deployer#flowable-async-job-executor-thread-11927#
[PollStageAppStatusExecution] 2d23200b-60aa-4519-b7f8-9f40de7a8ecc [2026-08-25T08:31:29.818035] Adding "src/gen/data/sap-common-Countries_texts_he.csv" for deploy... ok (0s 0ms) (STDOUT, APP/TASK/deploy)#
#2026 08 25 08:48:01.078#Z#DEBUG#9140a271-a061-11f1-b78a-eeee0a986e3f.ResilienceCockpit-db-deployer#flowable-async-job-executor-thread-11927#
[PollStageAppStatusExecution] 2d23200b-60aa-4519-b7f8-9f40de7a8ecc [2026-08-25T08:31:29.818038] Adding "src/gen/data/sap-common-Countries_texts_he.hdbtabledata" for deploy... (STDOUT, APP/TASK/deploy)#
#2026 08 25 08:48:01.078#Z#DEBUG#9140a271-a061-11f1-b78a-eeee0a986e3f.ResilienceCockpit-db-deployer#flowable-async-job-executor-thread-11927#
[PollStageAppStatusExecution] 2d23200b-60aa-4519-b7f8-9f40de7a8ecc [2026-08-25T08:31:29.818043] Adding "src/gen/data/sap-common-Countries_texts_he.hdbtabledata" for deploy... ok (0s 0ms) (STDOUT, APP/TASK/deploy)#
#2026 08 25 08:48:01.078#Z#DEBUG#9140a271-a061-11f1-b78a-eeee0a986e3f.ResilienceCockpit-db-deployer#flowable-async-job-executor-thread-11927#
[PollStageAppStatusExecution] 2d23200b-60aa-4519-b7f8-9f40de7a8ecc [2026-08-25T08:31:29.818046] Adding "src/gen/data/sap-common-Countries_texts_hr.csv" for deploy... (STDOUT, APP/TASK/deploy)#
#2026 08 25 08:48:01.078#Z#DEBUG#9140a271-a061-11f1-b78a-eeee0a986e3f.ResilienceCockpit-db-deployer#flowable-async-job-executor-thread-11927#
[PollStageAppStatusExecution] 2d23200b-60aa-4519-b7f8-9f40de7a8ecc [2026-08-25T08:31:29.818073] Adding "src/gen/data/sap-common-Countries_texts_hr.csv" for deploy... ok (0s 0ms) (STDOUT, APP/TASK/deploy)#
#2026 08 25 08:48:01.078#Z#DEBUG#9140a271-a061-11f1-b78a-eeee0a986e3f.ResilienceCockpit-db-deployer#flowable-async-job-executor-thread-11927#
[PollStageAppStatusExecution] 2d23200b-60aa-4519-b7f8-9f40de7a8ecc [2026-08-25T08:31:29.818077] Adding "src/gen/data/sap-common-Countries_texts_hr.hdbtabledata" for deploy... (STDOUT, APP/TASK/deploy)#
#2026 08 25 08:48:01.078#Z#DEBUG#9140a271-a061-11f1-b78a-eeee0a986e3f.ResilienceCockpit-db-deployer#flowable-async-job-executor-thread-11927#
[PollStageAppStatusExecution] 2d23200b-60aa-4519-b7f8-9f40de7a8ecc [2026-08-25T08:31:29.818081] Adding "src/gen/data/sap-common-Countries_texts_hr.hdbtabledata" for deploy... ok (0s 0ms) (STDOUT, APP/TASK/deploy)#
#2026 08 25 08:48:01.078#Z#DEBUG#9140a271-a061-11f1-b78a-eeee0a986e3f.ResilienceCockpit-db-deployer#flowable-async-job-executor-thread-11927#
[PollStageAppStatusExecution] 2d23200b-60aa-4519-b7f8-9f40de7a8ecc [2026-08-25T08:31:29.818084] Adding "src/gen/data/sap-common-Countries_texts_hu.csv" for deploy... (STDOUT, APP/TASK/deploy)#
#2026 08 25 08:48:01.078#Z#DEBUG#9140a271-a061-11f1-b78a-eeee0a986e3f.ResilienceCockpit-db-deployer#flowable-async-job-executor-thread-11927#
[PollStageAppStatusExecution] 2d23200b-60aa-4519-b7f8-9f40de7a8ecc [2026-08-25T08:31:29.818087] Adding "src/gen/data/sap-common-Countries_texts_hu.csv" for deploy... ok (0s 0ms) (STDOUT, APP/TASK/deploy)#
#2026 08 25 08:48:01.078#Z#DEBUG#9140a271-a061-11f1-b78a-eeee0a986e3f.ResilienceCockpit-db-deployer#flowable-async-job-executor-thread-11927#
[PollStageAppStatusExecution] 2d23200b-60aa-4519-b7f8-9f40de7a8ecc [2026-08-25T08:31:29.818136] Adding "src/gen/data/sap-common-Countries_texts_hu.hdbtabledata" for deploy... (STDOUT, APP/TASK/deploy)#
#2026 08 25 08:48:01.078#Z#DEBUG#9140a271-a061-11f1-b78a-eeee0a986e3f.ResilienceCockpit-db-deployer#flowable-async-job-executor-thread-11927#
[PollStageAppStatusExecution] 2d23200b-60aa-4519-b7f8-9f40de7a8ecc [2026-08-25T08:31:29.818142] Adding "src/gen/data/sap-common-Countries_texts_hu.hdbtabledata" for deploy... ok (0s 0ms) (STDOUT, APP/TASK/deploy)#
#2026 08 25 08:48:01.078#Z#DEBUG#9140a271-a061-11f1-b78a-eeee0a986e3f.ResilienceCockpit-db-deployer#flowable-async-job-executor-thread-11927#
[PollStageAppStatusExecution] 2d23200b-60aa-4519-b7f8-9f40de7a8ecc [2026-08-25T08:31:29.818145] Adding "src/gen/data/sap-common-Countries_texts_it.csv" for deploy... (STDOUT, APP/TASK/deploy)#
#2026 08 25 08:48:01.078#Z#DEBUG#9140a271-a061-11f1-b78a-eeee0a986e3f.ResilienceCockpit-db-deployer#flowable-async-job-executor-thread-11927#
[PollStageAppStatusExecution] 2d23200b-60aa-4519-b7f8-9f40de7a8ecc [2026-08-25T08:31:29.818150] Adding "src/gen/data/sap-common-Countries_texts_it.csv" for deploy... ok (0s 0ms) (STDOUT, APP/TASK/deploy)#
#2026 08 25 08:48:01.078#Z#DEBUG#9140a271-a061-11f1-b78a-eeee0a986e3f.ResilienceCockpit-db-deployer#flowable-async-job-executor-thread-11927#
[PollStageAppStatusExecution] 2d23200b-60aa-4519-b7f8-9f40de7a8ecc [2026-08-25T08:31:29.818152] Adding "src/gen/data/sap-common-Countries_texts_it.hdbtabledata" for deploy... (STDOUT, APP/TASK/deploy)#
#2026 08 25 08:48:01.078#Z#DEBUG#9140a271-a061-11f1-b78a-eeee0a986e3f.ResilienceCockpit-db-deployer#flowable-async-job-executor-thread-11927#
[PollStageAppStatusExecution] 2d23200b-60aa-4519-b7f8-9f40de7a8ecc [2026-08-25T08:31:29.818154] Adding "src/gen/data/sap-common-Countries_texts_it.hdbtabledata" for deploy... ok (0s 0ms) (STDOUT, APP/TASK/deploy)#
#2026 08 25 08:48:01.078#Z#DEBUG#9140a271-a061-11f1-b78a-eeee0a986e3f.ResilienceCockpit-db-deployer#flowable-async-job-executor-thread-11927#
[PollStageAppStatusExecution] 2d23200b-60aa-4519-b7f8-9f40de7a8ecc [2026-08-25T08:31:29.818172] Adding "src/gen/data/sap-common-Countries_texts_ja.csv" for deploy... (STDOUT, APP/TASK/deploy)#
#2026 08 25 08:48:01.078#Z#DEBUG#9140a271-a061-11f1-b78a-eeee0a986e3f.ResilienceCockpit-db-deployer#flowable-async-job-executor-thread-11927#
[PollStageAppStatusExecution] 2d23200b-60aa-4519-b7f8-9f40de7a8ecc [2026-08-25T08:31:29.818175] Adding "src/gen/data/sap-common-Countries_texts_ja.csv" for deploy... ok (0s 0ms) (STDOUT, APP/TASK/deploy)#
#2026 08 25 08:48:01.078#Z#DEBUG#9140a271-a061-11f1-b78a-eeee0a986e3f.ResilienceCockpit-db-deployer#flowable-async-job-executor-thread-11927#
[PollStageAppStatusExecution] 2d23200b-60aa-4519-b7f8-9f40de7a8ecc [2026-08-25T08:31:29.818177] Adding "src/gen/data/sap-common-Countries_texts_ja.hdbtabledata" for deploy... (STDOUT, APP/TASK/deploy)#
#2026 08 25 08:48:01.078#Z#DEBUG#9140a271-a061-11f1-b78a-eeee0a986e3f.ResilienceCockpit-db-deployer#flowable-async-job-executor-thread-11927#
[PollStageAppStatusExecution] 2d23200b-60aa-4519-b7f8-9f40de7a8ecc [2026-08-25T08:31:29.818182] Adding "src/gen/data/sap-common-Countries_texts_ja.hdbtabledata" for deploy... ok (0s 0ms) (STDOUT, APP/TASK/deploy)#
#2026 08 25 08:48:01.078#Z#DEBUG#9140a271-a061-11f1-b78a-eeee0a986e3f.ResilienceCockpit-db-deployer#flowable-async-job-executor-thread-11927#
[PollStageAppStatusExecution] 2d23200b-60aa-4519-b7f8-9f40de7a8ecc [2026-08-25T08:31:29.818184] Adding "src/gen/data/sap-common-Countries_texts_kk.csv" for deploy... (STDOUT, APP/TASK/deploy)#
#2026 08 25 08:48:01.078#Z#DEBUG#9140a271-a061-11f1-b78a-eeee0a986e3f.ResilienceCockpit-db-deployer#flowable-async-job-executor-thread-11927#
[PollStageAppStatusExecution] 2d23200b-60aa-4519-b7f8-9f40de7a8ecc [2026-08-25T08:31:29.818186] Adding "src/gen/data/sap-common-Countries_texts_kk.csv" for deploy... ok (0s 0ms) (STDOUT, APP/TASK/deploy)#
#2026 08 25 08:48:01.078#Z#DEBUG#9140a271-a061-11f1-b78a-eeee0a986e3f.ResilienceCockpit-db-deployer#flowable-async-job-executor-thread-11927#
[PollStageAppStatusExecution] 2d23200b-60aa-4519-b7f8-9f40de7a8ecc [2026-08-25T08:31:29.818242] Adding "src/gen/data/sap-common-Countries_texts_kk.hdbtabledata" for deploy... (STDOUT, APP/TASK/deploy)#
#2026 08 25 08:48:01.078#Z#DEBUG#9140a271-a061-11f1-b78a-eeee0a986e3f.ResilienceCockpit-db-deployer#flowable-async-job-executor-thread-11927#
[PollStageAppStatusExecution] 2d23200b-60aa-4519-b7f8-9f40de7a8ecc [2026-08-25T08:31:29.818251] Adding "src/gen/data/sap-common-Countries_texts_kk.hdbtabledata" for deploy... ok (0s 0ms) (STDOUT, APP/TASK/deploy)#
#2026 08 25 08:48:01.078#Z#DEBUG#9140a271-a061-11f1-b78a-eeee0a986e3f.ResilienceCockpit-db-deployer#flowable-async-job-executor-thread-11927#
[PollStageAppStatusExecution] 2d23200b-60aa-4519-b7f8-9f40de7a8ecc [2026-08-25T08:31:29.818254] Adding "src/gen/data/sap-common-Countries_texts_ko.csv" for deploy... (STDOUT, APP/TASK/deploy)#
#2026 08 25 08:48:01.078#Z#DEBUG#9140a271-a061-11f1-b78a-eeee0a986e3f.ResilienceCockpit-db-deployer#flowable-async-job-executor-thread-11927#
[PollStageAppStatusExecution] 2d23200b-60aa-4519-b7f8-9f40de7a8ecc [2026-08-25T08:31:29.818257] Adding "src/gen/data/sap-common-Countries_texts_ko.csv" for deploy... ok (0s 0ms) (STDOUT, APP/TASK/deploy)#
#2026 08 25 08:48:01.078#Z#DEBUG#9140a271-a061-11f1-b78a-eeee0a986e3f.ResilienceCockpit-db-deployer#flowable-async-job-executor-thread-11927#
[PollStageAppStatusExecution] 2d23200b-60aa-4519-b7f8-9f40de7a8ecc [2026-08-25T08:31:29.818260] Adding "src/gen/data/sap-common-Countries_texts_ko.hdbtabledata" for deploy... (STDOUT, APP/TASK/deploy)#
#2026 08 25 08:48:01.078#Z#DEBUG#9140a271-a061-11f1-b78a-eeee0a986e3f.ResilienceCockpit-db-deployer#flowable-async-job-executor-thread-11927#
[PollStageAppStatusExecution] 2d23200b-60aa-4519-b7f8-9f40de7a8ecc [2026-08-25T08:31:29.818266] Adding "src/gen/data/sap-common-Countries_texts_ko.hdbtabledata" for deploy... ok (0s 0ms) (STDOUT, APP/TASK/deploy)#
#2026 08 25 08:48:01.078#Z#DEBUG#9140a271-a061-11f1-b78a-eeee0a986e3f.ResilienceCockpit-db-deployer#flowable-async-job-executor-thread-11927#
[PollStageAppStatusExecution] 2d23200b-60aa-4519-b7f8-9f40de7a8ecc [2026-08-25T08:31:29.818284] Adding "src/gen/data/sap-common-Countries_texts_ms.csv" for deploy... (STDOUT, APP/TASK/deploy)#
#2026 08 25 08:48:01.078#Z#DEBUG#9140a271-a061-11f1-b78a-eeee0a986e3f.ResilienceCockpit-db-deployer#flowable-async-job-executor-thread-11927#
[PollStageAppStatusExecution] 2d23200b-60aa-4519-b7f8-9f40de7a8ecc [2026-08-25T08:31:29.818288] Adding "src/gen/data/sap-common-Countries_texts_ms.csv" for deploy... ok (0s 0ms) (STDOUT, APP/TASK/deploy)#
#2026 08 25 08:48:01.078#Z#DEBUG#9140a271-a061-11f1-b78a-eeee0a986e3f.ResilienceCockpit-db-deployer#flowable-async-job-executor-thread-11927#
[PollStageAppStatusExecution] 2d23200b-60aa-4519-b7f8-9f40de7a8ecc [2026-08-25T08:31:29.818290] Adding "src/gen/data/sap-common-Countries_texts_ms.hdbtabledata" for deploy... (STDOUT, APP/TASK/deploy)#
#2026 08 25 08:48:01.078#Z#DEBUG#9140a271-a061-11f1-b78a-eeee0a986e3f.ResilienceCockpit-db-deployer#flowable-async-job-executor-thread-11927#
[PollStageAppStatusExecution] 2d23200b-60aa-4519-b7f8-9f40de7a8ecc [2026-08-25T08:31:29.818292] Adding "src/gen/data/sap-common-Countries_texts_ms.hdbtabledata" for deploy... ok (0s 1ms) (STDOUT, APP/TASK/deploy)#
#2026 08 25 08:48:01.078#Z#DEBUG#9140a271-a061-11f1-b78a-eeee0a986e3f.ResilienceCockpit-db-deployer#flowable-async-job-executor-thread-11927#
[PollStageAppStatusExecution] 2d23200b-60aa-4519-b7f8-9f40de7a8ecc [2026-08-25T08:31:29.818294] Adding "src/gen/data/sap-common-Countries_texts_nl.csv" for deploy... (STDOUT, APP/TASK/deploy)#
#2026 08 25 08:48:01.078#Z#DEBUG#9140a271-a061-11f1-b78a-eeee0a986e3f.ResilienceCockpit-db-deployer#flowable-async-job-executor-thread-11927#
[PollStageAppStatusExecution] 2d23200b-60aa-4519-b7f8-9f40de7a8ecc [2026-08-25T08:31:29.818303] Adding "src/gen/data/sap-common-Countries_texts_nl.csv" for deploy... ok (0s 0ms) (STDOUT, APP/TASK/deploy)#
#2026 08 25 08:48:01.078#Z#DEBUG#9140a271-a061-11f1-b78a-eeee0a986e3f.ResilienceCockpit-db-deployer#flowable-async-job-executor-thread-11927#
[PollStageAppStatusExecution] 2d23200b-60aa-4519-b7f8-9f40de7a8ecc [2026-08-25T08:31:29.818305] Adding "src/gen/data/sap-common-Countries_texts_nl.hdbtabledata" for deploy... (STDOUT, APP/TASK/deploy)#
#2026 08 25 08:48:01.078#Z#DEBUG#9140a271-a061-11f1-b78a-eeee0a986e3f.ResilienceCockpit-db-deployer#flowable-async-job-executor-thread-11927#
[PollStageAppStatusExecution] 2d23200b-60aa-4519-b7f8-9f40de7a8ecc [2026-08-25T08:31:29.818307] Adding "src/gen/data/sap-common-Countries_texts_nl.hdbtabledata" for deploy... ok (0s 0ms) (STDOUT, APP/TASK/deploy)#
#2026 08 25 08:48:01.078#Z#DEBUG#9140a271-a061-11f1-b78a-eeee0a986e3f.ResilienceCockpit-db-deployer#flowable-async-job-executor-thread-11927#
[PollStageAppStatusExecution] 2d23200b-60aa-4519-b7f8-9f40de7a8ecc [2026-08-25T08:31:29.818374] Adding "src/gen/data/sap-common-Countries_texts_no.csv" for deploy... (STDOUT, APP/TASK/deploy)#
#2026 08 25 08:48:01.078#Z#DEBUG#9140a271-a061-11f1-b78a-eeee0a986e3f.ResilienceCockpit-db-deployer#flowable-async-job-executor-thread-11927#
[PollStageAppStatusExecution] 2d23200b-60aa-4519-b7f8-9f40de7a8ecc [2026-08-25T08:31:29.818380] Adding "src/gen/data/sap-common-Countries_texts_no.csv" for deploy... ok (0s 0ms) (STDOUT, APP/TASK/deploy)#
#2026 08 25 08:48:01.078#Z#DEBUG#9140a271-a061-11f1-b78a-eeee0a986e3f.ResilienceCockpit-db-deployer#flowable-async-job-executor-thread-11927#
[PollStageAppStatusExecution] 2d23200b-60aa-4519-b7f8-9f40de7a8ecc [2026-08-25T08:31:29.818383] Adding "src/gen/data/sap-common-Countries_texts_no.hdbtabledata" for deploy... (STDOUT, APP/TASK/deploy)#
#2026 08 25 08:48:01.078#Z#DEBUG#9140a271-a061-11f1-b78a-eeee0a986e3f.ResilienceCockpit-db-deployer#flowable-async-job-executor-thread-11927#
[PollStageAppStatusExecution] 2d23200b-60aa-4519-b7f8-9f40de7a8ecc [2026-08-25T08:31:29.818386] Adding "src/gen/data/sap-common-Countries_texts_no.hdbtabledata" for deploy... ok (0s 0ms) (STDOUT, APP/TASK/deploy)#
#2026 08 25 08:48:01.078#Z#DEBUG#9140a271-a061-11f1-b78a-eeee0a986e3f.ResilienceCockpit-db-deployer#flowable-async-job-executor-thread-11927#
[PollStageAppStatusExecution] 2d23200b-60aa-4519-b7f8-9f40de7a8ecc [2026-08-25T08:31:29.818389] Adding "src/gen/data/sap-common-Countries_texts_pl.csv" for deploy... (STDOUT, APP/TASK/deploy)#
#2026 08 25 08:48:01.078#Z#DEBUG#9140a271-a061-11f1-b78a-eeee0a986e3f.ResilienceCockpit-db-deployer#flowable-async-job-executor-thread-11927#
[PollStageAppStatusExecution] 2d23200b-60aa-4519-b7f8-9f40de7a8ecc [2026-08-25T08:31:29.818393] Adding "src/gen/data/sap-common-Countries_texts_pl.csv" for deploy... ok (0s 0ms) (STDOUT, APP/TASK/deploy)#
#2026 08 25 08:48:01.078#Z#DEBUG#9140a271-a061-11f1-b78a-eeee0a986e3f.ResilienceCockpit-db-deployer#flowable-async-job-executor-thread-11927#
[PollStageAppStatusExecution] 2d23200b-60aa-4519-b7f8-9f40de7a8ecc [2026-08-25T08:31:29.818395] Adding "src/gen/data/sap-common-Countries_texts_pl.hdbtabledata" for deploy... (STDOUT, APP/TASK/deploy)#
#2026 08 25 08:48:01.078#Z#DEBUG#9140a271-a061-11f1-b78a-eeee0a986e3f.ResilienceCockpit-db-deployer#flowable-async-job-executor-thread-11927#
[PollStageAppStatusExecution] 2d23200b-60aa-4519-b7f8-9f40de7a8ecc [2026-08-25T08:31:29.818405] Adding "src/gen/data/sap-common-Countries_texts_pl.hdbtabledata" for deploy... ok (0s 0ms) (STDOUT, APP/TASK/deploy)#
#2026 08 25 08:48:01.078#Z#DEBUG#9140a271-a061-11f1-b78a-eeee0a986e3f.ResilienceCockpit-db-deployer#flowable-async-job-executor-thread-11927#
[PollStageAppStatusExecution] 2d23200b-60aa-4519-b7f8-9f40de7a8ecc [2026-08-25T08:31:29.818409] Adding "src/gen/data/sap-common-Countries_texts_pt.csv" for deploy... (STDOUT, APP/TASK/deploy)#
#2026 08 25 08:48:01.078#Z#DEBUG#9140a271-a061-11f1-b78a-eeee0a986e3f.ResilienceCockpit-db-deployer#flowable-async-job-executor-thread-11927#
[PollStageAppStatusExecution] 2d23200b-60aa-4519-b7f8-9f40de7a8ecc [2026-08-25T08:31:29.818411] Adding "src/gen/data/sap-common-Countries_texts_pt.csv" for deploy... ok (0s 0ms) (STDOUT, APP/TASK/deploy)#
#2026 08 25 08:48:01.078#Z#DEBUG#9140a271-a061-11f1-b78a-eeee0a986e3f.ResilienceCockpit-db-deployer#flowable-async-job-executor-thread-11927#
[PollStageAppStatusExecution] 2d23200b-60aa-4519-b7f8-9f40de7a8ecc [2026-08-25T08:31:29.818413] Adding "src/gen/data/sap-common-Countries_texts_pt.hdbtabledata" for deploy... (STDOUT, APP/TASK/deploy)#
#2026 08 25 08:48:01.078#Z#DEBUG#9140a271-a061-11f1-b78a-eeee0a986e3f.ResilienceCockpit-db-deployer#flowable-async-job-executor-thread-11927#
[PollStageAppStatusExecution] 2d23200b-60aa-4519-b7f8-9f40de7a8ecc [2026-08-25T08:31:29.818415] Adding "src/gen/data/sap-common-Countries_texts_pt.hdbtabledata" for deploy... ok (0s 0ms) (STDOUT, APP/TASK/deploy)#
#2026 08 25 08:48:01.078#Z#DEBUG#9140a271-a061-11f1-b78a-eeee0a986e3f.ResilienceCockpit-db-deployer#flowable-async-job-executor-thread-11927#
[PollStageAppStatusExecution] 2d23200b-60aa-4519-b7f8-9f40de7a8ecc [2026-08-25T08:31:29.818417] Adding "src/gen/data/sap-common-Countries_texts_ro.csv" for deploy... (STDOUT, APP/TASK/deploy)#
#2026 08 25 08:48:01.078#Z#DEBUG#9140a271-a061-11f1-b78a-eeee0a986e3f.ResilienceCockpit-db-deployer#flowable-async-job-executor-thread-11927#
[PollStageAppStatusExecution] 2d23200b-60aa-4519-b7f8-9f40de7a8ecc [2026-08-25T08:31:29.818431] Adding "src/gen/data/sap-common-Countries_texts_ro.csv" for deploy... ok (0s 0ms) (STDOUT, APP/TASK/deploy)#
#2026 08 25 08:48:01.078#Z#DEBUG#9140a271-a061-11f1-b78a-eeee0a986e3f.ResilienceCockpit-db-deployer#flowable-async-job-executor-thread-11927#
[PollStageAppStatusExecution] 2d23200b-60aa-4519-b7f8-9f40de7a8ecc [2026-08-25T08:31:29.818434] Adding "src/gen/data/sap-common-Countries_texts_ro.hdbtabledata" for deploy... (STDOUT, APP/TASK/deploy)#
#2026 08 25 08:48:01.078#Z#DEBUG#9140a271-a061-11f1-b78a-eeee0a986e3f.ResilienceCockpit-db-deployer#flowable-async-job-executor-thread-11927#
[PollStageAppStatusExecution] 2d23200b-60aa-4519-b7f8-9f40de7a8ecc [2026-08-25T08:31:29.818435] Adding "src/gen/data/sap-common-Countries_texts_ro.hdbtabledata" for deploy... ok (0s 0ms) (STDOUT, APP/TASK/deploy)#
#2026 08 25 08:48:01.078#Z#DEBUG#9140a271-a061-11f1-b78a-eeee0a986e3f.ResilienceCockpit-db-deployer#flowable-async-job-executor-thread-11927#
[PollStageAppStatusExecution] 2d23200b-60aa-4519-b7f8-9f40de7a8ecc [2026-08-25T08:31:29.818437] Adding "src/gen/data/sap-common-Countries_texts_ru.csv" for deploy... (STDOUT, APP/TASK/deploy)#
#2026 08 25 08:48:01.078#Z#DEBUG#9140a271-a061-11f1-b78a-eeee0a986e3f.ResilienceCockpit-db-deployer#flowable-async-job-executor-thread-11927#
[PollStageAppStatusExecution] 2d23200b-60aa-4519-b7f8-9f40de7a8ecc [2026-08-25T08:31:29.818489] Adding "src/gen/data/sap-common-Countries_texts_ru.csv" for deploy... ok (0s 0ms) (STDOUT, APP/TASK/deploy)#
#2026 08 25 08:48:01.078#Z#DEBUG#9140a271-a061-11f1-b78a-eeee0a986e3f.ResilienceCockpit-db-deployer#flowable-async-job-executor-thread-11927#
[PollStageAppStatusExecution] 2d23200b-60aa-4519-b7f8-9f40de7a8ecc [2026-08-25T08:31:29.818492] Adding "src/gen/data/sap-common-Countries_texts_ru.hdbtabledata" for deploy... (STDOUT, APP/TASK/deploy)#
#2026 08 25 08:48:01.078#Z#DEBUG#9140a271-a061-11f1-b78a-eeee0a986e3f.ResilienceCockpit-db-deployer#flowable-async-job-executor-thread-11927#
[PollStageAppStatusExecution] 2d23200b-60aa-4519-b7f8-9f40de7a8ecc [2026-08-25T08:31:29.818495] Adding "src/gen/data/sap-common-Countries_texts_ru.hdbtabledata" for deploy... ok (0s 0ms) (STDOUT, APP/TASK/deploy)#
#2026 08 25 08:48:01.078#Z#DEBUG#9140a271-a061-11f1-b78a-eeee0a986e3f.ResilienceCockpit-db-deployer#flowable-async-job-executor-thread-11927#
[PollStageAppStatusExecution] 2d23200b-60aa-4519-b7f8-9f40de7a8ecc [2026-08-25T08:31:29.818497] Adding "src/gen/data/sap-common-Countries_texts_sh.csv" for deploy... (STDOUT, APP/TASK/deploy)#
#2026 08 25 08:48:01.078#Z#DEBUG#9140a271-a061-11f1-b78a-eeee0a986e3f.ResilienceCockpit-db-deployer#flowable-async-job-executor-thread-11927#
[PollStageAppStatusExecution] 2d23200b-60aa-4519-b7f8-9f40de7a8ecc [2026-08-25T08:31:29.818499] Adding "src/gen/data/sap-common-Countries_texts_sh.csv" for deploy... ok (0s 0ms) (STDOUT, APP/TASK/deploy)#
#2026 08 25 08:48:01.078#Z#DEBUG#9140a271-a061-11f1-b78a-eeee0a986e3f.ResilienceCockpit-db-deployer#flowable-async-job-executor-thread-11927#
[PollStageAppStatusExecution] 2d23200b-60aa-4519-b7f8-9f40de7a8ecc [2026-08-25T08:31:29.818525] Adding "src/gen/data/sap-common-Countries_texts_sh.hdbtabledata" for deploy... (STDOUT, APP/TASK/deploy)#
#2026 08 25 08:48:01.078#Z#DEBUG#9140a271-a061-11f1-b78a-eeee0a986e3f.ResilienceCockpit-db-deployer#flowable-async-job-executor-thread-11927#
[PollStageAppStatusExecution] 2d23200b-60aa-4519-b7f8-9f40de7a8ecc [2026-08-25T08:31:29.818532] Adding "src/gen/data/sap-common-Countries_texts_sh.hdbtabledata" for deploy... ok (0s 0ms) (STDOUT, APP/TASK/deploy)#
#2026 08 25 08:48:01.078#Z#DEBUG#9140a271-a061-11f1-b78a-eeee0a986e3f.ResilienceCockpit-db-deployer#flowable-async-job-executor-thread-11927#
[PollStageAppStatusExecution] 2d23200b-60aa-4519-b7f8-9f40de7a8ecc [2026-08-25T08:31:29.818535] Adding "src/gen/data/sap-common-Countries_texts_sk.csv" for deploy... (STDOUT, APP/TASK/deploy)#
#2026 08 25 08:48:01.078#Z#DEBUG#9140a271-a061-11f1-b78a-eeee0a986e3f.ResilienceCockpit-db-deployer#flowable-async-job-executor-thread-11927#
[PollStageAppStatusExecution] 2d23200b-60aa-4519-b7f8-9f40de7a8ecc [2026-08-25T08:31:29.818543] Adding "src/gen/data/sap-common-Countries_texts_sk.csv" for deploy... ok (0s 1ms) (STDOUT, APP/TASK/deploy)#
#2026 08 25 08:48:01.078#Z#DEBUG#9140a271-a061-11f1-b78a-eeee0a986e3f.ResilienceCockpit-db-deployer#flowable-async-job-executor-thread-11927#
[PollStageAppStatusExecution] 2d23200b-60aa-4519-b7f8-9f40de7a8ecc [2026-08-25T08:31:29.818545] Adding "src/gen/data/sap-common-Countries_texts_sk.hdbtabledata" for deploy... (STDOUT, APP/TASK/deploy)#
#2026 08 25 08:48:01.078#Z#DEBUG#9140a271-a061-11f1-b78a-eeee0a986e3f.ResilienceCockpit-db-deployer#flowable-async-job-executor-thread-11927#
[PollStageAppStatusExecution] 2d23200b-60aa-4519-b7f8-9f40de7a8ecc [2026-08-25T08:31:29.818574] Adding "src/gen/data/sap-common-Countries_texts_sk.hdbtabledata" for deploy... ok (0s 0ms) (STDOUT, APP/TASK/deploy)#
#2026 08 25 08:48:01.078#Z#DEBUG#9140a271-a061-11f1-b78a-eeee0a986e3f.ResilienceCockpit-db-deployer#flowable-async-job-executor-thread-11927#
[PollStageAppStatusExecution] 2d23200b-60aa-4519-b7f8-9f40de7a8ecc [2026-08-25T08:31:29.818576] Adding "src/gen/data/sap-common-Countries_texts_sl.csv" for deploy... (STDOUT, APP/TASK/deploy)#
#2026 08 25 08:48:01.078#Z#DEBUG#9140a271-a061-11f1-b78a-eeee0a986e3f.ResilienceCockpit-db-deployer#flowable-async-job-executor-thread-11927#
[PollStageAppStatusExecution] 2d23200b-60aa-4519-b7f8-9f40de7a8ecc [2026-08-25T08:31:29.818578] Adding "src/gen/data/sap-common-Countries_texts_sl.csv" for deploy... ok (0s 0ms) (STDOUT, APP/TASK/deploy)#
#2026 08 25 08:48:01.078#Z#DEBUG#9140a271-a061-11f1-b78a-eeee0a986e3f.ResilienceCockpit-db-deployer#flowable-async-job-executor-thread-11927#
[PollStageAppStatusExecution] 2d23200b-60aa-4519-b7f8-9f40de7a8ecc [2026-08-25T08:31:29.818580] Adding "src/gen/data/sap-common-Countries_texts_sl.hdbtabledata" for deploy... (STDOUT, APP/TASK/deploy)#
#2026 08 25 08:48:01.078#Z#DEBUG#9140a271-a061-11f1-b78a-eeee0a986e3f.ResilienceCockpit-db-deployer#flowable-async-job-executor-thread-11927#
[PollStageAppStatusExecution] 2d23200b-60aa-4519-b7f8-9f40de7a8ecc [2026-08-25T08:31:29.818582] Adding "src/gen/data/sap-common-Countries_texts_sl.hdbtabledata" for deploy... ok (0s 0ms) (STDOUT, APP/TASK/deploy)#
#2026 08 25 08:48:01.078#Z#DEBUG#9140a271-a061-11f1-b78a-eeee0a986e3f.ResilienceCockpit-db-deployer#flowable-async-job-executor-thread-11927#
[PollStageAppStatusExecution] 2d23200b-60aa-4519-b7f8-9f40de7a8ecc [2026-08-25T08:31:29.818588] Adding "src/gen/data/sap-common-Countries_texts_sv.csv" for deploy... (STDOUT, APP/TASK/deploy)#
#2026 08 25 08:48:01.078#Z#DEBUG#9140a271-a061-11f1-b78a-eeee0a986e3f.ResilienceCockpit-db-deployer#flowable-async-job-executor-thread-11927#
[PollStageAppStatusExecution] 2d23200b-60aa-4519-b7f8-9f40de7a8ecc [2026-08-25T08:31:29.818592] Adding "src/gen/data/sap-common-Countries_texts_sv.csv" for deploy... ok (0s 0ms) (STDOUT, APP/TASK/deploy)#
#2026 08 25 08:48:01.078#Z#DEBUG#9140a271-a061-11f1-b78a-eeee0a986e3f.ResilienceCockpit-db-deployer#flowable-async-job-executor-thread-11927#
[PollStageAppStatusExecution] 2d23200b-60aa-4519-b7f8-9f40de7a8ecc [2026-08-25T08:31:29.818638] Adding "src/gen/data/sap-common-Countries_texts_sv.hdbtabledata" for deploy... (STDOUT, APP/TASK/deploy)#
#2026 08 25 08:48:01.078#Z#DEBUG#9140a271-a061-11f1-b78a-eeee0a986e3f.ResilienceCockpit-db-deployer#flowable-async-job-executor-thread-11927#
[PollStageAppStatusExecution] 2d23200b-60aa-4519-b7f8-9f40de7a8ecc [2026-08-25T08:31:29.818640] Adding "src/gen/data/sap-common-Countries_texts_sv.hdbtabledata" for deploy... ok (0s 0ms) (STDOUT, APP/TASK/deploy)#
#2026 08 25 08:48:01.078#Z#DEBUG#9140a271-a061-11f1-b78a-eeee0a986e3f.ResilienceCockpit-db-deployer#flowable-async-job-executor-thread-11927#
[PollStageAppStatusExecution] 2d23200b-60aa-4519-b7f8-9f40de7a8ecc [2026-08-25T08:31:29.818642] Adding "src/gen/data/sap-common-Countries_texts_th.csv" for deploy... (STDOUT, APP/TASK/deploy)#
#2026 08 25 08:48:01.078#Z#DEBUG#9140a271-a061-11f1-b78a-eeee0a986e3f.ResilienceCockpit-db-deployer#flowable-async-job-executor-thread-11927#
[PollStageAppStatusExecution] 2d23200b-60aa-4519-b7f8-9f40de7a8ecc [2026-08-25T08:31:29.818645] Adding "src/gen/data/sap-common-Countries_texts_th.csv" for deploy... ok (0s 0ms) (STDOUT, APP/TASK/deploy)#
#2026 08 25 08:48:01.078#Z#DEBUG#9140a271-a061-11f1-b78a-eeee0a986e3f.ResilienceCockpit-db-deployer#flowable-async-job-executor-thread-11927#
[PollStageAppStatusExecution] 2d23200b-60aa-4519-b7f8-9f40de7a8ecc [2026-08-25T08:31:29.818647] Adding "src/gen/data/sap-common-Countries_texts_th.hdbtabledata" for deploy... (STDOUT, APP/TASK/deploy)#
#2026 08 25 08:48:01.078#Z#DEBUG#9140a271-a061-11f1-b78a-eeee0a986e3f.ResilienceCockpit-db-deployer#flowable-async-job-executor-thread-11927#
[PollStageAppStatusExecution] 2d23200b-60aa-4519-b7f8-9f40de7a8ecc [2026-08-25T08:31:29.818660] Adding "src/gen/data/sap-common-Countries_texts_th.hdbtabledata" for deploy... ok (0s 0ms) (STDOUT, APP/TASK/deploy)#
#2026 08 25 08:48:01.078#Z#DEBUG#9140a271-a061-11f1-b78a-eeee0a986e3f.ResilienceCockpit-db-deployer#flowable-async-job-executor-thread-11927#
[PollStageAppStatusExecution] 2d23200b-60aa-4519-b7f8-9f40de7a8ecc [2026-08-25T08:31:29.818662] Adding "src/gen/data/sap-common-Countries_texts_tr.csv" for deploy... (STDOUT, APP/TASK/deploy)#
#2026 08 25 08:48:01.078#Z#DEBUG#9140a271-a061-11f1-b78a-eeee0a986e3f.ResilienceCockpit-db-deployer#flowable-async-job-executor-thread-11927#
[PollStageAppStatusExecution] 2d23200b-60aa-4519-b7f8-9f40de7a8ecc [2026-08-25T08:31:29.818664] Adding "src/gen/data/sap-common-Countries_texts_tr.csv" for deploy... ok (0s 0ms) (STDOUT, APP/TASK/deploy)#
#2026 08 25 08:48:01.078#Z#DEBUG#9140a271-a061-11f1-b78a-eeee0a986e3f.ResilienceCockpit-db-deployer#flowable-async-job-executor-thread-11927#
[PollStageAppStatusExecution] 2d23200b-60aa-4519-b7f8-9f40de7a8ecc [2026-08-25T08:31:29.818667] Adding "src/gen/data/sap-common-Countries_texts_tr.hdbtabledata" for deploy... (STDOUT, APP/TASK/deploy)#
#2026 08 25 08:48:01.078#Z#DEBUG#9140a271-a061-11f1-b78a-eeee0a986e3f.ResilienceCockpit-db-deployer#flowable-async-job-executor-thread-11927#
[PollStageAppStatusExecution] 2d23200b-60aa-4519-b7f8-9f40de7a8ecc [2026-08-25T08:31:29.818668] Adding "src/gen/data/sap-common-Countries_texts_tr.hdbtabledata" for deploy... ok (0s 0ms) (STDOUT, APP/TASK/deploy)#
#2026 08 25 08:48:01.078#Z#DEBUG#9140a271-a061-11f1-b78a-eeee0a986e3f.ResilienceCockpit-db-deployer#flowable-async-job-executor-thread-11927#
[PollStageAppStatusExecution] 2d23200b-60aa-4519-b7f8-9f40de7a8ecc [2026-08-25T08:31:29.818678] Adding "src/gen/data/sap-common-Countries_texts_uk.csv" for deploy... (STDOUT, APP/TASK/deploy)#
#2026 08 25 08:48:01.078#Z#DEBUG#9140a271-a061-11f1-b78a-eeee0a986e3f.ResilienceCockpit-db-deployer#flowable-async-job-executor-thread-11927#
[PollStageAppStatusExecution] 2d23200b-60aa-4519-b7f8-9f40de7a8ecc [2026-08-25T08:31:29.818681] Adding "src/gen/data/sap-common-Countries_texts_uk.csv" for deploy... ok (0s 0ms) (STDOUT, APP/TASK/deploy)#
#2026 08 25 08:48:01.078#Z#DEBUG#9140a271-a061-11f1-b78a-eeee0a986e3f.ResilienceCockpit-db-deployer#flowable-async-job-executor-thread-11927#
[PollStageAppStatusExecution] 2d23200b-60aa-4519-b7f8-9f40de7a8ecc [2026-08-25T08:31:29.818729] Adding "src/gen/data/sap-common-Countries_texts_uk.hdbtabledata" for deploy... (STDOUT, APP/TASK/deploy)#
#2026 08 25 08:48:01.078#Z#DEBUG#9140a271-a061-11f1-b78a-eeee0a986e3f.ResilienceCockpit-db-deployer#flowable-async-job-executor-thread-11927#
[PollStageAppStatusExecution] 2d23200b-60aa-4519-b7f8-9f40de7a8ecc [2026-08-25T08:31:29.818733] Adding "src/gen/data/sap-common-Countries_texts_uk.hdbtabledata" for deploy... ok (0s 0ms) (STDOUT, APP/TASK/deploy)#
#2026 08 25 08:48:01.078#Z#DEBUG#9140a271-a061-11f1-b78a-eeee0a986e3f.ResilienceCockpit-db-deployer#flowable-async-job-executor-thread-11927#
[PollStageAppStatusExecution] 2d23200b-60aa-4519-b7f8-9f40de7a8ecc [2026-08-25T08:31:29.818736] Adding "src/gen/data/sap-common-Countries_texts_zh_CN.csv" for deploy... (STDOUT, APP/TASK/deploy)#
#2026 08 25 08:48:01.078#Z#DEBUG#9140a271-a061-11f1-b78a-eeee0a986e3f.ResilienceCockpit-db-deployer#flowable-async-job-executor-thread-11927#
[PollStageAppStatusExecution] 2d23200b-60aa-4519-b7f8-9f40de7a8ecc [2026-08-25T08:31:29.818737] Adding "src/gen/data/sap-common-Countries_texts_zh_CN.csv" for deploy... ok (0s 0ms) (STDOUT, APP/TASK/deploy)#
#2026 08 25 08:48:01.078#Z#DEBUG#9140a271-a061-11f1-b78a-eeee0a986e3f.ResilienceCockpit-db-deployer#flowable-async-job-executor-thread-11927#
[PollStageAppStatusExecution] 2d23200b-60aa-4519-b7f8-9f40de7a8ecc [2026-08-25T08:31:29.818744] Adding "src/gen/data/sap-common-Countries_texts_zh_CN.hdbtabledata" for deploy... (STDOUT, APP/TASK/deploy)#
#2026 08 25 08:48:01.078#Z#DEBUG#9140a271-a061-11f1-b78a-eeee0a986e3f.ResilienceCockpit-db-deployer#flowable-async-job-executor-thread-11927#
[PollStageAppStatusExecution] 2d23200b-60aa-4519-b7f8-9f40de7a8ecc [2026-08-25T08:31:29.818747] Adding "src/gen/data/sap-common-Countries_texts_zh_CN.hdbtabledata" for deploy... ok (0s 0ms) (STDOUT, APP/TASK/deploy)#
#2026 08 25 08:48:01.078#Z#DEBUG#9140a271-a061-11f1-b78a-eeee0a986e3f.ResilienceCockpit-db-deployer#flowable-async-job-executor-thread-11927#
[PollStageAppStatusExecution] 2d23200b-60aa-4519-b7f8-9f40de7a8ecc [2026-08-25T08:31:29.818752] Adding "src/gen/data/sap-common-Countries_texts_zh_TW.csv" for deploy... (STDOUT, APP/TASK/deploy)#
#2026 08 25 08:48:01.078#Z#DEBUG#9140a271-a061-11f1-b78a-eeee0a986e3f.ResilienceCockpit-db-deployer#flowable-async-job-executor-thread-11927#
[PollStageAppStatusExecution] 2d23200b-60aa-4519-b7f8-9f40de7a8ecc [2026-08-25T08:31:29.818754] Adding "src/gen/data/sap-common-Countries_texts_zh_TW.csv" for deploy... ok (0s 0ms) (STDOUT, APP/TASK/deploy)#
#2026 08 25 08:48:01.078#Z#DEBUG#9140a271-a061-11f1-b78a-eeee0a986e3f.ResilienceCockpit-db-deployer#flowable-async-job-executor-thread-11927#
[PollStageAppStatusExecution] 2d23200b-60aa-4519-b7f8-9f40de7a8ecc [2026-08-25T08:31:29.818768] Adding "src/gen/data/sap-common-Countries_texts_zh_TW.hdbtabledata" for deploy... (STDOUT, APP/TASK/deploy)#
#2026 08 25 08:48:01.078#Z#DEBUG#9140a271-a061-11f1-b78a-eeee0a986e3f.ResilienceCockpit-db-deployer#flowable-async-job-executor-thread-11927#
[PollStageAppStatusExecution] 2d23200b-60aa-4519-b7f8-9f40de7a8ecc [2026-08-25T08:31:29.818771] Adding "src/gen/data/sap-common-Countries_texts_zh_TW.hdbtabledata" for deploy... ok (0s 1ms) (STDOUT, APP/TASK/deploy)#
#2026 08 25 08:48:01.078#Z#DEBUG#9140a271-a061-11f1-b78a-eeee0a986e3f.ResilienceCockpit-db-deployer#flowable-async-job-executor-thread-11927#
[PollStageAppStatusExecution] 2d23200b-60aa-4519-b7f8-9f40de7a8ecc [2026-08-25T08:31:29.818785] Adding "src/gen/localized.ResilienceCockpitService.Countries.hdbview" for deploy... (STDOUT, APP/TASK/deploy)#
#2026 08 25 08:48:01.078#Z#DEBUG#9140a271-a061-11f1-b78a-eeee0a986e3f.ResilienceCockpit-db-deployer#flowable-async-job-executor-thread-11927#
[PollStageAppStatusExecution] 2d23200b-60aa-4519-b7f8-9f40de7a8ecc [2026-08-25T08:31:29.818788] Adding "src/gen/localized.ResilienceCockpitService.Countries.hdbview" for deploy... ok (0s 0ms) (STDOUT, APP/TASK/deploy)#
#2026 08 25 08:48:01.078#Z#DEBUG#9140a271-a061-11f1-b78a-eeee0a986e3f.ResilienceCockpit-db-deployer#flowable-async-job-executor-thread-11927#
[PollStageAppStatusExecution] 2d23200b-60aa-4519-b7f8-9f40de7a8ecc [2026-08-25T08:31:29.818789] Adding "src/gen/localized.sap.common.Countries.hdbview" for deploy... (STDOUT, APP/TASK/deploy)#
#2026 08 25 08:48:01.078#Z#DEBUG#9140a271-a061-11f1-b78a-eeee0a986e3f.ResilienceCockpit-db-deployer#flowable-async-job-executor-thread-11927#
[PollStageAppStatusExecution] 2d23200b-60aa-4519-b7f8-9f40de7a8ecc [2026-08-25T08:31:29.818829] Adding "src/gen/localized.sap.common.Countries.hdbview" for deploy... ok (0s 0ms) (STDOUT, APP/TASK/deploy)#
#2026 08 25 08:48:01.078#Z#DEBUG#9140a271-a061-11f1-b78a-eeee0a986e3f.ResilienceCockpit-db-deployer#flowable-async-job-executor-thread-11927#
[PollStageAppStatusExecution] 2d23200b-60aa-4519-b7f8-9f40de7a8ecc [2026-08-25T08:31:29.818832] Adding "src/gen/sap.common.Countries.hdbtable" for deploy... (STDOUT, APP/TASK/deploy)#
#2026 08 25 08:48:01.078#Z#DEBUG#9140a271-a061-11f1-b78a-eeee0a986e3f.ResilienceCockpit-db-deployer#flowable-async-job-executor-thread-11927#
[PollStageAppStatusExecution] 2d23200b-60aa-4519-b7f8-9f40de7a8ecc [2026-08-25T08:31:29.818861] Adding "src/gen/sap.common.Countries.hdbtable" for deploy... ok (0s 0ms) (STDOUT, APP/TASK/deploy)#
#2026 08 25 08:48:01.078#Z#DEBUG#9140a271-a061-11f1-b78a-eeee0a986e3f.ResilienceCockpit-db-deployer#flowable-async-job-executor-thread-11927#
[PollStageAppStatusExecution] 2d23200b-60aa-4519-b7f8-9f40de7a8ecc [2026-08-25T08:31:29.818863] Adding "src/gen/sap.common.Countries_texts.hdbtable" for deploy... (STDOUT, APP/TASK/deploy)#
#2026 08 25 08:48:01.078#Z#DEBUG#9140a271-a061-11f1-b78a-eeee0a986e3f.ResilienceCockpit-db-deployer#flowable-async-job-executor-thread-11927#
[PollStageAppStatusExecution] 2d23200b-60aa-4519-b7f8-9f40de7a8ecc [2026-08-25T08:31:29.818865] Adding "src/gen/sap.common.Countries_texts.hdbtable" for deploy... ok (0s 0ms) (STDOUT, APP/TASK/deploy)#
#2026 08 25 08:48:01.078#Z#DEBUG#9140a271-a061-11f1-b78a-eeee0a986e3f.ResilienceCockpit-db-deployer#flowable-async-job-executor-thread-11927#
[PollStageAppStatusExecution] 2d23200b-60aa-4519-b7f8-9f40de7a8ecc [2026-08-25T08:31:29.818868] Preparing... ok (1s 305ms) (STDOUT, APP/TASK/deploy)#
#2026 08 25 08:48:01.078#Z#DEBUG#9140a271-a061-11f1-b78a-eeee0a986e3f.ResilienceCockpit-db-deployer#flowable-async-job-executor-thread-11927#
[PollStageAppStatusExecution] 2d23200b-60aa-4519-b7f8-9f40de7a8ecc [2026-08-25T08:31:29.819263] Calculating dependencies... (STDOUT, APP/TASK/deploy)#
#2026 08 25 08:48:01.078#Z#DEBUG#9140a271-a061-11f1-b78a-eeee0a986e3f.ResilienceCockpit-db-deployer#flowable-async-job-executor-thread-11927#
[PollStageAppStatusExecution] 2d23200b-60aa-4519-b7f8-9f40de7a8ecc [2026-08-25T08:31:29.819281] Expanding... (STDOUT, APP/TASK/deploy)#
#2026 08 25 08:48:01.078#Z#DEBUG#9140a271-a061-11f1-b78a-eeee0a986e3f.ResilienceCockpit-db-deployer#flowable-async-job-executor-thread-11927#
[PollStageAppStatusExecution] 2d23200b-60aa-4519-b7f8-9f40de7a8ecc [2026-08-25T08:31:29.819285] Expanding "src/gen/DRAFT.DraftAdministrativeData.hdbtable"... (STDOUT, APP/TASK/deploy)#
#2026 08 25 08:48:01.078#Z#DEBUG#9140a271-a061-11f1-b78a-eeee0a986e3f.ResilienceCockpit-db-deployer#flowable-async-job-executor-thread-11927#
[PollStageAppStatusExecution] 2d23200b-60aa-4519-b7f8-9f40de7a8ecc [2026-08-25T08:31:29.819287] Expanding "src/gen/ResilienceCockpit.AlternateSuppliers.hdbtable"... (STDOUT, APP/TASK/deploy)#
#2026 08 25 08:48:01.078#Z#DEBUG#9140a271-a061-11f1-b78a-eeee0a986e3f.ResilienceCockpit-db-deployer#flowable-async-job-executor-thread-11927#
[PollStageAppStatusExecution] 2d23200b-60aa-4519-b7f8-9f40de7a8ecc [2026-08-25T08:31:29.819289] Expanding "src/gen/ResilienceCockpit.AlternativeMaterials.hdbtable"... (STDOUT, APP/TASK/deploy)#
#2026 08 25 08:48:01.078#Z#DEBUG#9140a271-a061-11f1-b78a-eeee0a986e3f.ResilienceCockpit-db-deployer#flowable-async-job-executor-thread-11927#
[PollStageAppStatusExecution] 2d23200b-60aa-4519-b7f8-9f40de7a8ecc [2026-08-25T08:31:29.819291] Expanding "src/gen/ResilienceCockpit.SupplierLocations.hdbtable"... (STDOUT, APP/TASK/deploy)#
#2026 08 25 08:48:01.078#Z#DEBUG#9140a271-a061-11f1-b78a-eeee0a986e3f.ResilienceCockpit-db-deployer#flowable-async-job-executor-thread-11927#
[PollStageAppStatusExecution] 2d23200b-60aa-4519-b7f8-9f40de7a8ecc [2026-08-25T08:31:29.819295] Expanding "src/gen/ResilienceCockpit.AlternativeMaterials.hdbtable"... ok (0s 32ms) (STDOUT, APP/TASK/deploy)#
#2026 08 25 08:48:01.078#Z#DEBUG#9140a271-a061-11f1-b78a-eeee0a986e3f.ResilienceCockpit-db-deployer#flowable-async-job-executor-thread-11927#
[PollStageAppStatusExecution] 2d23200b-60aa-4519-b7f8-9f40de7a8ecc [2026-08-25T08:31:29.819296] Expanding "src/gen/ResilienceCockpit.AlternateSuppliers.hdbtable"... ok (0s 36ms) (STDOUT, APP/TASK/deploy)#
#2026 08 25 08:48:01.078#Z#DEBUG#9140a271-a061-11f1-b78a-eeee0a986e3f.ResilienceCockpit-db-deployer#flowable-async-job-executor-thread-11927#
[PollStageAppStatusExecution] 2d23200b-60aa-4519-b7f8-9f40de7a8ecc [2026-08-25T08:31:29.819298] Expanding "src/gen/DRAFT.DraftAdministrativeData.hdbtable"... ok (0s 36ms) (STDOUT, APP/TASK/deploy)#
#2026 08 25 08:48:01.078#Z#DEBUG#9140a271-a061-11f1-b78a-eeee0a986e3f.ResilienceCockpit-db-deployer#flowable-async-job-executor-thread-11927#
[PollStageAppStatusExecution] 2d23200b-60aa-4519-b7f8-9f40de7a8ecc [2026-08-25T08:31:29.819300] Expanding "src/gen/ResilienceCockpit.SupplierLocations.hdbtable"... ok (0s 29ms) (STDOUT, APP/TASK/deploy)#
#2026 08 25 08:48:01.078#Z#DEBUG#9140a271-a061-11f1-b78a-eeee0a986e3f.ResilienceCockpit-db-deployer#flowable-async-job-executor-thread-11927#
[PollStageAppStatusExecution] 2d23200b-60aa-4519-b7f8-9f40de7a8ecc [2026-08-25T08:31:29.819305] Expanding "src/gen/ResilienceCockpitService.AlternateSuppliers_drafts.hdbtable"... (STDOUT, APP/TASK/deploy)#
#2026 08 25 08:48:01.078#Z#DEBUG#9140a271-a061-11f1-b78a-eeee0a986e3f.ResilienceCockpit-db-deployer#flowable-async-job-executor-thread-11927#
[PollStageAppStatusExecution] 2d23200b-60aa-4519-b7f8-9f40de7a8ecc [2026-08-25T08:31:29.819307] Expanding "src/gen/ResilienceCockpitService.AlternateSuppliers.hdbview"... (STDOUT, APP/TASK/deploy)#
#2026 08 25 08:48:01.078#Z#DEBUG#9140a271-a061-11f1-b78a-eeee0a986e3f.ResilienceCockpit-db-deployer#flowable-async-job-executor-thread-11927#
[PollStageAppStatusExecution] 2d23200b-60aa-4519-b7f8-9f40de7a8ecc [2026-08-25T08:31:29.819309] Expanding "src/gen/ResilienceCockpitService.AlternativeMaterials.hdbview"... (STDOUT, APP/TASK/deploy)#
#2026 08 25 08:48:01.078#Z#DEBUG#9140a271-a061-11f1-b78a-eeee0a986e3f.ResilienceCockpit-db-deployer#flowable-async-job-executor-thread-11927#
[PollStageAppStatusExecution] 2d23200b-60aa-4519-b7f8-9f40de7a8ecc [2026-08-25T08:31:29.819311] Expanding "src/gen/ResilienceCockpit.SupplierMaterials.hdbtable"... (STDOUT, APP/TASK/deploy)#
#2026 08 25 08:48:01.078#Z#DEBUG#9140a271-a061-11f1-b78a-eeee0a986e3f.ResilienceCockpit-db-deployer#flowable-async-job-executor-thread-11927#
[PollStageAppStatusExecution] 2d23200b-60aa-4519-b7f8-9f40de7a8ecc [2026-08-25T08:31:29.819314] Expanding "src/gen/ResilienceCockpitService.AlternateSuppliers_drafts.hdbtable"... ok (0s 14ms) (STDOUT, APP/TASK/deploy)#
#2026 08 25 08:48:01.078#Z#DEBUG#9140a271-a061-11f1-b78a-eeee0a986e3f.ResilienceCockpit-db-deployer#flowable-async-job-executor-thread-11927#
[PollStageAppStatusExecution] 2d23200b-60aa-4519-b7f8-9f40de7a8ecc [2026-08-25T08:31:29.819317] Expanding "src/gen/ResilienceCockpitService.Countries.hdbview"... (STDOUT, APP/TASK/deploy)#
#2026 08 25 08:48:01.078#Z#DEBUG#9140a271-a061-11f1-b78a-eeee0a986e3f.ResilienceCockpit-db-deployer#flowable-async-job-executor-thread-11927#
[PollStageAppStatusExecution] 2d23200b-60aa-4519-b7f8-9f40de7a8ecc [2026-08-25T08:31:29.819320] Expanding "src/gen/ResilienceCockpitService.AlternativeMaterials.hdbview"... ok (0s 15ms) (STDOUT, APP/TASK/deploy)#
#2026 08 25 08:48:01.078#Z#DEBUG#9140a271-a061-11f1-b78a-eeee0a986e3f.ResilienceCockpit-db-deployer#flowable-async-job-executor-thread-11927#
[PollStageAppStatusExecution] 2d23200b-60aa-4519-b7f8-9f40de7a8ecc [2026-08-25T08:31:29.819322] Expanding "src/gen/ResilienceCockpitService.AlternateSuppliers.hdbview"... ok (0s 15ms) (STDOUT, APP/TASK/deploy)#
#2026 08 25 08:48:01.078#Z#DEBUG#9140a271-a061-11f1-b78a-eeee0a986e3f.ResilienceCockpit-db-deployer#flowable-async-job-executor-thread-11927#
[PollStageAppStatusExecution] 2d23200b-60aa-4519-b7f8-9f40de7a8ecc [2026-08-25T08:31:29.819323] Expanding "src/gen/ResilienceCockpitService.Countries_texts.hdbview"... (STDOUT, APP/TASK/deploy)#
#2026 08 25 08:48:01.078#Z#DEBUG#9140a271-a061-11f1-b78a-eeee0a986e3f.ResilienceCockpit-db-deployer#flowable-async-job-executor-thread-11927#
[PollStageAppStatusExecution] 2d23200b-60aa-4519-b7f8-9f40de7a8ecc [2026-08-25T08:31:29.819325] Expanding "src/gen/ResilienceCockpitService.DraftAdministrativeData.hdbview"... (STDOUT, APP/TASK/deploy)#
#2026 08 25 08:48:01.078#Z#DEBUG#9140a271-a061-11f1-b78a-eeee0a986e3f.ResilienceCockpit-db-deployer#flowable-async-job-executor-thread-11927#
[PollStageAppStatusExecution] 2d23200b-60aa-4519-b7f8-9f40de7a8ecc [2026-08-25T08:31:29.819327] Expanding "src/gen/ResilienceCockpit.SupplierMaterials.hdbtable"... ok (0s 15ms) (STDOUT, APP/TASK/deploy)#
#2026 08 25 08:48:01.078#Z#DEBUG#9140a271-a061-11f1-b78a-eeee0a986e3f.ResilienceCockpit-db-deployer#flowable-async-job-executor-thread-11927#
[PollStageAppStatusExecution] 2d23200b-60aa-4519-b7f8-9f40de7a8ecc [2026-08-25T08:31:29.819328] Expanding "src/gen/ResilienceCockpitService.SupplierMaterials.hdbview"... (STDOUT, APP/TASK/deploy)#
#2026 08 25 08:48:01.078#Z#DEBUG#9140a271-a061-11f1-b78a-eeee0a986e3f.ResilienceCockpit-db-deployer#flowable-async-job-executor-thread-11927#
[PollStageAppStatusExecution] 2d23200b-60aa-4519-b7f8-9f40de7a8ecc [2026-08-25T08:31:29.819330] Expanding "src/gen/ResilienceCockpitService.Countries.hdbview"... ok (0s 14ms) (STDOUT, APP/TASK/deploy)#
#2026 08 25 08:48:01.078#Z#DEBUG#9140a271-a061-11f1-b78a-eeee0a986e3f.ResilienceCockpit-db-deployer#flowable-async-job-executor-thread-11927#
[PollStageAppStatusExecution] 2d23200b-60aa-4519-b7f8-9f40de7a8ecc [2026-08-25T08:31:29.819332] Expanding "src/gen/ResilienceCockpitService.SupplierMaterials_drafts.hdbtable"... (STDOUT, APP/TASK/deploy)#
#2026 08 25 08:48:01.078#Z#DEBUG#9140a271-a061-11f1-b78a-eeee0a986e3f.ResilienceCockpit-db-deployer#flowable-async-job-executor-thread-11927#
[PollStageAppStatusExecution] 2d23200b-60aa-4519-b7f8-9f40de7a8ecc [2026-08-25T08:31:29.819334] Expanding "src/gen/ResilienceCockpitService.Countries_texts.hdbview"... ok (0s 13ms) (STDOUT, APP/TASK/deploy)#
#2026 08 25 08:48:01.078#Z#DEBUG#9140a271-a061-11f1-b78a-eeee0a986e3f.ResilienceCockpit-db-deployer#flowable-async-job-executor-thread-11927#
[PollStageAppStatusExecution] 2d23200b-60aa-4519-b7f8-9f40de7a8ecc [2026-08-25T08:31:29.819337] Expanding "src/gen/cds.outbox.Messages.hdbtable"... (STDOUT, APP/TASK/deploy)#
#2026 08 25 08:48:01.078#Z#DEBUG#9140a271-a061-11f1-b78a-eeee0a986e3f.ResilienceCockpit-db-deployer#flowable-async-job-executor-thread-11927#
[PollStageAppStatusExecution] 2d23200b-60aa-4519-b7f8-9f40de7a8ecc [2026-08-25T08:31:29.819339] Expanding "src/gen/ResilienceCockpitService.DraftAdministrativeData.hdbview"... ok (0s 13ms) (STDOUT, APP/TASK/deploy)#
#2026 08 25 08:48:01.078#Z#DEBUG#9140a271-a061-11f1-b78a-eeee0a986e3f.ResilienceCockpit-db-deployer#flowable-async-job-executor-thread-11927#
[PollStageAppStatusExecution] 2d23200b-60aa-4519-b7f8-9f40de7a8ecc [2026-08-25T08:31:29.819341] Expanding "src/gen/data/ResilienceCockpit-AlternateSuppliers.hdbtabledata"... (STDOUT, APP/TASK/deploy)#
#2026 08 25 08:48:01.078#Z#DEBUG#9140a271-a061-11f1-b78a-eeee0a986e3f.ResilienceCockpit-db-deployer#flowable-async-job-executor-thread-11927#
[PollStageAppStatusExecution] 2d23200b-60aa-4519-b7f8-9f40de7a8ecc [2026-08-25T08:31:29.819342] Expanding "src/gen/ResilienceCockpitService.SupplierMaterials.hdbview"... ok (0s 14ms) (STDOUT, APP/TASK/deploy)#
#2026 08 25 08:48:01.078#Z#DEBUG#9140a271-a061-11f1-b78a-eeee0a986e3f.ResilienceCockpit-db-deployer#flowable-async-job-executor-thread-11927#
[PollStageAppStatusExecution] 2d23200b-60aa-4519-b7f8-9f40de7a8ecc [2026-08-25T08:31:29.819345] Expanding "src/gen/data/ResilienceCockpit-AlternativeMaterials.hdbtabledata"... (STDOUT, APP/TASK/deploy)#
#2026 08 25 08:48:01.078#Z#DEBUG#9140a271-a061-11f1-b78a-eeee0a986e3f.ResilienceCockpit-db-deployer#flowable-async-job-executor-thread-11927#
[PollStageAppStatusExecution] 2d23200b-60aa-4519-b7f8-9f40de7a8ecc [2026-08-25T08:31:29.819347] Expanding "src/gen/ResilienceCockpitService.SupplierMaterials_drafts.hdbtable"... ok (0s 11ms) (STDOUT, APP/TASK/deploy)#
#2026 08 25 08:48:01.078#Z#DEBUG#9140a271-a061-11f1-b78a-eeee0a986e3f.ResilienceCockpit-db-deployer#flowable-async-job-executor-thread-11927#
[PollStageAppStatusExecution] 2d23200b-60aa-4519-b7f8-9f40de7a8ecc [2026-08-25T08:31:29.819350] Expanding "src/gen/data/ResilienceCockpit-SupplierLocations.hdbtabledata"... (STDOUT, APP/TASK/deploy)#
#2026 08 25 08:48:01.078#Z#DEBUG#9140a271-a061-11f1-b78a-eeee0a986e3f.ResilienceCockpit-db-deployer#flowable-async-job-executor-thread-11927#
[PollStageAppStatusExecution] 2d23200b-60aa-4519-b7f8-9f40de7a8ecc [2026-08-25T08:31:29.819352] Expanding "src/gen/cds.outbox.Messages.hdbtable"... ok (0s 11ms) (STDOUT, APP/TASK/deploy)#
#2026 08 25 08:48:01.078#Z#DEBUG#9140a271-a061-11f1-b78a-eeee0a986e3f.ResilienceCockpit-db-deployer#flowable-async-job-executor-thread-11927#
[PollStageAppStatusExecution] 2d23200b-60aa-4519-b7f8-9f40de7a8ecc [2026-08-25T08:31:29.819353] Expanding "src/gen/data/ResilienceCockpit-SupplierMaterials.hdbtabledata"... (STDOUT, APP/TASK/deploy)#
#2026 08 25 08:48:01.078#Z#DEBUG#9140a271-a061-11f1-b78a-eeee0a986e3f.ResilienceCockpit-db-deployer#flowable-async-job-executor-thread-11927#
[PollStageAppStatusExecution] 2d23200b-60aa-4519-b7f8-9f40de7a8ecc [2026-08-25T08:31:29.819355] Expanding "src/gen/data/ResilienceCockpit-AlternateSuppliers.hdbtabledata"... ok (0s 10ms) (STDOUT, APP/TASK/deploy)#
#2026 08 25 08:48:01.078#Z#DEBUG#9140a271-a061-11f1-b78a-eeee0a986e3f.ResilienceCockpit-db-deployer#flowable-async-job-executor-thread-11927#
[PollStageAppStatusExecution] 2d23200b-60aa-4519-b7f8-9f40de7a8ecc [2026-08-25T08:31:29.819357] Expanding "src/gen/data/ResilienceCockpit-AlternativeMaterials.hdbtabledata"... ok (0s 10ms) (STDOUT, APP/TASK/deploy)#
#2026 08 25 08:48:01.078#Z#DEBUG#9140a271-a061-11f1-b78a-eeee0a986e3f.ResilienceCockpit-db-deployer#flowable-async-job-executor-thread-11927#
[PollStageAppStatusExecution] 2d23200b-60aa-4519-b7f8-9f40de7a8ecc [2026-08-25T08:31:29.819359] Expanding "src/gen/data/sap-common-Countries.hdbtabledata"... (STDOUT, APP/TASK/deploy)#
#2026 08 25 08:48:01.078#Z#DEBUG#9140a271-a061-11f1-b78a-eeee0a986e3f.ResilienceCockpit-db-deployer#flowable-async-job-executor-thread-11927#
[PollStageAppStatusExecution] 2d23200b-60aa-4519-b7f8-9f40de7a8ecc [2026-08-25T08:31:29.819361] Expanding "src/gen/data/sap-common-Countries_texts_ar.hdbtabledata"... (STDOUT, APP/TASK/deploy)#
#2026 08 25 08:48:01.078#Z#DEBUG#9140a271-a061-11f1-b78a-eeee0a986e3f.ResilienceCockpit-db-deployer#flowable-async-job-executor-thread-11927#
[PollStageAppStatusExecution] 2d23200b-60aa-4519-b7f8-9f40de7a8ecc [2026-08-25T08:31:29.819362] Expanding "src/gen/data/ResilienceCockpit-SupplierLocations.hdbtabledata"... ok (0s 3ms) (STDOUT, APP/TASK/deploy)#
#2026 08 25 08:48:01.078#Z#DEBUG#9140a271-a061-11f1-b78a-eeee0a986e3f.ResilienceCockpit-db-deployer#flowable-async-job-executor-thread-11927#
[PollStageAppStatusExecution] 2d23200b-60aa-4519-b7f8-9f40de7a8ecc [2026-08-25T08:31:29.819364] Expanding "src/gen/data/sap-common-Countries_texts_bg.hdbtabledata"... (STDOUT, APP/TASK/deploy)#
#2026 08 25 08:48:01.078#Z#DEBUG#9140a271-a061-11f1-b78a-eeee0a986e3f.ResilienceCockpit-db-deployer#flowable-async-job-executor-thread-11927#
[PollStageAppStatusExecution] 2d23200b-60aa-4519-b7f8-9f40de7a8ecc [2026-08-25T08:31:29.819366] Expanding "src/gen/data/sap-common-Countries.hdbtabledata"... ok (0s 2ms) (STDOUT, APP/TASK/deploy)#
#2026 08 25 08:48:01.078#Z#DEBUG#9140a271-a061-11f1-b78a-eeee0a986e3f.ResilienceCockpit-db-deployer#flowable-async-job-executor-thread-11927#
[PollStageAppStatusExecution] 2d23200b-60aa-4519-b7f8-9f40de7a8ecc [2026-08-25T08:31:29.819368] Expanding "src/gen/data/sap-common-Countries_texts_cs.hdbtabledata"... (STDOUT, APP/TASK/deploy)#
#2026 08 25 08:48:01.078#Z#DEBUG#9140a271-a061-11f1-b78a-eeee0a986e3f.ResilienceCockpit-db-deployer#flowable-async-job-executor-thread-11927#
[PollStageAppStatusExecution] 2d23200b-60aa-4519-b7f8-9f40de7a8ecc [2026-08-25T08:31:29.819369] Expanding "src/gen/data/ResilienceCockpit-SupplierMaterials.hdbtabledata"... ok (0s 4ms) (STDOUT, APP/TASK/deploy)#
#2026 08 25 08:48:01.078#Z#DEBUG#9140a271-a061-11f1-b78a-eeee0a986e3f.ResilienceCockpit-db-deployer#flowable-async-job-executor-thread-11927#
[PollStageAppStatusExecution] 2d23200b-60aa-4519-b7f8-9f40de7a8ecc [2026-08-25T08:31:29.819372] Expanding "src/gen/data/sap-common-Countries_texts_da.hdbtabledata"... (STDOUT, APP/TASK/deploy)#
#2026 08 25 08:48:01.078#Z#DEBUG#9140a271-a061-11f1-b78a-eeee0a986e3f.ResilienceCockpit-db-deployer#flowable-async-job-executor-thread-11927#
[PollStageAppStatusExecution] 2d23200b-60aa-4519-b7f8-9f40de7a8ecc [2026-08-25T08:31:29.819373] Expanding "src/gen/data/sap-common-Countries_texts_ar.hdbtabledata"... ok (0s 4ms) (STDOUT, APP/TASK/deploy)#
#2026 08 25 08:48:01.078#Z#DEBUG#9140a271-a061-11f1-b78a-eeee0a986e3f.ResilienceCockpit-db-deployer#flowable-async-job-executor-thread-11927#
[PollStageAppStatusExecution] 2d23200b-60aa-4519-b7f8-9f40de7a8ecc [2026-08-25T08:31:29.819375] Expanding "src/gen/data/sap-common-Countries_texts_de.hdbtabledata"... (STDOUT, APP/TASK/deploy)#
#2026 08 25 08:48:01.078#Z#DEBUG#9140a271-a061-11f1-b78a-eeee0a986e3f.ResilienceCockpit-db-deployer#flowable-async-job-executor-thread-11927#
[PollStageAppStatusExecution] 2d23200b-60aa-4519-b7f8-9f40de7a8ecc [2026-08-25T08:31:29.819377] Expanding "src/gen/data/sap-common-Countries_texts_bg.hdbtabledata"... ok (0s 3ms) (STDOUT, APP/TASK/deploy)#
#2026 08 25 08:48:01.078#Z#DEBUG#9140a271-a061-11f1-b78a-eeee0a986e3f.ResilienceCockpit-db-deployer#flowable-async-job-executor-thread-11927#
[PollStageAppStatusExecution] 2d23200b-60aa-4519-b7f8-9f40de7a8ecc [2026-08-25T08:31:29.819378] Expanding "src/gen/data/sap-common-Countries_texts_el.hdbtabledata"... (STDOUT, APP/TASK/deploy)#
#2026 08 25 08:48:01.078#Z#DEBUG#9140a271-a061-11f1-b78a-eeee0a986e3f.ResilienceCockpit-db-deployer#flowable-async-job-executor-thread-11927#
[PollStageAppStatusExecution] 2d23200b-60aa-4519-b7f8-9f40de7a8ecc [2026-08-25T08:31:29.819380] Expanding "src/gen/data/sap-common-Countries_texts_cs.hdbtabledata"... ok (0s 4ms) (STDOUT, APP/TASK/deploy)#
#2026 08 25 08:48:01.078#Z#DEBUG#9140a271-a061-11f1-b78a-eeee0a986e3f.ResilienceCockpit-db-deployer#flowable-async-job-executor-thread-11927#
[PollStageAppStatusExecution] 2d23200b-60aa-4519-b7f8-9f40de7a8ecc [2026-08-25T08:31:29.819382] Expanding "src/gen/data/sap-common-Countries_texts_en.hdbtabledata"... (STDOUT, APP/TASK/deploy)#
#2026 08 25 08:48:01.078#Z#DEBUG#9140a271-a061-11f1-b78a-eeee0a986e3f.ResilienceCockpit-db-deployer#flowable-async-job-executor-thread-11927#
[PollStageAppStatusExecution] 2d23200b-60aa-4519-b7f8-9f40de7a8ecc [2026-08-25T08:31:29.819427] Expanding "src/gen/data/sap-common-Countries_texts_de.hdbtabledata"... ok (0s 4ms) (STDOUT, APP/TASK/deploy)#
#2026 08 25 08:48:01.078#Z#DEBUG#9140a271-a061-11f1-b78a-eeee0a986e3f.ResilienceCockpit-db-deployer#flowable-async-job-executor-thread-11927#
[PollStageAppStatusExecution] 2d23200b-60aa-4519-b7f8-9f40de7a8ecc [2026-08-25T08:31:29.819430] Expanding "src/gen/data/sap-common-Countries_texts_en_US_saptrc.hdbtabledata"... (STDOUT, APP/TASK/deploy)#
#2026 08 25 08:48:01.078#Z#DEBUG#9140a271-a061-11f1-b78a-eeee0a986e3f.ResilienceCockpit-db-deployer#flowable-async-job-executor-thread-11927#
[PollStageAppStatusExecution] 2d23200b-60aa-4519-b7f8-9f40de7a8ecc [2026-08-25T08:31:29.819433] Expanding "src/gen/data/sap-common-Countries_texts_da.hdbtabledata"... ok (0s 5ms) (STDOUT, APP/TASK/deploy)#
#2026 08 25 08:48:01.078#Z#DEBUG#9140a271-a061-11f1-b78a-eeee0a986e3f.ResilienceCockpit-db-deployer#flowable-async-job-executor-thread-11927#
[PollStageAppStatusExecution] 2d23200b-60aa-4519-b7f8-9f40de7a8ecc [2026-08-25T08:31:29.819435] Expanding "src/gen/data/sap-common-Countries_texts_es.hdbtabledata"... (STDOUT, APP/TASK/deploy)#
#2026 08 25 08:48:01.078#Z#DEBUG#9140a271-a061-11f1-b78a-eeee0a986e3f.ResilienceCockpit-db-deployer#flowable-async-job-executor-thread-11927#
[PollStageAppStatusExecution] 2d23200b-60aa-4519-b7f8-9f40de7a8ecc [2026-08-25T08:31:29.819437] Expanding "src/gen/data/sap-common-Countries_texts_el.hdbtabledata"... ok (0s 4ms) (STDOUT, APP/TASK/deploy)#
#2026 08 25 08:48:01.078#Z#DEBUG#9140a271-a061-11f1-b78a-eeee0a986e3f.ResilienceCockpit-db-deployer#flowable-async-job-executor-thread-11927#
[PollStageAppStatusExecution] 2d23200b-60aa-4519-b7f8-9f40de7a8ecc [2026-08-25T08:31:29.819439] Expanding "src/gen/data/sap-common-Countries_texts_es_MX.hdbtabledata"... (STDOUT, APP/TASK/deploy)#
#2026 08 25 08:48:01.078#Z#DEBUG#9140a271-a061-11f1-b78a-eeee0a986e3f.ResilienceCockpit-db-deployer#flowable-async-job-executor-thread-11927#
[PollStageAppStatusExecution] 2d23200b-60aa-4519-b7f8-9f40de7a8ecc [2026-08-25T08:31:29.819441] Expanding "src/gen/data/sap-common-Countries_texts_en.hdbtabledata"... ok (0s 4ms) (STDOUT, APP/TASK/deploy)#
#2026 08 25 08:48:01.078#Z#DEBUG#9140a271-a061-11f1-b78a-eeee0a986e3f.ResilienceCockpit-db-deployer#flowable-async-job-executor-thread-11927#
[PollStageAppStatusExecution] 2d23200b-60aa-4519-b7f8-9f40de7a8ecc [2026-08-25T08:31:29.819443] Expanding "src/gen/data/sap-common-Countries_texts_fi.hdbtabledata"... (STDOUT, APP/TASK/deploy)#
#2026 08 25 08:48:01.078#Z#DEBUG#9140a271-a061-11f1-b78a-eeee0a986e3f.ResilienceCockpit-db-deployer#flowable-async-job-executor-thread-11927#
[PollStageAppStatusExecution] 2d23200b-60aa-4519-b7f8-9f40de7a8ecc [2026-08-25T08:31:29.819445] Expanding "src/gen/data/sap-common-Countries_texts_en_US_saptrc.hdbtabledata"... ok (0s 3ms) (STDOUT, APP/TASK/deploy)#
#2026 08 25 08:48:01.078#Z#DEBUG#9140a271-a061-11f1-b78a-eeee0a986e3f.ResilienceCockpit-db-deployer#flowable-async-job-executor-thread-11927#
[PollStageAppStatusExecution] 2d23200b-60aa-4519-b7f8-9f40de7a8ecc [2026-08-25T08:31:29.819447] Expanding "src/gen/data/sap-common-Countries_texts_es.hdbtabledata"... ok (0s 4ms) (STDOUT, APP/TASK/deploy)#
#2026 08 25 08:48:01.078#Z#DEBUG#9140a271-a061-11f1-b78a-eeee0a986e3f.ResilienceCockpit-db-deployer#flowable-async-job-executor-thread-11927#
[PollStageAppStatusExecution] 2d23200b-60aa-4519-b7f8-9f40de7a8ecc [2026-08-25T08:31:29.819448] Expanding "src/gen/data/sap-common-Countries_texts_fr.hdbtabledata"... (STDOUT, APP/TASK/deploy)#
#2026 08 25 08:48:01.078#Z#DEBUG#9140a271-a061-11f1-b78a-eeee0a986e3f.ResilienceCockpit-db-deployer#flowable-async-job-executor-thread-11927#
[PollStageAppStatusExecution] 2d23200b-60aa-4519-b7f8-9f40de7a8ecc [2026-08-25T08:31:29.819450] Expanding "src/gen/data/sap-common-Countries_texts_he.hdbtabledata"... (STDOUT, APP/TASK/deploy)#
#2026 08 25 08:48:01.078#Z#DEBUG#9140a271-a061-11f1-b78a-eeee0a986e3f.ResilienceCockpit-db-deployer#flowable-async-job-executor-thread-11927#
[PollStageAppStatusExecution] 2d23200b-60aa-4519-b7f8-9f40de7a8ecc [2026-08-25T08:31:29.819452] Expanding "src/gen/data/sap-common-Countries_texts_es_MX.hdbtabledata"... ok (0s 3ms) (STDOUT, APP/TASK/deploy)#
#2026 08 25 08:48:01.078#Z#DEBUG#9140a271-a061-11f1-b78a-eeee0a986e3f.ResilienceCockpit-db-deployer#flowable-async-job-executor-thread-11927#
[PollStageAppStatusExecution] 2d23200b-60aa-4519-b7f8-9f40de7a8ecc [2026-08-25T08:31:29.819454] Expanding "src/gen/data/sap-common-Countries_texts_hr.hdbtabledata"... (STDOUT, APP/TASK/deploy)#
#2026 08 25 08:48:01.078#Z#DEBUG#9140a271-a061-11f1-b78a-eeee0a986e3f.ResilienceCockpit-db-deployer#flowable-async-job-executor-thread-11927#
[PollStageAppStatusExecution] 2d23200b-60aa-4519-b7f8-9f40de7a8ecc [2026-08-25T08:31:29.819456] Expanding "src/gen/data/sap-common-Countries_texts_fi.hdbtabledata"... ok (0s 3ms) (STDOUT, APP/TASK/deploy)#
#2026 08 25 08:48:01.078#Z#DEBUG#9140a271-a061-11f1-b78a-eeee0a986e3f.ResilienceCockpit-db-deployer#flowable-async-job-executor-thread-11927#
[PollStageAppStatusExecution] 2d23200b-60aa-4519-b7f8-9f40de7a8ecc [2026-08-25T08:31:29.819460] Expanding "src/gen/data/sap-common-Countries_texts_hu.hdbtabledata"... (STDOUT, APP/TASK/deploy)#
#2026 08 25 08:48:01.078#Z#DEBUG#9140a271-a061-11f1-b78a-eeee0a986e3f.ResilienceCockpit-db-deployer#flowable-async-job-executor-thread-11927#
[PollStageAppStatusExecution] 2d23200b-60aa-4519-b7f8-9f40de7a8ecc [2026-08-25T08:31:29.819462] Expanding "src/gen/data/sap-common-Countries_texts_he.hdbtabledata"... ok (0s 3ms) (STDOUT, APP/TASK/deploy)#
#2026 08 25 08:48:01.078#Z#DEBUG#9140a271-a061-11f1-b78a-eeee0a986e3f.ResilienceCockpit-db-deployer#flowable-async-job-executor-thread-11927#
[PollStageAppStatusExecution] 2d23200b-60aa-4519-b7f8-9f40de7a8ecc [2026-08-25T08:31:29.819463] Expanding "src/gen/data/sap-common-Countries_texts_fr.hdbtabledata"... ok (0s 3ms) (STDOUT, APP/TASK/deploy)#
#2026 08 25 08:48:01.078#Z#DEBUG#9140a271-a061-11f1-b78a-eeee0a986e3f.ResilienceCockpit-db-deployer#flowable-async-job-executor-thread-11927#
[PollStageAppStatusExecution] 2d23200b-60aa-4519-b7f8-9f40de7a8ecc [2026-08-25T08:31:29.819466] Expanding "src/gen/data/sap-common-Countries_texts_it.hdbtabledata"... (STDOUT, APP/TASK/deploy)#
#2026 08 25 08:48:01.078#Z#DEBUG#9140a271-a061-11f1-b78a-eeee0a986e3f.ResilienceCockpit-db-deployer#flowable-async-job-executor-thread-11927#
[PollStageAppStatusExecution] 2d23200b-60aa-4519-b7f8-9f40de7a8ecc [2026-08-25T08:31:29.819468] Expanding "src/gen/data/sap-common-Countries_texts_ja.hdbtabledata"... (STDOUT, APP/TASK/deploy)#
#2026 08 25 08:48:01.078#Z#DEBUG#9140a271-a061-11f1-b78a-eeee0a986e3f.ResilienceCockpit-db-deployer#flowable-async-job-executor-thread-11927#
[PollStageAppStatusExecution] 2d23200b-60aa-4519-b7f8-9f40de7a8ecc [2026-08-25T08:31:29.819494] Expanding "src/gen/data/sap-common-Countries_texts_hr.hdbtabledata"... ok (0s 3ms) (STDOUT, APP/TASK/deploy)#
#2026 08 25 08:48:01.078#Z#DEBUG#9140a271-a061-11f1-b78a-eeee0a986e3f.ResilienceCockpit-db-deployer#flowable-async-job-executor-thread-11927#
[PollStageAppStatusExecution] 2d23200b-60aa-4519-b7f8-9f40de7a8ecc [2026-08-25T08:31:29.819497] Expanding "src/gen/data/sap-common-Countries_texts_hu.hdbtabledata"... ok (0s 3ms) (STDOUT, APP/TASK/deploy)#
#2026 08 25 08:48:01.078#Z#DEBUG#9140a271-a061-11f1-b78a-eeee0a986e3f.ResilienceCockpit-db-deployer#flowable-async-job-executor-thread-11927#
[PollStageAppStatusExecution] 2d23200b-60aa-4519-b7f8-9f40de7a8ecc [2026-08-25T08:31:29.819499] Expanding "src/gen/data/sap-common-Countries_texts_kk.hdbtabledata"... (STDOUT, APP/TASK/deploy)#
#2026 08 25 08:48:01.078#Z#DEBUG#9140a271-a061-11f1-b78a-eeee0a986e3f.ResilienceCockpit-db-deployer#flowable-async-job-executor-thread-11927#
[PollStageAppStatusExecution] 2d23200b-60aa-4519-b7f8-9f40de7a8ecc [2026-08-25T08:31:29.819501] Expanding "src/gen/data/sap-common-Countries_texts_ko.hdbtabledata"... (STDOUT, APP/TASK/deploy)#
#2026 08 25 08:48:01.078#Z#DEBUG#9140a271-a061-11f1-b78a-eeee0a986e3f.ResilienceCockpit-db-deployer#flowable-async-job-executor-thread-11927#
[PollStageAppStatusExecution] 2d23200b-60aa-4519-b7f8-9f40de7a8ecc [2026-08-25T08:31:29.819503] Expanding "src/gen/data/sap-common-Countries_texts_ja.hdbtabledata"... ok (0s 3ms) (STDOUT, APP/TASK/deploy)#
#2026 08 25 08:48:01.078#Z#DEBUG#9140a271-a061-11f1-b78a-eeee0a986e3f.ResilienceCockpit-db-deployer#flowable-async-job-executor-thread-11927#
[PollStageAppStatusExecution] 2d23200b-60aa-4519-b7f8-9f40de7a8ecc [2026-08-25T08:31:29.819505] Expanding "src/gen/data/sap-common-Countries_texts_ko.hdbtabledata"... ok (0s 2ms) (STDOUT, APP/TASK/deploy)#
#2026 08 25 08:48:01.078#Z#DEBUG#9140a271-a061-11f1-b78a-eeee0a986e3f.ResilienceCockpit-db-deployer#flowable-async-job-executor-thread-11927#
[PollStageAppStatusExecution] 2d23200b-60aa-4519-b7f8-9f40de7a8ecc [2026-08-25T08:31:29.819507] Expanding "src/gen/data/sap-common-Countries_texts_ms.hdbtabledata"... (STDOUT, APP/TASK/deploy)#
#2026 08 25 08:48:01.078#Z#DEBUG#9140a271-a061-11f1-b78a-eeee0a986e3f.ResilienceCockpit-db-deployer#flowable-async-job-executor-thread-11927#
[PollStageAppStatusExecution] 2d23200b-60aa-4519-b7f8-9f40de7a8ecc [2026-08-25T08:31:29.819509] Expanding "src/gen/data/sap-common-Countries_texts_nl.hdbtabledata"... (STDOUT, APP/TASK/deploy)#
#2026 08 25 08:48:01.078#Z#DEBUG#9140a271-a061-11f1-b78a-eeee0a986e3f.ResilienceCockpit-db-deployer#flowable-async-job-executor-thread-11927#
[PollStageAppStatusExecution] 2d23200b-60aa-4519-b7f8-9f40de7a8ecc [2026-08-25T08:31:29.819511] Expanding "src/gen/data/sap-common-Countries_texts_it.hdbtabledata"... ok (0s 3ms) (STDOUT, APP/TASK/deploy)#
#2026 08 25 08:48:01.078#Z#DEBUG#9140a271-a061-11f1-b78a-eeee0a986e3f.ResilienceCockpit-db-deployer#flowable-async-job-executor-thread-11927#
[PollStageAppStatusExecution] 2d23200b-60aa-4519-b7f8-9f40de7a8ecc [2026-08-25T08:31:29.819512] Expanding "src/gen/data/sap-common-Countries_texts_no.hdbtabledata"... (STDOUT, APP/TASK/deploy)#
#2026 08 25 08:48:01.078#Z#DEBUG#9140a271-a061-11f1-b78a-eeee0a986e3f.ResilienceCockpit-db-deployer#flowable-async-job-executor-thread-11927#
[PollStageAppStatusExecution] 2d23200b-60aa-4519-b7f8-9f40de7a8ecc [2026-08-25T08:31:29.819514] Expanding "src/gen/data/sap-common-Countries_texts_kk.hdbtabledata"... ok (0s 3ms) (STDOUT, APP/TASK/deploy)#
#2026 08 25 08:48:01.078#Z#DEBUG#9140a271-a061-11f1-b78a-eeee0a986e3f.ResilienceCockpit-db-deployer#flowable-async-job-executor-thread-11927#
[PollStageAppStatusExecution] 2d23200b-60aa-4519-b7f8-9f40de7a8ecc [2026-08-25T08:31:29.819516] Expanding "src/gen/data/sap-common-Countries_texts_pl.hdbtabledata"... (STDOUT, APP/TASK/deploy)#
#2026 08 25 08:48:01.078#Z#DEBUG#9140a271-a061-11f1-b78a-eeee0a986e3f.ResilienceCockpit-db-deployer#flowable-async-job-executor-thread-11927#
[PollStageAppStatusExecution] 2d23200b-60aa-4519-b7f8-9f40de7a8ecc [2026-08-25T08:31:29.819517] Expanding "src/gen/data/sap-common-Countries_texts_ms.hdbtabledata"... ok (0s 3ms) (STDOUT, APP/TASK/deploy)#
#2026 08 25 08:48:01.078#Z#DEBUG#9140a271-a061-11f1-b78a-eeee0a986e3f.ResilienceCockpit-db-deployer#flowable-async-job-executor-thread-11927#
[PollStageAppStatusExecution] 2d23200b-60aa-4519-b7f8-9f40de7a8ecc [2026-08-25T08:31:29.819531] Expanding "src/gen/data/sap-common-Countries_texts_pt.hdbtabledata"... (STDOUT, APP/TASK/deploy)#
#2026 08 25 08:48:01.078#Z#DEBUG#9140a271-a061-11f1-b78a-eeee0a986e3f.ResilienceCockpit-db-deployer#flowable-async-job-executor-thread-11927#
[PollStageAppStatusExecution] 2d23200b-60aa-4519-b7f8-9f40de7a8ecc [2026-08-25T08:31:29.819533] Expanding "src/gen/data/sap-common-Countries_texts_no.hdbtabledata"... ok (0s 3ms) (STDOUT, APP/TASK/deploy)#
#2026 08 25 08:48:01.078#Z#DEBUG#9140a271-a061-11f1-b78a-eeee0a986e3f.ResilienceCockpit-db-deployer#flowable-async-job-executor-thread-11927#
[PollStageAppStatusExecution] 2d23200b-60aa-4519-b7f8-9f40de7a8ecc [2026-08-25T08:31:29.819536] Expanding "src/gen/data/sap-common-Countries_texts_ro.hdbtabledata"... (STDOUT, APP/TASK/deploy)#
#2026 08 25 08:48:01.078#Z#DEBUG#9140a271-a061-11f1-b78a-eeee0a986e3f.ResilienceCockpit-db-deployer#flowable-async-job-executor-thread-11927#
[PollStageAppStatusExecution] 2d23200b-60aa-4519-b7f8-9f40de7a8ecc [2026-08-25T08:31:29.819537] Expanding "src/gen/data/sap-common-Countries_texts_nl.hdbtabledata"... ok (0s 5ms) (STDOUT, APP/TASK/deploy)#
#2026 08 25 08:48:01.078#Z#DEBUG#9140a271-a061-11f1-b78a-eeee0a986e3f.ResilienceCockpit-db-deployer#flowable-async-job-executor-thread-11927#
[PollStageAppStatusExecution] 2d23200b-60aa-4519-b7f8-9f40de7a8ecc [2026-08-25T08:31:29.819539] Expanding "src/gen/data/sap-common-Countries_texts_pl.hdbtabledata"... ok (0s 4ms) (STDOUT, APP/TASK/deploy)#
#2026 08 25 08:48:01.078#Z#DEBUG#9140a271-a061-11f1-b78a-eeee0a986e3f.ResilienceCockpit-db-deployer#flowable-async-job-executor-thread-11927#
[PollStageAppStatusExecution] 2d23200b-60aa-4519-b7f8-9f40de7a8ecc [2026-08-25T08:31:29.819541] Expanding "src/gen/data/sap-common-Countries_texts_ru.hdbtabledata"... (STDOUT, APP/TASK/deploy)#
#2026 08 25 08:48:01.078#Z#DEBUG#9140a271-a061-11f1-b78a-eeee0a986e3f.ResilienceCockpit-db-deployer#flowable-async-job-executor-thread-11927#
[PollStageAppStatusExecution] 2d23200b-60aa-4519-b7f8-9f40de7a8ecc [2026-08-25T08:31:29.819543] Expanding "src/gen/data/sap-common-Countries_texts_sh.hdbtabledata"... (STDOUT, APP/TASK/deploy)#
#2026 08 25 08:48:01.078#Z#DEBUG#9140a271-a061-11f1-b78a-eeee0a986e3f.ResilienceCockpit-db-deployer#flowable-async-job-executor-thread-11927#
[PollStageAppStatusExecution] 2d23200b-60aa-4519-b7f8-9f40de7a8ecc [2026-08-25T08:31:29.819545] Expanding "src/gen/data/sap-common-Countries_texts_pt.hdbtabledata"... ok (0s 2ms) (STDOUT, APP/TASK/deploy)#
#2026 08 25 08:48:01.078#Z#DEBUG#9140a271-a061-11f1-b78a-eeee0a986e3f.ResilienceCockpit-db-deployer#flowable-async-job-executor-thread-11927#
[PollStageAppStatusExecution] 2d23200b-60aa-4519-b7f8-9f40de7a8ecc [2026-08-25T08:31:29.819546] Expanding "src/gen/data/sap-common-Countries_texts_sk.hdbtabledata"... (STDOUT, APP/TASK/deploy)#
#2026 08 25 08:48:01.078#Z#DEBUG#9140a271-a061-11f1-b78a-eeee0a986e3f.ResilienceCockpit-db-deployer#flowable-async-job-executor-thread-11927#
[PollStageAppStatusExecution] 2d23200b-60aa-4519-b7f8-9f40de7a8ecc [2026-08-25T08:31:29.819548] Expanding "src/gen/data/sap-common-Countries_texts_ro.hdbtabledata"... ok (0s 4ms) (STDOUT, APP/TASK/deploy)#
#2026 08 25 08:48:01.078#Z#DEBUG#9140a271-a061-11f1-b78a-eeee0a986e3f.ResilienceCockpit-db-deployer#flowable-async-job-executor-thread-11927#
[PollStageAppStatusExecution] 2d23200b-60aa-4519-b7f8-9f40de7a8ecc [2026-08-25T08:31:29.819555] Expanding "src/gen/data/sap-common-Countries_texts_ru.hdbtabledata"... ok (0s 3ms) (STDOUT, APP/TASK/deploy)#
#2026 08 25 08:48:01.078#Z#DEBUG#9140a271-a061-11f1-b78a-eeee0a986e3f.ResilienceCockpit-db-deployer#flowable-async-job-executor-thread-11927#
[PollStageAppStatusExecution] 2d23200b-60aa-4519-b7f8-9f40de7a8ecc [2026-08-25T08:31:29.819557] Expanding "src/gen/data/sap-common-Countries_texts_sl.hdbtabledata"... (STDOUT, APP/TASK/deploy)#
#2026 08 25 08:48:01.078#Z#DEBUG#9140a271-a061-11f1-b78a-eeee0a986e3f.ResilienceCockpit-db-deployer#flowable-async-job-executor-thread-11927#
[PollStageAppStatusExecution] 2d23200b-60aa-4519-b7f8-9f40de7a8ecc [2026-08-25T08:31:29.819559] Expanding "src/gen/data/sap-common-Countries_texts_sv.hdbtabledata"... (STDOUT, APP/TASK/deploy)#
#2026 08 25 08:48:01.078#Z#DEBUG#9140a271-a061-11f1-b78a-eeee0a986e3f.ResilienceCockpit-db-deployer#flowable-async-job-executor-thread-11927#
[PollStageAppStatusExecution] 2d23200b-60aa-4519-b7f8-9f40de7a8ecc [2026-08-25T08:31:29.819566] Expanding "src/gen/data/sap-common-Countries_texts_sh.hdbtabledata"... ok (0s 3ms) (STDOUT, APP/TASK/deploy)#
#2026 08 25 08:48:01.078#Z#DEBUG#9140a271-a061-11f1-b78a-eeee0a986e3f.ResilienceCockpit-db-deployer#flowable-async-job-executor-thread-11927#
[PollStageAppStatusExecution] 2d23200b-60aa-4519-b7f8-9f40de7a8ecc [2026-08-25T08:31:29.819568] Expanding "src/gen/data/sap-common-Countries_texts_th.hdbtabledata"... (STDOUT, APP/TASK/deploy)#
#2026 08 25 08:48:01.078#Z#DEBUG#9140a271-a061-11f1-b78a-eeee0a986e3f.ResilienceCockpit-db-deployer#flowable-async-job-executor-thread-11927#
[PollStageAppStatusExecution] 2d23200b-60aa-4519-b7f8-9f40de7a8ecc [2026-08-25T08:31:29.819570] Expanding "src/gen/data/sap-common-Countries_texts_sk.hdbtabledata"... ok (0s 3ms) (STDOUT, APP/TASK/deploy)#
#2026 08 25 08:48:01.078#Z#DEBUG#9140a271-a061-11f1-b78a-eeee0a986e3f.ResilienceCockpit-db-deployer#flowable-async-job-executor-thread-11927#
[PollStageAppStatusExecution] 2d23200b-60aa-4519-b7f8-9f40de7a8ecc [2026-08-25T08:31:29.819573] Expanding "src/gen/data/sap-common-Countries_texts_tr.hdbtabledata"... (STDOUT, APP/TASK/deploy)#
#2026 08 25 08:48:01.078#Z#DEBUG#9140a271-a061-11f1-b78a-eeee0a986e3f.ResilienceCockpit-db-deployer#flowable-async-job-executor-thread-11927#
[PollStageAppStatusExecution] 2d23200b-60aa-4519-b7f8-9f40de7a8ecc [2026-08-25T08:31:29.819809] Expanding "src/gen/data/sap-common-Countries_texts_th.hdbtabledata"... ok (0s 3ms) (STDOUT, APP/TASK/deploy)#
#2026 08 25 08:48:01.078#Z#DEBUG#9140a271-a061-11f1-b78a-eeee0a986e3f.ResilienceCockpit-db-deployer#flowable-async-job-executor-thread-11927#
[PollStageAppStatusExecution] 2d23200b-60aa-4519-b7f8-9f40de7a8ecc [2026-08-25T08:31:29.819815] Expanding "src/gen/data/sap-common-Countries_texts_sv.hdbtabledata"... ok (0s 3ms) (STDOUT, APP/TASK/deploy)#
#2026 08 25 08:48:01.078#Z#DEBUG#9140a271-a061-11f1-b78a-eeee0a986e3f.ResilienceCockpit-db-deployer#flowable-async-job-executor-thread-11927#
[PollStageAppStatusExecution] 2d23200b-60aa-4519-b7f8-9f40de7a8ecc [2026-08-25T08:31:29.819817] Expanding "src/gen/data/sap-common-Countries_texts_uk.hdbtabledata"... (STDOUT, APP/TASK/deploy)#
#2026 08 25 08:48:01.078#Z#DEBUG#9140a271-a061-11f1-b78a-eeee0a986e3f.ResilienceCockpit-db-deployer#flowable-async-job-executor-thread-11927#
[PollStageAppStatusExecution] 2d23200b-60aa-4519-b7f8-9f40de7a8ecc [2026-08-25T08:31:29.819821] Expanding "src/gen/data/sap-common-Countries_texts_sl.hdbtabledata"... ok (0s 3ms) (STDOUT, APP/TASK/deploy)#
#2026 08 25 08:48:01.078#Z#DEBUG#9140a271-a061-11f1-b78a-eeee0a986e3f.ResilienceCockpit-db-deployer#flowable-async-job-executor-thread-11927#
[PollStageAppStatusExecution] 2d23200b-60aa-4519-b7f8-9f40de7a8ecc [2026-08-25T08:31:29.819822] Expanding "src/gen/data/sap-common-Countries_texts_zh_CN.hdbtabledata"... (STDOUT, APP/TASK/deploy)#
#2026 08 25 08:48:01.078#Z#DEBUG#9140a271-a061-11f1-b78a-eeee0a986e3f.ResilienceCockpit-db-deployer#flowable-async-job-executor-thread-11927#
[PollStageAppStatusExecution] 2d23200b-60aa-4519-b7f8-9f40de7a8ecc [2026-08-25T08:31:29.819825] Expanding "src/gen/data/sap-common-Countries_texts_zh_TW.hdbtabledata"... (STDOUT, APP/TASK/deploy)#
#2026 08 25 08:48:01.078#Z#DEBUG#9140a271-a061-11f1-b78a-eeee0a986e3f.ResilienceCockpit-db-deployer#flowable-async-job-executor-thread-11927#
[PollStageAppStatusExecution] 2d23200b-60aa-4519-b7f8-9f40de7a8ecc [2026-08-25T08:31:29.819826] Expanding "src/gen/data/sap-common-Countries_texts_tr.hdbtabledata"... ok (0s 3ms) (STDOUT, APP/TASK/deploy)#
#2026 08 25 08:48:01.078#Z#DEBUG#9140a271-a061-11f1-b78a-eeee0a986e3f.ResilienceCockpit-db-deployer#flowable-async-job-executor-thread-11927#
[PollStageAppStatusExecution] 2d23200b-60aa-4519-b7f8-9f40de7a8ecc [2026-08-25T08:31:29.819828] Expanding "src/gen/localized.ResilienceCockpitService.Countries.hdbview"... (STDOUT, APP/TASK/deploy)#
#2026 08 25 08:48:01.078#Z#DEBUG#9140a271-a061-11f1-b78a-eeee0a986e3f.ResilienceCockpit-db-deployer#flowable-async-job-executor-thread-11927#
[PollStageAppStatusExecution] 2d23200b-60aa-4519-b7f8-9f40de7a8ecc [2026-08-25T08:31:29.819830] Expanding "src/gen/data/sap-common-Countries_texts_uk.hdbtabledata"... ok (0s 3ms) (STDOUT, APP/TASK/deploy)#
#2026 08 25 08:48:01.078#Z#DEBUG#9140a271-a061-11f1-b78a-eeee0a986e3f.ResilienceCockpit-db-deployer#flowable-async-job-executor-thread-11927#
[PollStageAppStatusExecution] 2d23200b-60aa-4519-b7f8-9f40de7a8ecc [2026-08-25T08:31:29.819832] Expanding "src/gen/localized.sap.common.Countries.hdbview"... (STDOUT, APP/TASK/deploy)#
#2026 08 25 08:48:01.078#Z#DEBUG#9140a271-a061-11f1-b78a-eeee0a986e3f.ResilienceCockpit-db-deployer#flowable-async-job-executor-thread-11927#
[PollStageAppStatusExecution] 2d23200b-60aa-4519-b7f8-9f40de7a8ecc [2026-08-25T08:31:29.819835] Expanding "src/gen/data/sap-common-Countries_texts_zh_CN.hdbtabledata"... ok (0s 2ms) (STDOUT, APP/TASK/deploy)#
#2026 08 25 08:48:01.078#Z#DEBUG#9140a271-a061-11f1-b78a-eeee0a986e3f.ResilienceCockpit-db-deployer#flowable-async-job-executor-thread-11927#
[PollStageAppStatusExecution] 2d23200b-60aa-4519-b7f8-9f40de7a8ecc [2026-08-25T08:31:29.819838] Expanding "src/gen/sap.common.Countries.hdbtable"... (STDOUT, APP/TASK/deploy)#
#2026 08 25 08:48:01.078#Z#DEBUG#9140a271-a061-11f1-b78a-eeee0a986e3f.ResilienceCockpit-db-deployer#flowable-async-job-executor-thread-11927#
[PollStageAppStatusExecution] 2d23200b-60aa-4519-b7f8-9f40de7a8ecc [2026-08-25T08:31:29.819840] Expanding "src/gen/data/sap-common-Countries_texts_zh_TW.hdbtabledata"... ok (0s 3ms) (STDOUT, APP/TASK/deploy)#
#2026 08 25 08:48:01.078#Z#DEBUG#9140a271-a061-11f1-b78a-eeee0a986e3f.ResilienceCockpit-db-deployer#flowable-async-job-executor-thread-11927#
[PollStageAppStatusExecution] 2d23200b-60aa-4519-b7f8-9f40de7a8ecc [2026-08-25T08:31:29.819842] Expanding "src/gen/sap.common.Countries_texts.hdbtable"... (STDOUT, APP/TASK/deploy)#
#2026 08 25 08:48:01.078#Z#DEBUG#9140a271-a061-11f1-b78a-eeee0a986e3f.ResilienceCockpit-db-deployer#flowable-async-job-executor-thread-11927#
[PollStageAppStatusExecution] 2d23200b-60aa-4519-b7f8-9f40de7a8ecc [2026-08-25T08:31:29.819845] Expanding "src/gen/localized.ResilienceCockpitService.Countries.hdbview"... ok (0s 14ms) (STDOUT, APP/TASK/deploy)#
#2026 08 25 08:48:01.078#Z#DEBUG#9140a271-a061-11f1-b78a-eeee0a986e3f.ResilienceCockpit-db-deployer#flowable-async-job-executor-thread-11927#
[PollStageAppStatusExecution] 2d23200b-60aa-4519-b7f8-9f40de7a8ecc [2026-08-25T08:31:29.819847] Expanding "src/gen/localized.sap.common.Countries.hdbview"... ok (0s 14ms) (STDOUT, APP/TASK/deploy)#
#2026 08 25 08:48:01.078#Z#DEBUG#9140a271-a061-11f1-b78a-eeee0a986e3f.ResilienceCockpit-db-deployer#flowable-async-job-executor-thread-11927#
[PollStageAppStatusExecution] 2d23200b-60aa-4519-b7f8-9f40de7a8ecc [2026-08-25T08:31:29.819849] Expanding "src/gen/sap.common.Countries.hdbtable"... ok (0s 14ms) (STDOUT, APP/TASK/deploy)#
#2026 08 25 08:48:01.079#Z#DEBUG#9140a271-a061-11f1-b78a-eeee0a986e3f.ResilienceCockpit-db-deployer#flowable-async-job-executor-thread-11927#
[PollStageAppStatusExecution] 2d23200b-60aa-4519-b7f8-9f40de7a8ecc [2026-08-25T08:31:29.819851] Expanding "src/gen/sap.common.Countries_texts.hdbtable"... ok (0s 15ms) (STDOUT, APP/TASK/deploy)#
#2026 08 25 08:48:01.079#Z#DEBUG#9140a271-a061-11f1-b78a-eeee0a986e3f.ResilienceCockpit-db-deployer#flowable-async-job-executor-thread-11927#
[PollStageAppStatusExecution] 2d23200b-60aa-4519-b7f8-9f40de7a8ecc [2026-08-25T08:31:29.819853] Expanding... ok (0s 204ms) (STDOUT, APP/TASK/deploy)#
#2026 08 25 08:48:01.079#Z#DEBUG#9140a271-a061-11f1-b78a-eeee0a986e3f.ResilienceCockpit-db-deployer#flowable-async-job-executor-thread-11927#
[PollStageAppStatusExecution] 2d23200b-60aa-4519-b7f8-9f40de7a8ecc [2026-08-25T08:31:29.819855] Precompiling... (STDOUT, APP/TASK/deploy)#
#2026 08 25 08:48:01.079#Z#DEBUG#9140a271-a061-11f1-b78a-eeee0a986e3f.ResilienceCockpit-db-deployer#flowable-async-job-executor-thread-11927#
[PollStageAppStatusExecution] 2d23200b-60aa-4519-b7f8-9f40de7a8ecc [2026-08-25T08:31:29.819857] Precompiling "src/gen/DRAFT.DraftAdministrativeData.hdbtable"... (STDOUT, APP/TASK/deploy)#
#2026 08 25 08:48:01.079#Z#DEBUG#9140a271-a061-11f1-b78a-eeee0a986e3f.ResilienceCockpit-db-deployer#flowable-async-job-executor-thread-11927#
[PollStageAppStatusExecution] 2d23200b-60aa-4519-b7f8-9f40de7a8ecc [2026-08-25T08:31:29.819859] Precompiling "src/gen/ResilienceCockpit.AlternateSuppliers.hdbtable"... (STDOUT, APP/TASK/deploy)#
#2026 08 25 08:48:01.079#Z#DEBUG#9140a271-a061-11f1-b78a-eeee0a986e3f.ResilienceCockpit-db-deployer#flowable-async-job-executor-thread-11927#
[PollStageAppStatusExecution] 2d23200b-60aa-4519-b7f8-9f40de7a8ecc [2026-08-25T08:31:29.819860] Precompiling "src/gen/ResilienceCockpit.AlternativeMaterials.hdbtable"... (STDOUT, APP/TASK/deploy)#
#2026 08 25 08:48:01.079#Z#DEBUG#9140a271-a061-11f1-b78a-eeee0a986e3f.ResilienceCockpit-db-deployer#flowable-async-job-executor-thread-11927#
[PollStageAppStatusExecution] 2d23200b-60aa-4519-b7f8-9f40de7a8ecc [2026-08-25T08:31:29.819863] Precompiling "src/gen/ResilienceCockpit.SupplierLocations.hdbtable"... (STDOUT, APP/TASK/deploy)#
#2026 08 25 08:48:01.079#Z#DEBUG#9140a271-a061-11f1-b78a-eeee0a986e3f.ResilienceCockpit-db-deployer#flowable-async-job-executor-thread-11927#
[PollStageAppStatusExecution] 2d23200b-60aa-4519-b7f8-9f40de7a8ecc [2026-08-25T08:31:29.819865] Precompiling "src/gen/ResilienceCockpit.AlternativeMaterials.hdbtable"... ok (0s 14ms) (STDOUT, APP/TASK/deploy)#
#2026 08 25 08:48:01.079#Z#DEBUG#9140a271-a061-11f1-b78a-eeee0a986e3f.ResilienceCockpit-db-deployer#flowable-async-job-executor-thread-11927#
[PollStageAppStatusExecution] 2d23200b-60aa-4519-b7f8-9f40de7a8ecc [2026-08-25T08:31:29.819868] Precompiling "src/gen/ResilienceCockpit.SupplierLocations.hdbtable"... ok (0s 14ms) (STDOUT, APP/TASK/deploy)#
#2026 08 25 08:48:01.079#Z#DEBUG#9140a271-a061-11f1-b78a-eeee0a986e3f.ResilienceCockpit-db-deployer#flowable-async-job-executor-thread-11927#
[PollStageAppStatusExecution] 2d23200b-60aa-4519-b7f8-9f40de7a8ecc [2026-08-25T08:31:29.819870] Precompiling "src/gen/DRAFT.DraftAdministrativeData.hdbtable"... ok (0s 17ms) (STDOUT, APP/TASK/deploy)#
#2026 08 25 08:48:01.079#Z#DEBUG#9140a271-a061-11f1-b78a-eeee0a986e3f.ResilienceCockpit-db-deployer#flowable-async-job-executor-thread-11927#
[PollStageAppStatusExecution] 2d23200b-60aa-4519-b7f8-9f40de7a8ecc [2026-08-25T08:31:29.819872] Precompiling "src/gen/ResilienceCockpitService.AlternateSuppliers.hdbview"... (STDOUT, APP/TASK/deploy)#
#2026 08 25 08:48:01.079#Z#DEBUG#9140a271-a061-11f1-b78a-eeee0a986e3f.ResilienceCockpit-db-deployer#flowable-async-job-executor-thread-11927#
[PollStageAppStatusExecution] 2d23200b-60aa-4519-b7f8-9f40de7a8ecc [2026-08-25T08:31:29.819874] Precompiling "src/gen/ResilienceCockpit.AlternateSuppliers.hdbtable"... ok (0s 15ms) (STDOUT, APP/TASK/deploy)#
#2026 08 25 08:48:01.079#Z#DEBUG#9140a271-a061-11f1-b78a-eeee0a986e3f.ResilienceCockpit-db-deployer#flowable-async-job-executor-thread-11927#
[PollStageAppStatusExecution] 2d23200b-60aa-4519-b7f8-9f40de7a8ecc [2026-08-25T08:31:29.819876] Precompiling "src/gen/ResilienceCockpitService.AlternateSuppliers_drafts.hdbtable"... (STDOUT, APP/TASK/deploy)#
#2026 08 25 08:48:01.079#Z#DEBUG#9140a271-a061-11f1-b78a-eeee0a986e3f.ResilienceCockpit-db-deployer#flowable-async-job-executor-thread-11927#
[PollStageAppStatusExecution] 2d23200b-60aa-4519-b7f8-9f40de7a8ecc [2026-08-25T08:31:29.819878] Precompiling "src/gen/ResilienceCockpit.SupplierMaterials.hdbtable"... (STDOUT, APP/TASK/deploy)#
#2026 08 25 08:48:01.079#Z#DEBUG#9140a271-a061-11f1-b78a-eeee0a986e3f.ResilienceCockpit-db-deployer#flowable-async-job-executor-thread-11927#
[PollStageAppStatusExecution] 2d23200b-60aa-4519-b7f8-9f40de7a8ecc [2026-08-25T08:31:29.819880] Precompiling "src/gen/ResilienceCockpitService.AlternativeMaterials.hdbview"... (STDOUT, APP/TASK/deploy)#
#2026 08 25 08:48:01.079#Z#DEBUG#9140a271-a061-11f1-b78a-eeee0a986e3f.ResilienceCockpit-db-deployer#flowable-async-job-executor-thread-11927#
[PollStageAppStatusExecution] 2d23200b-60aa-4519-b7f8-9f40de7a8ecc [2026-08-25T08:31:29.819882] Precompiling "src/gen/ResilienceCockpitService.AlternateSuppliers_drafts.hdbtable"... ok (0s 11ms) (STDOUT, APP/TASK/deploy)#
#2026 08 25 08:48:01.079#Z#DEBUG#9140a271-a061-11f1-b78a-eeee0a986e3f.ResilienceCockpit-db-deployer#flowable-async-job-executor-thread-11927#
[PollStageAppStatusExecution] 2d23200b-60aa-4519-b7f8-9f40de7a8ecc [2026-08-25T08:31:29.819884] Precompiling "src/gen/ResilienceCockpitService.Countries.hdbview"... (STDOUT, APP/TASK/deploy)#
#2026 08 25 08:48:01.079#Z#DEBUG#9140a271-a061-11f1-b78a-eeee0a986e3f.ResilienceCockpit-db-deployer#flowable-async-job-executor-thread-11927#
[PollStageAppStatusExecution] 2d23200b-60aa-4519-b7f8-9f40de7a8ecc [2026-08-25T08:31:29.819886] Precompiling "src/gen/ResilienceCockpit.SupplierMaterials.hdbtable"... ok (0s 12ms) (STDOUT, APP/TASK/deploy)#
#2026 08 25 08:48:01.079#Z#DEBUG#9140a271-a061-11f1-b78a-eeee0a986e3f.ResilienceCockpit-db-deployer#flowable-async-job-executor-thread-11927#
[PollStageAppStatusExecution] 2d23200b-60aa-4519-b7f8-9f40de7a8ecc [2026-08-25T08:31:29.819888] Precompiling "src/gen/ResilienceCockpitService.Countries_texts.hdbview"... (STDOUT, APP/TASK/deploy)#
#2026 08 25 08:48:01.079#Z#DEBUG#9140a271-a061-11f1-b78a-eeee0a986e3f.ResilienceCockpit-db-deployer#flowable-async-job-executor-thread-11927#
[PollStageAppStatusExecution] 2d23200b-60aa-4519-b7f8-9f40de7a8ecc [2026-08-25T08:31:29.819889] Precompiling "src/gen/ResilienceCockpitService.AlternateSuppliers.hdbview"... ok (0s 13ms) (STDOUT, APP/TASK/deploy)#
#2026 08 25 08:48:01.079#Z#DEBUG#9140a271-a061-11f1-b78a-eeee0a986e3f.ResilienceCockpit-db-deployer#flowable-async-job-executor-thread-11927#
[PollStageAppStatusExecution] 2d23200b-60aa-4519-b7f8-9f40de7a8ecc [2026-08-25T08:31:29.819891] Precompiling "src/gen/ResilienceCockpitService.AlternativeMaterials.hdbview"... ok (0s 13ms) (STDOUT, APP/TASK/deploy)#
#2026 08 25 08:48:01.079#Z#DEBUG#9140a271-a061-11f1-b78a-eeee0a986e3f.ResilienceCockpit-db-deployer#flowable-async-job-executor-thread-11927#
[PollStageAppStatusExecution] 2d23200b-60aa-4519-b7f8-9f40de7a8ecc [2026-08-25T08:31:29.819894] Precompiling "src/gen/ResilienceCockpitService.DraftAdministrativeData.hdbview"... (STDOUT, APP/TASK/deploy)#
#2026 08 25 08:48:01.079#Z#DEBUG#9140a271-a061-11f1-b78a-eeee0a986e3f.ResilienceCockpit-db-deployer#flowable-async-job-executor-thread-11927#
[PollStageAppStatusExecution] 2d23200b-60aa-4519-b7f8-9f40de7a8ecc [2026-08-25T08:31:29.819896] Precompiling "src/gen/ResilienceCockpitService.SupplierMaterials.hdbview"... (STDOUT, APP/TASK/deploy)#
#2026 08 25 08:48:01.079#Z#DEBUG#9140a271-a061-11f1-b78a-eeee0a986e3f.ResilienceCockpit-db-deployer#flowable-async-job-executor-thread-11927#
[PollStageAppStatusExecution] 2d23200b-60aa-4519-b7f8-9f40de7a8ecc [2026-08-25T08:31:29.819898] Precompiling "src/gen/ResilienceCockpitService.Countries.hdbview"... ok (0s 12ms) (STDOUT, APP/TASK/deploy)#
#2026 08 25 08:48:01.079#Z#DEBUG#9140a271-a061-11f1-b78a-eeee0a986e3f.ResilienceCockpit-db-deployer#flowable-async-job-executor-thread-11927#
[PollStageAppStatusExecution] 2d23200b-60aa-4519-b7f8-9f40de7a8ecc [2026-08-25T08:31:29.819900] Precompiling "src/gen/ResilienceCockpitService.SupplierMaterials_drafts.hdbtable"... (STDOUT, APP/TASK/deploy)#
#2026 08 25 08:48:01.079#Z#DEBUG#9140a271-a061-11f1-b78a-eeee0a986e3f.ResilienceCockpit-db-deployer#flowable-async-job-executor-thread-11927#
[PollStageAppStatusExecution] 2d23200b-60aa-4519-b7f8-9f40de7a8ecc [2026-08-25T08:31:29.819902] Precompiling "src/gen/ResilienceCockpitService.DraftAdministrativeData.hdbview"... ok (0s 10ms) (STDOUT, APP/TASK/deploy)#
#2026 08 25 08:48:01.079#Z#DEBUG#9140a271-a061-11f1-b78a-eeee0a986e3f.ResilienceCockpit-db-deployer#flowable-async-job-executor-thread-11927#
[PollStageAppStatusExecution] 2d23200b-60aa-4519-b7f8-9f40de7a8ecc [2026-08-25T08:31:29.819904] Precompiling "src/gen/cds.outbox.Messages.hdbtable"... (STDOUT, APP/TASK/deploy)#
#2026 08 25 08:48:01.079#Z#DEBUG#9140a271-a061-11f1-b78a-eeee0a986e3f.ResilienceCockpit-db-deployer#flowable-async-job-executor-thread-11927#
[PollStageAppStatusExecution] 2d23200b-60aa-4519-b7f8-9f40de7a8ecc [2026-08-25T08:31:29.819906] Precompiling "src/gen/ResilienceCockpitService.Countries_texts.hdbview"... ok (0s 12ms) (STDOUT, APP/TASK/deploy)#
#2026 08 25 08:48:01.079#Z#DEBUG#9140a271-a061-11f1-b78a-eeee0a986e3f.ResilienceCockpit-db-deployer#flowable-async-job-executor-thread-11927#
[PollStageAppStatusExecution] 2d23200b-60aa-4519-b7f8-9f40de7a8ecc [2026-08-25T08:31:29.819908] Precompiling "src/gen/data/ResilienceCockpit-AlternateSuppliers.csv"... (STDOUT, APP/TASK/deploy)#
#2026 08 25 08:48:01.079#Z#DEBUG#9140a271-a061-11f1-b78a-eeee0a986e3f.ResilienceCockpit-db-deployer#flowable-async-job-executor-thread-11927#
[PollStageAppStatusExecution] 2d23200b-60aa-4519-b7f8-9f40de7a8ecc [2026-08-25T08:31:29.819931] Precompiling "src/gen/ResilienceCockpitService.SupplierMaterials.hdbview"... ok (0s 11ms) (STDOUT, APP/TASK/deploy)#
#2026 08 25 08:48:01.079#Z#DEBUG#9140a271-a061-11f1-b78a-eeee0a986e3f.ResilienceCockpit-db-deployer#flowable-async-job-executor-thread-11927#
[PollStageAppStatusExecution] 2d23200b-60aa-4519-b7f8-9f40de7a8ecc [2026-08-25T08:31:29.819933] Precompiling "src/gen/data/ResilienceCockpit-AlternateSuppliers.hdbtabledata"... (STDOUT, APP/TASK/deploy)#
#2026 08 25 08:48:01.079#Z#DEBUG#9140a271-a061-11f1-b78a-eeee0a986e3f.ResilienceCockpit-db-deployer#flowable-async-job-executor-thread-11927#
[PollStageAppStatusExecution] 2d23200b-60aa-4519-b7f8-9f40de7a8ecc [2026-08-25T08:31:29.819935] Precompiling "src/gen/data/ResilienceCockpit-AlternateSuppliers.hdbtabledata"... ok (0s 0ms) (STDOUT, APP/TASK/deploy)#
#2026 08 25 08:48:01.079#Z#DEBUG#9140a271-a061-11f1-b78a-eeee0a986e3f.ResilienceCockpit-db-deployer#flowable-async-job-executor-thread-11927#
[PollStageAppStatusExecution] 2d23200b-60aa-4519-b7f8-9f40de7a8ecc [2026-08-25T08:31:29.819937] Precompiling "src/gen/data/ResilienceCockpit-AlternateSuppliers.hdbtabledata$0.expand"... (STDOUT, APP/TASK/deploy)#
#2026 08 25 08:48:01.079#Z#DEBUG#9140a271-a061-11f1-b78a-eeee0a986e3f.ResilienceCockpit-db-deployer#flowable-async-job-executor-thread-11927#
[PollStageAppStatusExecution] 2d23200b-60aa-4519-b7f8-9f40de7a8ecc [2026-08-25T08:31:29.819938] Expanded from "src/gen/data/ResilienceCockpit-AlternateSuppliers.hdbtabledata" (STDOUT, APP/TASK/deploy)#
#2026 08 25 08:48:01.079#Z#DEBUG#9140a271-a061-11f1-b78a-eeee0a986e3f.ResilienceCockpit-db-deployer#flowable-async-job-executor-thread-11927#
[PollStageAppStatusExecution] 2d23200b-60aa-4519-b7f8-9f40de7a8ecc [2026-08-25T08:31:29.819940] Precompiling "src/gen/data/ResilienceCockpit-AlternateSuppliers.csv"... ok (0s 2ms) (STDOUT, APP/TASK/deploy)#
#2026 08 25 08:48:01.079#Z#DEBUG#9140a271-a061-11f1-b78a-eeee0a986e3f.ResilienceCockpit-db-deployer#flowable-async-job-executor-thread-11927#
[PollStageAppStatusExecution] 2d23200b-60aa-4519-b7f8-9f40de7a8ecc [2026-08-25T08:31:29.819942] Precompiling "src/gen/data/ResilienceCockpit-AlternativeMaterials.csv"... (STDOUT, APP/TASK/deploy)#
#2026 08 25 08:48:01.079#Z#DEBUG#9140a271-a061-11f1-b78a-eeee0a986e3f.ResilienceCockpit-db-deployer#flowable-async-job-executor-thread-11927#
[PollStageAppStatusExecution] 2d23200b-60aa-4519-b7f8-9f40de7a8ecc [2026-08-25T08:31:29.819944] Precompiling "src/gen/data/ResilienceCockpit-AlternativeMaterials.csv"... ok (0s 2ms) (STDOUT, APP/TASK/deploy)#
#2026 08 25 08:48:01.079#Z#DEBUG#9140a271-a061-11f1-b78a-eeee0a986e3f.ResilienceCockpit-db-deployer#flowable-async-job-executor-thread-11927#
[PollStageAppStatusExecution] 2d23200b-60aa-4519-b7f8-9f40de7a8ecc [2026-08-25T08:31:29.819945] Precompiling "src/gen/data/ResilienceCockpit-AlternativeMaterials.hdbtabledata"... (STDOUT, APP/TASK/deploy)#
#2026 08 25 08:48:01.079#Z#DEBUG#9140a271-a061-11f1-b78a-eeee0a986e3f.ResilienceCockpit-db-deployer#flowable-async-job-executor-thread-11927#
[PollStageAppStatusExecution] 2d23200b-60aa-4519-b7f8-9f40de7a8ecc [2026-08-25T08:31:29.819948] Precompiling "src/gen/data/ResilienceCockpit-AlternativeMaterials.hdbtabledata"... ok (0s 0ms) (STDOUT, APP/TASK/deploy)#
#2026 08 25 08:48:01.079#Z#DEBUG#9140a271-a061-11f1-b78a-eeee0a986e3f.ResilienceCockpit-db-deployer#flowable-async-job-executor-thread-11927#
[PollStageAppStatusExecution] 2d23200b-60aa-4519-b7f8-9f40de7a8ecc [2026-08-25T08:31:29.819950] Precompiling "src/gen/data/ResilienceCockpit-AlternativeMaterials.hdbtabledata$0.expand"... (STDOUT, APP/TASK/deploy)#
#2026 08 25 08:48:01.079#Z#DEBUG#9140a271-a061-11f1-b78a-eeee0a986e3f.ResilienceCockpit-db-deployer#flowable-async-job-executor-thread-11927#
[PollStageAppStatusExecution] 2d23200b-60aa-4519-b7f8-9f40de7a8ecc [2026-08-25T08:31:29.819951] Expanded from "src/gen/data/ResilienceCockpit-AlternativeMaterials.hdbtabledata" (STDOUT, APP/TASK/deploy)#
#2026 08 25 08:48:01.079#Z#DEBUG#9140a271-a061-11f1-b78a-eeee0a986e3f.ResilienceCockpit-db-deployer#flowable-async-job-executor-thread-11927#
[PollStageAppStatusExecution] 2d23200b-60aa-4519-b7f8-9f40de7a8ecc [2026-08-25T08:31:29.820016] Precompiling "src/gen/data/ResilienceCockpit-AlternateSuppliers.hdbtabledata$0.expand"... ok (0s 4ms) (STDOUT, APP/TASK/deploy)#
#2026 08 25 08:48:01.079#Z#DEBUG#9140a271-a061-11f1-b78a-eeee0a986e3f.ResilienceCockpit-db-deployer#flowable-async-job-executor-thread-11927#
[PollStageAppStatusExecution] 2d23200b-60aa-4519-b7f8-9f40de7a8ecc [2026-08-25T08:31:29.820021] Precompiling "src/gen/data/ResilienceCockpit-AlternativeMaterials.hdbtabledata$0.expand"... ok (0s 1ms) (STDOUT, APP/TASK/deploy)#
#2026 08 25 08:48:01.079#Z#DEBUG#9140a271-a061-11f1-b78a-eeee0a986e3f.ResilienceCockpit-db-deployer#flowable-async-job-executor-thread-11927#
[PollStageAppStatusExecution] 2d23200b-60aa-4519-b7f8-9f40de7a8ecc [2026-08-25T08:31:29.820024] Precompiling "src/gen/data/ResilienceCockpit-SupplierLocations.csv"... (STDOUT, APP/TASK/deploy)#
#2026 08 25 08:48:01.079#Z#DEBUG#9140a271-a061-11f1-b78a-eeee0a986e3f.ResilienceCockpit-db-deployer#flowable-async-job-executor-thread-11927#
[PollStageAppStatusExecution] 2d23200b-60aa-4519-b7f8-9f40de7a8ecc [2026-08-25T08:31:29.820027] Precompiling "src/gen/data/ResilienceCockpit-SupplierLocations.hdbtabledata"... (STDOUT, APP/TASK/deploy)#
#2026 08 25 08:48:01.079#Z#DEBUG#9140a271-a061-11f1-b78a-eeee0a986e3f.ResilienceCockpit-db-deployer#flowable-async-job-executor-thread-11927#
[PollStageAppStatusExecution] 2d23200b-60aa-4519-b7f8-9f40de7a8ecc [2026-08-25T08:31:29.820028] Precompiling "src/gen/data/ResilienceCockpit-SupplierLocations.hdbtabledata"... ok (0s 0ms) (STDOUT, APP/TASK/deploy)#
#2026 08 25 08:48:01.079#Z#DEBUG#9140a271-a061-11f1-b78a-eeee0a986e3f.ResilienceCockpit-db-deployer#flowable-async-job-executor-thread-11927#
[PollStageAppStatusExecution] 2d23200b-60aa-4519-b7f8-9f40de7a8ecc [2026-08-25T08:31:29.820031] Precompiling "src/gen/data/ResilienceCockpit-SupplierLocations.hdbtabledata$0.expand"... (STDOUT, APP/TASK/deploy)#
#2026 08 25 08:48:01.079#Z#DEBUG#9140a271-a061-11f1-b78a-eeee0a986e3f.ResilienceCockpit-db-deployer#flowable-async-job-executor-thread-11927#
[PollStageAppStatusExecution] 2d23200b-60aa-4519-b7f8-9f40de7a8ecc [2026-08-25T08:31:29.820033] Expanded from "src/gen/data/ResilienceCockpit-SupplierLocations.hdbtabledata" (STDOUT, APP/TASK/deploy)#
#2026 08 25 08:48:01.079#Z#DEBUG#9140a271-a061-11f1-b78a-eeee0a986e3f.ResilienceCockpit-db-deployer#flowable-async-job-executor-thread-11927#
[PollStageAppStatusExecution] 2d23200b-60aa-4519-b7f8-9f40de7a8ecc [2026-08-25T08:31:29.820037] Precompiling "src/gen/data/ResilienceCockpit-SupplierLocations.hdbtabledata$0.expand"... ok (0s 1ms) (STDOUT, APP/TASK/deploy)#
#2026 08 25 08:48:01.079#Z#DEBUG#9140a271-a061-11f1-b78a-eeee0a986e3f.ResilienceCockpit-db-deployer#flowable-async-job-executor-thread-11927#
[PollStageAppStatusExecution] 2d23200b-60aa-4519-b7f8-9f40de7a8ecc [2026-08-25T08:31:29.820041] Precompiling "src/gen/data/ResilienceCockpit-SupplierMaterials.csv"... (STDOUT, APP/TASK/deploy)#
#2026 08 25 08:48:01.079#Z#DEBUG#9140a271-a061-11f1-b78a-eeee0a986e3f.ResilienceCockpit-db-deployer#flowable-async-job-executor-thread-11927#
[PollStageAppStatusExecution] 2d23200b-60aa-4519-b7f8-9f40de7a8ecc [2026-08-25T08:31:29.820050] Precompiling "src/gen/data/ResilienceCockpit-SupplierLocations.csv"... ok (0s 2ms) (STDOUT, APP/TASK/deploy)#
#2026 08 25 08:48:01.079#Z#DEBUG#9140a271-a061-11f1-b78a-eeee0a986e3f.ResilienceCockpit-db-deployer#flowable-async-job-executor-thread-11927#
[PollStageAppStatusExecution] 2d23200b-60aa-4519-b7f8-9f40de7a8ecc [2026-08-25T08:31:29.820055] Precompiling "src/gen/data/ResilienceCockpit-SupplierMaterials.hdbtabledata"... (STDOUT, APP/TASK/deploy)#
#2026 08 25 08:48:01.079#Z#DEBUG#9140a271-a061-11f1-b78a-eeee0a986e3f.ResilienceCockpit-db-deployer#flowable-async-job-executor-thread-11927#
[PollStageAppStatusExecution] 2d23200b-60aa-4519-b7f8-9f40de7a8ecc [2026-08-25T08:31:29.820057] Precompiling "src/gen/data/ResilienceCockpit-SupplierMaterials.hdbtabledata"... ok (0s 0ms) (STDOUT, APP/TASK/deploy)#
#2026 08 25 08:48:01.079#Z#DEBUG#9140a271-a061-11f1-b78a-eeee0a986e3f.ResilienceCockpit-db-deployer#flowable-async-job-executor-thread-11927#
[PollStageAppStatusExecution] 2d23200b-60aa-4519-b7f8-9f40de7a8ecc [2026-08-25T08:31:29.820070] Precompiling "src/gen/data/ResilienceCockpit-SupplierMaterials.hdbtabledata$0.expand"... (STDOUT, APP/TASK/deploy)#
#2026 08 25 08:48:01.079#Z#DEBUG#9140a271-a061-11f1-b78a-eeee0a986e3f.ResilienceCockpit-db-deployer#flowable-async-job-executor-thread-11927#
[PollStageAppStatusExecution] 2d23200b-60aa-4519-b7f8-9f40de7a8ecc [2026-08-25T08:31:29.820072] Expanded from "src/gen/data/ResilienceCockpit-SupplierMaterials.hdbtabledata" (STDOUT, APP/TASK/deploy)#
#2026 08 25 08:48:01.079#Z#DEBUG#9140a271-a061-11f1-b78a-eeee0a986e3f.ResilienceCockpit-db-deployer#flowable-async-job-executor-thread-11927#
[PollStageAppStatusExecution] 2d23200b-60aa-4519-b7f8-9f40de7a8ecc [2026-08-25T08:31:29.820074] Precompiling "src/gen/data/ResilienceCockpit-SupplierMaterials.csv"... ok (0s 3ms) (STDOUT, APP/TASK/deploy)#
#2026 08 25 08:48:01.079#Z#DEBUG#9140a271-a061-11f1-b78a-eeee0a986e3f.ResilienceCockpit-db-deployer#flowable-async-job-executor-thread-11927#
[PollStageAppStatusExecution] 2d23200b-60aa-4519-b7f8-9f40de7a8ecc [2026-08-25T08:31:29.820077] Precompiling "src/gen/data/sap-common-Countries.csv"... (STDOUT, APP/TASK/deploy)#
#2026 08 25 08:48:01.079#Z#DEBUG#9140a271-a061-11f1-b78a-eeee0a986e3f.ResilienceCockpit-db-deployer#flowable-async-job-executor-thread-11927#
[PollStageAppStatusExecution] 2d23200b-60aa-4519-b7f8-9f40de7a8ecc [2026-08-25T08:31:29.820079] Precompiling "src/gen/cds.outbox.Messages.hdbtable"... ok (0s 11ms) (STDOUT, APP/TASK/deploy)#
#2026 08 25 08:48:01.079#Z#DEBUG#9140a271-a061-11f1-b78a-eeee0a986e3f.ResilienceCockpit-db-deployer#flowable-async-job-executor-thread-11927#
[PollStageAppStatusExecution] 2d23200b-60aa-4519-b7f8-9f40de7a8ecc [2026-08-25T08:31:29.820081] Precompiling "src/gen/data/sap-common-Countries.hdbtabledata"... (STDOUT, APP/TASK/deploy)#
#2026 08 25 08:48:01.079#Z#DEBUG#9140a271-a061-11f1-b78a-eeee0a986e3f.ResilienceCockpit-db-deployer#flowable-async-job-executor-thread-11927#
[PollStageAppStatusExecution] 2d23200b-60aa-4519-b7f8-9f40de7a8ecc [2026-08-25T08:31:29.820083] Precompiling "src/gen/data/sap-common-Countries.hdbtabledata"... ok (0s 0ms) (STDOUT, APP/TASK/deploy)#
#2026 08 25 08:48:01.079#Z#DEBUG#9140a271-a061-11f1-b78a-eeee0a986e3f.ResilienceCockpit-db-deployer#flowable-async-job-executor-thread-11927#
[PollStageAppStatusExecution] 2d23200b-60aa-4519-b7f8-9f40de7a8ecc [2026-08-25T08:31:29.820085] Precompiling "src/gen/data/sap-common-Countries.hdbtabledata$0.expand"... (STDOUT, APP/TASK/deploy)#
#2026 08 25 08:48:01.079#Z#DEBUG#9140a271-a061-11f1-b78a-eeee0a986e3f.ResilienceCockpit-db-deployer#flowable-async-job-executor-thread-11927#
[PollStageAppStatusExecution] 2d23200b-60aa-4519-b7f8-9f40de7a8ecc [2026-08-25T08:31:29.820088] Precompiling "src/gen/data/ResilienceCockpit-SupplierMaterials.hdbtabledata$0.expand"... ok (0s 2ms) (STDOUT, APP/TASK/deploy)#
#2026 08 25 08:48:01.079#Z#DEBUG#9140a271-a061-11f1-b78a-eeee0a986e3f.ResilienceCockpit-db-deployer#flowable-async-job-executor-thread-11927#
[PollStageAppStatusExecution] 2d23200b-60aa-4519-b7f8-9f40de7a8ecc [2026-08-25T08:31:29.820096] Expanded from "src/gen/data/sap-common-Countries.hdbtabledata" (STDOUT, APP/TASK/deploy)#
#2026 08 25 08:48:01.079#Z#DEBUG#9140a271-a061-11f1-b78a-eeee0a986e3f.ResilienceCockpit-db-deployer#flowable-async-job-executor-thread-11927#
[PollStageAppStatusExecution] 2d23200b-60aa-4519-b7f8-9f40de7a8ecc [2026-08-25T08:31:29.820109] Precompiling "src/gen/data/sap-common-Countries_texts_ar.csv"... (STDOUT, APP/TASK/deploy)#
#2026 08 25 08:48:01.079#Z#DEBUG#9140a271-a061-11f1-b78a-eeee0a986e3f.ResilienceCockpit-db-deployer#flowable-async-job-executor-thread-11927#
[PollStageAppStatusExecution] 2d23200b-60aa-4519-b7f8-9f40de7a8ecc [2026-08-25T08:31:29.820118] Precompiling "src/gen/data/sap-common-Countries.hdbtabledata$0.expand"... ok (0s 1ms) (STDOUT, APP/TASK/deploy)#
#2026 08 25 08:48:01.079#Z#DEBUG#9140a271-a061-11f1-b78a-eeee0a986e3f.ResilienceCockpit-db-deployer#flowable-async-job-executor-thread-11927#
[PollStageAppStatusExecution] 2d23200b-60aa-4519-b7f8-9f40de7a8ecc [2026-08-25T08:31:29.820121] Precompiling "src/gen/data/sap-common-Countries_texts_ar.hdbtabledata"... (STDOUT, APP/TASK/deploy)#
#2026 08 25 08:48:01.079#Z#DEBUG#9140a271-a061-11f1-b78a-eeee0a986e3f.ResilienceCockpit-db-deployer#flowable-async-job-executor-thread-11927#
[PollStageAppStatusExecution] 2d23200b-60aa-4519-b7f8-9f40de7a8ecc [2026-08-25T08:31:29.820124] Precompiling "src/gen/data/sap-common-Countries_texts_ar.hdbtabledata"... ok (0s 0ms) (STDOUT, APP/TASK/deploy)#
#2026 08 25 08:48:01.079#Z#DEBUG#9140a271-a061-11f1-b78a-eeee0a986e3f.ResilienceCockpit-db-deployer#flowable-async-job-executor-thread-11927#
[PollStageAppStatusExecution] 2d23200b-60aa-4519-b7f8-9f40de7a8ecc [2026-08-25T08:31:29.820125] Precompiling "src/gen/data/sap-common-Countries_texts_ar.hdbtabledata$0.expand"... (STDOUT, APP/TASK/deploy)#
#2026 08 25 08:48:01.079#Z#DEBUG#9140a271-a061-11f1-b78a-eeee0a986e3f.ResilienceCockpit-db-deployer#flowable-async-job-executor-thread-11927#
[PollStageAppStatusExecution] 2d23200b-60aa-4519-b7f8-9f40de7a8ecc [2026-08-25T08:31:29.820127] Expanded from "src/gen/data/sap-common-Countries_texts_ar.hdbtabledata" (STDOUT, APP/TASK/deploy)#
#2026 08 25 08:48:01.079#Z#DEBUG#9140a271-a061-11f1-b78a-eeee0a986e3f.ResilienceCockpit-db-deployer#flowable-async-job-executor-thread-11927#
[PollStageAppStatusExecution] 2d23200b-60aa-4519-b7f8-9f40de7a8ecc [2026-08-25T08:31:29.820129] Precompiling "src/gen/ResilienceCockpitService.SupplierMaterials_drafts.hdbtable"... ok (0s 13ms) (STDOUT, APP/TASK/deploy)#
#2026 08 25 08:48:01.079#Z#DEBUG#9140a271-a061-11f1-b78a-eeee0a986e3f.ResilienceCockpit-db-deployer#flowable-async-job-executor-thread-11927#
[PollStageAppStatusExecution] 2d23200b-60aa-4519-b7f8-9f40de7a8ecc [2026-08-25T08:31:29.820134] Precompiling "src/gen/data/sap-common-Countries_texts_bg.csv"... (STDOUT, APP/TASK/deploy)#
#2026 08 25 08:48:01.079#Z#DEBUG#9140a271-a061-11f1-b78a-eeee0a986e3f.ResilienceCockpit-db-deployer#flowable-async-job-executor-thread-11927#
[PollStageAppStatusExecution] 2d23200b-60aa-4519-b7f8-9f40de7a8ecc [2026-08-25T08:31:29.820136] Precompiling "src/gen/data/sap-common-Countries.csv"... ok (0s 2ms) (STDOUT, APP/TASK/deploy)#
#2026 08 25 08:48:01.079#Z#DEBUG#9140a271-a061-11f1-b78a-eeee0a986e3f.ResilienceCockpit-db-deployer#flowable-async-job-executor-thread-11927#
[PollStageAppStatusExecution] 2d23200b-60aa-4519-b7f8-9f40de7a8ecc [2026-08-25T08:31:29.820180] Precompiling "src/gen/data/sap-common-Countries_texts_bg.hdbtabledata"... (STDOUT, APP/TASK/deploy)#
#2026 08 25 08:48:01.079#Z#DEBUG#9140a271-a061-11f1-b78a-eeee0a986e3f.ResilienceCockpit-db-deployer#flowable-async-job-executor-thread-11927#
[PollStageAppStatusExecution] 2d23200b-60aa-4519-b7f8-9f40de7a8ecc [2026-08-25T08:31:29.820187] Precompiling "src/gen/data/sap-common-Countries_texts_bg.hdbtabledata"... ok (0s 0ms) (STDOUT, APP/TASK/deploy)#
#2026 08 25 08:48:01.079#Z#DEBUG#9140a271-a061-11f1-b78a-eeee0a986e3f.ResilienceCockpit-db-deployer#flowable-async-job-executor-thread-11927#
[PollStageAppStatusExecution] 2d23200b-60aa-4519-b7f8-9f40de7a8ecc [2026-08-25T08:31:29.820191] Precompiling "src/gen/data/sap-common-Countries_texts_bg.hdbtabledata$0.expand"... (STDOUT, APP/TASK/deploy)#
#2026 08 25 08:48:01.079#Z#DEBUG#9140a271-a061-11f1-b78a-eeee0a986e3f.ResilienceCockpit-db-deployer#flowable-async-job-executor-thread-11927#
[PollStageAppStatusExecution] 2d23200b-60aa-4519-b7f8-9f40de7a8ecc [2026-08-25T08:31:29.820192] Precompiling "src/gen/data/sap-common-Countries_texts_ar.csv"... ok (0s 2ms) (STDOUT, APP/TASK/deploy)#
#2026 08 25 08:48:01.079#Z#DEBUG#9140a271-a061-11f1-b78a-eeee0a986e3f.ResilienceCockpit-db-deployer#flowable-async-job-executor-thread-11927#
[PollStageAppStatusExecution] 2d23200b-60aa-4519-b7f8-9f40de7a8ecc [2026-08-25T08:31:29.820194] Expanded from "src/gen/data/sap-common-Countries_texts_bg.hdbtabledata" (STDOUT, APP/TASK/deploy)#
#2026 08 25 08:48:01.079#Z#DEBUG#9140a271-a061-11f1-b78a-eeee0a986e3f.ResilienceCockpit-db-deployer#flowable-async-job-executor-thread-11927#
[PollStageAppStatusExecution] 2d23200b-60aa-4519-b7f8-9f40de7a8ecc [2026-08-25T08:31:29.820197] Precompiling "src/gen/data/sap-common-Countries_texts_cs.csv"... (STDOUT, APP/TASK/deploy)#
#2026 08 25 08:48:01.079#Z#DEBUG#9140a271-a061-11f1-b78a-eeee0a986e3f.ResilienceCockpit-db-deployer#flowable-async-job-executor-thread-11927#
[PollStageAppStatusExecution] 2d23200b-60aa-4519-b7f8-9f40de7a8ecc [2026-08-25T08:31:29.820200] Precompiling "src/gen/data/sap-common-Countries_texts_ar.hdbtabledata$0.expand"... ok (0s 2ms) (STDOUT, APP/TASK/deploy)#
#2026 08 25 08:48:01.079#Z#DEBUG#9140a271-a061-11f1-b78a-eeee0a986e3f.ResilienceCockpit-db-deployer#flowable-async-job-executor-thread-11927#
[PollStageAppStatusExecution] 2d23200b-60aa-4519-b7f8-9f40de7a8ecc [2026-08-25T08:31:29.820201] Precompiling "src/gen/data/sap-common-Countries_texts_bg.hdbtabledata$0.expand"... ok (0s 1ms) (STDOUT, APP/TASK/deploy)#
#2026 08 25 08:48:01.079#Z#DEBUG#9140a271-a061-11f1-b78a-eeee0a986e3f.ResilienceCockpit-db-deployer#flowable-async-job-executor-thread-11927#
[PollStageAppStatusExecution] 2d23200b-60aa-4519-b7f8-9f40de7a8ecc [2026-08-25T08:31:29.820206] Precompiling "src/gen/data/sap-common-Countries_texts_cs.hdbtabledata$0.expand"... (STDOUT, APP/TASK/deploy)#
#2026 08 25 08:48:01.079#Z#DEBUG#9140a271-a061-11f1-b78a-eeee0a986e3f.ResilienceCockpit-db-deployer#flowable-async-job-executor-thread-11927#
[PollStageAppStatusExecution] 2d23200b-60aa-4519-b7f8-9f40de7a8ecc [2026-08-25T08:31:29.820211] Precompiling "src/gen/data/sap-common-Countries_texts_cs.hdbtabledata"... (STDOUT, APP/TASK/deploy)#
#2026 08 25 08:48:01.079#Z#DEBUG#9140a271-a061-11f1-b78a-eeee0a986e3f.ResilienceCockpit-db-deployer#flowable-async-job-executor-thread-11927#
[PollStageAppStatusExecution] 2d23200b-60aa-4519-b7f8-9f40de7a8ecc [2026-08-25T08:31:29.820214] Expanded from "src/gen/data/sap-common-Countries_texts_cs.hdbtabledata" (STDOUT, APP/TASK/deploy)#
#2026 08 25 08:48:01.079#Z#DEBUG#9140a271-a061-11f1-b78a-eeee0a986e3f.ResilienceCockpit-db-deployer#flowable-async-job-executor-thread-11927#
[PollStageAppStatusExecution] 2d23200b-60aa-4519-b7f8-9f40de7a8ecc [2026-08-25T08:31:29.820219] Precompiling "src/gen/data/sap-common-Countries_texts_cs.hdbtabledata"... ok (0s 0ms) (STDOUT, APP/TASK/deploy)#
#2026 08 25 08:48:01.079#Z#DEBUG#9140a271-a061-11f1-b78a-eeee0a986e3f.ResilienceCockpit-db-deployer#flowable-async-job-executor-thread-11927#
[PollStageAppStatusExecution] 2d23200b-60aa-4519-b7f8-9f40de7a8ecc [2026-08-25T08:31:29.820222] Precompiling "src/gen/data/sap-common-Countries_texts_da.csv"... (STDOUT, APP/TASK/deploy)#
#2026 08 25 08:48:01.079#Z#DEBUG#9140a271-a061-11f1-b78a-eeee0a986e3f.ResilienceCockpit-db-deployer#flowable-async-job-executor-thread-11927#
[PollStageAppStatusExecution] 2d23200b-60aa-4519-b7f8-9f40de7a8ecc [2026-08-25T08:31:29.820223] Precompiling "src/gen/data/sap-common-Countries_texts_bg.csv"... ok (0s 2ms) (STDOUT, APP/TASK/deploy)#
#2026 08 25 08:48:01.079#Z#DEBUG#9140a271-a061-11f1-b78a-eeee0a986e3f.ResilienceCockpit-db-deployer#flowable-async-job-executor-thread-11927#
[PollStageAppStatusExecution] 2d23200b-60aa-4519-b7f8-9f40de7a8ecc [2026-08-25T08:31:29.820229] Precompiling "src/gen/data/sap-common-Countries_texts_cs.hdbtabledata$0.expand"... ok (0s 1ms) (STDOUT, APP/TASK/deploy)#
#2026 08 25 08:48:01.079#Z#DEBUG#9140a271-a061-11f1-b78a-eeee0a986e3f.ResilienceCockpit-db-deployer#flowable-async-job-executor-thread-11927#
[PollStageAppStatusExecution] 2d23200b-60aa-4519-b7f8-9f40de7a8ecc [2026-08-25T08:31:29.820230] Precompiling "src/gen/data/sap-common-Countries_texts_da.hdbtabledata"... (STDOUT, APP/TASK/deploy)#
#2026 08 25 08:48:01.079#Z#DEBUG#9140a271-a061-11f1-b78a-eeee0a986e3f.ResilienceCockpit-db-deployer#flowable-async-job-executor-thread-11927#
[PollStageAppStatusExecution] 2d23200b-60aa-4519-b7f8-9f40de7a8ecc [2026-08-25T08:31:29.820232] Precompiling "src/gen/data/sap-common-Countries_texts_da.hdbtabledata$0.expand"... (STDOUT, APP/TASK/deploy)#
#2026 08 25 08:48:01.079#Z#DEBUG#9140a271-a061-11f1-b78a-eeee0a986e3f.ResilienceCockpit-db-deployer#flowable-async-job-executor-thread-11927#
[PollStageAppStatusExecution] 2d23200b-60aa-4519-b7f8-9f40de7a8ecc [2026-08-25T08:31:29.820240] Precompiling "src/gen/data/sap-common-Countries_texts_cs.csv"... ok (0s 2ms) (STDOUT, APP/TASK/deploy)#
#2026 08 25 08:48:01.079#Z#DEBUG#9140a271-a061-11f1-b78a-eeee0a986e3f.ResilienceCockpit-db-deployer#flowable-async-job-executor-thread-11927#
[PollStageAppStatusExecution] 2d23200b-60aa-4519-b7f8-9f40de7a8ecc [2026-08-25T08:31:29.820242] Expanded from "src/gen/data/sap-common-Countries_texts_da.hdbtabledata" (STDOUT, APP/TASK/deploy)#
#2026 08 25 08:48:01.079#Z#DEBUG#9140a271-a061-11f1-b78a-eeee0a986e3f.ResilienceCockpit-db-deployer#flowable-async-job-executor-thread-11927#
[PollStageAppStatusExecution] 2d23200b-60aa-4519-b7f8-9f40de7a8ecc [2026-08-25T08:31:29.820244] Precompiling "src/gen/data/sap-common-Countries_texts_da.hdbtabledata"... ok (0s 0ms) (STDOUT, APP/TASK/deploy)#
#2026 08 25 08:48:01.079#Z#DEBUG#9140a271-a061-11f1-b78a-eeee0a986e3f.ResilienceCockpit-db-deployer#flowable-async-job-executor-thread-11927#
[PollStageAppStatusExecution] 2d23200b-60aa-4519-b7f8-9f40de7a8ecc [2026-08-25T08:31:29.820245] Precompiling "src/gen/data/sap-common-Countries_texts_de.hdbtabledata"... (STDOUT, APP/TASK/deploy)#
#2026 08 25 08:48:01.079#Z#DEBUG#9140a271-a061-11f1-b78a-eeee0a986e3f.ResilienceCockpit-db-deployer#flowable-async-job-executor-thread-11927#
[PollStageAppStatusExecution] 2d23200b-60aa-4519-b7f8-9f40de7a8ecc [2026-08-25T08:31:29.820278] Precompiling "src/gen/data/sap-common-Countries_texts_de.hdbtabledata"... ok (0s 0ms) (STDOUT, APP/TASK/deploy)#
#2026 08 25 08:48:01.079#Z#DEBUG#9140a271-a061-11f1-b78a-eeee0a986e3f.ResilienceCockpit-db-deployer#flowable-async-job-executor-thread-11927#
[PollStageAppStatusExecution] 2d23200b-60aa-4519-b7f8-9f40de7a8ecc [2026-08-25T08:31:29.820284] Precompiling "src/gen/data/sap-common-Countries_texts_de.csv"... (STDOUT, APP/TASK/deploy)#
#2026 08 25 08:48:01.079#Z#DEBUG#9140a271-a061-11f1-b78a-eeee0a986e3f.ResilienceCockpit-db-deployer#flowable-async-job-executor-thread-11927#
[PollStageAppStatusExecution] 2d23200b-60aa-4519-b7f8-9f40de7a8ecc [2026-08-25T08:31:29.820286] Precompiling "src/gen/data/sap-common-Countries_texts_de.hdbtabledata$0.expand"... (STDOUT, APP/TASK/deploy)#
#2026 08 25 08:48:01.079#Z#DEBUG#9140a271-a061-11f1-b78a-eeee0a986e3f.ResilienceCockpit-db-deployer#flowable-async-job-executor-thread-11927#
[PollStageAppStatusExecution] 2d23200b-60aa-4519-b7f8-9f40de7a8ecc [2026-08-25T08:31:29.820288] Expanded from "src/gen/data/sap-common-Countries_texts_de.hdbtabledata" (STDOUT, APP/TASK/deploy)#
#2026 08 25 08:48:01.079#Z#DEBUG#9140a271-a061-11f1-b78a-eeee0a986e3f.ResilienceCockpit-db-deployer#flowable-async-job-executor-thread-11927#
[PollStageAppStatusExecution] 2d23200b-60aa-4519-b7f8-9f40de7a8ecc [2026-08-25T08:31:29.820299] Precompiling "src/gen/data/sap-common-Countries_texts_da.hdbtabledata$0.expand"... ok (0s 1ms) (STDOUT, APP/TASK/deploy)#
#2026 08 25 08:48:01.079#Z#DEBUG#9140a271-a061-11f1-b78a-eeee0a986e3f.ResilienceCockpit-db-deployer#flowable-async-job-executor-thread-11927#
[PollStageAppStatusExecution] 2d23200b-60aa-4519-b7f8-9f40de7a8ecc [2026-08-25T08:31:29.820301] Precompiling "src/gen/data/sap-common-Countries_texts_el.csv"... (STDOUT, APP/TASK/deploy)#
#2026 08 25 08:48:01.079#Z#DEBUG#9140a271-a061-11f1-b78a-eeee0a986e3f.ResilienceCockpit-db-deployer#flowable-async-job-executor-thread-11927#
[PollStageAppStatusExecution] 2d23200b-60aa-4519-b7f8-9f40de7a8ecc [2026-08-25T08:31:29.820303] Precompiling "src/gen/data/sap-common-Countries_texts_da.csv"... ok (0s 2ms) (STDOUT, APP/TASK/deploy)#
#2026 08 25 08:48:01.079#Z#DEBUG#9140a271-a061-11f1-b78a-eeee0a986e3f.ResilienceCockpit-db-deployer#flowable-async-job-executor-thread-11927#
[PollStageAppStatusExecution] 2d23200b-60aa-4519-b7f8-9f40de7a8ecc [2026-08-25T08:31:29.820310] Precompiling "src/gen/data/sap-common-Countries_texts_el.hdbtabledata"... (STDOUT, APP/TASK/deploy)#
#2026 08 25 08:48:01.079#Z#DEBUG#9140a271-a061-11f1-b78a-eeee0a986e3f.ResilienceCockpit-db-deployer#flowable-async-job-executor-thread-11927#
[PollStageAppStatusExecution] 2d23200b-60aa-4519-b7f8-9f40de7a8ecc [2026-08-25T08:31:29.820312] Precompiling "src/gen/data/sap-common-Countries_texts_el.hdbtabledata"... ok (0s 0ms) (STDOUT, APP/TASK/deploy)#
#2026 08 25 08:48:01.079#Z#DEBUG#9140a271-a061-11f1-b78a-eeee0a986e3f.ResilienceCockpit-db-deployer#flowable-async-job-executor-thread-11927#
[PollStageAppStatusExecution] 2d23200b-60aa-4519-b7f8-9f40de7a8ecc [2026-08-25T08:31:29.820313] Precompiling "src/gen/data/sap-common-Countries_texts_el.hdbtabledata$0.expand"... (STDOUT, APP/TASK/deploy)#
#2026 08 25 08:48:01.079#Z#DEBUG#9140a271-a061-11f1-b78a-eeee0a986e3f.ResilienceCockpit-db-deployer#flowable-async-job-executor-thread-11927#
[PollStageAppStatusExecution] 2d23200b-60aa-4519-b7f8-9f40de7a8ecc [2026-08-25T08:31:29.820315] Expanded from "src/gen/data/sap-common-Countries_texts_el.hdbtabledata" (STDOUT, APP/TASK/deploy)#
#2026 08 25 08:48:01.079#Z#DEBUG#9140a271-a061-11f1-b78a-eeee0a986e3f.ResilienceCockpit-db-deployer#flowable-async-job-executor-thread-11927#
[PollStageAppStatusExecution] 2d23200b-60aa-4519-b7f8-9f40de7a8ecc [2026-08-25T08:31:29.820317] Precompiling "src/gen/data/sap-common-Countries_texts_de.hdbtabledata$0.expand"... ok (0s 2ms) (STDOUT, APP/TASK/deploy)#
#2026 08 25 08:48:01.079#Z#DEBUG#9140a271-a061-11f1-b78a-eeee0a986e3f.ResilienceCockpit-db-deployer#flowable-async-job-executor-thread-11927#
[PollStageAppStatusExecution] 2d23200b-60aa-4519-b7f8-9f40de7a8ecc [2026-08-25T08:31:29.820326] Precompiling "src/gen/data/sap-common-Countries_texts_en.csv"... (STDOUT, APP/TASK/deploy)#
#2026 08 25 08:48:01.079#Z#DEBUG#9140a271-a061-11f1-b78a-eeee0a986e3f.ResilienceCockpit-db-deployer#flowable-async-job-executor-thread-11927#
[PollStageAppStatusExecution] 2d23200b-60aa-4519-b7f8-9f40de7a8ecc [2026-08-25T08:31:29.820328] Precompiling "src/gen/data/sap-common-Countries_texts_de.csv"... ok (0s 2ms) (STDOUT, APP/TASK/deploy)#
#2026 08 25 08:48:01.079#Z#DEBUG#9140a271-a061-11f1-b78a-eeee0a986e3f.ResilienceCockpit-db-deployer#flowable-async-job-executor-thread-11927#
[PollStageAppStatusExecution] 2d23200b-60aa-4519-b7f8-9f40de7a8ecc [2026-08-25T08:31:29.820329] Precompiling "src/gen/data/sap-common-Countries_texts_en.hdbtabledata"... (STDOUT, APP/TASK/deploy)#
#2026 08 25 08:48:01.079#Z#DEBUG#9140a271-a061-11f1-b78a-eeee0a986e3f.ResilienceCockpit-db-deployer#flowable-async-job-executor-thread-11927#
[PollStageAppStatusExecution] 2d23200b-60aa-4519-b7f8-9f40de7a8ecc [2026-08-25T08:31:29.820331] Precompiling "src/gen/data/sap-common-Countries_texts_en.hdbtabledata"... ok (0s 0ms) (STDOUT, APP/TASK/deploy)#
#2026 08 25 08:48:01.079#Z#DEBUG#9140a271-a061-11f1-b78a-eeee0a986e3f.ResilienceCockpit-db-deployer#flowable-async-job-executor-thread-11927#
[PollStageAppStatusExecution] 2d23200b-60aa-4519-b7f8-9f40de7a8ecc [2026-08-25T08:31:29.820333] Precompiling "src/gen/data/sap-common-Countries_texts_en.hdbtabledata$0.expand"... (STDOUT, APP/TASK/deploy)#
#2026 08 25 08:48:01.079#Z#DEBUG#9140a271-a061-11f1-b78a-eeee0a986e3f.ResilienceCockpit-db-deployer#flowable-async-job-executor-thread-11927#
[PollStageAppStatusExecution] 2d23200b-60aa-4519-b7f8-9f40de7a8ecc [2026-08-25T08:31:29.820334] Expanded from "src/gen/data/sap-common-Countries_texts_en.hdbtabledata" (STDOUT, APP/TASK/deploy)#
#2026 08 25 08:48:01.079#Z#DEBUG#9140a271-a061-11f1-b78a-eeee0a986e3f.ResilienceCockpit-db-deployer#flowable-async-job-executor-thread-11927#
[PollStageAppStatusExecution] 2d23200b-60aa-4519-b7f8-9f40de7a8ecc [2026-08-25T08:31:29.820336] Precompiling "src/gen/data/sap-common-Countries_texts_el.hdbtabledata$0.expand"... ok (0s 1ms) (STDOUT, APP/TASK/deploy)#
#2026 08 25 08:48:01.079#Z#DEBUG#9140a271-a061-11f1-b78a-eeee0a986e3f.ResilienceCockpit-db-deployer#flowable-async-job-executor-thread-11927#
[PollStageAppStatusExecution] 2d23200b-60aa-4519-b7f8-9f40de7a8ecc [2026-08-25T08:31:29.820339] Precompiling "src/gen/data/sap-common-Countries_texts_en_US_saptrc.csv"... (STDOUT, APP/TASK/deploy)#
#2026 08 25 08:48:01.079#Z#DEBUG#9140a271-a061-11f1-b78a-eeee0a986e3f.ResilienceCockpit-db-deployer#flowable-async-job-executor-thread-11927#
[PollStageAppStatusExecution] 2d23200b-60aa-4519-b7f8-9f40de7a8ecc [2026-08-25T08:31:29.820344] Precompiling "src/gen/data/sap-common-Countries_texts_el.csv"... ok (0s 2ms) (STDOUT, APP/TASK/deploy)#
#2026 08 25 08:48:01.079#Z#DEBUG#9140a271-a061-11f1-b78a-eeee0a986e3f.ResilienceCockpit-db-deployer#flowable-async-job-executor-thread-11927#
[PollStageAppStatusExecution] 2d23200b-60aa-4519-b7f8-9f40de7a8ecc [2026-08-25T08:31:29.820346] Precompiling "src/gen/data/sap-common-Countries_texts_en_US_saptrc.hdbtabledata"... (STDOUT, APP/TASK/deploy)#
#2026 08 25 08:48:01.079#Z#DEBUG#9140a271-a061-11f1-b78a-eeee0a986e3f.ResilienceCockpit-db-deployer#flowable-async-job-executor-thread-11927#
[PollStageAppStatusExecution] 2d23200b-60aa-4519-b7f8-9f40de7a8ecc [2026-08-25T08:31:29.820348] Precompiling "src/gen/data/sap-common-Countries_texts_en_US_saptrc.hdbtabledata"... ok (0s 0ms) (STDOUT, APP/TASK/deploy)#
#2026 08 25 08:48:01.079#Z#DEBUG#9140a271-a061-11f1-b78a-eeee0a986e3f.ResilienceCockpit-db-deployer#flowable-async-job-executor-thread-11927#
[PollStageAppStatusExecution] 2d23200b-60aa-4519-b7f8-9f40de7a8ecc [2026-08-25T08:31:29.820349] Precompiling "src/gen/data/sap-common-Countries_texts_en_US_saptrc.hdbtabledata$0.expand"... (STDOUT, APP/TASK/deploy)#
#2026 08 25 08:48:01.079#Z#DEBUG#9140a271-a061-11f1-b78a-eeee0a986e3f.ResilienceCockpit-db-deployer#flowable-async-job-executor-thread-11927#
[PollStageAppStatusExecution] 2d23200b-60aa-4519-b7f8-9f40de7a8ecc [2026-08-25T08:31:29.820386] Expanded from "src/gen/data/sap-common-Countries_texts_en_US_saptrc.hdbtabledata" (STDOUT, APP/TASK/deploy)#
#2026 08 25 08:48:01.079#Z#DEBUG#9140a271-a061-11f1-b78a-eeee0a986e3f.ResilienceCockpit-db-deployer#flowable-async-job-executor-thread-11927#
[PollStageAppStatusExecution] 2d23200b-60aa-4519-b7f8-9f40de7a8ecc [2026-08-25T08:31:29.820400] Precompiling "src/gen/data/sap-common-Countries_texts_en.hdbtabledata$0.expand"... ok (0s 1ms) (STDOUT, APP/TASK/deploy)#
#2026 08 25 08:48:01.079#Z#DEBUG#9140a271-a061-11f1-b78a-eeee0a986e3f.ResilienceCockpit-db-deployer#flowable-async-job-executor-thread-11927#
[PollStageAppStatusExecution] 2d23200b-60aa-4519-b7f8-9f40de7a8ecc [2026-08-25T08:31:29.820402] Precompiling "src/gen/data/sap-common-Countries_texts_es.csv"... (STDOUT, APP/TASK/deploy)#
#2026 08 25 08:48:01.079#Z#DEBUG#9140a271-a061-11f1-b78a-eeee0a986e3f.ResilienceCockpit-db-deployer#flowable-async-job-executor-thread-11927#
[PollStageAppStatusExecution] 2d23200b-60aa-4519-b7f8-9f40de7a8ecc [2026-08-25T08:31:29.820404] Precompiling "src/gen/data/sap-common-Countries_texts_en.csv"... ok (0s 2ms) (STDOUT, APP/TASK/deploy)#
#2026 08 25 08:48:01.079#Z#DEBUG#9140a271-a061-11f1-b78a-eeee0a986e3f.ResilienceCockpit-db-deployer#flowable-async-job-executor-thread-11927#
[PollStageAppStatusExecution] 2d23200b-60aa-4519-b7f8-9f40de7a8ecc [2026-08-25T08:31:29.820406] Precompiling "src/gen/data/sap-common-Countries_texts_en_US_saptrc.hdbtabledata$0.expand"... ok (0s 1ms) (STDOUT, APP/TASK/deploy)#
#2026 08 25 08:48:01.079#Z#DEBUG#9140a271-a061-11f1-b78a-eeee0a986e3f.ResilienceCockpit-db-deployer#flowable-async-job-executor-thread-11927#
[PollStageAppStatusExecution] 2d23200b-60aa-4519-b7f8-9f40de7a8ecc [2026-08-25T08:31:29.820416] Precompiling "src/gen/data/sap-common-Countries_texts_es.hdbtabledata$0.expand"... (STDOUT, APP/TASK/deploy)#
#2026 08 25 08:48:01.079#Z#DEBUG#9140a271-a061-11f1-b78a-eeee0a986e3f.ResilienceCockpit-db-deployer#flowable-async-job-executor-thread-11927#
[PollStageAppStatusExecution] 2d23200b-60aa-4519-b7f8-9f40de7a8ecc [2026-08-25T08:31:29.820418] Expanded from "src/gen/data/sap-common-Countries_texts_es.hdbtabledata" (STDOUT, APP/TASK/deploy)#
#2026 08 25 08:48:01.079#Z#DEBUG#9140a271-a061-11f1-b78a-eeee0a986e3f.ResilienceCockpit-db-deployer#flowable-async-job-executor-thread-11927#
[PollStageAppStatusExecution] 2d23200b-60aa-4519-b7f8-9f40de7a8ecc [2026-08-25T08:31:29.820419] Precompiling "src/gen/data/sap-common-Countries_texts_es.hdbtabledata"... (STDOUT, APP/TASK/deploy)#
#2026 08 25 08:48:01.079#Z#DEBUG#9140a271-a061-11f1-b78a-eeee0a986e3f.ResilienceCockpit-db-deployer#flowable-async-job-executor-thread-11927#
[PollStageAppStatusExecution] 2d23200b-60aa-4519-b7f8-9f40de7a8ecc [2026-08-25T08:31:29.820421] Precompiling "src/gen/data/sap-common-Countries_texts_es.hdbtabledata"... ok (0s 0ms) (STDOUT, APP/TASK/deploy)#
#2026 08 25 08:48:01.079#Z#DEBUG#9140a271-a061-11f1-b78a-eeee0a986e3f.ResilienceCockpit-db-deployer#flowable-async-job-executor-thread-11927#
[PollStageAppStatusExecution] 2d23200b-60aa-4519-b7f8-9f40de7a8ecc [2026-08-25T08:31:29.820423] Precompiling "src/gen/data/sap-common-Countries_texts_es_MX.csv"... (STDOUT, APP/TASK/deploy)#
#2026 08 25 08:48:01.079#Z#DEBUG#9140a271-a061-11f1-b78a-eeee0a986e3f.ResilienceCockpit-db-deployer#flowable-async-job-executor-thread-11927#
[PollStageAppStatusExecution] 2d23200b-60aa-4519-b7f8-9f40de7a8ecc [2026-08-25T08:31:29.820425] Precompiling "src/gen/data/sap-common-Countries_texts_en_US_saptrc.csv"... ok (0s 1ms) (STDOUT, APP/TASK/deploy)#
#2026 08 25 08:48:01.079#Z#DEBUG#9140a271-a061-11f1-b78a-eeee0a986e3f.ResilienceCockpit-db-deployer#flowable-async-job-executor-thread-11927#
[PollStageAppStatusExecution] 2d23200b-60aa-4519-b7f8-9f40de7a8ecc [2026-08-25T08:31:29.820426] Precompiling "src/gen/data/sap-common-Countries_texts_es_MX.hdbtabledata"... (STDOUT, APP/TASK/deploy)#
#2026 08 25 08:48:01.079#Z#DEBUG#9140a271-a061-11f1-b78a-eeee0a986e3f.ResilienceCockpit-db-deployer#flowable-async-job-executor-thread-11927#
[PollStageAppStatusExecution] 2d23200b-60aa-4519-b7f8-9f40de7a8ecc [2026-08-25T08:31:29.820427] Precompiling "src/gen/data/sap-common-Countries_texts_es_MX.hdbtabledata"... ok (0s 1ms) (STDOUT, APP/TASK/deploy)#
#2026 08 25 08:48:01.079#Z#DEBUG#9140a271-a061-11f1-b78a-eeee0a986e3f.ResilienceCockpit-db-deployer#flowable-async-job-executor-thread-11927#
[PollStageAppStatusExecution] 2d23200b-60aa-4519-b7f8-9f40de7a8ecc [2026-08-25T08:31:29.820429] Precompiling "src/gen/data/sap-common-Countries_texts_es.hdbtabledata$0.expand"... ok (0s 1ms) (STDOUT, APP/TASK/deploy)#
#2026 08 25 08:48:01.079#Z#DEBUG#9140a271-a061-11f1-b78a-eeee0a986e3f.ResilienceCockpit-db-deployer#flowable-async-job-executor-thread-11927#
[PollStageAppStatusExecution] 2d23200b-60aa-4519-b7f8-9f40de7a8ecc [2026-08-25T08:31:29.820773] Precompiling "src/gen/data/sap-common-Countries_texts_es_MX.hdbtabledata$0.expand"... (STDOUT, APP/TASK/deploy)#
#2026 08 25 08:48:01.079#Z#DEBUG#9140a271-a061-11f1-b78a-eeee0a986e3f.ResilienceCockpit-db-deployer#flowable-async-job-executor-thread-11927#
[PollStageAppStatusExecution] 2d23200b-60aa-4519-b7f8-9f40de7a8ecc [2026-08-25T08:31:29.820791] Expanded from "src/gen/data/sap-common-Countries_texts_es_MX.hdbtabledata" (STDOUT, APP/TASK/deploy)#
#2026 08 25 08:48:01.079#Z#DEBUG#9140a271-a061-11f1-b78a-eeee0a986e3f.ResilienceCockpit-db-deployer#flowable-async-job-executor-thread-11927#
[PollStageAppStatusExecution] 2d23200b-60aa-4519-b7f8-9f40de7a8ecc [2026-08-25T08:31:29.820796] Precompiling "src/gen/data/sap-common-Countries_texts_fi.csv"... (STDOUT, APP/TASK/deploy)#
#2026 08 25 08:48:01.079#Z#DEBUG#9140a271-a061-11f1-b78a-eeee0a986e3f.ResilienceCockpit-db-deployer#flowable-async-job-executor-thread-11927#
[PollStageAppStatusExecution] 2d23200b-60aa-4519-b7f8-9f40de7a8ecc [2026-08-25T08:31:29.820866] Precompiling "src/gen/data/sap-common-Countries_texts_es.csv"... ok (0s 2ms) (STDOUT, APP/TASK/deploy)#
#2026 08 25 08:48:01.079#Z#DEBUG#9140a271-a061-11f1-b78a-eeee0a986e3f.ResilienceCockpit-db-deployer#flowable-async-job-executor-thread-11927#
[PollStageAppStatusExecution] 2d23200b-60aa-4519-b7f8-9f40de7a8ecc [2026-08-25T08:31:29.820885] Precompiling "src/gen/data/sap-common-Countries_texts_fi.hdbtabledata"... (STDOUT, APP/TASK/deploy)#
#2026 08 25 08:48:01.079#Z#DEBUG#9140a271-a061-11f1-b78a-eeee0a986e3f.ResilienceCockpit-db-deployer#flowable-async-job-executor-thread-11927#
[PollStageAppStatusExecution] 2d23200b-60aa-4519-b7f8-9f40de7a8ecc [2026-08-25T08:31:29.820889] Precompiling "src/gen/data/sap-common-Countries_texts_fi.hdbtabledata"... ok (0s 0ms) (STDOUT, APP/TASK/deploy)#
#2026 08 25 08:48:01.079#Z#DEBUG#9140a271-a061-11f1-b78a-eeee0a986e3f.ResilienceCockpit-db-deployer#flowable-async-job-executor-thread-11927#
[PollStageAppStatusExecution] 2d23200b-60aa-4519-b7f8-9f40de7a8ecc [2026-08-25T08:31:29.820893] Precompiling "src/gen/data/sap-common-Countries_texts_fi.hdbtabledata$0.expand"... (STDOUT, APP/TASK/deploy)#
#2026 08 25 08:48:01.079#Z#DEBUG#9140a271-a061-11f1-b78a-eeee0a986e3f.ResilienceCockpit-db-deployer#flowable-async-job-executor-thread-11927#
[PollStageAppStatusExecution] 2d23200b-60aa-4519-b7f8-9f40de7a8ecc [2026-08-25T08:31:29.820903] Precompiling "src/gen/data/sap-common-Countries_texts_es_MX.csv"... ok (0s 2ms) (STDOUT, APP/TASK/deploy)#
#2026 08 25 08:48:01.079#Z#DEBUG#9140a271-a061-11f1-b78a-eeee0a986e3f.ResilienceCockpit-db-deployer#flowable-async-job-executor-thread-11927#
[PollStageAppStatusExecution] 2d23200b-60aa-4519-b7f8-9f40de7a8ecc [2026-08-25T08:31:29.820906] Expanded from "src/gen/data/sap-common-Countries_texts_fi.hdbtabledata" (STDOUT, APP/TASK/deploy)#
#2026 08 25 08:48:01.079#Z#DEBUG#9140a271-a061-11f1-b78a-eeee0a986e3f.ResilienceCockpit-db-deployer#flowable-async-job-executor-thread-11927#
[PollStageAppStatusExecution] 2d23200b-60aa-4519-b7f8-9f40de7a8ecc [2026-08-25T08:31:29.820911] Precompiling "src/gen/data/sap-common-Countries_texts_fr.csv"... (STDOUT, APP/TASK/deploy)#
#2026 08 25 08:48:01.079#Z#DEBUG#9140a271-a061-11f1-b78a-eeee0a986e3f.ResilienceCockpit-db-deployer#flowable-async-job-executor-thread-11927#
[PollStageAppStatusExecution] 2d23200b-60aa-4519-b7f8-9f40de7a8ecc [2026-08-25T08:31:29.820917] Precompiling "src/gen/data/sap-common-Countries_texts_es_MX.hdbtabledata$0.expand"... ok (0s 1ms) (STDOUT, APP/TASK/deploy)#
#2026 08 25 08:48:01.079#Z#DEBUG#9140a271-a061-11f1-b78a-eeee0a986e3f.ResilienceCockpit-db-deployer#flowable-async-job-executor-thread-11927#
[PollStageAppStatusExecution] 2d23200b-60aa-4519-b7f8-9f40de7a8ecc [2026-08-25T08:31:29.820919] Precompiling "src/gen/data/sap-common-Countries_texts_fr.hdbtabledata"... (STDOUT, APP/TASK/deploy)#
#2026 08 25 08:48:01.079#Z#DEBUG#9140a271-a061-11f1-b78a-eeee0a986e3f.ResilienceCockpit-db-deployer#flowable-async-job-executor-thread-11927#
[PollStageAppStatusExecution] 2d23200b-60aa-4519-b7f8-9f40de7a8ecc [2026-08-25T08:31:29.820922] Precompiling "src/gen/data/sap-common-Countries_texts_fr.hdbtabledata"... ok (0s 0ms) (STDOUT, APP/TASK/deploy)#
#2026 08 25 08:48:01.079#Z#DEBUG#9140a271-a061-11f1-b78a-eeee0a986e3f.ResilienceCockpit-db-deployer#flowable-async-job-executor-thread-11927#
[PollStageAppStatusExecution] 2d23200b-60aa-4519-b7f8-9f40de7a8ecc [2026-08-25T08:31:29.820932] Precompiling "src/gen/data/sap-common-Countries_texts_fr.hdbtabledata$0.expand"... (STDOUT, APP/TASK/deploy)#
#2026 08 25 08:48:01.079#Z#DEBUG#9140a271-a061-11f1-b78a-eeee0a986e3f.ResilienceCockpit-db-deployer#flowable-async-job-executor-thread-11927#
[PollStageAppStatusExecution] 2d23200b-60aa-4519-b7f8-9f40de7a8ecc [2026-08-25T08:31:29.820935] Precompiling "src/gen/data/sap-common-Countries_texts_fi.csv"... ok (0s 2ms) (STDOUT, APP/TASK/deploy)#
#2026 08 25 08:48:01.079#Z#DEBUG#9140a271-a061-11f1-b78a-eeee0a986e3f.ResilienceCockpit-db-deployer#flowable-async-job-executor-thread-11927#
[PollStageAppStatusExecution] 2d23200b-60aa-4519-b7f8-9f40de7a8ecc [2026-08-25T08:31:29.820938] Expanded from "src/gen/data/sap-common-Countries_texts_fr.hdbtabledata" (STDOUT, APP/TASK/deploy)#
#2026 08 25 08:48:01.079#Z#DEBUG#9140a271-a061-11f1-b78a-eeee0a986e3f.ResilienceCockpit-db-deployer#flowable-async-job-executor-thread-11927#
[PollStageAppStatusExecution] 2d23200b-60aa-4519-b7f8-9f40de7a8ecc [2026-08-25T08:31:29.820942] Precompiling "src/gen/data/sap-common-Countries_texts_he.csv"... (STDOUT, APP/TASK/deploy)#
#2026 08 25 08:48:01.079#Z#DEBUG#9140a271-a061-11f1-b78a-eeee0a986e3f.ResilienceCockpit-db-deployer#flowable-async-job-executor-thread-11927#
[PollStageAppStatusExecution] 2d23200b-60aa-4519-b7f8-9f40de7a8ecc [2026-08-25T08:31:29.820947] Precompiling "src/gen/data/sap-common-Countries_texts_fi.hdbtabledata$0.expand"... ok (0s 2ms) (STDOUT, APP/TASK/deploy)#
#2026 08 25 08:48:01.079#Z#DEBUG#9140a271-a061-11f1-b78a-eeee0a986e3f.ResilienceCockpit-db-deployer#flowable-async-job-executor-thread-11927#
[PollStageAppStatusExecution] 2d23200b-60aa-4519-b7f8-9f40de7a8ecc [2026-08-25T08:31:29.820950] Precompiling "src/gen/data/sap-common-Countries_texts_he.hdbtabledata"... (STDOUT, APP/TASK/deploy)#
#2026 08 25 08:48:01.079#Z#DEBUG#9140a271-a061-11f1-b78a-eeee0a986e3f.ResilienceCockpit-db-deployer#flowable-async-job-executor-thread-11927#
[PollStageAppStatusExecution] 2d23200b-60aa-4519-b7f8-9f40de7a8ecc [2026-08-25T08:31:29.820953] Precompiling "src/gen/data/sap-common-Countries_texts_he.hdbtabledata"... ok (0s 0ms) (STDOUT, APP/TASK/deploy)#
#2026 08 25 08:48:01.079#Z#DEBUG#9140a271-a061-11f1-b78a-eeee0a986e3f.ResilienceCockpit-db-deployer#flowable-async-job-executor-thread-11927#
[PollStageAppStatusExecution] 2d23200b-60aa-4519-b7f8-9f40de7a8ecc [2026-08-25T08:31:29.820959] Precompiling "src/gen/data/sap-common-Countries_texts_he.hdbtabledata$0.expand"... (STDOUT, APP/TASK/deploy)#
#2026 08 25 08:48:01.079#Z#DEBUG#9140a271-a061-11f1-b78a-eeee0a986e3f.ResilienceCockpit-db-deployer#flowable-async-job-executor-thread-11927#
[PollStageAppStatusExecution] 2d23200b-60aa-4519-b7f8-9f40de7a8ecc [2026-08-25T08:31:29.820964] Expanded from "src/gen/data/sap-common-Countries_texts_he.hdbtabledata" (STDOUT, APP/TASK/deploy)#
#2026 08 25 08:48:01.079#Z#DEBUG#9140a271-a061-11f1-b78a-eeee0a986e3f.ResilienceCockpit-db-deployer#flowable-async-job-executor-thread-11927#
[PollStageAppStatusExecution] 2d23200b-60aa-4519-b7f8-9f40de7a8ecc [2026-08-25T08:31:29.820971] Precompiling "src/gen/data/sap-common-Countries_texts_fr.csv"... ok (0s 2ms) (STDOUT, APP/TASK/deploy)#
#2026 08 25 08:48:01.079#Z#DEBUG#9140a271-a061-11f1-b78a-eeee0a986e3f.ResilienceCockpit-db-deployer#flowable-async-job-executor-thread-11927#
[PollStageAppStatusExecution] 2d23200b-60aa-4519-b7f8-9f40de7a8ecc [2026-08-25T08:31:29.820977] Precompiling "src/gen/data/sap-common-Countries_texts_hr.csv"... (STDOUT, APP/TASK/deploy)#
#2026 08 25 08:48:01.079#Z#DEBUG#9140a271-a061-11f1-b78a-eeee0a986e3f.ResilienceCockpit-db-deployer#flowable-async-job-executor-thread-11927#
[PollStageAppStatusExecution] 2d23200b-60aa-4519-b7f8-9f40de7a8ecc [2026-08-25T08:31:29.820980] Precompiling "src/gen/data/sap-common-Countries_texts_fr.hdbtabledata$0.expand"... ok (0s 2ms) (STDOUT, APP/TASK/deploy)#
#2026 08 25 08:48:01.079#Z#DEBUG#9140a271-a061-11f1-b78a-eeee0a986e3f.ResilienceCockpit-db-deployer#flowable-async-job-executor-thread-11927#
[PollStageAppStatusExecution] 2d23200b-60aa-4519-b7f8-9f40de7a8ecc [2026-08-25T08:31:29.820984] Precompiling "src/gen/data/sap-common-Countries_texts_hr.hdbtabledata"... (STDOUT, APP/TASK/deploy)#
#2026 08 25 08:48:01.079#Z#DEBUG#9140a271-a061-11f1-b78a-eeee0a986e3f.ResilienceCockpit-db-deployer#flowable-async-job-executor-thread-11927#
[PollStageAppStatusExecution] 2d23200b-60aa-4519-b7f8-9f40de7a8ecc [2026-08-25T08:31:29.820990] Precompiling "src/gen/data/sap-common-Countries_texts_hr.hdbtabledata"... ok (0s 0ms) (STDOUT, APP/TASK/deploy)#
#2026 08 25 08:48:01.079#Z#DEBUG#9140a271-a061-11f1-b78a-eeee0a986e3f.ResilienceCockpit-db-deployer#flowable-async-job-executor-thread-11927#
[PollStageAppStatusExecution] 2d23200b-60aa-4519-b7f8-9f40de7a8ecc [2026-08-25T08:31:29.820993] Precompiling "src/gen/data/sap-common-Countries_texts_hr.hdbtabledata$0.expand"... (STDOUT, APP/TASK/deploy)#
#2026 08 25 08:48:01.079#Z#DEBUG#9140a271-a061-11f1-b78a-eeee0a986e3f.ResilienceCockpit-db-deployer#flowable-async-job-executor-thread-11927#
[PollStageAppStatusExecution] 2d23200b-60aa-4519-b7f8-9f40de7a8ecc [2026-08-25T08:31:29.820995] Precompiling "src/gen/data/sap-common-Countries_texts_he.hdbtabledata$0.expand"... ok (0s 1ms) (STDOUT, APP/TASK/deploy)#
#2026 08 25 08:48:01.079#Z#DEBUG#9140a271-a061-11f1-b78a-eeee0a986e3f.ResilienceCockpit-db-deployer#flowable-async-job-executor-thread-11927#
[PollStageAppStatusExecution] 2d23200b-60aa-4519-b7f8-9f40de7a8ecc [2026-08-25T08:31:29.820998] Expanded from "src/gen/data/sap-common-Countries_texts_hr.hdbtabledata" (STDOUT, APP/TASK/deploy)#
#2026 08 25 08:48:01.079#Z#DEBUG#9140a271-a061-11f1-b78a-eeee0a986e3f.ResilienceCockpit-db-deployer#flowable-async-job-executor-thread-11927#
[PollStageAppStatusExecution] 2d23200b-60aa-4519-b7f8-9f40de7a8ecc [2026-08-25T08:31:29.821004] Precompiling "src/gen/data/sap-common-Countries_texts_he.csv"... ok (0s 1ms) (STDOUT, APP/TASK/deploy)#
#2026 08 25 08:48:01.079#Z#DEBUG#9140a271-a061-11f1-b78a-eeee0a986e3f.ResilienceCockpit-db-deployer#flowable-async-job-executor-thread-11927#
[PollStageAppStatusExecution] 2d23200b-60aa-4519-b7f8-9f40de7a8ecc [2026-08-25T08:31:29.821009] Precompiling "src/gen/data/sap-common-Countries_texts_hu.csv"... (STDOUT, APP/TASK/deploy)#
#2026 08 25 08:48:01.079#Z#DEBUG#9140a271-a061-11f1-b78a-eeee0a986e3f.ResilienceCockpit-db-deployer#flowable-async-job-executor-thread-11927#
[PollStageAppStatusExecution] 2d23200b-60aa-4519-b7f8-9f40de7a8ecc [2026-08-25T08:31:29.821747] Precompiling "src/gen/data/sap-common-Countries_texts_hu.hdbtabledata"... (STDOUT, APP/TASK/deploy)#
#2026 08 25 08:48:01.079#Z#DEBUG#9140a271-a061-11f1-b78a-eeee0a986e3f.ResilienceCockpit-db-deployer#flowable-async-job-executor-thread-11927#
[PollStageAppStatusExecution] 2d23200b-60aa-4519-b7f8-9f40de7a8ecc [2026-08-25T08:31:29.821752] Precompiling "src/gen/data/sap-common-Countries_texts_hu.hdbtabledata"... ok (0s 0ms) (STDOUT, APP/TASK/deploy)#
#2026 08 25 08:48:01.079#Z#DEBUG#9140a271-a061-11f1-b78a-eeee0a986e3f.ResilienceCockpit-db-deployer#flowable-async-job-executor-thread-11927#
[PollStageAppStatusExecution] 2d23200b-60aa-4519-b7f8-9f40de7a8ecc [2026-08-25T08:31:29.821757] Precompiling "src/gen/data/sap-common-Countries_texts_hu.hdbtabledata$0.expand"... (STDOUT, APP/TASK/deploy)#
#2026 08 25 08:48:01.079#Z#DEBUG#9140a271-a061-11f1-b78a-eeee0a986e3f.ResilienceCockpit-db-deployer#flowable-async-job-executor-thread-11927#
[PollStageAppStatusExecution] 2d23200b-60aa-4519-b7f8-9f40de7a8ecc [2026-08-25T08:31:29.821769] Expanded from "src/gen/data/sap-common-Countries_texts_hu.hdbtabledata" (STDOUT, APP/TASK/deploy)#
#2026 08 25 08:48:01.079#Z#DEBUG#9140a271-a061-11f1-b78a-eeee0a986e3f.ResilienceCockpit-db-deployer#flowable-async-job-executor-thread-11927#
[PollStageAppStatusExecution] 2d23200b-60aa-4519-b7f8-9f40de7a8ecc [2026-08-25T08:31:29.821772] Precompiling "src/gen/data/sap-common-Countries_texts_hr.csv"... ok (0s 1ms) (STDOUT, APP/TASK/deploy)#
#2026 08 25 08:48:01.079#Z#DEBUG#9140a271-a061-11f1-b78a-eeee0a986e3f.ResilienceCockpit-db-deployer#flowable-async-job-executor-thread-11927#
[PollStageAppStatusExecution] 2d23200b-60aa-4519-b7f8-9f40de7a8ecc [2026-08-25T08:31:29.821778] Precompiling "src/gen/data/sap-common-Countries_texts_hr.hdbtabledata$0.expand"... ok (0s 1ms) (STDOUT, APP/TASK/deploy)#
#2026 08 25 08:48:01.079#Z#DEBUG#9140a271-a061-11f1-b78a-eeee0a986e3f.ResilienceCockpit-db-deployer#flowable-async-job-executor-thread-11927#
[PollStageAppStatusExecution] 2d23200b-60aa-4519-b7f8-9f40de7a8ecc [2026-08-25T08:31:29.821789] Precompiling "src/gen/data/sap-common-Countries_texts_it.csv"... (STDOUT, APP/TASK/deploy)#
#2026 08 25 08:48:01.079#Z#DEBUG#9140a271-a061-11f1-b78a-eeee0a986e3f.ResilienceCockpit-db-deployer#flowable-async-job-executor-thread-11927#
[PollStageAppStatusExecution] 2d23200b-60aa-4519-b7f8-9f40de7a8ecc [2026-08-25T08:31:29.821794] Precompiling "src/gen/data/sap-common-Countries_texts_it.hdbtabledata"... (STDOUT, APP/TASK/deploy)#
#2026 08 25 08:48:01.079#Z#DEBUG#9140a271-a061-11f1-b78a-eeee0a986e3f.ResilienceCockpit-db-deployer#flowable-async-job-executor-thread-11927#
[PollStageAppStatusExecution] 2d23200b-60aa-4519-b7f8-9f40de7a8ecc [2026-08-25T08:31:29.821798] Precompiling "src/gen/data/sap-common-Countries_texts_it.hdbtabledata"... ok (0s 0ms) (STDOUT, APP/TASK/deploy)#
#2026 08 25 08:48:01.079#Z#DEBUG#9140a271-a061-11f1-b78a-eeee0a986e3f.ResilienceCockpit-db-deployer#flowable-async-job-executor-thread-11927#
[PollStageAppStatusExecution] 2d23200b-60aa-4519-b7f8-9f40de7a8ecc [2026-08-25T08:31:29.821809] Precompiling "src/gen/data/sap-common-Countries_texts_it.hdbtabledata$0.expand"... (STDOUT, APP/TASK/deploy)#
#2026 08 25 08:48:01.079#Z#DEBUG#9140a271-a061-11f1-b78a-eeee0a986e3f.ResilienceCockpit-db-deployer#flowable-async-job-executor-thread-11927#
[PollStageAppStatusExecution] 2d23200b-60aa-4519-b7f8-9f40de7a8ecc [2026-08-25T08:31:29.821814] Expanded from "src/gen/data/sap-common-Countries_texts_it.hdbtabledata" (STDOUT, APP/TASK/deploy)#
#2026 08 25 08:48:01.079#Z#DEBUG#9140a271-a061-11f1-b78a-eeee0a986e3f.ResilienceCockpit-db-deployer#flowable-async-job-executor-thread-11927#
[PollStageAppStatusExecution] 2d23200b-60aa-4519-b7f8-9f40de7a8ecc [2026-08-25T08:31:29.821818] Precompiling "src/gen/data/sap-common-Countries_texts_hu.csv"... ok (0s 1ms) (STDOUT, APP/TASK/deploy)#
#2026 08 25 08:48:01.079#Z#DEBUG#9140a271-a061-11f1-b78a-eeee0a986e3f.ResilienceCockpit-db-deployer#flowable-async-job-executor-thread-11927#
[PollStageAppStatusExecution] 2d23200b-60aa-4519-b7f8-9f40de7a8ecc [2026-08-25T08:31:29.821822] Precompiling "src/gen/data/sap-common-Countries_texts_ja.csv"... (STDOUT, APP/TASK/deploy)#
#2026 08 25 08:48:01.079#Z#DEBUG#9140a271-a061-11f1-b78a-eeee0a986e3f.ResilienceCockpit-db-deployer#flowable-async-job-executor-thread-11927#
[PollStageAppStatusExecution] 2d23200b-60aa-4519-b7f8-9f40de7a8ecc [2026-08-25T08:31:29.821832] Precompiling "src/gen/data/sap-common-Countries_texts_hu.hdbtabledata$0.expand"... ok (0s 2ms) (STDOUT, APP/TASK/deploy)#
#2026 08 25 08:48:01.079#Z#DEBUG#9140a271-a061-11f1-b78a-eeee0a986e3f.ResilienceCockpit-db-deployer#flowable-async-job-executor-thread-11927#
[PollStageAppStatusExecution] 2d23200b-60aa-4519-b7f8-9f40de7a8ecc [2026-08-25T08:31:29.821836] Precompiling "src/gen/data/sap-common-Countries_texts_ja.hdbtabledata"... (STDOUT, APP/TASK/deploy)#
#2026 08 25 08:48:01.079#Z#DEBUG#9140a271-a061-11f1-b78a-eeee0a986e3f.ResilienceCockpit-db-deployer#flowable-async-job-executor-thread-11927#
[PollStageAppStatusExecution] 2d23200b-60aa-4519-b7f8-9f40de7a8ecc [2026-08-25T08:31:29.821843] Precompiling "src/gen/data/sap-common-Countries_texts_ja.hdbtabledata"... ok (0s 0ms) (STDOUT, APP/TASK/deploy)#
#2026 08 25 08:48:01.079#Z#DEBUG#9140a271-a061-11f1-b78a-eeee0a986e3f.ResilienceCockpit-db-deployer#flowable-async-job-executor-thread-11927#
[PollStageAppStatusExecution] 2d23200b-60aa-4519-b7f8-9f40de7a8ecc [2026-08-25T08:31:29.821854] Precompiling "src/gen/data/sap-common-Countries_texts_ja.hdbtabledata$0.expand"... (STDOUT, APP/TASK/deploy)#
#2026 08 25 08:48:01.079#Z#DEBUG#9140a271-a061-11f1-b78a-eeee0a986e3f.ResilienceCockpit-db-deployer#flowable-async-job-executor-thread-11927#
[PollStageAppStatusExecution] 2d23200b-60aa-4519-b7f8-9f40de7a8ecc [2026-08-25T08:31:29.821859] Expanded from "src/gen/data/sap-common-Countries_texts_ja.hdbtabledata" (STDOUT, APP/TASK/deploy)#
#2026 08 25 08:48:01.079#Z#DEBUG#9140a271-a061-11f1-b78a-eeee0a986e3f.ResilienceCockpit-db-deployer#flowable-async-job-executor-thread-11927#
[PollStageAppStatusExecution] 2d23200b-60aa-4519-b7f8-9f40de7a8ecc [2026-08-25T08:31:29.821865] Precompiling "src/gen/data/sap-common-Countries_texts_it.hdbtabledata$0.expand"... ok (0s 1ms) (STDOUT, APP/TASK/deploy)#
#2026 08 25 08:48:01.079#Z#DEBUG#9140a271-a061-11f1-b78a-eeee0a986e3f.ResilienceCockpit-db-deployer#flowable-async-job-executor-thread-11927#
[PollStageAppStatusExecution] 2d23200b-60aa-4519-b7f8-9f40de7a8ecc [2026-08-25T08:31:29.821938] Precompiling "src/gen/data/sap-common-Countries_texts_kk.csv"... (STDOUT, APP/TASK/deploy)#
#2026 08 25 08:48:01.079#Z#DEBUG#9140a271-a061-11f1-b78a-eeee0a986e3f.ResilienceCockpit-db-deployer#flowable-async-job-executor-thread-11927#
[PollStageAppStatusExecution] 2d23200b-60aa-4519-b7f8-9f40de7a8ecc [2026-08-25T08:31:29.821944] Precompiling "src/gen/data/sap-common-Countries_texts_it.csv"... ok (0s 2ms) (STDOUT, APP/TASK/deploy)#
#2026 08 25 08:48:01.079#Z#DEBUG#9140a271-a061-11f1-b78a-eeee0a986e3f.ResilienceCockpit-db-deployer#flowable-async-job-executor-thread-11927#
[PollStageAppStatusExecution] 2d23200b-60aa-4519-b7f8-9f40de7a8ecc [2026-08-25T08:31:29.822093] Precompiling "src/gen/data/sap-common-Countries_texts_kk.hdbtabledata"... (STDOUT, APP/TASK/deploy)#
#2026 08 25 08:48:01.079#Z#DEBUG#9140a271-a061-11f1-b78a-eeee0a986e3f.ResilienceCockpit-db-deployer#flowable-async-job-executor-thread-11927#
[PollStageAppStatusExecution] 2d23200b-60aa-4519-b7f8-9f40de7a8ecc [2026-08-25T08:31:29.822103] Precompiling "src/gen/data/sap-common-Countries_texts_kk.hdbtabledata"... ok (0s 0ms) (STDOUT, APP/TASK/deploy)#
#2026 08 25 08:48:01.079#Z#DEBUG#9140a271-a061-11f1-b78a-eeee0a986e3f.ResilienceCockpit-db-deployer#flowable-async-job-executor-thread-11927#
[PollStageAppStatusExecution] 2d23200b-60aa-4519-b7f8-9f40de7a8ecc [2026-08-25T08:31:29.822111] Precompiling "src/gen/data/sap-common-Countries_texts_ja.csv"... ok (0s 2ms) (STDOUT, APP/TASK/deploy)#
#2026 08 25 08:48:01.079#Z#DEBUG#9140a271-a061-11f1-b78a-eeee0a986e3f.ResilienceCockpit-db-deployer#flowable-async-job-executor-thread-11927#
[PollStageAppStatusExecution] 2d23200b-60aa-4519-b7f8-9f40de7a8ecc [2026-08-25T08:31:29.822118] Precompiling "src/gen/data/sap-common-Countries_texts_kk.hdbtabledata$0.expand"... (STDOUT, APP/TASK/deploy)#
#2026 08 25 08:48:01.079#Z#DEBUG#9140a271-a061-11f1-b78a-eeee0a986e3f.ResilienceCockpit-db-deployer#flowable-async-job-executor-thread-11927#
[PollStageAppStatusExecution] 2d23200b-60aa-4519-b7f8-9f40de7a8ecc [2026-08-25T08:31:29.822130] Expanded from "src/gen/data/sap-common-Countries_texts_kk.hdbtabledata" (STDOUT, APP/TASK/deploy)#
#2026 08 25 08:48:01.079#Z#DEBUG#9140a271-a061-11f1-b78a-eeee0a986e3f.ResilienceCockpit-db-deployer#flowable-async-job-executor-thread-11927#
[PollStageAppStatusExecution] 2d23200b-60aa-4519-b7f8-9f40de7a8ecc [2026-08-25T08:31:29.822134] Precompiling "src/gen/data/sap-common-Countries_texts_ko.csv"... (STDOUT, APP/TASK/deploy)#
#2026 08 25 08:48:01.079#Z#DEBUG#9140a271-a061-11f1-b78a-eeee0a986e3f.ResilienceCockpit-db-deployer#flowable-async-job-executor-thread-11927#
[PollStageAppStatusExecution] 2d23200b-60aa-4519-b7f8-9f40de7a8ecc [2026-08-25T08:31:29.822145] Precompiling "src/gen/data/sap-common-Countries_texts_ja.hdbtabledata$0.expand"... ok (0s 2ms) (STDOUT, APP/TASK/deploy)#
#2026 08 25 08:48:01.079#Z#DEBUG#9140a271-a061-11f1-b78a-eeee0a986e3f.ResilienceCockpit-db-deployer#flowable-async-job-executor-thread-11927#
[PollStageAppStatusExecution] 2d23200b-60aa-4519-b7f8-9f40de7a8ecc [2026-08-25T08:31:29.822154] Precompiling "src/gen/data/sap-common-Countries_texts_ko.hdbtabledata"... (STDOUT, APP/TASK/deploy)#
#2026 08 25 08:48:01.079#Z#DEBUG#9140a271-a061-11f1-b78a-eeee0a986e3f.ResilienceCockpit-db-deployer#flowable-async-job-executor-thread-11927#
[PollStageAppStatusExecution] 2d23200b-60aa-4519-b7f8-9f40de7a8ecc [2026-08-25T08:31:29.822158] Precompiling "src/gen/data/sap-common-Countries_texts_ko.hdbtabledata"... ok (0s 0ms) (STDOUT, APP/TASK/deploy)#
#2026 08 25 08:48:01.079#Z#DEBUG#9140a271-a061-11f1-b78a-eeee0a986e3f.ResilienceCockpit-db-deployer#flowable-async-job-executor-thread-11927#
[PollStageAppStatusExecution] 2d23200b-60aa-4519-b7f8-9f40de7a8ecc [2026-08-25T08:31:29.822161] Precompiling "src/gen/data/sap-common-Countries_texts_kk.csv"... ok (0s 2ms) (STDOUT, APP/TASK/deploy)#
#2026 08 25 08:48:01.079#Z#DEBUG#9140a271-a061-11f1-b78a-eeee0a986e3f.ResilienceCockpit-db-deployer#flowable-async-job-executor-thread-11927#
[PollStageAppStatusExecution] 2d23200b-60aa-4519-b7f8-9f40de7a8ecc [2026-08-25T08:31:29.822169] Precompiling "src/gen/data/sap-common-Countries_texts_ko.hdbtabledata$0.expand"... (STDOUT, APP/TASK/deploy)#
#2026 08 25 08:48:01.079#Z#DEBUG#9140a271-a061-11f1-b78a-eeee0a986e3f.ResilienceCockpit-db-deployer#flowable-async-job-executor-thread-11927#
[PollStageAppStatusExecution] 2d23200b-60aa-4519-b7f8-9f40de7a8ecc [2026-08-25T08:31:29.822171] Precompiling "src/gen/data/sap-common-Countries_texts_ms.csv"... (STDOUT, APP/TASK/deploy)#
#2026 08 25 08:48:01.079#Z#DEBUG#9140a271-a061-11f1-b78a-eeee0a986e3f.ResilienceCockpit-db-deployer#flowable-async-job-executor-thread-11927#
[PollStageAppStatusExecution] 2d23200b-60aa-4519-b7f8-9f40de7a8ecc [2026-08-25T08:31:29.822306] Expanded from "src/gen/data/sap-common-Countries_texts_ko.hdbtabledata" (STDOUT, APP/TASK/deploy)#
#2026 08 25 08:48:01.079#Z#DEBUG#9140a271-a061-11f1-b78a-eeee0a986e3f.ResilienceCockpit-db-deployer#flowable-async-job-executor-thread-11927#
[PollStageAppStatusExecution] 2d23200b-60aa-4519-b7f8-9f40de7a8ecc [2026-08-25T08:31:29.822356] Precompiling "src/gen/data/sap-common-Countries_texts_ko.csv"... ok (0s 2ms) (STDOUT, APP/TASK/deploy)#
#2026 08 25 08:48:01.079#Z#DEBUG#9140a271-a061-11f1-b78a-eeee0a986e3f.ResilienceCockpit-db-deployer#flowable-async-job-executor-thread-11927#
[PollStageAppStatusExecution] 2d23200b-60aa-4519-b7f8-9f40de7a8ecc [2026-08-25T08:31:29.822360] Precompiling "src/gen/data/sap-common-Countries_texts_ms.hdbtabledata"... (STDOUT, APP/TASK/deploy)#
#2026 08 25 08:48:01.079#Z#DEBUG#9140a271-a061-11f1-b78a-eeee0a986e3f.ResilienceCockpit-db-deployer#flowable-async-job-executor-thread-11927#
[PollStageAppStatusExecution] 2d23200b-60aa-4519-b7f8-9f40de7a8ecc [2026-08-25T08:31:29.822473] Precompiling "src/gen/data/sap-common-Countries_texts_ms.hdbtabledata"... ok (0s 0ms) (STDOUT, APP/TASK/deploy)#
#2026 08 25 08:48:01.079#Z#DEBUG#9140a271-a061-11f1-b78a-eeee0a986e3f.ResilienceCockpit-db-deployer#flowable-async-job-executor-thread-11927#
[PollStageAppStatusExecution] 2d23200b-60aa-4519-b7f8-9f40de7a8ecc [2026-08-25T08:31:29.822517] Precompiling "src/gen/data/sap-common-Countries_texts_ms.hdbtabledata$0.expand"... (STDOUT, APP/TASK/deploy)#
#2026 08 25 08:48:01.079#Z#DEBUG#9140a271-a061-11f1-b78a-eeee0a986e3f.ResilienceCockpit-db-deployer#flowable-async-job-executor-thread-11927#
[PollStageAppStatusExecution] 2d23200b-60aa-4519-b7f8-9f40de7a8ecc [2026-08-25T08:31:29.822532] Expanded from "src/gen/data/sap-common-Countries_texts_ms.hdbtabledata" (STDOUT, APP/TASK/deploy)#
#2026 08 25 08:48:01.079#Z#DEBUG#9140a271-a061-11f1-b78a-eeee0a986e3f.ResilienceCockpit-db-deployer#flowable-async-job-executor-thread-11927#
[PollStageAppStatusExecution] 2d23200b-60aa-4519-b7f8-9f40de7a8ecc [2026-08-25T08:31:29.822543] Precompiling "src/gen/data/sap-common-Countries_texts_kk.hdbtabledata$0.expand"... ok (0s 3ms) (STDOUT, APP/TASK/deploy)#
#2026 08 25 08:48:01.079#Z#DEBUG#9140a271-a061-11f1-b78a-eeee0a986e3f.ResilienceCockpit-db-deployer#flowable-async-job-executor-thread-11927#
[PollStageAppStatusExecution] 2d23200b-60aa-4519-b7f8-9f40de7a8ecc [2026-08-25T08:31:29.822548] Precompiling "src/gen/data/sap-common-Countries_texts_nl.csv"... (STDOUT, APP/TASK/deploy)#
#2026 08 25 08:48:01.079#Z#DEBUG#9140a271-a061-11f1-b78a-eeee0a986e3f.ResilienceCockpit-db-deployer#flowable-async-job-executor-thread-11927#
[PollStageAppStatusExecution] 2d23200b-60aa-4519-b7f8-9f40de7a8ecc [2026-08-25T08:31:29.822551] Precompiling "src/gen/data/sap-common-Countries_texts_ms.csv"... ok (0s 2ms) (STDOUT, APP/TASK/deploy)#
#2026 08 25 08:48:01.079#Z#DEBUG#9140a271-a061-11f1-b78a-eeee0a986e3f.ResilienceCockpit-db-deployer#flowable-async-job-executor-thread-11927#
[PollStageAppStatusExecution] 2d23200b-60aa-4519-b7f8-9f40de7a8ecc [2026-08-25T08:31:29.822555] Precompiling "src/gen/data/sap-common-Countries_texts_nl.hdbtabledata"... (STDOUT, APP/TASK/deploy)#
#2026 08 25 08:48:01.079#Z#DEBUG#9140a271-a061-11f1-b78a-eeee0a986e3f.ResilienceCockpit-db-deployer#flowable-async-job-executor-thread-11927#
[PollStageAppStatusExecution] 2d23200b-60aa-4519-b7f8-9f40de7a8ecc [2026-08-25T08:31:29.822562] Precompiling "src/gen/data/sap-common-Countries_texts_nl.hdbtabledata"... ok (0s 0ms) (STDOUT, APP/TASK/deploy)#
#2026 08 25 08:48:01.079#Z#DEBUG#9140a271-a061-11f1-b78a-eeee0a986e3f.ResilienceCockpit-db-deployer#flowable-async-job-executor-thread-11927#
[PollStageAppStatusExecution] 2d23200b-60aa-4519-b7f8-9f40de7a8ecc [2026-08-25T08:31:29.822663] Precompiling "src/gen/data/sap-common-Countries_texts_ms.hdbtabledata$0.expand"... ok (0s 2ms) (STDOUT, APP/TASK/deploy)#
#2026 08 25 08:48:01.079#Z#DEBUG#9140a271-a061-11f1-b78a-eeee0a986e3f.ResilienceCockpit-db-deployer#flowable-async-job-executor-thread-11927#
[PollStageAppStatusExecution] 2d23200b-60aa-4519-b7f8-9f40de7a8ecc [2026-08-25T08:31:29.822668] Precompiling "src/gen/data/sap-common-Countries_texts_nl.hdbtabledata$0.expand"... (STDOUT, APP/TASK/deploy)#
#2026 08 25 08:48:01.079#Z#DEBUG#9140a271-a061-11f1-b78a-eeee0a986e3f.ResilienceCockpit-db-deployer#flowable-async-job-executor-thread-11927#
[PollStageAppStatusExecution] 2d23200b-60aa-4519-b7f8-9f40de7a8ecc [2026-08-25T08:31:29.822672] Precompiling "src/gen/data/sap-common-Countries_texts_ko.hdbtabledata$0.expand"... ok (0s 3ms) (STDOUT, APP/TASK/deploy)#
#2026 08 25 08:48:01.079#Z#DEBUG#9140a271-a061-11f1-b78a-eeee0a986e3f.ResilienceCockpit-db-deployer#flowable-async-job-executor-thread-11927#
[PollStageAppStatusExecution] 2d23200b-60aa-4519-b7f8-9f40de7a8ecc [2026-08-25T08:31:29.822678] Expanded from "src/gen/data/sap-common-Countries_texts_nl.hdbtabledata" (STDOUT, APP/TASK/deploy)#
#2026 08 25 08:48:01.079#Z#DEBUG#9140a271-a061-11f1-b78a-eeee0a986e3f.ResilienceCockpit-db-deployer#flowable-async-job-executor-thread-11927#
[PollStageAppStatusExecution] 2d23200b-60aa-4519-b7f8-9f40de7a8ecc [2026-08-25T08:31:29.822685] Precompiling "src/gen/data/sap-common-Countries_texts_no.csv"... (STDOUT, APP/TASK/deploy)#
#2026 08 25 08:48:01.079#Z#DEBUG#9140a271-a061-11f1-b78a-eeee0a986e3f.ResilienceCockpit-db-deployer#flowable-async-job-executor-thread-11927#
[PollStageAppStatusExecution] 2d23200b-60aa-4519-b7f8-9f40de7a8ecc [2026-08-25T08:31:29.822689] Precompiling "src/gen/data/sap-common-Countries_texts_no.hdbtabledata"... (STDOUT, APP/TASK/deploy)#
#2026 08 25 08:48:01.079#Z#DEBUG#9140a271-a061-11f1-b78a-eeee0a986e3f.ResilienceCockpit-db-deployer#flowable-async-job-executor-thread-11927#
[PollStageAppStatusExecution] 2d23200b-60aa-4519-b7f8-9f40de7a8ecc [2026-08-25T08:31:29.822739] Precompiling "src/gen/data/sap-common-Countries_texts_no.hdbtabledata"... ok (0s 0ms) (STDOUT, APP/TASK/deploy)#
#2026 08 25 08:48:01.079#Z#DEBUG#9140a271-a061-11f1-b78a-eeee0a986e3f.ResilienceCockpit-db-deployer#flowable-async-job-executor-thread-11927#
[PollStageAppStatusExecution] 2d23200b-60aa-4519-b7f8-9f40de7a8ecc [2026-08-25T08:31:29.822892] Precompiling "src/gen/data/sap-common-Countries_texts_no.hdbtabledata$0.expand"... (STDOUT, APP/TASK/deploy)#
#2026 08 25 08:48:01.079#Z#DEBUG#9140a271-a061-11f1-b78a-eeee0a986e3f.ResilienceCockpit-db-deployer#flowable-async-job-executor-thread-11927#
[PollStageAppStatusExecution] 2d23200b-60aa-4519-b7f8-9f40de7a8ecc [2026-08-25T08:31:29.822905] Expanded from "src/gen/data/sap-common-Countries_texts_no.hdbtabledata" (STDOUT, APP/TASK/deploy)#
#2026 08 25 08:48:01.079#Z#DEBUG#9140a271-a061-11f1-b78a-eeee0a986e3f.ResilienceCockpit-db-deployer#flowable-async-job-executor-thread-11927#
[PollStageAppStatusExecution] 2d23200b-60aa-4519-b7f8-9f40de7a8ecc [2026-08-25T08:31:29.822908] Precompiling "src/gen/data/sap-common-Countries_texts_nl.csv"... ok (0s 2ms) (STDOUT, APP/TASK/deploy)#
#2026 08 25 08:48:01.079#Z#DEBUG#9140a271-a061-11f1-b78a-eeee0a986e3f.ResilienceCockpit-db-deployer#flowable-async-job-executor-thread-11927#
[PollStageAppStatusExecution] 2d23200b-60aa-4519-b7f8-9f40de7a8ecc [2026-08-25T08:31:29.822910] Precompiling "src/gen/data/sap-common-Countries_texts_pl.csv"... (STDOUT, APP/TASK/deploy)#
#2026 08 25 08:48:01.079#Z#DEBUG#9140a271-a061-11f1-b78a-eeee0a986e3f.ResilienceCockpit-db-deployer#flowable-async-job-executor-thread-11927#
[PollStageAppStatusExecution] 2d23200b-60aa-4519-b7f8-9f40de7a8ecc [2026-08-25T08:31:29.822912] Precompiling "src/gen/data/sap-common-Countries_texts_no.csv"... ok (0s 1ms) (STDOUT, APP/TASK/deploy)#
#2026 08 25 08:48:01.079#Z#DEBUG#9140a271-a061-11f1-b78a-eeee0a986e3f.ResilienceCockpit-db-deployer#flowable-async-job-executor-thread-11927#
[PollStageAppStatusExecution] 2d23200b-60aa-4519-b7f8-9f40de7a8ecc [2026-08-25T08:31:29.822914] Precompiling "src/gen/data/sap-common-Countries_texts_pl.hdbtabledata"... (STDOUT, APP/TASK/deploy)#
#2026 08 25 08:48:01.079#Z#DEBUG#9140a271-a061-11f1-b78a-eeee0a986e3f.ResilienceCockpit-db-deployer#flowable-async-job-executor-thread-11927#
[PollStageAppStatusExecution] 2d23200b-60aa-4519-b7f8-9f40de7a8ecc [2026-08-25T08:31:29.822916] Precompiling "src/gen/data/sap-common-Countries_texts_pl.hdbtabledata"... ok (0s 0ms) (STDOUT, APP/TASK/deploy)#
#2026 08 25 08:48:01.079#Z#DEBUG#9140a271-a061-11f1-b78a-eeee0a986e3f.ResilienceCockpit-db-deployer#flowable-async-job-executor-thread-11927#
[PollStageAppStatusExecution] 2d23200b-60aa-4519-b7f8-9f40de7a8ecc [2026-08-25T08:31:29.822922] Precompiling "src/gen/data/sap-common-Countries_texts_no.hdbtabledata$0.expand"... ok (0s 1ms) (STDOUT, APP/TASK/deploy)#
#2026 08 25 08:48:01.079#Z#DEBUG#9140a271-a061-11f1-b78a-eeee0a986e3f.ResilienceCockpit-db-deployer#flowable-async-job-executor-thread-11927#
[PollStageAppStatusExecution] 2d23200b-60aa-4519-b7f8-9f40de7a8ecc [2026-08-25T08:31:29.822924] Precompiling "src/gen/data/sap-common-Countries_texts_nl.hdbtabledata$0.expand"... ok (0s 1ms) (STDOUT, APP/TASK/deploy)#
#2026 08 25 08:48:01.079#Z#DEBUG#9140a271-a061-11f1-b78a-eeee0a986e3f.ResilienceCockpit-db-deployer#flowable-async-job-executor-thread-11927#
[PollStageAppStatusExecution] 2d23200b-60aa-4519-b7f8-9f40de7a8ecc [2026-08-25T08:31:29.822928] Precompiling "src/gen/data/sap-common-Countries_texts_pl.hdbtabledata$0.expand"... (STDOUT, APP/TASK/deploy)#
#2026 08 25 08:48:01.079#Z#DEBUG#9140a271-a061-11f1-b78a-eeee0a986e3f.ResilienceCockpit-db-deployer#flowable-async-job-executor-thread-11927#
[PollStageAppStatusExecution] 2d23200b-60aa-4519-b7f8-9f40de7a8ecc [2026-08-25T08:31:29.822930] Expanded from "src/gen/data/sap-common-Countries_texts_pl.hdbtabledata" (STDOUT, APP/TASK/deploy)#
#2026 08 25 08:48:01.079#Z#DEBUG#9140a271-a061-11f1-b78a-eeee0a986e3f.ResilienceCockpit-db-deployer#flowable-async-job-executor-thread-11927#
[PollStageAppStatusExecution] 2d23200b-60aa-4519-b7f8-9f40de7a8ecc [2026-08-25T08:31:29.822931] Precompiling "src/gen/data/sap-common-Countries_texts_pt.csv"... (STDOUT, APP/TASK/deploy)#
#2026 08 25 08:48:01.079#Z#DEBUG#9140a271-a061-11f1-b78a-eeee0a986e3f.ResilienceCockpit-db-deployer#flowable-async-job-executor-thread-11927#
[PollStageAppStatusExecution] 2d23200b-60aa-4519-b7f8-9f40de7a8ecc [2026-08-25T08:31:29.822933] Precompiling "src/gen/data/sap-common-Countries_texts_pt.hdbtabledata"... (STDOUT, APP/TASK/deploy)#
#2026 08 25 08:48:01.079#Z#DEBUG#9140a271-a061-11f1-b78a-eeee0a986e3f.ResilienceCockpit-db-deployer#flowable-async-job-executor-thread-11927#
[PollStageAppStatusExecution] 2d23200b-60aa-4519-b7f8-9f40de7a8ecc [2026-08-25T08:31:29.822935] Precompiling "src/gen/data/sap-common-Countries_texts_pt.hdbtabledata"... ok (0s 0ms) (STDOUT, APP/TASK/deploy)#
#2026 08 25 08:48:01.079#Z#DEBUG#9140a271-a061-11f1-b78a-eeee0a986e3f.ResilienceCockpit-db-deployer#flowable-async-job-executor-thread-11927#
[PollStageAppStatusExecution] 2d23200b-60aa-4519-b7f8-9f40de7a8ecc [2026-08-25T08:31:29.822938] Precompiling "src/gen/data/sap-common-Countries_texts_pt.hdbtabledata$0.expand"... (STDOUT, APP/TASK/deploy)#
#2026 08 25 08:48:01.079#Z#DEBUG#9140a271-a061-11f1-b78a-eeee0a986e3f.ResilienceCockpit-db-deployer#flowable-async-job-executor-thread-11927#
[PollStageAppStatusExecution] 2d23200b-60aa-4519-b7f8-9f40de7a8ecc [2026-08-25T08:31:29.822940] Expanded from "src/gen/data/sap-common-Countries_texts_pt.hdbtabledata" (STDOUT, APP/TASK/deploy)#
#2026 08 25 08:48:01.079#Z#DEBUG#9140a271-a061-11f1-b78a-eeee0a986e3f.ResilienceCockpit-db-deployer#flowable-async-job-executor-thread-11927#
[PollStageAppStatusExecution] 2d23200b-60aa-4519-b7f8-9f40de7a8ecc [2026-08-25T08:31:29.822991] Precompiling "src/gen/data/sap-common-Countries_texts_pl.csv"... ok (0s 1ms) (STDOUT, APP/TASK/deploy)#
#2026 08 25 08:48:01.079#Z#DEBUG#9140a271-a061-11f1-b78a-eeee0a986e3f.ResilienceCockpit-db-deployer#flowable-async-job-executor-thread-11927#
[PollStageAppStatusExecution] 2d23200b-60aa-4519-b7f8-9f40de7a8ecc [2026-08-25T08:31:29.822993] Precompiling "src/gen/data/sap-common-Countries_texts_ro.csv"... (STDOUT, APP/TASK/deploy)#
#2026 08 25 08:48:01.079#Z#DEBUG#9140a271-a061-11f1-b78a-eeee0a986e3f.ResilienceCockpit-db-deployer#flowable-async-job-executor-thread-11927#
[PollStageAppStatusExecution] 2d23200b-60aa-4519-b7f8-9f40de7a8ecc [2026-08-25T08:31:29.822995] Precompiling "src/gen/data/sap-common-Countries_texts_pl.hdbtabledata$0.expand"... ok (0s 2ms) (STDOUT, APP/TASK/deploy)#
#2026 08 25 08:48:01.079#Z#DEBUG#9140a271-a061-11f1-b78a-eeee0a986e3f.ResilienceCockpit-db-deployer#flowable-async-job-executor-thread-11927#
[PollStageAppStatusExecution] 2d23200b-60aa-4519-b7f8-9f40de7a8ecc [2026-08-25T08:31:29.822997] Precompiling "src/gen/data/sap-common-Countries_texts_ro.hdbtabledata"... (STDOUT, APP/TASK/deploy)#
#2026 08 25 08:48:01.079#Z#DEBUG#9140a271-a061-11f1-b78a-eeee0a986e3f.ResilienceCockpit-db-deployer#flowable-async-job-executor-thread-11927#
[PollStageAppStatusExecution] 2d23200b-60aa-4519-b7f8-9f40de7a8ecc [2026-08-25T08:31:29.823002] Precompiling "src/gen/data/sap-common-Countries_texts_ro.hdbtabledata"... ok (0s 0ms) (STDOUT, APP/TASK/deploy)#
#2026 08 25 08:48:01.079#Z#DEBUG#9140a271-a061-11f1-b78a-eeee0a986e3f.ResilienceCockpit-db-deployer#flowable-async-job-executor-thread-11927#
[PollStageAppStatusExecution] 2d23200b-60aa-4519-b7f8-9f40de7a8ecc [2026-08-25T08:31:29.823004] Precompiling "src/gen/data/sap-common-Countries_texts_pt.csv"... ok (0s 1ms) (STDOUT, APP/TASK/deploy)#
#2026 08 25 08:48:01.079#Z#DEBUG#9140a271-a061-11f1-b78a-eeee0a986e3f.ResilienceCockpit-db-deployer#flowable-async-job-executor-thread-11927#
[PollStageAppStatusExecution] 2d23200b-60aa-4519-b7f8-9f40de7a8ecc [2026-08-25T08:31:29.823007] Precompiling "src/gen/data/sap-common-Countries_texts_ro.hdbtabledata$0.expand"... (STDOUT, APP/TASK/deploy)#
#2026 08 25 08:48:01.079#Z#DEBUG#9140a271-a061-11f1-b78a-eeee0a986e3f.ResilienceCockpit-db-deployer#flowable-async-job-executor-thread-11927#
[PollStageAppStatusExecution] 2d23200b-60aa-4519-b7f8-9f40de7a8ecc [2026-08-25T08:31:29.823008] Expanded from "src/gen/data/sap-common-Countries_texts_ro.hdbtabledata" (STDOUT, APP/TASK/deploy)#
#2026 08 25 08:48:01.079#Z#DEBUG#9140a271-a061-11f1-b78a-eeee0a986e3f.ResilienceCockpit-db-deployer#flowable-async-job-executor-thread-11927#
[PollStageAppStatusExecution] 2d23200b-60aa-4519-b7f8-9f40de7a8ecc [2026-08-25T08:31:29.823010] Precompiling "src/gen/data/sap-common-Countries_texts_ru.csv"... (STDOUT, APP/TASK/deploy)#
#2026 08 25 08:48:01.079#Z#DEBUG#9140a271-a061-11f1-b78a-eeee0a986e3f.ResilienceCockpit-db-deployer#flowable-async-job-executor-thread-11927#
[PollStageAppStatusExecution] 2d23200b-60aa-4519-b7f8-9f40de7a8ecc [2026-08-25T08:31:29.823014] Precompiling "src/gen/data/sap-common-Countries_texts_pt.hdbtabledata$0.expand"... ok (0s 1ms) (STDOUT, APP/TASK/deploy)#
#2026 08 25 08:48:01.079#Z#DEBUG#9140a271-a061-11f1-b78a-eeee0a986e3f.ResilienceCockpit-db-deployer#flowable-async-job-executor-thread-11927#
[PollStageAppStatusExecution] 2d23200b-60aa-4519-b7f8-9f40de7a8ecc [2026-08-25T08:31:29.823016] Precompiling "src/gen/data/sap-common-Countries_texts_ru.hdbtabledata"... (STDOUT, APP/TASK/deploy)#
#2026 08 25 08:48:01.079#Z#DEBUG#9140a271-a061-11f1-b78a-eeee0a986e3f.ResilienceCockpit-db-deployer#flowable-async-job-executor-thread-11927#
[PollStageAppStatusExecution] 2d23200b-60aa-4519-b7f8-9f40de7a8ecc [2026-08-25T08:31:29.823019] Precompiling "src/gen/data/sap-common-Countries_texts_ru.hdbtabledata"... ok (0s 0ms) (STDOUT, APP/TASK/deploy)#
#2026 08 25 08:48:01.079#Z#DEBUG#9140a271-a061-11f1-b78a-eeee0a986e3f.ResilienceCockpit-db-deployer#flowable-async-job-executor-thread-11927#
[PollStageAppStatusExecution] 2d23200b-60aa-4519-b7f8-9f40de7a8ecc [2026-08-25T08:31:29.823020] Precompiling "src/gen/data/sap-common-Countries_texts_ru.hdbtabledata$0.expand"... (STDOUT, APP/TASK/deploy)#
#2026 08 25 08:48:01.079#Z#DEBUG#9140a271-a061-11f1-b78a-eeee0a986e3f.ResilienceCockpit-db-deployer#flowable-async-job-executor-thread-11927#
[PollStageAppStatusExecution] 2d23200b-60aa-4519-b7f8-9f40de7a8ecc [2026-08-25T08:31:29.823022] Expanded from "src/gen/data/sap-common-Countries_texts_ru.hdbtabledata" (STDOUT, APP/TASK/deploy)#
#2026 08 25 08:48:01.079#Z#DEBUG#9140a271-a061-11f1-b78a-eeee0a986e3f.ResilienceCockpit-db-deployer#flowable-async-job-executor-thread-11927#
[PollStageAppStatusExecution] 2d23200b-60aa-4519-b7f8-9f40de7a8ecc [2026-08-25T08:31:29.823024] Precompiling "src/gen/data/sap-common-Countries_texts_ro.csv"... ok (0s 2ms) (STDOUT, APP/TASK/deploy)#
#2026 08 25 08:48:01.079#Z#DEBUG#9140a271-a061-11f1-b78a-eeee0a986e3f.ResilienceCockpit-db-deployer#flowable-async-job-executor-thread-11927#
[PollStageAppStatusExecution] 2d23200b-60aa-4519-b7f8-9f40de7a8ecc [2026-08-25T08:31:29.823025] Precompiling "src/gen/data/sap-common-Countries_texts_ro.hdbtabledata$0.expand"... ok (0s 1ms) (STDOUT, APP/TASK/deploy)#
#2026 08 25 08:48:01.079#Z#DEBUG#9140a271-a061-11f1-b78a-eeee0a986e3f.ResilienceCockpit-db-deployer#flowable-async-job-executor-thread-11927#
[PollStageAppStatusExecution] 2d23200b-60aa-4519-b7f8-9f40de7a8ecc [2026-08-25T08:31:29.823027] Precompiling "src/gen/data/sap-common-Countries_texts_sh.csv"... (STDOUT, APP/TASK/deploy)#
#2026 08 25 08:48:01.079#Z#DEBUG#9140a271-a061-11f1-b78a-eeee0a986e3f.ResilienceCockpit-db-deployer#flowable-async-job-executor-thread-11927#
[PollStageAppStatusExecution] 2d23200b-60aa-4519-b7f8-9f40de7a8ecc [2026-08-25T08:31:29.823029] Precompiling "src/gen/data/sap-common-Countries_texts_sh.hdbtabledata"... (STDOUT, APP/TASK/deploy)#
#2026 08 25 08:48:01.079#Z#DEBUG#9140a271-a061-11f1-b78a-eeee0a986e3f.ResilienceCockpit-db-deployer#flowable-async-job-executor-thread-11927#
[PollStageAppStatusExecution] 2d23200b-60aa-4519-b7f8-9f40de7a8ecc [2026-08-25T08:31:29.823031] Precompiling "src/gen/data/sap-common-Countries_texts_sh.hdbtabledata"... ok (0s 0ms) (STDOUT, APP/TASK/deploy)#
#2026 08 25 08:48:01.079#Z#DEBUG#9140a271-a061-11f1-b78a-eeee0a986e3f.ResilienceCockpit-db-deployer#flowable-async-job-executor-thread-11927#
[PollStageAppStatusExecution] 2d23200b-60aa-4519-b7f8-9f40de7a8ecc [2026-08-25T08:31:29.823032] Precompiling "src/gen/data/sap-common-Countries_texts_sh.hdbtabledata$0.expand"... (STDOUT, APP/TASK/deploy)#
#2026 08 25 08:48:01.079#Z#DEBUG#9140a271-a061-11f1-b78a-eeee0a986e3f.ResilienceCockpit-db-deployer#flowable-async-job-executor-thread-11927#
[PollStageAppStatusExecution] 2d23200b-60aa-4519-b7f8-9f40de7a8ecc [2026-08-25T08:31:29.823038] Expanded from "src/gen/data/sap-common-Countries_texts_sh.hdbtabledata" (STDOUT, APP/TASK/deploy)#
#2026 08 25 08:48:01.079#Z#DEBUG#9140a271-a061-11f1-b78a-eeee0a986e3f.ResilienceCockpit-db-deployer#flowable-async-job-executor-thread-11927#
[PollStageAppStatusExecution] 2d23200b-60aa-4519-b7f8-9f40de7a8ecc [2026-08-25T08:31:29.823040] Precompiling "src/gen/data/sap-common-Countries_texts_ru.csv"... ok (0s 2ms) (STDOUT, APP/TASK/deploy)#
#2026 08 25 08:48:01.079#Z#DEBUG#9140a271-a061-11f1-b78a-eeee0a986e3f.ResilienceCockpit-db-deployer#flowable-async-job-executor-thread-11927#
[PollStageAppStatusExecution] 2d23200b-60aa-4519-b7f8-9f40de7a8ecc [2026-08-25T08:31:29.823043] Precompiling "src/gen/data/sap-common-Countries_texts_sk.csv"... (STDOUT, APP/TASK/deploy)#
#2026 08 25 08:48:01.079#Z#DEBUG#9140a271-a061-11f1-b78a-eeee0a986e3f.ResilienceCockpit-db-deployer#flowable-async-job-executor-thread-11927#
[PollStageAppStatusExecution] 2d23200b-60aa-4519-b7f8-9f40de7a8ecc [2026-08-25T08:31:29.823045] Precompiling "src/gen/data/sap-common-Countries_texts_ru.hdbtabledata$0.expand"... ok (0s 1ms) (STDOUT, APP/TASK/deploy)#
#2026 08 25 08:48:01.079#Z#DEBUG#9140a271-a061-11f1-b78a-eeee0a986e3f.ResilienceCockpit-db-deployer#flowable-async-job-executor-thread-11927#
[PollStageAppStatusExecution] 2d23200b-60aa-4519-b7f8-9f40de7a8ecc [2026-08-25T08:31:29.823047] Precompiling "src/gen/data/sap-common-Countries_texts_sk.hdbtabledata"... (STDOUT, APP/TASK/deploy)#
#2026 08 25 08:48:01.079#Z#DEBUG#9140a271-a061-11f1-b78a-eeee0a986e3f.ResilienceCockpit-db-deployer#flowable-async-job-executor-thread-11927#
[PollStageAppStatusExecution] 2d23200b-60aa-4519-b7f8-9f40de7a8ecc [2026-08-25T08:31:29.823051] Precompiling "src/gen/data/sap-common-Countries_texts_sk.hdbtabledata"... ok (0s 0ms) (STDOUT, APP/TASK/deploy)#
#2026 08 25 08:48:01.079#Z#DEBUG#9140a271-a061-11f1-b78a-eeee0a986e3f.ResilienceCockpit-db-deployer#flowable-async-job-executor-thread-11927#
[PollStageAppStatusExecution] 2d23200b-60aa-4519-b7f8-9f40de7a8ecc [2026-08-25T08:31:29.823053] Precompiling "src/gen/data/sap-common-Countries_texts_sk.hdbtabledata$0.expand"... (STDOUT, APP/TASK/deploy)#
#2026 08 25 08:48:01.079#Z#DEBUG#9140a271-a061-11f1-b78a-eeee0a986e3f.ResilienceCockpit-db-deployer#flowable-async-job-executor-thread-11927#
[PollStageAppStatusExecution] 2d23200b-60aa-4519-b7f8-9f40de7a8ecc [2026-08-25T08:31:29.823055] Expanded from "src/gen/data/sap-common-Countries_texts_sk.hdbtabledata" (STDOUT, APP/TASK/deploy)#
#2026 08 25 08:48:01.079#Z#DEBUG#9140a271-a061-11f1-b78a-eeee0a986e3f.ResilienceCockpit-db-deployer#flowable-async-job-executor-thread-11927#
[PollStageAppStatusExecution] 2d23200b-60aa-4519-b7f8-9f40de7a8ecc [2026-08-25T08:31:29.823057] Precompiling "src/gen/data/sap-common-Countries_texts_sh.csv"... ok (0s 1ms) (STDOUT, APP/TASK/deploy)#
#2026 08 25 08:48:01.079#Z#DEBUG#9140a271-a061-11f1-b78a-eeee0a986e3f.ResilienceCockpit-db-deployer#flowable-async-job-executor-thread-11927#
[PollStageAppStatusExecution] 2d23200b-60aa-4519-b7f8-9f40de7a8ecc [2026-08-25T08:31:29.823059] Precompiling "src/gen/data/sap-common-Countries_texts_sk.hdbtabledata$0.expand"... ok (0s 1ms) (STDOUT, APP/TASK/deploy)#
#2026 08 25 08:48:01.079#Z#DEBUG#9140a271-a061-11f1-b78a-eeee0a986e3f.ResilienceCockpit-db-deployer#flowable-async-job-executor-thread-11927#
[PollStageAppStatusExecution] 2d23200b-60aa-4519-b7f8-9f40de7a8ecc [2026-08-25T08:31:29.823061] Precompiling "src/gen/data/sap-common-Countries_texts_sl.csv"... (STDOUT, APP/TASK/deploy)#
#2026 08 25 08:48:01.079#Z#DEBUG#9140a271-a061-11f1-b78a-eeee0a986e3f.ResilienceCockpit-db-deployer#flowable-async-job-executor-thread-11927#
[PollStageAppStatusExecution] 2d23200b-60aa-4519-b7f8-9f40de7a8ecc [2026-08-25T08:31:29.823062] Precompiling "src/gen/data/sap-common-Countries_texts_sl.hdbtabledata"... (STDOUT, APP/TASK/deploy)#
#2026 08 25 08:48:01.079#Z#DEBUG#9140a271-a061-11f1-b78a-eeee0a986e3f.ResilienceCockpit-db-deployer#flowable-async-job-executor-thread-11927#
[PollStageAppStatusExecution] 2d23200b-60aa-4519-b7f8-9f40de7a8ecc [2026-08-25T08:31:29.823064] Precompiling "src/gen/data/sap-common-Countries_texts_sl.hdbtabledata"... ok (0s 0ms) (STDOUT, APP/TASK/deploy)#
#2026 08 25 08:48:01.079#Z#DEBUG#9140a271-a061-11f1-b78a-eeee0a986e3f.ResilienceCockpit-db-deployer#flowable-async-job-executor-thread-11927#
[PollStageAppStatusExecution] 2d23200b-60aa-4519-b7f8-9f40de7a8ecc [2026-08-25T08:31:29.823065] Precompiling "src/gen/data/sap-common-Countries_texts_sl.hdbtabledata$0.expand"... (STDOUT, APP/TASK/deploy)#
#2026 08 25 08:48:01.079#Z#DEBUG#9140a271-a061-11f1-b78a-eeee0a986e3f.ResilienceCockpit-db-deployer#flowable-async-job-executor-thread-11927#
[PollStageAppStatusExecution] 2d23200b-60aa-4519-b7f8-9f40de7a8ecc [2026-08-25T08:31:29.823067] Expanded from "src/gen/data/sap-common-Countries_texts_sl.hdbtabledata" (STDOUT, APP/TASK/deploy)#
#2026 08 25 08:48:01.079#Z#DEBUG#9140a271-a061-11f1-b78a-eeee0a986e3f.ResilienceCockpit-db-deployer#flowable-async-job-executor-thread-11927#
[PollStageAppStatusExecution] 2d23200b-60aa-4519-b7f8-9f40de7a8ecc [2026-08-25T08:31:29.823068] Precompiling "src/gen/data/sap-common-Countries_texts_sh.hdbtabledata$0.expand"... ok (0s 1ms) (STDOUT, APP/TASK/deploy)#
#2026 08 25 08:48:01.079#Z#DEBUG#9140a271-a061-11f1-b78a-eeee0a986e3f.ResilienceCockpit-db-deployer#flowable-async-job-executor-thread-11927#
[PollStageAppStatusExecution] 2d23200b-60aa-4519-b7f8-9f40de7a8ecc [2026-08-25T08:31:29.823070] Precompiling "src/gen/data/sap-common-Countries_texts_sv.csv"... (STDOUT, APP/TASK/deploy)#
#2026 08 25 08:48:01.079#Z#DEBUG#9140a271-a061-11f1-b78a-eeee0a986e3f.ResilienceCockpit-db-deployer#flowable-async-job-executor-thread-11927#
[PollStageAppStatusExecution] 2d23200b-60aa-4519-b7f8-9f40de7a8ecc [2026-08-25T08:31:29.823071] Precompiling "src/gen/data/sap-common-Countries_texts_sk.csv"... ok (0s 2ms) (STDOUT, APP/TASK/deploy)#
#2026 08 25 08:48:01.079#Z#DEBUG#9140a271-a061-11f1-b78a-eeee0a986e3f.ResilienceCockpit-db-deployer#flowable-async-job-executor-thread-11927#
[PollStageAppStatusExecution] 2d23200b-60aa-4519-b7f8-9f40de7a8ecc [2026-08-25T08:31:29.823074] Precompiling "src/gen/data/sap-common-Countries_texts_sv.hdbtabledata"... (STDOUT, APP/TASK/deploy)#
#2026 08 25 08:48:01.079#Z#DEBUG#9140a271-a061-11f1-b78a-eeee0a986e3f.ResilienceCockpit-db-deployer#flowable-async-job-executor-thread-11927#
[PollStageAppStatusExecution] 2d23200b-60aa-4519-b7f8-9f40de7a8ecc [2026-08-25T08:31:29.823075] Precompiling "src/gen/data/sap-common-Countries_texts_sv.hdbtabledata"... ok (0s 0ms) (STDOUT, APP/TASK/deploy)#
#2026 08 25 08:48:01.079#Z#DEBUG#9140a271-a061-11f1-b78a-eeee0a986e3f.ResilienceCockpit-db-deployer#flowable-async-job-executor-thread-11927#
[PollStageAppStatusExecution] 2d23200b-60aa-4519-b7f8-9f40de7a8ecc [2026-08-25T08:31:29.823077] Precompiling "src/gen/data/sap-common-Countries_texts_sv.hdbtabledata$0.expand"... (STDOUT, APP/TASK/deploy)#
#2026 08 25 08:48:01.079#Z#DEBUG#9140a271-a061-11f1-b78a-eeee0a986e3f.ResilienceCockpit-db-deployer#flowable-async-job-executor-thread-11927#
[PollStageAppStatusExecution] 2d23200b-60aa-4519-b7f8-9f40de7a8ecc [2026-08-25T08:31:29.823081] Expanded from "src/gen/data/sap-common-Countries_texts_sv.hdbtabledata" (STDOUT, APP/TASK/deploy)#
#2026 08 25 08:48:01.079#Z#DEBUG#9140a271-a061-11f1-b78a-eeee0a986e3f.ResilienceCockpit-db-deployer#flowable-async-job-executor-thread-11927#
[PollStageAppStatusExecution] 2d23200b-60aa-4519-b7f8-9f40de7a8ecc [2026-08-25T08:31:29.823082] Precompiling "src/gen/data/sap-common-Countries_texts_sl.hdbtabledata$0.expand"... ok (0s 2ms) (STDOUT, APP/TASK/deploy)#
#2026 08 25 08:48:01.079#Z#DEBUG#9140a271-a061-11f1-b78a-eeee0a986e3f.ResilienceCockpit-db-deployer#flowable-async-job-executor-thread-11927#
[PollStageAppStatusExecution] 2d23200b-60aa-4519-b7f8-9f40de7a8ecc [2026-08-25T08:31:29.823084] Precompiling "src/gen/data/sap-common-Countries_texts_sl.csv"... ok (0s 2ms) (STDOUT, APP/TASK/deploy)#
#2026 08 25 08:48:01.079#Z#DEBUG#9140a271-a061-11f1-b78a-eeee0a986e3f.ResilienceCockpit-db-deployer#flowable-async-job-executor-thread-11927#
[PollStageAppStatusExecution] 2d23200b-60aa-4519-b7f8-9f40de7a8ecc [2026-08-25T08:31:29.823086] Precompiling "src/gen/data/sap-common-Countries_texts_th.hdbtabledata"... (STDOUT, APP/TASK/deploy)#
#2026 08 25 08:48:01.079#Z#DEBUG#9140a271-a061-11f1-b78a-eeee0a986e3f.ResilienceCockpit-db-deployer#flowable-async-job-executor-thread-11927#
[PollStageAppStatusExecution] 2d23200b-60aa-4519-b7f8-9f40de7a8ecc [2026-08-25T08:31:29.823088] Precompiling "src/gen/data/sap-common-Countries_texts_th.csv"... (STDOUT, APP/TASK/deploy)#
#2026 08 25 08:48:01.079#Z#DEBUG#9140a271-a061-11f1-b78a-eeee0a986e3f.ResilienceCockpit-db-deployer#flowable-async-job-executor-thread-11927#
[PollStageAppStatusExecution] 2d23200b-60aa-4519-b7f8-9f40de7a8ecc [2026-08-25T08:31:29.823091] Precompiling "src/gen/data/sap-common-Countries_texts_th.hdbtabledata"... ok (0s 0ms) (STDOUT, APP/TASK/deploy)#
#2026 08 25 08:48:01.079#Z#DEBUG#9140a271-a061-11f1-b78a-eeee0a986e3f.ResilienceCockpit-db-deployer#flowable-async-job-executor-thread-11927#
[PollStageAppStatusExecution] 2d23200b-60aa-4519-b7f8-9f40de7a8ecc [2026-08-25T08:31:29.823092] Precompiling "src/gen/data/sap-common-Countries_texts_th.hdbtabledata$0.expand"... (STDOUT, APP/TASK/deploy)#
#2026 08 25 08:48:01.079#Z#DEBUG#9140a271-a061-11f1-b78a-eeee0a986e3f.ResilienceCockpit-db-deployer#flowable-async-job-executor-thread-11927#
[PollStageAppStatusExecution] 2d23200b-60aa-4519-b7f8-9f40de7a8ecc [2026-08-25T08:31:29.823096] Expanded from "src/gen/data/sap-common-Countries_texts_th.hdbtabledata" (STDOUT, APP/TASK/deploy)#
#2026 08 25 08:48:01.079#Z#DEBUG#9140a271-a061-11f1-b78a-eeee0a986e3f.ResilienceCockpit-db-deployer#flowable-async-job-executor-thread-11927#
[PollStageAppStatusExecution] 2d23200b-60aa-4519-b7f8-9f40de7a8ecc [2026-08-25T08:31:29.823141] Precompiling "src/gen/data/sap-common-Countries_texts_sv.hdbtabledata$0.expand"... ok (0s 1ms) (STDOUT, APP/TASK/deploy)#
#2026 08 25 08:48:01.079#Z#DEBUG#9140a271-a061-11f1-b78a-eeee0a986e3f.ResilienceCockpit-db-deployer#flowable-async-job-executor-thread-11927#
[PollStageAppStatusExecution] 2d23200b-60aa-4519-b7f8-9f40de7a8ecc [2026-08-25T08:31:29.823143] Precompiling "src/gen/data/sap-common-Countries_texts_sv.csv"... ok (0s 2ms) (STDOUT, APP/TASK/deploy)#
#2026 08 25 08:48:01.079#Z#DEBUG#9140a271-a061-11f1-b78a-eeee0a986e3f.ResilienceCockpit-db-deployer#flowable-async-job-executor-thread-11927#
[PollStageAppStatusExecution] 2d23200b-60aa-4519-b7f8-9f40de7a8ecc [2026-08-25T08:31:29.823144] Precompiling "src/gen/data/sap-common-Countries_texts_tr.hdbtabledata"... (STDOUT, APP/TASK/deploy)#
#2026 08 25 08:48:01.079#Z#DEBUG#9140a271-a061-11f1-b78a-eeee0a986e3f.ResilienceCockpit-db-deployer#flowable-async-job-executor-thread-11927#
[PollStageAppStatusExecution] 2d23200b-60aa-4519-b7f8-9f40de7a8ecc [2026-08-25T08:31:29.823146] Precompiling "src/gen/data/sap-common-Countries_texts_tr.csv"... (STDOUT, APP/TASK/deploy)#
#2026 08 25 08:48:01.079#Z#DEBUG#9140a271-a061-11f1-b78a-eeee0a986e3f.ResilienceCockpit-db-deployer#flowable-async-job-executor-thread-11927#
[PollStageAppStatusExecution] 2d23200b-60aa-4519-b7f8-9f40de7a8ecc [2026-08-25T08:31:29.823564] Precompiling "src/gen/data/sap-common-Countries_texts_tr.hdbtabledata"... ok (0s 0ms) (STDOUT, APP/TASK/deploy)#
#2026 08 25 08:48:01.079#Z#DEBUG#9140a271-a061-11f1-b78a-eeee0a986e3f.ResilienceCockpit-db-deployer#flowable-async-job-executor-thread-11927#
[PollStageAppStatusExecution] 2d23200b-60aa-4519-b7f8-9f40de7a8ecc [2026-08-25T08:31:29.823569] Precompiling "src/gen/data/sap-common-Countries_texts_tr.hdbtabledata$0.expand"... (STDOUT, APP/TASK/deploy)#
#2026 08 25 08:48:01.079#Z#DEBUG#9140a271-a061-11f1-b78a-eeee0a986e3f.ResilienceCockpit-db-deployer#flowable-async-job-executor-thread-11927#
[PollStageAppStatusExecution] 2d23200b-60aa-4519-b7f8-9f40de7a8ecc [2026-08-25T08:31:29.823572] Expanded from "src/gen/data/sap-common-Countries_texts_tr.hdbtabledata" (STDOUT, APP/TASK/deploy)#
#2026 08 25 08:48:01.079#Z#DEBUG#9140a271-a061-11f1-b78a-eeee0a986e3f.ResilienceCockpit-db-deployer#flowable-async-job-executor-thread-11927#
[PollStageAppStatusExecution] 2d23200b-60aa-4519-b7f8-9f40de7a8ecc [2026-08-25T08:31:29.823575] Precompiling "src/gen/data/sap-common-Countries_texts_th.hdbtabledata$0.expand"... ok (0s 1ms) (STDOUT, APP/TASK/deploy)#
#2026 08 25 08:48:01.079#Z#DEBUG#9140a271-a061-11f1-b78a-eeee0a986e3f.ResilienceCockpit-db-deployer#flowable-async-job-executor-thread-11927#
[PollStageAppStatusExecution] 2d23200b-60aa-4519-b7f8-9f40de7a8ecc [2026-08-25T08:31:29.823577] Precompiling "src/gen/data/sap-common-Countries_texts_uk.csv"... (STDOUT, APP/TASK/deploy)#
#2026 08 25 08:48:01.079#Z#DEBUG#9140a271-a061-11f1-b78a-eeee0a986e3f.ResilienceCockpit-db-deployer#flowable-async-job-executor-thread-11927#
[PollStageAppStatusExecution] 2d23200b-60aa-4519-b7f8-9f40de7a8ecc [2026-08-25T08:31:29.823579] Precompiling "src/gen/data/sap-common-Countries_texts_tr.csv"... ok (0s 1ms) (STDOUT, APP/TASK/deploy)#
#2026 08 25 08:48:01.079#Z#DEBUG#9140a271-a061-11f1-b78a-eeee0a986e3f.ResilienceCockpit-db-deployer#flowable-async-job-executor-thread-11927#
[PollStageAppStatusExecution] 2d23200b-60aa-4519-b7f8-9f40de7a8ecc [2026-08-25T08:31:29.823581] Precompiling "src/gen/data/sap-common-Countries_texts_uk.hdbtabledata"... (STDOUT, APP/TASK/deploy)#
#2026 08 25 08:48:01.079#Z#DEBUG#9140a271-a061-11f1-b78a-eeee0a986e3f.ResilienceCockpit-db-deployer#flowable-async-job-executor-thread-11927#
[PollStageAppStatusExecution] 2d23200b-60aa-4519-b7f8-9f40de7a8ecc [2026-08-25T08:31:29.823583] Precompiling "src/gen/data/sap-common-Countries_texts_th.csv"... ok (0s 3ms) (STDOUT, APP/TASK/deploy)#
#2026 08 25 08:48:01.079#Z#DEBUG#9140a271-a061-11f1-b78a-eeee0a986e3f.ResilienceCockpit-db-deployer#flowable-async-job-executor-thread-11927#
[PollStageAppStatusExecution] 2d23200b-60aa-4519-b7f8-9f40de7a8ecc [2026-08-25T08:31:29.823585] Precompiling "src/gen/data/sap-common-Countries_texts_tr.hdbtabledata$0.expand"... ok (0s 2ms) (STDOUT, APP/TASK/deploy)#
#2026 08 25 08:48:01.079#Z#DEBUG#9140a271-a061-11f1-b78a-eeee0a986e3f.ResilienceCockpit-db-deployer#flowable-async-job-executor-thread-11927#
[PollStageAppStatusExecution] 2d23200b-60aa-4519-b7f8-9f40de7a8ecc [2026-08-25T08:31:29.823586] Precompiling "src/gen/data/sap-common-Countries_texts_uk.hdbtabledata"... ok (0s 0ms) (STDOUT, APP/TASK/deploy)#
#2026 08 25 08:48:01.079#Z#DEBUG#9140a271-a061-11f1-b78a-eeee0a986e3f.ResilienceCockpit-db-deployer#flowable-async-job-executor-thread-11927#
[PollStageAppStatusExecution] 2d23200b-60aa-4519-b7f8-9f40de7a8ecc [2026-08-25T08:31:29.823588] Precompiling "src/gen/data/sap-common-Countries_texts_uk.hdbtabledata$0.expand"... (STDOUT, APP/TASK/deploy)#
#2026 08 25 08:48:01.079#Z#DEBUG#9140a271-a061-11f1-b78a-eeee0a986e3f.ResilienceCockpit-db-deployer#flowable-async-job-executor-thread-11927#
[PollStageAppStatusExecution] 2d23200b-60aa-4519-b7f8-9f40de7a8ecc [2026-08-25T08:31:29.823590] Precompiling "src/gen/data/sap-common-Countries_texts_zh_CN.csv"... (STDOUT, APP/TASK/deploy)#
#2026 08 25 08:48:01.079#Z#DEBUG#9140a271-a061-11f1-b78a-eeee0a986e3f.ResilienceCockpit-db-deployer#flowable-async-job-executor-thread-11927#
[PollStageAppStatusExecution] 2d23200b-60aa-4519-b7f8-9f40de7a8ecc [2026-08-25T08:31:29.823591] Expanded from "src/gen/data/sap-common-Countries_texts_uk.hdbtabledata" (STDOUT, APP/TASK/deploy)#
#2026 08 25 08:48:01.079#Z#DEBUG#9140a271-a061-11f1-b78a-eeee0a986e3f.ResilienceCockpit-db-deployer#flowable-async-job-executor-thread-11927#
[PollStageAppStatusExecution] 2d23200b-60aa-4519-b7f8-9f40de7a8ecc [2026-08-25T08:31:29.823593] Precompiling "src/gen/data/sap-common-Countries_texts_zh_CN.hdbtabledata"... (STDOUT, APP/TASK/deploy)#
#2026 08 25 08:48:01.079#Z#DEBUG#9140a271-a061-11f1-b78a-eeee0a986e3f.ResilienceCockpit-db-deployer#flowable-async-job-executor-thread-11927#
[PollStageAppStatusExecution] 2d23200b-60aa-4519-b7f8-9f40de7a8ecc [2026-08-25T08:31:29.823595] Precompiling "src/gen/data/sap-common-Countries_texts_zh_CN.hdbtabledata"... ok (0s 0ms) (STDOUT, APP/TASK/deploy)#
#2026 08 25 08:48:01.079#Z#DEBUG#9140a271-a061-11f1-b78a-eeee0a986e3f.ResilienceCockpit-db-deployer#flowable-async-job-executor-thread-11927#
[PollStageAppStatusExecution] 2d23200b-60aa-4519-b7f8-9f40de7a8ecc [2026-08-25T08:31:29.823599] Precompiling "src/gen/data/sap-common-Countries_texts_zh_CN.hdbtabledata$0.expand"... (STDOUT, APP/TASK/deploy)#
#2026 08 25 08:48:01.079#Z#DEBUG#9140a271-a061-11f1-b78a-eeee0a986e3f.ResilienceCockpit-db-deployer#flowable-async-job-executor-thread-11927#
[PollStageAppStatusExecution] 2d23200b-60aa-4519-b7f8-9f40de7a8ecc [2026-08-25T08:31:29.823601] Expanded from "src/gen/data/sap-common-Countries_texts_zh_CN.hdbtabledata" (STDOUT, APP/TASK/deploy)#
#2026 08 25 08:48:01.079#Z#DEBUG#9140a271-a061-11f1-b78a-eeee0a986e3f.ResilienceCockpit-db-deployer#flowable-async-job-executor-thread-11927#
[PollStageAppStatusExecution] 2d23200b-60aa-4519-b7f8-9f40de7a8ecc [2026-08-25T08:31:29.823603] Precompiling "src/gen/data/sap-common-Countries_texts_uk.csv"... ok (0s 2ms) (STDOUT, APP/TASK/deploy)#
#2026 08 25 08:48:01.079#Z#DEBUG#9140a271-a061-11f1-b78a-eeee0a986e3f.ResilienceCockpit-db-deployer#flowable-async-job-executor-thread-11927#
[PollStageAppStatusExecution] 2d23200b-60aa-4519-b7f8-9f40de7a8ecc [2026-08-25T08:31:29.823606] Precompiling "src/gen/data/sap-common-Countries_texts_zh_TW.csv"... (STDOUT, APP/TASK/deploy)#
#2026 08 25 08:48:01.079#Z#DEBUG#9140a271-a061-11f1-b78a-eeee0a986e3f.ResilienceCockpit-db-deployer#flowable-async-job-executor-thread-11927#
[PollStageAppStatusExecution] 2d23200b-60aa-4519-b7f8-9f40de7a8ecc [2026-08-25T08:31:29.823618] Precompiling "src/gen/data/sap-common-Countries_texts_zh_CN.hdbtabledata$0.expand"... ok (0s 1ms) (STDOUT, APP/TASK/deploy)#
#2026 08 25 08:48:01.079#Z#DEBUG#9140a271-a061-11f1-b78a-eeee0a986e3f.ResilienceCockpit-db-deployer#flowable-async-job-executor-thread-11927#
[PollStageAppStatusExecution] 2d23200b-60aa-4519-b7f8-9f40de7a8ecc [2026-08-25T08:31:29.823622] Precompiling "src/gen/data/sap-common-Countries_texts_zh_TW.hdbtabledata"... (STDOUT, APP/TASK/deploy)#
#2026 08 25 08:48:01.079#Z#DEBUG#9140a271-a061-11f1-b78a-eeee0a986e3f.ResilienceCockpit-db-deployer#flowable-async-job-executor-thread-11927#
[PollStageAppStatusExecution] 2d23200b-60aa-4519-b7f8-9f40de7a8ecc [2026-08-25T08:31:29.823624] Precompiling "src/gen/data/sap-common-Countries_texts_zh_TW.hdbtabledata"... ok (0s 0ms) (STDOUT, APP/TASK/deploy)#
#2026 08 25 08:48:01.079#Z#DEBUG#9140a271-a061-11f1-b78a-eeee0a986e3f.ResilienceCockpit-db-deployer#flowable-async-job-executor-thread-11927#
[PollStageAppStatusExecution] 2d23200b-60aa-4519-b7f8-9f40de7a8ecc [2026-08-25T08:31:29.823627] Precompiling "src/gen/data/sap-common-Countries_texts_zh_TW.hdbtabledata$0.expand"... (STDOUT, APP/TASK/deploy)#
#2026 08 25 08:48:01.079#Z#DEBUG#9140a271-a061-11f1-b78a-eeee0a986e3f.ResilienceCockpit-db-deployer#flowable-async-job-executor-thread-11927#
[PollStageAppStatusExecution] 2d23200b-60aa-4519-b7f8-9f40de7a8ecc [2026-08-25T08:31:29.823630] Expanded from "src/gen/data/sap-common-Countries_texts_zh_TW.hdbtabledata" (STDOUT, APP/TASK/deploy)#
#2026 08 25 08:48:01.079#Z#DEBUG#9140a271-a061-11f1-b78a-eeee0a986e3f.ResilienceCockpit-db-deployer#flowable-async-job-executor-thread-11927#
[PollStageAppStatusExecution] 2d23200b-60aa-4519-b7f8-9f40de7a8ecc [2026-08-25T08:31:29.823632] Precompiling "src/gen/data/sap-common-Countries_texts_uk.hdbtabledata$0.expand"... ok (0s 2ms) (STDOUT, APP/TASK/deploy)#
#2026 08 25 08:48:01.079#Z#DEBUG#9140a271-a061-11f1-b78a-eeee0a986e3f.ResilienceCockpit-db-deployer#flowable-async-job-executor-thread-11927#
[PollStageAppStatusExecution] 2d23200b-60aa-4519-b7f8-9f40de7a8ecc [2026-08-25T08:31:29.823635] Precompiling "src/gen/localized.ResilienceCockpitService.Countries.hdbview"... (STDOUT, APP/TASK/deploy)#
#2026 08 25 08:48:01.079#Z#DEBUG#9140a271-a061-11f1-b78a-eeee0a986e3f.ResilienceCockpit-db-deployer#flowable-async-job-executor-thread-11927#
[PollStageAppStatusExecution] 2d23200b-60aa-4519-b7f8-9f40de7a8ecc [2026-08-25T08:31:29.823639] Precompiling "src/gen/data/sap-common-Countries_texts_zh_CN.csv"... ok (0s 2ms) (STDOUT, APP/TASK/deploy)#
#2026 08 25 08:48:01.079#Z#DEBUG#9140a271-a061-11f1-b78a-eeee0a986e3f.ResilienceCockpit-db-deployer#flowable-async-job-executor-thread-11927#
[PollStageAppStatusExecution] 2d23200b-60aa-4519-b7f8-9f40de7a8ecc [2026-08-25T08:31:29.823642] Precompiling "src/gen/localized.sap.common.Countries.hdbview"... (STDOUT, APP/TASK/deploy)#
#2026 08 25 08:48:01.079#Z#DEBUG#9140a271-a061-11f1-b78a-eeee0a986e3f.ResilienceCockpit-db-deployer#flowable-async-job-executor-thread-11927#
[PollStageAppStatusExecution] 2d23200b-60aa-4519-b7f8-9f40de7a8ecc [2026-08-25T08:31:29.823644] Precompiling "src/gen/data/sap-common-Countries_texts_zh_TW.csv"... ok (0s 2ms) (STDOUT, APP/TASK/deploy)#
#2026 08 25 08:48:01.079#Z#DEBUG#9140a271-a061-11f1-b78a-eeee0a986e3f.ResilienceCockpit-db-deployer#flowable-async-job-executor-thread-11927#
[PollStageAppStatusExecution] 2d23200b-60aa-4519-b7f8-9f40de7a8ecc [2026-08-25T08:31:29.823650] Precompiling "src/gen/sap.common.Countries.hdbtable"... (STDOUT, APP/TASK/deploy)#
#2026 08 25 08:48:01.079#Z#DEBUG#9140a271-a061-11f1-b78a-eeee0a986e3f.ResilienceCockpit-db-deployer#flowable-async-job-executor-thread-11927#
[PollStageAppStatusExecution] 2d23200b-60aa-4519-b7f8-9f40de7a8ecc [2026-08-25T08:31:29.823652] Precompiling "src/gen/data/sap-common-Countries_texts_zh_TW.hdbtabledata$0.expand"... ok (0s 1ms) (STDOUT, APP/TASK/deploy)#
#2026 08 25 08:48:01.079#Z#DEBUG#9140a271-a061-11f1-b78a-eeee0a986e3f.ResilienceCockpit-db-deployer#flowable-async-job-executor-thread-11927#
[PollStageAppStatusExecution] 2d23200b-60aa-4519-b7f8-9f40de7a8ecc [2026-08-25T08:31:29.823654] Precompiling "src/gen/sap.common.Countries_texts.hdbtable"... (STDOUT, APP/TASK/deploy)#
#2026 08 25 08:48:01.079#Z#DEBUG#9140a271-a061-11f1-b78a-eeee0a986e3f.ResilienceCockpit-db-deployer#flowable-async-job-executor-thread-11927#
[PollStageAppStatusExecution] 2d23200b-60aa-4519-b7f8-9f40de7a8ecc [2026-08-25T08:31:29.823656] Precompiling "src/gen/localized.sap.common.Countries.hdbview"... ok (0s 10ms) (STDOUT, APP/TASK/deploy)#
#2026 08 25 08:48:01.079#Z#DEBUG#9140a271-a061-11f1-b78a-eeee0a986e3f.ResilienceCockpit-db-deployer#flowable-async-job-executor-thread-11927#
[PollStageAppStatusExecution] 2d23200b-60aa-4519-b7f8-9f40de7a8ecc [2026-08-25T08:31:29.823657] Precompiling "src/gen/localized.ResilienceCockpitService.Countries.hdbview"... ok (0s 11ms) (STDOUT, APP/TASK/deploy)#
#2026 08 25 08:48:01.079#Z#DEBUG#9140a271-a061-11f1-b78a-eeee0a986e3f.ResilienceCockpit-db-deployer#flowable-async-job-executor-thread-11927#
[PollStageAppStatusExecution] 2d23200b-60aa-4519-b7f8-9f40de7a8ecc [2026-08-25T08:31:29.823659] Precompiling "src/gen/sap.common.Countries.hdbtable"... ok (0s 11ms) (STDOUT, APP/TASK/deploy)#
#2026 08 25 08:48:01.079#Z#DEBUG#9140a271-a061-11f1-b78a-eeee0a986e3f.ResilienceCockpit-db-deployer#flowable-async-job-executor-thread-11927#
[PollStageAppStatusExecution] 2d23200b-60aa-4519-b7f8-9f40de7a8ecc [2026-08-25T08:31:29.823660] Precompiling "src/gen/sap.common.Countries_texts.hdbtable"... ok (0s 11ms) (STDOUT, APP/TASK/deploy)#
#2026 08 25 08:48:01.079#Z#DEBUG#9140a271-a061-11f1-b78a-eeee0a986e3f.ResilienceCockpit-db-deployer#flowable-async-job-executor-thread-11927#
[PollStageAppStatusExecution] 2d23200b-60aa-4519-b7f8-9f40de7a8ecc [2026-08-25T08:31:29.823664] Precompiling... ok (0s 126ms) (STDOUT, APP/TASK/deploy)#
#2026 08 25 08:48:01.079#Z#DEBUG#9140a271-a061-11f1-b78a-eeee0a986e3f.ResilienceCockpit-db-deployer#flowable-async-job-executor-thread-11927#
[PollStageAppStatusExecution] 2d23200b-60aa-4519-b7f8-9f40de7a8ecc [2026-08-25T08:31:29.823666] Merging... (STDOUT, APP/TASK/deploy)#
#2026 08 25 08:48:01.079#Z#DEBUG#9140a271-a061-11f1-b78a-eeee0a986e3f.ResilienceCockpit-db-deployer#flowable-async-job-executor-thread-11927#
[PollStageAppStatusExecution] 2d23200b-60aa-4519-b7f8-9f40de7a8ecc [2026-08-25T08:31:29.823668] Merging... ok (0s 25ms) (STDOUT, APP/TASK/deploy)#
#2026 08 25 08:48:01.079#Z#DEBUG#9140a271-a061-11f1-b78a-eeee0a986e3f.ResilienceCockpit-db-deployer#flowable-async-job-executor-thread-11927#
[PollStageAppStatusExecution] 2d23200b-60aa-4519-b7f8-9f40de7a8ecc [2026-08-25T08:31:29.823670] Calculating dependencies... ok (0s 355ms) (STDOUT, APP/TASK/deploy)#
#2026 08 25 08:48:01.079#Z#DEBUG#9140a271-a061-11f1-b78a-eeee0a986e3f.ResilienceCockpit-db-deployer#flowable-async-job-executor-thread-11927#
[PollStageAppStatusExecution] 2d23200b-60aa-4519-b7f8-9f40de7a8ecc [2026-08-25T08:31:29.823672] Processing work list... (STDOUT, APP/TASK/deploy)#
#2026 08 25 08:48:01.079#Z#DEBUG#9140a271-a061-11f1-b78a-eeee0a986e3f.ResilienceCockpit-db-deployer#flowable-async-job-executor-thread-11927#
[PollStageAppStatusExecution] 2d23200b-60aa-4519-b7f8-9f40de7a8ecc [2026-08-25T08:31:29.823674] Deploying "src/gen/DRAFT.DraftAdministrativeData.hdbtable"... (STDOUT, APP/TASK/deploy)#
#2026 08 25 08:48:01.079#Z#DEBUG#9140a271-a061-11f1-b78a-eeee0a986e3f.ResilienceCockpit-db-deployer#flowable-async-job-executor-thread-11927#
[PollStageAppStatusExecution] 2d23200b-60aa-4519-b7f8-9f40de7a8ecc [2026-08-25T08:31:29.823675] Deploying "src/gen/ResilienceCockpit.AlternativeMaterials.hdbtable"... (STDOUT, APP/TASK/deploy)#
#2026 08 25 08:48:01.079#Z#DEBUG#9140a271-a061-11f1-b78a-eeee0a986e3f.ResilienceCockpit-db-deployer#flowable-async-job-executor-thread-11927#
[PollStageAppStatusExecution] 2d23200b-60aa-4519-b7f8-9f40de7a8ecc [2026-08-25T08:31:29.823678] Deploying "src/gen/ResilienceCockpit.AlternateSuppliers.hdbtable"... (STDOUT, APP/TASK/deploy)#
#2026 08 25 08:48:01.079#Z#DEBUG#9140a271-a061-11f1-b78a-eeee0a986e3f.ResilienceCockpit-db-deployer#flowable-async-job-executor-thread-11927#
[PollStageAppStatusExecution] 2d23200b-60aa-4519-b7f8-9f40de7a8ecc [2026-08-25T08:31:29.823679] Deploying "src/gen/ResilienceCockpit.AlternativeMaterials.hdbtable"... ok (0s 203ms) (STDOUT, APP/TASK/deploy)#
#2026 08 25 08:48:01.079#Z#DEBUG#9140a271-a061-11f1-b78a-eeee0a986e3f.ResilienceCockpit-db-deployer#flowable-async-job-executor-thread-11927#
[PollStageAppStatusExecution] 2d23200b-60aa-4519-b7f8-9f40de7a8ecc [2026-08-25T08:31:29.823682] Deploying "src/gen/ResilienceCockpit.AlternateSuppliers.hdbtable"... ok (0s 203ms) (STDOUT, APP/TASK/deploy)#
#2026 08 25 08:48:01.079#Z#DEBUG#9140a271-a061-11f1-b78a-eeee0a986e3f.ResilienceCockpit-db-deployer#flowable-async-job-executor-thread-11927#
[PollStageAppStatusExecution] 2d23200b-60aa-4519-b7f8-9f40de7a8ecc [2026-08-25T08:31:29.823699] Deploying "src/gen/DRAFT.DraftAdministrativeData.hdbtable"... ok (0s 204ms) (STDOUT, APP/TASK/deploy)#
#2026 08 25 08:48:01.079#Z#DEBUG#9140a271-a061-11f1-b78a-eeee0a986e3f.ResilienceCockpit-db-deployer#flowable-async-job-executor-thread-11927#
[PollStageAppStatusExecution] 2d23200b-60aa-4519-b7f8-9f40de7a8ecc [2026-08-25T08:31:29.823701] Deploying "src/gen/ResilienceCockpit.SupplierLocations.hdbtable"... (STDOUT, APP/TASK/deploy)#
#2026 08 25 08:48:01.079#Z#DEBUG#9140a271-a061-11f1-b78a-eeee0a986e3f.ResilienceCockpit-db-deployer#flowable-async-job-executor-thread-11927#
[PollStageAppStatusExecution] 2d23200b-60aa-4519-b7f8-9f40de7a8ecc [2026-08-25T08:31:29.823735] Deploying "src/gen/ResilienceCockpit.SupplierMaterials.hdbtable"... (STDOUT, APP/TASK/deploy)#
#2026 08 25 08:48:01.079#Z#DEBUG#9140a271-a061-11f1-b78a-eeee0a986e3f.ResilienceCockpit-db-deployer#flowable-async-job-executor-thread-11927#
[PollStageAppStatusExecution] 2d23200b-60aa-4519-b7f8-9f40de7a8ecc [2026-08-25T08:31:29.823741] Deploying "src/gen/ResilienceCockpitService.AlternateSuppliers_drafts.hdbtable"... (STDOUT, APP/TASK/deploy)#
#2026 08 25 08:48:01.079#Z#DEBUG#9140a271-a061-11f1-b78a-eeee0a986e3f.ResilienceCockpit-db-deployer#flowable-async-job-executor-thread-11927#
[PollStageAppStatusExecution] 2d23200b-60aa-4519-b7f8-9f40de7a8ecc [2026-08-25T08:31:29.823744] Deploying "src/gen/ResilienceCockpitService.AlternateSuppliers_drafts.hdbtable"... ok (0s 26ms) (STDOUT, APP/TASK/deploy)#
#2026 08 25 08:48:01.079#Z#DEBUG#9140a271-a061-11f1-b78a-eeee0a986e3f.ResilienceCockpit-db-deployer#flowable-async-job-executor-thread-11927#
[PollStageAppStatusExecution] 2d23200b-60aa-4519-b7f8-9f40de7a8ecc [2026-08-25T08:31:30.832515] Deploying "src/gen/ResilienceCockpit.SupplierLocations.hdbtable"... ok (0s 26ms) (STDOUT, APP/TASK/deploy)#
#2026 08 25 08:48:01.079#Z#DEBUG#9140a271-a061-11f1-b78a-eeee0a986e3f.ResilienceCockpit-db-deployer#flowable-async-job-executor-thread-11927#
[PollStageAppStatusExecution] 2d23200b-60aa-4519-b7f8-9f40de7a8ecc [2026-08-25T08:31:30.832541] Deploying "src/gen/ResilienceCockpitService.SupplierMaterials_drafts.hdbtable"... (STDOUT, APP/TASK/deploy)#
#2026 08 25 08:48:01.079#Z#DEBUG#9140a271-a061-11f1-b78a-eeee0a986e3f.ResilienceCockpit-db-deployer#flowable-async-job-executor-thread-11927#
[PollStageAppStatusExecution] 2d23200b-60aa-4519-b7f8-9f40de7a8ecc [2026-08-25T08:31:30.832545] Deploying "src/gen/cds.outbox.Messages.hdbtable"... (STDOUT, APP/TASK/deploy)#
#2026 08 25 08:48:01.079#Z#DEBUG#9140a271-a061-11f1-b78a-eeee0a986e3f.ResilienceCockpit-db-deployer#flowable-async-job-executor-thread-11927#
[PollStageAppStatusExecution] 2d23200b-60aa-4519-b7f8-9f40de7a8ecc [2026-08-25T08:31:30.832549] Deploying "src/gen/ResilienceCockpit.SupplierMaterials.hdbtable"... ok (0s 26ms) (STDOUT, APP/TASK/deploy)#
#2026 08 25 08:48:01.079#Z#DEBUG#9140a271-a061-11f1-b78a-eeee0a986e3f.ResilienceCockpit-db-deployer#flowable-async-job-executor-thread-11927#
[PollStageAppStatusExecution] 2d23200b-60aa-4519-b7f8-9f40de7a8ecc [2026-08-25T08:31:30.832553] Deploying "src/gen/data/ResilienceCockpit-AlternateSuppliers.csv"... (STDOUT, APP/TASK/deploy)#
#2026 08 25 08:48:01.079#Z#DEBUG#9140a271-a061-11f1-b78a-eeee0a986e3f.ResilienceCockpit-db-deployer#flowable-async-job-executor-thread-11927#
[PollStageAppStatusExecution] 2d23200b-60aa-4519-b7f8-9f40de7a8ecc [2026-08-25T08:31:30.832556] Deploying "src/gen/data/ResilienceCockpit-AlternateSuppliers.csv"... ok (0s 13ms) (STDOUT, APP/TASK/deploy)#
#2026 08 25 08:48:01.079#Z#DEBUG#9140a271-a061-11f1-b78a-eeee0a986e3f.ResilienceCockpit-db-deployer#flowable-async-job-executor-thread-11927#
[PollStageAppStatusExecution] 2d23200b-60aa-4519-b7f8-9f40de7a8ecc [2026-08-25T08:31:30.832559] Deploying "src/gen/data/ResilienceCockpit-AlternateSuppliers.hdbtabledata"... (STDOUT, APP/TASK/deploy)#
#2026 08 25 08:48:01.079#Z#DEBUG#9140a271-a061-11f1-b78a-eeee0a986e3f.ResilienceCockpit-db-deployer#flowable-async-job-executor-thread-11927#
[PollStageAppStatusExecution] 2d23200b-60aa-4519-b7f8-9f40de7a8ecc [2026-08-25T08:31:30.832565] Deploying "src/gen/data/ResilienceCockpit-AlternateSuppliers.hdbtabledata"... ok (0s 1ms) (STDOUT, APP/TASK/deploy)#
#2026 08 25 08:48:01.079#Z#DEBUG#9140a271-a061-11f1-b78a-eeee0a986e3f.ResilienceCockpit-db-deployer#flowable-async-job-executor-thread-11927#
[PollStageAppStatusExecution] 2d23200b-60aa-4519-b7f8-9f40de7a8ecc [2026-08-25T08:31:30.832569] Deploying "src/gen/data/ResilienceCockpit-AlternativeMaterials.csv"... (STDOUT, APP/TASK/deploy)#
#2026 08 25 08:48:01.079#Z#DEBUG#9140a271-a061-11f1-b78a-eeee0a986e3f.ResilienceCockpit-db-deployer#flowable-async-job-executor-thread-11927#
[PollStageAppStatusExecution] 2d23200b-60aa-4519-b7f8-9f40de7a8ecc [2026-08-25T08:31:30.832571] Deploying "src/gen/data/ResilienceCockpit-AlternativeMaterials.csv"... ok (0s 10ms) (STDOUT, APP/TASK/deploy)#
#2026 08 25 08:48:01.079#Z#DEBUG#9140a271-a061-11f1-b78a-eeee0a986e3f.ResilienceCockpit-db-deployer#flowable-async-job-executor-thread-11927#
[PollStageAppStatusExecution] 2d23200b-60aa-4519-b7f8-9f40de7a8ecc [2026-08-25T08:31:30.832574] Deploying "src/gen/data/ResilienceCockpit-AlternativeMaterials.hdbtabledata"... (STDOUT, APP/TASK/deploy)#
#2026 08 25 08:48:01.079#Z#DEBUG#9140a271-a061-11f1-b78a-eeee0a986e3f.ResilienceCockpit-db-deployer#flowable-async-job-executor-thread-11927#
[PollStageAppStatusExecution] 2d23200b-60aa-4519-b7f8-9f40de7a8ecc [2026-08-25T08:31:30.832577] Deploying "src/gen/data/ResilienceCockpit-AlternativeMaterials.hdbtabledata"... ok (0s 0ms) (STDOUT, APP/TASK/deploy)#
#2026 08 25 08:48:01.079#Z#DEBUG#9140a271-a061-11f1-b78a-eeee0a986e3f.ResilienceCockpit-db-deployer#flowable-async-job-executor-thread-11927#
[PollStageAppStatusExecution] 2d23200b-60aa-4519-b7f8-9f40de7a8ecc [2026-08-25T08:31:30.832582] Deploying "src/gen/cds.outbox.Messages.hdbtable"... ok (0s 24ms) (STDOUT, APP/TASK/deploy)#
#2026 08 25 08:48:01.079#Z#DEBUG#9140a271-a061-11f1-b78a-eeee0a986e3f.ResilienceCockpit-db-deployer#flowable-async-job-executor-thread-11927#
[PollStageAppStatusExecution] 2d23200b-60aa-4519-b7f8-9f40de7a8ecc [2026-08-25T08:31:30.832586] Deploying "src/gen/data/ResilienceCockpit-SupplierLocations.csv"... (STDOUT, APP/TASK/deploy)#
#2026 08 25 08:48:01.079#Z#DEBUG#9140a271-a061-11f1-b78a-eeee0a986e3f.ResilienceCockpit-db-deployer#flowable-async-job-executor-thread-11927#
[PollStageAppStatusExecution] 2d23200b-60aa-4519-b7f8-9f40de7a8ecc [2026-08-25T08:31:30.832589] Deploying "src/gen/data/ResilienceCockpit-SupplierLocations.hdbtabledata"... (STDOUT, APP/TASK/deploy)#
#2026 08 25 08:48:01.079#Z#DEBUG#9140a271-a061-11f1-b78a-eeee0a986e3f.ResilienceCockpit-db-deployer#flowable-async-job-executor-thread-11927#
[PollStageAppStatusExecution] 2d23200b-60aa-4519-b7f8-9f40de7a8ecc [2026-08-25T08:31:30.832592] Deploying "src/gen/data/ResilienceCockpit-SupplierLocations.hdbtabledata"... ok (0s 0ms) (STDOUT, APP/TASK/deploy)#
#2026 08 25 08:48:01.079#Z#DEBUG#9140a271-a061-11f1-b78a-eeee0a986e3f.ResilienceCockpit-db-deployer#flowable-async-job-executor-thread-11927#
[PollStageAppStatusExecution] 2d23200b-60aa-4519-b7f8-9f40de7a8ecc [2026-08-25T08:31:30.832597] Deploying "src/gen/ResilienceCockpitService.SupplierMaterials_drafts.hdbtable"... ok (0s 25ms) (STDOUT, APP/TASK/deploy)#
#2026 08 25 08:48:01.079#Z#DEBUG#9140a271-a061-11f1-b78a-eeee0a986e3f.ResilienceCockpit-db-deployer#flowable-async-job-executor-thread-11927#
[PollStageAppStatusExecution] 2d23200b-60aa-4519-b7f8-9f40de7a8ecc [2026-08-25T08:31:30.832600] Deploying "src/gen/data/ResilienceCockpit-SupplierMaterials.csv"... (STDOUT, APP/TASK/deploy)#
#2026 08 25 08:48:01.079#Z#DEBUG#9140a271-a061-11f1-b78a-eeee0a986e3f.ResilienceCockpit-db-deployer#flowable-async-job-executor-thread-11927#
[PollStageAppStatusExecution] 2d23200b-60aa-4519-b7f8-9f40de7a8ecc [2026-08-25T08:31:30.832602] Deploying "src/gen/data/ResilienceCockpit-SupplierMaterials.hdbtabledata"... (STDOUT, APP/TASK/deploy)#
#2026 08 25 08:48:01.079#Z#DEBUG#9140a271-a061-11f1-b78a-eeee0a986e3f.ResilienceCockpit-db-deployer#flowable-async-job-executor-thread-11927#
[PollStageAppStatusExecution] 2d23200b-60aa-4519-b7f8-9f40de7a8ecc [2026-08-25T08:31:30.832605] Deploying "src/gen/data/ResilienceCockpit-SupplierMaterials.hdbtabledata"... ok (0s 0ms) (STDOUT, APP/TASK/deploy)#
#2026 08 25 08:48:01.079#Z#DEBUG#9140a271-a061-11f1-b78a-eeee0a986e3f.ResilienceCockpit-db-deployer#flowable-async-job-executor-thread-11927#
[PollStageAppStatusExecution] 2d23200b-60aa-4519-b7f8-9f40de7a8ecc [2026-08-25T08:31:30.832608] Deploying "src/gen/data/sap-common-Countries.csv"... (STDOUT, APP/TASK/deploy)#
#2026 08 25 08:48:01.079#Z#DEBUG#9140a271-a061-11f1-b78a-eeee0a986e3f.ResilienceCockpit-db-deployer#flowable-async-job-executor-thread-11927#
[PollStageAppStatusExecution] 2d23200b-60aa-4519-b7f8-9f40de7a8ecc [2026-08-25T08:31:30.832614] Deploying "src/gen/data/ResilienceCockpit-SupplierLocations.csv"... ok (0s 2ms) (STDOUT, APP/TASK/deploy)#
#2026 08 25 08:48:01.079#Z#DEBUG#9140a271-a061-11f1-b78a-eeee0a986e3f.ResilienceCockpit-db-deployer#flowable-async-job-executor-thread-11927#
[PollStageAppStatusExecution] 2d23200b-60aa-4519-b7f8-9f40de7a8ecc [2026-08-25T08:31:30.832616] Deploying "src/gen/data/sap-common-Countries.hdbtabledata"... (STDOUT, APP/TASK/deploy)#
#2026 08 25 08:48:01.079#Z#DEBUG#9140a271-a061-11f1-b78a-eeee0a986e3f.ResilienceCockpit-db-deployer#flowable-async-job-executor-thread-11927#
[PollStageAppStatusExecution] 2d23200b-60aa-4519-b7f8-9f40de7a8ecc [2026-08-25T08:31:30.832620] Deploying "src/gen/data/sap-common-Countries.hdbtabledata"... ok (0s 0ms) (STDOUT, APP/TASK/deploy)#
#2026 08 25 08:48:01.079#Z#DEBUG#9140a271-a061-11f1-b78a-eeee0a986e3f.ResilienceCockpit-db-deployer#flowable-async-job-executor-thread-11927#
[PollStageAppStatusExecution] 2d23200b-60aa-4519-b7f8-9f40de7a8ecc [2026-08-25T08:31:30.832623] Deploying "src/gen/data/sap-common-Countries_texts_ar.csv"... (STDOUT, APP/TASK/deploy)#
#2026 08 25 08:48:01.079#Z#DEBUG#9140a271-a061-11f1-b78a-eeee0a986e3f.ResilienceCockpit-db-deployer#flowable-async-job-executor-thread-11927#
[PollStageAppStatusExecution] 2d23200b-60aa-4519-b7f8-9f40de7a8ecc [2026-08-25T08:31:30.832625] Deploying "src/gen/data/ResilienceCockpit-SupplierMaterials.csv"... ok (0s 3ms) (STDOUT, APP/TASK/deploy)#
#2026 08 25 08:48:01.079#Z#DEBUG#9140a271-a061-11f1-b78a-eeee0a986e3f.ResilienceCockpit-db-deployer#flowable-async-job-executor-thread-11927#
[PollStageAppStatusExecution] 2d23200b-60aa-4519-b7f8-9f40de7a8ecc [2026-08-25T08:31:30.832628] Deploying "src/gen/data/sap-common-Countries_texts_ar.hdbtabledata"... (STDOUT, APP/TASK/deploy)#
#2026 08 25 08:48:01.079#Z#DEBUG#9140a271-a061-11f1-b78a-eeee0a986e3f.ResilienceCockpit-db-deployer#flowable-async-job-executor-thread-11927#
[PollStageAppStatusExecution] 2d23200b-60aa-4519-b7f8-9f40de7a8ecc [2026-08-25T08:31:30.832630] Deploying "src/gen/data/sap-common-Countries_texts_ar.hdbtabledata"... ok (0s 0ms) (STDOUT, APP/TASK/deploy)#
#2026 08 25 08:48:01.079#Z#DEBUG#9140a271-a061-11f1-b78a-eeee0a986e3f.ResilienceCockpit-db-deployer#flowable-async-job-executor-thread-11927#
[PollStageAppStatusExecution] 2d23200b-60aa-4519-b7f8-9f40de7a8ecc [2026-08-25T08:31:30.832632] Deploying "src/gen/data/sap-common-Countries_texts_bg.csv"... (STDOUT, APP/TASK/deploy)#
#2026 08 25 08:48:01.079#Z#DEBUG#9140a271-a061-11f1-b78a-eeee0a986e3f.ResilienceCockpit-db-deployer#flowable-async-job-executor-thread-11927#
[PollStageAppStatusExecution] 2d23200b-60aa-4519-b7f8-9f40de7a8ecc [2026-08-25T08:31:30.832634] Deploying "src/gen/data/sap-common-Countries.csv"... ok (0s 3ms) (STDOUT, APP/TASK/deploy)#
#2026 08 25 08:48:01.079#Z#DEBUG#9140a271-a061-11f1-b78a-eeee0a986e3f.ResilienceCockpit-db-deployer#flowable-async-job-executor-thread-11927#
[PollStageAppStatusExecution] 2d23200b-60aa-4519-b7f8-9f40de7a8ecc [2026-08-25T08:31:30.832636] Deploying "src/gen/data/sap-common-Countries_texts_bg.hdbtabledata"... (STDOUT, APP/TASK/deploy)#
#2026 08 25 08:48:01.080#Z#DEBUG#9140a271-a061-11f1-b78a-eeee0a986e3f.ResilienceCockpit-db-deployer#flowable-async-job-executor-thread-11927#
[PollStageAppStatusExecution] 2d23200b-60aa-4519-b7f8-9f40de7a8ecc [2026-08-25T08:31:30.832639] Deploying "src/gen/data/sap-common-Countries_texts_bg.hdbtabledata"... ok (0s 0ms) (STDOUT, APP/TASK/deploy)#
#2026 08 25 08:48:01.080#Z#DEBUG#9140a271-a061-11f1-b78a-eeee0a986e3f.ResilienceCockpit-db-deployer#flowable-async-job-executor-thread-11927#
[PollStageAppStatusExecution] 2d23200b-60aa-4519-b7f8-9f40de7a8ecc [2026-08-25T08:31:30.832644] Deploying "src/gen/data/sap-common-Countries_texts_cs.csv"... (STDOUT, APP/TASK/deploy)#
#2026 08 25 08:48:01.080#Z#DEBUG#9140a271-a061-11f1-b78a-eeee0a986e3f.ResilienceCockpit-db-deployer#flowable-async-job-executor-thread-11927#
[PollStageAppStatusExecution] 2d23200b-60aa-4519-b7f8-9f40de7a8ecc [2026-08-25T08:31:30.832646] Deploying "src/gen/data/sap-common-Countries_texts_ar.csv"... ok (0s 2ms) (STDOUT, APP/TASK/deploy)#
#2026 08 25 08:48:01.080#Z#DEBUG#9140a271-a061-11f1-b78a-eeee0a986e3f.ResilienceCockpit-db-deployer#flowable-async-job-executor-thread-11927#
[PollStageAppStatusExecution] 2d23200b-60aa-4519-b7f8-9f40de7a8ecc [2026-08-25T08:31:30.832648] Deploying "src/gen/data/sap-common-Countries_texts_cs.hdbtabledata"... (STDOUT, APP/TASK/deploy)#
#2026 08 25 08:48:01.080#Z#DEBUG#9140a271-a061-11f1-b78a-eeee0a986e3f.ResilienceCockpit-db-deployer#flowable-async-job-executor-thread-11927#
[PollStageAppStatusExecution] 2d23200b-60aa-4519-b7f8-9f40de7a8ecc [2026-08-25T08:31:30.832650] Deploying "src/gen/data/sap-common-Countries_texts_cs.hdbtabledata"... ok (0s 0ms) (STDOUT, APP/TASK/deploy)#
#2026 08 25 08:48:01.080#Z#DEBUG#9140a271-a061-11f1-b78a-eeee0a986e3f.ResilienceCockpit-db-deployer#flowable-async-job-executor-thread-11927#
[PollStageAppStatusExecution] 2d23200b-60aa-4519-b7f8-9f40de7a8ecc [2026-08-25T08:31:30.832652] Deploying "src/gen/data/sap-common-Countries_texts_da.csv"... (STDOUT, APP/TASK/deploy)#
#2026 08 25 08:48:01.080#Z#DEBUG#9140a271-a061-11f1-b78a-eeee0a986e3f.ResilienceCockpit-db-deployer#flowable-async-job-executor-thread-11927#
[PollStageAppStatusExecution] 2d23200b-60aa-4519-b7f8-9f40de7a8ecc [2026-08-25T08:31:30.832655] Deploying "src/gen/data/sap-common-Countries_texts_bg.csv"... ok (0s 2ms) (STDOUT, APP/TASK/deploy)#
#2026 08 25 08:48:01.080#Z#DEBUG#9140a271-a061-11f1-b78a-eeee0a986e3f.ResilienceCockpit-db-deployer#flowable-async-job-executor-thread-11927#
[PollStageAppStatusExecution] 2d23200b-60aa-4519-b7f8-9f40de7a8ecc [2026-08-25T08:31:30.832657] Deploying "src/gen/data/sap-common-Countries_texts_da.hdbtabledata"... (STDOUT, APP/TASK/deploy)#
#2026 08 25 08:48:01.080#Z#DEBUG#9140a271-a061-11f1-b78a-eeee0a986e3f.ResilienceCockpit-db-deployer#flowable-async-job-executor-thread-11927#
[PollStageAppStatusExecution] 2d23200b-60aa-4519-b7f8-9f40de7a8ecc [2026-08-25T08:31:30.832660] Deploying "src/gen/data/sap-common-Countries_texts_da.hdbtabledata"... ok (0s 0ms) (STDOUT, APP/TASK/deploy)#
#2026 08 25 08:48:01.080#Z#DEBUG#9140a271-a061-11f1-b78a-eeee0a986e3f.ResilienceCockpit-db-deployer#flowable-async-job-executor-thread-11927#
[PollStageAppStatusExecution] 2d23200b-60aa-4519-b7f8-9f40de7a8ecc [2026-08-25T08:31:30.832665] Deploying "src/gen/data/sap-common-Countries_texts_de.csv"... (STDOUT, APP/TASK/deploy)#
#2026 08 25 08:48:01.080#Z#DEBUG#9140a271-a061-11f1-b78a-eeee0a986e3f.ResilienceCockpit-db-deployer#flowable-async-job-executor-thread-11927#
[PollStageAppStatusExecution] 2d23200b-60aa-4519-b7f8-9f40de7a8ecc [2026-08-25T08:31:30.832668] Deploying "src/gen/data/sap-common-Countries_texts_cs.csv"... ok (0s 3ms) (STDOUT, APP/TASK/deploy)#
#2026 08 25 08:48:01.080#Z#DEBUG#9140a271-a061-11f1-b78a-eeee0a986e3f.ResilienceCockpit-db-deployer#flowable-async-job-executor-thread-11927#
[PollStageAppStatusExecution] 2d23200b-60aa-4519-b7f8-9f40de7a8ecc [2026-08-25T08:31:30.832670] Deploying "src/gen/data/sap-common-Countries_texts_de.hdbtabledata"... (STDOUT, APP/TASK/deploy)#
#2026 08 25 08:48:01.080#Z#DEBUG#9140a271-a061-11f1-b78a-eeee0a986e3f.ResilienceCockpit-db-deployer#flowable-async-job-executor-thread-11927#
[PollStageAppStatusExecution] 2d23200b-60aa-4519-b7f8-9f40de7a8ecc [2026-08-25T08:31:30.832675] Deploying "src/gen/data/sap-common-Countries_texts_de.hdbtabledata"... ok (0s 0ms) (STDOUT, APP/TASK/deploy)#
#2026 08 25 08:48:01.080#Z#DEBUG#9140a271-a061-11f1-b78a-eeee0a986e3f.ResilienceCockpit-db-deployer#flowable-async-job-executor-thread-11927#
[PollStageAppStatusExecution] 2d23200b-60aa-4519-b7f8-9f40de7a8ecc [2026-08-25T08:31:30.832680] Deploying "src/gen/data/sap-common-Countries_texts_el.csv"... (STDOUT, APP/TASK/deploy)#
#2026 08 25 08:48:01.080#Z#DEBUG#9140a271-a061-11f1-b78a-eeee0a986e3f.ResilienceCockpit-db-deployer#flowable-async-job-executor-thread-11927#
[PollStageAppStatusExecution] 2d23200b-60aa-4519-b7f8-9f40de7a8ecc [2026-08-25T08:31:30.832683] Deploying "src/gen/data/sap-common-Countries_texts_da.csv"... ok (0s 2ms) (STDOUT, APP/TASK/deploy)#
#2026 08 25 08:48:01.080#Z#DEBUG#9140a271-a061-11f1-b78a-eeee0a986e3f.ResilienceCockpit-db-deployer#flowable-async-job-executor-thread-11927#
[PollStageAppStatusExecution] 2d23200b-60aa-4519-b7f8-9f40de7a8ecc [2026-08-25T08:31:30.832688] Deploying "src/gen/data/sap-common-Countries_texts_el.hdbtabledata"... (STDOUT, APP/TASK/deploy)#
#2026 08 25 08:48:01.080#Z#DEBUG#9140a271-a061-11f1-b78a-eeee0a986e3f.ResilienceCockpit-db-deployer#flowable-async-job-executor-thread-11927#
[PollStageAppStatusExecution] 2d23200b-60aa-4519-b7f8-9f40de7a8ecc [2026-08-25T08:31:30.832690] Deploying "src/gen/data/sap-common-Countries_texts_el.hdbtabledata"... ok (0s 0ms) (STDOUT, APP/TASK/deploy)#
#2026 08 25 08:48:01.080#Z#DEBUG#9140a271-a061-11f1-b78a-eeee0a986e3f.ResilienceCockpit-db-deployer#flowable-async-job-executor-thread-11927#
[PollStageAppStatusExecution] 2d23200b-60aa-4519-b7f8-9f40de7a8ecc [2026-08-25T08:31:30.832735] Deploying "src/gen/data/sap-common-Countries_texts_en.csv"... (STDOUT, APP/TASK/deploy)#
#2026 08 25 08:48:01.080#Z#DEBUG#9140a271-a061-11f1-b78a-eeee0a986e3f.ResilienceCockpit-db-deployer#flowable-async-job-executor-thread-11927#
[PollStageAppStatusExecution] 2d23200b-60aa-4519-b7f8-9f40de7a8ecc [2026-08-25T08:31:30.832739] Deploying "src/gen/data/sap-common-Countries_texts_de.csv"... ok (0s 3ms) (STDOUT, APP/TASK/deploy)#
#2026 08 25 08:48:01.080#Z#DEBUG#9140a271-a061-11f1-b78a-eeee0a986e3f.ResilienceCockpit-db-deployer#flowable-async-job-executor-thread-11927#
[PollStageAppStatusExecution] 2d23200b-60aa-4519-b7f8-9f40de7a8ecc [2026-08-25T08:31:30.832743] Deploying "src/gen/data/sap-common-Countries_texts_en.hdbtabledata"... (STDOUT, APP/TASK/deploy)#
#2026 08 25 08:48:01.080#Z#DEBUG#9140a271-a061-11f1-b78a-eeee0a986e3f.ResilienceCockpit-db-deployer#flowable-async-job-executor-thread-11927#
[PollStageAppStatusExecution] 2d23200b-60aa-4519-b7f8-9f40de7a8ecc [2026-08-25T08:31:30.832746] Deploying "src/gen/data/sap-common-Countries_texts_en.hdbtabledata"... ok (0s 0ms) (STDOUT, APP/TASK/deploy)#
#2026 08 25 08:48:01.080#Z#DEBUG#9140a271-a061-11f1-b78a-eeee0a986e3f.ResilienceCockpit-db-deployer#flowable-async-job-executor-thread-11927#
[PollStageAppStatusExecution] 2d23200b-60aa-4519-b7f8-9f40de7a8ecc [2026-08-25T08:31:30.832749] Deploying "src/gen/data/sap-common-Countries_texts_en_US_saptrc.csv"... (STDOUT, APP/TASK/deploy)#
#2026 08 25 08:48:01.080#Z#DEBUG#9140a271-a061-11f1-b78a-eeee0a986e3f.ResilienceCockpit-db-deployer#flowable-async-job-executor-thread-11927#
[PollStageAppStatusExecution] 2d23200b-60aa-4519-b7f8-9f40de7a8ecc [2026-08-25T08:31:30.832751] Deploying "src/gen/data/sap-common-Countries_texts_el.csv"... ok (0s 2ms) (STDOUT, APP/TASK/deploy)#
#2026 08 25 08:48:01.080#Z#DEBUG#9140a271-a061-11f1-b78a-eeee0a986e3f.ResilienceCockpit-db-deployer#flowable-async-job-executor-thread-11927#
[PollStageAppStatusExecution] 2d23200b-60aa-4519-b7f8-9f40de7a8ecc [2026-08-25T08:31:30.832754] Deploying "src/gen/data/sap-common-Countries_texts_en_US_saptrc.hdbtabledata"... (STDOUT, APP/TASK/deploy)#
#2026 08 25 08:48:01.080#Z#DEBUG#9140a271-a061-11f1-b78a-eeee0a986e3f.ResilienceCockpit-db-deployer#flowable-async-job-executor-thread-11927#
[PollStageAppStatusExecution] 2d23200b-60aa-4519-b7f8-9f40de7a8ecc [2026-08-25T08:31:30.832756] Deploying "src/gen/data/sap-common-Countries_texts_en_US_saptrc.hdbtabledata"... ok (0s 0ms) (STDOUT, APP/TASK/deploy)#
#2026 08 25 08:48:01.080#Z#DEBUG#9140a271-a061-11f1-b78a-eeee0a986e3f.ResilienceCockpit-db-deployer#flowable-async-job-executor-thread-11927#
[PollStageAppStatusExecution] 2d23200b-60aa-4519-b7f8-9f40de7a8ecc [2026-08-25T08:31:30.832760] Deploying "src/gen/data/sap-common-Countries_texts_en.csv"... ok (0s 3ms) (STDOUT, APP/TASK/deploy)#
#2026 08 25 08:48:01.080#Z#DEBUG#9140a271-a061-11f1-b78a-eeee0a986e3f.ResilienceCockpit-db-deployer#flowable-async-job-executor-thread-11927#
[PollStageAppStatusExecution] 2d23200b-60aa-4519-b7f8-9f40de7a8ecc [2026-08-25T08:31:30.832763] Deploying "src/gen/data/sap-common-Countries_texts_es.hdbtabledata"... (STDOUT, APP/TASK/deploy)#
#2026 08 25 08:48:01.080#Z#DEBUG#9140a271-a061-11f1-b78a-eeee0a986e3f.ResilienceCockpit-db-deployer#flowable-async-job-executor-thread-11927#
[PollStageAppStatusExecution] 2d23200b-60aa-4519-b7f8-9f40de7a8ecc [2026-08-25T08:31:30.832765] Deploying "src/gen/data/sap-common-Countries_texts_es.hdbtabledata"... ok (0s 0ms) (STDOUT, APP/TASK/deploy)#
#2026 08 25 08:48:01.080#Z#DEBUG#9140a271-a061-11f1-b78a-eeee0a986e3f.ResilienceCockpit-db-deployer#flowable-async-job-executor-thread-11927#
[PollStageAppStatusExecution] 2d23200b-60aa-4519-b7f8-9f40de7a8ecc [2026-08-25T08:31:30.832768] Deploying "src/gen/data/sap-common-Countries_texts_es.csv"... (STDOUT, APP/TASK/deploy)#
#2026 08 25 08:48:01.080#Z#DEBUG#9140a271-a061-11f1-b78a-eeee0a986e3f.ResilienceCockpit-db-deployer#flowable-async-job-executor-thread-11927#
[PollStageAppStatusExecution] 2d23200b-60aa-4519-b7f8-9f40de7a8ecc [2026-08-25T08:31:30.832771] Deploying "src/gen/data/sap-common-Countries_texts_es_MX.csv"... (STDOUT, APP/TASK/deploy)#
#2026 08 25 08:48:01.080#Z#DEBUG#9140a271-a061-11f1-b78a-eeee0a986e3f.ResilienceCockpit-db-deployer#flowable-async-job-executor-thread-11927#
[PollStageAppStatusExecution] 2d23200b-60aa-4519-b7f8-9f40de7a8ecc [2026-08-25T08:31:30.832774] Deploying "src/gen/data/sap-common-Countries_texts_en_US_saptrc.csv"... ok (0s 2ms) (STDOUT, APP/TASK/deploy)#
#2026 08 25 08:48:01.080#Z#DEBUG#9140a271-a061-11f1-b78a-eeee0a986e3f.ResilienceCockpit-db-deployer#flowable-async-job-executor-thread-11927#
[PollStageAppStatusExecution] 2d23200b-60aa-4519-b7f8-9f40de7a8ecc [2026-08-25T08:31:30.832777] Deploying "src/gen/data/sap-common-Countries_texts_es_MX.hdbtabledata"... (STDOUT, APP/TASK/deploy)#
#2026 08 25 08:48:01.080#Z#DEBUG#9140a271-a061-11f1-b78a-eeee0a986e3f.ResilienceCockpit-db-deployer#flowable-async-job-executor-thread-11927#
[PollStageAppStatusExecution] 2d23200b-60aa-4519-b7f8-9f40de7a8ecc [2026-08-25T08:31:30.832780] Deploying "src/gen/data/sap-common-Countries_texts_es_MX.hdbtabledata"... ok (0s 0ms) (STDOUT, APP/TASK/deploy)#
#2026 08 25 08:48:01.080#Z#DEBUG#9140a271-a061-11f1-b78a-eeee0a986e3f.ResilienceCockpit-db-deployer#flowable-async-job-executor-thread-11927#
[PollStageAppStatusExecution] 2d23200b-60aa-4519-b7f8-9f40de7a8ecc [2026-08-25T08:31:30.832783] Deploying "src/gen/data/sap-common-Countries_texts_fi.csv"... (STDOUT, APP/TASK/deploy)#
#2026 08 25 08:48:01.080#Z#DEBUG#9140a271-a061-11f1-b78a-eeee0a986e3f.ResilienceCockpit-db-deployer#flowable-async-job-executor-thread-11927#
[PollStageAppStatusExecution] 2d23200b-60aa-4519-b7f8-9f40de7a8ecc [2026-08-25T08:31:30.832785] Deploying "src/gen/data/sap-common-Countries_texts_es_MX.csv"... ok (0s 1ms) (STDOUT, APP/TASK/deploy)#
#2026 08 25 08:48:01.080#Z#DEBUG#9140a271-a061-11f1-b78a-eeee0a986e3f.ResilienceCockpit-db-deployer#flowable-async-job-executor-thread-11927#
[PollStageAppStatusExecution] 2d23200b-60aa-4519-b7f8-9f40de7a8ecc [2026-08-25T08:31:30.832787] Deploying "src/gen/data/sap-common-Countries_texts_fi.hdbtabledata"... (STDOUT, APP/TASK/deploy)#
#2026 08 25 08:48:01.080#Z#DEBUG#9140a271-a061-11f1-b78a-eeee0a986e3f.ResilienceCockpit-db-deployer#flowable-async-job-executor-thread-11927#
[PollStageAppStatusExecution] 2d23200b-60aa-4519-b7f8-9f40de7a8ecc [2026-08-25T08:31:30.832790] Deploying "src/gen/data/sap-common-Countries_texts_fi.hdbtabledata"... ok (0s 0ms) (STDOUT, APP/TASK/deploy)#
#2026 08 25 08:48:01.080#Z#DEBUG#9140a271-a061-11f1-b78a-eeee0a986e3f.ResilienceCockpit-db-deployer#flowable-async-job-executor-thread-11927#
[PollStageAppStatusExecution] 2d23200b-60aa-4519-b7f8-9f40de7a8ecc [2026-08-25T08:31:30.832793] Deploying "src/gen/data/sap-common-Countries_texts_fr.csv"... (STDOUT, APP/TASK/deploy)#
#2026 08 25 08:48:01.080#Z#DEBUG#9140a271-a061-11f1-b78a-eeee0a986e3f.ResilienceCockpit-db-deployer#flowable-async-job-executor-thread-11927#
[PollStageAppStatusExecution] 2d23200b-60aa-4519-b7f8-9f40de7a8ecc [2026-08-25T08:31:30.832796] Deploying "src/gen/data/sap-common-Countries_texts_es.csv"... ok (0s 3ms) (STDOUT, APP/TASK/deploy)#
#2026 08 25 08:48:01.080#Z#DEBUG#9140a271-a061-11f1-b78a-eeee0a986e3f.ResilienceCockpit-db-deployer#flowable-async-job-executor-thread-11927#
[PollStageAppStatusExecution] 2d23200b-60aa-4519-b7f8-9f40de7a8ecc [2026-08-25T08:31:30.832799] Deploying "src/gen/data/sap-common-Countries_texts_fr.hdbtabledata"... (STDOUT, APP/TASK/deploy)#
#2026 08 25 08:48:01.080#Z#DEBUG#9140a271-a061-11f1-b78a-eeee0a986e3f.ResilienceCockpit-db-deployer#flowable-async-job-executor-thread-11927#
[PollStageAppStatusExecution] 2d23200b-60aa-4519-b7f8-9f40de7a8ecc [2026-08-25T08:31:30.832802] Deploying "src/gen/data/sap-common-Countries_texts_fr.hdbtabledata"... ok (0s 0ms) (STDOUT, APP/TASK/deploy)#
#2026 08 25 08:48:01.080#Z#DEBUG#9140a271-a061-11f1-b78a-eeee0a986e3f.ResilienceCockpit-db-deployer#flowable-async-job-executor-thread-11927#
[PollStageAppStatusExecution] 2d23200b-60aa-4519-b7f8-9f40de7a8ecc [2026-08-25T08:31:30.832806] Deploying "src/gen/data/sap-common-Countries_texts_he.csv"... (STDOUT, APP/TASK/deploy)#
#2026 08 25 08:48:01.080#Z#DEBUG#9140a271-a061-11f1-b78a-eeee0a986e3f.ResilienceCockpit-db-deployer#flowable-async-job-executor-thread-11927#
[PollStageAppStatusExecution] 2d23200b-60aa-4519-b7f8-9f40de7a8ecc [2026-08-25T08:31:30.832809] Deploying "src/gen/data/sap-common-Countries_texts_fi.csv"... ok (0s 2ms) (STDOUT, APP/TASK/deploy)#
#2026 08 25 08:48:01.080#Z#DEBUG#9140a271-a061-11f1-b78a-eeee0a986e3f.ResilienceCockpit-db-deployer#flowable-async-job-executor-thread-11927#
[PollStageAppStatusExecution] 2d23200b-60aa-4519-b7f8-9f40de7a8ecc [2026-08-25T08:31:30.832812] Deploying "src/gen/data/sap-common-Countries_texts_he.hdbtabledata"... (STDOUT, APP/TASK/deploy)#
#2026 08 25 08:48:01.080#Z#DEBUG#9140a271-a061-11f1-b78a-eeee0a986e3f.ResilienceCockpit-db-deployer#flowable-async-job-executor-thread-11927#
[PollStageAppStatusExecution] 2d23200b-60aa-4519-b7f8-9f40de7a8ecc [2026-08-25T08:31:30.832816] Deploying "src/gen/data/sap-common-Countries_texts_he.hdbtabledata"... ok (0s 0ms) (STDOUT, APP/TASK/deploy)#
#2026 08 25 08:48:01.080#Z#DEBUG#9140a271-a061-11f1-b78a-eeee0a986e3f.ResilienceCockpit-db-deployer#flowable-async-job-executor-thread-11927#
[PollStageAppStatusExecution] 2d23200b-60aa-4519-b7f8-9f40de7a8ecc [2026-08-25T08:31:30.832820] Deploying "src/gen/data/sap-common-Countries_texts_hr.csv"... (STDOUT, APP/TASK/deploy)#
#2026 08 25 08:48:01.080#Z#DEBUG#9140a271-a061-11f1-b78a-eeee0a986e3f.ResilienceCockpit-db-deployer#flowable-async-job-executor-thread-11927#
[PollStageAppStatusExecution] 2d23200b-60aa-4519-b7f8-9f40de7a8ecc [2026-08-25T08:31:30.832822] Deploying "src/gen/data/sap-common-Countries_texts_fr.csv"... ok (0s 2ms) (STDOUT, APP/TASK/deploy)#
#2026 08 25 08:48:01.080#Z#DEBUG#9140a271-a061-11f1-b78a-eeee0a986e3f.ResilienceCockpit-db-deployer#flowable-async-job-executor-thread-11927#
[PollStageAppStatusExecution] 2d23200b-60aa-4519-b7f8-9f40de7a8ecc [2026-08-25T08:31:30.832826] Deploying "src/gen/data/sap-common-Countries_texts_hr.hdbtabledata"... (STDOUT, APP/TASK/deploy)#
#2026 08 25 08:48:01.080#Z#DEBUG#9140a271-a061-11f1-b78a-eeee0a986e3f.ResilienceCockpit-db-deployer#flowable-async-job-executor-thread-11927#
[PollStageAppStatusExecution] 2d23200b-60aa-4519-b7f8-9f40de7a8ecc [2026-08-25T08:31:30.832832] Deploying "src/gen/data/sap-common-Countries_texts_hr.hdbtabledata"... ok (0s 0ms) (STDOUT, APP/TASK/deploy)#
#2026 08 25 08:48:01.080#Z#DEBUG#9140a271-a061-11f1-b78a-eeee0a986e3f.ResilienceCockpit-db-deployer#flowable-async-job-executor-thread-11927#
[PollStageAppStatusExecution] 2d23200b-60aa-4519-b7f8-9f40de7a8ecc [2026-08-25T08:31:30.832836] Deploying "src/gen/data/sap-common-Countries_texts_hu.csv"... (STDOUT, APP/TASK/deploy)#
#2026 08 25 08:48:01.080#Z#DEBUG#9140a271-a061-11f1-b78a-eeee0a986e3f.ResilienceCockpit-db-deployer#flowable-async-job-executor-thread-11927#
[PollStageAppStatusExecution] 2d23200b-60aa-4519-b7f8-9f40de7a8ecc [2026-08-25T08:31:30.832841] Deploying "src/gen/data/sap-common-Countries_texts_he.csv"... ok (0s 2ms) (STDOUT, APP/TASK/deploy)#
#2026 08 25 08:48:01.080#Z#DEBUG#9140a271-a061-11f1-b78a-eeee0a986e3f.ResilienceCockpit-db-deployer#flowable-async-job-executor-thread-11927#
[PollStageAppStatusExecution] 2d23200b-60aa-4519-b7f8-9f40de7a8ecc [2026-08-25T08:31:30.832845] Deploying "src/gen/data/sap-common-Countries_texts_hu.hdbtabledata"... (STDOUT, APP/TASK/deploy)#
#2026 08 25 08:48:01.080#Z#DEBUG#9140a271-a061-11f1-b78a-eeee0a986e3f.ResilienceCockpit-db-deployer#flowable-async-job-executor-thread-11927#
[PollStageAppStatusExecution] 2d23200b-60aa-4519-b7f8-9f40de7a8ecc [2026-08-25T08:31:30.832849] Deploying "src/gen/data/sap-common-Countries_texts_hu.hdbtabledata"... ok (0s 0ms) (STDOUT, APP/TASK/deploy)#
#2026 08 25 08:48:01.080#Z#DEBUG#9140a271-a061-11f1-b78a-eeee0a986e3f.ResilienceCockpit-db-deployer#flowable-async-job-executor-thread-11927#
[PollStageAppStatusExecution] 2d23200b-60aa-4519-b7f8-9f40de7a8ecc [2026-08-25T08:31:30.832853] Deploying "src/gen/data/sap-common-Countries_texts_it.csv"... (STDOUT, APP/TASK/deploy)#
#2026 08 25 08:48:01.080#Z#DEBUG#9140a271-a061-11f1-b78a-eeee0a986e3f.ResilienceCockpit-db-deployer#flowable-async-job-executor-thread-11927#
[PollStageAppStatusExecution] 2d23200b-60aa-4519-b7f8-9f40de7a8ecc [2026-08-25T08:31:30.832856] Deploying "src/gen/data/sap-common-Countries_texts_hr.csv"... ok (0s 1ms) (STDOUT, APP/TASK/deploy)#
#2026 08 25 08:48:01.080#Z#DEBUG#9140a271-a061-11f1-b78a-eeee0a986e3f.ResilienceCockpit-db-deployer#flowable-async-job-executor-thread-11927#
[PollStageAppStatusExecution] 2d23200b-60aa-4519-b7f8-9f40de7a8ecc [2026-08-25T08:31:30.832860] Deploying "src/gen/data/sap-common-Countries_texts_it.hdbtabledata"... (STDOUT, APP/TASK/deploy)#
#2026 08 25 08:48:01.080#Z#DEBUG#9140a271-a061-11f1-b78a-eeee0a986e3f.ResilienceCockpit-db-deployer#flowable-async-job-executor-thread-11927#
[PollStageAppStatusExecution] 2d23200b-60aa-4519-b7f8-9f40de7a8ecc [2026-08-25T08:31:30.832863] Deploying "src/gen/data/sap-common-Countries_texts_it.hdbtabledata"... ok (0s 0ms) (STDOUT, APP/TASK/deploy)#
#2026 08 25 08:48:01.080#Z#DEBUG#9140a271-a061-11f1-b78a-eeee0a986e3f.ResilienceCockpit-db-deployer#flowable-async-job-executor-thread-11927#
[PollStageAppStatusExecution] 2d23200b-60aa-4519-b7f8-9f40de7a8ecc [2026-08-25T08:31:30.832866] Deploying "src/gen/data/sap-common-Countries_texts_ja.csv"... (STDOUT, APP/TASK/deploy)#
#2026 08 25 08:48:01.080#Z#DEBUG#9140a271-a061-11f1-b78a-eeee0a986e3f.ResilienceCockpit-db-deployer#flowable-async-job-executor-thread-11927#
[PollStageAppStatusExecution] 2d23200b-60aa-4519-b7f8-9f40de7a8ecc [2026-08-25T08:31:30.832868] Deploying "src/gen/data/sap-common-Countries_texts_hu.csv"... ok (0s 2ms) (STDOUT, APP/TASK/deploy)#
#2026 08 25 08:48:01.080#Z#DEBUG#9140a271-a061-11f1-b78a-eeee0a986e3f.ResilienceCockpit-db-deployer#flowable-async-job-executor-thread-11927#
[PollStageAppStatusExecution] 2d23200b-60aa-4519-b7f8-9f40de7a8ecc [2026-08-25T08:31:30.832872] Deploying "src/gen/data/sap-common-Countries_texts_ja.hdbtabledata"... (STDOUT, APP/TASK/deploy)#
#2026 08 25 08:48:01.080#Z#DEBUG#9140a271-a061-11f1-b78a-eeee0a986e3f.ResilienceCockpit-db-deployer#flowable-async-job-executor-thread-11927#
[PollStageAppStatusExecution] 2d23200b-60aa-4519-b7f8-9f40de7a8ecc [2026-08-25T08:31:30.832877] Deploying "src/gen/data/sap-common-Countries_texts_ja.hdbtabledata"... ok (0s 0ms) (STDOUT, APP/TASK/deploy)#
#2026 08 25 08:48:01.080#Z#DEBUG#9140a271-a061-11f1-b78a-eeee0a986e3f.ResilienceCockpit-db-deployer#flowable-async-job-executor-thread-11927#
[PollStageAppStatusExecution] 2d23200b-60aa-4519-b7f8-9f40de7a8ecc [2026-08-25T08:31:30.832880] Deploying "src/gen/data/sap-common-Countries_texts_kk.csv"... (STDOUT, APP/TASK/deploy)#
#2026 08 25 08:48:01.080#Z#DEBUG#9140a271-a061-11f1-b78a-eeee0a986e3f.ResilienceCockpit-db-deployer#flowable-async-job-executor-thread-11927#
[PollStageAppStatusExecution] 2d23200b-60aa-4519-b7f8-9f40de7a8ecc [2026-08-25T08:31:30.832883] Deploying "src/gen/data/sap-common-Countries_texts_it.csv"... ok (0s 2ms) (STDOUT, APP/TASK/deploy)#
#2026 08 25 08:48:01.080#Z#DEBUG#9140a271-a061-11f1-b78a-eeee0a986e3f.ResilienceCockpit-db-deployer#flowable-async-job-executor-thread-11927#
[PollStageAppStatusExecution] 2d23200b-60aa-4519-b7f8-9f40de7a8ecc [2026-08-25T08:31:30.832886] Deploying "src/gen/data/sap-common-Countries_texts_kk.hdbtabledata"... (STDOUT, APP/TASK/deploy)#
#2026 08 25 08:48:01.080#Z#DEBUG#9140a271-a061-11f1-b78a-eeee0a986e3f.ResilienceCockpit-db-deployer#flowable-async-job-executor-thread-11927#
[PollStageAppStatusExecution] 2d23200b-60aa-4519-b7f8-9f40de7a8ecc [2026-08-25T08:31:30.832888] Deploying "src/gen/data/sap-common-Countries_texts_kk.hdbtabledata"... ok (0s 0ms) (STDOUT, APP/TASK/deploy)#
#2026 08 25 08:48:01.080#Z#DEBUG#9140a271-a061-11f1-b78a-eeee0a986e3f.ResilienceCockpit-db-deployer#flowable-async-job-executor-thread-11927#
[PollStageAppStatusExecution] 2d23200b-60aa-4519-b7f8-9f40de7a8ecc [2026-08-25T08:31:30.832890] Deploying "src/gen/data/sap-common-Countries_texts_ko.csv"... (STDOUT, APP/TASK/deploy)#
#2026 08 25 08:48:01.080#Z#DEBUG#9140a271-a061-11f1-b78a-eeee0a986e3f.ResilienceCockpit-db-deployer#flowable-async-job-executor-thread-11927#
[PollStageAppStatusExecution] 2d23200b-60aa-4519-b7f8-9f40de7a8ecc [2026-08-25T08:31:30.832893] Deploying "src/gen/data/sap-common-Countries_texts_ja.csv"... ok (0s 2ms) (STDOUT, APP/TASK/deploy)#
#2026 08 25 08:48:01.080#Z#DEBUG#9140a271-a061-11f1-b78a-eeee0a986e3f.ResilienceCockpit-db-deployer#flowable-async-job-executor-thread-11927#
[PollStageAppStatusExecution] 2d23200b-60aa-4519-b7f8-9f40de7a8ecc [2026-08-25T08:31:30.832896] Deploying "src/gen/data/sap-common-Countries_texts_ko.hdbtabledata"... (STDOUT, APP/TASK/deploy)#
#2026 08 25 08:48:01.080#Z#DEBUG#9140a271-a061-11f1-b78a-eeee0a986e3f.ResilienceCockpit-db-deployer#flowable-async-job-executor-thread-11927#
[PollStageAppStatusExecution] 2d23200b-60aa-4519-b7f8-9f40de7a8ecc [2026-08-25T08:31:30.832898] Deploying "src/gen/data/sap-common-Countries_texts_ko.hdbtabledata"... ok (0s 0ms) (STDOUT, APP/TASK/deploy)#
#2026 08 25 08:48:01.080#Z#DEBUG#9140a271-a061-11f1-b78a-eeee0a986e3f.ResilienceCockpit-db-deployer#flowable-async-job-executor-thread-11927#
[PollStageAppStatusExecution] 2d23200b-60aa-4519-b7f8-9f40de7a8ecc [2026-08-25T08:31:30.832940] Deploying "src/gen/data/sap-common-Countries_texts_ms.csv"... (STDOUT, APP/TASK/deploy)#
#2026 08 25 08:48:01.080#Z#DEBUG#9140a271-a061-11f1-b78a-eeee0a986e3f.ResilienceCockpit-db-deployer#flowable-async-job-executor-thread-11927#
[PollStageAppStatusExecution] 2d23200b-60aa-4519-b7f8-9f40de7a8ecc [2026-08-25T08:31:30.832944] Deploying "src/gen/data/sap-common-Countries_texts_kk.csv"... ok (0s 2ms) (STDOUT, APP/TASK/deploy)#
#2026 08 25 08:48:01.080#Z#DEBUG#9140a271-a061-11f1-b78a-eeee0a986e3f.ResilienceCockpit-db-deployer#flowable-async-job-executor-thread-11927#
[PollStageAppStatusExecution] 2d23200b-60aa-4519-b7f8-9f40de7a8ecc [2026-08-25T08:31:30.832948] Deploying "src/gen/data/sap-common-Countries_texts_ms.hdbtabledata"... (STDOUT, APP/TASK/deploy)#
#2026 08 25 08:48:01.080#Z#DEBUG#9140a271-a061-11f1-b78a-eeee0a986e3f.ResilienceCockpit-db-deployer#flowable-async-job-executor-thread-11927#
[PollStageAppStatusExecution] 2d23200b-60aa-4519-b7f8-9f40de7a8ecc [2026-08-25T08:31:30.832951] Deploying "src/gen/data/sap-common-Countries_texts_ms.hdbtabledata"... ok (0s 0ms) (STDOUT, APP/TASK/deploy)#
#2026 08 25 08:48:01.080#Z#DEBUG#9140a271-a061-11f1-b78a-eeee0a986e3f.ResilienceCockpit-db-deployer#flowable-async-job-executor-thread-11927#
[PollStageAppStatusExecution] 2d23200b-60aa-4519-b7f8-9f40de7a8ecc [2026-08-25T08:31:30.832955] Deploying "src/gen/data/sap-common-Countries_texts_nl.csv"... (STDOUT, APP/TASK/deploy)#
#2026 08 25 08:48:01.080#Z#DEBUG#9140a271-a061-11f1-b78a-eeee0a986e3f.ResilienceCockpit-db-deployer#flowable-async-job-executor-thread-11927#
[PollStageAppStatusExecution] 2d23200b-60aa-4519-b7f8-9f40de7a8ecc [2026-08-25T08:31:30.832957] Deploying "src/gen/data/sap-common-Countries_texts_ko.csv"... ok (0s 2ms) (STDOUT, APP/TASK/deploy)#
#2026 08 25 08:48:01.080#Z#DEBUG#9140a271-a061-11f1-b78a-eeee0a986e3f.ResilienceCockpit-db-deployer#flowable-async-job-executor-thread-11927#
[PollStageAppStatusExecution] 2d23200b-60aa-4519-b7f8-9f40de7a8ecc [2026-08-25T08:31:30.832961] Deploying "src/gen/data/sap-common-Countries_texts_nl.hdbtabledata"... (STDOUT, APP/TASK/deploy)#
#2026 08 25 08:48:01.080#Z#DEBUG#9140a271-a061-11f1-b78a-eeee0a986e3f.ResilienceCockpit-db-deployer#flowable-async-job-executor-thread-11927#
[PollStageAppStatusExecution] 2d23200b-60aa-4519-b7f8-9f40de7a8ecc [2026-08-25T08:31:30.832964] Deploying "src/gen/data/sap-common-Countries_texts_nl.hdbtabledata"... ok (0s 0ms) (STDOUT, APP/TASK/deploy)#
#2026 08 25 08:48:01.080#Z#DEBUG#9140a271-a061-11f1-b78a-eeee0a986e3f.ResilienceCockpit-db-deployer#flowable-async-job-executor-thread-11927#
[PollStageAppStatusExecution] 2d23200b-60aa-4519-b7f8-9f40de7a8ecc [2026-08-25T08:31:30.832967] Deploying "src/gen/data/sap-common-Countries_texts_no.csv"... (STDOUT, APP/TASK/deploy)#
#2026 08 25 08:48:01.080#Z#DEBUG#9140a271-a061-11f1-b78a-eeee0a986e3f.ResilienceCockpit-db-deployer#flowable-async-job-executor-thread-11927#
[PollStageAppStatusExecution] 2d23200b-60aa-4519-b7f8-9f40de7a8ecc [2026-08-25T08:31:30.832969] Deploying "src/gen/data/sap-common-Countries_texts_ms.csv"... ok (0s 2ms) (STDOUT, APP/TASK/deploy)#
#2026 08 25 08:48:01.080#Z#DEBUG#9140a271-a061-11f1-b78a-eeee0a986e3f.ResilienceCockpit-db-deployer#flowable-async-job-executor-thread-11927#
[PollStageAppStatusExecution] 2d23200b-60aa-4519-b7f8-9f40de7a8ecc [2026-08-25T08:31:30.832972] Deploying "src/gen/data/sap-common-Countries_texts_no.hdbtabledata"... (STDOUT, APP/TASK/deploy)#
#2026 08 25 08:48:01.080#Z#DEBUG#9140a271-a061-11f1-b78a-eeee0a986e3f.ResilienceCockpit-db-deployer#flowable-async-job-executor-thread-11927#
[PollStageAppStatusExecution] 2d23200b-60aa-4519-b7f8-9f40de7a8ecc [2026-08-25T08:31:30.832974] Deploying "src/gen/data/sap-common-Countries_texts_no.hdbtabledata"... ok (0s 0ms) (STDOUT, APP/TASK/deploy)#
#2026 08 25 08:48:01.080#Z#DEBUG#9140a271-a061-11f1-b78a-eeee0a986e3f.ResilienceCockpit-db-deployer#flowable-async-job-executor-thread-11927#
[PollStageAppStatusExecution] 2d23200b-60aa-4519-b7f8-9f40de7a8ecc [2026-08-25T08:31:30.832977] Deploying "src/gen/data/sap-common-Countries_texts_pl.csv"... (STDOUT, APP/TASK/deploy)#
#2026 08 25 08:48:01.080#Z#DEBUG#9140a271-a061-11f1-b78a-eeee0a986e3f.ResilienceCockpit-db-deployer#flowable-async-job-executor-thread-11927#
[PollStageAppStatusExecution] 2d23200b-60aa-4519-b7f8-9f40de7a8ecc [2026-08-25T08:31:30.832981] Deploying "src/gen/data/sap-common-Countries_texts_nl.csv"... ok (0s 3ms) (STDOUT, APP/TASK/deploy)#
#2026 08 25 08:48:01.080#Z#DEBUG#9140a271-a061-11f1-b78a-eeee0a986e3f.ResilienceCockpit-db-deployer#flowable-async-job-executor-thread-11927#
[PollStageAppStatusExecution] 2d23200b-60aa-4519-b7f8-9f40de7a8ecc [2026-08-25T08:31:30.832983] Deploying "src/gen/data/sap-common-Countries_texts_pl.hdbtabledata"... (STDOUT, APP/TASK/deploy)#
#2026 08 25 08:48:01.080#Z#DEBUG#9140a271-a061-11f1-b78a-eeee0a986e3f.ResilienceCockpit-db-deployer#flowable-async-job-executor-thread-11927#
[PollStageAppStatusExecution] 2d23200b-60aa-4519-b7f8-9f40de7a8ecc [2026-08-25T08:31:30.832986] Deploying "src/gen/data/sap-common-Countries_texts_pl.hdbtabledata"... ok (0s 0ms) (STDOUT, APP/TASK/deploy)#
#2026 08 25 08:48:01.080#Z#DEBUG#9140a271-a061-11f1-b78a-eeee0a986e3f.ResilienceCockpit-db-deployer#flowable-async-job-executor-thread-11927#
[PollStageAppStatusExecution] 2d23200b-60aa-4519-b7f8-9f40de7a8ecc [2026-08-25T08:31:30.832988] Deploying "src/gen/data/sap-common-Countries_texts_pt.csv"... (STDOUT, APP/TASK/deploy)#
#2026 08 25 08:48:01.080#Z#DEBUG#9140a271-a061-11f1-b78a-eeee0a986e3f.ResilienceCockpit-db-deployer#flowable-async-job-executor-thread-11927#
[PollStageAppStatusExecution] 2d23200b-60aa-4519-b7f8-9f40de7a8ecc [2026-08-25T08:31:30.832992] Deploying "src/gen/data/sap-common-Countries_texts_no.csv"... ok (0s 2ms) (STDOUT, APP/TASK/deploy)#
#2026 08 25 08:48:01.080#Z#DEBUG#9140a271-a061-11f1-b78a-eeee0a986e3f.ResilienceCockpit-db-deployer#flowable-async-job-executor-thread-11927#
[PollStageAppStatusExecution] 2d23200b-60aa-4519-b7f8-9f40de7a8ecc [2026-08-25T08:31:30.832996] Deploying "src/gen/data/sap-common-Countries_texts_pt.hdbtabledata"... (STDOUT, APP/TASK/deploy)#
#2026 08 25 08:48:01.080#Z#DEBUG#9140a271-a061-11f1-b78a-eeee0a986e3f.ResilienceCockpit-db-deployer#flowable-async-job-executor-thread-11927#
[PollStageAppStatusExecution] 2d23200b-60aa-4519-b7f8-9f40de7a8ecc [2026-08-25T08:31:30.832999] Deploying "src/gen/data/sap-common-Countries_texts_pt.hdbtabledata"... ok (0s 0ms) (STDOUT, APP/TASK/deploy)#
#2026 08 25 08:48:01.080#Z#DEBUG#9140a271-a061-11f1-b78a-eeee0a986e3f.ResilienceCockpit-db-deployer#flowable-async-job-executor-thread-11927#
[PollStageAppStatusExecution] 2d23200b-60aa-4519-b7f8-9f40de7a8ecc [2026-08-25T08:31:30.833001] Deploying "src/gen/data/sap-common-Countries_texts_ro.csv"... (STDOUT, APP/TASK/deploy)#
#2026 08 25 08:48:01.080#Z#DEBUG#9140a271-a061-11f1-b78a-eeee0a986e3f.ResilienceCockpit-db-deployer#flowable-async-job-executor-thread-11927#
[PollStageAppStatusExecution] 2d23200b-60aa-4519-b7f8-9f40de7a8ecc [2026-08-25T08:31:30.833005] Deploying "src/gen/data/sap-common-Countries_texts_pl.csv"... ok (0s 2ms) (STDOUT, APP/TASK/deploy)#
#2026 08 25 08:48:01.080#Z#DEBUG#9140a271-a061-11f1-b78a-eeee0a986e3f.ResilienceCockpit-db-deployer#flowable-async-job-executor-thread-11927#
[PollStageAppStatusExecution] 2d23200b-60aa-4519-b7f8-9f40de7a8ecc [2026-08-25T08:31:30.833007] Deploying "src/gen/data/sap-common-Countries_texts_ro.hdbtabledata"... (STDOUT, APP/TASK/deploy)#
#2026 08 25 08:48:01.080#Z#DEBUG#9140a271-a061-11f1-b78a-eeee0a986e3f.ResilienceCockpit-db-deployer#flowable-async-job-executor-thread-11927#
[PollStageAppStatusExecution] 2d23200b-60aa-4519-b7f8-9f40de7a8ecc [2026-08-25T08:31:30.833011] Deploying "src/gen/data/sap-common-Countries_texts_ro.hdbtabledata"... ok (0s 0ms) (STDOUT, APP/TASK/deploy)#
#2026 08 25 08:48:01.080#Z#DEBUG#9140a271-a061-11f1-b78a-eeee0a986e3f.ResilienceCockpit-db-deployer#flowable-async-job-executor-thread-11927#
[PollStageAppStatusExecution] 2d23200b-60aa-4519-b7f8-9f40de7a8ecc [2026-08-25T08:31:30.833013] Deploying "src/gen/data/sap-common-Countries_texts_ru.csv"... (STDOUT, APP/TASK/deploy)#
#2026 08 25 08:48:01.080#Z#DEBUG#9140a271-a061-11f1-b78a-eeee0a986e3f.ResilienceCockpit-db-deployer#flowable-async-job-executor-thread-11927#
[PollStageAppStatusExecution] 2d23200b-60aa-4519-b7f8-9f40de7a8ecc [2026-08-25T08:31:30.833016] Deploying "src/gen/data/sap-common-Countries_texts_pt.csv"... ok (0s 2ms) (STDOUT, APP/TASK/deploy)#
#2026 08 25 08:48:01.080#Z#DEBUG#9140a271-a061-11f1-b78a-eeee0a986e3f.ResilienceCockpit-db-deployer#flowable-async-job-executor-thread-11927#
[PollStageAppStatusExecution] 2d23200b-60aa-4519-b7f8-9f40de7a8ecc [2026-08-25T08:31:30.833019] Deploying "src/gen/data/sap-common-Countries_texts_ru.hdbtabledata"... (STDOUT, APP/TASK/deploy)#
#2026 08 25 08:48:01.080#Z#DEBUG#9140a271-a061-11f1-b78a-eeee0a986e3f.ResilienceCockpit-db-deployer#flowable-async-job-executor-thread-11927#
[PollStageAppStatusExecution] 2d23200b-60aa-4519-b7f8-9f40de7a8ecc [2026-08-25T08:31:30.833022] Deploying "src/gen/data/sap-common-Countries_texts_ru.hdbtabledata"... ok (0s 0ms) (STDOUT, APP/TASK/deploy)#
#2026 08 25 08:48:01.080#Z#DEBUG#9140a271-a061-11f1-b78a-eeee0a986e3f.ResilienceCockpit-db-deployer#flowable-async-job-executor-thread-11927#
[PollStageAppStatusExecution] 2d23200b-60aa-4519-b7f8-9f40de7a8ecc [2026-08-25T08:31:30.833025] Deploying "src/gen/data/sap-common-Countries_texts_sh.csv"... (STDOUT, APP/TASK/deploy)#
#2026 08 25 08:48:01.080#Z#DEBUG#9140a271-a061-11f1-b78a-eeee0a986e3f.ResilienceCockpit-db-deployer#flowable-async-job-executor-thread-11927#
[PollStageAppStatusExecution] 2d23200b-60aa-4519-b7f8-9f40de7a8ecc [2026-08-25T08:31:30.833030] Deploying "src/gen/data/sap-common-Countries_texts_ro.csv"... ok (0s 2ms) (STDOUT, APP/TASK/deploy)#
#2026 08 25 08:48:01.080#Z#DEBUG#9140a271-a061-11f1-b78a-eeee0a986e3f.ResilienceCockpit-db-deployer#flowable-async-job-executor-thread-11927#
[PollStageAppStatusExecution] 2d23200b-60aa-4519-b7f8-9f40de7a8ecc [2026-08-25T08:31:30.833033] Deploying "src/gen/data/sap-common-Countries_texts_sh.hdbtabledata"... (STDOUT, APP/TASK/deploy)#
#2026 08 25 08:48:01.080#Z#DEBUG#9140a271-a061-11f1-b78a-eeee0a986e3f.ResilienceCockpit-db-deployer#flowable-async-job-executor-thread-11927#
[PollStageAppStatusExecution] 2d23200b-60aa-4519-b7f8-9f40de7a8ecc [2026-08-25T08:31:30.833037] Deploying "src/gen/data/sap-common-Countries_texts_sh.hdbtabledata"... ok (0s 0ms) (STDOUT, APP/TASK/deploy)#
#2026 08 25 08:48:01.080#Z#DEBUG#9140a271-a061-11f1-b78a-eeee0a986e3f.ResilienceCockpit-db-deployer#flowable-async-job-executor-thread-11927#
[PollStageAppStatusExecution] 2d23200b-60aa-4519-b7f8-9f40de7a8ecc [2026-08-25T08:31:30.833039] Deploying "src/gen/data/sap-common-Countries_texts_sk.csv"... (STDOUT, APP/TASK/deploy)#
#2026 08 25 08:48:01.080#Z#DEBUG#9140a271-a061-11f1-b78a-eeee0a986e3f.ResilienceCockpit-db-deployer#flowable-async-job-executor-thread-11927#
[PollStageAppStatusExecution] 2d23200b-60aa-4519-b7f8-9f40de7a8ecc [2026-08-25T08:31:30.833042] Deploying "src/gen/data/sap-common-Countries_texts_ru.csv"... ok (0s 2ms) (STDOUT, APP/TASK/deploy)#
#2026 08 25 08:48:01.080#Z#DEBUG#9140a271-a061-11f1-b78a-eeee0a986e3f.ResilienceCockpit-db-deployer#flowable-async-job-executor-thread-11927#
[PollStageAppStatusExecution] 2d23200b-60aa-4519-b7f8-9f40de7a8ecc [2026-08-25T08:31:30.833046] Deploying "src/gen/data/sap-common-Countries_texts_sk.hdbtabledata"... (STDOUT, APP/TASK/deploy)#
#2026 08 25 08:48:01.080#Z#DEBUG#9140a271-a061-11f1-b78a-eeee0a986e3f.ResilienceCockpit-db-deployer#flowable-async-job-executor-thread-11927#
[PollStageAppStatusExecution] 2d23200b-60aa-4519-b7f8-9f40de7a8ecc [2026-08-25T08:31:30.833050] Deploying "src/gen/data/sap-common-Countries_texts_sk.hdbtabledata"... ok (0s 0ms) (STDOUT, APP/TASK/deploy)#
#2026 08 25 08:48:01.080#Z#DEBUG#9140a271-a061-11f1-b78a-eeee0a986e3f.ResilienceCockpit-db-deployer#flowable-async-job-executor-thread-11927#
[PollStageAppStatusExecution] 2d23200b-60aa-4519-b7f8-9f40de7a8ecc [2026-08-25T08:31:30.833052] Deploying "src/gen/data/sap-common-Countries_texts_sl.csv"... (STDOUT, APP/TASK/deploy)#
#2026 08 25 08:48:01.080#Z#DEBUG#9140a271-a061-11f1-b78a-eeee0a986e3f.ResilienceCockpit-db-deployer#flowable-async-job-executor-thread-11927#
[PollStageAppStatusExecution] 2d23200b-60aa-4519-b7f8-9f40de7a8ecc [2026-08-25T08:31:30.833054] Deploying "src/gen/data/sap-common-Countries_texts_sh.csv"... ok (0s 3ms) (STDOUT, APP/TASK/deploy)#
#2026 08 25 08:48:01.080#Z#DEBUG#9140a271-a061-11f1-b78a-eeee0a986e3f.ResilienceCockpit-db-deployer#flowable-async-job-executor-thread-11927#
[PollStageAppStatusExecution] 2d23200b-60aa-4519-b7f8-9f40de7a8ecc [2026-08-25T08:31:30.833057] Deploying "src/gen/data/sap-common-Countries_texts_sl.hdbtabledata"... (STDOUT, APP/TASK/deploy)#
#2026 08 25 08:48:01.080#Z#DEBUG#9140a271-a061-11f1-b78a-eeee0a986e3f.ResilienceCockpit-db-deployer#flowable-async-job-executor-thread-11927#
[PollStageAppStatusExecution] 2d23200b-60aa-4519-b7f8-9f40de7a8ecc [2026-08-25T08:31:30.833060] Deploying "src/gen/data/sap-common-Countries_texts_sl.hdbtabledata"... ok (0s 0ms) (STDOUT, APP/TASK/deploy)#
#2026 08 25 08:48:01.080#Z#DEBUG#9140a271-a061-11f1-b78a-eeee0a986e3f.ResilienceCockpit-db-deployer#flowable-async-job-executor-thread-11927#
[PollStageAppStatusExecution] 2d23200b-60aa-4519-b7f8-9f40de7a8ecc [2026-08-25T08:31:30.833063] Deploying "src/gen/data/sap-common-Countries_texts_sv.csv"... (STDOUT, APP/TASK/deploy)#
#2026 08 25 08:48:01.080#Z#DEBUG#9140a271-a061-11f1-b78a-eeee0a986e3f.ResilienceCockpit-db-deployer#flowable-async-job-executor-thread-11927#
[PollStageAppStatusExecution] 2d23200b-60aa-4519-b7f8-9f40de7a8ecc [2026-08-25T08:31:30.833065] Deploying "src/gen/data/sap-common-Countries_texts_sk.csv"... ok (0s 2ms) (STDOUT, APP/TASK/deploy)#
#2026 08 25 08:48:01.080#Z#DEBUG#9140a271-a061-11f1-b78a-eeee0a986e3f.ResilienceCockpit-db-deployer#flowable-async-job-executor-thread-11927#
[PollStageAppStatusExecution] 2d23200b-60aa-4519-b7f8-9f40de7a8ecc [2026-08-25T08:31:30.833068] Deploying "src/gen/data/sap-common-Countries_texts_sv.hdbtabledata"... (STDOUT, APP/TASK/deploy)#
#2026 08 25 08:48:01.080#Z#DEBUG#9140a271-a061-11f1-b78a-eeee0a986e3f.ResilienceCockpit-db-deployer#flowable-async-job-executor-thread-11927#
[PollStageAppStatusExecution] 2d23200b-60aa-4519-b7f8-9f40de7a8ecc [2026-08-25T08:31:30.833073] Deploying "src/gen/data/sap-common-Countries_texts_sv.hdbtabledata"... ok (0s 0ms) (STDOUT, APP/TASK/deploy)#
#2026 08 25 08:48:01.080#Z#DEBUG#9140a271-a061-11f1-b78a-eeee0a986e3f.ResilienceCockpit-db-deployer#flowable-async-job-executor-thread-11927#
[PollStageAppStatusExecution] 2d23200b-60aa-4519-b7f8-9f40de7a8ecc [2026-08-25T08:31:30.833075] Deploying "src/gen/data/sap-common-Countries_texts_th.csv"... (STDOUT, APP/TASK/deploy)#
#2026 08 25 08:48:01.080#Z#DEBUG#9140a271-a061-11f1-b78a-eeee0a986e3f.ResilienceCockpit-db-deployer#flowable-async-job-executor-thread-11927#
[PollStageAppStatusExecution] 2d23200b-60aa-4519-b7f8-9f40de7a8ecc [2026-08-25T08:31:30.833078] Deploying "src/gen/data/sap-common-Countries_texts_sl.csv"... ok (0s 3ms) (STDOUT, APP/TASK/deploy)#
#2026 08 25 08:48:01.080#Z#DEBUG#9140a271-a061-11f1-b78a-eeee0a986e3f.ResilienceCockpit-db-deployer#flowable-async-job-executor-thread-11927#
[PollStageAppStatusExecution] 2d23200b-60aa-4519-b7f8-9f40de7a8ecc [2026-08-25T08:31:30.833082] Deploying "src/gen/data/sap-common-Countries_texts_th.hdbtabledata"... (STDOUT, APP/TASK/deploy)#
#2026 08 25 08:48:01.080#Z#DEBUG#9140a271-a061-11f1-b78a-eeee0a986e3f.ResilienceCockpit-db-deployer#flowable-async-job-executor-thread-11927#
[PollStageAppStatusExecution] 2d23200b-60aa-4519-b7f8-9f40de7a8ecc [2026-08-25T08:31:30.833085] Deploying "src/gen/data/sap-common-Countries_texts_th.hdbtabledata"... ok (0s 0ms) (STDOUT, APP/TASK/deploy)#
#2026 08 25 08:48:01.080#Z#DEBUG#9140a271-a061-11f1-b78a-eeee0a986e3f.ResilienceCockpit-db-deployer#flowable-async-job-executor-thread-11927#
[PollStageAppStatusExecution] 2d23200b-60aa-4519-b7f8-9f40de7a8ecc [2026-08-25T08:31:30.833087] Deploying "src/gen/data/sap-common-Countries_texts_tr.csv"... (STDOUT, APP/TASK/deploy)#
#2026 08 25 08:48:01.080#Z#DEBUG#9140a271-a061-11f1-b78a-eeee0a986e3f.ResilienceCockpit-db-deployer#flowable-async-job-executor-thread-11927#
[PollStageAppStatusExecution] 2d23200b-60aa-4519-b7f8-9f40de7a8ecc [2026-08-25T08:31:30.833090] Deploying "src/gen/data/sap-common-Countries_texts_sv.csv"... ok (0s 2ms) (STDOUT, APP/TASK/deploy)#
#2026 08 25 08:48:01.080#Z#DEBUG#9140a271-a061-11f1-b78a-eeee0a986e3f.ResilienceCockpit-db-deployer#flowable-async-job-executor-thread-11927#
[PollStageAppStatusExecution] 2d23200b-60aa-4519-b7f8-9f40de7a8ecc [2026-08-25T08:31:30.833093] Deploying "src/gen/data/sap-common-Countries_texts_tr.hdbtabledata"... (STDOUT, APP/TASK/deploy)#
#2026 08 25 08:48:01.080#Z#DEBUG#9140a271-a061-11f1-b78a-eeee0a986e3f.ResilienceCockpit-db-deployer#flowable-async-job-executor-thread-11927#
[PollStageAppStatusExecution] 2d23200b-60aa-4519-b7f8-9f40de7a8ecc [2026-08-25T08:31:30.833097] Deploying "src/gen/data/sap-common-Countries_texts_tr.hdbtabledata"... ok (0s 1ms) (STDOUT, APP/TASK/deploy)#
#2026 08 25 08:48:01.080#Z#DEBUG#9140a271-a061-11f1-b78a-eeee0a986e3f.ResilienceCockpit-db-deployer#flowable-async-job-executor-thread-11927#
[PollStageAppStatusExecution] 2d23200b-60aa-4519-b7f8-9f40de7a8ecc [2026-08-25T08:31:30.833131] Deploying "src/gen/data/sap-common-Countries_texts_uk.csv"... (STDOUT, APP/TASK/deploy)#
#2026 08 25 08:48:01.080#Z#DEBUG#9140a271-a061-11f1-b78a-eeee0a986e3f.ResilienceCockpit-db-deployer#flowable-async-job-executor-thread-11927#
[PollStageAppStatusExecution] 2d23200b-60aa-4519-b7f8-9f40de7a8ecc [2026-08-25T08:31:30.833134] Deploying "src/gen/data/sap-common-Countries_texts_th.csv"... ok (0s 2ms) (STDOUT, APP/TASK/deploy)#
#2026 08 25 08:48:01.080#Z#DEBUG#9140a271-a061-11f1-b78a-eeee0a986e3f.ResilienceCockpit-db-deployer#flowable-async-job-executor-thread-11927#
[PollStageAppStatusExecution] 2d23200b-60aa-4519-b7f8-9f40de7a8ecc [2026-08-25T08:31:30.833137] Deploying "src/gen/data/sap-common-Countries_texts_uk.hdbtabledata"... (STDOUT, APP/TASK/deploy)#
#2026 08 25 08:48:01.080#Z#DEBUG#9140a271-a061-11f1-b78a-eeee0a986e3f.ResilienceCockpit-db-deployer#flowable-async-job-executor-thread-11927#
[PollStageAppStatusExecution] 2d23200b-60aa-4519-b7f8-9f40de7a8ecc [2026-08-25T08:31:30.833140] Deploying "src/gen/data/sap-common-Countries_texts_uk.hdbtabledata"... ok (0s 1ms) (STDOUT, APP/TASK/deploy)#
#2026 08 25 08:48:01.080#Z#DEBUG#9140a271-a061-11f1-b78a-eeee0a986e3f.ResilienceCockpit-db-deployer#flowable-async-job-executor-thread-11927#
[PollStageAppStatusExecution] 2d23200b-60aa-4519-b7f8-9f40de7a8ecc [2026-08-25T08:31:30.833142] Deploying "src/gen/data/sap-common-Countries_texts_zh_CN.csv"... (STDOUT, APP/TASK/deploy)#
#2026 08 25 08:48:01.080#Z#DEBUG#9140a271-a061-11f1-b78a-eeee0a986e3f.ResilienceCockpit-db-deployer#flowable-async-job-executor-thread-11927#
[PollStageAppStatusExecution] 2d23200b-60aa-4519-b7f8-9f40de7a8ecc [2026-08-25T08:31:30.833145] Deploying "src/gen/data/sap-common-Countries_texts_tr.csv"... ok (0s 2ms) (STDOUT, APP/TASK/deploy)#
#2026 08 25 08:48:01.080#Z#DEBUG#9140a271-a061-11f1-b78a-eeee0a986e3f.ResilienceCockpit-db-deployer#flowable-async-job-executor-thread-11927#
[PollStageAppStatusExecution] 2d23200b-60aa-4519-b7f8-9f40de7a8ecc [2026-08-25T08:31:30.833147] Deploying "src/gen/data/sap-common-Countries_texts_zh_CN.hdbtabledata"... (STDOUT, APP/TASK/deploy)#
#2026 08 25 08:48:01.080#Z#DEBUG#9140a271-a061-11f1-b78a-eeee0a986e3f.ResilienceCockpit-db-deployer#flowable-async-job-executor-thread-11927#
[PollStageAppStatusExecution] 2d23200b-60aa-4519-b7f8-9f40de7a8ecc [2026-08-25T08:31:30.833151] Deploying "src/gen/data/sap-common-Countries_texts_zh_CN.hdbtabledata"... ok (0s 0ms) (STDOUT, APP/TASK/deploy)#
#2026 08 25 08:48:01.080#Z#DEBUG#9140a271-a061-11f1-b78a-eeee0a986e3f.ResilienceCockpit-db-deployer#flowable-async-job-executor-thread-11927#
[PollStageAppStatusExecution] 2d23200b-60aa-4519-b7f8-9f40de7a8ecc [2026-08-25T08:31:30.833153] Deploying "src/gen/data/sap-common-Countries_texts_zh_TW.csv"... (STDOUT, APP/TASK/deploy)#
#2026 08 25 08:48:01.080#Z#DEBUG#9140a271-a061-11f1-b78a-eeee0a986e3f.ResilienceCockpit-db-deployer#flowable-async-job-executor-thread-11927#
[PollStageAppStatusExecution] 2d23200b-60aa-4519-b7f8-9f40de7a8ecc [2026-08-25T08:31:30.833156] Deploying "src/gen/data/sap-common-Countries_texts_uk.csv"... ok (0s 2ms) (STDOUT, APP/TASK/deploy)#
#2026 08 25 08:48:01.080#Z#DEBUG#9140a271-a061-11f1-b78a-eeee0a986e3f.ResilienceCockpit-db-deployer#flowable-async-job-executor-thread-11927#
[PollStageAppStatusExecution] 2d23200b-60aa-4519-b7f8-9f40de7a8ecc [2026-08-25T08:31:30.833160] Deploying "src/gen/data/sap-common-Countries_texts_zh_TW.hdbtabledata"... (STDOUT, APP/TASK/deploy)#
#2026 08 25 08:48:01.080#Z#DEBUG#9140a271-a061-11f1-b78a-eeee0a986e3f.ResilienceCockpit-db-deployer#flowable-async-job-executor-thread-11927#
[PollStageAppStatusExecution] 2d23200b-60aa-4519-b7f8-9f40de7a8ecc [2026-08-25T08:31:30.833162] Deploying "src/gen/data/sap-common-Countries_texts_zh_TW.hdbtabledata"... ok (0s 0ms) (STDOUT, APP/TASK/deploy)#
#2026 08 25 08:48:01.080#Z#DEBUG#9140a271-a061-11f1-b78a-eeee0a986e3f.ResilienceCockpit-db-deployer#flowable-async-job-executor-thread-11927#
[PollStageAppStatusExecution] 2d23200b-60aa-4519-b7f8-9f40de7a8ecc [2026-08-25T08:31:30.833166] Deploying "src/gen/sap.common.Countries.hdbtable"... (STDOUT, APP/TASK/deploy)#
#2026 08 25 08:48:01.080#Z#DEBUG#9140a271-a061-11f1-b78a-eeee0a986e3f.ResilienceCockpit-db-deployer#flowable-async-job-executor-thread-11927#
[PollStageAppStatusExecution] 2d23200b-60aa-4519-b7f8-9f40de7a8ecc [2026-08-25T08:31:30.833169] Deploying "src/gen/data/sap-common-Countries_texts_zh_CN.csv"... ok (0s 2ms) (STDOUT, APP/TASK/deploy)#
#2026 08 25 08:48:01.080#Z#DEBUG#9140a271-a061-11f1-b78a-eeee0a986e3f.ResilienceCockpit-db-deployer#flowable-async-job-executor-thread-11927#
[PollStageAppStatusExecution] 2d23200b-60aa-4519-b7f8-9f40de7a8ecc [2026-08-25T08:31:30.833171] Deploying "src/gen/sap.common.Countries_texts.hdbtable"... (STDOUT, APP/TASK/deploy)#
#2026 08 25 08:48:01.080#Z#DEBUG#9140a271-a061-11f1-b78a-eeee0a986e3f.ResilienceCockpit-db-deployer#flowable-async-job-executor-thread-11927#
[PollStageAppStatusExecution] 2d23200b-60aa-4519-b7f8-9f40de7a8ecc [2026-08-25T08:31:30.833174] Deploying "src/gen/data/sap-common-Countries_texts_zh_TW.csv"... ok (0s 2ms) (STDOUT, APP/TASK/deploy)#
#2026 08 25 08:48:01.080#Z#DEBUG#9140a271-a061-11f1-b78a-eeee0a986e3f.ResilienceCockpit-db-deployer#flowable-async-job-executor-thread-11927#
[PollStageAppStatusExecution] 2d23200b-60aa-4519-b7f8-9f40de7a8ecc [2026-08-25T08:31:30.833176] Deploying "src/gen/ResilienceCockpitService.DraftAdministrativeData.hdbview"... (STDOUT, APP/TASK/deploy)#
#2026 08 25 08:48:01.080#Z#DEBUG#9140a271-a061-11f1-b78a-eeee0a986e3f.ResilienceCockpit-db-deployer#flowable-async-job-executor-thread-11927#
[PollStageAppStatusExecution] 2d23200b-60aa-4519-b7f8-9f40de7a8ecc [2026-08-25T08:31:30.833179] Deploying "src/gen/sap.common.Countries.hdbtable"... ok (0s 26ms) (STDOUT, APP/TASK/deploy)#
#2026 08 25 08:48:01.080#Z#DEBUG#9140a271-a061-11f1-b78a-eeee0a986e3f.ResilienceCockpit-db-deployer#flowable-async-job-executor-thread-11927#
[PollStageAppStatusExecution] 2d23200b-60aa-4519-b7f8-9f40de7a8ecc [2026-08-25T08:31:30.833181] Deploying "src/gen/data/ResilienceCockpit-AlternateSuppliers.hdbtabledata$0.expand"... (STDOUT, APP/TASK/deploy)#
#2026 08 25 08:48:01.080#Z#DEBUG#9140a271-a061-11f1-b78a-eeee0a986e3f.ResilienceCockpit-db-deployer#flowable-async-job-executor-thread-11927#
[PollStageAppStatusExecution] 2d23200b-60aa-4519-b7f8-9f40de7a8ecc [2026-08-25T08:31:30.833184] Expanded from "src/gen/data/ResilienceCockpit-AlternateSuppliers.hdbtabledata" (STDOUT, APP/TASK/deploy)#
#2026 08 25 08:48:01.080#Z#DEBUG#9140a271-a061-11f1-b78a-eeee0a986e3f.ResilienceCockpit-db-deployer#flowable-async-job-executor-thread-11927#
[PollStageAppStatusExecution] 2d23200b-60aa-4519-b7f8-9f40de7a8ecc [2026-08-25T08:31:30.833186] Deploying "src/gen/sap.common.Countries_texts.hdbtable"... ok (0s 25ms) (STDOUT, APP/TASK/deploy)#
#2026 08 25 08:48:01.080#Z#DEBUG#9140a271-a061-11f1-b78a-eeee0a986e3f.ResilienceCockpit-db-deployer#flowable-async-job-executor-thread-11927#
[PollStageAppStatusExecution] 2d23200b-60aa-4519-b7f8-9f40de7a8ecc [2026-08-25T08:31:30.833189] Deploying "src/gen/data/ResilienceCockpit-AlternativeMaterials.hdbtabledata$0.expand"... (STDOUT, APP/TASK/deploy)#
#2026 08 25 08:48:01.080#Z#DEBUG#9140a271-a061-11f1-b78a-eeee0a986e3f.ResilienceCockpit-db-deployer#flowable-async-job-executor-thread-11927#
[PollStageAppStatusExecution] 2d23200b-60aa-4519-b7f8-9f40de7a8ecc [2026-08-25T08:31:30.833191] Expanded from "src/gen/data/ResilienceCockpit-AlternativeMaterials.hdbtabledata" (STDOUT, APP/TASK/deploy)#
#2026 08 25 08:48:01.080#Z#DEBUG#9140a271-a061-11f1-b78a-eeee0a986e3f.ResilienceCockpit-db-deployer#flowable-async-job-executor-thread-11927#
[PollStageAppStatusExecution] 2d23200b-60aa-4519-b7f8-9f40de7a8ecc [2026-08-25T08:31:30.833194] Deploying "src/gen/ResilienceCockpitService.DraftAdministrativeData.hdbview"... ok (0s 56ms) (STDOUT, APP/TASK/deploy)#
#2026 08 25 08:48:01.080#Z#DEBUG#9140a271-a061-11f1-b78a-eeee0a986e3f.ResilienceCockpit-db-deployer#flowable-async-job-executor-thread-11927#
[PollStageAppStatusExecution] 2d23200b-60aa-4519-b7f8-9f40de7a8ecc [2026-08-25T08:31:30.833196] Deploying "src/gen/data/ResilienceCockpit-SupplierLocations.hdbtabledata$0.expand"... (STDOUT, APP/TASK/deploy)#
#2026 08 25 08:48:01.080#Z#DEBUG#9140a271-a061-11f1-b78a-eeee0a986e3f.ResilienceCockpit-db-deployer#flowable-async-job-executor-thread-11927#
[PollStageAppStatusExecution] 2d23200b-60aa-4519-b7f8-9f40de7a8ecc [2026-08-25T08:31:30.833201] Expanded from "src/gen/data/ResilienceCockpit-SupplierLocations.hdbtabledata" (STDOUT, APP/TASK/deploy)#
#2026 08 25 08:48:01.080#Z#DEBUG#9140a271-a061-11f1-b78a-eeee0a986e3f.ResilienceCockpit-db-deployer#flowable-async-job-executor-thread-11927#
[PollStageAppStatusExecution] 2d23200b-60aa-4519-b7f8-9f40de7a8ecc [2026-08-25T08:31:30.833206] Inserted 10 records of the data source file "ResilienceCockpit-SupplierLocations.csv" into the target table "RESILIENCECOCKPIT_SUPPLIERLOCATIONS" (STDOUT, APP/TASK/deploy)#
#2026 08 25 08:48:01.080#Z#DEBUG#9140a271-a061-11f1-b78a-eeee0a986e3f.ResilienceCockpit-db-deployer#flowable-async-job-executor-thread-11927#
[PollStageAppStatusExecution] 2d23200b-60aa-4519-b7f8-9f40de7a8ecc [2026-08-25T08:31:30.833209] Deploying "src/gen/data/ResilienceCockpit-SupplierLocations.hdbtabledata$0.expand"... ok (0s 552ms) (STDOUT, APP/TASK/deploy)#
#2026 08 25 08:48:01.080#Z#DEBUG#9140a271-a061-11f1-b78a-eeee0a986e3f.ResilienceCockpit-db-deployer#flowable-async-job-executor-thread-11927#
[PollStageAppStatusExecution] 2d23200b-60aa-4519-b7f8-9f40de7a8ecc [2026-08-25T08:31:30.833212] Inserted 5 records of the data source file "ResilienceCockpit-AlternativeMaterials.csv" into the target table "RESILIENCECOCKPIT_ALTERNATIVEMATERIALS" (STDOUT, APP/TASK/deploy)#
#2026 08 25 08:48:01.080#Z#DEBUG#9140a271-a061-11f1-b78a-eeee0a986e3f.ResilienceCockpit-db-deployer#flowable-async-job-executor-thread-11927#
[PollStageAppStatusExecution] 2d23200b-60aa-4519-b7f8-9f40de7a8ecc [2026-08-25T08:31:30.833215] Deploying "src/gen/data/ResilienceCockpit-AlternativeMaterials.hdbtabledata$0.expand"... ok (0s 584ms) (STDOUT, APP/TASK/deploy)#
#2026 08 25 08:48:01.080#Z#DEBUG#9140a271-a061-11f1-b78a-eeee0a986e3f.ResilienceCockpit-db-deployer#flowable-async-job-executor-thread-11927#
[PollStageAppStatusExecution] 2d23200b-60aa-4519-b7f8-9f40de7a8ecc [2026-08-25T08:31:30.833219] Deploying "src/gen/data/ResilienceCockpit-SupplierMaterials.hdbtabledata$0.expand"... (STDOUT, APP/TASK/deploy)#
#2026 08 25 08:48:01.080#Z#DEBUG#9140a271-a061-11f1-b78a-eeee0a986e3f.ResilienceCockpit-db-deployer#flowable-async-job-executor-thread-11927#
[PollStageAppStatusExecution] 2d23200b-60aa-4519-b7f8-9f40de7a8ecc [2026-08-25T08:31:30.833223] Expanded from "src/gen/data/ResilienceCockpit-SupplierMaterials.hdbtabledata" (STDOUT, APP/TASK/deploy)#
#2026 08 25 08:48:01.080#Z#DEBUG#9140a271-a061-11f1-b78a-eeee0a986e3f.ResilienceCockpit-db-deployer#flowable-async-job-executor-thread-11927#
[PollStageAppStatusExecution] 2d23200b-60aa-4519-b7f8-9f40de7a8ecc [2026-08-25T08:31:30.833227] Deploying "src/gen/data/sap-common-Countries.hdbtabledata$0.expand"... (STDOUT, APP/TASK/deploy)#
#2026 08 25 08:48:01.080#Z#DEBUG#9140a271-a061-11f1-b78a-eeee0a986e3f.ResilienceCockpit-db-deployer#flowable-async-job-executor-thread-11927#
[PollStageAppStatusExecution] 2d23200b-60aa-4519-b7f8-9f40de7a8ecc [2026-08-25T08:31:30.833229] Expanded from "src/gen/data/sap-common-Countries.hdbtabledata" (STDOUT, APP/TASK/deploy)#
#2026 08 25 08:48:01.080#Z#DEBUG#9140a271-a061-11f1-b78a-eeee0a986e3f.ResilienceCockpit-db-deployer#flowable-async-job-executor-thread-11927#
[PollStageAppStatusExecution] 2d23200b-60aa-4519-b7f8-9f40de7a8ecc [2026-08-25T08:31:30.833232] Inserted 5 records of the data source file "ResilienceCockpit-AlternateSuppliers.csv" into the target table "RESILIENCECOCKPIT_ALTERNATESUPPLIERS" (STDOUT, APP/TASK/deploy)#
#2026 08 25 08:48:01.080#Z#DEBUG#9140a271-a061-11f1-b78a-eeee0a986e3f.ResilienceCockpit-db-deployer#flowable-async-job-executor-thread-11927#
[PollStageAppStatusExecution] 2d23200b-60aa-4519-b7f8-9f40de7a8ecc [2026-08-25T08:31:30.833234] Deploying "src/gen/data/ResilienceCockpit-AlternateSuppliers.hdbtabledata$0.expand"... ok (0s 585ms) (STDOUT, APP/TASK/deploy)#
#2026 08 25 08:48:01.080#Z#DEBUG#9140a271-a061-11f1-b78a-eeee0a986e3f.ResilienceCockpit-db-deployer#flowable-async-job-executor-thread-11927#
[PollStageAppStatusExecution] 2d23200b-60aa-4519-b7f8-9f40de7a8ecc [2026-08-25T08:31:30.833236] Deploying "src/gen/data/sap-common-Countries_texts_ar.hdbtabledata$0.expand"... (STDOUT, APP/TASK/deploy)#
#2026 08 25 08:48:01.080#Z#DEBUG#9140a271-a061-11f1-b78a-eeee0a986e3f.ResilienceCockpit-db-deployer#flowable-async-job-executor-thread-11927#
[PollStageAppStatusExecution] 2d23200b-60aa-4519-b7f8-9f40de7a8ecc [2026-08-25T08:31:30.833238] Expanded from "src/gen/data/sap-common-Countries_texts_ar.hdbtabledata" (STDOUT, APP/TASK/deploy)#
#2026 08 25 08:48:01.080#Z#DEBUG#9140a271-a061-11f1-b78a-eeee0a986e3f.ResilienceCockpit-db-deployer#flowable-async-job-executor-thread-11927#
[PollStageAppStatusExecution] 2d23200b-60aa-4519-b7f8-9f40de7a8ecc [2026-08-25T08:31:30.833241] Inserted 246 records of the data source file "sap-common-Countries.csv" into the target table "SAP_COMMON_COUNTRIES" (STDOUT, APP/TASK/deploy)#
#2026 08 25 08:48:01.080#Z#DEBUG#9140a271-a061-11f1-b78a-eeee0a986e3f.ResilienceCockpit-db-deployer#flowable-async-job-executor-thread-11927#
[PollStageAppStatusExecution] 2d23200b-60aa-4519-b7f8-9f40de7a8ecc [2026-08-25T08:31:30.833243] Deploying "src/gen/data/sap-common-Countries.hdbtabledata$0.expand"... ok (0s 63ms) (STDOUT, APP/TASK/deploy)#
#2026 08 25 08:48:01.080#Z#DEBUG#9140a271-a061-11f1-b78a-eeee0a986e3f.ResilienceCockpit-db-deployer#flowable-async-job-executor-thread-11927#
[PollStageAppStatusExecution] 2d23200b-60aa-4519-b7f8-9f40de7a8ecc [2026-08-25T08:31:30.833257] Deploying "src/gen/data/sap-common-Countries_texts_bg.hdbtabledata$0.expand"... (STDOUT, APP/TASK/deploy)#
#2026 08 25 08:48:01.080#Z#DEBUG#9140a271-a061-11f1-b78a-eeee0a986e3f.ResilienceCockpit-db-deployer#flowable-async-job-executor-thread-11927#
[PollStageAppStatusExecution] 2d23200b-60aa-4519-b7f8-9f40de7a8ecc [2026-08-25T08:31:30.833260] Expanded from "src/gen/data/sap-common-Countries_texts_bg.hdbtabledata" (STDOUT, APP/TASK/deploy)#
#2026 08 25 08:48:01.080#Z#DEBUG#9140a271-a061-11f1-b78a-eeee0a986e3f.ResilienceCockpit-db-deployer#flowable-async-job-executor-thread-11927#
[PollStageAppStatusExecution] 2d23200b-60aa-4519-b7f8-9f40de7a8ecc [2026-08-25T08:31:30.833263] Inserted 10 records of the data source file "ResilienceCockpit-SupplierMaterials.csv" into the target table "RESILIENCECOCKPIT_SUPPLIERMATERIALS" (STDOUT, APP/TASK/deploy)#
#2026 08 25 08:48:01.080#Z#DEBUG#9140a271-a061-11f1-b78a-eeee0a986e3f.ResilienceCockpit-db-deployer#flowable-async-job-executor-thread-11927#
[PollStageAppStatusExecution] 2d23200b-60aa-4519-b7f8-9f40de7a8ecc [2026-08-25T08:31:30.833264] Deploying "src/gen/data/ResilienceCockpit-SupplierMaterials.hdbtabledata$0.expand"... ok (0s 71ms) (STDOUT, APP/TASK/deploy)#
#2026 08 25 08:48:01.080#Z#DEBUG#9140a271-a061-11f1-b78a-eeee0a986e3f.ResilienceCockpit-db-deployer#flowable-async-job-executor-thread-11927#
[PollStageAppStatusExecution] 2d23200b-60aa-4519-b7f8-9f40de7a8ecc [2026-08-25T08:31:30.833266] Deploying "src/gen/data/sap-common-Countries_texts_cs.hdbtabledata$0.expand"... (STDOUT, APP/TASK/deploy)#
#2026 08 25 08:48:01.080#Z#DEBUG#9140a271-a061-11f1-b78a-eeee0a986e3f.ResilienceCockpit-db-deployer#flowable-async-job-executor-thread-11927#
[PollStageAppStatusExecution] 2d23200b-60aa-4519-b7f8-9f40de7a8ecc [2026-08-25T08:31:30.833314] Expanded from "src/gen/data/sap-common-Countries_texts_cs.hdbtabledata" (STDOUT, APP/TASK/deploy)#
#2026 08 25 08:48:01.080#Z#DEBUG#9140a271-a061-11f1-b78a-eeee0a986e3f.ResilienceCockpit-db-deployer#flowable-async-job-executor-thread-11927#
[PollStageAppStatusExecution] 2d23200b-60aa-4519-b7f8-9f40de7a8ecc [2026-08-25T08:31:30.833319] Inserted 246 records of the data source file "sap-common-Countries_texts_ar.csv" into the target table "SAP_COMMON_COUNTRIES_TEXTS" (STDOUT, APP/TASK/deploy)#
#2026 08 25 08:48:01.080#Z#DEBUG#9140a271-a061-11f1-b78a-eeee0a986e3f.ResilienceCockpit-db-deployer#flowable-async-job-executor-thread-11927#
[PollStageAppStatusExecution] 2d23200b-60aa-4519-b7f8-9f40de7a8ecc [2026-08-25T08:31:30.833329] Deploying "src/gen/data/sap-common-Countries_texts_ar.hdbtabledata$0.expand"... ok (0s 91ms) (STDOUT, APP/TASK/deploy)#
#2026 08 25 08:48:01.080#Z#DEBUG#9140a271-a061-11f1-b78a-eeee0a986e3f.ResilienceCockpit-db-deployer#flowable-async-job-executor-thread-11927#
[PollStageAppStatusExecution] 2d23200b-60aa-4519-b7f8-9f40de7a8ecc [2026-08-25T08:31:30.833330] Deploying "src/gen/data/sap-common-Countries_texts_da.hdbtabledata$0.expand"... (STDOUT, APP/TASK/deploy)#
#2026 08 25 08:48:01.080#Z#DEBUG#9140a271-a061-11f1-b78a-eeee0a986e3f.ResilienceCockpit-db-deployer#flowable-async-job-executor-thread-11927#
[PollStageAppStatusExecution] 2d23200b-60aa-4519-b7f8-9f40de7a8ecc [2026-08-25T08:31:30.833653] Expanded from "src/gen/data/sap-common-Countries_texts_da.hdbtabledata" (STDOUT, APP/TASK/deploy)#
#2026 08 25 08:48:01.080#Z#DEBUG#9140a271-a061-11f1-b78a-eeee0a986e3f.ResilienceCockpit-db-deployer#flowable-async-job-executor-thread-11927#
[PollStageAppStatusExecution] 2d23200b-60aa-4519-b7f8-9f40de7a8ecc [2026-08-25T08:31:30.833660] Inserted 246 records of the data source file "sap-common-Countries_texts_bg.csv" into the target table "SAP_COMMON_COUNTRIES_TEXTS" (STDOUT, APP/TASK/deploy)#
#2026 08 25 08:48:01.080#Z#DEBUG#9140a271-a061-11f1-b78a-eeee0a986e3f.ResilienceCockpit-db-deployer#flowable-async-job-executor-thread-11927#
[PollStageAppStatusExecution] 2d23200b-60aa-4519-b7f8-9f40de7a8ecc [2026-08-25T08:31:30.833663] Deploying "src/gen/data/sap-common-Countries_texts_bg.hdbtabledata$0.expand"... ok (0s 58ms) (STDOUT, APP/TASK/deploy)#
#2026 08 25 08:48:01.080#Z#DEBUG#9140a271-a061-11f1-b78a-eeee0a986e3f.ResilienceCockpit-db-deployer#flowable-async-job-executor-thread-11927#
[PollStageAppStatusExecution] 2d23200b-60aa-4519-b7f8-9f40de7a8ecc [2026-08-25T08:31:30.833664] Deploying "src/gen/data/sap-common-Countries_texts_de.hdbtabledata$0.expand"... (STDOUT, APP/TASK/deploy)#
#2026 08 25 08:48:01.080#Z#DEBUG#9140a271-a061-11f1-b78a-eeee0a986e3f.ResilienceCockpit-db-deployer#flowable-async-job-executor-thread-11927#
[PollStageAppStatusExecution] 2d23200b-60aa-4519-b7f8-9f40de7a8ecc [2026-08-25T08:31:30.833666] Expanded from "src/gen/data/sap-common-Countries_texts_de.hdbtabledata" (STDOUT, APP/TASK/deploy)#
#2026 08 25 08:48:01.080#Z#DEBUG#9140a271-a061-11f1-b78a-eeee0a986e3f.ResilienceCockpit-db-deployer#flowable-async-job-executor-thread-11927#
[PollStageAppStatusExecution] 2d23200b-60aa-4519-b7f8-9f40de7a8ecc [2026-08-25T08:31:30.833668] Inserted 246 records of the data source file "sap-common-Countries_texts_cs.csv" into the target table "SAP_COMMON_COUNTRIES_TEXTS" (STDOUT, APP/TASK/deploy)#
#2026 08 25 08:48:01.080#Z#DEBUG#9140a271-a061-11f1-b78a-eeee0a986e3f.ResilienceCockpit-db-deployer#flowable-async-job-executor-thread-11927#
[PollStageAppStatusExecution] 2d23200b-60aa-4519-b7f8-9f40de7a8ecc [2026-08-25T08:31:30.833670] Deploying "src/gen/data/sap-common-Countries_texts_cs.hdbtabledata$0.expand"... ok (0s 58ms) (STDOUT, APP/TASK/deploy)#
#2026 08 25 08:48:01.080#Z#DEBUG#9140a271-a061-11f1-b78a-eeee0a986e3f.ResilienceCockpit-db-deployer#flowable-async-job-executor-thread-11927#
[PollStageAppStatusExecution] 2d23200b-60aa-4519-b7f8-9f40de7a8ecc [2026-08-25T08:31:30.833672] Deploying "src/gen/data/sap-common-Countries_texts_el.hdbtabledata$0.expand"... (STDOUT, APP/TASK/deploy)#
#2026 08 25 08:48:01.080#Z#DEBUG#9140a271-a061-11f1-b78a-eeee0a986e3f.ResilienceCockpit-db-deployer#flowable-async-job-executor-thread-11927#
[PollStageAppStatusExecution] 2d23200b-60aa-4519-b7f8-9f40de7a8ecc [2026-08-25T08:31:30.833673] Expanded from "src/gen/data/sap-common-Countries_texts_el.hdbtabledata" (STDOUT, APP/TASK/deploy)#
#2026 08 25 08:48:01.080#Z#DEBUG#9140a271-a061-11f1-b78a-eeee0a986e3f.ResilienceCockpit-db-deployer#flowable-async-job-executor-thread-11927#
[PollStageAppStatusExecution] 2d23200b-60aa-4519-b7f8-9f40de7a8ecc [2026-08-25T08:31:30.833675] Inserted 246 records of the data source file "sap-common-Countries_texts_da.csv" into the target table "SAP_COMMON_COUNTRIES_TEXTS" (STDOUT, APP/TASK/deploy)#
#2026 08 25 08:48:01.080#Z#DEBUG#9140a271-a061-11f1-b78a-eeee0a986e3f.ResilienceCockpit-db-deployer#flowable-async-job-executor-thread-11927#
[PollStageAppStatusExecution] 2d23200b-60aa-4519-b7f8-9f40de7a8ecc [2026-08-25T08:31:30.833676] Deploying "src/gen/data/sap-common-Countries_texts_da.hdbtabledata$0.expand"... ok (0s 39ms) (STDOUT, APP/TASK/deploy)#
#2026 08 25 08:48:01.080#Z#DEBUG#9140a271-a061-11f1-b78a-eeee0a986e3f.ResilienceCockpit-db-deployer#flowable-async-job-executor-thread-11927#
[PollStageAppStatusExecution] 2d23200b-60aa-4519-b7f8-9f40de7a8ecc [2026-08-25T08:31:30.833682] Deploying "src/gen/data/sap-common-Countries_texts_en.hdbtabledata$0.expand"... (STDOUT, APP/TASK/deploy)#
#2026 08 25 08:48:01.080#Z#DEBUG#9140a271-a061-11f1-b78a-eeee0a986e3f.ResilienceCockpit-db-deployer#flowable-async-job-executor-thread-11927#
[PollStageAppStatusExecution] 2d23200b-60aa-4519-b7f8-9f40de7a8ecc [2026-08-25T08:31:30.833684] Expanded from "src/gen/data/sap-common-Countries_texts_en.hdbtabledata" (STDOUT, APP/TASK/deploy)#
#2026 08 25 08:48:01.080#Z#DEBUG#9140a271-a061-11f1-b78a-eeee0a986e3f.ResilienceCockpit-db-deployer#flowable-async-job-executor-thread-11927#
[PollStageAppStatusExecution] 2d23200b-60aa-4519-b7f8-9f40de7a8ecc [2026-08-25T08:31:30.833685] Inserted 246 records of the data source file "sap-common-Countries_texts_de.csv" into the target table "SAP_COMMON_COUNTRIES_TEXTS" (STDOUT, APP/TASK/deploy)#
#2026 08 25 08:48:01.080#Z#DEBUG#9140a271-a061-11f1-b78a-eeee0a986e3f.ResilienceCockpit-db-deployer#flowable-async-job-executor-thread-11927#
[PollStageAppStatusExecution] 2d23200b-60aa-4519-b7f8-9f40de7a8ecc [2026-08-25T08:31:30.833687] Deploying "src/gen/data/sap-common-Countries_texts_de.hdbtabledata$0.expand"... ok (0s 31ms) (STDOUT, APP/TASK/deploy)#
#2026 08 25 08:48:01.080#Z#DEBUG#9140a271-a061-11f1-b78a-eeee0a986e3f.ResilienceCockpit-db-deployer#flowable-async-job-executor-thread-11927#
[PollStageAppStatusExecution] 2d23200b-60aa-4519-b7f8-9f40de7a8ecc [2026-08-25T08:31:30.833688] Deploying "src/gen/data/sap-common-Countries_texts_en_US_saptrc.hdbtabledata$0.expand"... (STDOUT, APP/TASK/deploy)#
#2026 08 25 08:48:01.080#Z#DEBUG#9140a271-a061-11f1-b78a-eeee0a986e3f.ResilienceCockpit-db-deployer#flowable-async-job-executor-thread-11927#
[PollStageAppStatusExecution] 2d23200b-60aa-4519-b7f8-9f40de7a8ecc [2026-08-25T08:31:30.833690] Expanded from "src/gen/data/sap-common-Countries_texts_en_US_saptrc.hdbtabledata" (STDOUT, APP/TASK/deploy)#
#2026 08 25 08:48:01.080#Z#DEBUG#9140a271-a061-11f1-b78a-eeee0a986e3f.ResilienceCockpit-db-deployer#flowable-async-job-executor-thread-11927#
[PollStageAppStatusExecution] 2d23200b-60aa-4519-b7f8-9f40de7a8ecc [2026-08-25T08:31:30.833693] Inserted 246 records of the data source file "sap-common-Countries_texts_el.csv" into the target table "SAP_COMMON_COUNTRIES_TEXTS" (STDOUT, APP/TASK/deploy)#
#2026 08 25 08:48:01.080#Z#DEBUG#9140a271-a061-11f1-b78a-eeee0a986e3f.ResilienceCockpit-db-deployer#flowable-async-job-executor-thread-11927#
[PollStageAppStatusExecution] 2d23200b-60aa-4519-b7f8-9f40de7a8ecc [2026-08-25T08:31:30.833695] Deploying "src/gen/data/sap-common-Countries_texts_el.hdbtabledata$0.expand"... ok (0s 39ms) (STDOUT, APP/TASK/deploy)#
#2026 08 25 08:48:01.080#Z#DEBUG#9140a271-a061-11f1-b78a-eeee0a986e3f.ResilienceCockpit-db-deployer#flowable-async-job-executor-thread-11927#
[PollStageAppStatusExecution] 2d23200b-60aa-4519-b7f8-9f40de7a8ecc [2026-08-25T08:31:30.833698] Deploying "src/gen/data/sap-common-Countries_texts_es.hdbtabledata$0.expand"... (STDOUT, APP/TASK/deploy)#
#2026 08 25 08:48:01.080#Z#DEBUG#9140a271-a061-11f1-b78a-eeee0a986e3f.ResilienceCockpit-db-deployer#flowable-async-job-executor-thread-11927#
[PollStageAppStatusExecution] 2d23200b-60aa-4519-b7f8-9f40de7a8ecc [2026-08-25T08:31:30.833699] Expanded from "src/gen/data/sap-common-Countries_texts_es.hdbtabledata" (STDOUT, APP/TASK/deploy)#
#2026 08 25 08:48:01.080#Z#DEBUG#9140a271-a061-11f1-b78a-eeee0a986e3f.ResilienceCockpit-db-deployer#flowable-async-job-executor-thread-11927#
[PollStageAppStatusExecution] 2d23200b-60aa-4519-b7f8-9f40de7a8ecc [2026-08-25T08:31:30.833701] Inserted 246 records of the data source file "sap-common-Countries_texts_en.csv" into the target table "SAP_COMMON_COUNTRIES_TEXTS" (STDOUT, APP/TASK/deploy)#
#2026 08 25 08:48:01.080#Z#DEBUG#9140a271-a061-11f1-b78a-eeee0a986e3f.ResilienceCockpit-db-deployer#flowable-async-job-executor-thread-11927#
[PollStageAppStatusExecution] 2d23200b-60aa-4519-b7f8-9f40de7a8ecc [2026-08-25T08:31:30.833703] Deploying "src/gen/data/sap-common-Countries_texts_en.hdbtabledata$0.expand"... ok (0s 41ms) (STDOUT, APP/TASK/deploy)#
#2026 08 25 08:48:01.080#Z#DEBUG#9140a271-a061-11f1-b78a-eeee0a986e3f.ResilienceCockpit-db-deployer#flowable-async-job-executor-thread-11927#
[PollStageAppStatusExecution] 2d23200b-60aa-4519-b7f8-9f40de7a8ecc [2026-08-25T08:31:30.833704] Deploying "src/gen/data/sap-common-Countries_texts_es_MX.hdbtabledata$0.expand"... (STDOUT, APP/TASK/deploy)#
#2026 08 25 08:48:01.080#Z#DEBUG#9140a271-a061-11f1-b78a-eeee0a986e3f.ResilienceCockpit-db-deployer#flowable-async-job-executor-thread-11927#
[PollStageAppStatusExecution] 2d23200b-60aa-4519-b7f8-9f40de7a8ecc [2026-08-25T08:31:30.833706] Expanded from "src/gen/data/sap-common-Countries_texts_es_MX.hdbtabledata" (STDOUT, APP/TASK/deploy)#
#2026 08 25 08:48:01.080#Z#DEBUG#9140a271-a061-11f1-b78a-eeee0a986e3f.ResilienceCockpit-db-deployer#flowable-async-job-executor-thread-11927#
[PollStageAppStatusExecution] 2d23200b-60aa-4519-b7f8-9f40de7a8ecc [2026-08-25T08:31:30.833714] Inserted 0 records of the data source file "sap-common-Countries_texts_en_US_saptrc.csv" into the target table "SAP_COMMON_COUNTRIES_TEXTS" (STDOUT, APP/TASK/deploy)#
#2026 08 25 08:48:01.080#Z#DEBUG#9140a271-a061-11f1-b78a-eeee0a986e3f.ResilienceCockpit-db-deployer#flowable-async-job-executor-thread-11927#
[PollStageAppStatusExecution] 2d23200b-60aa-4519-b7f8-9f40de7a8ecc [2026-08-25T08:31:30.833717] Deploying "src/gen/data/sap-common-Countries_texts_en_US_saptrc.hdbtabledata$0.expand"... ok (0s 44ms) (STDOUT, APP/TASK/deploy)#
#2026 08 25 08:48:01.080#Z#DEBUG#9140a271-a061-11f1-b78a-eeee0a986e3f.ResilienceCockpit-db-deployer#flowable-async-job-executor-thread-11927#
[PollStageAppStatusExecution] 2d23200b-60aa-4519-b7f8-9f40de7a8ecc [2026-08-25T08:31:30.833718] Deploying "src/gen/data/sap-common-Countries_texts_fi.hdbtabledata$0.expand"... (STDOUT, APP/TASK/deploy)#
#2026 08 25 08:48:01.080#Z#DEBUG#9140a271-a061-11f1-b78a-eeee0a986e3f.ResilienceCockpit-db-deployer#flowable-async-job-executor-thread-11927#
[PollStageAppStatusExecution] 2d23200b-60aa-4519-b7f8-9f40de7a8ecc [2026-08-25T08:31:30.833720] Expanded from "src/gen/data/sap-common-Countries_texts_fi.hdbtabledata" (STDOUT, APP/TASK/deploy)#
#2026 08 25 08:48:01.080#Z#DEBUG#9140a271-a061-11f1-b78a-eeee0a986e3f.ResilienceCockpit-db-deployer#flowable-async-job-executor-thread-11927#
[PollStageAppStatusExecution] 2d23200b-60aa-4519-b7f8-9f40de7a8ecc [2026-08-25T08:31:30.833722] Inserted 246 records of the data source file "sap-common-Countries_texts_es.csv" into the target table "SAP_COMMON_COUNTRIES_TEXTS" (STDOUT, APP/TASK/deploy)#
#2026 08 25 08:48:01.080#Z#DEBUG#9140a271-a061-11f1-b78a-eeee0a986e3f.ResilienceCockpit-db-deployer#flowable-async-job-executor-thread-11927#
[PollStageAppStatusExecution] 2d23200b-60aa-4519-b7f8-9f40de7a8ecc [2026-08-25T08:31:30.833724] Deploying "src/gen/data/sap-common-Countries_texts_es.hdbtabledata$0.expand"... ok (0s 41ms) (STDOUT, APP/TASK/deploy)#
#2026 08 25 08:48:01.080#Z#DEBUG#9140a271-a061-11f1-b78a-eeee0a986e3f.ResilienceCockpit-db-deployer#flowable-async-job-executor-thread-11927#
[PollStageAppStatusExecution] 2d23200b-60aa-4519-b7f8-9f40de7a8ecc [2026-08-25T08:31:30.833726] Deploying "src/gen/data/sap-common-Countries_texts_fr.hdbtabledata$0.expand"... (STDOUT, APP/TASK/deploy)#
#2026 08 25 08:48:01.080#Z#DEBUG#9140a271-a061-11f1-b78a-eeee0a986e3f.ResilienceCockpit-db-deployer#flowable-async-job-executor-thread-11927#
[PollStageAppStatusExecution] 2d23200b-60aa-4519-b7f8-9f40de7a8ecc [2026-08-25T08:31:30.833728] Expanded from "src/gen/data/sap-common-Countries_texts_fr.hdbtabledata" (STDOUT, APP/TASK/deploy)#
#2026 08 25 08:48:01.080#Z#DEBUG#9140a271-a061-11f1-b78a-eeee0a986e3f.ResilienceCockpit-db-deployer#flowable-async-job-executor-thread-11927#
[PollStageAppStatusExecution] 2d23200b-60aa-4519-b7f8-9f40de7a8ecc [2026-08-25T08:31:30.833729] Inserted 246 records of the data source file "sap-common-Countries_texts_es_MX.csv" into the target table "SAP_COMMON_COUNTRIES_TEXTS" (STDOUT, APP/TASK/deploy)#
#2026 08 25 08:48:01.080#Z#DEBUG#9140a271-a061-11f1-b78a-eeee0a986e3f.ResilienceCockpit-db-deployer#flowable-async-job-executor-thread-11927#
[PollStageAppStatusExecution] 2d23200b-60aa-4519-b7f8-9f40de7a8ecc [2026-08-25T08:31:30.833731] Deploying "src/gen/data/sap-common-Countries_texts_es_MX.hdbtabledata$0.expand"... ok (0s 39ms) (STDOUT, APP/TASK/deploy)#
#2026 08 25 08:48:01.080#Z#DEBUG#9140a271-a061-11f1-b78a-eeee0a986e3f.ResilienceCockpit-db-deployer#flowable-async-job-executor-thread-11927#
[PollStageAppStatusExecution] 2d23200b-60aa-4519-b7f8-9f40de7a8ecc [2026-08-25T08:31:30.833734] Deploying "src/gen/data/sap-common-Countries_texts_he.hdbtabledata$0.expand"... (STDOUT, APP/TASK/deploy)#
#2026 08 25 08:48:01.080#Z#DEBUG#9140a271-a061-11f1-b78a-eeee0a986e3f.ResilienceCockpit-db-deployer#flowable-async-job-executor-thread-11927#
[PollStageAppStatusExecution] 2d23200b-60aa-4519-b7f8-9f40de7a8ecc [2026-08-25T08:31:30.833735] Expanded from "src/gen/data/sap-common-Countries_texts_he.hdbtabledata" (STDOUT, APP/TASK/deploy)#
#2026 08 25 08:48:01.080#Z#DEBUG#9140a271-a061-11f1-b78a-eeee0a986e3f.ResilienceCockpit-db-deployer#flowable-async-job-executor-thread-11927#
[PollStageAppStatusExecution] 2d23200b-60aa-4519-b7f8-9f40de7a8ecc [2026-08-25T08:31:30.833782] Inserted 246 records of the data source file "sap-common-Countries_texts_fi.csv" into the target table "SAP_COMMON_COUNTRIES_TEXTS" (STDOUT, APP/TASK/deploy)#
#2026 08 25 08:48:01.080#Z#DEBUG#9140a271-a061-11f1-b78a-eeee0a986e3f.ResilienceCockpit-db-deployer#flowable-async-job-executor-thread-11927#
[PollStageAppStatusExecution] 2d23200b-60aa-4519-b7f8-9f40de7a8ecc [2026-08-25T08:31:30.833785] Deploying "src/gen/data/sap-common-Countries_texts_fi.hdbtabledata$0.expand"... ok (0s 27ms) (STDOUT, APP/TASK/deploy)#
#2026 08 25 08:48:01.080#Z#DEBUG#9140a271-a061-11f1-b78a-eeee0a986e3f.ResilienceCockpit-db-deployer#flowable-async-job-executor-thread-11927#
[PollStageAppStatusExecution] 2d23200b-60aa-4519-b7f8-9f40de7a8ecc [2026-08-25T08:31:30.833787] Deploying "src/gen/data/sap-common-Countries_texts_hr.hdbtabledata$0.expand"... (STDOUT, APP/TASK/deploy)#
#2026 08 25 08:48:01.080#Z#DEBUG#9140a271-a061-11f1-b78a-eeee0a986e3f.ResilienceCockpit-db-deployer#flowable-async-job-executor-thread-11927#
[PollStageAppStatusExecution] 2d23200b-60aa-4519-b7f8-9f40de7a8ecc [2026-08-25T08:31:30.833789] Expanded from "src/gen/data/sap-common-Countries_texts_hr.hdbtabledata" (STDOUT, APP/TASK/deploy)#
#2026 08 25 08:48:01.080#Z#DEBUG#9140a271-a061-11f1-b78a-eeee0a986e3f.ResilienceCockpit-db-deployer#flowable-async-job-executor-thread-11927#
[PollStageAppStatusExecution] 2d23200b-60aa-4519-b7f8-9f40de7a8ecc [2026-08-25T08:31:30.833791] Inserted 246 records of the data source file "sap-common-Countries_texts_fr.csv" into the target table "SAP_COMMON_COUNTRIES_TEXTS" (STDOUT, APP/TASK/deploy)#
#2026 08 25 08:48:01.080#Z#DEBUG#9140a271-a061-11f1-b78a-eeee0a986e3f.ResilienceCockpit-db-deployer#flowable-async-job-executor-thread-11927#
[PollStageAppStatusExecution] 2d23200b-60aa-4519-b7f8-9f40de7a8ecc [2026-08-25T08:31:30.833793] Deploying "src/gen/data/sap-common-Countries_texts_fr.hdbtabledata$0.expand"... ok (0s 27ms) (STDOUT, APP/TASK/deploy)#
#2026 08 25 08:48:01.080#Z#DEBUG#9140a271-a061-11f1-b78a-eeee0a986e3f.ResilienceCockpit-db-deployer#flowable-async-job-executor-thread-11927#
[PollStageAppStatusExecution] 2d23200b-60aa-4519-b7f8-9f40de7a8ecc [2026-08-25T08:31:30.833794] Deploying "src/gen/data/sap-common-Countries_texts_hu.hdbtabledata$0.expand"... (STDOUT, APP/TASK/deploy)#
#2026 08 25 08:48:01.080#Z#DEBUG#9140a271-a061-11f1-b78a-eeee0a986e3f.ResilienceCockpit-db-deployer#flowable-async-job-executor-thread-11927#
[PollStageAppStatusExecution] 2d23200b-60aa-4519-b7f8-9f40de7a8ecc [2026-08-25T08:31:30.833796] Expanded from "src/gen/data/sap-common-Countries_texts_hu.hdbtabledata" (STDOUT, APP/TASK/deploy)#
#2026 08 25 08:48:01.080#Z#DEBUG#9140a271-a061-11f1-b78a-eeee0a986e3f.ResilienceCockpit-db-deployer#flowable-async-job-executor-thread-11927#
[PollStageAppStatusExecution] 2d23200b-60aa-4519-b7f8-9f40de7a8ecc [2026-08-25T08:31:30.833797] Inserted 246 records of the data source file "sap-common-Countries_texts_he.csv" into the target table "SAP_COMMON_COUNTRIES_TEXTS" (STDOUT, APP/TASK/deploy)#
#2026 08 25 08:48:01.080#Z#DEBUG#9140a271-a061-11f1-b78a-eeee0a986e3f.ResilienceCockpit-db-deployer#flowable-async-job-executor-thread-11927#
[PollStageAppStatusExecution] 2d23200b-60aa-4519-b7f8-9f40de7a8ecc [2026-08-25T08:31:30.833799] Deploying "src/gen/data/sap-common-Countries_texts_he.hdbtabledata$0.expand"... ok (0s 29ms) (STDOUT, APP/TASK/deploy)#
#2026 08 25 08:48:01.080#Z#DEBUG#9140a271-a061-11f1-b78a-eeee0a986e3f.ResilienceCockpit-db-deployer#flowable-async-job-executor-thread-11927#
[PollStageAppStatusExecution] 2d23200b-60aa-4519-b7f8-9f40de7a8ecc [2026-08-25T08:31:30.833802] Deploying "src/gen/data/sap-common-Countries_texts_it.hdbtabledata$0.expand"... (STDOUT, APP/TASK/deploy)#
#2026 08 25 08:48:01.080#Z#DEBUG#9140a271-a061-11f1-b78a-eeee0a986e3f.ResilienceCockpit-db-deployer#flowable-async-job-executor-thread-11927#
[PollStageAppStatusExecution] 2d23200b-60aa-4519-b7f8-9f40de7a8ecc [2026-08-25T08:31:30.833805] Expanded from "src/gen/data/sap-common-Countries_texts_it.hdbtabledata" (STDOUT, APP/TASK/deploy)#
#2026 08 25 08:48:01.080#Z#DEBUG#9140a271-a061-11f1-b78a-eeee0a986e3f.ResilienceCockpit-db-deployer#flowable-async-job-executor-thread-11927#
[PollStageAppStatusExecution] 2d23200b-60aa-4519-b7f8-9f40de7a8ecc [2026-08-25T08:31:30.833806] Inserted 246 records of the data source file "sap-common-Countries_texts_hr.csv" into the target table "SAP_COMMON_COUNTRIES_TEXTS" (STDOUT, APP/TASK/deploy)#
#2026 08 25 08:48:01.080#Z#DEBUG#9140a271-a061-11f1-b78a-eeee0a986e3f.ResilienceCockpit-db-deployer#flowable-async-job-executor-thread-11927#
[PollStageAppStatusExecution] 2d23200b-60aa-4519-b7f8-9f40de7a8ecc [2026-08-25T08:31:30.833808] Deploying "src/gen/data/sap-common-Countries_texts_hr.hdbtabledata$0.expand"... ok (0s 28ms) (STDOUT, APP/TASK/deploy)#
#2026 08 25 08:48:01.080#Z#DEBUG#9140a271-a061-11f1-b78a-eeee0a986e3f.ResilienceCockpit-db-deployer#flowable-async-job-executor-thread-11927#
[PollStageAppStatusExecution] 2d23200b-60aa-4519-b7f8-9f40de7a8ecc [2026-08-25T08:31:30.833809] Deploying "src/gen/data/sap-common-Countries_texts_ja.hdbtabledata$0.expand"... (STDOUT, APP/TASK/deploy)#
#2026 08 25 08:48:01.080#Z#DEBUG#9140a271-a061-11f1-b78a-eeee0a986e3f.ResilienceCockpit-db-deployer#flowable-async-job-executor-thread-11927#
[PollStageAppStatusExecution] 2d23200b-60aa-4519-b7f8-9f40de7a8ecc [2026-08-25T08:31:30.833811] Expanded from "src/gen/data/sap-common-Countries_texts_ja.hdbtabledata" (STDOUT, APP/TASK/deploy)#
#2026 08 25 08:48:01.080#Z#DEBUG#9140a271-a061-11f1-b78a-eeee0a986e3f.ResilienceCockpit-db-deployer#flowable-async-job-executor-thread-11927#
[PollStageAppStatusExecution] 2d23200b-60aa-4519-b7f8-9f40de7a8ecc [2026-08-25T08:31:30.833814] Inserted 246 records of the data source file "sap-common-Countries_texts_hu.csv" into the target table "SAP_COMMON_COUNTRIES_TEXTS" (STDOUT, APP/TASK/deploy)#
#2026 08 25 08:48:01.080#Z#DEBUG#9140a271-a061-11f1-b78a-eeee0a986e3f.ResilienceCockpit-db-deployer#flowable-async-job-executor-thread-11927#
[PollStageAppStatusExecution] 2d23200b-60aa-4519-b7f8-9f40de7a8ecc [2026-08-25T08:31:30.833815] Deploying "src/gen/data/sap-common-Countries_texts_hu.hdbtabledata$0.expand"... ok (0s 64ms) (STDOUT, APP/TASK/deploy)#
#2026 08 25 08:48:01.080#Z#DEBUG#9140a271-a061-11f1-b78a-eeee0a986e3f.ResilienceCockpit-db-deployer#flowable-async-job-executor-thread-11927#
[PollStageAppStatusExecution] 2d23200b-60aa-4519-b7f8-9f40de7a8ecc [2026-08-25T08:31:30.833817] Deploying "src/gen/data/sap-common-Countries_texts_kk.hdbtabledata$0.expand"... (STDOUT, APP/TASK/deploy)#
#2026 08 25 08:48:01.080#Z#DEBUG#9140a271-a061-11f1-b78a-eeee0a986e3f.ResilienceCockpit-db-deployer#flowable-async-job-executor-thread-11927#
[PollStageAppStatusExecution] 2d23200b-60aa-4519-b7f8-9f40de7a8ecc [2026-08-25T08:31:30.833819] Expanded from "src/gen/data/sap-common-Countries_texts_kk.hdbtabledata" (STDOUT, APP/TASK/deploy)#
#2026 08 25 08:48:01.080#Z#DEBUG#9140a271-a061-11f1-b78a-eeee0a986e3f.ResilienceCockpit-db-deployer#flowable-async-job-executor-thread-11927#
[PollStageAppStatusExecution] 2d23200b-60aa-4519-b7f8-9f40de7a8ecc [2026-08-25T08:31:30.833820] Inserted 246 records of the data source file "sap-common-Countries_texts_it.csv" into the target table "SAP_COMMON_COUNTRIES_TEXTS" (STDOUT, APP/TASK/deploy)#
#2026 08 25 08:48:01.080#Z#DEBUG#9140a271-a061-11f1-b78a-eeee0a986e3f.ResilienceCockpit-db-deployer#flowable-async-job-executor-thread-11927#
[PollStageAppStatusExecution] 2d23200b-60aa-4519-b7f8-9f40de7a8ecc [2026-08-25T08:31:30.833822] Deploying "src/gen/data/sap-common-Countries_texts_it.hdbtabledata$0.expand"... ok (0s 70ms) (STDOUT, APP/TASK/deploy)#
#2026 08 25 08:48:01.080#Z#DEBUG#9140a271-a061-11f1-b78a-eeee0a986e3f.ResilienceCockpit-db-deployer#flowable-async-job-executor-thread-11927#
[PollStageAppStatusExecution] 2d23200b-60aa-4519-b7f8-9f40de7a8ecc [2026-08-25T08:31:30.833825] Deploying "src/gen/data/sap-common-Countries_texts_ko.hdbtabledata$0.expand"... (STDOUT, APP/TASK/deploy)#
#2026 08 25 08:48:01.080#Z#DEBUG#9140a271-a061-11f1-b78a-eeee0a986e3f.ResilienceCockpit-db-deployer#flowable-async-job-executor-thread-11927#
[PollStageAppStatusExecution] 2d23200b-60aa-4519-b7f8-9f40de7a8ecc [2026-08-25T08:31:30.833826] Expanded from "src/gen/data/sap-common-Countries_texts_ko.hdbtabledata" (STDOUT, APP/TASK/deploy)#
#2026 08 25 08:48:01.080#Z#DEBUG#9140a271-a061-11f1-b78a-eeee0a986e3f.ResilienceCockpit-db-deployer#flowable-async-job-executor-thread-11927#
[PollStageAppStatusExecution] 2d23200b-60aa-4519-b7f8-9f40de7a8ecc [2026-08-25T08:31:30.833828] Inserted 246 records of the data source file "sap-common-Countries_texts_ja.csv" into the target table "SAP_COMMON_COUNTRIES_TEXTS" (STDOUT, APP/TASK/deploy)#
#2026 08 25 08:48:01.080#Z#DEBUG#9140a271-a061-11f1-b78a-eeee0a986e3f.ResilienceCockpit-db-deployer#flowable-async-job-executor-thread-11927#
[PollStageAppStatusExecution] 2d23200b-60aa-4519-b7f8-9f40de7a8ecc [2026-08-25T08:31:30.833831] Deploying "src/gen/data/sap-common-Countries_texts_ja.hdbtabledata$0.expand"... ok (0s 78ms) (STDOUT, APP/TASK/deploy)#
#2026 08 25 08:48:01.080#Z#DEBUG#9140a271-a061-11f1-b78a-eeee0a986e3f.ResilienceCockpit-db-deployer#flowable-async-job-executor-thread-11927#
[PollStageAppStatusExecution] 2d23200b-60aa-4519-b7f8-9f40de7a8ecc [2026-08-25T08:31:30.833832] Deploying "src/gen/data/sap-common-Countries_texts_ms.hdbtabledata$0.expand"... (STDOUT, APP/TASK/deploy)#
#2026 08 25 08:48:01.080#Z#DEBUG#9140a271-a061-11f1-b78a-eeee0a986e3f.ResilienceCockpit-db-deployer#flowable-async-job-executor-thread-11927#
[PollStageAppStatusExecution] 2d23200b-60aa-4519-b7f8-9f40de7a8ecc [2026-08-25T08:31:30.833833] Expanded from "src/gen/data/sap-common-Countries_texts_ms.hdbtabledata" (STDOUT, APP/TASK/deploy)#
#2026 08 25 08:48:01.080#Z#DEBUG#9140a271-a061-11f1-b78a-eeee0a986e3f.ResilienceCockpit-db-deployer#flowable-async-job-executor-thread-11927#
[PollStageAppStatusExecution] 2d23200b-60aa-4519-b7f8-9f40de7a8ecc [2026-08-25T08:31:30.833835] Inserted 246 records of the data source file "sap-common-Countries_texts_kk.csv" into the target table "SAP_COMMON_COUNTRIES_TEXTS" (STDOUT, APP/TASK/deploy)#
#2026 08 25 08:48:01.080#Z#DEBUG#9140a271-a061-11f1-b78a-eeee0a986e3f.ResilienceCockpit-db-deployer#flowable-async-job-executor-thread-11927#
[PollStageAppStatusExecution] 2d23200b-60aa-4519-b7f8-9f40de7a8ecc [2026-08-25T08:31:30.833837] Deploying "src/gen/data/sap-common-Countries_texts_kk.hdbtabledata$0.expand"... ok (0s 45ms) (STDOUT, APP/TASK/deploy)#
#2026 08 25 08:48:01.080#Z#DEBUG#9140a271-a061-11f1-b78a-eeee0a986e3f.ResilienceCockpit-db-deployer#flowable-async-job-executor-thread-11927#
[PollStageAppStatusExecution] 2d23200b-60aa-4519-b7f8-9f40de7a8ecc [2026-08-25T08:31:30.833839] Deploying "src/gen/data/sap-common-Countries_texts_nl.hdbtabledata$0.expand"... (STDOUT, APP/TASK/deploy)#
#2026 08 25 08:48:01.080#Z#DEBUG#9140a271-a061-11f1-b78a-eeee0a986e3f.ResilienceCockpit-db-deployer#flowable-async-job-executor-thread-11927#
[PollStageAppStatusExecution] 2d23200b-60aa-4519-b7f8-9f40de7a8ecc [2026-08-25T08:31:30.833841] Expanded from "src/gen/data/sap-common-Countries_texts_nl.hdbtabledata" (STDOUT, APP/TASK/deploy)#
#2026 08 25 08:48:01.080#Z#DEBUG#9140a271-a061-11f1-b78a-eeee0a986e3f.ResilienceCockpit-db-deployer#flowable-async-job-executor-thread-11927#
[PollStageAppStatusExecution] 2d23200b-60aa-4519-b7f8-9f40de7a8ecc [2026-08-25T08:31:31.459224] Inserted 246 records of the data source file "sap-common-Countries_texts_ko.csv" into the target table "SAP_COMMON_COUNTRIES_TEXTS" (STDOUT, APP/TASK/deploy)#
#2026 08 25 08:48:01.080#Z#DEBUG#9140a271-a061-11f1-b78a-eeee0a986e3f.ResilienceCockpit-db-deployer#flowable-async-job-executor-thread-11927#
[PollStageAppStatusExecution] 2d23200b-60aa-4519-b7f8-9f40de7a8ecc [2026-08-25T08:31:31.459245] Deploying "src/gen/data/sap-common-Countries_texts_ko.hdbtabledata$0.expand"... ok (0s 44ms) (STDOUT, APP/TASK/deploy)#
#2026 08 25 08:48:01.080#Z#DEBUG#9140a271-a061-11f1-b78a-eeee0a986e3f.ResilienceCockpit-db-deployer#flowable-async-job-executor-thread-11927#
[PollStageAppStatusExecution] 2d23200b-60aa-4519-b7f8-9f40de7a8ecc [2026-08-25T08:31:31.459247] Deploying "src/gen/data/sap-common-Countries_texts_no.hdbtabledata$0.expand"... (STDOUT, APP/TASK/deploy)#
#2026 08 25 08:48:01.080#Z#DEBUG#9140a271-a061-11f1-b78a-eeee0a986e3f.ResilienceCockpit-db-deployer#flowable-async-job-executor-thread-11927#
[PollStageAppStatusExecution] 2d23200b-60aa-4519-b7f8-9f40de7a8ecc [2026-08-25T08:31:31.459250] Expanded from "src/gen/data/sap-common-Countries_texts_no.hdbtabledata" (STDOUT, APP/TASK/deploy)#
#2026 08 25 08:48:01.080#Z#DEBUG#9140a271-a061-11f1-b78a-eeee0a986e3f.ResilienceCockpit-db-deployer#flowable-async-job-executor-thread-11927#
[PollStageAppStatusExecution] 2d23200b-60aa-4519-b7f8-9f40de7a8ecc [2026-08-25T08:31:31.459252] Inserted 246 records of the data source file "sap-common-Countries_texts_ms.csv" into the target table "SAP_COMMON_COUNTRIES_TEXTS" (STDOUT, APP/TASK/deploy)#
#2026 08 25 08:48:01.080#Z#DEBUG#9140a271-a061-11f1-b78a-eeee0a986e3f.ResilienceCockpit-db-deployer#flowable-async-job-executor-thread-11927#
[PollStageAppStatusExecution] 2d23200b-60aa-4519-b7f8-9f40de7a8ecc [2026-08-25T08:31:31.459266] Deploying "src/gen/data/sap-common-Countries_texts_ms.hdbtabledata$0.expand"... ok (0s 46ms) (STDOUT, APP/TASK/deploy)#
#2026 08 25 08:48:01.080#Z#DEBUG#9140a271-a061-11f1-b78a-eeee0a986e3f.ResilienceCockpit-db-deployer#flowable-async-job-executor-thread-11927#
[PollStageAppStatusExecution] 2d23200b-60aa-4519-b7f8-9f40de7a8ecc [2026-08-25T08:31:31.459269] Deploying "src/gen/data/sap-common-Countries_texts_pl.hdbtabledata$0.expand"... (STDOUT, APP/TASK/deploy)#
#2026 08 25 08:48:01.080#Z#DEBUG#9140a271-a061-11f1-b78a-eeee0a986e3f.ResilienceCockpit-db-deployer#flowable-async-job-executor-thread-11927#
[PollStageAppStatusExecution] 2d23200b-60aa-4519-b7f8-9f40de7a8ecc [2026-08-25T08:31:31.459271] Expanded from "src/gen/data/sap-common-Countries_texts_pl.hdbtabledata" (STDOUT, APP/TASK/deploy)#
#2026 08 25 08:48:01.080#Z#DEBUG#9140a271-a061-11f1-b78a-eeee0a986e3f.ResilienceCockpit-db-deployer#flowable-async-job-executor-thread-11927#
[PollStageAppStatusExecution] 2d23200b-60aa-4519-b7f8-9f40de7a8ecc [2026-08-25T08:31:31.459273] Inserted 246 records of the data source file "sap-common-Countries_texts_nl.csv" into the target table "SAP_COMMON_COUNTRIES_TEXTS" (STDOUT, APP/TASK/deploy)#
#2026 08 25 08:48:01.080#Z#DEBUG#9140a271-a061-11f1-b78a-eeee0a986e3f.ResilienceCockpit-db-deployer#flowable-async-job-executor-thread-11927#
[PollStageAppStatusExecution] 2d23200b-60aa-4519-b7f8-9f40de7a8ecc [2026-08-25T08:31:31.459300] Deploying "src/gen/data/sap-common-Countries_texts_nl.hdbtabledata$0.expand"... ok (0s 46ms) (STDOUT, APP/TASK/deploy)#
#2026 08 25 08:48:01.080#Z#DEBUG#9140a271-a061-11f1-b78a-eeee0a986e3f.ResilienceCockpit-db-deployer#flowable-async-job-executor-thread-11927#
[PollStageAppStatusExecution] 2d23200b-60aa-4519-b7f8-9f40de7a8ecc [2026-08-25T08:31:31.459303] Deploying "src/gen/data/sap-common-Countries_texts_pt.hdbtabledata$0.expand"... (STDOUT, APP/TASK/deploy)#
#2026 08 25 08:48:01.080#Z#DEBUG#9140a271-a061-11f1-b78a-eeee0a986e3f.ResilienceCockpit-db-deployer#flowable-async-job-executor-thread-11927#
[PollStageAppStatusExecution] 2d23200b-60aa-4519-b7f8-9f40de7a8ecc [2026-08-25T08:31:31.459307] Expanded from "src/gen/data/sap-common-Countries_texts_pt.hdbtabledata" (STDOUT, APP/TASK/deploy)#
#2026 08 25 08:48:01.080#Z#DEBUG#9140a271-a061-11f1-b78a-eeee0a986e3f.ResilienceCockpit-db-deployer#flowable-async-job-executor-thread-11927#
[PollStageAppStatusExecution] 2d23200b-60aa-4519-b7f8-9f40de7a8ecc [2026-08-25T08:31:31.459313] Inserted 246 records of the data source file "sap-common-Countries_texts_no.csv" into the target table "SAP_COMMON_COUNTRIES_TEXTS" (STDOUT, APP/TASK/deploy)#
#2026 08 25 08:48:01.080#Z#DEBUG#9140a271-a061-11f1-b78a-eeee0a986e3f.ResilienceCockpit-db-deployer#flowable-async-job-executor-thread-11927#
[PollStageAppStatusExecution] 2d23200b-60aa-4519-b7f8-9f40de7a8ecc [2026-08-25T08:31:31.459315] Deploying "src/gen/data/sap-common-Countries_texts_no.hdbtabledata$0.expand"... ok (0s 42ms) (STDOUT, APP/TASK/deploy)#
#2026 08 25 08:48:01.080#Z#DEBUG#9140a271-a061-11f1-b78a-eeee0a986e3f.ResilienceCockpit-db-deployer#flowable-async-job-executor-thread-11927#
[PollStageAppStatusExecution] 2d23200b-60aa-4519-b7f8-9f40de7a8ecc [2026-08-25T08:31:31.459318] Deploying "src/gen/data/sap-common-Countries_texts_ro.hdbtabledata$0.expand"... (STDOUT, APP/TASK/deploy)#
#2026 08 25 08:48:01.080#Z#DEBUG#9140a271-a061-11f1-b78a-eeee0a986e3f.ResilienceCockpit-db-deployer#flowable-async-job-executor-thread-11927#
[PollStageAppStatusExecution] 2d23200b-60aa-4519-b7f8-9f40de7a8ecc [2026-08-25T08:31:31.459319] Expanded from "src/gen/data/sap-common-Countries_texts_ro.hdbtabledata" (STDOUT, APP/TASK/deploy)#
#2026 08 25 08:48:01.080#Z#DEBUG#9140a271-a061-11f1-b78a-eeee0a986e3f.ResilienceCockpit-db-deployer#flowable-async-job-executor-thread-11927#
[PollStageAppStatusExecution] 2d23200b-60aa-4519-b7f8-9f40de7a8ecc [2026-08-25T08:31:31.459322] Inserted 246 records of the data source file "sap-common-Countries_texts_pl.csv" into the target table "SAP_COMMON_COUNTRIES_TEXTS" (STDOUT, APP/TASK/deploy)#
#2026 08 25 08:48:01.080#Z#DEBUG#9140a271-a061-11f1-b78a-eeee0a986e3f.ResilienceCockpit-db-deployer#flowable-async-job-executor-thread-11927#
[PollStageAppStatusExecution] 2d23200b-60aa-4519-b7f8-9f40de7a8ecc [2026-08-25T08:31:31.459324] Deploying "src/gen/data/sap-common-Countries_texts_pl.hdbtabledata$0.expand"... ok (0s 56ms) (STDOUT, APP/TASK/deploy)#
#2026 08 25 08:48:01.080#Z#DEBUG#9140a271-a061-11f1-b78a-eeee0a986e3f.ResilienceCockpit-db-deployer#flowable-async-job-executor-thread-11927#
[PollStageAppStatusExecution] 2d23200b-60aa-4519-b7f8-9f40de7a8ecc [2026-08-25T08:31:31.459327] Deploying "src/gen/data/sap-common-Countries_texts_ru.hdbtabledata$0.expand"... (STDOUT, APP/TASK/deploy)#
#2026 08 25 08:48:01.080#Z#DEBUG#9140a271-a061-11f1-b78a-eeee0a986e3f.ResilienceCockpit-db-deployer#flowable-async-job-executor-thread-11927#
[PollStageAppStatusExecution] 2d23200b-60aa-4519-b7f8-9f40de7a8ecc [2026-08-25T08:31:31.459333] Expanded from "src/gen/data/sap-common-Countries_texts_ru.hdbtabledata" (STDOUT, APP/TASK/deploy)#
#2026 08 25 08:48:01.080#Z#DEBUG#9140a271-a061-11f1-b78a-eeee0a986e3f.ResilienceCockpit-db-deployer#flowable-async-job-executor-thread-11927#
[PollStageAppStatusExecution] 2d23200b-60aa-4519-b7f8-9f40de7a8ecc [2026-08-25T08:31:31.459335] Inserted 246 records of the data source file "sap-common-Countries_texts_pt.csv" into the target table "SAP_COMMON_COUNTRIES_TEXTS" (STDOUT, APP/TASK/deploy)#
#2026 08 25 08:48:01.080#Z#DEBUG#9140a271-a061-11f1-b78a-eeee0a986e3f.ResilienceCockpit-db-deployer#flowable-async-job-executor-thread-11927#
[PollStageAppStatusExecution] 2d23200b-60aa-4519-b7f8-9f40de7a8ecc [2026-08-25T08:31:31.459337] Deploying "src/gen/data/sap-common-Countries_texts_pt.hdbtabledata$0.expand"... ok (0s 51ms) (STDOUT, APP/TASK/deploy)#
#2026 08 25 08:48:01.080#Z#DEBUG#9140a271-a061-11f1-b78a-eeee0a986e3f.ResilienceCockpit-db-deployer#flowable-async-job-executor-thread-11927#
[PollStageAppStatusExecution] 2d23200b-60aa-4519-b7f8-9f40de7a8ecc [2026-08-25T08:31:31.459339] Deploying "src/gen/data/sap-common-Countries_texts_sh.hdbtabledata$0.expand"... (STDOUT, APP/TASK/deploy)#
#2026 08 25 08:48:01.080#Z#DEBUG#9140a271-a061-11f1-b78a-eeee0a986e3f.ResilienceCockpit-db-deployer#flowable-async-job-executor-thread-11927#
[PollStageAppStatusExecution] 2d23200b-60aa-4519-b7f8-9f40de7a8ecc [2026-08-25T08:31:31.459340] Expanded from "src/gen/data/sap-common-Countries_texts_sh.hdbtabledata" (STDOUT, APP/TASK/deploy)#
#2026 08 25 08:48:01.080#Z#DEBUG#9140a271-a061-11f1-b78a-eeee0a986e3f.ResilienceCockpit-db-deployer#flowable-async-job-executor-thread-11927#
[PollStageAppStatusExecution] 2d23200b-60aa-4519-b7f8-9f40de7a8ecc [2026-08-25T08:31:31.459343] Inserted 246 records of the data source file "sap-common-Countries_texts_ro.csv" into the target table "SAP_COMMON_COUNTRIES_TEXTS" (STDOUT, APP/TASK/deploy)#
#2026 08 25 08:48:01.080#Z#DEBUG#9140a271-a061-11f1-b78a-eeee0a986e3f.ResilienceCockpit-db-deployer#flowable-async-job-executor-thread-11927#
[PollStageAppStatusExecution] 2d23200b-60aa-4519-b7f8-9f40de7a8ecc [2026-08-25T08:31:31.459344] Deploying "src/gen/data/sap-common-Countries_texts_ro.hdbtabledata$0.expand"... ok (0s 54ms) (STDOUT, APP/TASK/deploy)#
#2026 08 25 08:48:01.080#Z#DEBUG#9140a271-a061-11f1-b78a-eeee0a986e3f.ResilienceCockpit-db-deployer#flowable-async-job-executor-thread-11927#
[PollStageAppStatusExecution] 2d23200b-60aa-4519-b7f8-9f40de7a8ecc [2026-08-25T08:31:31.459349] Deploying "src/gen/data/sap-common-Countries_texts_sk.hdbtabledata$0.expand"... (STDOUT, APP/TASK/deploy)#
#2026 08 25 08:48:01.080#Z#DEBUG#9140a271-a061-11f1-b78a-eeee0a986e3f.ResilienceCockpit-db-deployer#flowable-async-job-executor-thread-11927#
[PollStageAppStatusExecution] 2d23200b-60aa-4519-b7f8-9f40de7a8ecc [2026-08-25T08:31:31.459351] Expanded from "src/gen/data/sap-common-Countries_texts_sk.hdbtabledata" (STDOUT, APP/TASK/deploy)#
#2026 08 25 08:48:01.080#Z#DEBUG#9140a271-a061-11f1-b78a-eeee0a986e3f.ResilienceCockpit-db-deployer#flowable-async-job-executor-thread-11927#
[PollStageAppStatusExecution] 2d23200b-60aa-4519-b7f8-9f40de7a8ecc [2026-08-25T08:31:31.459352] Inserted 246 records of the data source file "sap-common-Countries_texts_ru.csv" into the target table "SAP_COMMON_COUNTRIES_TEXTS" (STDOUT, APP/TASK/deploy)#
#2026 08 25 08:48:01.080#Z#DEBUG#9140a271-a061-11f1-b78a-eeee0a986e3f.ResilienceCockpit-db-deployer#flowable-async-job-executor-thread-11927#
[PollStageAppStatusExecution] 2d23200b-60aa-4519-b7f8-9f40de7a8ecc [2026-08-25T08:31:31.459376] Deploying "src/gen/data/sap-common-Countries_texts_ru.hdbtabledata$0.expand"... ok (0s 36ms) (STDOUT, APP/TASK/deploy)#
#2026 08 25 08:48:01.080#Z#DEBUG#9140a271-a061-11f1-b78a-eeee0a986e3f.ResilienceCockpit-db-deployer#flowable-async-job-executor-thread-11927#
[PollStageAppStatusExecution] 2d23200b-60aa-4519-b7f8-9f40de7a8ecc [2026-08-25T08:31:31.459378] Deploying "src/gen/data/sap-common-Countries_texts_sl.hdbtabledata$0.expand"... (STDOUT, APP/TASK/deploy)#
#2026 08 25 08:48:01.080#Z#DEBUG#9140a271-a061-11f1-b78a-eeee0a986e3f.ResilienceCockpit-db-deployer#flowable-async-job-executor-thread-11927#
[PollStageAppStatusExecution] 2d23200b-60aa-4519-b7f8-9f40de7a8ecc [2026-08-25T08:31:31.459380] Expanded from "src/gen/data/sap-common-Countries_texts_sl.hdbtabledata" (STDOUT, APP/TASK/deploy)#
#2026 08 25 08:48:01.080#Z#DEBUG#9140a271-a061-11f1-b78a-eeee0a986e3f.ResilienceCockpit-db-deployer#flowable-async-job-executor-thread-11927#
[PollStageAppStatusExecution] 2d23200b-60aa-4519-b7f8-9f40de7a8ecc [2026-08-25T08:31:31.459381] Inserted 246 records of the data source file "sap-common-Countries_texts_sh.csv" into the target table "SAP_COMMON_COUNTRIES_TEXTS" (STDOUT, APP/TASK/deploy)#
#2026 08 25 08:48:01.080#Z#DEBUG#9140a271-a061-11f1-b78a-eeee0a986e3f.ResilienceCockpit-db-deployer#flowable-async-job-executor-thread-11927#
[PollStageAppStatusExecution] 2d23200b-60aa-4519-b7f8-9f40de7a8ecc [2026-08-25T08:31:31.459387] Deploying "src/gen/data/sap-common-Countries_texts_sh.hdbtabledata$0.expand"... ok (0s 43ms) (STDOUT, APP/TASK/deploy)#
#2026 08 25 08:48:01.080#Z#DEBUG#9140a271-a061-11f1-b78a-eeee0a986e3f.ResilienceCockpit-db-deployer#flowable-async-job-executor-thread-11927#
[PollStageAppStatusExecution] 2d23200b-60aa-4519-b7f8-9f40de7a8ecc [2026-08-25T08:31:31.459389] Deploying "src/gen/data/sap-common-Countries_texts_sv.hdbtabledata$0.expand"... (STDOUT, APP/TASK/deploy)#
#2026 08 25 08:48:01.080#Z#DEBUG#9140a271-a061-11f1-b78a-eeee0a986e3f.ResilienceCockpit-db-deployer#flowable-async-job-executor-thread-11927#
[PollStageAppStatusExecution] 2d23200b-60aa-4519-b7f8-9f40de7a8ecc [2026-08-25T08:31:31.459391] Expanded from "src/gen/data/sap-common-Countries_texts_sv.hdbtabledata" (STDOUT, APP/TASK/deploy)#
#2026 08 25 08:48:01.080#Z#DEBUG#9140a271-a061-11f1-b78a-eeee0a986e3f.ResilienceCockpit-db-deployer#flowable-async-job-executor-thread-11927#
[PollStageAppStatusExecution] 2d23200b-60aa-4519-b7f8-9f40de7a8ecc [2026-08-25T08:31:31.459393] Inserted 246 records of the data source file "sap-common-Countries_texts_sk.csv" into the target table "SAP_COMMON_COUNTRIES_TEXTS" (STDOUT, APP/TASK/deploy)#
#2026 08 25 08:48:01.080#Z#DEBUG#9140a271-a061-11f1-b78a-eeee0a986e3f.ResilienceCockpit-db-deployer#flowable-async-job-executor-thread-11927#
[PollStageAppStatusExecution] 2d23200b-60aa-4519-b7f8-9f40de7a8ecc [2026-08-25T08:31:31.459396] Deploying "src/gen/data/sap-common-Countries_texts_sk.hdbtabledata$0.expand"... ok (0s 38ms) (STDOUT, APP/TASK/deploy)#
#2026 08 25 08:48:01.080#Z#DEBUG#9140a271-a061-11f1-b78a-eeee0a986e3f.ResilienceCockpit-db-deployer#flowable-async-job-executor-thread-11927#
[PollStageAppStatusExecution] 2d23200b-60aa-4519-b7f8-9f40de7a8ecc [2026-08-25T08:31:31.459398] Deploying "src/gen/data/sap-common-Countries_texts_th.hdbtabledata$0.expand"... (STDOUT, APP/TASK/deploy)#
#2026 08 25 08:48:01.080#Z#DEBUG#9140a271-a061-11f1-b78a-eeee0a986e3f.ResilienceCockpit-db-deployer#flowable-async-job-executor-thread-11927#
[PollStageAppStatusExecution] 2d23200b-60aa-4519-b7f8-9f40de7a8ecc [2026-08-25T08:31:31.459400] Expanded from "src/gen/data/sap-common-Countries_texts_th.hdbtabledata" (STDOUT, APP/TASK/deploy)#
#2026 08 25 08:48:01.080#Z#DEBUG#9140a271-a061-11f1-b78a-eeee0a986e3f.ResilienceCockpit-db-deployer#flowable-async-job-executor-thread-11927#
[PollStageAppStatusExecution] 2d23200b-60aa-4519-b7f8-9f40de7a8ecc [2026-08-25T08:31:31.459405] Inserted 246 records of the data source file "sap-common-Countries_texts_sl.csv" into the target table "SAP_COMMON_COUNTRIES_TEXTS" (STDOUT, APP/TASK/deploy)#
#2026 08 25 08:48:01.080#Z#DEBUG#9140a271-a061-11f1-b78a-eeee0a986e3f.ResilienceCockpit-db-deployer#flowable-async-job-executor-thread-11927#
[PollStageAppStatusExecution] 2d23200b-60aa-4519-b7f8-9f40de7a8ecc [2026-08-25T08:31:31.459431] Deploying "src/gen/data/sap-common-Countries_texts_sl.hdbtabledata$0.expand"... ok (0s 32ms) (STDOUT, APP/TASK/deploy)#
#2026 08 25 08:48:01.080#Z#DEBUG#9140a271-a061-11f1-b78a-eeee0a986e3f.ResilienceCockpit-db-deployer#flowable-async-job-executor-thread-11927#
[PollStageAppStatusExecution] 2d23200b-60aa-4519-b7f8-9f40de7a8ecc [2026-08-25T08:31:31.459434] Deploying "src/gen/data/sap-common-Countries_texts_tr.hdbtabledata$0.expand"... (STDOUT, APP/TASK/deploy)#
#2026 08 25 08:48:01.080#Z#DEBUG#9140a271-a061-11f1-b78a-eeee0a986e3f.ResilienceCockpit-db-deployer#flowable-async-job-executor-thread-11927#
[PollStageAppStatusExecution] 2d23200b-60aa-4519-b7f8-9f40de7a8ecc [2026-08-25T08:31:31.459436] Expanded from "src/gen/data/sap-common-Countries_texts_tr.hdbtabledata" (STDOUT, APP/TASK/deploy)#
#2026 08 25 08:48:01.080#Z#DEBUG#9140a271-a061-11f1-b78a-eeee0a986e3f.ResilienceCockpit-db-deployer#flowable-async-job-executor-thread-11927#
[PollStageAppStatusExecution] 2d23200b-60aa-4519-b7f8-9f40de7a8ecc [2026-08-25T08:31:31.459438] Inserted 246 records of the data source file "sap-common-Countries_texts_sv.csv" into the target table "SAP_COMMON_COUNTRIES_TEXTS" (STDOUT, APP/TASK/deploy)#
#2026 08 25 08:48:01.080#Z#DEBUG#9140a271-a061-11f1-b78a-eeee0a986e3f.ResilienceCockpit-db-deployer#flowable-async-job-executor-thread-11927#
[PollStageAppStatusExecution] 2d23200b-60aa-4519-b7f8-9f40de7a8ecc [2026-08-25T08:31:31.459440] Deploying "src/gen/data/sap-common-Countries_texts_sv.hdbtabledata$0.expand"... ok (0s 33ms) (STDOUT, APP/TASK/deploy)#
#2026 08 25 08:48:01.080#Z#DEBUG#9140a271-a061-11f1-b78a-eeee0a986e3f.ResilienceCockpit-db-deployer#flowable-async-job-executor-thread-11927#
[PollStageAppStatusExecution] 2d23200b-60aa-4519-b7f8-9f40de7a8ecc [2026-08-25T08:31:31.459442] Deploying "src/gen/data/sap-common-Countries_texts_uk.hdbtabledata$0.expand"... (STDOUT, APP/TASK/deploy)#
#2026 08 25 08:48:01.080#Z#DEBUG#9140a271-a061-11f1-b78a-eeee0a986e3f.ResilienceCockpit-db-deployer#flowable-async-job-executor-thread-11927#
[PollStageAppStatusExecution] 2d23200b-60aa-4519-b7f8-9f40de7a8ecc [2026-08-25T08:31:31.459447] Expanded from "src/gen/data/sap-common-Countries_texts_uk.hdbtabledata" (STDOUT, APP/TASK/deploy)#
#2026 08 25 08:48:01.080#Z#DEBUG#9140a271-a061-11f1-b78a-eeee0a986e3f.ResilienceCockpit-db-deployer#flowable-async-job-executor-thread-11927#
[PollStageAppStatusExecution] 2d23200b-60aa-4519-b7f8-9f40de7a8ecc [2026-08-25T08:31:31.459450] Inserted 246 records of the data source file "sap-common-Countries_texts_th.csv" into the target table "SAP_COMMON_COUNTRIES_TEXTS" (STDOUT, APP/TASK/deploy)#
#2026 08 25 08:48:01.080#Z#DEBUG#9140a271-a061-11f1-b78a-eeee0a986e3f.ResilienceCockpit-db-deployer#flowable-async-job-executor-thread-11927#
[PollStageAppStatusExecution] 2d23200b-60aa-4519-b7f8-9f40de7a8ecc [2026-08-25T08:31:31.459451] Deploying "src/gen/data/sap-common-Countries_texts_th.hdbtabledata$0.expand"... ok (0s 41ms) (STDOUT, APP/TASK/deploy)#
#2026 08 25 08:48:01.080#Z#DEBUG#9140a271-a061-11f1-b78a-eeee0a986e3f.ResilienceCockpit-db-deployer#flowable-async-job-executor-thread-11927#
[PollStageAppStatusExecution] 2d23200b-60aa-4519-b7f8-9f40de7a8ecc [2026-08-25T08:31:31.459453] Deploying "src/gen/data/sap-common-Countries_texts_zh_CN.hdbtabledata$0.expand"... (STDOUT, APP/TASK/deploy)#
#2026 08 25 08:48:01.080#Z#DEBUG#9140a271-a061-11f1-b78a-eeee0a986e3f.ResilienceCockpit-db-deployer#flowable-async-job-executor-thread-11927#
[PollStageAppStatusExecution] 2d23200b-60aa-4519-b7f8-9f40de7a8ecc [2026-08-25T08:31:31.459455] Expanded from "src/gen/data/sap-common-Countries_texts_zh_CN.hdbtabledata" (STDOUT, APP/TASK/deploy)#
#2026 08 25 08:48:01.080#Z#DEBUG#9140a271-a061-11f1-b78a-eeee0a986e3f.ResilienceCockpit-db-deployer#flowable-async-job-executor-thread-11927#
[PollStageAppStatusExecution] 2d23200b-60aa-4519-b7f8-9f40de7a8ecc [2026-08-25T08:31:31.459457] Inserted 246 records of the data source file "sap-common-Countries_texts_tr.csv" into the target table "SAP_COMMON_COUNTRIES_TEXTS" (STDOUT, APP/TASK/deploy)#
#2026 08 25 08:48:01.080#Z#DEBUG#9140a271-a061-11f1-b78a-eeee0a986e3f.ResilienceCockpit-db-deployer#flowable-async-job-executor-thread-11927#
[PollStageAppStatusExecution] 2d23200b-60aa-4519-b7f8-9f40de7a8ecc [2026-08-25T08:31:31.459459] Deploying "src/gen/data/sap-common-Countries_texts_tr.hdbtabledata$0.expand"... ok (0s 41ms) (STDOUT, APP/TASK/deploy)#
#2026 08 25 08:48:01.080#Z#DEBUG#9140a271-a061-11f1-b78a-eeee0a986e3f.ResilienceCockpit-db-deployer#flowable-async-job-executor-thread-11927#
[PollStageAppStatusExecution] 2d23200b-60aa-4519-b7f8-9f40de7a8ecc [2026-08-25T08:31:31.459466] Deploying "src/gen/data/sap-common-Countries_texts_zh_TW.hdbtabledata$0.expand"... (STDOUT, APP/TASK/deploy)#
#2026 08 25 08:48:01.080#Z#DEBUG#9140a271-a061-11f1-b78a-eeee0a986e3f.ResilienceCockpit-db-deployer#flowable-async-job-executor-thread-11927#
[PollStageAppStatusExecution] 2d23200b-60aa-4519-b7f8-9f40de7a8ecc [2026-08-25T08:31:31.459469] Expanded from "src/gen/data/sap-common-Countries_texts_zh_TW.hdbtabledata" (STDOUT, APP/TASK/deploy)#
#2026 08 25 08:48:01.080#Z#DEBUG#9140a271-a061-11f1-b78a-eeee0a986e3f.ResilienceCockpit-db-deployer#flowable-async-job-executor-thread-11927#
[PollStageAppStatusExecution] 2d23200b-60aa-4519-b7f8-9f40de7a8ecc [2026-08-25T08:31:31.459498] Inserted 246 records of the data source file "sap-common-Countries_texts_uk.csv" into the target table "SAP_COMMON_COUNTRIES_TEXTS" (STDOUT, APP/TASK/deploy)#
#2026 08 25 08:48:01.080#Z#DEBUG#9140a271-a061-11f1-b78a-eeee0a986e3f.ResilienceCockpit-db-deployer#flowable-async-job-executor-thread-11927#
[PollStageAppStatusExecution] 2d23200b-60aa-4519-b7f8-9f40de7a8ecc [2026-08-25T08:31:31.459501] Deploying "src/gen/data/sap-common-Countries_texts_uk.hdbtabledata$0.expand"... ok (0s 40ms) (STDOUT, APP/TASK/deploy)#
#2026 08 25 08:48:01.080#Z#DEBUG#9140a271-a061-11f1-b78a-eeee0a986e3f.ResilienceCockpit-db-deployer#flowable-async-job-executor-thread-11927#
[PollStageAppStatusExecution] 2d23200b-60aa-4519-b7f8-9f40de7a8ecc [2026-08-25T08:31:31.459502] Deploying "src/gen/ResilienceCockpitService.AlternativeMaterials.hdbview"... (STDOUT, APP/TASK/deploy)#
#2026 08 25 08:48:01.080#Z#DEBUG#9140a271-a061-11f1-b78a-eeee0a986e3f.ResilienceCockpit-db-deployer#flowable-async-job-executor-thread-11927#
[PollStageAppStatusExecution] 2d23200b-60aa-4519-b7f8-9f40de7a8ecc [2026-08-25T08:31:31.459505] Deploying "src/gen/ResilienceCockpitService.AlternativeMaterials.hdbview"... ok (0s 17ms) (STDOUT, APP/TASK/deploy)#
#2026 08 25 08:48:01.080#Z#DEBUG#9140a271-a061-11f1-b78a-eeee0a986e3f.ResilienceCockpit-db-deployer#flowable-async-job-executor-thread-11927#
[PollStageAppStatusExecution] 2d23200b-60aa-4519-b7f8-9f40de7a8ecc [2026-08-25T08:31:31.459509] Deploying "src/gen/ResilienceCockpitService.AlternateSuppliers.hdbview"... (STDOUT, APP/TASK/deploy)#
#2026 08 25 08:48:01.080#Z#DEBUG#9140a271-a061-11f1-b78a-eeee0a986e3f.ResilienceCockpit-db-deployer#flowable-async-job-executor-thread-11927#
[PollStageAppStatusExecution] 2d23200b-60aa-4519-b7f8-9f40de7a8ecc [2026-08-25T08:31:31.459516] Deploying "src/gen/ResilienceCockpitService.AlternateSuppliers.hdbview"... ok (0s 34ms) (STDOUT, APP/TASK/deploy)#
#2026 08 25 08:48:01.080#Z#DEBUG#9140a271-a061-11f1-b78a-eeee0a986e3f.ResilienceCockpit-db-deployer#flowable-async-job-executor-thread-11927#
[PollStageAppStatusExecution] 2d23200b-60aa-4519-b7f8-9f40de7a8ecc [2026-08-25T08:31:31.459517] Deploying "src/gen/ResilienceCockpitService.Countries.hdbview"... (STDOUT, APP/TASK/deploy)#
#2026 08 25 08:48:01.080#Z#DEBUG#9140a271-a061-11f1-b78a-eeee0a986e3f.ResilienceCockpit-db-deployer#flowable-async-job-executor-thread-11927#
[PollStageAppStatusExecution] 2d23200b-60aa-4519-b7f8-9f40de7a8ecc [2026-08-25T08:31:31.459519] Inserted 246 records of the data source file "sap-common-Countries_texts_zh_CN.csv" into the target table "SAP_COMMON_COUNTRIES_TEXTS" (STDOUT, APP/TASK/deploy)#
#2026 08 25 08:48:01.080#Z#DEBUG#9140a271-a061-11f1-b78a-eeee0a986e3f.ResilienceCockpit-db-deployer#flowable-async-job-executor-thread-11927#
[PollStageAppStatusExecution] 2d23200b-60aa-4519-b7f8-9f40de7a8ecc [2026-08-25T08:31:31.459522] Deploying "src/gen/data/sap-common-Countries_texts_zh_CN.hdbtabledata$0.expand"... ok (0s 80ms) (STDOUT, APP/TASK/deploy)#
#2026 08 25 08:48:01.080#Z#DEBUG#9140a271-a061-11f1-b78a-eeee0a986e3f.ResilienceCockpit-db-deployer#flowable-async-job-executor-thread-11927#
[PollStageAppStatusExecution] 2d23200b-60aa-4519-b7f8-9f40de7a8ecc [2026-08-25T08:31:31.459526] Deploying "src/gen/ResilienceCockpitService.SupplierMaterials.hdbview"... (STDOUT, APP/TASK/deploy)#
#2026 08 25 08:48:01.080#Z#DEBUG#9140a271-a061-11f1-b78a-eeee0a986e3f.ResilienceCockpit-db-deployer#flowable-async-job-executor-thread-11927#
[PollStageAppStatusExecution] 2d23200b-60aa-4519-b7f8-9f40de7a8ecc [2026-08-25T08:31:31.459528] Inserted 246 records of the data source file "sap-common-Countries_texts_zh_TW.csv" into the target table "SAP_COMMON_COUNTRIES_TEXTS" (STDOUT, APP/TASK/deploy)#
#2026 08 25 08:48:01.080#Z#DEBUG#9140a271-a061-11f1-b78a-eeee0a986e3f.ResilienceCockpit-db-deployer#flowable-async-job-executor-thread-11927#
[PollStageAppStatusExecution] 2d23200b-60aa-4519-b7f8-9f40de7a8ecc [2026-08-25T08:31:31.459530] Deploying "src/gen/data/sap-common-Countries_texts_zh_TW.hdbtabledata$0.expand"... ok (0s 85ms) (STDOUT, APP/TASK/deploy)#
#2026 08 25 08:48:01.080#Z#DEBUG#9140a271-a061-11f1-b78a-eeee0a986e3f.ResilienceCockpit-db-deployer#flowable-async-job-executor-thread-11927#
[PollStageAppStatusExecution] 2d23200b-60aa-4519-b7f8-9f40de7a8ecc [2026-08-25T08:31:31.459535] Deploying "src/gen/ResilienceCockpitService.Countries_texts.hdbview"... (STDOUT, APP/TASK/deploy)#
#2026 08 25 08:48:01.080#Z#DEBUG#9140a271-a061-11f1-b78a-eeee0a986e3f.ResilienceCockpit-db-deployer#flowable-async-job-executor-thread-11927#
[PollStageAppStatusExecution] 2d23200b-60aa-4519-b7f8-9f40de7a8ecc [2026-08-25T08:31:31.459537] Deploying "src/gen/ResilienceCockpitService.Countries.hdbview"... ok (0s 29ms) (STDOUT, APP/TASK/deploy)#
#2026 08 25 08:48:01.080#Z#DEBUG#9140a271-a061-11f1-b78a-eeee0a986e3f.ResilienceCockpit-db-deployer#flowable-async-job-executor-thread-11927#
[PollStageAppStatusExecution] 2d23200b-60aa-4519-b7f8-9f40de7a8ecc [2026-08-25T08:31:31.459539] Deploying "src/gen/localized.sap.common.Countries.hdbview"... (STDOUT, APP/TASK/deploy)#
#2026 08 25 08:48:01.080#Z#DEBUG#9140a271-a061-11f1-b78a-eeee0a986e3f.ResilienceCockpit-db-deployer#flowable-async-job-executor-thread-11927#
[PollStageAppStatusExecution] 2d23200b-60aa-4519-b7f8-9f40de7a8ecc [2026-08-25T08:31:31.459541] Deploying "src/gen/ResilienceCockpitService.SupplierMaterials.hdbview"... ok (0s 37ms) (STDOUT, APP/TASK/deploy)#
#2026 08 25 08:48:01.080#Z#DEBUG#9140a271-a061-11f1-b78a-eeee0a986e3f.ResilienceCockpit-db-deployer#flowable-async-job-executor-thread-11927#
[PollStageAppStatusExecution] 2d23200b-60aa-4519-b7f8-9f40de7a8ecc [2026-08-25T08:31:31.459543] Deploying "src/gen/ResilienceCockpitService.Countries_texts.hdbview"... ok (0s 35ms) (STDOUT, APP/TASK/deploy)#
#2026 08 25 08:48:01.080#Z#DEBUG#9140a271-a061-11f1-b78a-eeee0a986e3f.ResilienceCockpit-db-deployer#flowable-async-job-executor-thread-11927#
[PollStageAppStatusExecution] 2d23200b-60aa-4519-b7f8-9f40de7a8ecc [2026-08-25T08:31:31.459559] Deploying "src/gen/localized.sap.common.Countries.hdbview"... ok (0s 23ms) (STDOUT, APP/TASK/deploy)#
#2026 08 25 08:48:01.080#Z#DEBUG#9140a271-a061-11f1-b78a-eeee0a986e3f.ResilienceCockpit-db-deployer#flowable-async-job-executor-thread-11927#
[PollStageAppStatusExecution] 2d23200b-60aa-4519-b7f8-9f40de7a8ecc [2026-08-25T08:31:31.459562] Deploying "src/gen/localized.ResilienceCockpitService.Countries.hdbview"... (STDOUT, APP/TASK/deploy)#
#2026 08 25 08:48:01.080#Z#DEBUG#9140a271-a061-11f1-b78a-eeee0a986e3f.ResilienceCockpit-db-deployer#flowable-async-job-executor-thread-11927#
[PollStageAppStatusExecution] 2d23200b-60aa-4519-b7f8-9f40de7a8ecc [2026-08-25T08:31:31.459570] Deploying "src/gen/localized.ResilienceCockpitService.Countries.hdbview"... ok (0s 18ms) (STDOUT, APP/TASK/deploy)#
#2026 08 25 08:48:01.080#Z#DEBUG#9140a271-a061-11f1-b78a-eeee0a986e3f.ResilienceCockpit-db-deployer#flowable-async-job-executor-thread-11927#
[PollStageAppStatusExecution] 2d23200b-60aa-4519-b7f8-9f40de7a8ecc [2026-08-25T08:31:31.459572] Processing work list... ok (1s 608ms) (STDOUT, APP/TASK/deploy)#
#2026 08 25 08:48:01.080#Z#DEBUG#9140a271-a061-11f1-b78a-eeee0a986e3f.ResilienceCockpit-db-deployer#flowable-async-job-executor-thread-11927#
[PollStageAppStatusExecution] 2d23200b-60aa-4519-b7f8-9f40de7a8ecc [2026-08-25T08:31:31.459575] Finalizing... (STDOUT, APP/TASK/deploy)#
#2026 08 25 08:48:01.081#Z#DEBUG#9140a271-a061-11f1-b78a-eeee0a986e3f.ResilienceCockpit-db-deployer#flowable-async-job-executor-thread-11927#
[PollStageAppStatusExecution] 2d23200b-60aa-4519-b7f8-9f40de7a8ecc [2026-08-25T08:31:31.459578] Finalizing... ok (0s 183ms) (STDOUT, APP/TASK/deploy)#
#2026 08 25 08:48:01.081#Z#DEBUG#9140a271-a061-11f1-b78a-eeee0a986e3f.ResilienceCockpit-db-deployer#flowable-async-job-executor-thread-11927#
[PollStageAppStatusExecution] 2d23200b-60aa-4519-b7f8-9f40de7a8ecc [2026-08-25T08:31:31.459582] Make succeeded (0 warnings): 100 files deployed (effective 140), 0 files undeployed (effective 0), 0 dependent files redeployed (STDOUT, APP/TASK/deploy)#
#2026 08 25 08:48:01.081#Z#DEBUG#9140a271-a061-11f1-b78a-eeee0a986e3f.ResilienceCockpit-db-deployer#flowable-async-job-executor-thread-11927#
[PollStageAppStatusExecution] 2d23200b-60aa-4519-b7f8-9f40de7a8ecc [2026-08-25T08:31:31.459583] Making... ok (3s 633ms) (STDOUT, APP/TASK/deploy)#
#2026 08 25 08:48:01.081#Z#DEBUG#9140a271-a061-11f1-b78a-eeee0a986e3f.ResilienceCockpit-db-deployer#flowable-async-job-executor-thread-11927#
[PollStageAppStatusExecution] 2d23200b-60aa-4519-b7f8-9f40de7a8ecc [2026-08-25T08:31:31.459585] Enabling table replication for the container schema "8697B1A4A8B84AC49EFF171810969752"... (STDOUT, APP/TASK/deploy)#
#2026 08 25 08:48:01.081#Z#DEBUG#9140a271-a061-11f1-b78a-eeee0a986e3f.ResilienceCockpit-db-deployer#flowable-async-job-executor-thread-11927#
[PollStageAppStatusExecution] 2d23200b-60aa-4519-b7f8-9f40de7a8ecc [2026-08-25T08:31:31.459591] Enabling table replication for the container schema "8697B1A4A8B84AC49EFF171810969752"... ok (0s 10ms) (STDOUT, APP/TASK/deploy)#
#2026 08 25 08:48:01.081#Z#DEBUG#9140a271-a061-11f1-b78a-eeee0a986e3f.ResilienceCockpit-db-deployer#flowable-async-job-executor-thread-11927#
[PollStageAppStatusExecution] 2d23200b-60aa-4519-b7f8-9f40de7a8ecc [2026-08-25T08:31:31.459593] Starting make in the container "8697B1A4A8B84AC49EFF171810969752" with 100 files to deploy, 0 files to undeploy... ok (3s 706ms) (STDOUT, APP/TASK/deploy)#
#2026 08 25 08:48:01.081#Z#DEBUG#9140a271-a061-11f1-b78a-eeee0a986e3f.ResilienceCockpit-db-deployer#flowable-async-job-executor-thread-11927#
[PollStageAppStatusExecution] 2d23200b-60aa-4519-b7f8-9f40de7a8ecc [2026-08-25T08:31:31.459605] Deploying to the container "8697B1A4A8B84AC49EFF171810969752"... ok (4s 319ms) (STDOUT, APP/TASK/deploy)#
#2026 08 25 08:48:01.081#Z#DEBUG#9140a271-a061-11f1-b78a-eeee0a986e3f.ResilienceCockpit-db-deployer#flowable-async-job-executor-thread-11927#
[PollStageAppStatusExecution] 2d23200b-60aa-4519-b7f8-9f40de7a8ecc [2026-08-25T08:31:31.459818] No default-access-role handling needed; global role "8697B1A4A8B84AC49EFF171810969752::access_role" will not be adapted (STDOUT, APP/TASK/deploy)#
#2026 08 25 08:48:01.081#Z#DEBUG#9140a271-a061-11f1-b78a-eeee0a986e3f.ResilienceCockpit-db-deployer#flowable-async-job-executor-thread-11927#
[PollStageAppStatusExecution] 2d23200b-60aa-4519-b7f8-9f40de7a8ecc [2026-08-25T08:31:31.459887] Unlocking the container "8697B1A4A8B84AC49EFF171810969752"... (STDOUT, APP/TASK/deploy)#
#2026 08 25 08:48:01.081#Z#DEBUG#9140a271-a061-11f1-b78a-eeee0a986e3f.ResilienceCockpit-db-deployer#flowable-async-job-executor-thread-11927#
[PollStageAppStatusExecution] 2d23200b-60aa-4519-b7f8-9f40de7a8ecc [2026-08-25T08:31:31.460056] Unlocking the container "8697B1A4A8B84AC49EFF171810969752"... ok (0s 0ms) (STDOUT, APP/TASK/deploy)#
#2026 08 25 08:48:01.081#Z#DEBUG#9140a271-a061-11f1-b78a-eeee0a986e3f.ResilienceCockpit-db-deployer#flowable-async-job-executor-thread-11927#
[PollStageAppStatusExecution] 2d23200b-60aa-4519-b7f8-9f40de7a8ecc [2026-08-25T08:31:31.460121] Deployment to container 8697B1A4A8B84AC49EFF171810969752 done [Deployment ID: none]. (STDOUT, APP/TASK/deploy)#
#2026 08 25 08:48:01.081#Z#DEBUG#9140a271-a061-11f1-b78a-eeee0a986e3f.ResilienceCockpit-db-deployer#flowable-async-job-executor-thread-11927#
[PollStageAppStatusExecution] 2d23200b-60aa-4519-b7f8-9f40de7a8ecc [2026-08-25T08:31:31.460387] Deployment ended at 2026-08-25 08:31:31 (STDOUT, APP/TASK/deploy)#
#2026 08 25 08:48:01.081#Z#DEBUG#9140a271-a061-11f1-b78a-eeee0a986e3f.ResilienceCockpit-db-deployer#flowable-async-job-executor-thread-11927#
[PollStageAppStatusExecution] 2d23200b-60aa-4519-b7f8-9f40de7a8ecc [2026-08-25T08:31:31.460616] (6s 482ms) (STDOUT, APP/TASK/deploy)#
#2026 08 25 08:48:01.081#Z#DEBUG#9140a271-a061-11f1-b78a-eeee0a986e3f.ResilienceCockpit-db-deployer#flowable-async-job-executor-thread-11927#
[PollStageAppStatusExecution] 2d23200b-60aa-4519-b7f8-9f40de7a8ecc [2026-08-25T08:31:31.471117] npm notice (STDERR, APP/TASK/deploy)#
#2026 08 25 08:48:01.081#Z#DEBUG#9140a271-a061-11f1-b78a-eeee0a986e3f.ResilienceCockpit-db-deployer#flowable-async-job-executor-thread-11927#
[PollStageAppStatusExecution] 2d23200b-60aa-4519-b7f8-9f40de7a8ecc [2026-08-25T08:31:31.471138] npm notice New major version of npm available! 11.16.0 -> 12.0.2 (STDERR, APP/TASK/deploy)#
#2026 08 25 08:48:01.081#Z#DEBUG#9140a271-a061-11f1-b78a-eeee0a986e3f.ResilienceCockpit-db-deployer#flowable-async-job-executor-thread-11927#
[PollStageAppStatusExecution] 2d23200b-60aa-4519-b7f8-9f40de7a8ecc [2026-08-25T08:31:31.471143] npm notice Changelog: https://github.com/npm/cli/releases/tag/v12.0.2 (STDERR, APP/TASK/deploy)#
#2026 08 25 08:48:01.081#Z#DEBUG#9140a271-a061-11f1-b78a-eeee0a986e3f.ResilienceCockpit-db-deployer#flowable-async-job-executor-thread-11927#
[PollStageAppStatusExecution] 2d23200b-60aa-4519-b7f8-9f40de7a8ecc [2026-08-25T08:31:31.471147] npm notice To update run: npm install -g npm@12.0.2 (STDERR, APP/TASK/deploy)#
#2026 08 25 08:48:01.081#Z#DEBUG#9140a271-a061-11f1-b78a-eeee0a986e3f.ResilienceCockpit-db-deployer#flowable-async-job-executor-thread-11927#
[PollStageAppStatusExecution] 2d23200b-60aa-4519-b7f8-9f40de7a8ecc [2026-08-25T08:31:31.471152] npm notice (STDERR, APP/TASK/deploy)#
#2026 08 25 08:48:01.081#Z#DEBUG#9140a271-a061-11f1-b78a-eeee0a986e3f.ResilienceCockpit-db-deployer#flowable-async-job-executor-thread-11927#
[PollStageAppStatusExecution] 2d23200b-60aa-4519-b7f8-9f40de7a8ecc [2026-08-25T08:31:31.519170] Exit status 0 (STDOUT, APP/TASK/deploy)#
#2026 08 25 08:48:01.081#Z#DEBUG#9140a271-a061-11f1-b78a-eeee0a986e3f.ResilienceCockpit-db-deployer#flowable-async-job-executor-thread-11927#
[PollStageAppStatusExecution] 2d23200b-60aa-4519-b7f8-9f40de7a8ecc [2026-08-25T08:31:32.253698] Cell 13752499-11e5-4ce9-a7df-2188d5ab1e0d stopping instance 566f5328-b580-4b01-b524-877683a9bd34 (STDOUT, CELL)#
#2026 08 25 08:48:01.081#Z#DEBUG#9140a271-a061-11f1-b78a-eeee0a986e3f.ResilienceCockpit-db-deployer#flowable-async-job-executor-thread-11927#
[PollStageAppStatusExecution] 2d23200b-60aa-4519-b7f8-9f40de7a8ecc [2026-08-25T08:31:32.253782] Cell 13752499-11e5-4ce9-a7df-2188d5ab1e0d destroying container for instance 566f5328-b580-4b01-b524-877683a9bd34 (STDOUT, CELL)#
#2026 08 25 08:48:01.081#Z#DEBUG#9140a271-a061-11f1-b78a-eeee0a986e3f.ResilienceCockpit-db-deployer#flowable-async-job-executor-thread-11927#
[PollStageAppStatusExecution] 2d23200b-60aa-4519-b7f8-9f40de7a8ecc [2026-08-25T08:31:34.205065] Cell 13752499-11e5-4ce9-a7df-2188d5ab1e0d successfully destroyed container for instance 566f5328-b580-4b01-b524-877683a9bd34 (STDOUT, CELL)#
#2026 08 25 08:48:01.081#Z#DEBUG#9140a271-a061-11f1-b78a-eeee0a986e3f.ResilienceCockpit-db-deployer#flowable-async-job-executor-thread-11927#
[PollStageAppStatusExecution] 2d23200b-60aa-4519-b7f8-9f40de7a8ecc [2026-08-25T08:47:32.342799] Updated app with guid 2d23200b-60aa-4519-b7f8-9f40de7a8ecc ({"lifecycle"=>{"data"=>{"buildpacks"=>["nodejs_buildpack"]}, "type"=>"buildpack"}}) (STDOUT, API)#
#2026 08 25 08:48:01.081#Z#DEBUG#9140a271-a061-11f1-b78a-eeee0a986e3f.ResilienceCockpit-db-deployer#flowable-async-job-executor-thread-11927#
[PollStageAppStatusExecution] 2d23200b-60aa-4519-b7f8-9f40de7a8ecc [2026-08-25T08:47:32.416683] Updating process: "web" (STDOUT, API)#
#2026 08 25 08:48:01.081#Z#DEBUG#9140a271-a061-11f1-b78a-eeee0a986e3f.ResilienceCockpit-db-deployer#flowable-async-job-executor-thread-11927#
[PollStageAppStatusExecution] 2d23200b-60aa-4519-b7f8-9f40de7a8ecc [2026-08-25T08:47:41.167187] Uploading app package for app with guid 2d23200b-60aa-4519-b7f8-9f40de7a8ecc (STDOUT, API)#
#2026 08 25 08:48:01.081#Z#DEBUG#9140a271-a061-11f1-b78a-eeee0a986e3f.ResilienceCockpit-db-deployer#flowable-async-job-executor-thread-11927#
[PollStageAppStatusExecution] 2d23200b-60aa-4519-b7f8-9f40de7a8ecc [2026-08-25T08:47:41.330308] Updated app with guid 2d23200b-60aa-4519-b7f8-9f40de7a8ecc ({"environment_variables"=>"[PRIVATE DATA HIDDEN]"}) (STDOUT, API)#
#2026 08 25 08:48:01.081#Z#DEBUG#9140a271-a061-11f1-b78a-eeee0a986e3f.ResilienceCockpit-db-deployer#flowable-async-job-executor-thread-11927#
[PollStageAppStatusExecution] 2d23200b-60aa-4519-b7f8-9f40de7a8ecc [2026-08-25T08:47:51.207912] Creating build for app with guid 2d23200b-60aa-4519-b7f8-9f40de7a8ecc (STDOUT, API)#
#2026 08 25 08:48:01.081#Z#DEBUG#9140a271-a061-11f1-b78a-eeee0a986e3f.ResilienceCockpit-db-deployer#flowable-async-job-executor-thread-11927#
[PollStageAppStatusExecution] 2d23200b-60aa-4519-b7f8-9f40de7a8ecc [2026-08-25T08:47:51.523787] Downloading nodejs_buildpack... (STDOUT, STG)#
#2026 08 25 08:48:01.081#Z#DEBUG#9140a271-a061-11f1-b78a-eeee0a986e3f.ResilienceCockpit-db-deployer#flowable-async-job-executor-thread-11927#
[PollStageAppStatusExecution] 2d23200b-60aa-4519-b7f8-9f40de7a8ecc [2026-08-25T08:47:51.558302] Downloaded nodejs_buildpack (STDOUT, STG)#
#2026 08 25 08:48:01.081#Z#DEBUG#9140a271-a061-11f1-b78a-eeee0a986e3f.ResilienceCockpit-db-deployer#flowable-async-job-executor-thread-11927#
[PollStageAppStatusExecution] 2d23200b-60aa-4519-b7f8-9f40de7a8ecc [2026-08-25T08:47:51.558386] Cell 2cba0a63-a06b-4c2d-9ff8-cb3bec259489 creating container for instance a5f5b43d-9b95-439a-8e8d-ed06b9cccd71 (STDOUT, STG)#
#2026 08 25 08:48:01.081#Z#DEBUG#9140a271-a061-11f1-b78a-eeee0a986e3f.ResilienceCockpit-db-deployer#flowable-async-job-executor-thread-11927#
[PollStageAppStatusExecution] 2d23200b-60aa-4519-b7f8-9f40de7a8ecc [2026-08-25T08:47:51.845307] Security group rules were updated (STDOUT, STG)#
#2026 08 25 08:48:01.081#Z#DEBUG#9140a271-a061-11f1-b78a-eeee0a986e3f.ResilienceCockpit-db-deployer#flowable-async-job-executor-thread-11927#
[PollStageAppStatusExecution] 2d23200b-60aa-4519-b7f8-9f40de7a8ecc [2026-08-25T08:47:51.895968] Cell 2cba0a63-a06b-4c2d-9ff8-cb3bec259489 successfully created container for instance a5f5b43d-9b95-439a-8e8d-ed06b9cccd71 (STDOUT, STG)#
#2026 08 25 08:48:01.081#Z#DEBUG#9140a271-a061-11f1-b78a-eeee0a986e3f.ResilienceCockpit-db-deployer#flowable-async-job-executor-thread-11927#
[PollStageAppStatusExecution] 2d23200b-60aa-4519-b7f8-9f40de7a8ecc [2026-08-25T08:47:52.160290] Downloading app package... (STDOUT, STG)#
#2026 08 25 08:48:01.081#Z#DEBUG#9140a271-a061-11f1-b78a-eeee0a986e3f.ResilienceCockpit-db-deployer#flowable-async-job-executor-thread-11927#
[PollStageAppStatusExecution] 2d23200b-60aa-4519-b7f8-9f40de7a8ecc [2026-08-25T08:47:52.160318] Downloading build artifacts cache... (STDOUT, STG)#
#2026 08 25 08:48:01.081#Z#DEBUG#9140a271-a061-11f1-b78a-eeee0a986e3f.ResilienceCockpit-db-deployer#flowable-async-job-executor-thread-11927#
[PollStageAppStatusExecution] 2d23200b-60aa-4519-b7f8-9f40de7a8ecc [2026-08-25T08:47:52.225433] Downloaded build artifacts cache (218B) (STDOUT, STG)#
#2026 08 25 08:48:01.081#Z#DEBUG#9140a271-a061-11f1-b78a-eeee0a986e3f.ResilienceCockpit-db-deployer#flowable-async-job-executor-thread-11927#
[PollStageAppStatusExecution] 2d23200b-60aa-4519-b7f8-9f40de7a8ecc [2026-08-25T08:47:52.380777] Downloaded app package (2.5M) (STDOUT, STG)#
#2026 08 25 08:48:01.081#Z#DEBUG#9140a271-a061-11f1-b78a-eeee0a986e3f.ResilienceCockpit-db-deployer#flowable-async-job-executor-thread-11927#
[PollStageAppStatusExecution] 2d23200b-60aa-4519-b7f8-9f40de7a8ecc [2026-08-25T08:47:52.429658] -----> Nodejs Buildpack version 1.9.3 (STDOUT, STG)#
#2026 08 25 08:48:01.081#Z#DEBUG#9140a271-a061-11f1-b78a-eeee0a986e3f.ResilienceCockpit-db-deployer#flowable-async-job-executor-thread-11927#
[PollStageAppStatusExecution] 2d23200b-60aa-4519-b7f8-9f40de7a8ecc [2026-08-25T08:47:52.518264] -----> Bootstrapping python (STDOUT, STG)#
#2026 08 25 08:48:01.081#Z#DEBUG#9140a271-a061-11f1-b78a-eeee0a986e3f.ResilienceCockpit-db-deployer#flowable-async-job-executor-thread-11927#
[PollStageAppStatusExecution] 2d23200b-60aa-4519-b7f8-9f40de7a8ecc [2026-08-25T08:47:52.518282] -----> Installing python 3.13.14 (STDOUT, STG)#
#2026 08 25 08:48:01.081#Z#DEBUG#9140a271-a061-11f1-b78a-eeee0a986e3f.ResilienceCockpit-db-deployer#flowable-async-job-executor-thread-11927#
[PollStageAppStatusExecution] 2d23200b-60aa-4519-b7f8-9f40de7a8ecc [2026-08-25T08:47:52.518363] Copy [/tmp/buildpacks/adc5840e3e50b48d/dependencies/4b4266a2ff36730aef37b88b668ca327/python_3.13.14_linux_x64_cflinuxfs4_b80d4954.tgz] (STDOUT, STG)#
#2026 08 25 08:48:01.081#Z#DEBUG#9140a271-a061-11f1-b78a-eeee0a986e3f.ResilienceCockpit-db-deployer#flowable-async-job-executor-thread-11927#
[PollStageAppStatusExecution] 2d23200b-60aa-4519-b7f8-9f40de7a8ecc [2026-08-25T08:47:55.506487] -----> Installing binaries (STDOUT, STG)#
#2026 08 25 08:48:01.081#Z#DEBUG#9140a271-a061-11f1-b78a-eeee0a986e3f.ResilienceCockpit-db-deployer#flowable-async-job-executor-thread-11927#
[PollStageAppStatusExecution] 2d23200b-60aa-4519-b7f8-9f40de7a8ecc [2026-08-25T08:47:55.506514] engines.node (package.json): >=18 (STDOUT, STG)#
#2026 08 25 08:48:01.081#Z#DEBUG#9140a271-a061-11f1-b78a-eeee0a986e3f.ResilienceCockpit-db-deployer#flowable-async-job-executor-thread-11927#
[PollStageAppStatusExecution] 2d23200b-60aa-4519-b7f8-9f40de7a8ecc [2026-08-25T08:47:55.506521] engines.npm (package.json): unspecified (use default) (STDOUT, STG)#
#2026 08 25 08:48:01.081#Z#DEBUG#9140a271-a061-11f1-b78a-eeee0a986e3f.ResilienceCockpit-db-deployer#flowable-async-job-executor-thread-11927#
[PollStageAppStatusExecution] 2d23200b-60aa-4519-b7f8-9f40de7a8ecc [2026-08-25T08:47:55.506551] [31;1m**WARNING**[0m Dangerous semver range (>) in engines.node. See: http://docs.cloudfoundry.org/buildpacks/node/node-tips.html (STDOUT, STG)#
#2026 08 25 08:48:01.081#Z#DEBUG#9140a271-a061-11f1-b78a-eeee0a986e3f.ResilienceCockpit-db-deployer#flowable-async-job-executor-thread-11927#
[PollStageAppStatusExecution] 2d23200b-60aa-4519-b7f8-9f40de7a8ecc [2026-08-25T08:47:55.506556] -----> Installing node 24.18.0 (STDOUT, STG)#
#2026 08 25 08:48:01.081#Z#DEBUG#9140a271-a061-11f1-b78a-eeee0a986e3f.ResilienceCockpit-db-deployer#flowable-async-job-executor-thread-11927#
[PollStageAppStatusExecution] 2d23200b-60aa-4519-b7f8-9f40de7a8ecc [2026-08-25T08:47:55.506705] Copy [/tmp/buildpacks/adc5840e3e50b48d/dependencies/dffbbb835fcd073c4544f78eb6247fac/node_24.18.0_linux_x64_cflinuxfs4_cdfed650.tgz] (STDOUT, STG)#
#2026 08 25 08:48:01.081#Z#DEBUG#9140a271-a061-11f1-b78a-eeee0a986e3f.ResilienceCockpit-db-deployer#flowable-async-job-executor-thread-11927#
[PollStageAppStatusExecution] 2d23200b-60aa-4519-b7f8-9f40de7a8ecc [2026-08-25T08:47:57.236559] Using default npm version: 11.16.0 (STDOUT, STG)#
#2026 08 25 08:48:01.081#Z#DEBUG#9140a271-a061-11f1-b78a-eeee0a986e3f.ResilienceCockpit-db-deployer#flowable-async-job-executor-thread-11927#
[PollStageAppStatusExecution] 2d23200b-60aa-4519-b7f8-9f40de7a8ecc [2026-08-25T08:47:57.236657] -----> Installing yarn 1.22.22 (STDOUT, STG)#
#2026 08 25 08:48:01.081#Z#DEBUG#9140a271-a061-11f1-b78a-eeee0a986e3f.ResilienceCockpit-db-deployer#flowable-async-job-executor-thread-11927#
[PollStageAppStatusExecution] 2d23200b-60aa-4519-b7f8-9f40de7a8ecc [2026-08-25T08:47:57.236684] Copy [/tmp/buildpacks/adc5840e3e50b48d/dependencies/e4fe26756e9984a665478d350474fa2e/yarn_1.22.22_linux_noarch_any-stack_b6132b86.tgz] (STDOUT, STG)#
#2026 08 25 08:48:01.081#Z#DEBUG#9140a271-a061-11f1-b78a-eeee0a986e3f.ResilienceCockpit-db-deployer#flowable-async-job-executor-thread-11927#
[PollStageAppStatusExecution] 2d23200b-60aa-4519-b7f8-9f40de7a8ecc [2026-08-25T08:47:57.485750] Installed yarn 1.22.22 (STDOUT, STG)#
#2026 08 25 08:48:01.081#Z#DEBUG#9140a271-a061-11f1-b78a-eeee0a986e3f.ResilienceCockpit-db-deployer#flowable-async-job-executor-thread-11927#
[PollStageAppStatusExecution] 2d23200b-60aa-4519-b7f8-9f40de7a8ecc [2026-08-25T08:47:57.485775] -----> Creating runtime environment (STDOUT, STG)#
#2026 08 25 08:48:01.081#Z#DEBUG#9140a271-a061-11f1-b78a-eeee0a986e3f.ResilienceCockpit-db-deployer#flowable-async-job-executor-thread-11927#
[PollStageAppStatusExecution] 2d23200b-60aa-4519-b7f8-9f40de7a8ecc [2026-08-25T08:47:57.487004] NODE_ENV=production (STDOUT, STG)#
#2026 08 25 08:48:01.081#Z#DEBUG#9140a271-a061-11f1-b78a-eeee0a986e3f.ResilienceCockpit-db-deployer#flowable-async-job-executor-thread-11927#
[PollStageAppStatusExecution] 2d23200b-60aa-4519-b7f8-9f40de7a8ecc [2026-08-25T08:47:57.487021] NODE_HOME=/tmp/contents3251821280/deps/0/node (STDOUT, STG)#
#2026 08 25 08:48:01.081#Z#DEBUG#9140a271-a061-11f1-b78a-eeee0a986e3f.ResilienceCockpit-db-deployer#flowable-async-job-executor-thread-11927#
[PollStageAppStatusExecution] 2d23200b-60aa-4519-b7f8-9f40de7a8ecc [2026-08-25T08:47:57.487025] NODE_MODULES_CACHE=true (STDOUT, STG)#
#2026 08 25 08:48:01.081#Z#DEBUG#9140a271-a061-11f1-b78a-eeee0a986e3f.ResilienceCockpit-db-deployer#flowable-async-job-executor-thread-11927#
[PollStageAppStatusExecution] 2d23200b-60aa-4519-b7f8-9f40de7a8ecc [2026-08-25T08:47:57.487028] NODE_VERBOSE=false (STDOUT, STG)#
#2026 08 25 08:48:01.081#Z#DEBUG#9140a271-a061-11f1-b78a-eeee0a986e3f.ResilienceCockpit-db-deployer#flowable-async-job-executor-thread-11927#
[PollStageAppStatusExecution] 2d23200b-60aa-4519-b7f8-9f40de7a8ecc [2026-08-25T08:47:57.487036] NPM_CONFIG_LOGLEVEL=error (STDOUT, STG)#
#2026 08 25 08:48:01.081#Z#DEBUG#9140a271-a061-11f1-b78a-eeee0a986e3f.ResilienceCockpit-db-deployer#flowable-async-job-executor-thread-11927#
[PollStageAppStatusExecution] 2d23200b-60aa-4519-b7f8-9f40de7a8ecc [2026-08-25T08:47:57.487041] NPM_CONFIG_PRODUCTION=true (STDOUT, STG)#
#2026 08 25 08:48:01.081#Z#DEBUG#9140a271-a061-11f1-b78a-eeee0a986e3f.ResilienceCockpit-db-deployer#flowable-async-job-executor-thread-11927#
[PollStageAppStatusExecution] 2d23200b-60aa-4519-b7f8-9f40de7a8ecc [2026-08-25T08:47:57.487094] -----> Building dependencies (STDOUT, STG)#
#2026 08 25 08:48:01.081#Z#DEBUG#9140a271-a061-11f1-b78a-eeee0a986e3f.ResilienceCockpit-db-deployer#flowable-async-job-executor-thread-11927#
[PollStageAppStatusExecution] 2d23200b-60aa-4519-b7f8-9f40de7a8ecc [2026-08-25T08:47:57.487098] Prebuild detected (node_modules already exists) (STDOUT, STG)#
#2026 08 25 08:48:01.081#Z#DEBUG#9140a271-a061-11f1-b78a-eeee0a986e3f.ResilienceCockpit-db-deployer#flowable-async-job-executor-thread-11927#
[PollStageAppStatusExecution] 2d23200b-60aa-4519-b7f8-9f40de7a8ecc [2026-08-25T08:47:57.487101] Rebuilding any native modules (STDOUT, STG)#
#2026 08 25 08:48:01.081#Z#DEBUG#9140a271-a061-11f1-b78a-eeee0a986e3f.ResilienceCockpit-db-deployer#flowable-async-job-executor-thread-11927#
[PollStageAppStatusExecution] 2d23200b-60aa-4519-b7f8-9f40de7a8ecc [2026-08-25T08:47:57.872933] rebuilt dependencies successfully (STDOUT, STG)#
#2026 08 25 08:48:01.081#Z#DEBUG#9140a271-a061-11f1-b78a-eeee0a986e3f.ResilienceCockpit-db-deployer#flowable-async-job-executor-thread-11927#
[PollStageAppStatusExecution] 2d23200b-60aa-4519-b7f8-9f40de7a8ecc [2026-08-25T08:47:57.919673] Installing any new modules (package.json + package-lock.json) (STDOUT, STG)#
#2026 08 25 08:48:01.081#Z#DEBUG#9140a271-a061-11f1-b78a-eeee0a986e3f.ResilienceCockpit-db-deployer#flowable-async-job-executor-thread-11927#
[PollStageAppStatusExecution] 2d23200b-60aa-4519-b7f8-9f40de7a8ecc [2026-08-25T08:47:58.248541] up to date in 270ms (STDOUT, STG)#
#2026 08 25 08:48:01.081#Z#DEBUG#9140a271-a061-11f1-b78a-eeee0a986e3f.ResilienceCockpit-db-deployer#flowable-async-job-executor-thread-11927#
[PollStageAppStatusExecution] 2d23200b-60aa-4519-b7f8-9f40de7a8ecc [2026-08-25T08:47:58.248839] 4 packages are looking for funding (STDOUT, STG)#
#2026 08 25 08:48:01.081#Z#DEBUG#9140a271-a061-11f1-b78a-eeee0a986e3f.ResilienceCockpit-db-deployer#flowable-async-job-executor-thread-11927#
[PollStageAppStatusExecution] 2d23200b-60aa-4519-b7f8-9f40de7a8ecc [2026-08-25T08:47:58.248878] run `npm fund` for details (STDOUT, STG)#
#2026 08 25 08:48:01.081#Z#DEBUG#9140a271-a061-11f1-b78a-eeee0a986e3f.ResilienceCockpit-db-deployer#flowable-async-job-executor-thread-11927#
[PollStageAppStatusExecution] 2d23200b-60aa-4519-b7f8-9f40de7a8ecc [2026-08-25T08:47:58.699625] Contrast Security no credentials found. Will not write environment files. (STDOUT, STG)#
#2026 08 25 08:48:11.046#Z#DEBUG#9140a271-a061-11f1-b78a-eeee0a986e3f.ResilienceCockpit-db-deployer#flowable-async-job-executor-thread-11932#
[PollStageAppStatusExecution] 2d23200b-60aa-4519-b7f8-9f40de7a8ecc [2026-08-25T08:48:06.242404] Exit status 0 (STDOUT, STG)#
#2026 08 25 08:48:11.046#Z#DEBUG#9140a271-a061-11f1-b78a-eeee0a986e3f.ResilienceCockpit-db-deployer#flowable-async-job-executor-thread-11932#
[PollStageAppStatusExecution] 2d23200b-60aa-4519-b7f8-9f40de7a8ecc [2026-08-25T08:48:06.242449] Uploading droplet, build artifacts cache... (STDOUT, STG)#
#2026 08 25 08:48:11.046#Z#DEBUG#9140a271-a061-11f1-b78a-eeee0a986e3f.ResilienceCockpit-db-deployer#flowable-async-job-executor-thread-11932#
[PollStageAppStatusExecution] 2d23200b-60aa-4519-b7f8-9f40de7a8ecc [2026-08-25T08:48:06.242480] Uploading droplet... (STDOUT, STG)#
#2026 08 25 08:48:11.046#Z#DEBUG#9140a271-a061-11f1-b78a-eeee0a986e3f.ResilienceCockpit-db-deployer#flowable-async-job-executor-thread-11932#
[PollStageAppStatusExecution] 2d23200b-60aa-4519-b7f8-9f40de7a8ecc [2026-08-25T08:48:06.242543] Uploading build artifacts cache... (STDOUT, STG)#
#2026 08 25 08:48:11.046#Z#DEBUG#9140a271-a061-11f1-b78a-eeee0a986e3f.ResilienceCockpit-db-deployer#flowable-async-job-executor-thread-11932#
[PollStageAppStatusExecution] 2d23200b-60aa-4519-b7f8-9f40de7a8ecc [2026-08-25T08:48:06.261512] Uploaded build artifacts cache (222B) (STDOUT, STG)#
#2026 08 25 08:48:11.046#Z#DEBUG#9140a271-a061-11f1-b78a-eeee0a986e3f.ResilienceCockpit-db-deployer#flowable-async-job-executor-thread-11932#
[PollStageAppStatusExecution] 2d23200b-60aa-4519-b7f8-9f40de7a8ecc [2026-08-25T08:48:06.831230] Creating droplet for app with guid 2d23200b-60aa-4519-b7f8-9f40de7a8ecc (STDOUT, API)#
#2026 08 25 08:48:21.057#Z#DEBUG#9140a271-a061-11f1-b78a-eeee0a986e3f.ResilienceCockpit-db-deployer#flowable-async-job-executor-thread-11937#
[PollStageAppStatusExecution] 2d23200b-60aa-4519-b7f8-9f40de7a8ecc [2026-08-25T08:48:10.904338] Uploaded droplet (59.3M) (STDOUT, STG)#
#2026 08 25 08:48:21.057#Z#DEBUG#9140a271-a061-11f1-b78a-eeee0a986e3f.ResilienceCockpit-db-deployer#flowable-async-job-executor-thread-11937#
[PollStageAppStatusExecution] 2d23200b-60aa-4519-b7f8-9f40de7a8ecc [2026-08-25T08:48:10.919573] Uploading complete (STDOUT, STG)#
#2026 08 25 08:48:21.057#Z#DEBUG#9140a271-a061-11f1-b78a-eeee0a986e3f.ResilienceCockpit-db-deployer#flowable-async-job-executor-thread-11937#
[PollStageAppStatusExecution] 2d23200b-60aa-4519-b7f8-9f40de7a8ecc [2026-08-25T08:48:11.265767] Cell 2cba0a63-a06b-4c2d-9ff8-cb3bec259489 stopping instance a5f5b43d-9b95-439a-8e8d-ed06b9cccd71 (STDOUT, STG)#
#2026 08 25 08:48:21.057#Z#DEBUG#9140a271-a061-11f1-b78a-eeee0a986e3f.ResilienceCockpit-db-deployer#flowable-async-job-executor-thread-11937#
[PollStageAppStatusExecution] 2d23200b-60aa-4519-b7f8-9f40de7a8ecc [2026-08-25T08:48:11.265824] Cell 2cba0a63-a06b-4c2d-9ff8-cb3bec259489 destroying container for instance a5f5b43d-9b95-439a-8e8d-ed06b9cccd71 (STDOUT, STG)#
#2026 08 25 08:48:21.057#Z#DEBUG#9140a271-a061-11f1-b78a-eeee0a986e3f.ResilienceCockpit-db-deployer#flowable-async-job-executor-thread-11937#
[PollStageAppStatusExecution] 2d23200b-60aa-4519-b7f8-9f40de7a8ecc [2026-08-25T08:48:11.338133] Staging complete for build a5f5b43d-9b95-439a-8e8d-ed06b9cccd71 (STDOUT, API)#
#2026 08 25 08:48:21.057#Z#DEBUG#9140a271-a061-11f1-b78a-eeee0a986e3f.ResilienceCockpit-db-deployer#flowable-async-job-executor-thread-11937#
[PollStageAppStatusExecution] 2d23200b-60aa-4519-b7f8-9f40de7a8ecc [2026-08-25T08:48:16.297923] Cell 2cba0a63-a06b-4c2d-9ff8-cb3bec259489 successfully destroyed container for instance a5f5b43d-9b95-439a-8e8d-ed06b9cccd71 (STDOUT, STG)#
#2026 08 25 08:48:31.141#Z#DEBUG#9140a271-a061-11f1-b78a-eeee0a986e3f.ResilienceCockpit-db-deployer#flowable-async-job-executor-thread-11943#
[PollExecuteTaskStatusExecution] 2d23200b-60aa-4519-b7f8-9f40de7a8ecc [2026-08-25T08:31:29.818681] Adding "src/gen/data/sap-common-Countries_texts_uk.csv" for deploy... ok (0s 0ms) (STDOUT, APP/TASK/deploy)#
#2026 08 25 08:48:31.141#Z#DEBUG#9140a271-a061-11f1-b78a-eeee0a986e3f.ResilienceCockpit-db-deployer#flowable-async-job-executor-thread-11943#
[PollExecuteTaskStatusExecution] 2d23200b-60aa-4519-b7f8-9f40de7a8ecc [2026-08-25T08:31:29.818729] Adding "src/gen/data/sap-common-Countries_texts_uk.hdbtabledata" for deploy... (STDOUT, APP/TASK/deploy)#
#2026 08 25 08:48:31.141#Z#DEBUG#9140a271-a061-11f1-b78a-eeee0a986e3f.ResilienceCockpit-db-deployer#flowable-async-job-executor-thread-11943#
[PollExecuteTaskStatusExecution] 2d23200b-60aa-4519-b7f8-9f40de7a8ecc [2026-08-25T08:31:29.818733] Adding "src/gen/data/sap-common-Countries_texts_uk.hdbtabledata" for deploy... ok (0s 0ms) (STDOUT, APP/TASK/deploy)#
#2026 08 25 08:48:31.141#Z#DEBUG#9140a271-a061-11f1-b78a-eeee0a986e3f.ResilienceCockpit-db-deployer#flowable-async-job-executor-thread-11943#
[PollExecuteTaskStatusExecution] 2d23200b-60aa-4519-b7f8-9f40de7a8ecc [2026-08-25T08:31:29.818736] Adding "src/gen/data/sap-common-Countries_texts_zh_CN.csv" for deploy... (STDOUT, APP/TASK/deploy)#
#2026 08 25 08:48:31.141#Z#DEBUG#9140a271-a061-11f1-b78a-eeee0a986e3f.ResilienceCockpit-db-deployer#flowable-async-job-executor-thread-11943#
[PollExecuteTaskStatusExecution] 2d23200b-60aa-4519-b7f8-9f40de7a8ecc [2026-08-25T08:31:29.818737] Adding "src/gen/data/sap-common-Countries_texts_zh_CN.csv" for deploy... ok (0s 0ms) (STDOUT, APP/TASK/deploy)#
#2026 08 25 08:48:31.141#Z#DEBUG#9140a271-a061-11f1-b78a-eeee0a986e3f.ResilienceCockpit-db-deployer#flowable-async-job-executor-thread-11943#
[PollExecuteTaskStatusExecution] 2d23200b-60aa-4519-b7f8-9f40de7a8ecc [2026-08-25T08:31:29.818744] Adding "src/gen/data/sap-common-Countries_texts_zh_CN.hdbtabledata" for deploy... (STDOUT, APP/TASK/deploy)#
#2026 08 25 08:48:31.141#Z#DEBUG#9140a271-a061-11f1-b78a-eeee0a986e3f.ResilienceCockpit-db-deployer#flowable-async-job-executor-thread-11943#
[PollExecuteTaskStatusExecution] 2d23200b-60aa-4519-b7f8-9f40de7a8ecc [2026-08-25T08:31:29.818747] Adding "src/gen/data/sap-common-Countries_texts_zh_CN.hdbtabledata" for deploy... ok (0s 0ms) (STDOUT, APP/TASK/deploy)#
#2026 08 25 08:48:31.141#Z#DEBUG#9140a271-a061-11f1-b78a-eeee0a986e3f.ResilienceCockpit-db-deployer#flowable-async-job-executor-thread-11943#
[PollExecuteTaskStatusExecution] 2d23200b-60aa-4519-b7f8-9f40de7a8ecc [2026-08-25T08:31:29.818752] Adding "src/gen/data/sap-common-Countries_texts_zh_TW.csv" for deploy... (STDOUT, APP/TASK/deploy)#
#2026 08 25 08:48:31.141#Z#DEBUG#9140a271-a061-11f1-b78a-eeee0a986e3f.ResilienceCockpit-db-deployer#flowable-async-job-executor-thread-11943#
[PollExecuteTaskStatusExecution] 2d23200b-60aa-4519-b7f8-9f40de7a8ecc [2026-08-25T08:31:29.818754] Adding "src/gen/data/sap-common-Countries_texts_zh_TW.csv" for deploy... ok (0s 0ms) (STDOUT, APP/TASK/deploy)#
#2026 08 25 08:48:31.141#Z#DEBUG#9140a271-a061-11f1-b78a-eeee0a986e3f.ResilienceCockpit-db-deployer#flowable-async-job-executor-thread-11943#
[PollExecuteTaskStatusExecution] 2d23200b-60aa-4519-b7f8-9f40de7a8ecc [2026-08-25T08:31:29.818768] Adding "src/gen/data/sap-common-Countries_texts_zh_TW.hdbtabledata" for deploy... (STDOUT, APP/TASK/deploy)#
#2026 08 25 08:48:31.141#Z#DEBUG#9140a271-a061-11f1-b78a-eeee0a986e3f.ResilienceCockpit-db-deployer#flowable-async-job-executor-thread-11943#
[PollExecuteTaskStatusExecution] 2d23200b-60aa-4519-b7f8-9f40de7a8ecc [2026-08-25T08:31:29.818771] Adding "src/gen/data/sap-common-Countries_texts_zh_TW.hdbtabledata" for deploy... ok (0s 1ms) (STDOUT, APP/TASK/deploy)#
#2026 08 25 08:48:31.141#Z#DEBUG#9140a271-a061-11f1-b78a-eeee0a986e3f.ResilienceCockpit-db-deployer#flowable-async-job-executor-thread-11943#
[PollExecuteTaskStatusExecution] 2d23200b-60aa-4519-b7f8-9f40de7a8ecc [2026-08-25T08:31:29.818785] Adding "src/gen/localized.ResilienceCockpitService.Countries.hdbview" for deploy... (STDOUT, APP/TASK/deploy)#
#2026 08 25 08:48:31.141#Z#DEBUG#9140a271-a061-11f1-b78a-eeee0a986e3f.ResilienceCockpit-db-deployer#flowable-async-job-executor-thread-11943#
[PollExecuteTaskStatusExecution] 2d23200b-60aa-4519-b7f8-9f40de7a8ecc [2026-08-25T08:31:29.818788] Adding "src/gen/localized.ResilienceCockpitService.Countries.hdbview" for deploy... ok (0s 0ms) (STDOUT, APP/TASK/deploy)#
#2026 08 25 08:48:31.141#Z#DEBUG#9140a271-a061-11f1-b78a-eeee0a986e3f.ResilienceCockpit-db-deployer#flowable-async-job-executor-thread-11943#
[PollExecuteTaskStatusExecution] 2d23200b-60aa-4519-b7f8-9f40de7a8ecc [2026-08-25T08:31:29.818789] Adding "src/gen/localized.sap.common.Countries.hdbview" for deploy... (STDOUT, APP/TASK/deploy)#
#2026 08 25 08:48:31.141#Z#DEBUG#9140a271-a061-11f1-b78a-eeee0a986e3f.ResilienceCockpit-db-deployer#flowable-async-job-executor-thread-11943#
[PollExecuteTaskStatusExecution] 2d23200b-60aa-4519-b7f8-9f40de7a8ecc [2026-08-25T08:31:29.818829] Adding "src/gen/localized.sap.common.Countries.hdbview" for deploy... ok (0s 0ms) (STDOUT, APP/TASK/deploy)#
#2026 08 25 08:48:31.141#Z#DEBUG#9140a271-a061-11f1-b78a-eeee0a986e3f.ResilienceCockpit-db-deployer#flowable-async-job-executor-thread-11943#
[PollExecuteTaskStatusExecution] 2d23200b-60aa-4519-b7f8-9f40de7a8ecc [2026-08-25T08:31:29.818832] Adding "src/gen/sap.common.Countries.hdbtable" for deploy... (STDOUT, APP/TASK/deploy)#
#2026 08 25 08:48:31.141#Z#DEBUG#9140a271-a061-11f1-b78a-eeee0a986e3f.ResilienceCockpit-db-deployer#flowable-async-job-executor-thread-11943#
[PollExecuteTaskStatusExecution] 2d23200b-60aa-4519-b7f8-9f40de7a8ecc [2026-08-25T08:31:29.818861] Adding "src/gen/sap.common.Countries.hdbtable" for deploy... ok (0s 0ms) (STDOUT, APP/TASK/deploy)#
#2026 08 25 08:48:31.141#Z#DEBUG#9140a271-a061-11f1-b78a-eeee0a986e3f.ResilienceCockpit-db-deployer#flowable-async-job-executor-thread-11943#
[PollExecuteTaskStatusExecution] 2d23200b-60aa-4519-b7f8-9f40de7a8ecc [2026-08-25T08:31:29.818863] Adding "src/gen/sap.common.Countries_texts.hdbtable" for deploy... (STDOUT, APP/TASK/deploy)#
#2026 08 25 08:48:31.141#Z#DEBUG#9140a271-a061-11f1-b78a-eeee0a986e3f.ResilienceCockpit-db-deployer#flowable-async-job-executor-thread-11943#
[PollExecuteTaskStatusExecution] 2d23200b-60aa-4519-b7f8-9f40de7a8ecc [2026-08-25T08:31:29.818865] Adding "src/gen/sap.common.Countries_texts.hdbtable" for deploy... ok (0s 0ms) (STDOUT, APP/TASK/deploy)#
#2026 08 25 08:48:31.141#Z#DEBUG#9140a271-a061-11f1-b78a-eeee0a986e3f.ResilienceCockpit-db-deployer#flowable-async-job-executor-thread-11943#
[PollExecuteTaskStatusExecution] 2d23200b-60aa-4519-b7f8-9f40de7a8ecc [2026-08-25T08:31:29.818868] Preparing... ok (1s 305ms) (STDOUT, APP/TASK/deploy)#
#2026 08 25 08:48:31.141#Z#DEBUG#9140a271-a061-11f1-b78a-eeee0a986e3f.ResilienceCockpit-db-deployer#flowable-async-job-executor-thread-11943#
[PollExecuteTaskStatusExecution] 2d23200b-60aa-4519-b7f8-9f40de7a8ecc [2026-08-25T08:31:29.819263] Calculating dependencies... (STDOUT, APP/TASK/deploy)#
#2026 08 25 08:48:31.141#Z#DEBUG#9140a271-a061-11f1-b78a-eeee0a986e3f.ResilienceCockpit-db-deployer#flowable-async-job-executor-thread-11943#
[PollExecuteTaskStatusExecution] 2d23200b-60aa-4519-b7f8-9f40de7a8ecc [2026-08-25T08:31:29.819281] Expanding... (STDOUT, APP/TASK/deploy)#
#2026 08 25 08:48:31.141#Z#DEBUG#9140a271-a061-11f1-b78a-eeee0a986e3f.ResilienceCockpit-db-deployer#flowable-async-job-executor-thread-11943#
[PollExecuteTaskStatusExecution] 2d23200b-60aa-4519-b7f8-9f40de7a8ecc [2026-08-25T08:31:29.819285] Expanding "src/gen/DRAFT.DraftAdministrativeData.hdbtable"... (STDOUT, APP/TASK/deploy)#
#2026 08 25 08:48:31.141#Z#DEBUG#9140a271-a061-11f1-b78a-eeee0a986e3f.ResilienceCockpit-db-deployer#flowable-async-job-executor-thread-11943#
[PollExecuteTaskStatusExecution] 2d23200b-60aa-4519-b7f8-9f40de7a8ecc [2026-08-25T08:31:29.819287] Expanding "src/gen/ResilienceCockpit.AlternateSuppliers.hdbtable"... (STDOUT, APP/TASK/deploy)#
#2026 08 25 08:48:31.141#Z#DEBUG#9140a271-a061-11f1-b78a-eeee0a986e3f.ResilienceCockpit-db-deployer#flowable-async-job-executor-thread-11943#
[PollExecuteTaskStatusExecution] 2d23200b-60aa-4519-b7f8-9f40de7a8ecc [2026-08-25T08:31:29.819289] Expanding "src/gen/ResilienceCockpit.AlternativeMaterials.hdbtable"... (STDOUT, APP/TASK/deploy)#
#2026 08 25 08:48:31.141#Z#DEBUG#9140a271-a061-11f1-b78a-eeee0a986e3f.ResilienceCockpit-db-deployer#flowable-async-job-executor-thread-11943#
[PollExecuteTaskStatusExecution] 2d23200b-60aa-4519-b7f8-9f40de7a8ecc [2026-08-25T08:31:29.819291] Expanding "src/gen/ResilienceCockpit.SupplierLocations.hdbtable"... (STDOUT, APP/TASK/deploy)#
#2026 08 25 08:48:31.141#Z#DEBUG#9140a271-a061-11f1-b78a-eeee0a986e3f.ResilienceCockpit-db-deployer#flowable-async-job-executor-thread-11943#
[PollExecuteTaskStatusExecution] 2d23200b-60aa-4519-b7f8-9f40de7a8ecc [2026-08-25T08:31:29.819295] Expanding "src/gen/ResilienceCockpit.AlternativeMaterials.hdbtable"... ok (0s 32ms) (STDOUT, APP/TASK/deploy)#
#2026 08 25 08:48:31.141#Z#DEBUG#9140a271-a061-11f1-b78a-eeee0a986e3f.ResilienceCockpit-db-deployer#flowable-async-job-executor-thread-11943#
[PollExecuteTaskStatusExecution] 2d23200b-60aa-4519-b7f8-9f40de7a8ecc [2026-08-25T08:31:29.819296] Expanding "src/gen/ResilienceCockpit.AlternateSuppliers.hdbtable"... ok (0s 36ms) (STDOUT, APP/TASK/deploy)#
#2026 08 25 08:48:31.141#Z#DEBUG#9140a271-a061-11f1-b78a-eeee0a986e3f.ResilienceCockpit-db-deployer#flowable-async-job-executor-thread-11943#
[PollExecuteTaskStatusExecution] 2d23200b-60aa-4519-b7f8-9f40de7a8ecc [2026-08-25T08:31:29.819298] Expanding "src/gen/DRAFT.DraftAdministrativeData.hdbtable"... ok (0s 36ms) (STDOUT, APP/TASK/deploy)#
#2026 08 25 08:48:31.141#Z#DEBUG#9140a271-a061-11f1-b78a-eeee0a986e3f.ResilienceCockpit-db-deployer#flowable-async-job-executor-thread-11943#
[PollExecuteTaskStatusExecution] 2d23200b-60aa-4519-b7f8-9f40de7a8ecc [2026-08-25T08:31:29.819300] Expanding "src/gen/ResilienceCockpit.SupplierLocations.hdbtable"... ok (0s 29ms) (STDOUT, APP/TASK/deploy)#
#2026 08 25 08:48:31.141#Z#DEBUG#9140a271-a061-11f1-b78a-eeee0a986e3f.ResilienceCockpit-db-deployer#flowable-async-job-executor-thread-11943#
[PollExecuteTaskStatusExecution] 2d23200b-60aa-4519-b7f8-9f40de7a8ecc [2026-08-25T08:31:29.819305] Expanding "src/gen/ResilienceCockpitService.AlternateSuppliers_drafts.hdbtable"... (STDOUT, APP/TASK/deploy)#
#2026 08 25 08:48:31.141#Z#DEBUG#9140a271-a061-11f1-b78a-eeee0a986e3f.ResilienceCockpit-db-deployer#flowable-async-job-executor-thread-11943#
[PollExecuteTaskStatusExecution] 2d23200b-60aa-4519-b7f8-9f40de7a8ecc [2026-08-25T08:31:29.819307] Expanding "src/gen/ResilienceCockpitService.AlternateSuppliers.hdbview"... (STDOUT, APP/TASK/deploy)#
#2026 08 25 08:48:31.141#Z#DEBUG#9140a271-a061-11f1-b78a-eeee0a986e3f.ResilienceCockpit-db-deployer#flowable-async-job-executor-thread-11943#
[PollExecuteTaskStatusExecution] 2d23200b-60aa-4519-b7f8-9f40de7a8ecc [2026-08-25T08:31:29.819309] Expanding "src/gen/ResilienceCockpitService.AlternativeMaterials.hdbview"... (STDOUT, APP/TASK/deploy)#
#2026 08 25 08:48:31.141#Z#DEBUG#9140a271-a061-11f1-b78a-eeee0a986e3f.ResilienceCockpit-db-deployer#flowable-async-job-executor-thread-11943#
[PollExecuteTaskStatusExecution] 2d23200b-60aa-4519-b7f8-9f40de7a8ecc [2026-08-25T08:31:29.819311] Expanding "src/gen/ResilienceCockpit.SupplierMaterials.hdbtable"... (STDOUT, APP/TASK/deploy)#
#2026 08 25 08:48:31.141#Z#DEBUG#9140a271-a061-11f1-b78a-eeee0a986e3f.ResilienceCockpit-db-deployer#flowable-async-job-executor-thread-11943#
[PollExecuteTaskStatusExecution] 2d23200b-60aa-4519-b7f8-9f40de7a8ecc [2026-08-25T08:31:29.819314] Expanding "src/gen/ResilienceCockpitService.AlternateSuppliers_drafts.hdbtable"... ok (0s 14ms) (STDOUT, APP/TASK/deploy)#
#2026 08 25 08:48:31.141#Z#DEBUG#9140a271-a061-11f1-b78a-eeee0a986e3f.ResilienceCockpit-db-deployer#flowable-async-job-executor-thread-11943#
[PollExecuteTaskStatusExecution] 2d23200b-60aa-4519-b7f8-9f40de7a8ecc [2026-08-25T08:31:29.819317] Expanding "src/gen/ResilienceCockpitService.Countries.hdbview"... (STDOUT, APP/TASK/deploy)#
#2026 08 25 08:48:31.141#Z#DEBUG#9140a271-a061-11f1-b78a-eeee0a986e3f.ResilienceCockpit-db-deployer#flowable-async-job-executor-thread-11943#
[PollExecuteTaskStatusExecution] 2d23200b-60aa-4519-b7f8-9f40de7a8ecc [2026-08-25T08:31:29.819320] Expanding "src/gen/ResilienceCockpitService.AlternativeMaterials.hdbview"... ok (0s 15ms) (STDOUT, APP/TASK/deploy)#
#2026 08 25 08:48:31.141#Z#DEBUG#9140a271-a061-11f1-b78a-eeee0a986e3f.ResilienceCockpit-db-deployer#flowable-async-job-executor-thread-11943#
[PollExecuteTaskStatusExecution] 2d23200b-60aa-4519-b7f8-9f40de7a8ecc [2026-08-25T08:31:29.819322] Expanding "src/gen/ResilienceCockpitService.AlternateSuppliers.hdbview"... ok (0s 15ms) (STDOUT, APP/TASK/deploy)#
#2026 08 25 08:48:31.141#Z#DEBUG#9140a271-a061-11f1-b78a-eeee0a986e3f.ResilienceCockpit-db-deployer#flowable-async-job-executor-thread-11943#
[PollExecuteTaskStatusExecution] 2d23200b-60aa-4519-b7f8-9f40de7a8ecc [2026-08-25T08:31:29.819323] Expanding "src/gen/ResilienceCockpitService.Countries_texts.hdbview"... (STDOUT, APP/TASK/deploy)#
#2026 08 25 08:48:31.141#Z#DEBUG#9140a271-a061-11f1-b78a-eeee0a986e3f.ResilienceCockpit-db-deployer#flowable-async-job-executor-thread-11943#
[PollExecuteTaskStatusExecution] 2d23200b-60aa-4519-b7f8-9f40de7a8ecc [2026-08-25T08:31:29.819325] Expanding "src/gen/ResilienceCockpitService.DraftAdministrativeData.hdbview"... (STDOUT, APP/TASK/deploy)#
#2026 08 25 08:48:31.141#Z#DEBUG#9140a271-a061-11f1-b78a-eeee0a986e3f.ResilienceCockpit-db-deployer#flowable-async-job-executor-thread-11943#
[PollExecuteTaskStatusExecution] 2d23200b-60aa-4519-b7f8-9f40de7a8ecc [2026-08-25T08:31:29.819327] Expanding "src/gen/ResilienceCockpit.SupplierMaterials.hdbtable"... ok (0s 15ms) (STDOUT, APP/TASK/deploy)#
#2026 08 25 08:48:31.141#Z#DEBUG#9140a271-a061-11f1-b78a-eeee0a986e3f.ResilienceCockpit-db-deployer#flowable-async-job-executor-thread-11943#
[PollExecuteTaskStatusExecution] 2d23200b-60aa-4519-b7f8-9f40de7a8ecc [2026-08-25T08:31:29.819328] Expanding "src/gen/ResilienceCockpitService.SupplierMaterials.hdbview"... (STDOUT, APP/TASK/deploy)#
#2026 08 25 08:48:31.141#Z#DEBUG#9140a271-a061-11f1-b78a-eeee0a986e3f.ResilienceCockpit-db-deployer#flowable-async-job-executor-thread-11943#
[PollExecuteTaskStatusExecution] 2d23200b-60aa-4519-b7f8-9f40de7a8ecc [2026-08-25T08:31:29.819330] Expanding "src/gen/ResilienceCockpitService.Countries.hdbview"... ok (0s 14ms) (STDOUT, APP/TASK/deploy)#
#2026 08 25 08:48:31.141#Z#DEBUG#9140a271-a061-11f1-b78a-eeee0a986e3f.ResilienceCockpit-db-deployer#flowable-async-job-executor-thread-11943#
[PollExecuteTaskStatusExecution] 2d23200b-60aa-4519-b7f8-9f40de7a8ecc [2026-08-25T08:31:29.819332] Expanding "src/gen/ResilienceCockpitService.SupplierMaterials_drafts.hdbtable"... (STDOUT, APP/TASK/deploy)#
#2026 08 25 08:48:31.141#Z#DEBUG#9140a271-a061-11f1-b78a-eeee0a986e3f.ResilienceCockpit-db-deployer#flowable-async-job-executor-thread-11943#
[PollExecuteTaskStatusExecution] 2d23200b-60aa-4519-b7f8-9f40de7a8ecc [2026-08-25T08:31:29.819334] Expanding "src/gen/ResilienceCockpitService.Countries_texts.hdbview"... ok (0s 13ms) (STDOUT, APP/TASK/deploy)#
#2026 08 25 08:48:31.141#Z#DEBUG#9140a271-a061-11f1-b78a-eeee0a986e3f.ResilienceCockpit-db-deployer#flowable-async-job-executor-thread-11943#
[PollExecuteTaskStatusExecution] 2d23200b-60aa-4519-b7f8-9f40de7a8ecc [2026-08-25T08:31:29.819337] Expanding "src/gen/cds.outbox.Messages.hdbtable"... (STDOUT, APP/TASK/deploy)#
#2026 08 25 08:48:31.141#Z#DEBUG#9140a271-a061-11f1-b78a-eeee0a986e3f.ResilienceCockpit-db-deployer#flowable-async-job-executor-thread-11943#
[PollExecuteTaskStatusExecution] 2d23200b-60aa-4519-b7f8-9f40de7a8ecc [2026-08-25T08:31:29.819339] Expanding "src/gen/ResilienceCockpitService.DraftAdministrativeData.hdbview"... ok (0s 13ms) (STDOUT, APP/TASK/deploy)#
#2026 08 25 08:48:31.141#Z#DEBUG#9140a271-a061-11f1-b78a-eeee0a986e3f.ResilienceCockpit-db-deployer#flowable-async-job-executor-thread-11943#
[PollExecuteTaskStatusExecution] 2d23200b-60aa-4519-b7f8-9f40de7a8ecc [2026-08-25T08:31:29.819341] Expanding "src/gen/data/ResilienceCockpit-AlternateSuppliers.hdbtabledata"... (STDOUT, APP/TASK/deploy)#
#2026 08 25 08:48:31.141#Z#DEBUG#9140a271-a061-11f1-b78a-eeee0a986e3f.ResilienceCockpit-db-deployer#flowable-async-job-executor-thread-11943#
[PollExecuteTaskStatusExecution] 2d23200b-60aa-4519-b7f8-9f40de7a8ecc [2026-08-25T08:31:29.819342] Expanding "src/gen/ResilienceCockpitService.SupplierMaterials.hdbview"... ok (0s 14ms) (STDOUT, APP/TASK/deploy)#
#2026 08 25 08:48:31.141#Z#DEBUG#9140a271-a061-11f1-b78a-eeee0a986e3f.ResilienceCockpit-db-deployer#flowable-async-job-executor-thread-11943#
[PollExecuteTaskStatusExecution] 2d23200b-60aa-4519-b7f8-9f40de7a8ecc [2026-08-25T08:31:29.819345] Expanding "src/gen/data/ResilienceCockpit-AlternativeMaterials.hdbtabledata"... (STDOUT, APP/TASK/deploy)#
#2026 08 25 08:48:31.141#Z#DEBUG#9140a271-a061-11f1-b78a-eeee0a986e3f.ResilienceCockpit-db-deployer#flowable-async-job-executor-thread-11943#
[PollExecuteTaskStatusExecution] 2d23200b-60aa-4519-b7f8-9f40de7a8ecc [2026-08-25T08:31:29.819347] Expanding "src/gen/ResilienceCockpitService.SupplierMaterials_drafts.hdbtable"... ok (0s 11ms) (STDOUT, APP/TASK/deploy)#
#2026 08 25 08:48:31.141#Z#DEBUG#9140a271-a061-11f1-b78a-eeee0a986e3f.ResilienceCockpit-db-deployer#flowable-async-job-executor-thread-11943#
[PollExecuteTaskStatusExecution] 2d23200b-60aa-4519-b7f8-9f40de7a8ecc [2026-08-25T08:31:29.819350] Expanding "src/gen/data/ResilienceCockpit-SupplierLocations.hdbtabledata"... (STDOUT, APP/TASK/deploy)#
#2026 08 25 08:48:31.141#Z#DEBUG#9140a271-a061-11f1-b78a-eeee0a986e3f.ResilienceCockpit-db-deployer#flowable-async-job-executor-thread-11943#
[PollExecuteTaskStatusExecution] 2d23200b-60aa-4519-b7f8-9f40de7a8ecc [2026-08-25T08:31:29.819352] Expanding "src/gen/cds.outbox.Messages.hdbtable"... ok (0s 11ms) (STDOUT, APP/TASK/deploy)#
#2026 08 25 08:48:31.141#Z#DEBUG#9140a271-a061-11f1-b78a-eeee0a986e3f.ResilienceCockpit-db-deployer#flowable-async-job-executor-thread-11943#
[PollExecuteTaskStatusExecution] 2d23200b-60aa-4519-b7f8-9f40de7a8ecc [2026-08-25T08:31:29.819353] Expanding "src/gen/data/ResilienceCockpit-SupplierMaterials.hdbtabledata"... (STDOUT, APP/TASK/deploy)#
#2026 08 25 08:48:31.141#Z#DEBUG#9140a271-a061-11f1-b78a-eeee0a986e3f.ResilienceCockpit-db-deployer#flowable-async-job-executor-thread-11943#
[PollExecuteTaskStatusExecution] 2d23200b-60aa-4519-b7f8-9f40de7a8ecc [2026-08-25T08:31:29.819355] Expanding "src/gen/data/ResilienceCockpit-AlternateSuppliers.hdbtabledata"... ok (0s 10ms) (STDOUT, APP/TASK/deploy)#
#2026 08 25 08:48:31.141#Z#DEBUG#9140a271-a061-11f1-b78a-eeee0a986e3f.ResilienceCockpit-db-deployer#flowable-async-job-executor-thread-11943#
[PollExecuteTaskStatusExecution] 2d23200b-60aa-4519-b7f8-9f40de7a8ecc [2026-08-25T08:31:29.819357] Expanding "src/gen/data/ResilienceCockpit-AlternativeMaterials.hdbtabledata"... ok (0s 10ms) (STDOUT, APP/TASK/deploy)#
#2026 08 25 08:48:31.141#Z#DEBUG#9140a271-a061-11f1-b78a-eeee0a986e3f.ResilienceCockpit-db-deployer#flowable-async-job-executor-thread-11943#
[PollExecuteTaskStatusExecution] 2d23200b-60aa-4519-b7f8-9f40de7a8ecc [2026-08-25T08:31:29.819359] Expanding "src/gen/data/sap-common-Countries.hdbtabledata"... (STDOUT, APP/TASK/deploy)#
#2026 08 25 08:48:31.141#Z#DEBUG#9140a271-a061-11f1-b78a-eeee0a986e3f.ResilienceCockpit-db-deployer#flowable-async-job-executor-thread-11943#
[PollExecuteTaskStatusExecution] 2d23200b-60aa-4519-b7f8-9f40de7a8ecc [2026-08-25T08:31:29.819361] Expanding "src/gen/data/sap-common-Countries_texts_ar.hdbtabledata"... (STDOUT, APP/TASK/deploy)#
#2026 08 25 08:48:31.141#Z#DEBUG#9140a271-a061-11f1-b78a-eeee0a986e3f.ResilienceCockpit-db-deployer#flowable-async-job-executor-thread-11943#
[PollExecuteTaskStatusExecution] 2d23200b-60aa-4519-b7f8-9f40de7a8ecc [2026-08-25T08:31:29.819362] Expanding "src/gen/data/ResilienceCockpit-SupplierLocations.hdbtabledata"... ok (0s 3ms) (STDOUT, APP/TASK/deploy)#
#2026 08 25 08:48:31.141#Z#DEBUG#9140a271-a061-11f1-b78a-eeee0a986e3f.ResilienceCockpit-db-deployer#flowable-async-job-executor-thread-11943#
[PollExecuteTaskStatusExecution] 2d23200b-60aa-4519-b7f8-9f40de7a8ecc [2026-08-25T08:31:29.819364] Expanding "src/gen/data/sap-common-Countries_texts_bg.hdbtabledata"... (STDOUT, APP/TASK/deploy)#
#2026 08 25 08:48:31.141#Z#DEBUG#9140a271-a061-11f1-b78a-eeee0a986e3f.ResilienceCockpit-db-deployer#flowable-async-job-executor-thread-11943#
[PollExecuteTaskStatusExecution] 2d23200b-60aa-4519-b7f8-9f40de7a8ecc [2026-08-25T08:31:29.819366] Expanding "src/gen/data/sap-common-Countries.hdbtabledata"... ok (0s 2ms) (STDOUT, APP/TASK/deploy)#
#2026 08 25 08:48:31.141#Z#DEBUG#9140a271-a061-11f1-b78a-eeee0a986e3f.ResilienceCockpit-db-deployer#flowable-async-job-executor-thread-11943#
[PollExecuteTaskStatusExecution] 2d23200b-60aa-4519-b7f8-9f40de7a8ecc [2026-08-25T08:31:29.819368] Expanding "src/gen/data/sap-common-Countries_texts_cs.hdbtabledata"... (STDOUT, APP/TASK/deploy)#
#2026 08 25 08:48:31.141#Z#DEBUG#9140a271-a061-11f1-b78a-eeee0a986e3f.ResilienceCockpit-db-deployer#flowable-async-job-executor-thread-11943#
[PollExecuteTaskStatusExecution] 2d23200b-60aa-4519-b7f8-9f40de7a8ecc [2026-08-25T08:31:29.819369] Expanding "src/gen/data/ResilienceCockpit-SupplierMaterials.hdbtabledata"... ok (0s 4ms) (STDOUT, APP/TASK/deploy)#
#2026 08 25 08:48:31.141#Z#DEBUG#9140a271-a061-11f1-b78a-eeee0a986e3f.ResilienceCockpit-db-deployer#flowable-async-job-executor-thread-11943#
[PollExecuteTaskStatusExecution] 2d23200b-60aa-4519-b7f8-9f40de7a8ecc [2026-08-25T08:31:29.819372] Expanding "src/gen/data/sap-common-Countries_texts_da.hdbtabledata"... (STDOUT, APP/TASK/deploy)#
#2026 08 25 08:48:31.141#Z#DEBUG#9140a271-a061-11f1-b78a-eeee0a986e3f.ResilienceCockpit-db-deployer#flowable-async-job-executor-thread-11943#
[PollExecuteTaskStatusExecution] 2d23200b-60aa-4519-b7f8-9f40de7a8ecc [2026-08-25T08:31:29.819373] Expanding "src/gen/data/sap-common-Countries_texts_ar.hdbtabledata"... ok (0s 4ms) (STDOUT, APP/TASK/deploy)#
#2026 08 25 08:48:31.141#Z#DEBUG#9140a271-a061-11f1-b78a-eeee0a986e3f.ResilienceCockpit-db-deployer#flowable-async-job-executor-thread-11943#
[PollExecuteTaskStatusExecution] 2d23200b-60aa-4519-b7f8-9f40de7a8ecc [2026-08-25T08:31:29.819375] Expanding "src/gen/data/sap-common-Countries_texts_de.hdbtabledata"... (STDOUT, APP/TASK/deploy)#
#2026 08 25 08:48:31.141#Z#DEBUG#9140a271-a061-11f1-b78a-eeee0a986e3f.ResilienceCockpit-db-deployer#flowable-async-job-executor-thread-11943#
[PollExecuteTaskStatusExecution] 2d23200b-60aa-4519-b7f8-9f40de7a8ecc [2026-08-25T08:31:29.819377] Expanding "src/gen/data/sap-common-Countries_texts_bg.hdbtabledata"... ok (0s 3ms) (STDOUT, APP/TASK/deploy)#
#2026 08 25 08:48:31.141#Z#DEBUG#9140a271-a061-11f1-b78a-eeee0a986e3f.ResilienceCockpit-db-deployer#flowable-async-job-executor-thread-11943#
[PollExecuteTaskStatusExecution] 2d23200b-60aa-4519-b7f8-9f40de7a8ecc [2026-08-25T08:31:29.819378] Expanding "src/gen/data/sap-common-Countries_texts_el.hdbtabledata"... (STDOUT, APP/TASK/deploy)#
#2026 08 25 08:48:31.141#Z#DEBUG#9140a271-a061-11f1-b78a-eeee0a986e3f.ResilienceCockpit-db-deployer#flowable-async-job-executor-thread-11943#
[PollExecuteTaskStatusExecution] 2d23200b-60aa-4519-b7f8-9f40de7a8ecc [2026-08-25T08:31:29.819380] Expanding "src/gen/data/sap-common-Countries_texts_cs.hdbtabledata"... ok (0s 4ms) (STDOUT, APP/TASK/deploy)#
#2026 08 25 08:48:31.141#Z#DEBUG#9140a271-a061-11f1-b78a-eeee0a986e3f.ResilienceCockpit-db-deployer#flowable-async-job-executor-thread-11943#
[PollExecuteTaskStatusExecution] 2d23200b-60aa-4519-b7f8-9f40de7a8ecc [2026-08-25T08:31:29.819382] Expanding "src/gen/data/sap-common-Countries_texts_en.hdbtabledata"... (STDOUT, APP/TASK/deploy)#
#2026 08 25 08:48:31.141#Z#DEBUG#9140a271-a061-11f1-b78a-eeee0a986e3f.ResilienceCockpit-db-deployer#flowable-async-job-executor-thread-11943#
[PollExecuteTaskStatusExecution] 2d23200b-60aa-4519-b7f8-9f40de7a8ecc [2026-08-25T08:31:29.819427] Expanding "src/gen/data/sap-common-Countries_texts_de.hdbtabledata"... ok (0s 4ms) (STDOUT, APP/TASK/deploy)#
#2026 08 25 08:48:31.141#Z#DEBUG#9140a271-a061-11f1-b78a-eeee0a986e3f.ResilienceCockpit-db-deployer#flowable-async-job-executor-thread-11943#
[PollExecuteTaskStatusExecution] 2d23200b-60aa-4519-b7f8-9f40de7a8ecc [2026-08-25T08:31:29.819430] Expanding "src/gen/data/sap-common-Countries_texts_en_US_saptrc.hdbtabledata"... (STDOUT, APP/TASK/deploy)#
#2026 08 25 08:48:31.141#Z#DEBUG#9140a271-a061-11f1-b78a-eeee0a986e3f.ResilienceCockpit-db-deployer#flowable-async-job-executor-thread-11943#
[PollExecuteTaskStatusExecution] 2d23200b-60aa-4519-b7f8-9f40de7a8ecc [2026-08-25T08:31:29.819433] Expanding "src/gen/data/sap-common-Countries_texts_da.hdbtabledata"... ok (0s 5ms) (STDOUT, APP/TASK/deploy)#
#2026 08 25 08:48:31.141#Z#DEBUG#9140a271-a061-11f1-b78a-eeee0a986e3f.ResilienceCockpit-db-deployer#flowable-async-job-executor-thread-11943#
[PollExecuteTaskStatusExecution] 2d23200b-60aa-4519-b7f8-9f40de7a8ecc [2026-08-25T08:31:29.819435] Expanding "src/gen/data/sap-common-Countries_texts_es.hdbtabledata"... (STDOUT, APP/TASK/deploy)#
#2026 08 25 08:48:31.141#Z#DEBUG#9140a271-a061-11f1-b78a-eeee0a986e3f.ResilienceCockpit-db-deployer#flowable-async-job-executor-thread-11943#
[PollExecuteTaskStatusExecution] 2d23200b-60aa-4519-b7f8-9f40de7a8ecc [2026-08-25T08:31:29.819437] Expanding "src/gen/data/sap-common-Countries_texts_el.hdbtabledata"... ok (0s 4ms) (STDOUT, APP/TASK/deploy)#
#2026 08 25 08:48:31.141#Z#DEBUG#9140a271-a061-11f1-b78a-eeee0a986e3f.ResilienceCockpit-db-deployer#flowable-async-job-executor-thread-11943#
[PollExecuteTaskStatusExecution] 2d23200b-60aa-4519-b7f8-9f40de7a8ecc [2026-08-25T08:31:29.819439] Expanding "src/gen/data/sap-common-Countries_texts_es_MX.hdbtabledata"... (STDOUT, APP/TASK/deploy)#
#2026 08 25 08:48:31.141#Z#DEBUG#9140a271-a061-11f1-b78a-eeee0a986e3f.ResilienceCockpit-db-deployer#flowable-async-job-executor-thread-11943#
[PollExecuteTaskStatusExecution] 2d23200b-60aa-4519-b7f8-9f40de7a8ecc [2026-08-25T08:31:29.819441] Expanding "src/gen/data/sap-common-Countries_texts_en.hdbtabledata"... ok (0s 4ms) (STDOUT, APP/TASK/deploy)#
#2026 08 25 08:48:31.141#Z#DEBUG#9140a271-a061-11f1-b78a-eeee0a986e3f.ResilienceCockpit-db-deployer#flowable-async-job-executor-thread-11943#
[PollExecuteTaskStatusExecution] 2d23200b-60aa-4519-b7f8-9f40de7a8ecc [2026-08-25T08:31:29.819443] Expanding "src/gen/data/sap-common-Countries_texts_fi.hdbtabledata"... (STDOUT, APP/TASK/deploy)#
#2026 08 25 08:48:31.141#Z#DEBUG#9140a271-a061-11f1-b78a-eeee0a986e3f.ResilienceCockpit-db-deployer#flowable-async-job-executor-thread-11943#
[PollExecuteTaskStatusExecution] 2d23200b-60aa-4519-b7f8-9f40de7a8ecc [2026-08-25T08:31:29.819445] Expanding "src/gen/data/sap-common-Countries_texts_en_US_saptrc.hdbtabledata"... ok (0s 3ms) (STDOUT, APP/TASK/deploy)#
#2026 08 25 08:48:31.141#Z#DEBUG#9140a271-a061-11f1-b78a-eeee0a986e3f.ResilienceCockpit-db-deployer#flowable-async-job-executor-thread-11943#
[PollExecuteTaskStatusExecution] 2d23200b-60aa-4519-b7f8-9f40de7a8ecc [2026-08-25T08:31:29.819447] Expanding "src/gen/data/sap-common-Countries_texts_es.hdbtabledata"... ok (0s 4ms) (STDOUT, APP/TASK/deploy)#
#2026 08 25 08:48:31.141#Z#DEBUG#9140a271-a061-11f1-b78a-eeee0a986e3f.ResilienceCockpit-db-deployer#flowable-async-job-executor-thread-11943#
[PollExecuteTaskStatusExecution] 2d23200b-60aa-4519-b7f8-9f40de7a8ecc [2026-08-25T08:31:29.819448] Expanding "src/gen/data/sap-common-Countries_texts_fr.hdbtabledata"... (STDOUT, APP/TASK/deploy)#
#2026 08 25 08:48:31.141#Z#DEBUG#9140a271-a061-11f1-b78a-eeee0a986e3f.ResilienceCockpit-db-deployer#flowable-async-job-executor-thread-11943#
[PollExecuteTaskStatusExecution] 2d23200b-60aa-4519-b7f8-9f40de7a8ecc [2026-08-25T08:31:29.819450] Expanding "src/gen/data/sap-common-Countries_texts_he.hdbtabledata"... (STDOUT, APP/TASK/deploy)#
#2026 08 25 08:48:31.141#Z#DEBUG#9140a271-a061-11f1-b78a-eeee0a986e3f.ResilienceCockpit-db-deployer#flowable-async-job-executor-thread-11943#
[PollExecuteTaskStatusExecution] 2d23200b-60aa-4519-b7f8-9f40de7a8ecc [2026-08-25T08:31:29.819452] Expanding "src/gen/data/sap-common-Countries_texts_es_MX.hdbtabledata"... ok (0s 3ms) (STDOUT, APP/TASK/deploy)#
#2026 08 25 08:48:31.141#Z#DEBUG#9140a271-a061-11f1-b78a-eeee0a986e3f.ResilienceCockpit-db-deployer#flowable-async-job-executor-thread-11943#
[PollExecuteTaskStatusExecution] 2d23200b-60aa-4519-b7f8-9f40de7a8ecc [2026-08-25T08:31:29.819454] Expanding "src/gen/data/sap-common-Countries_texts_hr.hdbtabledata"... (STDOUT, APP/TASK/deploy)#
#2026 08 25 08:48:31.141#Z#DEBUG#9140a271-a061-11f1-b78a-eeee0a986e3f.ResilienceCockpit-db-deployer#flowable-async-job-executor-thread-11943#
[PollExecuteTaskStatusExecution] 2d23200b-60aa-4519-b7f8-9f40de7a8ecc [2026-08-25T08:31:29.819456] Expanding "src/gen/data/sap-common-Countries_texts_fi.hdbtabledata"... ok (0s 3ms) (STDOUT, APP/TASK/deploy)#
#2026 08 25 08:48:31.141#Z#DEBUG#9140a271-a061-11f1-b78a-eeee0a986e3f.ResilienceCockpit-db-deployer#flowable-async-job-executor-thread-11943#
[PollExecuteTaskStatusExecution] 2d23200b-60aa-4519-b7f8-9f40de7a8ecc [2026-08-25T08:31:29.819460] Expanding "src/gen/data/sap-common-Countries_texts_hu.hdbtabledata"... (STDOUT, APP/TASK/deploy)#
#2026 08 25 08:48:31.141#Z#DEBUG#9140a271-a061-11f1-b78a-eeee0a986e3f.ResilienceCockpit-db-deployer#flowable-async-job-executor-thread-11943#
[PollExecuteTaskStatusExecution] 2d23200b-60aa-4519-b7f8-9f40de7a8ecc [2026-08-25T08:31:29.819462] Expanding "src/gen/data/sap-common-Countries_texts_he.hdbtabledata"... ok (0s 3ms) (STDOUT, APP/TASK/deploy)#
#2026 08 25 08:48:31.141#Z#DEBUG#9140a271-a061-11f1-b78a-eeee0a986e3f.ResilienceCockpit-db-deployer#flowable-async-job-executor-thread-11943#
[PollExecuteTaskStatusExecution] 2d23200b-60aa-4519-b7f8-9f40de7a8ecc [2026-08-25T08:31:29.819463] Expanding "src/gen/data/sap-common-Countries_texts_fr.hdbtabledata"... ok (0s 3ms) (STDOUT, APP/TASK/deploy)#
#2026 08 25 08:48:31.141#Z#DEBUG#9140a271-a061-11f1-b78a-eeee0a986e3f.ResilienceCockpit-db-deployer#flowable-async-job-executor-thread-11943#
[PollExecuteTaskStatusExecution] 2d23200b-60aa-4519-b7f8-9f40de7a8ecc [2026-08-25T08:31:29.819466] Expanding "src/gen/data/sap-common-Countries_texts_it.hdbtabledata"... (STDOUT, APP/TASK/deploy)#
#2026 08 25 08:48:31.141#Z#DEBUG#9140a271-a061-11f1-b78a-eeee0a986e3f.ResilienceCockpit-db-deployer#flowable-async-job-executor-thread-11943#
[PollExecuteTaskStatusExecution] 2d23200b-60aa-4519-b7f8-9f40de7a8ecc [2026-08-25T08:31:29.819468] Expanding "src/gen/data/sap-common-Countries_texts_ja.hdbtabledata"... (STDOUT, APP/TASK/deploy)#
#2026 08 25 08:48:31.141#Z#DEBUG#9140a271-a061-11f1-b78a-eeee0a986e3f.ResilienceCockpit-db-deployer#flowable-async-job-executor-thread-11943#
[PollExecuteTaskStatusExecution] 2d23200b-60aa-4519-b7f8-9f40de7a8ecc [2026-08-25T08:31:29.819494] Expanding "src/gen/data/sap-common-Countries_texts_hr.hdbtabledata"... ok (0s 3ms) (STDOUT, APP/TASK/deploy)#
#2026 08 25 08:48:31.141#Z#DEBUG#9140a271-a061-11f1-b78a-eeee0a986e3f.ResilienceCockpit-db-deployer#flowable-async-job-executor-thread-11943#
[PollExecuteTaskStatusExecution] 2d23200b-60aa-4519-b7f8-9f40de7a8ecc [2026-08-25T08:31:29.819497] Expanding "src/gen/data/sap-common-Countries_texts_hu.hdbtabledata"... ok (0s 3ms) (STDOUT, APP/TASK/deploy)#
#2026 08 25 08:48:31.141#Z#DEBUG#9140a271-a061-11f1-b78a-eeee0a986e3f.ResilienceCockpit-db-deployer#flowable-async-job-executor-thread-11943#
[PollExecuteTaskStatusExecution] 2d23200b-60aa-4519-b7f8-9f40de7a8ecc [2026-08-25T08:31:29.819499] Expanding "src/gen/data/sap-common-Countries_texts_kk.hdbtabledata"... (STDOUT, APP/TASK/deploy)#
#2026 08 25 08:48:31.141#Z#DEBUG#9140a271-a061-11f1-b78a-eeee0a986e3f.ResilienceCockpit-db-deployer#flowable-async-job-executor-thread-11943#
[PollExecuteTaskStatusExecution] 2d23200b-60aa-4519-b7f8-9f40de7a8ecc [2026-08-25T08:31:29.819501] Expanding "src/gen/data/sap-common-Countries_texts_ko.hdbtabledata"... (STDOUT, APP/TASK/deploy)#
#2026 08 25 08:48:31.141#Z#DEBUG#9140a271-a061-11f1-b78a-eeee0a986e3f.ResilienceCockpit-db-deployer#flowable-async-job-executor-thread-11943#
[PollExecuteTaskStatusExecution] 2d23200b-60aa-4519-b7f8-9f40de7a8ecc [2026-08-25T08:31:29.819503] Expanding "src/gen/data/sap-common-Countries_texts_ja.hdbtabledata"... ok (0s 3ms) (STDOUT, APP/TASK/deploy)#
#2026 08 25 08:48:31.141#Z#DEBUG#9140a271-a061-11f1-b78a-eeee0a986e3f.ResilienceCockpit-db-deployer#flowable-async-job-executor-thread-11943#
[PollExecuteTaskStatusExecution] 2d23200b-60aa-4519-b7f8-9f40de7a8ecc [2026-08-25T08:31:29.819505] Expanding "src/gen/data/sap-common-Countries_texts_ko.hdbtabledata"... ok (0s 2ms) (STDOUT, APP/TASK/deploy)#
#2026 08 25 08:48:31.141#Z#DEBUG#9140a271-a061-11f1-b78a-eeee0a986e3f.ResilienceCockpit-db-deployer#flowable-async-job-executor-thread-11943#
[PollExecuteTaskStatusExecution] 2d23200b-60aa-4519-b7f8-9f40de7a8ecc [2026-08-25T08:31:29.819507] Expanding "src/gen/data/sap-common-Countries_texts_ms.hdbtabledata"... (STDOUT, APP/TASK/deploy)#
#2026 08 25 08:48:31.141#Z#DEBUG#9140a271-a061-11f1-b78a-eeee0a986e3f.ResilienceCockpit-db-deployer#flowable-async-job-executor-thread-11943#
[PollExecuteTaskStatusExecution] 2d23200b-60aa-4519-b7f8-9f40de7a8ecc [2026-08-25T08:31:29.819509] Expanding "src/gen/data/sap-common-Countries_texts_nl.hdbtabledata"... (STDOUT, APP/TASK/deploy)#
#2026 08 25 08:48:31.141#Z#DEBUG#9140a271-a061-11f1-b78a-eeee0a986e3f.ResilienceCockpit-db-deployer#flowable-async-job-executor-thread-11943#
[PollExecuteTaskStatusExecution] 2d23200b-60aa-4519-b7f8-9f40de7a8ecc [2026-08-25T08:31:29.819511] Expanding "src/gen/data/sap-common-Countries_texts_it.hdbtabledata"... ok (0s 3ms) (STDOUT, APP/TASK/deploy)#
#2026 08 25 08:48:31.141#Z#DEBUG#9140a271-a061-11f1-b78a-eeee0a986e3f.ResilienceCockpit-db-deployer#flowable-async-job-executor-thread-11943#
[PollExecuteTaskStatusExecution] 2d23200b-60aa-4519-b7f8-9f40de7a8ecc [2026-08-25T08:31:29.819512] Expanding "src/gen/data/sap-common-Countries_texts_no.hdbtabledata"... (STDOUT, APP/TASK/deploy)#
#2026 08 25 08:48:31.141#Z#DEBUG#9140a271-a061-11f1-b78a-eeee0a986e3f.ResilienceCockpit-db-deployer#flowable-async-job-executor-thread-11943#
[PollExecuteTaskStatusExecution] 2d23200b-60aa-4519-b7f8-9f40de7a8ecc [2026-08-25T08:31:29.819514] Expanding "src/gen/data/sap-common-Countries_texts_kk.hdbtabledata"... ok (0s 3ms) (STDOUT, APP/TASK/deploy)#
#2026 08 25 08:48:31.141#Z#DEBUG#9140a271-a061-11f1-b78a-eeee0a986e3f.ResilienceCockpit-db-deployer#flowable-async-job-executor-thread-11943#
[PollExecuteTaskStatusExecution] 2d23200b-60aa-4519-b7f8-9f40de7a8ecc [2026-08-25T08:31:29.819516] Expanding "src/gen/data/sap-common-Countries_texts_pl.hdbtabledata"... (STDOUT, APP/TASK/deploy)#
#2026 08 25 08:48:31.141#Z#DEBUG#9140a271-a061-11f1-b78a-eeee0a986e3f.ResilienceCockpit-db-deployer#flowable-async-job-executor-thread-11943#
[PollExecuteTaskStatusExecution] 2d23200b-60aa-4519-b7f8-9f40de7a8ecc [2026-08-25T08:31:29.819517] Expanding "src/gen/data/sap-common-Countries_texts_ms.hdbtabledata"... ok (0s 3ms) (STDOUT, APP/TASK/deploy)#
#2026 08 25 08:48:31.141#Z#DEBUG#9140a271-a061-11f1-b78a-eeee0a986e3f.ResilienceCockpit-db-deployer#flowable-async-job-executor-thread-11943#
[PollExecuteTaskStatusExecution] 2d23200b-60aa-4519-b7f8-9f40de7a8ecc [2026-08-25T08:31:29.819531] Expanding "src/gen/data/sap-common-Countries_texts_pt.hdbtabledata"... (STDOUT, APP/TASK/deploy)#
#2026 08 25 08:48:31.141#Z#DEBUG#9140a271-a061-11f1-b78a-eeee0a986e3f.ResilienceCockpit-db-deployer#flowable-async-job-executor-thread-11943#
[PollExecuteTaskStatusExecution] 2d23200b-60aa-4519-b7f8-9f40de7a8ecc [2026-08-25T08:31:29.819533] Expanding "src/gen/data/sap-common-Countries_texts_no.hdbtabledata"... ok (0s 3ms) (STDOUT, APP/TASK/deploy)#
#2026 08 25 08:48:31.141#Z#DEBUG#9140a271-a061-11f1-b78a-eeee0a986e3f.ResilienceCockpit-db-deployer#flowable-async-job-executor-thread-11943#
[PollExecuteTaskStatusExecution] 2d23200b-60aa-4519-b7f8-9f40de7a8ecc [2026-08-25T08:31:29.819536] Expanding "src/gen/data/sap-common-Countries_texts_ro.hdbtabledata"... (STDOUT, APP/TASK/deploy)#
#2026 08 25 08:48:31.141#Z#DEBUG#9140a271-a061-11f1-b78a-eeee0a986e3f.ResilienceCockpit-db-deployer#flowable-async-job-executor-thread-11943#
[PollExecuteTaskStatusExecution] 2d23200b-60aa-4519-b7f8-9f40de7a8ecc [2026-08-25T08:31:29.819537] Expanding "src/gen/data/sap-common-Countries_texts_nl.hdbtabledata"... ok (0s 5ms) (STDOUT, APP/TASK/deploy)#
#2026 08 25 08:48:31.141#Z#DEBUG#9140a271-a061-11f1-b78a-eeee0a986e3f.ResilienceCockpit-db-deployer#flowable-async-job-executor-thread-11943#
[PollExecuteTaskStatusExecution] 2d23200b-60aa-4519-b7f8-9f40de7a8ecc [2026-08-25T08:31:29.819539] Expanding "src/gen/data/sap-common-Countries_texts_pl.hdbtabledata"... ok (0s 4ms) (STDOUT, APP/TASK/deploy)#
#2026 08 25 08:48:31.141#Z#DEBUG#9140a271-a061-11f1-b78a-eeee0a986e3f.ResilienceCockpit-db-deployer#flowable-async-job-executor-thread-11943#
[PollExecuteTaskStatusExecution] 2d23200b-60aa-4519-b7f8-9f40de7a8ecc [2026-08-25T08:31:29.819541] Expanding "src/gen/data/sap-common-Countries_texts_ru.hdbtabledata"... (STDOUT, APP/TASK/deploy)#
#2026 08 25 08:48:31.141#Z#DEBUG#9140a271-a061-11f1-b78a-eeee0a986e3f.ResilienceCockpit-db-deployer#flowable-async-job-executor-thread-11943#
[PollExecuteTaskStatusExecution] 2d23200b-60aa-4519-b7f8-9f40de7a8ecc [2026-08-25T08:31:29.819543] Expanding "src/gen/data/sap-common-Countries_texts_sh.hdbtabledata"... (STDOUT, APP/TASK/deploy)#
#2026 08 25 08:48:31.141#Z#DEBUG#9140a271-a061-11f1-b78a-eeee0a986e3f.ResilienceCockpit-db-deployer#flowable-async-job-executor-thread-11943#
[PollExecuteTaskStatusExecution] 2d23200b-60aa-4519-b7f8-9f40de7a8ecc [2026-08-25T08:31:29.819545] Expanding "src/gen/data/sap-common-Countries_texts_pt.hdbtabledata"... ok (0s 2ms) (STDOUT, APP/TASK/deploy)#
#2026 08 25 08:48:31.141#Z#DEBUG#9140a271-a061-11f1-b78a-eeee0a986e3f.ResilienceCockpit-db-deployer#flowable-async-job-executor-thread-11943#
[PollExecuteTaskStatusExecution] 2d23200b-60aa-4519-b7f8-9f40de7a8ecc [2026-08-25T08:31:29.819546] Expanding "src/gen/data/sap-common-Countries_texts_sk.hdbtabledata"... (STDOUT, APP/TASK/deploy)#
#2026 08 25 08:48:31.141#Z#DEBUG#9140a271-a061-11f1-b78a-eeee0a986e3f.ResilienceCockpit-db-deployer#flowable-async-job-executor-thread-11943#
[PollExecuteTaskStatusExecution] 2d23200b-60aa-4519-b7f8-9f40de7a8ecc [2026-08-25T08:31:29.819548] Expanding "src/gen/data/sap-common-Countries_texts_ro.hdbtabledata"... ok (0s 4ms) (STDOUT, APP/TASK/deploy)#
#2026 08 25 08:48:31.141#Z#DEBUG#9140a271-a061-11f1-b78a-eeee0a986e3f.ResilienceCockpit-db-deployer#flowable-async-job-executor-thread-11943#
[PollExecuteTaskStatusExecution] 2d23200b-60aa-4519-b7f8-9f40de7a8ecc [2026-08-25T08:31:29.819555] Expanding "src/gen/data/sap-common-Countries_texts_ru.hdbtabledata"... ok (0s 3ms) (STDOUT, APP/TASK/deploy)#
#2026 08 25 08:48:31.141#Z#DEBUG#9140a271-a061-11f1-b78a-eeee0a986e3f.ResilienceCockpit-db-deployer#flowable-async-job-executor-thread-11943#
[PollExecuteTaskStatusExecution] 2d23200b-60aa-4519-b7f8-9f40de7a8ecc [2026-08-25T08:31:29.819557] Expanding "src/gen/data/sap-common-Countries_texts_sl.hdbtabledata"... (STDOUT, APP/TASK/deploy)#
#2026 08 25 08:48:31.141#Z#DEBUG#9140a271-a061-11f1-b78a-eeee0a986e3f.ResilienceCockpit-db-deployer#flowable-async-job-executor-thread-11943#
[PollExecuteTaskStatusExecution] 2d23200b-60aa-4519-b7f8-9f40de7a8ecc [2026-08-25T08:31:29.819559] Expanding "src/gen/data/sap-common-Countries_texts_sv.hdbtabledata"... (STDOUT, APP/TASK/deploy)#
#2026 08 25 08:48:31.141#Z#DEBUG#9140a271-a061-11f1-b78a-eeee0a986e3f.ResilienceCockpit-db-deployer#flowable-async-job-executor-thread-11943#
[PollExecuteTaskStatusExecution] 2d23200b-60aa-4519-b7f8-9f40de7a8ecc [2026-08-25T08:31:29.819566] Expanding "src/gen/data/sap-common-Countries_texts_sh.hdbtabledata"... ok (0s 3ms) (STDOUT, APP/TASK/deploy)#
#2026 08 25 08:48:31.141#Z#DEBUG#9140a271-a061-11f1-b78a-eeee0a986e3f.ResilienceCockpit-db-deployer#flowable-async-job-executor-thread-11943#
[PollExecuteTaskStatusExecution] 2d23200b-60aa-4519-b7f8-9f40de7a8ecc [2026-08-25T08:31:29.819568] Expanding "src/gen/data/sap-common-Countries_texts_th.hdbtabledata"... (STDOUT, APP/TASK/deploy)#
#2026 08 25 08:48:31.141#Z#DEBUG#9140a271-a061-11f1-b78a-eeee0a986e3f.ResilienceCockpit-db-deployer#flowable-async-job-executor-thread-11943#
[PollExecuteTaskStatusExecution] 2d23200b-60aa-4519-b7f8-9f40de7a8ecc [2026-08-25T08:31:29.819570] Expanding "src/gen/data/sap-common-Countries_texts_sk.hdbtabledata"... ok (0s 3ms) (STDOUT, APP/TASK/deploy)#
#2026 08 25 08:48:31.141#Z#DEBUG#9140a271-a061-11f1-b78a-eeee0a986e3f.ResilienceCockpit-db-deployer#flowable-async-job-executor-thread-11943#
[PollExecuteTaskStatusExecution] 2d23200b-60aa-4519-b7f8-9f40de7a8ecc [2026-08-25T08:31:29.819573] Expanding "src/gen/data/sap-common-Countries_texts_tr.hdbtabledata"... (STDOUT, APP/TASK/deploy)#
#2026 08 25 08:48:31.141#Z#DEBUG#9140a271-a061-11f1-b78a-eeee0a986e3f.ResilienceCockpit-db-deployer#flowable-async-job-executor-thread-11943#
[PollExecuteTaskStatusExecution] 2d23200b-60aa-4519-b7f8-9f40de7a8ecc [2026-08-25T08:31:29.819809] Expanding "src/gen/data/sap-common-Countries_texts_th.hdbtabledata"... ok (0s 3ms) (STDOUT, APP/TASK/deploy)#
#2026 08 25 08:48:31.141#Z#DEBUG#9140a271-a061-11f1-b78a-eeee0a986e3f.ResilienceCockpit-db-deployer#flowable-async-job-executor-thread-11943#
[PollExecuteTaskStatusExecution] 2d23200b-60aa-4519-b7f8-9f40de7a8ecc [2026-08-25T08:31:29.819815] Expanding "src/gen/data/sap-common-Countries_texts_sv.hdbtabledata"... ok (0s 3ms) (STDOUT, APP/TASK/deploy)#
#2026 08 25 08:48:31.141#Z#DEBUG#9140a271-a061-11f1-b78a-eeee0a986e3f.ResilienceCockpit-db-deployer#flowable-async-job-executor-thread-11943#
[PollExecuteTaskStatusExecution] 2d23200b-60aa-4519-b7f8-9f40de7a8ecc [2026-08-25T08:31:29.819817] Expanding "src/gen/data/sap-common-Countries_texts_uk.hdbtabledata"... (STDOUT, APP/TASK/deploy)#
#2026 08 25 08:48:31.141#Z#DEBUG#9140a271-a061-11f1-b78a-eeee0a986e3f.ResilienceCockpit-db-deployer#flowable-async-job-executor-thread-11943#
[PollExecuteTaskStatusExecution] 2d23200b-60aa-4519-b7f8-9f40de7a8ecc [2026-08-25T08:31:29.819821] Expanding "src/gen/data/sap-common-Countries_texts_sl.hdbtabledata"... ok (0s 3ms) (STDOUT, APP/TASK/deploy)#
#2026 08 25 08:48:31.141#Z#DEBUG#9140a271-a061-11f1-b78a-eeee0a986e3f.ResilienceCockpit-db-deployer#flowable-async-job-executor-thread-11943#
[PollExecuteTaskStatusExecution] 2d23200b-60aa-4519-b7f8-9f40de7a8ecc [2026-08-25T08:31:29.819822] Expanding "src/gen/data/sap-common-Countries_texts_zh_CN.hdbtabledata"... (STDOUT, APP/TASK/deploy)#
#2026 08 25 08:48:31.141#Z#DEBUG#9140a271-a061-11f1-b78a-eeee0a986e3f.ResilienceCockpit-db-deployer#flowable-async-job-executor-thread-11943#
[PollExecuteTaskStatusExecution] 2d23200b-60aa-4519-b7f8-9f40de7a8ecc [2026-08-25T08:31:29.819825] Expanding "src/gen/data/sap-common-Countries_texts_zh_TW.hdbtabledata"... (STDOUT, APP/TASK/deploy)#
#2026 08 25 08:48:31.141#Z#DEBUG#9140a271-a061-11f1-b78a-eeee0a986e3f.ResilienceCockpit-db-deployer#flowable-async-job-executor-thread-11943#
[PollExecuteTaskStatusExecution] 2d23200b-60aa-4519-b7f8-9f40de7a8ecc [2026-08-25T08:31:29.819826] Expanding "src/gen/data/sap-common-Countries_texts_tr.hdbtabledata"... ok (0s 3ms) (STDOUT, APP/TASK/deploy)#
#2026 08 25 08:48:31.141#Z#DEBUG#9140a271-a061-11f1-b78a-eeee0a986e3f.ResilienceCockpit-db-deployer#flowable-async-job-executor-thread-11943#
[PollExecuteTaskStatusExecution] 2d23200b-60aa-4519-b7f8-9f40de7a8ecc [2026-08-25T08:31:29.819828] Expanding "src/gen/localized.ResilienceCockpitService.Countries.hdbview"... (STDOUT, APP/TASK/deploy)#
#2026 08 25 08:48:31.141#Z#DEBUG#9140a271-a061-11f1-b78a-eeee0a986e3f.ResilienceCockpit-db-deployer#flowable-async-job-executor-thread-11943#
[PollExecuteTaskStatusExecution] 2d23200b-60aa-4519-b7f8-9f40de7a8ecc [2026-08-25T08:31:29.819830] Expanding "src/gen/data/sap-common-Countries_texts_uk.hdbtabledata"... ok (0s 3ms) (STDOUT, APP/TASK/deploy)#
#2026 08 25 08:48:31.141#Z#DEBUG#9140a271-a061-11f1-b78a-eeee0a986e3f.ResilienceCockpit-db-deployer#flowable-async-job-executor-thread-11943#
[PollExecuteTaskStatusExecution] 2d23200b-60aa-4519-b7f8-9f40de7a8ecc [2026-08-25T08:31:29.819832] Expanding "src/gen/localized.sap.common.Countries.hdbview"... (STDOUT, APP/TASK/deploy)#
#2026 08 25 08:48:31.141#Z#DEBUG#9140a271-a061-11f1-b78a-eeee0a986e3f.ResilienceCockpit-db-deployer#flowable-async-job-executor-thread-11943#
[PollExecuteTaskStatusExecution] 2d23200b-60aa-4519-b7f8-9f40de7a8ecc [2026-08-25T08:31:29.819835] Expanding "src/gen/data/sap-common-Countries_texts_zh_CN.hdbtabledata"... ok (0s 2ms) (STDOUT, APP/TASK/deploy)#
#2026 08 25 08:48:31.141#Z#DEBUG#9140a271-a061-11f1-b78a-eeee0a986e3f.ResilienceCockpit-db-deployer#flowable-async-job-executor-thread-11943#
[PollExecuteTaskStatusExecution] 2d23200b-60aa-4519-b7f8-9f40de7a8ecc [2026-08-25T08:31:29.819838] Expanding "src/gen/sap.common.Countries.hdbtable"... (STDOUT, APP/TASK/deploy)#
#2026 08 25 08:48:31.141#Z#DEBUG#9140a271-a061-11f1-b78a-eeee0a986e3f.ResilienceCockpit-db-deployer#flowable-async-job-executor-thread-11943#
[PollExecuteTaskStatusExecution] 2d23200b-60aa-4519-b7f8-9f40de7a8ecc [2026-08-25T08:31:29.819840] Expanding "src/gen/data/sap-common-Countries_texts_zh_TW.hdbtabledata"... ok (0s 3ms) (STDOUT, APP/TASK/deploy)#
#2026 08 25 08:48:31.141#Z#DEBUG#9140a271-a061-11f1-b78a-eeee0a986e3f.ResilienceCockpit-db-deployer#flowable-async-job-executor-thread-11943#
[PollExecuteTaskStatusExecution] 2d23200b-60aa-4519-b7f8-9f40de7a8ecc [2026-08-25T08:31:29.819842] Expanding "src/gen/sap.common.Countries_texts.hdbtable"... (STDOUT, APP/TASK/deploy)#
#2026 08 25 08:48:31.141#Z#DEBUG#9140a271-a061-11f1-b78a-eeee0a986e3f.ResilienceCockpit-db-deployer#flowable-async-job-executor-thread-11943#
[PollExecuteTaskStatusExecution] 2d23200b-60aa-4519-b7f8-9f40de7a8ecc [2026-08-25T08:31:29.819845] Expanding "src/gen/localized.ResilienceCockpitService.Countries.hdbview"... ok (0s 14ms) (STDOUT, APP/TASK/deploy)#
#2026 08 25 08:48:31.141#Z#DEBUG#9140a271-a061-11f1-b78a-eeee0a986e3f.ResilienceCockpit-db-deployer#flowable-async-job-executor-thread-11943#
[PollExecuteTaskStatusExecution] 2d23200b-60aa-4519-b7f8-9f40de7a8ecc [2026-08-25T08:31:29.819847] Expanding "src/gen/localized.sap.common.Countries.hdbview"... ok (0s 14ms) (STDOUT, APP/TASK/deploy)#
#2026 08 25 08:48:31.141#Z#DEBUG#9140a271-a061-11f1-b78a-eeee0a986e3f.ResilienceCockpit-db-deployer#flowable-async-job-executor-thread-11943#
[PollExecuteTaskStatusExecution] 2d23200b-60aa-4519-b7f8-9f40de7a8ecc [2026-08-25T08:31:29.819849] Expanding "src/gen/sap.common.Countries.hdbtable"... ok (0s 14ms) (STDOUT, APP/TASK/deploy)#
#2026 08 25 08:48:31.141#Z#DEBUG#9140a271-a061-11f1-b78a-eeee0a986e3f.ResilienceCockpit-db-deployer#flowable-async-job-executor-thread-11943#
[PollExecuteTaskStatusExecution] 2d23200b-60aa-4519-b7f8-9f40de7a8ecc [2026-08-25T08:31:29.819851] Expanding "src/gen/sap.common.Countries_texts.hdbtable"... ok (0s 15ms) (STDOUT, APP/TASK/deploy)#
#2026 08 25 08:48:31.141#Z#DEBUG#9140a271-a061-11f1-b78a-eeee0a986e3f.ResilienceCockpit-db-deployer#flowable-async-job-executor-thread-11943#
[PollExecuteTaskStatusExecution] 2d23200b-60aa-4519-b7f8-9f40de7a8ecc [2026-08-25T08:31:29.819853] Expanding... ok (0s 204ms) (STDOUT, APP/TASK/deploy)#
#2026 08 25 08:48:31.141#Z#DEBUG#9140a271-a061-11f1-b78a-eeee0a986e3f.ResilienceCockpit-db-deployer#flowable-async-job-executor-thread-11943#
[PollExecuteTaskStatusExecution] 2d23200b-60aa-4519-b7f8-9f40de7a8ecc [2026-08-25T08:31:29.819855] Precompiling... (STDOUT, APP/TASK/deploy)#
#2026 08 25 08:48:31.141#Z#DEBUG#9140a271-a061-11f1-b78a-eeee0a986e3f.ResilienceCockpit-db-deployer#flowable-async-job-executor-thread-11943#
[PollExecuteTaskStatusExecution] 2d23200b-60aa-4519-b7f8-9f40de7a8ecc [2026-08-25T08:31:29.819857] Precompiling "src/gen/DRAFT.DraftAdministrativeData.hdbtable"... (STDOUT, APP/TASK/deploy)#
#2026 08 25 08:48:31.141#Z#DEBUG#9140a271-a061-11f1-b78a-eeee0a986e3f.ResilienceCockpit-db-deployer#flowable-async-job-executor-thread-11943#
[PollExecuteTaskStatusExecution] 2d23200b-60aa-4519-b7f8-9f40de7a8ecc [2026-08-25T08:31:29.819859] Precompiling "src/gen/ResilienceCockpit.AlternateSuppliers.hdbtable"... (STDOUT, APP/TASK/deploy)#
#2026 08 25 08:48:31.141#Z#DEBUG#9140a271-a061-11f1-b78a-eeee0a986e3f.ResilienceCockpit-db-deployer#flowable-async-job-executor-thread-11943#
[PollExecuteTaskStatusExecution] 2d23200b-60aa-4519-b7f8-9f40de7a8ecc [2026-08-25T08:31:29.819860] Precompiling "src/gen/ResilienceCockpit.AlternativeMaterials.hdbtable"... (STDOUT, APP/TASK/deploy)#
#2026 08 25 08:48:31.141#Z#DEBUG#9140a271-a061-11f1-b78a-eeee0a986e3f.ResilienceCockpit-db-deployer#flowable-async-job-executor-thread-11943#
[PollExecuteTaskStatusExecution] 2d23200b-60aa-4519-b7f8-9f40de7a8ecc [2026-08-25T08:31:29.819863] Precompiling "src/gen/ResilienceCockpit.SupplierLocations.hdbtable"... (STDOUT, APP/TASK/deploy)#
#2026 08 25 08:48:31.141#Z#DEBUG#9140a271-a061-11f1-b78a-eeee0a986e3f.ResilienceCockpit-db-deployer#flowable-async-job-executor-thread-11943#
[PollExecuteTaskStatusExecution] 2d23200b-60aa-4519-b7f8-9f40de7a8ecc [2026-08-25T08:31:29.819865] Precompiling "src/gen/ResilienceCockpit.AlternativeMaterials.hdbtable"... ok (0s 14ms) (STDOUT, APP/TASK/deploy)#
#2026 08 25 08:48:31.141#Z#DEBUG#9140a271-a061-11f1-b78a-eeee0a986e3f.ResilienceCockpit-db-deployer#flowable-async-job-executor-thread-11943#
[PollExecuteTaskStatusExecution] 2d23200b-60aa-4519-b7f8-9f40de7a8ecc [2026-08-25T08:31:29.819868] Precompiling "src/gen/ResilienceCockpit.SupplierLocations.hdbtable"... ok (0s 14ms) (STDOUT, APP/TASK/deploy)#
#2026 08 25 08:48:31.141#Z#DEBUG#9140a271-a061-11f1-b78a-eeee0a986e3f.ResilienceCockpit-db-deployer#flowable-async-job-executor-thread-11943#
[PollExecuteTaskStatusExecution] 2d23200b-60aa-4519-b7f8-9f40de7a8ecc [2026-08-25T08:31:29.819870] Precompiling "src/gen/DRAFT.DraftAdministrativeData.hdbtable"... ok (0s 17ms) (STDOUT, APP/TASK/deploy)#
#2026 08 25 08:48:31.141#Z#DEBUG#9140a271-a061-11f1-b78a-eeee0a986e3f.ResilienceCockpit-db-deployer#flowable-async-job-executor-thread-11943#
[PollExecuteTaskStatusExecution] 2d23200b-60aa-4519-b7f8-9f40de7a8ecc [2026-08-25T08:31:29.819872] Precompiling "src/gen/ResilienceCockpitService.AlternateSuppliers.hdbview"... (STDOUT, APP/TASK/deploy)#
#2026 08 25 08:48:31.141#Z#DEBUG#9140a271-a061-11f1-b78a-eeee0a986e3f.ResilienceCockpit-db-deployer#flowable-async-job-executor-thread-11943#
[PollExecuteTaskStatusExecution] 2d23200b-60aa-4519-b7f8-9f40de7a8ecc [2026-08-25T08:31:29.819874] Precompiling "src/gen/ResilienceCockpit.AlternateSuppliers.hdbtable"... ok (0s 15ms) (STDOUT, APP/TASK/deploy)#
#2026 08 25 08:48:31.141#Z#DEBUG#9140a271-a061-11f1-b78a-eeee0a986e3f.ResilienceCockpit-db-deployer#flowable-async-job-executor-thread-11943#
[PollExecuteTaskStatusExecution] 2d23200b-60aa-4519-b7f8-9f40de7a8ecc [2026-08-25T08:31:29.819876] Precompiling "src/gen/ResilienceCockpitService.AlternateSuppliers_drafts.hdbtable"... (STDOUT, APP/TASK/deploy)#
#2026 08 25 08:48:31.141#Z#DEBUG#9140a271-a061-11f1-b78a-eeee0a986e3f.ResilienceCockpit-db-deployer#flowable-async-job-executor-thread-11943#
[PollExecuteTaskStatusExecution] 2d23200b-60aa-4519-b7f8-9f40de7a8ecc [2026-08-25T08:31:29.819878] Precompiling "src/gen/ResilienceCockpit.SupplierMaterials.hdbtable"... (STDOUT, APP/TASK/deploy)#
#2026 08 25 08:48:31.141#Z#DEBUG#9140a271-a061-11f1-b78a-eeee0a986e3f.ResilienceCockpit-db-deployer#flowable-async-job-executor-thread-11943#
[PollExecuteTaskStatusExecution] 2d23200b-60aa-4519-b7f8-9f40de7a8ecc [2026-08-25T08:31:29.819880] Precompiling "src/gen/ResilienceCockpitService.AlternativeMaterials.hdbview"... (STDOUT, APP/TASK/deploy)#
#2026 08 25 08:48:31.141#Z#DEBUG#9140a271-a061-11f1-b78a-eeee0a986e3f.ResilienceCockpit-db-deployer#flowable-async-job-executor-thread-11943#
[PollExecuteTaskStatusExecution] 2d23200b-60aa-4519-b7f8-9f40de7a8ecc [2026-08-25T08:31:29.819882] Precompiling "src/gen/ResilienceCockpitService.AlternateSuppliers_drafts.hdbtable"... ok (0s 11ms) (STDOUT, APP/TASK/deploy)#
#2026 08 25 08:48:31.141#Z#DEBUG#9140a271-a061-11f1-b78a-eeee0a986e3f.ResilienceCockpit-db-deployer#flowable-async-job-executor-thread-11943#
[PollExecuteTaskStatusExecution] 2d23200b-60aa-4519-b7f8-9f40de7a8ecc [2026-08-25T08:31:29.819884] Precompiling "src/gen/ResilienceCockpitService.Countries.hdbview"... (STDOUT, APP/TASK/deploy)#
#2026 08 25 08:48:31.141#Z#DEBUG#9140a271-a061-11f1-b78a-eeee0a986e3f.ResilienceCockpit-db-deployer#flowable-async-job-executor-thread-11943#
[PollExecuteTaskStatusExecution] 2d23200b-60aa-4519-b7f8-9f40de7a8ecc [2026-08-25T08:31:29.819886] Precompiling "src/gen/ResilienceCockpit.SupplierMaterials.hdbtable"... ok (0s 12ms) (STDOUT, APP/TASK/deploy)#
#2026 08 25 08:48:31.141#Z#DEBUG#9140a271-a061-11f1-b78a-eeee0a986e3f.ResilienceCockpit-db-deployer#flowable-async-job-executor-thread-11943#
[PollExecuteTaskStatusExecution] 2d23200b-60aa-4519-b7f8-9f40de7a8ecc [2026-08-25T08:31:29.819888] Precompiling "src/gen/ResilienceCockpitService.Countries_texts.hdbview"... (STDOUT, APP/TASK/deploy)#
#2026 08 25 08:48:31.141#Z#DEBUG#9140a271-a061-11f1-b78a-eeee0a986e3f.ResilienceCockpit-db-deployer#flowable-async-job-executor-thread-11943#
[PollExecuteTaskStatusExecution] 2d23200b-60aa-4519-b7f8-9f40de7a8ecc [2026-08-25T08:31:29.819889] Precompiling "src/gen/ResilienceCockpitService.AlternateSuppliers.hdbview"... ok (0s 13ms) (STDOUT, APP/TASK/deploy)#
#2026 08 25 08:48:31.141#Z#DEBUG#9140a271-a061-11f1-b78a-eeee0a986e3f.ResilienceCockpit-db-deployer#flowable-async-job-executor-thread-11943#
[PollExecuteTaskStatusExecution] 2d23200b-60aa-4519-b7f8-9f40de7a8ecc [2026-08-25T08:31:29.819891] Precompiling "src/gen/ResilienceCockpitService.AlternativeMaterials.hdbview"... ok (0s 13ms) (STDOUT, APP/TASK/deploy)#
#2026 08 25 08:48:31.141#Z#DEBUG#9140a271-a061-11f1-b78a-eeee0a986e3f.ResilienceCockpit-db-deployer#flowable-async-job-executor-thread-11943#
[PollExecuteTaskStatusExecution] 2d23200b-60aa-4519-b7f8-9f40de7a8ecc [2026-08-25T08:31:29.819894] Precompiling "src/gen/ResilienceCockpitService.DraftAdministrativeData.hdbview"... (STDOUT, APP/TASK/deploy)#
#2026 08 25 08:48:31.141#Z#DEBUG#9140a271-a061-11f1-b78a-eeee0a986e3f.ResilienceCockpit-db-deployer#flowable-async-job-executor-thread-11943#
[PollExecuteTaskStatusExecution] 2d23200b-60aa-4519-b7f8-9f40de7a8ecc [2026-08-25T08:31:29.819896] Precompiling "src/gen/ResilienceCockpitService.SupplierMaterials.hdbview"... (STDOUT, APP/TASK/deploy)#
#2026 08 25 08:48:31.141#Z#DEBUG#9140a271-a061-11f1-b78a-eeee0a986e3f.ResilienceCockpit-db-deployer#flowable-async-job-executor-thread-11943#
[PollExecuteTaskStatusExecution] 2d23200b-60aa-4519-b7f8-9f40de7a8ecc [2026-08-25T08:31:29.819898] Precompiling "src/gen/ResilienceCockpitService.Countries.hdbview"... ok (0s 12ms) (STDOUT, APP/TASK/deploy)#
#2026 08 25 08:48:31.141#Z#DEBUG#9140a271-a061-11f1-b78a-eeee0a986e3f.ResilienceCockpit-db-deployer#flowable-async-job-executor-thread-11943#
[PollExecuteTaskStatusExecution] 2d23200b-60aa-4519-b7f8-9f40de7a8ecc [2026-08-25T08:31:29.819900] Precompiling "src/gen/ResilienceCockpitService.SupplierMaterials_drafts.hdbtable"... (STDOUT, APP/TASK/deploy)#
#2026 08 25 08:48:31.141#Z#DEBUG#9140a271-a061-11f1-b78a-eeee0a986e3f.ResilienceCockpit-db-deployer#flowable-async-job-executor-thread-11943#
[PollExecuteTaskStatusExecution] 2d23200b-60aa-4519-b7f8-9f40de7a8ecc [2026-08-25T08:31:29.819902] Precompiling "src/gen/ResilienceCockpitService.DraftAdministrativeData.hdbview"... ok (0s 10ms) (STDOUT, APP/TASK/deploy)#
#2026 08 25 08:48:31.141#Z#DEBUG#9140a271-a061-11f1-b78a-eeee0a986e3f.ResilienceCockpit-db-deployer#flowable-async-job-executor-thread-11943#
[PollExecuteTaskStatusExecution] 2d23200b-60aa-4519-b7f8-9f40de7a8ecc [2026-08-25T08:31:29.819904] Precompiling "src/gen/cds.outbox.Messages.hdbtable"... (STDOUT, APP/TASK/deploy)#
#2026 08 25 08:48:31.141#Z#DEBUG#9140a271-a061-11f1-b78a-eeee0a986e3f.ResilienceCockpit-db-deployer#flowable-async-job-executor-thread-11943#
[PollExecuteTaskStatusExecution] 2d23200b-60aa-4519-b7f8-9f40de7a8ecc [2026-08-25T08:31:29.819906] Precompiling "src/gen/ResilienceCockpitService.Countries_texts.hdbview"... ok (0s 12ms) (STDOUT, APP/TASK/deploy)#
#2026 08 25 08:48:31.141#Z#DEBUG#9140a271-a061-11f1-b78a-eeee0a986e3f.ResilienceCockpit-db-deployer#flowable-async-job-executor-thread-11943#
[PollExecuteTaskStatusExecution] 2d23200b-60aa-4519-b7f8-9f40de7a8ecc [2026-08-25T08:31:29.819908] Precompiling "src/gen/data/ResilienceCockpit-AlternateSuppliers.csv"... (STDOUT, APP/TASK/deploy)#
#2026 08 25 08:48:31.141#Z#DEBUG#9140a271-a061-11f1-b78a-eeee0a986e3f.ResilienceCockpit-db-deployer#flowable-async-job-executor-thread-11943#
[PollExecuteTaskStatusExecution] 2d23200b-60aa-4519-b7f8-9f40de7a8ecc [2026-08-25T08:31:29.819931] Precompiling "src/gen/ResilienceCockpitService.SupplierMaterials.hdbview"... ok (0s 11ms) (STDOUT, APP/TASK/deploy)#
#2026 08 25 08:48:31.141#Z#DEBUG#9140a271-a061-11f1-b78a-eeee0a986e3f.ResilienceCockpit-db-deployer#flowable-async-job-executor-thread-11943#
[PollExecuteTaskStatusExecution] 2d23200b-60aa-4519-b7f8-9f40de7a8ecc [2026-08-25T08:31:29.819933] Precompiling "src/gen/data/ResilienceCockpit-AlternateSuppliers.hdbtabledata"... (STDOUT, APP/TASK/deploy)#
#2026 08 25 08:48:31.141#Z#DEBUG#9140a271-a061-11f1-b78a-eeee0a986e3f.ResilienceCockpit-db-deployer#flowable-async-job-executor-thread-11943#
[PollExecuteTaskStatusExecution] 2d23200b-60aa-4519-b7f8-9f40de7a8ecc [2026-08-25T08:31:29.819935] Precompiling "src/gen/data/ResilienceCockpit-AlternateSuppliers.hdbtabledata"... ok (0s 0ms) (STDOUT, APP/TASK/deploy)#
#2026 08 25 08:48:31.141#Z#DEBUG#9140a271-a061-11f1-b78a-eeee0a986e3f.ResilienceCockpit-db-deployer#flowable-async-job-executor-thread-11943#
[PollExecuteTaskStatusExecution] 2d23200b-60aa-4519-b7f8-9f40de7a8ecc [2026-08-25T08:31:29.819937] Precompiling "src/gen/data/ResilienceCockpit-AlternateSuppliers.hdbtabledata$0.expand"... (STDOUT, APP/TASK/deploy)#
#2026 08 25 08:48:31.141#Z#DEBUG#9140a271-a061-11f1-b78a-eeee0a986e3f.ResilienceCockpit-db-deployer#flowable-async-job-executor-thread-11943#
[PollExecuteTaskStatusExecution] 2d23200b-60aa-4519-b7f8-9f40de7a8ecc [2026-08-25T08:31:29.819938] Expanded from "src/gen/data/ResilienceCockpit-AlternateSuppliers.hdbtabledata" (STDOUT, APP/TASK/deploy)#
#2026 08 25 08:48:31.141#Z#DEBUG#9140a271-a061-11f1-b78a-eeee0a986e3f.ResilienceCockpit-db-deployer#flowable-async-job-executor-thread-11943#
[PollExecuteTaskStatusExecution] 2d23200b-60aa-4519-b7f8-9f40de7a8ecc [2026-08-25T08:31:29.819940] Precompiling "src/gen/data/ResilienceCockpit-AlternateSuppliers.csv"... ok (0s 2ms) (STDOUT, APP/TASK/deploy)#
#2026 08 25 08:48:31.141#Z#DEBUG#9140a271-a061-11f1-b78a-eeee0a986e3f.ResilienceCockpit-db-deployer#flowable-async-job-executor-thread-11943#
[PollExecuteTaskStatusExecution] 2d23200b-60aa-4519-b7f8-9f40de7a8ecc [2026-08-25T08:31:29.819942] Precompiling "src/gen/data/ResilienceCockpit-AlternativeMaterials.csv"... (STDOUT, APP/TASK/deploy)#
#2026 08 25 08:48:31.141#Z#DEBUG#9140a271-a061-11f1-b78a-eeee0a986e3f.ResilienceCockpit-db-deployer#flowable-async-job-executor-thread-11943#
[PollExecuteTaskStatusExecution] 2d23200b-60aa-4519-b7f8-9f40de7a8ecc [2026-08-25T08:31:29.819944] Precompiling "src/gen/data/ResilienceCockpit-AlternativeMaterials.csv"... ok (0s 2ms) (STDOUT, APP/TASK/deploy)#
#2026 08 25 08:48:31.141#Z#DEBUG#9140a271-a061-11f1-b78a-eeee0a986e3f.ResilienceCockpit-db-deployer#flowable-async-job-executor-thread-11943#
[PollExecuteTaskStatusExecution] 2d23200b-60aa-4519-b7f8-9f40de7a8ecc [2026-08-25T08:31:29.819945] Precompiling "src/gen/data/ResilienceCockpit-AlternativeMaterials.hdbtabledata"... (STDOUT, APP/TASK/deploy)#
#2026 08 25 08:48:31.141#Z#DEBUG#9140a271-a061-11f1-b78a-eeee0a986e3f.ResilienceCockpit-db-deployer#flowable-async-job-executor-thread-11943#
[PollExecuteTaskStatusExecution] 2d23200b-60aa-4519-b7f8-9f40de7a8ecc [2026-08-25T08:31:29.819948] Precompiling "src/gen/data/ResilienceCockpit-AlternativeMaterials.hdbtabledata"... ok (0s 0ms) (STDOUT, APP/TASK/deploy)#
#2026 08 25 08:48:31.141#Z#DEBUG#9140a271-a061-11f1-b78a-eeee0a986e3f.ResilienceCockpit-db-deployer#flowable-async-job-executor-thread-11943#
[PollExecuteTaskStatusExecution] 2d23200b-60aa-4519-b7f8-9f40de7a8ecc [2026-08-25T08:31:29.819950] Precompiling "src/gen/data/ResilienceCockpit-AlternativeMaterials.hdbtabledata$0.expand"... (STDOUT, APP/TASK/deploy)#
#2026 08 25 08:48:31.141#Z#DEBUG#9140a271-a061-11f1-b78a-eeee0a986e3f.ResilienceCockpit-db-deployer#flowable-async-job-executor-thread-11943#
[PollExecuteTaskStatusExecution] 2d23200b-60aa-4519-b7f8-9f40de7a8ecc [2026-08-25T08:31:29.819951] Expanded from "src/gen/data/ResilienceCockpit-AlternativeMaterials.hdbtabledata" (STDOUT, APP/TASK/deploy)#
#2026 08 25 08:48:31.141#Z#DEBUG#9140a271-a061-11f1-b78a-eeee0a986e3f.ResilienceCockpit-db-deployer#flowable-async-job-executor-thread-11943#
[PollExecuteTaskStatusExecution] 2d23200b-60aa-4519-b7f8-9f40de7a8ecc [2026-08-25T08:31:29.820016] Precompiling "src/gen/data/ResilienceCockpit-AlternateSuppliers.hdbtabledata$0.expand"... ok (0s 4ms) (STDOUT, APP/TASK/deploy)#
#2026 08 25 08:48:31.141#Z#DEBUG#9140a271-a061-11f1-b78a-eeee0a986e3f.ResilienceCockpit-db-deployer#flowable-async-job-executor-thread-11943#
[PollExecuteTaskStatusExecution] 2d23200b-60aa-4519-b7f8-9f40de7a8ecc [2026-08-25T08:31:29.820021] Precompiling "src/gen/data/ResilienceCockpit-AlternativeMaterials.hdbtabledata$0.expand"... ok (0s 1ms) (STDOUT, APP/TASK/deploy)#
#2026 08 25 08:48:31.141#Z#DEBUG#9140a271-a061-11f1-b78a-eeee0a986e3f.ResilienceCockpit-db-deployer#flowable-async-job-executor-thread-11943#
[PollExecuteTaskStatusExecution] 2d23200b-60aa-4519-b7f8-9f40de7a8ecc [2026-08-25T08:31:29.820024] Precompiling "src/gen/data/ResilienceCockpit-SupplierLocations.csv"... (STDOUT, APP/TASK/deploy)#
#2026 08 25 08:48:31.141#Z#DEBUG#9140a271-a061-11f1-b78a-eeee0a986e3f.ResilienceCockpit-db-deployer#flowable-async-job-executor-thread-11943#
[PollExecuteTaskStatusExecution] 2d23200b-60aa-4519-b7f8-9f40de7a8ecc [2026-08-25T08:31:29.820027] Precompiling "src/gen/data/ResilienceCockpit-SupplierLocations.hdbtabledata"... (STDOUT, APP/TASK/deploy)#
#2026 08 25 08:48:31.141#Z#DEBUG#9140a271-a061-11f1-b78a-eeee0a986e3f.ResilienceCockpit-db-deployer#flowable-async-job-executor-thread-11943#
[PollExecuteTaskStatusExecution] 2d23200b-60aa-4519-b7f8-9f40de7a8ecc [2026-08-25T08:31:29.820028] Precompiling "src/gen/data/ResilienceCockpit-SupplierLocations.hdbtabledata"... ok (0s 0ms) (STDOUT, APP/TASK/deploy)#
#2026 08 25 08:48:31.141#Z#DEBUG#9140a271-a061-11f1-b78a-eeee0a986e3f.ResilienceCockpit-db-deployer#flowable-async-job-executor-thread-11943#
[PollExecuteTaskStatusExecution] 2d23200b-60aa-4519-b7f8-9f40de7a8ecc [2026-08-25T08:31:29.820031] Precompiling "src/gen/data/ResilienceCockpit-SupplierLocations.hdbtabledata$0.expand"... (STDOUT, APP/TASK/deploy)#
#2026 08 25 08:48:31.141#Z#DEBUG#9140a271-a061-11f1-b78a-eeee0a986e3f.ResilienceCockpit-db-deployer#flowable-async-job-executor-thread-11943#
[PollExecuteTaskStatusExecution] 2d23200b-60aa-4519-b7f8-9f40de7a8ecc [2026-08-25T08:31:29.820033] Expanded from "src/gen/data/ResilienceCockpit-SupplierLocations.hdbtabledata" (STDOUT, APP/TASK/deploy)#
#2026 08 25 08:48:31.141#Z#DEBUG#9140a271-a061-11f1-b78a-eeee0a986e3f.ResilienceCockpit-db-deployer#flowable-async-job-executor-thread-11943#
[PollExecuteTaskStatusExecution] 2d23200b-60aa-4519-b7f8-9f40de7a8ecc [2026-08-25T08:31:29.820037] Precompiling "src/gen/data/ResilienceCockpit-SupplierLocations.hdbtabledata$0.expand"... ok (0s 1ms) (STDOUT, APP/TASK/deploy)#
#2026 08 25 08:48:31.141#Z#DEBUG#9140a271-a061-11f1-b78a-eeee0a986e3f.ResilienceCockpit-db-deployer#flowable-async-job-executor-thread-11943#
[PollExecuteTaskStatusExecution] 2d23200b-60aa-4519-b7f8-9f40de7a8ecc [2026-08-25T08:31:29.820041] Precompiling "src/gen/data/ResilienceCockpit-SupplierMaterials.csv"... (STDOUT, APP/TASK/deploy)#
#2026 08 25 08:48:31.141#Z#DEBUG#9140a271-a061-11f1-b78a-eeee0a986e3f.ResilienceCockpit-db-deployer#flowable-async-job-executor-thread-11943#
[PollExecuteTaskStatusExecution] 2d23200b-60aa-4519-b7f8-9f40de7a8ecc [2026-08-25T08:31:29.820050] Precompiling "src/gen/data/ResilienceCockpit-SupplierLocations.csv"... ok (0s 2ms) (STDOUT, APP/TASK/deploy)#
#2026 08 25 08:48:31.141#Z#DEBUG#9140a271-a061-11f1-b78a-eeee0a986e3f.ResilienceCockpit-db-deployer#flowable-async-job-executor-thread-11943#
[PollExecuteTaskStatusExecution] 2d23200b-60aa-4519-b7f8-9f40de7a8ecc [2026-08-25T08:31:29.820055] Precompiling "src/gen/data/ResilienceCockpit-SupplierMaterials.hdbtabledata"... (STDOUT, APP/TASK/deploy)#
#2026 08 25 08:48:31.141#Z#DEBUG#9140a271-a061-11f1-b78a-eeee0a986e3f.ResilienceCockpit-db-deployer#flowable-async-job-executor-thread-11943#
[PollExecuteTaskStatusExecution] 2d23200b-60aa-4519-b7f8-9f40de7a8ecc [2026-08-25T08:31:29.820057] Precompiling "src/gen/data/ResilienceCockpit-SupplierMaterials.hdbtabledata"... ok (0s 0ms) (STDOUT, APP/TASK/deploy)#
#2026 08 25 08:48:31.141#Z#DEBUG#9140a271-a061-11f1-b78a-eeee0a986e3f.ResilienceCockpit-db-deployer#flowable-async-job-executor-thread-11943#
[PollExecuteTaskStatusExecution] 2d23200b-60aa-4519-b7f8-9f40de7a8ecc [2026-08-25T08:31:29.820070] Precompiling "src/gen/data/ResilienceCockpit-SupplierMaterials.hdbtabledata$0.expand"... (STDOUT, APP/TASK/deploy)#
#2026 08 25 08:48:31.141#Z#DEBUG#9140a271-a061-11f1-b78a-eeee0a986e3f.ResilienceCockpit-db-deployer#flowable-async-job-executor-thread-11943#
[PollExecuteTaskStatusExecution] 2d23200b-60aa-4519-b7f8-9f40de7a8ecc [2026-08-25T08:31:29.820072] Expanded from "src/gen/data/ResilienceCockpit-SupplierMaterials.hdbtabledata" (STDOUT, APP/TASK/deploy)#
#2026 08 25 08:48:31.141#Z#DEBUG#9140a271-a061-11f1-b78a-eeee0a986e3f.ResilienceCockpit-db-deployer#flowable-async-job-executor-thread-11943#
[PollExecuteTaskStatusExecution] 2d23200b-60aa-4519-b7f8-9f40de7a8ecc [2026-08-25T08:31:29.820074] Precompiling "src/gen/data/ResilienceCockpit-SupplierMaterials.csv"... ok (0s 3ms) (STDOUT, APP/TASK/deploy)#
#2026 08 25 08:48:31.141#Z#DEBUG#9140a271-a061-11f1-b78a-eeee0a986e3f.ResilienceCockpit-db-deployer#flowable-async-job-executor-thread-11943#
[PollExecuteTaskStatusExecution] 2d23200b-60aa-4519-b7f8-9f40de7a8ecc [2026-08-25T08:31:29.820077] Precompiling "src/gen/data/sap-common-Countries.csv"... (STDOUT, APP/TASK/deploy)#
#2026 08 25 08:48:31.141#Z#DEBUG#9140a271-a061-11f1-b78a-eeee0a986e3f.ResilienceCockpit-db-deployer#flowable-async-job-executor-thread-11943#
[PollExecuteTaskStatusExecution] 2d23200b-60aa-4519-b7f8-9f40de7a8ecc [2026-08-25T08:31:29.820079] Precompiling "src/gen/cds.outbox.Messages.hdbtable"... ok (0s 11ms) (STDOUT, APP/TASK/deploy)#
#2026 08 25 08:48:31.141#Z#DEBUG#9140a271-a061-11f1-b78a-eeee0a986e3f.ResilienceCockpit-db-deployer#flowable-async-job-executor-thread-11943#
[PollExecuteTaskStatusExecution] 2d23200b-60aa-4519-b7f8-9f40de7a8ecc [2026-08-25T08:31:29.820081] Precompiling "src/gen/data/sap-common-Countries.hdbtabledata"... (STDOUT, APP/TASK/deploy)#
#2026 08 25 08:48:31.141#Z#DEBUG#9140a271-a061-11f1-b78a-eeee0a986e3f.ResilienceCockpit-db-deployer#flowable-async-job-executor-thread-11943#
[PollExecuteTaskStatusExecution] 2d23200b-60aa-4519-b7f8-9f40de7a8ecc [2026-08-25T08:31:29.820083] Precompiling "src/gen/data/sap-common-Countries.hdbtabledata"... ok (0s 0ms) (STDOUT, APP/TASK/deploy)#
#2026 08 25 08:48:31.141#Z#DEBUG#9140a271-a061-11f1-b78a-eeee0a986e3f.ResilienceCockpit-db-deployer#flowable-async-job-executor-thread-11943#
[PollExecuteTaskStatusExecution] 2d23200b-60aa-4519-b7f8-9f40de7a8ecc [2026-08-25T08:31:29.820085] Precompiling "src/gen/data/sap-common-Countries.hdbtabledata$0.expand"... (STDOUT, APP/TASK/deploy)#
#2026 08 25 08:48:31.141#Z#DEBUG#9140a271-a061-11f1-b78a-eeee0a986e3f.ResilienceCockpit-db-deployer#flowable-async-job-executor-thread-11943#
[PollExecuteTaskStatusExecution] 2d23200b-60aa-4519-b7f8-9f40de7a8ecc [2026-08-25T08:31:29.820088] Precompiling "src/gen/data/ResilienceCockpit-SupplierMaterials.hdbtabledata$0.expand"... ok (0s 2ms) (STDOUT, APP/TASK/deploy)#
#2026 08 25 08:48:31.141#Z#DEBUG#9140a271-a061-11f1-b78a-eeee0a986e3f.ResilienceCockpit-db-deployer#flowable-async-job-executor-thread-11943#
[PollExecuteTaskStatusExecution] 2d23200b-60aa-4519-b7f8-9f40de7a8ecc [2026-08-25T08:31:29.820096] Expanded from "src/gen/data/sap-common-Countries.hdbtabledata" (STDOUT, APP/TASK/deploy)#
#2026 08 25 08:48:31.141#Z#DEBUG#9140a271-a061-11f1-b78a-eeee0a986e3f.ResilienceCockpit-db-deployer#flowable-async-job-executor-thread-11943#
[PollExecuteTaskStatusExecution] 2d23200b-60aa-4519-b7f8-9f40de7a8ecc [2026-08-25T08:31:29.820109] Precompiling "src/gen/data/sap-common-Countries_texts_ar.csv"... (STDOUT, APP/TASK/deploy)#
#2026 08 25 08:48:31.141#Z#DEBUG#9140a271-a061-11f1-b78a-eeee0a986e3f.ResilienceCockpit-db-deployer#flowable-async-job-executor-thread-11943#
[PollExecuteTaskStatusExecution] 2d23200b-60aa-4519-b7f8-9f40de7a8ecc [2026-08-25T08:31:29.820118] Precompiling "src/gen/data/sap-common-Countries.hdbtabledata$0.expand"... ok (0s 1ms) (STDOUT, APP/TASK/deploy)#
#2026 08 25 08:48:31.141#Z#DEBUG#9140a271-a061-11f1-b78a-eeee0a986e3f.ResilienceCockpit-db-deployer#flowable-async-job-executor-thread-11943#
[PollExecuteTaskStatusExecution] 2d23200b-60aa-4519-b7f8-9f40de7a8ecc [2026-08-25T08:31:29.820121] Precompiling "src/gen/data/sap-common-Countries_texts_ar.hdbtabledata"... (STDOUT, APP/TASK/deploy)#
#2026 08 25 08:48:31.141#Z#DEBUG#9140a271-a061-11f1-b78a-eeee0a986e3f.ResilienceCockpit-db-deployer#flowable-async-job-executor-thread-11943#
[PollExecuteTaskStatusExecution] 2d23200b-60aa-4519-b7f8-9f40de7a8ecc [2026-08-25T08:31:29.820124] Precompiling "src/gen/data/sap-common-Countries_texts_ar.hdbtabledata"... ok (0s 0ms) (STDOUT, APP/TASK/deploy)#
#2026 08 25 08:48:31.141#Z#DEBUG#9140a271-a061-11f1-b78a-eeee0a986e3f.ResilienceCockpit-db-deployer#flowable-async-job-executor-thread-11943#
[PollExecuteTaskStatusExecution] 2d23200b-60aa-4519-b7f8-9f40de7a8ecc [2026-08-25T08:31:29.820125] Precompiling "src/gen/data/sap-common-Countries_texts_ar.hdbtabledata$0.expand"... (STDOUT, APP/TASK/deploy)#
#2026 08 25 08:48:31.141#Z#DEBUG#9140a271-a061-11f1-b78a-eeee0a986e3f.ResilienceCockpit-db-deployer#flowable-async-job-executor-thread-11943#
[PollExecuteTaskStatusExecution] 2d23200b-60aa-4519-b7f8-9f40de7a8ecc [2026-08-25T08:31:29.820127] Expanded from "src/gen/data/sap-common-Countries_texts_ar.hdbtabledata" (STDOUT, APP/TASK/deploy)#
#2026 08 25 08:48:31.141#Z#DEBUG#9140a271-a061-11f1-b78a-eeee0a986e3f.ResilienceCockpit-db-deployer#flowable-async-job-executor-thread-11943#
[PollExecuteTaskStatusExecution] 2d23200b-60aa-4519-b7f8-9f40de7a8ecc [2026-08-25T08:31:29.820129] Precompiling "src/gen/ResilienceCockpitService.SupplierMaterials_drafts.hdbtable"... ok (0s 13ms) (STDOUT, APP/TASK/deploy)#
#2026 08 25 08:48:31.141#Z#DEBUG#9140a271-a061-11f1-b78a-eeee0a986e3f.ResilienceCockpit-db-deployer#flowable-async-job-executor-thread-11943#
[PollExecuteTaskStatusExecution] 2d23200b-60aa-4519-b7f8-9f40de7a8ecc [2026-08-25T08:31:29.820134] Precompiling "src/gen/data/sap-common-Countries_texts_bg.csv"... (STDOUT, APP/TASK/deploy)#
#2026 08 25 08:48:31.141#Z#DEBUG#9140a271-a061-11f1-b78a-eeee0a986e3f.ResilienceCockpit-db-deployer#flowable-async-job-executor-thread-11943#
[PollExecuteTaskStatusExecution] 2d23200b-60aa-4519-b7f8-9f40de7a8ecc [2026-08-25T08:31:29.820136] Precompiling "src/gen/data/sap-common-Countries.csv"... ok (0s 2ms) (STDOUT, APP/TASK/deploy)#
#2026 08 25 08:48:31.141#Z#DEBUG#9140a271-a061-11f1-b78a-eeee0a986e3f.ResilienceCockpit-db-deployer#flowable-async-job-executor-thread-11943#
[PollExecuteTaskStatusExecution] 2d23200b-60aa-4519-b7f8-9f40de7a8ecc [2026-08-25T08:31:29.820180] Precompiling "src/gen/data/sap-common-Countries_texts_bg.hdbtabledata"... (STDOUT, APP/TASK/deploy)#
#2026 08 25 08:48:31.141#Z#DEBUG#9140a271-a061-11f1-b78a-eeee0a986e3f.ResilienceCockpit-db-deployer#flowable-async-job-executor-thread-11943#
[PollExecuteTaskStatusExecution] 2d23200b-60aa-4519-b7f8-9f40de7a8ecc [2026-08-25T08:31:29.820187] Precompiling "src/gen/data/sap-common-Countries_texts_bg.hdbtabledata"... ok (0s 0ms) (STDOUT, APP/TASK/deploy)#
#2026 08 25 08:48:31.141#Z#DEBUG#9140a271-a061-11f1-b78a-eeee0a986e3f.ResilienceCockpit-db-deployer#flowable-async-job-executor-thread-11943#
[PollExecuteTaskStatusExecution] 2d23200b-60aa-4519-b7f8-9f40de7a8ecc [2026-08-25T08:31:29.820191] Precompiling "src/gen/data/sap-common-Countries_texts_bg.hdbtabledata$0.expand"... (STDOUT, APP/TASK/deploy)#
#2026 08 25 08:48:31.141#Z#DEBUG#9140a271-a061-11f1-b78a-eeee0a986e3f.ResilienceCockpit-db-deployer#flowable-async-job-executor-thread-11943#
[PollExecuteTaskStatusExecution] 2d23200b-60aa-4519-b7f8-9f40de7a8ecc [2026-08-25T08:31:29.820192] Precompiling "src/gen/data/sap-common-Countries_texts_ar.csv"... ok (0s 2ms) (STDOUT, APP/TASK/deploy)#
#2026 08 25 08:48:31.141#Z#DEBUG#9140a271-a061-11f1-b78a-eeee0a986e3f.ResilienceCockpit-db-deployer#flowable-async-job-executor-thread-11943#
[PollExecuteTaskStatusExecution] 2d23200b-60aa-4519-b7f8-9f40de7a8ecc [2026-08-25T08:31:29.820194] Expanded from "src/gen/data/sap-common-Countries_texts_bg.hdbtabledata" (STDOUT, APP/TASK/deploy)#
#2026 08 25 08:48:31.141#Z#DEBUG#9140a271-a061-11f1-b78a-eeee0a986e3f.ResilienceCockpit-db-deployer#flowable-async-job-executor-thread-11943#
[PollExecuteTaskStatusExecution] 2d23200b-60aa-4519-b7f8-9f40de7a8ecc [2026-08-25T08:31:29.820197] Precompiling "src/gen/data/sap-common-Countries_texts_cs.csv"... (STDOUT, APP/TASK/deploy)#
#2026 08 25 08:48:31.141#Z#DEBUG#9140a271-a061-11f1-b78a-eeee0a986e3f.ResilienceCockpit-db-deployer#flowable-async-job-executor-thread-11943#
[PollExecuteTaskStatusExecution] 2d23200b-60aa-4519-b7f8-9f40de7a8ecc [2026-08-25T08:31:29.820200] Precompiling "src/gen/data/sap-common-Countries_texts_ar.hdbtabledata$0.expand"... ok (0s 2ms) (STDOUT, APP/TASK/deploy)#
#2026 08 25 08:48:31.141#Z#DEBUG#9140a271-a061-11f1-b78a-eeee0a986e3f.ResilienceCockpit-db-deployer#flowable-async-job-executor-thread-11943#
[PollExecuteTaskStatusExecution] 2d23200b-60aa-4519-b7f8-9f40de7a8ecc [2026-08-25T08:31:29.820201] Precompiling "src/gen/data/sap-common-Countries_texts_bg.hdbtabledata$0.expand"... ok (0s 1ms) (STDOUT, APP/TASK/deploy)#
#2026 08 25 08:48:31.141#Z#DEBUG#9140a271-a061-11f1-b78a-eeee0a986e3f.ResilienceCockpit-db-deployer#flowable-async-job-executor-thread-11943#
[PollExecuteTaskStatusExecution] 2d23200b-60aa-4519-b7f8-9f40de7a8ecc [2026-08-25T08:31:29.820206] Precompiling "src/gen/data/sap-common-Countries_texts_cs.hdbtabledata$0.expand"... (STDOUT, APP/TASK/deploy)#
#2026 08 25 08:48:31.141#Z#DEBUG#9140a271-a061-11f1-b78a-eeee0a986e3f.ResilienceCockpit-db-deployer#flowable-async-job-executor-thread-11943#
[PollExecuteTaskStatusExecution] 2d23200b-60aa-4519-b7f8-9f40de7a8ecc [2026-08-25T08:31:29.820211] Precompiling "src/gen/data/sap-common-Countries_texts_cs.hdbtabledata"... (STDOUT, APP/TASK/deploy)#
#2026 08 25 08:48:31.141#Z#DEBUG#9140a271-a061-11f1-b78a-eeee0a986e3f.ResilienceCockpit-db-deployer#flowable-async-job-executor-thread-11943#
[PollExecuteTaskStatusExecution] 2d23200b-60aa-4519-b7f8-9f40de7a8ecc [2026-08-25T08:31:29.820214] Expanded from "src/gen/data/sap-common-Countries_texts_cs.hdbtabledata" (STDOUT, APP/TASK/deploy)#
#2026 08 25 08:48:31.141#Z#DEBUG#9140a271-a061-11f1-b78a-eeee0a986e3f.ResilienceCockpit-db-deployer#flowable-async-job-executor-thread-11943#
[PollExecuteTaskStatusExecution] 2d23200b-60aa-4519-b7f8-9f40de7a8ecc [2026-08-25T08:31:29.820219] Precompiling "src/gen/data/sap-common-Countries_texts_cs.hdbtabledata"... ok (0s 0ms) (STDOUT, APP/TASK/deploy)#
#2026 08 25 08:48:31.141#Z#DEBUG#9140a271-a061-11f1-b78a-eeee0a986e3f.ResilienceCockpit-db-deployer#flowable-async-job-executor-thread-11943#
[PollExecuteTaskStatusExecution] 2d23200b-60aa-4519-b7f8-9f40de7a8ecc [2026-08-25T08:31:29.820222] Precompiling "src/gen/data/sap-common-Countries_texts_da.csv"... (STDOUT, APP/TASK/deploy)#
#2026 08 25 08:48:31.141#Z#DEBUG#9140a271-a061-11f1-b78a-eeee0a986e3f.ResilienceCockpit-db-deployer#flowable-async-job-executor-thread-11943#
[PollExecuteTaskStatusExecution] 2d23200b-60aa-4519-b7f8-9f40de7a8ecc [2026-08-25T08:31:29.820223] Precompiling "src/gen/data/sap-common-Countries_texts_bg.csv"... ok (0s 2ms) (STDOUT, APP/TASK/deploy)#
#2026 08 25 08:48:31.141#Z#DEBUG#9140a271-a061-11f1-b78a-eeee0a986e3f.ResilienceCockpit-db-deployer#flowable-async-job-executor-thread-11943#
[PollExecuteTaskStatusExecution] 2d23200b-60aa-4519-b7f8-9f40de7a8ecc [2026-08-25T08:31:29.820229] Precompiling "src/gen/data/sap-common-Countries_texts_cs.hdbtabledata$0.expand"... ok (0s 1ms) (STDOUT, APP/TASK/deploy)#
#2026 08 25 08:48:31.141#Z#DEBUG#9140a271-a061-11f1-b78a-eeee0a986e3f.ResilienceCockpit-db-deployer#flowable-async-job-executor-thread-11943#
[PollExecuteTaskStatusExecution] 2d23200b-60aa-4519-b7f8-9f40de7a8ecc [2026-08-25T08:31:29.820230] Precompiling "src/gen/data/sap-common-Countries_texts_da.hdbtabledata"... (STDOUT, APP/TASK/deploy)#
#2026 08 25 08:48:31.141#Z#DEBUG#9140a271-a061-11f1-b78a-eeee0a986e3f.ResilienceCockpit-db-deployer#flowable-async-job-executor-thread-11943#
[PollExecuteTaskStatusExecution] 2d23200b-60aa-4519-b7f8-9f40de7a8ecc [2026-08-25T08:31:29.820232] Precompiling "src/gen/data/sap-common-Countries_texts_da.hdbtabledata$0.expand"... (STDOUT, APP/TASK/deploy)#
#2026 08 25 08:48:31.141#Z#DEBUG#9140a271-a061-11f1-b78a-eeee0a986e3f.ResilienceCockpit-db-deployer#flowable-async-job-executor-thread-11943#
[PollExecuteTaskStatusExecution] 2d23200b-60aa-4519-b7f8-9f40de7a8ecc [2026-08-25T08:31:29.820240] Precompiling "src/gen/data/sap-common-Countries_texts_cs.csv"... ok (0s 2ms) (STDOUT, APP/TASK/deploy)#
#2026 08 25 08:48:31.141#Z#DEBUG#9140a271-a061-11f1-b78a-eeee0a986e3f.ResilienceCockpit-db-deployer#flowable-async-job-executor-thread-11943#
[PollExecuteTaskStatusExecution] 2d23200b-60aa-4519-b7f8-9f40de7a8ecc [2026-08-25T08:31:29.820242] Expanded from "src/gen/data/sap-common-Countries_texts_da.hdbtabledata" (STDOUT, APP/TASK/deploy)#
#2026 08 25 08:48:31.141#Z#DEBUG#9140a271-a061-11f1-b78a-eeee0a986e3f.ResilienceCockpit-db-deployer#flowable-async-job-executor-thread-11943#
[PollExecuteTaskStatusExecution] 2d23200b-60aa-4519-b7f8-9f40de7a8ecc [2026-08-25T08:31:29.820244] Precompiling "src/gen/data/sap-common-Countries_texts_da.hdbtabledata"... ok (0s 0ms) (STDOUT, APP/TASK/deploy)#
#2026 08 25 08:48:31.141#Z#DEBUG#9140a271-a061-11f1-b78a-eeee0a986e3f.ResilienceCockpit-db-deployer#flowable-async-job-executor-thread-11943#
[PollExecuteTaskStatusExecution] 2d23200b-60aa-4519-b7f8-9f40de7a8ecc [2026-08-25T08:31:29.820245] Precompiling "src/gen/data/sap-common-Countries_texts_de.hdbtabledata"... (STDOUT, APP/TASK/deploy)#
#2026 08 25 08:48:31.141#Z#DEBUG#9140a271-a061-11f1-b78a-eeee0a986e3f.ResilienceCockpit-db-deployer#flowable-async-job-executor-thread-11943#
[PollExecuteTaskStatusExecution] 2d23200b-60aa-4519-b7f8-9f40de7a8ecc [2026-08-25T08:31:29.820278] Precompiling "src/gen/data/sap-common-Countries_texts_de.hdbtabledata"... ok (0s 0ms) (STDOUT, APP/TASK/deploy)#
#2026 08 25 08:48:31.141#Z#DEBUG#9140a271-a061-11f1-b78a-eeee0a986e3f.ResilienceCockpit-db-deployer#flowable-async-job-executor-thread-11943#
[PollExecuteTaskStatusExecution] 2d23200b-60aa-4519-b7f8-9f40de7a8ecc [2026-08-25T08:31:29.820284] Precompiling "src/gen/data/sap-common-Countries_texts_de.csv"... (STDOUT, APP/TASK/deploy)#
#2026 08 25 08:48:31.141#Z#DEBUG#9140a271-a061-11f1-b78a-eeee0a986e3f.ResilienceCockpit-db-deployer#flowable-async-job-executor-thread-11943#
[PollExecuteTaskStatusExecution] 2d23200b-60aa-4519-b7f8-9f40de7a8ecc [2026-08-25T08:31:29.820286] Precompiling "src/gen/data/sap-common-Countries_texts_de.hdbtabledata$0.expand"... (STDOUT, APP/TASK/deploy)#
#2026 08 25 08:48:31.141#Z#DEBUG#9140a271-a061-11f1-b78a-eeee0a986e3f.ResilienceCockpit-db-deployer#flowable-async-job-executor-thread-11943#
[PollExecuteTaskStatusExecution] 2d23200b-60aa-4519-b7f8-9f40de7a8ecc [2026-08-25T08:31:29.820288] Expanded from "src/gen/data/sap-common-Countries_texts_de.hdbtabledata" (STDOUT, APP/TASK/deploy)#
#2026 08 25 08:48:31.141#Z#DEBUG#9140a271-a061-11f1-b78a-eeee0a986e3f.ResilienceCockpit-db-deployer#flowable-async-job-executor-thread-11943#
[PollExecuteTaskStatusExecution] 2d23200b-60aa-4519-b7f8-9f40de7a8ecc [2026-08-25T08:31:29.820299] Precompiling "src/gen/data/sap-common-Countries_texts_da.hdbtabledata$0.expand"... ok (0s 1ms) (STDOUT, APP/TASK/deploy)#
#2026 08 25 08:48:31.141#Z#DEBUG#9140a271-a061-11f1-b78a-eeee0a986e3f.ResilienceCockpit-db-deployer#flowable-async-job-executor-thread-11943#
[PollExecuteTaskStatusExecution] 2d23200b-60aa-4519-b7f8-9f40de7a8ecc [2026-08-25T08:31:29.820301] Precompiling "src/gen/data/sap-common-Countries_texts_el.csv"... (STDOUT, APP/TASK/deploy)#
#2026 08 25 08:48:31.141#Z#DEBUG#9140a271-a061-11f1-b78a-eeee0a986e3f.ResilienceCockpit-db-deployer#flowable-async-job-executor-thread-11943#
[PollExecuteTaskStatusExecution] 2d23200b-60aa-4519-b7f8-9f40de7a8ecc [2026-08-25T08:31:29.820303] Precompiling "src/gen/data/sap-common-Countries_texts_da.csv"... ok (0s 2ms) (STDOUT, APP/TASK/deploy)#
#2026 08 25 08:48:31.141#Z#DEBUG#9140a271-a061-11f1-b78a-eeee0a986e3f.ResilienceCockpit-db-deployer#flowable-async-job-executor-thread-11943#
[PollExecuteTaskStatusExecution] 2d23200b-60aa-4519-b7f8-9f40de7a8ecc [2026-08-25T08:31:29.820310] Precompiling "src/gen/data/sap-common-Countries_texts_el.hdbtabledata"... (STDOUT, APP/TASK/deploy)#
#2026 08 25 08:48:31.141#Z#DEBUG#9140a271-a061-11f1-b78a-eeee0a986e3f.ResilienceCockpit-db-deployer#flowable-async-job-executor-thread-11943#
[PollExecuteTaskStatusExecution] 2d23200b-60aa-4519-b7f8-9f40de7a8ecc [2026-08-25T08:31:29.820312] Precompiling "src/gen/data/sap-common-Countries_texts_el.hdbtabledata"... ok (0s 0ms) (STDOUT, APP/TASK/deploy)#
#2026 08 25 08:48:31.141#Z#DEBUG#9140a271-a061-11f1-b78a-eeee0a986e3f.ResilienceCockpit-db-deployer#flowable-async-job-executor-thread-11943#
[PollExecuteTaskStatusExecution] 2d23200b-60aa-4519-b7f8-9f40de7a8ecc [2026-08-25T08:31:29.820313] Precompiling "src/gen/data/sap-common-Countries_texts_el.hdbtabledata$0.expand"... (STDOUT, APP/TASK/deploy)#
#2026 08 25 08:48:31.141#Z#DEBUG#9140a271-a061-11f1-b78a-eeee0a986e3f.ResilienceCockpit-db-deployer#flowable-async-job-executor-thread-11943#
[PollExecuteTaskStatusExecution] 2d23200b-60aa-4519-b7f8-9f40de7a8ecc [2026-08-25T08:31:29.820315] Expanded from "src/gen/data/sap-common-Countries_texts_el.hdbtabledata" (STDOUT, APP/TASK/deploy)#
#2026 08 25 08:48:31.141#Z#DEBUG#9140a271-a061-11f1-b78a-eeee0a986e3f.ResilienceCockpit-db-deployer#flowable-async-job-executor-thread-11943#
[PollExecuteTaskStatusExecution] 2d23200b-60aa-4519-b7f8-9f40de7a8ecc [2026-08-25T08:31:29.820317] Precompiling "src/gen/data/sap-common-Countries_texts_de.hdbtabledata$0.expand"... ok (0s 2ms) (STDOUT, APP/TASK/deploy)#
#2026 08 25 08:48:31.141#Z#DEBUG#9140a271-a061-11f1-b78a-eeee0a986e3f.ResilienceCockpit-db-deployer#flowable-async-job-executor-thread-11943#
[PollExecuteTaskStatusExecution] 2d23200b-60aa-4519-b7f8-9f40de7a8ecc [2026-08-25T08:31:29.820326] Precompiling "src/gen/data/sap-common-Countries_texts_en.csv"... (STDOUT, APP/TASK/deploy)#
#2026 08 25 08:48:31.141#Z#DEBUG#9140a271-a061-11f1-b78a-eeee0a986e3f.ResilienceCockpit-db-deployer#flowable-async-job-executor-thread-11943#
[PollExecuteTaskStatusExecution] 2d23200b-60aa-4519-b7f8-9f40de7a8ecc [2026-08-25T08:31:29.820328] Precompiling "src/gen/data/sap-common-Countries_texts_de.csv"... ok (0s 2ms) (STDOUT, APP/TASK/deploy)#
#2026 08 25 08:48:31.141#Z#DEBUG#9140a271-a061-11f1-b78a-eeee0a986e3f.ResilienceCockpit-db-deployer#flowable-async-job-executor-thread-11943#
[PollExecuteTaskStatusExecution] 2d23200b-60aa-4519-b7f8-9f40de7a8ecc [2026-08-25T08:31:29.820329] Precompiling "src/gen/data/sap-common-Countries_texts_en.hdbtabledata"... (STDOUT, APP/TASK/deploy)#
#2026 08 25 08:48:31.141#Z#DEBUG#9140a271-a061-11f1-b78a-eeee0a986e3f.ResilienceCockpit-db-deployer#flowable-async-job-executor-thread-11943#
[PollExecuteTaskStatusExecution] 2d23200b-60aa-4519-b7f8-9f40de7a8ecc [2026-08-25T08:31:29.820331] Precompiling "src/gen/data/sap-common-Countries_texts_en.hdbtabledata"... ok (0s 0ms) (STDOUT, APP/TASK/deploy)#
#2026 08 25 08:48:31.141#Z#DEBUG#9140a271-a061-11f1-b78a-eeee0a986e3f.ResilienceCockpit-db-deployer#flowable-async-job-executor-thread-11943#
[PollExecuteTaskStatusExecution] 2d23200b-60aa-4519-b7f8-9f40de7a8ecc [2026-08-25T08:31:29.820333] Precompiling "src/gen/data/sap-common-Countries_texts_en.hdbtabledata$0.expand"... (STDOUT, APP/TASK/deploy)#
#2026 08 25 08:48:31.141#Z#DEBUG#9140a271-a061-11f1-b78a-eeee0a986e3f.ResilienceCockpit-db-deployer#flowable-async-job-executor-thread-11943#
[PollExecuteTaskStatusExecution] 2d23200b-60aa-4519-b7f8-9f40de7a8ecc [2026-08-25T08:31:29.820334] Expanded from "src/gen/data/sap-common-Countries_texts_en.hdbtabledata" (STDOUT, APP/TASK/deploy)#
#2026 08 25 08:48:31.141#Z#DEBUG#9140a271-a061-11f1-b78a-eeee0a986e3f.ResilienceCockpit-db-deployer#flowable-async-job-executor-thread-11943#
[PollExecuteTaskStatusExecution] 2d23200b-60aa-4519-b7f8-9f40de7a8ecc [2026-08-25T08:31:29.820336] Precompiling "src/gen/data/sap-common-Countries_texts_el.hdbtabledata$0.expand"... ok (0s 1ms) (STDOUT, APP/TASK/deploy)#
#2026 08 25 08:48:31.141#Z#DEBUG#9140a271-a061-11f1-b78a-eeee0a986e3f.ResilienceCockpit-db-deployer#flowable-async-job-executor-thread-11943#
[PollExecuteTaskStatusExecution] 2d23200b-60aa-4519-b7f8-9f40de7a8ecc [2026-08-25T08:31:29.820339] Precompiling "src/gen/data/sap-common-Countries_texts_en_US_saptrc.csv"... (STDOUT, APP/TASK/deploy)#
#2026 08 25 08:48:31.141#Z#DEBUG#9140a271-a061-11f1-b78a-eeee0a986e3f.ResilienceCockpit-db-deployer#flowable-async-job-executor-thread-11943#
[PollExecuteTaskStatusExecution] 2d23200b-60aa-4519-b7f8-9f40de7a8ecc [2026-08-25T08:31:29.820344] Precompiling "src/gen/data/sap-common-Countries_texts_el.csv"... ok (0s 2ms) (STDOUT, APP/TASK/deploy)#
#2026 08 25 08:48:31.141#Z#DEBUG#9140a271-a061-11f1-b78a-eeee0a986e3f.ResilienceCockpit-db-deployer#flowable-async-job-executor-thread-11943#
[PollExecuteTaskStatusExecution] 2d23200b-60aa-4519-b7f8-9f40de7a8ecc [2026-08-25T08:31:29.820346] Precompiling "src/gen/data/sap-common-Countries_texts_en_US_saptrc.hdbtabledata"... (STDOUT, APP/TASK/deploy)#
#2026 08 25 08:48:31.141#Z#DEBUG#9140a271-a061-11f1-b78a-eeee0a986e3f.ResilienceCockpit-db-deployer#flowable-async-job-executor-thread-11943#
[PollExecuteTaskStatusExecution] 2d23200b-60aa-4519-b7f8-9f40de7a8ecc [2026-08-25T08:31:29.820348] Precompiling "src/gen/data/sap-common-Countries_texts_en_US_saptrc.hdbtabledata"... ok (0s 0ms) (STDOUT, APP/TASK/deploy)#
#2026 08 25 08:48:31.141#Z#DEBUG#9140a271-a061-11f1-b78a-eeee0a986e3f.ResilienceCockpit-db-deployer#flowable-async-job-executor-thread-11943#
[PollExecuteTaskStatusExecution] 2d23200b-60aa-4519-b7f8-9f40de7a8ecc [2026-08-25T08:31:29.820349] Precompiling "src/gen/data/sap-common-Countries_texts_en_US_saptrc.hdbtabledata$0.expand"... (STDOUT, APP/TASK/deploy)#
#2026 08 25 08:48:31.141#Z#DEBUG#9140a271-a061-11f1-b78a-eeee0a986e3f.ResilienceCockpit-db-deployer#flowable-async-job-executor-thread-11943#
[PollExecuteTaskStatusExecution] 2d23200b-60aa-4519-b7f8-9f40de7a8ecc [2026-08-25T08:31:29.820386] Expanded from "src/gen/data/sap-common-Countries_texts_en_US_saptrc.hdbtabledata" (STDOUT, APP/TASK/deploy)#
#2026 08 25 08:48:31.141#Z#DEBUG#9140a271-a061-11f1-b78a-eeee0a986e3f.ResilienceCockpit-db-deployer#flowable-async-job-executor-thread-11943#
[PollExecuteTaskStatusExecution] 2d23200b-60aa-4519-b7f8-9f40de7a8ecc [2026-08-25T08:31:29.820400] Precompiling "src/gen/data/sap-common-Countries_texts_en.hdbtabledata$0.expand"... ok (0s 1ms) (STDOUT, APP/TASK/deploy)#
#2026 08 25 08:48:31.141#Z#DEBUG#9140a271-a061-11f1-b78a-eeee0a986e3f.ResilienceCockpit-db-deployer#flowable-async-job-executor-thread-11943#
[PollExecuteTaskStatusExecution] 2d23200b-60aa-4519-b7f8-9f40de7a8ecc [2026-08-25T08:31:29.820402] Precompiling "src/gen/data/sap-common-Countries_texts_es.csv"... (STDOUT, APP/TASK/deploy)#
#2026 08 25 08:48:31.141#Z#DEBUG#9140a271-a061-11f1-b78a-eeee0a986e3f.ResilienceCockpit-db-deployer#flowable-async-job-executor-thread-11943#
[PollExecuteTaskStatusExecution] 2d23200b-60aa-4519-b7f8-9f40de7a8ecc [2026-08-25T08:31:29.820404] Precompiling "src/gen/data/sap-common-Countries_texts_en.csv"... ok (0s 2ms) (STDOUT, APP/TASK/deploy)#
#2026 08 25 08:48:31.141#Z#DEBUG#9140a271-a061-11f1-b78a-eeee0a986e3f.ResilienceCockpit-db-deployer#flowable-async-job-executor-thread-11943#
[PollExecuteTaskStatusExecution] 2d23200b-60aa-4519-b7f8-9f40de7a8ecc [2026-08-25T08:31:29.820406] Precompiling "src/gen/data/sap-common-Countries_texts_en_US_saptrc.hdbtabledata$0.expand"... ok (0s 1ms) (STDOUT, APP/TASK/deploy)#
#2026 08 25 08:48:31.141#Z#DEBUG#9140a271-a061-11f1-b78a-eeee0a986e3f.ResilienceCockpit-db-deployer#flowable-async-job-executor-thread-11943#
[PollExecuteTaskStatusExecution] 2d23200b-60aa-4519-b7f8-9f40de7a8ecc [2026-08-25T08:31:29.820416] Precompiling "src/gen/data/sap-common-Countries_texts_es.hdbtabledata$0.expand"... (STDOUT, APP/TASK/deploy)#
#2026 08 25 08:48:31.141#Z#DEBUG#9140a271-a061-11f1-b78a-eeee0a986e3f.ResilienceCockpit-db-deployer#flowable-async-job-executor-thread-11943#
[PollExecuteTaskStatusExecution] 2d23200b-60aa-4519-b7f8-9f40de7a8ecc [2026-08-25T08:31:29.820418] Expanded from "src/gen/data/sap-common-Countries_texts_es.hdbtabledata" (STDOUT, APP/TASK/deploy)#
#2026 08 25 08:48:31.141#Z#DEBUG#9140a271-a061-11f1-b78a-eeee0a986e3f.ResilienceCockpit-db-deployer#flowable-async-job-executor-thread-11943#
[PollExecuteTaskStatusExecution] 2d23200b-60aa-4519-b7f8-9f40de7a8ecc [2026-08-25T08:31:29.820419] Precompiling "src/gen/data/sap-common-Countries_texts_es.hdbtabledata"... (STDOUT, APP/TASK/deploy)#
#2026 08 25 08:48:31.141#Z#DEBUG#9140a271-a061-11f1-b78a-eeee0a986e3f.ResilienceCockpit-db-deployer#flowable-async-job-executor-thread-11943#
[PollExecuteTaskStatusExecution] 2d23200b-60aa-4519-b7f8-9f40de7a8ecc [2026-08-25T08:31:29.820421] Precompiling "src/gen/data/sap-common-Countries_texts_es.hdbtabledata"... ok (0s 0ms) (STDOUT, APP/TASK/deploy)#
#2026 08 25 08:48:31.141#Z#DEBUG#9140a271-a061-11f1-b78a-eeee0a986e3f.ResilienceCockpit-db-deployer#flowable-async-job-executor-thread-11943#
[PollExecuteTaskStatusExecution] 2d23200b-60aa-4519-b7f8-9f40de7a8ecc [2026-08-25T08:31:29.820423] Precompiling "src/gen/data/sap-common-Countries_texts_es_MX.csv"... (STDOUT, APP/TASK/deploy)#
#2026 08 25 08:48:31.141#Z#DEBUG#9140a271-a061-11f1-b78a-eeee0a986e3f.ResilienceCockpit-db-deployer#flowable-async-job-executor-thread-11943#
[PollExecuteTaskStatusExecution] 2d23200b-60aa-4519-b7f8-9f40de7a8ecc [2026-08-25T08:31:29.820425] Precompiling "src/gen/data/sap-common-Countries_texts_en_US_saptrc.csv"... ok (0s 1ms) (STDOUT, APP/TASK/deploy)#
#2026 08 25 08:48:31.141#Z#DEBUG#9140a271-a061-11f1-b78a-eeee0a986e3f.ResilienceCockpit-db-deployer#flowable-async-job-executor-thread-11943#
[PollExecuteTaskStatusExecution] 2d23200b-60aa-4519-b7f8-9f40de7a8ecc [2026-08-25T08:31:29.820426] Precompiling "src/gen/data/sap-common-Countries_texts_es_MX.hdbtabledata"... (STDOUT, APP/TASK/deploy)#
#2026 08 25 08:48:31.141#Z#DEBUG#9140a271-a061-11f1-b78a-eeee0a986e3f.ResilienceCockpit-db-deployer#flowable-async-job-executor-thread-11943#
[PollExecuteTaskStatusExecution] 2d23200b-60aa-4519-b7f8-9f40de7a8ecc [2026-08-25T08:31:29.820427] Precompiling "src/gen/data/sap-common-Countries_texts_es_MX.hdbtabledata"... ok (0s 1ms) (STDOUT, APP/TASK/deploy)#
#2026 08 25 08:48:31.141#Z#DEBUG#9140a271-a061-11f1-b78a-eeee0a986e3f.ResilienceCockpit-db-deployer#flowable-async-job-executor-thread-11943#
[PollExecuteTaskStatusExecution] 2d23200b-60aa-4519-b7f8-9f40de7a8ecc [2026-08-25T08:31:29.820429] Precompiling "src/gen/data/sap-common-Countries_texts_es.hdbtabledata$0.expand"... ok (0s 1ms) (STDOUT, APP/TASK/deploy)#
#2026 08 25 08:48:31.141#Z#DEBUG#9140a271-a061-11f1-b78a-eeee0a986e3f.ResilienceCockpit-db-deployer#flowable-async-job-executor-thread-11943#
[PollExecuteTaskStatusExecution] 2d23200b-60aa-4519-b7f8-9f40de7a8ecc [2026-08-25T08:31:29.820773] Precompiling "src/gen/data/sap-common-Countries_texts_es_MX.hdbtabledata$0.expand"... (STDOUT, APP/TASK/deploy)#
#2026 08 25 08:48:31.141#Z#DEBUG#9140a271-a061-11f1-b78a-eeee0a986e3f.ResilienceCockpit-db-deployer#flowable-async-job-executor-thread-11943#
[PollExecuteTaskStatusExecution] 2d23200b-60aa-4519-b7f8-9f40de7a8ecc [2026-08-25T08:31:29.820791] Expanded from "src/gen/data/sap-common-Countries_texts_es_MX.hdbtabledata" (STDOUT, APP/TASK/deploy)#
#2026 08 25 08:48:31.141#Z#DEBUG#9140a271-a061-11f1-b78a-eeee0a986e3f.ResilienceCockpit-db-deployer#flowable-async-job-executor-thread-11943#
[PollExecuteTaskStatusExecution] 2d23200b-60aa-4519-b7f8-9f40de7a8ecc [2026-08-25T08:31:29.820796] Precompiling "src/gen/data/sap-common-Countries_texts_fi.csv"... (STDOUT, APP/TASK/deploy)#
#2026 08 25 08:48:31.141#Z#DEBUG#9140a271-a061-11f1-b78a-eeee0a986e3f.ResilienceCockpit-db-deployer#flowable-async-job-executor-thread-11943#
[PollExecuteTaskStatusExecution] 2d23200b-60aa-4519-b7f8-9f40de7a8ecc [2026-08-25T08:31:29.820866] Precompiling "src/gen/data/sap-common-Countries_texts_es.csv"... ok (0s 2ms) (STDOUT, APP/TASK/deploy)#
#2026 08 25 08:48:31.141#Z#DEBUG#9140a271-a061-11f1-b78a-eeee0a986e3f.ResilienceCockpit-db-deployer#flowable-async-job-executor-thread-11943#
[PollExecuteTaskStatusExecution] 2d23200b-60aa-4519-b7f8-9f40de7a8ecc [2026-08-25T08:31:29.820885] Precompiling "src/gen/data/sap-common-Countries_texts_fi.hdbtabledata"... (STDOUT, APP/TASK/deploy)#
#2026 08 25 08:48:31.141#Z#DEBUG#9140a271-a061-11f1-b78a-eeee0a986e3f.ResilienceCockpit-db-deployer#flowable-async-job-executor-thread-11943#
[PollExecuteTaskStatusExecution] 2d23200b-60aa-4519-b7f8-9f40de7a8ecc [2026-08-25T08:31:29.820889] Precompiling "src/gen/data/sap-common-Countries_texts_fi.hdbtabledata"... ok (0s 0ms) (STDOUT, APP/TASK/deploy)#
#2026 08 25 08:48:31.141#Z#DEBUG#9140a271-a061-11f1-b78a-eeee0a986e3f.ResilienceCockpit-db-deployer#flowable-async-job-executor-thread-11943#
[PollExecuteTaskStatusExecution] 2d23200b-60aa-4519-b7f8-9f40de7a8ecc [2026-08-25T08:31:29.820893] Precompiling "src/gen/data/sap-common-Countries_texts_fi.hdbtabledata$0.expand"... (STDOUT, APP/TASK/deploy)#
#2026 08 25 08:48:31.141#Z#DEBUG#9140a271-a061-11f1-b78a-eeee0a986e3f.ResilienceCockpit-db-deployer#flowable-async-job-executor-thread-11943#
[PollExecuteTaskStatusExecution] 2d23200b-60aa-4519-b7f8-9f40de7a8ecc [2026-08-25T08:31:29.820903] Precompiling "src/gen/data/sap-common-Countries_texts_es_MX.csv"... ok (0s 2ms) (STDOUT, APP/TASK/deploy)#
#2026 08 25 08:48:31.141#Z#DEBUG#9140a271-a061-11f1-b78a-eeee0a986e3f.ResilienceCockpit-db-deployer#flowable-async-job-executor-thread-11943#
[PollExecuteTaskStatusExecution] 2d23200b-60aa-4519-b7f8-9f40de7a8ecc [2026-08-25T08:31:29.820906] Expanded from "src/gen/data/sap-common-Countries_texts_fi.hdbtabledata" (STDOUT, APP/TASK/deploy)#
#2026 08 25 08:48:31.141#Z#DEBUG#9140a271-a061-11f1-b78a-eeee0a986e3f.ResilienceCockpit-db-deployer#flowable-async-job-executor-thread-11943#
[PollExecuteTaskStatusExecution] 2d23200b-60aa-4519-b7f8-9f40de7a8ecc [2026-08-25T08:31:29.820911] Precompiling "src/gen/data/sap-common-Countries_texts_fr.csv"... (STDOUT, APP/TASK/deploy)#
#2026 08 25 08:48:31.141#Z#DEBUG#9140a271-a061-11f1-b78a-eeee0a986e3f.ResilienceCockpit-db-deployer#flowable-async-job-executor-thread-11943#
[PollExecuteTaskStatusExecution] 2d23200b-60aa-4519-b7f8-9f40de7a8ecc [2026-08-25T08:31:29.820917] Precompiling "src/gen/data/sap-common-Countries_texts_es_MX.hdbtabledata$0.expand"... ok (0s 1ms) (STDOUT, APP/TASK/deploy)#
#2026 08 25 08:48:31.141#Z#DEBUG#9140a271-a061-11f1-b78a-eeee0a986e3f.ResilienceCockpit-db-deployer#flowable-async-job-executor-thread-11943#
[PollExecuteTaskStatusExecution] 2d23200b-60aa-4519-b7f8-9f40de7a8ecc [2026-08-25T08:31:29.820919] Precompiling "src/gen/data/sap-common-Countries_texts_fr.hdbtabledata"... (STDOUT, APP/TASK/deploy)#
#2026 08 25 08:48:31.141#Z#DEBUG#9140a271-a061-11f1-b78a-eeee0a986e3f.ResilienceCockpit-db-deployer#flowable-async-job-executor-thread-11943#
[PollExecuteTaskStatusExecution] 2d23200b-60aa-4519-b7f8-9f40de7a8ecc [2026-08-25T08:31:29.820922] Precompiling "src/gen/data/sap-common-Countries_texts_fr.hdbtabledata"... ok (0s 0ms) (STDOUT, APP/TASK/deploy)#
#2026 08 25 08:48:31.141#Z#DEBUG#9140a271-a061-11f1-b78a-eeee0a986e3f.ResilienceCockpit-db-deployer#flowable-async-job-executor-thread-11943#
[PollExecuteTaskStatusExecution] 2d23200b-60aa-4519-b7f8-9f40de7a8ecc [2026-08-25T08:31:29.820932] Precompiling "src/gen/data/sap-common-Countries_texts_fr.hdbtabledata$0.expand"... (STDOUT, APP/TASK/deploy)#
#2026 08 25 08:48:31.141#Z#DEBUG#9140a271-a061-11f1-b78a-eeee0a986e3f.ResilienceCockpit-db-deployer#flowable-async-job-executor-thread-11943#
[PollExecuteTaskStatusExecution] 2d23200b-60aa-4519-b7f8-9f40de7a8ecc [2026-08-25T08:31:29.820935] Precompiling "src/gen/data/sap-common-Countries_texts_fi.csv"... ok (0s 2ms) (STDOUT, APP/TASK/deploy)#
#2026 08 25 08:48:31.141#Z#DEBUG#9140a271-a061-11f1-b78a-eeee0a986e3f.ResilienceCockpit-db-deployer#flowable-async-job-executor-thread-11943#
[PollExecuteTaskStatusExecution] 2d23200b-60aa-4519-b7f8-9f40de7a8ecc [2026-08-25T08:31:29.820938] Expanded from "src/gen/data/sap-common-Countries_texts_fr.hdbtabledata" (STDOUT, APP/TASK/deploy)#
#2026 08 25 08:48:31.141#Z#DEBUG#9140a271-a061-11f1-b78a-eeee0a986e3f.ResilienceCockpit-db-deployer#flowable-async-job-executor-thread-11943#
[PollExecuteTaskStatusExecution] 2d23200b-60aa-4519-b7f8-9f40de7a8ecc [2026-08-25T08:31:29.820942] Precompiling "src/gen/data/sap-common-Countries_texts_he.csv"... (STDOUT, APP/TASK/deploy)#
#2026 08 25 08:48:31.141#Z#DEBUG#9140a271-a061-11f1-b78a-eeee0a986e3f.ResilienceCockpit-db-deployer#flowable-async-job-executor-thread-11943#
[PollExecuteTaskStatusExecution] 2d23200b-60aa-4519-b7f8-9f40de7a8ecc [2026-08-25T08:31:29.820947] Precompiling "src/gen/data/sap-common-Countries_texts_fi.hdbtabledata$0.expand"... ok (0s 2ms) (STDOUT, APP/TASK/deploy)#
#2026 08 25 08:48:31.141#Z#DEBUG#9140a271-a061-11f1-b78a-eeee0a986e3f.ResilienceCockpit-db-deployer#flowable-async-job-executor-thread-11943#
[PollExecuteTaskStatusExecution] 2d23200b-60aa-4519-b7f8-9f40de7a8ecc [2026-08-25T08:31:29.820950] Precompiling "src/gen/data/sap-common-Countries_texts_he.hdbtabledata"... (STDOUT, APP/TASK/deploy)#
#2026 08 25 08:48:31.141#Z#DEBUG#9140a271-a061-11f1-b78a-eeee0a986e3f.ResilienceCockpit-db-deployer#flowable-async-job-executor-thread-11943#
[PollExecuteTaskStatusExecution] 2d23200b-60aa-4519-b7f8-9f40de7a8ecc [2026-08-25T08:31:29.820953] Precompiling "src/gen/data/sap-common-Countries_texts_he.hdbtabledata"... ok (0s 0ms) (STDOUT, APP/TASK/deploy)#
#2026 08 25 08:48:31.141#Z#DEBUG#9140a271-a061-11f1-b78a-eeee0a986e3f.ResilienceCockpit-db-deployer#flowable-async-job-executor-thread-11943#
[PollExecuteTaskStatusExecution] 2d23200b-60aa-4519-b7f8-9f40de7a8ecc [2026-08-25T08:31:29.820959] Precompiling "src/gen/data/sap-common-Countries_texts_he.hdbtabledata$0.expand"... (STDOUT, APP/TASK/deploy)#
#2026 08 25 08:48:31.141#Z#DEBUG#9140a271-a061-11f1-b78a-eeee0a986e3f.ResilienceCockpit-db-deployer#flowable-async-job-executor-thread-11943#
[PollExecuteTaskStatusExecution] 2d23200b-60aa-4519-b7f8-9f40de7a8ecc [2026-08-25T08:31:29.820964] Expanded from "src/gen/data/sap-common-Countries_texts_he.hdbtabledata" (STDOUT, APP/TASK/deploy)#
#2026 08 25 08:48:31.141#Z#DEBUG#9140a271-a061-11f1-b78a-eeee0a986e3f.ResilienceCockpit-db-deployer#flowable-async-job-executor-thread-11943#
[PollExecuteTaskStatusExecution] 2d23200b-60aa-4519-b7f8-9f40de7a8ecc [2026-08-25T08:31:29.820971] Precompiling "src/gen/data/sap-common-Countries_texts_fr.csv"... ok (0s 2ms) (STDOUT, APP/TASK/deploy)#
#2026 08 25 08:48:31.141#Z#DEBUG#9140a271-a061-11f1-b78a-eeee0a986e3f.ResilienceCockpit-db-deployer#flowable-async-job-executor-thread-11943#
[PollExecuteTaskStatusExecution] 2d23200b-60aa-4519-b7f8-9f40de7a8ecc [2026-08-25T08:31:29.820977] Precompiling "src/gen/data/sap-common-Countries_texts_hr.csv"... (STDOUT, APP/TASK/deploy)#
#2026 08 25 08:48:31.141#Z#DEBUG#9140a271-a061-11f1-b78a-eeee0a986e3f.ResilienceCockpit-db-deployer#flowable-async-job-executor-thread-11943#
[PollExecuteTaskStatusExecution] 2d23200b-60aa-4519-b7f8-9f40de7a8ecc [2026-08-25T08:31:29.820980] Precompiling "src/gen/data/sap-common-Countries_texts_fr.hdbtabledata$0.expand"... ok (0s 2ms) (STDOUT, APP/TASK/deploy)#
#2026 08 25 08:48:31.141#Z#DEBUG#9140a271-a061-11f1-b78a-eeee0a986e3f.ResilienceCockpit-db-deployer#flowable-async-job-executor-thread-11943#
[PollExecuteTaskStatusExecution] 2d23200b-60aa-4519-b7f8-9f40de7a8ecc [2026-08-25T08:31:29.820984] Precompiling "src/gen/data/sap-common-Countries_texts_hr.hdbtabledata"... (STDOUT, APP/TASK/deploy)#
#2026 08 25 08:48:31.141#Z#DEBUG#9140a271-a061-11f1-b78a-eeee0a986e3f.ResilienceCockpit-db-deployer#flowable-async-job-executor-thread-11943#
[PollExecuteTaskStatusExecution] 2d23200b-60aa-4519-b7f8-9f40de7a8ecc [2026-08-25T08:31:29.820990] Precompiling "src/gen/data/sap-common-Countries_texts_hr.hdbtabledata"... ok (0s 0ms) (STDOUT, APP/TASK/deploy)#
#2026 08 25 08:48:31.141#Z#DEBUG#9140a271-a061-11f1-b78a-eeee0a986e3f.ResilienceCockpit-db-deployer#flowable-async-job-executor-thread-11943#
[PollExecuteTaskStatusExecution] 2d23200b-60aa-4519-b7f8-9f40de7a8ecc [2026-08-25T08:31:29.820993] Precompiling "src/gen/data/sap-common-Countries_texts_hr.hdbtabledata$0.expand"... (STDOUT, APP/TASK/deploy)#
#2026 08 25 08:48:31.141#Z#DEBUG#9140a271-a061-11f1-b78a-eeee0a986e3f.ResilienceCockpit-db-deployer#flowable-async-job-executor-thread-11943#
[PollExecuteTaskStatusExecution] 2d23200b-60aa-4519-b7f8-9f40de7a8ecc [2026-08-25T08:31:29.820995] Precompiling "src/gen/data/sap-common-Countries_texts_he.hdbtabledata$0.expand"... ok (0s 1ms) (STDOUT, APP/TASK/deploy)#
#2026 08 25 08:48:31.141#Z#DEBUG#9140a271-a061-11f1-b78a-eeee0a986e3f.ResilienceCockpit-db-deployer#flowable-async-job-executor-thread-11943#
[PollExecuteTaskStatusExecution] 2d23200b-60aa-4519-b7f8-9f40de7a8ecc [2026-08-25T08:31:29.820998] Expanded from "src/gen/data/sap-common-Countries_texts_hr.hdbtabledata" (STDOUT, APP/TASK/deploy)#
#2026 08 25 08:48:31.141#Z#DEBUG#9140a271-a061-11f1-b78a-eeee0a986e3f.ResilienceCockpit-db-deployer#flowable-async-job-executor-thread-11943#
[PollExecuteTaskStatusExecution] 2d23200b-60aa-4519-b7f8-9f40de7a8ecc [2026-08-25T08:31:29.821004] Precompiling "src/gen/data/sap-common-Countries_texts_he.csv"... ok (0s 1ms) (STDOUT, APP/TASK/deploy)#
#2026 08 25 08:48:31.141#Z#DEBUG#9140a271-a061-11f1-b78a-eeee0a986e3f.ResilienceCockpit-db-deployer#flowable-async-job-executor-thread-11943#
[PollExecuteTaskStatusExecution] 2d23200b-60aa-4519-b7f8-9f40de7a8ecc [2026-08-25T08:31:29.821009] Precompiling "src/gen/data/sap-common-Countries_texts_hu.csv"... (STDOUT, APP/TASK/deploy)#
#2026 08 25 08:48:31.141#Z#DEBUG#9140a271-a061-11f1-b78a-eeee0a986e3f.ResilienceCockpit-db-deployer#flowable-async-job-executor-thread-11943#
[PollExecuteTaskStatusExecution] 2d23200b-60aa-4519-b7f8-9f40de7a8ecc [2026-08-25T08:31:29.821747] Precompiling "src/gen/data/sap-common-Countries_texts_hu.hdbtabledata"... (STDOUT, APP/TASK/deploy)#
#2026 08 25 08:48:31.141#Z#DEBUG#9140a271-a061-11f1-b78a-eeee0a986e3f.ResilienceCockpit-db-deployer#flowable-async-job-executor-thread-11943#
[PollExecuteTaskStatusExecution] 2d23200b-60aa-4519-b7f8-9f40de7a8ecc [2026-08-25T08:31:29.821752] Precompiling "src/gen/data/sap-common-Countries_texts_hu.hdbtabledata"... ok (0s 0ms) (STDOUT, APP/TASK/deploy)#
#2026 08 25 08:48:31.141#Z#DEBUG#9140a271-a061-11f1-b78a-eeee0a986e3f.ResilienceCockpit-db-deployer#flowable-async-job-executor-thread-11943#
[PollExecuteTaskStatusExecution] 2d23200b-60aa-4519-b7f8-9f40de7a8ecc [2026-08-25T08:31:29.821757] Precompiling "src/gen/data/sap-common-Countries_texts_hu.hdbtabledata$0.expand"... (STDOUT, APP/TASK/deploy)#
#2026 08 25 08:48:31.141#Z#DEBUG#9140a271-a061-11f1-b78a-eeee0a986e3f.ResilienceCockpit-db-deployer#flowable-async-job-executor-thread-11943#
[PollExecuteTaskStatusExecution] 2d23200b-60aa-4519-b7f8-9f40de7a8ecc [2026-08-25T08:31:29.821769] Expanded from "src/gen/data/sap-common-Countries_texts_hu.hdbtabledata" (STDOUT, APP/TASK/deploy)#
#2026 08 25 08:48:31.141#Z#DEBUG#9140a271-a061-11f1-b78a-eeee0a986e3f.ResilienceCockpit-db-deployer#flowable-async-job-executor-thread-11943#
[PollExecuteTaskStatusExecution] 2d23200b-60aa-4519-b7f8-9f40de7a8ecc [2026-08-25T08:31:29.821772] Precompiling "src/gen/data/sap-common-Countries_texts_hr.csv"... ok (0s 1ms) (STDOUT, APP/TASK/deploy)#
#2026 08 25 08:48:31.141#Z#DEBUG#9140a271-a061-11f1-b78a-eeee0a986e3f.ResilienceCockpit-db-deployer#flowable-async-job-executor-thread-11943#
[PollExecuteTaskStatusExecution] 2d23200b-60aa-4519-b7f8-9f40de7a8ecc [2026-08-25T08:31:29.821778] Precompiling "src/gen/data/sap-common-Countries_texts_hr.hdbtabledata$0.expand"... ok (0s 1ms) (STDOUT, APP/TASK/deploy)#
#2026 08 25 08:48:31.141#Z#DEBUG#9140a271-a061-11f1-b78a-eeee0a986e3f.ResilienceCockpit-db-deployer#flowable-async-job-executor-thread-11943#
[PollExecuteTaskStatusExecution] 2d23200b-60aa-4519-b7f8-9f40de7a8ecc [2026-08-25T08:31:29.821789] Precompiling "src/gen/data/sap-common-Countries_texts_it.csv"... (STDOUT, APP/TASK/deploy)#
#2026 08 25 08:48:31.141#Z#DEBUG#9140a271-a061-11f1-b78a-eeee0a986e3f.ResilienceCockpit-db-deployer#flowable-async-job-executor-thread-11943#
[PollExecuteTaskStatusExecution] 2d23200b-60aa-4519-b7f8-9f40de7a8ecc [2026-08-25T08:31:29.821794] Precompiling "src/gen/data/sap-common-Countries_texts_it.hdbtabledata"... (STDOUT, APP/TASK/deploy)#
#2026 08 25 08:48:31.141#Z#DEBUG#9140a271-a061-11f1-b78a-eeee0a986e3f.ResilienceCockpit-db-deployer#flowable-async-job-executor-thread-11943#
[PollExecuteTaskStatusExecution] 2d23200b-60aa-4519-b7f8-9f40de7a8ecc [2026-08-25T08:31:29.821798] Precompiling "src/gen/data/sap-common-Countries_texts_it.hdbtabledata"... ok (0s 0ms) (STDOUT, APP/TASK/deploy)#
#2026 08 25 08:48:31.141#Z#DEBUG#9140a271-a061-11f1-b78a-eeee0a986e3f.ResilienceCockpit-db-deployer#flowable-async-job-executor-thread-11943#
[PollExecuteTaskStatusExecution] 2d23200b-60aa-4519-b7f8-9f40de7a8ecc [2026-08-25T08:31:29.821809] Precompiling "src/gen/data/sap-common-Countries_texts_it.hdbtabledata$0.expand"... (STDOUT, APP/TASK/deploy)#
#2026 08 25 08:48:31.141#Z#DEBUG#9140a271-a061-11f1-b78a-eeee0a986e3f.ResilienceCockpit-db-deployer#flowable-async-job-executor-thread-11943#
[PollExecuteTaskStatusExecution] 2d23200b-60aa-4519-b7f8-9f40de7a8ecc [2026-08-25T08:31:29.821814] Expanded from "src/gen/data/sap-common-Countries_texts_it.hdbtabledata" (STDOUT, APP/TASK/deploy)#
#2026 08 25 08:48:31.141#Z#DEBUG#9140a271-a061-11f1-b78a-eeee0a986e3f.ResilienceCockpit-db-deployer#flowable-async-job-executor-thread-11943#
[PollExecuteTaskStatusExecution] 2d23200b-60aa-4519-b7f8-9f40de7a8ecc [2026-08-25T08:31:29.821818] Precompiling "src/gen/data/sap-common-Countries_texts_hu.csv"... ok (0s 1ms) (STDOUT, APP/TASK/deploy)#
#2026 08 25 08:48:31.141#Z#DEBUG#9140a271-a061-11f1-b78a-eeee0a986e3f.ResilienceCockpit-db-deployer#flowable-async-job-executor-thread-11943#
[PollExecuteTaskStatusExecution] 2d23200b-60aa-4519-b7f8-9f40de7a8ecc [2026-08-25T08:31:29.821822] Precompiling "src/gen/data/sap-common-Countries_texts_ja.csv"... (STDOUT, APP/TASK/deploy)#
#2026 08 25 08:48:31.141#Z#DEBUG#9140a271-a061-11f1-b78a-eeee0a986e3f.ResilienceCockpit-db-deployer#flowable-async-job-executor-thread-11943#
[PollExecuteTaskStatusExecution] 2d23200b-60aa-4519-b7f8-9f40de7a8ecc [2026-08-25T08:31:29.821832] Precompiling "src/gen/data/sap-common-Countries_texts_hu.hdbtabledata$0.expand"... ok (0s 2ms) (STDOUT, APP/TASK/deploy)#
#2026 08 25 08:48:31.141#Z#DEBUG#9140a271-a061-11f1-b78a-eeee0a986e3f.ResilienceCockpit-db-deployer#flowable-async-job-executor-thread-11943#
[PollExecuteTaskStatusExecution] 2d23200b-60aa-4519-b7f8-9f40de7a8ecc [2026-08-25T08:31:29.821836] Precompiling "src/gen/data/sap-common-Countries_texts_ja.hdbtabledata"... (STDOUT, APP/TASK/deploy)#
#2026 08 25 08:48:31.141#Z#DEBUG#9140a271-a061-11f1-b78a-eeee0a986e3f.ResilienceCockpit-db-deployer#flowable-async-job-executor-thread-11943#
[PollExecuteTaskStatusExecution] 2d23200b-60aa-4519-b7f8-9f40de7a8ecc [2026-08-25T08:31:29.821843] Precompiling "src/gen/data/sap-common-Countries_texts_ja.hdbtabledata"... ok (0s 0ms) (STDOUT, APP/TASK/deploy)#
#2026 08 25 08:48:31.141#Z#DEBUG#9140a271-a061-11f1-b78a-eeee0a986e3f.ResilienceCockpit-db-deployer#flowable-async-job-executor-thread-11943#
[PollExecuteTaskStatusExecution] 2d23200b-60aa-4519-b7f8-9f40de7a8ecc [2026-08-25T08:31:29.821854] Precompiling "src/gen/data/sap-common-Countries_texts_ja.hdbtabledata$0.expand"... (STDOUT, APP/TASK/deploy)#
#2026 08 25 08:48:31.141#Z#DEBUG#9140a271-a061-11f1-b78a-eeee0a986e3f.ResilienceCockpit-db-deployer#flowable-async-job-executor-thread-11943#
[PollExecuteTaskStatusExecution] 2d23200b-60aa-4519-b7f8-9f40de7a8ecc [2026-08-25T08:31:29.821859] Expanded from "src/gen/data/sap-common-Countries_texts_ja.hdbtabledata" (STDOUT, APP/TASK/deploy)#
#2026 08 25 08:48:31.141#Z#DEBUG#9140a271-a061-11f1-b78a-eeee0a986e3f.ResilienceCockpit-db-deployer#flowable-async-job-executor-thread-11943#
[PollExecuteTaskStatusExecution] 2d23200b-60aa-4519-b7f8-9f40de7a8ecc [2026-08-25T08:31:29.821865] Precompiling "src/gen/data/sap-common-Countries_texts_it.hdbtabledata$0.expand"... ok (0s 1ms) (STDOUT, APP/TASK/deploy)#
#2026 08 25 08:48:31.141#Z#DEBUG#9140a271-a061-11f1-b78a-eeee0a986e3f.ResilienceCockpit-db-deployer#flowable-async-job-executor-thread-11943#
[PollExecuteTaskStatusExecution] 2d23200b-60aa-4519-b7f8-9f40de7a8ecc [2026-08-25T08:31:29.821938] Precompiling "src/gen/data/sap-common-Countries_texts_kk.csv"... (STDOUT, APP/TASK/deploy)#
#2026 08 25 08:48:31.141#Z#DEBUG#9140a271-a061-11f1-b78a-eeee0a986e3f.ResilienceCockpit-db-deployer#flowable-async-job-executor-thread-11943#
[PollExecuteTaskStatusExecution] 2d23200b-60aa-4519-b7f8-9f40de7a8ecc [2026-08-25T08:31:29.821944] Precompiling "src/gen/data/sap-common-Countries_texts_it.csv"... ok (0s 2ms) (STDOUT, APP/TASK/deploy)#
#2026 08 25 08:48:31.141#Z#DEBUG#9140a271-a061-11f1-b78a-eeee0a986e3f.ResilienceCockpit-db-deployer#flowable-async-job-executor-thread-11943#
[PollExecuteTaskStatusExecution] 2d23200b-60aa-4519-b7f8-9f40de7a8ecc [2026-08-25T08:31:29.822093] Precompiling "src/gen/data/sap-common-Countries_texts_kk.hdbtabledata"... (STDOUT, APP/TASK/deploy)#
#2026 08 25 08:48:31.141#Z#DEBUG#9140a271-a061-11f1-b78a-eeee0a986e3f.ResilienceCockpit-db-deployer#flowable-async-job-executor-thread-11943#
[PollExecuteTaskStatusExecution] 2d23200b-60aa-4519-b7f8-9f40de7a8ecc [2026-08-25T08:31:29.822103] Precompiling "src/gen/data/sap-common-Countries_texts_kk.hdbtabledata"... ok (0s 0ms) (STDOUT, APP/TASK/deploy)#
#2026 08 25 08:48:31.141#Z#DEBUG#9140a271-a061-11f1-b78a-eeee0a986e3f.ResilienceCockpit-db-deployer#flowable-async-job-executor-thread-11943#
[PollExecuteTaskStatusExecution] 2d23200b-60aa-4519-b7f8-9f40de7a8ecc [2026-08-25T08:31:29.822111] Precompiling "src/gen/data/sap-common-Countries_texts_ja.csv"... ok (0s 2ms) (STDOUT, APP/TASK/deploy)#
#2026 08 25 08:48:31.141#Z#DEBUG#9140a271-a061-11f1-b78a-eeee0a986e3f.ResilienceCockpit-db-deployer#flowable-async-job-executor-thread-11943#
[PollExecuteTaskStatusExecution] 2d23200b-60aa-4519-b7f8-9f40de7a8ecc [2026-08-25T08:31:29.822118] Precompiling "src/gen/data/sap-common-Countries_texts_kk.hdbtabledata$0.expand"... (STDOUT, APP/TASK/deploy)#
#2026 08 25 08:48:31.141#Z#DEBUG#9140a271-a061-11f1-b78a-eeee0a986e3f.ResilienceCockpit-db-deployer#flowable-async-job-executor-thread-11943#
[PollExecuteTaskStatusExecution] 2d23200b-60aa-4519-b7f8-9f40de7a8ecc [2026-08-25T08:31:29.822130] Expanded from "src/gen/data/sap-common-Countries_texts_kk.hdbtabledata" (STDOUT, APP/TASK/deploy)#
#2026 08 25 08:48:31.141#Z#DEBUG#9140a271-a061-11f1-b78a-eeee0a986e3f.ResilienceCockpit-db-deployer#flowable-async-job-executor-thread-11943#
[PollExecuteTaskStatusExecution] 2d23200b-60aa-4519-b7f8-9f40de7a8ecc [2026-08-25T08:31:29.822134] Precompiling "src/gen/data/sap-common-Countries_texts_ko.csv"... (STDOUT, APP/TASK/deploy)#
#2026 08 25 08:48:31.141#Z#DEBUG#9140a271-a061-11f1-b78a-eeee0a986e3f.ResilienceCockpit-db-deployer#flowable-async-job-executor-thread-11943#
[PollExecuteTaskStatusExecution] 2d23200b-60aa-4519-b7f8-9f40de7a8ecc [2026-08-25T08:31:29.822145] Precompiling "src/gen/data/sap-common-Countries_texts_ja.hdbtabledata$0.expand"... ok (0s 2ms) (STDOUT, APP/TASK/deploy)#
#2026 08 25 08:48:31.141#Z#DEBUG#9140a271-a061-11f1-b78a-eeee0a986e3f.ResilienceCockpit-db-deployer#flowable-async-job-executor-thread-11943#
[PollExecuteTaskStatusExecution] 2d23200b-60aa-4519-b7f8-9f40de7a8ecc [2026-08-25T08:31:29.822154] Precompiling "src/gen/data/sap-common-Countries_texts_ko.hdbtabledata"... (STDOUT, APP/TASK/deploy)#
#2026 08 25 08:48:31.141#Z#DEBUG#9140a271-a061-11f1-b78a-eeee0a986e3f.ResilienceCockpit-db-deployer#flowable-async-job-executor-thread-11943#
[PollExecuteTaskStatusExecution] 2d23200b-60aa-4519-b7f8-9f40de7a8ecc [2026-08-25T08:31:29.822158] Precompiling "src/gen/data/sap-common-Countries_texts_ko.hdbtabledata"... ok (0s 0ms) (STDOUT, APP/TASK/deploy)#
#2026 08 25 08:48:31.141#Z#DEBUG#9140a271-a061-11f1-b78a-eeee0a986e3f.ResilienceCockpit-db-deployer#flowable-async-job-executor-thread-11943#
[PollExecuteTaskStatusExecution] 2d23200b-60aa-4519-b7f8-9f40de7a8ecc [2026-08-25T08:31:29.822161] Precompiling "src/gen/data/sap-common-Countries_texts_kk.csv"... ok (0s 2ms) (STDOUT, APP/TASK/deploy)#
#2026 08 25 08:48:31.141#Z#DEBUG#9140a271-a061-11f1-b78a-eeee0a986e3f.ResilienceCockpit-db-deployer#flowable-async-job-executor-thread-11943#
[PollExecuteTaskStatusExecution] 2d23200b-60aa-4519-b7f8-9f40de7a8ecc [2026-08-25T08:31:29.822169] Precompiling "src/gen/data/sap-common-Countries_texts_ko.hdbtabledata$0.expand"... (STDOUT, APP/TASK/deploy)#
#2026 08 25 08:48:31.141#Z#DEBUG#9140a271-a061-11f1-b78a-eeee0a986e3f.ResilienceCockpit-db-deployer#flowable-async-job-executor-thread-11943#
[PollExecuteTaskStatusExecution] 2d23200b-60aa-4519-b7f8-9f40de7a8ecc [2026-08-25T08:31:29.822171] Precompiling "src/gen/data/sap-common-Countries_texts_ms.csv"... (STDOUT, APP/TASK/deploy)#
#2026 08 25 08:48:31.141#Z#DEBUG#9140a271-a061-11f1-b78a-eeee0a986e3f.ResilienceCockpit-db-deployer#flowable-async-job-executor-thread-11943#
[PollExecuteTaskStatusExecution] 2d23200b-60aa-4519-b7f8-9f40de7a8ecc [2026-08-25T08:31:29.822306] Expanded from "src/gen/data/sap-common-Countries_texts_ko.hdbtabledata" (STDOUT, APP/TASK/deploy)#
#2026 08 25 08:48:31.141#Z#DEBUG#9140a271-a061-11f1-b78a-eeee0a986e3f.ResilienceCockpit-db-deployer#flowable-async-job-executor-thread-11943#
[PollExecuteTaskStatusExecution] 2d23200b-60aa-4519-b7f8-9f40de7a8ecc [2026-08-25T08:31:29.822356] Precompiling "src/gen/data/sap-common-Countries_texts_ko.csv"... ok (0s 2ms) (STDOUT, APP/TASK/deploy)#
#2026 08 25 08:48:31.141#Z#DEBUG#9140a271-a061-11f1-b78a-eeee0a986e3f.ResilienceCockpit-db-deployer#flowable-async-job-executor-thread-11943#
[PollExecuteTaskStatusExecution] 2d23200b-60aa-4519-b7f8-9f40de7a8ecc [2026-08-25T08:31:29.822360] Precompiling "src/gen/data/sap-common-Countries_texts_ms.hdbtabledata"... (STDOUT, APP/TASK/deploy)#
#2026 08 25 08:48:31.141#Z#DEBUG#9140a271-a061-11f1-b78a-eeee0a986e3f.ResilienceCockpit-db-deployer#flowable-async-job-executor-thread-11943#
[PollExecuteTaskStatusExecution] 2d23200b-60aa-4519-b7f8-9f40de7a8ecc [2026-08-25T08:31:29.822473] Precompiling "src/gen/data/sap-common-Countries_texts_ms.hdbtabledata"... ok (0s 0ms) (STDOUT, APP/TASK/deploy)#
#2026 08 25 08:48:31.141#Z#DEBUG#9140a271-a061-11f1-b78a-eeee0a986e3f.ResilienceCockpit-db-deployer#flowable-async-job-executor-thread-11943#
[PollExecuteTaskStatusExecution] 2d23200b-60aa-4519-b7f8-9f40de7a8ecc [2026-08-25T08:31:29.822517] Precompiling "src/gen/data/sap-common-Countries_texts_ms.hdbtabledata$0.expand"... (STDOUT, APP/TASK/deploy)#
#2026 08 25 08:48:31.141#Z#DEBUG#9140a271-a061-11f1-b78a-eeee0a986e3f.ResilienceCockpit-db-deployer#flowable-async-job-executor-thread-11943#
[PollExecuteTaskStatusExecution] 2d23200b-60aa-4519-b7f8-9f40de7a8ecc [2026-08-25T08:31:29.822532] Expanded from "src/gen/data/sap-common-Countries_texts_ms.hdbtabledata" (STDOUT, APP/TASK/deploy)#
#2026 08 25 08:48:31.141#Z#DEBUG#9140a271-a061-11f1-b78a-eeee0a986e3f.ResilienceCockpit-db-deployer#flowable-async-job-executor-thread-11943#
[PollExecuteTaskStatusExecution] 2d23200b-60aa-4519-b7f8-9f40de7a8ecc [2026-08-25T08:31:29.822543] Precompiling "src/gen/data/sap-common-Countries_texts_kk.hdbtabledata$0.expand"... ok (0s 3ms) (STDOUT, APP/TASK/deploy)#
#2026 08 25 08:48:31.141#Z#DEBUG#9140a271-a061-11f1-b78a-eeee0a986e3f.ResilienceCockpit-db-deployer#flowable-async-job-executor-thread-11943#
[PollExecuteTaskStatusExecution] 2d23200b-60aa-4519-b7f8-9f40de7a8ecc [2026-08-25T08:31:29.822548] Precompiling "src/gen/data/sap-common-Countries_texts_nl.csv"... (STDOUT, APP/TASK/deploy)#
#2026 08 25 08:48:31.141#Z#DEBUG#9140a271-a061-11f1-b78a-eeee0a986e3f.ResilienceCockpit-db-deployer#flowable-async-job-executor-thread-11943#
[PollExecuteTaskStatusExecution] 2d23200b-60aa-4519-b7f8-9f40de7a8ecc [2026-08-25T08:31:29.822551] Precompiling "src/gen/data/sap-common-Countries_texts_ms.csv"... ok (0s 2ms) (STDOUT, APP/TASK/deploy)#
#2026 08 25 08:48:31.141#Z#DEBUG#9140a271-a061-11f1-b78a-eeee0a986e3f.ResilienceCockpit-db-deployer#flowable-async-job-executor-thread-11943#
[PollExecuteTaskStatusExecution] 2d23200b-60aa-4519-b7f8-9f40de7a8ecc [2026-08-25T08:31:29.822555] Precompiling "src/gen/data/sap-common-Countries_texts_nl.hdbtabledata"... (STDOUT, APP/TASK/deploy)#
#2026 08 25 08:48:31.141#Z#DEBUG#9140a271-a061-11f1-b78a-eeee0a986e3f.ResilienceCockpit-db-deployer#flowable-async-job-executor-thread-11943#
[PollExecuteTaskStatusExecution] 2d23200b-60aa-4519-b7f8-9f40de7a8ecc [2026-08-25T08:31:29.822562] Precompiling "src/gen/data/sap-common-Countries_texts_nl.hdbtabledata"... ok (0s 0ms) (STDOUT, APP/TASK/deploy)#
#2026 08 25 08:48:31.141#Z#DEBUG#9140a271-a061-11f1-b78a-eeee0a986e3f.ResilienceCockpit-db-deployer#flowable-async-job-executor-thread-11943#
[PollExecuteTaskStatusExecution] 2d23200b-60aa-4519-b7f8-9f40de7a8ecc [2026-08-25T08:31:29.822663] Precompiling "src/gen/data/sap-common-Countries_texts_ms.hdbtabledata$0.expand"... ok (0s 2ms) (STDOUT, APP/TASK/deploy)#
#2026 08 25 08:48:31.141#Z#DEBUG#9140a271-a061-11f1-b78a-eeee0a986e3f.ResilienceCockpit-db-deployer#flowable-async-job-executor-thread-11943#
[PollExecuteTaskStatusExecution] 2d23200b-60aa-4519-b7f8-9f40de7a8ecc [2026-08-25T08:31:29.822668] Precompiling "src/gen/data/sap-common-Countries_texts_nl.hdbtabledata$0.expand"... (STDOUT, APP/TASK/deploy)#
#2026 08 25 08:48:31.141#Z#DEBUG#9140a271-a061-11f1-b78a-eeee0a986e3f.ResilienceCockpit-db-deployer#flowable-async-job-executor-thread-11943#
[PollExecuteTaskStatusExecution] 2d23200b-60aa-4519-b7f8-9f40de7a8ecc [2026-08-25T08:31:29.822672] Precompiling "src/gen/data/sap-common-Countries_texts_ko.hdbtabledata$0.expand"... ok (0s 3ms) (STDOUT, APP/TASK/deploy)#
#2026 08 25 08:48:31.141#Z#DEBUG#9140a271-a061-11f1-b78a-eeee0a986e3f.ResilienceCockpit-db-deployer#flowable-async-job-executor-thread-11943#
[PollExecuteTaskStatusExecution] 2d23200b-60aa-4519-b7f8-9f40de7a8ecc [2026-08-25T08:31:29.822678] Expanded from "src/gen/data/sap-common-Countries_texts_nl.hdbtabledata" (STDOUT, APP/TASK/deploy)#
#2026 08 25 08:48:31.141#Z#DEBUG#9140a271-a061-11f1-b78a-eeee0a986e3f.ResilienceCockpit-db-deployer#flowable-async-job-executor-thread-11943#
[PollExecuteTaskStatusExecution] 2d23200b-60aa-4519-b7f8-9f40de7a8ecc [2026-08-25T08:31:29.822685] Precompiling "src/gen/data/sap-common-Countries_texts_no.csv"... (STDOUT, APP/TASK/deploy)#
#2026 08 25 08:48:31.141#Z#DEBUG#9140a271-a061-11f1-b78a-eeee0a986e3f.ResilienceCockpit-db-deployer#flowable-async-job-executor-thread-11943#
[PollExecuteTaskStatusExecution] 2d23200b-60aa-4519-b7f8-9f40de7a8ecc [2026-08-25T08:31:29.822689] Precompiling "src/gen/data/sap-common-Countries_texts_no.hdbtabledata"... (STDOUT, APP/TASK/deploy)#
#2026 08 25 08:48:31.141#Z#DEBUG#9140a271-a061-11f1-b78a-eeee0a986e3f.ResilienceCockpit-db-deployer#flowable-async-job-executor-thread-11943#
[PollExecuteTaskStatusExecution] 2d23200b-60aa-4519-b7f8-9f40de7a8ecc [2026-08-25T08:31:29.822739] Precompiling "src/gen/data/sap-common-Countries_texts_no.hdbtabledata"... ok (0s 0ms) (STDOUT, APP/TASK/deploy)#
#2026 08 25 08:48:31.142#Z#DEBUG#9140a271-a061-11f1-b78a-eeee0a986e3f.ResilienceCockpit-db-deployer#flowable-async-job-executor-thread-11943#
[PollExecuteTaskStatusExecution] 2d23200b-60aa-4519-b7f8-9f40de7a8ecc [2026-08-25T08:31:29.822892] Precompiling "src/gen/data/sap-common-Countries_texts_no.hdbtabledata$0.expand"... (STDOUT, APP/TASK/deploy)#
#2026 08 25 08:48:31.142#Z#DEBUG#9140a271-a061-11f1-b78a-eeee0a986e3f.ResilienceCockpit-db-deployer#flowable-async-job-executor-thread-11943#
[PollExecuteTaskStatusExecution] 2d23200b-60aa-4519-b7f8-9f40de7a8ecc [2026-08-25T08:31:29.822905] Expanded from "src/gen/data/sap-common-Countries_texts_no.hdbtabledata" (STDOUT, APP/TASK/deploy)#
#2026 08 25 08:48:31.142#Z#DEBUG#9140a271-a061-11f1-b78a-eeee0a986e3f.ResilienceCockpit-db-deployer#flowable-async-job-executor-thread-11943#
[PollExecuteTaskStatusExecution] 2d23200b-60aa-4519-b7f8-9f40de7a8ecc [2026-08-25T08:31:29.822908] Precompiling "src/gen/data/sap-common-Countries_texts_nl.csv"... ok (0s 2ms) (STDOUT, APP/TASK/deploy)#
#2026 08 25 08:48:31.142#Z#DEBUG#9140a271-a061-11f1-b78a-eeee0a986e3f.ResilienceCockpit-db-deployer#flowable-async-job-executor-thread-11943#
[PollExecuteTaskStatusExecution] 2d23200b-60aa-4519-b7f8-9f40de7a8ecc [2026-08-25T08:31:29.822910] Precompiling "src/gen/data/sap-common-Countries_texts_pl.csv"... (STDOUT, APP/TASK/deploy)#
#2026 08 25 08:48:31.142#Z#DEBUG#9140a271-a061-11f1-b78a-eeee0a986e3f.ResilienceCockpit-db-deployer#flowable-async-job-executor-thread-11943#
[PollExecuteTaskStatusExecution] 2d23200b-60aa-4519-b7f8-9f40de7a8ecc [2026-08-25T08:31:29.822912] Precompiling "src/gen/data/sap-common-Countries_texts_no.csv"... ok (0s 1ms) (STDOUT, APP/TASK/deploy)#
#2026 08 25 08:48:31.142#Z#DEBUG#9140a271-a061-11f1-b78a-eeee0a986e3f.ResilienceCockpit-db-deployer#flowable-async-job-executor-thread-11943#
[PollExecuteTaskStatusExecution] 2d23200b-60aa-4519-b7f8-9f40de7a8ecc [2026-08-25T08:31:29.822914] Precompiling "src/gen/data/sap-common-Countries_texts_pl.hdbtabledata"... (STDOUT, APP/TASK/deploy)#
#2026 08 25 08:48:31.142#Z#DEBUG#9140a271-a061-11f1-b78a-eeee0a986e3f.ResilienceCockpit-db-deployer#flowable-async-job-executor-thread-11943#
[PollExecuteTaskStatusExecution] 2d23200b-60aa-4519-b7f8-9f40de7a8ecc [2026-08-25T08:31:29.822916] Precompiling "src/gen/data/sap-common-Countries_texts_pl.hdbtabledata"... ok (0s 0ms) (STDOUT, APP/TASK/deploy)#
#2026 08 25 08:48:31.142#Z#DEBUG#9140a271-a061-11f1-b78a-eeee0a986e3f.ResilienceCockpit-db-deployer#flowable-async-job-executor-thread-11943#
[PollExecuteTaskStatusExecution] 2d23200b-60aa-4519-b7f8-9f40de7a8ecc [2026-08-25T08:31:29.822922] Precompiling "src/gen/data/sap-common-Countries_texts_no.hdbtabledata$0.expand"... ok (0s 1ms) (STDOUT, APP/TASK/deploy)#
#2026 08 25 08:48:31.142#Z#DEBUG#9140a271-a061-11f1-b78a-eeee0a986e3f.ResilienceCockpit-db-deployer#flowable-async-job-executor-thread-11943#
[PollExecuteTaskStatusExecution] 2d23200b-60aa-4519-b7f8-9f40de7a8ecc [2026-08-25T08:31:29.822924] Precompiling "src/gen/data/sap-common-Countries_texts_nl.hdbtabledata$0.expand"... ok (0s 1ms) (STDOUT, APP/TASK/deploy)#
#2026 08 25 08:48:31.142#Z#DEBUG#9140a271-a061-11f1-b78a-eeee0a986e3f.ResilienceCockpit-db-deployer#flowable-async-job-executor-thread-11943#
[PollExecuteTaskStatusExecution] 2d23200b-60aa-4519-b7f8-9f40de7a8ecc [2026-08-25T08:31:29.822928] Precompiling "src/gen/data/sap-common-Countries_texts_pl.hdbtabledata$0.expand"... (STDOUT, APP/TASK/deploy)#
#2026 08 25 08:48:31.142#Z#DEBUG#9140a271-a061-11f1-b78a-eeee0a986e3f.ResilienceCockpit-db-deployer#flowable-async-job-executor-thread-11943#
[PollExecuteTaskStatusExecution] 2d23200b-60aa-4519-b7f8-9f40de7a8ecc [2026-08-25T08:31:29.822930] Expanded from "src/gen/data/sap-common-Countries_texts_pl.hdbtabledata" (STDOUT, APP/TASK/deploy)#
#2026 08 25 08:48:31.142#Z#DEBUG#9140a271-a061-11f1-b78a-eeee0a986e3f.ResilienceCockpit-db-deployer#flowable-async-job-executor-thread-11943#
[PollExecuteTaskStatusExecution] 2d23200b-60aa-4519-b7f8-9f40de7a8ecc [2026-08-25T08:31:29.822931] Precompiling "src/gen/data/sap-common-Countries_texts_pt.csv"... (STDOUT, APP/TASK/deploy)#
#2026 08 25 08:48:31.142#Z#DEBUG#9140a271-a061-11f1-b78a-eeee0a986e3f.ResilienceCockpit-db-deployer#flowable-async-job-executor-thread-11943#
[PollExecuteTaskStatusExecution] 2d23200b-60aa-4519-b7f8-9f40de7a8ecc [2026-08-25T08:31:29.822933] Precompiling "src/gen/data/sap-common-Countries_texts_pt.hdbtabledata"... (STDOUT, APP/TASK/deploy)#
#2026 08 25 08:48:31.142#Z#DEBUG#9140a271-a061-11f1-b78a-eeee0a986e3f.ResilienceCockpit-db-deployer#flowable-async-job-executor-thread-11943#
[PollExecuteTaskStatusExecution] 2d23200b-60aa-4519-b7f8-9f40de7a8ecc [2026-08-25T08:31:29.822935] Precompiling "src/gen/data/sap-common-Countries_texts_pt.hdbtabledata"... ok (0s 0ms) (STDOUT, APP/TASK/deploy)#
#2026 08 25 08:48:31.142#Z#DEBUG#9140a271-a061-11f1-b78a-eeee0a986e3f.ResilienceCockpit-db-deployer#flowable-async-job-executor-thread-11943#
[PollExecuteTaskStatusExecution] 2d23200b-60aa-4519-b7f8-9f40de7a8ecc [2026-08-25T08:31:29.822938] Precompiling "src/gen/data/sap-common-Countries_texts_pt.hdbtabledata$0.expand"... (STDOUT, APP/TASK/deploy)#
#2026 08 25 08:48:31.142#Z#DEBUG#9140a271-a061-11f1-b78a-eeee0a986e3f.ResilienceCockpit-db-deployer#flowable-async-job-executor-thread-11943#
[PollExecuteTaskStatusExecution] 2d23200b-60aa-4519-b7f8-9f40de7a8ecc [2026-08-25T08:31:29.822940] Expanded from "src/gen/data/sap-common-Countries_texts_pt.hdbtabledata" (STDOUT, APP/TASK/deploy)#
#2026 08 25 08:48:31.142#Z#DEBUG#9140a271-a061-11f1-b78a-eeee0a986e3f.ResilienceCockpit-db-deployer#flowable-async-job-executor-thread-11943#
[PollExecuteTaskStatusExecution] 2d23200b-60aa-4519-b7f8-9f40de7a8ecc [2026-08-25T08:31:29.822991] Precompiling "src/gen/data/sap-common-Countries_texts_pl.csv"... ok (0s 1ms) (STDOUT, APP/TASK/deploy)#
#2026 08 25 08:48:31.142#Z#DEBUG#9140a271-a061-11f1-b78a-eeee0a986e3f.ResilienceCockpit-db-deployer#flowable-async-job-executor-thread-11943#
[PollExecuteTaskStatusExecution] 2d23200b-60aa-4519-b7f8-9f40de7a8ecc [2026-08-25T08:31:29.822993] Precompiling "src/gen/data/sap-common-Countries_texts_ro.csv"... (STDOUT, APP/TASK/deploy)#
#2026 08 25 08:48:31.142#Z#DEBUG#9140a271-a061-11f1-b78a-eeee0a986e3f.ResilienceCockpit-db-deployer#flowable-async-job-executor-thread-11943#
[PollExecuteTaskStatusExecution] 2d23200b-60aa-4519-b7f8-9f40de7a8ecc [2026-08-25T08:31:29.822995] Precompiling "src/gen/data/sap-common-Countries_texts_pl.hdbtabledata$0.expand"... ok (0s 2ms) (STDOUT, APP/TASK/deploy)#
#2026 08 25 08:48:31.142#Z#DEBUG#9140a271-a061-11f1-b78a-eeee0a986e3f.ResilienceCockpit-db-deployer#flowable-async-job-executor-thread-11943#
[PollExecuteTaskStatusExecution] 2d23200b-60aa-4519-b7f8-9f40de7a8ecc [2026-08-25T08:31:29.822997] Precompiling "src/gen/data/sap-common-Countries_texts_ro.hdbtabledata"... (STDOUT, APP/TASK/deploy)#
#2026 08 25 08:48:31.142#Z#DEBUG#9140a271-a061-11f1-b78a-eeee0a986e3f.ResilienceCockpit-db-deployer#flowable-async-job-executor-thread-11943#
[PollExecuteTaskStatusExecution] 2d23200b-60aa-4519-b7f8-9f40de7a8ecc [2026-08-25T08:31:29.823002] Precompiling "src/gen/data/sap-common-Countries_texts_ro.hdbtabledata"... ok (0s 0ms) (STDOUT, APP/TASK/deploy)#
#2026 08 25 08:48:31.142#Z#DEBUG#9140a271-a061-11f1-b78a-eeee0a986e3f.ResilienceCockpit-db-deployer#flowable-async-job-executor-thread-11943#
[PollExecuteTaskStatusExecution] 2d23200b-60aa-4519-b7f8-9f40de7a8ecc [2026-08-25T08:31:29.823004] Precompiling "src/gen/data/sap-common-Countries_texts_pt.csv"... ok (0s 1ms) (STDOUT, APP/TASK/deploy)#
#2026 08 25 08:48:31.142#Z#DEBUG#9140a271-a061-11f1-b78a-eeee0a986e3f.ResilienceCockpit-db-deployer#flowable-async-job-executor-thread-11943#
[PollExecuteTaskStatusExecution] 2d23200b-60aa-4519-b7f8-9f40de7a8ecc [2026-08-25T08:31:29.823007] Precompiling "src/gen/data/sap-common-Countries_texts_ro.hdbtabledata$0.expand"... (STDOUT, APP/TASK/deploy)#
#2026 08 25 08:48:31.142#Z#DEBUG#9140a271-a061-11f1-b78a-eeee0a986e3f.ResilienceCockpit-db-deployer#flowable-async-job-executor-thread-11943#
[PollExecuteTaskStatusExecution] 2d23200b-60aa-4519-b7f8-9f40de7a8ecc [2026-08-25T08:31:29.823008] Expanded from "src/gen/data/sap-common-Countries_texts_ro.hdbtabledata" (STDOUT, APP/TASK/deploy)#
#2026 08 25 08:48:31.142#Z#DEBUG#9140a271-a061-11f1-b78a-eeee0a986e3f.ResilienceCockpit-db-deployer#flowable-async-job-executor-thread-11943#
[PollExecuteTaskStatusExecution] 2d23200b-60aa-4519-b7f8-9f40de7a8ecc [2026-08-25T08:31:29.823010] Precompiling "src/gen/data/sap-common-Countries_texts_ru.csv"... (STDOUT, APP/TASK/deploy)#
#2026 08 25 08:48:31.142#Z#DEBUG#9140a271-a061-11f1-b78a-eeee0a986e3f.ResilienceCockpit-db-deployer#flowable-async-job-executor-thread-11943#
[PollExecuteTaskStatusExecution] 2d23200b-60aa-4519-b7f8-9f40de7a8ecc [2026-08-25T08:31:29.823014] Precompiling "src/gen/data/sap-common-Countries_texts_pt.hdbtabledata$0.expand"... ok (0s 1ms) (STDOUT, APP/TASK/deploy)#
#2026 08 25 08:48:31.142#Z#DEBUG#9140a271-a061-11f1-b78a-eeee0a986e3f.ResilienceCockpit-db-deployer#flowable-async-job-executor-thread-11943#
[PollExecuteTaskStatusExecution] 2d23200b-60aa-4519-b7f8-9f40de7a8ecc [2026-08-25T08:31:29.823016] Precompiling "src/gen/data/sap-common-Countries_texts_ru.hdbtabledata"... (STDOUT, APP/TASK/deploy)#
#2026 08 25 08:48:31.142#Z#DEBUG#9140a271-a061-11f1-b78a-eeee0a986e3f.ResilienceCockpit-db-deployer#flowable-async-job-executor-thread-11943#
[PollExecuteTaskStatusExecution] 2d23200b-60aa-4519-b7f8-9f40de7a8ecc [2026-08-25T08:31:29.823019] Precompiling "src/gen/data/sap-common-Countries_texts_ru.hdbtabledata"... ok (0s 0ms) (STDOUT, APP/TASK/deploy)#
#2026 08 25 08:48:31.142#Z#DEBUG#9140a271-a061-11f1-b78a-eeee0a986e3f.ResilienceCockpit-db-deployer#flowable-async-job-executor-thread-11943#
[PollExecuteTaskStatusExecution] 2d23200b-60aa-4519-b7f8-9f40de7a8ecc [2026-08-25T08:31:29.823020] Precompiling "src/gen/data/sap-common-Countries_texts_ru.hdbtabledata$0.expand"... (STDOUT, APP/TASK/deploy)#
#2026 08 25 08:48:31.142#Z#DEBUG#9140a271-a061-11f1-b78a-eeee0a986e3f.ResilienceCockpit-db-deployer#flowable-async-job-executor-thread-11943#
[PollExecuteTaskStatusExecution] 2d23200b-60aa-4519-b7f8-9f40de7a8ecc [2026-08-25T08:31:29.823022] Expanded from "src/gen/data/sap-common-Countries_texts_ru.hdbtabledata" (STDOUT, APP/TASK/deploy)#
#2026 08 25 08:48:31.142#Z#DEBUG#9140a271-a061-11f1-b78a-eeee0a986e3f.ResilienceCockpit-db-deployer#flowable-async-job-executor-thread-11943#
[PollExecuteTaskStatusExecution] 2d23200b-60aa-4519-b7f8-9f40de7a8ecc [2026-08-25T08:31:29.823024] Precompiling "src/gen/data/sap-common-Countries_texts_ro.csv"... ok (0s 2ms) (STDOUT, APP/TASK/deploy)#
#2026 08 25 08:48:31.142#Z#DEBUG#9140a271-a061-11f1-b78a-eeee0a986e3f.ResilienceCockpit-db-deployer#flowable-async-job-executor-thread-11943#
[PollExecuteTaskStatusExecution] 2d23200b-60aa-4519-b7f8-9f40de7a8ecc [2026-08-25T08:31:29.823025] Precompiling "src/gen/data/sap-common-Countries_texts_ro.hdbtabledata$0.expand"... ok (0s 1ms) (STDOUT, APP/TASK/deploy)#
#2026 08 25 08:48:31.142#Z#DEBUG#9140a271-a061-11f1-b78a-eeee0a986e3f.ResilienceCockpit-db-deployer#flowable-async-job-executor-thread-11943#
[PollExecuteTaskStatusExecution] 2d23200b-60aa-4519-b7f8-9f40de7a8ecc [2026-08-25T08:31:29.823027] Precompiling "src/gen/data/sap-common-Countries_texts_sh.csv"... (STDOUT, APP/TASK/deploy)#
#2026 08 25 08:48:31.142#Z#DEBUG#9140a271-a061-11f1-b78a-eeee0a986e3f.ResilienceCockpit-db-deployer#flowable-async-job-executor-thread-11943#
[PollExecuteTaskStatusExecution] 2d23200b-60aa-4519-b7f8-9f40de7a8ecc [2026-08-25T08:31:29.823029] Precompiling "src/gen/data/sap-common-Countries_texts_sh.hdbtabledata"... (STDOUT, APP/TASK/deploy)#
#2026 08 25 08:48:31.142#Z#DEBUG#9140a271-a061-11f1-b78a-eeee0a986e3f.ResilienceCockpit-db-deployer#flowable-async-job-executor-thread-11943#
[PollExecuteTaskStatusExecution] 2d23200b-60aa-4519-b7f8-9f40de7a8ecc [2026-08-25T08:31:29.823031] Precompiling "src/gen/data/sap-common-Countries_texts_sh.hdbtabledata"... ok (0s 0ms) (STDOUT, APP/TASK/deploy)#
#2026 08 25 08:48:31.142#Z#DEBUG#9140a271-a061-11f1-b78a-eeee0a986e3f.ResilienceCockpit-db-deployer#flowable-async-job-executor-thread-11943#
[PollExecuteTaskStatusExecution] 2d23200b-60aa-4519-b7f8-9f40de7a8ecc [2026-08-25T08:31:29.823032] Precompiling "src/gen/data/sap-common-Countries_texts_sh.hdbtabledata$0.expand"... (STDOUT, APP/TASK/deploy)#
#2026 08 25 08:48:31.142#Z#DEBUG#9140a271-a061-11f1-b78a-eeee0a986e3f.ResilienceCockpit-db-deployer#flowable-async-job-executor-thread-11943#
[PollExecuteTaskStatusExecution] 2d23200b-60aa-4519-b7f8-9f40de7a8ecc [2026-08-25T08:31:29.823038] Expanded from "src/gen/data/sap-common-Countries_texts_sh.hdbtabledata" (STDOUT, APP/TASK/deploy)#
#2026 08 25 08:48:31.142#Z#DEBUG#9140a271-a061-11f1-b78a-eeee0a986e3f.ResilienceCockpit-db-deployer#flowable-async-job-executor-thread-11943#
[PollExecuteTaskStatusExecution] 2d23200b-60aa-4519-b7f8-9f40de7a8ecc [2026-08-25T08:31:29.823040] Precompiling "src/gen/data/sap-common-Countries_texts_ru.csv"... ok (0s 2ms) (STDOUT, APP/TASK/deploy)#
#2026 08 25 08:48:31.142#Z#DEBUG#9140a271-a061-11f1-b78a-eeee0a986e3f.ResilienceCockpit-db-deployer#flowable-async-job-executor-thread-11943#
[PollExecuteTaskStatusExecution] 2d23200b-60aa-4519-b7f8-9f40de7a8ecc [2026-08-25T08:31:29.823043] Precompiling "src/gen/data/sap-common-Countries_texts_sk.csv"... (STDOUT, APP/TASK/deploy)#
#2026 08 25 08:48:31.142#Z#DEBUG#9140a271-a061-11f1-b78a-eeee0a986e3f.ResilienceCockpit-db-deployer#flowable-async-job-executor-thread-11943#
[PollExecuteTaskStatusExecution] 2d23200b-60aa-4519-b7f8-9f40de7a8ecc [2026-08-25T08:31:29.823045] Precompiling "src/gen/data/sap-common-Countries_texts_ru.hdbtabledata$0.expand"... ok (0s 1ms) (STDOUT, APP/TASK/deploy)#
#2026 08 25 08:48:31.142#Z#DEBUG#9140a271-a061-11f1-b78a-eeee0a986e3f.ResilienceCockpit-db-deployer#flowable-async-job-executor-thread-11943#
[PollExecuteTaskStatusExecution] 2d23200b-60aa-4519-b7f8-9f40de7a8ecc [2026-08-25T08:31:29.823047] Precompiling "src/gen/data/sap-common-Countries_texts_sk.hdbtabledata"... (STDOUT, APP/TASK/deploy)#
#2026 08 25 08:48:31.142#Z#DEBUG#9140a271-a061-11f1-b78a-eeee0a986e3f.ResilienceCockpit-db-deployer#flowable-async-job-executor-thread-11943#
[PollExecuteTaskStatusExecution] 2d23200b-60aa-4519-b7f8-9f40de7a8ecc [2026-08-25T08:31:29.823051] Precompiling "src/gen/data/sap-common-Countries_texts_sk.hdbtabledata"... ok (0s 0ms) (STDOUT, APP/TASK/deploy)#
#2026 08 25 08:48:31.142#Z#DEBUG#9140a271-a061-11f1-b78a-eeee0a986e3f.ResilienceCockpit-db-deployer#flowable-async-job-executor-thread-11943#
[PollExecuteTaskStatusExecution] 2d23200b-60aa-4519-b7f8-9f40de7a8ecc [2026-08-25T08:31:29.823053] Precompiling "src/gen/data/sap-common-Countries_texts_sk.hdbtabledata$0.expand"... (STDOUT, APP/TASK/deploy)#
#2026 08 25 08:48:31.142#Z#DEBUG#9140a271-a061-11f1-b78a-eeee0a986e3f.ResilienceCockpit-db-deployer#flowable-async-job-executor-thread-11943#
[PollExecuteTaskStatusExecution] 2d23200b-60aa-4519-b7f8-9f40de7a8ecc [2026-08-25T08:31:29.823055] Expanded from "src/gen/data/sap-common-Countries_texts_sk.hdbtabledata" (STDOUT, APP/TASK/deploy)#
#2026 08 25 08:48:31.142#Z#DEBUG#9140a271-a061-11f1-b78a-eeee0a986e3f.ResilienceCockpit-db-deployer#flowable-async-job-executor-thread-11943#
[PollExecuteTaskStatusExecution] 2d23200b-60aa-4519-b7f8-9f40de7a8ecc [2026-08-25T08:31:29.823057] Precompiling "src/gen/data/sap-common-Countries_texts_sh.csv"... ok (0s 1ms) (STDOUT, APP/TASK/deploy)#
#2026 08 25 08:48:31.142#Z#DEBUG#9140a271-a061-11f1-b78a-eeee0a986e3f.ResilienceCockpit-db-deployer#flowable-async-job-executor-thread-11943#
[PollExecuteTaskStatusExecution] 2d23200b-60aa-4519-b7f8-9f40de7a8ecc [2026-08-25T08:31:29.823059] Precompiling "src/gen/data/sap-common-Countries_texts_sk.hdbtabledata$0.expand"... ok (0s 1ms) (STDOUT, APP/TASK/deploy)#
#2026 08 25 08:48:31.142#Z#DEBUG#9140a271-a061-11f1-b78a-eeee0a986e3f.ResilienceCockpit-db-deployer#flowable-async-job-executor-thread-11943#
[PollExecuteTaskStatusExecution] 2d23200b-60aa-4519-b7f8-9f40de7a8ecc [2026-08-25T08:31:29.823061] Precompiling "src/gen/data/sap-common-Countries_texts_sl.csv"... (STDOUT, APP/TASK/deploy)#
#2026 08 25 08:48:31.142#Z#DEBUG#9140a271-a061-11f1-b78a-eeee0a986e3f.ResilienceCockpit-db-deployer#flowable-async-job-executor-thread-11943#
[PollExecuteTaskStatusExecution] 2d23200b-60aa-4519-b7f8-9f40de7a8ecc [2026-08-25T08:31:29.823062] Precompiling "src/gen/data/sap-common-Countries_texts_sl.hdbtabledata"... (STDOUT, APP/TASK/deploy)#
#2026 08 25 08:48:31.142#Z#DEBUG#9140a271-a061-11f1-b78a-eeee0a986e3f.ResilienceCockpit-db-deployer#flowable-async-job-executor-thread-11943#
[PollExecuteTaskStatusExecution] 2d23200b-60aa-4519-b7f8-9f40de7a8ecc [2026-08-25T08:31:29.823064] Precompiling "src/gen/data/sap-common-Countries_texts_sl.hdbtabledata"... ok (0s 0ms) (STDOUT, APP/TASK/deploy)#
#2026 08 25 08:48:31.142#Z#DEBUG#9140a271-a061-11f1-b78a-eeee0a986e3f.ResilienceCockpit-db-deployer#flowable-async-job-executor-thread-11943#
[PollExecuteTaskStatusExecution] 2d23200b-60aa-4519-b7f8-9f40de7a8ecc [2026-08-25T08:31:29.823065] Precompiling "src/gen/data/sap-common-Countries_texts_sl.hdbtabledata$0.expand"... (STDOUT, APP/TASK/deploy)#
#2026 08 25 08:48:31.142#Z#DEBUG#9140a271-a061-11f1-b78a-eeee0a986e3f.ResilienceCockpit-db-deployer#flowable-async-job-executor-thread-11943#
[PollExecuteTaskStatusExecution] 2d23200b-60aa-4519-b7f8-9f40de7a8ecc [2026-08-25T08:31:29.823067] Expanded from "src/gen/data/sap-common-Countries_texts_sl.hdbtabledata" (STDOUT, APP/TASK/deploy)#
#2026 08 25 08:48:31.142#Z#DEBUG#9140a271-a061-11f1-b78a-eeee0a986e3f.ResilienceCockpit-db-deployer#flowable-async-job-executor-thread-11943#
[PollExecuteTaskStatusExecution] 2d23200b-60aa-4519-b7f8-9f40de7a8ecc [2026-08-25T08:31:29.823068] Precompiling "src/gen/data/sap-common-Countries_texts_sh.hdbtabledata$0.expand"... ok (0s 1ms) (STDOUT, APP/TASK/deploy)#
#2026 08 25 08:48:31.142#Z#DEBUG#9140a271-a061-11f1-b78a-eeee0a986e3f.ResilienceCockpit-db-deployer#flowable-async-job-executor-thread-11943#
[PollExecuteTaskStatusExecution] 2d23200b-60aa-4519-b7f8-9f40de7a8ecc [2026-08-25T08:31:29.823070] Precompiling "src/gen/data/sap-common-Countries_texts_sv.csv"... (STDOUT, APP/TASK/deploy)#
#2026 08 25 08:48:31.142#Z#DEBUG#9140a271-a061-11f1-b78a-eeee0a986e3f.ResilienceCockpit-db-deployer#flowable-async-job-executor-thread-11943#
[PollExecuteTaskStatusExecution] 2d23200b-60aa-4519-b7f8-9f40de7a8ecc [2026-08-25T08:31:29.823071] Precompiling "src/gen/data/sap-common-Countries_texts_sk.csv"... ok (0s 2ms) (STDOUT, APP/TASK/deploy)#
#2026 08 25 08:48:31.142#Z#DEBUG#9140a271-a061-11f1-b78a-eeee0a986e3f.ResilienceCockpit-db-deployer#flowable-async-job-executor-thread-11943#
[PollExecuteTaskStatusExecution] 2d23200b-60aa-4519-b7f8-9f40de7a8ecc [2026-08-25T08:31:29.823074] Precompiling "src/gen/data/sap-common-Countries_texts_sv.hdbtabledata"... (STDOUT, APP/TASK/deploy)#
#2026 08 25 08:48:31.142#Z#DEBUG#9140a271-a061-11f1-b78a-eeee0a986e3f.ResilienceCockpit-db-deployer#flowable-async-job-executor-thread-11943#
[PollExecuteTaskStatusExecution] 2d23200b-60aa-4519-b7f8-9f40de7a8ecc [2026-08-25T08:31:29.823075] Precompiling "src/gen/data/sap-common-Countries_texts_sv.hdbtabledata"... ok (0s 0ms) (STDOUT, APP/TASK/deploy)#
#2026 08 25 08:48:31.142#Z#DEBUG#9140a271-a061-11f1-b78a-eeee0a986e3f.ResilienceCockpit-db-deployer#flowable-async-job-executor-thread-11943#
[PollExecuteTaskStatusExecution] 2d23200b-60aa-4519-b7f8-9f40de7a8ecc [2026-08-25T08:31:29.823077] Precompiling "src/gen/data/sap-common-Countries_texts_sv.hdbtabledata$0.expand"... (STDOUT, APP/TASK/deploy)#
#2026 08 25 08:48:31.142#Z#DEBUG#9140a271-a061-11f1-b78a-eeee0a986e3f.ResilienceCockpit-db-deployer#flowable-async-job-executor-thread-11943#
[PollExecuteTaskStatusExecution] 2d23200b-60aa-4519-b7f8-9f40de7a8ecc [2026-08-25T08:31:29.823081] Expanded from "src/gen/data/sap-common-Countries_texts_sv.hdbtabledata" (STDOUT, APP/TASK/deploy)#
#2026 08 25 08:48:31.142#Z#DEBUG#9140a271-a061-11f1-b78a-eeee0a986e3f.ResilienceCockpit-db-deployer#flowable-async-job-executor-thread-11943#
[PollExecuteTaskStatusExecution] 2d23200b-60aa-4519-b7f8-9f40de7a8ecc [2026-08-25T08:31:29.823082] Precompiling "src/gen/data/sap-common-Countries_texts_sl.hdbtabledata$0.expand"... ok (0s 2ms) (STDOUT, APP/TASK/deploy)#
#2026 08 25 08:48:31.142#Z#DEBUG#9140a271-a061-11f1-b78a-eeee0a986e3f.ResilienceCockpit-db-deployer#flowable-async-job-executor-thread-11943#
[PollExecuteTaskStatusExecution] 2d23200b-60aa-4519-b7f8-9f40de7a8ecc [2026-08-25T08:31:29.823084] Precompiling "src/gen/data/sap-common-Countries_texts_sl.csv"... ok (0s 2ms) (STDOUT, APP/TASK/deploy)#
#2026 08 25 08:48:31.142#Z#DEBUG#9140a271-a061-11f1-b78a-eeee0a986e3f.ResilienceCockpit-db-deployer#flowable-async-job-executor-thread-11943#
[PollExecuteTaskStatusExecution] 2d23200b-60aa-4519-b7f8-9f40de7a8ecc [2026-08-25T08:31:29.823086] Precompiling "src/gen/data/sap-common-Countries_texts_th.hdbtabledata"... (STDOUT, APP/TASK/deploy)#
#2026 08 25 08:48:31.142#Z#DEBUG#9140a271-a061-11f1-b78a-eeee0a986e3f.ResilienceCockpit-db-deployer#flowable-async-job-executor-thread-11943#
[PollExecuteTaskStatusExecution] 2d23200b-60aa-4519-b7f8-9f40de7a8ecc [2026-08-25T08:31:29.823088] Precompiling "src/gen/data/sap-common-Countries_texts_th.csv"... (STDOUT, APP/TASK/deploy)#
#2026 08 25 08:48:31.142#Z#DEBUG#9140a271-a061-11f1-b78a-eeee0a986e3f.ResilienceCockpit-db-deployer#flowable-async-job-executor-thread-11943#
[PollExecuteTaskStatusExecution] 2d23200b-60aa-4519-b7f8-9f40de7a8ecc [2026-08-25T08:31:29.823091] Precompiling "src/gen/data/sap-common-Countries_texts_th.hdbtabledata"... ok (0s 0ms) (STDOUT, APP/TASK/deploy)#
#2026 08 25 08:48:31.142#Z#DEBUG#9140a271-a061-11f1-b78a-eeee0a986e3f.ResilienceCockpit-db-deployer#flowable-async-job-executor-thread-11943#
[PollExecuteTaskStatusExecution] 2d23200b-60aa-4519-b7f8-9f40de7a8ecc [2026-08-25T08:31:29.823092] Precompiling "src/gen/data/sap-common-Countries_texts_th.hdbtabledata$0.expand"... (STDOUT, APP/TASK/deploy)#
#2026 08 25 08:48:31.142#Z#DEBUG#9140a271-a061-11f1-b78a-eeee0a986e3f.ResilienceCockpit-db-deployer#flowable-async-job-executor-thread-11943#
[PollExecuteTaskStatusExecution] 2d23200b-60aa-4519-b7f8-9f40de7a8ecc [2026-08-25T08:31:29.823096] Expanded from "src/gen/data/sap-common-Countries_texts_th.hdbtabledata" (STDOUT, APP/TASK/deploy)#
#2026 08 25 08:48:31.142#Z#DEBUG#9140a271-a061-11f1-b78a-eeee0a986e3f.ResilienceCockpit-db-deployer#flowable-async-job-executor-thread-11943#
[PollExecuteTaskStatusExecution] 2d23200b-60aa-4519-b7f8-9f40de7a8ecc [2026-08-25T08:31:29.823141] Precompiling "src/gen/data/sap-common-Countries_texts_sv.hdbtabledata$0.expand"... ok (0s 1ms) (STDOUT, APP/TASK/deploy)#
#2026 08 25 08:48:31.142#Z#DEBUG#9140a271-a061-11f1-b78a-eeee0a986e3f.ResilienceCockpit-db-deployer#flowable-async-job-executor-thread-11943#
[PollExecuteTaskStatusExecution] 2d23200b-60aa-4519-b7f8-9f40de7a8ecc [2026-08-25T08:31:29.823143] Precompiling "src/gen/data/sap-common-Countries_texts_sv.csv"... ok (0s 2ms) (STDOUT, APP/TASK/deploy)#
#2026 08 25 08:48:31.142#Z#DEBUG#9140a271-a061-11f1-b78a-eeee0a986e3f.ResilienceCockpit-db-deployer#flowable-async-job-executor-thread-11943#
[PollExecuteTaskStatusExecution] 2d23200b-60aa-4519-b7f8-9f40de7a8ecc [2026-08-25T08:31:29.823144] Precompiling "src/gen/data/sap-common-Countries_texts_tr.hdbtabledata"... (STDOUT, APP/TASK/deploy)#
#2026 08 25 08:48:31.142#Z#DEBUG#9140a271-a061-11f1-b78a-eeee0a986e3f.ResilienceCockpit-db-deployer#flowable-async-job-executor-thread-11943#
[PollExecuteTaskStatusExecution] 2d23200b-60aa-4519-b7f8-9f40de7a8ecc [2026-08-25T08:31:29.823146] Precompiling "src/gen/data/sap-common-Countries_texts_tr.csv"... (STDOUT, APP/TASK/deploy)#
#2026 08 25 08:48:31.142#Z#DEBUG#9140a271-a061-11f1-b78a-eeee0a986e3f.ResilienceCockpit-db-deployer#flowable-async-job-executor-thread-11943#
[PollExecuteTaskStatusExecution] 2d23200b-60aa-4519-b7f8-9f40de7a8ecc [2026-08-25T08:31:29.823564] Precompiling "src/gen/data/sap-common-Countries_texts_tr.hdbtabledata"... ok (0s 0ms) (STDOUT, APP/TASK/deploy)#
#2026 08 25 08:48:31.142#Z#DEBUG#9140a271-a061-11f1-b78a-eeee0a986e3f.ResilienceCockpit-db-deployer#flowable-async-job-executor-thread-11943#
[PollExecuteTaskStatusExecution] 2d23200b-60aa-4519-b7f8-9f40de7a8ecc [2026-08-25T08:31:29.823569] Precompiling "src/gen/data/sap-common-Countries_texts_tr.hdbtabledata$0.expand"... (STDOUT, APP/TASK/deploy)#
#2026 08 25 08:48:31.142#Z#DEBUG#9140a271-a061-11f1-b78a-eeee0a986e3f.ResilienceCockpit-db-deployer#flowable-async-job-executor-thread-11943#
[PollExecuteTaskStatusExecution] 2d23200b-60aa-4519-b7f8-9f40de7a8ecc [2026-08-25T08:31:29.823572] Expanded from "src/gen/data/sap-common-Countries_texts_tr.hdbtabledata" (STDOUT, APP/TASK/deploy)#
#2026 08 25 08:48:31.142#Z#DEBUG#9140a271-a061-11f1-b78a-eeee0a986e3f.ResilienceCockpit-db-deployer#flowable-async-job-executor-thread-11943#
[PollExecuteTaskStatusExecution] 2d23200b-60aa-4519-b7f8-9f40de7a8ecc [2026-08-25T08:31:29.823575] Precompiling "src/gen/data/sap-common-Countries_texts_th.hdbtabledata$0.expand"... ok (0s 1ms) (STDOUT, APP/TASK/deploy)#
#2026 08 25 08:48:31.142#Z#DEBUG#9140a271-a061-11f1-b78a-eeee0a986e3f.ResilienceCockpit-db-deployer#flowable-async-job-executor-thread-11943#
[PollExecuteTaskStatusExecution] 2d23200b-60aa-4519-b7f8-9f40de7a8ecc [2026-08-25T08:31:29.823577] Precompiling "src/gen/data/sap-common-Countries_texts_uk.csv"... (STDOUT, APP/TASK/deploy)#
#2026 08 25 08:48:31.142#Z#DEBUG#9140a271-a061-11f1-b78a-eeee0a986e3f.ResilienceCockpit-db-deployer#flowable-async-job-executor-thread-11943#
[PollExecuteTaskStatusExecution] 2d23200b-60aa-4519-b7f8-9f40de7a8ecc [2026-08-25T08:31:29.823579] Precompiling "src/gen/data/sap-common-Countries_texts_tr.csv"... ok (0s 1ms) (STDOUT, APP/TASK/deploy)#
#2026 08 25 08:48:31.142#Z#DEBUG#9140a271-a061-11f1-b78a-eeee0a986e3f.ResilienceCockpit-db-deployer#flowable-async-job-executor-thread-11943#
[PollExecuteTaskStatusExecution] 2d23200b-60aa-4519-b7f8-9f40de7a8ecc [2026-08-25T08:31:29.823581] Precompiling "src/gen/data/sap-common-Countries_texts_uk.hdbtabledata"... (STDOUT, APP/TASK/deploy)#
#2026 08 25 08:48:31.142#Z#DEBUG#9140a271-a061-11f1-b78a-eeee0a986e3f.ResilienceCockpit-db-deployer#flowable-async-job-executor-thread-11943#
[PollExecuteTaskStatusExecution] 2d23200b-60aa-4519-b7f8-9f40de7a8ecc [2026-08-25T08:31:29.823583] Precompiling "src/gen/data/sap-common-Countries_texts_th.csv"... ok (0s 3ms) (STDOUT, APP/TASK/deploy)#
#2026 08 25 08:48:31.142#Z#DEBUG#9140a271-a061-11f1-b78a-eeee0a986e3f.ResilienceCockpit-db-deployer#flowable-async-job-executor-thread-11943#
[PollExecuteTaskStatusExecution] 2d23200b-60aa-4519-b7f8-9f40de7a8ecc [2026-08-25T08:31:29.823585] Precompiling "src/gen/data/sap-common-Countries_texts_tr.hdbtabledata$0.expand"... ok (0s 2ms) (STDOUT, APP/TASK/deploy)#
#2026 08 25 08:48:31.142#Z#DEBUG#9140a271-a061-11f1-b78a-eeee0a986e3f.ResilienceCockpit-db-deployer#flowable-async-job-executor-thread-11943#
[PollExecuteTaskStatusExecution] 2d23200b-60aa-4519-b7f8-9f40de7a8ecc [2026-08-25T08:31:29.823586] Precompiling "src/gen/data/sap-common-Countries_texts_uk.hdbtabledata"... ok (0s 0ms) (STDOUT, APP/TASK/deploy)#
#2026 08 25 08:48:31.142#Z#DEBUG#9140a271-a061-11f1-b78a-eeee0a986e3f.ResilienceCockpit-db-deployer#flowable-async-job-executor-thread-11943#
[PollExecuteTaskStatusExecution] 2d23200b-60aa-4519-b7f8-9f40de7a8ecc [2026-08-25T08:31:29.823588] Precompiling "src/gen/data/sap-common-Countries_texts_uk.hdbtabledata$0.expand"... (STDOUT, APP/TASK/deploy)#
#2026 08 25 08:48:31.142#Z#DEBUG#9140a271-a061-11f1-b78a-eeee0a986e3f.ResilienceCockpit-db-deployer#flowable-async-job-executor-thread-11943#
[PollExecuteTaskStatusExecution] 2d23200b-60aa-4519-b7f8-9f40de7a8ecc [2026-08-25T08:31:29.823590] Precompiling "src/gen/data/sap-common-Countries_texts_zh_CN.csv"... (STDOUT, APP/TASK/deploy)#
#2026 08 25 08:48:31.142#Z#DEBUG#9140a271-a061-11f1-b78a-eeee0a986e3f.ResilienceCockpit-db-deployer#flowable-async-job-executor-thread-11943#
[PollExecuteTaskStatusExecution] 2d23200b-60aa-4519-b7f8-9f40de7a8ecc [2026-08-25T08:31:29.823591] Expanded from "src/gen/data/sap-common-Countries_texts_uk.hdbtabledata" (STDOUT, APP/TASK/deploy)#
#2026 08 25 08:48:31.142#Z#DEBUG#9140a271-a061-11f1-b78a-eeee0a986e3f.ResilienceCockpit-db-deployer#flowable-async-job-executor-thread-11943#
[PollExecuteTaskStatusExecution] 2d23200b-60aa-4519-b7f8-9f40de7a8ecc [2026-08-25T08:31:29.823593] Precompiling "src/gen/data/sap-common-Countries_texts_zh_CN.hdbtabledata"... (STDOUT, APP/TASK/deploy)#
#2026 08 25 08:48:31.142#Z#DEBUG#9140a271-a061-11f1-b78a-eeee0a986e3f.ResilienceCockpit-db-deployer#flowable-async-job-executor-thread-11943#
[PollExecuteTaskStatusExecution] 2d23200b-60aa-4519-b7f8-9f40de7a8ecc [2026-08-25T08:31:29.823595] Precompiling "src/gen/data/sap-common-Countries_texts_zh_CN.hdbtabledata"... ok (0s 0ms) (STDOUT, APP/TASK/deploy)#
#2026 08 25 08:48:31.142#Z#DEBUG#9140a271-a061-11f1-b78a-eeee0a986e3f.ResilienceCockpit-db-deployer#flowable-async-job-executor-thread-11943#
[PollExecuteTaskStatusExecution] 2d23200b-60aa-4519-b7f8-9f40de7a8ecc [2026-08-25T08:31:29.823599] Precompiling "src/gen/data/sap-common-Countries_texts_zh_CN.hdbtabledata$0.expand"... (STDOUT, APP/TASK/deploy)#
#2026 08 25 08:48:31.142#Z#DEBUG#9140a271-a061-11f1-b78a-eeee0a986e3f.ResilienceCockpit-db-deployer#flowable-async-job-executor-thread-11943#
[PollExecuteTaskStatusExecution] 2d23200b-60aa-4519-b7f8-9f40de7a8ecc [2026-08-25T08:31:29.823601] Expanded from "src/gen/data/sap-common-Countries_texts_zh_CN.hdbtabledata" (STDOUT, APP/TASK/deploy)#
#2026 08 25 08:48:31.142#Z#DEBUG#9140a271-a061-11f1-b78a-eeee0a986e3f.ResilienceCockpit-db-deployer#flowable-async-job-executor-thread-11943#
[PollExecuteTaskStatusExecution] 2d23200b-60aa-4519-b7f8-9f40de7a8ecc [2026-08-25T08:31:29.823603] Precompiling "src/gen/data/sap-common-Countries_texts_uk.csv"... ok (0s 2ms) (STDOUT, APP/TASK/deploy)#
#2026 08 25 08:48:31.142#Z#DEBUG#9140a271-a061-11f1-b78a-eeee0a986e3f.ResilienceCockpit-db-deployer#flowable-async-job-executor-thread-11943#
[PollExecuteTaskStatusExecution] 2d23200b-60aa-4519-b7f8-9f40de7a8ecc [2026-08-25T08:31:29.823606] Precompiling "src/gen/data/sap-common-Countries_texts_zh_TW.csv"... (STDOUT, APP/TASK/deploy)#
#2026 08 25 08:48:31.142#Z#DEBUG#9140a271-a061-11f1-b78a-eeee0a986e3f.ResilienceCockpit-db-deployer#flowable-async-job-executor-thread-11943#
[PollExecuteTaskStatusExecution] 2d23200b-60aa-4519-b7f8-9f40de7a8ecc [2026-08-25T08:31:29.823618] Precompiling "src/gen/data/sap-common-Countries_texts_zh_CN.hdbtabledata$0.expand"... ok (0s 1ms) (STDOUT, APP/TASK/deploy)#
#2026 08 25 08:48:31.142#Z#DEBUG#9140a271-a061-11f1-b78a-eeee0a986e3f.ResilienceCockpit-db-deployer#flowable-async-job-executor-thread-11943#
[PollExecuteTaskStatusExecution] 2d23200b-60aa-4519-b7f8-9f40de7a8ecc [2026-08-25T08:31:29.823622] Precompiling "src/gen/data/sap-common-Countries_texts_zh_TW.hdbtabledata"... (STDOUT, APP/TASK/deploy)#
#2026 08 25 08:48:31.142#Z#DEBUG#9140a271-a061-11f1-b78a-eeee0a986e3f.ResilienceCockpit-db-deployer#flowable-async-job-executor-thread-11943#
[PollExecuteTaskStatusExecution] 2d23200b-60aa-4519-b7f8-9f40de7a8ecc [2026-08-25T08:31:29.823624] Precompiling "src/gen/data/sap-common-Countries_texts_zh_TW.hdbtabledata"... ok (0s 0ms) (STDOUT, APP/TASK/deploy)#
#2026 08 25 08:48:31.142#Z#DEBUG#9140a271-a061-11f1-b78a-eeee0a986e3f.ResilienceCockpit-db-deployer#flowable-async-job-executor-thread-11943#
[PollExecuteTaskStatusExecution] 2d23200b-60aa-4519-b7f8-9f40de7a8ecc [2026-08-25T08:31:29.823627] Precompiling "src/gen/data/sap-common-Countries_texts_zh_TW.hdbtabledata$0.expand"... (STDOUT, APP/TASK/deploy)#
#2026 08 25 08:48:31.142#Z#DEBUG#9140a271-a061-11f1-b78a-eeee0a986e3f.ResilienceCockpit-db-deployer#flowable-async-job-executor-thread-11943#
[PollExecuteTaskStatusExecution] 2d23200b-60aa-4519-b7f8-9f40de7a8ecc [2026-08-25T08:31:29.823630] Expanded from "src/gen/data/sap-common-Countries_texts_zh_TW.hdbtabledata" (STDOUT, APP/TASK/deploy)#
#2026 08 25 08:48:31.142#Z#DEBUG#9140a271-a061-11f1-b78a-eeee0a986e3f.ResilienceCockpit-db-deployer#flowable-async-job-executor-thread-11943#
[PollExecuteTaskStatusExecution] 2d23200b-60aa-4519-b7f8-9f40de7a8ecc [2026-08-25T08:31:29.823632] Precompiling "src/gen/data/sap-common-Countries_texts_uk.hdbtabledata$0.expand"... ok (0s 2ms) (STDOUT, APP/TASK/deploy)#
#2026 08 25 08:48:31.142#Z#DEBUG#9140a271-a061-11f1-b78a-eeee0a986e3f.ResilienceCockpit-db-deployer#flowable-async-job-executor-thread-11943#
[PollExecuteTaskStatusExecution] 2d23200b-60aa-4519-b7f8-9f40de7a8ecc [2026-08-25T08:31:29.823635] Precompiling "src/gen/localized.ResilienceCockpitService.Countries.hdbview"... (STDOUT, APP/TASK/deploy)#
#2026 08 25 08:48:31.142#Z#DEBUG#9140a271-a061-11f1-b78a-eeee0a986e3f.ResilienceCockpit-db-deployer#flowable-async-job-executor-thread-11943#
[PollExecuteTaskStatusExecution] 2d23200b-60aa-4519-b7f8-9f40de7a8ecc [2026-08-25T08:31:29.823639] Precompiling "src/gen/data/sap-common-Countries_texts_zh_CN.csv"... ok (0s 2ms) (STDOUT, APP/TASK/deploy)#
#2026 08 25 08:48:31.142#Z#DEBUG#9140a271-a061-11f1-b78a-eeee0a986e3f.ResilienceCockpit-db-deployer#flowable-async-job-executor-thread-11943#
[PollExecuteTaskStatusExecution] 2d23200b-60aa-4519-b7f8-9f40de7a8ecc [2026-08-25T08:31:29.823642] Precompiling "src/gen/localized.sap.common.Countries.hdbview"... (STDOUT, APP/TASK/deploy)#
#2026 08 25 08:48:31.142#Z#DEBUG#9140a271-a061-11f1-b78a-eeee0a986e3f.ResilienceCockpit-db-deployer#flowable-async-job-executor-thread-11943#
[PollExecuteTaskStatusExecution] 2d23200b-60aa-4519-b7f8-9f40de7a8ecc [2026-08-25T08:31:29.823644] Precompiling "src/gen/data/sap-common-Countries_texts_zh_TW.csv"... ok (0s 2ms) (STDOUT, APP/TASK/deploy)#
#2026 08 25 08:48:31.142#Z#DEBUG#9140a271-a061-11f1-b78a-eeee0a986e3f.ResilienceCockpit-db-deployer#flowable-async-job-executor-thread-11943#
[PollExecuteTaskStatusExecution] 2d23200b-60aa-4519-b7f8-9f40de7a8ecc [2026-08-25T08:31:29.823650] Precompiling "src/gen/sap.common.Countries.hdbtable"... (STDOUT, APP/TASK/deploy)#
#2026 08 25 08:48:31.142#Z#DEBUG#9140a271-a061-11f1-b78a-eeee0a986e3f.ResilienceCockpit-db-deployer#flowable-async-job-executor-thread-11943#
[PollExecuteTaskStatusExecution] 2d23200b-60aa-4519-b7f8-9f40de7a8ecc [2026-08-25T08:31:29.823652] Precompiling "src/gen/data/sap-common-Countries_texts_zh_TW.hdbtabledata$0.expand"... ok (0s 1ms) (STDOUT, APP/TASK/deploy)#
#2026 08 25 08:48:31.142#Z#DEBUG#9140a271-a061-11f1-b78a-eeee0a986e3f.ResilienceCockpit-db-deployer#flowable-async-job-executor-thread-11943#
[PollExecuteTaskStatusExecution] 2d23200b-60aa-4519-b7f8-9f40de7a8ecc [2026-08-25T08:31:29.823654] Precompiling "src/gen/sap.common.Countries_texts.hdbtable"... (STDOUT, APP/TASK/deploy)#
#2026 08 25 08:48:31.142#Z#DEBUG#9140a271-a061-11f1-b78a-eeee0a986e3f.ResilienceCockpit-db-deployer#flowable-async-job-executor-thread-11943#
[PollExecuteTaskStatusExecution] 2d23200b-60aa-4519-b7f8-9f40de7a8ecc [2026-08-25T08:31:29.823656] Precompiling "src/gen/localized.sap.common.Countries.hdbview"... ok (0s 10ms) (STDOUT, APP/TASK/deploy)#
#2026 08 25 08:48:31.142#Z#DEBUG#9140a271-a061-11f1-b78a-eeee0a986e3f.ResilienceCockpit-db-deployer#flowable-async-job-executor-thread-11943#
[PollExecuteTaskStatusExecution] 2d23200b-60aa-4519-b7f8-9f40de7a8ecc [2026-08-25T08:31:29.823657] Precompiling "src/gen/localized.ResilienceCockpitService.Countries.hdbview"... ok (0s 11ms) (STDOUT, APP/TASK/deploy)#
#2026 08 25 08:48:31.142#Z#DEBUG#9140a271-a061-11f1-b78a-eeee0a986e3f.ResilienceCockpit-db-deployer#flowable-async-job-executor-thread-11943#
[PollExecuteTaskStatusExecution] 2d23200b-60aa-4519-b7f8-9f40de7a8ecc [2026-08-25T08:31:29.823659] Precompiling "src/gen/sap.common.Countries.hdbtable"... ok (0s 11ms) (STDOUT, APP/TASK/deploy)#
#2026 08 25 08:48:31.142#Z#DEBUG#9140a271-a061-11f1-b78a-eeee0a986e3f.ResilienceCockpit-db-deployer#flowable-async-job-executor-thread-11943#
[PollExecuteTaskStatusExecution] 2d23200b-60aa-4519-b7f8-9f40de7a8ecc [2026-08-25T08:31:29.823660] Precompiling "src/gen/sap.common.Countries_texts.hdbtable"... ok (0s 11ms) (STDOUT, APP/TASK/deploy)#
#2026 08 25 08:48:31.142#Z#DEBUG#9140a271-a061-11f1-b78a-eeee0a986e3f.ResilienceCockpit-db-deployer#flowable-async-job-executor-thread-11943#
[PollExecuteTaskStatusExecution] 2d23200b-60aa-4519-b7f8-9f40de7a8ecc [2026-08-25T08:31:29.823664] Precompiling... ok (0s 126ms) (STDOUT, APP/TASK/deploy)#
#2026 08 25 08:48:31.142#Z#DEBUG#9140a271-a061-11f1-b78a-eeee0a986e3f.ResilienceCockpit-db-deployer#flowable-async-job-executor-thread-11943#
[PollExecuteTaskStatusExecution] 2d23200b-60aa-4519-b7f8-9f40de7a8ecc [2026-08-25T08:31:29.823666] Merging... (STDOUT, APP/TASK/deploy)#
#2026 08 25 08:48:31.142#Z#DEBUG#9140a271-a061-11f1-b78a-eeee0a986e3f.ResilienceCockpit-db-deployer#flowable-async-job-executor-thread-11943#
[PollExecuteTaskStatusExecution] 2d23200b-60aa-4519-b7f8-9f40de7a8ecc [2026-08-25T08:31:29.823668] Merging... ok (0s 25ms) (STDOUT, APP/TASK/deploy)#
#2026 08 25 08:48:31.142#Z#DEBUG#9140a271-a061-11f1-b78a-eeee0a986e3f.ResilienceCockpit-db-deployer#flowable-async-job-executor-thread-11943#
[PollExecuteTaskStatusExecution] 2d23200b-60aa-4519-b7f8-9f40de7a8ecc [2026-08-25T08:31:29.823670] Calculating dependencies... ok (0s 355ms) (STDOUT, APP/TASK/deploy)#
#2026 08 25 08:48:31.142#Z#DEBUG#9140a271-a061-11f1-b78a-eeee0a986e3f.ResilienceCockpit-db-deployer#flowable-async-job-executor-thread-11943#
[PollExecuteTaskStatusExecution] 2d23200b-60aa-4519-b7f8-9f40de7a8ecc [2026-08-25T08:31:29.823672] Processing work list... (STDOUT, APP/TASK/deploy)#
#2026 08 25 08:48:31.142#Z#DEBUG#9140a271-a061-11f1-b78a-eeee0a986e3f.ResilienceCockpit-db-deployer#flowable-async-job-executor-thread-11943#
[PollExecuteTaskStatusExecution] 2d23200b-60aa-4519-b7f8-9f40de7a8ecc [2026-08-25T08:31:29.823674] Deploying "src/gen/DRAFT.DraftAdministrativeData.hdbtable"... (STDOUT, APP/TASK/deploy)#
#2026 08 25 08:48:31.142#Z#DEBUG#9140a271-a061-11f1-b78a-eeee0a986e3f.ResilienceCockpit-db-deployer#flowable-async-job-executor-thread-11943#
[PollExecuteTaskStatusExecution] 2d23200b-60aa-4519-b7f8-9f40de7a8ecc [2026-08-25T08:31:29.823675] Deploying "src/gen/ResilienceCockpit.AlternativeMaterials.hdbtable"... (STDOUT, APP/TASK/deploy)#
#2026 08 25 08:48:31.142#Z#DEBUG#9140a271-a061-11f1-b78a-eeee0a986e3f.ResilienceCockpit-db-deployer#flowable-async-job-executor-thread-11943#
[PollExecuteTaskStatusExecution] 2d23200b-60aa-4519-b7f8-9f40de7a8ecc [2026-08-25T08:31:29.823678] Deploying "src/gen/ResilienceCockpit.AlternateSuppliers.hdbtable"... (STDOUT, APP/TASK/deploy)#
#2026 08 25 08:48:31.142#Z#DEBUG#9140a271-a061-11f1-b78a-eeee0a986e3f.ResilienceCockpit-db-deployer#flowable-async-job-executor-thread-11943#
[PollExecuteTaskStatusExecution] 2d23200b-60aa-4519-b7f8-9f40de7a8ecc [2026-08-25T08:31:29.823679] Deploying "src/gen/ResilienceCockpit.AlternativeMaterials.hdbtable"... ok (0s 203ms) (STDOUT, APP/TASK/deploy)#
#2026 08 25 08:48:31.142#Z#DEBUG#9140a271-a061-11f1-b78a-eeee0a986e3f.ResilienceCockpit-db-deployer#flowable-async-job-executor-thread-11943#
[PollExecuteTaskStatusExecution] 2d23200b-60aa-4519-b7f8-9f40de7a8ecc [2026-08-25T08:31:29.823682] Deploying "src/gen/ResilienceCockpit.AlternateSuppliers.hdbtable"... ok (0s 203ms) (STDOUT, APP/TASK/deploy)#
#2026 08 25 08:48:31.142#Z#DEBUG#9140a271-a061-11f1-b78a-eeee0a986e3f.ResilienceCockpit-db-deployer#flowable-async-job-executor-thread-11943#
[PollExecuteTaskStatusExecution] 2d23200b-60aa-4519-b7f8-9f40de7a8ecc [2026-08-25T08:31:29.823699] Deploying "src/gen/DRAFT.DraftAdministrativeData.hdbtable"... ok (0s 204ms) (STDOUT, APP/TASK/deploy)#
#2026 08 25 08:48:31.142#Z#DEBUG#9140a271-a061-11f1-b78a-eeee0a986e3f.ResilienceCockpit-db-deployer#flowable-async-job-executor-thread-11943#
[PollExecuteTaskStatusExecution] 2d23200b-60aa-4519-b7f8-9f40de7a8ecc [2026-08-25T08:31:29.823701] Deploying "src/gen/ResilienceCockpit.SupplierLocations.hdbtable"... (STDOUT, APP/TASK/deploy)#
#2026 08 25 08:48:31.142#Z#DEBUG#9140a271-a061-11f1-b78a-eeee0a986e3f.ResilienceCockpit-db-deployer#flowable-async-job-executor-thread-11943#
[PollExecuteTaskStatusExecution] 2d23200b-60aa-4519-b7f8-9f40de7a8ecc [2026-08-25T08:31:29.823735] Deploying "src/gen/ResilienceCockpit.SupplierMaterials.hdbtable"... (STDOUT, APP/TASK/deploy)#
#2026 08 25 08:48:31.142#Z#DEBUG#9140a271-a061-11f1-b78a-eeee0a986e3f.ResilienceCockpit-db-deployer#flowable-async-job-executor-thread-11943#
[PollExecuteTaskStatusExecution] 2d23200b-60aa-4519-b7f8-9f40de7a8ecc [2026-08-25T08:31:29.823741] Deploying "src/gen/ResilienceCockpitService.AlternateSuppliers_drafts.hdbtable"... (STDOUT, APP/TASK/deploy)#
#2026 08 25 08:48:31.142#Z#DEBUG#9140a271-a061-11f1-b78a-eeee0a986e3f.ResilienceCockpit-db-deployer#flowable-async-job-executor-thread-11943#
[PollExecuteTaskStatusExecution] 2d23200b-60aa-4519-b7f8-9f40de7a8ecc [2026-08-25T08:31:29.823744] Deploying "src/gen/ResilienceCockpitService.AlternateSuppliers_drafts.hdbtable"... ok (0s 26ms) (STDOUT, APP/TASK/deploy)#
#2026 08 25 08:48:31.142#Z#DEBUG#9140a271-a061-11f1-b78a-eeee0a986e3f.ResilienceCockpit-db-deployer#flowable-async-job-executor-thread-11943#
[PollExecuteTaskStatusExecution] 2d23200b-60aa-4519-b7f8-9f40de7a8ecc [2026-08-25T08:31:30.832515] Deploying "src/gen/ResilienceCockpit.SupplierLocations.hdbtable"... ok (0s 26ms) (STDOUT, APP/TASK/deploy)#
#2026 08 25 08:48:31.142#Z#DEBUG#9140a271-a061-11f1-b78a-eeee0a986e3f.ResilienceCockpit-db-deployer#flowable-async-job-executor-thread-11943#
[PollExecuteTaskStatusExecution] 2d23200b-60aa-4519-b7f8-9f40de7a8ecc [2026-08-25T08:31:30.832541] Deploying "src/gen/ResilienceCockpitService.SupplierMaterials_drafts.hdbtable"... (STDOUT, APP/TASK/deploy)#
#2026 08 25 08:48:31.142#Z#DEBUG#9140a271-a061-11f1-b78a-eeee0a986e3f.ResilienceCockpit-db-deployer#flowable-async-job-executor-thread-11943#
[PollExecuteTaskStatusExecution] 2d23200b-60aa-4519-b7f8-9f40de7a8ecc [2026-08-25T08:31:30.832545] Deploying "src/gen/cds.outbox.Messages.hdbtable"... (STDOUT, APP/TASK/deploy)#
#2026 08 25 08:48:31.142#Z#DEBUG#9140a271-a061-11f1-b78a-eeee0a986e3f.ResilienceCockpit-db-deployer#flowable-async-job-executor-thread-11943#
[PollExecuteTaskStatusExecution] 2d23200b-60aa-4519-b7f8-9f40de7a8ecc [2026-08-25T08:31:30.832549] Deploying "src/gen/ResilienceCockpit.SupplierMaterials.hdbtable"... ok (0s 26ms) (STDOUT, APP/TASK/deploy)#
#2026 08 25 08:48:31.142#Z#DEBUG#9140a271-a061-11f1-b78a-eeee0a986e3f.ResilienceCockpit-db-deployer#flowable-async-job-executor-thread-11943#
[PollExecuteTaskStatusExecution] 2d23200b-60aa-4519-b7f8-9f40de7a8ecc [2026-08-25T08:31:30.832553] Deploying "src/gen/data/ResilienceCockpit-AlternateSuppliers.csv"... (STDOUT, APP/TASK/deploy)#
#2026 08 25 08:48:31.142#Z#DEBUG#9140a271-a061-11f1-b78a-eeee0a986e3f.ResilienceCockpit-db-deployer#flowable-async-job-executor-thread-11943#
[PollExecuteTaskStatusExecution] 2d23200b-60aa-4519-b7f8-9f40de7a8ecc [2026-08-25T08:31:30.832556] Deploying "src/gen/data/ResilienceCockpit-AlternateSuppliers.csv"... ok (0s 13ms) (STDOUT, APP/TASK/deploy)#
#2026 08 25 08:48:31.142#Z#DEBUG#9140a271-a061-11f1-b78a-eeee0a986e3f.ResilienceCockpit-db-deployer#flowable-async-job-executor-thread-11943#
[PollExecuteTaskStatusExecution] 2d23200b-60aa-4519-b7f8-9f40de7a8ecc [2026-08-25T08:31:30.832559] Deploying "src/gen/data/ResilienceCockpit-AlternateSuppliers.hdbtabledata"... (STDOUT, APP/TASK/deploy)#
#2026 08 25 08:48:31.142#Z#DEBUG#9140a271-a061-11f1-b78a-eeee0a986e3f.ResilienceCockpit-db-deployer#flowable-async-job-executor-thread-11943#
[PollExecuteTaskStatusExecution] 2d23200b-60aa-4519-b7f8-9f40de7a8ecc [2026-08-25T08:31:30.832565] Deploying "src/gen/data/ResilienceCockpit-AlternateSuppliers.hdbtabledata"... ok (0s 1ms) (STDOUT, APP/TASK/deploy)#
#2026 08 25 08:48:31.142#Z#DEBUG#9140a271-a061-11f1-b78a-eeee0a986e3f.ResilienceCockpit-db-deployer#flowable-async-job-executor-thread-11943#
[PollExecuteTaskStatusExecution] 2d23200b-60aa-4519-b7f8-9f40de7a8ecc [2026-08-25T08:31:30.832569] Deploying "src/gen/data/ResilienceCockpit-AlternativeMaterials.csv"... (STDOUT, APP/TASK/deploy)#
#2026 08 25 08:48:31.142#Z#DEBUG#9140a271-a061-11f1-b78a-eeee0a986e3f.ResilienceCockpit-db-deployer#flowable-async-job-executor-thread-11943#
[PollExecuteTaskStatusExecution] 2d23200b-60aa-4519-b7f8-9f40de7a8ecc [2026-08-25T08:31:30.832571] Deploying "src/gen/data/ResilienceCockpit-AlternativeMaterials.csv"... ok (0s 10ms) (STDOUT, APP/TASK/deploy)#
#2026 08 25 08:48:31.142#Z#DEBUG#9140a271-a061-11f1-b78a-eeee0a986e3f.ResilienceCockpit-db-deployer#flowable-async-job-executor-thread-11943#
[PollExecuteTaskStatusExecution] 2d23200b-60aa-4519-b7f8-9f40de7a8ecc [2026-08-25T08:31:30.832574] Deploying "src/gen/data/ResilienceCockpit-AlternativeMaterials.hdbtabledata"... (STDOUT, APP/TASK/deploy)#
#2026 08 25 08:48:31.142#Z#DEBUG#9140a271-a061-11f1-b78a-eeee0a986e3f.ResilienceCockpit-db-deployer#flowable-async-job-executor-thread-11943#
[PollExecuteTaskStatusExecution] 2d23200b-60aa-4519-b7f8-9f40de7a8ecc [2026-08-25T08:31:30.832577] Deploying "src/gen/data/ResilienceCockpit-AlternativeMaterials.hdbtabledata"... ok (0s 0ms) (STDOUT, APP/TASK/deploy)#
#2026 08 25 08:48:31.142#Z#DEBUG#9140a271-a061-11f1-b78a-eeee0a986e3f.ResilienceCockpit-db-deployer#flowable-async-job-executor-thread-11943#
[PollExecuteTaskStatusExecution] 2d23200b-60aa-4519-b7f8-9f40de7a8ecc [2026-08-25T08:31:30.832582] Deploying "src/gen/cds.outbox.Messages.hdbtable"... ok (0s 24ms) (STDOUT, APP/TASK/deploy)#
#2026 08 25 08:48:31.142#Z#DEBUG#9140a271-a061-11f1-b78a-eeee0a986e3f.ResilienceCockpit-db-deployer#flowable-async-job-executor-thread-11943#
[PollExecuteTaskStatusExecution] 2d23200b-60aa-4519-b7f8-9f40de7a8ecc [2026-08-25T08:31:30.832586] Deploying "src/gen/data/ResilienceCockpit-SupplierLocations.csv"... (STDOUT, APP/TASK/deploy)#
#2026 08 25 08:48:31.142#Z#DEBUG#9140a271-a061-11f1-b78a-eeee0a986e3f.ResilienceCockpit-db-deployer#flowable-async-job-executor-thread-11943#
[PollExecuteTaskStatusExecution] 2d23200b-60aa-4519-b7f8-9f40de7a8ecc [2026-08-25T08:31:30.832589] Deploying "src/gen/data/ResilienceCockpit-SupplierLocations.hdbtabledata"... (STDOUT, APP/TASK/deploy)#
#2026 08 25 08:48:31.142#Z#DEBUG#9140a271-a061-11f1-b78a-eeee0a986e3f.ResilienceCockpit-db-deployer#flowable-async-job-executor-thread-11943#
[PollExecuteTaskStatusExecution] 2d23200b-60aa-4519-b7f8-9f40de7a8ecc [2026-08-25T08:31:30.832592] Deploying "src/gen/data/ResilienceCockpit-SupplierLocations.hdbtabledata"... ok (0s 0ms) (STDOUT, APP/TASK/deploy)#
#2026 08 25 08:48:31.142#Z#DEBUG#9140a271-a061-11f1-b78a-eeee0a986e3f.ResilienceCockpit-db-deployer#flowable-async-job-executor-thread-11943#
[PollExecuteTaskStatusExecution] 2d23200b-60aa-4519-b7f8-9f40de7a8ecc [2026-08-25T08:31:30.832597] Deploying "src/gen/ResilienceCockpitService.SupplierMaterials_drafts.hdbtable"... ok (0s 25ms) (STDOUT, APP/TASK/deploy)#
#2026 08 25 08:48:31.142#Z#DEBUG#9140a271-a061-11f1-b78a-eeee0a986e3f.ResilienceCockpit-db-deployer#flowable-async-job-executor-thread-11943#
[PollExecuteTaskStatusExecution] 2d23200b-60aa-4519-b7f8-9f40de7a8ecc [2026-08-25T08:31:30.832600] Deploying "src/gen/data/ResilienceCockpit-SupplierMaterials.csv"... (STDOUT, APP/TASK/deploy)#
#2026 08 25 08:48:31.142#Z#DEBUG#9140a271-a061-11f1-b78a-eeee0a986e3f.ResilienceCockpit-db-deployer#flowable-async-job-executor-thread-11943#
[PollExecuteTaskStatusExecution] 2d23200b-60aa-4519-b7f8-9f40de7a8ecc [2026-08-25T08:31:30.832602] Deploying "src/gen/data/ResilienceCockpit-SupplierMaterials.hdbtabledata"... (STDOUT, APP/TASK/deploy)#
#2026 08 25 08:48:31.142#Z#DEBUG#9140a271-a061-11f1-b78a-eeee0a986e3f.ResilienceCockpit-db-deployer#flowable-async-job-executor-thread-11943#
[PollExecuteTaskStatusExecution] 2d23200b-60aa-4519-b7f8-9f40de7a8ecc [2026-08-25T08:31:30.832605] Deploying "src/gen/data/ResilienceCockpit-SupplierMaterials.hdbtabledata"... ok (0s 0ms) (STDOUT, APP/TASK/deploy)#
#2026 08 25 08:48:31.142#Z#DEBUG#9140a271-a061-11f1-b78a-eeee0a986e3f.ResilienceCockpit-db-deployer#flowable-async-job-executor-thread-11943#
[PollExecuteTaskStatusExecution] 2d23200b-60aa-4519-b7f8-9f40de7a8ecc [2026-08-25T08:31:30.832608] Deploying "src/gen/data/sap-common-Countries.csv"... (STDOUT, APP/TASK/deploy)#
#2026 08 25 08:48:31.142#Z#DEBUG#9140a271-a061-11f1-b78a-eeee0a986e3f.ResilienceCockpit-db-deployer#flowable-async-job-executor-thread-11943#
[PollExecuteTaskStatusExecution] 2d23200b-60aa-4519-b7f8-9f40de7a8ecc [2026-08-25T08:31:30.832614] Deploying "src/gen/data/ResilienceCockpit-SupplierLocations.csv"... ok (0s 2ms) (STDOUT, APP/TASK/deploy)#
#2026 08 25 08:48:31.142#Z#DEBUG#9140a271-a061-11f1-b78a-eeee0a986e3f.ResilienceCockpit-db-deployer#flowable-async-job-executor-thread-11943#
[PollExecuteTaskStatusExecution] 2d23200b-60aa-4519-b7f8-9f40de7a8ecc [2026-08-25T08:31:30.832616] Deploying "src/gen/data/sap-common-Countries.hdbtabledata"... (STDOUT, APP/TASK/deploy)#
#2026 08 25 08:48:31.142#Z#DEBUG#9140a271-a061-11f1-b78a-eeee0a986e3f.ResilienceCockpit-db-deployer#flowable-async-job-executor-thread-11943#
[PollExecuteTaskStatusExecution] 2d23200b-60aa-4519-b7f8-9f40de7a8ecc [2026-08-25T08:31:30.832620] Deploying "src/gen/data/sap-common-Countries.hdbtabledata"... ok (0s 0ms) (STDOUT, APP/TASK/deploy)#
#2026 08 25 08:48:31.142#Z#DEBUG#9140a271-a061-11f1-b78a-eeee0a986e3f.ResilienceCockpit-db-deployer#flowable-async-job-executor-thread-11943#
[PollExecuteTaskStatusExecution] 2d23200b-60aa-4519-b7f8-9f40de7a8ecc [2026-08-25T08:31:30.832623] Deploying "src/gen/data/sap-common-Countries_texts_ar.csv"... (STDOUT, APP/TASK/deploy)#
#2026 08 25 08:48:31.142#Z#DEBUG#9140a271-a061-11f1-b78a-eeee0a986e3f.ResilienceCockpit-db-deployer#flowable-async-job-executor-thread-11943#
[PollExecuteTaskStatusExecution] 2d23200b-60aa-4519-b7f8-9f40de7a8ecc [2026-08-25T08:31:30.832625] Deploying "src/gen/data/ResilienceCockpit-SupplierMaterials.csv"... ok (0s 3ms) (STDOUT, APP/TASK/deploy)#
#2026 08 25 08:48:31.142#Z#DEBUG#9140a271-a061-11f1-b78a-eeee0a986e3f.ResilienceCockpit-db-deployer#flowable-async-job-executor-thread-11943#
[PollExecuteTaskStatusExecution] 2d23200b-60aa-4519-b7f8-9f40de7a8ecc [2026-08-25T08:31:30.832628] Deploying "src/gen/data/sap-common-Countries_texts_ar.hdbtabledata"... (STDOUT, APP/TASK/deploy)#
#2026 08 25 08:48:31.142#Z#DEBUG#9140a271-a061-11f1-b78a-eeee0a986e3f.ResilienceCockpit-db-deployer#flowable-async-job-executor-thread-11943#
[PollExecuteTaskStatusExecution] 2d23200b-60aa-4519-b7f8-9f40de7a8ecc [2026-08-25T08:31:30.832630] Deploying "src/gen/data/sap-common-Countries_texts_ar.hdbtabledata"... ok (0s 0ms) (STDOUT, APP/TASK/deploy)#
#2026 08 25 08:48:31.142#Z#DEBUG#9140a271-a061-11f1-b78a-eeee0a986e3f.ResilienceCockpit-db-deployer#flowable-async-job-executor-thread-11943#
[PollExecuteTaskStatusExecution] 2d23200b-60aa-4519-b7f8-9f40de7a8ecc [2026-08-25T08:31:30.832632] Deploying "src/gen/data/sap-common-Countries_texts_bg.csv"... (STDOUT, APP/TASK/deploy)#
#2026 08 25 08:48:31.142#Z#DEBUG#9140a271-a061-11f1-b78a-eeee0a986e3f.ResilienceCockpit-db-deployer#flowable-async-job-executor-thread-11943#
[PollExecuteTaskStatusExecution] 2d23200b-60aa-4519-b7f8-9f40de7a8ecc [2026-08-25T08:31:30.832634] Deploying "src/gen/data/sap-common-Countries.csv"... ok (0s 3ms) (STDOUT, APP/TASK/deploy)#
#2026 08 25 08:48:31.142#Z#DEBUG#9140a271-a061-11f1-b78a-eeee0a986e3f.ResilienceCockpit-db-deployer#flowable-async-job-executor-thread-11943#
[PollExecuteTaskStatusExecution] 2d23200b-60aa-4519-b7f8-9f40de7a8ecc [2026-08-25T08:31:30.832636] Deploying "src/gen/data/sap-common-Countries_texts_bg.hdbtabledata"... (STDOUT, APP/TASK/deploy)#
#2026 08 25 08:48:31.142#Z#DEBUG#9140a271-a061-11f1-b78a-eeee0a986e3f.ResilienceCockpit-db-deployer#flowable-async-job-executor-thread-11943#
[PollExecuteTaskStatusExecution] 2d23200b-60aa-4519-b7f8-9f40de7a8ecc [2026-08-25T08:31:30.832639] Deploying "src/gen/data/sap-common-Countries_texts_bg.hdbtabledata"... ok (0s 0ms) (STDOUT, APP/TASK/deploy)#
#2026 08 25 08:48:31.142#Z#DEBUG#9140a271-a061-11f1-b78a-eeee0a986e3f.ResilienceCockpit-db-deployer#flowable-async-job-executor-thread-11943#
[PollExecuteTaskStatusExecution] 2d23200b-60aa-4519-b7f8-9f40de7a8ecc [2026-08-25T08:31:30.832644] Deploying "src/gen/data/sap-common-Countries_texts_cs.csv"... (STDOUT, APP/TASK/deploy)#
#2026 08 25 08:48:31.142#Z#DEBUG#9140a271-a061-11f1-b78a-eeee0a986e3f.ResilienceCockpit-db-deployer#flowable-async-job-executor-thread-11943#
[PollExecuteTaskStatusExecution] 2d23200b-60aa-4519-b7f8-9f40de7a8ecc [2026-08-25T08:31:30.832646] Deploying "src/gen/data/sap-common-Countries_texts_ar.csv"... ok (0s 2ms) (STDOUT, APP/TASK/deploy)#
#2026 08 25 08:48:31.142#Z#DEBUG#9140a271-a061-11f1-b78a-eeee0a986e3f.ResilienceCockpit-db-deployer#flowable-async-job-executor-thread-11943#
[PollExecuteTaskStatusExecution] 2d23200b-60aa-4519-b7f8-9f40de7a8ecc [2026-08-25T08:31:30.832648] Deploying "src/gen/data/sap-common-Countries_texts_cs.hdbtabledata"... (STDOUT, APP/TASK/deploy)#
#2026 08 25 08:48:31.142#Z#DEBUG#9140a271-a061-11f1-b78a-eeee0a986e3f.ResilienceCockpit-db-deployer#flowable-async-job-executor-thread-11943#
[PollExecuteTaskStatusExecution] 2d23200b-60aa-4519-b7f8-9f40de7a8ecc [2026-08-25T08:31:30.832650] Deploying "src/gen/data/sap-common-Countries_texts_cs.hdbtabledata"... ok (0s 0ms) (STDOUT, APP/TASK/deploy)#
#2026 08 25 08:48:31.142#Z#DEBUG#9140a271-a061-11f1-b78a-eeee0a986e3f.ResilienceCockpit-db-deployer#flowable-async-job-executor-thread-11943#
[PollExecuteTaskStatusExecution] 2d23200b-60aa-4519-b7f8-9f40de7a8ecc [2026-08-25T08:31:30.832652] Deploying "src/gen/data/sap-common-Countries_texts_da.csv"... (STDOUT, APP/TASK/deploy)#
#2026 08 25 08:48:31.142#Z#DEBUG#9140a271-a061-11f1-b78a-eeee0a986e3f.ResilienceCockpit-db-deployer#flowable-async-job-executor-thread-11943#
[PollExecuteTaskStatusExecution] 2d23200b-60aa-4519-b7f8-9f40de7a8ecc [2026-08-25T08:31:30.832655] Deploying "src/gen/data/sap-common-Countries_texts_bg.csv"... ok (0s 2ms) (STDOUT, APP/TASK/deploy)#
#2026 08 25 08:48:31.142#Z#DEBUG#9140a271-a061-11f1-b78a-eeee0a986e3f.ResilienceCockpit-db-deployer#flowable-async-job-executor-thread-11943#
[PollExecuteTaskStatusExecution] 2d23200b-60aa-4519-b7f8-9f40de7a8ecc [2026-08-25T08:31:30.832657] Deploying "src/gen/data/sap-common-Countries_texts_da.hdbtabledata"... (STDOUT, APP/TASK/deploy)#
#2026 08 25 08:48:31.142#Z#DEBUG#9140a271-a061-11f1-b78a-eeee0a986e3f.ResilienceCockpit-db-deployer#flowable-async-job-executor-thread-11943#
[PollExecuteTaskStatusExecution] 2d23200b-60aa-4519-b7f8-9f40de7a8ecc [2026-08-25T08:31:30.832660] Deploying "src/gen/data/sap-common-Countries_texts_da.hdbtabledata"... ok (0s 0ms) (STDOUT, APP/TASK/deploy)#
#2026 08 25 08:48:31.142#Z#DEBUG#9140a271-a061-11f1-b78a-eeee0a986e3f.ResilienceCockpit-db-deployer#flowable-async-job-executor-thread-11943#
[PollExecuteTaskStatusExecution] 2d23200b-60aa-4519-b7f8-9f40de7a8ecc [2026-08-25T08:31:30.832665] Deploying "src/gen/data/sap-common-Countries_texts_de.csv"... (STDOUT, APP/TASK/deploy)#
#2026 08 25 08:48:31.142#Z#DEBUG#9140a271-a061-11f1-b78a-eeee0a986e3f.ResilienceCockpit-db-deployer#flowable-async-job-executor-thread-11943#
[PollExecuteTaskStatusExecution] 2d23200b-60aa-4519-b7f8-9f40de7a8ecc [2026-08-25T08:31:30.832668] Deploying "src/gen/data/sap-common-Countries_texts_cs.csv"... ok (0s 3ms) (STDOUT, APP/TASK/deploy)#
#2026 08 25 08:48:31.142#Z#DEBUG#9140a271-a061-11f1-b78a-eeee0a986e3f.ResilienceCockpit-db-deployer#flowable-async-job-executor-thread-11943#
[PollExecuteTaskStatusExecution] 2d23200b-60aa-4519-b7f8-9f40de7a8ecc [2026-08-25T08:31:30.832670] Deploying "src/gen/data/sap-common-Countries_texts_de.hdbtabledata"... (STDOUT, APP/TASK/deploy)#
#2026 08 25 08:48:31.142#Z#DEBUG#9140a271-a061-11f1-b78a-eeee0a986e3f.ResilienceCockpit-db-deployer#flowable-async-job-executor-thread-11943#
[PollExecuteTaskStatusExecution] 2d23200b-60aa-4519-b7f8-9f40de7a8ecc [2026-08-25T08:31:30.832675] Deploying "src/gen/data/sap-common-Countries_texts_de.hdbtabledata"... ok (0s 0ms) (STDOUT, APP/TASK/deploy)#
#2026 08 25 08:48:31.142#Z#DEBUG#9140a271-a061-11f1-b78a-eeee0a986e3f.ResilienceCockpit-db-deployer#flowable-async-job-executor-thread-11943#
[PollExecuteTaskStatusExecution] 2d23200b-60aa-4519-b7f8-9f40de7a8ecc [2026-08-25T08:31:30.832680] Deploying "src/gen/data/sap-common-Countries_texts_el.csv"... (STDOUT, APP/TASK/deploy)#
#2026 08 25 08:48:31.142#Z#DEBUG#9140a271-a061-11f1-b78a-eeee0a986e3f.ResilienceCockpit-db-deployer#flowable-async-job-executor-thread-11943#
[PollExecuteTaskStatusExecution] 2d23200b-60aa-4519-b7f8-9f40de7a8ecc [2026-08-25T08:31:30.832683] Deploying "src/gen/data/sap-common-Countries_texts_da.csv"... ok (0s 2ms) (STDOUT, APP/TASK/deploy)#
#2026 08 25 08:48:31.142#Z#DEBUG#9140a271-a061-11f1-b78a-eeee0a986e3f.ResilienceCockpit-db-deployer#flowable-async-job-executor-thread-11943#
[PollExecuteTaskStatusExecution] 2d23200b-60aa-4519-b7f8-9f40de7a8ecc [2026-08-25T08:31:30.832688] Deploying "src/gen/data/sap-common-Countries_texts_el.hdbtabledata"... (STDOUT, APP/TASK/deploy)#
#2026 08 25 08:48:31.142#Z#DEBUG#9140a271-a061-11f1-b78a-eeee0a986e3f.ResilienceCockpit-db-deployer#flowable-async-job-executor-thread-11943#
[PollExecuteTaskStatusExecution] 2d23200b-60aa-4519-b7f8-9f40de7a8ecc [2026-08-25T08:31:30.832690] Deploying "src/gen/data/sap-common-Countries_texts_el.hdbtabledata"... ok (0s 0ms) (STDOUT, APP/TASK/deploy)#
#2026 08 25 08:48:31.142#Z#DEBUG#9140a271-a061-11f1-b78a-eeee0a986e3f.ResilienceCockpit-db-deployer#flowable-async-job-executor-thread-11943#
[PollExecuteTaskStatusExecution] 2d23200b-60aa-4519-b7f8-9f40de7a8ecc [2026-08-25T08:31:30.832735] Deploying "src/gen/data/sap-common-Countries_texts_en.csv"... (STDOUT, APP/TASK/deploy)#
#2026 08 25 08:48:31.142#Z#DEBUG#9140a271-a061-11f1-b78a-eeee0a986e3f.ResilienceCockpit-db-deployer#flowable-async-job-executor-thread-11943#
[PollExecuteTaskStatusExecution] 2d23200b-60aa-4519-b7f8-9f40de7a8ecc [2026-08-25T08:31:30.832739] Deploying "src/gen/data/sap-common-Countries_texts_de.csv"... ok (0s 3ms) (STDOUT, APP/TASK/deploy)#
#2026 08 25 08:48:31.142#Z#DEBUG#9140a271-a061-11f1-b78a-eeee0a986e3f.ResilienceCockpit-db-deployer#flowable-async-job-executor-thread-11943#
[PollExecuteTaskStatusExecution] 2d23200b-60aa-4519-b7f8-9f40de7a8ecc [2026-08-25T08:31:30.832743] Deploying "src/gen/data/sap-common-Countries_texts_en.hdbtabledata"... (STDOUT, APP/TASK/deploy)#
#2026 08 25 08:48:31.142#Z#DEBUG#9140a271-a061-11f1-b78a-eeee0a986e3f.ResilienceCockpit-db-deployer#flowable-async-job-executor-thread-11943#
[PollExecuteTaskStatusExecution] 2d23200b-60aa-4519-b7f8-9f40de7a8ecc [2026-08-25T08:31:30.832746] Deploying "src/gen/data/sap-common-Countries_texts_en.hdbtabledata"... ok (0s 0ms) (STDOUT, APP/TASK/deploy)#
#2026 08 25 08:48:31.142#Z#DEBUG#9140a271-a061-11f1-b78a-eeee0a986e3f.ResilienceCockpit-db-deployer#flowable-async-job-executor-thread-11943#
[PollExecuteTaskStatusExecution] 2d23200b-60aa-4519-b7f8-9f40de7a8ecc [2026-08-25T08:31:30.832749] Deploying "src/gen/data/sap-common-Countries_texts_en_US_saptrc.csv"... (STDOUT, APP/TASK/deploy)#
#2026 08 25 08:48:31.142#Z#DEBUG#9140a271-a061-11f1-b78a-eeee0a986e3f.ResilienceCockpit-db-deployer#flowable-async-job-executor-thread-11943#
[PollExecuteTaskStatusExecution] 2d23200b-60aa-4519-b7f8-9f40de7a8ecc [2026-08-25T08:31:30.832751] Deploying "src/gen/data/sap-common-Countries_texts_el.csv"... ok (0s 2ms) (STDOUT, APP/TASK/deploy)#
#2026 08 25 08:48:31.142#Z#DEBUG#9140a271-a061-11f1-b78a-eeee0a986e3f.ResilienceCockpit-db-deployer#flowable-async-job-executor-thread-11943#
[PollExecuteTaskStatusExecution] 2d23200b-60aa-4519-b7f8-9f40de7a8ecc [2026-08-25T08:31:30.832754] Deploying "src/gen/data/sap-common-Countries_texts_en_US_saptrc.hdbtabledata"... (STDOUT, APP/TASK/deploy)#
#2026 08 25 08:48:31.142#Z#DEBUG#9140a271-a061-11f1-b78a-eeee0a986e3f.ResilienceCockpit-db-deployer#flowable-async-job-executor-thread-11943#
[PollExecuteTaskStatusExecution] 2d23200b-60aa-4519-b7f8-9f40de7a8ecc [2026-08-25T08:31:30.832756] Deploying "src/gen/data/sap-common-Countries_texts_en_US_saptrc.hdbtabledata"... ok (0s 0ms) (STDOUT, APP/TASK/deploy)#
#2026 08 25 08:48:31.142#Z#DEBUG#9140a271-a061-11f1-b78a-eeee0a986e3f.ResilienceCockpit-db-deployer#flowable-async-job-executor-thread-11943#
[PollExecuteTaskStatusExecution] 2d23200b-60aa-4519-b7f8-9f40de7a8ecc [2026-08-25T08:31:30.832760] Deploying "src/gen/data/sap-common-Countries_texts_en.csv"... ok (0s 3ms) (STDOUT, APP/TASK/deploy)#
#2026 08 25 08:48:31.142#Z#DEBUG#9140a271-a061-11f1-b78a-eeee0a986e3f.ResilienceCockpit-db-deployer#flowable-async-job-executor-thread-11943#
[PollExecuteTaskStatusExecution] 2d23200b-60aa-4519-b7f8-9f40de7a8ecc [2026-08-25T08:31:30.832763] Deploying "src/gen/data/sap-common-Countries_texts_es.hdbtabledata"... (STDOUT, APP/TASK/deploy)#
#2026 08 25 08:48:31.142#Z#DEBUG#9140a271-a061-11f1-b78a-eeee0a986e3f.ResilienceCockpit-db-deployer#flowable-async-job-executor-thread-11943#
[PollExecuteTaskStatusExecution] 2d23200b-60aa-4519-b7f8-9f40de7a8ecc [2026-08-25T08:31:30.832765] Deploying "src/gen/data/sap-common-Countries_texts_es.hdbtabledata"... ok (0s 0ms) (STDOUT, APP/TASK/deploy)#
#2026 08 25 08:48:31.142#Z#DEBUG#9140a271-a061-11f1-b78a-eeee0a986e3f.ResilienceCockpit-db-deployer#flowable-async-job-executor-thread-11943#
[PollExecuteTaskStatusExecution] 2d23200b-60aa-4519-b7f8-9f40de7a8ecc [2026-08-25T08:31:30.832768] Deploying "src/gen/data/sap-common-Countries_texts_es.csv"... (STDOUT, APP/TASK/deploy)#
#2026 08 25 08:48:31.142#Z#DEBUG#9140a271-a061-11f1-b78a-eeee0a986e3f.ResilienceCockpit-db-deployer#flowable-async-job-executor-thread-11943#
[PollExecuteTaskStatusExecution] 2d23200b-60aa-4519-b7f8-9f40de7a8ecc [2026-08-25T08:31:30.832771] Deploying "src/gen/data/sap-common-Countries_texts_es_MX.csv"... (STDOUT, APP/TASK/deploy)#
#2026 08 25 08:48:31.142#Z#DEBUG#9140a271-a061-11f1-b78a-eeee0a986e3f.ResilienceCockpit-db-deployer#flowable-async-job-executor-thread-11943#
[PollExecuteTaskStatusExecution] 2d23200b-60aa-4519-b7f8-9f40de7a8ecc [2026-08-25T08:31:30.832774] Deploying "src/gen/data/sap-common-Countries_texts_en_US_saptrc.csv"... ok (0s 2ms) (STDOUT, APP/TASK/deploy)#
#2026 08 25 08:48:31.142#Z#DEBUG#9140a271-a061-11f1-b78a-eeee0a986e3f.ResilienceCockpit-db-deployer#flowable-async-job-executor-thread-11943#
[PollExecuteTaskStatusExecution] 2d23200b-60aa-4519-b7f8-9f40de7a8ecc [2026-08-25T08:31:30.832777] Deploying "src/gen/data/sap-common-Countries_texts_es_MX.hdbtabledata"... (STDOUT, APP/TASK/deploy)#
#2026 08 25 08:48:31.142#Z#DEBUG#9140a271-a061-11f1-b78a-eeee0a986e3f.ResilienceCockpit-db-deployer#flowable-async-job-executor-thread-11943#
[PollExecuteTaskStatusExecution] 2d23200b-60aa-4519-b7f8-9f40de7a8ecc [2026-08-25T08:31:30.832780] Deploying "src/gen/data/sap-common-Countries_texts_es_MX.hdbtabledata"... ok (0s 0ms) (STDOUT, APP/TASK/deploy)#
#2026 08 25 08:48:31.142#Z#DEBUG#9140a271-a061-11f1-b78a-eeee0a986e3f.ResilienceCockpit-db-deployer#flowable-async-job-executor-thread-11943#
[PollExecuteTaskStatusExecution] 2d23200b-60aa-4519-b7f8-9f40de7a8ecc [2026-08-25T08:31:30.832783] Deploying "src/gen/data/sap-common-Countries_texts_fi.csv"... (STDOUT, APP/TASK/deploy)#
#2026 08 25 08:48:31.142#Z#DEBUG#9140a271-a061-11f1-b78a-eeee0a986e3f.ResilienceCockpit-db-deployer#flowable-async-job-executor-thread-11943#
[PollExecuteTaskStatusExecution] 2d23200b-60aa-4519-b7f8-9f40de7a8ecc [2026-08-25T08:31:30.832785] Deploying "src/gen/data/sap-common-Countries_texts_es_MX.csv"... ok (0s 1ms) (STDOUT, APP/TASK/deploy)#
#2026 08 25 08:48:31.142#Z#DEBUG#9140a271-a061-11f1-b78a-eeee0a986e3f.ResilienceCockpit-db-deployer#flowable-async-job-executor-thread-11943#
[PollExecuteTaskStatusExecution] 2d23200b-60aa-4519-b7f8-9f40de7a8ecc [2026-08-25T08:31:30.832787] Deploying "src/gen/data/sap-common-Countries_texts_fi.hdbtabledata"... (STDOUT, APP/TASK/deploy)#
#2026 08 25 08:48:31.142#Z#DEBUG#9140a271-a061-11f1-b78a-eeee0a986e3f.ResilienceCockpit-db-deployer#flowable-async-job-executor-thread-11943#
[PollExecuteTaskStatusExecution] 2d23200b-60aa-4519-b7f8-9f40de7a8ecc [2026-08-25T08:31:30.832790] Deploying "src/gen/data/sap-common-Countries_texts_fi.hdbtabledata"... ok (0s 0ms) (STDOUT, APP/TASK/deploy)#
#2026 08 25 08:48:31.142#Z#DEBUG#9140a271-a061-11f1-b78a-eeee0a986e3f.ResilienceCockpit-db-deployer#flowable-async-job-executor-thread-11943#
[PollExecuteTaskStatusExecution] 2d23200b-60aa-4519-b7f8-9f40de7a8ecc [2026-08-25T08:31:30.832793] Deploying "src/gen/data/sap-common-Countries_texts_fr.csv"... (STDOUT, APP/TASK/deploy)#
#2026 08 25 08:48:31.142#Z#DEBUG#9140a271-a061-11f1-b78a-eeee0a986e3f.ResilienceCockpit-db-deployer#flowable-async-job-executor-thread-11943#
[PollExecuteTaskStatusExecution] 2d23200b-60aa-4519-b7f8-9f40de7a8ecc [2026-08-25T08:31:30.832796] Deploying "src/gen/data/sap-common-Countries_texts_es.csv"... ok (0s 3ms) (STDOUT, APP/TASK/deploy)#
#2026 08 25 08:48:31.142#Z#DEBUG#9140a271-a061-11f1-b78a-eeee0a986e3f.ResilienceCockpit-db-deployer#flowable-async-job-executor-thread-11943#
[PollExecuteTaskStatusExecution] 2d23200b-60aa-4519-b7f8-9f40de7a8ecc [2026-08-25T08:31:30.832799] Deploying "src/gen/data/sap-common-Countries_texts_fr.hdbtabledata"... (STDOUT, APP/TASK/deploy)#
#2026 08 25 08:48:31.142#Z#DEBUG#9140a271-a061-11f1-b78a-eeee0a986e3f.ResilienceCockpit-db-deployer#flowable-async-job-executor-thread-11943#
[PollExecuteTaskStatusExecution] 2d23200b-60aa-4519-b7f8-9f40de7a8ecc [2026-08-25T08:31:30.832802] Deploying "src/gen/data/sap-common-Countries_texts_fr.hdbtabledata"... ok (0s 0ms) (STDOUT, APP/TASK/deploy)#
#2026 08 25 08:48:31.142#Z#DEBUG#9140a271-a061-11f1-b78a-eeee0a986e3f.ResilienceCockpit-db-deployer#flowable-async-job-executor-thread-11943#
[PollExecuteTaskStatusExecution] 2d23200b-60aa-4519-b7f8-9f40de7a8ecc [2026-08-25T08:31:30.832806] Deploying "src/gen/data/sap-common-Countries_texts_he.csv"... (STDOUT, APP/TASK/deploy)#
#2026 08 25 08:48:31.142#Z#DEBUG#9140a271-a061-11f1-b78a-eeee0a986e3f.ResilienceCockpit-db-deployer#flowable-async-job-executor-thread-11943#
[PollExecuteTaskStatusExecution] 2d23200b-60aa-4519-b7f8-9f40de7a8ecc [2026-08-25T08:31:30.832809] Deploying "src/gen/data/sap-common-Countries_texts_fi.csv"... ok (0s 2ms) (STDOUT, APP/TASK/deploy)#
#2026 08 25 08:48:31.142#Z#DEBUG#9140a271-a061-11f1-b78a-eeee0a986e3f.ResilienceCockpit-db-deployer#flowable-async-job-executor-thread-11943#
[PollExecuteTaskStatusExecution] 2d23200b-60aa-4519-b7f8-9f40de7a8ecc [2026-08-25T08:31:30.832812] Deploying "src/gen/data/sap-common-Countries_texts_he.hdbtabledata"... (STDOUT, APP/TASK/deploy)#
#2026 08 25 08:48:31.142#Z#DEBUG#9140a271-a061-11f1-b78a-eeee0a986e3f.ResilienceCockpit-db-deployer#flowable-async-job-executor-thread-11943#
[PollExecuteTaskStatusExecution] 2d23200b-60aa-4519-b7f8-9f40de7a8ecc [2026-08-25T08:31:30.832816] Deploying "src/gen/data/sap-common-Countries_texts_he.hdbtabledata"... ok (0s 0ms) (STDOUT, APP/TASK/deploy)#
#2026 08 25 08:48:31.142#Z#DEBUG#9140a271-a061-11f1-b78a-eeee0a986e3f.ResilienceCockpit-db-deployer#flowable-async-job-executor-thread-11943#
[PollExecuteTaskStatusExecution] 2d23200b-60aa-4519-b7f8-9f40de7a8ecc [2026-08-25T08:31:30.832820] Deploying "src/gen/data/sap-common-Countries_texts_hr.csv"... (STDOUT, APP/TASK/deploy)#
#2026 08 25 08:48:31.142#Z#DEBUG#9140a271-a061-11f1-b78a-eeee0a986e3f.ResilienceCockpit-db-deployer#flowable-async-job-executor-thread-11943#
[PollExecuteTaskStatusExecution] 2d23200b-60aa-4519-b7f8-9f40de7a8ecc [2026-08-25T08:31:30.832822] Deploying "src/gen/data/sap-common-Countries_texts_fr.csv"... ok (0s 2ms) (STDOUT, APP/TASK/deploy)#
#2026 08 25 08:48:31.142#Z#DEBUG#9140a271-a061-11f1-b78a-eeee0a986e3f.ResilienceCockpit-db-deployer#flowable-async-job-executor-thread-11943#
[PollExecuteTaskStatusExecution] 2d23200b-60aa-4519-b7f8-9f40de7a8ecc [2026-08-25T08:31:30.832826] Deploying "src/gen/data/sap-common-Countries_texts_hr.hdbtabledata"... (STDOUT, APP/TASK/deploy)#
#2026 08 25 08:48:31.142#Z#DEBUG#9140a271-a061-11f1-b78a-eeee0a986e3f.ResilienceCockpit-db-deployer#flowable-async-job-executor-thread-11943#
[PollExecuteTaskStatusExecution] 2d23200b-60aa-4519-b7f8-9f40de7a8ecc [2026-08-25T08:31:30.832832] Deploying "src/gen/data/sap-common-Countries_texts_hr.hdbtabledata"... ok (0s 0ms) (STDOUT, APP/TASK/deploy)#
#2026 08 25 08:48:31.142#Z#DEBUG#9140a271-a061-11f1-b78a-eeee0a986e3f.ResilienceCockpit-db-deployer#flowable-async-job-executor-thread-11943#
[PollExecuteTaskStatusExecution] 2d23200b-60aa-4519-b7f8-9f40de7a8ecc [2026-08-25T08:31:30.832836] Deploying "src/gen/data/sap-common-Countries_texts_hu.csv"... (STDOUT, APP/TASK/deploy)#
#2026 08 25 08:48:31.142#Z#DEBUG#9140a271-a061-11f1-b78a-eeee0a986e3f.ResilienceCockpit-db-deployer#flowable-async-job-executor-thread-11943#
[PollExecuteTaskStatusExecution] 2d23200b-60aa-4519-b7f8-9f40de7a8ecc [2026-08-25T08:31:30.832841] Deploying "src/gen/data/sap-common-Countries_texts_he.csv"... ok (0s 2ms) (STDOUT, APP/TASK/deploy)#
#2026 08 25 08:48:31.142#Z#DEBUG#9140a271-a061-11f1-b78a-eeee0a986e3f.ResilienceCockpit-db-deployer#flowable-async-job-executor-thread-11943#
[PollExecuteTaskStatusExecution] 2d23200b-60aa-4519-b7f8-9f40de7a8ecc [2026-08-25T08:31:30.832845] Deploying "src/gen/data/sap-common-Countries_texts_hu.hdbtabledata"... (STDOUT, APP/TASK/deploy)#
#2026 08 25 08:48:31.142#Z#DEBUG#9140a271-a061-11f1-b78a-eeee0a986e3f.ResilienceCockpit-db-deployer#flowable-async-job-executor-thread-11943#
[PollExecuteTaskStatusExecution] 2d23200b-60aa-4519-b7f8-9f40de7a8ecc [2026-08-25T08:31:30.832849] Deploying "src/gen/data/sap-common-Countries_texts_hu.hdbtabledata"... ok (0s 0ms) (STDOUT, APP/TASK/deploy)#
#2026 08 25 08:48:31.142#Z#DEBUG#9140a271-a061-11f1-b78a-eeee0a986e3f.ResilienceCockpit-db-deployer#flowable-async-job-executor-thread-11943#
[PollExecuteTaskStatusExecution] 2d23200b-60aa-4519-b7f8-9f40de7a8ecc [2026-08-25T08:31:30.832853] Deploying "src/gen/data/sap-common-Countries_texts_it.csv"... (STDOUT, APP/TASK/deploy)#
#2026 08 25 08:48:31.142#Z#DEBUG#9140a271-a061-11f1-b78a-eeee0a986e3f.ResilienceCockpit-db-deployer#flowable-async-job-executor-thread-11943#
[PollExecuteTaskStatusExecution] 2d23200b-60aa-4519-b7f8-9f40de7a8ecc [2026-08-25T08:31:30.832856] Deploying "src/gen/data/sap-common-Countries_texts_hr.csv"... ok (0s 1ms) (STDOUT, APP/TASK/deploy)#
#2026 08 25 08:48:31.142#Z#DEBUG#9140a271-a061-11f1-b78a-eeee0a986e3f.ResilienceCockpit-db-deployer#flowable-async-job-executor-thread-11943#
[PollExecuteTaskStatusExecution] 2d23200b-60aa-4519-b7f8-9f40de7a8ecc [2026-08-25T08:31:30.832860] Deploying "src/gen/data/sap-common-Countries_texts_it.hdbtabledata"... (STDOUT, APP/TASK/deploy)#
#2026 08 25 08:48:31.142#Z#DEBUG#9140a271-a061-11f1-b78a-eeee0a986e3f.ResilienceCockpit-db-deployer#flowable-async-job-executor-thread-11943#
[PollExecuteTaskStatusExecution] 2d23200b-60aa-4519-b7f8-9f40de7a8ecc [2026-08-25T08:31:30.832863] Deploying "src/gen/data/sap-common-Countries_texts_it.hdbtabledata"... ok (0s 0ms) (STDOUT, APP/TASK/deploy)#
#2026 08 25 08:48:31.142#Z#DEBUG#9140a271-a061-11f1-b78a-eeee0a986e3f.ResilienceCockpit-db-deployer#flowable-async-job-executor-thread-11943#
[PollExecuteTaskStatusExecution] 2d23200b-60aa-4519-b7f8-9f40de7a8ecc [2026-08-25T08:31:30.832866] Deploying "src/gen/data/sap-common-Countries_texts_ja.csv"... (STDOUT, APP/TASK/deploy)#
#2026 08 25 08:48:31.142#Z#DEBUG#9140a271-a061-11f1-b78a-eeee0a986e3f.ResilienceCockpit-db-deployer#flowable-async-job-executor-thread-11943#
[PollExecuteTaskStatusExecution] 2d23200b-60aa-4519-b7f8-9f40de7a8ecc [2026-08-25T08:31:30.832868] Deploying "src/gen/data/sap-common-Countries_texts_hu.csv"... ok (0s 2ms) (STDOUT, APP/TASK/deploy)#
#2026 08 25 08:48:31.142#Z#DEBUG#9140a271-a061-11f1-b78a-eeee0a986e3f.ResilienceCockpit-db-deployer#flowable-async-job-executor-thread-11943#
[PollExecuteTaskStatusExecution] 2d23200b-60aa-4519-b7f8-9f40de7a8ecc [2026-08-25T08:31:30.832872] Deploying "src/gen/data/sap-common-Countries_texts_ja.hdbtabledata"... (STDOUT, APP/TASK/deploy)#
#2026 08 25 08:48:31.142#Z#DEBUG#9140a271-a061-11f1-b78a-eeee0a986e3f.ResilienceCockpit-db-deployer#flowable-async-job-executor-thread-11943#
[PollExecuteTaskStatusExecution] 2d23200b-60aa-4519-b7f8-9f40de7a8ecc [2026-08-25T08:31:30.832877] Deploying "src/gen/data/sap-common-Countries_texts_ja.hdbtabledata"... ok (0s 0ms) (STDOUT, APP/TASK/deploy)#
#2026 08 25 08:48:31.142#Z#DEBUG#9140a271-a061-11f1-b78a-eeee0a986e3f.ResilienceCockpit-db-deployer#flowable-async-job-executor-thread-11943#
[PollExecuteTaskStatusExecution] 2d23200b-60aa-4519-b7f8-9f40de7a8ecc [2026-08-25T08:31:30.832880] Deploying "src/gen/data/sap-common-Countries_texts_kk.csv"... (STDOUT, APP/TASK/deploy)#
#2026 08 25 08:48:31.142#Z#DEBUG#9140a271-a061-11f1-b78a-eeee0a986e3f.ResilienceCockpit-db-deployer#flowable-async-job-executor-thread-11943#
[PollExecuteTaskStatusExecution] 2d23200b-60aa-4519-b7f8-9f40de7a8ecc [2026-08-25T08:31:30.832883] Deploying "src/gen/data/sap-common-Countries_texts_it.csv"... ok (0s 2ms) (STDOUT, APP/TASK/deploy)#
#2026 08 25 08:48:31.142#Z#DEBUG#9140a271-a061-11f1-b78a-eeee0a986e3f.ResilienceCockpit-db-deployer#flowable-async-job-executor-thread-11943#
[PollExecuteTaskStatusExecution] 2d23200b-60aa-4519-b7f8-9f40de7a8ecc [2026-08-25T08:31:30.832886] Deploying "src/gen/data/sap-common-Countries_texts_kk.hdbtabledata"... (STDOUT, APP/TASK/deploy)#
#2026 08 25 08:48:31.142#Z#DEBUG#9140a271-a061-11f1-b78a-eeee0a986e3f.ResilienceCockpit-db-deployer#flowable-async-job-executor-thread-11943#
[PollExecuteTaskStatusExecution] 2d23200b-60aa-4519-b7f8-9f40de7a8ecc [2026-08-25T08:31:30.832888] Deploying "src/gen/data/sap-common-Countries_texts_kk.hdbtabledata"... ok (0s 0ms) (STDOUT, APP/TASK/deploy)#
#2026 08 25 08:48:31.142#Z#DEBUG#9140a271-a061-11f1-b78a-eeee0a986e3f.ResilienceCockpit-db-deployer#flowable-async-job-executor-thread-11943#
[PollExecuteTaskStatusExecution] 2d23200b-60aa-4519-b7f8-9f40de7a8ecc [2026-08-25T08:31:30.832890] Deploying "src/gen/data/sap-common-Countries_texts_ko.csv"... (STDOUT, APP/TASK/deploy)#
#2026 08 25 08:48:31.142#Z#DEBUG#9140a271-a061-11f1-b78a-eeee0a986e3f.ResilienceCockpit-db-deployer#flowable-async-job-executor-thread-11943#
[PollExecuteTaskStatusExecution] 2d23200b-60aa-4519-b7f8-9f40de7a8ecc [2026-08-25T08:31:30.832893] Deploying "src/gen/data/sap-common-Countries_texts_ja.csv"... ok (0s 2ms) (STDOUT, APP/TASK/deploy)#
#2026 08 25 08:48:31.142#Z#DEBUG#9140a271-a061-11f1-b78a-eeee0a986e3f.ResilienceCockpit-db-deployer#flowable-async-job-executor-thread-11943#
[PollExecuteTaskStatusExecution] 2d23200b-60aa-4519-b7f8-9f40de7a8ecc [2026-08-25T08:31:30.832896] Deploying "src/gen/data/sap-common-Countries_texts_ko.hdbtabledata"... (STDOUT, APP/TASK/deploy)#
#2026 08 25 08:48:31.142#Z#DEBUG#9140a271-a061-11f1-b78a-eeee0a986e3f.ResilienceCockpit-db-deployer#flowable-async-job-executor-thread-11943#
[PollExecuteTaskStatusExecution] 2d23200b-60aa-4519-b7f8-9f40de7a8ecc [2026-08-25T08:31:30.832898] Deploying "src/gen/data/sap-common-Countries_texts_ko.hdbtabledata"... ok (0s 0ms) (STDOUT, APP/TASK/deploy)#
#2026 08 25 08:48:31.142#Z#DEBUG#9140a271-a061-11f1-b78a-eeee0a986e3f.ResilienceCockpit-db-deployer#flowable-async-job-executor-thread-11943#
[PollExecuteTaskStatusExecution] 2d23200b-60aa-4519-b7f8-9f40de7a8ecc [2026-08-25T08:31:30.832940] Deploying "src/gen/data/sap-common-Countries_texts_ms.csv"... (STDOUT, APP/TASK/deploy)#
#2026 08 25 08:48:31.142#Z#DEBUG#9140a271-a061-11f1-b78a-eeee0a986e3f.ResilienceCockpit-db-deployer#flowable-async-job-executor-thread-11943#
[PollExecuteTaskStatusExecution] 2d23200b-60aa-4519-b7f8-9f40de7a8ecc [2026-08-25T08:31:30.832944] Deploying "src/gen/data/sap-common-Countries_texts_kk.csv"... ok (0s 2ms) (STDOUT, APP/TASK/deploy)#
#2026 08 25 08:48:31.142#Z#DEBUG#9140a271-a061-11f1-b78a-eeee0a986e3f.ResilienceCockpit-db-deployer#flowable-async-job-executor-thread-11943#
[PollExecuteTaskStatusExecution] 2d23200b-60aa-4519-b7f8-9f40de7a8ecc [2026-08-25T08:31:30.832948] Deploying "src/gen/data/sap-common-Countries_texts_ms.hdbtabledata"... (STDOUT, APP/TASK/deploy)#
#2026 08 25 08:48:31.142#Z#DEBUG#9140a271-a061-11f1-b78a-eeee0a986e3f.ResilienceCockpit-db-deployer#flowable-async-job-executor-thread-11943#
[PollExecuteTaskStatusExecution] 2d23200b-60aa-4519-b7f8-9f40de7a8ecc [2026-08-25T08:31:30.832951] Deploying "src/gen/data/sap-common-Countries_texts_ms.hdbtabledata"... ok (0s 0ms) (STDOUT, APP/TASK/deploy)#
#2026 08 25 08:48:31.142#Z#DEBUG#9140a271-a061-11f1-b78a-eeee0a986e3f.ResilienceCockpit-db-deployer#flowable-async-job-executor-thread-11943#
[PollExecuteTaskStatusExecution] 2d23200b-60aa-4519-b7f8-9f40de7a8ecc [2026-08-25T08:31:30.832955] Deploying "src/gen/data/sap-common-Countries_texts_nl.csv"... (STDOUT, APP/TASK/deploy)#
#2026 08 25 08:48:31.142#Z#DEBUG#9140a271-a061-11f1-b78a-eeee0a986e3f.ResilienceCockpit-db-deployer#flowable-async-job-executor-thread-11943#
[PollExecuteTaskStatusExecution] 2d23200b-60aa-4519-b7f8-9f40de7a8ecc [2026-08-25T08:31:30.832957] Deploying "src/gen/data/sap-common-Countries_texts_ko.csv"... ok (0s 2ms) (STDOUT, APP/TASK/deploy)#
#2026 08 25 08:48:31.142#Z#DEBUG#9140a271-a061-11f1-b78a-eeee0a986e3f.ResilienceCockpit-db-deployer#flowable-async-job-executor-thread-11943#
[PollExecuteTaskStatusExecution] 2d23200b-60aa-4519-b7f8-9f40de7a8ecc [2026-08-25T08:31:30.832961] Deploying "src/gen/data/sap-common-Countries_texts_nl.hdbtabledata"... (STDOUT, APP/TASK/deploy)#
#2026 08 25 08:48:31.142#Z#DEBUG#9140a271-a061-11f1-b78a-eeee0a986e3f.ResilienceCockpit-db-deployer#flowable-async-job-executor-thread-11943#
[PollExecuteTaskStatusExecution] 2d23200b-60aa-4519-b7f8-9f40de7a8ecc [2026-08-25T08:31:30.832964] Deploying "src/gen/data/sap-common-Countries_texts_nl.hdbtabledata"... ok (0s 0ms) (STDOUT, APP/TASK/deploy)#
#2026 08 25 08:48:31.142#Z#DEBUG#9140a271-a061-11f1-b78a-eeee0a986e3f.ResilienceCockpit-db-deployer#flowable-async-job-executor-thread-11943#
[PollExecuteTaskStatusExecution] 2d23200b-60aa-4519-b7f8-9f40de7a8ecc [2026-08-25T08:31:30.832967] Deploying "src/gen/data/sap-common-Countries_texts_no.csv"... (STDOUT, APP/TASK/deploy)#
#2026 08 25 08:48:31.142#Z#DEBUG#9140a271-a061-11f1-b78a-eeee0a986e3f.ResilienceCockpit-db-deployer#flowable-async-job-executor-thread-11943#
[PollExecuteTaskStatusExecution] 2d23200b-60aa-4519-b7f8-9f40de7a8ecc [2026-08-25T08:31:30.832969] Deploying "src/gen/data/sap-common-Countries_texts_ms.csv"... ok (0s 2ms) (STDOUT, APP/TASK/deploy)#
#2026 08 25 08:48:31.142#Z#DEBUG#9140a271-a061-11f1-b78a-eeee0a986e3f.ResilienceCockpit-db-deployer#flowable-async-job-executor-thread-11943#
[PollExecuteTaskStatusExecution] 2d23200b-60aa-4519-b7f8-9f40de7a8ecc [2026-08-25T08:31:30.832972] Deploying "src/gen/data/sap-common-Countries_texts_no.hdbtabledata"... (STDOUT, APP/TASK/deploy)#
#2026 08 25 08:48:31.142#Z#DEBUG#9140a271-a061-11f1-b78a-eeee0a986e3f.ResilienceCockpit-db-deployer#flowable-async-job-executor-thread-11943#
[PollExecuteTaskStatusExecution] 2d23200b-60aa-4519-b7f8-9f40de7a8ecc [2026-08-25T08:31:30.832974] Deploying "src/gen/data/sap-common-Countries_texts_no.hdbtabledata"... ok (0s 0ms) (STDOUT, APP/TASK/deploy)#
#2026 08 25 08:48:31.142#Z#DEBUG#9140a271-a061-11f1-b78a-eeee0a986e3f.ResilienceCockpit-db-deployer#flowable-async-job-executor-thread-11943#
[PollExecuteTaskStatusExecution] 2d23200b-60aa-4519-b7f8-9f40de7a8ecc [2026-08-25T08:31:30.832977] Deploying "src/gen/data/sap-common-Countries_texts_pl.csv"... (STDOUT, APP/TASK/deploy)#
#2026 08 25 08:48:31.142#Z#DEBUG#9140a271-a061-11f1-b78a-eeee0a986e3f.ResilienceCockpit-db-deployer#flowable-async-job-executor-thread-11943#
[PollExecuteTaskStatusExecution] 2d23200b-60aa-4519-b7f8-9f40de7a8ecc [2026-08-25T08:31:30.832981] Deploying "src/gen/data/sap-common-Countries_texts_nl.csv"... ok (0s 3ms) (STDOUT, APP/TASK/deploy)#
#2026 08 25 08:48:31.142#Z#DEBUG#9140a271-a061-11f1-b78a-eeee0a986e3f.ResilienceCockpit-db-deployer#flowable-async-job-executor-thread-11943#
[PollExecuteTaskStatusExecution] 2d23200b-60aa-4519-b7f8-9f40de7a8ecc [2026-08-25T08:31:30.832983] Deploying "src/gen/data/sap-common-Countries_texts_pl.hdbtabledata"... (STDOUT, APP/TASK/deploy)#
#2026 08 25 08:48:31.142#Z#DEBUG#9140a271-a061-11f1-b78a-eeee0a986e3f.ResilienceCockpit-db-deployer#flowable-async-job-executor-thread-11943#
[PollExecuteTaskStatusExecution] 2d23200b-60aa-4519-b7f8-9f40de7a8ecc [2026-08-25T08:31:30.832986] Deploying "src/gen/data/sap-common-Countries_texts_pl.hdbtabledata"... ok (0s 0ms) (STDOUT, APP/TASK/deploy)#
#2026 08 25 08:48:31.142#Z#DEBUG#9140a271-a061-11f1-b78a-eeee0a986e3f.ResilienceCockpit-db-deployer#flowable-async-job-executor-thread-11943#
[PollExecuteTaskStatusExecution] 2d23200b-60aa-4519-b7f8-9f40de7a8ecc [2026-08-25T08:31:30.832988] Deploying "src/gen/data/sap-common-Countries_texts_pt.csv"... (STDOUT, APP/TASK/deploy)#
#2026 08 25 08:48:31.142#Z#DEBUG#9140a271-a061-11f1-b78a-eeee0a986e3f.ResilienceCockpit-db-deployer#flowable-async-job-executor-thread-11943#
[PollExecuteTaskStatusExecution] 2d23200b-60aa-4519-b7f8-9f40de7a8ecc [2026-08-25T08:31:30.832992] Deploying "src/gen/data/sap-common-Countries_texts_no.csv"... ok (0s 2ms) (STDOUT, APP/TASK/deploy)#
#2026 08 25 08:48:31.142#Z#DEBUG#9140a271-a061-11f1-b78a-eeee0a986e3f.ResilienceCockpit-db-deployer#flowable-async-job-executor-thread-11943#
[PollExecuteTaskStatusExecution] 2d23200b-60aa-4519-b7f8-9f40de7a8ecc [2026-08-25T08:31:30.832996] Deploying "src/gen/data/sap-common-Countries_texts_pt.hdbtabledata"... (STDOUT, APP/TASK/deploy)#
#2026 08 25 08:48:31.142#Z#DEBUG#9140a271-a061-11f1-b78a-eeee0a986e3f.ResilienceCockpit-db-deployer#flowable-async-job-executor-thread-11943#
[PollExecuteTaskStatusExecution] 2d23200b-60aa-4519-b7f8-9f40de7a8ecc [2026-08-25T08:31:30.832999] Deploying "src/gen/data/sap-common-Countries_texts_pt.hdbtabledata"... ok (0s 0ms) (STDOUT, APP/TASK/deploy)#
#2026 08 25 08:48:31.142#Z#DEBUG#9140a271-a061-11f1-b78a-eeee0a986e3f.ResilienceCockpit-db-deployer#flowable-async-job-executor-thread-11943#
[PollExecuteTaskStatusExecution] 2d23200b-60aa-4519-b7f8-9f40de7a8ecc [2026-08-25T08:31:30.833001] Deploying "src/gen/data/sap-common-Countries_texts_ro.csv"... (STDOUT, APP/TASK/deploy)#
#2026 08 25 08:48:31.142#Z#DEBUG#9140a271-a061-11f1-b78a-eeee0a986e3f.ResilienceCockpit-db-deployer#flowable-async-job-executor-thread-11943#
[PollExecuteTaskStatusExecution] 2d23200b-60aa-4519-b7f8-9f40de7a8ecc [2026-08-25T08:31:30.833005] Deploying "src/gen/data/sap-common-Countries_texts_pl.csv"... ok (0s 2ms) (STDOUT, APP/TASK/deploy)#
#2026 08 25 08:48:31.142#Z#DEBUG#9140a271-a061-11f1-b78a-eeee0a986e3f.ResilienceCockpit-db-deployer#flowable-async-job-executor-thread-11943#
[PollExecuteTaskStatusExecution] 2d23200b-60aa-4519-b7f8-9f40de7a8ecc [2026-08-25T08:31:30.833007] Deploying "src/gen/data/sap-common-Countries_texts_ro.hdbtabledata"... (STDOUT, APP/TASK/deploy)#
#2026 08 25 08:48:31.142#Z#DEBUG#9140a271-a061-11f1-b78a-eeee0a986e3f.ResilienceCockpit-db-deployer#flowable-async-job-executor-thread-11943#
[PollExecuteTaskStatusExecution] 2d23200b-60aa-4519-b7f8-9f40de7a8ecc [2026-08-25T08:31:30.833011] Deploying "src/gen/data/sap-common-Countries_texts_ro.hdbtabledata"... ok (0s 0ms) (STDOUT, APP/TASK/deploy)#
#2026 08 25 08:48:31.142#Z#DEBUG#9140a271-a061-11f1-b78a-eeee0a986e3f.ResilienceCockpit-db-deployer#flowable-async-job-executor-thread-11943#
[PollExecuteTaskStatusExecution] 2d23200b-60aa-4519-b7f8-9f40de7a8ecc [2026-08-25T08:31:30.833013] Deploying "src/gen/data/sap-common-Countries_texts_ru.csv"... (STDOUT, APP/TASK/deploy)#
#2026 08 25 08:48:31.142#Z#DEBUG#9140a271-a061-11f1-b78a-eeee0a986e3f.ResilienceCockpit-db-deployer#flowable-async-job-executor-thread-11943#
[PollExecuteTaskStatusExecution] 2d23200b-60aa-4519-b7f8-9f40de7a8ecc [2026-08-25T08:31:30.833016] Deploying "src/gen/data/sap-common-Countries_texts_pt.csv"... ok (0s 2ms) (STDOUT, APP/TASK/deploy)#
#2026 08 25 08:48:31.142#Z#DEBUG#9140a271-a061-11f1-b78a-eeee0a986e3f.ResilienceCockpit-db-deployer#flowable-async-job-executor-thread-11943#
[PollExecuteTaskStatusExecution] 2d23200b-60aa-4519-b7f8-9f40de7a8ecc [2026-08-25T08:31:30.833019] Deploying "src/gen/data/sap-common-Countries_texts_ru.hdbtabledata"... (STDOUT, APP/TASK/deploy)#
#2026 08 25 08:48:31.142#Z#DEBUG#9140a271-a061-11f1-b78a-eeee0a986e3f.ResilienceCockpit-db-deployer#flowable-async-job-executor-thread-11943#
[PollExecuteTaskStatusExecution] 2d23200b-60aa-4519-b7f8-9f40de7a8ecc [2026-08-25T08:31:30.833022] Deploying "src/gen/data/sap-common-Countries_texts_ru.hdbtabledata"... ok (0s 0ms) (STDOUT, APP/TASK/deploy)#
#2026 08 25 08:48:31.142#Z#DEBUG#9140a271-a061-11f1-b78a-eeee0a986e3f.ResilienceCockpit-db-deployer#flowable-async-job-executor-thread-11943#
[PollExecuteTaskStatusExecution] 2d23200b-60aa-4519-b7f8-9f40de7a8ecc [2026-08-25T08:31:30.833025] Deploying "src/gen/data/sap-common-Countries_texts_sh.csv"... (STDOUT, APP/TASK/deploy)#
#2026 08 25 08:48:31.142#Z#DEBUG#9140a271-a061-11f1-b78a-eeee0a986e3f.ResilienceCockpit-db-deployer#flowable-async-job-executor-thread-11943#
[PollExecuteTaskStatusExecution] 2d23200b-60aa-4519-b7f8-9f40de7a8ecc [2026-08-25T08:31:30.833030] Deploying "src/gen/data/sap-common-Countries_texts_ro.csv"... ok (0s 2ms) (STDOUT, APP/TASK/deploy)#
#2026 08 25 08:48:31.142#Z#DEBUG#9140a271-a061-11f1-b78a-eeee0a986e3f.ResilienceCockpit-db-deployer#flowable-async-job-executor-thread-11943#
[PollExecuteTaskStatusExecution] 2d23200b-60aa-4519-b7f8-9f40de7a8ecc [2026-08-25T08:31:30.833033] Deploying "src/gen/data/sap-common-Countries_texts_sh.hdbtabledata"... (STDOUT, APP/TASK/deploy)#
#2026 08 25 08:48:31.142#Z#DEBUG#9140a271-a061-11f1-b78a-eeee0a986e3f.ResilienceCockpit-db-deployer#flowable-async-job-executor-thread-11943#
[PollExecuteTaskStatusExecution] 2d23200b-60aa-4519-b7f8-9f40de7a8ecc [2026-08-25T08:31:30.833037] Deploying "src/gen/data/sap-common-Countries_texts_sh.hdbtabledata"... ok (0s 0ms) (STDOUT, APP/TASK/deploy)#
#2026 08 25 08:48:31.142#Z#DEBUG#9140a271-a061-11f1-b78a-eeee0a986e3f.ResilienceCockpit-db-deployer#flowable-async-job-executor-thread-11943#
[PollExecuteTaskStatusExecution] 2d23200b-60aa-4519-b7f8-9f40de7a8ecc [2026-08-25T08:31:30.833039] Deploying "src/gen/data/sap-common-Countries_texts_sk.csv"... (STDOUT, APP/TASK/deploy)#
#2026 08 25 08:48:31.142#Z#DEBUG#9140a271-a061-11f1-b78a-eeee0a986e3f.ResilienceCockpit-db-deployer#flowable-async-job-executor-thread-11943#
[PollExecuteTaskStatusExecution] 2d23200b-60aa-4519-b7f8-9f40de7a8ecc [2026-08-25T08:31:30.833042] Deploying "src/gen/data/sap-common-Countries_texts_ru.csv"... ok (0s 2ms) (STDOUT, APP/TASK/deploy)#
#2026 08 25 08:48:31.142#Z#DEBUG#9140a271-a061-11f1-b78a-eeee0a986e3f.ResilienceCockpit-db-deployer#flowable-async-job-executor-thread-11943#
[PollExecuteTaskStatusExecution] 2d23200b-60aa-4519-b7f8-9f40de7a8ecc [2026-08-25T08:31:30.833046] Deploying "src/gen/data/sap-common-Countries_texts_sk.hdbtabledata"... (STDOUT, APP/TASK/deploy)#
#2026 08 25 08:48:31.142#Z#DEBUG#9140a271-a061-11f1-b78a-eeee0a986e3f.ResilienceCockpit-db-deployer#flowable-async-job-executor-thread-11943#
[PollExecuteTaskStatusExecution] 2d23200b-60aa-4519-b7f8-9f40de7a8ecc [2026-08-25T08:31:30.833050] Deploying "src/gen/data/sap-common-Countries_texts_sk.hdbtabledata"... ok (0s 0ms) (STDOUT, APP/TASK/deploy)#
#2026 08 25 08:48:31.142#Z#DEBUG#9140a271-a061-11f1-b78a-eeee0a986e3f.ResilienceCockpit-db-deployer#flowable-async-job-executor-thread-11943#
[PollExecuteTaskStatusExecution] 2d23200b-60aa-4519-b7f8-9f40de7a8ecc [2026-08-25T08:31:30.833052] Deploying "src/gen/data/sap-common-Countries_texts_sl.csv"... (STDOUT, APP/TASK/deploy)#
#2026 08 25 08:48:31.142#Z#DEBUG#9140a271-a061-11f1-b78a-eeee0a986e3f.ResilienceCockpit-db-deployer#flowable-async-job-executor-thread-11943#
[PollExecuteTaskStatusExecution] 2d23200b-60aa-4519-b7f8-9f40de7a8ecc [2026-08-25T08:31:30.833054] Deploying "src/gen/data/sap-common-Countries_texts_sh.csv"... ok (0s 3ms) (STDOUT, APP/TASK/deploy)#
#2026 08 25 08:48:31.142#Z#DEBUG#9140a271-a061-11f1-b78a-eeee0a986e3f.ResilienceCockpit-db-deployer#flowable-async-job-executor-thread-11943#
[PollExecuteTaskStatusExecution] 2d23200b-60aa-4519-b7f8-9f40de7a8ecc [2026-08-25T08:31:30.833057] Deploying "src/gen/data/sap-common-Countries_texts_sl.hdbtabledata"... (STDOUT, APP/TASK/deploy)#
#2026 08 25 08:48:31.142#Z#DEBUG#9140a271-a061-11f1-b78a-eeee0a986e3f.ResilienceCockpit-db-deployer#flowable-async-job-executor-thread-11943#
[PollExecuteTaskStatusExecution] 2d23200b-60aa-4519-b7f8-9f40de7a8ecc [2026-08-25T08:31:30.833060] Deploying "src/gen/data/sap-common-Countries_texts_sl.hdbtabledata"... ok (0s 0ms) (STDOUT, APP/TASK/deploy)#
#2026 08 25 08:48:31.142#Z#DEBUG#9140a271-a061-11f1-b78a-eeee0a986e3f.ResilienceCockpit-db-deployer#flowable-async-job-executor-thread-11943#
[PollExecuteTaskStatusExecution] 2d23200b-60aa-4519-b7f8-9f40de7a8ecc [2026-08-25T08:31:30.833063] Deploying "src/gen/data/sap-common-Countries_texts_sv.csv"... (STDOUT, APP/TASK/deploy)#
#2026 08 25 08:48:31.142#Z#DEBUG#9140a271-a061-11f1-b78a-eeee0a986e3f.ResilienceCockpit-db-deployer#flowable-async-job-executor-thread-11943#
[PollExecuteTaskStatusExecution] 2d23200b-60aa-4519-b7f8-9f40de7a8ecc [2026-08-25T08:31:30.833065] Deploying "src/gen/data/sap-common-Countries_texts_sk.csv"... ok (0s 2ms) (STDOUT, APP/TASK/deploy)#
#2026 08 25 08:48:31.142#Z#DEBUG#9140a271-a061-11f1-b78a-eeee0a986e3f.ResilienceCockpit-db-deployer#flowable-async-job-executor-thread-11943#
[PollExecuteTaskStatusExecution] 2d23200b-60aa-4519-b7f8-9f40de7a8ecc [2026-08-25T08:31:30.833068] Deploying "src/gen/data/sap-common-Countries_texts_sv.hdbtabledata"... (STDOUT, APP/TASK/deploy)#
#2026 08 25 08:48:31.142#Z#DEBUG#9140a271-a061-11f1-b78a-eeee0a986e3f.ResilienceCockpit-db-deployer#flowable-async-job-executor-thread-11943#
[PollExecuteTaskStatusExecution] 2d23200b-60aa-4519-b7f8-9f40de7a8ecc [2026-08-25T08:31:30.833073] Deploying "src/gen/data/sap-common-Countries_texts_sv.hdbtabledata"... ok (0s 0ms) (STDOUT, APP/TASK/deploy)#
#2026 08 25 08:48:31.142#Z#DEBUG#9140a271-a061-11f1-b78a-eeee0a986e3f.ResilienceCockpit-db-deployer#flowable-async-job-executor-thread-11943#
[PollExecuteTaskStatusExecution] 2d23200b-60aa-4519-b7f8-9f40de7a8ecc [2026-08-25T08:31:30.833075] Deploying "src/gen/data/sap-common-Countries_texts_th.csv"... (STDOUT, APP/TASK/deploy)#
#2026 08 25 08:48:31.142#Z#DEBUG#9140a271-a061-11f1-b78a-eeee0a986e3f.ResilienceCockpit-db-deployer#flowable-async-job-executor-thread-11943#
[PollExecuteTaskStatusExecution] 2d23200b-60aa-4519-b7f8-9f40de7a8ecc [2026-08-25T08:31:30.833078] Deploying "src/gen/data/sap-common-Countries_texts_sl.csv"... ok (0s 3ms) (STDOUT, APP/TASK/deploy)#
#2026 08 25 08:48:31.142#Z#DEBUG#9140a271-a061-11f1-b78a-eeee0a986e3f.ResilienceCockpit-db-deployer#flowable-async-job-executor-thread-11943#
[PollExecuteTaskStatusExecution] 2d23200b-60aa-4519-b7f8-9f40de7a8ecc [2026-08-25T08:31:30.833082] Deploying "src/gen/data/sap-common-Countries_texts_th.hdbtabledata"... (STDOUT, APP/TASK/deploy)#
#2026 08 25 08:48:31.142#Z#DEBUG#9140a271-a061-11f1-b78a-eeee0a986e3f.ResilienceCockpit-db-deployer#flowable-async-job-executor-thread-11943#
[PollExecuteTaskStatusExecution] 2d23200b-60aa-4519-b7f8-9f40de7a8ecc [2026-08-25T08:31:30.833085] Deploying "src/gen/data/sap-common-Countries_texts_th.hdbtabledata"... ok (0s 0ms) (STDOUT, APP/TASK/deploy)#
#2026 08 25 08:48:31.142#Z#DEBUG#9140a271-a061-11f1-b78a-eeee0a986e3f.ResilienceCockpit-db-deployer#flowable-async-job-executor-thread-11943#
[PollExecuteTaskStatusExecution] 2d23200b-60aa-4519-b7f8-9f40de7a8ecc [2026-08-25T08:31:30.833087] Deploying "src/gen/data/sap-common-Countries_texts_tr.csv"... (STDOUT, APP/TASK/deploy)#
#2026 08 25 08:48:31.142#Z#DEBUG#9140a271-a061-11f1-b78a-eeee0a986e3f.ResilienceCockpit-db-deployer#flowable-async-job-executor-thread-11943#
[PollExecuteTaskStatusExecution] 2d23200b-60aa-4519-b7f8-9f40de7a8ecc [2026-08-25T08:31:30.833090] Deploying "src/gen/data/sap-common-Countries_texts_sv.csv"... ok (0s 2ms) (STDOUT, APP/TASK/deploy)#
#2026 08 25 08:48:31.142#Z#DEBUG#9140a271-a061-11f1-b78a-eeee0a986e3f.ResilienceCockpit-db-deployer#flowable-async-job-executor-thread-11943#
[PollExecuteTaskStatusExecution] 2d23200b-60aa-4519-b7f8-9f40de7a8ecc [2026-08-25T08:31:30.833093] Deploying "src/gen/data/sap-common-Countries_texts_tr.hdbtabledata"... (STDOUT, APP/TASK/deploy)#
#2026 08 25 08:48:31.142#Z#DEBUG#9140a271-a061-11f1-b78a-eeee0a986e3f.ResilienceCockpit-db-deployer#flowable-async-job-executor-thread-11943#
[PollExecuteTaskStatusExecution] 2d23200b-60aa-4519-b7f8-9f40de7a8ecc [2026-08-25T08:31:30.833097] Deploying "src/gen/data/sap-common-Countries_texts_tr.hdbtabledata"... ok (0s 1ms) (STDOUT, APP/TASK/deploy)#
#2026 08 25 08:48:31.142#Z#DEBUG#9140a271-a061-11f1-b78a-eeee0a986e3f.ResilienceCockpit-db-deployer#flowable-async-job-executor-thread-11943#
[PollExecuteTaskStatusExecution] 2d23200b-60aa-4519-b7f8-9f40de7a8ecc [2026-08-25T08:31:30.833131] Deploying "src/gen/data/sap-common-Countries_texts_uk.csv"... (STDOUT, APP/TASK/deploy)#
#2026 08 25 08:48:31.142#Z#DEBUG#9140a271-a061-11f1-b78a-eeee0a986e3f.ResilienceCockpit-db-deployer#flowable-async-job-executor-thread-11943#
[PollExecuteTaskStatusExecution] 2d23200b-60aa-4519-b7f8-9f40de7a8ecc [2026-08-25T08:31:30.833134] Deploying "src/gen/data/sap-common-Countries_texts_th.csv"... ok (0s 2ms) (STDOUT, APP/TASK/deploy)#
#2026 08 25 08:48:31.142#Z#DEBUG#9140a271-a061-11f1-b78a-eeee0a986e3f.ResilienceCockpit-db-deployer#flowable-async-job-executor-thread-11943#
[PollExecuteTaskStatusExecution] 2d23200b-60aa-4519-b7f8-9f40de7a8ecc [2026-08-25T08:31:30.833137] Deploying "src/gen/data/sap-common-Countries_texts_uk.hdbtabledata"... (STDOUT, APP/TASK/deploy)#
#2026 08 25 08:48:31.142#Z#DEBUG#9140a271-a061-11f1-b78a-eeee0a986e3f.ResilienceCockpit-db-deployer#flowable-async-job-executor-thread-11943#
[PollExecuteTaskStatusExecution] 2d23200b-60aa-4519-b7f8-9f40de7a8ecc [2026-08-25T08:31:30.833140] Deploying "src/gen/data/sap-common-Countries_texts_uk.hdbtabledata"... ok (0s 1ms) (STDOUT, APP/TASK/deploy)#
#2026 08 25 08:48:31.142#Z#DEBUG#9140a271-a061-11f1-b78a-eeee0a986e3f.ResilienceCockpit-db-deployer#flowable-async-job-executor-thread-11943#
[PollExecuteTaskStatusExecution] 2d23200b-60aa-4519-b7f8-9f40de7a8ecc [2026-08-25T08:31:30.833142] Deploying "src/gen/data/sap-common-Countries_texts_zh_CN.csv"... (STDOUT, APP/TASK/deploy)#
#2026 08 25 08:48:31.142#Z#DEBUG#9140a271-a061-11f1-b78a-eeee0a986e3f.ResilienceCockpit-db-deployer#flowable-async-job-executor-thread-11943#
[PollExecuteTaskStatusExecution] 2d23200b-60aa-4519-b7f8-9f40de7a8ecc [2026-08-25T08:31:30.833145] Deploying "src/gen/data/sap-common-Countries_texts_tr.csv"... ok (0s 2ms) (STDOUT, APP/TASK/deploy)#
#2026 08 25 08:48:31.142#Z#DEBUG#9140a271-a061-11f1-b78a-eeee0a986e3f.ResilienceCockpit-db-deployer#flowable-async-job-executor-thread-11943#
[PollExecuteTaskStatusExecution] 2d23200b-60aa-4519-b7f8-9f40de7a8ecc [2026-08-25T08:31:30.833147] Deploying "src/gen/data/sap-common-Countries_texts_zh_CN.hdbtabledata"... (STDOUT, APP/TASK/deploy)#
#2026 08 25 08:48:31.142#Z#DEBUG#9140a271-a061-11f1-b78a-eeee0a986e3f.ResilienceCockpit-db-deployer#flowable-async-job-executor-thread-11943#
[PollExecuteTaskStatusExecution] 2d23200b-60aa-4519-b7f8-9f40de7a8ecc [2026-08-25T08:31:30.833151] Deploying "src/gen/data/sap-common-Countries_texts_zh_CN.hdbtabledata"... ok (0s 0ms) (STDOUT, APP/TASK/deploy)#
#2026 08 25 08:48:31.142#Z#DEBUG#9140a271-a061-11f1-b78a-eeee0a986e3f.ResilienceCockpit-db-deployer#flowable-async-job-executor-thread-11943#
[PollExecuteTaskStatusExecution] 2d23200b-60aa-4519-b7f8-9f40de7a8ecc [2026-08-25T08:31:30.833153] Deploying "src/gen/data/sap-common-Countries_texts_zh_TW.csv"... (STDOUT, APP/TASK/deploy)#
#2026 08 25 08:48:31.142#Z#DEBUG#9140a271-a061-11f1-b78a-eeee0a986e3f.ResilienceCockpit-db-deployer#flowable-async-job-executor-thread-11943#
[PollExecuteTaskStatusExecution] 2d23200b-60aa-4519-b7f8-9f40de7a8ecc [2026-08-25T08:31:30.833156] Deploying "src/gen/data/sap-common-Countries_texts_uk.csv"... ok (0s 2ms) (STDOUT, APP/TASK/deploy)#
#2026 08 25 08:48:31.142#Z#DEBUG#9140a271-a061-11f1-b78a-eeee0a986e3f.ResilienceCockpit-db-deployer#flowable-async-job-executor-thread-11943#
[PollExecuteTaskStatusExecution] 2d23200b-60aa-4519-b7f8-9f40de7a8ecc [2026-08-25T08:31:30.833160] Deploying "src/gen/data/sap-common-Countries_texts_zh_TW.hdbtabledata"... (STDOUT, APP/TASK/deploy)#
#2026 08 25 08:48:31.142#Z#DEBUG#9140a271-a061-11f1-b78a-eeee0a986e3f.ResilienceCockpit-db-deployer#flowable-async-job-executor-thread-11943#
[PollExecuteTaskStatusExecution] 2d23200b-60aa-4519-b7f8-9f40de7a8ecc [2026-08-25T08:31:30.833162] Deploying "src/gen/data/sap-common-Countries_texts_zh_TW.hdbtabledata"... ok (0s 0ms) (STDOUT, APP/TASK/deploy)#
#2026 08 25 08:48:31.142#Z#DEBUG#9140a271-a061-11f1-b78a-eeee0a986e3f.ResilienceCockpit-db-deployer#flowable-async-job-executor-thread-11943#
[PollExecuteTaskStatusExecution] 2d23200b-60aa-4519-b7f8-9f40de7a8ecc [2026-08-25T08:31:30.833166] Deploying "src/gen/sap.common.Countries.hdbtable"... (STDOUT, APP/TASK/deploy)#
#2026 08 25 08:48:31.142#Z#DEBUG#9140a271-a061-11f1-b78a-eeee0a986e3f.ResilienceCockpit-db-deployer#flowable-async-job-executor-thread-11943#
[PollExecuteTaskStatusExecution] 2d23200b-60aa-4519-b7f8-9f40de7a8ecc [2026-08-25T08:31:30.833169] Deploying "src/gen/data/sap-common-Countries_texts_zh_CN.csv"... ok (0s 2ms) (STDOUT, APP/TASK/deploy)#
#2026 08 25 08:48:31.142#Z#DEBUG#9140a271-a061-11f1-b78a-eeee0a986e3f.ResilienceCockpit-db-deployer#flowable-async-job-executor-thread-11943#
[PollExecuteTaskStatusExecution] 2d23200b-60aa-4519-b7f8-9f40de7a8ecc [2026-08-25T08:31:30.833171] Deploying "src/gen/sap.common.Countries_texts.hdbtable"... (STDOUT, APP/TASK/deploy)#
#2026 08 25 08:48:31.142#Z#DEBUG#9140a271-a061-11f1-b78a-eeee0a986e3f.ResilienceCockpit-db-deployer#flowable-async-job-executor-thread-11943#
[PollExecuteTaskStatusExecution] 2d23200b-60aa-4519-b7f8-9f40de7a8ecc [2026-08-25T08:31:30.833174] Deploying "src/gen/data/sap-common-Countries_texts_zh_TW.csv"... ok (0s 2ms) (STDOUT, APP/TASK/deploy)#
#2026 08 25 08:48:31.142#Z#DEBUG#9140a271-a061-11f1-b78a-eeee0a986e3f.ResilienceCockpit-db-deployer#flowable-async-job-executor-thread-11943#
[PollExecuteTaskStatusExecution] 2d23200b-60aa-4519-b7f8-9f40de7a8ecc [2026-08-25T08:31:30.833176] Deploying "src/gen/ResilienceCockpitService.DraftAdministrativeData.hdbview"... (STDOUT, APP/TASK/deploy)#
#2026 08 25 08:48:31.142#Z#DEBUG#9140a271-a061-11f1-b78a-eeee0a986e3f.ResilienceCockpit-db-deployer#flowable-async-job-executor-thread-11943#
[PollExecuteTaskStatusExecution] 2d23200b-60aa-4519-b7f8-9f40de7a8ecc [2026-08-25T08:31:30.833179] Deploying "src/gen/sap.common.Countries.hdbtable"... ok (0s 26ms) (STDOUT, APP/TASK/deploy)#
#2026 08 25 08:48:31.142#Z#DEBUG#9140a271-a061-11f1-b78a-eeee0a986e3f.ResilienceCockpit-db-deployer#flowable-async-job-executor-thread-11943#
[PollExecuteTaskStatusExecution] 2d23200b-60aa-4519-b7f8-9f40de7a8ecc [2026-08-25T08:31:30.833181] Deploying "src/gen/data/ResilienceCockpit-AlternateSuppliers.hdbtabledata$0.expand"... (STDOUT, APP/TASK/deploy)#
#2026 08 25 08:48:31.142#Z#DEBUG#9140a271-a061-11f1-b78a-eeee0a986e3f.ResilienceCockpit-db-deployer#flowable-async-job-executor-thread-11943#
[PollExecuteTaskStatusExecution] 2d23200b-60aa-4519-b7f8-9f40de7a8ecc [2026-08-25T08:31:30.833184] Expanded from "src/gen/data/ResilienceCockpit-AlternateSuppliers.hdbtabledata" (STDOUT, APP/TASK/deploy)#
#2026 08 25 08:48:31.142#Z#DEBUG#9140a271-a061-11f1-b78a-eeee0a986e3f.ResilienceCockpit-db-deployer#flowable-async-job-executor-thread-11943#
[PollExecuteTaskStatusExecution] 2d23200b-60aa-4519-b7f8-9f40de7a8ecc [2026-08-25T08:31:30.833186] Deploying "src/gen/sap.common.Countries_texts.hdbtable"... ok (0s 25ms) (STDOUT, APP/TASK/deploy)#
#2026 08 25 08:48:31.142#Z#DEBUG#9140a271-a061-11f1-b78a-eeee0a986e3f.ResilienceCockpit-db-deployer#flowable-async-job-executor-thread-11943#
[PollExecuteTaskStatusExecution] 2d23200b-60aa-4519-b7f8-9f40de7a8ecc [2026-08-25T08:31:30.833189] Deploying "src/gen/data/ResilienceCockpit-AlternativeMaterials.hdbtabledata$0.expand"... (STDOUT, APP/TASK/deploy)#
#2026 08 25 08:48:31.142#Z#DEBUG#9140a271-a061-11f1-b78a-eeee0a986e3f.ResilienceCockpit-db-deployer#flowable-async-job-executor-thread-11943#
[PollExecuteTaskStatusExecution] 2d23200b-60aa-4519-b7f8-9f40de7a8ecc [2026-08-25T08:31:30.833191] Expanded from "src/gen/data/ResilienceCockpit-AlternativeMaterials.hdbtabledata" (STDOUT, APP/TASK/deploy)#
#2026 08 25 08:48:31.142#Z#DEBUG#9140a271-a061-11f1-b78a-eeee0a986e3f.ResilienceCockpit-db-deployer#flowable-async-job-executor-thread-11943#
[PollExecuteTaskStatusExecution] 2d23200b-60aa-4519-b7f8-9f40de7a8ecc [2026-08-25T08:31:30.833194] Deploying "src/gen/ResilienceCockpitService.DraftAdministrativeData.hdbview"... ok (0s 56ms) (STDOUT, APP/TASK/deploy)#
#2026 08 25 08:48:31.142#Z#DEBUG#9140a271-a061-11f1-b78a-eeee0a986e3f.ResilienceCockpit-db-deployer#flowable-async-job-executor-thread-11943#
[PollExecuteTaskStatusExecution] 2d23200b-60aa-4519-b7f8-9f40de7a8ecc [2026-08-25T08:31:30.833196] Deploying "src/gen/data/ResilienceCockpit-SupplierLocations.hdbtabledata$0.expand"... (STDOUT, APP/TASK/deploy)#
#2026 08 25 08:48:31.142#Z#DEBUG#9140a271-a061-11f1-b78a-eeee0a986e3f.ResilienceCockpit-db-deployer#flowable-async-job-executor-thread-11943#
[PollExecuteTaskStatusExecution] 2d23200b-60aa-4519-b7f8-9f40de7a8ecc [2026-08-25T08:31:30.833201] Expanded from "src/gen/data/ResilienceCockpit-SupplierLocations.hdbtabledata" (STDOUT, APP/TASK/deploy)#
#2026 08 25 08:48:31.142#Z#DEBUG#9140a271-a061-11f1-b78a-eeee0a986e3f.ResilienceCockpit-db-deployer#flowable-async-job-executor-thread-11943#
[PollExecuteTaskStatusExecution] 2d23200b-60aa-4519-b7f8-9f40de7a8ecc [2026-08-25T08:31:30.833206] Inserted 10 records of the data source file "ResilienceCockpit-SupplierLocations.csv" into the target table "RESILIENCECOCKPIT_SUPPLIERLOCATIONS" (STDOUT, APP/TASK/deploy)#
#2026 08 25 08:48:31.142#Z#DEBUG#9140a271-a061-11f1-b78a-eeee0a986e3f.ResilienceCockpit-db-deployer#flowable-async-job-executor-thread-11943#
[PollExecuteTaskStatusExecution] 2d23200b-60aa-4519-b7f8-9f40de7a8ecc [2026-08-25T08:31:30.833209] Deploying "src/gen/data/ResilienceCockpit-SupplierLocations.hdbtabledata$0.expand"... ok (0s 552ms) (STDOUT, APP/TASK/deploy)#
#2026 08 25 08:48:31.142#Z#DEBUG#9140a271-a061-11f1-b78a-eeee0a986e3f.ResilienceCockpit-db-deployer#flowable-async-job-executor-thread-11943#
[PollExecuteTaskStatusExecution] 2d23200b-60aa-4519-b7f8-9f40de7a8ecc [2026-08-25T08:31:30.833212] Inserted 5 records of the data source file "ResilienceCockpit-AlternativeMaterials.csv" into the target table "RESILIENCECOCKPIT_ALTERNATIVEMATERIALS" (STDOUT, APP/TASK/deploy)#
#2026 08 25 08:48:31.142#Z#DEBUG#9140a271-a061-11f1-b78a-eeee0a986e3f.ResilienceCockpit-db-deployer#flowable-async-job-executor-thread-11943#
[PollExecuteTaskStatusExecution] 2d23200b-60aa-4519-b7f8-9f40de7a8ecc [2026-08-25T08:31:30.833215] Deploying "src/gen/data/ResilienceCockpit-AlternativeMaterials.hdbtabledata$0.expand"... ok (0s 584ms) (STDOUT, APP/TASK/deploy)#
#2026 08 25 08:48:31.142#Z#DEBUG#9140a271-a061-11f1-b78a-eeee0a986e3f.ResilienceCockpit-db-deployer#flowable-async-job-executor-thread-11943#
[PollExecuteTaskStatusExecution] 2d23200b-60aa-4519-b7f8-9f40de7a8ecc [2026-08-25T08:31:30.833219] Deploying "src/gen/data/ResilienceCockpit-SupplierMaterials.hdbtabledata$0.expand"... (STDOUT, APP/TASK/deploy)#
#2026 08 25 08:48:31.142#Z#DEBUG#9140a271-a061-11f1-b78a-eeee0a986e3f.ResilienceCockpit-db-deployer#flowable-async-job-executor-thread-11943#
[PollExecuteTaskStatusExecution] 2d23200b-60aa-4519-b7f8-9f40de7a8ecc [2026-08-25T08:31:30.833223] Expanded from "src/gen/data/ResilienceCockpit-SupplierMaterials.hdbtabledata" (STDOUT, APP/TASK/deploy)#
#2026 08 25 08:48:31.142#Z#DEBUG#9140a271-a061-11f1-b78a-eeee0a986e3f.ResilienceCockpit-db-deployer#flowable-async-job-executor-thread-11943#
[PollExecuteTaskStatusExecution] 2d23200b-60aa-4519-b7f8-9f40de7a8ecc [2026-08-25T08:31:30.833227] Deploying "src/gen/data/sap-common-Countries.hdbtabledata$0.expand"... (STDOUT, APP/TASK/deploy)#
#2026 08 25 08:48:31.142#Z#DEBUG#9140a271-a061-11f1-b78a-eeee0a986e3f.ResilienceCockpit-db-deployer#flowable-async-job-executor-thread-11943#
[PollExecuteTaskStatusExecution] 2d23200b-60aa-4519-b7f8-9f40de7a8ecc [2026-08-25T08:31:30.833229] Expanded from "src/gen/data/sap-common-Countries.hdbtabledata" (STDOUT, APP/TASK/deploy)#
#2026 08 25 08:48:31.142#Z#DEBUG#9140a271-a061-11f1-b78a-eeee0a986e3f.ResilienceCockpit-db-deployer#flowable-async-job-executor-thread-11943#
[PollExecuteTaskStatusExecution] 2d23200b-60aa-4519-b7f8-9f40de7a8ecc [2026-08-25T08:31:30.833232] Inserted 5 records of the data source file "ResilienceCockpit-AlternateSuppliers.csv" into the target table "RESILIENCECOCKPIT_ALTERNATESUPPLIERS" (STDOUT, APP/TASK/deploy)#
#2026 08 25 08:48:31.142#Z#DEBUG#9140a271-a061-11f1-b78a-eeee0a986e3f.ResilienceCockpit-db-deployer#flowable-async-job-executor-thread-11943#
[PollExecuteTaskStatusExecution] 2d23200b-60aa-4519-b7f8-9f40de7a8ecc [2026-08-25T08:31:30.833234] Deploying "src/gen/data/ResilienceCockpit-AlternateSuppliers.hdbtabledata$0.expand"... ok (0s 585ms) (STDOUT, APP/TASK/deploy)#
#2026 08 25 08:48:31.142#Z#DEBUG#9140a271-a061-11f1-b78a-eeee0a986e3f.ResilienceCockpit-db-deployer#flowable-async-job-executor-thread-11943#
[PollExecuteTaskStatusExecution] 2d23200b-60aa-4519-b7f8-9f40de7a8ecc [2026-08-25T08:31:30.833236] Deploying "src/gen/data/sap-common-Countries_texts_ar.hdbtabledata$0.expand"... (STDOUT, APP/TASK/deploy)#
#2026 08 25 08:48:31.142#Z#DEBUG#9140a271-a061-11f1-b78a-eeee0a986e3f.ResilienceCockpit-db-deployer#flowable-async-job-executor-thread-11943#
[PollExecuteTaskStatusExecution] 2d23200b-60aa-4519-b7f8-9f40de7a8ecc [2026-08-25T08:31:30.833238] Expanded from "src/gen/data/sap-common-Countries_texts_ar.hdbtabledata" (STDOUT, APP/TASK/deploy)#
#2026 08 25 08:48:31.142#Z#DEBUG#9140a271-a061-11f1-b78a-eeee0a986e3f.ResilienceCockpit-db-deployer#flowable-async-job-executor-thread-11943#
[PollExecuteTaskStatusExecution] 2d23200b-60aa-4519-b7f8-9f40de7a8ecc [2026-08-25T08:31:30.833241] Inserted 246 records of the data source file "sap-common-Countries.csv" into the target table "SAP_COMMON_COUNTRIES" (STDOUT, APP/TASK/deploy)#
#2026 08 25 08:48:31.142#Z#DEBUG#9140a271-a061-11f1-b78a-eeee0a986e3f.ResilienceCockpit-db-deployer#flowable-async-job-executor-thread-11943#
[PollExecuteTaskStatusExecution] 2d23200b-60aa-4519-b7f8-9f40de7a8ecc [2026-08-25T08:31:30.833243] Deploying "src/gen/data/sap-common-Countries.hdbtabledata$0.expand"... ok (0s 63ms) (STDOUT, APP/TASK/deploy)#
#2026 08 25 08:48:31.142#Z#DEBUG#9140a271-a061-11f1-b78a-eeee0a986e3f.ResilienceCockpit-db-deployer#flowable-async-job-executor-thread-11943#
[PollExecuteTaskStatusExecution] 2d23200b-60aa-4519-b7f8-9f40de7a8ecc [2026-08-25T08:31:30.833257] Deploying "src/gen/data/sap-common-Countries_texts_bg.hdbtabledata$0.expand"... (STDOUT, APP/TASK/deploy)#
#2026 08 25 08:48:31.142#Z#DEBUG#9140a271-a061-11f1-b78a-eeee0a986e3f.ResilienceCockpit-db-deployer#flowable-async-job-executor-thread-11943#
[PollExecuteTaskStatusExecution] 2d23200b-60aa-4519-b7f8-9f40de7a8ecc [2026-08-25T08:31:30.833260] Expanded from "src/gen/data/sap-common-Countries_texts_bg.hdbtabledata" (STDOUT, APP/TASK/deploy)#
#2026 08 25 08:48:31.142#Z#DEBUG#9140a271-a061-11f1-b78a-eeee0a986e3f.ResilienceCockpit-db-deployer#flowable-async-job-executor-thread-11943#
[PollExecuteTaskStatusExecution] 2d23200b-60aa-4519-b7f8-9f40de7a8ecc [2026-08-25T08:31:30.833263] Inserted 10 records of the data source file "ResilienceCockpit-SupplierMaterials.csv" into the target table "RESILIENCECOCKPIT_SUPPLIERMATERIALS" (STDOUT, APP/TASK/deploy)#
#2026 08 25 08:48:31.142#Z#DEBUG#9140a271-a061-11f1-b78a-eeee0a986e3f.ResilienceCockpit-db-deployer#flowable-async-job-executor-thread-11943#
[PollExecuteTaskStatusExecution] 2d23200b-60aa-4519-b7f8-9f40de7a8ecc [2026-08-25T08:31:30.833264] Deploying "src/gen/data/ResilienceCockpit-SupplierMaterials.hdbtabledata$0.expand"... ok (0s 71ms) (STDOUT, APP/TASK/deploy)#
#2026 08 25 08:48:31.142#Z#DEBUG#9140a271-a061-11f1-b78a-eeee0a986e3f.ResilienceCockpit-db-deployer#flowable-async-job-executor-thread-11943#
[PollExecuteTaskStatusExecution] 2d23200b-60aa-4519-b7f8-9f40de7a8ecc [2026-08-25T08:31:30.833266] Deploying "src/gen/data/sap-common-Countries_texts_cs.hdbtabledata$0.expand"... (STDOUT, APP/TASK/deploy)#
#2026 08 25 08:48:31.142#Z#DEBUG#9140a271-a061-11f1-b78a-eeee0a986e3f.ResilienceCockpit-db-deployer#flowable-async-job-executor-thread-11943#
[PollExecuteTaskStatusExecution] 2d23200b-60aa-4519-b7f8-9f40de7a8ecc [2026-08-25T08:31:30.833314] Expanded from "src/gen/data/sap-common-Countries_texts_cs.hdbtabledata" (STDOUT, APP/TASK/deploy)#
#2026 08 25 08:48:31.142#Z#DEBUG#9140a271-a061-11f1-b78a-eeee0a986e3f.ResilienceCockpit-db-deployer#flowable-async-job-executor-thread-11943#
[PollExecuteTaskStatusExecution] 2d23200b-60aa-4519-b7f8-9f40de7a8ecc [2026-08-25T08:31:30.833319] Inserted 246 records of the data source file "sap-common-Countries_texts_ar.csv" into the target table "SAP_COMMON_COUNTRIES_TEXTS" (STDOUT, APP/TASK/deploy)#
#2026 08 25 08:48:31.142#Z#DEBUG#9140a271-a061-11f1-b78a-eeee0a986e3f.ResilienceCockpit-db-deployer#flowable-async-job-executor-thread-11943#
[PollExecuteTaskStatusExecution] 2d23200b-60aa-4519-b7f8-9f40de7a8ecc [2026-08-25T08:31:30.833329] Deploying "src/gen/data/sap-common-Countries_texts_ar.hdbtabledata$0.expand"... ok (0s 91ms) (STDOUT, APP/TASK/deploy)#
#2026 08 25 08:48:31.142#Z#DEBUG#9140a271-a061-11f1-b78a-eeee0a986e3f.ResilienceCockpit-db-deployer#flowable-async-job-executor-thread-11943#
[PollExecuteTaskStatusExecution] 2d23200b-60aa-4519-b7f8-9f40de7a8ecc [2026-08-25T08:31:30.833330] Deploying "src/gen/data/sap-common-Countries_texts_da.hdbtabledata$0.expand"... (STDOUT, APP/TASK/deploy)#
#2026 08 25 08:48:31.142#Z#DEBUG#9140a271-a061-11f1-b78a-eeee0a986e3f.ResilienceCockpit-db-deployer#flowable-async-job-executor-thread-11943#
[PollExecuteTaskStatusExecution] 2d23200b-60aa-4519-b7f8-9f40de7a8ecc [2026-08-25T08:31:30.833653] Expanded from "src/gen/data/sap-common-Countries_texts_da.hdbtabledata" (STDOUT, APP/TASK/deploy)#
#2026 08 25 08:48:31.142#Z#DEBUG#9140a271-a061-11f1-b78a-eeee0a986e3f.ResilienceCockpit-db-deployer#flowable-async-job-executor-thread-11943#
[PollExecuteTaskStatusExecution] 2d23200b-60aa-4519-b7f8-9f40de7a8ecc [2026-08-25T08:31:30.833660] Inserted 246 records of the data source file "sap-common-Countries_texts_bg.csv" into the target table "SAP_COMMON_COUNTRIES_TEXTS" (STDOUT, APP/TASK/deploy)#
#2026 08 25 08:48:31.142#Z#DEBUG#9140a271-a061-11f1-b78a-eeee0a986e3f.ResilienceCockpit-db-deployer#flowable-async-job-executor-thread-11943#
[PollExecuteTaskStatusExecution] 2d23200b-60aa-4519-b7f8-9f40de7a8ecc [2026-08-25T08:31:30.833663] Deploying "src/gen/data/sap-common-Countries_texts_bg.hdbtabledata$0.expand"... ok (0s 58ms) (STDOUT, APP/TASK/deploy)#
#2026 08 25 08:48:31.142#Z#DEBUG#9140a271-a061-11f1-b78a-eeee0a986e3f.ResilienceCockpit-db-deployer#flowable-async-job-executor-thread-11943#
[PollExecuteTaskStatusExecution] 2d23200b-60aa-4519-b7f8-9f40de7a8ecc [2026-08-25T08:31:30.833664] Deploying "src/gen/data/sap-common-Countries_texts_de.hdbtabledata$0.expand"... (STDOUT, APP/TASK/deploy)#
#2026 08 25 08:48:31.142#Z#DEBUG#9140a271-a061-11f1-b78a-eeee0a986e3f.ResilienceCockpit-db-deployer#flowable-async-job-executor-thread-11943#
[PollExecuteTaskStatusExecution] 2d23200b-60aa-4519-b7f8-9f40de7a8ecc [2026-08-25T08:31:30.833666] Expanded from "src/gen/data/sap-common-Countries_texts_de.hdbtabledata" (STDOUT, APP/TASK/deploy)#
#2026 08 25 08:48:31.142#Z#DEBUG#9140a271-a061-11f1-b78a-eeee0a986e3f.ResilienceCockpit-db-deployer#flowable-async-job-executor-thread-11943#
[PollExecuteTaskStatusExecution] 2d23200b-60aa-4519-b7f8-9f40de7a8ecc [2026-08-25T08:31:30.833668] Inserted 246 records of the data source file "sap-common-Countries_texts_cs.csv" into the target table "SAP_COMMON_COUNTRIES_TEXTS" (STDOUT, APP/TASK/deploy)#
#2026 08 25 08:48:31.142#Z#DEBUG#9140a271-a061-11f1-b78a-eeee0a986e3f.ResilienceCockpit-db-deployer#flowable-async-job-executor-thread-11943#
[PollExecuteTaskStatusExecution] 2d23200b-60aa-4519-b7f8-9f40de7a8ecc [2026-08-25T08:31:30.833670] Deploying "src/gen/data/sap-common-Countries_texts_cs.hdbtabledata$0.expand"... ok (0s 58ms) (STDOUT, APP/TASK/deploy)#
#2026 08 25 08:48:31.142#Z#DEBUG#9140a271-a061-11f1-b78a-eeee0a986e3f.ResilienceCockpit-db-deployer#flowable-async-job-executor-thread-11943#
[PollExecuteTaskStatusExecution] 2d23200b-60aa-4519-b7f8-9f40de7a8ecc [2026-08-25T08:31:30.833672] Deploying "src/gen/data/sap-common-Countries_texts_el.hdbtabledata$0.expand"... (STDOUT, APP/TASK/deploy)#
#2026 08 25 08:48:31.142#Z#DEBUG#9140a271-a061-11f1-b78a-eeee0a986e3f.ResilienceCockpit-db-deployer#flowable-async-job-executor-thread-11943#
[PollExecuteTaskStatusExecution] 2d23200b-60aa-4519-b7f8-9f40de7a8ecc [2026-08-25T08:31:30.833673] Expanded from "src/gen/data/sap-common-Countries_texts_el.hdbtabledata" (STDOUT, APP/TASK/deploy)#
#2026 08 25 08:48:31.142#Z#DEBUG#9140a271-a061-11f1-b78a-eeee0a986e3f.ResilienceCockpit-db-deployer#flowable-async-job-executor-thread-11943#
[PollExecuteTaskStatusExecution] 2d23200b-60aa-4519-b7f8-9f40de7a8ecc [2026-08-25T08:31:30.833675] Inserted 246 records of the data source file "sap-common-Countries_texts_da.csv" into the target table "SAP_COMMON_COUNTRIES_TEXTS" (STDOUT, APP/TASK/deploy)#
#2026 08 25 08:48:31.142#Z#DEBUG#9140a271-a061-11f1-b78a-eeee0a986e3f.ResilienceCockpit-db-deployer#flowable-async-job-executor-thread-11943#
[PollExecuteTaskStatusExecution] 2d23200b-60aa-4519-b7f8-9f40de7a8ecc [2026-08-25T08:31:30.833676] Deploying "src/gen/data/sap-common-Countries_texts_da.hdbtabledata$0.expand"... ok (0s 39ms) (STDOUT, APP/TASK/deploy)#
#2026 08 25 08:48:31.142#Z#DEBUG#9140a271-a061-11f1-b78a-eeee0a986e3f.ResilienceCockpit-db-deployer#flowable-async-job-executor-thread-11943#
[PollExecuteTaskStatusExecution] 2d23200b-60aa-4519-b7f8-9f40de7a8ecc [2026-08-25T08:31:30.833682] Deploying "src/gen/data/sap-common-Countries_texts_en.hdbtabledata$0.expand"... (STDOUT, APP/TASK/deploy)#
#2026 08 25 08:48:31.142#Z#DEBUG#9140a271-a061-11f1-b78a-eeee0a986e3f.ResilienceCockpit-db-deployer#flowable-async-job-executor-thread-11943#
[PollExecuteTaskStatusExecution] 2d23200b-60aa-4519-b7f8-9f40de7a8ecc [2026-08-25T08:31:30.833684] Expanded from "src/gen/data/sap-common-Countries_texts_en.hdbtabledata" (STDOUT, APP/TASK/deploy)#
#2026 08 25 08:48:31.142#Z#DEBUG#9140a271-a061-11f1-b78a-eeee0a986e3f.ResilienceCockpit-db-deployer#flowable-async-job-executor-thread-11943#
[PollExecuteTaskStatusExecution] 2d23200b-60aa-4519-b7f8-9f40de7a8ecc [2026-08-25T08:31:30.833685] Inserted 246 records of the data source file "sap-common-Countries_texts_de.csv" into the target table "SAP_COMMON_COUNTRIES_TEXTS" (STDOUT, APP/TASK/deploy)#
#2026 08 25 08:48:31.142#Z#DEBUG#9140a271-a061-11f1-b78a-eeee0a986e3f.ResilienceCockpit-db-deployer#flowable-async-job-executor-thread-11943#
[PollExecuteTaskStatusExecution] 2d23200b-60aa-4519-b7f8-9f40de7a8ecc [2026-08-25T08:31:30.833687] Deploying "src/gen/data/sap-common-Countries_texts_de.hdbtabledata$0.expand"... ok (0s 31ms) (STDOUT, APP/TASK/deploy)#
#2026 08 25 08:48:31.142#Z#DEBUG#9140a271-a061-11f1-b78a-eeee0a986e3f.ResilienceCockpit-db-deployer#flowable-async-job-executor-thread-11943#
[PollExecuteTaskStatusExecution] 2d23200b-60aa-4519-b7f8-9f40de7a8ecc [2026-08-25T08:31:30.833688] Deploying "src/gen/data/sap-common-Countries_texts_en_US_saptrc.hdbtabledata$0.expand"... (STDOUT, APP/TASK/deploy)#
#2026 08 25 08:48:31.142#Z#DEBUG#9140a271-a061-11f1-b78a-eeee0a986e3f.ResilienceCockpit-db-deployer#flowable-async-job-executor-thread-11943#
[PollExecuteTaskStatusExecution] 2d23200b-60aa-4519-b7f8-9f40de7a8ecc [2026-08-25T08:31:30.833690] Expanded from "src/gen/data/sap-common-Countries_texts_en_US_saptrc.hdbtabledata" (STDOUT, APP/TASK/deploy)#
#2026 08 25 08:48:31.142#Z#DEBUG#9140a271-a061-11f1-b78a-eeee0a986e3f.ResilienceCockpit-db-deployer#flowable-async-job-executor-thread-11943#
[PollExecuteTaskStatusExecution] 2d23200b-60aa-4519-b7f8-9f40de7a8ecc [2026-08-25T08:31:30.833693] Inserted 246 records of the data source file "sap-common-Countries_texts_el.csv" into the target table "SAP_COMMON_COUNTRIES_TEXTS" (STDOUT, APP/TASK/deploy)#
#2026 08 25 08:48:31.142#Z#DEBUG#9140a271-a061-11f1-b78a-eeee0a986e3f.ResilienceCockpit-db-deployer#flowable-async-job-executor-thread-11943#
[PollExecuteTaskStatusExecution] 2d23200b-60aa-4519-b7f8-9f40de7a8ecc [2026-08-25T08:31:30.833695] Deploying "src/gen/data/sap-common-Countries_texts_el.hdbtabledata$0.expand"... ok (0s 39ms) (STDOUT, APP/TASK/deploy)#
#2026 08 25 08:48:31.142#Z#DEBUG#9140a271-a061-11f1-b78a-eeee0a986e3f.ResilienceCockpit-db-deployer#flowable-async-job-executor-thread-11943#
[PollExecuteTaskStatusExecution] 2d23200b-60aa-4519-b7f8-9f40de7a8ecc [2026-08-25T08:31:30.833698] Deploying "src/gen/data/sap-common-Countries_texts_es.hdbtabledata$0.expand"... (STDOUT, APP/TASK/deploy)#
#2026 08 25 08:48:31.142#Z#DEBUG#9140a271-a061-11f1-b78a-eeee0a986e3f.ResilienceCockpit-db-deployer#flowable-async-job-executor-thread-11943#
[PollExecuteTaskStatusExecution] 2d23200b-60aa-4519-b7f8-9f40de7a8ecc [2026-08-25T08:31:30.833699] Expanded from "src/gen/data/sap-common-Countries_texts_es.hdbtabledata" (STDOUT, APP/TASK/deploy)#
#2026 08 25 08:48:31.142#Z#DEBUG#9140a271-a061-11f1-b78a-eeee0a986e3f.ResilienceCockpit-db-deployer#flowable-async-job-executor-thread-11943#
[PollExecuteTaskStatusExecution] 2d23200b-60aa-4519-b7f8-9f40de7a8ecc [2026-08-25T08:31:30.833701] Inserted 246 records of the data source file "sap-common-Countries_texts_en.csv" into the target table "SAP_COMMON_COUNTRIES_TEXTS" (STDOUT, APP/TASK/deploy)#
#2026 08 25 08:48:31.142#Z#DEBUG#9140a271-a061-11f1-b78a-eeee0a986e3f.ResilienceCockpit-db-deployer#flowable-async-job-executor-thread-11943#
[PollExecuteTaskStatusExecution] 2d23200b-60aa-4519-b7f8-9f40de7a8ecc [2026-08-25T08:31:30.833703] Deploying "src/gen/data/sap-common-Countries_texts_en.hdbtabledata$0.expand"... ok (0s 41ms) (STDOUT, APP/TASK/deploy)#
#2026 08 25 08:48:31.142#Z#DEBUG#9140a271-a061-11f1-b78a-eeee0a986e3f.ResilienceCockpit-db-deployer#flowable-async-job-executor-thread-11943#
[PollExecuteTaskStatusExecution] 2d23200b-60aa-4519-b7f8-9f40de7a8ecc [2026-08-25T08:31:30.833704] Deploying "src/gen/data/sap-common-Countries_texts_es_MX.hdbtabledata$0.expand"... (STDOUT, APP/TASK/deploy)#
#2026 08 25 08:48:31.142#Z#DEBUG#9140a271-a061-11f1-b78a-eeee0a986e3f.ResilienceCockpit-db-deployer#flowable-async-job-executor-thread-11943#
[PollExecuteTaskStatusExecution] 2d23200b-60aa-4519-b7f8-9f40de7a8ecc [2026-08-25T08:31:30.833706] Expanded from "src/gen/data/sap-common-Countries_texts_es_MX.hdbtabledata" (STDOUT, APP/TASK/deploy)#
#2026 08 25 08:48:31.142#Z#DEBUG#9140a271-a061-11f1-b78a-eeee0a986e3f.ResilienceCockpit-db-deployer#flowable-async-job-executor-thread-11943#
[PollExecuteTaskStatusExecution] 2d23200b-60aa-4519-b7f8-9f40de7a8ecc [2026-08-25T08:31:30.833714] Inserted 0 records of the data source file "sap-common-Countries_texts_en_US_saptrc.csv" into the target table "SAP_COMMON_COUNTRIES_TEXTS" (STDOUT, APP/TASK/deploy)#
#2026 08 25 08:48:31.142#Z#DEBUG#9140a271-a061-11f1-b78a-eeee0a986e3f.ResilienceCockpit-db-deployer#flowable-async-job-executor-thread-11943#
[PollExecuteTaskStatusExecution] 2d23200b-60aa-4519-b7f8-9f40de7a8ecc [2026-08-25T08:31:30.833717] Deploying "src/gen/data/sap-common-Countries_texts_en_US_saptrc.hdbtabledata$0.expand"... ok (0s 44ms) (STDOUT, APP/TASK/deploy)#
#2026 08 25 08:48:31.142#Z#DEBUG#9140a271-a061-11f1-b78a-eeee0a986e3f.ResilienceCockpit-db-deployer#flowable-async-job-executor-thread-11943#
[PollExecuteTaskStatusExecution] 2d23200b-60aa-4519-b7f8-9f40de7a8ecc [2026-08-25T08:31:30.833718] Deploying "src/gen/data/sap-common-Countries_texts_fi.hdbtabledata$0.expand"... (STDOUT, APP/TASK/deploy)#
#2026 08 25 08:48:31.142#Z#DEBUG#9140a271-a061-11f1-b78a-eeee0a986e3f.ResilienceCockpit-db-deployer#flowable-async-job-executor-thread-11943#
[PollExecuteTaskStatusExecution] 2d23200b-60aa-4519-b7f8-9f40de7a8ecc [2026-08-25T08:31:30.833720] Expanded from "src/gen/data/sap-common-Countries_texts_fi.hdbtabledata" (STDOUT, APP/TASK/deploy)#
#2026 08 25 08:48:31.142#Z#DEBUG#9140a271-a061-11f1-b78a-eeee0a986e3f.ResilienceCockpit-db-deployer#flowable-async-job-executor-thread-11943#
[PollExecuteTaskStatusExecution] 2d23200b-60aa-4519-b7f8-9f40de7a8ecc [2026-08-25T08:31:30.833722] Inserted 246 records of the data source file "sap-common-Countries_texts_es.csv" into the target table "SAP_COMMON_COUNTRIES_TEXTS" (STDOUT, APP/TASK/deploy)#
#2026 08 25 08:48:31.142#Z#DEBUG#9140a271-a061-11f1-b78a-eeee0a986e3f.ResilienceCockpit-db-deployer#flowable-async-job-executor-thread-11943#
[PollExecuteTaskStatusExecution] 2d23200b-60aa-4519-b7f8-9f40de7a8ecc [2026-08-25T08:31:30.833724] Deploying "src/gen/data/sap-common-Countries_texts_es.hdbtabledata$0.expand"... ok (0s 41ms) (STDOUT, APP/TASK/deploy)#
#2026 08 25 08:48:31.142#Z#DEBUG#9140a271-a061-11f1-b78a-eeee0a986e3f.ResilienceCockpit-db-deployer#flowable-async-job-executor-thread-11943#
[PollExecuteTaskStatusExecution] 2d23200b-60aa-4519-b7f8-9f40de7a8ecc [2026-08-25T08:31:30.833726] Deploying "src/gen/data/sap-common-Countries_texts_fr.hdbtabledata$0.expand"... (STDOUT, APP/TASK/deploy)#
#2026 08 25 08:48:31.142#Z#DEBUG#9140a271-a061-11f1-b78a-eeee0a986e3f.ResilienceCockpit-db-deployer#flowable-async-job-executor-thread-11943#
[PollExecuteTaskStatusExecution] 2d23200b-60aa-4519-b7f8-9f40de7a8ecc [2026-08-25T08:31:30.833728] Expanded from "src/gen/data/sap-common-Countries_texts_fr.hdbtabledata" (STDOUT, APP/TASK/deploy)#
#2026 08 25 08:48:31.142#Z#DEBUG#9140a271-a061-11f1-b78a-eeee0a986e3f.ResilienceCockpit-db-deployer#flowable-async-job-executor-thread-11943#
[PollExecuteTaskStatusExecution] 2d23200b-60aa-4519-b7f8-9f40de7a8ecc [2026-08-25T08:31:30.833729] Inserted 246 records of the data source file "sap-common-Countries_texts_es_MX.csv" into the target table "SAP_COMMON_COUNTRIES_TEXTS" (STDOUT, APP/TASK/deploy)#
#2026 08 25 08:48:31.142#Z#DEBUG#9140a271-a061-11f1-b78a-eeee0a986e3f.ResilienceCockpit-db-deployer#flowable-async-job-executor-thread-11943#
[PollExecuteTaskStatusExecution] 2d23200b-60aa-4519-b7f8-9f40de7a8ecc [2026-08-25T08:31:30.833731] Deploying "src/gen/data/sap-common-Countries_texts_es_MX.hdbtabledata$0.expand"... ok (0s 39ms) (STDOUT, APP/TASK/deploy)#
#2026 08 25 08:48:31.142#Z#DEBUG#9140a271-a061-11f1-b78a-eeee0a986e3f.ResilienceCockpit-db-deployer#flowable-async-job-executor-thread-11943#
[PollExecuteTaskStatusExecution] 2d23200b-60aa-4519-b7f8-9f40de7a8ecc [2026-08-25T08:31:30.833734] Deploying "src/gen/data/sap-common-Countries_texts_he.hdbtabledata$0.expand"... (STDOUT, APP/TASK/deploy)#
#2026 08 25 08:48:31.142#Z#DEBUG#9140a271-a061-11f1-b78a-eeee0a986e3f.ResilienceCockpit-db-deployer#flowable-async-job-executor-thread-11943#
[PollExecuteTaskStatusExecution] 2d23200b-60aa-4519-b7f8-9f40de7a8ecc [2026-08-25T08:31:30.833735] Expanded from "src/gen/data/sap-common-Countries_texts_he.hdbtabledata" (STDOUT, APP/TASK/deploy)#
#2026 08 25 08:48:31.142#Z#DEBUG#9140a271-a061-11f1-b78a-eeee0a986e3f.ResilienceCockpit-db-deployer#flowable-async-job-executor-thread-11943#
[PollExecuteTaskStatusExecution] 2d23200b-60aa-4519-b7f8-9f40de7a8ecc [2026-08-25T08:31:30.833782] Inserted 246 records of the data source file "sap-common-Countries_texts_fi.csv" into the target table "SAP_COMMON_COUNTRIES_TEXTS" (STDOUT, APP/TASK/deploy)#
#2026 08 25 08:48:31.142#Z#DEBUG#9140a271-a061-11f1-b78a-eeee0a986e3f.ResilienceCockpit-db-deployer#flowable-async-job-executor-thread-11943#
[PollExecuteTaskStatusExecution] 2d23200b-60aa-4519-b7f8-9f40de7a8ecc [2026-08-25T08:31:30.833785] Deploying "src/gen/data/sap-common-Countries_texts_fi.hdbtabledata$0.expand"... ok (0s 27ms) (STDOUT, APP/TASK/deploy)#
#2026 08 25 08:48:31.142#Z#DEBUG#9140a271-a061-11f1-b78a-eeee0a986e3f.ResilienceCockpit-db-deployer#flowable-async-job-executor-thread-11943#
[PollExecuteTaskStatusExecution] 2d23200b-60aa-4519-b7f8-9f40de7a8ecc [2026-08-25T08:31:30.833787] Deploying "src/gen/data/sap-common-Countries_texts_hr.hdbtabledata$0.expand"... (STDOUT, APP/TASK/deploy)#
#2026 08 25 08:48:31.142#Z#DEBUG#9140a271-a061-11f1-b78a-eeee0a986e3f.ResilienceCockpit-db-deployer#flowable-async-job-executor-thread-11943#
[PollExecuteTaskStatusExecution] 2d23200b-60aa-4519-b7f8-9f40de7a8ecc [2026-08-25T08:31:30.833789] Expanded from "src/gen/data/sap-common-Countries_texts_hr.hdbtabledata" (STDOUT, APP/TASK/deploy)#
#2026 08 25 08:48:31.142#Z#DEBUG#9140a271-a061-11f1-b78a-eeee0a986e3f.ResilienceCockpit-db-deployer#flowable-async-job-executor-thread-11943#
[PollExecuteTaskStatusExecution] 2d23200b-60aa-4519-b7f8-9f40de7a8ecc [2026-08-25T08:31:30.833791] Inserted 246 records of the data source file "sap-common-Countries_texts_fr.csv" into the target table "SAP_COMMON_COUNTRIES_TEXTS" (STDOUT, APP/TASK/deploy)#
#2026 08 25 08:48:31.142#Z#DEBUG#9140a271-a061-11f1-b78a-eeee0a986e3f.ResilienceCockpit-db-deployer#flowable-async-job-executor-thread-11943#
[PollExecuteTaskStatusExecution] 2d23200b-60aa-4519-b7f8-9f40de7a8ecc [2026-08-25T08:31:30.833793] Deploying "src/gen/data/sap-common-Countries_texts_fr.hdbtabledata$0.expand"... ok (0s 27ms) (STDOUT, APP/TASK/deploy)#
#2026 08 25 08:48:31.142#Z#DEBUG#9140a271-a061-11f1-b78a-eeee0a986e3f.ResilienceCockpit-db-deployer#flowable-async-job-executor-thread-11943#
[PollExecuteTaskStatusExecution] 2d23200b-60aa-4519-b7f8-9f40de7a8ecc [2026-08-25T08:31:30.833794] Deploying "src/gen/data/sap-common-Countries_texts_hu.hdbtabledata$0.expand"... (STDOUT, APP/TASK/deploy)#
#2026 08 25 08:48:31.142#Z#DEBUG#9140a271-a061-11f1-b78a-eeee0a986e3f.ResilienceCockpit-db-deployer#flowable-async-job-executor-thread-11943#
[PollExecuteTaskStatusExecution] 2d23200b-60aa-4519-b7f8-9f40de7a8ecc [2026-08-25T08:31:30.833796] Expanded from "src/gen/data/sap-common-Countries_texts_hu.hdbtabledata" (STDOUT, APP/TASK/deploy)#
#2026 08 25 08:48:31.142#Z#DEBUG#9140a271-a061-11f1-b78a-eeee0a986e3f.ResilienceCockpit-db-deployer#flowable-async-job-executor-thread-11943#
[PollExecuteTaskStatusExecution] 2d23200b-60aa-4519-b7f8-9f40de7a8ecc [2026-08-25T08:31:30.833797] Inserted 246 records of the data source file "sap-common-Countries_texts_he.csv" into the target table "SAP_COMMON_COUNTRIES_TEXTS" (STDOUT, APP/TASK/deploy)#
#2026 08 25 08:48:31.142#Z#DEBUG#9140a271-a061-11f1-b78a-eeee0a986e3f.ResilienceCockpit-db-deployer#flowable-async-job-executor-thread-11943#
[PollExecuteTaskStatusExecution] 2d23200b-60aa-4519-b7f8-9f40de7a8ecc [2026-08-25T08:31:30.833799] Deploying "src/gen/data/sap-common-Countries_texts_he.hdbtabledata$0.expand"... ok (0s 29ms) (STDOUT, APP/TASK/deploy)#
#2026 08 25 08:48:31.142#Z#DEBUG#9140a271-a061-11f1-b78a-eeee0a986e3f.ResilienceCockpit-db-deployer#flowable-async-job-executor-thread-11943#
[PollExecuteTaskStatusExecution] 2d23200b-60aa-4519-b7f8-9f40de7a8ecc [2026-08-25T08:31:30.833802] Deploying "src/gen/data/sap-common-Countries_texts_it.hdbtabledata$0.expand"... (STDOUT, APP/TASK/deploy)#
#2026 08 25 08:48:31.142#Z#DEBUG#9140a271-a061-11f1-b78a-eeee0a986e3f.ResilienceCockpit-db-deployer#flowable-async-job-executor-thread-11943#
[PollExecuteTaskStatusExecution] 2d23200b-60aa-4519-b7f8-9f40de7a8ecc [2026-08-25T08:31:30.833805] Expanded from "src/gen/data/sap-common-Countries_texts_it.hdbtabledata" (STDOUT, APP/TASK/deploy)#
#2026 08 25 08:48:31.142#Z#DEBUG#9140a271-a061-11f1-b78a-eeee0a986e3f.ResilienceCockpit-db-deployer#flowable-async-job-executor-thread-11943#
[PollExecuteTaskStatusExecution] 2d23200b-60aa-4519-b7f8-9f40de7a8ecc [2026-08-25T08:31:30.833806] Inserted 246 records of the data source file "sap-common-Countries_texts_hr.csv" into the target table "SAP_COMMON_COUNTRIES_TEXTS" (STDOUT, APP/TASK/deploy)#
#2026 08 25 08:48:31.142#Z#DEBUG#9140a271-a061-11f1-b78a-eeee0a986e3f.ResilienceCockpit-db-deployer#flowable-async-job-executor-thread-11943#
[PollExecuteTaskStatusExecution] 2d23200b-60aa-4519-b7f8-9f40de7a8ecc [2026-08-25T08:31:30.833808] Deploying "src/gen/data/sap-common-Countries_texts_hr.hdbtabledata$0.expand"... ok (0s 28ms) (STDOUT, APP/TASK/deploy)#
#2026 08 25 08:48:31.142#Z#DEBUG#9140a271-a061-11f1-b78a-eeee0a986e3f.ResilienceCockpit-db-deployer#flowable-async-job-executor-thread-11943#
[PollExecuteTaskStatusExecution] 2d23200b-60aa-4519-b7f8-9f40de7a8ecc [2026-08-25T08:31:30.833809] Deploying "src/gen/data/sap-common-Countries_texts_ja.hdbtabledata$0.expand"... (STDOUT, APP/TASK/deploy)#
#2026 08 25 08:48:31.142#Z#DEBUG#9140a271-a061-11f1-b78a-eeee0a986e3f.ResilienceCockpit-db-deployer#flowable-async-job-executor-thread-11943#
[PollExecuteTaskStatusExecution] 2d23200b-60aa-4519-b7f8-9f40de7a8ecc [2026-08-25T08:31:30.833811] Expanded from "src/gen/data/sap-common-Countries_texts_ja.hdbtabledata" (STDOUT, APP/TASK/deploy)#
#2026 08 25 08:48:31.142#Z#DEBUG#9140a271-a061-11f1-b78a-eeee0a986e3f.ResilienceCockpit-db-deployer#flowable-async-job-executor-thread-11943#
[PollExecuteTaskStatusExecution] 2d23200b-60aa-4519-b7f8-9f40de7a8ecc [2026-08-25T08:31:30.833814] Inserted 246 records of the data source file "sap-common-Countries_texts_hu.csv" into the target table "SAP_COMMON_COUNTRIES_TEXTS" (STDOUT, APP/TASK/deploy)#
#2026 08 25 08:48:31.142#Z#DEBUG#9140a271-a061-11f1-b78a-eeee0a986e3f.ResilienceCockpit-db-deployer#flowable-async-job-executor-thread-11943#
[PollExecuteTaskStatusExecution] 2d23200b-60aa-4519-b7f8-9f40de7a8ecc [2026-08-25T08:31:30.833815] Deploying "src/gen/data/sap-common-Countries_texts_hu.hdbtabledata$0.expand"... ok (0s 64ms) (STDOUT, APP/TASK/deploy)#
#2026 08 25 08:48:31.142#Z#DEBUG#9140a271-a061-11f1-b78a-eeee0a986e3f.ResilienceCockpit-db-deployer#flowable-async-job-executor-thread-11943#
[PollExecuteTaskStatusExecution] 2d23200b-60aa-4519-b7f8-9f40de7a8ecc [2026-08-25T08:31:30.833817] Deploying "src/gen/data/sap-common-Countries_texts_kk.hdbtabledata$0.expand"... (STDOUT, APP/TASK/deploy)#
#2026 08 25 08:48:31.142#Z#DEBUG#9140a271-a061-11f1-b78a-eeee0a986e3f.ResilienceCockpit-db-deployer#flowable-async-job-executor-thread-11943#
[PollExecuteTaskStatusExecution] 2d23200b-60aa-4519-b7f8-9f40de7a8ecc [2026-08-25T08:31:30.833819] Expanded from "src/gen/data/sap-common-Countries_texts_kk.hdbtabledata" (STDOUT, APP/TASK/deploy)#
#2026 08 25 08:48:31.142#Z#DEBUG#9140a271-a061-11f1-b78a-eeee0a986e3f.ResilienceCockpit-db-deployer#flowable-async-job-executor-thread-11943#
[PollExecuteTaskStatusExecution] 2d23200b-60aa-4519-b7f8-9f40de7a8ecc [2026-08-25T08:31:30.833820] Inserted 246 records of the data source file "sap-common-Countries_texts_it.csv" into the target table "SAP_COMMON_COUNTRIES_TEXTS" (STDOUT, APP/TASK/deploy)#
#2026 08 25 08:48:31.142#Z#DEBUG#9140a271-a061-11f1-b78a-eeee0a986e3f.ResilienceCockpit-db-deployer#flowable-async-job-executor-thread-11943#
[PollExecuteTaskStatusExecution] 2d23200b-60aa-4519-b7f8-9f40de7a8ecc [2026-08-25T08:31:30.833822] Deploying "src/gen/data/sap-common-Countries_texts_it.hdbtabledata$0.expand"... ok (0s 70ms) (STDOUT, APP/TASK/deploy)#
#2026 08 25 08:48:31.142#Z#DEBUG#9140a271-a061-11f1-b78a-eeee0a986e3f.ResilienceCockpit-db-deployer#flowable-async-job-executor-thread-11943#
[PollExecuteTaskStatusExecution] 2d23200b-60aa-4519-b7f8-9f40de7a8ecc [2026-08-25T08:31:30.833825] Deploying "src/gen/data/sap-common-Countries_texts_ko.hdbtabledata$0.expand"... (STDOUT, APP/TASK/deploy)#
#2026 08 25 08:48:31.142#Z#DEBUG#9140a271-a061-11f1-b78a-eeee0a986e3f.ResilienceCockpit-db-deployer#flowable-async-job-executor-thread-11943#
[PollExecuteTaskStatusExecution] 2d23200b-60aa-4519-b7f8-9f40de7a8ecc [2026-08-25T08:31:30.833826] Expanded from "src/gen/data/sap-common-Countries_texts_ko.hdbtabledata" (STDOUT, APP/TASK/deploy)#
#2026 08 25 08:48:31.142#Z#DEBUG#9140a271-a061-11f1-b78a-eeee0a986e3f.ResilienceCockpit-db-deployer#flowable-async-job-executor-thread-11943#
[PollExecuteTaskStatusExecution] 2d23200b-60aa-4519-b7f8-9f40de7a8ecc [2026-08-25T08:31:30.833828] Inserted 246 records of the data source file "sap-common-Countries_texts_ja.csv" into the target table "SAP_COMMON_COUNTRIES_TEXTS" (STDOUT, APP/TASK/deploy)#
#2026 08 25 08:48:31.142#Z#DEBUG#9140a271-a061-11f1-b78a-eeee0a986e3f.ResilienceCockpit-db-deployer#flowable-async-job-executor-thread-11943#
[PollExecuteTaskStatusExecution] 2d23200b-60aa-4519-b7f8-9f40de7a8ecc [2026-08-25T08:31:30.833831] Deploying "src/gen/data/sap-common-Countries_texts_ja.hdbtabledata$0.expand"... ok (0s 78ms) (STDOUT, APP/TASK/deploy)#
#2026 08 25 08:48:31.142#Z#DEBUG#9140a271-a061-11f1-b78a-eeee0a986e3f.ResilienceCockpit-db-deployer#flowable-async-job-executor-thread-11943#
[PollExecuteTaskStatusExecution] 2d23200b-60aa-4519-b7f8-9f40de7a8ecc [2026-08-25T08:31:30.833832] Deploying "src/gen/data/sap-common-Countries_texts_ms.hdbtabledata$0.expand"... (STDOUT, APP/TASK/deploy)#
#2026 08 25 08:48:31.142#Z#DEBUG#9140a271-a061-11f1-b78a-eeee0a986e3f.ResilienceCockpit-db-deployer#flowable-async-job-executor-thread-11943#
[PollExecuteTaskStatusExecution] 2d23200b-60aa-4519-b7f8-9f40de7a8ecc [2026-08-25T08:31:30.833833] Expanded from "src/gen/data/sap-common-Countries_texts_ms.hdbtabledata" (STDOUT, APP/TASK/deploy)#
#2026 08 25 08:48:31.142#Z#DEBUG#9140a271-a061-11f1-b78a-eeee0a986e3f.ResilienceCockpit-db-deployer#flowable-async-job-executor-thread-11943#
[PollExecuteTaskStatusExecution] 2d23200b-60aa-4519-b7f8-9f40de7a8ecc [2026-08-25T08:31:30.833835] Inserted 246 records of the data source file "sap-common-Countries_texts_kk.csv" into the target table "SAP_COMMON_COUNTRIES_TEXTS" (STDOUT, APP/TASK/deploy)#
#2026 08 25 08:48:31.142#Z#DEBUG#9140a271-a061-11f1-b78a-eeee0a986e3f.ResilienceCockpit-db-deployer#flowable-async-job-executor-thread-11943#
[PollExecuteTaskStatusExecution] 2d23200b-60aa-4519-b7f8-9f40de7a8ecc [2026-08-25T08:31:30.833837] Deploying "src/gen/data/sap-common-Countries_texts_kk.hdbtabledata$0.expand"... ok (0s 45ms) (STDOUT, APP/TASK/deploy)#
#2026 08 25 08:48:31.142#Z#DEBUG#9140a271-a061-11f1-b78a-eeee0a986e3f.ResilienceCockpit-db-deployer#flowable-async-job-executor-thread-11943#
[PollExecuteTaskStatusExecution] 2d23200b-60aa-4519-b7f8-9f40de7a8ecc [2026-08-25T08:31:30.833839] Deploying "src/gen/data/sap-common-Countries_texts_nl.hdbtabledata$0.expand"... (STDOUT, APP/TASK/deploy)#
#2026 08 25 08:48:31.142#Z#DEBUG#9140a271-a061-11f1-b78a-eeee0a986e3f.ResilienceCockpit-db-deployer#flowable-async-job-executor-thread-11943#
[PollExecuteTaskStatusExecution] 2d23200b-60aa-4519-b7f8-9f40de7a8ecc [2026-08-25T08:31:30.833841] Expanded from "src/gen/data/sap-common-Countries_texts_nl.hdbtabledata" (STDOUT, APP/TASK/deploy)#
#2026 08 25 08:48:31.142#Z#DEBUG#9140a271-a061-11f1-b78a-eeee0a986e3f.ResilienceCockpit-db-deployer#flowable-async-job-executor-thread-11943#
[PollExecuteTaskStatusExecution] 2d23200b-60aa-4519-b7f8-9f40de7a8ecc [2026-08-25T08:31:31.459224] Inserted 246 records of the data source file "sap-common-Countries_texts_ko.csv" into the target table "SAP_COMMON_COUNTRIES_TEXTS" (STDOUT, APP/TASK/deploy)#
#2026 08 25 08:48:31.142#Z#DEBUG#9140a271-a061-11f1-b78a-eeee0a986e3f.ResilienceCockpit-db-deployer#flowable-async-job-executor-thread-11943#
[PollExecuteTaskStatusExecution] 2d23200b-60aa-4519-b7f8-9f40de7a8ecc [2026-08-25T08:31:31.459245] Deploying "src/gen/data/sap-common-Countries_texts_ko.hdbtabledata$0.expand"... ok (0s 44ms) (STDOUT, APP/TASK/deploy)#
#2026 08 25 08:48:31.142#Z#DEBUG#9140a271-a061-11f1-b78a-eeee0a986e3f.ResilienceCockpit-db-deployer#flowable-async-job-executor-thread-11943#
[PollExecuteTaskStatusExecution] 2d23200b-60aa-4519-b7f8-9f40de7a8ecc [2026-08-25T08:31:31.459247] Deploying "src/gen/data/sap-common-Countries_texts_no.hdbtabledata$0.expand"... (STDOUT, APP/TASK/deploy)#
#2026 08 25 08:48:31.142#Z#DEBUG#9140a271-a061-11f1-b78a-eeee0a986e3f.ResilienceCockpit-db-deployer#flowable-async-job-executor-thread-11943#
[PollExecuteTaskStatusExecution] 2d23200b-60aa-4519-b7f8-9f40de7a8ecc [2026-08-25T08:31:31.459250] Expanded from "src/gen/data/sap-common-Countries_texts_no.hdbtabledata" (STDOUT, APP/TASK/deploy)#
#2026 08 25 08:48:31.142#Z#DEBUG#9140a271-a061-11f1-b78a-eeee0a986e3f.ResilienceCockpit-db-deployer#flowable-async-job-executor-thread-11943#
[PollExecuteTaskStatusExecution] 2d23200b-60aa-4519-b7f8-9f40de7a8ecc [2026-08-25T08:31:31.459252] Inserted 246 records of the data source file "sap-common-Countries_texts_ms.csv" into the target table "SAP_COMMON_COUNTRIES_TEXTS" (STDOUT, APP/TASK/deploy)#
#2026 08 25 08:48:31.142#Z#DEBUG#9140a271-a061-11f1-b78a-eeee0a986e3f.ResilienceCockpit-db-deployer#flowable-async-job-executor-thread-11943#
[PollExecuteTaskStatusExecution] 2d23200b-60aa-4519-b7f8-9f40de7a8ecc [2026-08-25T08:31:31.459266] Deploying "src/gen/data/sap-common-Countries_texts_ms.hdbtabledata$0.expand"... ok (0s 46ms) (STDOUT, APP/TASK/deploy)#
#2026 08 25 08:48:31.142#Z#DEBUG#9140a271-a061-11f1-b78a-eeee0a986e3f.ResilienceCockpit-db-deployer#flowable-async-job-executor-thread-11943#
[PollExecuteTaskStatusExecution] 2d23200b-60aa-4519-b7f8-9f40de7a8ecc [2026-08-25T08:31:31.459269] Deploying "src/gen/data/sap-common-Countries_texts_pl.hdbtabledata$0.expand"... (STDOUT, APP/TASK/deploy)#
#2026 08 25 08:48:31.142#Z#DEBUG#9140a271-a061-11f1-b78a-eeee0a986e3f.ResilienceCockpit-db-deployer#flowable-async-job-executor-thread-11943#
[PollExecuteTaskStatusExecution] 2d23200b-60aa-4519-b7f8-9f40de7a8ecc [2026-08-25T08:31:31.459271] Expanded from "src/gen/data/sap-common-Countries_texts_pl.hdbtabledata" (STDOUT, APP/TASK/deploy)#
#2026 08 25 08:48:31.142#Z#DEBUG#9140a271-a061-11f1-b78a-eeee0a986e3f.ResilienceCockpit-db-deployer#flowable-async-job-executor-thread-11943#
[PollExecuteTaskStatusExecution] 2d23200b-60aa-4519-b7f8-9f40de7a8ecc [2026-08-25T08:31:31.459273] Inserted 246 records of the data source file "sap-common-Countries_texts_nl.csv" into the target table "SAP_COMMON_COUNTRIES_TEXTS" (STDOUT, APP/TASK/deploy)#
#2026 08 25 08:48:31.142#Z#DEBUG#9140a271-a061-11f1-b78a-eeee0a986e3f.ResilienceCockpit-db-deployer#flowable-async-job-executor-thread-11943#
[PollExecuteTaskStatusExecution] 2d23200b-60aa-4519-b7f8-9f40de7a8ecc [2026-08-25T08:31:31.459300] Deploying "src/gen/data/sap-common-Countries_texts_nl.hdbtabledata$0.expand"... ok (0s 46ms) (STDOUT, APP/TASK/deploy)#
#2026 08 25 08:48:31.142#Z#DEBUG#9140a271-a061-11f1-b78a-eeee0a986e3f.ResilienceCockpit-db-deployer#flowable-async-job-executor-thread-11943#
[PollExecuteTaskStatusExecution] 2d23200b-60aa-4519-b7f8-9f40de7a8ecc [2026-08-25T08:31:31.459303] Deploying "src/gen/data/sap-common-Countries_texts_pt.hdbtabledata$0.expand"... (STDOUT, APP/TASK/deploy)#
#2026 08 25 08:48:31.142#Z#DEBUG#9140a271-a061-11f1-b78a-eeee0a986e3f.ResilienceCockpit-db-deployer#flowable-async-job-executor-thread-11943#
[PollExecuteTaskStatusExecution] 2d23200b-60aa-4519-b7f8-9f40de7a8ecc [2026-08-25T08:31:31.459307] Expanded from "src/gen/data/sap-common-Countries_texts_pt.hdbtabledata" (STDOUT, APP/TASK/deploy)#
#2026 08 25 08:48:31.142#Z#DEBUG#9140a271-a061-11f1-b78a-eeee0a986e3f.ResilienceCockpit-db-deployer#flowable-async-job-executor-thread-11943#
[PollExecuteTaskStatusExecution] 2d23200b-60aa-4519-b7f8-9f40de7a8ecc [2026-08-25T08:31:31.459313] Inserted 246 records of the data source file "sap-common-Countries_texts_no.csv" into the target table "SAP_COMMON_COUNTRIES_TEXTS" (STDOUT, APP/TASK/deploy)#
#2026 08 25 08:48:31.142#Z#DEBUG#9140a271-a061-11f1-b78a-eeee0a986e3f.ResilienceCockpit-db-deployer#flowable-async-job-executor-thread-11943#
[PollExecuteTaskStatusExecution] 2d23200b-60aa-4519-b7f8-9f40de7a8ecc [2026-08-25T08:31:31.459315] Deploying "src/gen/data/sap-common-Countries_texts_no.hdbtabledata$0.expand"... ok (0s 42ms) (STDOUT, APP/TASK/deploy)#
#2026 08 25 08:48:31.142#Z#DEBUG#9140a271-a061-11f1-b78a-eeee0a986e3f.ResilienceCockpit-db-deployer#flowable-async-job-executor-thread-11943#
[PollExecuteTaskStatusExecution] 2d23200b-60aa-4519-b7f8-9f40de7a8ecc [2026-08-25T08:31:31.459318] Deploying "src/gen/data/sap-common-Countries_texts_ro.hdbtabledata$0.expand"... (STDOUT, APP/TASK/deploy)#
#2026 08 25 08:48:31.142#Z#DEBUG#9140a271-a061-11f1-b78a-eeee0a986e3f.ResilienceCockpit-db-deployer#flowable-async-job-executor-thread-11943#
[PollExecuteTaskStatusExecution] 2d23200b-60aa-4519-b7f8-9f40de7a8ecc [2026-08-25T08:31:31.459319] Expanded from "src/gen/data/sap-common-Countries_texts_ro.hdbtabledata" (STDOUT, APP/TASK/deploy)#
#2026 08 25 08:48:31.142#Z#DEBUG#9140a271-a061-11f1-b78a-eeee0a986e3f.ResilienceCockpit-db-deployer#flowable-async-job-executor-thread-11943#
[PollExecuteTaskStatusExecution] 2d23200b-60aa-4519-b7f8-9f40de7a8ecc [2026-08-25T08:31:31.459322] Inserted 246 records of the data source file "sap-common-Countries_texts_pl.csv" into the target table "SAP_COMMON_COUNTRIES_TEXTS" (STDOUT, APP/TASK/deploy)#
#2026 08 25 08:48:31.142#Z#DEBUG#9140a271-a061-11f1-b78a-eeee0a986e3f.ResilienceCockpit-db-deployer#flowable-async-job-executor-thread-11943#
[PollExecuteTaskStatusExecution] 2d23200b-60aa-4519-b7f8-9f40de7a8ecc [2026-08-25T08:31:31.459324] Deploying "src/gen/data/sap-common-Countries_texts_pl.hdbtabledata$0.expand"... ok (0s 56ms) (STDOUT, APP/TASK/deploy)#
#2026 08 25 08:48:31.142#Z#DEBUG#9140a271-a061-11f1-b78a-eeee0a986e3f.ResilienceCockpit-db-deployer#flowable-async-job-executor-thread-11943#
[PollExecuteTaskStatusExecution] 2d23200b-60aa-4519-b7f8-9f40de7a8ecc [2026-08-25T08:31:31.459327] Deploying "src/gen/data/sap-common-Countries_texts_ru.hdbtabledata$0.expand"... (STDOUT, APP/TASK/deploy)#
#2026 08 25 08:48:31.142#Z#DEBUG#9140a271-a061-11f1-b78a-eeee0a986e3f.ResilienceCockpit-db-deployer#flowable-async-job-executor-thread-11943#
[PollExecuteTaskStatusExecution] 2d23200b-60aa-4519-b7f8-9f40de7a8ecc [2026-08-25T08:31:31.459333] Expanded from "src/gen/data/sap-common-Countries_texts_ru.hdbtabledata" (STDOUT, APP/TASK/deploy)#
#2026 08 25 08:48:31.142#Z#DEBUG#9140a271-a061-11f1-b78a-eeee0a986e3f.ResilienceCockpit-db-deployer#flowable-async-job-executor-thread-11943#
[PollExecuteTaskStatusExecution] 2d23200b-60aa-4519-b7f8-9f40de7a8ecc [2026-08-25T08:31:31.459335] Inserted 246 records of the data source file "sap-common-Countries_texts_pt.csv" into the target table "SAP_COMMON_COUNTRIES_TEXTS" (STDOUT, APP/TASK/deploy)#
#2026 08 25 08:48:31.142#Z#DEBUG#9140a271-a061-11f1-b78a-eeee0a986e3f.ResilienceCockpit-db-deployer#flowable-async-job-executor-thread-11943#
[PollExecuteTaskStatusExecution] 2d23200b-60aa-4519-b7f8-9f40de7a8ecc [2026-08-25T08:31:31.459337] Deploying "src/gen/data/sap-common-Countries_texts_pt.hdbtabledata$0.expand"... ok (0s 51ms) (STDOUT, APP/TASK/deploy)#
#2026 08 25 08:48:31.142#Z#DEBUG#9140a271-a061-11f1-b78a-eeee0a986e3f.ResilienceCockpit-db-deployer#flowable-async-job-executor-thread-11943#
[PollExecuteTaskStatusExecution] 2d23200b-60aa-4519-b7f8-9f40de7a8ecc [2026-08-25T08:31:31.459339] Deploying "src/gen/data/sap-common-Countries_texts_sh.hdbtabledata$0.expand"... (STDOUT, APP/TASK/deploy)#
#2026 08 25 08:48:31.142#Z#DEBUG#9140a271-a061-11f1-b78a-eeee0a986e3f.ResilienceCockpit-db-deployer#flowable-async-job-executor-thread-11943#
[PollExecuteTaskStatusExecution] 2d23200b-60aa-4519-b7f8-9f40de7a8ecc [2026-08-25T08:31:31.459340] Expanded from "src/gen/data/sap-common-Countries_texts_sh.hdbtabledata" (STDOUT, APP/TASK/deploy)#
#2026 08 25 08:48:31.142#Z#DEBUG#9140a271-a061-11f1-b78a-eeee0a986e3f.ResilienceCockpit-db-deployer#flowable-async-job-executor-thread-11943#
[PollExecuteTaskStatusExecution] 2d23200b-60aa-4519-b7f8-9f40de7a8ecc [2026-08-25T08:31:31.459343] Inserted 246 records of the data source file "sap-common-Countries_texts_ro.csv" into the target table "SAP_COMMON_COUNTRIES_TEXTS" (STDOUT, APP/TASK/deploy)#
#2026 08 25 08:48:31.142#Z#DEBUG#9140a271-a061-11f1-b78a-eeee0a986e3f.ResilienceCockpit-db-deployer#flowable-async-job-executor-thread-11943#
[PollExecuteTaskStatusExecution] 2d23200b-60aa-4519-b7f8-9f40de7a8ecc [2026-08-25T08:31:31.459344] Deploying "src/gen/data/sap-common-Countries_texts_ro.hdbtabledata$0.expand"... ok (0s 54ms) (STDOUT, APP/TASK/deploy)#
#2026 08 25 08:48:31.142#Z#DEBUG#9140a271-a061-11f1-b78a-eeee0a986e3f.ResilienceCockpit-db-deployer#flowable-async-job-executor-thread-11943#
[PollExecuteTaskStatusExecution] 2d23200b-60aa-4519-b7f8-9f40de7a8ecc [2026-08-25T08:31:31.459349] Deploying "src/gen/data/sap-common-Countries_texts_sk.hdbtabledata$0.expand"... (STDOUT, APP/TASK/deploy)#
#2026 08 25 08:48:31.142#Z#DEBUG#9140a271-a061-11f1-b78a-eeee0a986e3f.ResilienceCockpit-db-deployer#flowable-async-job-executor-thread-11943#
[PollExecuteTaskStatusExecution] 2d23200b-60aa-4519-b7f8-9f40de7a8ecc [2026-08-25T08:31:31.459351] Expanded from "src/gen/data/sap-common-Countries_texts_sk.hdbtabledata" (STDOUT, APP/TASK/deploy)#
#2026 08 25 08:48:31.142#Z#DEBUG#9140a271-a061-11f1-b78a-eeee0a986e3f.ResilienceCockpit-db-deployer#flowable-async-job-executor-thread-11943#
[PollExecuteTaskStatusExecution] 2d23200b-60aa-4519-b7f8-9f40de7a8ecc [2026-08-25T08:31:31.459352] Inserted 246 records of the data source file "sap-common-Countries_texts_ru.csv" into the target table "SAP_COMMON_COUNTRIES_TEXTS" (STDOUT, APP/TASK/deploy)#
#2026 08 25 08:48:31.142#Z#DEBUG#9140a271-a061-11f1-b78a-eeee0a986e3f.ResilienceCockpit-db-deployer#flowable-async-job-executor-thread-11943#
[PollExecuteTaskStatusExecution] 2d23200b-60aa-4519-b7f8-9f40de7a8ecc [2026-08-25T08:31:31.459376] Deploying "src/gen/data/sap-common-Countries_texts_ru.hdbtabledata$0.expand"... ok (0s 36ms) (STDOUT, APP/TASK/deploy)#
#2026 08 25 08:48:31.142#Z#DEBUG#9140a271-a061-11f1-b78a-eeee0a986e3f.ResilienceCockpit-db-deployer#flowable-async-job-executor-thread-11943#
[PollExecuteTaskStatusExecution] 2d23200b-60aa-4519-b7f8-9f40de7a8ecc [2026-08-25T08:31:31.459378] Deploying "src/gen/data/sap-common-Countries_texts_sl.hdbtabledata$0.expand"... (STDOUT, APP/TASK/deploy)#
#2026 08 25 08:48:31.142#Z#DEBUG#9140a271-a061-11f1-b78a-eeee0a986e3f.ResilienceCockpit-db-deployer#flowable-async-job-executor-thread-11943#
[PollExecuteTaskStatusExecution] 2d23200b-60aa-4519-b7f8-9f40de7a8ecc [2026-08-25T08:31:31.459380] Expanded from "src/gen/data/sap-common-Countries_texts_sl.hdbtabledata" (STDOUT, APP/TASK/deploy)#
#2026 08 25 08:48:31.142#Z#DEBUG#9140a271-a061-11f1-b78a-eeee0a986e3f.ResilienceCockpit-db-deployer#flowable-async-job-executor-thread-11943#
[PollExecuteTaskStatusExecution] 2d23200b-60aa-4519-b7f8-9f40de7a8ecc [2026-08-25T08:31:31.459381] Inserted 246 records of the data source file "sap-common-Countries_texts_sh.csv" into the target table "SAP_COMMON_COUNTRIES_TEXTS" (STDOUT, APP/TASK/deploy)#
#2026 08 25 08:48:31.142#Z#DEBUG#9140a271-a061-11f1-b78a-eeee0a986e3f.ResilienceCockpit-db-deployer#flowable-async-job-executor-thread-11943#
[PollExecuteTaskStatusExecution] 2d23200b-60aa-4519-b7f8-9f40de7a8ecc [2026-08-25T08:31:31.459387] Deploying "src/gen/data/sap-common-Countries_texts_sh.hdbtabledata$0.expand"... ok (0s 43ms) (STDOUT, APP/TASK/deploy)#
#2026 08 25 08:48:31.142#Z#DEBUG#9140a271-a061-11f1-b78a-eeee0a986e3f.ResilienceCockpit-db-deployer#flowable-async-job-executor-thread-11943#
[PollExecuteTaskStatusExecution] 2d23200b-60aa-4519-b7f8-9f40de7a8ecc [2026-08-25T08:31:31.459389] Deploying "src/gen/data/sap-common-Countries_texts_sv.hdbtabledata$0.expand"... (STDOUT, APP/TASK/deploy)#
#2026 08 25 08:48:31.142#Z#DEBUG#9140a271-a061-11f1-b78a-eeee0a986e3f.ResilienceCockpit-db-deployer#flowable-async-job-executor-thread-11943#
[PollExecuteTaskStatusExecution] 2d23200b-60aa-4519-b7f8-9f40de7a8ecc [2026-08-25T08:31:31.459391] Expanded from "src/gen/data/sap-common-Countries_texts_sv.hdbtabledata" (STDOUT, APP/TASK/deploy)#
#2026 08 25 08:48:31.142#Z#DEBUG#9140a271-a061-11f1-b78a-eeee0a986e3f.ResilienceCockpit-db-deployer#flowable-async-job-executor-thread-11943#
[PollExecuteTaskStatusExecution] 2d23200b-60aa-4519-b7f8-9f40de7a8ecc [2026-08-25T08:31:31.459393] Inserted 246 records of the data source file "sap-common-Countries_texts_sk.csv" into the target table "SAP_COMMON_COUNTRIES_TEXTS" (STDOUT, APP/TASK/deploy)#
#2026 08 25 08:48:31.142#Z#DEBUG#9140a271-a061-11f1-b78a-eeee0a986e3f.ResilienceCockpit-db-deployer#flowable-async-job-executor-thread-11943#
[PollExecuteTaskStatusExecution] 2d23200b-60aa-4519-b7f8-9f40de7a8ecc [2026-08-25T08:31:31.459396] Deploying "src/gen/data/sap-common-Countries_texts_sk.hdbtabledata$0.expand"... ok (0s 38ms) (STDOUT, APP/TASK/deploy)#
#2026 08 25 08:48:31.142#Z#DEBUG#9140a271-a061-11f1-b78a-eeee0a986e3f.ResilienceCockpit-db-deployer#flowable-async-job-executor-thread-11943#
[PollExecuteTaskStatusExecution] 2d23200b-60aa-4519-b7f8-9f40de7a8ecc [2026-08-25T08:31:31.459398] Deploying "src/gen/data/sap-common-Countries_texts_th.hdbtabledata$0.expand"... (STDOUT, APP/TASK/deploy)#
#2026 08 25 08:48:31.142#Z#DEBUG#9140a271-a061-11f1-b78a-eeee0a986e3f.ResilienceCockpit-db-deployer#flowable-async-job-executor-thread-11943#
[PollExecuteTaskStatusExecution] 2d23200b-60aa-4519-b7f8-9f40de7a8ecc [2026-08-25T08:31:31.459400] Expanded from "src/gen/data/sap-common-Countries_texts_th.hdbtabledata" (STDOUT, APP/TASK/deploy)#
#2026 08 25 08:48:31.142#Z#DEBUG#9140a271-a061-11f1-b78a-eeee0a986e3f.ResilienceCockpit-db-deployer#flowable-async-job-executor-thread-11943#
[PollExecuteTaskStatusExecution] 2d23200b-60aa-4519-b7f8-9f40de7a8ecc [2026-08-25T08:31:31.459405] Inserted 246 records of the data source file "sap-common-Countries_texts_sl.csv" into the target table "SAP_COMMON_COUNTRIES_TEXTS" (STDOUT, APP/TASK/deploy)#
#2026 08 25 08:48:31.142#Z#DEBUG#9140a271-a061-11f1-b78a-eeee0a986e3f.ResilienceCockpit-db-deployer#flowable-async-job-executor-thread-11943#
[PollExecuteTaskStatusExecution] 2d23200b-60aa-4519-b7f8-9f40de7a8ecc [2026-08-25T08:31:31.459431] Deploying "src/gen/data/sap-common-Countries_texts_sl.hdbtabledata$0.expand"... ok (0s 32ms) (STDOUT, APP/TASK/deploy)#
#2026 08 25 08:48:31.142#Z#DEBUG#9140a271-a061-11f1-b78a-eeee0a986e3f.ResilienceCockpit-db-deployer#flowable-async-job-executor-thread-11943#
[PollExecuteTaskStatusExecution] 2d23200b-60aa-4519-b7f8-9f40de7a8ecc [2026-08-25T08:31:31.459434] Deploying "src/gen/data/sap-common-Countries_texts_tr.hdbtabledata$0.expand"... (STDOUT, APP/TASK/deploy)#
#2026 08 25 08:48:31.142#Z#DEBUG#9140a271-a061-11f1-b78a-eeee0a986e3f.ResilienceCockpit-db-deployer#flowable-async-job-executor-thread-11943#
[PollExecuteTaskStatusExecution] 2d23200b-60aa-4519-b7f8-9f40de7a8ecc [2026-08-25T08:31:31.459436] Expanded from "src/gen/data/sap-common-Countries_texts_tr.hdbtabledata" (STDOUT, APP/TASK/deploy)#
#2026 08 25 08:48:31.142#Z#DEBUG#9140a271-a061-11f1-b78a-eeee0a986e3f.ResilienceCockpit-db-deployer#flowable-async-job-executor-thread-11943#
[PollExecuteTaskStatusExecution] 2d23200b-60aa-4519-b7f8-9f40de7a8ecc [2026-08-25T08:31:31.459438] Inserted 246 records of the data source file "sap-common-Countries_texts_sv.csv" into the target table "SAP_COMMON_COUNTRIES_TEXTS" (STDOUT, APP/TASK/deploy)#
#2026 08 25 08:48:31.142#Z#DEBUG#9140a271-a061-11f1-b78a-eeee0a986e3f.ResilienceCockpit-db-deployer#flowable-async-job-executor-thread-11943#
[PollExecuteTaskStatusExecution] 2d23200b-60aa-4519-b7f8-9f40de7a8ecc [2026-08-25T08:31:31.459440] Deploying "src/gen/data/sap-common-Countries_texts_sv.hdbtabledata$0.expand"... ok (0s 33ms) (STDOUT, APP/TASK/deploy)#
#2026 08 25 08:48:31.142#Z#DEBUG#9140a271-a061-11f1-b78a-eeee0a986e3f.ResilienceCockpit-db-deployer#flowable-async-job-executor-thread-11943#
[PollExecuteTaskStatusExecution] 2d23200b-60aa-4519-b7f8-9f40de7a8ecc [2026-08-25T08:31:31.459442] Deploying "src/gen/data/sap-common-Countries_texts_uk.hdbtabledata$0.expand"... (STDOUT, APP/TASK/deploy)#
#2026 08 25 08:48:31.142#Z#DEBUG#9140a271-a061-11f1-b78a-eeee0a986e3f.ResilienceCockpit-db-deployer#flowable-async-job-executor-thread-11943#
[PollExecuteTaskStatusExecution] 2d23200b-60aa-4519-b7f8-9f40de7a8ecc [2026-08-25T08:31:31.459447] Expanded from "src/gen/data/sap-common-Countries_texts_uk.hdbtabledata" (STDOUT, APP/TASK/deploy)#
#2026 08 25 08:48:31.142#Z#DEBUG#9140a271-a061-11f1-b78a-eeee0a986e3f.ResilienceCockpit-db-deployer#flowable-async-job-executor-thread-11943#
[PollExecuteTaskStatusExecution] 2d23200b-60aa-4519-b7f8-9f40de7a8ecc [2026-08-25T08:31:31.459450] Inserted 246 records of the data source file "sap-common-Countries_texts_th.csv" into the target table "SAP_COMMON_COUNTRIES_TEXTS" (STDOUT, APP/TASK/deploy)#
#2026 08 25 08:48:31.142#Z#DEBUG#9140a271-a061-11f1-b78a-eeee0a986e3f.ResilienceCockpit-db-deployer#flowable-async-job-executor-thread-11943#
[PollExecuteTaskStatusExecution] 2d23200b-60aa-4519-b7f8-9f40de7a8ecc [2026-08-25T08:31:31.459451] Deploying "src/gen/data/sap-common-Countries_texts_th.hdbtabledata$0.expand"... ok (0s 41ms) (STDOUT, APP/TASK/deploy)#
#2026 08 25 08:48:31.142#Z#DEBUG#9140a271-a061-11f1-b78a-eeee0a986e3f.ResilienceCockpit-db-deployer#flowable-async-job-executor-thread-11943#
[PollExecuteTaskStatusExecution] 2d23200b-60aa-4519-b7f8-9f40de7a8ecc [2026-08-25T08:31:31.459453] Deploying "src/gen/data/sap-common-Countries_texts_zh_CN.hdbtabledata$0.expand"... (STDOUT, APP/TASK/deploy)#
#2026 08 25 08:48:31.142#Z#DEBUG#9140a271-a061-11f1-b78a-eeee0a986e3f.ResilienceCockpit-db-deployer#flowable-async-job-executor-thread-11943#
[PollExecuteTaskStatusExecution] 2d23200b-60aa-4519-b7f8-9f40de7a8ecc [2026-08-25T08:31:31.459455] Expanded from "src/gen/data/sap-common-Countries_texts_zh_CN.hdbtabledata" (STDOUT, APP/TASK/deploy)#
#2026 08 25 08:48:31.142#Z#DEBUG#9140a271-a061-11f1-b78a-eeee0a986e3f.ResilienceCockpit-db-deployer#flowable-async-job-executor-thread-11943#
[PollExecuteTaskStatusExecution] 2d23200b-60aa-4519-b7f8-9f40de7a8ecc [2026-08-25T08:31:31.459457] Inserted 246 records of the data source file "sap-common-Countries_texts_tr.csv" into the target table "SAP_COMMON_COUNTRIES_TEXTS" (STDOUT, APP/TASK/deploy)#
#2026 08 25 08:48:31.142#Z#DEBUG#9140a271-a061-11f1-b78a-eeee0a986e3f.ResilienceCockpit-db-deployer#flowable-async-job-executor-thread-11943#
[PollExecuteTaskStatusExecution] 2d23200b-60aa-4519-b7f8-9f40de7a8ecc [2026-08-25T08:31:31.459459] Deploying "src/gen/data/sap-common-Countries_texts_tr.hdbtabledata$0.expand"... ok (0s 41ms) (STDOUT, APP/TASK/deploy)#
#2026 08 25 08:48:31.142#Z#DEBUG#9140a271-a061-11f1-b78a-eeee0a986e3f.ResilienceCockpit-db-deployer#flowable-async-job-executor-thread-11943#
[PollExecuteTaskStatusExecution] 2d23200b-60aa-4519-b7f8-9f40de7a8ecc [2026-08-25T08:31:31.459466] Deploying "src/gen/data/sap-common-Countries_texts_zh_TW.hdbtabledata$0.expand"... (STDOUT, APP/TASK/deploy)#
#2026 08 25 08:48:31.142#Z#DEBUG#9140a271-a061-11f1-b78a-eeee0a986e3f.ResilienceCockpit-db-deployer#flowable-async-job-executor-thread-11943#
[PollExecuteTaskStatusExecution] 2d23200b-60aa-4519-b7f8-9f40de7a8ecc [2026-08-25T08:31:31.459469] Expanded from "src/gen/data/sap-common-Countries_texts_zh_TW.hdbtabledata" (STDOUT, APP/TASK/deploy)#
#2026 08 25 08:48:31.142#Z#DEBUG#9140a271-a061-11f1-b78a-eeee0a986e3f.ResilienceCockpit-db-deployer#flowable-async-job-executor-thread-11943#
[PollExecuteTaskStatusExecution] 2d23200b-60aa-4519-b7f8-9f40de7a8ecc [2026-08-25T08:31:31.459498] Inserted 246 records of the data source file "sap-common-Countries_texts_uk.csv" into the target table "SAP_COMMON_COUNTRIES_TEXTS" (STDOUT, APP/TASK/deploy)#
#2026 08 25 08:48:31.142#Z#DEBUG#9140a271-a061-11f1-b78a-eeee0a986e3f.ResilienceCockpit-db-deployer#flowable-async-job-executor-thread-11943#
[PollExecuteTaskStatusExecution] 2d23200b-60aa-4519-b7f8-9f40de7a8ecc [2026-08-25T08:31:31.459501] Deploying "src/gen/data/sap-common-Countries_texts_uk.hdbtabledata$0.expand"... ok (0s 40ms) (STDOUT, APP/TASK/deploy)#
#2026 08 25 08:48:31.142#Z#DEBUG#9140a271-a061-11f1-b78a-eeee0a986e3f.ResilienceCockpit-db-deployer#flowable-async-job-executor-thread-11943#
[PollExecuteTaskStatusExecution] 2d23200b-60aa-4519-b7f8-9f40de7a8ecc [2026-08-25T08:31:31.459502] Deploying "src/gen/ResilienceCockpitService.AlternativeMaterials.hdbview"... (STDOUT, APP/TASK/deploy)#
#2026 08 25 08:48:31.142#Z#DEBUG#9140a271-a061-11f1-b78a-eeee0a986e3f.ResilienceCockpit-db-deployer#flowable-async-job-executor-thread-11943#
[PollExecuteTaskStatusExecution] 2d23200b-60aa-4519-b7f8-9f40de7a8ecc [2026-08-25T08:31:31.459505] Deploying "src/gen/ResilienceCockpitService.AlternativeMaterials.hdbview"... ok (0s 17ms) (STDOUT, APP/TASK/deploy)#
#2026 08 25 08:48:31.142#Z#DEBUG#9140a271-a061-11f1-b78a-eeee0a986e3f.ResilienceCockpit-db-deployer#flowable-async-job-executor-thread-11943#
[PollExecuteTaskStatusExecution] 2d23200b-60aa-4519-b7f8-9f40de7a8ecc [2026-08-25T08:31:31.459509] Deploying "src/gen/ResilienceCockpitService.AlternateSuppliers.hdbview"... (STDOUT, APP/TASK/deploy)#
#2026 08 25 08:48:31.142#Z#DEBUG#9140a271-a061-11f1-b78a-eeee0a986e3f.ResilienceCockpit-db-deployer#flowable-async-job-executor-thread-11943#
[PollExecuteTaskStatusExecution] 2d23200b-60aa-4519-b7f8-9f40de7a8ecc [2026-08-25T08:31:31.459516] Deploying "src/gen/ResilienceCockpitService.AlternateSuppliers.hdbview"... ok (0s 34ms) (STDOUT, APP/TASK/deploy)#
#2026 08 25 08:48:31.142#Z#DEBUG#9140a271-a061-11f1-b78a-eeee0a986e3f.ResilienceCockpit-db-deployer#flowable-async-job-executor-thread-11943#
[PollExecuteTaskStatusExecution] 2d23200b-60aa-4519-b7f8-9f40de7a8ecc [2026-08-25T08:31:31.459517] Deploying "src/gen/ResilienceCockpitService.Countries.hdbview"... (STDOUT, APP/TASK/deploy)#
#2026 08 25 08:48:31.142#Z#DEBUG#9140a271-a061-11f1-b78a-eeee0a986e3f.ResilienceCockpit-db-deployer#flowable-async-job-executor-thread-11943#
[PollExecuteTaskStatusExecution] 2d23200b-60aa-4519-b7f8-9f40de7a8ecc [2026-08-25T08:31:31.459519] Inserted 246 records of the data source file "sap-common-Countries_texts_zh_CN.csv" into the target table "SAP_COMMON_COUNTRIES_TEXTS" (STDOUT, APP/TASK/deploy)#
#2026 08 25 08:48:31.142#Z#DEBUG#9140a271-a061-11f1-b78a-eeee0a986e3f.ResilienceCockpit-db-deployer#flowable-async-job-executor-thread-11943#
[PollExecuteTaskStatusExecution] 2d23200b-60aa-4519-b7f8-9f40de7a8ecc [2026-08-25T08:31:31.459522] Deploying "src/gen/data/sap-common-Countries_texts_zh_CN.hdbtabledata$0.expand"... ok (0s 80ms) (STDOUT, APP/TASK/deploy)#
#2026 08 25 08:48:31.142#Z#DEBUG#9140a271-a061-11f1-b78a-eeee0a986e3f.ResilienceCockpit-db-deployer#flowable-async-job-executor-thread-11943#
[PollExecuteTaskStatusExecution] 2d23200b-60aa-4519-b7f8-9f40de7a8ecc [2026-08-25T08:31:31.459526] Deploying "src/gen/ResilienceCockpitService.SupplierMaterials.hdbview"... (STDOUT, APP/TASK/deploy)#
#2026 08 25 08:48:31.142#Z#DEBUG#9140a271-a061-11f1-b78a-eeee0a986e3f.ResilienceCockpit-db-deployer#flowable-async-job-executor-thread-11943#
[PollExecuteTaskStatusExecution] 2d23200b-60aa-4519-b7f8-9f40de7a8ecc [2026-08-25T08:31:31.459528] Inserted 246 records of the data source file "sap-common-Countries_texts_zh_TW.csv" into the target table "SAP_COMMON_COUNTRIES_TEXTS" (STDOUT, APP/TASK/deploy)#
#2026 08 25 08:48:31.142#Z#DEBUG#9140a271-a061-11f1-b78a-eeee0a986e3f.ResilienceCockpit-db-deployer#flowable-async-job-executor-thread-11943#
[PollExecuteTaskStatusExecution] 2d23200b-60aa-4519-b7f8-9f40de7a8ecc [2026-08-25T08:31:31.459530] Deploying "src/gen/data/sap-common-Countries_texts_zh_TW.hdbtabledata$0.expand"... ok (0s 85ms) (STDOUT, APP/TASK/deploy)#
#2026 08 25 08:48:31.142#Z#DEBUG#9140a271-a061-11f1-b78a-eeee0a986e3f.ResilienceCockpit-db-deployer#flowable-async-job-executor-thread-11943#
[PollExecuteTaskStatusExecution] 2d23200b-60aa-4519-b7f8-9f40de7a8ecc [2026-08-25T08:31:31.459535] Deploying "src/gen/ResilienceCockpitService.Countries_texts.hdbview"... (STDOUT, APP/TASK/deploy)#
#2026 08 25 08:48:31.142#Z#DEBUG#9140a271-a061-11f1-b78a-eeee0a986e3f.ResilienceCockpit-db-deployer#flowable-async-job-executor-thread-11943#
[PollExecuteTaskStatusExecution] 2d23200b-60aa-4519-b7f8-9f40de7a8ecc [2026-08-25T08:31:31.459537] Deploying "src/gen/ResilienceCockpitService.Countries.hdbview"... ok (0s 29ms) (STDOUT, APP/TASK/deploy)#
#2026 08 25 08:48:31.142#Z#DEBUG#9140a271-a061-11f1-b78a-eeee0a986e3f.ResilienceCockpit-db-deployer#flowable-async-job-executor-thread-11943#
[PollExecuteTaskStatusExecution] 2d23200b-60aa-4519-b7f8-9f40de7a8ecc [2026-08-25T08:31:31.459539] Deploying "src/gen/localized.sap.common.Countries.hdbview"... (STDOUT, APP/TASK/deploy)#
#2026 08 25 08:48:31.142#Z#DEBUG#9140a271-a061-11f1-b78a-eeee0a986e3f.ResilienceCockpit-db-deployer#flowable-async-job-executor-thread-11943#
[PollExecuteTaskStatusExecution] 2d23200b-60aa-4519-b7f8-9f40de7a8ecc [2026-08-25T08:31:31.459541] Deploying "src/gen/ResilienceCockpitService.SupplierMaterials.hdbview"... ok (0s 37ms) (STDOUT, APP/TASK/deploy)#
#2026 08 25 08:48:31.142#Z#DEBUG#9140a271-a061-11f1-b78a-eeee0a986e3f.ResilienceCockpit-db-deployer#flowable-async-job-executor-thread-11943#
[PollExecuteTaskStatusExecution] 2d23200b-60aa-4519-b7f8-9f40de7a8ecc [2026-08-25T08:31:31.459543] Deploying "src/gen/ResilienceCockpitService.Countries_texts.hdbview"... ok (0s 35ms) (STDOUT, APP/TASK/deploy)#
#2026 08 25 08:48:31.142#Z#DEBUG#9140a271-a061-11f1-b78a-eeee0a986e3f.ResilienceCockpit-db-deployer#flowable-async-job-executor-thread-11943#
[PollExecuteTaskStatusExecution] 2d23200b-60aa-4519-b7f8-9f40de7a8ecc [2026-08-25T08:31:31.459559] Deploying "src/gen/localized.sap.common.Countries.hdbview"... ok (0s 23ms) (STDOUT, APP/TASK/deploy)#
#2026 08 25 08:48:31.142#Z#DEBUG#9140a271-a061-11f1-b78a-eeee0a986e3f.ResilienceCockpit-db-deployer#flowable-async-job-executor-thread-11943#
[PollExecuteTaskStatusExecution] 2d23200b-60aa-4519-b7f8-9f40de7a8ecc [2026-08-25T08:31:31.459562] Deploying "src/gen/localized.ResilienceCockpitService.Countries.hdbview"... (STDOUT, APP/TASK/deploy)#
#2026 08 25 08:48:31.142#Z#DEBUG#9140a271-a061-11f1-b78a-eeee0a986e3f.ResilienceCockpit-db-deployer#flowable-async-job-executor-thread-11943#
[PollExecuteTaskStatusExecution] 2d23200b-60aa-4519-b7f8-9f40de7a8ecc [2026-08-25T08:31:31.459570] Deploying "src/gen/localized.ResilienceCockpitService.Countries.hdbview"... ok (0s 18ms) (STDOUT, APP/TASK/deploy)#
#2026 08 25 08:48:31.142#Z#DEBUG#9140a271-a061-11f1-b78a-eeee0a986e3f.ResilienceCockpit-db-deployer#flowable-async-job-executor-thread-11943#
[PollExecuteTaskStatusExecution] 2d23200b-60aa-4519-b7f8-9f40de7a8ecc [2026-08-25T08:31:31.459572] Processing work list... ok (1s 608ms) (STDOUT, APP/TASK/deploy)#
#2026 08 25 08:48:31.142#Z#DEBUG#9140a271-a061-11f1-b78a-eeee0a986e3f.ResilienceCockpit-db-deployer#flowable-async-job-executor-thread-11943#
[PollExecuteTaskStatusExecution] 2d23200b-60aa-4519-b7f8-9f40de7a8ecc [2026-08-25T08:31:31.459575] Finalizing... (STDOUT, APP/TASK/deploy)#
#2026 08 25 08:48:31.142#Z#DEBUG#9140a271-a061-11f1-b78a-eeee0a986e3f.ResilienceCockpit-db-deployer#flowable-async-job-executor-thread-11943#
[PollExecuteTaskStatusExecution] 2d23200b-60aa-4519-b7f8-9f40de7a8ecc [2026-08-25T08:31:31.459578] Finalizing... ok (0s 183ms) (STDOUT, APP/TASK/deploy)#
#2026 08 25 08:48:31.142#Z#DEBUG#9140a271-a061-11f1-b78a-eeee0a986e3f.ResilienceCockpit-db-deployer#flowable-async-job-executor-thread-11943#
[PollExecuteTaskStatusExecution] 2d23200b-60aa-4519-b7f8-9f40de7a8ecc [2026-08-25T08:31:31.459582] Make succeeded (0 warnings): 100 files deployed (effective 140), 0 files undeployed (effective 0), 0 dependent files redeployed (STDOUT, APP/TASK/deploy)#
#2026 08 25 08:48:31.142#Z#DEBUG#9140a271-a061-11f1-b78a-eeee0a986e3f.ResilienceCockpit-db-deployer#flowable-async-job-executor-thread-11943#
[PollExecuteTaskStatusExecution] 2d23200b-60aa-4519-b7f8-9f40de7a8ecc [2026-08-25T08:31:31.459583] Making... ok (3s 633ms) (STDOUT, APP/TASK/deploy)#
#2026 08 25 08:48:31.142#Z#DEBUG#9140a271-a061-11f1-b78a-eeee0a986e3f.ResilienceCockpit-db-deployer#flowable-async-job-executor-thread-11943#
[PollExecuteTaskStatusExecution] 2d23200b-60aa-4519-b7f8-9f40de7a8ecc [2026-08-25T08:31:31.459585] Enabling table replication for the container schema "8697B1A4A8B84AC49EFF171810969752"... (STDOUT, APP/TASK/deploy)#
#2026 08 25 08:48:31.142#Z#DEBUG#9140a271-a061-11f1-b78a-eeee0a986e3f.ResilienceCockpit-db-deployer#flowable-async-job-executor-thread-11943#
[PollExecuteTaskStatusExecution] 2d23200b-60aa-4519-b7f8-9f40de7a8ecc [2026-08-25T08:31:31.459591] Enabling table replication for the container schema "8697B1A4A8B84AC49EFF171810969752"... ok (0s 10ms) (STDOUT, APP/TASK/deploy)#
#2026 08 25 08:48:31.142#Z#DEBUG#9140a271-a061-11f1-b78a-eeee0a986e3f.ResilienceCockpit-db-deployer#flowable-async-job-executor-thread-11943#
[PollExecuteTaskStatusExecution] 2d23200b-60aa-4519-b7f8-9f40de7a8ecc [2026-08-25T08:31:31.459593] Starting make in the container "8697B1A4A8B84AC49EFF171810969752" with 100 files to deploy, 0 files to undeploy... ok (3s 706ms) (STDOUT, APP/TASK/deploy)#
#2026 08 25 08:48:31.142#Z#DEBUG#9140a271-a061-11f1-b78a-eeee0a986e3f.ResilienceCockpit-db-deployer#flowable-async-job-executor-thread-11943#
[PollExecuteTaskStatusExecution] 2d23200b-60aa-4519-b7f8-9f40de7a8ecc [2026-08-25T08:31:31.459605] Deploying to the container "8697B1A4A8B84AC49EFF171810969752"... ok (4s 319ms) (STDOUT, APP/TASK/deploy)#
#2026 08 25 08:48:31.142#Z#DEBUG#9140a271-a061-11f1-b78a-eeee0a986e3f.ResilienceCockpit-db-deployer#flowable-async-job-executor-thread-11943#
[PollExecuteTaskStatusExecution] 2d23200b-60aa-4519-b7f8-9f40de7a8ecc [2026-08-25T08:31:31.459818] No default-access-role handling needed; global role "8697B1A4A8B84AC49EFF171810969752::access_role" will not be adapted (STDOUT, APP/TASK/deploy)#
#2026 08 25 08:48:31.142#Z#DEBUG#9140a271-a061-11f1-b78a-eeee0a986e3f.ResilienceCockpit-db-deployer#flowable-async-job-executor-thread-11943#
[PollExecuteTaskStatusExecution] 2d23200b-60aa-4519-b7f8-9f40de7a8ecc [2026-08-25T08:31:31.459887] Unlocking the container "8697B1A4A8B84AC49EFF171810969752"... (STDOUT, APP/TASK/deploy)#
#2026 08 25 08:48:31.142#Z#DEBUG#9140a271-a061-11f1-b78a-eeee0a986e3f.ResilienceCockpit-db-deployer#flowable-async-job-executor-thread-11943#
[PollExecuteTaskStatusExecution] 2d23200b-60aa-4519-b7f8-9f40de7a8ecc [2026-08-25T08:31:31.460056] Unlocking the container "8697B1A4A8B84AC49EFF171810969752"... ok (0s 0ms) (STDOUT, APP/TASK/deploy)#
#2026 08 25 08:48:31.142#Z#DEBUG#9140a271-a061-11f1-b78a-eeee0a986e3f.ResilienceCockpit-db-deployer#flowable-async-job-executor-thread-11943#
[PollExecuteTaskStatusExecution] 2d23200b-60aa-4519-b7f8-9f40de7a8ecc [2026-08-25T08:31:31.460121] Deployment to container 8697B1A4A8B84AC49EFF171810969752 done [Deployment ID: none]. (STDOUT, APP/TASK/deploy)#
#2026 08 25 08:48:31.142#Z#DEBUG#9140a271-a061-11f1-b78a-eeee0a986e3f.ResilienceCockpit-db-deployer#flowable-async-job-executor-thread-11943#
[PollExecuteTaskStatusExecution] 2d23200b-60aa-4519-b7f8-9f40de7a8ecc [2026-08-25T08:31:31.460387] Deployment ended at 2026-08-25 08:31:31 (STDOUT, APP/TASK/deploy)#
#2026 08 25 08:48:31.142#Z#DEBUG#9140a271-a061-11f1-b78a-eeee0a986e3f.ResilienceCockpit-db-deployer#flowable-async-job-executor-thread-11943#
[PollExecuteTaskStatusExecution] 2d23200b-60aa-4519-b7f8-9f40de7a8ecc [2026-08-25T08:31:31.460616] (6s 482ms) (STDOUT, APP/TASK/deploy)#
#2026 08 25 08:48:31.142#Z#DEBUG#9140a271-a061-11f1-b78a-eeee0a986e3f.ResilienceCockpit-db-deployer#flowable-async-job-executor-thread-11943#
[PollExecuteTaskStatusExecution] 2d23200b-60aa-4519-b7f8-9f40de7a8ecc [2026-08-25T08:31:31.471117] npm notice (STDERR, APP/TASK/deploy)#
#2026 08 25 08:48:31.142#Z#DEBUG#9140a271-a061-11f1-b78a-eeee0a986e3f.ResilienceCockpit-db-deployer#flowable-async-job-executor-thread-11943#
[PollExecuteTaskStatusExecution] 2d23200b-60aa-4519-b7f8-9f40de7a8ecc [2026-08-25T08:31:31.471138] npm notice New major version of npm available! 11.16.0 -> 12.0.2 (STDERR, APP/TASK/deploy)#
#2026 08 25 08:48:31.142#Z#DEBUG#9140a271-a061-11f1-b78a-eeee0a986e3f.ResilienceCockpit-db-deployer#flowable-async-job-executor-thread-11943#
[PollExecuteTaskStatusExecution] 2d23200b-60aa-4519-b7f8-9f40de7a8ecc [2026-08-25T08:31:31.471143] npm notice Changelog: https://github.com/npm/cli/releases/tag/v12.0.2 (STDERR, APP/TASK/deploy)#
#2026 08 25 08:48:31.142#Z#DEBUG#9140a271-a061-11f1-b78a-eeee0a986e3f.ResilienceCockpit-db-deployer#flowable-async-job-executor-thread-11943#
[PollExecuteTaskStatusExecution] 2d23200b-60aa-4519-b7f8-9f40de7a8ecc [2026-08-25T08:31:31.471147] npm notice To update run: npm install -g npm@12.0.2 (STDERR, APP/TASK/deploy)#
#2026 08 25 08:48:31.142#Z#DEBUG#9140a271-a061-11f1-b78a-eeee0a986e3f.ResilienceCockpit-db-deployer#flowable-async-job-executor-thread-11943#
[PollExecuteTaskStatusExecution] 2d23200b-60aa-4519-b7f8-9f40de7a8ecc [2026-08-25T08:31:31.471152] npm notice (STDERR, APP/TASK/deploy)#
#2026 08 25 08:48:31.142#Z#DEBUG#9140a271-a061-11f1-b78a-eeee0a986e3f.ResilienceCockpit-db-deployer#flowable-async-job-executor-thread-11943#
[PollExecuteTaskStatusExecution] 2d23200b-60aa-4519-b7f8-9f40de7a8ecc [2026-08-25T08:31:31.519170] Exit status 0 (STDOUT, APP/TASK/deploy)#
#2026 08 25 08:48:31.142#Z#DEBUG#9140a271-a061-11f1-b78a-eeee0a986e3f.ResilienceCockpit-db-deployer#flowable-async-job-executor-thread-11943#
[PollExecuteTaskStatusExecution] 2d23200b-60aa-4519-b7f8-9f40de7a8ecc [2026-08-25T08:31:32.253698] Cell 13752499-11e5-4ce9-a7df-2188d5ab1e0d stopping instance 566f5328-b580-4b01-b524-877683a9bd34 (STDOUT, CELL)#
#2026 08 25 08:48:31.142#Z#DEBUG#9140a271-a061-11f1-b78a-eeee0a986e3f.ResilienceCockpit-db-deployer#flowable-async-job-executor-thread-11943#
[PollExecuteTaskStatusExecution] 2d23200b-60aa-4519-b7f8-9f40de7a8ecc [2026-08-25T08:31:32.253782] Cell 13752499-11e5-4ce9-a7df-2188d5ab1e0d destroying container for instance 566f5328-b580-4b01-b524-877683a9bd34 (STDOUT, CELL)#
#2026 08 25 08:48:31.142#Z#DEBUG#9140a271-a061-11f1-b78a-eeee0a986e3f.ResilienceCockpit-db-deployer#flowable-async-job-executor-thread-11943#
[PollExecuteTaskStatusExecution] 2d23200b-60aa-4519-b7f8-9f40de7a8ecc [2026-08-25T08:31:34.205065] Cell 13752499-11e5-4ce9-a7df-2188d5ab1e0d successfully destroyed container for instance 566f5328-b580-4b01-b524-877683a9bd34 (STDOUT, CELL)#
#2026 08 25 08:48:31.142#Z#DEBUG#9140a271-a061-11f1-b78a-eeee0a986e3f.ResilienceCockpit-db-deployer#flowable-async-job-executor-thread-11943#
[PollExecuteTaskStatusExecution] 2d23200b-60aa-4519-b7f8-9f40de7a8ecc [2026-08-25T08:47:32.342799] Updated app with guid 2d23200b-60aa-4519-b7f8-9f40de7a8ecc ({"lifecycle"=>{"data"=>{"buildpacks"=>["nodejs_buildpack"]}, "type"=>"buildpack"}}) (STDOUT, API)#
#2026 08 25 08:48:31.142#Z#DEBUG#9140a271-a061-11f1-b78a-eeee0a986e3f.ResilienceCockpit-db-deployer#flowable-async-job-executor-thread-11943#
[PollExecuteTaskStatusExecution] 2d23200b-60aa-4519-b7f8-9f40de7a8ecc [2026-08-25T08:47:32.416683] Updating process: "web" (STDOUT, API)#
#2026 08 25 08:48:31.142#Z#DEBUG#9140a271-a061-11f1-b78a-eeee0a986e3f.ResilienceCockpit-db-deployer#flowable-async-job-executor-thread-11943#
[PollExecuteTaskStatusExecution] 2d23200b-60aa-4519-b7f8-9f40de7a8ecc [2026-08-25T08:47:41.167187] Uploading app package for app with guid 2d23200b-60aa-4519-b7f8-9f40de7a8ecc (STDOUT, API)#
#2026 08 25 08:48:31.142#Z#DEBUG#9140a271-a061-11f1-b78a-eeee0a986e3f.ResilienceCockpit-db-deployer#flowable-async-job-executor-thread-11943#
[PollExecuteTaskStatusExecution] 2d23200b-60aa-4519-b7f8-9f40de7a8ecc [2026-08-25T08:47:41.330308] Updated app with guid 2d23200b-60aa-4519-b7f8-9f40de7a8ecc ({"environment_variables"=>"[PRIVATE DATA HIDDEN]"}) (STDOUT, API)#
#2026 08 25 08:48:31.142#Z#DEBUG#9140a271-a061-11f1-b78a-eeee0a986e3f.ResilienceCockpit-db-deployer#flowable-async-job-executor-thread-11943#
[PollExecuteTaskStatusExecution] 2d23200b-60aa-4519-b7f8-9f40de7a8ecc [2026-08-25T08:47:51.207912] Creating build for app with guid 2d23200b-60aa-4519-b7f8-9f40de7a8ecc (STDOUT, API)#
#2026 08 25 08:48:31.142#Z#DEBUG#9140a271-a061-11f1-b78a-eeee0a986e3f.ResilienceCockpit-db-deployer#flowable-async-job-executor-thread-11943#
[PollExecuteTaskStatusExecution] 2d23200b-60aa-4519-b7f8-9f40de7a8ecc [2026-08-25T08:47:51.523787] Downloading nodejs_buildpack... (STDOUT, STG)#
#2026 08 25 08:48:31.142#Z#DEBUG#9140a271-a061-11f1-b78a-eeee0a986e3f.ResilienceCockpit-db-deployer#flowable-async-job-executor-thread-11943#
[PollExecuteTaskStatusExecution] 2d23200b-60aa-4519-b7f8-9f40de7a8ecc [2026-08-25T08:47:51.558302] Downloaded nodejs_buildpack (STDOUT, STG)#
#2026 08 25 08:48:31.142#Z#DEBUG#9140a271-a061-11f1-b78a-eeee0a986e3f.ResilienceCockpit-db-deployer#flowable-async-job-executor-thread-11943#
[PollExecuteTaskStatusExecution] 2d23200b-60aa-4519-b7f8-9f40de7a8ecc [2026-08-25T08:47:51.558386] Cell 2cba0a63-a06b-4c2d-9ff8-cb3bec259489 creating container for instance a5f5b43d-9b95-439a-8e8d-ed06b9cccd71 (STDOUT, STG)#
#2026 08 25 08:48:31.142#Z#DEBUG#9140a271-a061-11f1-b78a-eeee0a986e3f.ResilienceCockpit-db-deployer#flowable-async-job-executor-thread-11943#
[PollExecuteTaskStatusExecution] 2d23200b-60aa-4519-b7f8-9f40de7a8ecc [2026-08-25T08:47:51.845307] Security group rules were updated (STDOUT, STG)#
#2026 08 25 08:48:31.142#Z#DEBUG#9140a271-a061-11f1-b78a-eeee0a986e3f.ResilienceCockpit-db-deployer#flowable-async-job-executor-thread-11943#
[PollExecuteTaskStatusExecution] 2d23200b-60aa-4519-b7f8-9f40de7a8ecc [2026-08-25T08:47:51.895968] Cell 2cba0a63-a06b-4c2d-9ff8-cb3bec259489 successfully created container for instance a5f5b43d-9b95-439a-8e8d-ed06b9cccd71 (STDOUT, STG)#
#2026 08 25 08:48:31.142#Z#DEBUG#9140a271-a061-11f1-b78a-eeee0a986e3f.ResilienceCockpit-db-deployer#flowable-async-job-executor-thread-11943#
[PollExecuteTaskStatusExecution] 2d23200b-60aa-4519-b7f8-9f40de7a8ecc [2026-08-25T08:47:52.160290] Downloading app package... (STDOUT, STG)#
#2026 08 25 08:48:31.142#Z#DEBUG#9140a271-a061-11f1-b78a-eeee0a986e3f.ResilienceCockpit-db-deployer#flowable-async-job-executor-thread-11943#
[PollExecuteTaskStatusExecution] 2d23200b-60aa-4519-b7f8-9f40de7a8ecc [2026-08-25T08:47:52.160318] Downloading build artifacts cache... (STDOUT, STG)#
#2026 08 25 08:48:31.142#Z#DEBUG#9140a271-a061-11f1-b78a-eeee0a986e3f.ResilienceCockpit-db-deployer#flowable-async-job-executor-thread-11943#
[PollExecuteTaskStatusExecution] 2d23200b-60aa-4519-b7f8-9f40de7a8ecc [2026-08-25T08:47:52.225433] Downloaded build artifacts cache (218B) (STDOUT, STG)#
#2026 08 25 08:48:31.142#Z#DEBUG#9140a271-a061-11f1-b78a-eeee0a986e3f.ResilienceCockpit-db-deployer#flowable-async-job-executor-thread-11943#
[PollExecuteTaskStatusExecution] 2d23200b-60aa-4519-b7f8-9f40de7a8ecc [2026-08-25T08:47:52.380777] Downloaded app package (2.5M) (STDOUT, STG)#
#2026 08 25 08:48:31.142#Z#DEBUG#9140a271-a061-11f1-b78a-eeee0a986e3f.ResilienceCockpit-db-deployer#flowable-async-job-executor-thread-11943#
[PollExecuteTaskStatusExecution] 2d23200b-60aa-4519-b7f8-9f40de7a8ecc [2026-08-25T08:47:52.429658] -----> Nodejs Buildpack version 1.9.3 (STDOUT, STG)#
#2026 08 25 08:48:31.142#Z#DEBUG#9140a271-a061-11f1-b78a-eeee0a986e3f.ResilienceCockpit-db-deployer#flowable-async-job-executor-thread-11943#
[PollExecuteTaskStatusExecution] 2d23200b-60aa-4519-b7f8-9f40de7a8ecc [2026-08-25T08:47:52.518264] -----> Bootstrapping python (STDOUT, STG)#
#2026 08 25 08:48:31.142#Z#DEBUG#9140a271-a061-11f1-b78a-eeee0a986e3f.ResilienceCockpit-db-deployer#flowable-async-job-executor-thread-11943#
[PollExecuteTaskStatusExecution] 2d23200b-60aa-4519-b7f8-9f40de7a8ecc [2026-08-25T08:47:52.518282] -----> Installing python 3.13.14 (STDOUT, STG)#
#2026 08 25 08:48:31.142#Z#DEBUG#9140a271-a061-11f1-b78a-eeee0a986e3f.ResilienceCockpit-db-deployer#flowable-async-job-executor-thread-11943#
[PollExecuteTaskStatusExecution] 2d23200b-60aa-4519-b7f8-9f40de7a8ecc [2026-08-25T08:47:52.518363] Copy [/tmp/buildpacks/adc5840e3e50b48d/dependencies/4b4266a2ff36730aef37b88b668ca327/python_3.13.14_linux_x64_cflinuxfs4_b80d4954.tgz] (STDOUT, STG)#
#2026 08 25 08:48:31.142#Z#DEBUG#9140a271-a061-11f1-b78a-eeee0a986e3f.ResilienceCockpit-db-deployer#flowable-async-job-executor-thread-11943#
[PollExecuteTaskStatusExecution] 2d23200b-60aa-4519-b7f8-9f40de7a8ecc [2026-08-25T08:47:55.506487] -----> Installing binaries (STDOUT, STG)#
#2026 08 25 08:48:31.142#Z#DEBUG#9140a271-a061-11f1-b78a-eeee0a986e3f.ResilienceCockpit-db-deployer#flowable-async-job-executor-thread-11943#
[PollExecuteTaskStatusExecution] 2d23200b-60aa-4519-b7f8-9f40de7a8ecc [2026-08-25T08:47:55.506514] engines.node (package.json): >=18 (STDOUT, STG)#
#2026 08 25 08:48:31.142#Z#DEBUG#9140a271-a061-11f1-b78a-eeee0a986e3f.ResilienceCockpit-db-deployer#flowable-async-job-executor-thread-11943#
[PollExecuteTaskStatusExecution] 2d23200b-60aa-4519-b7f8-9f40de7a8ecc [2026-08-25T08:47:55.506521] engines.npm (package.json): unspecified (use default) (STDOUT, STG)#
#2026 08 25 08:48:31.142#Z#DEBUG#9140a271-a061-11f1-b78a-eeee0a986e3f.ResilienceCockpit-db-deployer#flowable-async-job-executor-thread-11943#
[PollExecuteTaskStatusExecution] 2d23200b-60aa-4519-b7f8-9f40de7a8ecc [2026-08-25T08:47:55.506551] [31;1m**WARNING**[0m Dangerous semver range (>) in engines.node. See: http://docs.cloudfoundry.org/buildpacks/node/node-tips.html (STDOUT, STG)#
#2026 08 25 08:48:31.142#Z#DEBUG#9140a271-a061-11f1-b78a-eeee0a986e3f.ResilienceCockpit-db-deployer#flowable-async-job-executor-thread-11943#
[PollExecuteTaskStatusExecution] 2d23200b-60aa-4519-b7f8-9f40de7a8ecc [2026-08-25T08:47:55.506556] -----> Installing node 24.18.0 (STDOUT, STG)#
#2026 08 25 08:48:31.142#Z#DEBUG#9140a271-a061-11f1-b78a-eeee0a986e3f.ResilienceCockpit-db-deployer#flowable-async-job-executor-thread-11943#
[PollExecuteTaskStatusExecution] 2d23200b-60aa-4519-b7f8-9f40de7a8ecc [2026-08-25T08:47:55.506705] Copy [/tmp/buildpacks/adc5840e3e50b48d/dependencies/dffbbb835fcd073c4544f78eb6247fac/node_24.18.0_linux_x64_cflinuxfs4_cdfed650.tgz] (STDOUT, STG)#
#2026 08 25 08:48:31.142#Z#DEBUG#9140a271-a061-11f1-b78a-eeee0a986e3f.ResilienceCockpit-db-deployer#flowable-async-job-executor-thread-11943#
[PollExecuteTaskStatusExecution] 2d23200b-60aa-4519-b7f8-9f40de7a8ecc [2026-08-25T08:47:57.236559] Using default npm version: 11.16.0 (STDOUT, STG)#
#2026 08 25 08:48:31.142#Z#DEBUG#9140a271-a061-11f1-b78a-eeee0a986e3f.ResilienceCockpit-db-deployer#flowable-async-job-executor-thread-11943#
[PollExecuteTaskStatusExecution] 2d23200b-60aa-4519-b7f8-9f40de7a8ecc [2026-08-25T08:47:57.236657] -----> Installing yarn 1.22.22 (STDOUT, STG)#
#2026 08 25 08:48:31.142#Z#DEBUG#9140a271-a061-11f1-b78a-eeee0a986e3f.ResilienceCockpit-db-deployer#flowable-async-job-executor-thread-11943#
[PollExecuteTaskStatusExecution] 2d23200b-60aa-4519-b7f8-9f40de7a8ecc [2026-08-25T08:47:57.236684] Copy [/tmp/buildpacks/adc5840e3e50b48d/dependencies/e4fe26756e9984a665478d350474fa2e/yarn_1.22.22_linux_noarch_any-stack_b6132b86.tgz] (STDOUT, STG)#
#2026 08 25 08:48:31.142#Z#DEBUG#9140a271-a061-11f1-b78a-eeee0a986e3f.ResilienceCockpit-db-deployer#flowable-async-job-executor-thread-11943#
[PollExecuteTaskStatusExecution] 2d23200b-60aa-4519-b7f8-9f40de7a8ecc [2026-08-25T08:47:57.485750] Installed yarn 1.22.22 (STDOUT, STG)#
#2026 08 25 08:48:31.142#Z#DEBUG#9140a271-a061-11f1-b78a-eeee0a986e3f.ResilienceCockpit-db-deployer#flowable-async-job-executor-thread-11943#
[PollExecuteTaskStatusExecution] 2d23200b-60aa-4519-b7f8-9f40de7a8ecc [2026-08-25T08:47:57.485775] -----> Creating runtime environment (STDOUT, STG)#
#2026 08 25 08:48:31.142#Z#DEBUG#9140a271-a061-11f1-b78a-eeee0a986e3f.ResilienceCockpit-db-deployer#flowable-async-job-executor-thread-11943#
[PollExecuteTaskStatusExecution] 2d23200b-60aa-4519-b7f8-9f40de7a8ecc [2026-08-25T08:47:57.487004] NODE_ENV=production (STDOUT, STG)#
#2026 08 25 08:48:31.142#Z#DEBUG#9140a271-a061-11f1-b78a-eeee0a986e3f.ResilienceCockpit-db-deployer#flowable-async-job-executor-thread-11943#
[PollExecuteTaskStatusExecution] 2d23200b-60aa-4519-b7f8-9f40de7a8ecc [2026-08-25T08:47:57.487021] NODE_HOME=/tmp/contents3251821280/deps/0/node (STDOUT, STG)#
#2026 08 25 08:48:31.142#Z#DEBUG#9140a271-a061-11f1-b78a-eeee0a986e3f.ResilienceCockpit-db-deployer#flowable-async-job-executor-thread-11943#
[PollExecuteTaskStatusExecution] 2d23200b-60aa-4519-b7f8-9f40de7a8ecc [2026-08-25T08:47:57.487025] NODE_MODULES_CACHE=true (STDOUT, STG)#
#2026 08 25 08:48:31.142#Z#DEBUG#9140a271-a061-11f1-b78a-eeee0a986e3f.ResilienceCockpit-db-deployer#flowable-async-job-executor-thread-11943#
[PollExecuteTaskStatusExecution] 2d23200b-60aa-4519-b7f8-9f40de7a8ecc [2026-08-25T08:47:57.487028] NODE_VERBOSE=false (STDOUT, STG)#
#2026 08 25 08:48:31.142#Z#DEBUG#9140a271-a061-11f1-b78a-eeee0a986e3f.ResilienceCockpit-db-deployer#flowable-async-job-executor-thread-11943#
[PollExecuteTaskStatusExecution] 2d23200b-60aa-4519-b7f8-9f40de7a8ecc [2026-08-25T08:47:57.487036] NPM_CONFIG_LOGLEVEL=error (STDOUT, STG)#
#2026 08 25 08:48:31.142#Z#DEBUG#9140a271-a061-11f1-b78a-eeee0a986e3f.ResilienceCockpit-db-deployer#flowable-async-job-executor-thread-11943#
[PollExecuteTaskStatusExecution] 2d23200b-60aa-4519-b7f8-9f40de7a8ecc [2026-08-25T08:47:57.487041] NPM_CONFIG_PRODUCTION=true (STDOUT, STG)#
#2026 08 25 08:48:31.142#Z#DEBUG#9140a271-a061-11f1-b78a-eeee0a986e3f.ResilienceCockpit-db-deployer#flowable-async-job-executor-thread-11943#
[PollExecuteTaskStatusExecution] 2d23200b-60aa-4519-b7f8-9f40de7a8ecc [2026-08-25T08:47:57.487094] -----> Building dependencies (STDOUT, STG)#
#2026 08 25 08:48:31.142#Z#DEBUG#9140a271-a061-11f1-b78a-eeee0a986e3f.ResilienceCockpit-db-deployer#flowable-async-job-executor-thread-11943#
[PollExecuteTaskStatusExecution] 2d23200b-60aa-4519-b7f8-9f40de7a8ecc [2026-08-25T08:47:57.487098] Prebuild detected (node_modules already exists) (STDOUT, STG)#
#2026 08 25 08:48:31.142#Z#DEBUG#9140a271-a061-11f1-b78a-eeee0a986e3f.ResilienceCockpit-db-deployer#flowable-async-job-executor-thread-11943#
[PollExecuteTaskStatusExecution] 2d23200b-60aa-4519-b7f8-9f40de7a8ecc [2026-08-25T08:47:57.487101] Rebuilding any native modules (STDOUT, STG)#
#2026 08 25 08:48:31.142#Z#DEBUG#9140a271-a061-11f1-b78a-eeee0a986e3f.ResilienceCockpit-db-deployer#flowable-async-job-executor-thread-11943#
[PollExecuteTaskStatusExecution] 2d23200b-60aa-4519-b7f8-9f40de7a8ecc [2026-08-25T08:47:57.872933] rebuilt dependencies successfully (STDOUT, STG)#
#2026 08 25 08:48:31.142#Z#DEBUG#9140a271-a061-11f1-b78a-eeee0a986e3f.ResilienceCockpit-db-deployer#flowable-async-job-executor-thread-11943#
[PollExecuteTaskStatusExecution] 2d23200b-60aa-4519-b7f8-9f40de7a8ecc [2026-08-25T08:47:57.919673] Installing any new modules (package.json + package-lock.json) (STDOUT, STG)#
#2026 08 25 08:48:31.142#Z#DEBUG#9140a271-a061-11f1-b78a-eeee0a986e3f.ResilienceCockpit-db-deployer#flowable-async-job-executor-thread-11943#
[PollExecuteTaskStatusExecution] 2d23200b-60aa-4519-b7f8-9f40de7a8ecc [2026-08-25T08:47:58.248541] up to date in 270ms (STDOUT, STG)#
#2026 08 25 08:48:31.142#Z#DEBUG#9140a271-a061-11f1-b78a-eeee0a986e3f.ResilienceCockpit-db-deployer#flowable-async-job-executor-thread-11943#
[PollExecuteTaskStatusExecution] 2d23200b-60aa-4519-b7f8-9f40de7a8ecc [2026-08-25T08:47:58.248839] 4 packages are looking for funding (STDOUT, STG)#
#2026 08 25 08:48:31.142#Z#DEBUG#9140a271-a061-11f1-b78a-eeee0a986e3f.ResilienceCockpit-db-deployer#flowable-async-job-executor-thread-11943#
[PollExecuteTaskStatusExecution] 2d23200b-60aa-4519-b7f8-9f40de7a8ecc [2026-08-25T08:47:58.248878] run `npm fund` for details (STDOUT, STG)#
#2026 08 25 08:48:31.142#Z#DEBUG#9140a271-a061-11f1-b78a-eeee0a986e3f.ResilienceCockpit-db-deployer#flowable-async-job-executor-thread-11943#
[PollExecuteTaskStatusExecution] 2d23200b-60aa-4519-b7f8-9f40de7a8ecc [2026-08-25T08:47:58.699625] Contrast Security no credentials found. Will not write environment files. (STDOUT, STG)#
#2026 08 25 08:48:31.142#Z#DEBUG#9140a271-a061-11f1-b78a-eeee0a986e3f.ResilienceCockpit-db-deployer#flowable-async-job-executor-thread-11943#
[PollExecuteTaskStatusExecution] 2d23200b-60aa-4519-b7f8-9f40de7a8ecc [2026-08-25T08:48:06.242404] Exit status 0 (STDOUT, STG)#
#2026 08 25 08:48:31.142#Z#DEBUG#9140a271-a061-11f1-b78a-eeee0a986e3f.ResilienceCockpit-db-deployer#flowable-async-job-executor-thread-11943#
[PollExecuteTaskStatusExecution] 2d23200b-60aa-4519-b7f8-9f40de7a8ecc [2026-08-25T08:48:06.242449] Uploading droplet, build artifacts cache... (STDOUT, STG)#
#2026 08 25 08:48:31.142#Z#DEBUG#9140a271-a061-11f1-b78a-eeee0a986e3f.ResilienceCockpit-db-deployer#flowable-async-job-executor-thread-11943#
[PollExecuteTaskStatusExecution] 2d23200b-60aa-4519-b7f8-9f40de7a8ecc [2026-08-25T08:48:06.242480] Uploading droplet... (STDOUT, STG)#
#2026 08 25 08:48:31.142#Z#DEBUG#9140a271-a061-11f1-b78a-eeee0a986e3f.ResilienceCockpit-db-deployer#flowable-async-job-executor-thread-11943#
[PollExecuteTaskStatusExecution] 2d23200b-60aa-4519-b7f8-9f40de7a8ecc [2026-08-25T08:48:06.242543] Uploading build artifacts cache... (STDOUT, STG)#
#2026 08 25 08:48:31.142#Z#DEBUG#9140a271-a061-11f1-b78a-eeee0a986e3f.ResilienceCockpit-db-deployer#flowable-async-job-executor-thread-11943#
[PollExecuteTaskStatusExecution] 2d23200b-60aa-4519-b7f8-9f40de7a8ecc [2026-08-25T08:48:06.261512] Uploaded build artifacts cache (222B) (STDOUT, STG)#
#2026 08 25 08:48:31.142#Z#DEBUG#9140a271-a061-11f1-b78a-eeee0a986e3f.ResilienceCockpit-db-deployer#flowable-async-job-executor-thread-11943#
[PollExecuteTaskStatusExecution] 2d23200b-60aa-4519-b7f8-9f40de7a8ecc [2026-08-25T08:48:06.831230] Creating droplet for app with guid 2d23200b-60aa-4519-b7f8-9f40de7a8ecc (STDOUT, API)#
#2026 08 25 08:48:31.142#Z#DEBUG#9140a271-a061-11f1-b78a-eeee0a986e3f.ResilienceCockpit-db-deployer#flowable-async-job-executor-thread-11943#
[PollExecuteTaskStatusExecution] 2d23200b-60aa-4519-b7f8-9f40de7a8ecc [2026-08-25T08:48:10.904338] Uploaded droplet (59.3M) (STDOUT, STG)#
#2026 08 25 08:48:31.142#Z#DEBUG#9140a271-a061-11f1-b78a-eeee0a986e3f.ResilienceCockpit-db-deployer#flowable-async-job-executor-thread-11943#
[PollExecuteTaskStatusExecution] 2d23200b-60aa-4519-b7f8-9f40de7a8ecc [2026-08-25T08:48:10.919573] Uploading complete (STDOUT, STG)#
#2026 08 25 08:48:31.142#Z#DEBUG#9140a271-a061-11f1-b78a-eeee0a986e3f.ResilienceCockpit-db-deployer#flowable-async-job-executor-thread-11943#
[PollExecuteTaskStatusExecution] 2d23200b-60aa-4519-b7f8-9f40de7a8ecc [2026-08-25T08:48:11.265767] Cell 2cba0a63-a06b-4c2d-9ff8-cb3bec259489 stopping instance a5f5b43d-9b95-439a-8e8d-ed06b9cccd71 (STDOUT, STG)#
#2026 08 25 08:48:31.142#Z#DEBUG#9140a271-a061-11f1-b78a-eeee0a986e3f.ResilienceCockpit-db-deployer#flowable-async-job-executor-thread-11943#
[PollExecuteTaskStatusExecution] 2d23200b-60aa-4519-b7f8-9f40de7a8ecc [2026-08-25T08:48:11.265824] Cell 2cba0a63-a06b-4c2d-9ff8-cb3bec259489 destroying container for instance a5f5b43d-9b95-439a-8e8d-ed06b9cccd71 (STDOUT, STG)#
#2026 08 25 08:48:31.142#Z#DEBUG#9140a271-a061-11f1-b78a-eeee0a986e3f.ResilienceCockpit-db-deployer#flowable-async-job-executor-thread-11943#
[PollExecuteTaskStatusExecution] 2d23200b-60aa-4519-b7f8-9f40de7a8ecc [2026-08-25T08:48:11.338133] Staging complete for build a5f5b43d-9b95-439a-8e8d-ed06b9cccd71 (STDOUT, API)#
#2026 08 25 08:48:31.142#Z#DEBUG#9140a271-a061-11f1-b78a-eeee0a986e3f.ResilienceCockpit-db-deployer#flowable-async-job-executor-thread-11943#
[PollExecuteTaskStatusExecution] 2d23200b-60aa-4519-b7f8-9f40de7a8ecc [2026-08-25T08:48:16.297923] Cell 2cba0a63-a06b-4c2d-9ff8-cb3bec259489 successfully destroyed container for instance a5f5b43d-9b95-439a-8e8d-ed06b9cccd71 (STDOUT, STG)#
#2026 08 25 08:48:31.142#Z#DEBUG#9140a271-a061-11f1-b78a-eeee0a986e3f.ResilienceCockpit-db-deployer#flowable-async-job-executor-thread-11943#
[PollExecuteTaskStatusExecution] 2d23200b-60aa-4519-b7f8-9f40de7a8ecc [2026-08-25T08:48:21.143248] Updated app with guid 2d23200b-60aa-4519-b7f8-9f40de7a8ecc ({:droplet_guid=>"fd4bf71e-9655-46fd-a9f0-f6a6cc1edc7a"}) (STDOUT, API)#
#2026 08 25 08:48:31.142#Z#DEBUG#9140a271-a061-11f1-b78a-eeee0a986e3f.ResilienceCockpit-db-deployer#flowable-async-job-executor-thread-11943#
[PollExecuteTaskStatusExecution] 2d23200b-60aa-4519-b7f8-9f40de7a8ecc [2026-08-25T08:48:21.507367] Cell 2f709810-9b95-445d-9c2a-0d5af0af5ace creating container for instance 67601bc4-e420-4e0e-8b9f-73543b1ddaf0 (STDOUT, CELL)#
#2026 08 25 08:48:31.142#Z#DEBUG#9140a271-a061-11f1-b78a-eeee0a986e3f.ResilienceCockpit-db-deployer#flowable-async-job-executor-thread-11943#
[PollExecuteTaskStatusExecution] 2d23200b-60aa-4519-b7f8-9f40de7a8ecc [2026-08-25T08:48:21.843535] Security group rules were updated (STDOUT, CELL)#
#2026 08 25 08:48:31.142#Z#DEBUG#9140a271-a061-11f1-b78a-eeee0a986e3f.ResilienceCockpit-db-deployer#flowable-async-job-executor-thread-11943#
[PollExecuteTaskStatusExecution] 2d23200b-60aa-4519-b7f8-9f40de7a8ecc [2026-08-25T08:48:21.899261] Cell 2f709810-9b95-445d-9c2a-0d5af0af5ace successfully created container for instance 67601bc4-e420-4e0e-8b9f-73543b1ddaf0 (STDOUT, CELL)#
#2026 08 25 08:48:31.142#Z#DEBUG#9140a271-a061-11f1-b78a-eeee0a986e3f.ResilienceCockpit-db-deployer#flowable-async-job-executor-thread-11943#
[PollExecuteTaskStatusExecution] 2d23200b-60aa-4519-b7f8-9f40de7a8ecc [2026-08-25T08:48:25.409428] Invoking pre-start scripts. (STDOUT, APP/TASK/deploy)#
#2026 08 25 08:48:31.142#Z#DEBUG#9140a271-a061-11f1-b78a-eeee0a986e3f.ResilienceCockpit-db-deployer#flowable-async-job-executor-thread-11943#
[PollExecuteTaskStatusExecution] 2d23200b-60aa-4519-b7f8-9f40de7a8ecc [2026-08-25T08:48:25.551373] Invoking start command. (STDOUT, APP/TASK/deploy)#
#2026 08 25 08:48:31.142#Z#DEBUG#9140a271-a061-11f1-b78a-eeee0a986e3f.ResilienceCockpit-db-deployer#flowable-async-job-executor-thread-11943#
[PollExecuteTaskStatusExecution] 2d23200b-60aa-4519-b7f8-9f40de7a8ecc [2026-08-25T08:48:25.844951] > start (STDOUT, APP/TASK/deploy)#
#2026 08 25 08:48:31.142#Z#DEBUG#9140a271-a061-11f1-b78a-eeee0a986e3f.ResilienceCockpit-db-deployer#flowable-async-job-executor-thread-11943#
[PollExecuteTaskStatusExecution] 2d23200b-60aa-4519-b7f8-9f40de7a8ecc [2026-08-25T08:48:25.844979] > node node_modules/@sap/hdi-deploy/deploy.js --use-hdb --parameter com.sap.hana.di.table/try_fast_table_migration=true (STDOUT, APP/TASK/deploy)#
#2026 08 25 08:48:31.142#Z#DEBUG#9140a271-a061-11f1-b78a-eeee0a986e3f.ResilienceCockpit-db-deployer#flowable-async-job-executor-thread-11943#
[PollExecuteTaskStatusExecution] 2d23200b-60aa-4519-b7f8-9f40de7a8ecc [2026-08-25T08:48:25.943720] VCAP_SERVICES: (STDOUT, APP/TASK/deploy)#
#2026 08 25 08:48:31.142#Z#DEBUG#9140a271-a061-11f1-b78a-eeee0a986e3f.ResilienceCockpit-db-deployer#flowable-async-job-executor-thread-11943#
[PollExecuteTaskStatusExecution] 2d23200b-60aa-4519-b7f8-9f40de7a8ecc [2026-08-25T08:48:25.944152] { (STDOUT, APP/TASK/deploy)#
#2026 08 25 08:48:31.142#Z#DEBUG#9140a271-a061-11f1-b78a-eeee0a986e3f.ResilienceCockpit-db-deployer#flowable-async-job-executor-thread-11943#
[PollExecuteTaskStatusExecution] 2d23200b-60aa-4519-b7f8-9f40de7a8ecc [2026-08-25T08:48:25.944170] "hana": [ (STDOUT, APP/TASK/deploy)#
#2026 08 25 08:48:31.142#Z#DEBUG#9140a271-a061-11f1-b78a-eeee0a986e3f.ResilienceCockpit-db-deployer#flowable-async-job-executor-thread-11943#
[PollExecuteTaskStatusExecution] 2d23200b-60aa-4519-b7f8-9f40de7a8ecc [2026-08-25T08:48:25.944173] { (STDOUT, APP/TASK/deploy)#
#2026 08 25 08:48:31.142#Z#DEBUG#9140a271-a061-11f1-b78a-eeee0a986e3f.ResilienceCockpit-db-deployer#flowable-async-job-executor-thread-11943#
[PollExecuteTaskStatusExecution] 2d23200b-60aa-4519-b7f8-9f40de7a8ecc [2026-08-25T08:48:25.944177] "name": "ResilienceCockpit-db", (STDOUT, APP/TASK/deploy)#
#2026 08 25 08:48:31.142#Z#DEBUG#9140a271-a061-11f1-b78a-eeee0a986e3f.ResilienceCockpit-db-deployer#flowable-async-job-executor-thread-11943#
[PollExecuteTaskStatusExecution] 2d23200b-60aa-4519-b7f8-9f40de7a8ecc [2026-08-25T08:48:25.944179] "label": "hana", (STDOUT, APP/TASK/deploy)#
#2026 08 25 08:48:31.142#Z#DEBUG#9140a271-a061-11f1-b78a-eeee0a986e3f.ResilienceCockpit-db-deployer#flowable-async-job-executor-thread-11943#
[PollExecuteTaskStatusExecution] 2d23200b-60aa-4519-b7f8-9f40de7a8ecc [2026-08-25T08:48:25.944184] "plan": "hdi-shared", (STDOUT, APP/TASK/deploy)#
#2026 08 25 08:48:31.142#Z#DEBUG#9140a271-a061-11f1-b78a-eeee0a986e3f.ResilienceCockpit-db-deployer#flowable-async-job-executor-thread-11943#
[PollExecuteTaskStatusExecution] 2d23200b-60aa-4519-b7f8-9f40de7a8ecc [2026-08-25T08:48:25.944186] "credentials": { (STDOUT, APP/TASK/deploy)#
#2026 08 25 08:48:31.142#Z#DEBUG#9140a271-a061-11f1-b78a-eeee0a986e3f.ResilienceCockpit-db-deployer#flowable-async-job-executor-thread-11943#
[PollExecuteTaskStatusExecution] 2d23200b-60aa-4519-b7f8-9f40de7a8ecc [2026-08-25T08:48:25.944190] "schema": "8697B1A4A8B84AC49EFF171810969752", (STDOUT, APP/TASK/deploy)#
#2026 08 25 08:48:31.142#Z#DEBUG#9140a271-a061-11f1-b78a-eeee0a986e3f.ResilienceCockpit-db-deployer#flowable-async-job-executor-thread-11943#
[PollExecuteTaskStatusExecution] 2d23200b-60aa-4519-b7f8-9f40de7a8ecc [2026-08-25T08:48:25.944192] "database_id": "eb9e608b-a8d8-462e-98e7-906abde25244", (STDOUT, APP/TASK/deploy)#
#2026 08 25 08:48:31.142#Z#DEBUG#9140a271-a061-11f1-b78a-eeee0a986e3f.ResilienceCockpit-db-deployer#flowable-async-job-executor-thread-11943#
[PollExecuteTaskStatusExecution] 2d23200b-60aa-4519-b7f8-9f40de7a8ecc [2026-08-25T08:48:25.944198] "user": "8697B1A4A8B84AC49EFF171810969752_94GU5GV2BBQ6JWQX102ZOJ91W_RT", (STDOUT, APP/TASK/deploy)#
#2026 08 25 08:48:31.142#Z#DEBUG#9140a271-a061-11f1-b78a-eeee0a986e3f.ResilienceCockpit-db-deployer#flowable-async-job-executor-thread-11943#
[PollExecuteTaskStatusExecution] 2d23200b-60aa-4519-b7f8-9f40de7a8ecc [2026-08-25T08:48:25.944202] "hdi_user": "8697B1A4A8B84AC49EFF171810969752_94GU5GV2BBQ6JWQX102ZOJ91W_DT" (STDOUT, APP/TASK/deploy)#
#2026 08 25 08:48:31.142#Z#DEBUG#9140a271-a061-11f1-b78a-eeee0a986e3f.ResilienceCockpit-db-deployer#flowable-async-job-executor-thread-11943#
[PollExecuteTaskStatusExecution] 2d23200b-60aa-4519-b7f8-9f40de7a8ecc [2026-08-25T08:48:25.944205] }, (STDOUT, APP/TASK/deploy)#
#2026 08 25 08:48:31.142#Z#DEBUG#9140a271-a061-11f1-b78a-eeee0a986e3f.ResilienceCockpit-db-deployer#flowable-async-job-executor-thread-11943#
[PollExecuteTaskStatusExecution] 2d23200b-60aa-4519-b7f8-9f40de7a8ecc [2026-08-25T08:48:25.944208] "tags": [ (STDOUT, APP/TASK/deploy)#
#2026 08 25 08:48:31.142#Z#DEBUG#9140a271-a061-11f1-b78a-eeee0a986e3f.ResilienceCockpit-db-deployer#flowable-async-job-executor-thread-11943#
[PollExecuteTaskStatusExecution] 2d23200b-60aa-4519-b7f8-9f40de7a8ecc [2026-08-25T08:48:25.944211] "hana", (STDOUT, APP/TASK/deploy)#
#2026 08 25 08:48:31.142#Z#DEBUG#9140a271-a061-11f1-b78a-eeee0a986e3f.ResilienceCockpit-db-deployer#flowable-async-job-executor-thread-11943#
[PollExecuteTaskStatusExecution] 2d23200b-60aa-4519-b7f8-9f40de7a8ecc [2026-08-25T08:48:25.944214] "database", (STDOUT, APP/TASK/deploy)#
#2026 08 25 08:48:31.142#Z#DEBUG#9140a271-a061-11f1-b78a-eeee0a986e3f.ResilienceCockpit-db-deployer#flowable-async-job-executor-thread-11943#
[PollExecuteTaskStatusExecution] 2d23200b-60aa-4519-b7f8-9f40de7a8ecc [2026-08-25T08:48:25.944217] "relational" (STDOUT, APP/TASK/deploy)#
#2026 08 25 08:48:31.142#Z#DEBUG#9140a271-a061-11f1-b78a-eeee0a986e3f.ResilienceCockpit-db-deployer#flowable-async-job-executor-thread-11943#
[PollExecuteTaskStatusExecution] 2d23200b-60aa-4519-b7f8-9f40de7a8ecc [2026-08-25T08:48:25.944220] ] (STDOUT, APP/TASK/deploy)#
#2026 08 25 08:48:31.142#Z#DEBUG#9140a271-a061-11f1-b78a-eeee0a986e3f.ResilienceCockpit-db-deployer#flowable-async-job-executor-thread-11943#
[PollExecuteTaskStatusExecution] 2d23200b-60aa-4519-b7f8-9f40de7a8ecc [2026-08-25T08:48:25.944223] } (STDOUT, APP/TASK/deploy)#
#2026 08 25 08:48:31.142#Z#DEBUG#9140a271-a061-11f1-b78a-eeee0a986e3f.ResilienceCockpit-db-deployer#flowable-async-job-executor-thread-11943#
[PollExecuteTaskStatusExecution] 2d23200b-60aa-4519-b7f8-9f40de7a8ecc [2026-08-25T08:48:25.944228] ] (STDOUT, APP/TASK/deploy)#
#2026 08 25 08:48:31.142#Z#DEBUG#9140a271-a061-11f1-b78a-eeee0a986e3f.ResilienceCockpit-db-deployer#flowable-async-job-executor-thread-11943#
[PollExecuteTaskStatusExecution] 2d23200b-60aa-4519-b7f8-9f40de7a8ecc [2026-08-25T08:48:25.944230] } (STDOUT, APP/TASK/deploy)#
#2026 08 25 08:48:31.142#Z#DEBUG#9140a271-a061-11f1-b78a-eeee0a986e3f.ResilienceCockpit-db-deployer#flowable-async-job-executor-thread-11943#
[PollExecuteTaskStatusExecution] 2d23200b-60aa-4519-b7f8-9f40de7a8ecc [2026-08-25T08:48:26.389222] @sap/hdi-deploy, version 5.7.0 (mode default), server version 4.00.000.00.1785832557 (4.0.0.0), cloud version 2026.14.14, node version 24.18.0, HDI version 1016, container API version 1007 (STDOUT, APP/TASK/deploy)#
#2026 08 25 08:48:31.142#Z#DEBUG#9140a271-a061-11f1-b78a-eeee0a986e3f.ResilienceCockpit-db-deployer#flowable-async-job-executor-thread-11943#
[PollExecuteTaskStatusExecution] 2d23200b-60aa-4519-b7f8-9f40de7a8ecc [2026-08-25T08:48:26.389259] Deployment started at 2026-08-25 08:48:26 (STDOUT, APP/TASK/deploy)#
#2026 08 25 08:48:31.142#Z#DEBUG#9140a271-a061-11f1-b78a-eeee0a986e3f.ResilienceCockpit-db-deployer#flowable-async-job-executor-thread-11943#
[PollExecuteTaskStatusExecution] 2d23200b-60aa-4519-b7f8-9f40de7a8ecc [2026-08-25T08:48:26.389383] Using hdb@2.29.6 for connection (STDOUT, APP/TASK/deploy)#
#2026 08 25 08:48:31.142#Z#DEBUG#9140a271-a061-11f1-b78a-eeee0a986e3f.ResilienceCockpit-db-deployer#flowable-async-job-executor-thread-11943#
[PollExecuteTaskStatusExecution] 2d23200b-60aa-4519-b7f8-9f40de7a8ecc [2026-08-25T08:48:26.402398] No ignore file at /home/vcap/app/.hdiignore. (STDOUT, APP/TASK/deploy)#
#2026 08 25 08:48:31.142#Z#DEBUG#9140a271-a061-11f1-b78a-eeee0a986e3f.ResilienceCockpit-db-deployer#flowable-async-job-executor-thread-11943#
[PollExecuteTaskStatusExecution] 2d23200b-60aa-4519-b7f8-9f40de7a8ecc [2026-08-25T08:48:26.402601] Collecting files... (STDOUT, APP/TASK/deploy)#
#2026 08 25 08:48:31.142#Z#DEBUG#9140a271-a061-11f1-b78a-eeee0a986e3f.ResilienceCockpit-db-deployer#flowable-async-job-executor-thread-11943#
[PollExecuteTaskStatusExecution] 2d23200b-60aa-4519-b7f8-9f40de7a8ecc [2026-08-25T08:48:26.406842] Collecting files... ok (0s 4ms) (STDOUT, APP/TASK/deploy)#
#2026 08 25 08:48:31.142#Z#DEBUG#9140a271-a061-11f1-b78a-eeee0a986e3f.ResilienceCockpit-db-deployer#flowable-async-job-executor-thread-11943#
[PollExecuteTaskStatusExecution] 2d23200b-60aa-4519-b7f8-9f40de7a8ecc [2026-08-25T08:48:26.406866] 3 directories collected (STDOUT, APP/TASK/deploy)#
#2026 08 25 08:48:31.142#Z#DEBUG#9140a271-a061-11f1-b78a-eeee0a986e3f.ResilienceCockpit-db-deployer#flowable-async-job-executor-thread-11943#
[PollExecuteTaskStatusExecution] 2d23200b-60aa-4519-b7f8-9f40de7a8ecc [2026-08-25T08:48:26.406869] 100 files collected (STDOUT, APP/TASK/deploy)#
#2026 08 25 08:48:31.142#Z#DEBUG#9140a271-a061-11f1-b78a-eeee0a986e3f.ResilienceCockpit-db-deployer#flowable-async-job-executor-thread-11943#
[PollExecuteTaskStatusExecution] 2d23200b-60aa-4519-b7f8-9f40de7a8ecc [2026-08-25T08:48:26.406872] 0 reusable modules collected (STDOUT, APP/TASK/deploy)#
#2026 08 25 08:48:31.142#Z#DEBUG#9140a271-a061-11f1-b78a-eeee0a986e3f.ResilienceCockpit-db-deployer#flowable-async-job-executor-thread-11943#
[PollExecuteTaskStatusExecution] 2d23200b-60aa-4519-b7f8-9f40de7a8ecc [2026-08-25T08:48:26.406932] Target service: ResilienceCockpit-db (STDOUT, APP/TASK/deploy)#
#2026 08 25 08:48:31.142#Z#DEBUG#9140a271-a061-11f1-b78a-eeee0a986e3f.ResilienceCockpit-db-deployer#flowable-async-job-executor-thread-11943#
[PollExecuteTaskStatusExecution] 2d23200b-60aa-4519-b7f8-9f40de7a8ecc [2026-08-25T08:48:26.678011] Previous build with request ID 50 finished at 2026-08-25T08:31:31.38 with status Committed and message: Make succeeded (0 warnings): 100 files deployed (effective 140), 0 files undeployed (effective 0), 0 dependent files redeployed. (STDOUT, APP/TASK/deploy)#
#2026 08 25 08:48:31.142#Z#DEBUG#9140a271-a061-11f1-b78a-eeee0a986e3f.ResilienceCockpit-db-deployer#flowable-async-job-executor-thread-11943#
[PollExecuteTaskStatusExecution] 2d23200b-60aa-4519-b7f8-9f40de7a8ecc [2026-08-25T08:48:26.678035] Processing revoke files... (STDOUT, APP/TASK/deploy)#
#2026 08 25 08:48:31.142#Z#DEBUG#9140a271-a061-11f1-b78a-eeee0a986e3f.ResilienceCockpit-db-deployer#flowable-async-job-executor-thread-11943#
[PollExecuteTaskStatusExecution] 2d23200b-60aa-4519-b7f8-9f40de7a8ecc [2026-08-25T08:48:26.678054] Processing revoke files... ok (0s 0ms) (STDOUT, APP/TASK/deploy)#
#2026 08 25 08:48:31.142#Z#DEBUG#9140a271-a061-11f1-b78a-eeee0a986e3f.ResilienceCockpit-db-deployer#flowable-async-job-executor-thread-11943#
[PollExecuteTaskStatusExecution] 2d23200b-60aa-4519-b7f8-9f40de7a8ecc [2026-08-25T08:48:26.678197] Processing grants files... (STDOUT, APP/TASK/deploy)#
#2026 08 25 08:48:31.142#Z#DEBUG#9140a271-a061-11f1-b78a-eeee0a986e3f.ResilienceCockpit-db-deployer#flowable-async-job-executor-thread-11943#
[PollExecuteTaskStatusExecution] 2d23200b-60aa-4519-b7f8-9f40de7a8ecc [2026-08-25T08:48:26.678229] Processing grants files... ok (0s 0ms) (STDOUT, APP/TASK/deploy)#
#2026 08 25 08:48:31.142#Z#DEBUG#9140a271-a061-11f1-b78a-eeee0a986e3f.ResilienceCockpit-db-deployer#flowable-async-job-executor-thread-11943#
[PollExecuteTaskStatusExecution] 2d23200b-60aa-4519-b7f8-9f40de7a8ecc [2026-08-25T08:48:26.680017] Preprocessing files... (STDOUT, APP/TASK/deploy)#
#2026 08 25 08:48:31.142#Z#DEBUG#9140a271-a061-11f1-b78a-eeee0a986e3f.ResilienceCockpit-db-deployer#flowable-async-job-executor-thread-11943#
[PollExecuteTaskStatusExecution] 2d23200b-60aa-4519-b7f8-9f40de7a8ecc [2026-08-25T08:48:26.680179] Preprocessing files... ok (0s 0ms) (STDOUT, APP/TASK/deploy)#
#2026 08 25 08:48:31.142#Z#DEBUG#9140a271-a061-11f1-b78a-eeee0a986e3f.ResilienceCockpit-db-deployer#flowable-async-job-executor-thread-11943#
[PollExecuteTaskStatusExecution] 2d23200b-60aa-4519-b7f8-9f40de7a8ecc [2026-08-25T08:48:26.680244] Connecting to the container "8697B1A4A8B84AC49EFF171810969752"... (STDOUT, APP/TASK/deploy)#
#2026 08 25 08:48:31.142#Z#DEBUG#9140a271-a061-11f1-b78a-eeee0a986e3f.ResilienceCockpit-db-deployer#flowable-async-job-executor-thread-11943#
[PollExecuteTaskStatusExecution] 2d23200b-60aa-4519-b7f8-9f40de7a8ecc [2026-08-25T08:48:26.753379] Connecting to the container "8697B1A4A8B84AC49EFF171810969752"... ok (0s 73ms) (STDOUT, APP/TASK/deploy)#
#2026 08 25 08:48:31.142#Z#DEBUG#9140a271-a061-11f1-b78a-eeee0a986e3f.ResilienceCockpit-db-deployer#flowable-async-job-executor-thread-11943#
[PollExecuteTaskStatusExecution] 2d23200b-60aa-4519-b7f8-9f40de7a8ecc [2026-08-25T08:48:26.753405] Locking the container "8697B1A4A8B84AC49EFF171810969752"... (STDOUT, APP/TASK/deploy)#
#2026 08 25 08:48:31.142#Z#DEBUG#9140a271-a061-11f1-b78a-eeee0a986e3f.ResilienceCockpit-db-deployer#flowable-async-job-executor-thread-11943#
[PollExecuteTaskStatusExecution] 2d23200b-60aa-4519-b7f8-9f40de7a8ecc [2026-08-25T08:48:27.010130] Locking the container "8697B1A4A8B84AC49EFF171810969752"... ok (0s 257ms) (STDOUT, APP/TASK/deploy)#
#2026 08 25 08:48:31.142#Z#DEBUG#9140a271-a061-11f1-b78a-eeee0a986e3f.ResilienceCockpit-db-deployer#flowable-async-job-executor-thread-11943#
[PollExecuteTaskStatusExecution] 2d23200b-60aa-4519-b7f8-9f40de7a8ecc [2026-08-25T08:48:27.010146] Synchronizing files with the container "8697B1A4A8B84AC49EFF171810969752"... (STDOUT, APP/TASK/deploy)#
#2026 08 25 08:48:31.142#Z#DEBUG#9140a271-a061-11f1-b78a-eeee0a986e3f.ResilienceCockpit-db-deployer#flowable-async-job-executor-thread-11943#
[PollExecuteTaskStatusExecution] 2d23200b-60aa-4519-b7f8-9f40de7a8ecc [2026-08-25T08:48:27.638094] Deleting files... (STDOUT, APP/TASK/deploy)#
#2026 08 25 08:48:31.142#Z#DEBUG#9140a271-a061-11f1-b78a-eeee0a986e3f.ResilienceCockpit-db-deployer#flowable-async-job-executor-thread-11943#
[PollExecuteTaskStatusExecution] 2d23200b-60aa-4519-b7f8-9f40de7a8ecc [2026-08-25T08:48:27.865459] Deleting files... ok (STDOUT, APP/TASK/deploy)#
#2026 08 25 08:48:31.143#Z#DEBUG#9140a271-a061-11f1-b78a-eeee0a986e3f.ResilienceCockpit-db-deployer#flowable-async-job-executor-thread-11943#
[PollExecuteTaskStatusExecution] 2d23200b-60aa-4519-b7f8-9f40de7a8ecc [2026-08-25T08:48:27.865477] Writing files... (STDOUT, APP/TASK/deploy)#
#2026 08 25 08:48:31.143#Z#DEBUG#9140a271-a061-11f1-b78a-eeee0a986e3f.ResilienceCockpit-db-deployer#flowable-async-job-executor-thread-11943#
[PollExecuteTaskStatusExecution] 2d23200b-60aa-4519-b7f8-9f40de7a8ecc [2026-08-25T08:48:27.865628] Writing 3 items (STDOUT, APP/TASK/deploy)#
#2026 08 25 08:48:31.143#Z#DEBUG#9140a271-a061-11f1-b78a-eeee0a986e3f.ResilienceCockpit-db-deployer#flowable-async-job-executor-thread-11943#
[PollExecuteTaskStatusExecution] 2d23200b-60aa-4519-b7f8-9f40de7a8ecc [2026-08-25T08:48:28.116442] Writing files... ok (STDOUT, APP/TASK/deploy)#
#2026 08 25 08:48:31.143#Z#DEBUG#9140a271-a061-11f1-b78a-eeee0a986e3f.ResilienceCockpit-db-deployer#flowable-async-job-executor-thread-11943#
[PollExecuteTaskStatusExecution] 2d23200b-60aa-4519-b7f8-9f40de7a8ecc [2026-08-25T08:48:28.116457] Synchronizing files with the container "8697B1A4A8B84AC49EFF171810969752"... ok (1s 106ms) (STDOUT, APP/TASK/deploy)#
#2026 08 25 08:48:31.143#Z#DEBUG#9140a271-a061-11f1-b78a-eeee0a986e3f.ResilienceCockpit-db-deployer#flowable-async-job-executor-thread-11943#
[PollExecuteTaskStatusExecution] 2d23200b-60aa-4519-b7f8-9f40de7a8ecc [2026-08-25T08:48:28.116689] added files: [] (STDOUT, APP/TASK/deploy)#
#2026 08 25 08:48:31.143#Z#DEBUG#9140a271-a061-11f1-b78a-eeee0a986e3f.ResilienceCockpit-db-deployer#flowable-async-job-executor-thread-11943#
[PollExecuteTaskStatusExecution] 2d23200b-60aa-4519-b7f8-9f40de7a8ecc [2026-08-25T08:48:28.116700] modified files: [] (STDOUT, APP/TASK/deploy)#
#2026 08 25 08:48:31.143#Z#DEBUG#9140a271-a061-11f1-b78a-eeee0a986e3f.ResilienceCockpit-db-deployer#flowable-async-job-executor-thread-11943#
[PollExecuteTaskStatusExecution] 2d23200b-60aa-4519-b7f8-9f40de7a8ecc [2026-08-25T08:48:28.116706] deleted files: [] (STDOUT, APP/TASK/deploy)#
#2026 08 25 08:48:31.143#Z#DEBUG#9140a271-a061-11f1-b78a-eeee0a986e3f.ResilienceCockpit-db-deployer#flowable-async-job-executor-thread-11943#
[PollExecuteTaskStatusExecution] 2d23200b-60aa-4519-b7f8-9f40de7a8ecc [2026-08-25T08:48:28.116785] 0 modified or added files are scheduled for deploy based on delta detection (STDOUT, APP/TASK/deploy)#
#2026 08 25 08:48:31.143#Z#DEBUG#9140a271-a061-11f1-b78a-eeee0a986e3f.ResilienceCockpit-db-deployer#flowable-async-job-executor-thread-11943#
[PollExecuteTaskStatusExecution] 2d23200b-60aa-4519-b7f8-9f40de7a8ecc [2026-08-25T08:48:28.116957] 0 deleted files are scheduled for undeploy based on delta detection (filtered by undeploy allowlist) (STDOUT, APP/TASK/deploy)#
#2026 08 25 08:48:31.143#Z#DEBUG#9140a271-a061-11f1-b78a-eeee0a986e3f.ResilienceCockpit-db-deployer#flowable-async-job-executor-thread-11943#
[PollExecuteTaskStatusExecution] 2d23200b-60aa-4519-b7f8-9f40de7a8ecc [2026-08-25T08:48:28.117024] 0 files are scheduled for deploy based on explicit specification (STDOUT, APP/TASK/deploy)#
#2026 08 25 08:48:31.143#Z#DEBUG#9140a271-a061-11f1-b78a-eeee0a986e3f.ResilienceCockpit-db-deployer#flowable-async-job-executor-thread-11943#
[PollExecuteTaskStatusExecution] 2d23200b-60aa-4519-b7f8-9f40de7a8ecc [2026-08-25T08:48:28.117033] 0 files are scheduled for undeploy based on explicit specification (STDOUT, APP/TASK/deploy)#
#2026 08 25 08:48:31.143#Z#DEBUG#9140a271-a061-11f1-b78a-eeee0a986e3f.ResilienceCockpit-db-deployer#flowable-async-job-executor-thread-11943#
[PollExecuteTaskStatusExecution] 2d23200b-60aa-4519-b7f8-9f40de7a8ecc [2026-08-25T08:48:28.117047] Deploying to the container "8697B1A4A8B84AC49EFF171810969752"... (STDOUT, APP/TASK/deploy)#
#2026 08 25 08:48:31.143#Z#DEBUG#9140a271-a061-11f1-b78a-eeee0a986e3f.ResilienceCockpit-db-deployer#flowable-async-job-executor-thread-11943#
[PollExecuteTaskStatusExecution] 2d23200b-60aa-4519-b7f8-9f40de7a8ecc [2026-08-25T08:48:28.607462] Starting make in the container "8697B1A4A8B84AC49EFF171810969752" with 0 files to deploy, 0 files to undeploy... (STDOUT, APP/TASK/deploy)#
#2026 08 25 08:48:31.143#Z#DEBUG#9140a271-a061-11f1-b78a-eeee0a986e3f.ResilienceCockpit-db-deployer#flowable-async-job-executor-thread-11943#
[PollExecuteTaskStatusExecution] 2d23200b-60aa-4519-b7f8-9f40de7a8ecc [2026-08-25T08:48:28.607476] Disabling table replication for the container schema "8697B1A4A8B84AC49EFF171810969752"... (STDOUT, APP/TASK/deploy)#
#2026 08 25 08:48:31.143#Z#DEBUG#9140a271-a061-11f1-b78a-eeee0a986e3f.ResilienceCockpit-db-deployer#flowable-async-job-executor-thread-11943#
[PollExecuteTaskStatusExecution] 2d23200b-60aa-4519-b7f8-9f40de7a8ecc [2026-08-25T08:48:28.607479] Disabling table replication for the container schema "8697B1A4A8B84AC49EFF171810969752"... ok (0s 26ms) (STDOUT, APP/TASK/deploy)#
#2026 08 25 08:48:31.143#Z#DEBUG#9140a271-a061-11f1-b78a-eeee0a986e3f.ResilienceCockpit-db-deployer#flowable-async-job-executor-thread-11943#
[PollExecuteTaskStatusExecution] 2d23200b-60aa-4519-b7f8-9f40de7a8ecc [2026-08-25T08:48:28.607482] Migrating libraries... (STDOUT, APP/TASK/deploy)#
#2026 08 25 08:48:31.143#Z#DEBUG#9140a271-a061-11f1-b78a-eeee0a986e3f.ResilienceCockpit-db-deployer#flowable-async-job-executor-thread-11943#
[PollExecuteTaskStatusExecution] 2d23200b-60aa-4519-b7f8-9f40de7a8ecc [2026-08-25T08:48:28.607492] Migrating libraries... ok (0s 29ms) (STDOUT, APP/TASK/deploy)#
#2026 08 25 08:48:31.143#Z#DEBUG#9140a271-a061-11f1-b78a-eeee0a986e3f.ResilienceCockpit-db-deployer#flowable-async-job-executor-thread-11943#
[PollExecuteTaskStatusExecution] 2d23200b-60aa-4519-b7f8-9f40de7a8ecc [2026-08-25T08:48:28.607494] Making... (STDOUT, APP/TASK/deploy)#
#2026 08 25 08:48:31.143#Z#DEBUG#9140a271-a061-11f1-b78a-eeee0a986e3f.ResilienceCockpit-db-deployer#flowable-async-job-executor-thread-11943#
[PollExecuteTaskStatusExecution] 2d23200b-60aa-4519-b7f8-9f40de7a8ecc [2026-08-25T08:48:28.607496] Preparing... (STDOUT, APP/TASK/deploy)#
#2026 08 25 08:48:31.143#Z#DEBUG#9140a271-a061-11f1-b78a-eeee0a986e3f.ResilienceCockpit-db-deployer#flowable-async-job-executor-thread-11943#
[PollExecuteTaskStatusExecution] 2d23200b-60aa-4519-b7f8-9f40de7a8ecc [2026-08-25T08:48:28.607498] Preparing... ok (0s 0ms) (STDOUT, APP/TASK/deploy)#
#2026 08 25 08:48:31.143#Z#DEBUG#9140a271-a061-11f1-b78a-eeee0a986e3f.ResilienceCockpit-db-deployer#flowable-async-job-executor-thread-11943#
[PollExecuteTaskStatusExecution] 2d23200b-60aa-4519-b7f8-9f40de7a8ecc [2026-08-25T08:48:28.607568] Preparing the make transaction... (STDOUT, APP/TASK/deploy)#
#2026 08 25 08:48:31.143#Z#DEBUG#9140a271-a061-11f1-b78a-eeee0a986e3f.ResilienceCockpit-db-deployer#flowable-async-job-executor-thread-11943#
[PollExecuteTaskStatusExecution] 2d23200b-60aa-4519-b7f8-9f40de7a8ecc [2026-08-25T08:48:28.607636] Preparing the make transaction... ok (0s 27ms) (STDOUT, APP/TASK/deploy)#
#2026 08 25 08:48:31.143#Z#DEBUG#9140a271-a061-11f1-b78a-eeee0a986e3f.ResilienceCockpit-db-deployer#flowable-async-job-executor-thread-11943#
[PollExecuteTaskStatusExecution] 2d23200b-60aa-4519-b7f8-9f40de7a8ecc [2026-08-25T08:48:28.607653] Calculating dependencies... (STDOUT, APP/TASK/deploy)#
#2026 08 25 08:48:31.143#Z#DEBUG#9140a271-a061-11f1-b78a-eeee0a986e3f.ResilienceCockpit-db-deployer#flowable-async-job-executor-thread-11943#
[PollExecuteTaskStatusExecution] 2d23200b-60aa-4519-b7f8-9f40de7a8ecc [2026-08-25T08:48:28.607656] Expanding... (STDOUT, APP/TASK/deploy)#
#2026 08 25 08:48:31.143#Z#DEBUG#9140a271-a061-11f1-b78a-eeee0a986e3f.ResilienceCockpit-db-deployer#flowable-async-job-executor-thread-11943#
[PollExecuteTaskStatusExecution] 2d23200b-60aa-4519-b7f8-9f40de7a8ecc [2026-08-25T08:48:28.607659] Expanding... ok (0s 13ms) (STDOUT, APP/TASK/deploy)#
#2026 08 25 08:48:31.143#Z#DEBUG#9140a271-a061-11f1-b78a-eeee0a986e3f.ResilienceCockpit-db-deployer#flowable-async-job-executor-thread-11943#
[PollExecuteTaskStatusExecution] 2d23200b-60aa-4519-b7f8-9f40de7a8ecc [2026-08-25T08:48:28.607682] Precompiling... (STDOUT, APP/TASK/deploy)#
#2026 08 25 08:48:31.143#Z#DEBUG#9140a271-a061-11f1-b78a-eeee0a986e3f.ResilienceCockpit-db-deployer#flowable-async-job-executor-thread-11943#
[PollExecuteTaskStatusExecution] 2d23200b-60aa-4519-b7f8-9f40de7a8ecc [2026-08-25T08:48:28.607685] Precompiling... ok (0s 0ms) (STDOUT, APP/TASK/deploy)#
#2026 08 25 08:48:31.143#Z#DEBUG#9140a271-a061-11f1-b78a-eeee0a986e3f.ResilienceCockpit-db-deployer#flowable-async-job-executor-thread-11943#
[PollExecuteTaskStatusExecution] 2d23200b-60aa-4519-b7f8-9f40de7a8ecc [2026-08-25T08:48:28.607688] Merging... (STDOUT, APP/TASK/deploy)#
#2026 08 25 08:48:31.143#Z#DEBUG#9140a271-a061-11f1-b78a-eeee0a986e3f.ResilienceCockpit-db-deployer#flowable-async-job-executor-thread-11943#
[PollExecuteTaskStatusExecution] 2d23200b-60aa-4519-b7f8-9f40de7a8ecc [2026-08-25T08:48:28.607704] Merging... ok (0s 0ms) (STDOUT, APP/TASK/deploy)#
#2026 08 25 08:48:31.143#Z#DEBUG#9140a271-a061-11f1-b78a-eeee0a986e3f.ResilienceCockpit-db-deployer#flowable-async-job-executor-thread-11943#
[PollExecuteTaskStatusExecution] 2d23200b-60aa-4519-b7f8-9f40de7a8ecc [2026-08-25T08:48:28.607708] Calculating dependencies... ok (0s 13ms) (STDOUT, APP/TASK/deploy)#
#2026 08 25 08:48:31.143#Z#DEBUG#9140a271-a061-11f1-b78a-eeee0a986e3f.ResilienceCockpit-db-deployer#flowable-async-job-executor-thread-11943#
[PollExecuteTaskStatusExecution] 2d23200b-60aa-4519-b7f8-9f40de7a8ecc [2026-08-25T08:48:28.607711] No make necessary (STDOUT, APP/TASK/deploy)#
#2026 08 25 08:48:31.143#Z#DEBUG#9140a271-a061-11f1-b78a-eeee0a986e3f.ResilienceCockpit-db-deployer#flowable-async-job-executor-thread-11943#
[PollExecuteTaskStatusExecution] 2d23200b-60aa-4519-b7f8-9f40de7a8ecc [2026-08-25T08:48:28.607714] Making... ok (0s 114ms) (STDOUT, APP/TASK/deploy)#
#2026 08 25 08:48:31.143#Z#DEBUG#9140a271-a061-11f1-b78a-eeee0a986e3f.ResilienceCockpit-db-deployer#flowable-async-job-executor-thread-11943#
[PollExecuteTaskStatusExecution] 2d23200b-60aa-4519-b7f8-9f40de7a8ecc [2026-08-25T08:48:28.607718] Enabling table replication for the container schema "8697B1A4A8B84AC49EFF171810969752"... (STDOUT, APP/TASK/deploy)#
#2026 08 25 08:48:31.143#Z#DEBUG#9140a271-a061-11f1-b78a-eeee0a986e3f.ResilienceCockpit-db-deployer#flowable-async-job-executor-thread-11943#
[PollExecuteTaskStatusExecution] 2d23200b-60aa-4519-b7f8-9f40de7a8ecc [2026-08-25T08:48:28.607734] Enabling table replication for the container schema "8697B1A4A8B84AC49EFF171810969752"... ok (0s 21ms) (STDOUT, APP/TASK/deploy)#
#2026 08 25 08:48:31.143#Z#DEBUG#9140a271-a061-11f1-b78a-eeee0a986e3f.ResilienceCockpit-db-deployer#flowable-async-job-executor-thread-11943#
[PollExecuteTaskStatusExecution] 2d23200b-60aa-4519-b7f8-9f40de7a8ecc [2026-08-25T08:48:28.607739] Starting make in the container "8697B1A4A8B84AC49EFF171810969752" with 0 files to deploy, 0 files to undeploy... ok (0s 200ms) (STDOUT, APP/TASK/deploy)#
#2026 08 25 08:48:31.143#Z#DEBUG#9140a271-a061-11f1-b78a-eeee0a986e3f.ResilienceCockpit-db-deployer#flowable-async-job-executor-thread-11943#
[PollExecuteTaskStatusExecution] 2d23200b-60aa-4519-b7f8-9f40de7a8ecc [2026-08-25T08:48:28.608012] Deploying to the container "8697B1A4A8B84AC49EFF171810969752"... ok (0s 491ms) (STDOUT, APP/TASK/deploy)#
#2026 08 25 08:48:31.143#Z#DEBUG#9140a271-a061-11f1-b78a-eeee0a986e3f.ResilienceCockpit-db-deployer#flowable-async-job-executor-thread-11943#
[PollExecuteTaskStatusExecution] 2d23200b-60aa-4519-b7f8-9f40de7a8ecc [2026-08-25T08:48:28.608190] No default-access-role handling needed; global role "8697B1A4A8B84AC49EFF171810969752::access_role" will not be adapted (STDOUT, APP/TASK/deploy)#
#2026 08 25 08:48:31.143#Z#DEBUG#9140a271-a061-11f1-b78a-eeee0a986e3f.ResilienceCockpit-db-deployer#flowable-async-job-executor-thread-11943#
[PollExecuteTaskStatusExecution] 2d23200b-60aa-4519-b7f8-9f40de7a8ecc [2026-08-25T08:48:28.608276] Unlocking the container "8697B1A4A8B84AC49EFF171810969752"... (STDOUT, APP/TASK/deploy)#
#2026 08 25 08:48:31.143#Z#DEBUG#9140a271-a061-11f1-b78a-eeee0a986e3f.ResilienceCockpit-db-deployer#flowable-async-job-executor-thread-11943#
[PollExecuteTaskStatusExecution] 2d23200b-60aa-4519-b7f8-9f40de7a8ecc [2026-08-25T08:48:28.608497] Unlocking the container "8697B1A4A8B84AC49EFF171810969752"... ok (0s 0ms) (STDOUT, APP/TASK/deploy)#
#2026 08 25 08:48:31.143#Z#DEBUG#9140a271-a061-11f1-b78a-eeee0a986e3f.ResilienceCockpit-db-deployer#flowable-async-job-executor-thread-11943#
[PollExecuteTaskStatusExecution] 2d23200b-60aa-4519-b7f8-9f40de7a8ecc [2026-08-25T08:48:28.608605] Deployment to container 8697B1A4A8B84AC49EFF171810969752 done [Deployment ID: none]. (STDOUT, APP/TASK/deploy)#
#2026 08 25 08:48:31.143#Z#DEBUG#9140a271-a061-11f1-b78a-eeee0a986e3f.ResilienceCockpit-db-deployer#flowable-async-job-executor-thread-11943#
[PollExecuteTaskStatusExecution] 2d23200b-60aa-4519-b7f8-9f40de7a8ecc [2026-08-25T08:48:28.608901] Deployment ended at 2026-08-25 08:48:28 (STDOUT, APP/TASK/deploy)#
#2026 08 25 08:48:31.143#Z#DEBUG#9140a271-a061-11f1-b78a-eeee0a986e3f.ResilienceCockpit-db-deployer#flowable-async-job-executor-thread-11943#
[PollExecuteTaskStatusExecution] 2d23200b-60aa-4519-b7f8-9f40de7a8ecc [2026-08-25T08:48:28.609094] (2s 733ms) (STDOUT, APP/TASK/deploy)#
#2026 08 25 08:48:31.143#Z#DEBUG#9140a271-a061-11f1-b78a-eeee0a986e3f.ResilienceCockpit-db-deployer#flowable-async-job-executor-thread-11943#
[PollExecuteTaskStatusExecution] 2d23200b-60aa-4519-b7f8-9f40de7a8ecc [2026-08-25T08:48:28.618452] npm notice (STDERR, APP/TASK/deploy)#
#2026 08 25 08:48:31.143#Z#DEBUG#9140a271-a061-11f1-b78a-eeee0a986e3f.ResilienceCockpit-db-deployer#flowable-async-job-executor-thread-11943#
[PollExecuteTaskStatusExecution] 2d23200b-60aa-4519-b7f8-9f40de7a8ecc [2026-08-25T08:48:28.618467] npm notice New major version of npm available! 11.16.0 -> 12.0.2 (STDERR, APP/TASK/deploy)#
#2026 08 25 08:48:31.143#Z#DEBUG#9140a271-a061-11f1-b78a-eeee0a986e3f.ResilienceCockpit-db-deployer#flowable-async-job-executor-thread-11943#
[PollExecuteTaskStatusExecution] 2d23200b-60aa-4519-b7f8-9f40de7a8ecc [2026-08-25T08:48:28.618470] npm notice Changelog: https://github.com/npm/cli/releases/tag/v12.0.2 (STDERR, APP/TASK/deploy)#
#2026 08 25 08:48:31.143#Z#DEBUG#9140a271-a061-11f1-b78a-eeee0a986e3f.ResilienceCockpit-db-deployer#flowable-async-job-executor-thread-11943#
[PollExecuteTaskStatusExecution] 2d23200b-60aa-4519-b7f8-9f40de7a8ecc [2026-08-25T08:48:28.618472] npm notice To update run: npm install -g npm@12.0.2 (STDERR, APP/TASK/deploy)#
#2026 08 25 08:48:31.143#Z#DEBUG#9140a271-a061-11f1-b78a-eeee0a986e3f.ResilienceCockpit-db-deployer#flowable-async-job-executor-thread-11943#
[PollExecuteTaskStatusExecution] 2d23200b-60aa-4519-b7f8-9f40de7a8ecc [2026-08-25T08:48:28.618474] npm notice (STDERR, APP/TASK/deploy)#
#2026 08 25 08:48:31.143#Z#DEBUG#9140a271-a061-11f1-b78a-eeee0a986e3f.ResilienceCockpit-db-deployer#flowable-async-job-executor-thread-11943#
[PollExecuteTaskStatusExecution] 2d23200b-60aa-4519-b7f8-9f40de7a8ecc [2026-08-25T08:48:28.665938] Exit status 0 (STDOUT, APP/TASK/deploy)#
#2026 08 25 08:48:31.143#Z#DEBUG#9140a271-a061-11f1-b78a-eeee0a986e3f.ResilienceCockpit-db-deployer#flowable-async-job-executor-thread-11943#
[PollExecuteTaskStatusExecution] 2d23200b-60aa-4519-b7f8-9f40de7a8ecc [2026-08-25T08:48:29.555302] Cell 2f709810-9b95-445d-9c2a-0d5af0af5ace stopping instance 67601bc4-e420-4e0e-8b9f-73543b1ddaf0 (STDOUT, CELL)#
#2026 08 25 08:48:31.143#Z#DEBUG#9140a271-a061-11f1-b78a-eeee0a986e3f.ResilienceCockpit-db-deployer#flowable-async-job-executor-thread-11943#
[PollExecuteTaskStatusExecution] 2d23200b-60aa-4519-b7f8-9f40de7a8ecc [2026-08-25T08:48:29.555362] Cell 2f709810-9b95-445d-9c2a-0d5af0af5ace destroying container for instance 67601bc4-e420-4e0e-8b9f-73543b1ddaf0 (STDOUT, CELL)#
